Date,Open,High,Low,Close,Volume
1998-09-16,580,580,580,580,14135
1998-09-18,624,624,624,624,13402
1998-09-23,655,655,655,655,11988
1998-09-25,670,670,670,670,3246
1998-09-28,670,670,670,670,524
1998-09-30,659,659,659,659,39682
1998-10-02,708,708,708,708,11988
1998-10-05,708,708,708,708,785
1998-10-07,707,707,707,707,8743
1998-10-09,735,735,735,735,7329
1998-10-12,743,743,743,743,1675
1998-10-14,743,743,743,743,10994
1998-10-16,687,687,687,687,4293
1998-10-23,687,687,687,687,2094
1998-10-26,687,687,687,687,1047
1998-10-28,687,687,687,687,1518
1998-10-30,649,649,649,649,5811
1998-11-02,649,649,649,649,628
1998-11-04,611,611,611,611,1047
1998-11-06,611,611,611,611,628
1998-11-09,573,573,573,573,105
1998-11-11,535,535,535,535,2251
1998-11-13,495,495,495,495,27484
1998-11-16,458,458,458,458,5916
1998-11-18,423,423,423,423,785
1998-11-20,420,420,420,420,2879
1998-11-25,411,411,411,411,3926
1998-11-27,411,411,411,411,14815
1998-11-30,411,411,411,411,17014
1998-12-02,401,401,401,401,25390
1998-12-04,411,411,411,411,4031
1998-12-11,441,441,441,441,12931
1998-12-14,441,441,441,441,733
1998-12-16,449,449,449,449,2251
1998-12-18,458,458,458,458,1256
1998-12-30,492,492,492,492,8376
1999-01-04,516,516,516,516,262
1999-01-06,516,516,516,516,942
1999-01-08,535,535,535,535,471
1999-01-11,535,535,535,535,8900
1999-01-13,535,535,535,535,4188
1999-01-18,516,516,516,516,785
1999-01-29,516,516,516,516,1989
1999-02-01,497,497,497,497,262
1999-02-03,478,478,478,478,942
1999-02-08,439,439,439,439,1832
1999-02-10,439,439,439,439,7853
1999-02-12,430,430,430,430,3403
1999-02-15,430,430,430,430,628
1999-02-17,429,429,429,429,3665
1999-02-19,420,420,420,420,5235
1999-02-22,420,420,420,420,5497
1999-02-24,420,420,420,420,7434
1999-02-26,420,420,420,420,2565
1999-03-03,420,420,420,420,55073
1999-03-05,420,420,420,420,1623
1999-03-08,420,420,420,420,1309
1999-03-10,420,420,420,420,8743
1999-03-12,430,430,430,430,2722
1999-03-15,430,430,430,430,1309
1999-03-17,430,430,430,430,7329
1999-03-19,430,430,430,430,4921
1999-03-26,439,439,439,439,2094
1999-03-29,459,459,459,459,1099
1999-03-31,449,449,449,449,838
1999-04-02,458,458,458,458,2460
1999-04-07,459,459,459,459,7172
1999-04-09,478,478,478,478,5497
1999-04-12,497,497,497,497,5497
1999-04-14,497,497,497,497,17799
1999-04-16,497,497,497,497,5863
1999-04-19,516,516,516,516,1361
1999-04-23,497,497,497,497,2827
1999-04-28,497,497,497,497,1728
1999-04-30,497,497,497,497,4764
1999-05-03,478,478,478,478,1571
1999-05-05,478,478,478,478,419
1999-05-07,478,478,478,478,2094
1999-05-10,478,478,478,478,3507
1999-05-12,478,478,478,478,262
1999-05-19,478,478,478,478,8010
1999-05-21,478,478,478,478,524
1999-05-28,478,478,478,478,628
1999-05-31,483,483,483,483,524
1999-06-02,483,483,483,483,3350
1999-06-04,483,483,483,483,890
1999-06-07,483,483,483,483,46592
1999-06-09,483,483,483,483,262
1999-06-11,483,483,483,483,5235
1999-06-16,483,483,483,483,6177
1999-06-18,484,484,484,484,4816
1999-06-21,484,484,484,484,8481
1999-06-23,484,484,484,484,524
1999-06-25,484,484,484,484,6701
1999-06-30,484,484,484,484,262
1999-07-02,484,484,484,484,2879
1999-07-05,484,484,484,484,105
1999-07-07,484,484,484,484,10941
1999-07-09,484,484,484,484,13140
1999-07-12,484,484,484,484,262
1999-07-14,483,483,483,483,13088
1999-07-16,420,420,420,420,6387
1999-07-21,420,420,420,420,262
1999-07-23,420,420,420,420,7853
1999-07-26,420,420,420,420,157
1999-07-30,420,420,420,420,2094
1999-08-02,401,401,401,401,3822
1999-08-04,401,401,401,401,6387
1999-08-06,401,401,401,401,16333
1999-08-09,401,401,401,401,890
1999-08-11,401,401,401,401,524
1999-08-18,401,401,401,401,2827
1999-08-20,401,401,401,401,4293
1999-08-23,401,401,401,401,262
1999-08-25,399,399,399,399,2251
1999-08-27,399,399,399,399,7486
1999-08-30,393,393,393,393,1571
1999-09-01,402,402,402,402,733
1999-09-03,411,411,411,411,785
1999-09-06,394,394,394,394,3926
1999-09-15,413,413,413,413,628
1999-09-17,413,413,413,413,1571
1999-09-20,413,413,413,413,419
1999-09-24,413,413,413,413,1571
1999-09-27,413,413,413,413,262
1999-09-29,411,411,411,411,15915
1999-10-04,411,411,411,411,419
1999-10-06,411,411,411,411,2251
1999-10-08,411,411,411,411,2984
1999-10-13,411,411,411,411,3141
1999-10-15,392,392,392,392,27589
1999-10-20,401,401,401,401,5130
1999-10-25,430,430,430,430,524
1999-10-27,432,432,432,432,5759
1999-11-03,422,422,422,422,15339
1999-11-05,422,422,422,422,32091
1999-11-08,422,422,422,422,105
1999-11-10,422,422,422,422,5235
1999-11-12,422,422,422,422,5642329
1999-11-17,422,422,422,422,18637
1999-11-19,422,422,422,422,628
1999-11-22,422,422,422,422,524
1999-11-24,422,422,422,422,2775
1999-11-26,430,430,430,430,12878
1999-11-29,430,430,430,430,2618
1999-12-01,431,431,431,431,17276
1999-12-03,439,439,439,439,14658
1999-12-06,439,439,439,439,16700
1999-12-10,440,440,440,440,1099
1999-12-13,453,453,453,453,12512
1999-12-15,458,458,458,458,2356
1999-12-17,439,439,439,439,25756
1999-12-20,439,439,439,439,1309
1999-12-22,450,450,450,450,2984
1999-12-27,449,449,449,449,1309
1999-12-29,449,449,449,449,3193
2000-01-05,449,449,449,449,3089
2000-01-07,449,449,449,449,5235
2000-01-10,449,449,449,449,262
2000-01-12,449,449,449,449,4659
2000-01-14,449,449,449,449,7853
2000-01-19,449,449,449,449,157
2000-01-21,449,449,449,449,26332
2000-01-26,449,449,449,449,1571
2000-01-31,449,449,449,449,6649
2000-02-04,449,449,449,449,14658
2000-02-07,449,449,449,449,366
2000-02-09,449,449,449,449,4554
2000-02-11,449,449,449,449,5444
2000-02-18,449,449,449,449,30573
2000-02-21,449,449,449,449,1047
2000-02-23,449,449,449,449,79782
2000-02-25,449,449,449,449,1047
2000-02-28,450,450,450,450,1623
2000-03-01,450,450,450,450,2618
2000-03-06,449,449,449,449,16281
2000-03-10,449,449,449,449,3455
2000-03-13,449,449,449,449,3298
2000-03-15,450,450,450,450,18323
2000-03-17,450,450,450,450,4607
2000-03-20,450,450,450,450,681
2000-03-22,450,450,450,450,1571
2000-03-24,450,450,450,450,1728
2000-03-27,450,450,450,450,6544
2000-03-29,450,450,450,450,27693
2000-03-31,450,450,450,450,5444
2000-04-03,450,450,450,450,524
2000-04-10,439,439,439,439,237619
2000-04-12,420,420,420,420,12512
2000-04-17,420,420,420,420,471
2000-04-19,420,420,420,420,157
2000-04-21,420,420,420,420,5601
2000-04-26,411,411,411,411,1047
2000-04-28,411,411,411,411,105
2000-05-03,411,411,411,411,6753
2000-05-05,411,411,411,411,524
2000-05-10,411,411,411,411,1728
2000-05-12,411,411,411,411,4397
2000-05-15,411,411,411,411,2094
2000-05-22,411,411,411,411,1099
2000-05-26,411,411,411,411,524
2000-05-29,411,411,411,411,366
2000-05-31,411,411,411,411,3926
2000-06-02,411,411,411,411,1047
2000-06-07,411,411,411,411,1571
2000-06-09,420,420,420,420,9371
2000-06-16,420,420,420,420,26280
2000-06-19,420,420,420,420,524
2000-06-21,420,420,420,420,1204
2000-06-23,411,411,411,411,1099
2000-06-26,411,411,411,411,157
2000-06-28,411,411,411,411,524
2000-06-30,411,411,411,411,4869
2000-07-07,411,411,411,411,681
2000-07-10,411,411,411,411,1571
2000-07-12,415,415,415,415,2094
2000-07-17,418,418,418,418,524
2000-07-21,411,411,411,411,7853
2000-07-28,417,417,417,417,5235
2000-07-31,416,416,416,416,890
2000-08-02,411,411,411,411,838
2000-08-04,411,411,411,411,1309
2000-08-09,411,411,411,411,524
2000-08-11,411,411,411,411,27746
2000-08-14,411,411,411,411,314
2000-08-16,409,409,409,409,3874
2000-08-18,411,411,411,411,6806
2000-08-21,411,411,411,411,157
2000-08-23,411,411,411,411,11674
2000-08-25,411,411,411,411,1885
2000-08-30,411,411,411,411,52
2000-09-01,411,411,411,411,1099
2000-09-06,411,411,411,411,157
2000-09-08,411,411,411,411,5235
2000-09-11,411,411,411,411,2618
2000-09-13,411,411,411,411,2565
2000-09-20,411,411,411,411,628
2000-09-29,411,411,411,411,444979
2000-10-02,411,411,411,411,262
2000-10-04,411,411,411,411,785
2000-10-06,411,411,411,411,1309
2000-10-11,411,411,411,411,1832
2000-10-13,401,401,401,401,2618
2000-10-30,397,397,397,397,4921
2000-11-02,397,397,397,397,785
2000-11-03,397,397,397,397,4659
2000-11-06,397,397,397,397,1047
2000-11-08,397,397,397,397,2199
2000-11-13,397,397,397,397,890
2000-11-16,397,397,397,397,52
2000-11-17,397,397,397,397,209
2000-11-20,397,397,397,397,209
2000-11-22,397,397,397,397,1256
2000-11-24,397,397,397,397,2618
2000-12-01,397,397,397,397,1571
2000-12-06,397,397,397,397,628
2000-12-08,397,397,397,397,1047
2000-12-11,397,397,397,397,3403
2000-12-13,397,397,397,397,4450
2000-12-15,395,395,395,395,3141
2000-12-22,395,395,395,395,1413
2000-12-26,395,395,395,395,262
2001-01-02,395,395,395,395,262
2001-01-03,382,382,382,382,5968
2001-01-05,382,382,382,382,12302
2001-01-10,382,382,382,382,1047
2001-01-12,382,382,382,382,1099
2001-01-15,382,382,382,382,785
2001-01-17,382,382,382,382,157
2001-01-19,382,382,382,382,105
2001-01-24,372,372,372,372,1675
2001-01-26,372,372,372,372,209
2001-01-31,372,372,372,372,5759
2001-02-05,372,372,372,372,681
2001-02-07,372,372,372,372,524
2001-02-12,325,325,325,325,1832
2001-02-14,325,325,325,325,54706
2001-02-16,349,349,349,349,39263
2001-02-19,349,349,349,349,2356
2001-02-23,349,349,349,349,1099
2001-02-26,349,349,349,349,5235
2001-02-28,349,349,349,349,1466
2001-03-02,349,349,349,349,2094
2001-03-06,349,349,349,349,8428
2001-03-07,372,372,372,372,942
2001-03-09,372,372,372,372,2827
2001-03-12,372,372,372,372,52
2001-03-14,372,372,372,372,5811
2001-03-19,372,372,372,372,3665
2001-03-21,372,372,372,372,209
2001-03-23,372,372,372,372,6806
2001-03-28,382,382,382,382,995
2001-04-06,382,382,382,382,4240
2001-04-09,382,382,382,382,524
2001-04-13,382,382,382,382,2042
2001-04-18,382,382,382,382,524
2001-04-20,382,382,382,382,1309
2001-04-23,386,386,386,386,524
2001-04-25,388,388,388,388,524
2001-04-27,389,389,389,389,1571
2001-05-07,392,392,392,392,3926
2001-05-14,392,392,392,392,1571
2001-05-18,401,401,401,401,2879
2001-05-23,420,420,420,420,890
2001-05-25,430,430,430,430,1466
2001-05-28,430,430,430,430,262
2001-05-30,430,430,430,430,262
2001-06-01,430,430,430,430,2460
2001-06-05,430,430,430,430,2618
2001-06-08,430,430,430,430,576
2001-06-11,430,430,430,430,6649
2001-06-13,424,424,424,424,785
2001-06-18,401,401,401,401,1256
2001-06-20,410,410,410,410,2500
2001-07-13,410,410,410,410,7750
2001-07-16,410,410,410,410,3150
2001-07-18,410,410,410,410,3850
2001-07-20,410,410,410,410,6250
2001-07-23,409,409,409,409,3000
2001-07-25,409,409,409,409,3500
2001-07-27,409,409,409,409,3000
2001-07-30,400,400,400,400,3250
2001-08-01,400,400,400,400,6900
2001-08-03,420,420,420,420,5850
2001-08-08,420,420,420,420,900
2001-08-10,420,420,420,420,17850
2001-08-13,420,420,420,420,2500
2001-08-16,420,420,420,420,10100
2001-08-17,410,410,410,410,6800
2001-08-20,409,409,409,409,5100
2001-08-22,409,409,409,409,800
2001-08-24,409,409,409,409,450
2001-08-27,400,400,400,400,1000
2001-08-31,390,390,390,390,2300
2001-09-03,390,390,390,390,7750
2001-09-05,390,390,390,390,2050
2001-09-07,390,390,390,390,7400
2001-09-10,390,390,390,390,3750
2001-09-12,390,390,390,390,250
2001-09-14,390,390,390,390,1600
2001-09-19,390,390,390,390,1600
2001-09-24,370,370,370,370,1050
2001-09-26,370,370,370,370,3600
2001-09-28,368,368,368,368,800
2001-10-03,367,367,367,367,4800
2001-10-05,367,367,367,367,10600
2001-10-10,367,367,367,367,11250
2001-10-12,362,362,362,362,700
2001-10-15,362,362,362,362,6500
2001-10-17,362,362,362,362,900
2001-10-22,362,362,362,362,150
2001-10-24,362,362,362,362,37900
2001-10-31,360,360,360,360,1250
2001-11-07,345,345,345,345,550
2001-11-09,345,345,345,345,700
2001-11-12,345,345,345,345,2000
2001-11-14,345,345,345,345,3000
2001-11-16,345,345,345,345,200
2001-11-19,345,345,345,345,5000
2001-11-20,345,345,345,345,400
2001-11-22,345,345,345,345,500
2001-11-23,345,345,345,345,500
2001-11-26,345,345,345,345,600
2001-11-27,345,345,345,345,300
2001-12-05,340,340,340,340,1000
2001-12-06,340,340,340,340,500
2001-12-07,340,340,340,340,10000
2001-12-13,340,340,340,340,900
2001-12-14,340,340,340,340,550
2001-12-21,340,340,340,340,400
2001-12-28,340,340,340,340,74800
2002-01-03,330,330,330,330,1150
2002-01-04,330,330,330,330,1650
2002-01-09,330,330,330,330,100
2002-01-10,330,330,330,330,750
2002-01-16,329,329,329,329,1250
2002-01-17,329,329,329,329,150
2002-01-21,329,329,329,329,250
2002-01-22,320,320,320,320,1500
2002-01-23,320,320,320,320,1900
2002-01-25,320,320,320,320,2500
2002-01-29,320,320,320,320,6250
2002-01-30,320,320,320,320,50
2002-01-31,320,320,320,320,2500
2002-02-05,320,320,320,320,900
2002-02-06,320,320,320,320,750
2002-02-15,320,320,320,320,500
2002-02-18,320,320,320,320,5000
2002-02-21,320,320,320,320,500
2002-02-28,300,300,300,300,6000
2002-03-04,300,300,300,300,150
2002-03-06,300,300,300,300,50
2002-03-08,296,296,296,296,1000
2002-03-11,294,294,294,294,500
2002-03-12,294,294,294,294,150
2002-03-14,293,293,293,293,1500
2002-03-20,293,293,293,293,2500
2002-03-25,280,280,280,280,3100
2002-03-26,280,280,280,280,1500
2002-03-28,280,280,280,280,750
2002-03-29,277,277,277,277,9850
2002-04-02,277,277,277,277,100
2002-04-04,277,277,277,277,1000
2002-04-10,277,277,277,277,1500
2002-04-11,276,276,276,276,2500
2002-04-22,276,276,276,276,5000
2002-05-10,276,276,276,276,300
2002-05-14,276,276,276,276,1750
2002-05-15,275,275,275,275,1500
2002-05-16,275,275,275,275,1500
2002-05-17,275,275,275,275,3550
2002-05-21,275,275,275,275,250
2002-05-23,275,275,275,275,1500
2002-05-27,275,275,275,275,250
2002-05-28,270,270,270,270,750
2002-05-29,270,270,270,270,24400
2002-05-30,270,270,270,270,5600
2002-05-31,270,270,270,270,500
2002-06-04,270,270,270,270,1500
2002-06-05,270,270,270,270,7150
2002-06-07,270,270,270,270,2650
2002-06-10,270,270,270,270,1000
2002-06-13,270,270,270,270,650
2002-06-14,270,270,270,270,250
2002-06-18,270,270,270,270,6100
2002-07-12,270,270,270,270,500
2002-07-16,270,270,270,270,50
2002-07-17,270,270,270,270,500
2002-07-18,270,270,270,270,500
2002-07-22,270,270,270,270,500
2002-07-30,268,268,268,268,2000
2002-08-01,248,248,248,248,10800
2002-08-05,229,229,229,229,5650
2002-08-06,226,226,226,226,18450
2002-08-08,224,224,224,224,1500
2002-08-13,223,223,223,223,3000
2002-08-14,220,220,220,220,5000
2002-08-19,204,204,204,204,10000
2002-08-21,200,200,200,200,500
2002-08-23,200,200,200,200,1750
2002-08-27,200,200,200,200,500
2002-08-28,200,200,200,200,2500
2002-08-29,200,200,200,200,1000
2002-08-30,200,200,200,200,1000
2002-09-03,200,200,200,200,1500
2002-09-04,200,200,200,200,300
2002-09-06,200,200,200,200,1000
2002-09-10,200,200,200,200,2500
2002-09-11,200,200,200,200,1600
2002-09-12,200,200,200,200,2000
2002-09-16,200,200,200,200,1500
2002-09-17,200,200,200,200,7750
2002-09-18,200,200,200,200,500
2002-09-30,200,200,200,200,16850
2002-10-02,200,200,200,200,550
2002-10-04,200,200,200,200,3000
2002-10-08,200,200,200,200,50
2002-10-14,200,200,200,200,3250
2002-10-22,200,200,200,200,1800
2002-10-23,200,200,200,200,1700
2002-10-29,190,190,190,190,400
2002-10-30,190,190,190,190,1400
2002-10-31,190,190,190,190,1500
2002-11-06,190,190,190,190,2500
2002-11-08,190,190,190,190,800
2002-11-14,180,180,180,180,13850
2002-11-28,180,180,180,180,2400
2002-12-03,192,192,192,192,2550
2002-12-04,180,180,180,180,3100
2002-12-05,180,180,180,180,1850
2002-12-17,180,180,180,180,2600
2002-12-18,180,180,180,180,2100
2002-12-20,180,180,180,180,5200
2002-12-26,223,223,223,223,9400
2002-12-30,223,223,223,223,5000
2002-12-31,223,223,223,223,5000
2003-01-02,223,223,223,223,2250
2003-01-09,223,223,223,223,1250
2003-01-22,220,220,220,220,1000
2003-01-24,220,220,220,220,500
2003-02-17,220,220,220,220,250
2003-03-12,219,219,219,219,850
2003-03-19,213,213,213,213,900
2003-03-21,200,200,200,200,5000
2003-03-24,200,200,200,200,2550
2003-03-28,200,200,200,200,500
2003-04-10,200,200,200,200,100
2003-04-11,185,185,185,185,5950
2003-04-14,185,185,185,185,750
2003-04-16,185,185,185,185,8300
2003-04-17,185,185,185,185,2000
2003-04-18,185,185,185,185,8000
2003-04-25,185,185,185,185,2800
2003-04-30,180,180,180,180,2500
2003-05-05,180,180,180,180,50
2003-05-06,180,180,180,180,12700
2003-05-07,180,180,180,180,13400
2003-05-08,180,180,180,180,550
2003-05-09,180,180,180,180,12350
2003-05-20,180,180,180,180,150
2003-06-02,180,180,180,180,650
2003-06-03,180,180,180,180,550
2003-06-04,180,180,180,180,2500
2003-06-10,190,190,190,190,30750
2003-06-11,190,190,190,190,22750
2003-06-12,190,190,190,190,500
2003-06-19,180,180,180,180,500
2003-06-20,180,180,180,180,250
2003-06-24,181,181,181,181,500
2003-06-30,181,181,181,181,18600
2003-07-02,180,180,180,180,3650
2003-07-04,180,180,180,180,550
2003-07-07,180,180,180,180,1050
2003-07-10,180,180,180,180,150
2003-07-11,180,180,180,180,550
2003-07-15,180,180,180,180,3350
2003-07-17,180,180,180,180,500
2003-07-23,180,180,180,180,5000
2003-07-24,180,180,180,180,1500
2003-07-29,180,180,180,180,5150
2003-08-01,182,182,182,182,1000
2003-08-04,190,190,190,190,1500
2003-08-05,190,190,190,190,1150
2003-08-06,182,182,182,182,2700
2003-08-08,182,182,182,182,50
2003-08-14,186,186,186,186,4500
2003-08-19,188,188,188,188,950
2003-08-20,188,188,188,188,250
2003-08-28,194,194,194,194,500
2003-08-29,196,196,196,196,1400
2003-09-04,201,201,201,201,500
2003-09-08,201,201,201,201,850
2003-09-10,204,204,204,204,500
2003-09-19,218,218,218,218,8450
2003-09-23,220,220,220,220,1000
2003-09-24,222,222,222,222,2800
2003-09-25,230,230,230,230,1550
2003-10-06,256,256,256,256,550
2003-10-08,256,256,256,256,8400
2003-10-09,256,256,256,256,550
2003-10-14,250,250,250,250,14350
2003-10-15,256,256,256,256,450
2003-10-17,256,256,256,256,1500
2003-11-06,236,236,236,236,400
2003-12-02,220,220,220,220,500
2003-12-26,210,210,210,210,900
2003-12-31,210,210,210,210,1350
2004-01-12,210,210,210,210,750
2004-01-13,210,210,210,210,50
2004-01-15,210,210,210,210,350
2004-01-19,210,210,210,210,1550
2004-01-29,226,226,226,226,3100
2004-01-30,243,243,243,243,6000
2004-02-02,240,240,240,240,1250
2004-02-03,250,250,250,250,135850
2004-02-04,236,236,236,236,1000
2004-02-05,236,236,236,236,1000
2004-02-06,236,236,236,236,1000
2004-02-09,220,220,220,220,7500
2004-02-10,220,220,220,220,500
2004-02-12,220,220,220,220,200
2004-02-13,220,220,220,220,150
2004-02-19,220,220,220,220,10000
2004-02-20,220,220,220,220,9450
2004-02-23,220,220,220,220,2000
2004-02-26,248,248,248,248,4550
2004-03-02,250,250,250,250,1000
2004-03-03,248,248,248,248,3350
2004-03-04,230,230,230,230,10000
2004-03-09,250,250,250,250,4000
2004-03-10,250,250,250,250,3200
2004-03-11,250,250,250,250,7500
2004-03-12,251,251,251,251,1750
2004-03-15,251,251,251,251,3800
2004-03-16,251,251,251,251,700
2004-03-17,251,251,251,251,1500
2004-03-18,251,251,251,251,350
2004-03-19,251,251,251,251,1200
2004-03-23,256,256,256,256,2750
2004-03-24,256,256,256,256,9050
2004-03-30,256,256,256,256,3800
2004-03-31,256,256,256,256,100
2004-04-01,256,256,256,256,2500
2004-04-02,256,256,256,256,11100
2004-04-07,256,256,256,256,2750
2004-04-19,230,230,230,230,1750
2004-04-20,230,230,230,230,1200
2004-04-29,230,230,230,230,3900
2004-05-06,230,230,230,230,600
2004-05-11,256,256,256,256,500
2004-05-12,256,256,256,256,1450
2004-05-21,256,256,256,256,5050
2004-05-24,256,256,256,256,1200
2004-05-25,256,256,256,256,1000
2004-05-26,256,256,256,256,5000
2004-05-28,256,256,256,256,1000
2004-06-03,256,256,256,256,5700
2004-06-15,256,256,256,256,1100
2004-06-18,256,256,256,256,2500
2004-06-22,256,256,256,256,5250
2004-06-30,256,256,256,256,250
2004-07-05,260,260,260,260,500
2004-07-06,256,256,256,256,7500
2004-07-07,256,256,256,256,1150
2004-07-09,230,230,230,230,2100
2004-07-12,220,220,220,220,950
2004-07-15,220,220,220,220,1350
2004-07-20,220,220,220,220,12500
2004-07-21,220,220,220,220,250
2004-08-13,231,231,231,231,2950
2004-08-17,231,231,231,231,150
2004-08-19,244,244,244,244,1550
2004-08-23,256,256,256,256,4200
2004-08-24,256,256,256,256,2550
2004-08-25,256,256,256,256,100
2004-08-26,256,256,256,256,200
2004-08-30,250,250,250,250,2000
2004-09-01,250,250,250,250,1000
2004-09-03,256,256,256,256,700
2004-09-10,270,270,270,270,7500
2004-09-16,250,250,250,250,7850
2004-09-20,250,250,250,250,50
2004-09-24,250,250,250,250,250
2004-09-27,250,250,250,250,4450
2004-09-29,250,250,250,250,900
2004-09-30,250,250,250,250,950
2004-10-05,244,244,244,244,1750
2004-10-06,231,231,231,231,7000
2004-10-20,231,231,231,231,4450
2004-10-21,231,231,231,231,7250
2004-10-22,231,231,231,231,1250
2004-10-25,231,231,231,231,2000
2004-10-26,231,231,231,231,5300
2004-10-28,231,231,231,231,500
2004-10-29,231,231,231,231,2950
2004-11-03,231,231,231,231,550
2004-11-12,240,240,240,240,8750
2004-11-24,240,240,240,240,550
2004-11-26,240,240,240,240,1000
2004-12-03,240,240,240,240,50
2004-12-06,240,240,240,240,1000
2004-12-14,240,240,240,240,1350
2004-12-21,240,240,240,240,4300
2004-12-22,240,240,240,240,1250
2004-12-23,240,240,240,240,500
2004-12-27,240,240,240,240,800
2005-01-04,240,240,240,240,1000
2005-01-18,240,240,240,240,1000
2005-01-26,240,240,240,240,650
2005-02-03,240,240,240,240,1000
2005-02-04,240,240,240,240,4400
2005-02-08,240,240,240,240,950
2005-02-09,240,240,240,240,150
2005-02-14,240,240,240,240,1600
2005-02-17,240,240,240,240,150
2005-02-18,240,240,240,240,100
2005-02-22,222,222,222,222,2500
2005-02-23,239,239,239,239,500
2005-02-25,239,239,239,239,4200
2005-02-28,250,250,250,250,4950
2005-03-03,250,250,250,250,50
2005-03-09,231,231,231,231,750
2005-03-11,230,230,230,230,1000
2005-03-14,230,230,230,230,2750
2005-03-15,230,230,230,230,1050
2005-03-16,230,230,230,230,5000
2005-03-17,230,230,230,230,4000
2005-03-18,230,230,230,230,250
2005-03-21,232,232,232,232,2500
2005-03-22,232,232,232,232,150
2005-03-24,232,232,232,232,1500
2005-03-25,232,232,232,232,2500
2005-04-04,232,232,232,232,2000
2005-04-07,232,232,232,232,1500
2005-04-12,232,232,232,232,650
2005-04-13,232,232,232,232,900
2005-04-18,232,232,232,232,3250
2005-05-09,232,232,232,232,400
2005-05-10,232,232,232,232,1500
2005-05-12,234,234,234,234,450
2005-05-13,232,232,232,232,2000
2005-05-17,232,232,232,232,900
2005-05-19,234,234,234,234,2500
2005-05-30,236,236,236,236,1100
2005-06-01,234,234,234,234,1250
2005-06-22,236,236,236,236,2750
2005-06-23,236,236,236,236,1800
2005-06-24,236,236,236,236,400
2005-06-27,234,234,234,234,850
2005-06-29,234,234,234,234,1200
2005-07-20,220,220,220,220,2500
2005-07-25,220,220,220,220,1700
2005-07-28,220,220,220,220,150
2005-08-02,215,215,215,215,600
2005-08-03,215,215,215,215,150
2005-08-11,215,215,215,215,3100
2005-08-12,210,210,210,210,1000
2005-08-17,210,210,210,210,1400
2005-08-18,210,210,210,210,500
2005-08-19,210,210,210,210,8500
2005-08-23,210,210,210,210,5350
2005-08-24,210,210,210,210,250
2005-08-25,210,210,210,210,1550
2005-08-26,210,210,210,210,300
2005-09-06,210,210,210,210,500
2005-09-07,210,210,210,210,500
2005-09-08,210,210,210,210,3600
2005-09-09,210,210,210,210,2150
2005-09-22,211,211,211,211,1700
2005-10-04,211,211,211,211,500
2005-10-06,211,211,211,211,500
2005-10-14,213,213,213,213,1500
2005-10-17,213,213,213,213,5000
2005-10-18,214,214,214,214,1000
2005-10-26,212,212,212,212,5800
2005-10-28,212,212,212,212,16700
2005-11-16,218,218,218,218,900
2005-11-17,219,219,219,219,2600
2005-11-22,220,220,220,220,3700
2005-11-23,220,220,220,220,900
2005-11-24,220,220,220,220,1400
2005-11-25,220,220,220,220,400
2005-12-06,220,220,220,220,1000
2005-12-07,220,220,220,220,500
2005-12-09,220,220,220,220,550
2005-12-14,220,220,220,220,1500
2005-12-15,220,220,220,220,3000
2005-12-20,220,220,220,220,19850
2005-12-21,220,220,220,220,500
2005-12-22,220,220,220,220,100
2005-12-26,220,220,220,220,2500
2005-12-27,220,220,220,220,600
2005-12-28,220,220,220,220,2550
2005-12-30,220,220,220,220,1000
2006-01-03,222,222,222,222,1750
2006-01-05,220,220,220,220,52100
2006-01-06,220,220,220,220,45400
2006-01-12,220,220,220,220,500
2006-01-24,238,238,238,238,1250
2006-01-26,238,238,238,238,500
2006-01-30,238,238,238,238,150
2006-01-31,238,238,238,238,850
2006-02-07,238,238,238,238,3300
2006-02-09,238,238,238,238,100
2006-02-13,238,238,238,238,50
2006-02-14,238,238,238,238,1250
2006-02-15,238,238,238,238,200
2006-02-16,240,240,240,240,400
2006-02-21,230,230,230,230,2100
2006-02-22,230,230,230,230,50
2006-02-23,230,230,230,230,6850
2006-02-24,230,230,230,230,2600
2006-03-01,230,230,230,230,1750
2006-03-06,240,240,240,240,7800
2006-03-10,250,250,250,250,5950
2006-03-20,240,240,240,240,3050
2006-03-21,250,250,250,250,1050
2006-03-30,268,268,268,268,7700
2006-03-31,268,268,268,268,4800
2006-04-03,268,268,268,268,150
2006-04-06,270,270,270,270,1700
2006-04-10,270,270,270,270,4400
2006-04-13,270,270,270,270,5650
2006-04-18,270,270,270,270,2550
2006-04-20,271,271,271,271,11000
2006-04-25,272,272,272,272,3500
2006-04-26,274,274,274,274,4450
2006-04-27,274,274,274,274,500
2006-04-28,274,274,274,274,7350
2006-05-02,270,270,270,270,500
2006-05-11,250,250,250,250,7150
2006-05-12,240,240,240,240,8000
2006-05-16,240,240,240,240,200
2006-05-17,240,240,240,240,500
2006-05-26,222,222,222,222,5600
2006-05-29,222,222,222,222,1700
2006-05-30,224,224,224,224,1650
2006-05-31,230,230,230,230,1500
2006-06-01,230,230,230,230,1750
2006-06-02,230,230,230,230,1450
2006-06-06,230,230,230,230,1150
2006-06-15,213,213,213,213,1650
2006-06-19,200,200,200,200,12500
2006-06-22,231,231,231,231,2900
2006-06-23,240,240,240,240,4600
2006-06-26,240,240,240,240,4000
2006-06-29,240,240,240,240,800
2006-06-30,240,240,240,240,1450
2006-07-03,240,240,240,240,400
2006-07-04,240,240,240,240,450
2006-07-07,240,240,240,240,1200
2006-07-11,240,240,240,240,1000
2006-07-12,240,240,240,240,1000
2006-07-13,240,240,240,240,200
2006-07-14,240,240,240,240,1500
2006-07-17,240,240,240,240,2850
2006-07-18,240,240,240,240,2500
2006-07-21,240,240,240,240,150
2006-07-26,270,270,270,270,14550
2006-07-28,270,270,270,270,2700
2006-07-31,270,270,270,270,1250
2006-08-03,270,270,270,270,700
2006-08-08,270,270,270,270,1950
2006-08-10,270,270,270,270,350
2006-08-16,260,260,260,260,2250
2006-08-17,260,260,260,260,6750
2006-08-22,240,240,240,240,10850
2006-08-23,240,240,240,240,500
2006-08-28,240,240,240,240,500
2006-08-29,240,240,240,240,2000
2006-08-30,240,240,240,240,750
2006-09-05,240,240,240,240,3000
2006-09-08,242,242,242,242,1000
2006-09-11,242,242,242,242,500
2006-09-15,270,270,270,270,13750
2006-09-20,270,270,270,270,550
2006-09-25,270,270,270,270,1250
2006-09-26,270,270,270,270,500
2006-10-03,270,270,270,270,550
2006-10-05,280,280,280,280,18550
2006-10-06,280,280,280,280,500
2006-10-11,280,280,280,280,100
2006-10-13,280,280,280,280,100
2006-10-30,280,280,280,280,100
2006-11-02,290,290,290,290,1050
2006-11-07,290,290,290,290,1750
2006-11-13,290,290,290,290,1200
2006-11-22,290,290,290,290,1400
2006-11-23,290,290,290,290,100
2006-11-24,290,290,290,290,1050
2006-12-01,280,280,280,280,1250
2006-12-04,270,270,270,270,600
2006-12-05,270,270,270,270,500
2006-12-06,270,270,270,270,1650
2006-12-07,270,270,270,270,100
2006-12-08,270,270,270,270,500
2006-12-11,270,270,270,270,100
2006-12-12,270,270,270,270,800
2006-12-21,250,250,250,250,1250
2006-12-28,260,260,260,260,14750
2007-01-09,260,260,260,260,50
2007-01-18,260,260,260,260,700
2007-01-23,260,260,260,260,6250
2007-01-26,260,260,260,260,100
2007-01-31,260,260,260,260,1000
2007-02-02,260,260,260,260,1050
2007-02-12,261,261,261,261,700
2007-02-13,261,261,261,261,150
2007-02-16,261,261,261,261,2650
2007-02-19,261,261,261,261,500
2007-02-20,261,261,261,261,500
2007-02-22,261,261,261,261,3400
2007-03-02,270,270,270,270,800
2007-03-07,270,270,270,270,50
2007-03-13,270,270,270,270,1600
2007-03-15,270,270,270,270,550
2007-03-16,270,270,270,270,100
2007-03-23,270,270,270,270,850
2007-03-26,270,270,270,270,750
2007-03-29,270,270,270,270,700
2007-04-03,280,280,280,280,2600
2007-04-04,280,280,280,280,1300
2007-04-05,280,280,280,280,500
2007-04-11,280,280,280,280,8900
2007-04-13,281,281,281,281,500
2007-04-20,281,281,281,281,500
2007-04-23,280,280,280,280,700
2007-04-25,280,280,280,280,200
2007-04-26,280,280,280,280,100
2007-04-27,280,280,280,280,500
2007-04-30,280,280,280,280,500
2007-05-04,280,280,280,280,5000
2007-05-07,280,280,280,280,2000
2007-05-08,280,280,280,280,450
2007-05-09,280,280,280,280,300
2007-05-10,280,280,280,280,250
2007-05-14,280,280,280,280,5000
2007-05-15,280,280,280,280,1000
2007-05-16,280,280,280,280,5050
2007-05-21,280,280,280,280,7650
2007-05-23,281,281,281,281,5200
2007-05-24,281,281,281,281,1800
2007-05-31,279,279,279,279,500
2007-06-04,260,260,260,260,700
2007-06-05,260,260,260,260,4900
2007-06-07,279,279,279,279,400
2007-06-08,279,279,279,279,50
2007-06-13,279,279,279,279,800
2007-06-14,260,260,260,260,3300
2007-06-20,260,260,260,260,200
2007-06-25,270,270,270,270,1150
2007-06-27,270,270,270,270,10450
2007-06-28,270,270,270,270,4000
2007-06-29,270,270,270,270,8000
2007-07-02,270,270,270,270,3550
2007-07-03,270,270,270,270,3000
2007-07-05,290,290,290,290,2750
2007-07-09,292,292,292,292,500
2007-07-10,292,292,292,292,1750
2007-07-16,292,292,292,292,3150
2007-07-17,292,292,292,292,1450
2007-07-18,292,292,292,292,2200
2007-07-19,292,292,292,292,1750
2007-07-20,292,292,292,292,100
2007-07-23,291,291,291,291,1250
2007-07-24,290,290,290,290,7600
2007-07-27,286,286,286,286,1500
2007-08-01,280,280,280,280,2150
2007-08-02,278,278,278,278,550
2007-08-09,260,260,260,260,8200
2007-08-10,278,278,278,278,7650
2007-08-13,292,292,292,292,8900
2007-08-20,282,282,282,282,1600
2007-08-23,282,282,282,282,1000
2007-08-28,284,284,284,284,1000
2007-08-30,284,284,284,284,2500
2007-09-04,300,300,300,300,400
2007-09-05,300,300,300,300,2500
2007-09-06,300,300,300,300,3000
2007-09-07,310,310,310,310,900
2007-09-12,312,312,312,312,500
2007-09-14,312,312,312,312,300
2007-09-18,313,313,313,313,5600
2007-09-24,315,315,315,315,1350
2007-09-25,315,315,315,315,3800
2007-09-26,315,315,315,315,2100
2007-09-28,315,315,315,315,5600
2007-10-02,315,315,315,315,1700
2007-10-03,315,315,315,315,400
2007-10-04,315,315,315,315,600
2007-10-05,315,315,315,315,250
2007-10-08,315,315,315,315,1050
2007-10-10,315,315,315,315,9300
2007-10-16,315,315,315,315,100
2007-10-18,312,312,312,312,600
2007-10-29,361,361,361,361,4950
2007-10-30,361,361,361,361,1250
2007-10-31,388,388,388,388,1050
2007-11-06,407,407,407,407,1550
2007-11-07,407,407,407,407,6250
2007-11-08,407,407,407,407,7600
2007-11-09,410,410,410,410,3650
2007-11-12,434,434,434,434,1800
2007-11-13,434,434,434,434,250
2007-11-14,434,434,434,434,1100
2007-11-19,436,436,436,436,1700
2007-11-20,436,436,436,436,1850
2007-11-21,436,436,436,436,150
2007-11-22,440,440,440,440,1150
2007-11-23,440,440,440,440,500
2007-11-26,440,440,440,440,400
2007-11-28,420,420,420,420,700
2007-12-03,410,410,410,410,800
2007-12-05,400,400,400,400,500
2007-12-24,380,380,380,380,450
2007-12-27,386,386,386,386,2100
2007-12-31,380,380,380,380,600
2008-01-02,380,380,380,380,7550
2008-01-03,380,380,380,380,8000
2008-01-04,380,380,380,380,8500
2008-01-07,380,380,380,380,750
2008-01-08,380,380,380,380,4600
2008-01-09,380,380,380,380,2200
2008-01-10,380,380,380,380,3900
2008-01-14,400,400,400,400,2200
2008-01-15,400,400,400,400,3350
2008-01-17,400,400,400,400,3100
2008-01-18,400,400,400,400,1100
2008-01-22,380,380,380,380,500
2008-01-25,380,380,380,380,250
2008-01-30,380,380,380,380,550
2008-01-31,380,380,380,380,400
2008-02-01,380,380,380,380,500
2008-02-05,380,380,380,380,50
2008-02-06,378,378,378,378,1750
2008-02-21,360,360,360,360,500
2008-02-25,360,360,360,360,850
2008-02-26,360,360,360,360,1000
2008-02-27,360,360,360,360,2850
2008-02-28,360,360,360,360,4500
2008-02-29,360,360,360,360,150
2008-03-03,360,360,360,360,750
2008-03-04,340,340,340,340,750
2008-03-07,338,338,338,338,1250
2008-03-12,338,338,338,338,2050
2008-03-13,338,338,338,338,150
2008-03-18,338,338,338,338,11250
2008-03-21,324,324,324,324,1900
2008-03-25,326,326,326,326,750
2008-03-31,326,326,326,326,2250
2008-04-01,326,326,326,326,1500
2008-04-02,333,333,333,333,2500
2008-04-04,352,352,352,352,5000
2008-04-07,352,352,352,352,2050
2008-04-08,354,354,354,354,4700
2008-04-15,370,370,370,370,2950
2008-04-16,370,370,370,370,2250
2008-04-25,460,460,460,460,20150
2008-04-28,490,490,490,490,42400
2008-04-29,490,490,490,490,3950
2008-04-30,490,490,490,490,1550
2008-05-02,490,490,490,490,750
2008-05-06,566,566,566,566,6200
2008-05-09,703,703,703,703,50400
2008-05-13,703,703,703,703,12250
2008-05-14,710,710,710,710,18550
2008-05-15,600,600,600,600,3500
2008-05-16,595,595,595,595,10000
2008-05-21,560,560,560,560,30250
2008-05-22,600,600,600,600,35750
2008-05-23,600,600,600,600,4350
2008-05-26,600,600,600,600,13000
2008-05-27,560,560,560,560,7850
2008-05-28,560,560,560,560,50
2008-05-29,560,560,560,560,850
2008-05-30,560,560,560,560,9850
2008-06-02,560,560,560,560,1950
2008-06-12,600,600,600,600,1850
2008-06-13,600,600,600,600,5100
2008-06-17,600,600,600,600,7250
2008-06-18,560,560,560,560,3350
2008-06-20,570,570,570,570,4500
2008-06-23,570,570,570,570,350
2008-06-24,570,570,570,570,1500
2008-06-25,570,570,570,570,2000
2008-06-26,600,600,600,600,7500
2008-06-27,600,600,600,600,3250
2008-06-30,605,605,605,605,3250
2008-07-04,620,620,620,620,2500
2008-07-07,650,650,650,650,1350
2008-07-10,670,670,670,670,1250
2008-07-11,680,680,680,680,24100
2008-07-14,680,680,680,680,13350
2008-07-15,670,670,670,670,5800
2008-07-16,670,670,670,670,4350
2008-07-17,670,670,670,670,5650
2008-07-18,671,671,671,671,17500
2008-07-21,671,671,671,671,1550
2008-07-22,670,670,670,670,1500
2008-07-23,670,670,670,670,6500
2008-07-28,690,690,690,690,900
2008-07-29,680,680,680,680,10600
2008-07-30,680,680,680,680,7600
2008-07-31,700,700,700,700,500
2008-08-01,700,700,700,700,5400
2008-08-04,753,753,753,753,5500
2008-08-05,753,753,753,753,4250
2008-08-06,809,809,809,809,450
2008-08-08,820,820,820,820,2000
2008-08-11,822,822,822,822,2500
2008-08-12,830,830,830,830,7900
2008-08-14,894,894,894,894,500
2008-08-18,901,901,901,901,3800
2008-08-20,1042,1042,1042,1042,3250
2008-08-25,1294,1294,1294,1294,4000
2008-08-26,1330,1330,1330,1330,1500
2008-08-27,1420,1420,1420,1420,23450
2008-08-28,1423,1423,1423,1423,2300
2008-08-29,1527,1527,1527,1527,5200
2008-09-01,1529,1529,1529,1529,16900
2008-09-02,1529,1529,1529,1529,3400
2008-09-03,1630,1630,1630,1630,25650
2008-09-04,1630,1630,1630,1630,16550
2008-09-10,1400,1400,1400,1400,1800
2008-09-22,1170,1170,1170,1170,7950
2008-09-29,1000,1000,1000,1000,900
2008-10-01,946,946,946,946,3800
2008-10-03,950,950,950,950,14150
2008-10-06,900,900,900,900,3000
2008-10-07,900,900,900,900,750
2008-10-08,900,900,900,900,250
2008-10-10,833,833,833,833,1800
2008-10-13,820,820,820,820,1050
2008-10-15,796,796,796,796,700
2008-10-16,736,736,736,736,1100
2008-10-20,681,681,681,681,30350
2008-10-23,630,630,630,630,8650
2008-10-24,583,583,583,583,1250
2008-11-03,560,560,560,560,800
2008-11-04,560,560,560,560,1750
2008-11-05,560,560,560,560,500
2008-11-06,560,560,560,560,1050
2008-11-07,540,540,540,540,5200
2008-11-10,539,539,539,539,8900
2008-11-11,540,540,540,540,16350
2008-11-12,540,540,540,540,7450
2008-11-13,540,540,540,540,7600
2008-11-14,540,540,540,540,14250
2008-11-17,540,540,540,540,5000
2008-11-18,550,550,550,550,10150
2008-11-20,600,600,600,600,1800
2008-11-21,600,600,600,600,3700
2008-11-26,645,645,645,645,650
2008-11-28,694,694,694,694,2100
2008-12-01,700,700,700,700,5500
2008-12-02,740,740,740,740,1500
2008-12-05,744,744,744,744,3400
2008-12-09,740,740,740,740,1500
2008-12-10,740,740,740,740,650
2008-12-12,700,700,700,700,1650
2008-12-15,700,700,700,700,3600
2008-12-17,690,690,690,690,700
2008-12-18,690,690,690,690,750
2008-12-23,670,670,670,670,1000
2008-12-24,640,640,640,640,5600
2008-12-26,600,600,600,600,1450
2008-12-30,610,610,610,610,22500
2008-12-31,590,590,590,590,2550
2009-01-02,600,600,600,600,11600
2009-01-05,600,600,600,600,500
2009-01-06,600,600,600,600,2000
2009-01-07,600,600,600,600,500
2009-01-09,601,601,601,601,5250
2009-01-15,601,601,601,601,1850
2009-01-16,601,601,601,601,1250
2009-01-19,601,601,601,601,500
2009-01-20,640,640,640,640,500
2009-01-21,640,640,640,640,550
2009-01-23,640,640,640,640,250
2009-01-28,670,670,670,670,1150
2009-01-29,670,670,670,670,4150
2009-01-30,682,682,682,682,400
2009-02-02,703,703,703,703,500
2009-02-03,733,733,733,733,400
2009-02-05,733,733,733,733,12200
2009-02-06,733,733,733,733,2150
2009-02-10,733,733,733,733,850
2009-02-11,734,734,734,734,10950
2009-02-12,740,740,740,740,2500
2009-02-16,780,780,780,780,800
2009-02-17,781,781,781,781,450
2009-02-18,800,800,800,800,600
2009-02-20,811,811,811,811,650
2009-02-23,811,811,811,811,13050
2009-02-24,820,820,820,820,1900
2009-02-25,820,820,820,820,9200
2009-02-27,820,820,820,820,50
2009-03-03,830,830,830,830,400
2009-03-05,830,830,830,830,650
2009-03-10,830,830,830,830,400
2009-03-12,830,830,830,830,1800
2009-03-13,819,819,819,819,500
2009-03-16,800,800,800,800,600
2009-03-18,800,800,800,800,150
2009-03-20,800,800,800,800,2500
2009-03-23,740,740,740,740,5000
2009-03-25,740,740,740,740,100
2009-03-26,740,740,740,740,300
2009-03-27,740,740,740,740,100
2009-03-30,740,740,740,740,500
2009-04-01,640,640,640,640,950
2009-04-06,638,638,638,638,550
2009-04-07,600,600,600,600,2500
2009-04-08,600,600,600,600,750
2009-04-09,600,600,600,600,1650
2009-04-10,600,600,600,600,950
2009-04-14,600,600,600,600,400
2009-04-15,600,600,600,600,700
2009-04-16,555,555,555,555,7950
2009-04-24,406,406,406,406,550
2009-04-29,400,400,400,400,1000
2009-05-04,360,360,360,360,700
2009-05-05,360,360,360,360,350
2009-05-06,360,360,360,360,800
2009-05-07,360,360,360,360,3500
2009-05-08,360,360,360,360,500
2009-05-12,333,333,333,333,450
2009-05-13,333,333,333,333,500
2009-05-14,333,333,333,333,100
2009-05-15,333,333,333,333,1750
2009-05-18,333,333,333,333,50
2009-05-19,333,333,333,333,5450
2009-05-20,333,333,333,333,3700
2009-05-22,333,333,333,333,150
2009-05-26,333,333,333,333,500
2009-05-27,333,333,333,333,150
2009-05-28,333,333,333,333,2650
2009-05-29,300,300,300,300,600
2009-06-02,300,300,300,300,1650
2009-06-03,300,300,300,300,500
2009-06-08,280,280,280,280,1500
2009-06-11,300,300,300,300,3900
2009-06-12,280,280,280,280,1350
2009-06-15,280,280,280,280,750
2009-06-22,333,333,333,333,9250
2009-07-09,358,358,358,358,12200
2009-07-15,414,414,414,414,11100
2009-07-21,478,478,478,478,1250
2009-07-22,514,514,514,514,4300
2009-07-24,514,514,514,514,500
2009-07-27,552,552,552,552,2700
2009-07-28,580,580,580,580,1000
2009-07-29,586,586,586,586,2950
2009-08-03,542,542,542,542,2550
2009-08-05,480,480,480,480,800
2009-08-10,420,420,420,420,1650
2009-08-11,400,400,400,400,5000
2009-08-12,400,400,400,400,15100
2009-08-13,390,390,390,390,3300
2009-08-14,400,400,400,400,19300
2009-08-19,420,420,420,420,5500
2009-08-20,452,452,452,452,500
2009-08-21,453,453,453,453,5000
2009-08-24,460,460,460,460,5000
2009-08-27,460,460,460,460,750
2009-08-28,460,460,460,460,1000
2009-09-04,460,460,460,460,8050
2009-09-07,460,460,460,460,3150
2009-09-08,460,460,460,460,2600
2009-09-09,460,460,460,460,2750
2009-09-11,460,460,460,460,400
2009-09-14,460,460,460,460,100
2009-09-16,460,460,460,460,3200
2009-09-18,460,460,460,460,2000
2009-09-21,460,460,460,460,2150
2009-09-22,460,460,460,460,500
2009-09-23,450,450,450,450,750
2009-09-24,450,450,450,450,1750
2009-09-25,426,426,426,426,500
2009-09-28,420,420,420,420,3150
2009-09-29,410,410,410,410,1250
2009-09-30,408,408,408,408,750
2009-10-01,408,408,408,408,2500
2009-10-02,408,408,408,408,1300
2009-10-06,404,404,404,404,1700
2009-10-09,404,404,404,404,1850
2009-10-13,404,404,404,404,1000
2009-10-16,404,404,404,404,2000
2009-10-22,400,400,400,400,1250
2009-10-23,400,400,400,400,1250
2009-10-26,400,400,400,400,1550
2009-10-28,370,370,370,370,6150
2009-11-02,360,360,360,360,1100
2009-11-03,333,333,333,333,2900
2009-11-04,333,333,333,333,22700
2009-11-05,333,333,333,333,3600
2009-11-06,333,333,333,333,4100
2009-11-09,320,320,320,320,5100
2009-11-10,320,320,320,320,66000
2009-11-11,320,320,320,320,350
2009-11-12,320,320,320,320,2600
2009-11-13,320,320,320,320,8250
2009-11-16,320,320,320,320,550
2009-11-17,318,318,318,318,650
2009-11-18,320,320,320,320,28000
2009-11-19,320,320,320,320,500
2009-11-20,320,320,320,320,26550
2009-11-23,320,320,320,320,100
2009-11-24,320,320,320,320,1250
2009-11-25,310,310,310,310,500
2009-11-30,310,310,310,310,15450
2009-12-01,310,310,310,310,400
2009-12-02,310,310,310,310,400
2009-12-03,310,310,310,310,2050
2009-12-04,310,310,310,310,7350
2009-12-07,310,310,310,310,2000
2009-12-09,300,300,300,300,1000
2009-12-10,300,300,300,300,550
2009-12-16,310,310,310,310,5000
2009-12-28,358,358,358,358,450
2009-12-29,380,380,380,380,10300
2009-12-30,356,356,356,356,7450
2010-01-04,340,340,340,340,400
2010-01-06,330,330,330,330,8900
2010-01-08,332,332,332,332,900
2010-01-11,330,330,330,330,5000
2010-01-12,330,330,330,330,16650
2010-01-13,330,330,330,330,450
2010-01-15,330,330,330,330,500
2010-01-18,328,328,328,328,950
2010-01-20,328,328,328,328,1000
2010-01-21,330,330,330,330,1700
2010-01-25,330,330,330,330,550
2010-01-28,328,328,328,328,450
2010-02-01,310,310,310,310,2350
2010-02-02,300,300,300,300,400
2010-02-03,310,310,310,310,500
2010-02-04,300,300,300,300,2400
2010-02-05,299,299,299,299,750
2010-02-11,299,299,299,299,400
2010-02-15,277,277,277,277,1350
2010-02-16,256,256,256,256,500
2010-02-17,237,237,237,237,950
2010-02-19,255,255,255,255,1750
2010-02-22,254,254,254,254,1750
2010-02-23,254,254,254,254,1550
2010-02-24,254,254,254,254,4950
2010-02-25,254,254,254,254,5700
2010-03-01,250,250,250,250,1550
2010-03-02,250,250,250,250,300
2010-03-03,250,250,250,250,1400
2010-03-04,250,250,250,250,1250
2010-03-05,248,248,248,248,950
2010-03-10,250,250,250,250,1500
2010-03-11,250,250,250,250,3950
2010-03-12,250,250,250,250,500
2010-03-15,260,260,260,260,900
2010-03-16,260,260,260,260,500
2010-03-17,260,260,260,260,550
2010-03-19,280,280,280,280,500
2010-03-22,280,280,280,280,550
2010-03-24,280,280,280,280,8900
2010-03-25,280,280,280,280,500
2010-03-29,280,280,280,280,250
2010-04-01,280,280,280,280,600
2010-04-13,280,280,280,280,1650
2010-04-27,259,259,259,259,2500
2010-04-30,259,259,259,259,1850
2010-05-06,259,259,259,259,650
2010-05-11,258,258,258,258,500
2010-05-25,240,240,240,240,1250
2010-05-28,240,240,240,240,400
2010-06-08,210,210,210,210,1600
2010-06-09,210,210,210,210,2850
2010-06-14,208,208,208,208,1300
2010-06-16,200,200,200,200,1550
2010-06-17,190,190,190,190,11750
2010-06-18,190,190,190,190,6100
2010-06-21,200,200,200,200,50900
2010-06-22,200,200,200,200,35900
2010-06-23,200,200,200,200,1350
2010-06-24,200,200,200,200,6050
2010-06-29,200,200,200,200,500
2010-07-07,210,210,210,210,1000
2010-07-12,220,220,220,220,10050
2010-07-14,237,237,237,237,850
2010-07-16,220,220,220,220,400
2010-07-19,220,220,220,220,4850
2010-07-20,220,220,220,220,1500
2010-07-21,220,220,220,220,400
2010-07-22,218,218,218,218,500
2010-07-23,210,210,210,210,4950
2010-07-26,210,210,210,210,500
2010-07-27,210,210,210,210,250
2010-07-28,210,210,210,210,2550
2010-07-30,210,210,210,210,3600
2010-08-03,210,210,210,210,600
2010-08-05,210,210,210,210,250
2010-08-06,210,210,210,210,2300
2010-08-10,210,210,210,210,250
2010-08-11,210,210,210,210,6050
2010-08-12,210,210,210,210,6900
2010-08-13,210,210,210,210,500
2010-08-17,210,210,210,210,4800
2010-08-18,210,210,210,210,20000
2010-08-19,210,210,210,210,33950
2010-08-20,210,210,210,210,23750
2010-08-23,210,210,210,210,10250
2010-08-24,210,210,210,210,8200
2010-08-26,210,210,210,210,13000
2010-08-27,210,210,210,210,4000
2010-08-31,210,210,210,210,30350
2010-09-01,210,210,210,210,1750
2010-09-02,210,210,210,210,1900
2010-09-03,210,210,210,210,4950
2010-09-07,210,210,210,210,250
2010-09-13,210,210,210,210,5050
2010-09-14,210,210,210,210,6250
2010-09-15,210,210,210,210,1000
2010-09-17,210,210,210,210,250
2010-09-20,210,210,210,210,5000
2010-09-21,210,210,210,210,300
2010-09-24,210,210,210,210,700
2010-09-28,210,210,210,210,2300
2010-09-29,210,210,210,210,3850
2010-09-30,210,210,210,210,50
2010-10-01,210,210,210,210,2200
2010-10-04,210,210,210,210,10500
2010-10-08,206,206,206,206,4000
2010-10-12,206,206,206,206,6400
2010-10-14,206,206,206,206,4250
2010-10-15,206,206,206,206,50100
2010-10-18,206,206,206,206,1000
2010-10-19,206,206,206,206,850
2010-10-20,208,208,208,208,3600
2010-10-21,208,208,208,208,3250
2010-10-22,208,208,208,208,600
2010-10-26,206,206,206,206,500
2010-10-27,206,206,206,206,2000
2010-10-29,206,206,206,206,7350
2010-11-02,206,206,206,206,20850
2010-11-03,206,206,206,206,58500
2010-11-04,221,221,221,221,500
2010-11-05,238,238,238,238,600
2010-11-09,275,275,275,275,12750
2010-11-11,318,318,318,318,46950
2010-11-12,318,318,318,318,27600
2010-11-17,310,310,310,310,1700
2010-11-18,320,320,320,320,32200
2010-11-19,320,320,320,320,8150
2010-11-22,344,344,344,344,23550
2010-11-23,344,344,344,344,26200
2010-11-24,345,345,345,345,2650
2010-11-25,345,345,345,345,1650
2010-11-29,346,346,346,346,2600
2010-11-30,350,350,350,350,4250
2010-12-01,352,352,352,352,1000
2010-12-03,346,346,346,346,2500
2010-12-06,350,350,350,350,3000
2010-12-07,350,350,350,350,300
2010-12-09,350,350,350,350,15850
2010-12-10,360,360,360,360,4000
2010-12-14,352,352,352,352,10000
2010-12-15,352,352,352,352,4200
2010-12-16,352,352,352,352,1500
2010-12-20,352,352,352,352,2500
2010-12-21,352,352,352,352,5500
2010-12-22,352,352,352,352,5000
2010-12-23,352,352,352,352,8150
2010-12-24,352,352,352,352,6000
2010-12-29,356,356,356,356,1750
2010-12-30,360,360,360,360,10100
2010-12-31,360,360,360,360,3400
2011-01-03,360,360,360,360,1200
2011-01-04,360,360,360,360,1750
2011-01-05,360,360,360,360,1000
2011-01-06,360,360,360,360,500
2011-01-07,360,360,360,360,12450
2011-01-10,356,356,356,356,3950
2011-01-11,360,360,360,360,11800
2011-01-12,360,360,360,360,550
2011-01-17,362,362,362,362,2500
2011-01-19,364,364,364,364,2400
2011-01-20,370,370,370,370,11500
2011-01-24,370,370,370,370,50
2011-01-25,369,369,369,369,500
2011-01-28,370,370,370,370,5000
2011-02-01,370,370,370,370,950
2011-02-02,370,370,370,370,700
2011-02-07,366,366,366,366,30000
2011-02-08,370,370,370,370,4950
2011-02-10,370,370,370,370,2400
2011-05-04,342,342,342,342,500
2011-05-30,318,318,318,318,6000
2011-05-31,330,330,330,330,5000
2011-06-01,330,330,330,330,800
2011-06-03,316,316,316,316,1400
2011-06-06,320,320,320,320,1200
2011-06-07,316,316,316,316,12900
2011-06-08,316,316,316,316,5000
2011-06-09,316,316,316,316,900
2011-06-10,316,316,316,316,4850
2011-06-16,316,316,316,316,600
2011-06-22,316,316,316,316,16800
2011-06-23,316,316,316,316,8700
2011-06-24,340,340,340,340,500
2011-06-28,340,340,340,340,1350
2011-06-29,350,350,350,350,1150
2011-07-04,350,350,350,350,6700
2011-07-05,370,370,370,370,1250
2011-07-07,350,350,350,350,500
2011-07-08,370,370,370,370,10000
2011-07-11,370,370,370,370,3150
2011-07-12,370,370,370,370,1500
2011-07-13,370,370,370,370,78150
2011-07-21,300,300,300,300,500
2011-07-25,300,300,300,300,100
2011-07-27,280,280,280,280,600
2011-07-29,260,260,260,260,900
2011-08-01,260,260,260,260,10250
2011-08-02,260,260,260,260,5850
2011-08-03,260,260,260,260,9500
2011-08-04,260,260,260,260,5150
2011-08-05,260,260,260,260,250
2011-08-09,260,260,260,260,2250
2011-08-10,260,260,260,260,2750
2011-08-22,260,260,260,260,2000
2011-08-23,260,260,260,260,1300
2011-08-24,260,260,260,260,2000
2011-08-25,270,270,270,270,700
2011-08-26,270,270,270,270,2500
2011-09-01,270,270,270,270,5000
2011-09-07,270,270,270,270,1200
2011-09-08,270,270,270,270,15650
2011-09-09,250,250,250,250,900
2011-09-12,250,250,250,250,5000
2011-09-13,250,250,250,250,2900
2011-09-16,240,240,240,240,1800
2011-09-19,245,245,245,245,500
2011-09-20,245,245,245,245,12250
2011-09-21,245,245,245,245,450
2011-09-22,245,245,245,245,750
2011-09-23,243,243,243,243,3300
2011-09-26,240,240,240,240,1650
2011-09-27,240,240,240,240,2400
2011-09-29,240,240,240,240,4000
2011-09-30,240,240,240,240,15200
2011-10-03,240,240,240,240,6250
2011-10-04,240,240,240,240,7950
2011-10-05,240,240,240,240,600
2011-10-06,238,238,238,238,12450
2011-10-11,222,222,222,222,2500
2011-10-12,222,222,222,222,7100
2011-10-13,222,222,222,222,8400
2011-10-14,230,230,230,230,1750
2011-10-20,246,246,246,246,750
2011-10-21,250,250,250,250,1500
2011-10-26,270,270,270,270,750
2011-10-27,270,270,270,270,6050
2011-10-28,260,260,260,260,5250
2011-10-31,250,250,250,250,800
2011-11-02,250,250,250,250,7750
2011-11-03,250,250,250,250,13550
2011-11-04,250,250,250,250,650
2011-11-08,250,250,250,250,1000
2011-11-09,240,240,240,240,1700
2011-11-10,240,240,240,240,300
2011-11-11,240,240,240,240,1100
2011-11-16,250,250,250,250,2500
2011-11-18,250,250,250,250,250
2011-11-21,238,238,238,238,5150
2011-11-22,238,238,238,238,2350
2011-11-23,230,230,230,230,2500
2011-11-24,230,230,230,230,500
2011-11-25,235,235,235,235,500
2011-11-28,240,240,240,240,5100
2011-11-29,240,240,240,240,4900
2011-11-30,250,250,250,250,40700
2011-12-01,240,240,240,240,3000
2011-12-02,240,240,240,240,3750
2011-12-06,241,241,241,241,500
2011-12-20,259,259,259,259,70450
2011-12-21,259,259,259,259,300
2011-12-27,259,259,259,259,750
2011-12-29,259,259,259,259,800
2012-01-04,250,250,250,250,750
2012-01-05,253,253,253,253,500
2012-01-11,256,256,256,256,550
2012-01-12,256,256,256,256,500
2012-01-17,251,251,251,251,3000
2012-01-18,256,256,256,256,1000
2012-01-20,256,256,256,256,1100
2012-01-23,256,256,256,256,1000
2012-01-27,260,260,260,260,2500
2012-01-30,260,260,260,260,600
2012-02-02,260,260,260,260,450
2012-02-03,260,260,260,260,400
2012-02-06,260,260,260,260,700
2012-02-07,260,260,260,260,750
2012-02-10,251,251,251,251,2500
2012-02-17,250,250,250,250,3000
2012-02-22,251,251,251,251,1100
2012-02-24,270,270,270,270,42000800
2012-02-27,250,250,250,250,600
2012-02-29,252,252,252,252,2650
2012-03-01,260,260,260,260,10000
2012-03-02,260,260,260,260,2500
2012-03-07,270,270,270,270,10800
2012-03-08,270,270,270,270,4900
2012-03-12,276,276,276,276,3350
2012-03-13,276,276,276,276,7950
2012-03-14,280,280,280,280,750
2012-03-15,294,294,294,294,1000
2012-03-16,316,316,316,316,6600
2012-03-20,316,316,316,316,2750
2012-03-21,316,316,316,316,40500
2012-03-22,318,318,318,318,5600
2012-03-23,320,320,320,320,6350
2012-03-27,344,344,344,344,1500
2012-03-29,396,396,396,396,2400
2012-03-30,396,396,396,396,550
2012-04-02,396,396,396,396,1000
2012-04-03,396,396,396,396,13900
2012-04-04,396,396,396,396,5500
2012-04-05,396,396,396,396,12650
2012-04-06,380,380,380,380,1400
2012-04-10,370,370,370,370,2300
2012-04-12,340,340,340,340,500
2012-04-13,340,340,340,340,2550
2012-04-16,328,328,328,328,1400
2012-04-17,316,316,316,316,700
2012-04-19,316,316,316,316,5800
2012-04-20,316,316,316,316,2700
2012-04-23,316,316,316,316,2500
2012-04-24,316,316,316,316,6050
2012-04-26,330,330,330,330,500
2012-04-27,320,320,320,320,800
2012-04-30,320,320,320,320,150
2012-05-02,320,320,320,320,800
2012-05-03,320,320,320,320,800
2012-05-07,330,330,330,330,500
2012-05-08,330,330,330,330,2350
2012-05-09,330,330,330,330,1650
2012-05-10,340,340,340,340,2400
2012-05-11,340,340,340,340,250
2012-05-15,340,340,340,340,750
2012-05-18,340,340,340,340,1450
2012-05-21,340,340,340,340,1950
2012-05-22,330,330,330,330,2000
2012-05-23,330,330,330,330,4200
2012-05-24,330,330,330,330,350
2012-05-29,330,330,330,330,1200
2012-05-30,330,330,330,330,600
2012-05-31,330,330,330,330,950
2012-06-01,330,330,330,330,750
2012-06-04,330,330,330,330,4200
2012-06-05,330,330,330,330,2050
2012-06-07,330,330,330,330,3250
2012-06-08,340,340,340,340,2500
2012-06-11,360,360,360,360,5500
2012-06-12,380,380,380,380,3700
2012-06-13,380,380,380,380,6950
2012-06-14,370,370,370,370,900
2012-06-15,380,380,380,380,15850
2012-06-18,390,390,390,390,4400
2012-06-20,400,400,400,400,500
2012-06-21,390,390,390,390,700
2012-06-25,400,400,400,400,9800
2012-06-26,420,420,420,420,7900
2012-06-27,420,420,420,420,650
2012-06-28,420,420,420,420,2150
2012-06-29,420,420,420,420,750
2012-07-02,420,420,420,420,750
2012-07-03,390,390,390,390,2000
2012-07-04,390,390,390,390,16800
2012-07-05,390,390,390,390,34000
2012-07-09,400,400,400,400,800
2012-07-11,400,400,400,400,1550
2012-07-16,400,400,400,400,750
2012-07-24,400,400,400,400,650
2012-07-25,380,380,380,380,950
2012-07-31,400,400,400,400,5400
2012-08-02,400,400,400,400,500
2012-08-09,428,428,428,428,750
2012-08-10,400,400,400,400,5300
2012-08-13,430,430,430,430,5050
2012-08-14,430,430,430,430,300
2012-08-17,430,430,430,430,300
2012-08-21,430,430,430,430,2500
2012-08-22,430,430,430,430,12950
2012-08-23,430,430,430,430,900
2012-08-24,430,430,430,430,100
2012-08-27,430,430,430,430,500
2012-08-30,440,440,440,440,1650
2012-08-31,440,440,440,440,24000
2012-09-03,440,440,440,440,11500
2012-09-04,473,473,473,473,1000
2012-09-05,473,473,473,473,5300
2012-09-07,480,480,480,480,600
2012-09-10,508,508,508,508,3700
2012-09-11,546,546,546,546,6300
2012-09-12,546,546,546,546,14000
2012-09-13,540,540,540,540,16450
2012-09-14,530,530,530,530,3800
2012-09-17,520,520,520,520,1500
2012-09-18,500,500,500,500,7000
2012-09-19,500,500,500,500,200
2012-09-20,500,500,500,500,150
2012-09-21,500,500,500,500,2050
2012-09-24,530,530,530,530,56350
2012-09-25,530,530,530,530,77950
2012-09-26,530,530,530,530,9650
2012-09-27,542,542,542,542,3550
2012-09-28,542,542,542,542,1850
2012-10-01,560,560,560,560,3750
2012-10-02,560,560,560,560,11800
2012-10-03,560,560,560,560,550
2012-10-04,560,560,560,560,4500
2012-10-05,560,560,560,560,12950
2012-10-08,560,560,560,560,2050
2012-10-09,550,550,550,550,16950
2012-10-10,556,556,556,556,5000
2012-10-11,560,560,560,560,3250
2012-10-12,560,560,560,560,500
2012-10-15,540,540,540,540,51300
2012-10-17,500,500,500,500,750
2012-10-18,530,530,530,530,5000
2012-10-19,530,530,530,530,1100
2012-10-22,510,510,510,510,2500
2012-10-23,520,520,520,520,35000
2012-10-25,482,482,482,482,110150
2012-10-30,482,482,482,482,2000
2012-10-31,500,500,500,500,1350
2012-11-02,510,510,510,510,5250
2012-11-05,480,480,480,480,5750
2012-11-07,516,516,516,516,25500
2012-11-09,482,482,482,482,22900
2012-11-12,516,516,516,516,19550
2012-11-13,550,550,550,550,950
2012-11-14,550,550,550,550,150
2012-11-19,540,540,540,540,64200
2012-11-20,540,540,540,540,1550
2012-11-21,540,540,540,540,7150
2012-11-23,540,540,540,540,9700
2012-11-26,540,540,540,540,1750
2012-11-27,520,520,520,520,6400
2012-11-29,520,520,520,520,11500
2012-11-30,520,520,520,520,7600
2012-12-03,520,520,520,520,2950
2012-12-04,500,500,500,500,11550
2012-12-05,500,500,500,500,2500
2012-12-06,500,500,500,500,1400
2012-12-07,480,480,480,480,2600
2012-12-10,480,480,480,480,5000
2012-12-12,444,444,444,444,400
2012-12-13,444,444,444,444,500
2012-12-14,411,411,411,411,9000
2012-12-17,400,400,400,400,10150
2012-12-18,411,411,411,411,13300
2012-12-19,411,411,411,411,1300
2012-12-20,411,411,411,411,42400
2012-12-21,400,400,400,400,8400
2012-12-24,411,411,411,411,25200
2012-12-26,440,440,440,440,2750
2012-12-27,473,473,473,473,400
2012-12-28,508,508,508,508,6500
2012-12-31,546,546,546,546,1000
2013-01-02,546,546,546,546,750
2013-01-03,580,580,580,580,5000
2013-01-07,580,580,580,580,1500
2013-01-08,580,580,580,580,1200
2013-01-10,570,570,570,570,550
2013-01-11,527,527,527,527,2750
2013-01-15,524,524,524,524,13750
2013-01-16,520,520,520,520,52900
2013-01-17,520,520,520,520,6000
2013-01-18,520,520,520,520,700
2013-01-21,520,520,520,520,1700
2013-01-22,520,520,520,520,4500
2013-01-25,520,520,520,520,1950
2013-01-28,520,520,520,520,13200
2013-01-29,520,520,520,520,1000
2013-02-01,520,520,520,520,3100
2013-02-05,524,524,524,524,23150
2013-02-06,524,524,524,524,1250
2013-02-07,560,560,560,560,1250
2013-02-08,602,602,602,602,1150
2013-02-11,602,602,602,602,5850
2013-02-15,590,590,590,590,16250
2013-02-18,584,584,584,584,1750
2013-02-19,584,584,584,584,1400
2013-02-20,580,580,580,580,6100
2013-02-21,580,580,580,580,5000
2013-02-22,600,600,600,600,6000
2013-02-25,580,580,580,580,5500
2013-02-27,580,580,580,580,500
2013-02-28,580,580,580,580,5850
2013-03-05,580,580,580,580,6150
2013-03-06,600,600,600,600,13750
2013-03-07,645,645,645,645,1750
2013-03-08,620,620,620,620,1300
2013-03-11,580,580,580,580,6850
2013-03-14,600,600,600,600,1100
2013-03-15,580,580,580,580,2050
2013-03-19,580,580,580,580,100
2013-03-20,580,580,580,580,600
2013-03-21,582,582,582,582,11800
2013-03-22,580,580,580,580,4050
2013-03-25,582,582,582,582,1350
2013-03-26,580,580,580,580,1000
2013-03-28,582,582,582,582,1250
2013-03-29,582,582,582,582,750
2013-04-02,582,582,582,582,150
2013-04-03,580,580,580,580,5600
2013-04-08,580,580,580,580,1800
2013-04-09,598,598,598,598,2350
2013-04-10,598,598,598,598,3700
2013-04-11,600,600,600,600,4250
2013-04-12,622,622,622,622,6400
2013-04-17,640,640,640,640,700
2013-04-18,640,640,640,640,150
2013-04-22,650,650,650,650,1250
2013-04-23,640,640,640,640,73700
2013-04-24,640,640,640,640,12250
2013-04-25,640,640,640,640,7500
2013-04-26,600,600,600,600,2250
2013-04-29,640,640,640,640,1750
2013-04-30,600,600,600,600,750
2013-05-02,640,640,640,640,5000
2013-05-03,603,603,603,603,550
2013-05-06,603,603,603,603,2500
2013-05-07,600,600,600,600,5950
2013-05-14,600,600,600,600,1750
2013-05-15,600,600,600,600,550
2013-05-16,600,600,600,600,300
2013-05-21,630,630,630,630,500
2013-05-22,630,630,630,630,6350
2013-05-24,640,640,640,640,500
2013-05-27,641,641,641,641,1850
2013-05-28,640,640,640,640,1000
2013-05-29,640,640,640,640,22800
2013-06-03,640,640,640,640,500
2013-06-04,640,640,640,640,750
2013-06-05,610,610,610,610,17850
2013-06-06,610,610,610,610,10650
2013-06-10,620,620,620,620,15100
2013-06-11,593,593,593,593,30000
2013-06-12,593,593,593,593,6950
2013-06-13,600,600,600,600,20900
2013-06-14,600,600,600,600,7950
2013-06-17,620,620,620,620,4150
2013-06-18,620,620,620,620,2900
2013-06-20,620,620,620,620,2700
2013-06-24,620,620,620,620,100
2013-06-26,621,621,621,621,11500
2013-06-27,630,630,630,630,2850
2013-06-28,677,677,677,677,13100
2013-07-01,726,726,726,726,2150
2013-07-02,780,780,780,780,15900
2013-07-03,780,780,780,780,5000
2013-07-05,780,780,780,780,15250
2013-07-08,780,780,780,780,950
2013-07-09,780,780,780,780,4800
2013-07-10,839,839,839,839,2100
2013-07-12,800,800,800,800,3550
2013-07-15,800,800,800,800,2500
2013-07-16,800,800,800,800,1100
2013-07-17,800,800,800,800,500
2013-07-18,820,820,820,820,3000
2013-07-19,830,830,830,830,3300
2013-07-22,830,830,830,830,3500
2013-07-24,830,830,830,830,8350
2013-07-25,780,780,780,780,400
2013-07-26,820,820,820,820,6000
2013-07-29,882,882,882,882,2500
2013-08-02,820,820,820,820,9250
2013-08-05,880,880,880,880,11200
2013-08-13,880,880,880,880,1800
2013-08-14,814,814,814,814,1450
2013-08-19,820,820,820,820,12000
2013-08-20,860,860,860,860,5000
2013-08-21,925,925,925,925,12400
2013-08-22,940,940,940,940,5200
2013-08-23,940,940,940,940,1500
2013-08-26,940,940,940,940,2650
2013-08-27,946,946,946,946,15600
2013-08-29,900,900,900,900,450
2013-08-30,900,900,900,900,2400
2013-09-02,900,900,900,900,1050
2013-09-06,900,900,900,900,5900
2013-09-09,900,900,900,900,1500
2013-09-11,900,900,900,900,500
2013-09-12,900,900,900,900,12150
2013-09-13,900,900,900,900,2000
2013-09-16,940,940,900,900,6900
2013-09-17,900,900,900,900,23600
2013-09-18,900,900,833,833,8850
2013-09-19,895,895,833,833,300
2013-09-20,840,895,840,880,6500
2013-09-23,880,880,880,880,850
2013-09-24,840,850,840,850,16900
2013-09-25,840,840,840,840,8750
2013-09-26,840,840,780,780,4950
2013-09-30,790,790,790,790,500
2013-10-01,806,806,800,800,5600
2013-10-03,839,839,839,839,37500
2013-10-04,840,840,804,840,1100
2013-10-07,810,840,810,840,4350
2013-10-08,840,840,840,840,2250
2013-10-09,840,840,840,840,150
2013-10-10,840,840,840,840,1500
2013-10-14,890,890,890,890,1500
2013-10-16,860,880,860,860,1500
2013-10-18,865,865,865,865,5000
2013-10-21,880,880,880,880,350
2013-10-22,880,880,868,880,2500
2013-10-24,890,902,890,902,1400
2013-10-25,902,902,902,902,1750
2013-10-28,910,910,900,900,30000
2013-10-29,900,900,840,840,15250
2013-10-31,840,840,796,796,9300
2013-11-04,840,840,840,840,75100
2013-11-05,840,860,840,860,900
2013-11-06,900,902,860,860,900
2013-11-07,840,860,840,860,2450
2013-11-11,860,900,860,900,3200
2013-11-12,920,920,900,900,1300
2013-11-13,910,910,910,910,450
2013-11-18,910,914,910,914,600
2013-11-19,914,914,914,914,5150
2013-11-20,920,924,920,920,11150
2013-11-22,922,922,922,922,750
2013-11-25,922,960,922,923,950
2013-11-26,923,930,923,930,2550
2013-11-27,930,930,922,930,15050
2013-11-29,922,922,922,922,300
2013-12-02,923,923,920,920,5350
2013-12-03,920,920,920,920,800
2013-12-04,920,920,920,920,9750
2013-12-05,922,922,900,900,5200
2013-12-06,900,900,840,840,1000
2013-12-09,900,900,880,900,29250
2013-12-11,900,968,900,968,1550
2013-12-12,1040,1040,1040,1040,22500
2013-12-16,1040,1040,1030,1040,5750
2013-12-17,1040,1040,1040,1040,300
2013-12-18,1040,1118,1040,1118,250
2013-12-19,1118,1118,1118,1118,5350
2013-12-20,1120,1120,1120,1120,650
2013-12-23,1120,1120,1120,1120,1600
2013-12-24,1204,1204,1204,1204,250
2013-12-26,1200,1204,1200,1204,6250
2013-12-27,1204,1204,1204,1204,30850
2013-12-30,1204,1204,1204,1204,750
2013-12-31,1204,1204,1204,1204,1950
2014-01-02,1220,1220,1220,1220,1250
2014-01-03,1220,1220,1220,1220,400
2014-01-06,1220,1312,1220,1312,800
2014-01-07,1312,1312,1312,1312,1400
2014-01-08,1312,1312,1312,1312,100
2014-01-09,1320,1320,1260,1260,1000
2014-01-14,1260,1260,1210,1210,2250
2014-01-15,1260,1260,1210,1210,1100
2014-01-16,1211,1211,1200,1200,3000
2014-01-17,1210,1210,1210,1210,150
2014-01-20,1200,1200,1200,1200,150
2014-01-21,1200,1200,1180,1200,2000
2014-01-22,1142,1142,1142,1142,200
2014-01-23,1142,1160,1140,1160,3100
2014-01-24,1190,1190,1190,1190,100
2014-01-27,1190,1190,1160,1160,2250
2014-01-28,1149,1149,1149,1149,150
2014-01-29,1120,1120,1120,1120,650
2014-01-30,1120,1140,1120,1140,2050
2014-02-03,1120,1120,1120,1120,500
2014-02-06,1120,1120,1120,1120,1500
2014-02-07,1120,1190,1120,1190,4800
2014-02-10,1200,1279,1200,1279,8100
2014-02-13,1274,1278,1240,1240,4750
2014-02-14,1240,1240,1200,1240,3300
2014-02-17,1200,1200,1200,1200,2250
2014-02-20,1200,1200,1200,1200,150
2014-02-21,1178,1200,1178,1200,750
2014-02-24,1178,1178,1160,1160,450
2014-02-25,1200,1200,1180,1180,600
2014-02-26,1180,1200,1140,1140,800
2014-02-28,1139,1140,1139,1140,1850
2014-03-03,1120,1120,1120,1120,3350
2014-03-04,1120,1140,1100,1140,3800
2014-03-05,1120,1120,1120,1120,3900
2014-03-06,1140,1140,1139,1140,9300
2014-03-07,1140,1140,1120,1120,5100
2014-03-10,1120,1120,1120,1120,3250
2014-03-11,1120,1120,1120,1120,8950
2014-03-12,1120,1120,1080,1120,4100
2014-03-14,1120,1120,1060,1060,8250
2014-03-17,1080,1080,1080,1080,1700
2014-03-18,1060,1060,1040,1040,500
2014-03-19,1040,1042,1040,1040,3150
2014-03-20,1040,1040,1040,1040,150
2014-03-21,1080,1080,1080,1080,450
2014-03-24,1080,1080,1080,1080,3850
2014-03-25,1080,1080,1080,1080,400
2014-03-27,1120,1120,1120,1120,1300
2014-03-31,1120,1130,1120,1130,3000
2014-04-01,1120,1120,1120,1120,500
2014-04-02,1140,1140,1120,1120,1600
2014-04-03,1120,1120,1120,1120,400
2014-04-04,1140,1140,1140,1140,1550
2014-04-07,1140,1200,1140,1200,1150
2014-04-08,1200,1200,1200,1200,200
2014-04-09,1160,1160,1160,1160,400
2014-04-10,1160,1183,1160,1160,3250
2014-04-11,1160,1160,1160,1160,1950
2014-04-14,1160,1160,1160,1160,2000
2014-04-15,1140,1140,1100,1140,1850
2014-04-16,1140,1140,1100,1100,2800
2014-04-17,1100,1100,1100,1100,500
2014-04-18,1090,1090,1080,1090,350
2014-04-22,1100,1100,1100,1100,150
2014-04-23,1100,1100,1100,1100,700
2014-04-24,1100,1100,1100,1100,100
2014-04-25,1100,1100,1080,1080,1200
2014-04-28,1090,1090,1080,1080,150
2014-04-29,1080,1080,1050,1050,850
2014-04-30,1000,1090,1000,1090,1650
2014-05-02,1090,1090,1090,1090,1000
2014-05-05,1068,1090,1068,1090,550
2014-05-07,1060,1060,1060,1060,1250
2014-05-08,1000,1000,1000,1000,1000
2014-05-09,1000,1000,1000,1000,50
2014-05-12,1000,1000,980,980,650
2014-05-13,999,1000,999,1000,750
2014-05-15,1000,1000,1000,1000,100
2014-05-16,1000,1000,1000,1000,400
2014-05-19,1000,1000,1000,1000,15250
2014-05-20,1010,1010,1010,1010,450
2014-05-21,1000,1000,940,940,2650
2014-05-23,940,940,940,940,1500
2014-05-26,940,940,940,940,500
2014-05-27,940,940,940,940,6550
2014-05-28,940,940,940,940,1100
2014-05-30,940,940,940,940,400
2014-06-02,940,1010,925,940,7050
2014-06-03,940,940,900,900,2950
2014-06-04,900,900,900,900,1300
2014-06-05,900,900,900,900,1250
2014-06-06,900,940,900,920,1300
2014-06-11,940,940,940,940,1600
2014-06-12,944,960,944,960,1550
2014-06-13,960,960,944,944,1300
2014-06-16,960,960,944,944,1750
2014-06-18,940,940,940,940,150
2014-06-20,920,920,920,920,1700
2014-06-23,920,920,900,920,1450
2014-06-24,920,940,920,940,3800
2014-06-25,940,940,920,920,1000
2014-06-26,960,960,960,960,850
2014-07-01,970,980,970,980,3400
2014-07-02,1000,1000,1000,1000,50
2014-07-04,998,1000,970,970,4300
2014-07-07,960,960,960,960,100
2014-07-08,962,962,960,960,350
2014-07-09,960,960,960,960,400
2014-07-10,960,960,920,921,14700
2014-07-17,940,940,940,940,1250
2014-07-18,940,940,940,940,25000
2014-07-21,940,940,940,940,9250
2014-07-22,980,980,980,980,11050
2014-07-23,960,960,960,960,450
2014-07-25,979,979,926,940,5150
2014-07-29,940,940,940,940,1050
2014-07-31,980,980,980,980,7950
2014-08-01,944,944,944,944,1000
2014-08-04,944,944,944,944,3250
2014-08-05,944,970,944,970,650
2014-08-06,980,980,944,944,1250
2014-08-08,980,1000,980,1000,41500
2014-08-11,1000,1000,1000,1000,12500
2014-08-12,1000,1040,1000,1040,500
2014-08-13,1040,1040,1040,1040,250
2014-08-14,1040,1040,1000,1000,3100
2014-08-18,1000,1000,1000,1000,150
2014-08-19,1000,1000,1000,1000,350
2014-08-20,1000,1000,1000,1000,6800
2014-08-22,1000,1000,1000,1000,800
2014-08-25,1000,1000,1000,1000,1700
2014-08-26,1000,1000,1000,1000,50
2014-08-27,1000,1040,1000,1040,2450
2014-08-28,1040,1040,1040,1040,800
2014-08-29,1000,1060,1000,1060,1400
2014-09-01,1000,1000,1000,1000,650
2014-09-02,1000,1000,1000,1000,11700
2014-09-03,990,1000,990,1000,4800
2014-09-04,1000,1000,970,970,1500
2014-09-05,1000,1020,1000,1020,1200
2014-09-08,1000,1000,1000,1000,3250
2014-09-09,1002,1002,1000,1000,400
2014-09-10,1000,1000,1000,1000,450
2014-09-12,1000,1004,1000,1004,8400
2014-09-16,1000,1000,1000,1000,400
2014-09-17,1000,1060,1000,1060,1000
2014-09-19,1060,1060,1060,1060,200
2014-09-23,1000,1054,1000,1001,1050
2014-09-24,1001,1001,1001,1001,4200
2014-09-25,1054,1054,1054,1054,4100
2014-09-26,1052,1052,1050,1050,300
2014-09-29,1050,1054,1050,1054,2050
2014-09-30,1054,1060,1054,1060,2700
2014-10-01,1100,1100,1100,1100,2250
2014-10-02,1100,1100,1100,1100,300
2014-10-06,1134,1134,1134,1134,250
2014-10-08,1120,1120,1110,1110,1000
2014-10-09,1120,1120,1110,1110,13550
2014-10-13,1110,1112,1110,1110,10600
2014-10-14,1100,1110,1100,1100,2500
2014-10-15,1110,1110,1110,1110,5000
2014-10-16,1100,1110,1100,1110,1650
2014-10-17,1134,1134,1120,1120,150
2014-10-20,1120,1120,1110,1120,10450
2014-10-21,1120,1120,1120,1120,1050
2014-10-22,1122,1122,1110,1110,2800
2014-10-23,1134,1134,1110,1110,5350
2014-10-24,1110,1110,1110,1110,1350
2014-10-27,1110,1110,1110,1110,150
2014-10-28,1120,1120,1120,1120,2850
2014-10-29,1120,1120,1111,1111,2250
2014-10-30,1111,1111,1111,1111,50
2014-10-31,1110,1110,1110,1110,350
2014-11-03,1118,1120,1110,1110,3100
2014-11-04,1110,1110,1110,1110,100
2014-11-06,1110,1160,1110,1160,1500
2014-11-10,1180,1180,1100,1100,150
2014-11-12,1110,1110,1110,1110,2000
2014-11-13,1120,1120,1120,1120,1650
2014-11-14,1120,1120,1120,1120,1700
2014-11-18,1200,1200,1200,1200,3150
2014-11-20,1120,1120,1120,1120,1750
2014-11-21,1120,1120,1120,1120,4250
2014-11-26,1110,1120,1110,1120,1350
2014-11-27,1120,1120,1110,1110,2000
2014-11-28,1110,1110,1110,1110,100
2014-12-01,1120,1120,1111,1111,2650
2014-12-02,1110,1110,1110,1110,7000
2014-12-08,1140,1140,1110,1110,13100
2014-12-09,1120,1120,1120,1120,150
2014-12-10,1110,1110,1110,1110,900
2014-12-11,1100,1110,1100,1110,500
2014-12-12,1110,1110,1110,1110,50
2014-12-15,1110,1110,1110,1110,150
2014-12-17,1110,1110,1110,1110,550
2014-12-18,1110,1120,1110,1120,6900
2014-12-19,1120,1200,1120,1200,8500
2014-12-22,1176,1200,1176,1200,3000
2014-12-23,1214,1214,1214,1214,5050
2014-12-26,1190,1200,1190,1200,800
2014-12-29,1180,1200,1180,1200,1950
2014-12-30,1200,1200,1200,1200,500
2014-12-31,1200,1200,1200,1200,500
2015-01-08,1180,1198,1180,1198,700
2015-01-12,1120,1120,1110,1110,200
2015-01-13,1110,1110,1080,1110,650
2015-01-14,1080,1110,1080,1110,2700
2015-01-15,1100,1110,1082,1084,6600
2015-01-20,1080,1084,1080,1084,4650
2015-01-21,1084,1084,1084,1084,1000
2015-01-22,1110,1110,1108,1108,1050
2015-01-23,1100,1110,1100,1110,9250
2015-01-26,1100,1100,1084,1084,3750
2015-01-27,1100,1110,1100,1100,7300
2015-01-28,1110,1110,1110,1110,1400
2015-01-29,1192,1192,1192,1192,450
2015-01-30,1198,1198,1198,1198,250
2015-02-04,1198,1198,1198,1198,100
2015-02-06,1160,1160,1160,1160,250
2015-02-11,1160,1160,1160,1160,550
2015-02-12,1160,1160,1160,1160,4250
2015-02-16,1160,1160,1160,1160,3050
2015-02-19,1160,1180,1160,1180,1200
2015-02-20,1160,1160,1160,1160,350
2015-02-24,1100,1100,1100,1100,200
2015-02-25,1100,1100,1100,1100,1450
2015-02-26,1160,1160,1140,1140,1050
2015-02-27,1140,1140,1140,1140,1400
2015-03-02,1160,1226,1160,1226,500
2015-03-03,1200,1300,1200,1300,7800
2015-03-04,1300,1300,1300,1300,900
2015-03-05,1300,1300,1300,1300,2300
2015-03-06,1300,1300,1300,1300,6250
2015-03-09,1300,1302,1300,1300,38100
2015-03-11,1203,1203,1203,1203,100
2015-03-12,1204,1204,1180,1180,15500
2015-03-13,1180,1180,1180,1180,1500
2015-03-16,1180,1264,1180,1264,300
2015-03-18,1180,1180,1180,1180,600
2015-03-19,1269,1269,1269,1269,250
2015-03-20,1300,1300,1300,1300,250
2015-03-24,1300,1300,1300,1300,750
2015-03-26,1260,1260,1260,1260,2500
2015-03-27,1260,1260,1260,1260,2950
2015-03-30,1300,1300,1200,1200,18800
2015-03-31,1200,1200,1200,1200,500
2015-04-01,1200,1200,1200,1200,250
2015-04-02,1200,1200,1200,1200,650
2015-04-03,1190,1190,1190,1190,250
2015-04-07,1190,1190,1180,1180,650
2015-04-09,1160,1160,1140,1140,3950
2015-04-10,1100,1100,1100,1100,1800
2015-04-13,1100,1100,1100,1100,400
2015-04-14,1100,1180,1100,1180,5950
2015-04-15,1260,1269,1260,1260,300
2015-04-17,1200,1200,1190,1190,650
2015-04-20,1190,1190,1190,1190,7650
2015-04-21,1180,1180,1180,1180,750
2015-04-22,1180,1180,1180,1180,1750
2015-04-23,1178,1178,1178,1178,300
2015-04-24,1178,1178,1178,1178,250
2015-04-28,1160,1160,1160,1160,650
2015-05-04,1130,1130,1130,1130,150
2015-05-06,1102,1128,1102,1128,850
2015-05-11,1128,1140,1100,1140,15350
2015-05-12,1140,1140,1140,1140,400
2015-05-13,1140,1140,1140,1140,250
2015-05-15,1140,1140,1140,1140,250
2015-05-18,1140,1140,1140,1140,1600
2015-05-19,1140,1140,1140,1140,550
2015-05-21,1140,1150,1140,1150,1250
2015-05-22,1140,1140,1140,1140,2500
2015-05-26,1140,1140,1140,1140,750
2015-05-27,1140,1140,1100,1100,650
2015-05-28,1100,1140,1100,1140,1450
2015-05-29,1140,1140,1118,1140,9700
2015-06-01,1140,1140,1140,1140,3000
2015-06-02,1140,1140,1130,1140,3100
2015-06-03,1140,1140,1140,1140,600
2015-06-04,1140,1140,1140,1140,300
2015-06-05,1140,1140,1140,1140,100
2015-06-08,1140,1140,1120,1120,4350
2015-06-09,1140,1140,1140,1140,150
2015-06-10,1140,1140,1140,1140,3000
2015-06-11,1140,1140,1140,1140,300
2015-06-12,1140,1160,1140,1160,1200
2015-06-15,1160,1160,1160,1160,500
2015-06-16,1180,1180,1160,1160,6350
2015-06-17,1160,1180,1160,1180,150
2015-06-19,1180,1180,1180,1180,7300
2015-06-22,1180,1180,1180,1180,650
2015-06-23,1180,1180,1180,1180,100
2015-06-24,1182,1182,1182,1182,350
2015-06-25,1182,1240,1182,1200,3350
2015-06-26,1200,1200,1200,1200,150
2015-06-29,1202,1202,1202,1202,250
2015-06-30,1200,1202,1200,1202,8100
2015-07-02,1240,1240,1240,1240,150
2015-07-03,1250,1300,1250,1300,17050
2015-07-06,1210,1300,1210,1300,106850
2015-07-07,1300,1300,1300,1300,3700
2015-07-08,1300,1300,1300,1300,950
2015-07-09,1300,1300,1300,1300,1750
2015-07-13,1310,1320,1310,1310,4700
2015-07-15,1310,1310,1310,1310,7050
2015-07-16,1330,1330,1330,1330,4450
2015-07-20,1330,1330,1330,1330,1500
2015-07-21,1330,1330,1330,1330,550
2015-07-22,1330,1330,1330,1330,1750
2015-07-23,1330,1330,1307,1307,3500
2015-07-24,1307,1330,1307,1330,14600
2015-07-27,1327,1330,1327,1330,550
2015-07-28,1330,1330,1330,1330,1200
2015-07-29,1329,1340,1329,1340,6000
2015-07-30,1340,1340,1340,1340,2100
2015-07-31,1350,1370,1350,1370,650
2015-08-03,1340,1340,1340,1340,7950
2015-08-04,1340,1340,1340,1340,3050
2015-08-05,1330,1330,1330,1330,950
2015-08-06,1330,1340,1330,1340,10650
2015-08-10,1340,1360,1340,1350,2200
2015-08-11,1360,1360,1360,1360,250
2015-08-12,1400,1400,1360,1380,2900
2015-08-13,1380,1400,1380,1400,1500
2015-08-14,1370,1400,1370,1400,700
2015-08-17,1380,1380,1380,1380,600
2015-08-18,1400,1400,1360,1360,60950
2015-08-19,1380,1380,1380,1380,500
2015-08-20,1380,1380,1380,1380,150
2015-08-21,1360,1360,1330,1330,2550
2015-08-24,1330,1350,1330,1350,650
2015-08-25,1350,1350,1346,1350,2950
2015-08-26,1350,1360,1310,1360,8150
2015-08-27,1360,1360,1360,1360,57400
2015-08-28,1352,1352,1352,1352,550
2015-08-31,1380,1420,1352,1420,113350
2015-09-01,1400,1420,1400,1420,20150
2015-09-02,1420,1460,1420,1460,43500
2015-09-03,1420,1430,1420,1430,63250
2015-09-07,1430,1430,1430,1430,4500
2015-09-08,1370,1420,1370,1420,200
2015-09-09,1370,1400,1370,1400,1700
2015-09-10,1400,1410,1400,1410,5450
2015-09-11,1428,1428,1428,1428,5300
2015-09-14,1428,1460,1428,1460,2650
2015-09-15,1428,1428,1428,1428,300
2015-09-16,1430,1430,1430,1430,2500
2015-09-17,1430,1460,1430,1460,2200
2015-09-21,1440,1440,1440,1440,250
2015-09-22,1440,1462,1440,1440,2450
2015-09-25,1440,1440,1440,1440,3000
2015-09-28,1440,1440,1440,1440,50
2015-09-29,1450,1450,1440,1440,1600
2015-09-30,1440,1440,1440,1440,650
2015-10-01,1362,1402,1362,1402,3900
2015-10-02,1420,1420,1420,1420,17700
2015-10-05,1421,1421,1421,1421,750
2015-10-06,1420,1450,1420,1450,800
2015-10-07,1450,1450,1420,1450,15750
2015-10-09,1420,1420,1420,1420,250
2015-10-12,1420,1440,1420,1440,200
2015-10-13,1420,1430,1420,1430,1600
2015-10-14,1420,1420,1420,1420,2150
2015-10-15,1420,1450,1420,1450,102850
2015-10-16,1424,1424,1420,1420,3800
2015-10-19,1420,1420,1420,1420,250
2015-10-20,1420,1420,1420,1420,1000
2015-10-21,1420,1430,1420,1420,2100
2015-10-22,1420,1421,1420,1421,300
2015-10-23,1430,1430,1430,1430,2500
2015-10-26,1423,1423,1421,1421,250
2015-10-27,1421,1421,1410,1420,1750
2015-10-28,1420,1420,1420,1420,600
2015-10-29,1420,1450,1420,1450,74600
2015-10-30,1450,1450,1450,1450,350
2015-11-02,1450,1500,1450,1500,6450
2015-11-03,1500,1500,1500,1500,850
2015-11-04,1500,1500,1500,1500,11250
2015-11-05,1548,1548,1548,1548,1300
2015-11-09,1548,1548,1548,1548,14100
2015-11-11,1510,1548,1510,1548,45900
2015-11-12,1640,1640,1500,1500,1550
2015-11-16,1500,1548,1500,1548,2900
2015-11-17,1520,1520,1500,1503,25500
2015-11-18,1500,1500,1500,1500,750
2015-11-19,1504,1504,1504,1504,50
2015-11-20,1520,1520,1520,1520,2500
2015-11-23,1504,1504,1504,1504,500
2015-11-24,1530,1530,1530,1530,1250
2015-11-25,1504,1510,1504,1510,650
2015-11-27,1512,1512,1512,1512,250
2015-12-01,1514,1514,1514,1514,150
2015-12-02,1516,1540,1516,1540,450
2015-12-03,1522,1522,1500,1500,2600
2015-12-04,1500,1500,1500,1500,1350
2015-12-07,1613,1613,1613,1613,50
2015-12-08,1613,1720,1613,1720,3100
2015-12-10,1710,1720,1710,1710,1700
2015-12-14,1700,1710,1700,1710,350
2015-12-18,1582,1582,1582,1582,250
2015-12-22,1500,1500,1500,1500,100
2015-12-23,1388,1388,1388,1388,1150
2015-12-28,1380,1380,1370,1370,1000
2015-12-29,1360,1388,1360,1388,2500
2016-01-05,1380,1386,1284,1284,350
2016-01-06,1300,1300,1300,1300,50
2016-01-07,1300,1320,1300,1320,1300
2016-01-08,1326,1380,1326,1380,1800
2016-01-11,1380,1380,1322,1322,7650
2016-01-12,1322,1380,1322,1380,600
2016-01-13,1380,1380,1380,1380,2350
2016-01-14,1380,1380,1320,1320,29500
2016-01-19,1330,1330,1320,1320,3250
2016-01-20,1350,1350,1350,1350,250
2016-01-21,1350,1350,1350,1350,250
2016-01-22,1380,1380,1380,1380,800
2016-01-25,1321,1380,1321,1380,1050
2016-01-26,1321,1350,1321,1350,3600
2016-01-27,1380,1380,1380,1380,1900
2016-01-28,1380,1380,1380,1380,2750
2016-01-29,1380,1380,1360,1380,3550
2016-02-01,1400,1400,1390,1390,3250
2016-02-03,1380,1380,1380,1380,750
2016-02-04,1390,1482,1390,1482,1750
2016-02-05,1482,1482,1482,1482,16500
2016-02-08,1460,1460,1460,1460,50
2016-02-10,1440,1440,1440,1440,50
2016-02-11,1430,1440,1380,1380,1200
2016-02-12,1380,1440,1380,1380,3150
2016-02-15,1400,1400,1380,1380,2600
2016-02-16,1400,1450,1400,1440,11150
2016-02-18,1500,1500,1500,1500,950
2016-02-19,1500,1544,1500,1500,4900
2016-02-22,1500,1520,1500,1520,1750
2016-02-23,1575,1600,1575,1600,5000
2016-02-24,1700,1720,1700,1720,13150
2016-02-25,1640,1720,1640,1720,7350
2016-02-26,1720,1720,1720,1720,3000
2016-02-29,1720,1849,1720,1849,56500
2016-03-01,1840,1840,1840,1840,300
2016-03-02,1850,1978,1850,1978,29350
2016-03-03,1940,1960,1940,1940,6750
2016-03-04,2020,2020,2000,2000,1800
2016-03-07,2150,2150,2150,2150,450
2016-03-08,2311,2311,2311,2311,1800
2016-03-09,2485,2485,2435,2485,56000
2016-03-10,2671,2671,2530,2560,50550
2016-03-11,2500,2500,2500,2500,500
2016-03-14,2500,2500,2400,2400,850
2016-03-31,2220,2220,2220,2220,6750
2016-04-01,2264,2264,2264,2264,5000
2016-04-04,2400,2400,2400,2400,50
2016-04-05,2220,2220,2220,2220,6800
2016-04-06,2176,2176,2054,2054,550
2016-04-08,1900,1900,1900,1900,20050
2016-04-11,1800,1800,1760,1760,26350
2016-04-12,1700,1760,1700,1760,850
2016-04-13,1660,1680,1628,1628,800
2016-04-14,1628,1640,1628,1640,250
2016-04-15,1636,1636,1636,1636,450
2016-04-19,1758,1759,1758,1759,2500
2016-04-20,1700,1700,1700,1700,650
2016-04-21,1700,1800,1700,1800,7700
2016-04-22,1800,1920,1800,1920,9000
2016-04-25,2040,2040,2040,2040,2600
2016-04-26,2040,2190,2000,2040,6250
2016-04-27,2040,2040,2040,2040,650
2016-04-28,2020,2020,2000,2000,6900
2016-04-29,2002,2002,2002,2002,2400
2016-05-03,2020,2030,2002,2030,6650
2016-05-04,2040,2040,2040,2040,1400
2016-05-06,2002,2120,2002,2120,1400
2016-05-09,2040,2080,2000,2080,1500
2016-05-10,2000,2000,2000,2000,2400
2016-05-11,2000,2000,2000,2000,350
2016-05-12,2000,2000,2000,2000,1450
2016-05-13,2002,2002,2000,2000,2600
2016-05-17,2000,2000,2000,2000,550
2016-05-18,2000,2000,2000,2000,200
2016-05-19,2000,2120,2000,2120,200
2016-05-20,2040,2040,2000,2000,9850
2016-05-23,2040,2120,2000,2080,6050
2016-05-24,2236,2236,2170,2236,1550
2016-05-25,2200,2260,2068,2260,7250
2016-05-26,2236,2300,2236,2300,14300
2016-05-27,2300,2300,2300,2300,350
2016-05-30,2300,2400,2300,2380,58800
2016-05-31,2380,2398,2380,2398,150
2016-06-01,2400,2400,2400,2400,400
2016-06-02,2580,2580,2580,2580,250
2016-06-03,2774,2774,2774,2774,1250
2016-06-06,2982,2982,2982,2982,6200
2016-06-07,3205,3205,3205,3205,150
2016-06-08,3445,3445,3445,3445,17550
2016-06-09,3704,3704,3704,3704,86850
2016-06-10,3704,3704,3670,3700,1800
2016-06-13,3500,3500,3430,3430,1100
2016-06-15,3398,3398,3398,3398,450
2016-06-16,3143,3200,3143,3143,3800
2016-06-17,3140,3198,3060,3060,3450
2016-06-20,3020,3060,3000,3000,12350
2016-06-21,3000,3000,2980,2980,2450
2016-06-22,2980,2980,2980,2980,500
2016-06-23,3000,3120,3000,3120,2000
2016-06-24,3354,3354,3354,3354,5050
2016-06-27,3604,3606,3600,3606,37350
2016-06-28,3876,3876,3800,3876,1500
2016-06-29,4167,4167,4160,4167,20100
2016-06-30,4479,4479,4400,4400,39150
2016-07-01,4470,4470,4070,4070,750
2016-07-04,4000,4000,3765,3765,1950
2016-07-05,3483,3483,3483,3483,3700
2016-07-07,3460,3460,3221,3221,750
2016-07-08,3000,3000,2980,2980,2700
2016-07-11,2760,2760,2760,2760,200
2016-07-12,2560,2600,2553,2600,2700
2016-07-13,2600,2760,2600,2760,4450
2016-07-14,2967,2967,2967,2967,3700
2016-07-15,2994,3190,2994,3190,2400
2016-07-18,3429,3429,3429,3429,200
2016-07-19,3600,3686,3600,3686,2000
2016-07-20,3962,3962,3962,3962,3000
2016-07-21,3665,3700,3665,3665,2050
2016-07-22,3600,3600,3400,3400,3550
2016-07-25,3200,3200,3120,3200,5850
2016-07-26,3010,3070,3010,3070,900
2016-07-27,3082,3082,3070,3080,6350
2016-07-28,3080,3300,3080,3300,5400
2016-07-29,3300,3300,3200,3200,5850
2016-08-01,3201,3201,3200,3200,1050
2016-08-02,3200,3300,3102,3102,1450
2016-08-03,3100,3100,3082,3082,4050
2016-08-04,3082,3082,3000,3000,3250
2016-08-05,3040,3050,3040,3050,150
2016-08-09,3100,3100,3090,3098,5100
2016-08-10,3200,3330,3200,3200,3800
2016-08-11,3200,3200,3200,3200,750
2016-08-12,3200,3200,3200,3200,2600
2016-08-16,3200,3240,3200,3240,100
2016-08-17,3240,3260,3240,3260,300
2016-08-18,3260,3260,3100,3100,4450
2016-08-19,3200,3260,3200,3260,7250
2016-08-22,3300,3300,3260,3260,2250
2016-08-23,3200,3202,3200,3200,5500
2016-08-24,3200,3330,3200,3330,1100
2016-08-25,3300,3300,3200,3200,8800
2016-08-26,3200,3300,3200,3300,14950
2016-08-29,3200,3200,3200,3200,1300
2016-08-30,3200,3240,3200,3240,1500
2016-08-31,3280,3300,3240,3240,11800
2016-09-01,3300,3300,3240,3300,7100
2016-09-02,3250,3300,3240,3240,12600
2016-09-05,3290,3290,3290,3290,50
2016-09-06,3260,3300,3240,3300,4600
2016-09-07,3241,3300,3241,3300,300
2016-09-08,3300,3300,3260,3260,2000
2016-09-09,3260,3260,3240,3240,6900
2016-09-13,3240,3240,3240,3240,750
2016-09-14,3240,3310,3240,3240,8800
2016-09-15,3360,3360,3360,3360,250
2016-09-16,3260,3280,3240,3240,2350
2016-09-19,3240,3260,3240,3260,5500
2016-09-20,3300,3300,3300,3300,15500
2016-09-21,3300,3400,3300,3400,9750
2016-09-22,3440,3440,3440,3440,50
2016-09-23,3665,3698,3469,3698,41150
2016-09-26,3490,3898,3490,3898,12450
2016-09-27,3798,3898,3798,3898,1400
2016-09-28,3838,3840,3800,3840,14750
2016-09-29,3780,3838,3600,3838,3200
2016-10-03,3550,3600,3550,3600,10100
2016-10-04,3600,3600,3500,3500,800
2016-10-05,3440,3440,3420,3420,1150
2016-10-06,3400,3400,3300,3300,950
2016-10-07,3300,3300,3300,3300,350
2016-10-10,3300,3400,3300,3400,2350
2016-10-11,3300,3300,3300,3300,50
2016-10-12,3280,3400,3280,3400,18100
2016-10-13,3300,3300,3260,3260,600
2016-10-14,3200,3200,3200,3200,650
2016-10-17,3200,3200,3200,3200,350
2016-10-18,3200,3200,3104,3104,1250
2016-10-19,3200,3200,3104,3104,300
2016-10-20,3100,3100,3000,3000,350
2016-10-21,3200,3200,3100,3100,23050
2016-10-24,3200,3200,3010,3100,5050
2016-10-25,3080,3100,3080,3100,2150
2016-10-26,3090,3090,2900,2900,1500
2016-10-27,2900,2900,2900,2900,150
2016-10-28,2880,2880,2683,2683,2300
2016-10-31,2680,2680,2600,2680,2650
2016-11-02,2680,2680,2620,2620,750
2016-11-03,2424,2600,2424,2600,1300
2016-11-04,2600,2795,2500,2700,4200
2016-11-07,2900,2900,2700,2900,8104
2016-11-08,2995,3005,2700,2900,9123
2016-11-09,3000,3100,3000,3100,6954
2016-11-10,3200,3330,3200,3330,5370
2016-11-11,3575,3575,3350,3350,9989
2016-11-14,3600,3600,3550,3590,3433
2016-11-16,3855,3855,3590,3600,11816
2016-11-17,3600,3670,3500,3570,7193
2016-11-18,3690,3690,3400,3600,3314
2016-11-21,3795,3795,3400,3500,2406
2016-11-22,3500,3500,3300,3500,16201
2016-11-23,3450,3450,3300,3300,1304
2016-11-24,3300,3495,3055,3330,18223
2016-11-25,3300,3300,3300,3300,7708
2016-11-28,3345,3345,3300,3300,1826
2016-11-29,3345,3345,3055,3345,1216
2016-11-30,3295,3295,3200,3225,2189
2016-12-01,3300,3300,3100,3100,3539
2016-12-02,3100,3300,3100,3300,2213
2016-12-05,3300,3300,3100,3220,1248
2016-12-06,3220,3225,3100,3100,961
2016-12-07,3100,3250,3100,3250,2787
2016-12-08,3300,3300,3200,3200,2348
2016-12-09,3330,3330,3205,3205,1127
2016-12-13,3295,3300,3200,3200,759
2016-12-14,3225,3440,3200,3400,1545
2016-12-15,3300,3395,3205,3300,851
2016-12-16,3300,3300,3100,3195,6428
2016-12-19,3225,3225,3095,3095,4637
2016-12-20,3100,3200,3100,3100,1838
2016-12-21,3195,3200,3020,3020,1186
2016-12-22,3160,3165,3150,3165,1235
2016-12-23,3165,3200,3100,3100,1718
2016-12-27,3200,3200,3000,3100,1845
2016-12-28,3200,3200,2955,3000,2279
2016-12-29,3000,3000,2900,2990,4035
2016-12-30,2990,3000,2990,3000,3334
2017-01-02,3000,3100,2900,2900,3138
2017-01-03,2900,2900,2800,2800,2439
2017-01-04,2875,2875,2795,2800,3215
2017-01-05,2800,2800,2700,2700,3425
2017-01-06,2705,2705,2650,2695,3521
2017-01-09,2695,2695,2600,2695,1828
2017-01-10,2690,2690,2595,2645,6823
2017-01-11,2600,2650,2500,2550,2669
2017-01-12,2590,2705,2500,2655,13217
2017-01-13,2655,2800,2500,2800,13527
2017-01-16,2900,3000,2900,3000,1694
2017-01-17,3100,3100,2850,3000,3300
2017-01-18,3000,3000,2850,2850,2547
2017-01-19,3000,3050,2905,2995,1435
2017-01-20,3000,3100,2995,3100,3636
2017-01-23,3195,3195,2900,3000,2914
2017-01-24,3000,3050,2800,3000,1831
2017-01-25,3000,3000,3000,3000,2867
2017-01-26,2990,2990,2775,2790,2968
2017-01-27,2935,2935,2600,2900,6488
2017-01-30,2850,2850,2705,2705,2206
2017-01-31,2850,2850,2600,2600,9370
2017-02-01,2500,2600,2500,2600,81196
2017-02-02,2600,2605,2500,2500,5077
2017-02-03,2500,2600,2500,2600,3500
2017-02-06,2615,2700,2500,2500,13190
2017-02-07,2600,2650,2500,2500,4525
2017-02-08,2505,2600,2495,2500,3076
2017-02-09,2500,2500,2495,2500,1255
2017-02-10,2500,2685,2500,2685,1405
2017-02-13,2720,2845,2500,2500,6896
2017-02-14,2680,2680,2500,2680,3110
2017-02-15,2500,2680,2480,2500,7654
2017-02-16,2600,2600,2595,2600,1289
2017-02-17,2500,2590,2405,2405,2705
2017-02-20,2585,2585,2585,2585,373
2017-02-21,2600,2600,2500,2505,54648
2017-02-22,2600,2600,2500,2500,2578
2017-02-23,2500,2595,2315,2485,6104
2017-02-24,2300,2600,2300,2500,2604
2017-02-27,2500,2500,2315,2315,2015
2017-02-28,2250,2250,2145,2145,5942
2017-03-01,2225,2305,1985,2100,5499
2017-03-02,2100,2100,2000,2000,3605
2017-03-03,2000,2150,1985,1985,4514
2017-03-06,2000,2130,2000,2000,3506
2017-03-07,1995,2150,1985,1985,3415
2017-03-08,2000,2000,1990,1990,2667
2017-03-09,2000,2000,1845,1985,2149
2017-03-10,1840,2100,1840,1840,34740
2017-03-13,1875,1975,1875,1900,3162
2017-03-14,2040,2040,1910,2040,24595
2017-03-15,2100,2150,2100,2150,1349
2017-03-16,2150,2250,2000,2250,3340
2017-03-17,2250,2250,2085,2085,2921
2017-03-20,2085,2090,1930,2000,9851
2017-03-21,2000,2000,1900,1900,1107
2017-03-22,1995,1995,1875,1900,16684
2017-03-23,1900,2000,1900,2000,3874
2017-03-24,2000,2000,1990,2000,2087
2017-03-27,2000,2090,1910,2090,3682
2017-03-28,2100,2100,2000,2005,409
2017-03-29,2010,2100,2000,2000,3537
2017-03-30,2090,2095,2000,2085,1703
2017-03-31,2090,2100,2000,2000,4145
2017-04-03,2000,2000,1955,1995,7613
2017-04-04,1995,1995,1875,1990,4988
2017-04-05,1900,1995,1875,1960,1220
2017-04-06,1960,2000,1900,2000,3067
2017-04-07,1995,1995,1995,1995,874
2017-04-10,1995,1995,1950,1950,1587
2017-04-11,1985,1985,1915,1915,1491
2017-04-12,1950,1950,1845,1845,2048
2017-04-13,1895,1895,1850,1895,655
2017-04-14,1895,2000,1895,2000,7662
2017-04-18,2000,2000,1950,2000,2904
2017-04-19,2000,2000,1850,1850,3778
2017-04-20,1850,1925,1845,1850,3402
2017-04-21,1850,1850,1800,1800,2777
2017-04-24,1800,1800,1795,1800,2706
2017-04-25,1800,1800,1665,1800,4775
2017-04-26,1800,1850,1750,1750,4825
2017-04-27,1800,1850,1800,1800,2099
2017-04-28,1900,1905,1900,1900,265
2017-05-02,2000,2000,1800,1850,2200
2017-05-03,1950,1950,1750,1750,2222
2017-05-04,1880,1880,1760,1800,1205
2017-05-05,1800,1800,1800,1800,1995
2017-05-08,1850,1850,1800,1800,561
2017-05-09,1800,1850,1800,1800,3345
2017-05-10,1800,1850,1760,1760,551
2017-05-11,1775,1775,1770,1770,406
2017-05-12,1800,1800,1750,1750,1037
2017-05-15,1750,1750,1700,1725,77
2017-05-16,1760,1760,1700,1700,2452
2017-05-17,1700,1780,1700,1700,1345
2017-05-18,1780,1780,1700,1700,3324
2017-05-19,1700,1705,1700,1700,1916
2017-05-22,1700,1700,1575,1575,1252
2017-05-23,1690,1690,1500,1600,1638
2017-05-24,1600,1600,1600,1600,302
2017-05-26,1600,1600,1500,1500,5181
2017-05-29,1600,1600,1500,1500,748
2017-05-30,1600,1600,1600,1600,815
2017-05-31,1600,1720,1600,1720,1027
2017-06-01,1725,1800,1700,1800,378
2017-06-02,1795,1800,1700,1800,1786
2017-06-06,1800,1900,1670,1670,3508
2017-06-07,1700,1700,1595,1595,12811
2017-06-08,1700,1700,1600,1680,750
2017-06-09,1795,1795,1695,1695,446
2017-06-12,1695,1700,1570,1700,1935
2017-06-13,1650,1695,1575,1600,1312
2017-06-14,1695,1695,1575,1575,1129
2017-06-15,1600,1690,1460,1690,3383
2017-06-16,1690,1690,1570,1570,2133
2017-06-19,1685,1685,1500,1500,2273
2017-06-20,1600,1610,1500,1600,325
2017-06-21,1600,1700,1500,1500,2070
2017-06-23,1550,1610,1390,1390,4213
2017-06-27,1490,1490,1490,1490,701
2017-06-28,1500,1500,1380,1400,3779
2017-06-29,1390,1500,1295,1500,2384
2017-06-30,1390,1495,1390,1495,1474
2017-07-03,1495,1495,1495,1495,1071
2017-07-04,1450,1495,1450,1495,969
2017-07-05,1490,1495,1400,1475,975
2017-07-06,1475,1485,1450,1485,1835
2017-07-07,1470,1470,1400,1400,1646
2017-07-10,1400,1400,1295,1395,1674
2017-07-11,1470,1470,1295,1380,3699
2017-07-12,1390,1390,1300,1380,3766
2017-07-13,1310,1390,1310,1350,836
2017-07-14,1350,1400,1350,1400,4263
2017-07-17,1400,1500,1390,1450,933
2017-07-18,1495,1495,1350,1450,3325
2017-07-19,1445,1445,1350,1395,576
2017-07-20,1390,1395,1300,1375,2623
2017-07-21,1370,1375,1275,1275,964
2017-07-24,1200,1300,1200,1300,1655
2017-07-25,1200,1360,1200,1200,1331
2017-07-26,1150,1150,1110,1110,2713
2017-07-27,1110,1110,1030,1050,7882
2017-07-28,1125,1125,1050,1125,3609
2017-07-31,1195,1195,1120,1145,560
2017-08-01,1200,1200,1150,1200,1747
2017-08-02,1190,1190,1150,1175,3231
2017-08-03,1175,1175,1145,1145,1853
2017-08-04,1145,1145,1105,1145,871
2017-08-08,1145,1150,1100,1145,2012
2017-08-09,1145,1145,1140,1145,1640
2017-08-10,1140,1200,1110,1200,3346
2017-08-11,1140,1250,1140,1250,4055
2017-08-14,1250,1315,1160,1315,2090
2017-08-16,1315,1410,1300,1400,45518
2017-08-17,1400,1400,1300,1300,5560
2017-08-18,1375,1375,1205,1205,1439
2017-08-21,1210,1295,1150,1295,1185
2017-08-22,1300,1375,1200,1200,910
2017-08-23,1290,1290,1110,1200,644
2017-08-24,1200,1250,1200,1245,1546
2017-08-25,1245,1245,1230,1230,125
2017-08-28,1245,1245,1205,1205,191
2017-08-29,1240,1240,1115,1115,35143
2017-08-30,1150,1150,1100,1100,7575
2017-08-31,1100,1100,1090,1100,2167
2017-09-04,1100,1130,1100,1100,724
2017-09-05,1130,1130,1110,1130,455
2017-09-06,1130,1130,1130,1130,147
2017-09-07,1130,1130,1100,1130,2590
2017-09-08,1130,1130,1110,1125,640
2017-09-11,1130,1130,1100,1130,815
2017-09-12,1130,1130,1100,1125,971
2017-09-13,1130,1130,1125,1125,618
2017-09-14,1115,1115,1100,1115,719
2017-09-15,1115,1115,1035,1035,703
2017-09-18,1080,1080,1035,1035,383
2017-09-19,1035,1035,960,1000,1270
2017-09-20,1030,1030,980,995,1051
2017-09-21,985,990,925,925,4556
2017-09-22,990,990,900,950,1040
2017-09-25,925,990,925,955,507
2017-09-26,990,990,950,950,1244
2017-09-27,1000,1000,925,925,3094
2017-09-28,950,960,950,960,304
2017-09-29,1000,1000,980,1000,996
2017-10-02,1000,1000,950,950,470
2017-10-03,950,995,925,925,3486
2017-10-04,925,990,880,990,1479
2017-10-05,1000,1000,990,995,491
2017-10-06,990,990,950,960,414
2017-10-09,980,990,965,965,438
2017-10-10,965,970,900,960,1174
2017-10-11,960,990,890,990,1805
2017-10-12,990,1000,920,1000,5099
2017-10-13,1000,1000,995,1000,7383
2017-10-16,1000,1000,925,925,1155
2017-10-17,940,990,900,990,2394
2017-10-18,975,990,975,990,345
2017-10-19,950,990,920,920,6419
2017-10-20,925,985,855,855,2112
2017-10-23,860,915,860,860,317
2017-10-24,920,920,920,920,60
2017-10-25,975,985,910,985,1027
2017-10-26,985,985,980,980,545
2017-10-27,975,975,930,930,84
2017-10-30,945,975,905,905,17473
2017-10-31,900,930,900,930,598
2017-11-02,985,985,985,985,325
2017-11-03,980,980,970,970,180
2017-11-06,980,985,955,980,3320
2017-11-07,980,985,910,985,4483
2017-11-08,985,985,975,975,609
2017-11-09,975,975,970,970,142
2017-11-10,970,975,935,935,392
2017-11-13,970,985,935,985,1681
2017-11-14,935,935,935,935,12
2017-11-16,935,975,935,945,898
2017-11-17,980,980,960,960,447
2017-11-20,965,965,900,900,6770
2017-11-21,950,950,910,910,47
2017-11-22,950,950,900,900,614
2017-11-23,900,900,900,900,367
2017-11-24,900,900,860,860,546
2017-11-27,900,900,860,860,573
2017-11-28,900,900,800,800,2087
2017-11-29,855,855,795,800,11252
2017-11-30,855,855,800,800,660
2017-12-04,800,850,800,800,11930
2017-12-05,800,800,740,740,7013
2017-12-06,795,795,795,795,416
2017-12-07,795,800,780,800,1143
2017-12-08,850,850,800,800,1220
2017-12-11,845,845,800,800,655
2017-12-12,810,810,800,800,2877
2017-12-13,800,800,795,800,1289
2017-12-14,800,800,785,795,1031
2017-12-15,795,795,795,795,322
2017-12-18,795,795,795,795,834
2017-12-19,800,800,795,795,457
2017-12-20,795,800,790,800,848
2017-12-21,790,800,785,800,822
2017-12-22,800,805,795,800,4893
2017-12-26,800,805,800,805,924
2017-12-27,805,805,800,805,1402
2017-12-28,810,850,810,850,1455
2017-12-29,900,910,900,900,287
2018-01-02,900,900,860,860,8667
2018-01-03,850,850,820,845,2177
2018-01-04,840,840,840,840,1730
2018-01-05,825,845,825,845,1202
2018-01-08,840,840,800,800,963
2018-01-09,800,800,800,800,3548
2018-01-10,800,800,775,800,1260
2018-01-11,795,805,795,800,830
2018-01-12,800,800,800,800,842
2018-01-15,840,840,840,840,45
2018-01-16,800,835,800,835,369
2018-01-17,845,850,805,850,590
2018-01-18,905,910,860,860,1782
2018-01-19,900,900,860,860,2363
2018-01-22,860,860,860,860,10
2018-01-23,860,860,850,860,3131
2018-01-24,865,865,860,860,345
2018-01-25,860,860,855,860,1374
2018-01-26,860,900,860,900,1115
2018-01-29,900,900,900,900,1645
2018-01-30,900,900,895,895,1122
2018-01-31,895,900,895,900,345
2018-02-01,900,900,835,900,7840
2018-02-02,900,900,895,895,338
2018-02-05,895,900,895,895,1034
2018-02-06,895,900,860,885,1738
2018-02-07,885,885,860,885,795
2018-02-08,900,900,865,865,270
2018-02-09,885,885,885,885,454
2018-02-12,885,885,855,855,841
2018-02-13,885,890,885,885,507
2018-02-14,880,900,865,895,1584
2018-02-15,880,900,880,880,2068
2018-02-16,900,910,895,910,5828
2018-02-19,910,950,910,910,3147
2018-02-20,950,950,900,925,1826
2018-02-21,925,950,910,920,708
2018-02-22,950,950,900,950,45820
2018-02-23,950,1000,950,1000,3320
2018-02-26,1075,1075,1075,1075,100
2018-02-27,1155,1155,1155,1155,220
2018-02-28,1240,1240,1240,1240,1765
2018-03-01,1330,1330,1330,1330,2060
2018-03-02,1400,1425,1400,1425,1487
2018-03-05,1500,1530,1500,1530,2283
2018-03-06,1600,1600,1480,1600,8416
2018-03-07,1580,1580,1500,1580,6261
2018-03-08,1490,1490,1465,1465,1312
2018-03-09,1425,1425,1360,1360,3331
2018-03-12,1330,1450,1260,1450,4566
2018-03-13,1450,1490,1345,1490,890
2018-03-14,1450,1450,1400,1450,167
2018-03-15,1445,1445,1345,1345,890
2018-03-16,1300,1400,1300,1395,2811
2018-03-19,1395,1400,1395,1400,316
2018-03-20,1395,1395,1360,1395,490
2018-03-21,1375,1400,1300,1300,6223
2018-03-22,1275,1395,1275,1325,100
2018-03-23,1350,1400,1350,1400,1585
2018-03-26,1350,1395,1325,1335,241
2018-03-27,1395,1395,1300,1300,347
2018-03-28,1325,1395,1300,1395,1342
2018-03-29,1370,1490,1370,1490,5403
2018-03-30,1480,1480,1395,1400,227
2018-04-03,1500,1500,1400,1495,1847
2018-04-04,1495,1600,1495,1500,9087
2018-04-05,1495,1530,1390,1390,3200
2018-04-06,1490,1490,1490,1490,81
2018-04-09,1400,1420,1380,1380,360
2018-04-10,1380,1380,1280,1280,2750
2018-04-11,1370,1370,1250,1280,3903
2018-04-12,1240,1280,1200,1280,889
2018-04-13,1280,1280,1225,1225,336
2018-04-16,1200,1215,1135,1200,2431
2018-04-17,1220,1220,1195,1200,4580
2018-04-18,1205,1205,1185,1195,797
2018-04-19,1185,1185,1110,1110,139
2018-04-20,1110,1190,1050,1190,420
2018-04-23,1160,1200,1110,1200,3310
2018-04-24,1190,1225,1190,1220,2795
2018-04-25,1220,1220,1190,1190,1888
2018-04-26,1120,1190,1115,1180,207
2018-04-27,1190,1190,1190,1190,3765
2018-04-30,1190,1190,1190,1190,1100
2018-05-02,1190,1190,1150,1150,597
2018-05-03,1150,1190,1150,1150,9766
2018-05-04,1125,1150,1125,1150,338
2018-05-07,1150,1150,1125,1125,964
2018-05-08,1150,1150,1100,1100,708
2018-05-09,1100,1100,1100,1100,837
2018-05-11,1100,1100,1020,1050,2787
2018-05-14,1000,1100,1000,1000,791
2018-05-15,1000,1050,990,1000,440
2018-05-16,1000,1000,925,925,1502
2018-05-17,900,940,900,920,1172
2018-05-18,985,985,915,915,3281
2018-05-22,915,915,900,915,1619
2018-05-23,910,915,905,915,801
2018-05-24,915,915,900,915,742
2018-05-25,915,950,915,915,15472
2018-05-28,915,915,910,915,510
2018-05-29,915,915,900,915,1613
2018-05-30,915,915,890,910,1696
2018-05-31,915,915,900,910,8880
2018-06-01,910,915,900,900,2900
2018-06-04,910,910,900,900,447
2018-06-05,890,905,890,900,1307
2018-06-06,900,910,900,905,643
2018-06-07,905,915,905,910,1189
2018-06-08,910,915,910,915,797
2018-06-12,915,915,910,915,1406
2018-06-13,915,980,915,980,1229
2018-06-15,995,1000,995,1000,2208
2018-06-18,1000,1050,995,1050,581
2018-06-19,1050,1100,1000,1000,6168
2018-06-20,1075,1075,1005,1005,1190
2018-06-21,1010,1010,1000,1000,1507
2018-06-22,1005,1075,1000,1075,145
2018-06-25,1060,1060,1050,1050,927
2018-06-26,1005,1050,1000,1010,870
2018-06-27,1010,1085,1010,1085,392
2018-06-28,1100,1100,1085,1085,352
2018-06-29,1100,1100,1085,1100,600
2018-07-02,1160,1160,1150,1150,5839
2018-07-03,1160,1180,1150,1180,1934
2018-07-04,1180,1180,1180,1180,605
2018-07-05,1170,1170,1160,1160,510
2018-07-06,1170,1170,1120,1120,756
2018-07-09,1120,1170,1120,1120,2569
2018-07-10,1145,1150,1140,1150,714
2018-07-11,1145,1150,1100,1100,1430
2018-07-12,1100,1150,1100,1150,290
2018-07-13,1150,1165,1150,1165,689
2018-07-16,1100,1140,1100,1130,400
2018-07-17,1100,1160,1050,1050,581
2018-07-18,1100,1100,1050,1100,189
2018-07-19,1100,1135,1100,1115,325
2018-07-20,1095,1100,1050,1095,834
2018-07-23,1100,1100,1050,1050,358
2018-07-24,1050,1050,1000,1050,1232
2018-07-25,1050,1055,1000,1000,1446
2018-07-26,1000,1000,925,1000,510
2018-07-27,1000,1000,1000,1000,349
2018-07-30,1000,1000,950,980,1062
2018-07-31,980,995,980,980,70
2018-08-01,980,1005,980,1005,4698
2018-08-02,1080,1080,1050,1075,184
2018-08-03,1075,1095,1000,1000,1314
2018-08-08,1020,1075,1020,1065,1173
2018-08-09,1060,1060,1000,1000,5514
2018-08-10,1020,1020,995,1000,11955
2018-08-13,1000,1020,995,1000,2005
2018-08-14,1000,1000,995,995,3176
2018-08-16,995,1000,995,995,11251
2018-08-17,1000,1000,980,990,315
2018-08-20,990,1000,990,1000,2248
2018-08-22,995,1005,980,985,140
2018-08-23,990,1000,990,990,9072
2018-08-24,995,1000,980,980,2298
2018-08-27,990,1000,980,1000,6209
2018-08-28,1000,1000,950,950,4834
2018-08-29,950,950,940,940,1670
2018-08-30,940,950,935,940,1088
2018-08-31,950,950,915,915,1650
2018-09-03,925,945,915,915,3490
2018-09-04,915,915,905,915,2664
2018-09-05,910,920,905,915,1580
2018-09-06,920,945,915,945,580
2018-09-07,945,945,930,930,50
2018-09-10,915,940,915,940,27
2018-09-11,945,945,940,940,30
2018-09-12,940,940,940,940,280
2018-09-13,930,940,930,935,196
2018-09-14,935,935,905,905,755
2018-09-17,930,930,915,915,707
2018-09-18,920,920,905,915,2909
2018-09-19,915,915,915,915,513
2018-09-20,915,915,905,915,288
2018-09-21,905,905,900,900,1345
2018-09-24,900,900,900,900,320
2018-09-25,910,910,890,890,531
2018-09-26,890,905,855,855,1090
2018-09-27,890,905,890,900,33566
2018-09-28,900,900,895,900,2192
2018-10-01,900,910,900,900,1508
2018-10-02,905,905,850,895,2324
2018-10-03,890,895,875,875,1462
2018-10-04,870,875,850,850,630
2018-10-05,865,865,800,800,1940
2018-10-08,860,860,800,800,3087
2018-10-09,800,860,800,850,1478
2018-10-10,850,850,800,845,2553
2018-10-11,845,845,835,840,729
2018-10-12,840,875,840,875,2675
2018-10-15,870,870,840,870,175
2018-10-16,870,870,840,860,3780
2018-10-17,860,870,800,800,10151
2018-10-18,805,805,800,800,1318
2018-10-19,800,800,790,800,685
2018-10-22,800,800,800,800,2055
2018-10-23,800,800,800,800,2744
2018-10-24,800,800,800,800,46216
2018-10-25,800,805,800,805,652
2018-10-26,865,865,810,825,2365
2018-10-29,875,875,800,865,21296
2018-10-30,865,925,865,925,2711
2018-10-31,990,990,990,990,2684
2018-11-02,1000,1000,1000,1000,675
2018-11-05,1000,1000,950,950,2522
2018-11-06,995,995,900,900,175
2018-11-07,900,900,895,900,66
2018-11-08,900,900,875,875,440
2018-11-09,870,870,870,870,157
2018-11-12,870,870,855,865,1693
2018-11-13,860,865,860,865,320
2018-11-14,865,865,850,850,378
2018-11-16,845,845,845,845,1365
2018-11-19,850,860,850,860,588
2018-11-21,860,860,860,860,83
2018-11-22,860,870,845,870,405
2018-11-23,900,925,860,925,2029
2018-11-26,900,915,900,915,270
2018-11-27,915,945,890,945,2124
2018-11-28,945,945,945,945,30
2018-11-29,945,1000,945,1000,2933
2018-11-30,1000,1000,1000,1000,2
2018-12-03,945,995,945,995,610
2018-12-04,995,995,990,990,57
2018-12-05,990,995,990,995,120
2018-12-06,950,960,925,960,210
2018-12-07,950,965,950,950,245
2018-12-10,915,915,915,915,110
2018-12-11,925,925,900,915,387
2018-12-12,900,900,880,900,1326
2018-12-13,900,915,900,900,4082
2018-12-14,905,905,850,850,952
2018-12-17,850,850,835,840,1789
2018-12-18,900,900,900,900,4002
2018-12-19,900,900,850,900,3176
2018-12-20,900,920,900,920,1869
2018-12-21,920,985,900,900,750
2018-12-24,905,905,905,905,100
2018-12-26,875,970,875,970,601
2018-12-27,995,995,975,975,783
2018-12-28,950,950,930,945,181
2018-12-31,930,950,930,945,30
2019-01-02,945,945,910,945,855
2019-01-03,910,910,900,900,2168
2019-01-04,880,895,880,895,153
2019-01-07,900,900,890,890,2478
2019-01-08,900,905,900,900,5254
2019-01-09,895,900,895,900,465
2019-01-10,900,935,900,935,714
2019-01-11,930,930,930,930,163
2019-01-14,910,935,895,930,9752
2019-01-15,915,925,915,915,11060
2019-01-16,900,915,895,915,1512
2019-01-17,915,915,915,915,51
2019-01-18,900,900,895,900,908
2019-01-21,900,915,895,895,1170
2019-01-22,895,910,895,910,3029
2019-01-23,900,900,900,900,6556
2019-01-24,900,900,900,900,1000
2019-01-25,915,925,850,850,7335
2019-01-28,850,850,850,850,191
2019-01-29,835,845,835,845,1004
2019-01-30,845,890,845,890,14724
2019-01-31,870,870,850,850,863
2019-02-01,850,895,800,800,13116
2019-02-04,815,815,800,805,622
2019-02-05,805,865,805,865,2245
2019-02-06,860,870,850,870,2770
2019-02-07,900,900,885,900,13096
2019-02-08,890,890,835,890,10820
2019-02-11,835,895,835,895,196
2019-02-12,840,925,840,925,3345
2019-02-13,925,930,925,930,586
2019-02-14,925,930,925,925,2515
2019-02-15,925,945,925,945,353
2019-02-19,940,940,900,900,5694
2019-02-20,940,940,900,900,9327
2019-02-21,900,900,895,900,6114
2019-02-22,900,900,895,895,3836
2019-02-25,900,900,890,890,1587
2019-02-26,900,900,900,900,123
2019-02-27,870,875,870,875,580
2019-02-28,875,895,875,895,280
2019-03-01,875,900,875,900,470
2019-03-04,900,900,880,900,74
2019-03-05,900,900,895,895,281
2019-03-06,890,900,850,900,2067
2019-03-07,895,900,895,900,824
2019-03-08,900,900,880,880,460
2019-03-11,900,900,900,900,20
2019-03-12,900,900,890,890,305
2019-03-13,885,900,885,890,871
2019-03-14,890,890,890,890,60
2019-03-15,885,885,850,850,2157
2019-03-18,880,885,880,885,30
2019-03-19,885,920,885,920,626
2019-03-20,920,935,920,935,280
2019-03-21,930,935,930,935,50
2019-03-22,885,935,885,935,11
2019-03-25,930,935,920,935,1312
2019-03-26,940,945,940,945,572
2019-03-27,945,945,945,945,102
2019-03-28,945,945,935,940,345
2019-03-29,920,920,920,920,400
2019-04-01,890,915,890,890,2253
2019-04-02,890,900,890,890,3356
2019-04-03,885,920,885,920,1078
2019-04-04,920,920,900,900,125
2019-04-05,920,920,900,900,160
2019-04-08,920,920,900,920,287
2019-04-09,965,965,910,910,430
2019-04-10,910,910,905,905,580
2019-04-11,920,920,920,920,250
2019-04-12,925,925,910,910,845
2019-04-15,910,915,900,900,5400
2019-04-16,920,920,900,900,168
2019-04-17,900,900,900,900,126
2019-04-18,900,920,895,920,298
2019-04-19,905,965,900,900,1181
2019-04-23,900,950,900,950,1208
2019-04-24,965,1020,965,1020,9838
2019-04-25,1025,1095,1025,1095,3190
2019-04-26,1100,1150,1100,1100,5175
2019-04-29,1100,1100,1050,1050,5729
2019-04-30,1025,1050,1025,1045,144
2019-05-02,1025,1050,1000,1025,1452
2019-05-03,1025,1025,1025,1025,300
2019-05-06,1025,1025,1000,1000,1593
2019-05-07,1000,1000,1000,1000,192
2019-05-08,1000,1000,960,1000,4443
2019-05-09,990,990,960,960,932
2019-05-10,1000,1000,1000,1000,262
2019-05-13,1000,1000,950,995,3905
2019-05-14,980,980,980,980,60
2019-05-15,965,995,950,955,1460
2019-05-16,970,970,970,970,400
2019-05-17,980,980,945,945,825
2019-05-20,940,940,940,940,61
2019-05-21,935,940,920,930,698
2019-05-22,920,940,920,920,2378
2019-05-23,940,985,940,985,443
2019-05-24,990,990,930,930,753
2019-05-27,930,935,930,930,300
2019-05-28,940,940,940,940,52
2019-05-29,930,930,930,930,75
2019-05-31,940,940,925,925,68
2019-06-03,930,930,880,900,311
2019-06-05,880,900,835,835,5955
2019-06-06,895,895,800,810,5182
2019-06-07,835,850,825,850,1100
2019-06-11,850,850,830,850,4949
2019-06-12,850,850,845,845,848
2019-06-13,850,850,845,850,8554
2019-06-14,875,875,875,875,3140
2019-06-17,900,900,885,885,1227
2019-06-18,885,940,885,940,652
2019-06-19,905,940,875,875,11472
2019-06-20,940,940,855,855,3011
2019-06-21,875,915,875,900,370
2019-06-24,900,900,900,900,21
2019-06-25,900,900,880,880,248
2019-06-26,895,895,895,895,20
2019-06-27,885,895,875,875,991
2019-06-28,885,885,885,885,216
2019-07-01,880,880,835,835,2926
2019-07-02,835,875,835,875,4192
2019-07-03,835,885,835,875,845
2019-07-04,885,885,885,885,1040
2019-07-05,880,885,840,885,261
2019-07-08,880,880,870,875,281
2019-07-09,880,880,875,875,421
2019-07-10,865,865,865,865,100
2019-07-11,875,875,850,850,1162
2019-07-12,860,860,850,850,600
2019-07-15,860,875,860,870,657
2019-07-16,870,870,840,840,1846
2019-07-17,850,850,830,850,1846
2019-07-18,850,850,815,850,820
2019-07-19,865,865,855,855,1053
2019-07-22,855,855,855,855,320
2019-07-23,855,855,855,855,561
2019-07-24,865,870,855,870,1393
2019-07-25,870,870,855,870,806
2019-07-26,870,870,860,870,309
2019-07-29,870,870,860,870,357
2019-07-30,875,875,875,875,679
2019-07-31,820,850,820,850,115
2019-08-01,895,895,840,840,144
2019-08-02,800,835,800,835,3000
2019-08-05,840,840,835,840,410
2019-08-06,840,840,840,840,20
2019-08-08,840,840,835,840,518
2019-08-09,830,830,800,830,1109
2019-08-13,830,830,800,830,188
2019-08-14,830,830,820,820,372
2019-08-16,820,840,820,840,1311
2019-08-19,825,840,805,830,217
2019-08-20,830,840,830,830,173
2019-08-21,840,840,825,825,794
2019-08-22,835,835,835,835,1
2019-08-23,840,840,825,825,155
2019-08-26,835,835,825,825,450
2019-08-27,835,835,820,835,23441
2019-08-28,835,835,820,830,1434
2019-08-29,830,830,805,805,1462
2019-08-30,805,835,805,835,308
2019-09-02,835,835,805,805,506
2019-09-03,830,830,800,805,807
2019-09-04,805,805,800,805,2747
2019-09-05,805,805,805,805,101
2019-09-06,805,805,805,805,82
2019-09-09,805,805,805,805,96
2019-09-10,805,805,805,805,437
2019-09-11,830,830,830,830,154
2019-09-12,830,830,805,820,388
2019-09-13,820,830,820,820,177
2019-09-16,830,835,815,825,3320
2019-09-17,825,825,825,825,321
2019-09-18,820,820,810,810,652
2019-09-19,820,820,800,800,2626
2019-09-20,815,815,790,790,178
2019-09-23,800,800,800,800,635
2019-09-24,800,800,790,790,952
2019-09-25,780,780,775,775,398
2019-09-26,775,775,775,775,78
2019-09-27,775,775,755,765,556
2019-09-30,775,775,765,775,155
2019-10-01,775,775,765,765,660
2019-10-02,750,780,750,780,1740
2019-10-03,775,800,775,800,973
2019-10-04,830,830,830,830,12
2019-10-07,830,830,800,800,313
2019-10-08,815,815,800,815,257
2019-10-09,815,830,800,830,210
2019-10-10,825,830,775,775,1476
2019-10-11,775,800,775,800,68
2019-10-14,800,800,780,780,241
2019-10-15,780,780,780,780,570
2019-10-16,780,780,770,770,395
2019-10-17,770,785,750,750,1573
2019-10-18,740,770,740,770,680
2019-10-21,720,755,720,755,1742
2019-10-22,760,760,735,750,470
2019-10-23,720,750,710,750,1115
2019-10-24,750,760,750,750,1220
2019-10-25,750,750,710,710,334
2019-10-28,710,730,710,710,6309
2019-10-29,710,720,710,720,317
2019-10-30,725,740,725,740,331
2019-10-31,750,750,740,750,1470
2019-11-04,750,750,745,750,549
2019-11-05,750,750,745,745,27
2019-11-06,740,740,740,740,297
2019-11-07,750,750,750,750,20
2019-11-08,740,750,740,750,149
2019-11-11,750,750,740,740,1542
2019-11-12,740,750,740,750,2893
2019-11-13,740,745,710,710,4422
2019-11-14,710,750,710,750,93200
2019-11-18,800,800,800,800,25
2019-11-19,795,800,795,795,752
2019-11-20,790,795,790,795,489
2019-11-21,795,795,750,750,456
2019-11-22,800,800,745,750,235
2019-11-25,740,740,700,715,3212
2019-11-26,730,735,700,700,919
2019-11-27,700,750,700,750,338
2019-11-28,750,750,750,750,110
2019-11-29,745,745,695,700,1744
2019-12-02,745,750,745,745,272
2019-12-03,740,740,700,700,2140
2019-12-04,700,700,700,700,1085
2019-12-05,720,720,720,720,226
2019-12-06,730,730,720,720,327
2019-12-09,720,730,720,730,133
2019-12-10,730,730,725,725,736
2019-12-11,730,735,730,730,203
2019-12-12,730,735,700,700,3021
2019-12-13,730,730,730,730,50
2019-12-16,725,725,725,725,572
2019-12-17,725,730,725,730,513
2019-12-18,725,730,725,730,1643
2019-12-19,730,730,725,730,575
2019-12-20,730,730,725,725,728
2019-12-23,725,730,725,730,360
2019-12-24,730,745,730,745,131
2019-12-26,745,745,745,745,20
2019-12-27,750,750,745,745,314
2019-12-30,745,745,710,745,26660
2019-12-31,745,800,745,800,12861
2020-01-02,850,850,850,850,75
2020-01-03,850,910,850,900,1133
2020-01-06,895,900,895,900,1231
2020-01-07,900,900,890,890,710
2020-01-08,850,850,840,840,99
2020-01-09,860,860,780,780,1503
2020-01-10,795,795,780,790,1139
2020-01-13,800,800,775,775,244
2020-01-14,775,775,750,750,1112
2020-01-15,805,805,805,805,17
2020-01-16,850,850,850,850,185
2020-01-17,850,850,850,850,90
2020-01-20,840,850,840,850,694
2020-01-21,850,890,850,890,37
2020-01-22,890,890,880,890,154
2020-01-23,870,890,855,890,1175
2020-01-24,880,890,880,880,151
2020-01-27,880,890,860,860,406
2020-01-28,860,890,860,860,567
2020-01-29,850,860,850,860,547
2020-01-30,850,880,850,860,682
2020-01-31,860,885,860,885,692
2020-02-03,880,890,850,860,5349
2020-02-04,860,865,860,860,1788
2020-02-05,880,885,880,885,34047
2020-02-06,885,885,860,885,4128
2020-02-07,895,895,850,850,2549
2020-02-10,860,860,800,805,8230
2020-02-11,850,850,815,815,18358
2020-02-12,810,810,810,810,420
2020-02-13,800,800,800,800,425
2020-02-14,800,800,750,800,937
2020-02-17,800,800,800,800,2126
2020-02-18,800,800,800,800,94
2020-02-19,800,800,790,790,186
2020-02-20,800,800,790,790,207
2020-02-21,790,790,780,790,2468
2020-02-24,780,815,780,815,3662
2020-02-25,810,810,795,810,652
2020-02-26,810,810,805,810,270
2020-02-27,810,810,805,810,522
2020-02-28,805,810,805,810,93
2020-03-02,810,810,810,810,337
2020-03-03,810,810,800,810,2184
2020-03-04,810,810,810,810,495
2020-03-05,815,815,815,815,55
2020-03-06,815,815,800,800,1413
2020-03-09,815,815,800,800,686
2020-03-10,800,815,800,800,1849
2020-03-11,805,805,800,800,2470
2020-03-12,800,850,800,830,1858
2020-03-13,830,830,815,815,127
2020-03-16,815,815,800,800,621
2020-03-17,800,800,795,795,378
2020-03-18,800,800,795,795,139
2020-03-19,795,795,795,795,546
2020-03-20,795,795,770,770,208
2020-03-23,790,790,750,750,2388
2020-03-24,770,800,770,800,9
2020-03-26,795,795,795,795,385
2020-03-27,740,785,740,740,892
2020-03-30,785,795,740,740,590
2020-03-31,750,750,750,750,50
2020-04-01,755,755,735,735,2782
2020-04-02,750,750,700,700,5527
2020-04-03,700,700,700,700,475
2020-04-06,700,700,700,700,375
2020-04-07,700,700,695,700,6633
2020-04-08,700,700,700,700,1309
2020-04-09,700,700,700,700,231
2020-04-10,700,700,695,695,228
2020-04-14,700,700,695,695,2475
2020-04-15,700,700,700,700,150
2020-04-16,695,700,690,700,1474
2020-04-17,700,700,675,675,789
2020-04-20,675,700,675,700,508
2020-04-21,700,700,675,675,2841
2020-04-22,695,695,650,650,598
2020-04-23,650,650,650,650,2
2020-04-24,680,680,635,635,4929
2020-04-27,635,635,630,635,4417
2020-04-28,645,645,635,645,1610
2020-04-29,650,650,645,645,695
2020-04-30,640,640,600,600,6104
2020-05-04,600,645,600,600,3300
2020-05-05,645,645,600,600,3610
2020-05-06,600,600,600,600,4282
2020-05-07,645,645,600,600,1475
2020-05-08,605,605,595,600,3087
2020-05-11,600,600,600,600,5899
2020-05-12,600,600,600,600,6078
2020-05-13,625,625,590,625,3154
2020-05-14,625,625,590,600,7242
2020-05-15,625,640,625,640,605
2020-05-18,625,640,620,630,2132
2020-05-19,635,640,600,600,4568
2020-05-22,630,630,600,630,1181
2020-05-25,600,635,600,635,1977
2020-05-26,640,640,590,590,2125
2020-05-27,605,605,600,605,3167
2020-05-28,630,630,590,600,3407
2020-05-29,580,600,575,600,18541
2020-06-02,635,635,590,600,3550
2020-06-03,630,630,605,605,4801
2020-06-04,605,630,605,610,62
2020-06-05,630,640,620,640,1794
2020-06-08,640,640,635,640,1122
2020-06-09,650,650,640,640,1751
2020-06-10,640,640,640,640,219
2020-06-11,625,685,615,685,11036
2020-06-12,685,685,680,685,2131
2020-06-15,655,700,650,695,3241
2020-06-16,695,695,680,685,189
2020-06-17,685,685,685,685,163
2020-06-18,685,685,680,680,2144
2020-06-19,655,680,655,675,848
2020-06-22,675,675,670,670,711
2020-06-23,670,670,665,665,236
2020-06-24,665,670,660,660,983
2020-06-25,665,665,655,655,1013
2020-06-26,655,670,655,670,760
2020-06-29,660,670,660,660,1192
2020-06-30,650,660,650,650,5105
2020-07-01,645,645,640,640,420
2020-07-02,640,645,640,645,639
2020-07-03,645,655,640,640,993
2020-07-06,635,650,635,650,1627
2020-07-07,655,655,650,650,135
2020-07-08,645,660,645,660,750
2020-07-09,660,660,660,660,14
2020-07-10,660,670,660,660,1679
2020-07-13,675,675,660,660,558
2020-07-14,650,650,645,645,575
2020-07-15,645,645,645,645,347
2020-07-16,645,645,605,605,3358
2020-07-17,580,605,580,605,1834
2020-07-20,600,605,600,605,1150
2020-07-21,610,610,605,605,100
2020-07-22,610,645,605,610,20632
2020-07-23,640,640,610,610,35
2020-07-24,610,620,605,610,5267
2020-07-27,610,610,610,610,123
2020-07-28,610,610,610,610,408
2020-07-29,610,610,605,610,679
2020-07-30,610,610,610,610,532
2020-08-03,615,615,565,565,2083
2020-08-04,565,565,565,565,2000
2020-08-05,565,570,560,565,2935
2020-08-06,560,560,560,560,513
2020-08-10,560,600,550,580,40370
2020-08-11,600,600,595,600,477
2020-08-12,590,595,585,590,1184
2020-08-13,600,600,580,585,3354
2020-08-14,585,590,580,590,708
2020-08-17,600,610,590,610,70
2020-08-18,600,600,590,590,143
2020-08-19,590,590,580,580,808
2020-08-20,580,585,580,580,1401
2020-08-21,575,575,570,570,3736
2020-08-24,575,575,570,575,30090
2020-08-25,575,575,570,570,902
2020-08-26,570,575,565,575,3554
2020-08-27,575,575,560,570,10084
2020-08-28,610,610,570,570,2160
2020-08-31,560,590,560,590,4011
2020-09-01,575,600,570,600,9299
2020-09-02,600,600,600,600,265
2020-09-03,600,600,570,570,5243
2020-09-04,610,610,600,610,9885
2020-09-07,610,610,580,605,3864
2020-09-08,605,610,605,610,198
2020-09-09,610,655,610,655,221
2020-09-10,650,650,650,650,80
2020-09-11,645,650,610,645,247
2020-09-15,640,640,610,640,40620
2020-09-16,630,635,610,610,715
2020-09-17,625,625,615,620,3152
2020-09-18,600,620,580,620,2311
2020-09-21,620,620,610,620,509
2020-09-22,615,615,615,615,152
2020-09-23,610,610,610,610,460
2020-09-24,610,610,610,610,1117
2020-09-25,600,600,600,600,7241
2020-09-28,600,600,590,590,1576
2020-09-29,590,600,570,600,3972
2020-09-30,590,600,590,600,590
2020-10-01,590,595,590,590,1502
2020-10-02,590,600,590,590,18944
2020-10-05,600,600,585,585,7295
2020-10-06,590,590,580,585,570
2020-10-07,590,595,590,595,84
2020-10-08,600,605,600,600,1351
2020-10-09,615,615,615,615,1
2020-10-12,615,615,615,615,670
2020-10-13,615,615,615,615,1012
2020-10-14,600,630,595,630,1422
2020-10-15,615,625,600,625,5789
2020-10-16,625,625,625,625,70
2020-10-19,630,630,625,625,32221
2020-10-20,620,620,620,620,234
2020-10-21,625,625,600,620,5576
2020-10-22,620,620,595,620,1265
2020-10-23,620,620,620,620,1105
2020-10-26,615,615,610,610,57
2020-10-27,615,615,600,610,1150
2020-10-28,600,610,600,610,190
2020-10-30,600,610,600,610,349
2020-11-02,610,610,565,600,47242
2020-11-03,600,605,600,600,230
2020-11-04,600,600,600,600,820
2020-11-05,595,595,580,595,184
2020-11-06,590,600,590,600,736
2020-11-09,600,600,590,590,1006
2020-11-10,590,595,590,595,913
2020-11-11,595,600,595,600,350
2020-11-12,600,600,600,600,9633
2020-11-13,595,600,595,600,2529
2020-11-16,645,645,625,645,2931
2020-11-17,645,680,645,680,2005
2020-11-18,675,675,675,675,670
2020-11-19,670,670,650,665,1248
2020-11-20,660,665,650,665,5499
2020-11-23,665,665,650,650,3062
2020-11-24,600,630,600,630,1596
2020-11-25,605,605,605,605,460
2020-11-26,600,605,600,605,75
2020-11-27,600,605,600,600,5694
2020-11-30,600,600,600,600,796
2020-12-01,600,600,595,600,6840
2020-12-02,600,600,590,600,2785
2020-12-03,600,645,600,630,650
2020-12-04,630,630,595,600,1411
2020-12-07,600,600,600,600,488
2020-12-08,600,600,600,600,333
2020-12-09,605,630,600,630,101
2020-12-10,620,620,620,620,400
2020-12-11,600,630,595,620,4237
2020-12-14,630,630,630,630,272
2020-12-15,635,635,620,620,386
2020-12-16,635,635,620,620,713
2020-12-17,620,620,620,620,8
2020-12-18,630,630,620,620,290
2020-12-21,625,650,620,640,4576
2020-12-22,640,650,640,650,33634
2020-12-23,650,675,650,650,5134
2020-12-24,650,650,650,650,6403
2020-12-28,650,650,625,645,268
2020-12-29,625,645,625,645,1479
2020-12-30,645,645,630,630,308
2020-12-31,600,600,600,600,1725
2021-01-04,625,625,615,615,375
2021-01-05,615,640,615,615,1286
2021-01-06,600,640,600,640,1019
2021-01-07,640,640,640,640,1102
2021-01-08,640,640,630,630,1047
2021-01-11,630,630,630,630,741
2021-01-12,625,640,620,640,650
2021-01-13,640,640,620,640,608
2021-01-14,640,640,620,620,30
2021-01-15,640,640,620,620,1673
2021-01-18,650,650,620,620,658
2021-01-19,660,660,650,650,1280
2021-01-20,660,660,650,650,1913
2021-01-21,650,650,650,650,261
2021-01-22,650,650,650,650,30
2021-01-25,650,650,620,650,182
2021-01-26,650,650,640,645,524
2021-01-27,650,650,640,645,182
2021-01-28,645,645,645,645,317
2021-01-29,645,645,645,645,220
2021-02-01,645,645,640,645,1479
2021-02-02,645,645,600,600,6682
2021-02-03,600,635,590,600,11755
2021-02-04,600,600,595,600,2004
2021-02-05,600,600,580,600,1445
2021-02-08,595,600,595,600,3019
2021-02-09,600,600,580,590,3286
2021-02-10,585,600,580,590,3566
2021-02-11,595,595,580,580,6028
2021-02-12,580,580,580,580,1707
2021-02-15,600,600,580,580,222
2021-02-16,585,585,570,580,1785
2021-02-17,595,595,580,590,2071
2021-02-18,590,590,590,590,659
2021-02-19,595,595,560,595,2974
2021-02-22,595,595,590,590,4080
2021-02-23,595,595,590,595,1272
2021-02-24,595,595,585,585,1260
2021-02-25,585,585,575,585,1974
2021-02-26,585,585,585,585,255
2021-03-01,585,590,575,580,6377
2021-03-02,585,585,575,585,3621
2021-03-03,585,585,585,585,740
2021-03-04,590,590,590,590,1151
2021-03-05,590,590,585,590,1515
2021-03-08,590,590,590,590,585
2021-03-09,590,590,590,590,1615
2021-03-10,590,595,590,595,23675
2021-03-11,590,595,590,595,1260
2021-03-12,595,595,595,595,1326
2021-03-15,590,600,590,600,9032
2021-03-16,595,595,590,590,7893
2021-03-17,595,595,590,595,3507
2021-03-18,595,595,595,595,153
2021-03-19,595,595,595,595,3725
2021-03-22,595,595,590,590,285
2021-03-23,595,595,590,595,1079
2021-03-24,595,600,590,590,3240
2021-03-25,600,600,595,595,595
2021-03-26,595,595,590,595,2536
2021-03-29,595,595,590,595,105
2021-03-30,590,595,590,595,635
2021-03-31,595,600,595,600,15484
2021-04-01,600,600,600,600,450
2021-04-02,600,600,600,600,108
2021-04-06,600,600,590,595,4071
2021-04-07,595,595,595,595,578
2021-04-08,595,595,590,590,2378
2021-04-09,590,595,590,590,512
2021-04-12,590,590,580,580,1344
2021-04-13,585,600,585,585,2724
2021-04-14,590,590,580,590,2515
2021-04-15,585,585,575,585,1311
2021-04-16,600,600,550,580,14161
2021-04-19,585,585,580,580,946
2021-04-20,580,580,580,580,957
2021-04-21,580,580,550,580,1896
2021-04-22,580,590,580,585,2977
2021-04-23,585,590,580,585,4996
2021-04-26,585,590,585,590,1357
2021-04-27,590,590,585,590,2755
2021-04-28,590,590,590,590,2257
2021-04-29,590,590,580,580,1387
2021-04-30,580,590,580,590,592
2021-05-03,590,590,585,585,1700
2021-05-04,580,580,550,580,8708
2021-05-05,570,570,550,560,6620
2021-05-06,520,565,520,560,4444
2021-05-07,570,585,565,580,5654
2021-05-10,580,590,580,580,5336
2021-05-11,590,590,575,585,11157
2021-05-14,590,590,580,585,3330
2021-05-17,585,590,580,585,10865
2021-05-18,585,590,585,590,8360
2021-05-19,590,590,585,590,2420
2021-05-20,590,590,585,590,2923
2021-05-21,590,590,580,585,11669
2021-05-25,585,595,585,590,9598
2021-05-26,590,600,585,600,9780
2021-05-27,590,605,590,605,900
2021-05-28,600,610,600,610,251
2021-05-31,605,605,600,600,4498
2021-06-01,600,600,600,600,2680
2021-06-02,600,600,595,595,3161
2021-06-03,595,595,585,595,1811
2021-06-04,595,600,595,600,12530
2021-06-07,595,610,595,610,3627
2021-06-08,600,610,595,605,27352
2021-06-09,630,630,600,630,13578
2021-06-10,625,625,625,625,7093
2021-06-11,625,630,620,620,8884
2021-06-14,625,625,620,620,2208
2021-06-15,625,625,620,625,2886
2021-06-16,625,630,620,630,2238
2021-06-17,630,630,620,630,2975
2021-06-18,625,630,625,630,738
2021-06-21,650,650,645,645,2200
2021-06-22,645,650,645,645,545
2021-06-23,645,645,635,645,239
2021-06-24,645,650,635,645,2987
2021-06-25,630,690,630,690,2179
2021-06-28,690,740,680,740,3182
2021-06-29,795,795,765,795,8723
2021-06-30,800,800,770,780,2232
2021-07-01,765,780,725,725,389
2021-07-02,725,750,675,720,583
2021-07-05,720,720,670,700,5018
2021-07-06,700,700,655,700,965
2021-07-07,710,710,705,710,1810
2021-07-08,715,740,715,740,1165
2021-07-09,715,715,710,715,1093
2021-07-12,710,720,710,720,15
2021-07-13,720,740,715,740,575
2021-07-14,700,730,700,730,1611
2021-07-15,730,730,710,730,1103
2021-07-16,730,730,725,725,392
2021-07-19,730,750,725,750,6135
2021-07-21,770,770,750,750,2301
2021-07-22,750,750,710,710,1676
2021-07-23,710,710,700,700,1131
2021-07-26,710,750,700,700,2036
2021-07-27,705,750,700,700,1828
2021-07-28,750,750,705,745,1441
2021-07-29,745,745,710,710,1006
2021-07-30,745,745,710,710,245
2021-08-02,750,750,710,710,1038
2021-08-03,745,745,715,715,208
2021-08-04,715,750,715,745,5130
2021-08-05,745,745,715,715,1325
2021-08-06,740,740,740,740,60
2021-08-09,715,740,715,715,2546
2021-08-10,715,720,715,720,280
2021-08-11,720,720,710,710,368
2021-08-12,710,730,710,710,4877
2021-08-13,715,730,700,730,3042
2021-08-16,730,745,725,745,648
2021-08-17,745,745,725,725,2884
2021-08-18,725,725,710,725,725
2021-08-19,725,725,705,715,781
2021-08-20,745,750,715,715,3352
2021-08-23,745,745,720,720,1004
2021-08-24,730,735,730,735,404
2021-08-25,735,750,730,750,2367
2021-08-26,750,765,750,765,3227
2021-08-27,765,770,765,765,2281
2021-08-30,765,780,765,775,3128
2021-08-31,775,780,775,775,1893
2021-09-01,775,780,775,780,3320
2021-09-02,790,835,780,805,770
2021-09-03,830,835,805,805,466
2021-09-06,805,835,805,835,687
2021-09-07,835,835,805,835,2431
2021-09-08,835,835,820,835,2566
2021-09-09,835,870,835,870,20170
2021-09-10,870,870,855,870,1289
2021-09-13,870,870,835,870,420
2021-09-14,840,870,840,865,21584
2021-09-15,870,870,840,870,4557
2021-09-16,870,870,835,840,509
2021-09-17,850,850,835,850,5330
2021-09-20,845,860,840,855,920
2021-09-21,870,870,850,870,6903
2021-09-22,875,875,850,875,4245
2021-09-23,850,895,850,895,18620
2021-09-24,895,895,870,895,889
2021-09-27,895,950,895,910,4606
2021-09-28,920,930,910,930,1706
2021-09-29,920,930,915,920,3254
2021-09-30,905,905,890,890,2327
2021-10-01,890,900,870,875,4304
2021-10-04,895,895,850,880,1454
2021-10-05,880,880,840,875,8727
2021-10-06,845,845,835,835,2253
2021-10-07,845,845,835,845,791
2021-10-08,845,845,840,845,1564
2021-10-11,850,875,835,875,1337
2021-10-12,850,900,840,900,6288
2021-10-13,930,930,900,920,9604
2021-10-14,915,950,915,950,4122
2021-10-15,950,950,915,915,3496
2021-10-19,915,950,875,950,4134
2021-10-20,915,1010,880,1010,9047
2021-10-21,1060,1060,940,1060,3719
2021-10-22,1060,1060,985,1060,1154
2021-10-25,1055,1055,985,1050,1977
2021-10-26,1000,1040,1000,1000,8988
2021-10-27,1000,1035,1000,1035,1002
2021-10-28,1000,1035,965,1035,7561
2021-10-29,1040,1040,1000,1035,8732
2021-11-02,960,960,960,960,411
2021-11-03,900,900,890,890,1559
2021-11-04,840,850,825,840,6903
2021-11-05,825,840,825,825,6248
2021-11-08,835,835,775,800,4338
2021-11-09,800,800,790,790,2519
2021-11-10,790,800,790,800,1889
2021-11-11,800,840,790,840,1421
2021-11-12,840,840,800,840,4837
2021-11-16,840,900,800,900,1346
2021-11-17,835,910,835,900,2570
2021-11-18,900,900,840,895,1151
2021-11-19,850,890,850,890,5119
2021-11-22,850,890,850,890,447
2021-11-23,890,890,850,870,1221
2021-11-24,870,870,840,850,2193
2021-11-25,850,850,840,850,2394
2021-11-26,825,845,825,845,338
2021-11-29,850,850,830,830,2658
2021-11-30,850,890,850,880,4242
2021-12-01,890,900,870,895,2468
2021-12-02,880,890,850,850,3098
2021-12-03,855,910,855,900,7111
2021-12-06,900,900,850,900,3808
2021-12-07,900,900,850,850,4592
2021-12-08,850,850,830,830,1713
2021-12-09,830,835,830,835,2786
2021-12-10,835,835,830,830,470
2021-12-13,830,835,825,825,1112
2021-12-14,830,830,800,800,4769
2021-12-15,800,830,800,825,4726
2021-12-16,825,885,790,885,2509
2021-12-17,845,850,845,845,1022
2021-12-20,840,885,840,885,10134
2021-12-21,830,875,830,830,191
2021-12-22,830,885,810,885,2081
2021-12-23,850,880,850,870,527
2021-12-24,880,880,850,880,995
2021-12-27,880,880,850,865,2120
2021-12-28,865,865,850,860,2726
2021-12-29,850,880,850,880,433
2021-12-30,875,880,855,860,451
2021-12-31,860,860,860,860,64
2022-01-03,860,860,855,860,122
2022-01-04,850,850,845,845,6725
2022-01-05,895,895,860,865,1153
2022-01-06,865,865,860,865,350
2022-01-07,865,865,845,845,1074
2022-01-10,845,850,835,845,3059
2022-01-11,845,845,835,835,56
2022-01-12,890,890,845,890,1345
2022-01-13,845,880,830,830,10804
2022-01-14,845,880,830,870,688
2022-01-17,845,845,840,845,1150
2022-01-18,845,850,830,830,1447
2022-01-19,830,830,830,830,308
2022-01-20,830,850,825,850,3306
2022-01-21,845,850,845,845,2472
2022-01-24,840,840,815,835,834
2022-01-25,835,850,835,835,3086
2022-01-26,850,850,835,845,317
2022-01-27,840,860,840,860,17291
2022-01-28,860,900,860,860,13033
2022-01-31,865,865,850,860,2745
2022-02-01,860,895,860,895,2519
2022-02-02,860,895,860,890,1384
2022-02-03,880,900,880,900,6947
2022-02-04,900,940,895,940,6948
2022-02-07,900,920,900,920,6122
2022-02-08,950,985,905,985,30328
2022-02-09,980,1000,950,950,3760
2022-02-10,980,980,900,950,4822
2022-02-11,940,975,910,950,7351
2022-02-14,950,950,935,935,1820
2022-02-15,935,945,910,945,1530
2022-02-16,945,945,940,945,1867
2022-02-17,910,950,910,945,1917
2022-02-18,945,945,910,945,1843
2022-02-21,945,945,910,930,717
2022-02-22,930,945,920,925,2436
2022-02-23,925,940,925,940,158
2022-02-24,935,940,935,935,970
2022-02-25,930,935,930,935,1603
2022-02-28,935,935,910,930,1120
2022-03-01,930,930,910,915,2163
2022-03-02,915,915,910,910,2272
2022-03-03,910,935,910,915,11506
2022-03-04,935,935,905,905,22931
2022-03-07,915,930,910,930,2258
2022-03-08,930,935,930,930,6137
2022-03-09,945,945,945,945,2788
2022-03-10,945,945,930,930,1485
2022-03-11,930,945,930,945,1669
2022-03-14,945,945,915,945,780
2022-03-15,945,945,930,935,358
2022-03-16,945,945,935,945,3621
2022-03-17,945,945,930,935,2434
2022-03-18,935,945,935,940,1057
2022-03-21,935,935,930,930,1175
2022-03-22,930,935,930,935,902
2022-03-23,910,935,910,930,190
2022-03-24,935,935,925,935,1650
2022-03-25,935,935,935,935,50
2022-03-28,940,940,930,930,1148
2022-03-29,930,930,925,930,841
2022-03-30,930,930,915,925,1011
2022-03-31,925,925,915,925,1420
2022-04-01,925,935,920,920,3480
2022-04-04,905,905,890,900,3841
2022-04-05,900,900,850,900,5870
2022-04-06,900,900,890,895,1898
2022-04-07,900,900,900,900,116
2022-04-08,895,930,890,890,6787
2022-04-11,880,900,875,900,5014
2022-04-12,900,900,895,895,239
2022-04-13,870,900,870,900,2968
2022-04-14,900,935,850,920,7741
2022-04-15,920,935,900,920,849
2022-04-19,920,935,920,920,410
2022-04-20,915,915,900,910,1664
2022-04-21,920,920,910,910,243
2022-04-22,910,910,900,905,3331
2022-04-25,905,905,905,905,548
2022-04-26,905,905,900,900,494
2022-04-27,900,915,900,900,2934
2022-04-29,900,900,900,900,51
2022-05-03,895,895,880,880,161
2022-05-04,840,880,815,870,8179
2022-05-05,860,860,850,850,135
2022-05-06,855,855,855,855,74
2022-05-09,850,850,835,835,914
2022-05-10,775,790,775,790,1651
2022-05-11,790,820,790,790,93
2022-05-12,780,785,775,785,437
2022-05-13,790,815,790,790,281
2022-05-16,790,830,790,830,515
2022-05-17,825,840,815,815,768
2022-05-18,840,840,815,825,1669
2022-05-19,860,875,840,860,973
2022-05-20,860,880,850,860,236
2022-05-23,850,860,850,860,207
2022-05-24,855,855,815,815,1198
2022-05-25,815,835,815,815,163
2022-05-27,835,835,815,815,480
2022-05-30,815,830,810,810,208
2022-05-31,810,830,810,830,142
2022-06-01,815,850,810,850,726
2022-06-02,850,850,850,850,134
2022-06-03,810,845,810,810,652
2022-06-07,850,850,850,850,10
2022-06-08,830,850,810,850,95
2022-06-09,850,860,850,860,2770
2022-06-10,860,860,855,860,200
2022-06-13,860,860,810,860,1044
2022-06-14,855,865,855,865,1679
2022-06-15,860,865,815,815,582
2022-06-16,865,865,860,865,1216
2022-06-17,865,865,860,860,681
2022-06-20,850,850,850,850,227
2022-06-21,850,850,800,850,200
2022-06-22,850,860,850,850,3767
2022-06-23,850,850,840,840,1496
2022-06-24,860,860,860,860,75
2022-06-27,860,860,810,810,683
2022-06-28,810,850,810,820,773
2022-06-30,820,840,820,840,26
2022-07-01,830,850,830,850,413
2022-07-04,810,850,810,850,1099
2022-07-05,850,900,810,900,526
2022-07-06,900,900,850,900,349
2022-07-07,900,950,850,950,1485
2022-07-08,900,900,900,900,296
2022-07-11,900,900,895,895,353
2022-07-12,895,895,895,895,12
2022-07-13,895,895,860,860,546
2022-07-14,860,895,860,880,522
2022-07-15,880,895,880,895,894
2022-07-18,900,900,895,895,834
2022-07-19,850,880,850,880,1055
2022-07-20,880,890,850,850,317
2022-07-21,895,895,895,895,851
2022-07-22,895,895,855,895,756
2022-07-25,895,895,855,895,9912
2022-07-26,895,900,850,850,803
2022-07-27,895,895,855,855,61
2022-07-28,890,895,890,890,5527
2022-07-29,895,895,855,890,1154
2022-08-01,895,895,890,890,481
2022-08-02,890,895,855,890,658
2022-08-03,890,890,855,890,191
2022-08-04,890,890,855,890,519
2022-08-05,890,895,855,895,184
2022-08-09,895,895,855,855,1001
2022-08-10,895,895,850,850,884
2022-08-11,880,880,850,850,137
2022-08-12,880,880,850,865,355
2022-08-16,865,865,865,865,96
2022-08-17,865,865,860,865,98
2022-08-18,860,895,850,895,4150
2022-08-19,895,895,850,850,1080
2022-08-22,850,880,850,875,432
2022-08-23,850,895,810,895,2172
2022-08-24,895,895,890,890,261
2022-08-25,850,890,850,850,120
2022-08-26,850,855,850,850,499
2022-08-29,875,875,850,850,586
2022-08-30,850,850,830,830,946
2022-08-31,835,850,810,850,1250
2022-09-01,850,850,820,820,491
2022-09-02,825,850,820,840,247
2022-09-05,850,875,850,875,4568
2022-09-06,890,890,850,875,604
2022-09-07,895,895,875,890,758
2022-09-08,895,895,850,885,2385
2022-09-09,890,895,885,895,1318
2022-09-12,895,895,880,895,310
2022-09-13,880,895,880,890,920
2022-09-14,890,890,880,880,741
2022-09-15,885,890,860,885,442
2022-09-16,885,885,860,885,84
2022-09-19,870,885,870,885,412
2022-09-20,885,885,860,885,258
2022-09-21,860,885,850,885,832
2022-09-22,885,885,850,885,182
2022-09-23,860,885,850,885,2292
2022-09-26,885,885,885,885,280
2022-09-27,885,890,870,870,446
2022-09-28,885,885,810,830,1047
2022-09-29,880,880,880,880,862
2022-09-30,880,880,875,875,163
2022-10-03,870,875,810,875,1832
2022-10-04,875,875,865,865,362
2022-10-05,855,870,820,825,1156
2022-10-06,825,825,825,825,3551
2022-10-07,830,870,830,870,133
2022-10-10,870,870,830,830,1256
2022-10-11,830,870,830,870,231
2022-10-12,850,870,850,860,120
2022-10-13,850,850,840,840,908
2022-10-14,860,860,860,860,1823
2022-10-17,850,850,835,850,252
2022-10-18,860,865,860,865,3628
2022-10-19,890,890,890,890,164
2022-10-20,890,890,880,880,624
2022-10-21,880,880,850,865,1318
2022-10-24,880,880,865,875,2557
2022-10-25,880,880,880,880,449
2022-10-26,880,880,880,880,10
2022-10-27,885,885,865,865,50
2022-10-28,885,885,865,875,940
2022-10-31,870,870,870,870,50
2022-11-02,865,865,850,850,23734
2022-11-03,865,865,850,850,164
2022-11-04,850,865,840,850,14146
2022-11-07,800,850,800,820,528
2022-11-08,820,850,820,840,412
2022-11-09,830,830,820,820,219
2022-11-10,820,820,800,800,123
2022-11-11,820,820,800,800,1143
2022-11-14,750,800,750,800,316
2022-11-16,800,800,800,800,842
2022-11-17,800,820,785,820,3808
2022-11-18,830,830,810,820,1264
2022-11-21,830,830,820,830,491
2022-11-22,830,830,780,780,479
2022-11-23,785,785,750,780,1186
2022-11-24,785,785,780,780,351
2022-11-25,775,780,770,770,621
2022-11-28,770,780,770,770,262
2022-11-29,780,780,770,780,196
2022-11-30,780,780,770,770,191
2022-12-01,715,765,715,765,445
2022-12-02,710,710,710,710,374
2022-12-05,700,700,700,700,212
2022-12-06,710,710,700,700,1441
2022-12-07,700,700,675,675,254
2022-12-08,700,700,675,675,413
2022-12-09,700,725,700,725,4588
2022-12-12,755,765,730,730,763
2022-12-13,730,765,730,765,2201
2022-12-14,770,770,710,770,2015
2022-12-15,770,770,760,760,2158
2022-12-16,755,760,755,760,552
2022-12-19,760,760,735,760,284
2022-12-20,760,760,760,760,797
2022-12-21,735,755,735,755,270
2022-12-22,755,800,755,800,1471
2022-12-23,795,795,790,795,162
2022-12-27,795,795,790,790,110
2022-12-28,790,790,780,780,39
2022-12-29,775,775,735,775,570
2022-12-30,775,775,750,750,1328
2023-01-02,750,750,725,750,768
2023-01-03,750,750,750,750,1057
2023-01-04,770,770,710,710,411
2023-01-05,750,760,750,760,50
2023-01-06,760,760,760,760,779
2023-01-09,800,800,755,800,3151
2023-01-10,800,800,800,800,1164
2023-01-11,800,800,795,800,1447
2023-01-12,800,800,785,785,247
2023-01-13,775,775,750,750,440
2023-01-16,750,760,700,740,445
2023-01-17,740,740,740,740,1157
2023-01-18,705,750,705,750,216
2023-01-19,745,750,740,740,1129
2023-01-20,740,750,740,750,466
2023-01-23,745,745,740,745,450
2023-01-24,745,750,745,750,3631
2023-01-25,750,780,750,780,130
2023-01-26,780,780,780,780,755
2023-01-27,780,795,750,795,3328
2023-01-30,795,800,795,795,450
2023-01-31,750,750,750,750,1176
2023-02-01,750,750,745,750,489
2023-02-02,750,750,750,750,480
2023-02-03,780,780,780,780,202
2023-02-06,780,795,780,790,840
2023-02-07,790,790,785,790,489
2023-02-08,790,795,790,790,408
2023-02-09,800,800,790,790,833
2023-02-10,790,795,790,795,748
2023-02-13,755,820,755,810,1763
2023-02-14,810,810,810,810,170
2023-02-15,800,810,800,800,1152
2023-02-16,805,805,790,800,400
2023-02-17,800,805,800,800,1942
2023-02-20,805,805,800,805,547
2023-02-21,800,805,800,805,475
2023-02-22,805,805,750,800,2991
2023-02-23,800,800,800,800,1157
2023-02-24,800,800,800,800,179
2023-02-27,800,800,780,800,492
2023-02-28,800,800,740,750,857
2023-03-01,760,800,760,760,377
2023-03-02,800,800,795,795,204
2023-03-03,795,795,760,795,610
2023-03-06,790,790,750,790,180
2023-03-07,790,790,760,785,50
2023-03-08,785,790,750,790,2019
2023-03-09,780,780,780,780,218
2023-03-10,780,800,750,800,1055
2023-03-13,800,800,750,800,588
2023-03-14,790,800,790,795,2840
2023-03-15,795,800,795,795,3375
2023-03-16,795,810,795,795,3680
2023-03-17,795,850,795,830,1688
2023-03-20,830,830,800,830,250
2023-03-21,830,830,800,800,1265
2023-03-22,800,800,790,790,135
2023-03-23,800,800,800,800,1231
2023-03-24,800,800,790,800,748
2023-03-27,800,800,790,790,428
2023-03-28,790,800,750,785,439
2023-03-29,755,755,755,755,23
2023-03-30,760,790,760,790,1300
2023-03-31,790,790,780,790,931
2023-04-03,790,790,770,770,75
2023-04-04,770,785,750,750,219
2023-04-05,735,750,735,750,738
2023-04-06,750,750,750,750,72
2023-04-07,750,750,740,740,283
2023-04-12,730,730,700,730,7036
2023-04-13,730,735,700,700,2063
2023-04-14,730,730,730,730,354
2023-04-17,710,730,710,730,137
2023-04-19,730,730,705,705,716
2023-04-20,705,730,705,705,987
2023-04-24,705,705,690,690,2188
2023-04-25,695,705,680,690,2511
2023-04-26,700,705,700,705,12656
2023-04-27,705,705,660,660,2097
2023-04-28,650,650,635,650,3644
2023-05-02,650,650,650,650,1270
2023-05-03,650,670,650,670,1009
2023-05-04,650,670,650,670,327
2023-05-05,690,705,690,695,3251
2023-05-08,705,705,700,705,3652
2023-05-09,705,705,695,700,1423
2023-05-10,700,700,695,695,1359
2023-05-11,700,700,695,695,545
2023-05-12,695,705,690,700,1774
2023-05-15,705,705,695,695,2600
2023-05-16,695,700,690,695,746
2023-05-17,695,695,680,680,866
2023-05-19,685,695,685,685,744
2023-05-22,690,690,650,690,3943
2023-05-23,690,690,650,660,1112
2023-05-24,685,685,660,685,1161
2023-05-25,685,685,650,675,1508
2023-05-26,675,675,650,650,14154
2023-05-30,675,680,675,675,1447
2023-05-31,675,675,645,665,4823
2023-06-01,660,690,630,640,15219
2023-06-02,645,685,645,660,2548
2023-06-05,690,690,660,680,5531
2023-06-06,690,690,675,680,4171
2023-06-07,690,700,660,695,4845
2023-06-08,685,695,685,685,1229
2023-06-09,695,700,685,690,1350
2023-06-12,690,690,685,690,826
2023-06-13,690,700,685,700,262
2023-06-14,690,705,650,705,9481
2023-06-15,700,755,700,755,4148
2023-06-16,795,795,760,790,495
2023-06-19,770,780,755,780,1613
2023-06-20,770,790,755,755,3579
2023-06-21,790,800,765,765,2299
2023-06-22,770,800,770,790,869
2023-06-23,790,790,790,790,256
2023-06-26,800,800,785,785,1725
2023-06-27,785,800,770,770,3084
2023-06-29,765,800,715,715,3107
2023-06-30,755,755,755,755,40
2023-07-03,755,755,715,755,10197
2023-07-04,755,770,755,770,623
2023-07-05,770,770,755,770,2797
2023-07-06,760,770,760,770,501
2023-07-07,760,760,760,760,279
2023-07-10,760,775,755,775,1478
2023-07-11,770,775,750,760,1668
2023-07-12,755,770,750,765,6882
2023-07-13,790,790,790,790,10600
2023-07-14,750,790,750,780,11463
2023-07-17,780,800,780,795,929
2023-07-18,795,795,770,770,4458
2023-07-19,780,780,770,770,650
2023-07-20,770,795,770,790,434
2023-07-21,790,790,780,780,361
2023-07-24,780,780,775,775,1815
2023-07-25,775,780,770,770,11206
2023-07-26,770,780,765,775,1193
2023-07-27,775,790,775,775,2257
2023-07-28,775,775,765,770,410
2023-07-31,765,775,765,770,821
2023-08-01,770,800,770,800,3806
2023-08-02,800,850,775,840,6427
2023-08-03,800,800,780,780,317
2023-08-04,780,830,750,750,1276
2023-08-08,750,780,750,780,3971
2023-08-09,780,780,780,780,380
2023-08-10,780,780,760,780,628
2023-08-11,775,780,755,780,3377
2023-08-14,780,780,765,780,424
2023-08-16,780,780,760,760,732
2023-08-17,750,780,750,755,7043
2023-08-18,760,775,760,770,620
2023-08-21,775,775,770,775,893
2023-08-22,775,775,760,770,513
2023-08-23,765,775,765,770,1163
2023-08-24,770,770,755,755,644
2023-08-25,755,765,755,765,5395
2023-08-28,765,770,760,760,2582
2023-08-29,755,770,755,770,652
2023-08-30,770,770,770,770,1037
2023-08-31,785,785,760,760,329
2023-09-01,770,775,770,775,535
2023-09-04,790,790,775,790,252
2023-09-05,785,785,785,785,523
2023-09-06,770,785,770,785,2283
2023-09-07,785,795,755,795,1148
2023-09-08,785,795,755,795,1217
2023-09-11,795,850,795,840,2591
2023-09-12,830,840,830,835,868
2023-09-13,835,835,830,835,601
2023-09-14,835,835,775,810,679
2023-09-15,825,825,810,810,629
2023-09-18,810,810,770,770,779
2023-09-19,775,800,775,800,801
2023-09-20,775,800,775,800,6675
2023-09-21,800,820,800,820,392
2023-09-22,820,820,800,815,152
2023-09-25,815,875,775,775,11385
2023-09-26,830,830,775,775,6932
2023-09-28,775,830,775,790,909
2023-09-29,805,845,790,845,509
2023-10-02,800,845,785,785,166
2023-10-03,835,835,835,835,6
2023-10-04,835,835,800,835,776
2023-10-05,835,835,830,830,565
2023-10-06,840,840,830,840,377
2023-10-09,845,845,845,845,415
2023-10-10,850,850,830,830,671
2023-10-11,830,845,825,840,5973
2023-10-12,840,845,810,810,1258
2023-10-13,810,810,800,800,146
2023-10-16,800,845,800,845,2100
2023-10-17,810,810,810,810,3363
2023-10-18,810,840,810,820,766
2023-10-19,820,820,810,810,1807
2023-10-20,820,820,805,820,1420
2023-10-23,820,830,805,830,5298
2023-10-24,830,830,830,830,95
2023-10-25,830,830,820,820,181
2023-10-26,820,820,820,820,85
2023-10-27,820,830,815,815,595
2023-10-30,830,830,805,805,4902
2023-10-31,820,820,815,815,236
2023-11-02,805,820,805,820,326
2023-11-03,805,815,805,815,735
2023-11-06,805,840,805,810,290
2023-11-07,805,815,805,805,228
2023-11-08,805,805,805,805,2219
2023-11-09,805,835,805,805,13912
2023-11-10,805,835,805,805,6192
2023-11-13,805,835,805,835,126
2023-11-14,835,835,835,835,294
2023-11-16,810,810,810,810,264
2023-11-17,810,835,805,805,380
2023-11-20,810,810,805,805,191
2023-11-21,835,835,835,835,161
2023-11-22,815,835,815,835,301
2023-11-23,835,835,830,830,376
2023-11-24,840,840,830,830,350
2023-11-27,830,830,810,830,581
2023-11-28,830,830,830,830,121
2023-11-29,820,820,820,820,5
2023-11-30,810,820,810,810,223
2023-12-01,805,830,805,830,811
2023-12-04,810,810,810,810,20
2023-12-05,810,830,805,810,3206
2023-12-06,825,825,805,805,227
2023-12-07,805,805,805,805,710
2023-12-08,805,815,805,815,2786
2023-12-11,815,815,815,815,3868
2023-12-12,805,810,805,805,1861
2023-12-13,810,810,800,810,414
2023-12-14,805,820,805,810,3287
2023-12-15,810,810,810,810,279
2023-12-18,810,815,810,815,65
2023-12-19,810,815,810,810,810
2023-12-20,825,830,825,830,481
2023-12-21,830,830,770,830,728
2023-12-22,820,820,800,800,65
2023-12-26,695,775,695,760,2043
2023-12-27,760,760,760,760,325
2023-12-28,760,775,705,745,2776
2023-12-29,795,795,710,790,1707
2024-01-02,790,790,785,790,770
2024-01-03,755,790,755,790,160
2024-01-04,795,795,785,790,267
2024-01-05,790,795,785,785,346
2024-01-08,785,785,755,755,506
2024-01-09,755,755,755,755,200
2024-01-10,790,790,755,755,251
2024-01-11,755,800,750,750,20233
2024-01-12,750,755,750,755,211
2024-01-15,755,755,700,710,1641
2024-01-16,710,750,710,750,589
2024-01-17,730,750,730,750,538
2024-01-18,700,750,700,750,718
2024-01-19,750,750,750,750,130
2024-01-22,755,790,750,780,282
2024-01-23,785,785,765,780,354
2024-01-24,785,800,785,790,415
2024-01-25,790,790,790,790,311
2024-01-26,790,800,790,795,356
2024-01-29,790,795,785,795,287
2024-01-30,790,795,790,795,754
2024-01-31,795,800,795,800,182
2024-02-01,800,800,800,800,211
2024-02-02,800,800,800,800,337
2024-02-05,810,810,800,805,288
2024-02-06,805,810,805,810,1015
2024-02-07,805,805,775,800,913
2024-02-08,800,810,775,810,1110
2024-02-09,800,810,750,755,5795
2024-02-13,765,810,765,805,190
2024-02-14,805,805,805,805,2
2024-02-15,805,805,780,780,618
2024-02-16,780,780,780,780,557
2024-02-19,760,780,760,780,1090
2024-02-20,780,780,725,780,612
2024-02-21,780,800,780,800,2696
2024-02-22,780,785,780,785,50
2024-02-23,785,785,730,730,1206
2024-02-26,780,780,780,780,5
2024-02-27,750,775,750,775,160
2024-02-28,770,770,755,755,175
2024-02-29,755,755,755,755,20
2024-03-01,770,770,770,770,30
2024-03-04,770,770,770,770,62
2024-03-05,770,775,770,770,347
2024-03-06,770,775,750,770,1572
2024-03-07,770,770,715,740,2066
2024-03-08,740,765,720,765,140
2024-03-11,715,770,715,765,3326
2024-03-12,715,765,715,720,34571
2024-03-13,765,765,765,765,63
2024-03-14,715,715,715,715,140
2024-03-15,725,765,725,765,130
2024-03-18,765,765,750,760,31795
2024-03-19,765,765,760,765,114
2024-03-20,765,770,765,770,514
2024-03-21,770,800,770,800,3336
2024-03-22,800,800,800,800,313
2024-03-25,795,800,775,775,358
2024-03-26,770,800,770,775,7282
2024-03-27,775,775,775,775,256
2024-03-28,775,795,775,775,451
2024-03-29,765,795,765,795,2100
2024-04-02,795,795,765,795,1436
2024-04-03,795,795,765,765,190
2024-04-04,765,800,765,800,302
2024-04-05,795,795,755,775,10818
2024-04-08,765,790,765,765,26321
2024-04-09,790,790,770,770,370
2024-04-11,770,795,765,780,2096
2024-04-12,780,780,780,780,246
2024-04-15,755,795,755,765,329
2024-04-16,780,780,780,780,260
2024-04-17,780,785,765,780,10455
2024-04-18,780,780,750,750,10074
2024-04-19,770,770,735,770,8040
2024-04-22,770,770,770,770,918
2024-04-23,770,775,770,770,397
2024-04-24,770,770,740,740,490
2024-04-25,735,770,735,770,611
2024-04-26,770,770,770,770,400
2024-04-29,740,765,740,765,301
2024-04-30,765,765,760,760,72
2024-05-02,760,780,725,760,571
2024-05-03,740,760,740,760,203
2024-05-06,760,765,755,765,2588
2024-05-07,770,780,770,780,1621
2024-05-08,785,790,755,770,1646
2024-05-10,760,760,755,760,1141
2024-05-13,760,760,760,760,520
2024-05-14,760,770,755,770,809
2024-05-15,770,775,770,775,685
2024-05-16,780,780,775,780,254
2024-05-17,780,800,780,780,2784
2024-05-21,780,780,775,780,522
2024-05-22,780,790,780,785,599
2024-05-23,785,795,740,795,6631
2024-05-24,795,795,740,790,494
2024-05-27,790,790,785,785,38
2024-05-28,780,780,780,780,130
2024-05-29,780,790,730,730,6320
2024-05-30,780,780,735,735,4385
2024-05-31,790,790,740,775,872
2024-06-03,775,775,740,740,2352
2024-06-04,745,750,745,750,770
2024-06-05,750,750,730,750,6220
2024-06-06,750,750,750,750,246
2024-06-07,730,750,730,730,2300
2024-06-10,730,730,730,730,1217
2024-06-11,740,780,735,775,4507
2024-06-12,795,800,795,800,2303
2024-06-13,800,800,775,775,2530
2024-06-14,775,790,775,775,3143
2024-06-18,795,830,750,820,87094
2024-06-19,830,830,800,820,1453
2024-06-20,820,820,800,800,4225
2024-06-21,790,820,790,810,9721
2024-06-24,815,820,810,820,1541
2024-06-25,820,820,810,820,24339
2024-06-26,820,850,810,830,1128
2024-06-27,850,850,825,840,1064
2024-06-28,840,850,840,850,811
2024-07-01,850,860,850,860,1382
2024-07-02,860,885,860,885,1623
2024-07-03,875,875,850,850,2387
2024-07-04,870,880,870,875,923
2024-07-05,875,900,850,850,1782
2024-07-08,895,895,800,890,2304
2024-07-09,890,890,830,880,1447
2024-07-10,880,880,880,880,281
2024-07-11,880,890,820,890,3456
2024-07-12,880,885,875,885,763
2024-07-15,890,890,885,890,1099
2024-07-16,835,880,835,875,1048
2024-07-17,875,875,815,855,580
2024-07-18,875,875,850,870,3250
2024-07-19,870,875,870,875,29
2024-07-22,875,875,855,855,729
2024-07-23,875,875,855,860,599
2024-07-24,860,870,850,865,1988
2024-07-25,850,875,850,875,1381
2024-07-26,865,870,865,865,334
2024-07-29,865,865,850,850,452
2024-07-30,860,860,820,850,1772
2024-07-31,850,855,820,850,1219
2024-08-01,850,850,810,810,984
2024-08-02,810,850,800,810,18925
2024-08-05,870,870,865,870,16841
2024-08-06,935,935,935,935,24440
2024-08-08,935,985,905,965,5348
2024-08-09,960,960,940,955,2007
2024-08-12,900,955,885,940,4183
2024-08-13,940,940,925,925,583
2024-08-14,935,935,900,910,1638
2024-08-16,910,925,905,905,1860
2024-08-19,905,915,900,915,719
2024-08-20,910,915,900,900,2507
2024-08-21,900,915,875,905,11693
2024-08-22,905,905,905,905,353
2024-08-23,900,905,900,905,240
2024-08-26,910,910,900,900,870
2024-08-27,910,910,900,905,889
2024-08-28,905,910,900,910,271
2024-08-29,905,910,905,910,567
2024-08-30,910,940,905,910,376
2024-09-02,910,910,910,910,356
2024-09-03,910,910,905,905,308
2024-09-04,905,910,850,910,4131
2024-09-05,905,905,850,905,4423
2024-09-06,910,915,850,915,959
2024-09-09,905,915,905,915,5624
2024-09-10,920,925,855,925,7491
2024-09-11,925,930,915,920,1336
2024-09-12,920,940,920,940,7274
2024-09-13,920,940,920,940,2715
2024-09-16,940,940,870,940,54990
2024-09-17,940,940,900,920,1378
2024-09-18,900,935,900,900,1553
2024-09-19,915,915,915,915,741
2024-09-20,915,915,870,900,2103
2024-09-23,900,900,880,890,1703
2024-09-24,880,890,880,890,3273
2024-09-25,890,890,860,860,1356
2024-09-26,860,880,805,805,325
2024-09-27,815,850,815,850,595
2024-09-30,850,850,845,850,2326
2024-10-01,850,850,810,850,73513
2024-10-02,850,850,845,845,13344
2024-10-03,850,890,850,890,11235
2024-10-04,890,900,845,850,17737
2024-10-07,850,900,850,890,1797
2024-10-08,885,890,875,875,1122
2024-10-09,875,875,810,875,25226
2024-10-10,875,875,830,830,2532
2024-10-11,845,885,830,885,901
2024-10-14,885,890,885,890,2204
2024-10-15,890,900,880,895,155347
2024-10-16,895,895,880,885,537
2024-10-17,885,890,850,880,31969
2024-10-18,860,880,860,880,1322
2024-10-21,880,885,880,880,684
2024-10-22,895,900,875,885,11956
2024-10-23,890,890,875,875,879
2024-10-24,885,890,885,890,6229
2024-10-25,890,890,875,885,6489
2024-10-28,890,890,880,880,1805
2024-10-29,880,885,880,880,1816
2024-10-30,890,890,880,880,1782
2024-10-31,890,895,880,895,1145
2024-11-04,890,900,875,875,6984
2024-11-05,890,890,870,885,3931
2024-11-06,890,900,875,895,1563
2024-11-07,895,895,875,890,2712
2024-11-08,890,890,850,880,15549
2024-11-11,885,885,855,860,2923
2024-11-12,880,880,855,855,6829
2024-11-13,885,885,875,875,1618
2024-11-14,870,880,855,860,4165
2024-11-18,855,875,850,850,3533
2024-11-19,890,910,890,910,8985
2024-11-20,940,940,910,910,2506
2024-11-21,910,910,895,900,617
2024-11-22,900,900,900,900,719
2024-11-25,900,905,900,900,5770
2024-11-26,900,900,890,900,5838
2024-11-27,900,905,885,905,20707
2024-11-28,905,905,900,900,5237
2024-11-29,900,905,870,900,1422
2024-12-02,900,905,855,855,2231
2024-12-03,895,900,895,900,24714
2024-12-04,895,895,860,895,517
2024-12-05,895,900,875,900,24681
2024-12-06,895,900,890,900,1431
2024-12-09,900,900,885,900,698
2024-12-10,885,900,880,880,2693
2024-12-11,880,885,870,880,1826
2024-12-12,880,880,860,870,1454
2024-12-13,870,900,850,850,11453
2024-12-16,900,900,845,850,2998
2024-12-17,850,895,845,895,6272
2024-12-18,895,895,850,850,639
2024-12-19,860,895,850,880,18199
2024-12-20,880,880,845,875,3461
2024-12-23,875,875,845,850,160
2024-12-24,875,875,850,850,351
2024-12-26,850,860,845,860,4567
2024-12-27,860,860,850,850,739
2024-12-30,860,860,850,850,716
2024-12-31,845,880,845,880,11763
2025-01-02,880,900,840,900,14410
2025-01-03,895,900,845,845,1233
2025-01-06,845,860,845,860,463
2025-01-07,895,895,845,850,2098
2025-01-08,845,845,840,840,4373
2025-01-09,850,850,830,850,3576
2025-01-10,850,850,830,850,483
2025-01-13,845,850,840,850,323
2025-01-14,850,850,840,840,704
2025-01-15,840,840,835,840,1251
2025-01-16,845,860,835,840,1461
2025-01-17,835,850,835,850,392
2025-01-20,870,875,855,870,674
2025-01-21,860,870,850,850,326
2025-01-22,850,870,850,850,508
2025-01-23,850,865,850,850,883
2025-01-24,850,860,850,860,567
2025-01-27,860,860,860,860,1405
2025-01-28,860,865,860,865,1124
2025-01-29,850,870,830,870,3271
2025-01-30,850,875,850,875,1009
2025-01-31,875,900,875,890,2599
2025-02-03,900,900,870,870,760
2025-02-04,870,870,855,865,944
2025-02-05,865,880,865,880,2830
2025-02-06,870,880,870,880,961
2025-02-07,880,895,880,890,721
2025-02-10,895,895,880,890,613
2025-02-11,890,890,870,875,811
2025-02-12,880,880,870,880,1661
2025-02-13,880,880,870,880,2500
2025-02-14,880,895,870,895,6336
2025-02-17,895,895,870,880,810
2025-02-18,890,895,880,895,1358
2025-02-19,900,900,880,890,820
2025-02-20,895,895,890,895,280
2025-02-21,900,900,890,895,1278
2025-02-24,895,905,895,905,3932
2025-02-25,905,905,895,905,1007
2025-02-26,905,905,900,905,3902
2025-02-27,905,905,900,900,1474
2025-02-28,905,905,900,905,2309
2025-03-03,905,945,905,905,5847
2025-03-04,905,945,905,930,637
2025-03-05,930,950,900,950,2584
2025-03-06,950,955,945,955,5379
2025-03-07,955,1025,955,1005,9771
2025-03-10,1010,1080,995,995,11058
2025-03-11,1000,1025,995,1020,5571
2025-03-12,1025,1025,1000,1020,1347
2025-03-13,1020,1020,950,1015,5957
2025-03-14,1000,1015,955,1015,9053
2025-03-17,1000,1000,950,980,41969
2025-03-18,1010,1015,995,1000,1019
2025-03-19,995,1000,950,1000,2951
2025-03-20,1000,1000,980,1000,2797
2025-03-21,1000,1000,980,990,2175
2025-03-24,990,990,965,965,1461
2025-03-25,985,995,965,965,1257
2025-03-26,960,965,905,965,2328
2025-03-28,960,975,930,975,5613
2025-04-01,975,975,950,950,988
2025-04-02,975,975,950,950,1056
2025-04-03,950,975,945,975,1120
2025-04-04,970,970,950,955,1988
2025-04-07,955,955,950,955,1174
2025-04-08,955,970,950,950,8120
2025-04-09,950,950,910,910,1657
2025-04-10,905,920,905,910,1133
2025-04-11,905,925,905,925,3934
2025-04-14,900,925,900,925,2186
2025-04-15,905,925,900,900,5138
2025-04-16,905,925,905,925,463
2025-04-17,925,925,900,920,2152
2025-04-18,905,920,900,920,1486
2025-04-22,920,920,900,910,3654
2025-04-23,910,925,910,925,4202
2025-04-24,925,925,910,910,649
2025-04-25,925,925,910,910,2107
2025-04-28,920,930,920,930,1584
2025-04-29,930,950,920,950,2478
2025-04-30,940,940,930,930,1203
2025-05-02,930,930,930,930,881
2025-05-05,930,930,915,925,1420
2025-05-06,925,930,920,920,35808
2025-05-07,935,935,920,920,1014
2025-05-08,925,940,925,925,3738
2025-05-09,930,940,930,940,1288
2025-05-12,940,950,940,945,5612
2025-05-13,915,950,915,945,2847
2025-05-14,945,945,925,925,2498
2025-05-15,925,950,925,950,3102
2025-05-16,950,950,950,950,820
2025-05-19,960,1000,955,960,11667
2025-05-20,960,995,915,995,9151
2025-05-21,995,995,960,960,2022
2025-05-22,960,960,945,950,1822
2025-05-23,950,950,940,950,6879
2025-05-26,950,985,910,980,9635
2025-05-27,990,995,925,970,3910
2025-05-28,970,975,970,975,4168
2025-05-30,970,970,960,970,4125
2025-06-02,970,975,960,970,5833
2025-06-03,975,975,960,960,2174
2025-06-04,975,980,965,980,3226
2025-06-05,980,980,975,980,630
2025-06-10,975,980,960,980,16233
2025-06-11,980,980,975,980,13991
2025-06-12,980,995,980,990,2807
2025-06-13,995,995,985,995,5405
2025-06-16,1000,1005,995,1000,1815
2025-06-17,1000,1030,1000,1000,6119
2025-06-18,1050,1075,1000,1075,2960
2025-06-19,1075,1095,1050,1090,3023
2025-06-20,1085,1090,1075,1090,1536
2025-06-23,1090,1095,1090,1090,1487
2025-06-24,1090,1090,1055,1055,2526
2025-06-25,1080,1090,1015,1015,1945
2025-06-26,1015,1065,1010,1060,1134
2025-06-27,1065,1085,1060,1065,5599
2025-06-30,1065,1070,1060,1065,4117
2025-07-01,1065,1085,1065,1075,5627
2025-07-02,1080,1080,1065,1075,1342
2025-07-03,1065,1070,1065,1065,1671
2025-07-04,1065,1065,1050,1065,652
2025-07-07,1005,1055,1005,1045,1201
2025-07-08,1000,1070,995,1030,14641
2025-07-09,1030,1065,1030,1065,5871
2025-07-10,1065,1065,1040,1040,5538
2025-07-11,1060,1060,1045,1045,6053
2025-07-14,1045,1045,1030,1045,2149
2025-07-15,1040,1045,1030,1045,2561
2025-07-16,1045,1045,1000,1040,2800
2025-07-17,1040,1040,1010,1040,1007
2025-07-18,1040,1040,1015,1015,630
2025-07-21,1015,1015,1000,1010,6094
2025-07-22,1010,1015,990,990,9322
2025-07-23,990,1015,990,1015,6297
2025-07-24,1000,1000,990,1000,11247
2025-07-25,1000,1000,995,1000,3937
2025-07-28,1000,1000,990,1000,20205
2025-07-29,1000,1010,975,980,19498
2025-07-30,1000,1045,1000,1010,2188
2025-07-31,1010,1035,1010,1035,1890
2025-08-01,1035,1040,1020,1035,4270
2025-08-04,1040,1045,1035,1045,6181
2025-08-05,1045,1045,1040,1045,11684
2025-08-06,1045,1080,1045,1080,2814
2025-08-08,1080,1140,1075,1135,11776
2025-08-11,1140,1200,1125,1135,12963
2025-08-12,1115,1150,1115,1135,10343
2025-08-13,1140,1200,1135,1200,7999
2025-08-14,1200,1200,1190,1190,5306
2025-08-18,1185,1185,1180,1185,7469
2025-08-19,1175,1185,1155,1155,5684
2025-08-20,1155,1170,1155,1155,1255
2025-08-21,1150,1170,1150,1150,4011
2025-08-22,1165,1175,1160,1175,1394
2025-08-25,1175,1175,1150,1150,5363
2025-08-26,1175,1175,1150,1150,8046
2025-08-27,1150,1150,1130,1150,4535
2025-08-28,1150,1150,1150,1150,2493
2025-08-29,1150,1180,1140,1150,15021
2025-09-01,1140,1150,1135,1135,2519
2025-09-02,1135,1150,1130,1135,8894
2025-09-03,1135,1150,1120,1120,4244
2025-09-05,1125,1150,1120,1120,7301
2025-09-08,1120,1150,1115,1150,5729
2025-09-09,1125,1160,1120,1150,2815
2025-09-10,1150,1200,1130,1150,11850
2025-09-11,1150,1190,1130,1140,25116
2025-09-12,1190,1190,1140,1180,591
2025-09-15,1180,1180,1180,1180,1462
2025-09-16,1180,1180,1170,1180,1231
2025-09-17,1180,1180,1175,1180,2928
2025-09-18,1180,1180,1175,1180,1793
2025-09-19,1175,1180,1170,1180,2346
2025-09-22,1170,1180,1165,1175,10038
2025-09-23,1175,1180,1175,1180,6961
2025-09-24,1180,1180,1175,1175,7540
2025-09-25,1180,1190,1175,1175,8266
2025-09-26,1175,1180,1175,1180,12035
2025-09-29,1180,1200,1180,1195,3772
2025-09-30,1195,1200,1195,1200,20006
2025-10-01,1245,1245,1215,1235,4351
2025-10-02,1245,1250,1245,1245,4814
2025-10-03,1250,1250,1245,1245,3086
2025-10-06,1245,1285,1240,1275,4062
2025-10-07,1250,1365,1250,1280,17470
2025-10-08,1295,1295,1275,1275,1750
2025-10-09,1280,1290,1275,1290,6941
2025-10-10,1290,1290,1235,1285,2661
2025-10-13,1285,1300,1280,1300,3187
2025-10-14,1300,1300,1280,1285,6528
2025-10-15,1380,1380,1320,1375,4150
2025-10-16,1395,1395,1375,1380,2800
2025-10-17,1375,1400,1320,1330,40893
2025-10-20,1295,1295,1230,1230,3890
2025-10-21,1245,1260,1230,1250,2514
2025-10-22,1260,1260,1240,1260,1685
2025-10-23,1250,1260,1200,1250,5263
2025-10-24,1230,1230,1190,1190,4462
2025-10-27,1190,1195,1175,1185,8870
2025-10-28,1185,1190,1175,1190,3624
2025-10-29,1190,1200,1185,1190,1928
2025-10-30,1200,1220,1200,1200,6632
2025-10-31,1200,1200,1200,1200,2289
2025-11-03,1200,1235,1190,1190,7476
2025-11-04,1180,1185,1140,1180,9420
2025-11-05,1095,1095,1095,1095,7358
2025-11-06,1070,1095,1070,1090,4771
2025-11-07,1170,1170,1100,1170,3077
2025-11-10,1180,1235,1175,1230,6961
2025-11-11,1230,1250,1220,1240,2849
2025-11-12,1210,1235,1210,1235,3775
2025-11-13,1230,1250,1220,1235,10612
2025-11-14,1235,1240,1230,1235,3511
2025-11-17,1230,1290,1230,1290,5191
2025-11-18,1295,1330,1290,1305,2327
2025-11-19,1305,1310,1300,1310,2454
2025-11-20,1310,1405,1310,1405,29389
2025-11-21,1510,1510,1510,1510,12693
2025-11-24,1620,1620,1545,1570,23187
2025-11-25,1565,1565,1480,1510,12820
2025-11-26,1505,1530,1505,1530,9605
2025-11-27,1535,1555,1530,1545,4808
2025-11-28,1530,1535,1520,1520,2454
2025-12-01,1510,1550,1510,1550,3662
2025-12-02,1510,1520,1510,1520,2295
2025-12-03,1520,1545,1520,1540,3422
2025-12-04,1595,1595,1540,1565,4570
2025-12-05,1565,1570,1540,1540,2075
2025-12-08,1565,1565,1540,1550,4809
2025-12-09,1550,1600,1540,1555,9271
2025-12-10,1560,1565,1555,1565,806
2025-12-11,1570,1570,1550,1550,4756
2025-12-12,1565,1570,1550,1550,990
2025-12-15,1550,1570,1525,1560,9638
2025-12-16,1560,1560,1500,1500,1456
2025-12-17,1495,1500,1460,1500,2903
2025-12-18,1500,1500,1400,1500,2703
2025-12-19,1500,1500,1490,1490,498
2025-12-22,1450,1485,1400,1410,1761
2025-12-23,1410,1420,1310,1315,2891
2025-12-24,1315,1395,1315,1350,2386
2025-12-26,1350,1350,1340,1350,2314
2025-12-29,1360,1400,1350,1400,7945
2025-12-30,1425,1450,1390,1445,12615
2025-12-31,1445,1450,1445,1445,2042
2026-01-02,1440,1440,1430,1435,1304
2026-01-05,1435,1440,1400,1410,2441
2026-01-06,1450,1480,1410,1480,771
2026-01-07,1480,1550,1425,1550,4020
2026-01-08,1545,1550,1515,1550,4267
2026-01-09,1550,1550,1520,1545,2586
2026-01-12,1540,1545,1515,1525,1889
2026-01-13,1525,1540,1500,1520,2706
2026-01-14,1525,1545,1480,1545,3705
2026-01-15,1545,1545,1430,1545,1552
2026-01-16,1540,1545,1465,1545,4321
2026-01-19,1545,1545,1535,1545,1961
2026-01-20,1550,1560,1545,1545,3182
2026-01-21,1570,1570,1550,1570,3515
2026-01-22,1575,1650,1545,1640,3929
2026-01-23,1620,1620,1585,1600,3627
2026-01-26,1600,1600,1550,1585,5505
2026-01-27,1590,1595,1500,1560,22603
2026-01-28,1575,1575,1560,1575,3800
2026-01-29,1575,1600,1565,1595,11740
2026-01-30,1600,1700,1600,1665,7609
2026-02-02,1660,1665,1600,1630,5288
2026-02-03,1630,1650,1620,1630,3376
2026-02-04,1630,1670,1630,1660,2698
2026-02-05,1670,1715,1660,1700,4820
2026-02-06,1700,1740,1690,1740,7020
2026-02-09,1745,1810,1745,1800,4187
2026-02-10,1800,1800,1700,1750,7394
2026-02-11,1760,1800,1750,1760,3518
2026-02-12,1755,1755,1680,1720,19483
2026-02-13,1700,1720,1685,1700,5077
2026-02-16,1690,1730,1685,1730,13050
2026-02-17,1730,1735,1725,1725,3116
2026-02-18,1725,1730,1700,1725,4874
2026-02-19,1730,1760,1720,1760,3214
2026-02-20,1750,1780,1720,1760,13025
2026-02-23,1760,1885,1700,1880,22896
2026-02-24,1880,1885,1795,1880,13191
2026-02-25,1890,1985,1800,1920,14021
2026-02-26,1915,1940,1880,1940,5454
2026-02-27,1960,2050,1960,2025,10893
2026-03-02,2175,2175,2000,2175,19611
2026-03-03,2335,2335,2335,2335,8154
2026-03-04,2510,2510,2450,2510,28022
2026-03-05,2600,2600,2325,2325,28404
2026-03-06,2325,2325,2160,2240,20217
2026-03-09,2240,2240,2140,2200,13962
2026-03-10,2240,2295,2075,2250,28882
2026-03-11,2290,2290,2200,2250,6749
2026-03-12,2240,2250,2200,2200,6138
2026-03-13,2200,2230,2100,2200,7429
2026-03-17,2210,2230,2100,2195,10456
2026-03-18,2190,2190,2170,2190,2172
2026-03-19,2190,2200,2115,2200,4517
2026-03-23,2200,2200,2115,2150,2180
2026-03-24,2150,2175,2130,2175,3513
2026-03-25,2200,2215,2170,2200,4290
2026-03-26,2200,2240,2185,2235,1904
2026-03-27,2250,2250,2170,2170,4966
2026-03-30,2185,2295,2135,2200,6790
2026-03-31,2200,2200,2150,2190,2734
2026-04-01,2195,2295,2100,2185,8217
2026-04-02,2175,2185,2150,2170,2255
2026-04-03,2170,2200,2150,2200,1819
2026-04-07,2200,2205,2175,2190,3009
2026-04-08,2190,2200,2185,2185,2057
2026-04-09,2185,2185,2155,2185,2962
2026-04-10,2185,2190,2050,2190,7963
2026-04-13,2190,2210,2100,2150,4690
2026-04-14,2180,2180,1995,2050,4748
2026-04-15,2050,2050,1995,2000,6324
2026-04-16,1995,2000,1900,1990,10063
2026-04-17,1990,1990,1890,1890,4722
2026-04-20,1890,1895,1880,1895,5347
2026-04-21,1900,2000,1895,2000,3336
2026-04-22,1900,1945,1885,1945,13395
2026-04-23,1945,1945,1900,1940,2330
2026-04-24,1940,1940,1900,1940,3538
2026-04-27,1950,2000,1850,1950,5499
2026-04-28,1950,1955,1850,1950,3984
2026-04-29,2000,2000,1930,1950,1691
2026-04-30,1950,1980,1950,1970,964
2026-05-04,2000,2000,1970,2000,3463
2026-05-05,2000,2000,1850,1850,4112
2026-05-06,1850,1950,1715,1840,6988
2026-05-07,1840,1920,1840,1895,2043
2026-05-08,1895,1945,1890,1945,4166
2026-05-11,1950,2000,1920,2000,10403
2026-05-12,2000,2000,1940,1940,3609
2026-05-13,1910,2000,1910,2000,4436
2026-05-15,1955,2000,1955,1980,3053
2026-05-18,1970,1985,1970,1975,4339
2026-05-19,1975,1975,1940,1975,3708
2026-05-20,1975,1975,1900,1945,6176
2026-05-21,1900,1945,1800,1900,4616
2026-05-22,1890,1940,1810,1935,1980
2026-05-26,1935,1935,1910,1910,1531
2026-05-28,1910,1920,1850,1915,3399
2026-05-29,1910,1915,1855,1915,3969
2026-06-01,1925,1925,1885,1915,3514
2026-06-02,1925,2000,1925,2000,7486
2026-06-03,2000,2095,1980,2095,3085
2026-06-04,2020,2100,2000,2075,6068
2026-06-05,2075,2075,2035,2035,2700
2026-06-08,2035,2075,2000,2075,10521
2026-06-09,2070,2080,2070,2075,4007
2026-06-10,2080,2095,2055,2055,2916
2026-06-11,2055,2075,1950,2075,5582
2026-06-12,2085,2085,2075,2080,1908
2026-06-15,2080,2095,2050,2080,1990
2026-06-16,2080,2080,2040,2040,4606
2026-06-17,2050,2090,2050,2085,1011
2026-06-18,2085,2100,2085,2100,1275
2026-06-19,2200,2200,2100,2170,2656
2026-06-22,2170,2200,2165,2170,2680
2026-06-23,2140,2170,2140,2160,3168
2026-06-24,2160,2165,2140,2160,2884
2026-06-25,2160,2165,2105,2165,2364
2026-06-26,2165,2165,2105,2105,3188
2026-06-29,2105,2170,2105,2170,5380
2026-06-30,2170,2180,2165,2165,9371
2026-07-01,2180,2205,2180,2190,2147
2026-07-02,2180,2200,2180,2200,2207
2026-07-03,2200,2255,2195,2195,1670
2026-07-06,2200,2330,2200,2200,3698
2026-07-07,2200,2345,2195,2265,9066
2026-07-08,2265,2265,2200,2200,4455
2026-07-09,2200,2300,2190,2200,7403
2026-07-10,2200,2300,2195,2205,7716
2026-07-13,2205,2210,2155,2200,3227
2026-07-14,2155,2200,2100,2200,6802
2026-07-15,2200,2220,2170,2170,3390
2026-07-16,2170,2200,2155,2200,1513
2026-07-17,2200,2200,2100,2190,5734
2026-07-20,2180,2190,2100,2105,4291
2026-07-21,2200,2200,2190,2200,3711
2026-07-22,2200,2205,2195,2205,3073
2026-07-23,2205,2210,2105,2210,2882
2026-07-24,2210,2210,2105,2195,2173
2026-07-27,2195,2195,2110,2110,2607
2026-07-28,2110,2200,2100,2150,6057
2026-07-29,2160,2200,2040,2195,4364
2026-07-30,2200,2200,2040,2200,4691
2026-07-31,2040,2200,2040,2200,2141
2026-08-03,2240,2325,2200,2325,5795
2026-08-04,2325,2400,2225,2325,4852
2026-08-05,2340,2340,2250,2300,2414
2026-08-06,2300,2300,2290,2290,2066
2026-08-10,2290,2295,2225,2290,7590
2026-08-11,2300,2300,2200,2285,4425
2026-08-12,2275,2285,2200,2250,3215
2026-08-13,2200,2250,2185,2200,5842
2026-08-14,2200,2200,2185,2200,1596
2026-08-17,2250,2350,2250,2350,10197
2026-08-18,2350,2400,2350,2400,4174
2026-08-19,2400,2495,2380,2400,3447
2026-08-20,2500,2500,2400,2450,4795
2026-08-21,2450,2475,2375,2460,5653
2026-08-24,2460,2490,2400,2480,4144
2026-08-26,2480,2480,2400,2455,6346
2026-08-27,2455,2455,2380,2450,6457
2026-08-28,2350,2445,2350,2440,3303
2026-08-31,2440,2440,2400,2425,2987
2026-09-01,2420,2440,2400,2435,5805
2026-09-02,2435,2460,2400,2400,6601
2026-09-03,2400,2455,2400,2400,18839
2026-09-04,2400,2475,2380,2400,7664
2026-09-07,2400,2490,2400,2480,5089
2026-09-08,2480,2500,2450,2480,6595
2026-09-09,2400,2500,2395,2495,9954
2026-09-10,2510,2600,2500,2500,5360
2026-09-11,2500,2600,2500,2550,5250
2026-09-14,2550,2740,2550,2740,4667
2026-09-15,2770,2910,2750,2910,7896
2026-09-16,2910,3125,2910,2930,10389
2026-09-17,2985,3100,2980,2980,9109
2026-09-18,2980,2990,2760,2760,10208
2026-09-21,2760,2900,2555,2890,7909
2026-09-22,2675,2845,2675,2675,7674
2026-09-23,2500,2500,2475,2475,3567
2026-09-24,2350,2475,2215,2475,8095
2026-09-25,2475,2550,2375,2420,11441
