Date,Open,High,Low,Close,Volume
2000-03-31,400,400,400,400,27000
2000-04-03,375,375,375,375,2500
2000-04-05,375,375,375,375,3220
2000-04-07,375,375,375,375,18560
2000-04-10,375,375,375,375,4140
2000-04-12,375,375,375,375,2080
2000-04-14,375,375,375,375,5400
2000-04-17,375,375,375,375,320
2000-04-19,375,375,375,375,3300
2000-04-21,375,375,375,375,980
2000-04-26,358,358,358,358,1400
2000-05-03,375,375,375,375,5800
2000-05-05,375,375,375,375,800
2000-05-08,375,375,375,375,800
2000-05-10,375,375,375,375,200
2000-05-12,370,370,370,370,1000
2000-05-15,370,370,370,370,500
2000-05-17,370,370,370,370,139340
2000-05-22,370,370,370,370,300
2000-05-24,370,370,370,370,980
2000-05-26,370,370,370,370,200
2000-05-31,370,370,370,370,120
2000-06-02,370,370,370,370,320
2000-06-07,370,370,370,370,300
2000-06-09,370,370,370,370,360
2000-06-21,325,325,325,325,1740
2000-06-30,325,325,325,325,420
2000-07-07,325,325,325,325,340
2000-07-10,325,325,325,325,360
2000-07-12,310,310,310,310,2800
2000-07-21,300,300,300,300,280
2000-07-26,300,300,300,300,4040
2000-07-28,300,300,300,300,3200
2000-08-11,299,299,299,299,860
2000-08-14,299,299,299,299,1220
2000-08-16,300,300,300,300,160
2000-08-23,280,280,280,280,2180
2000-09-06,280,280,280,280,600
2000-09-08,280,280,280,280,1400
2000-09-15,280,280,280,280,400
2000-09-20,280,280,280,280,160
2000-09-22,280,280,280,280,80
2000-09-29,280,280,280,280,100
2000-10-02,280,280,280,280,120
2000-10-04,280,280,280,280,620
2000-10-06,280,280,280,280,820
2000-10-09,280,280,280,280,1020
2000-10-11,280,280,280,280,260
2000-10-13,280,280,280,280,480
2000-10-18,280,280,280,280,120
2000-10-20,275,275,275,275,1100
2000-11-03,275,275,275,275,700
2000-11-06,275,275,275,275,740
2000-11-13,275,275,275,275,160
2000-11-16,275,275,275,275,260
2000-11-17,275,275,275,275,200
2000-11-22,275,275,275,275,100
2000-11-24,275,275,275,275,400
2000-11-27,275,275,275,275,660
2000-12-01,275,275,275,275,20
2000-12-06,296,296,296,296,54740
2000-12-15,296,296,296,296,620
2000-12-18,275,275,275,275,220
2000-12-20,275,275,275,275,100
2000-12-22,270,270,270,270,1660
2000-12-26,270,270,270,270,200
2001-01-05,270,270,270,270,460
2001-01-10,270,270,270,270,120
2001-01-17,271,271,271,271,680
2001-01-19,271,271,271,271,1280
2001-01-24,271,271,271,271,60
2001-01-26,270,270,270,270,900
2001-01-29,270,270,270,270,840
2001-01-31,265,265,265,265,960
2001-02-05,265,265,265,265,2000
2001-02-07,255,255,255,255,400
2001-02-09,255,255,255,255,200
2001-02-14,250,250,250,250,460
2001-02-21,250,250,250,250,1360
2001-03-02,250,250,250,250,400
2001-04-04,250,250,250,250,1020
2001-04-11,250,250,250,250,120
2001-05-09,250,250,250,250,600
2001-05-11,250,250,250,250,1100
2001-05-14,250,250,250,250,1620
2001-05-16,250,250,250,250,900
2001-05-21,245,245,245,245,800
2001-05-23,245,245,245,245,960
2001-05-30,243,243,243,243,300
2001-07-18,240,240,240,240,260
2001-07-20,225,225,225,225,2000
2001-07-23,240,240,240,240,1000
2001-08-13,225,225,225,225,1060
2001-08-16,225,225,225,225,1200
2001-08-22,210,210,210,210,2840
2001-08-24,205,205,205,205,3880
2001-08-29,205,205,205,205,2000
2001-09-07,200,200,200,200,860
2001-09-12,200,200,200,200,60
2001-09-19,200,200,200,200,2720
2001-10-15,199,199,199,199,200
2001-12-13,195,195,195,195,840
2001-12-14,193,193,193,193,160
2002-01-02,180,180,180,180,1200
2002-01-10,175,175,175,175,1320
2002-03-06,175,175,175,175,20
2002-06-04,162,162,162,162,2000
2002-07-12,145,145,145,145,1960
2002-07-31,125,125,125,125,2160
2002-08-02,116,116,116,125,900
2002-08-05,116,116,116,116,680
2002-08-14,116,116,116,116,120
2002-08-16,116,116,116,116,380
2002-09-12,116,116,116,116,600
2002-09-17,115,115,115,115,1360
2002-09-26,115,115,115,115,360
2002-11-13,115,115,115,115,460
2002-12-10,115,115,115,115,260
2002-12-30,107,107,107,107,2000
2003-01-23,106,106,106,106,240
2003-01-24,100,100,100,100,460
2003-01-30,100,100,100,100,1540
2003-03-21,100,100,100,100,4240
2003-05-14,100,100,100,100,200
2003-07-21,93,93,93,93,400
2003-07-31,93,93,93,93,3780
2003-08-01,93,93,93,93,220
2003-08-04,90,90,90,90,1200
2003-08-08,90,90,90,90,2000
2003-08-11,90,90,90,90,2060
2003-08-18,90,90,90,90,400
2003-08-21,90,90,90,90,1300
2003-08-26,90,90,90,90,280
2003-08-27,90,90,90,90,500
2003-08-29,90,90,90,90,40
2003-09-08,90,90,90,90,280
2003-09-15,90,90,90,90,200
2003-09-16,90,90,90,90,720
2003-09-24,90,90,90,90,480
2003-10-10,90,90,90,90,240
2003-10-16,89,89,89,89,200
2003-10-20,89,89,89,89,200
2003-10-23,89,89,89,89,400
2003-10-27,89,89,89,89,200
2003-11-12,89,89,89,89,2240
2004-01-14,83,83,83,83,4760
2004-01-16,85,85,85,85,6700
2004-01-19,85,85,85,85,1880
2004-01-29,85,85,85,85,120
2004-02-23,85,85,85,85,240
2004-03-09,85,85,85,85,480
2004-03-10,85,85,85,85,1680
2004-04-02,85,85,85,85,160
2004-04-27,85,85,85,85,1600
2004-04-30,85,85,85,85,200
2004-05-12,86,86,86,86,200
2004-05-19,86,86,86,86,240
2004-05-25,86,86,86,86,200
2004-07-12,85,85,85,85,180
2004-07-21,85,85,85,85,180
2004-07-22,85,85,85,85,200
2004-07-27,85,85,85,85,480
2004-08-09,90,90,90,90,200
2004-08-10,90,90,90,90,120
2004-08-16,91,91,91,91,200
2004-08-18,91,91,91,91,640
2004-08-24,91,91,91,91,120
2004-09-10,93,93,93,93,11540
2004-09-28,93,93,93,93,140
2004-10-15,93,93,93,93,3200
2004-11-02,93,93,93,93,3200
2004-11-29,93,93,93,93,340
2004-12-06,93,93,93,93,20
2004-12-30,93,93,93,93,160
2005-01-25,93,93,93,93,120
2005-02-02,93,93,93,93,680
2005-02-08,93,93,93,93,3300
2005-02-25,93,93,93,93,900
2005-03-15,93,93,93,93,240
2005-03-18,93,93,93,93,480
2005-04-07,93,93,93,93,180
2005-04-27,93,93,93,93,160
2005-05-18,93,93,93,93,1040
2005-06-01,93,93,93,93,480
2005-06-07,93,93,93,93,1000
2005-06-10,93,93,93,93,660
2005-06-20,93,93,93,93,20
2005-06-30,85,85,85,85,14220
2005-07-04,85,85,85,85,11000
2005-07-08,85,85,85,85,640
2005-07-27,85,85,85,85,200
2005-08-02,100,100,100,100,1240
2005-08-09,100,100,100,100,400
2005-08-31,100,100,100,100,1000
2005-09-22,100,100,100,100,2500
2005-09-27,105,105,105,105,640
2005-09-29,110,110,110,110,480
2005-10-07,119,119,119,119,240
2005-10-18,110,110,110,110,2340
2005-10-31,110,110,110,110,180
2005-12-06,110,110,110,110,2560
2005-12-14,110,110,110,110,760
2006-01-03,110,110,110,110,240
2006-01-12,110,110,110,110,20
2006-02-07,110,110,110,110,640
2006-02-17,111,111,111,111,1140
2006-02-22,111,111,111,111,640
2006-02-27,111,111,111,111,320
2006-02-28,111,111,111,111,320
2006-03-07,111,111,111,111,160
2006-03-15,111,111,111,111,640
2006-03-22,111,111,111,111,20
2006-03-23,111,111,111,111,260
2006-04-24,103,103,103,103,420
2006-05-12,110,110,110,110,640
2006-05-24,110,110,110,110,520
2006-07-10,100,100,100,100,2100
2006-07-14,100,100,100,100,20
2006-07-17,100,100,100,100,2300
2006-08-03,100,100,100,100,760
2006-08-09,100,100,100,100,240
2006-08-10,100,100,100,100,120
2006-08-23,100,100,100,100,120
2006-08-25,100,100,100,100,520
2006-08-30,100,100,100,100,2300
2006-09-11,100,100,100,100,60
2006-09-15,100,100,100,100,340
2006-10-09,100,100,100,100,420
2006-10-27,100,100,100,100,200
2006-11-13,100,100,100,100,400
2006-11-22,100,100,100,100,180
2006-11-24,100,100,100,100,40
2006-11-30,100,100,100,100,60
2007-01-10,100,100,100,100,480
2007-01-12,100,100,100,100,200
2007-03-20,100,100,100,100,100
2007-03-21,100,100,100,100,200
2007-04-30,100,100,100,100,200
2007-05-08,100,100,100,100,60
2007-06-05,100,100,100,100,120
2007-06-12,100,100,100,100,2620
2007-06-14,100,100,100,100,300
2007-06-21,100,100,100,100,4640
2007-06-29,100,100,100,100,4000
2007-07-03,100,100,100,100,1000
2007-07-05,100,100,100,100,2040
2007-07-13,105,105,105,105,1460
2007-07-19,113,113,113,113,880
2007-07-25,115,115,115,115,180
2007-07-31,115,115,115,115,420
2007-08-02,108,108,108,108,460
2007-08-27,110,110,110,110,200
2007-08-31,118,118,118,118,500
2007-09-03,118,118,118,118,2060
2007-09-04,125,125,125,125,480
2007-09-10,128,128,128,128,1280
2007-09-11,135,135,135,135,260
2007-09-13,138,138,138,138,200
2007-09-19,171,171,171,171,360
2007-09-24,198,198,198,198,240
2007-09-27,213,213,213,213,860
2007-10-01,245,245,245,245,1220
2007-10-03,260,260,260,260,200
2007-10-04,275,275,275,275,260
2007-10-10,290,290,290,290,440
2007-10-16,300,300,300,300,1160
2007-10-17,300,300,300,300,200
2007-10-18,303,303,303,303,600
2007-10-19,303,303,303,303,2300
2007-10-22,305,305,305,305,2500
2007-10-26,290,290,290,290,2000
2007-11-02,315,315,315,315,360
2007-11-06,315,315,315,315,540
2007-11-08,315,315,315,315,1560
2007-11-12,315,315,315,315,360
2007-11-20,292,292,292,292,2960
2007-11-22,270,270,270,270,1640
2007-11-30,270,270,270,270,100
2007-12-03,263,263,263,263,1380
2007-12-05,250,250,250,250,3060
2007-12-06,250,250,250,250,60
2007-12-07,250,250,250,250,200
2007-12-11,250,250,250,250,20
2008-01-04,231,231,231,231,1860
2008-01-09,231,231,231,231,40
2008-01-16,214,214,214,214,1340
2008-01-25,230,230,230,230,840
2008-01-28,230,230,230,230,100
2008-01-29,230,230,230,230,200
2008-02-15,215,215,215,215,400
2008-02-18,215,215,215,215,400
2008-02-19,210,210,210,210,480
2008-02-20,210,210,210,210,600
2008-02-26,225,225,225,225,780
2008-02-29,225,225,225,225,200
2008-03-03,225,225,225,225,520
2008-03-04,225,225,225,225,800
2008-03-10,210,210,210,210,1200
2008-03-11,210,210,210,210,2680
2008-03-13,210,210,210,210,180
2008-03-14,213,213,213,213,1280
2008-03-17,213,213,213,213,180
2008-03-18,225,225,225,225,6880
2008-03-25,225,225,225,225,1000
2008-03-26,225,225,225,225,1200
2008-03-27,225,225,225,225,80
2008-03-28,230,230,230,230,400
2008-03-31,230,230,230,230,200
2008-04-02,230,230,230,230,200
2008-04-03,230,230,230,230,400
2008-04-04,215,215,215,215,1980
2008-04-07,215,215,215,215,1620
2008-04-08,215,215,215,215,1440
2008-04-10,210,210,210,210,1200
2008-04-24,225,225,225,225,240
2008-04-25,230,230,230,230,300
2008-05-06,235,235,235,235,220
2008-05-07,250,250,250,250,1220
2008-05-13,250,250,250,250,6420
2008-05-14,250,250,250,250,4900
2008-05-15,250,250,250,250,3280
2008-05-16,250,250,250,250,1460
2008-05-20,248,248,248,248,540
2008-05-22,248,248,248,248,220
2008-06-03,266,266,266,266,780
2008-06-04,266,266,266,266,420
2008-06-10,268,268,268,268,147260
2008-06-13,280,280,280,280,20200
2008-06-16,280,280,280,280,180
2008-06-17,280,280,280,280,200
2008-06-18,285,285,285,285,14020
2008-06-24,291,291,291,291,320
2008-06-25,291,291,291,291,200
2008-06-27,291,291,291,291,4865840
2008-07-02,310,310,310,310,4000
2008-07-14,323,323,323,323,660
2008-07-18,335,335,335,335,1000
2008-07-23,340,340,340,340,240
2008-07-24,350,350,350,350,4660
2008-07-25,375,375,375,375,440
2008-07-30,375,375,375,375,2960
2008-07-31,401,401,401,401,660
2008-08-05,430,430,430,430,1200
2008-08-06,428,428,428,428,1620
2008-08-13,455,455,455,455,360
2008-08-18,485,485,485,485,640
2008-08-19,490,490,490,490,4280
2008-08-20,500,500,500,500,520
2008-08-21,530,530,530,530,900
2008-08-25,613,613,613,613,2300
2008-08-26,659,659,659,659,1560
2008-08-29,818,818,818,818,23060
2008-09-01,879,879,879,879,12880
2008-09-02,945,945,945,945,4080
2008-09-03,1015,1015,1015,1015,720
2008-09-04,1091,1091,1091,1091,1020
2008-09-05,1173,1173,1173,1173,2760
2008-09-08,1250,1250,1250,1250,8880
2008-09-09,1156,1156,1156,1156,2580
2008-09-23,847,847,847,847,940
2008-10-01,750,750,750,750,400
2008-10-03,650,650,650,650,3640
2008-10-06,650,650,650,650,100
2008-10-09,625,625,625,625,200
2008-10-10,600,600,600,600,200
2008-10-13,555,555,555,555,2000
2008-10-15,520,520,520,520,300
2008-10-16,500,500,500,500,1620
2008-10-17,463,463,463,463,1400
2008-10-20,428,428,428,428,540
2008-10-23,367,367,367,367,1520
2008-10-31,337,337,337,337,200
2008-11-04,289,289,289,289,3000
2008-11-06,289,289,289,289,4000
2008-11-17,285,285,285,285,2040
2008-11-18,285,285,285,285,8200
2008-11-24,285,285,285,285,200
2008-11-25,285,285,285,285,1000
2008-11-27,285,285,285,285,320
2008-12-12,285,285,285,285,520
2009-01-05,285,285,285,285,40
2009-02-16,285,285,285,285,1600
2009-02-17,285,285,285,285,40
2009-03-10,275,275,275,275,680
2009-03-11,275,275,275,275,80
2009-03-20,275,275,275,275,40
2009-03-27,275,275,275,275,160
2009-03-30,260,260,260,260,400
2009-04-27,260,260,260,260,20
2009-04-29,260,260,260,260,180
2009-04-30,260,260,260,260,540
2009-05-04,241,241,241,241,720
2009-05-08,241,241,241,241,40
2009-05-11,223,223,223,223,300
2009-06-15,223,223,223,223,480
2009-06-18,223,223,223,223,120
2009-06-22,222,222,222,222,200
2009-06-23,222,222,222,222,20
2009-07-03,222,222,222,222,2000
2009-07-09,222,222,222,222,800
2009-07-10,222,222,222,222,380
2009-07-13,222,222,222,222,500
2009-07-14,222,222,222,222,540
2009-07-15,222,222,222,222,20
2009-07-20,222,222,222,222,1420
2009-07-21,222,222,222,222,960
2009-07-22,222,222,222,222,920
2009-07-24,222,222,222,222,200
2009-07-27,222,222,222,222,600
2009-07-29,222,222,222,222,360
2009-07-30,222,222,222,222,200
2009-08-05,222,222,222,222,200
2009-08-20,223,223,223,223,160
2009-08-21,223,223,223,223,320
2009-08-24,223,223,223,223,440
2009-09-01,223,223,223,223,1220
2009-09-02,223,223,223,223,260
2009-09-04,223,223,223,223,620
2009-09-09,223,223,223,223,1260
2009-09-15,223,223,223,223,80
2009-10-01,223,223,223,223,600
2009-10-19,220,220,220,220,180
2009-10-20,223,223,223,223,360
2009-10-22,223,223,223,223,200
2009-11-10,223,223,223,223,200
2009-11-24,222,222,222,222,420
2009-11-25,222,222,222,222,240
2009-11-30,222,222,222,222,240
2009-12-07,222,222,222,222,280
2009-12-08,222,222,222,222,120
2009-12-09,222,222,222,222,600
2009-12-18,222,222,222,222,160
2009-12-23,222,222,222,222,20
2010-01-04,222,222,222,222,220
2010-01-06,222,222,222,222,200
2010-01-07,222,222,222,222,940
2010-01-08,222,222,222,222,500
2010-01-11,222,222,222,222,60
2010-01-15,222,222,222,222,200
2010-01-18,222,222,222,222,200
2010-02-03,222,222,222,222,400
2010-03-02,222,222,222,222,720
2010-03-03,222,222,222,222,580
2010-03-04,222,222,222,222,100
2010-03-11,200,200,200,200,400
2010-03-12,200,200,200,200,320
2010-03-16,200,200,200,200,100
2010-03-18,200,200,200,200,500
2010-03-24,196,196,196,196,660
2010-03-29,196,196,196,196,300
2010-04-01,196,196,196,196,420
2010-04-23,181,181,181,181,640
2010-04-28,170,170,170,170,2520
2010-05-04,170,170,170,170,1640
2010-05-10,170,170,170,170,620
2010-05-11,170,170,170,170,2120
2010-05-14,170,170,170,170,280
2010-05-18,170,170,170,170,420
2010-05-31,175,175,175,175,660
2010-06-01,170,170,170,170,1340
2010-06-09,196,196,196,196,200
2010-06-10,211,211,211,211,200
2010-06-23,200,200,200,200,2140
2010-07-15,200,200,200,200,600
2010-07-23,200,200,200,200,200
2010-07-26,200,200,200,200,800
2010-08-10,195,195,195,195,1200
2010-08-11,195,195,195,195,300
2010-08-16,200,200,200,200,200
2010-08-18,200,200,200,200,740
2010-08-19,200,200,200,200,600
2010-08-23,200,200,200,200,1100
2010-08-24,210,210,210,210,200
2010-08-30,210,210,210,210,200
2010-09-01,210,210,210,210,520
2010-09-07,210,210,210,210,20
2010-09-08,210,210,210,210,600
2010-09-09,200,200,200,200,1280
2010-09-15,215,215,215,215,200
2010-09-30,210,210,210,210,880
2010-10-01,210,210,210,210,280
2010-10-14,225,225,225,225,200
2010-10-25,225,225,225,225,200
2010-11-03,225,225,225,225,200
2010-11-09,225,225,225,225,200
2010-11-12,225,225,225,225,280
2010-11-18,225,225,225,225,340
2010-11-23,225,225,225,225,400
2010-12-24,225,225,225,225,400
2010-12-27,225,225,225,225,220
2010-12-29,225,225,225,225,260
2011-01-05,225,225,225,225,1780
2011-01-06,225,225,225,225,900
2011-01-24,210,210,210,210,200
2011-01-25,210,210,210,210,340
2011-03-24,200,200,200,200,220
2011-05-12,198,198,198,198,480
2011-05-31,169,169,169,169,780
2011-06-03,168,168,168,168,320
2011-06-08,168,168,168,168,500
2011-06-24,168,168,168,168,980
2011-06-28,155,155,155,155,620
2011-07-04,155,155,155,155,120
2011-08-05,179,179,179,179,1720
2011-08-09,193,193,193,193,2020
2011-08-10,193,193,193,193,4220
2011-08-11,193,193,193,193,220
2011-09-20,195,195,195,195,720
2011-09-22,200,200,200,200,240
2011-09-23,200,200,200,200,700
2011-09-27,200,200,200,200,300
2011-10-06,200,200,200,200,400
2011-10-10,200,200,200,200,300
2011-10-13,200,200,200,200,1640
2011-10-18,200,200,200,200,1120
2011-10-25,200,200,200,200,280
2011-10-31,225,225,225,225,280
2011-11-02,225,225,225,225,500
2011-11-03,225,225,225,225,4320
2011-11-04,230,230,230,230,1380
2011-11-08,230,230,230,230,2000
2011-11-10,235,235,235,235,1400
2011-11-11,250,250,250,250,680
2011-11-18,260,260,260,260,620
2011-11-23,290,290,290,290,2200
2011-11-24,290,290,290,290,4140
2011-11-25,300,300,300,300,760
2011-11-28,323,323,323,323,1400
2011-11-30,323,323,323,323,12740
2011-12-01,323,323,323,323,4000
2011-12-02,323,323,323,323,2800
2011-12-06,300,300,300,300,1000
2011-12-30,372,372,372,372,400
2012-01-04,430,430,430,430,1100
2012-01-06,398,398,398,398,300
2012-01-09,372,372,372,372,2000
2012-01-16,372,372,372,372,2400
2012-01-17,372,372,372,372,2000
2012-01-18,375,375,375,375,200
2012-01-19,375,375,375,375,2600
2012-01-23,375,375,375,375,100
2012-01-24,375,375,375,375,100
2012-01-25,375,375,375,375,1039180
2012-01-27,400,400,400,400,1380
2012-02-01,398,398,398,398,6900
2012-02-08,400,400,400,400,200
2012-02-09,420,420,420,420,300
2012-02-14,420,420,420,420,100
2012-02-17,420,420,420,420,700
2012-02-21,475,475,475,475,200
2012-02-22,475,475,475,475,200
2012-02-24,450,450,450,450,240
2012-03-01,450,450,450,450,1700
2012-03-07,448,448,448,448,1540
2012-03-08,449,449,449,449,400
2012-03-09,449,449,449,449,700
2012-03-12,445,445,445,445,160
2012-03-23,445,445,445,445,1320
2012-03-26,445,445,445,445,4280
2012-03-28,445,445,445,445,860
2012-03-29,445,445,445,445,300
2012-03-30,445,445,445,445,720
2012-04-02,445,445,445,445,440
2012-04-05,445,445,445,445,1020
2012-04-06,445,445,445,445,800
2012-04-10,445,445,445,445,2000
2012-04-16,445,445,445,445,9740
2012-04-17,445,445,445,445,7800
2012-04-18,445,445,445,445,300
2012-04-20,425,425,425,425,560
2012-04-23,423,423,423,423,1420
2012-04-24,422,422,422,422,1120
2012-04-30,375,375,375,375,1200
2012-05-03,375,375,375,375,920
2012-05-09,350,350,350,350,560
2012-05-16,350,350,350,350,1080
2012-05-24,350,350,350,350,60
2012-05-29,350,350,350,350,400
2012-05-30,324,324,324,324,1300
2012-06-07,320,320,320,320,200
2012-06-08,300,300,300,300,640
2012-06-20,298,298,298,298,900
2012-06-21,298,298,298,298,400
2012-06-22,298,298,298,298,300
2012-06-28,298,298,298,298,500
2012-07-05,315,315,315,315,600
2012-07-10,315,315,315,315,800
2012-07-11,315,315,315,315,200
2012-07-13,315,315,315,315,720
2012-07-18,325,325,325,325,800
2012-07-24,315,315,315,315,5760
2012-07-25,298,298,298,298,2000
2012-07-26,278,278,278,278,200
2012-08-01,278,278,278,278,20
2012-08-02,285,285,285,285,680
2012-08-08,300,300,300,300,600
2012-08-09,315,315,315,315,440
2012-08-10,338,338,338,338,8180
2012-08-13,338,338,338,338,2000
2012-08-14,338,338,338,338,1500
2012-08-16,338,338,338,338,2140
2012-08-21,335,335,335,335,1300
2012-08-27,335,335,335,335,40
2012-08-28,350,350,350,350,220
2012-08-30,350,350,350,350,1740
2012-08-31,350,350,350,350,960
2012-09-03,350,350,350,350,4180
2012-09-05,376,376,376,376,300
2012-09-06,350,350,350,350,360
2012-09-07,350,350,350,350,1480
2012-09-10,350,350,350,350,200
2012-09-11,350,350,350,350,180
2012-09-14,350,350,350,350,1420
2012-09-18,350,350,350,350,200
2012-09-20,350,350,350,350,2080
2012-09-25,350,350,350,350,20
2012-09-26,350,350,350,350,200
2012-09-27,350,350,350,350,2000
2012-09-28,350,350,350,350,400
2012-10-02,350,350,350,350,2500
2012-10-04,376,376,376,376,1840
2012-10-09,404,404,404,404,7460
2012-10-10,435,435,435,435,4720
2012-10-11,450,450,450,450,1260
2012-10-15,484,484,484,484,20740
2012-10-16,500,500,500,500,200
2012-10-17,520,520,520,520,2400
2012-10-19,555,555,555,555,5840
2012-10-22,597,597,597,597,1000
2012-10-23,597,597,597,597,300
2012-10-24,597,597,597,597,3900
2012-10-25,635,635,635,635,3960
2012-11-02,588,588,588,588,8380
2012-11-06,544,544,544,544,460
2012-11-07,503,503,503,503,300
2012-11-08,540,540,540,540,180
2012-11-09,540,540,540,540,40
2012-11-12,540,540,540,540,300
2012-11-20,525,525,525,525,600
2012-11-21,515,515,515,515,940
2012-11-22,480,480,480,480,200
2012-11-23,450,450,450,450,160
2012-11-26,450,450,450,450,840
2012-11-27,450,450,450,450,20
2012-11-28,450,450,450,450,540
2012-11-29,450,450,450,450,100
2012-11-30,450,450,450,450,480
2012-12-03,416,416,416,416,640
2012-12-04,385,385,385,385,720
2012-12-10,414,414,414,414,160
2012-12-12,445,445,445,445,600
2012-12-14,475,475,475,475,3300
2012-12-18,475,475,475,475,20
2012-12-24,475,475,475,475,1200
2012-12-26,475,475,475,475,800
2012-12-28,475,475,475,475,1040
2013-01-02,475,475,475,475,980
2013-01-03,475,475,475,475,200
2013-01-04,475,475,475,475,1100
2013-01-09,475,475,475,475,500
2013-01-11,473,473,473,473,220
2013-01-14,475,475,475,475,2200
2013-01-15,475,475,475,475,260
2013-01-16,470,470,470,470,600
2013-01-18,450,450,450,450,360
2013-01-21,450,450,450,450,400
2013-01-22,425,425,425,425,1960
2013-01-25,425,425,425,425,1420
2013-01-28,425,425,425,425,200
2013-01-29,418,418,418,418,320
2013-01-31,418,418,418,418,80
2013-02-01,449,449,449,449,160
2013-02-04,449,449,449,449,480
2013-02-05,418,418,418,418,800
2013-02-07,418,418,418,418,520
2013-02-08,417,417,417,417,1040
2013-02-11,418,418,418,418,4020
2013-02-14,415,415,415,415,360
2013-02-15,415,415,415,415,200
2013-02-18,415,415,415,415,2960
2013-02-19,415,415,415,415,2000
2013-02-20,415,415,415,415,4000
2013-02-25,425,425,425,425,1600
2013-03-01,450,450,450,450,2440
2013-03-05,484,484,484,484,300
2013-03-06,520,520,520,520,200
2013-03-07,520,520,520,520,100
2013-03-08,520,520,520,520,400
2013-03-11,520,520,520,520,100
2013-03-12,520,520,520,520,1000
2013-03-14,520,520,520,520,300
2013-03-15,481,481,481,481,1000
2013-03-18,481,481,481,481,2660
2013-03-19,517,517,517,517,200
2013-03-20,517,517,517,517,3100
2013-03-21,500,500,500,500,400
2013-03-26,520,520,520,520,200
2013-03-28,520,520,520,520,40
2013-04-03,520,520,520,520,480
2013-04-05,520,520,520,520,1340
2013-04-08,520,520,520,520,500
2013-04-10,520,520,520,520,1100
2013-04-16,550,550,550,550,2300
2013-04-18,550,550,550,550,1100
2013-04-26,550,550,550,550,1560
2013-04-30,591,591,591,591,160
2013-05-02,625,625,625,625,180
2013-05-06,625,625,625,625,10260
2013-05-08,672,672,672,672,1620
2013-05-10,625,625,625,625,1580
2013-05-14,625,625,625,625,220
2013-05-15,638,638,638,638,2000
2013-05-17,685,685,685,685,820
2013-05-21,737,737,737,737,1500
2013-05-22,792,792,792,792,300
2013-05-23,851,851,851,851,6420
2013-05-24,915,915,915,915,5720
2013-05-27,983,983,983,983,1240
2013-05-28,983,983,983,983,7220
2013-05-29,983,983,983,983,1220
2013-05-31,983,983,983,983,1180
2013-06-03,983,983,983,983,660
2013-06-04,910,910,910,910,1060
2013-06-06,910,910,910,910,2660
2013-06-07,842,842,842,842,420
2013-06-10,779,779,779,779,940
2013-06-11,725,725,725,725,1640
2013-06-13,675,675,675,675,1340
2013-06-14,650,650,650,650,2300
2013-06-17,601,601,601,601,2000
2013-06-18,646,646,646,646,160
2013-06-19,695,695,695,695,2740
2013-06-20,747,747,747,747,1400
2013-06-21,802,802,802,802,160
2013-06-25,802,802,802,802,500
2013-06-26,860,860,860,860,400
2013-06-27,925,925,925,925,200
2013-06-28,994,994,994,994,200
2013-07-01,919,919,919,919,520
2013-07-02,860,860,860,860,780
2013-07-03,860,860,860,860,720
2013-07-04,860,860,860,860,780
2013-07-05,860,860,860,860,560
2013-07-08,860,860,860,860,200
2013-07-10,860,860,860,860,2900
2013-07-12,850,850,850,850,1000
2013-07-15,860,860,860,860,500
2013-07-16,825,825,825,825,2720
2013-07-17,825,825,825,825,240
2013-07-19,810,810,810,810,2260
2013-07-22,750,750,750,750,1940
2013-07-23,775,775,775,775,600
2013-07-24,833,833,833,833,180
2013-07-25,855,855,855,855,320
2013-07-26,850,850,850,850,6400
2013-07-31,914,914,914,914,800
2013-08-02,982,982,982,982,540
2013-08-05,990,990,990,990,1000
2013-08-09,950,950,950,950,300
2013-08-12,950,950,950,950,480
2013-08-13,950,950,950,950,1520
2013-08-16,994,994,994,994,7960
2013-08-20,950,950,950,950,500
2013-08-22,950,950,950,950,4000
2013-08-23,950,950,950,950,2100
2013-08-26,950,950,950,950,560
2013-08-27,1000,1000,1000,1000,2860
2013-08-30,1000,1000,1000,1000,300
2013-09-05,1005,1005,1005,1005,200
2013-09-09,1050,1050,1050,1050,4060
2013-09-10,1050,1050,1050,1050,660
2013-09-11,1050,1050,1050,1050,600
2013-09-12,1050,1050,1050,1050,200
2013-09-13,1050,1050,1050,1050,20
2013-09-16,1050,1050,1050,1050,620
2013-09-17,1050,1050,1050,1050,15520
2013-09-18,1050,1050,1050,1050,40
2013-09-20,1050,1050,1050,1050,160
2013-09-23,994,1015,994,1015,600
2013-09-24,1050,1050,1050,1050,20
2013-09-26,1050,1050,1000,1000,760
2013-09-27,950,950,950,950,2000
2013-09-30,950,950,950,950,980
2013-10-01,969,969,950,950,2540
2013-10-02,950,950,950,950,3200
2013-10-03,950,1021,950,1021,1200
2013-10-07,1000,1000,1000,1000,12000
2013-10-08,925,925,925,925,240
2013-10-11,994,994,950,950,3380
2013-10-14,950,950,950,950,3600
2013-10-16,950,950,950,950,440
2013-10-17,950,950,950,950,4000
2013-10-21,950,950,945,945,360
2013-10-22,925,925,925,925,1560
2013-10-23,950,950,950,950,400
2013-10-24,950,950,950,950,660
2013-10-28,953,1021,953,955,4480
2013-10-29,1025,1025,950,950,20600
2013-10-30,1021,1021,1021,1021,2000
2013-10-31,1025,1050,1025,1050,21000
2013-11-04,1050,1125,1050,1125,800
2013-11-05,1125,1125,1125,1125,5800
2013-11-07,1125,1125,1125,1125,400
2013-11-08,1125,1125,1125,1125,140
2013-11-11,1050,1050,1050,1050,40
2013-11-12,1025,1125,1025,1125,120
2013-11-18,1125,1125,1125,1125,20
2013-11-19,1125,1209,1125,1200,800
2013-11-20,1290,1290,1290,1290,200
2013-11-21,1275,1275,1200,1250,9760
2013-11-22,1250,1250,1250,1250,3200
2013-11-25,1225,1225,1200,1200,540
2013-11-26,1210,1210,1210,1210,1460
2013-11-28,1205,1205,1205,1205,200
2013-11-29,1205,1205,1205,1205,4800
2013-12-03,1150,1150,1150,1150,60
2013-12-04,1150,1150,1150,1150,60
2013-12-05,1150,1150,1125,1125,1360
2013-12-06,1125,1200,1125,1200,2360
2013-12-09,1150,1150,1125,1125,10940
2013-12-10,1100,1100,1100,1100,300
2013-12-11,1150,1150,1150,1150,80
2013-12-13,1125,1125,1125,1125,140
2013-12-16,1125,1125,1125,1125,100
2013-12-17,1125,1125,1125,1125,280
2013-12-18,1125,1150,1125,1150,340
2013-12-20,1125,1125,1125,1125,300
2013-12-23,1150,1150,1128,1128,340
2013-12-24,1150,1150,1150,1150,200
2013-12-27,1151,1151,1151,1151,200
2013-12-30,1237,1237,1237,1237,200
2013-12-31,1237,1237,1151,1151,280
2014-01-02,1150,1150,1128,1150,1500
2014-01-03,1128,1128,1128,1128,260
2014-01-07,1128,1128,1128,1128,160
2014-01-08,1151,1151,1145,1145,60
2014-01-09,1128,1145,1128,1128,2880
2014-01-10,1130,1130,1128,1128,2000
2014-01-14,1150,1150,1130,1130,1500
2014-01-15,1155,1155,1155,1155,900
2014-01-17,1150,1150,1150,1150,220
2014-01-20,1150,1200,1150,1200,720
2014-01-21,1200,1200,1200,1200,640
2014-01-22,1200,1200,1200,1200,440
2014-01-28,1250,1250,1250,1250,1200
2014-01-30,1250,1250,1250,1250,20
2014-01-31,1250,1250,1250,1250,80
2014-02-03,1250,1250,1225,1225,1200
2014-02-05,1317,1317,1317,1317,1000
2014-02-10,1416,1416,1250,1250,5940
2014-02-12,1344,1344,1344,1344,300
2014-02-13,1335,1335,1335,1335,200
2014-02-14,1350,1350,1350,1350,1000
2014-02-18,1350,1350,1350,1350,1060
2014-02-19,1350,1350,1350,1350,640
2014-02-20,1350,1350,1345,1345,160
2014-02-21,1280,1350,1280,1350,680
2014-02-24,1280,1280,1280,1280,100
2014-02-25,1250,1250,1250,1250,3660
2014-02-26,1210,1210,1210,1210,500
2014-02-27,1213,1213,1210,1210,240
2014-02-28,1213,1213,1200,1200,2020
2014-03-03,1200,1200,1128,1128,500
2014-03-05,1128,1128,1128,1128,580
2014-03-06,1128,1128,1128,1128,400
2014-03-07,1128,1128,1128,1128,500
2014-03-10,1128,1128,1128,1128,1220
2014-03-11,1150,1150,1150,1150,420
2014-03-12,1128,1128,1128,1128,4000
2014-03-13,1128,1128,1128,1128,2000
2014-03-17,1150,1150,1150,1150,2120
2014-03-18,1150,1150,1150,1150,1100
2014-03-19,1200,1200,1200,1200,240
2014-03-20,1117,1117,1117,1117,2000
2014-03-21,1150,1150,1150,1150,600
2014-03-24,1200,1200,1200,1200,160
2014-03-25,1200,1200,1150,1150,660
2014-03-26,1200,1200,1200,1200,60
2014-03-27,1185,1185,1150,1150,600
2014-03-28,1150,1150,1150,1150,2020
2014-03-31,1150,1150,1150,1150,1300
2014-04-01,1150,1150,1150,1150,3020
2014-04-02,1150,1150,1150,1150,940
2014-04-03,1150,1150,1150,1150,100
2014-04-04,1200,1200,1200,1200,20
2014-04-07,1150,1150,1113,1113,3580
2014-04-09,1151,1151,1150,1150,360
2014-04-10,1150,1150,1150,1150,2740
2014-04-14,1150,1150,1150,1150,120
2014-04-16,1175,1175,1175,1175,400
2014-04-17,1263,1263,1263,1263,1280
2014-04-22,1263,1263,1263,1263,60
2014-04-23,1168,1168,1168,1168,100
2014-04-24,1150,1150,1150,1150,20
2014-04-25,1155,1168,1150,1168,2300
2014-04-28,1150,1150,1113,1113,1480
2014-04-29,1113,1113,1113,1113,600
2014-05-02,1113,1150,1113,1150,680
2014-05-05,1150,1150,1113,1113,1240
2014-05-06,1100,1100,1100,1100,1040
2014-05-09,1150,1150,1150,1150,240
2014-05-12,1150,1150,1150,1150,160
2014-05-13,1150,1150,1150,1150,220
2014-05-14,1150,1150,1148,1150,760
2014-05-16,1100,1150,1100,1150,1000
2014-05-20,1150,1150,1150,1150,2480
2014-05-21,1150,1150,1150,1150,3400
2014-05-22,1150,1150,1150,1150,320
2014-05-23,1155,1155,1155,1155,400
2014-05-26,1158,1158,1158,1158,1460
2014-05-30,1150,1158,1150,1150,1400
2014-06-02,1158,1158,1065,1065,3160
2014-06-03,1065,1065,1065,1065,4300
2014-06-04,1145,1145,1145,1145,600
2014-06-05,1150,1150,1145,1145,800
2014-06-11,1150,1150,1150,1150,400
2014-06-12,1150,1150,1150,1150,1400
2014-06-13,1150,1150,1150,1150,700
2014-06-16,1150,1150,1145,1145,280
2014-06-17,1231,1231,1231,1231,40
2014-06-18,1150,1150,1150,1150,80
2014-06-20,1175,1175,1175,1175,440
2014-06-24,1250,1250,1155,1155,1120
2014-06-26,1150,1150,1150,1150,2000
2014-07-01,1150,1150,1150,1150,1200
2014-07-02,1155,1155,1150,1150,220
2014-07-07,1155,1155,1155,1155,120
2014-07-09,1155,1155,1155,1155,300
2014-07-11,1156,1156,1156,1156,640
2014-07-14,1160,1160,1156,1156,260
2014-07-15,1175,1200,1156,1200,19540
2014-07-16,1250,1250,1250,1250,500
2014-07-17,1250,1343,1250,1343,200
2014-07-18,1342,1443,1342,1443,1560
2014-07-21,1443,1443,1443,1443,500
2014-07-23,1400,1515,1400,1515,6740
2014-07-25,1500,1500,1420,1425,2480
2014-07-29,1425,1425,1425,1425,1600
2014-07-30,1450,1450,1450,1450,320
2014-07-31,1450,1450,1425,1425,140
2014-08-01,1425,1425,1425,1425,60
2014-08-04,1425,1425,1425,1425,980
2014-08-05,1423,1423,1423,1423,160
2014-08-06,1423,1423,1423,1423,40
2014-08-08,1400,1420,1400,1420,2820
2014-08-11,1420,1420,1420,1420,1000
2014-08-12,1415,1425,1415,1425,6860
2014-08-14,1426,1430,1426,1430,340
2014-08-19,1495,1500,1490,1490,2900
2014-08-20,1490,1490,1490,1490,300
2014-08-21,1490,1490,1485,1490,2600
2014-08-22,1490,1490,1488,1488,900
2014-08-26,1500,1500,1500,1500,3400
2014-08-27,1515,1515,1515,1515,100
2014-08-28,1446,1446,1445,1445,80
2014-08-29,1450,1450,1450,1450,160
2014-09-01,1450,1450,1450,1450,180
2014-09-02,1450,1450,1450,1450,100
2014-09-03,1475,1475,1450,1450,1920
2014-09-04,1425,1450,1425,1425,4540
2014-09-08,1426,1426,1425,1425,480
2014-09-09,1426,1426,1425,1425,2040
2014-09-10,1426,1426,1426,1426,560
2014-09-12,1426,1426,1426,1426,40
2014-09-16,1425,1425,1425,1425,4520
2014-09-17,1425,1425,1425,1425,120
2014-09-18,1425,1425,1425,1425,520
2014-09-19,1425,1425,1425,1425,160
2014-09-22,1440,1440,1425,1425,400
2014-09-23,1430,1500,1430,1500,700
2014-09-29,1500,1500,1500,1500,100
2014-09-30,1451,1613,1450,1613,820
2014-10-02,1613,1613,1613,1613,80
2014-10-03,1613,1613,1600,1600,200
2014-10-08,1600,1600,1600,1600,60
2014-10-10,1500,1500,1500,1500,500
2014-10-13,1450,1450,1388,1388,1240
2014-10-14,1388,1388,1388,1388,1400
2014-10-15,1388,1388,1375,1375,380
2014-10-16,1375,1375,1375,1375,400
2014-10-17,1375,1375,1375,1375,200
2014-10-20,1375,1375,1375,1375,300
2014-10-21,1350,1350,1350,1350,140
2014-10-23,1350,1350,1350,1350,100
2014-10-24,1375,1375,1375,1375,100
2014-10-27,1375,1450,1375,1450,940
2014-10-28,1450,1450,1450,1450,80
2014-10-30,1450,1558,1450,1558,23900
2014-10-31,1600,1600,1600,1600,100
2014-11-03,1600,1720,1568,1720,16340
2014-11-04,1849,1849,1849,1849,1880
2014-11-05,1985,1985,1985,1985,500
2014-11-06,1946,2000,1925,1925,16120
2014-11-07,1925,1925,1925,1925,1600
2014-11-11,1935,2000,1935,2000,180
2014-11-13,1925,2000,1925,2000,7700
2014-11-17,1990,2000,1990,2000,720
2014-11-18,2000,2000,2000,2000,260
2014-11-19,1995,2000,1995,2000,2300
2014-11-20,2000,2000,2000,2000,100
2014-11-21,1925,1925,1925,1925,180
2014-11-24,1925,2000,1925,2000,580
2014-11-25,2000,2000,2000,2000,480
2014-11-26,2000,2000,2000,2000,700
2014-12-02,2000,2000,2000,2000,7200
2014-12-04,2000,2000,2000,2000,300
2014-12-05,2000,2000,2000,2000,220
2014-12-08,1950,2000,1950,2000,3500
2014-12-09,1985,1985,1985,1985,100
2014-12-11,1950,1950,1950,1950,100
2014-12-12,1804,1804,1804,1804,17240
2014-12-15,1768,1939,1768,1939,22400
2014-12-16,1950,1985,1950,1985,460
2014-12-17,1950,1950,1950,1950,400
2014-12-18,1980,1980,1980,1980,32560
2014-12-22,1850,1850,1850,1850,520
2014-12-23,1850,1900,1850,1900,7960
2014-12-26,1895,1895,1895,1895,200
2014-12-29,1850,1900,1850,1900,620
2014-12-30,1900,1900,1900,1900,1180
2014-12-31,1925,1945,1925,1945,520
2015-01-05,1925,1935,1925,1935,2040
2015-01-06,1800,1800,1800,1800,2040
2015-01-07,1800,1935,1800,1935,6640
2015-01-08,1850,1850,1850,1850,80
2015-01-09,1850,1850,1850,1850,1600
2015-01-12,1850,1850,1850,1850,200
2015-01-14,1800,1800,1800,1800,260
2015-01-15,1850,1850,1825,1850,8460
2015-01-16,1850,1850,1850,1850,1060
2015-01-19,1935,1935,1935,1935,400
2015-01-20,1935,1935,1850,1850,4980
2015-01-21,1850,1935,1850,1935,520
2015-01-22,1900,1900,1900,1900,1000
2015-01-23,1900,1900,1825,1825,480
2015-01-26,1850,1850,1850,1850,60
2015-01-27,1875,1935,1875,1935,940
2015-01-28,1935,1935,1925,1935,3160
2015-01-29,1935,1935,1900,1900,900
2015-01-30,1935,1935,1935,1935,240
2015-02-02,1935,1935,1935,1935,1800
2015-02-03,1935,2000,1925,1925,6000
2015-02-04,1930,1950,1930,1950,5360
2015-02-05,1925,1950,1925,1930,420
2015-02-10,2000,2000,2000,2000,500
2015-02-11,2000,2000,1950,1950,6740
2015-02-12,1950,1950,1950,1950,3700
2015-02-13,1950,1950,1950,1950,560
2015-02-16,1950,1950,1950,1950,340
2015-02-17,1950,1950,1950,1950,620
2015-02-18,1950,1950,1950,1950,100
2015-02-19,1950,1975,1950,1975,2800
2015-02-20,1975,1975,1975,1975,320
2015-02-23,1950,1950,1950,1950,200
2015-02-24,1950,1950,1950,1950,5000
2015-02-25,1950,1950,1950,1950,1140
2015-02-26,1950,1950,1950,1950,4700
2015-02-27,1950,1950,1950,1950,220
2015-03-02,1950,1950,1950,1950,540
2015-03-03,1950,1950,1950,1950,1880
2015-03-04,1975,1975,1900,1900,13500
2015-03-05,1900,1900,1900,1900,85580
2015-03-09,1925,1925,1925,1925,300
2015-03-11,1950,1950,1950,1950,1500
2015-03-12,2096,2096,1950,1950,3320
2015-03-13,1950,1950,1950,1950,1340
2015-03-17,2097,2097,2097,2097,400
2015-03-18,2254,2254,2254,2254,200
2015-03-19,2254,2254,2253,2254,2060
2015-03-20,2245,2250,2245,2250,880
2015-03-23,2250,2419,2250,2419,400
2015-03-24,2400,2400,2400,2400,20
2015-03-26,2400,2580,2400,2580,240
2015-03-27,2580,2774,2580,2774,1160
2015-03-30,2900,2982,2900,2982,1380
2015-03-31,2950,2950,2950,2950,6640
2015-04-01,2895,2895,2729,2729,220
2015-04-02,2710,2725,2710,2725,2280
2015-04-03,2530,2530,2525,2525,4220
2015-04-07,2525,2621,2525,2621,760
2015-04-08,2575,2575,2550,2550,6260
2015-04-09,2550,2741,2500,2741,2000
2015-04-10,2600,2600,2575,2575,8160
2015-04-13,2550,2598,2550,2598,3240
2015-04-14,2598,2600,2598,2600,1520
2015-04-15,2600,2600,2600,2600,260
2015-04-16,2550,2550,2550,2550,12300
2015-04-17,2600,2600,2600,2600,840
2015-04-20,2550,2600,2550,2600,1120
2015-04-21,2600,2600,2600,2600,40
2015-04-27,2525,2525,2525,2525,2560
2015-04-28,2525,2525,2525,2525,500
2015-04-29,2600,2600,2600,2600,200
2015-04-30,2590,2590,2590,2590,100
2015-05-04,2520,2520,2520,2520,20
2015-05-05,2520,2595,2520,2550,1520
2015-05-06,2595,2595,2595,2595,660
2015-05-07,2401,2401,2401,2401,120
2015-05-11,2580,2580,2580,2580,200
2015-05-12,2700,2774,2700,2774,640
2015-05-13,2800,2900,2800,2900,1660
2015-05-15,2800,2800,2800,2800,1800
2015-05-18,2825,2825,2825,2825,2220
2015-05-19,2820,2820,2820,2820,1300
2015-05-20,2725,2725,2725,2725,320
2015-05-22,2725,2750,2725,2725,340
2015-05-26,2725,2775,2725,2775,10760
2015-05-27,2750,2750,2750,2750,6040
2015-05-28,2750,2750,2725,2725,700
2015-05-29,2725,2750,2725,2750,4900
2015-06-01,2695,2695,2695,2695,1700
2015-06-02,2690,2690,2690,2690,400
2015-06-03,2690,2690,2690,2690,200
2015-06-04,2690,2690,2690,2690,200
2015-06-05,2675,2675,2675,2675,100
2015-06-08,2675,2675,2475,2475,6720
2015-06-09,2470,2475,2450,2450,11840
2015-06-10,2455,2455,2455,2455,20
2015-06-11,2455,2600,2455,2600,1060
2015-06-12,2590,2600,2590,2600,5120
2015-06-15,2750,2750,2750,2750,700
2015-06-16,2750,2825,2550,2825,5140
2015-06-17,2825,2845,2825,2825,460
2015-06-18,3037,3037,3037,3037,120
2015-06-19,3265,3265,3265,3265,1380
2015-06-22,3265,3500,3265,3265,5200
2015-06-23,3300,3300,3265,3275,560
2015-06-24,3300,3300,3300,3300,1080
2015-06-25,3300,3350,3300,3350,1940
2015-06-26,3601,3601,3601,3601,220
2015-06-29,3871,3871,3675,3675,1420
2015-06-30,3625,3750,3500,3750,1720
2015-07-01,3700,3700,3550,3700,840
2015-07-02,3750,3978,3750,3978,2100
2015-07-03,4100,4100,4100,4100,640
2015-07-06,4100,4100,4100,4100,1520
2015-07-07,4100,4100,4100,4100,5700
2015-07-08,4018,4100,4000,4100,6680
2015-07-09,4100,4100,4100,4100,60
2015-07-10,4087,4087,4070,4070,60
2015-07-13,4000,4000,3900,3900,240
2015-07-15,3765,4100,3650,4100,8500
2015-07-16,4100,4100,4100,4100,1040
2015-07-20,4100,4100,4100,4100,48340
2015-07-21,4100,4100,4100,4100,300
2015-07-23,4050,4050,4050,4050,20
2015-07-24,4049,4049,3746,3746,400
2015-07-27,3746,3746,3650,3746,2560
2015-07-28,3750,3775,3750,3775,3240
2015-07-29,3775,3775,3750,3750,400
2015-07-30,4000,4000,4000,4000,60
2015-08-03,3978,4000,3978,4000,4680
2015-08-04,3975,4025,3975,4025,180
2015-08-05,4100,4100,4100,4100,100
2015-08-06,4050,4100,4000,4100,1840
2015-08-10,4100,4250,4100,4250,880
2015-08-11,4250,4250,4200,4200,360
2015-08-12,4250,4250,4200,4200,620
2015-08-13,4200,4225,4200,4200,5200
2015-08-14,4101,4101,4101,4101,60
2015-08-17,4100,4100,4100,4100,400
2015-08-18,4100,4100,4000,4000,320
2015-08-19,4050,4050,4000,4000,240
2015-08-21,4000,4000,3925,4000,440
2015-08-24,3900,3900,3900,3900,4060
2015-08-25,3900,4000,3900,4000,720
2015-08-26,4000,4100,4000,4100,400
2015-08-27,4100,4225,4100,4225,2120
2015-09-02,4125,4125,4125,4125,200
2015-09-04,3900,3900,3900,3900,200
2015-09-07,4000,4050,4000,4050,1000
2015-09-10,4050,4050,4025,4050,1200
2015-09-11,4075,4075,4075,4075,20
2015-09-14,4050,4095,4050,4095,300
2015-09-16,4000,4050,4000,4050,800
2015-09-17,4050,4125,4050,4125,820
2015-09-18,3875,4100,3875,4100,540
2015-09-21,4100,4100,4100,4100,2800
2015-09-22,4100,4100,4100,4100,100
2015-09-23,4095,4125,4090,4100,2260
2015-09-28,4075,4095,3900,3900,15760
2015-09-29,4050,4050,4000,4000,240
2015-09-30,4000,4000,4000,4000,5480
2015-10-01,4000,4100,4000,4000,720
2015-10-05,4050,4050,4050,4050,5260
2015-10-06,4050,4100,4050,4100,440
2015-10-07,4100,4100,4100,4100,500
2015-10-09,4100,4100,4100,4100,200
2015-10-13,4125,4125,4125,4125,200
2015-10-14,4100,4100,4100,4100,200
2015-10-15,4025,4025,4000,4000,1980
2015-10-16,4075,4075,4000,4000,180
2015-10-19,4000,4000,4000,4000,220
2015-10-20,4050,4075,4000,4000,240
2015-10-21,4075,4075,4000,4000,3620
2015-10-22,4000,4100,4000,4100,620
2015-10-23,4100,4100,4100,4100,2180
2015-10-26,4100,4100,4000,4100,620
2015-10-28,4050,4050,4050,4050,120
2015-10-29,4050,4050,4050,4050,3300
2015-11-02,4005,4005,4005,4005,20
2015-11-04,3750,3750,3750,3750,600
2015-11-05,3750,3750,3750,3750,380
2015-11-06,3850,3900,3850,3900,640
2015-11-09,3750,3900,3700,3900,617880
2015-11-10,4000,4000,3900,3900,560
2015-11-11,4000,4000,4000,4000,20
2015-11-12,4000,4000,4000,4000,2440
2015-11-13,3900,4000,3900,4000,300
2015-11-16,4000,4000,4000,4000,660
2015-11-18,3850,4000,3800,4000,340
2015-11-19,4000,4000,3900,3900,780
2015-11-20,4000,4000,4000,4000,220
2015-11-23,4000,4000,4000,4000,280
2015-11-25,4000,4000,4000,4000,60
2015-11-26,4000,4000,4000,4000,120
2015-11-27,4000,4000,4000,4000,180
2015-11-30,4000,4000,3900,3985,320
2015-12-01,4000,4000,3985,3985,1180
2015-12-02,3900,4000,3900,4000,720
2015-12-03,4000,4050,3800,3801,6820
2015-12-04,3800,4050,3725,4050,480
2015-12-07,4050,4050,4050,4050,1000
2015-12-09,4050,4300,4050,4300,8080
2015-12-10,4000,4000,4000,4000,124040
2015-12-11,4000,4000,4000,4000,1100
2015-12-14,3800,3800,3800,3800,1000
2015-12-15,3750,4000,3750,4000,660
2015-12-16,4000,4100,4000,4100,1440
2015-12-23,4000,4000,4000,4000,60
2015-12-28,4100,4100,4050,4050,10040
2015-12-29,3750,4050,3750,4050,1100
2015-12-30,4000,4250,3975,4250,1120
2015-12-31,4250,4250,4250,4250,140
2016-01-04,4200,4250,4200,4250,520
2016-01-07,4195,4195,4195,4195,80
2016-01-08,4000,4000,4000,4000,20
2016-01-11,4000,4000,4000,4000,580
2016-01-12,4000,4000,4000,4000,460
2016-01-13,4050,4050,3950,3950,560
2016-01-14,4000,4000,4000,4000,660
2016-01-15,4050,4050,4050,4050,400
2016-01-18,4100,4100,4100,4100,920
2016-01-20,4050,4050,4050,4050,60
2016-01-21,4100,4100,4100,4100,100
2016-01-25,4100,4100,4000,4000,2140
2016-01-26,4000,4000,3750,4000,1440
2016-01-28,4000,4000,4000,4000,100
2016-01-29,4000,4000,4000,4000,420
2016-02-01,3900,3900,3900,3900,1340
2016-02-02,3900,3900,3900,3900,100
2016-02-03,4100,4100,3900,4050,1000
2016-02-05,4025,4025,4025,4025,2580
2016-02-09,4025,4025,4025,4025,1480
2016-02-10,4025,4025,3900,4000,1300
2016-02-11,4025,4050,3950,3950,98860
2016-02-12,4100,4100,4100,4100,80
2016-02-16,4000,4000,4000,4000,560
2016-02-17,3975,4050,3975,4000,1260
2016-02-18,4000,4000,4000,4000,1480
2016-02-19,4000,4000,3975,3975,540
2016-02-22,3975,3975,3975,3975,560
2016-02-23,4000,4000,4000,4000,500
2016-02-24,4000,4000,4000,4000,540
2016-02-25,4000,4000,4000,4000,4120
2016-02-26,4000,4000,4000,4000,3700
2016-02-29,4000,4000,3950,3950,1740
2016-03-01,3950,3950,3950,3950,2860
2016-03-02,3950,3950,3950,3950,400
2016-03-03,3950,3950,3950,3950,460
2016-03-04,4000,4000,3975,4000,2080
2016-03-07,3995,4000,3995,4000,4500
2016-03-08,4000,4000,4000,4000,2960
2016-03-09,4005,4005,4000,4000,360
2016-03-10,4050,4100,4050,4100,120
2016-03-11,4000,4100,4000,4100,340
2016-03-14,4050,4100,4050,4100,260
2016-03-15,4075,4075,4000,4000,1160
2016-03-16,4000,4075,4000,4075,180
2016-03-17,4075,4075,4075,4075,200
2016-03-18,4050,4050,4000,4000,920
2016-03-21,4000,4000,4000,4000,1060
2016-03-22,4000,4125,4000,4125,60
2016-03-23,4128,4128,4128,4128,60
2016-03-25,4150,4150,4150,4150,100
2016-03-29,4150,4150,4140,4140,2140
2016-03-30,4150,4150,4150,4150,100
2016-03-31,4150,4150,4125,4125,14400
2016-04-01,4200,4200,4125,4125,1020
2016-04-04,4125,4150,4125,4150,440
2016-04-05,4130,4200,4130,4200,420
2016-04-06,4284,4300,4284,4300,400
2016-04-07,4250,4250,4150,4150,16020
2016-04-08,4151,4151,4150,4150,8640
2016-04-11,4130,4200,4130,4150,3660
2016-04-12,4150,4150,4110,4110,1240
2016-04-13,4150,4150,4105,4105,2080
2016-04-14,4113,4150,4100,4150,820
2016-04-15,4150,4150,4075,4100,1260
2016-04-18,4408,4408,4408,4408,300
2016-04-19,4738,4738,4738,4738,27520
2016-04-20,5093,5093,5000,5093,3040
2016-04-21,5475,5475,5475,5475,320
2016-04-22,5885,5886,5885,5886,24920
2016-04-25,6325,6327,6325,6327,11760
2016-04-26,6801,6801,6238,6238,12120
2016-04-27,5925,6000,5850,6000,170820
2016-04-28,6000,6050,5950,6050,3740
2016-04-29,6050,6150,6000,6150,3080
2016-05-03,6250,6611,6250,6600,12160
2016-05-04,7095,7095,6651,7095,35820
2016-05-06,7235,7450,7050,7450,88860
2016-05-09,6891,7450,6891,7450,1000
2016-05-10,7450,7650,7050,7650,1480
2016-05-11,7250,7500,7250,7500,6720
2016-05-12,7500,7500,7251,7450,7760
2016-05-13,7500,7500,7300,7300,660
2016-05-17,7425,7425,7300,7425,540
2016-05-18,7425,7500,7425,7450,1380
2016-05-19,7450,7450,7350,7350,1780
2016-05-20,6891,7500,6800,7500,72380
2016-05-23,7500,7500,7350,7350,1880
2016-05-24,7400,7475,7400,7475,620
2016-05-25,7401,7401,7400,7400,380
2016-05-26,7350,7495,7000,7495,1460
2016-05-27,7500,7500,7000,7473,40600
2016-05-30,7473,7473,7250,7250,3420
2016-05-31,7250,7395,7250,7350,2640
2016-06-01,7250,7350,7250,7250,1020
2016-06-02,7250,7350,7250,7250,2840
2016-06-03,7445,7445,7255,7255,480
2016-06-06,7275,7450,7255,7450,1260
2016-06-07,7475,7475,7255,7450,1760
2016-06-08,7450,7450,7250,7450,4680
2016-06-09,7450,7450,7450,7450,600
2016-06-10,7350,8009,7350,8000,4540
2016-06-13,8000,8100,7843,8100,18040
2016-06-14,8025,8025,7550,7950,360
2016-06-15,8000,8000,7925,7925,1740
2016-06-16,7925,8000,7500,7500,620
2016-06-17,7900,7900,7500,7500,24840
2016-06-20,7500,7500,7450,7500,10900
2016-06-21,7500,7500,7500,7500,1260
2016-06-22,7550,7750,7550,7550,760
2016-06-23,7550,7600,7550,7600,280
2016-06-24,7700,8000,7700,8000,2520
2016-06-27,7975,8000,7750,7750,1380
2016-06-28,7975,8300,7816,8300,23420
2016-06-29,8300,8300,7950,8000,1380
2016-06-30,8000,8000,7650,8000,5220
2016-07-01,7950,7950,7500,7750,2900
2016-07-04,7750,7750,7400,7700,5140
2016-07-05,7546,7725,7546,7725,1640
2016-07-07,7525,7530,7400,7475,3360
2016-07-08,7500,7725,7250,7725,2900
2016-07-11,7723,7723,7146,7146,540
2016-07-12,7050,7050,7000,7050,1480
2016-07-13,7050,7050,7000,7050,1240
2016-07-14,7050,7579,7050,7579,5300
2016-07-15,7500,7725,7500,7725,4680
2016-07-19,7700,7700,7500,7700,640
2016-07-20,7700,7725,7675,7725,4260
2016-07-21,7700,7700,7500,7500,1940
2016-07-22,7500,7500,7450,7450,1140
2016-07-25,7500,7725,7500,7725,720
2016-07-26,7571,7571,7550,7550,240
2016-07-27,7550,7550,7500,7550,180
2016-07-28,7500,7500,7251,7500,280
2016-07-29,7500,7500,7500,7500,320
2016-08-01,7500,7500,7250,7500,5080
2016-08-02,7500,7500,7250,7250,1720
2016-08-03,7250,7500,7250,7500,80
2016-08-04,7500,7500,7500,7500,200
2016-08-05,7500,7500,7250,7500,1160
2016-08-09,7500,7500,7150,7150,760
2016-08-10,7150,7150,7150,7150,700
2016-08-11,7150,7150,7150,7150,1360
2016-08-12,7150,7500,7150,7500,16120
2016-08-17,7425,7500,7425,7500,180
2016-08-18,7425,7425,7400,7425,920
2016-08-19,7500,7500,7425,7500,640
2016-08-22,7500,7500,7400,7500,260
2016-08-23,7500,7500,7250,7250,280
2016-08-24,7500,7500,7500,7500,120
2016-08-25,7250,7500,7250,7500,1660
2016-08-26,7500,7500,7450,7500,160
2016-08-29,7250,7251,7250,7250,1400
2016-08-30,7500,7500,7450,7450,340
2016-08-31,7450,7500,7300,7500,2920
2016-09-01,7500,7500,7500,7500,120
2016-09-02,7500,7650,7500,7650,3220
2016-09-05,7650,7650,7250,7250,580
2016-09-06,7250,7500,7250,7500,540
2016-09-07,7500,7500,7154,7154,7760
2016-09-08,7160,7250,7160,7250,100
2016-09-09,7250,7500,7250,7500,1220
2016-09-13,7250,7250,7250,7250,700
2016-09-14,7350,7500,7250,7250,5600
2016-09-15,7450,7450,7175,7200,640
2016-09-16,7200,7500,7200,7500,640
2016-09-19,8063,8063,8062,8063,20660
2016-09-20,8667,8667,8667,8667,1500
2016-09-21,9317,9317,9000,9000,11940
2016-09-22,9299,9300,9000,9000,1340
2016-09-23,8999,8999,8325,8850,2800
2016-09-26,8850,8850,8323,8325,1760
2016-09-27,8275,8325,8000,8325,3060
2016-09-28,8250,8350,8110,8325,8920
2016-09-29,8300,8300,8250,8300,18160
2016-09-30,7680,8300,7680,7680,487
2016-10-03,7105,7105,7105,7105,676
2016-10-04,6575,6575,6575,6575,493
2016-10-05,6085,6085,6085,6085,1269
2016-10-06,5630,5630,5630,5630,7611
2016-10-07,5210,6000,5210,6000,13013
2016-10-10,6450,6450,6000,6450,2420
2016-10-11,6300,6800,5970,5970,5045
2016-10-12,6400,6415,6000,6000,787
2016-10-13,6395,6450,6000,6195,641
2016-10-14,6195,6200,6000,6195,659
2016-10-17,6200,6440,6100,6100,519
2016-10-18,6050,6050,5700,5990,925
2016-10-19,5995,6425,5990,6000,1634
2016-10-20,6000,6000,5800,5800,735
2016-10-21,5800,6000,5800,6000,536
2016-10-24,6000,6000,5800,5800,782
2016-10-25,6000,6000,5800,5900,950
2016-10-26,5900,5900,5700,5900,786
2016-10-27,5800,5800,5500,5500,341
2016-10-28,5400,5400,5090,5200,835
2016-10-31,5200,5200,5000,5000,519
2016-11-02,5150,5155,4995,5000,855
2016-11-03,4900,5100,4800,5100,462
2016-11-04,5350,5400,5100,5400,584
2016-11-07,5400,5600,5300,5600,931
2016-11-08,5600,5850,5600,5850,150
2016-11-09,5800,5800,5440,5440,488
2016-11-10,5500,5500,5200,5200,225
2016-11-11,5500,5590,5495,5500,215
2016-11-14,5500,5805,5500,5790,476
2016-11-16,5790,5790,5500,5700,2207
2016-11-17,5500,5500,5275,5500,1058
2016-11-18,5700,5790,5205,5400,851
2016-11-21,5490,5495,5150,5400,1484
2016-11-22,5400,5495,5300,5400,672
2016-11-23,5300,5400,5300,5400,498
2016-11-24,5400,5495,5310,5495,302
2016-11-25,5400,5400,5325,5325,36
2016-11-28,5325,5400,5310,5400,616
2016-11-29,5480,5480,5300,5400,1832
2016-11-30,5400,5450,5305,5305,946
2016-12-01,5405,5405,5000,5000,1547
2016-12-02,5200,5375,5200,5375,1200
2016-12-05,5400,5450,5380,5400,520
2016-12-06,5400,5400,5195,5400,921
2016-12-07,5010,5400,5010,5395,938
2016-12-08,5400,5400,5105,5300,115
2016-12-09,5350,5350,5160,5350,274
2016-12-13,5700,5700,5400,5500,401
2016-12-14,5450,5450,5355,5400,1401
2016-12-15,5305,5395,5300,5300,260
2016-12-16,5150,5400,5150,5400,370
2016-12-19,5400,5450,5200,5450,928
2016-12-20,5450,5450,5150,5150,1735
2016-12-21,5450,5450,5200,5200,739
2016-12-22,5400,5400,5350,5350,159
2016-12-23,5350,5445,5350,5445,142
2016-12-27,5445,5445,5400,5445,558
2016-12-28,5445,5445,5100,5400,865
2016-12-29,5400,5400,5000,5000,2413
2016-12-30,5000,5375,5000,5375,117
2017-01-02,5300,5300,5225,5300,210
2017-01-03,5395,5395,5250,5250,240
2017-01-04,5290,5300,5000,5000,798
2017-01-05,5250,5250,5000,5000,372
2017-01-06,5005,5005,5000,5000,699
2017-01-09,5000,5000,4625,5000,186
2017-01-10,5000,5000,4995,4995,40
2017-01-11,4995,5000,4990,4995,220
2017-01-12,5000,5000,4995,4995,650
2017-01-13,4900,4900,4700,4900,177
2017-01-16,4900,4900,4705,4800,375
2017-01-17,4700,4800,4700,4700,270
2017-01-18,4800,4800,4700,4700,370
2017-01-19,4700,4700,4500,4600,802
2017-01-20,4600,4600,4550,4595,1274
2017-01-23,4800,4800,4500,4500,422
2017-01-24,4600,4700,4600,4700,359
2017-01-25,4610,4610,4360,4500,1423
2017-01-26,4500,4500,4400,4500,980
2017-01-27,4500,4700,4495,4700,721
2017-01-30,4700,4895,4555,4555,2036
2017-01-31,4550,4600,4500,4560,305
2017-02-01,4560,4895,4560,4895,165
2017-02-02,4895,4895,4700,4895,55
2017-02-03,4710,4895,4710,4805,1636
2017-02-06,4805,4805,4600,4600,1160
2017-02-07,4600,4805,4600,4700,1511
2017-02-08,4805,4805,4700,4805,83
2017-02-09,4805,4805,4800,4805,129
2017-02-10,4800,4985,4800,4985,228
2017-02-13,4985,4985,4700,4945,1003
2017-02-14,4700,4900,4605,4890,466
2017-02-15,4610,4940,4605,4605,1189
2017-02-16,4620,4800,4620,4710,161
2017-02-17,4700,4700,4600,4700,170
2017-02-20,4800,4800,4505,4505,470
2017-02-21,4505,4800,4505,4800,653
2017-02-22,4605,4800,4500,4500,932
2017-02-23,4400,4400,4165,4165,1870
2017-02-24,4100,4325,4100,4325,540
2017-02-27,4095,4325,4070,4250,528
2017-02-28,4100,4250,4000,4250,2543
2017-03-01,4245,4250,4000,4000,401
2017-03-02,4000,4000,3950,3950,931
2017-03-03,4000,4000,3995,3995,1230
2017-03-06,4000,4000,3950,4000,850
2017-03-07,4000,4000,3950,3950,333
2017-03-08,4000,4200,3900,3900,2874
2017-03-09,4000,4000,3860,3895,1125
2017-03-10,3890,3900,3860,3900,273
2017-03-13,3895,3895,3860,3860,233
2017-03-14,3895,4145,3895,3895,421
2017-03-15,3895,4000,3750,4000,1867
2017-03-16,3895,4000,3890,3995,1135
2017-03-17,3805,3895,3750,3895,314
2017-03-20,3900,3900,3700,3700,27
2017-03-21,3500,3600,3425,3425,404
2017-03-22,3500,3600,3500,3500,355
2017-03-23,3350,3350,3240,3250,868
2017-03-24,3250,3300,3010,3200,607
2017-03-27,3010,3365,3010,3200,483
2017-03-28,3440,3440,3100,3105,15156
2017-03-29,3100,3300,3100,3145,1766
2017-03-30,3150,3200,3100,3100,1493
2017-03-31,3060,3300,3055,3300,724
2017-04-03,3500,3500,3200,3205,3140
2017-04-04,3205,3395,3205,3395,272
2017-04-05,3400,3400,3300,3395,290
2017-04-06,3400,3400,3300,3350,598
2017-04-07,3350,3450,3350,3350,710
2017-04-10,3200,3200,3100,3200,2098
2017-04-11,3200,3200,3100,3195,911
2017-04-12,3200,3200,3000,3000,2430
2017-04-13,3200,3200,2995,3000,145
2017-04-14,3000,3000,3000,3000,153
2017-04-18,3000,3000,2945,2950,213
2017-04-19,2950,3000,2835,2950,890
2017-04-20,2930,2950,2850,2950,1615
2017-04-21,2950,2950,2950,2950,490
2017-04-24,2835,2995,2835,2950,418
2017-04-25,2950,2950,2835,2900,387
2017-04-26,2900,2950,2900,2950,367
2017-04-27,2950,2950,2900,2945,420
2017-04-28,2945,2945,2945,2945,120
2017-05-02,2945,2945,2850,2900,176
2017-05-03,2940,2940,2850,2850,208
2017-05-04,2850,2900,2850,2850,487
2017-05-05,2850,2850,2850,2850,112
2017-05-08,2835,2835,2800,2800,1257
2017-05-09,2795,2800,2700,2700,872
2017-05-10,2700,2800,2700,2800,349
2017-05-11,2800,2800,2795,2795,335
2017-05-12,2800,2800,2700,2700,557
2017-05-15,2700,2700,2700,2700,25
2017-05-16,2500,2500,2500,2500,170
2017-05-17,2685,2685,2500,2500,282
2017-05-18,2500,2500,2490,2490,110
2017-05-19,2500,2500,2400,2400,141
2017-05-22,2500,2500,2400,2400,317
2017-05-23,2300,2395,2250,2250,1752
2017-05-24,2085,2085,2085,2085,91
2017-05-26,2085,2085,1960,2000,660
2017-05-29,2000,2000,1850,1995,1743
2017-05-30,1995,2005,1995,1995,587
2017-05-31,2000,2000,1900,1900,370
2017-06-01,1990,1990,1900,1900,277
2017-06-02,1995,1995,1990,1990,159
2017-06-06,1995,1995,1900,1995,1063
2017-06-07,1995,2140,1990,2140,2296
2017-06-08,2300,2300,2100,2300,1336
2017-06-09,2300,2300,2300,2300,180
2017-06-12,2400,2470,2400,2470,10037
2017-06-13,2470,2655,2470,2500,3057
2017-06-14,2550,2600,2470,2500,6884
2017-06-15,2685,2685,2500,2685,840
2017-06-16,2685,2685,2500,2600,362
2017-06-19,2600,2600,2450,2450,773
2017-06-20,2600,2600,2500,2600,392
2017-06-21,2450,2600,2405,2405,1041
2017-06-23,2405,2585,2300,2585,2004
2017-06-27,2585,2695,2395,2695,1496
2017-06-28,2495,2650,2495,2495,147
2017-06-29,2395,2650,2310,2640,1736
2017-06-30,2640,2700,2445,2600,1140
2017-07-03,2645,2645,2600,2600,816
2017-07-04,2600,2600,2405,2405,400
2017-07-05,2305,2305,2305,2305,100
2017-07-06,2405,2475,2350,2475,2482
2017-07-07,2475,2645,2355,2600,2861
2017-07-10,2600,2700,2600,2600,2527
2017-07-11,2600,2795,2505,2795,319
2017-07-12,2900,3000,2700,3000,4081
2017-07-13,2945,2945,2775,2775,3469
2017-07-14,2895,2900,2570,2570,479
2017-07-17,2600,2600,2570,2600,593
2017-07-18,2600,2600,2405,2595,1319
2017-07-19,2600,2700,2405,2700,983
2017-07-20,2845,2845,2695,2695,508
2017-07-21,2690,2690,2600,2680,264
2017-07-24,2670,2670,2600,2600,159
2017-07-25,2425,2595,2410,2595,215
2017-07-26,2595,2595,2450,2590,383
2017-07-27,2585,2585,2400,2585,1430
2017-07-28,2500,2500,2400,2500,119
2017-07-31,2500,2500,2500,2500,102
2017-08-01,2500,2500,2490,2500,128
2017-08-02,2400,2490,2390,2395,526
2017-08-03,2305,2305,2300,2300,842
2017-08-04,2300,2300,2300,2300,45
2017-08-08,2300,2300,2200,2300,151
2017-08-09,2130,2255,2130,2130,796
2017-08-10,2130,2285,2100,2285,528
2017-08-11,2130,2455,2115,2130,28753
2017-08-14,2130,2130,2000,2000,220
2017-08-16,2000,2150,1975,2095,3519
2017-08-17,2150,2150,2125,2130,195
2017-08-18,2130,2130,2100,2100,204
2017-08-21,2000,2130,1975,1995,423
2017-08-22,2000,2130,1975,1975,644
2017-08-23,1995,1995,1830,1970,86
2017-08-24,1825,2050,1825,2045,41
2017-08-25,2000,2000,1895,1910,561
2017-08-28,2050,2050,1900,1900,209
2017-08-29,1900,1945,1900,1945,50
2017-08-30,1950,1950,1850,1945,491
2017-08-31,1950,1950,1945,1945,251
2017-09-04,1945,1945,1945,1945,10
2017-09-05,1945,1945,1945,1945,167
2017-09-06,1945,1945,1900,1900,186
2017-09-07,1900,1945,1850,1945,1063
2017-09-08,1940,1945,1860,1860,120
2017-09-11,1940,1940,1940,1940,277
2017-09-12,1940,1940,1850,1900,498
2017-09-13,1900,1940,1900,1940,315
2017-09-14,1940,1940,1940,1940,233
2017-09-15,1940,1940,1900,1905,130
2017-09-18,1905,1905,1850,1860,376
2017-09-19,1850,1850,1760,1760,660
2017-09-20,1760,1760,1630,1630,80
2017-09-21,1700,1725,1700,1700,322
2017-09-22,1700,1800,1575,1800,1636
2017-09-25,1900,1900,1800,1800,12
2017-09-26,1800,1900,1800,1800,199
2017-09-27,1900,1905,1900,1905,473
2017-09-28,1905,1905,1900,1900,194
2017-09-29,1905,1910,1900,1900,284
2017-10-02,1900,1995,1900,1995,274
2017-10-03,1990,1995,1990,1995,35
2017-10-04,1995,1995,1995,1995,10
2017-10-05,1910,2000,1900,2000,930
2017-10-06,1990,1995,1990,1995,350
2017-10-09,2000,2000,2000,2000,150
2017-10-10,1910,1910,1910,1910,60
2017-10-11,1925,2000,1800,1800,364
2017-10-12,1800,1800,1800,1800,308
2017-10-13,1800,1800,1750,1750,24427
2017-10-16,1880,1880,1800,1880,784
2017-10-18,1880,1880,1810,1845,1922
2017-10-19,1750,1980,1750,1980,332
2017-10-20,1945,1945,1900,1940,266
2017-10-23,1935,1935,1795,1795,192
2017-10-24,1800,1800,1750,1800,36
2017-10-25,1800,1935,1800,1935,566
2017-10-26,1970,1970,1970,1970,1
2017-10-27,1935,1935,1935,1935,1
2017-10-30,1900,1900,1790,1890,270
2017-10-31,1790,1790,1750,1755,229
2017-11-02,1625,1885,1625,1845,85
2017-11-03,1825,1825,1825,1825,30
2017-11-06,1825,1825,1755,1755,102
2017-11-07,1700,1700,1650,1690,429
2017-11-08,1700,1700,1600,1600,672
2017-11-09,1600,1700,1600,1700,134
2017-11-10,1600,1700,1600,1700,82
2017-11-13,1650,1650,1650,1650,2
2017-11-14,1600,1620,1600,1620,100
2017-11-16,1605,1700,1500,1700,1405
2017-11-17,1700,1710,1575,1605,177
2017-11-20,1575,1575,1500,1575,841
2017-11-21,1575,1575,1575,1575,111
2017-11-22,1500,1500,1500,1500,2115
2017-11-23,1470,1470,1450,1450,223
2017-11-24,1450,1450,1345,1345,155
2017-11-27,1345,1345,1300,1300,90
2017-11-28,1300,1300,1205,1205,2875
2017-11-29,1200,1200,1120,1120,382
2017-11-30,1100,1115,1040,1115,1359
2017-12-04,1120,1120,1040,1120,721
2017-12-05,1120,1120,1050,1120,343
2017-12-06,1200,1200,1160,1160,1059
2017-12-07,1150,1220,1150,1220,7620
2017-12-08,1220,1220,1215,1215,1259
2017-12-11,1220,1305,1200,1305,296
2017-12-12,1305,1400,1305,1400,3
2017-12-13,1395,1500,1395,1500,143
2017-12-14,1575,1575,1425,1575,93
2017-12-15,1575,1690,1570,1690,345
2017-12-18,1815,1815,1815,1815,100
2017-12-19,1850,1895,1750,1895,3754
2017-12-20,1895,1975,1755,1975,13905
2017-12-21,1995,2120,1995,2120,496
2017-12-22,2100,2120,1975,2100,1144
2017-12-26,2000,2065,2000,2000,508
2017-12-27,1995,1995,1900,1990,596
2017-12-28,1990,2000,1990,2000,2054
2017-12-29,2000,2000,2000,2000,610
2018-01-02,2000,2005,1850,1850,544
2018-01-03,1970,1980,1850,1980,103
2018-01-04,1985,1985,1980,1980,90
2018-01-05,1950,1985,1950,1985,147
2018-01-08,1985,1985,1950,1960,407
2018-01-09,1960,1960,1925,1925,587
2018-01-10,1955,1955,1800,1800,320
2018-01-11,1765,1935,1670,1935,451
2018-01-12,1900,1900,1895,1895,67
2018-01-15,1895,1895,1860,1860,65
2018-01-16,1860,1930,1725,1725,23
2018-01-17,1725,1800,1725,1800,830
2018-01-18,1800,1860,1755,1755,148
2018-01-19,1860,1860,1625,1625,474
2018-01-22,1625,1625,1505,1600,572
2018-01-23,1600,1710,1500,1500,2197
2018-01-24,1500,1610,1500,1610,144
2018-01-25,1610,1610,1600,1600,1143
2018-01-26,1625,1630,1625,1625,1105
2018-01-30,1625,1625,1600,1625,338
2018-01-31,1600,1600,1505,1505,1292
2018-02-01,1525,1580,1505,1580,1125
2018-02-02,1580,1580,1465,1465,829
2018-02-05,1500,1500,1450,1500,334
2018-02-06,1500,1500,1500,1500,255
2018-02-07,1500,1500,1500,1500,1340
2018-02-09,1490,1495,1405,1495,1270
2018-02-12,1495,1495,1495,1495,145
2018-02-13,1500,1500,1450,1450,1800
2018-02-14,1450,1495,1450,1495,246
2018-02-15,1500,1500,1500,1500,1030
2018-02-16,1510,1610,1505,1610,218
2018-02-19,1505,1730,1505,1600,105
2018-02-20,1655,1660,1650,1650,409
2018-02-21,1750,1770,1655,1655,275
2018-02-22,1685,1775,1685,1775,90
2018-02-23,1900,1900,1800,1800,318
2018-02-26,1775,1775,1775,1775,285
2018-02-27,1755,1755,1700,1700,986
2018-02-28,1755,1760,1720,1755,1533
2018-03-01,1755,1775,1700,1745,1285
2018-03-02,1755,1755,1745,1745,1020
2018-03-05,1740,1745,1740,1745,142
2018-03-06,1720,1745,1720,1745,577
2018-03-07,1745,1830,1745,1830,968
2018-03-08,1900,1900,1895,1895,133
2018-03-09,1895,1900,1895,1900,234
2018-03-12,1900,1900,1785,1900,215
2018-03-13,1905,1950,1895,1900,302
2018-03-14,1800,1885,1800,1830,417
2018-03-15,1885,1885,1785,1800,640
2018-03-16,1800,1830,1700,1700,761
2018-03-19,1800,1800,1800,1800,25
2018-03-20,1800,1800,1800,1800,1098
2018-03-21,1800,1800,1800,1800,163
2018-03-22,1765,1765,1700,1700,243
2018-03-23,1800,1800,1700,1700,397
2018-03-26,1700,1700,1700,1700,145
2018-03-27,1750,1750,1750,1750,194
2018-03-28,1715,1750,1710,1750,194
2018-03-29,1710,1750,1700,1700,1464
2018-03-30,1745,1745,1670,1745,360
2018-04-03,1745,1875,1715,1875,1229
2018-04-04,1895,2000,1895,1985,750
2018-04-05,1875,1945,1875,1945,105
2018-04-06,1950,1950,1895,1895,16
2018-04-09,1850,1950,1800,1900,715
2018-04-10,1900,1900,1800,1900,350
2018-04-11,1900,1950,1800,1950,580
2018-04-13,1850,1890,1850,1890,50
2018-04-16,1805,1900,1750,1900,525
2018-04-17,1850,1900,1800,1900,590
2018-04-18,1895,1895,1800,1800,20
2018-04-19,1700,1800,1700,1800,115
2018-04-20,1775,1800,1775,1800,49
2018-04-23,1700,1800,1665,1800,1574
2018-04-24,1795,1800,1670,1800,545
2018-04-25,1795,1800,1795,1795,113
2018-04-26,1790,1795,1790,1790,45
2018-04-27,1740,1750,1740,1745,217
2018-04-30,1745,1745,1615,1615,87
2018-05-02,1500,1700,1495,1700,274
2018-05-03,1650,1700,1650,1700,35
2018-05-04,1700,1700,1650,1650,148
2018-05-07,1650,1650,1650,1650,245
2018-05-08,1700,1700,1700,1700,200
2018-05-09,1700,1700,1695,1695,8
2018-05-11,1570,1670,1570,1670,267
2018-05-14,1665,1665,1545,1660,521
2018-05-15,1625,1625,1625,1625,95
2018-05-16,1595,1600,1595,1600,280
2018-05-17,1500,1600,1480,1600,1148
2018-05-18,1570,1595,1480,1595,26
2018-05-22,1480,1560,1480,1560,330
2018-05-23,1445,1550,1445,1550,72
2018-05-24,1435,1545,1435,1545,312
2018-05-25,1545,1545,1545,1545,15
2018-05-28,1430,1430,1430,1430,557
2018-05-29,1325,1430,1325,1430,222
2018-05-30,1430,1430,1325,1350,597
2018-05-31,1350,1430,1300,1430,1256
2018-06-01,1400,1430,1400,1430,242
2018-06-04,1430,1530,1430,1530,443
2018-06-05,1500,1530,1500,1530,243
2018-06-06,1525,1525,1500,1525,199
2018-06-07,1525,1525,1450,1475,1058
2018-06-08,1450,1475,1450,1475,400
2018-06-12,1475,1475,1450,1475,43
2018-06-13,1475,1475,1475,1475,95
2018-06-15,1475,1500,1450,1500,697
2018-06-18,1400,1500,1400,1500,277
2018-06-19,1450,1500,1450,1500,91
2018-06-20,1500,1500,1450,1500,537
2018-06-22,1490,1500,1490,1500,717
2018-06-25,1500,1500,1500,1500,20
2018-06-26,1500,1500,1500,1500,43
2018-06-27,1495,1500,1495,1500,110
2018-06-28,1500,1500,1500,1500,120
2018-06-29,1495,1500,1425,1500,3087
2018-07-02,1500,1500,1500,1500,502
2018-07-03,1505,1600,1500,1500,65
2018-07-04,1500,1500,1495,1495,310
2018-07-05,1500,1500,1500,1500,289
2018-07-06,1450,1460,1450,1460,140
2018-07-09,1460,1565,1460,1565,120
2018-07-10,1595,1600,1595,1600,123
2018-07-11,1500,1500,1500,1500,330
2018-07-12,1500,1600,1500,1600,140
2018-07-13,1600,1600,1600,1600,107
2018-07-16,1720,1720,1650,1650,70
2018-07-17,1650,1650,1650,1650,225
2018-07-18,1600,1650,1600,1650,94
2018-07-19,1600,1620,1600,1620,110
2018-07-20,1605,1650,1600,1645,277
2018-07-23,1645,1645,1620,1620,39
2018-07-24,1640,1640,1500,1500,1040
2018-07-25,1475,1500,1475,1500,175
2018-07-26,1495,1500,1480,1500,753
2018-07-27,1500,1500,1400,1490,523
2018-07-30,1480,1480,1400,1400,543
2018-07-31,1450,1465,1450,1465,223
2018-08-01,1465,1465,1440,1440,104
2018-08-02,1440,1440,1440,1440,20
2018-08-03,1400,1400,1380,1400,569
2018-08-08,1385,1465,1385,1465,456
2018-08-09,1450,1450,1400,1450,108
2018-08-10,1400,1440,1380,1440,244
2018-08-13,1400,1400,1385,1400,74
2018-08-14,1385,1385,1355,1355,1158
2018-08-16,1350,1350,1290,1290,197
2018-08-17,1200,1290,1200,1290,75
2018-08-20,1270,1290,1270,1290,118
2018-08-22,1285,1290,1270,1290,65
2018-08-23,1290,1290,1270,1290,132
2018-08-24,1290,1300,1290,1300,1529
2018-08-27,1300,1300,1295,1300,220
2018-08-28,1300,1300,1280,1280,66
2018-08-29,1270,1300,1270,1300,609
2018-08-30,1300,1300,1290,1290,210
2018-08-31,1300,1300,1200,1300,1266
2018-09-03,1300,1300,1300,1300,20
2018-09-04,1290,1290,1290,1290,92
2018-09-05,1195,1200,1195,1200,144
2018-09-06,1195,1200,1155,1200,452
2018-09-07,1155,1200,1155,1200,238
2018-09-10,1200,1200,1200,1200,900
2018-09-11,1160,1200,1110,1200,2836
2018-09-12,1200,1200,1200,1200,25
2018-09-13,1150,1150,1150,1150,254
2018-09-14,1130,1200,1100,1200,1507
2018-09-17,1160,1200,1160,1200,228
2018-09-18,1195,1200,1195,1195,500
2018-09-19,1200,1200,1200,1200,8
2018-09-20,1150,1200,1150,1200,25
2018-09-24,1110,1200,1110,1200,330
2018-09-25,1200,1200,1195,1195,81
2018-09-26,1180,1180,1180,1180,17
2018-09-27,1150,1150,1145,1150,271
2018-09-28,1150,1150,1150,1150,45
2018-10-01,1100,1100,1065,1100,457
2018-10-02,1100,1100,1100,1100,28
2018-10-03,1100,1100,1095,1100,155
2018-10-04,1090,1100,1020,1100,125
2018-10-05,1100,1100,1050,1100,155
2018-10-08,1100,1100,1100,1100,87
2018-10-09,1020,1020,1020,1020,5
2018-10-10,1020,1020,1000,1000,544
2018-10-11,990,1000,980,1000,1692
2018-10-12,1005,1075,950,1075,311
2018-10-15,1055,1055,1055,1055,205
2018-10-16,1050,1050,1050,1050,2
2018-10-18,1000,1050,1000,1050,84
2018-10-19,1000,1050,1000,1050,78
2018-10-22,1025,1050,1000,1050,773
2018-10-23,1050,1050,1050,1050,10
2018-10-24,1050,1050,985,1050,1768
2018-10-25,1050,1050,1050,1050,172
2018-10-26,1050,1050,1050,1050,22
2018-10-31,1050,1050,1050,1050,100
2018-11-02,1050,1055,1000,1055,253
2018-11-05,1050,1050,1050,1050,78
2018-11-06,1000,1050,1000,1050,248
2018-11-09,1000,1045,1000,1045,89
2018-11-12,1045,1045,1045,1045,10
2018-11-13,1010,1050,1000,1050,2679
2018-11-14,1030,1030,1000,1000,30
2018-11-16,975,1025,975,1025,30
2018-11-19,1000,1000,1000,1000,80
2018-11-21,975,975,975,975,27
2018-11-22,950,950,950,950,1405
2018-11-23,945,945,940,940,25
2018-11-27,935,940,935,940,430
2018-11-28,940,950,925,950,4805
2018-11-30,900,940,900,940,614
2018-12-03,900,900,870,900,709
2018-12-04,900,940,900,940,10608
2018-12-05,905,950,905,950,209
2018-12-06,950,990,950,990,169
2018-12-07,990,990,990,990,1506
2018-12-10,1055,1055,1055,1055,113
2018-12-11,1050,1100,1050,1100,1575
2018-12-12,1100,1150,1100,1150,333
2018-12-13,1235,1235,1235,1235,580
2018-12-14,1230,1235,1145,1235,840
2018-12-17,1230,1235,1145,1235,1539
2018-12-18,1235,1235,1145,1235,181
2018-12-19,1230,1230,1145,1200,101
2018-12-21,1200,1200,1200,1200,10
2018-12-27,1110,1200,1110,1200,422
2018-12-28,1200,1235,1200,1205,2385
2018-12-31,1235,1235,1200,1200,380
2019-01-02,1200,1205,1200,1205,450
2019-01-03,1200,1200,1200,1200,112
2019-01-04,1200,1200,1200,1200,65
2019-01-07,1200,1200,1190,1190,41
2019-01-08,1200,1200,1200,1200,25
2019-01-09,1200,1200,1190,1190,25
2019-01-10,1190,1190,1190,1190,20
2019-01-14,1190,1200,1105,1200,2080
2019-01-15,1110,1200,1110,1200,1555
2019-01-16,1200,1205,1200,1205,3000
2019-01-17,1115,1190,1115,1190,3114
2019-01-18,1195,1195,1185,1185,75
2019-01-21,1110,1200,1110,1200,2745
2019-01-23,1110,1185,1110,1180,1060
2019-01-25,1180,1180,1180,1180,16
2019-01-28,1150,1175,1130,1175,47
2019-01-29,1100,1175,1100,1175,124
2019-01-30,1180,1180,1180,1180,42
2019-01-31,1100,1180,1100,1180,92
2019-02-01,1175,1180,1160,1160,63
2019-02-04,1150,1150,1080,1100,106
2019-02-05,1080,1080,1080,1080,1
2019-02-06,1005,1100,1005,1100,174
2019-02-07,1100,1100,1100,1100,5620
2019-02-08,1100,1100,1100,1100,32661
2019-02-11,1100,1105,1100,1100,2235
2019-02-12,1105,1105,1100,1100,3744
2019-02-13,1180,1180,1180,1180,3
2019-02-14,1200,1200,1160,1160,6843
2019-02-15,1160,1200,1160,1160,17930
2019-02-18,1160,1200,1160,1200,2438
2019-02-19,1200,1250,1200,1250,188
2019-02-20,1250,1250,1250,1250,54
2019-02-21,1300,1300,1300,1300,24
2019-02-22,1305,1305,1300,1300,126
2019-02-25,1250,1250,1250,1250,23
2019-02-26,1200,1250,1200,1250,174
2019-02-27,1225,1250,1195,1250,186
2019-02-28,1190,1200,1190,1200,70
2019-03-01,1190,1200,1190,1190,313
2019-03-04,1200,1250,1200,1250,531
2019-03-05,1200,1200,1195,1200,13
2019-03-06,1200,1200,1200,1200,10
2019-03-07,1200,1200,1200,1200,50
2019-03-08,1200,1245,1200,1200,81
2019-03-11,1220,1220,1170,1170,60
2019-03-12,1170,1170,1170,1170,38
2019-03-13,1170,1200,1170,1200,584
2019-03-14,1200,1200,1200,1200,150
2019-03-15,1250,1250,1170,1170,52
2019-03-18,1170,1200,1170,1200,169
2019-03-19,1290,1290,1290,1290,1180
2019-03-20,1385,1385,1385,1385,121
2019-03-21,1485,1485,1485,1485,450
2019-03-22,1550,1595,1550,1595,101
2019-03-25,1600,1710,1600,1680,5634
2019-03-26,1680,1695,1595,1675,1207
2019-03-27,1675,1690,1595,1675,2851
2019-03-28,1675,1690,1675,1675,343
2019-03-29,1650,1670,1600,1670,1410
2019-04-01,1600,1600,1600,1600,3128
2019-04-02,1605,1605,1600,1600,389
2019-04-03,1585,1600,1485,1600,906
2019-04-04,1595,1630,1595,1630,2792
2019-04-05,1600,1600,1600,1600,100
2019-04-08,1630,1630,1630,1630,219
2019-04-09,1630,1635,1630,1635,1791
2019-04-10,1640,1640,1630,1630,1780
2019-04-11,1635,1635,1630,1630,240
2019-04-12,1640,1650,1640,1640,1566
2019-04-15,1640,1700,1640,1700,137
2019-04-16,1700,1825,1700,1825,452
2019-04-17,1820,1825,1790,1820,1798
2019-04-18,1750,1750,1750,1750,49
2019-04-19,1750,1750,1745,1745,586
2019-04-23,1745,1755,1745,1750,429
2019-04-24,1755,1755,1750,1750,46
2019-04-25,1750,1750,1700,1700,457
2019-04-26,1700,1820,1700,1820,4986
2019-04-29,1745,1750,1700,1750,1175
2019-04-30,1750,1750,1750,1750,173
2019-05-02,1700,1700,1700,1700,300
2019-05-03,1800,1800,1800,1800,70
2019-05-06,1700,1700,1700,1700,2160
2019-05-07,1650,1700,1650,1700,836
2019-05-08,1700,1700,1700,1700,232
2019-05-09,1650,1650,1650,1650,1
2019-05-10,1620,1620,1620,1620,10
2019-05-13,1620,1620,1590,1590,295
2019-05-14,1595,1595,1590,1590,525
2019-05-15,1590,1600,1585,1600,1268
2019-05-16,1600,1600,1500,1600,1339
2019-05-17,1600,1600,1595,1595,453
2019-05-20,1500,1590,1500,1590,105
2019-05-21,1590,1590,1585,1590,516
2019-05-22,1590,1595,1580,1595,320
2019-05-23,1500,1500,1500,1500,61
2019-05-24,1500,1500,1500,1500,10
2019-05-27,1475,1500,1400,1500,23
2019-05-28,1480,1480,1480,1480,4
2019-05-29,1475,1475,1470,1475,168
2019-05-31,1400,1475,1400,1400,27
2019-06-03,1490,1490,1490,1490,10
2019-06-05,1450,1450,1450,1450,60
2019-06-07,1450,1450,1450,1450,61
2019-06-11,1450,1450,1450,1450,66
2019-06-12,1430,1430,1430,1430,20
2019-06-13,1425,1430,1425,1430,265
2019-06-14,1400,1400,1400,1400,8
2019-06-17,1340,1340,1300,1340,85
2019-06-18,1335,1340,1335,1340,46
2019-06-19,1320,1320,1320,1320,150
2019-06-24,1240,1240,1235,1240,140
2019-06-25,1235,1240,1235,1240,100
2019-06-26,1220,1220,1220,1220,1
2019-06-27,1220,1230,1220,1230,93
2019-06-28,1230,1240,1220,1235,179
2019-07-01,1225,1225,1225,1225,195
2019-07-02,1135,1215,1135,1215,113
2019-07-03,1200,1200,1195,1200,340
2019-07-05,1150,1150,1150,1150,90
2019-07-08,1140,1140,1140,1140,106
2019-07-10,1140,1140,1130,1130,81
2019-07-11,1100,1130,1100,1130,134
2019-07-12,1135,1140,1130,1130,40
2019-07-15,1100,1100,1085,1085,285
2019-07-16,1080,1080,1005,1080,97
2019-07-17,1080,1080,1080,1080,358
2019-07-18,1080,1085,1080,1085,670
2019-07-19,1085,1085,1085,1085,130
2019-07-22,1085,1085,1080,1085,441
2019-07-23,1090,1090,1085,1085,30
2019-07-24,1090,1090,1090,1090,10
2019-07-25,1090,1090,1085,1085,547
2019-07-26,1095,1095,1095,1095,210
2019-07-30,1100,1120,1095,1120,195
2019-07-31,1120,1125,1120,1125,74
2019-08-01,1125,1125,1105,1105,50
2019-08-02,1130,1130,1130,1130,86
2019-08-05,1120,1120,1120,1120,75
2019-08-06,1120,1120,1120,1120,24
2019-08-08,1120,1130,1110,1110,366
2019-08-09,1110,1145,1110,1145,555
2019-08-13,1145,1145,1145,1145,19
2019-08-14,1145,1145,1145,1145,30
2019-08-16,1150,1150,1150,1150,148
2019-08-19,1145,1145,1110,1110,1027
2019-08-20,1115,1115,1100,1100,2040
2019-08-21,1105,1105,1105,1105,160
2019-08-22,1110,1110,1110,1110,101
2019-08-23,1105,1105,1105,1105,438
2019-08-26,1145,1145,1145,1145,371
2019-08-27,1135,1140,1135,1140,80
2019-08-28,1120,1140,1115,1140,1924
2019-08-29,1140,1140,1115,1140,576
2019-08-30,1140,1140,1140,1140,10
2019-09-02,1140,1140,1120,1120,510
2019-09-03,1140,1140,1135,1140,1025
2019-09-04,1140,1145,1140,1145,400
2019-09-06,1145,1145,1145,1145,172
2019-09-09,1145,1150,1145,1145,541
2019-09-10,1150,1150,1120,1120,2234
2019-09-11,1145,1145,1135,1140,235
2019-09-12,1130,1150,1105,1145,2171
2019-09-13,1150,1150,1150,1150,1558
2019-09-16,1150,1150,1145,1145,250
2019-09-17,1150,1150,1150,1150,400
2019-09-18,1145,1150,1145,1150,238
2019-09-20,1150,1150,1150,1150,110
2019-09-23,1145,1150,1145,1150,64
2019-09-24,1150,1150,1150,1150,205
2019-09-25,1195,1195,1150,1150,429
2019-09-26,1150,1150,1100,1100,1070
2019-09-27,1100,1100,1080,1090,2279
2019-09-30,1090,1090,1060,1060,2135
2019-10-01,1060,1125,1050,1125,131
2019-10-02,1125,1125,1125,1125,20
2019-10-03,1070,1125,1070,1125,50
2019-10-04,1125,1185,1125,1185,69
2019-10-07,1100,1180,1100,1180,261
2019-10-08,1110,1265,1110,1265,966
2019-10-09,1265,1265,1265,1265,10
2019-10-10,1300,1300,1300,1300,15
2019-10-11,1290,1300,1290,1300,230
2019-10-14,1275,1275,1210,1210,180
2019-10-15,1150,1150,1125,1125,1494
2019-10-16,1125,1145,1125,1145,2855
2019-10-17,1145,1145,1145,1145,45
2019-10-18,1145,1185,1105,1105,2040
2019-10-21,1185,1185,1185,1185,100
2019-10-22,1270,1270,1250,1270,2352
2019-10-23,1255,1300,1190,1300,1261
2019-10-24,1300,1300,1295,1295,125
2019-10-25,1295,1295,1205,1205,408
2019-10-29,1280,1290,1205,1250,363
2019-10-30,1245,1250,1245,1250,857
2019-11-04,1250,1250,1250,1250,102
2019-11-05,1250,1250,1160,1160,531
2019-11-06,1150,1160,1150,1160,55
2019-11-07,1160,1160,1160,1160,2030
2019-11-08,1160,1165,1160,1165,915
2019-11-11,1165,1200,1160,1200,45
2019-11-12,1170,1240,1160,1240,234
2019-11-13,1200,1200,1200,1200,324
2019-11-14,1195,1195,1195,1195,10
2019-11-18,1195,1200,1195,1200,371
2019-11-19,1200,1250,1200,1250,657
2019-11-20,1250,1250,1250,1250,9
2019-11-21,1250,1250,1240,1250,25
2019-11-22,1205,1205,1200,1200,772
2019-11-25,1250,1250,1250,1250,10
2019-11-26,1250,1250,1250,1250,32
2019-11-27,1300,1300,1300,1300,100
2019-11-28,1300,1300,1300,1300,340
2019-11-29,1295,1295,1295,1295,3
2019-12-03,1290,1290,1290,1290,230
2019-12-04,1250,1295,1250,1290,1309
2019-12-05,1275,1275,1265,1265,100
2019-12-06,1275,1280,1250,1280,2290
2019-12-09,1275,1290,1275,1290,361
2019-12-10,1260,1260,1255,1255,324
2019-12-11,1260,1260,1255,1255,620
2019-12-12,1260,1285,1250,1285,628
2019-12-13,1285,1285,1285,1285,70
2019-12-16,1265,1265,1260,1260,28
2019-12-17,1260,1285,1255,1255,319
2019-12-18,1260,1260,1255,1260,378
2019-12-19,1260,1285,1255,1255,70
2019-12-20,1260,1260,1255,1255,270
2019-12-23,1255,1255,1255,1255,20
2019-12-24,1250,1250,1250,1250,432
2019-12-26,1255,1255,1255,1255,341
2019-12-27,1255,1255,1255,1255,3
2019-12-30,1255,1255,1250,1255,399
2019-12-31,1255,1255,1250,1250,605
2020-01-02,1250,1255,1250,1255,1217
2020-01-03,1260,1260,1250,1255,2258
2020-01-06,1245,1250,1200,1250,120
2020-01-07,1255,1260,1255,1260,5244
2020-01-08,1300,1300,1205,1205,2745
2020-01-09,1225,1225,1225,1225,170
2020-01-10,1250,1295,1250,1295,2655
2020-01-13,1290,1300,1260,1300,2518
2020-01-14,1295,1300,1295,1300,75
2020-01-15,1300,1300,1300,1300,543
2020-01-16,1305,1315,1305,1310,1258
2020-01-17,1395,1405,1395,1405,18
2020-01-20,1450,1465,1450,1465,806
2020-01-21,1510,1565,1510,1565,219
2020-01-23,1510,1565,1510,1565,1479
2020-01-24,1560,1565,1555,1560,825
2020-01-27,1515,1525,1500,1525,1693
2020-01-29,1500,1500,1500,1500,7297
2020-01-30,1495,1500,1495,1500,1414
2020-01-31,1495,1515,1495,1515,1757
2020-02-03,1515,1560,1515,1520,464
2020-02-04,1520,1570,1520,1570,335
2020-02-05,1570,1570,1570,1570,184
2020-02-06,1565,1565,1565,1565,27
2020-02-07,1535,1555,1520,1520,473
2020-02-10,1520,1520,1465,1465,3419
2020-02-11,1500,1500,1360,1465,833
2020-02-12,1465,1465,1465,1465,195
2020-02-13,1360,1360,1360,1360,863
2020-02-14,1360,1365,1360,1360,481
2020-02-17,1320,1325,1305,1305,182
2020-02-18,1315,1315,1315,1315,90
2020-02-19,1410,1410,1315,1315,102
2020-02-20,1320,1320,1310,1310,130
2020-02-21,1315,1315,1305,1305,259
2020-02-24,1310,1310,1305,1310,113
2020-02-25,1310,1310,1310,1310,73
2020-02-26,1315,1315,1310,1310,1930
2020-02-27,1315,1405,1310,1315,507
2020-02-28,1355,1355,1355,1355,5
2020-03-02,1365,1365,1365,1365,10
2020-03-03,1450,1450,1400,1400,205
2020-03-04,1400,1405,1400,1405,102
2020-03-05,1410,1455,1410,1455,18
2020-03-06,1455,1465,1450,1450,211
2020-03-09,1455,1465,1455,1465,9527
2020-03-10,1465,1465,1465,1465,100
2020-03-11,1465,1500,1465,1500,300
2020-03-12,1495,1495,1410,1495,323
2020-03-13,1410,1495,1410,1445,806
2020-03-16,1420,1425,1405,1405,2341
2020-03-17,1400,1400,1310,1400,7168
2020-03-18,1400,1400,1370,1370,45
2020-03-19,1300,1300,1270,1270,733
2020-03-20,1255,1270,1255,1255,122
2020-03-23,1235,1235,1170,1170,538
2020-03-24,1170,1170,1100,1100,4900
2020-03-25,1020,1020,1020,1020,1676
2020-03-26,980,1020,945,950,2160
2020-03-27,900,1000,900,1000,1216
2020-03-30,1000,1000,1000,1000,76
2020-03-31,1000,1000,950,950,1112
2020-04-01,1000,1000,950,950,149
2020-04-02,950,1000,950,1000,366
2020-04-06,1000,1000,990,1000,1151
2020-04-07,1000,1000,1000,1000,1526
2020-04-14,1000,1020,1000,1020,3790
2020-04-15,1095,1095,1095,1095,1025
2020-04-16,1095,1100,1095,1100,94
2020-04-21,1110,1110,1100,1100,400
2020-04-22,1100,1100,1095,1095,202
2020-04-23,1095,1095,1095,1095,22
2020-04-24,1095,1095,1070,1070,69
2020-04-27,1070,1070,1070,1070,80
2020-04-28,1070,1070,1050,1050,378
2020-04-29,1055,1070,1050,1070,212
2020-04-30,1070,1070,1050,1050,1075
2020-05-04,1070,1070,1025,1040,1135
2020-05-05,1030,1030,1030,1030,20
2020-05-06,1030,1070,1030,1070,400
2020-05-07,1025,1025,1025,1025,331
2020-05-08,1070,1070,1065,1070,132
2020-05-11,1025,1060,1025,1060,867
2020-05-12,1060,1060,1040,1040,589
2020-05-13,1000,1040,1000,1040,290
2020-05-14,1040,1045,980,1000,2020
2020-05-15,1025,1050,1025,1050,577
2020-05-18,1030,1050,1025,1050,240
2020-05-19,1070,1070,1050,1070,645
2020-05-22,1050,1050,1025,1025,361
2020-05-25,1025,1045,1000,1020,436
2020-05-26,1000,1000,980,980,2244
2020-05-27,1000,1000,985,995,241
2020-05-28,1000,1000,980,990,810
2020-05-29,990,1060,990,1000,1087
2020-06-02,1000,1000,1000,1000,813
2020-06-03,1000,1000,990,990,137
2020-06-04,980,980,980,980,100
2020-06-05,980,980,960,960,495
2020-06-08,980,980,940,980,1918
2020-06-09,980,980,960,980,256
2020-06-10,980,1000,980,1000,179
2020-06-11,1050,1075,1050,1075,180
2020-06-12,1080,1085,1080,1085,258
2020-06-15,1085,1100,1085,1095,475
2020-06-16,1095,1100,1085,1085,164
2020-06-17,1085,1085,1075,1075,338
2020-06-18,1075,1080,1050,1050,203
2020-06-19,1005,1080,1005,1075,42
2020-06-22,1050,1075,1050,1075,289
2020-06-23,1085,1085,1080,1080,257
2020-06-24,1075,1080,1075,1080,255
2020-06-25,1075,1075,1010,1010,215
2020-06-26,1010,1075,1010,1075,595
2020-06-29,1015,1085,1015,1085,1381
2020-06-30,1090,1100,1080,1100,2106
2020-07-01,1090,1180,1090,1150,222
2020-07-02,1150,1150,1100,1140,9757
2020-07-03,1140,1150,1080,1150,1751
2020-07-06,1140,1180,1080,1180,1608
2020-07-07,1095,1200,1095,1200,643
2020-07-08,1180,1280,1180,1280,272
2020-07-09,1300,1300,1280,1280,432
2020-07-10,1280,1300,1280,1300,1458
2020-07-13,1300,1375,1300,1375,8804
2020-07-14,1340,1340,1340,1340,3
2020-07-15,1300,1300,1290,1290,2920
2020-07-16,1200,1280,1200,1265,41
2020-07-17,1180,1180,1175,1175,195
2020-07-20,1150,1150,1090,1090,413
2020-07-21,1090,1115,1090,1115,1237
2020-07-22,1120,1120,1115,1115,28
2020-07-23,1100,1100,1100,1100,20
2020-07-24,1125,1125,1115,1115,120
2020-07-27,1115,1115,1115,1115,20
2020-07-28,1115,1115,1115,1115,60
2020-07-29,1110,1110,1075,1095,631
2020-07-30,1100,1100,1095,1100,1034
2020-08-03,1100,1105,1100,1100,119
2020-08-04,1100,1100,1095,1095,80
2020-08-05,1100,1110,1100,1110,53
2020-08-06,1095,1095,1095,1095,304
2020-08-11,1080,1100,1060,1100,31502
2020-08-12,1110,1115,1090,1100,580
2020-08-13,1100,1100,1100,1100,640
2020-08-14,1180,1180,1100,1100,2
2020-08-17,1180,1180,1180,1180,110
2020-08-18,1180,1180,1100,1100,22
2020-08-19,1100,1100,1080,1080,56
2020-08-20,1075,1075,1060,1060,191
2020-08-21,1010,1010,1000,1010,313
2020-08-24,1050,1050,1040,1040,20027
2020-08-25,1040,1040,1010,1010,4706
2020-08-26,1010,1040,1010,1040,376
2020-08-27,1035,1035,1005,1005,916
2020-08-28,1005,1010,990,990,824
2020-08-31,995,995,980,980,254
2020-09-01,990,990,990,990,99
2020-09-02,990,990,985,985,182
2020-09-03,985,990,985,990,40
2020-09-04,985,985,985,985,5
2020-09-07,975,975,930,930,97
2020-09-08,940,940,865,865,1282
2020-09-09,805,860,805,805,1401
2020-09-10,800,800,745,745,820
2020-09-11,800,800,800,800,630
2020-09-14,805,810,805,805,123
2020-09-15,805,805,805,805,451
2020-09-16,800,800,800,800,851
2020-09-17,800,800,745,745,1467
2020-09-18,800,800,745,745,1021
2020-09-21,745,800,745,800,2065
2020-09-22,810,810,810,810,65
2020-09-24,870,870,870,870,40
2020-09-25,935,935,810,810,324
2020-09-28,870,870,800,850,225
2020-09-29,870,870,850,850,201
2020-09-30,850,850,850,850,120
2020-10-01,850,850,800,850,578
2020-10-02,845,845,845,845,55
2020-10-05,835,835,800,800,333
2020-10-06,745,750,740,750,924
2020-10-07,750,750,695,750,324
2020-10-08,750,750,750,750,285
2020-10-09,800,800,795,795,3
2020-10-12,795,795,750,750,175
2020-10-13,755,755,755,755,21
2020-10-14,755,790,750,790,1868
2020-10-15,760,845,760,845,418
2020-10-16,840,840,790,840,121
2020-10-19,830,830,830,830,6
2020-10-20,845,845,800,800,16
2020-10-21,750,860,750,860,1323
2020-10-23,860,860,860,860,50
2020-10-26,855,855,855,855,197
2020-10-27,855,855,850,850,250
2020-10-28,825,840,825,840,22
2020-10-30,825,825,825,825,97
2020-11-02,810,810,800,810,34510
2020-11-03,810,810,800,800,102
2020-11-04,800,800,800,800,100
2020-11-05,800,805,800,805,194
2020-11-06,805,810,805,810,310
2020-11-09,800,800,780,780,30
2020-11-10,800,810,800,810,387
2020-11-11,810,810,810,810,70
2020-11-12,810,850,800,850,3246
2020-11-13,850,850,845,845,30
2020-11-16,845,860,845,860,2064
2020-11-17,900,900,900,900,70
2020-11-18,900,900,900,900,1
2020-11-19,965,965,965,965,5
2020-11-20,985,1000,980,1000,9015
2020-11-23,985,1000,985,990,628
2020-11-24,1000,1010,1000,1010,863
2020-11-25,1000,1010,1000,1010,75
2020-11-26,1000,1000,1000,1000,10
2020-11-27,1000,1005,1000,1005,57
2020-12-01,1000,1000,995,995,1479
2020-12-02,995,995,995,995,10
2020-12-03,995,995,995,995,2
2020-12-04,995,995,990,990,336
2020-12-07,990,990,965,965,19
2020-12-09,965,965,900,900,40
2020-12-10,960,960,960,960,21
2020-12-11,995,995,995,995,550
2020-12-14,925,1000,925,1000,14987
2020-12-15,1000,1020,1000,1020,35
2020-12-16,1005,1005,1005,1005,10000
2020-12-17,1000,1020,1000,1020,1403
2020-12-18,1005,1095,995,1095,961
2020-12-21,1095,1175,1095,1175,6136
2020-12-22,1175,1175,1175,1175,5559
2020-12-23,1175,1210,1175,1210,10677
2020-12-24,1210,1245,1200,1245,6530
2020-12-28,1245,1300,1245,1300,33500
2020-12-31,1240,1240,1240,1240,7
2021-01-04,1150,1150,1150,1150,30
2021-01-05,1095,1095,1065,1065,1156
2021-01-06,1065,1080,1050,1080,190
2021-01-07,1080,1080,1080,1080,160
2021-01-08,1075,1080,1070,1070,560
2021-01-11,1000,1080,1000,1000,395
2021-01-12,1000,1075,995,1000,584
2021-01-13,1010,1010,1005,1005,240
2021-01-14,1080,1080,1080,1080,40
2021-01-18,1070,1100,1070,1100,5675
2021-01-19,1080,1080,1080,1080,50
2021-01-20,1075,1075,1075,1075,5
2021-01-21,1075,1075,1075,1075,5
2021-01-22,1080,1080,1080,1080,1
2021-01-25,1070,1070,1000,1000,61
2021-01-26,1000,1005,1000,1005,175
2021-01-27,1070,1070,1065,1065,80
2021-01-28,1010,1065,1010,1065,124
2021-01-29,1065,1065,1065,1065,5
2021-02-01,1055,1055,1055,1055,5
2021-02-02,1000,1055,1000,1055,130
2021-02-03,1055,1055,1000,1000,96
2021-02-04,1045,1045,1000,1000,170
2021-02-05,1040,1040,1000,1000,34
2021-02-08,1040,1040,1040,1040,11
2021-02-09,1005,1005,980,990,4995
2021-02-10,985,985,970,970,1912
2021-02-11,970,970,900,970,6502
2021-02-12,970,970,970,970,70
2021-02-15,970,970,955,955,740
2021-02-16,955,955,945,955,377
2021-02-17,955,955,950,955,1111
2021-02-18,950,950,945,945,5
2021-02-19,945,945,940,945,479
2021-02-22,950,1000,945,945,2611
2021-02-23,1000,1000,935,935,750
2021-02-24,975,995,935,935,599
2021-02-25,935,935,925,935,337
2021-02-26,935,935,935,935,290
2021-03-01,935,1000,935,935,305
2021-03-02,875,995,875,995,1032
2021-03-03,985,985,985,985,10
2021-03-04,980,985,955,955,74
2021-03-05,975,975,955,955,83
2021-03-08,955,955,955,955,45
2021-03-09,955,985,950,985,120
2021-03-10,980,995,950,980,1790
2021-03-11,1000,1000,980,980,480
2021-03-12,1040,1040,1040,1040,1
2021-03-15,1075,1075,1040,1040,162
2021-03-16,1035,1035,1035,1035,9
2021-03-17,1000,1000,1000,1000,736
2021-03-18,1000,1000,1000,1000,580
2021-03-19,1000,1000,1000,1000,343
2021-03-22,995,995,995,995,200
2021-03-23,995,1000,995,1000,380
2021-03-24,990,990,980,980,88
2021-03-25,985,985,980,985,720
2021-03-26,980,985,980,985,100
2021-03-29,980,980,980,980,3
2021-03-30,955,955,950,950,179
2021-03-31,925,980,905,905,176
2021-04-01,970,970,970,970,50
2021-04-02,970,970,970,970,327
2021-04-07,930,935,930,930,213
2021-04-08,970,970,970,970,2
2021-04-09,925,970,925,970,651
2021-04-12,970,970,970,970,83
2021-04-13,970,970,970,970,4
2021-04-14,970,970,970,970,100
2021-04-15,925,925,925,925,261
2021-04-16,970,970,970,970,10
2021-04-19,970,970,900,900,1010
2021-04-20,950,950,950,950,300
2021-04-21,965,980,965,970,1848
2021-04-22,905,905,905,905,1590
2021-04-23,950,950,950,950,143
2021-04-26,980,980,980,980,22
2021-04-27,975,975,910,910,660
2021-04-28,950,975,910,910,162
2021-04-29,960,960,960,960,41
2021-04-30,975,975,960,960,55
2021-05-03,975,1025,975,1025,315
2021-05-04,1025,1025,950,950,1619
2021-05-05,1000,1000,1000,1000,188
2021-05-06,960,1000,960,1000,235
2021-05-07,955,955,925,955,580
2021-05-10,890,955,885,940,4069
2021-05-11,950,955,950,955,65
2021-05-14,955,955,955,955,119
2021-05-17,955,1000,955,1000,559
2021-05-18,1000,1045,1000,1045,436
2021-05-19,1045,1045,1045,1045,800
2021-05-20,1045,1045,1005,1045,3751
2021-05-21,1010,1045,1005,1005,592
2021-05-25,1045,1045,1045,1045,28
2021-05-26,1045,1045,1045,1045,320
2021-05-27,1045,1045,1045,1045,310
2021-05-28,1040,1040,1040,1040,248
2021-05-31,1040,1040,1040,1040,107
2021-06-01,1005,1040,1005,1040,33
2021-06-02,1040,1045,1040,1045,419
2021-06-03,1040,1040,1000,1000,307
2021-06-04,1040,1040,1035,1035,2
2021-06-07,1035,1040,1035,1035,1383
2021-06-08,1040,1040,965,1000,506
2021-06-09,1035,1035,1035,1035,309
2021-06-10,1035,1110,1035,1110,5277
2021-06-11,1100,1180,1040,1180,6102
2021-06-14,1180,1180,1175,1175,1001
2021-06-15,1100,1100,1095,1095,1055
2021-06-16,1170,1170,1165,1165,120
2021-06-17,1160,1160,1080,1080,50
2021-06-18,1155,1155,1040,1040,1437
2021-06-21,1040,1050,1035,1040,3004
2021-06-22,1040,1040,1040,1040,19
2021-06-23,1040,1045,1040,1045,175
2021-06-24,1045,1050,1045,1050,986
2021-06-25,1050,1070,1045,1050,11651
2021-06-28,1050,1050,1035,1050,2195
2021-06-29,1050,1070,1050,1070,638
2021-06-30,1050,1070,1050,1070,1049
2021-07-01,1070,1070,1070,1070,56
2021-07-02,1060,1075,1060,1065,310
2021-07-05,1070,1070,1065,1065,260
2021-07-06,1045,1045,1045,1045,280
2021-07-07,1045,1045,1035,1035,2332
2021-07-08,1045,1045,1035,1045,425
2021-07-09,1045,1050,1035,1035,85
2021-07-12,1065,1065,1065,1065,108
2021-07-13,1065,1065,1065,1065,355
2021-07-14,1065,1065,1065,1065,56
2021-07-15,1065,1065,1050,1060,2319
2021-07-16,1065,1070,1065,1070,232
2021-07-19,1150,1150,1150,1150,25
2021-07-21,1180,1180,1180,1180,406
2021-07-22,1150,1180,1150,1180,278
2021-07-23,1175,1175,1175,1175,200
2021-07-26,1170,1200,1170,1175,6298
2021-07-27,1250,1250,1185,1250,601
2021-07-28,1250,1340,1250,1255,1499
2021-07-29,1260,1290,1255,1290,385
2021-07-30,1280,1290,1280,1290,773
2021-08-02,1255,1385,1200,1385,5917
2021-08-03,1390,1390,1385,1390,967
2021-08-04,1485,1485,1400,1405,1510
2021-08-05,1480,1505,1400,1500,432
2021-08-06,1505,1510,1500,1500,2699
2021-08-09,1500,1500,1485,1485,257
2021-08-10,1500,1500,1480,1480,330
2021-08-11,1475,1500,1420,1490,3065
2021-08-12,1490,1490,1450,1450,1616
2021-08-16,1420,1430,1400,1400,678
2021-08-17,1420,1420,1400,1400,625
2021-08-18,1400,1405,1400,1405,1425
2021-08-19,1405,1415,1405,1415,410
2021-08-20,1415,1415,1405,1405,314
2021-08-23,1405,1410,1405,1410,400
2021-08-24,1405,1410,1405,1405,307
2021-08-25,1400,1405,1385,1395,2074
2021-08-26,1395,1395,1370,1370,267
2021-08-27,1370,1395,1370,1395,1078
2021-08-30,1395,1420,1395,1420,1690
2021-08-31,1410,1420,1400,1400,1258
2021-09-01,1400,1425,1295,1295,1050
2021-09-02,1295,1390,1200,1390,2499
2021-09-03,1295,1400,1290,1400,90
2021-09-06,1350,1350,1310,1350,360
2021-09-07,1310,1350,1295,1350,2026
2021-09-08,1350,1395,1350,1395,83
2021-09-09,1395,1395,1350,1350,285
2021-09-10,1350,1350,1300,1350,138
2021-09-13,1350,1350,1350,1350,40
2021-09-14,1350,1425,1300,1425,289
2021-09-15,1410,1445,1410,1445,3492
2021-09-16,1425,1495,1425,1495,167
2021-09-17,1450,1450,1445,1450,678
2021-09-20,1445,1485,1425,1485,747
2021-09-21,1490,1495,1490,1495,352
2021-09-22,1495,1550,1495,1550,2064
2021-09-23,1550,1550,1525,1550,484
2021-09-24,1555,1650,1555,1650,113
2021-09-27,1650,1695,1605,1650,278
2021-09-28,1695,1695,1610,1635,265
2021-09-29,1640,1700,1640,1695,522
2021-09-30,1670,1820,1670,1820,9763
2021-10-01,1820,1955,1820,1820,1973
2021-10-04,1900,1900,1685,1800,6395
2021-10-05,1800,1800,1710,1725,3028
2021-10-06,1725,1725,1655,1715,268
2021-10-07,1655,1725,1655,1725,389
2021-10-08,1725,1725,1700,1700,3719
2021-10-11,1750,1820,1750,1800,11495
2021-10-12,1800,1900,1800,1900,2408
2021-10-13,1855,1955,1855,1955,2016
2021-10-14,1900,1905,1900,1905,30
2021-10-15,1900,1995,1800,1995,2236
2021-10-19,1990,1995,1850,1860,255
2021-10-20,1860,1860,1805,1805,31
2021-10-21,1935,1935,1800,1805,1235
2021-10-22,1805,1805,1800,1805,6181
2021-10-25,1895,1895,1895,1895,103
2021-10-26,1895,1895,1805,1805,415
2021-10-27,1805,1850,1800,1800,607
2021-10-28,1900,1900,1800,1800,1372
2021-10-29,1900,1935,1900,1935,3646
2021-11-03,2045,2045,1950,1950,312
2021-11-04,2045,2045,2000,2000,1018
2021-11-05,2005,2025,1950,2000,3037
2021-11-08,2000,2000,1950,1950,170
2021-11-09,2000,2000,1950,1950,1369
2021-11-10,1950,2000,1950,1955,59
2021-11-11,1955,1955,1900,1950,248
2021-11-12,1950,1950,1950,1950,1219
2021-11-16,1915,1915,1915,1915,516
2021-11-17,1915,2000,1915,2000,175
2021-11-18,2000,2000,1950,2000,416
2021-11-19,1950,1950,1950,1950,243
2021-11-22,1955,2025,1955,1955,246
2021-11-23,1955,2000,1955,2000,403
2021-11-24,2000,2000,1955,1955,360
2021-11-25,1955,1955,1955,1955,167
2021-11-26,2000,2000,1995,1995,4
2021-11-29,1995,2000,1960,2000,1035
2021-11-30,1960,2025,1960,1995,2733
2021-12-01,1995,2025,1995,1995,78
2021-12-02,1995,2025,1965,2025,3426
2021-12-03,1960,2020,1960,2015,356
2021-12-06,2000,2015,1955,2015,116
2021-12-07,1960,2005,1960,1960,1828
2021-12-08,1960,1960,1960,1960,466
2021-12-09,1995,1995,1960,1960,3002
2021-12-10,1955,1955,1905,1905,1218
2021-12-13,1900,1900,1850,1850,245
2021-12-14,1850,1850,1800,1850,1635
2021-12-15,1850,1900,1850,1900,72
2021-12-16,1810,1900,1810,1900,41
2021-12-17,1900,1990,1900,1900,819
2021-12-20,1900,1980,1900,1980,170
2021-12-21,1900,1975,1900,1975,410
2021-12-22,1900,1975,1900,1975,321
2021-12-23,1900,1960,1900,1900,1471
2021-12-24,1850,1960,1805,1805,101
2021-12-27,1940,1940,1850,1850,11
2021-12-28,1800,1800,1775,1800,8843
2021-12-29,1800,1800,1800,1800,744
2021-12-30,1790,1790,1785,1785,159
2021-12-31,1755,1755,1750,1750,442
2022-01-03,1750,1750,1700,1740,139
2022-01-04,1740,1750,1740,1740,649
2022-01-05,1700,1700,1685,1685,341
2022-01-06,1650,1650,1610,1610,1011
2022-01-07,1610,1610,1510,1605,3605
2022-01-10,1600,1600,1515,1600,238
2022-01-11,1595,1600,1505,1525,4406
2022-01-12,1520,1520,1500,1515,1656
2022-01-13,1500,1500,1405,1430,2327
2022-01-14,1430,1505,1390,1505,1392
2022-01-17,1510,1610,1500,1610,1738
2022-01-18,1675,1675,1675,1675,364
2022-01-19,1675,1675,1640,1640,220
2022-01-20,1675,1725,1675,1725,897
2022-01-21,1725,1725,1725,1725,290
2022-01-24,1750,1750,1725,1725,149
2022-01-25,1730,1750,1730,1730,1080
2022-01-26,1745,1745,1745,1745,22
2022-01-27,1745,1745,1730,1730,241
2022-01-28,1675,1675,1675,1675,140
2022-01-31,1730,1730,1675,1675,55
2022-02-01,1615,1615,1615,1615,20
2022-02-02,1615,1615,1595,1600,2732
2022-02-03,1600,1700,1600,1700,438
2022-02-04,1700,1700,1575,1700,499
2022-02-07,1700,1700,1700,1700,70
2022-02-08,1700,1700,1650,1650,95
2022-02-09,1650,1650,1625,1625,462
2022-02-10,1600,1650,1505,1650,1252
2022-02-11,1650,1700,1650,1700,78
2022-02-14,1700,1700,1655,1655,1210
2022-02-15,1625,1655,1600,1600,3406
2022-02-16,1600,1600,1580,1600,1266
2022-02-17,1600,1600,1600,1600,641
2022-02-18,1600,1655,1600,1655,1721
2022-02-21,1745,1745,1745,1745,5
2022-02-22,1690,1690,1650,1650,2036
2022-02-23,1640,1655,1640,1655,1000
2022-02-24,1650,1655,1635,1635,1779
2022-02-25,1620,1650,1620,1650,63
2022-02-28,1625,1625,1610,1615,517
2022-03-01,1615,1615,1615,1615,2559
2022-03-02,1615,1625,1615,1620,582
2022-03-03,1615,1630,1615,1620,655
2022-03-04,1620,1675,1615,1675,518
2022-03-07,1675,1695,1675,1695,1120
2022-03-08,1710,1710,1705,1705,13623
2022-03-09,1705,1705,1700,1700,731
2022-03-10,1705,1705,1620,1620,2191
2022-03-11,1695,1740,1695,1700,315
2022-03-14,1630,1700,1600,1605,2262
2022-03-15,1700,1700,1615,1615,191
2022-03-16,1620,1700,1620,1700,30
2022-03-17,1705,1740,1705,1740,917
2022-03-18,1740,1825,1740,1825,2687
2022-03-21,1800,1800,1755,1795,1175
2022-03-22,1755,1755,1700,1755,1524
2022-03-23,1755,1755,1755,1755,65
2022-03-24,1750,1750,1750,1750,77
2022-03-25,1705,1750,1705,1750,271
2022-03-28,1760,1880,1760,1880,704
2022-03-29,1860,1880,1810,1810,425
2022-03-30,1810,1810,1810,1810,279
2022-03-31,1810,1810,1810,1810,567
2022-04-01,1810,1810,1810,1810,450
2022-04-04,1815,1850,1815,1850,48
2022-04-05,1850,1850,1810,1810,588
2022-04-06,1820,1820,1820,1820,200
2022-04-07,1810,1820,1810,1820,110
2022-04-08,1825,1825,1820,1820,72
2022-04-11,1810,1810,1805,1805,1705
2022-04-12,1940,1940,1940,1940,10
2022-04-13,1930,1930,1805,1815,1371
2022-04-14,1810,1815,1800,1815,1408
2022-04-15,1815,1815,1815,1815,110
2022-04-19,1810,1815,1810,1815,605
2022-04-20,1815,1850,1810,1850,500
2022-04-22,1850,1850,1850,1850,1225
2022-04-25,1850,1850,1850,1850,25
2022-04-26,1850,1850,1850,1850,777
2022-04-27,1850,1850,1850,1850,100
2022-04-29,1850,1850,1850,1850,300
2022-05-03,1820,1820,1820,1820,18
2022-05-04,1705,1805,1705,1715,157
2022-05-05,1800,1800,1800,1800,15
2022-05-06,1705,1705,1700,1705,1306
2022-05-09,1700,1795,1700,1795,1607
2022-05-10,1705,1705,1705,1705,120
2022-05-11,1795,1795,1795,1795,25
2022-05-12,1705,1750,1705,1750,245
2022-05-13,1750,1750,1705,1705,419
2022-05-16,1705,1705,1700,1700,1127
2022-05-17,1705,1705,1700,1700,889
2022-05-18,1650,1650,1610,1610,42
2022-05-19,1650,1650,1500,1560,1159
2022-05-20,1610,1610,1610,1610,309
2022-05-23,1610,1610,1605,1605,95
2022-05-24,1610,1610,1590,1590,410
2022-05-25,1590,1590,1590,1590,3
2022-05-27,1590,1705,1590,1705,302
2022-05-30,1690,1705,1685,1705,295
2022-05-31,1580,1705,1580,1590,301
2022-06-02,1700,1700,1700,1700,22
2022-06-03,1580,1700,1580,1700,212
2022-06-07,1700,1700,1700,1700,2
2022-06-08,1585,1675,1585,1590,122
2022-06-09,1675,1675,1675,1675,60
2022-06-10,1580,1705,1580,1580,783
2022-06-13,1695,1695,1585,1600,306
2022-06-15,1600,1690,1600,1600,101
2022-06-16,1585,1595,1580,1580,2503
2022-06-17,1580,1580,1580,1580,1575
2022-06-20,1610,1610,1465,1480,2344
2022-06-21,1480,1480,1480,1480,1213
2022-06-22,1480,1480,1465,1465,2723
2022-06-23,1570,1570,1570,1570,1
2022-06-24,1560,1600,1465,1465,2025
2022-06-27,1570,1570,1570,1570,56
2022-06-28,1610,1685,1610,1685,295
2022-06-29,1650,1650,1600,1600,20
2022-06-30,1680,1680,1590,1590,378
2022-07-01,1570,1685,1475,1685,80
2022-07-04,1685,1685,1685,1685,310
2022-07-05,1680,1680,1680,1680,10
2022-07-06,1560,1685,1560,1685,204
2022-07-07,1680,1680,1680,1680,194
2022-07-08,1650,1680,1650,1680,595
2022-07-11,1680,1680,1680,1680,6
2022-07-12,1670,1670,1670,1670,84
2022-07-13,1670,1670,1670,1670,841
2022-07-14,1675,1680,1590,1680,681
2022-07-15,1600,1680,1600,1680,733
2022-07-18,1650,1680,1650,1680,2811
2022-07-19,1680,1680,1650,1650,174
2022-07-20,1650,1650,1650,1650,26
2022-07-21,1650,1650,1650,1650,284
2022-07-22,1650,1650,1625,1650,269
2022-07-25,1650,1650,1650,1650,367
2022-07-26,1650,1650,1625,1625,330
2022-07-27,1650,1650,1650,1650,191
2022-07-28,1680,1680,1650,1650,2335
2022-07-29,1650,1650,1615,1650,209
2022-08-01,1650,1650,1615,1615,552
2022-08-02,1615,1615,1510,1510,354
2022-08-03,1525,1600,1525,1600,160
2022-08-04,1610,1680,1610,1680,1665
2022-08-05,1675,1675,1610,1650,73
2022-08-09,1650,1650,1600,1650,812
2022-08-10,1600,1600,1600,1600,702
2022-08-11,1645,1645,1605,1605,268
2022-08-12,1650,1650,1650,1650,698
2022-08-16,1650,1650,1650,1650,8
2022-08-17,1650,1650,1650,1650,7
2022-08-18,1605,1650,1605,1650,409
2022-08-19,1650,1650,1620,1620,35
2022-08-22,1620,1620,1600,1620,235
2022-08-23,1600,1645,1500,1645,643
2022-08-25,1525,1600,1525,1600,102
2022-08-26,1600,1600,1500,1595,285
2022-08-29,1490,1590,1490,1590,76
2022-08-30,1595,1595,1530,1575,130
2022-08-31,1575,1575,1485,1500,1838
2022-09-01,1500,1580,1470,1495,708
2022-09-02,1470,1500,1470,1500,1025
2022-09-05,1495,1575,1495,1575,68
2022-09-06,1500,1505,1500,1505,142
2022-09-07,1500,1600,1495,1600,177
2022-09-08,1600,1650,1500,1650,299
2022-09-09,1600,1600,1600,1600,760
2022-09-12,1600,1600,1595,1600,56
2022-09-13,1600,1600,1500,1600,771
2022-09-14,1600,1600,1510,1510,50
2022-09-15,1515,1600,1515,1600,397
2022-09-16,1600,1600,1600,1600,242
2022-09-19,1600,1600,1600,1600,80
2022-09-20,1600,1620,1600,1600,636
2022-09-21,1600,1600,1600,1600,250
2022-09-22,1525,1600,1525,1600,311
2022-09-23,1600,1600,1600,1600,330
2022-09-26,1600,1600,1600,1600,65
2022-09-27,1600,1600,1600,1600,7
2022-09-28,1600,1600,1600,1600,135
2022-09-29,1615,1615,1600,1600,48
2022-09-30,1600,1600,1600,1600,14
2022-10-03,1600,1600,1550,1600,78
2022-10-04,1600,1600,1545,1545,178
2022-10-05,1600,1600,1525,1600,924
2022-10-06,1605,1615,1600,1615,69
2022-10-07,1600,1625,1600,1625,135
2022-10-10,1625,1625,1600,1600,901
2022-10-11,1600,1600,1600,1600,1069
2022-10-12,1600,1600,1590,1590,99
2022-10-14,1590,1590,1590,1590,50
2022-10-17,1600,1600,1590,1600,260
2022-10-18,1600,1600,1590,1600,117
2022-10-19,1525,1600,1525,1595,44
2022-10-20,1505,1590,1505,1590,232
2022-10-21,1590,1590,1590,1590,115
2022-10-24,1600,1600,1600,1600,100
2022-10-25,1595,1600,1595,1595,81
2022-10-26,1595,1600,1500,1600,478
2022-10-27,1600,1600,1575,1575,301
2022-10-28,1600,1600,1600,1600,30
2022-11-02,1600,1600,1600,1600,1379
2022-11-03,1500,1595,1500,1595,601
2022-11-04,1600,1600,1500,1595,95
2022-11-07,1575,1590,1575,1590,51
2022-11-08,1590,1590,1585,1585,105
2022-11-11,1585,1585,1470,1480,496
2022-11-16,1480,1500,1460,1500,193
2022-11-17,1480,1490,1460,1460,45
2022-11-18,1480,1490,1405,1405,261
2022-11-21,1410,1410,1410,1410,110
2022-11-22,1495,1500,1480,1500,1106
2022-11-23,1525,1580,1470,1580,5033
2022-11-24,1580,1580,1580,1580,3
2022-11-25,1465,1575,1465,1575,218
2022-11-28,1565,1565,1565,1565,151
2022-11-29,1560,1560,1560,1560,2
2022-11-30,1475,1475,1475,1475,165
2022-12-01,1410,1465,1410,1465,295
2022-12-02,1460,1460,1365,1365,247
2022-12-05,1360,1360,1360,1360,14
2022-12-06,1400,1460,1400,1460,37
2022-12-07,1460,1460,1360,1360,158
2022-12-09,1360,1395,1360,1395,39
2022-12-12,1400,1400,1400,1400,25
2022-12-13,1395,1400,1390,1400,128
2022-12-14,1400,1400,1295,1295,122
2022-12-15,1390,1390,1300,1300,1758
2022-12-16,1395,1395,1395,1395,1
2022-12-19,1300,1460,1300,1460,42
2022-12-22,1395,1395,1355,1360,124
2022-12-23,1360,1360,1310,1310,101
2022-12-27,1400,1400,1315,1315,64
2022-12-28,1400,1400,1400,1400,10
2022-12-29,1305,1450,1295,1295,1152
2022-12-30,1300,1300,1295,1295,23
2023-01-02,1300,1390,1300,1390,88
2023-01-03,1390,1390,1390,1390,204
2023-01-04,1390,1460,1390,1460,138
2023-01-06,1430,1430,1390,1390,8
2023-01-09,1390,1390,1390,1390,79
2023-01-10,1390,1390,1290,1290,973
2023-01-11,1290,1385,1210,1385,127
2023-01-12,1300,1425,1300,1425,260
2023-01-13,1425,1425,1320,1320,5158
2023-01-16,1400,1400,1400,1400,1
2023-01-17,1300,1350,1300,1300,61
2023-01-18,1300,1300,1300,1300,87
2023-01-19,1300,1300,1290,1290,254
2023-01-20,1300,1300,1295,1295,512
2023-01-23,1300,1300,1300,1300,5237
2023-01-24,1300,1300,1300,1300,2
2023-01-25,1300,1300,1300,1300,15
2023-01-26,1300,1300,1300,1300,1632
2023-01-27,1350,1350,1305,1305,62
2023-01-30,1305,1350,1300,1350,154
2023-01-31,1310,1310,1310,1310,220
2023-02-01,1310,1350,1310,1320,100
2023-02-02,1310,1350,1310,1350,868
2023-02-03,1400,1400,1390,1390,3
2023-02-06,1390,1390,1390,1390,50
2023-02-07,1350,1400,1350,1400,27
2023-02-08,1400,1400,1375,1395,619
2023-02-09,1400,1400,1295,1395,1650
2023-02-10,1380,1380,1380,1380,25
2023-02-13,1425,1425,1280,1290,1083
2023-02-14,1200,1290,1200,1215,547
2023-02-15,1225,1225,1210,1225,4055
2023-02-16,1230,1230,1230,1230,495
2023-02-17,1230,1230,1220,1230,1493
2023-02-20,1230,1300,1230,1300,1034
2023-02-21,1295,1295,1230,1290,318
2023-02-22,1290,1290,1290,1290,9
2023-02-23,1250,1250,1250,1250,131
2023-02-24,1205,1230,1205,1230,540
2023-02-27,1230,1230,1140,1140,4963
2023-02-28,1150,1200,1150,1155,2330
2023-03-01,1200,1200,1155,1200,969
2023-03-02,1200,1230,1200,1230,1470
2023-03-03,1230,1250,1200,1200,151
2023-03-06,1280,1280,1280,1280,1
2023-03-07,1290,1290,1290,1290,180
2023-03-08,1290,1290,1285,1285,70
2023-03-09,1285,1285,1285,1285,565
2023-03-10,1255,1255,1255,1255,6
2023-03-13,1285,1300,1250,1300,243
2023-03-14,1300,1300,1300,1300,423
2023-03-15,1300,1390,1300,1385,3466
2023-03-16,1385,1385,1295,1295,183
2023-03-17,1295,1375,1295,1375,824
2023-03-20,1300,1300,1300,1300,291
2023-03-21,1295,1300,1295,1300,98
2023-03-22,1300,1300,1295,1300,2627
2023-03-23,1300,1300,1300,1300,81
2023-03-24,1300,1300,1295,1295,8566
2023-03-27,1285,1300,1285,1300,1342
2023-03-28,1285,1300,1280,1300,10288
2023-03-29,1300,1300,1285,1300,189
2023-03-30,1300,1300,1210,1210,1125
2023-03-31,1210,1280,1210,1280,246
2023-04-03,1280,1280,1280,1280,20
2023-04-04,1280,1280,1200,1275,341
2023-04-05,1200,1270,1200,1270,1005
2023-04-06,1270,1270,1205,1205,104
2023-04-07,1200,1205,1200,1205,530
2023-04-11,1280,1285,1270,1285,192
2023-04-12,1225,1250,1225,1250,405
2023-04-13,1245,1245,1240,1240,78
2023-04-14,1240,1240,1210,1210,15
2023-04-17,1245,1245,1245,1245,111
2023-04-19,1245,1245,1210,1210,118
2023-04-20,1150,1245,1150,1245,564
2023-04-24,1265,1265,1245,1245,4233
2023-04-25,1265,1265,1245,1250,492
2023-04-26,1250,1250,1245,1245,855
2023-04-27,1245,1250,1190,1190,403
2023-04-28,1190,1190,1140,1140,302
2023-05-02,1190,1190,1190,1190,92
2023-05-03,1190,1190,1190,1190,4
2023-05-04,1200,1200,1190,1190,500
2023-05-05,1190,1200,1190,1200,760
2023-05-08,1200,1230,1200,1230,41
2023-05-09,1230,1230,1230,1230,67
2023-05-10,1230,1230,1230,1230,482
2023-05-11,1230,1230,1160,1160,230
2023-05-12,1160,1160,1160,1160,482
2023-05-15,1165,1200,1165,1200,226
2023-05-16,1190,1190,1160,1190,196
2023-05-17,1165,1200,1165,1200,79
2023-05-19,1200,1220,1200,1220,73
2023-05-22,1215,1215,1200,1200,382
2023-05-23,1195,1200,1180,1200,2116
2023-05-24,1200,1200,1200,1200,200
2023-05-25,1200,1200,1150,1150,725
2023-05-26,1150,1150,1150,1150,117
2023-05-30,1150,1150,1150,1150,212
2023-05-31,1150,1150,1145,1145,365
2023-06-01,1145,1145,1145,1145,312
2023-06-02,1150,1150,1140,1145,1073
2023-06-05,1150,1220,1150,1150,1312
2023-06-06,1230,1230,1230,1230,30
2023-06-07,1230,1230,1230,1230,234
2023-06-08,1230,1230,1230,1230,1026
2023-06-09,1200,1200,1200,1200,50
2023-06-12,1230,1230,1150,1230,20
2023-06-13,1140,1220,1140,1220,5601
2023-06-14,1200,1200,1200,1200,100
2023-06-15,1195,1220,1195,1195,1539
2023-06-16,1195,1195,1195,1195,83
2023-06-19,1200,1200,1195,1195,1445
2023-06-20,1200,1200,1190,1190,632
2023-06-21,1225,1275,1200,1275,2380
2023-06-22,1270,1305,1270,1305,594
2023-06-23,1305,1375,1305,1305,1123
2023-06-26,1375,1375,1305,1375,9
2023-06-27,1375,1475,1375,1475,33
2023-06-29,1475,1475,1375,1470,503
2023-06-30,1460,1465,1460,1465,155
2023-07-03,1465,1470,1375,1375,702
2023-07-04,1460,1465,1300,1300,1941
2023-07-05,1300,1390,1300,1390,515
2023-07-06,1400,1400,1350,1380,419
2023-07-10,1380,1445,1375,1445,415
2023-07-11,1400,1400,1400,1400,1394
2023-07-12,1400,1400,1400,1400,160
2023-07-13,1400,1400,1400,1400,452
2023-07-14,1405,1445,1400,1445,883
2023-07-17,1445,1445,1440,1440,1088
2023-07-18,1440,1440,1375,1400,283
2023-07-19,1305,1305,1295,1305,146
2023-07-20,1305,1400,1210,1400,1612
2023-07-21,1395,1395,1295,1300,924
2023-07-24,1350,1350,1300,1350,129
2023-07-25,1350,1380,1350,1380,242
2023-07-26,1380,1390,1380,1390,86
2023-07-27,1390,1390,1355,1355,593
2023-07-28,1355,1390,1300,1355,817
2023-07-31,1355,1355,1350,1350,59
2023-08-01,1390,1390,1390,1390,200
2023-08-02,1390,1390,1300,1390,3170
2023-08-03,1350,1390,1290,1290,990
2023-08-04,1290,1385,1290,1385,25
2023-08-08,1385,1385,1385,1385,97
2023-08-09,1385,1395,1295,1385,778
2023-08-10,1385,1440,1380,1440,934
2023-08-11,1430,1430,1335,1335,260
2023-08-14,1300,1435,1300,1435,814
2023-08-16,1435,1450,1435,1450,851
2023-08-17,1435,1435,1345,1345,2468
2023-08-18,1350,1350,1345,1345,238
2023-08-21,1345,1345,1330,1345,1324
2023-08-22,1345,1345,1345,1345,9
2023-08-23,1345,1345,1345,1345,849
2023-08-24,1350,1400,1350,1400,634
2023-08-25,1400,1400,1390,1390,270
2023-08-28,1390,1390,1380,1380,1735
2023-08-29,1385,1385,1230,1320,308
2023-08-30,1320,1320,1315,1315,121
2023-08-31,1310,1320,1310,1320,366
2023-09-01,1320,1320,1300,1300,91
2023-09-04,1300,1320,1300,1320,182
2023-09-05,1305,1305,1295,1295,481
2023-09-06,1300,1320,1300,1320,98
2023-09-07,1295,1320,1295,1320,319
2023-09-08,1320,1320,1320,1320,331
2023-09-11,1315,1315,1305,1305,291
2023-09-12,1300,1300,1295,1295,154
2023-09-13,1250,1295,1235,1295,4902
2023-09-14,1295,1300,1235,1235,1403
2023-09-15,1245,1295,1245,1295,398
2023-09-18,1295,1300,1295,1295,511
2023-09-19,1295,1295,1295,1295,30
2023-09-20,1295,1295,1280,1280,163
2023-09-21,1280,1280,1255,1255,385
2023-09-22,1295,1295,1250,1250,1241
2023-09-25,1255,1290,1200,1200,2653
2023-09-26,1200,1220,1200,1220,1432
2023-09-28,1225,1250,1225,1250,681
2023-10-02,1250,1290,1250,1290,21
2023-10-03,1375,1375,1290,1290,379
2023-10-04,1195,1280,1195,1280,4221
2023-10-05,1280,1280,1225,1225,599
2023-10-06,1225,1225,1220,1220,666
2023-10-09,1225,1300,1225,1300,251
2023-10-10,1295,1295,1290,1290,141
2023-10-11,1235,1290,1235,1290,626
2023-10-12,1285,1285,1230,1275,865
2023-10-13,1280,1280,1220,1260,458
2023-10-16,1275,1280,1195,1280,1142
2023-10-17,1280,1280,1280,1280,18
2023-10-18,1280,1280,1185,1185,1000
2023-10-19,1250,1250,1250,1250,19
2023-10-20,1250,1250,1250,1250,62
2023-10-23,1250,1250,1190,1205,475
2023-10-24,1205,1205,1200,1200,653
2023-10-25,1205,1205,1200,1200,93
2023-10-26,1205,1250,1205,1240,203
2023-10-27,1200,1200,1190,1200,518
2023-10-30,1110,1200,1110,1110,598
2023-10-31,1110,1120,1110,1120,108
2023-11-02,1090,1200,1090,1200,1053
2023-11-03,1190,1190,1190,1190,450
2023-11-06,1105,1190,1105,1185,240
2023-11-07,1190,1190,1150,1185,347
2023-11-08,1110,1185,1100,1105,2736
2023-11-09,1185,1185,1105,1115,763
2023-11-10,1150,1150,1095,1115,467
2023-11-13,1150,1155,1080,1080,2732
2023-11-14,1080,1160,1080,1160,1447
2023-11-16,1200,1200,1200,1200,218
2023-11-17,1200,1220,1200,1220,66
2023-11-20,1225,1225,1220,1220,24
2023-11-21,1230,1230,1230,1230,610
2023-11-22,1230,1230,1200,1205,562
2023-11-23,1230,1230,1205,1210,430
2023-11-24,1200,1230,1200,1230,134
2023-11-27,1225,1230,1220,1220,284
2023-11-28,1230,1230,1190,1230,716
2023-11-29,1190,1225,1190,1225,87
2023-11-30,1230,1230,1225,1230,55
2023-12-01,1210,1210,1210,1210,250
2023-12-04,1225,1290,1225,1290,267
2023-12-05,1290,1290,1290,1290,393
2023-12-06,1285,1290,1230,1230,823
2023-12-07,1295,1295,1295,1295,520
2023-12-08,1295,1295,1295,1295,510
2023-12-11,1290,1295,1290,1295,2707
2023-12-12,1290,1295,1290,1295,408
2023-12-13,1295,1295,1295,1295,29
2023-12-14,1285,1295,1285,1295,1002
2023-12-15,1295,1295,1295,1295,20
2023-12-18,1295,1295,1290,1295,1334
2023-12-19,1270,1295,1200,1295,519
2023-12-20,1295,1295,1295,1295,502
2023-12-21,1295,1300,1295,1300,330
2023-12-22,1300,1340,1300,1340,205
2023-12-26,1330,1330,1330,1330,194
2023-12-27,1315,1340,1300,1340,323
2023-12-28,1340,1340,1275,1300,735
2023-12-29,1300,1335,1205,1330,1271
2024-01-02,1330,1420,1245,1420,671
2024-01-03,1400,1420,1400,1420,1000
2024-01-04,1330,1400,1315,1390,845
2024-01-05,1390,1390,1385,1385,60
2024-01-08,1390,1420,1315,1420,3053
2024-01-09,1385,1420,1315,1315,421
2024-01-10,1375,1375,1375,1375,52
2024-01-11,1375,1380,1275,1380,1005
2024-01-12,1300,1300,1290,1300,348
2024-01-15,1385,1385,1380,1380,37
2024-01-16,1370,1380,1370,1380,405
2024-01-17,1375,1375,1350,1350,755
2024-01-18,1300,1350,1300,1350,80
2024-01-19,1400,1400,1300,1400,2251
2024-01-22,1400,1400,1350,1350,216
2024-01-23,1350,1380,1350,1380,356
2024-01-24,1395,1395,1305,1380,21
2024-01-25,1380,1380,1350,1350,1087
2024-01-26,1350,1400,1300,1400,910
2024-01-29,1300,1400,1295,1295,1579
2024-01-30,1385,1390,1385,1390,160
2024-01-31,1295,1390,1295,1390,110
2024-02-01,1390,1400,1300,1395,375
2024-02-02,1300,1300,1300,1300,58
2024-02-05,1390,1390,1265,1390,1861
2024-02-06,1385,1390,1385,1390,100
2024-02-07,1290,1350,1290,1290,1950
2024-02-08,1290,1350,1290,1350,450
2024-02-09,1290,1290,1290,1290,60
2024-02-13,1350,1385,1350,1380,661
2024-02-14,1380,1380,1280,1280,280
2024-02-15,1375,1375,1280,1345,103
2024-02-16,1345,1350,1300,1300,119
2024-02-19,1300,1350,1300,1350,175
2024-02-20,1345,1350,1345,1345,101
2024-02-21,1345,1350,1345,1350,200
2024-02-22,1345,1345,1300,1345,244
2024-02-23,1340,1340,1255,1260,1698
2024-02-26,1250,1250,1250,1250,49
2024-02-27,1200,1300,1200,1300,1028
2024-02-28,1300,1300,1300,1300,10
2024-02-29,1300,1300,1300,1300,95
2024-03-01,1255,1275,1255,1275,292
2024-03-04,1310,1310,1225,1225,399
2024-03-05,1235,1245,1235,1245,236
2024-03-06,1260,1285,1250,1285,755
2024-03-07,1285,1295,1285,1295,260
2024-03-08,1255,1305,1255,1305,280
2024-03-11,1305,1305,1255,1255,264
2024-03-12,1255,1260,1255,1260,319
2024-03-13,1255,1260,1250,1250,1009
2024-03-14,1250,1250,1250,1250,90
2024-03-15,1285,1285,1250,1285,280
2024-03-18,1285,1285,1285,1285,85
2024-03-19,1285,1285,1285,1285,168
2024-03-20,1285,1285,1285,1285,258
2024-03-21,1285,1285,1280,1280,340
2024-03-22,1280,1280,1275,1280,270
2024-03-25,1285,1285,1280,1285,1190
2024-03-26,1285,1285,1250,1280,698
2024-03-27,1280,1280,1265,1280,176
2024-03-28,1280,1280,1265,1280,126
2024-03-29,1280,1280,1280,1280,418
2024-04-02,1260,1280,1260,1280,639
2024-04-03,1280,1280,1280,1280,257
2024-04-04,1280,1280,1280,1280,250
2024-04-05,1280,1280,1275,1275,761
2024-04-08,1275,1275,1265,1265,124
2024-04-09,1275,1275,1260,1270,373
2024-04-11,1270,1270,1255,1255,215
2024-04-12,1260,1270,1255,1270,291
2024-04-15,1270,1275,1260,1265,96
2024-04-16,1265,1265,1255,1255,418
2024-04-17,1265,1275,1265,1275,40
2024-04-18,1275,1285,1205,1205,1877
2024-04-19,1215,1295,1215,1285,246
2024-04-22,1285,1300,1285,1290,623
2024-04-23,1300,1300,1280,1280,590
2024-04-24,1280,1300,1275,1280,310
2024-04-25,1285,1295,1280,1295,144
2024-04-26,1390,1390,1390,1390,1144
2024-04-29,1490,1490,1490,1490,1767
2024-04-30,1600,1600,1600,1600,2155
2024-05-02,1720,1720,1720,1720,8368
2024-05-03,1740,1750,1705,1735,7622
2024-05-06,1745,1745,1700,1705,2585
2024-05-07,1700,1705,1700,1705,16680
2024-05-08,1700,1715,1700,1715,1688
2024-05-10,1715,1770,1715,1755,1990
2024-05-13,1790,1790,1730,1745,6632
2024-05-14,1750,1750,1735,1750,21475
2024-05-15,1750,1785,1750,1785,8494
2024-05-16,1785,1785,1725,1785,909
2024-05-17,1785,1795,1730,1745,2955
2024-05-21,1745,1745,1725,1730,2535
2024-05-22,1730,1745,1725,1725,4488
2024-05-23,1730,1750,1730,1745,2162
2024-05-24,1745,1780,1745,1780,2031
2024-05-27,1745,1780,1745,1780,65
2024-05-28,1780,1800,1780,1780,735
2024-05-29,1800,1800,1750,1800,2589
2024-05-30,1765,1850,1765,1845,6232
2024-05-31,1845,1845,1805,1835,70
2024-06-03,1835,1835,1810,1835,2582
2024-06-04,1850,1895,1850,1895,811
2024-06-05,1865,1900,1865,1875,1540
2024-06-06,1875,1950,1875,1895,124
2024-06-07,1890,1950,1890,1890,904
2024-06-10,1890,1900,1890,1900,332
2024-06-11,1890,1985,1890,1980,1828
2024-06-12,1950,1950,1950,1950,550
2024-06-13,1990,2000,1950,2000,7589
2024-06-14,1995,2000,1975,1995,1786
2024-06-18,1995,2000,1995,2000,2070
2024-06-19,2000,2000,1960,1995,5867
2024-06-20,1995,1995,1995,1995,580
2024-06-21,1995,2010,1995,2000,7744
2024-06-24,2000,2095,2000,2095,4806
2024-06-25,2095,2140,2095,2135,869
2024-06-26,2135,2135,2115,2115,90
2024-06-27,2115,2115,2000,2000,2811
2024-06-28,2005,2050,2000,2000,3036
2024-07-01,2005,2030,1980,2020,1991
2024-07-02,2020,2030,2020,2020,1935
2024-07-03,2030,2075,2030,2075,961
2024-07-04,2075,2080,2070,2080,2704
2024-07-05,2080,2100,2075,2080,1224
2024-07-08,2100,2155,2100,2155,4149
2024-07-09,2155,2155,2150,2155,1719
2024-07-10,2155,2180,2155,2180,2998
2024-07-11,2155,2180,2155,2155,470
2024-07-12,2155,2230,2155,2230,883
2024-07-15,2220,2230,2180,2180,1894
2024-07-16,2150,2180,2150,2150,3614
2024-07-17,2150,2220,2150,2200,1700
2024-07-18,2225,2255,2225,2255,773
2024-07-19,2255,2420,2255,2420,2328
2024-07-22,2400,2400,2400,2400,782
2024-07-23,2400,2410,2350,2410,946
2024-07-24,2410,2410,2260,2400,9660
2024-07-25,2400,2400,2395,2395,83
2024-07-26,2395,2400,2275,2275,965
2024-07-29,2305,2305,2300,2300,1547
2024-07-30,2300,2300,2250,2295,1704
2024-07-31,2295,2295,2250,2250,1145
2024-08-01,2250,2255,2210,2230,661
2024-08-02,2210,2245,2170,2170,628
2024-08-05,2170,2170,2160,2170,5804
2024-08-06,2170,2170,2170,2170,3358
2024-08-08,2160,2225,2160,2225,3976
2024-08-09,2220,2240,2220,2240,302
2024-08-12,2240,2255,2220,2240,9191
2024-08-13,2240,2240,2225,2240,946
2024-08-14,2200,2200,2200,2200,830
2024-08-16,2240,2300,2200,2285,1250
2024-08-19,2300,2320,2285,2315,1359
2024-08-20,2315,2380,2315,2345,364
2024-08-21,2345,2375,2300,2350,3408
2024-08-22,2345,2375,2305,2375,7138
2024-08-23,2375,2400,2375,2400,2860
2024-08-26,2400,2430,2400,2430,1911
2024-08-27,2410,2495,2410,2450,1375
2024-08-28,2450,2570,2450,2570,3946
2024-08-29,2595,2600,2595,2600,678
2024-08-30,2795,2795,2700,2795,356
2024-09-02,2795,2795,2705,2790,676
2024-09-03,2830,2900,2785,2900,958
2024-09-04,2840,2840,2795,2800,250
2024-09-05,2750,2750,2700,2750,478
2024-09-06,2650,2780,2650,2750,233
2024-09-09,2750,2750,2700,2700,1392
2024-09-10,2700,2700,2645,2645,245
2024-09-11,2640,2650,2450,2450,885
2024-09-12,2455,2600,2455,2600,84
2024-09-13,2600,2600,2590,2590,137
2024-09-16,2590,2590,2450,2585,392
2024-09-17,2585,2585,2580,2580,39
2024-09-18,2480,2545,2390,2390,4555
2024-09-19,2390,2390,2300,2390,2484
2024-09-20,2390,2505,2375,2505,2278
2024-09-23,2550,2550,2350,2545,3735
2024-09-24,2545,2545,2500,2500,1262
2024-09-25,2500,2500,2405,2405,898
2024-09-26,2365,2365,2225,2365,298
2024-09-27,2340,2340,2315,2335,1171
2024-09-30,2175,2335,2175,2300,1477
2024-10-01,2300,2300,2200,2300,739
2024-10-02,2300,2300,2220,2300,202
2024-10-03,2295,2300,2200,2300,2817
2024-10-04,2220,2220,2200,2200,720
2024-10-07,2200,2200,2035,2195,1431
2024-10-08,2195,2195,2035,2040,3313
2024-10-09,2100,2150,2100,2100,3863
2024-10-10,2100,2130,1945,1945,9087
2024-10-11,1950,2090,1945,2090,712
2024-10-14,2095,2095,1965,2000,683
2024-10-15,2145,2145,2100,2100,599
2024-10-16,2105,2130,2100,2130,336
2024-10-17,2140,2145,2070,2145,1052
2024-10-18,2145,2145,2145,2145,255
2024-10-21,2145,2295,2145,2295,2098
2024-10-22,2295,2300,2125,2125,1797
2024-10-23,2245,2245,2125,2245,44
2024-10-24,2240,2245,2240,2240,636
2024-10-25,2240,2245,2140,2140,1195
2024-10-28,2150,2150,2150,2150,29
2024-10-29,2200,2240,2180,2180,177
2024-10-30,2240,2240,2240,2240,11
2024-10-31,2200,2240,2180,2200,137
2024-11-04,2195,2195,2035,2035,5309
2024-11-05,2030,2035,2000,2020,1027
2024-11-06,2035,2035,2020,2020,247
2024-11-07,2020,2100,2000,2000,853
2024-11-08,2000,2010,1950,2000,1254
2024-11-11,2005,2005,1950,2000,716
2024-11-12,2000,2000,1850,1850,1142
2024-11-13,1850,1985,1850,1985,5658
2024-11-14,1985,1985,1870,1870,452
2024-11-18,1870,1895,1780,1780,1340
2024-11-19,1900,1900,1780,1895,119
2024-11-20,1895,1900,1820,1895,934
2024-11-21,1895,1900,1895,1900,679
2024-11-22,1885,1980,1885,1980,982
2024-11-25,1900,1900,1835,1875,595
2024-11-26,1900,1900,1840,1900,253
2024-11-27,1900,1900,1875,1900,876
2024-11-28,1760,1985,1760,1900,650
2024-11-29,1840,1990,1840,1990,278
2024-12-02,1845,1990,1845,1980,269
2024-12-03,1950,1980,1950,1950,7226
2024-12-04,1950,1980,1950,1980,899
2024-12-05,1980,1980,1840,1840,864
2024-12-06,1950,1950,1950,1950,364
2024-12-09,1950,1950,1950,1950,282
2024-12-10,1900,1900,1830,1830,1091
2024-12-11,1830,1900,1830,1900,236
2024-12-12,1900,1900,1760,1900,1479
2024-12-13,1850,1900,1850,1860,125
2024-12-16,1760,1900,1760,1895,483
2024-12-17,1895,1895,1850,1850,483
2024-12-18,1850,1850,1850,1850,422
2024-12-19,1850,1850,1775,1775,7693
2024-12-20,1775,1800,1775,1800,764
2024-12-23,1805,1835,1800,1800,162
2024-12-24,1800,1800,1775,1800,931
2024-12-26,1800,1800,1775,1800,1240
2024-12-27,1800,1935,1800,1920,389
2024-12-30,1920,1920,1900,1900,71
2024-12-31,1900,1900,1900,1900,56
2025-01-02,1900,1910,1900,1905,264
2025-01-03,1905,1905,1900,1900,3095
2025-01-06,1900,1900,1900,1900,307
2025-01-07,1895,1900,1865,1865,188
2025-01-08,1865,1865,1860,1860,70
2025-01-09,1860,1860,1765,1765,313
2025-01-10,1765,1855,1760,1855,324
2025-01-13,1855,1855,1855,1855,1
2025-01-14,1755,1855,1755,1855,223
2025-01-15,1855,1855,1855,1855,170
2025-01-16,1855,1855,1755,1855,40
2025-01-17,1855,1855,1755,1755,7
2025-01-20,1850,1850,1760,1850,451
2025-01-21,1850,1850,1715,1715,1131
2025-01-22,1835,1835,1750,1795,5071
2025-01-23,1835,1835,1800,1800,340
2025-01-24,1800,1835,1750,1835,1108
2025-01-27,1845,1845,1735,1845,326
2025-01-28,1830,1840,1830,1840,89
2025-01-29,1720,1830,1705,1830,562
2025-01-30,1700,1840,1700,1835,383
2025-02-03,1835,1835,1725,1835,104
2025-02-04,1835,1835,1700,1835,1001
2025-02-05,1835,1835,1800,1835,107
2025-02-06,1835,1835,1705,1835,100
2025-02-07,1835,1850,1835,1835,764
2025-02-10,1835,1850,1835,1835,2568
2025-02-11,1835,1835,1800,1835,916
2025-02-12,1835,1835,1835,1835,23
2025-02-13,1835,1835,1820,1820,41
2025-02-14,1820,1820,1815,1815,214
2025-02-17,1835,1855,1820,1850,832
2025-02-18,1815,1880,1805,1880,3073
2025-02-19,1860,1885,1805,1885,305
2025-02-20,1895,1895,1750,1750,655
2025-02-21,1750,1880,1750,1880,9783
2025-02-24,1850,1880,1850,1880,195
2025-02-25,1880,1880,1845,1880,4322
2025-02-26,1880,1880,1750,1880,1707
2025-02-27,1800,1880,1795,1800,2891
2025-02-28,1800,1880,1795,1880,29
2025-03-03,1880,1880,1835,1875,1177
2025-03-04,1760,1875,1760,1825,1258
2025-03-05,1800,1825,1800,1825,231
2025-03-06,1875,1875,1830,1870,204
2025-03-07,1870,1875,1730,1870,1200
2025-03-10,1870,1870,1795,1795,304
2025-03-11,1795,1800,1700,1800,918
2025-03-12,1800,1850,1800,1850,984
2025-03-13,1840,1850,1800,1800,4891
2025-03-14,1800,1850,1800,1800,7795
2025-03-17,1800,1810,1690,1810,431
2025-03-18,1810,1845,1800,1840,1630
2025-03-19,1840,1840,1800,1840,9405
2025-03-20,1810,1840,1795,1795,3246
2025-03-21,1795,1795,1790,1795,555
2025-03-24,1795,1800,1795,1800,2115
2025-03-25,1795,1810,1790,1790,1714
2025-03-26,1800,1800,1795,1795,993
2025-03-28,1795,1795,1780,1795,1213
2025-04-01,1790,1795,1680,1780,4204
2025-04-02,1780,1795,1780,1780,2111
2025-04-03,1780,1780,1780,1780,500
2025-04-04,1795,1795,1780,1780,898
2025-04-07,1780,1790,1780,1785,2035
2025-04-08,1715,1785,1715,1785,438
2025-04-09,1780,1780,1750,1780,944
2025-04-10,1780,1780,1760,1780,364
2025-04-11,1780,1800,1760,1800,4333
2025-04-14,1800,1800,1715,1800,295
2025-04-15,1800,1800,1780,1780,476
2025-04-16,1780,1780,1715,1715,471
2025-04-17,1715,1780,1715,1780,67
2025-04-18,1780,1780,1780,1780,259
2025-04-22,1780,1780,1715,1715,843
2025-04-23,1780,1780,1770,1770,70
2025-04-24,1770,1800,1770,1800,303
2025-04-25,1800,1800,1715,1780,1012
2025-04-28,1800,1800,1800,1800,661
2025-04-29,1800,1800,1780,1800,621
2025-04-30,1765,1765,1750,1750,919
2025-05-02,1620,1710,1620,1700,4716
2025-05-05,1700,1700,1635,1635,918
2025-05-06,1630,1635,1630,1635,968
2025-05-07,1630,1660,1630,1630,1603
2025-05-08,1635,1660,1610,1610,676
2025-05-09,1610,1610,1605,1605,1046
2025-05-12,1600,1610,1600,1610,2275
2025-05-13,1610,1610,1605,1610,7543
2025-05-14,1610,1610,1490,1610,718
2025-05-15,1610,1610,1500,1605,2891
2025-05-16,1605,1605,1600,1605,461
2025-05-19,1600,1600,1550,1600,4768
2025-05-20,1600,1600,1590,1590,1342
2025-05-21,1550,1590,1505,1525,1306
2025-05-22,1570,1600,1570,1600,687
2025-05-23,1600,1600,1560,1595,4928
2025-05-26,1595,1595,1555,1580,626
2025-05-27,1580,1580,1580,1580,4672
2025-05-28,1580,1600,1575,1600,1467
2025-05-30,1600,1600,1555,1600,2463
2025-06-02,1600,1610,1600,1600,360
2025-06-03,1590,1600,1560,1600,8141
2025-06-04,1600,1660,1590,1660,10214
2025-06-05,1600,1660,1595,1660,6087
2025-06-10,1710,1710,1660,1710,2420
2025-06-11,1710,1710,1600,1600,4545
2025-06-12,1600,1720,1600,1720,1706
2025-06-13,1730,1840,1700,1840,3198
2025-06-16,1825,1840,1795,1840,2790
2025-06-17,1820,1845,1800,1845,2224
2025-06-18,1850,1950,1850,1945,1504
2025-06-19,1950,2090,1900,2090,15785
2025-06-20,2090,2090,1985,2075,3199
2025-06-23,2070,2070,1920,1920,1112
2025-06-24,1915,1915,1785,1880,10572
2025-06-25,1795,1795,1740,1740,2612
2025-06-26,1790,1790,1650,1650,5721
2025-06-27,1690,1720,1650,1720,936
2025-06-30,1770,1770,1720,1720,161
2025-07-01,1725,1795,1650,1700,545
2025-07-02,1655,1825,1655,1670,1396
2025-07-03,1700,1790,1700,1720,1871
2025-07-04,1785,1785,1710,1710,895
2025-07-07,1750,1750,1690,1690,479
2025-07-08,1690,1690,1650,1650,4418
2025-07-09,1650,1695,1650,1650,548
2025-07-10,1650,1650,1650,1650,1137
2025-07-11,1655,1700,1655,1700,323
2025-07-14,1700,1715,1700,1715,436
2025-07-15,1715,1715,1690,1690,507
2025-07-16,1710,1710,1690,1690,1570
2025-07-17,1690,1690,1690,1690,652
2025-07-18,1670,1700,1610,1700,847
2025-07-21,1710,1710,1650,1700,498
2025-07-22,1700,1700,1650,1650,941
2025-07-23,1650,1650,1600,1610,2366
2025-07-24,1610,1610,1610,1610,300
2025-07-25,1670,1670,1625,1650,211
2025-07-28,1650,1650,1650,1650,172
2025-07-29,1650,1715,1650,1680,903
2025-07-30,1700,1710,1600,1710,15396
2025-07-31,1690,1690,1610,1680,15439
2025-08-01,1680,1710,1600,1700,3290
2025-08-04,1700,1800,1675,1720,705
2025-08-05,1720,1720,1700,1700,231
2025-08-06,1720,1720,1710,1720,2881
2025-08-08,1800,1800,1790,1790,849
2025-08-11,1775,1800,1760,1765,2120
2025-08-12,1765,1765,1655,1740,671
2025-08-13,1765,1765,1740,1750,545
2025-08-14,1755,1765,1755,1765,180
2025-08-18,1755,1775,1700,1700,4514
2025-08-19,1745,1755,1700,1750,155
2025-08-20,1700,1760,1700,1755,985
2025-08-21,1750,1800,1700,1800,7550
2025-08-22,1805,1835,1800,1800,1887
2025-08-25,1825,1840,1800,1835,803
2025-08-26,1840,1840,1750,1830,1070
2025-08-27,1830,1830,1800,1800,383
2025-08-28,1800,1830,1800,1810,398
2025-08-29,1805,1805,1700,1750,414
2025-09-01,1750,1800,1700,1800,355
2025-09-02,1750,1780,1750,1780,390
2025-09-03,1750,1780,1750,1760,804
2025-09-05,1760,1780,1750,1780,1164
2025-09-08,1780,1800,1750,1750,2295
2025-09-09,1750,1800,1745,1800,2452
2025-09-10,1795,1795,1720,1725,2083
2025-09-11,1725,1795,1725,1795,574
2025-09-12,1730,1795,1730,1795,212
2025-09-15,1730,1830,1730,1810,1001
2025-09-16,1810,1830,1785,1795,384
2025-09-17,1795,1800,1795,1800,483
2025-09-18,1800,1810,1790,1790,366
2025-09-19,1800,1800,1790,1790,494
2025-09-22,1785,1800,1755,1800,2170
2025-09-23,1810,1810,1800,1810,999
2025-09-24,1830,1840,1800,1810,713
2025-09-25,1810,1810,1790,1800,4089
2025-09-26,1800,1810,1800,1810,546
2025-09-29,1810,1810,1770,1785,1292
2025-09-30,1775,1825,1730,1825,1119
2025-10-01,1825,1825,1790,1820,132
2025-10-02,1820,1820,1820,1820,239
2025-10-03,1820,1820,1810,1810,180
2025-10-06,1810,1810,1800,1810,452
2025-10-07,1800,1805,1800,1800,1341
2025-10-08,1810,1810,1805,1805,351
2025-10-09,1805,1805,1805,1805,1121
2025-10-10,1800,1820,1785,1820,1268
2025-10-13,1820,1830,1790,1830,1561
2025-10-14,1965,1965,1840,1965,3699
2025-10-15,2110,2110,2110,2110,3194
2025-10-16,2265,2265,2265,2265,5759
2025-10-17,2400,2400,2300,2350,13465
2025-10-20,2350,2350,2300,2320,5800
2025-10-21,2300,2300,2190,2200,4054
2025-10-22,2200,2300,2050,2050,11713
2025-10-23,2200,2200,2155,2200,23981
2025-10-24,2340,2365,2340,2365,5724
2025-10-27,2370,2375,2370,2375,7705
2025-10-28,2375,2380,2305,2375,4268
2025-10-29,2380,2380,2365,2380,2187
2025-10-30,2375,2380,2370,2375,1788
2025-10-31,2370,2375,2300,2300,2279
2025-11-03,2155,2250,2130,2130,2711
2025-11-04,2100,2130,2050,2080,5098
2025-11-05,2100,2130,2080,2120,4075
2025-11-06,2130,2260,2130,2260,5464
2025-11-07,2340,2370,2340,2340,2961
2025-11-10,2380,2380,2370,2370,7373
2025-11-11,2370,2370,2330,2360,4451
2025-11-12,2360,2360,2340,2340,2079
2025-11-13,2340,2380,2300,2360,1574
2025-11-14,2360,2380,2360,2380,1036
2025-11-17,2390,2450,2380,2450,1433
2025-11-18,2450,2450,2380,2440,1617
2025-11-19,2380,2440,2380,2400,1062
2025-11-20,2400,2425,2390,2390,987
2025-11-21,2395,2395,2360,2360,2587
2025-11-24,2365,2390,2250,2360,893
2025-11-25,2360,2500,2350,2400,2806
2025-11-26,2400,2475,2250,2340,809
2025-11-27,2340,2500,2330,2500,4884
2025-11-28,2500,2510,2430,2500,2831
2025-12-01,2500,2500,2430,2500,1903
2025-12-02,2495,2520,2495,2515,2199
2025-12-03,2520,2575,2515,2550,5427
2025-12-04,2550,2550,2525,2535,2769
2025-12-05,2550,2550,2500,2545,4792
2025-12-08,2545,2545,2480,2500,2864
2025-12-09,2500,2500,2480,2480,1508
2025-12-10,2480,2500,2470,2470,1614
2025-12-11,2475,2655,2475,2655,6382
2025-12-12,2850,2850,2755,2850,2647
2025-12-15,3060,3060,3005,3060,6109
2025-12-16,3200,3245,3100,3180,4384
2025-12-17,3180,3180,3065,3170,3794
2025-12-18,3180,3180,3170,3170,1509
2025-12-19,3170,3170,3010,3020,2096
2025-12-22,3020,3050,3020,3025,2178
2025-12-23,3030,3050,3010,3010,2199
2025-12-24,3010,3055,3005,3010,680
2025-12-26,3010,3100,3005,3080,2292
2025-12-29,3080,3080,3050,3050,2116
2025-12-30,3000,3045,2825,2900,2315
2025-12-31,2900,3000,2875,2900,1806
2026-01-02,2900,2950,2900,2920,936
2026-01-05,2920,2920,2750,2800,2543
2026-01-06,2800,2800,2750,2780,2348
2026-01-07,2750,2780,2715,2730,1489
2026-01-08,2730,2780,2700,2720,3089
2026-01-09,2720,2750,2700,2740,1714
2026-01-12,2750,2750,2700,2705,476
2026-01-13,2705,2725,2700,2705,847
2026-01-14,2705,2710,2605,2660,4213
2026-01-15,2660,2700,2650,2700,1771
2026-01-16,2700,2700,2655,2700,2223
2026-01-19,2660,2700,2660,2700,2411
2026-01-20,2700,2750,2700,2700,737
2026-01-21,2730,2750,2715,2750,604
2026-01-22,2770,2800,2750,2800,1444
2026-01-23,2800,2950,2765,2850,1736
2026-01-26,2860,2945,2860,2895,5629
2026-01-27,2895,2900,2895,2900,275
2026-01-28,2945,3000,2850,2900,3205
2026-01-29,3000,3060,2865,3050,7742
2026-01-30,3050,3050,2905,3000,14046
2026-02-02,3000,3050,3000,3040,2364
2026-02-03,3040,3100,3035,3035,2670
2026-02-04,3040,3050,3010,3030,4102
2026-02-05,3050,3100,3050,3095,1250
2026-02-06,3150,3150,3095,3100,2440
2026-02-09,3100,3150,3085,3100,8455
2026-02-10,3100,3120,3095,3110,2095
2026-02-11,3110,3170,3080,3100,3691
2026-02-12,3100,3100,3050,3080,2598
2026-02-13,3075,3080,3050,3070,2594
2026-02-16,3050,3085,3040,3050,4238
2026-02-17,3050,3080,3005,3060,8475
2026-02-18,3060,3285,3060,3285,8968
2026-02-19,3530,3530,3530,3530,5246
2026-02-20,3790,3790,3790,3790,8915
2026-02-23,3800,3800,3600,3650,4413
2026-02-24,3505,3650,3505,3520,5827
2026-02-25,3520,3750,3510,3650,7896
2026-02-26,3650,3770,3650,3770,5639
2026-02-27,3770,3770,3705,3705,1717
2026-03-02,3700,3700,3430,3460,3727
2026-03-03,3405,3435,3300,3320,4176
2026-03-04,3300,3300,3150,3150,3995
2026-03-05,3100,3300,3100,3300,3361
2026-03-06,3400,3450,3310,3395,6462
2026-03-09,3400,3500,3300,3300,2969
2026-03-10,3300,3450,3300,3400,18207
2026-03-11,3360,3400,3360,3395,2957
2026-03-12,3370,3450,3305,3450,6970
2026-03-13,3450,3450,3310,3395,376
2026-03-17,3400,3400,3205,3250,3448
2026-03-18,3245,3400,3245,3250,1016
2026-03-19,3250,3490,3250,3490,3953
2026-03-23,3490,3750,3450,3730,4655
2026-03-24,3730,3730,3515,3545,1941
2026-03-25,3545,3730,3450,3465,5803
2026-03-26,3500,3680,3420,3425,1036
2026-03-27,3500,3550,3425,3500,1428
2026-03-30,3495,3760,3400,3690,3724
2026-03-31,3690,3700,3505,3700,7431
2026-04-01,3695,3695,3620,3630,906
2026-04-02,3660,3720,3660,3660,2013
2026-04-03,3660,3665,3600,3600,473
2026-04-07,3700,3700,3405,3420,1936
2026-04-08,3495,3495,3425,3425,1296
2026-04-09,3425,3450,3415,3420,1677
2026-04-10,3420,3485,3420,3470,485
2026-04-13,3475,3475,3425,3475,2240
2026-04-14,3425,3500,3425,3430,693
2026-04-15,3430,3430,3400,3430,1106
2026-04-16,3400,3450,3400,3450,617
2026-04-17,3400,3450,3300,3305,2653
2026-04-20,3420,3420,3315,3315,167
2026-04-21,3305,3310,3210,3230,541
2026-04-22,3210,3305,3185,3305,3968
2026-04-23,3315,3400,3305,3400,948
2026-04-24,3405,3655,3405,3655,3262
2026-04-27,3920,3920,3700,3780,5041
2026-04-28,3500,3500,3500,3500,1466
2026-04-29,3240,3240,3240,3240,7384
2026-04-30,3055,3215,3055,3215,7513
2026-05-04,3100,3150,2975,2975,9521
2026-05-05,2975,3095,2975,3095,5328
2026-05-06,3100,3125,2990,3015,8882
2026-05-07,3015,3100,3015,3020,1121
2026-05-08,3015,3020,2975,2975,1988
2026-05-11,2995,2995,2805,2985,7803
2026-05-12,2995,2995,2960,2980,7588
2026-05-13,2980,2980,2805,2850,2995
2026-05-15,2850,2885,2850,2850,2046
2026-05-18,2850,2880,2810,2845,1572
2026-05-19,2845,2845,2805,2845,2046
2026-05-20,2845,2870,2845,2855,736
2026-05-21,2885,2885,2855,2860,1675
2026-05-22,2855,2890,2855,2875,553
2026-05-26,2880,2900,2880,2880,914
2026-05-28,2885,3000,2885,3000,1331
2026-05-29,3000,3200,3000,3185,7203
2026-06-01,3200,3420,3190,3210,1569
2026-06-02,3240,3250,3190,3230,2885
2026-06-03,3035,3150,3000,3055,3187
2026-06-04,3060,3060,3000,3050,2737
2026-06-05,3050,3095,2900,2900,2187
2026-06-08,2905,2930,2875,2900,4574
2026-06-09,2890,2915,2805,2915,4267
2026-06-10,2950,3130,2950,3130,6932
2026-06-11,3350,3360,3350,3360,13302
2026-06-12,3525,3525,3340,3350,6978
2026-06-15,3490,3500,3450,3500,10632
2026-06-16,3525,3600,3505,3570,2254
2026-06-17,3570,3570,3470,3495,3096
2026-06-18,3495,3495,3400,3440,2210
2026-06-19,3440,3445,3430,3440,1414
2026-06-22,3440,3440,3375,3375,1778
2026-06-23,3375,3430,3360,3395,572
2026-06-24,3395,3395,3305,3305,1749
2026-06-25,3305,3310,3060,3300,3068
2026-06-26,3300,3300,3250,3275,755
2026-06-29,3275,3275,3200,3215,2755
2026-06-30,3220,3290,3220,3280,862
2026-07-01,3300,3315,3285,3285,1120
2026-07-02,3300,3325,3285,3285,1794
2026-07-03,3325,3325,3200,3200,3159
2026-07-06,3230,3230,3145,3150,2287
2026-07-07,3155,3180,3145,3150,1531
2026-07-08,3150,3200,3100,3140,3242
2026-07-09,3150,3200,3140,3150,722
2026-07-10,3200,3200,3150,3150,1166
2026-07-13,3200,3200,3120,3125,2032
2026-07-14,3135,3200,2985,3125,10553
2026-07-15,3125,3150,3125,3150,990
2026-07-16,3125,3150,2930,2950,5740
2026-07-17,3000,3000,2955,2990,3023
2026-07-20,3000,3000,2950,2950,2880
2026-07-21,2990,3000,2960,2960,1695
2026-07-22,2960,3180,2915,3180,7995
2026-07-23,3190,3235,3140,3180,2037
2026-07-24,3000,3150,2995,3145,9553
2026-07-27,3150,3150,3105,3125,1523
2026-07-28,3150,3150,3025,3100,1312
2026-07-29,3100,3100,3020,3020,2175
2026-07-30,2795,3020,2795,3000,6722
2026-07-31,3000,3000,2900,3000,2550
2026-08-03,3000,3020,2990,2990,2842
2026-08-04,2990,3000,2980,3000,2257
2026-08-05,3015,3020,2800,2800,3530
2026-08-06,3000,3010,3000,3010,499
2026-08-10,3020,3150,3000,3010,5155
2026-08-11,3020,3150,3010,3140,1379
2026-08-12,3140,3190,3140,3180,1330
2026-08-13,3195,3195,3155,3190,1744
2026-08-14,3190,3190,3170,3170,425
2026-08-17,3355,3355,3300,3300,5731
2026-08-18,3345,3400,3345,3385,4589
2026-08-19,3385,3390,3380,3385,2807
2026-08-20,3385,3400,3380,3400,5006
2026-08-21,3390,3405,3350,3350,4381
2026-08-24,3400,3600,3400,3600,5768
2026-08-26,3800,3800,3610,3650,2529
2026-08-27,3680,3700,3650,3690,2940
2026-08-28,3700,3700,3680,3690,2421
2026-08-31,3690,3800,3680,3800,3312
2026-09-01,3790,3845,3700,3845,2235
2026-09-02,3845,3890,3650,3790,7958
2026-09-03,3790,3995,3785,3950,6205
2026-09-04,3990,3990,3790,3900,4908
2026-09-07,3900,4000,3900,3975,4916
2026-09-08,3980,4000,3900,3995,5090
2026-09-09,3995,3995,3800,3995,5811
2026-09-10,3995,4005,3980,4005,5718
2026-09-11,3995,4100,3995,4095,1685
2026-09-14,4095,4095,4050,4060,2642
2026-09-15,4060,4200,4000,4015,5701
2026-09-16,4010,4050,3995,4040,2631
2026-09-17,4040,4050,4000,4050,1656
2026-09-18,4005,4005,3800,3930,2297
2026-09-21,3940,3950,3820,3950,3102
2026-09-22,3950,4000,3950,3955,2924
2026-09-23,3970,3970,3930,3930,7009
2026-09-24,3875,3875,3640,3800,1952
2026-09-25,3800,3930,3800,3930,3596
