Date,Open,High,Low,Close,Volume
1999-06-16,100.1,100.1,100.1,100.1,0
1999-06-18,101.46,101.46,101.46,101.46,0
1999-06-21,105.96,105.96,105.96,105.96,0
1999-06-23,104.69,104.69,104.69,104.69,0
1999-06-25,104.69,104.69,104.69,104.69,0
1999-06-28,104.69,104.69,104.69,104.69,0
1999-06-30,104.69,104.69,104.69,104.69,0
1999-07-02,104.28,104.28,104.28,104.28,0
1999-07-05,102.08,102.08,102.08,102.08,0
1999-07-07,102.27,102.27,102.27,102.27,0
1999-07-09,102.26,102.26,102.26,102.26,0
1999-07-12,102.28,102.28,102.28,102.28,0
1999-07-14,104.28,104.28,104.28,104.28,0
1999-07-16,101.87,101.87,101.87,101.87,0
1999-07-19,101.87,101.87,101.87,101.87,0
1999-07-21,101.87,101.87,101.87,101.87,0
1999-07-23,101.67,101.67,101.67,101.67,0
1999-07-26,101.67,101.67,101.67,101.67,0
1999-07-28,101.67,101.67,101.67,101.67,0
1999-07-30,101.67,101.67,101.67,101.67,0
1999-08-02,101.46,101.46,101.46,101.46,0
1999-08-04,105.92,105.92,105.92,105.92,0
1999-08-06,105.92,105.92,105.92,105.92,0
1999-08-09,106.59,106.59,106.59,106.59,0
1999-08-11,106.59,106.59,106.59,106.59,0
1999-08-13,106.59,106.59,106.59,106.59,0
1999-08-16,106.57,106.57,106.57,106.57,0
1999-08-18,105.42,105.42,105.42,105.42,0
1999-08-20,104.62,104.62,104.62,104.62,0
1999-08-23,103.8,103.8,103.8,103.8,0
1999-08-25,102.72,102.72,102.72,102.72,0
1999-08-27,102.5,102.5,102.5,102.5,0
1999-08-30,102.49,102.49,102.49,102.49,0
1999-09-01,102.49,102.49,102.49,102.49,0
1999-09-03,102.49,102.49,102.49,102.49,0
1999-09-06,102.49,102.49,102.49,102.49,0
1999-09-08,102.49,102.49,102.49,102.49,0
1999-09-10,101.45,101.45,101.45,101.45,0
1999-09-13,101.45,101.45,101.45,101.45,0
1999-09-15,101.45,101.45,101.45,101.45,0
1999-09-17,101.45,101.45,101.45,101.45,0
1999-09-20,101.45,101.45,101.45,101.45,0
1999-09-22,101.45,101.45,101.45,101.45,0
1999-09-24,101.45,101.45,101.45,101.45,0
1999-09-27,101.45,101.45,101.45,101.45,0
1999-09-29,101.45,101.45,101.45,101.45,0
1999-10-01,101.45,101.45,101.45,101.45,0
1999-10-06,101.45,101.45,101.45,101.45,0
1999-10-08,101.45,101.45,101.45,101.45,0
1999-10-11,101.45,101.45,101.45,101.45,0
1999-10-13,101.45,101.45,101.45,101.45,0
1999-10-15,101.45,101.45,101.45,101.45,0
1999-10-18,101.45,101.45,101.45,101.45,0
1999-10-20,101.45,101.45,101.45,101.45,0
1999-10-22,101.45,101.45,101.45,101.45,0
1999-10-25,101.45,101.45,101.45,101.45,0
1999-10-27,101.45,101.45,101.45,101.45,0
1999-10-29,101.45,101.45,101.45,101.45,0
1999-11-03,94.31,94.31,94.31,94.31,0
1999-11-05,97.91,97.91,97.91,97.91,0
1999-11-08,101.77,101.77,101.77,101.77,0
1999-11-10,105.92,105.92,105.92,105.92,0
1999-11-12,110.38,110.38,110.38,110.38,0
1999-11-17,105.92,105.92,105.92,105.92,0
1999-11-19,105.96,105.96,105.96,105.96,0
1999-11-22,105.96,105.96,105.96,105.96,0
1999-11-24,105.92,105.92,105.92,105.92,0
1999-11-26,105.92,105.92,105.92,105.92,0
1999-11-29,105.92,105.92,105.92,105.92,0
1999-12-01,105.92,105.92,105.92,105.92,0
1999-12-03,105.92,105.92,105.92,105.92,0
1999-12-06,105.9,105.9,105.9,105.9,0
1999-12-08,107.9,107.9,107.9,107.9,0
1999-12-10,109.6,109.6,109.6,109.6,0
1999-12-13,108.01,108.01,108.01,108.01,0
1999-12-15,108.01,108.01,108.01,108.01,0
1999-12-17,108.01,108.01,108.01,108.01,0
1999-12-20,108.83,108.83,108.83,108.83,0
1999-12-22,111.83,111.83,111.83,111.83,0
1999-12-27,112.83,112.83,112.83,112.83,0
1999-12-29,116.87,116.87,116.87,116.87,0
1999-12-31,125.12,125.12,125.12,125.12,0
2000-01-05,125.12,125.12,125.12,125.12,0
2000-01-07,125.12,125.12,125.12,125.12,0
2000-01-10,125.12,125.12,125.12,125.12,0
2000-01-12,115.72,115.72,115.72,115.72,0
2000-01-14,115.72,115.72,115.72,115.72,0
2000-01-17,115.72,115.72,115.72,115.72,0
2000-01-19,115.72,115.72,115.72,115.72,0
2000-01-21,115.72,115.72,115.72,115.72,0
2000-01-24,115.72,115.72,115.72,115.72,0
2000-01-26,115.72,115.72,115.72,115.72,0
2000-01-28,115.72,115.72,115.72,115.72,0
2000-01-31,115.72,115.72,115.72,115.72,0
2000-02-02,115.72,115.72,115.72,115.72,0
2000-02-04,115.21,115.21,115.21,115.21,0
2000-02-07,115.21,115.21,115.21,115.21,0
2000-02-09,115.21,115.21,115.21,115.21,0
2000-02-11,115.21,115.21,115.21,115.21,0
2000-02-14,115.21,115.21,115.21,115.21,0
2000-02-16,115.21,115.21,115.21,115.21,0
2000-02-18,115.21,115.21,115.21,115.21,0
2000-02-21,115.21,115.21,115.21,115.21,0
2000-02-23,115.21,115.21,115.21,115.21,0
2000-02-25,115.21,115.21,115.21,115.21,0
2000-02-28,115.21,115.21,115.21,115.21,0
2000-03-01,115.21,115.21,115.21,115.21,0
2000-03-03,115.21,115.21,115.21,115.21,0
2000-03-06,115.21,115.21,115.21,115.21,0
2000-03-08,115.21,115.21,115.21,115.21,0
2000-03-10,105.03,105.03,105.03,105.03,0
2000-03-13,105.03,105.03,105.03,105.03,0
2000-03-15,105.03,105.03,105.03,105.03,0
2000-03-17,105.03,105.03,105.03,105.03,0
2000-03-20,105.06,105.06,105.06,105.06,0
2000-03-22,105.03,105.03,105.03,105.03,0
2000-03-24,105.03,105.03,105.03,105.03,0
2000-03-27,105.05,105.05,105.05,105.05,0
2000-03-29,105.05,105.05,105.05,105.05,0
2000-03-31,107.09,107.09,107.09,107.09,0
2000-04-03,107.09,107.09,107.09,107.09,0
2000-04-05,107.09,107.09,107.09,107.09,0
2000-04-07,107.09,107.09,107.09,107.09,0
2000-04-10,107.09,107.09,107.09,107.09,0
2000-04-12,107.09,107.09,107.09,107.09,0
2000-04-14,107.09,107.09,107.09,107.09,0
2000-04-17,107.09,107.09,107.09,107.09,0
2000-04-19,107.09,107.09,107.09,107.09,0
2000-04-21,107.09,107.09,107.09,107.09,0
2000-04-26,107.07,107.07,107.07,107.07,0
2000-04-28,107.07,107.07,107.07,107.07,0
2000-05-03,107.07,107.07,107.07,107.07,0
2000-05-05,107.07,107.07,107.07,107.07,0
2000-05-08,107.07,107.07,107.07,107.07,0
2000-05-10,107.07,107.07,107.07,107.07,0
2000-05-12,107.07,107.07,107.07,107.07,0
2000-05-15,107.07,107.07,107.07,107.07,0
2000-05-17,107.07,107.07,107.07,107.07,0
2000-05-19,107.07,107.07,107.07,107.07,0
2000-05-22,107.07,107.07,107.07,107.07,0
2000-05-24,107.07,107.07,107.07,107.07,0
2000-05-26,107.07,107.07,107.07,107.07,0
2000-05-29,107.07,107.07,107.07,107.07,0
2000-05-31,107.07,107.07,107.07,107.07,0
2000-06-02,107.07,107.07,107.07,107.07,0
2000-06-05,107.07,107.07,107.07,107.07,0
2000-06-07,107.07,107.07,107.07,107.07,0
2000-06-09,107.07,107.07,107.07,107.07,0
2000-06-16,107.07,107.07,107.07,107.07,0
2000-06-19,107.07,107.07,107.07,107.07,0
2000-06-21,107.07,107.07,107.07,107.07,0
2000-06-23,107.07,107.07,107.07,107.07,0
2000-06-26,107.07,107.07,107.07,107.07,0
2000-06-28,107.07,107.07,107.07,107.07,0
2000-06-30,107.05,107.05,107.05,107.05,0
2000-07-03,107.05,107.05,107.05,107.05,0
2000-07-07,107.5,107.5,107.5,107.5,0
2000-07-10,106.39,106.39,106.39,106.39,0
2000-07-12,106.39,106.39,106.39,106.39,0
2000-07-14,106.39,106.39,106.39,106.39,0
2000-07-17,106.39,106.39,106.39,106.39,0
2000-07-19,106.39,106.39,106.39,106.39,0
2000-07-21,106.39,106.39,106.39,106.39,0
2000-07-26,106.39,106.39,106.39,106.39,0
2000-07-31,106.36,106.36,106.36,106.36,0
2000-08-04,106.36,106.36,106.36,106.36,0
2000-08-09,106.36,106.36,106.36,106.36,0
2000-08-11,106.36,106.36,106.36,106.36,0
2000-08-14,106.36,106.36,106.36,106.36,0
2000-08-16,106.36,106.36,106.36,106.36,0
2000-08-18,106.34,106.34,106.34,106.34,0
2000-08-21,106.32,106.32,106.32,106.32,0
2000-08-28,106.3,106.3,106.3,106.3,0
2000-08-30,106.3,106.3,106.3,106.3,0
2000-09-01,106.3,106.3,106.3,106.3,0
2000-09-04,106.3,106.3,106.3,106.3,0
2000-09-06,106.3,106.3,106.3,106.3,0
2000-09-08,106.17,106.17,106.17,106.17,0
2000-09-11,106.17,106.17,106.17,106.17,0
2000-09-13,106.04,106.04,106.04,106.04,0
2000-09-15,106.04,106.04,106.04,106.04,0
2000-09-20,98,98,98,98,0
2000-09-22,106.04,106.04,106.04,106.04,0
2000-09-27,102.04,102.04,102.04,102.04,0
2000-09-29,102.04,102.04,102.04,102.04,0
2000-10-02,102.04,102.04,102.04,102.04,0
2000-10-09,102.04,102.04,102.04,102.04,0
2000-10-11,102.04,102.04,102.04,102.04,0
2000-10-13,98.03,98.03,98.03,98.03,0
2000-10-16,98.03,98.03,98.03,98.03,0
2000-10-18,98.03,98.03,98.03,98.03,0
2000-10-20,98.01,98.01,98.01,98.01,0
2000-10-27,98.01,98.01,98.01,98.01,0
2000-10-30,98.01,98.01,98.01,98.01,0
2000-11-02,98.01,98.01,98.01,98.01,0
2000-11-03,98.01,98.01,98.01,98.01,0
2000-11-06,98,98,98,98,0
2000-11-08,98,98,98,98,0
2000-11-10,98,98,98,98,0
2000-11-13,98,98,98,98,0
2000-11-16,98,98,98,98,0
2000-11-17,98,98,98,98,0
2000-11-20,98,98,98,98,0
2000-11-22,97.79,97.79,97.79,97.79,0
2000-11-24,98.27,98.27,98.27,98.27,0
2000-11-27,94.81,94.81,94.81,94.81,0
2000-11-29,98.21,98.21,98.21,98.21,0
2000-12-01,96.57,96.57,96.57,96.57,0
2000-12-04,96.57,96.57,96.57,96.57,0
2000-12-06,100.1,100.1,100.1,100.1,0
2000-12-08,103.89,103.89,103.89,103.89,0
2000-12-11,107.95,107.95,107.95,107.95,0
2000-12-13,107.72,107.72,107.72,107.72,0
2000-12-15,107.72,107.72,107.72,107.72,0
2000-12-18,106.95,106.95,106.95,106.95,0
2000-12-20,106.95,106.95,106.95,106.95,0
2000-12-22,106.95,106.95,106.95,106.95,0
2000-12-26,106.95,106.95,106.95,106.95,0
2000-12-28,106.95,106.95,106.95,106.95,0
2000-12-29,106.95,106.95,106.95,106.95,0
2001-01-02,106.95,106.95,106.95,106.95,0
2001-01-03,106.95,106.95,106.95,106.95,0
2001-01-05,106.95,106.95,106.95,106.95,0
2001-01-08,106.95,106.95,106.95,106.95,0
2001-01-10,106.95,106.95,106.95,106.95,0
2001-01-12,106.29,106.29,106.29,106.29,0
2001-01-15,107.19,107.19,107.19,107.19,0
2001-01-17,107.43,107.43,107.43,107.43,0
2001-01-19,107.43,107.43,107.43,107.43,0
2001-01-22,107.43,107.43,107.43,107.43,0
2001-01-24,107.43,107.43,107.43,107.43,0
2001-01-26,107.43,107.43,107.43,107.43,0
2001-01-29,107.44,107.44,107.44,107.44,0
2001-01-31,107.57,107.57,107.57,107.57,0
2001-02-02,107.57,107.57,107.57,107.57,0
2001-02-05,107.57,107.57,107.57,107.57,0
2001-02-07,107.57,107.57,107.57,107.57,0
2001-02-09,107.66,107.66,107.66,107.66,0
2001-02-12,107.76,107.76,107.76,107.76,0
2001-02-14,107.81,107.81,107.81,107.81,0
2001-02-16,107.81,107.81,107.81,107.81,0
2001-02-19,107.91,107.91,107.91,107.91,0
2001-02-21,108.15,108.15,108.15,108.15,0
2001-02-23,108.15,108.15,108.15,108.15,0
2001-02-26,108.38,108.38,108.38,108.38,0
2001-02-28,108.38,108.38,108.38,108.38,0
2001-03-02,108.14,108.14,108.14,108.14,0
2001-03-06,108.14,108.14,108.14,108.14,0
2001-03-07,108.14,108.14,108.14,108.14,0
2001-03-09,107.9,107.9,107.9,107.9,0
2001-03-12,108.14,108.14,108.14,108.14,0
2001-03-14,108.14,108.14,108.14,108.14,0
2001-03-16,99.77,99.77,99.77,99.77,0
2001-03-19,99.77,99.77,99.77,99.77,0
2001-03-21,99.77,99.77,99.77,99.77,0
2001-03-23,99.77,99.77,99.77,99.77,0
2001-03-26,99.77,99.77,99.77,99.77,0
2001-03-28,99.77,99.77,99.77,99.77,0
2001-03-30,99.77,99.77,99.77,99.77,0
2001-04-02,99.77,99.77,99.77,99.77,0
2001-04-04,99.77,99.77,99.77,99.77,0
2001-04-06,99.77,99.77,99.77,99.77,0
2001-04-09,99.77,99.77,99.77,99.77,0
2001-04-11,99.77,99.77,99.77,99.77,0
2001-04-13,99.82,99.82,99.82,99.82,0
2001-04-17,99.82,99.82,99.82,99.82,0
2001-04-18,99.82,99.82,99.82,99.82,0
2001-04-20,100.24,100.24,100.24,100.24,0
2001-04-23,100.24,100.24,100.24,100.24,0
2001-04-25,100.25,100.25,100.25,100.25,0
2001-04-27,100.25,100.25,100.25,100.25,0
2001-04-30,101.95,101.95,101.95,101.95,0
2001-05-02,101.95,101.95,101.95,101.95,0
2001-05-04,102.8,102.8,102.8,102.8,0
2001-05-07,102.97,102.97,102.97,102.97,0
2001-05-09,103.65,103.65,103.65,103.65,0
2001-05-11,103.65,103.65,103.65,103.65,0
2001-05-14,103.65,103.65,103.65,103.65,0
2001-05-16,103.65,103.65,103.65,103.65,0
2001-05-18,103.65,103.65,103.65,103.65,0
2001-05-21,103.65,103.65,103.65,103.65,0
2001-05-23,103.65,103.65,103.65,103.65,0
2001-05-25,103.65,103.65,103.65,103.65,0
2001-05-28,103.65,103.65,103.65,103.65,0
2001-05-30,103.65,103.65,103.65,103.65,0
2001-06-01,103.65,103.65,103.65,103.65,0
2001-06-05,103.65,103.65,103.65,103.65,0
2001-06-06,103.8,103.8,103.8,103.8,0
2001-06-08,103.89,103.89,103.89,103.89,0
2001-06-11,103.89,103.89,103.89,103.89,0
2001-06-13,103.89,103.89,103.89,103.89,0
2001-06-15,103.89,103.89,103.89,103.89,0
2001-06-18,103.89,103.89,103.89,103.89,0
2001-06-20,103.89,103.89,103.89,103.89,0
2001-06-22,93.46,93.46,93.46,93.46,0
2001-06-25,93.49,93.49,93.49,93.49,0
2001-06-27,93.49,93.49,93.49,93.49,0
2001-06-29,93.53,93.53,93.53,93.53,0
2001-07-02,95.24,95.24,95.24,95.24,0
2001-07-04,93.53,93.53,93.53,93.53,0
2001-07-06,93.58,93.58,93.58,93.58,0
2001-07-09,90.07,90.07,90.07,90.07,0
2001-07-11,90.07,90.07,90.07,90.07,0
2001-07-13,90.07,90.07,90.07,90.07,0
2001-07-16,86.71,86.71,86.71,86.71,0
2001-07-18,86.77,86.77,86.77,86.77,0
2001-07-20,86.77,86.77,86.77,86.77,0
2001-07-23,86.77,86.77,86.77,86.77,0
2001-07-25,86.75,86.75,86.75,86.75,0
2001-07-27,86.72,86.72,86.72,86.72,0
2001-07-30,86.72,86.72,86.72,86.72,0
2001-08-01,86.7,86.7,86.7,86.7,0
2001-08-03,86.67,86.67,86.67,86.67,0
2001-08-08,86.67,86.67,86.67,86.67,0
2001-08-10,86.67,86.67,86.67,86.67,0
2001-08-13,86.67,86.67,86.67,86.67,0
2001-08-16,87.02,87.02,87.02,87.02,0
2001-08-17,88.52,88.52,88.52,88.52,0
2001-08-20,88.52,88.52,88.52,88.52,0
2001-08-22,88.52,88.52,88.52,88.52,0
2001-08-24,88.52,88.52,88.52,88.52,0
2001-08-27,91.26,91.26,91.26,91.26,0
2001-08-29,92.01,92.01,92.01,92.01,0
2001-08-31,90.26,90.26,90.26,90.26,0
2001-09-03,92.01,92.01,92.01,92.01,0
2001-09-05,90.26,90.26,90.26,90.26,0
2001-09-07,90.26,90.26,90.26,90.26,0
2001-09-10,90.26,90.26,90.26,90.26,0
2001-09-12,90.26,90.26,90.26,90.26,0
2001-09-14,90.26,90.26,90.26,90.26,0
2001-09-17,90.26,90.26,90.26,90.26,0
2001-09-19,90.26,90.26,90.26,90.26,0
2001-09-21,87.38,87.38,87.38,87.38,0
2001-09-24,87.38,87.38,87.38,87.38,0
2001-09-26,87.38,87.38,87.38,87.38,0
2001-09-28,87.38,87.38,87.38,87.38,0
2001-10-01,87.38,87.38,87.38,87.38,0
2001-10-03,87.38,87.38,87.38,87.38,0
2001-10-05,87.38,87.38,87.38,87.38,0
2001-10-08,87.38,87.38,87.38,87.38,0
2001-10-10,87.38,87.38,87.38,87.38,0
2001-10-12,87.38,87.38,87.38,87.38,0
2001-10-15,87.38,87.38,87.38,87.38,0
2001-10-17,87.38,87.38,87.38,87.38,0
2001-10-19,87.42,87.42,87.42,87.42,0
2001-10-22,90.07,90.07,90.07,90.07,0
2001-10-24,90.28,90.28,90.28,90.28,0
2001-10-26,90.28,90.28,90.28,90.28,0
2001-10-29,90.28,90.28,90.28,90.28,0
2001-10-31,90.28,90.28,90.28,90.28,0
2001-11-02,90.28,90.28,90.28,90.28,0
2001-11-05,90.3,90.3,90.3,90.3,0
2001-11-07,90.3,90.3,90.3,90.3,0
2001-11-09,90.3,90.3,90.3,90.3,0
2001-11-12,90.3,90.3,90.3,90.3,0
2001-11-13,90.3,90.3,90.3,90.3,0
2001-11-14,90.3,90.3,90.3,90.3,0
2001-11-16,90.3,90.3,90.3,90.3,0
2001-11-19,90.3,90.3,90.3,90.3,0
2001-11-20,90.3,90.3,90.3,90.3,0
2001-11-21,90.3,90.3,90.3,90.3,0
2001-11-22,90.3,90.3,90.3,90.3,0
2001-11-23,90.3,90.3,90.3,90.3,0
2001-11-26,90.3,90.3,90.3,90.3,0
2001-11-27,90.3,90.3,90.3,90.3,0
2001-11-28,90.44,90.44,90.44,90.44,0
2001-11-29,90.44,90.44,90.44,90.44,0
2001-11-30,90.44,90.44,90.44,90.44,0
2001-12-03,90.44,90.44,90.44,90.44,0
2001-12-04,90.44,90.44,90.44,90.44,0
2001-12-05,90.44,90.44,90.44,90.44,0
2001-12-06,90.44,90.44,90.44,90.44,0
2001-12-07,90.44,90.44,90.44,90.44,0
2001-12-10,90.44,90.44,90.44,90.44,0
2001-12-11,90.44,90.44,90.44,90.44,0
2001-12-13,90.44,90.44,90.44,90.44,0
2001-12-14,90.44,90.44,90.44,90.44,0
2001-12-17,93.24,93.24,93.24,93.24,0
2001-12-18,93.24,93.24,93.24,93.24,0
2001-12-19,96.32,96.32,96.32,96.32,0
2001-12-20,96.32,96.32,96.32,96.32,0
2001-12-21,99.64,99.64,99.64,99.64,0
2001-12-24,105.51,105.51,105.51,105.51,0
2001-12-26,111.8,111.8,111.8,111.8,0
2001-12-27,118.59,118.59,118.59,118.59,0
2001-12-28,121.45,121.45,121.45,121.45,0
2001-12-31,133.7,133.7,133.7,133.7,0
2002-01-02,133.7,133.7,133.7,133.7,0
2002-01-03,133.7,133.7,133.7,133.7,0
2002-01-04,133.7,133.7,133.7,133.7,0
2002-01-07,133.7,133.7,133.7,133.7,0
2002-01-08,133.7,133.7,133.7,133.7,0
2002-01-09,133.7,133.7,133.7,133.7,0
2002-01-10,133.7,133.7,133.7,133.7,0
2002-01-11,133.7,133.7,133.7,133.7,0
2002-01-14,133.7,133.7,133.7,133.7,0
2002-01-15,133.7,133.7,133.7,133.7,0
2002-01-16,133.7,133.7,133.7,133.7,0
2002-01-17,133.7,133.7,133.7,133.7,0
2002-01-18,133.7,133.7,133.7,133.7,0
2002-01-21,133.93,133.93,133.93,133.93,0
2002-01-22,133.93,133.93,133.93,133.93,0
2002-01-23,133.93,133.93,133.93,133.93,0
2002-01-24,133.93,133.93,133.93,133.93,0
2002-01-25,133.93,133.93,133.93,133.93,0
2002-01-28,133.93,133.93,133.93,133.93,0
2002-01-29,125.14,125.14,125.14,125.14,0
2002-01-30,125.14,125.14,125.14,125.14,0
2002-01-31,125.14,125.14,125.14,125.14,0
2002-02-01,125.14,125.14,125.14,125.14,0
2002-02-04,125.14,125.14,125.14,125.14,0
2002-02-05,125.15,125.15,125.15,125.15,0
2002-02-06,125.15,125.15,125.15,125.15,0
2002-02-07,125.15,125.15,125.15,125.15,0
2002-02-08,125.15,125.15,125.15,125.15,0
2002-02-12,125.28,125.28,125.28,125.28,0
2002-02-13,125.28,125.28,125.28,125.28,0
2002-02-14,125.28,125.28,125.28,125.28,0
2002-02-15,125.28,125.28,125.28,125.28,0
2002-02-18,125.28,125.28,125.28,125.28,0
2002-02-19,125.42,125.42,125.42,125.42,0
2002-02-20,125.47,125.47,125.47,125.47,0
2002-02-21,125.47,125.47,125.47,125.47,0
2002-02-25,125.47,125.47,125.47,125.47,0
2002-02-26,125.52,125.52,125.52,125.52,0
2002-02-27,125.78,125.78,125.78,125.78,0
2002-02-28,125.78,125.78,125.78,125.78,0
2002-03-01,125.78,125.78,125.78,125.78,0
2002-03-04,125.78,125.78,125.78,125.78,0
2002-03-05,125.79,125.79,125.79,125.79,0
2002-03-06,118.97,118.97,118.97,118.97,0
2002-03-07,115.44,115.44,115.44,115.44,0
2002-03-08,115.45,115.45,115.45,115.45,0
2002-03-11,115.45,115.45,115.45,115.45,0
2002-03-12,115.55,115.55,115.55,115.55,0
2002-03-13,115.57,115.57,115.57,115.57,0
2002-03-14,115.57,115.57,115.57,115.57,0
2002-03-15,115.57,115.57,115.57,115.57,0
2002-03-18,115.62,115.62,115.62,115.62,0
2002-03-19,115.71,115.71,115.71,115.71,0
2002-03-20,115.71,115.71,115.71,115.71,0
2002-03-22,115.71,115.71,115.71,115.71,0
2002-03-25,115.74,115.74,115.74,115.74,0
2002-03-26,115.74,115.74,115.74,115.74,0
2002-03-27,115.94,115.94,115.94,115.94,0
2002-03-28,115.94,115.94,115.94,115.94,0
2002-03-29,115.95,115.95,115.95,115.95,0
2002-04-03,114.92,114.92,114.92,114.92,0
2002-04-05,115.01,115.01,115.01,115.01,0
2002-04-08,115.01,115.01,115.01,115.01,0
2002-04-09,115.01,115.01,115.01,115.01,0
2002-04-10,115.03,115.03,115.03,115.03,0
2002-04-11,115.03,115.03,115.03,115.03,0
2002-04-12,115.06,115.06,115.06,115.06,0
2002-04-15,112.18,112.18,112.18,112.18,0
2002-04-16,112.35,112.35,112.35,112.35,0
2002-04-17,112.35,112.35,112.35,112.35,0
2002-04-18,112.8,112.8,112.8,112.8,0
2002-04-19,113.02,113.02,113.02,113.02,0
2002-04-22,113.02,113.02,113.02,113.02,0
2002-04-23,113.02,113.02,113.02,113.02,0
2002-04-24,113.02,113.02,113.02,113.02,0
2002-04-25,113.26,113.26,113.26,113.26,0
2002-04-26,113.26,113.26,113.26,113.26,0
2002-04-29,113.26,113.26,113.26,113.26,0
2002-04-30,113.47,113.47,113.47,113.47,0
2002-05-02,113.47,113.47,113.47,113.47,0
2002-05-03,113.47,113.47,113.47,113.47,0
2002-05-06,113.47,113.47,113.47,113.47,0
2002-05-07,113.47,113.47,113.47,113.47,0
2002-05-08,113.47,113.47,113.47,113.47,0
2002-05-10,113.47,113.47,113.47,113.47,0
2002-05-13,113.47,113.47,113.47,113.47,0
2002-05-14,109.47,109.47,109.47,109.47,0
2002-05-15,109.42,109.42,109.42,109.42,0
2002-05-16,109.47,109.47,109.47,109.47,0
2002-05-17,109.42,109.42,109.42,109.42,0
2002-05-21,109.42,109.42,109.42,109.42,0
2002-05-22,109.42,109.42,109.42,109.42,0
2002-05-23,109.48,109.48,109.48,109.48,0
2002-05-27,109.48,109.48,109.48,109.48,0
2002-05-28,109.48,109.48,109.48,109.48,0
2002-05-29,109.48,109.48,109.48,109.48,0
2002-05-30,109.48,109.48,109.48,109.48,0
2002-05-31,107.05,107.05,107.05,107.05,0
2002-06-03,107.06,107.06,107.06,107.06,0
2002-06-04,107.05,107.05,107.05,107.05,0
2002-06-05,107.05,107.05,107.05,107.05,0
2002-06-06,107.05,107.05,107.05,107.05,0
2002-06-07,107.08,107.08,107.08,107.08,0
2002-06-10,107.08,107.08,107.08,107.08,0
2002-06-11,107.08,107.08,107.08,107.08,0
2002-06-12,107.45,107.45,107.45,107.45,0
2002-06-14,107.91,107.91,107.91,107.91,0
2002-06-17,108.54,108.54,108.54,108.54,0
2002-06-18,108.54,108.54,108.54,108.54,0
2002-06-19,108.54,108.54,108.54,108.54,0
2002-06-20,108.51,108.51,108.51,108.51,0
2002-06-21,108.77,108.77,108.77,108.77,0
2002-06-24,108.77,108.77,108.77,108.77,0
2002-06-25,108.77,108.77,108.77,108.77,0
2002-06-26,108.77,108.77,108.77,108.77,0
2002-06-27,108.77,108.77,108.77,108.77,0
2002-06-28,108.77,108.77,108.77,108.77,0
2002-07-01,108.77,108.77,108.77,108.77,0
2002-07-02,108.75,108.75,108.75,108.75,0
2002-07-03,108.75,108.75,108.75,108.75,0
2002-07-04,108.75,108.75,108.75,108.75,0
2002-07-05,107.9,107.9,107.9,107.9,0
2002-07-08,107.9,107.9,107.9,107.9,0
2002-07-09,107.9,107.9,107.9,107.9,0
2002-07-10,107.9,107.9,107.9,107.9,0
2002-07-11,107.55,107.55,107.55,107.55,0
2002-07-12,107.55,107.55,107.55,107.55,0
2002-07-15,107.53,107.53,107.53,107.53,0
2002-07-16,107.53,107.53,107.53,107.53,0
2002-07-17,107.53,107.53,107.53,107.53,0
2002-07-18,107.53,107.53,107.53,107.53,0
2002-07-19,107.53,107.53,107.53,107.53,0
2002-07-22,107.53,107.53,107.53,107.53,0
2002-07-23,107.53,107.53,107.53,107.53,0
2002-07-24,105.13,105.13,105.13,105.13,0
2002-07-25,105.13,105.13,105.13,105.13,0
2002-07-26,105.13,105.13,105.13,105.13,0
2002-07-29,105.13,105.13,105.13,105.13,0
2002-07-30,105.13,105.13,105.13,105.13,0
2002-07-31,105.13,105.13,105.13,105.13,0
2002-08-01,105.13,105.13,105.13,105.13,0
2002-08-02,105.13,105.13,105.13,105.13,0
2002-08-05,105.13,105.13,105.13,105.13,0
2002-08-06,105.13,105.13,105.13,105.13,0
2002-08-08,105.13,105.13,105.13,105.13,0
2002-08-09,105.13,105.13,105.13,105.13,0
2002-08-12,105.13,105.13,105.13,105.13,0
2002-08-13,105.13,105.13,105.13,105.13,0
2002-08-14,105.13,105.13,105.13,105.13,0
2002-08-16,105.13,105.13,105.13,105.13,0
2002-08-19,105.13,105.13,105.13,105.13,0
2002-08-20,105.04,105.04,105.04,105.04,0
2002-08-22,105.06,105.06,105.06,105.06,0
2002-08-23,105.04,105.04,105.04,105.04,0
2002-08-26,105.04,105.04,105.04,105.04,0
2002-08-28,105.04,105.04,105.04,105.04,0
2002-08-29,105.04,105.04,105.04,105.04,0
2002-08-30,104.83,104.83,104.83,104.83,0
2002-09-02,104.83,104.83,104.83,104.83,0
2002-09-03,104.83,104.83,104.83,104.83,0
2002-09-04,104.83,104.83,104.83,104.83,0
2002-09-05,104.83,104.83,104.83,104.83,0
2002-09-06,104.83,104.83,104.83,104.83,0
2002-09-09,104.83,104.83,104.83,104.83,0
2002-09-10,104.83,104.83,104.83,104.83,0
2002-09-11,104.83,104.83,104.83,104.83,0
2002-09-12,104.83,104.83,104.83,104.83,0
2002-09-13,104.83,104.83,104.83,104.83,0
2002-09-16,104.83,104.83,104.83,104.83,0
2002-09-17,104.83,104.83,104.83,104.83,0
2002-09-18,104.83,104.83,104.83,104.83,0
2002-09-19,104.83,104.83,104.83,104.83,0
2002-09-20,104.94,104.94,104.94,104.94,0
2002-09-23,104.83,104.83,104.83,104.83,0
2002-09-24,104.81,104.81,104.81,104.81,0
2002-09-25,104.81,104.81,104.81,104.81,0
2002-09-26,104.81,104.81,104.81,104.81,0
2002-09-27,104.81,104.81,104.81,104.81,0
2002-09-30,104.81,104.81,104.81,104.81,0
2002-10-01,104.81,104.81,104.81,104.81,0
2002-10-02,104.81,104.81,104.81,104.81,0
2002-10-03,104.81,104.81,104.81,104.81,0
2002-10-04,104.81,104.81,104.81,104.81,0
2002-10-07,104.81,104.81,104.81,104.81,0
2002-10-08,104.81,104.81,104.81,104.81,0
2002-10-09,104.81,104.81,104.81,104.81,0
2002-10-10,104.81,104.81,104.81,104.81,0
2002-10-11,104.81,104.81,104.81,104.81,0
2002-10-14,104.81,104.81,104.81,104.81,0
2002-10-15,101.08,101.08,101.08,101.08,0
2002-10-16,101.08,101.08,101.08,101.08,0
2002-10-17,101.07,101.07,101.07,101.07,0
2002-10-18,101.07,101.07,101.07,101.07,0
2002-10-21,101.07,101.07,101.07,101.07,0
2002-10-22,101.07,101.07,101.07,101.07,0
2002-10-23,101.07,101.07,101.07,101.07,0
2002-10-24,101.07,101.07,101.07,101.07,0
2002-10-25,101.07,101.07,101.07,101.07,0
2002-10-28,100.77,100.77,100.77,100.77,0
2002-10-29,100.94,100.94,100.94,100.94,0
2002-10-30,99.73,99.73,99.73,99.73,0
2002-10-31,99.73,99.73,99.73,99.73,0
2002-11-04,99.73,99.73,99.73,99.73,0
2002-11-05,99.42,99.42,99.42,99.42,0
2002-11-06,99.42,99.42,99.42,99.42,0
2002-11-07,99.73,99.73,99.73,99.73,0
2002-11-08,99.73,99.73,99.73,99.73,0
2002-11-11,99.73,99.73,99.73,99.73,0
2002-11-12,99.73,99.73,99.73,99.73,0
2002-11-13,99.73,99.73,99.73,99.73,0
2002-11-14,99.42,99.42,99.42,99.42,0
2002-11-18,99.42,99.42,99.42,99.42,0
2002-11-19,99.73,99.73,99.73,99.73,0
2002-11-20,101.58,101.58,101.58,101.58,0
2002-11-21,101.58,101.58,101.58,101.58,0
2002-11-22,101.58,101.58,101.58,101.58,0
2002-11-25,101.89,101.89,101.89,101.89,0
2002-11-26,101.89,101.89,101.89,101.89,0
2002-11-27,101.57,101.57,101.57,101.57,0
2002-11-28,101.57,101.57,101.57,101.57,0
2002-11-29,100.76,100.76,100.76,100.76,0
2002-12-03,101.07,101.07,101.07,101.07,0
2002-12-04,103.41,103.41,103.41,103.41,0
2002-12-05,103.41,103.41,103.41,103.41,0
2002-12-09,104.91,104.91,104.91,104.91,0
2002-12-10,110.55,110.55,110.55,110.55,0
2002-12-11,111.57,111.57,111.57,111.57,0
2002-12-12,115.02,115.02,115.02,115.02,0
2002-12-13,121.6,121.6,121.6,121.6,0
2002-12-16,125.33,125.33,125.33,125.33,0
2002-12-17,125.33,125.33,125.33,125.33,0
2002-12-18,128.35,128.35,128.35,128.35,0
2002-12-19,131.55,131.55,131.55,131.55,0
2002-12-20,132.44,132.44,132.44,132.44,0
2002-12-23,132.44,132.44,132.44,132.44,0
2002-12-24,136.33,136.33,136.33,136.33,0
2002-12-26,140.08,140.08,140.08,140.08,0
2002-12-27,140.08,140.08,140.08,140.08,0
2002-12-30,138.77,138.77,138.77,138.77,0
2002-12-31,134.98,134.98,134.98,134.98,0
2003-01-02,134.95,134.95,134.95,134.95,0
2003-01-03,134.95,134.95,134.95,134.95,0
2003-01-06,134.95,134.95,134.95,134.95,0
2003-01-07,134.95,134.95,134.95,134.95,0
2003-01-08,134.95,134.95,134.95,134.95,0
2003-01-09,134.95,134.95,134.95,134.95,0
2003-01-10,134.95,134.95,134.95,134.95,0
2003-01-13,134.95,134.95,134.95,134.95,0
2003-01-14,134.95,134.95,134.95,134.95,0
2003-01-15,134.95,134.95,134.95,134.95,0
2003-01-16,134.95,134.95,134.95,134.95,0
2003-01-17,134.95,134.95,134.95,134.95,0
2003-01-20,134.34,134.34,134.34,134.34,0
2003-01-21,134.95,134.95,134.95,134.95,0
2003-01-22,134.34,134.34,134.34,134.34,0
2003-01-23,134.95,134.95,134.95,134.95,0
2003-01-24,134.95,134.95,134.95,134.95,0
2003-01-28,134.34,134.34,134.34,134.34,0
2003-01-29,134.95,134.95,134.95,134.95,0
2003-01-30,134.95,134.95,134.95,134.95,0
2003-01-31,134.34,134.34,134.34,134.34,0
2003-02-03,134.95,134.95,134.95,134.95,0
2003-02-04,134.95,134.95,134.95,134.95,0
2003-02-05,134.95,134.95,134.95,134.95,0
2003-02-06,124.76,124.76,124.76,124.76,0
2003-02-07,124.76,124.76,124.76,124.76,0
2003-02-10,124.74,124.74,124.74,124.74,0
2003-02-12,124.74,124.74,124.74,124.74,0
2003-02-13,124.74,124.74,124.74,124.74,0
2003-02-14,124.74,124.74,124.74,124.74,0
2003-02-17,124.74,124.74,124.74,124.74,0
2003-02-18,124.74,124.74,124.74,124.74,0
2003-02-19,124.74,124.74,124.74,124.74,0
2003-02-20,127.45,127.45,127.45,127.45,0
2003-02-21,127.45,127.45,127.45,127.45,0
2003-02-24,127.45,127.45,127.45,127.45,0
2003-02-25,127.45,127.45,127.45,127.45,0
2003-02-26,127.45,127.45,127.45,127.45,0
2003-02-27,127.45,127.45,127.45,127.45,0
2003-02-28,127.45,127.45,127.45,127.45,0
2003-03-03,127.45,127.45,127.45,127.45,0
2003-03-04,127.45,127.45,127.45,127.45,0
2003-03-05,127.45,127.45,127.45,127.45,0
2003-03-06,127.45,127.45,127.45,127.45,0
2003-03-07,127.45,127.45,127.45,127.45,0
2003-03-10,127.45,127.45,127.45,127.45,0
2003-03-11,127.45,127.45,127.45,127.45,0
2003-03-12,127.45,127.45,127.45,127.45,0
2003-03-13,127.45,127.45,127.45,127.45,0
2003-03-14,127.45,127.45,127.45,127.45,0
2003-03-17,127.45,127.45,127.45,127.45,0
2003-03-18,127.45,127.45,127.45,127.45,0
2003-03-19,127.45,127.45,127.45,127.45,0
2003-03-20,127.45,127.45,127.45,127.45,0
2003-03-21,127.45,127.45,127.45,127.45,0
2003-03-24,127.45,127.45,127.45,127.45,0
2003-03-25,127.45,127.45,127.45,127.45,0
2003-03-26,127.45,127.45,127.45,127.45,0
2003-03-27,105.71,105.71,105.71,105.71,0
2003-03-28,105.71,105.71,105.71,105.71,0
2003-03-31,105.71,105.71,105.71,105.71,0
2003-04-01,111.77,111.77,111.77,111.77,0
2003-04-02,111.77,111.77,111.77,111.77,0
2003-04-03,115.13,115.13,115.13,115.13,0
2003-04-04,115.13,115.13,115.13,115.13,0
2003-04-07,115.13,115.13,115.13,115.13,0
2003-04-08,118.75,118.75,118.75,118.75,0
2003-04-09,118.75,118.75,118.75,118.75,0
2003-04-10,122.61,122.61,122.61,122.61,0
2003-04-11,122.61,122.61,122.61,122.61,0
2003-04-14,122.61,122.61,122.61,122.61,0
2003-04-15,122.61,122.61,122.61,122.61,0
2003-04-16,122.61,122.61,122.61,122.61,0
2003-04-17,122.61,122.61,122.61,122.61,0
2003-04-18,122.61,122.61,122.61,122.61,0
2003-04-22,122.61,122.61,122.61,122.61,0
2003-04-23,122.61,122.61,122.61,122.61,0
2003-04-24,122.61,122.61,122.61,122.61,0
2003-04-25,122.45,122.45,122.45,122.45,0
2003-04-28,122.45,122.45,122.45,122.45,0
2003-04-29,122.45,122.45,122.45,122.45,0
2003-04-30,122.45,122.45,122.45,122.45,0
2003-05-02,122.45,122.45,122.45,122.45,0
2003-05-05,122.45,122.45,122.45,122.45,0
2003-05-06,122.45,122.45,122.45,122.45,0
2003-05-07,122.45,122.45,122.45,122.45,0
2003-05-08,122.45,122.45,122.45,122.45,0
2003-05-09,122.45,122.45,122.45,122.45,0
2003-05-12,122.45,122.45,122.45,122.45,0
2003-05-14,122.45,122.45,122.45,122.45,0
2003-05-15,122.45,122.45,122.45,122.45,0
2003-05-16,119.56,119.56,119.56,119.56,0
2003-05-19,119.56,119.56,119.56,119.56,0
2003-05-20,119.56,119.56,119.56,119.56,0
2003-05-21,119.56,119.56,119.56,119.56,0
2003-05-22,119.56,119.56,119.56,119.56,0
2003-05-23,119.56,119.56,119.56,119.56,0
2003-05-26,119.56,119.56,119.56,119.56,0
2003-05-27,119.56,119.56,119.56,119.56,0
2003-05-28,119.56,119.56,119.56,119.56,0
2003-05-30,119.56,119.56,119.56,119.56,0
2003-06-02,119.56,119.56,119.56,119.56,0
2003-06-03,119.56,119.56,119.56,119.56,0
2003-06-04,119.68,119.68,119.68,119.68,0
2003-06-05,119.68,119.68,119.68,119.68,0
2003-06-06,110.35,110.35,110.35,110.35,0
2003-06-10,110.35,110.35,110.35,110.35,0
2003-06-11,110.23,110.23,110.23,110.23,0
2003-06-12,110.23,110.23,110.23,110.23,0
2003-06-16,110.35,110.35,110.35,110.35,0
2003-06-17,110.35,110.35,110.35,110.35,0
2003-06-18,110.23,110.23,110.23,110.23,0
2003-06-19,110.35,110.35,110.35,110.35,0
2003-06-20,107.68,107.68,107.68,107.68,0
2003-06-23,107.56,107.56,107.56,107.56,0
2003-06-24,107.56,107.56,107.56,107.56,0
2003-06-25,107.56,107.56,107.56,107.56,0
2003-06-26,107.25,107.25,107.25,107.25,0
2003-06-27,107.56,107.56,107.56,107.56,0
2003-06-30,107.56,107.56,107.56,107.56,0
2003-07-01,105.5,105.5,105.5,105.5,0
2003-07-02,105.2,105.2,105.2,105.2,0
2003-07-03,105.08,105.08,105.08,105.08,0
2003-07-04,105.2,105.2,105.2,105.2,0
2003-07-07,105.2,105.2,105.2,105.2,0
2003-07-08,105.2,105.2,105.2,105.2,0
2003-07-09,105.2,105.2,105.2,105.2,0
2003-07-10,105.2,105.2,105.2,105.2,0
2003-07-11,105.2,105.2,105.2,105.2,0
2003-07-14,105.2,105.2,105.2,105.2,0
2003-07-15,105.2,105.2,105.2,105.2,0
2003-07-16,105.2,105.2,105.2,105.2,0
2003-07-17,105.2,105.2,105.2,105.2,0
2003-07-18,105.2,105.2,105.2,105.2,0
2003-07-21,105.2,105.2,105.2,105.2,0
2003-07-22,105.2,105.2,105.2,105.2,0
2003-07-23,105.2,105.2,105.2,105.2,0
2003-07-24,105.2,105.2,105.2,105.2,0
2003-07-25,105.2,105.2,105.2,105.2,0
2003-07-28,105.2,105.2,105.2,105.2,0
2003-07-29,105.2,105.2,105.2,105.2,0
2003-07-30,105.5,105.5,105.5,105.5,0
2003-07-31,105.5,105.5,105.5,105.5,0
2003-08-01,105.5,105.5,105.5,105.5,0
2003-08-04,105.2,105.2,105.2,105.2,0
2003-08-05,105.18,105.18,105.18,105.18,0
2003-08-06,105.18,105.18,105.18,105.18,0
2003-08-08,105.18,105.18,105.18,105.18,0
2003-08-11,105.49,105.49,105.49,105.49,0
2003-08-12,105.49,105.49,105.49,105.49,0
2003-08-13,105.49,105.49,105.49,105.49,0
2003-08-14,105.49,105.49,105.49,105.49,0
2003-08-18,105.49,105.49,105.49,105.49,0
2003-08-19,105.49,105.49,105.49,105.49,0
2003-08-20,105.49,105.49,105.49,105.49,0
2003-08-21,105.5,105.5,105.5,105.5,0
2003-08-22,102.02,102.02,102.02,102.02,0
2003-08-25,101.71,101.71,101.71,101.71,0
2003-08-26,101.71,101.71,101.71,101.71,0
2003-08-27,101.71,101.71,101.71,101.71,0
2003-08-28,101.71,101.71,101.71,101.71,0
2003-08-29,100.16,100.16,100.16,100.16,0
2003-09-01,100.16,100.16,100.16,100.16,0
2003-09-02,98.6,98.6,98.6,98.6,0
2003-09-03,98.6,98.6,98.6,98.6,0
2003-09-04,98.6,98.6,98.6,98.6,0
2003-09-05,98.6,98.6,98.6,98.6,0
2003-09-08,98.91,98.91,98.91,98.91,0
2003-09-09,102.02,102.02,102.02,102.02,0
2003-09-10,102.02,102.02,102.02,102.02,0
2003-09-11,102.05,102.05,102.05,102.05,0
2003-09-12,101.93,101.93,101.93,101.93,0
2003-09-15,101.93,101.93,101.93,101.93,0
2003-09-16,101.93,101.93,101.93,101.93,0
2003-09-17,101.93,101.93,101.93,101.93,0
2003-09-18,103.57,103.57,103.57,103.57,0
2003-09-19,103.45,103.45,103.45,103.45,0
2003-09-22,103.45,103.45,103.45,103.45,0
2003-09-23,103.45,103.45,103.45,103.45,0
2003-09-24,103.45,103.45,103.45,103.45,0
2003-09-25,103.57,103.57,103.57,103.57,0
2003-09-26,106.8,106.8,106.8,106.8,0
2003-09-29,110.1,110.1,110.1,110.1,0
2003-09-30,112.13,112.13,112.13,112.13,0
2003-10-01,112.07,112.07,112.07,112.07,0
2003-10-02,112.12,112.12,112.12,112.12,0
2003-10-03,112.12,112.12,112.12,112.12,0
2003-10-06,112.12,112.12,112.12,112.12,0
2003-10-07,112.12,112.12,112.12,112.12,0
2003-10-08,112.12,112.12,112.12,112.12,0
2003-10-09,112.12,112.12,112.12,112.12,0
2003-10-10,112.13,112.13,112.13,112.13,0
2003-10-13,112.13,112.13,112.13,112.13,0
2003-10-14,112.13,112.13,112.13,112.13,0
2003-10-15,112.13,112.13,112.13,112.13,0
2003-10-16,112.13,112.13,112.13,112.13,0
2003-10-17,112.13,112.13,112.13,112.13,0
2003-10-20,112.13,112.13,112.13,112.13,0
2003-10-21,112.13,112.13,112.13,112.13,0
2003-10-22,112.13,112.13,112.13,112.13,0
2003-10-23,112.13,112.13,112.13,112.13,0
2003-10-24,112.13,112.13,112.13,112.13,0
2003-10-27,112.13,112.13,112.13,112.13,0
2003-10-28,112.13,112.13,112.13,112.13,0
2003-10-29,112.13,112.13,112.13,112.13,0
2003-10-30,112.13,112.13,112.13,112.13,0
2003-10-31,112.13,112.13,112.13,112.13,0
2003-11-03,113.82,113.82,113.82,113.82,0
2003-11-04,113.82,113.82,113.82,113.82,0
2003-11-05,112.27,112.27,112.27,112.27,0
2003-11-06,114.6,114.6,114.6,114.6,0
2003-11-07,114.6,114.6,114.6,114.6,0
2003-11-10,114.6,114.6,114.6,114.6,0
2003-11-11,114.6,114.6,114.6,114.6,0
2003-11-12,114.6,114.6,114.6,114.6,0
2003-11-13,114.6,114.6,114.6,114.6,0
2003-11-14,114.6,114.6,114.6,114.6,0
2003-11-17,114.6,114.6,114.6,114.6,0
2003-11-18,114.6,114.6,114.6,114.6,0
2003-11-19,114.6,114.6,114.6,114.6,0
2003-11-20,114.6,114.6,114.6,114.6,0
2003-11-21,114.6,114.6,114.6,114.6,0
2003-11-24,114.6,114.6,114.6,114.6,0
2003-11-26,119.73,119.73,119.73,119.73,0
2003-11-27,119.73,119.73,119.73,119.73,0
2003-11-28,119.73,119.73,119.73,119.73,0
2003-12-01,119.73,119.73,119.73,119.73,0
2003-12-02,119.73,119.73,119.73,119.73,0
2003-12-03,119.73,119.73,119.73,119.73,0
2003-12-04,119.73,119.73,119.73,119.73,0
2003-12-05,119.73,119.73,119.73,119.73,0
2003-12-08,119.73,119.73,119.73,119.73,0
2003-12-09,119.73,119.73,119.73,119.73,0
2003-12-10,119.73,119.73,119.73,119.73,0
2003-12-11,119.73,119.73,119.73,119.73,0
2003-12-12,119.73,119.73,119.73,119.73,0
2003-12-15,119.73,119.73,119.73,119.73,0
2003-12-16,119.73,119.73,119.73,119.73,0
2003-12-17,122.54,122.54,122.54,122.54,0
2003-12-18,125.63,125.63,125.63,125.63,0
2003-12-19,128.96,128.96,128.96,128.96,0
2003-12-22,128.96,128.96,128.96,128.96,0
2003-12-23,132.95,132.95,132.95,132.95,0
2003-12-24,133.01,133.01,133.01,133.01,0
2003-12-26,133.01,133.01,133.01,133.01,0
2003-12-29,133.01,133.01,133.01,133.01,0
2003-12-30,133.01,133.01,133.01,133.01,0
2003-12-31,138.83,138.83,138.83,138.83,0
2004-01-02,138.83,138.83,138.83,138.83,0
2004-01-05,138.83,138.83,138.83,138.83,0
2004-01-06,138.97,138.97,138.97,138.97,0
2004-01-07,138.83,138.83,138.83,138.83,0
2004-01-08,138.83,138.83,138.83,138.83,0
2004-01-09,138.83,138.83,138.83,138.83,0
2004-01-12,139.12,139.12,139.12,139.12,0
2004-01-13,139.21,139.21,139.21,139.21,0
2004-01-14,139.06,139.06,139.06,139.06,0
2004-01-15,139.21,139.21,139.21,139.21,0
2004-01-16,134.72,134.72,134.72,134.72,0
2004-01-19,134.72,134.72,134.72,134.72,0
2004-01-20,133.76,133.76,133.76,133.76,0
2004-01-21,133.76,133.76,133.76,133.76,0
2004-01-22,133.76,133.76,133.76,133.76,0
2004-01-23,133.76,133.76,133.76,133.76,0
2004-01-26,133.76,133.76,133.76,133.76,0
2004-01-27,126.76,126.76,126.76,126.76,0
2004-01-28,126.61,126.61,126.61,126.61,0
2004-01-29,126.61,126.61,126.61,126.61,0
2004-01-30,126.61,126.61,126.61,126.61,0
2004-02-02,126.62,126.62,126.62,126.62,0
2004-02-03,126.62,126.62,126.62,126.62,0
2004-02-04,126.63,126.63,126.63,126.63,0
2004-02-05,126.63,126.63,126.63,126.63,0
2004-02-06,126.63,126.63,126.63,126.63,0
2004-02-09,126.63,126.63,126.63,126.63,0
2004-02-10,126.63,126.63,126.63,126.63,0
2004-02-11,126.63,126.63,126.63,126.63,0
2004-02-12,126.63,126.63,126.63,126.63,0
2004-02-13,126.63,126.63,126.63,126.63,0
2004-02-16,126.63,126.63,126.63,126.63,0
2004-02-17,126.63,126.63,126.63,126.63,0
2004-02-18,126.63,126.63,126.63,126.63,0
2004-02-19,126.63,126.63,126.63,126.63,0
2004-02-20,126.63,126.63,126.63,126.63,0
2004-02-23,126.63,126.63,126.63,126.63,0
2004-02-24,126.63,126.63,126.63,126.63,0
2004-02-25,126.63,126.63,126.63,126.63,0
2004-02-26,126.63,126.63,126.63,126.63,0
2004-02-27,126.63,126.63,126.63,126.63,0
2004-03-01,124.81,124.81,124.81,124.81,0
2004-03-02,124.81,124.81,124.81,124.81,0
2004-03-03,124.81,124.81,124.81,124.81,0
2004-03-04,124.81,124.81,124.81,124.81,0
2004-03-05,124.81,124.81,124.81,124.81,0
2004-03-08,124.81,124.81,124.81,124.81,0
2004-03-09,124.81,124.81,124.81,124.81,0
2004-03-10,124.81,124.81,124.81,124.81,0
2004-03-11,124.81,124.81,124.81,124.81,0
2004-03-12,124.81,124.81,124.81,124.81,0
2004-03-15,124.81,124.81,124.81,124.81,0
2004-03-16,124.81,124.81,124.81,124.81,0
2004-03-17,124.81,124.81,124.81,124.81,0
2004-03-18,124.74,124.74,124.74,124.74,0
2004-03-19,124.74,124.74,124.74,124.74,0
2004-03-22,124.86,124.86,124.86,124.86,0
2004-03-23,124.86,124.86,124.86,124.86,0
2004-03-24,124.86,124.86,124.86,124.86,0
2004-03-26,124.71,124.71,124.71,124.71,0
2004-03-29,124.71,124.71,124.71,124.71,0
2004-03-30,124.86,124.86,124.86,124.86,0
2004-03-31,124.86,124.86,124.86,124.86,0
2004-04-01,124.71,124.71,124.71,124.71,0
2004-04-02,124.86,124.86,124.86,124.86,0
2004-04-05,124.71,124.71,124.71,124.71,0
2004-04-06,124.71,124.71,124.71,124.71,0
2004-04-07,124.78,124.78,124.78,124.78,0
2004-04-08,124.86,124.86,124.86,124.86,0
2004-04-09,124.86,124.86,124.86,124.86,0
2004-04-13,124.71,124.71,124.71,124.71,0
2004-04-14,124.71,124.71,124.71,124.71,0
2004-04-15,124.71,124.71,124.71,124.71,0
2004-04-16,124.78,124.78,124.78,124.78,0
2004-04-19,124.78,124.78,124.78,124.78,0
2004-04-20,124.78,124.78,124.78,124.78,0
2004-04-21,124.93,124.93,124.93,124.93,0
2004-04-22,124.93,124.93,124.93,124.93,0
2004-04-23,124.93,124.93,124.93,124.93,0
2004-04-26,124.93,124.93,124.93,124.93,0
2004-04-27,124.93,124.93,124.93,124.93,0
2004-04-28,124.93,124.93,124.93,124.93,0
2004-04-29,124.78,124.78,124.78,124.78,0
2004-04-30,124.78,124.78,124.78,124.78,0
2004-05-03,124.78,124.78,124.78,124.78,0
2004-05-04,124.78,124.78,124.78,124.78,0
2004-05-05,124.78,124.78,124.78,124.78,0
2004-05-06,124.86,124.86,124.86,124.86,0
2004-05-07,124.86,124.86,124.86,124.86,0
2004-05-10,124.86,124.86,124.86,124.86,0
2004-05-11,123.64,123.64,123.64,123.64,0
2004-05-12,124.56,124.56,124.56,124.56,0
2004-05-13,124.56,124.56,124.56,124.56,0
2004-05-14,124.56,124.56,124.56,124.56,0
2004-05-17,124.56,124.56,124.56,124.56,0
2004-05-18,124.55,124.55,124.55,124.55,0
2004-05-19,124.55,124.55,124.55,124.55,0
2004-05-21,124.55,124.55,124.55,124.55,0
2004-05-24,124.55,124.55,124.55,124.55,0
2004-05-25,124.55,124.55,124.55,124.55,0
2004-05-26,124.58,124.58,124.58,124.58,0
2004-05-27,124.58,124.58,124.58,124.58,0
2004-05-28,124.58,124.58,124.58,124.58,0
2004-06-01,124.55,124.55,124.55,124.55,0
2004-06-02,124.55,124.55,124.55,124.55,0
2004-06-03,124.55,124.55,124.55,124.55,0
2004-06-04,124.55,124.55,124.55,124.55,0
2004-06-07,124.58,124.58,124.58,124.58,0
2004-06-08,124.58,124.58,124.58,124.58,0
2004-06-09,124.58,124.58,124.58,124.58,0
2004-06-10,124.55,124.55,124.55,124.55,0
2004-06-11,124.55,124.55,124.55,124.55,0
2004-06-14,124.55,124.55,124.55,124.55,0
2004-06-15,121.82,121.82,121.82,121.82,0
2004-06-16,120.74,120.74,120.74,120.74,0
2004-06-17,120.74,120.74,120.74,120.74,0
2004-06-18,121.04,121.04,121.04,121.04,0
2004-06-21,121.04,121.04,121.04,121.04,0
2004-06-22,121.52,121.52,121.52,121.52,0
2004-06-23,121.52,121.52,121.52,121.52,0
2004-06-24,121.04,121.04,121.04,121.04,0
2004-06-25,121.04,121.04,121.04,121.04,0
2004-06-28,121.07,121.07,121.07,121.07,0
2004-06-29,121.04,121.04,121.04,121.04,0
2004-06-30,121.04,121.04,121.04,121.04,0
2004-07-01,121.04,121.04,121.04,121.04,0
2004-07-02,121.04,121.04,121.04,121.04,0
2004-07-05,121.04,121.04,121.04,121.04,0
2004-07-06,121.04,121.04,121.04,121.04,0
2004-07-07,121.04,121.04,121.04,121.04,0
2004-07-08,121.04,121.04,121.04,121.04,0
2004-07-09,121.22,121.22,121.22,121.22,0
2004-07-12,121.22,121.22,121.22,121.22,0
2004-07-13,121.22,121.22,121.22,121.22,0
2004-07-14,121.22,121.22,121.22,121.22,0
2004-07-15,121.22,121.22,121.22,121.22,0
2004-07-16,121.22,121.22,121.22,121.22,0
2004-07-19,121.22,121.22,121.22,121.22,0
2004-07-20,121.22,121.22,121.22,121.22,0
2004-07-22,121.22,121.22,121.22,121.22,0
2004-07-23,121.23,121.23,121.23,121.23,0
2004-07-26,121.23,121.23,121.23,121.23,0
2004-07-27,121.29,121.29,121.29,121.29,0
2004-07-28,121.4,121.4,121.4,121.4,0
2004-07-29,121.4,121.4,121.4,121.4,0
2004-07-30,121.52,121.52,121.52,121.52,0
2004-08-02,121.52,121.52,121.52,121.52,0
2004-08-03,121.52,121.52,121.52,121.52,0
2004-08-04,121.52,121.52,121.52,121.52,0
2004-08-05,121.52,121.52,121.52,121.52,0
2004-08-06,121.52,121.52,121.52,121.52,0
2004-08-10,121.52,121.52,121.52,121.52,0
2004-08-11,121.52,121.52,121.52,121.52,0
2004-08-12,121.52,121.52,121.52,121.52,0
2004-08-13,121.52,121.52,121.52,121.52,0
2004-08-16,121.52,121.52,121.52,121.52,0
2004-08-17,121.52,121.52,121.52,121.52,0
2004-08-18,121.52,121.52,121.52,121.52,0
2004-08-19,116.35,116.35,116.35,116.35,0
2004-08-20,115.47,115.47,115.47,115.47,0
2004-08-24,116.95,116.95,116.95,116.95,0
2004-08-25,116.95,116.95,116.95,116.95,0
2004-08-26,116.95,116.95,116.95,116.95,0
2004-08-27,115.47,115.47,115.47,115.47,0
2004-08-30,115.47,115.47,115.47,115.47,0
2004-08-31,115.58,115.58,115.58,115.58,0
2004-09-01,115.58,115.58,115.58,115.58,0
2004-09-02,115.58,115.58,115.58,115.58,0
2004-09-03,109.03,109.03,109.03,109.03,0
2004-09-06,109.03,109.03,109.03,109.03,0
2004-09-07,109,109,109,109,0
2004-09-08,109,109,109,109,0
2004-09-09,108.17,108.17,108.17,108.17,0
2004-09-10,108.17,108.17,108.17,108.17,0
2004-09-13,108.17,108.17,108.17,108.17,0
2004-09-14,108.17,108.17,108.17,108.17,0
2004-09-15,108.17,108.17,108.17,108.17,0
2004-09-16,105.72,105.72,105.72,105.72,0
2004-09-17,102.45,102.45,102.45,102.45,0
2004-09-20,102.42,102.42,102.42,102.42,0
2004-09-21,102.42,102.42,102.42,102.42,0
2004-09-22,101.99,101.99,101.99,101.99,0
2004-09-23,102.48,102.48,102.48,102.48,0
2004-09-24,102.42,102.42,102.42,102.42,0
2004-09-27,102.72,102.72,102.72,102.72,0
2004-09-28,102.72,102.72,102.72,102.72,0
2004-09-29,102.72,102.72,102.72,102.72,0
2004-09-30,102.72,102.72,102.72,102.72,0
2004-10-01,102.72,102.72,102.72,102.72,0
2004-10-04,102.72,102.72,102.72,102.72,0
2004-10-05,102.72,102.72,102.72,102.72,0
2004-10-06,102.72,102.72,102.72,102.72,0
2004-10-07,102.72,102.72,102.72,102.72,0
2004-10-08,102.72,102.72,102.72,102.72,0
2004-10-11,102.72,102.72,102.72,102.72,0
2004-10-12,102.72,102.72,102.72,102.72,0
2004-10-13,102.72,102.72,102.72,102.72,0
2004-10-14,102.72,102.72,102.72,102.72,0
2004-10-15,102.72,102.72,102.72,102.72,0
2004-10-18,102.72,102.72,102.72,102.72,0
2004-10-19,102.72,102.72,102.72,102.72,0
2004-10-20,102.72,102.72,102.72,102.72,0
2004-10-21,102.72,102.72,102.72,102.72,0
2004-10-22,102.72,102.72,102.72,102.72,0
2004-10-25,102.75,102.75,102.75,102.75,0
2004-10-26,102.75,102.75,102.75,102.75,0
2004-10-27,103.06,103.06,103.06,103.06,0
2004-10-28,103.06,103.06,103.06,103.06,0
2004-10-29,103.06,103.06,103.06,103.06,0
2004-11-02,103.06,103.06,103.06,103.06,0
2004-11-03,103.06,103.06,103.06,103.06,0
2004-11-04,103.06,103.06,103.06,103.06,0
2004-11-05,102.75,102.75,102.75,102.75,0
2004-11-08,102.75,102.75,102.75,102.75,0
2004-11-09,102.75,102.75,102.75,102.75,0
2004-11-11,102.9,102.9,102.9,102.9,0
2004-11-12,102.9,102.9,102.9,102.9,0
2004-11-16,102.9,102.9,102.9,102.9,0
2004-11-17,102.9,102.9,102.9,102.9,0
2004-11-18,102.9,102.9,102.9,102.9,0
2004-11-19,102.78,102.78,102.78,102.78,0
2004-11-22,102.69,102.69,102.69,102.69,0
2004-11-23,102.69,102.69,102.69,102.69,0
2004-11-24,102.69,102.69,102.69,102.69,0
2004-11-25,102.69,102.69,102.69,102.69,0
2004-11-26,102.69,102.69,102.69,102.69,0
2004-11-29,102.69,102.69,102.69,102.69,0
2004-11-30,111.39,111.39,111.39,111.39,0
2004-12-01,111.39,111.39,111.39,111.39,0
2004-12-02,111.39,111.39,111.39,111.39,0
2004-12-03,111.39,111.39,111.39,111.39,0
2004-12-06,116.79,116.79,116.79,116.79,0
2004-12-07,116.79,116.79,116.79,116.79,0
2004-12-08,113.7,113.7,113.7,113.7,0
2004-12-09,119.87,119.87,119.87,119.87,0
2004-12-10,123.85,123.85,123.85,123.85,0
2004-12-13,123.97,123.97,123.97,123.97,0
2004-12-14,123.98,123.98,123.98,123.98,0
2004-12-15,123.98,123.98,123.98,123.98,0
2004-12-16,126.99,126.99,126.99,126.99,0
2004-12-17,126.99,126.99,126.99,126.99,0
2004-12-20,126.99,126.99,126.99,126.99,0
2004-12-21,130.64,130.64,130.64,130.64,0
2004-12-22,130.63,130.63,130.63,130.63,0
2004-12-23,130.63,130.63,130.63,130.63,0
2004-12-24,130.04,130.04,130.04,130.04,0
2004-12-27,130.03,130.03,130.03,130.03,0
2004-12-28,130.13,130.13,130.13,130.13,0
2004-12-29,131.68,131.68,131.68,131.68,0
2004-12-30,131.68,131.68,131.68,131.68,0
2004-12-31,131.68,131.68,131.68,131.68,0
2005-01-03,131.68,131.68,131.68,131.68,0
2005-01-04,131.68,131.68,131.68,131.68,0
2005-01-05,131.68,131.68,131.68,131.68,0
2005-01-06,131.68,131.68,131.68,131.68,0
2005-01-07,121.23,121.23,121.23,121.23,0
2005-01-10,119.87,119.87,119.87,119.87,0
2005-01-11,119.77,119.77,119.77,119.77,0
2005-01-12,119.84,119.84,119.84,119.84,0
2005-01-13,119.84,119.84,119.84,119.84,0
2005-01-14,119.84,119.84,119.84,119.84,0
2005-01-17,119.84,119.84,119.84,119.84,0
2005-01-18,119.97,119.97,119.97,119.97,0
2005-01-19,119.97,119.97,119.97,119.97,0
2005-01-21,119.97,119.97,119.97,119.97,0
2005-01-24,119.97,119.97,119.97,119.97,0
2005-01-25,119.97,119.97,119.97,119.97,0
2005-01-26,119.97,119.97,119.97,119.97,0
2005-01-27,119.97,119.97,119.97,119.97,0
2005-01-28,117.09,117.09,117.09,117.09,0
2005-01-31,117.09,117.09,117.09,117.09,0
2005-02-01,119.75,119.75,119.75,119.75,0
2005-02-02,120,120,120,120,0
2005-02-03,120,120,120,120,0
2005-02-04,120,120,120,120,0
2005-02-07,120,120,120,120,0
2005-02-08,120,120,120,120,0
2005-02-09,120,120,120,120,0
2005-02-10,117.12,117.12,117.12,117.12,0
2005-02-11,116.75,116.75,116.75,116.75,0
2005-02-14,116.75,116.75,116.75,116.75,0
2005-02-15,117.05,117.05,117.05,117.05,0
2005-02-16,117.05,117.05,117.05,117.05,0
2005-02-17,120,120,120,120,0
2005-02-18,120,120,120,120,0
2005-02-21,120,120,120,120,0
2005-02-22,120,120,120,120,0
2005-02-23,120,120,120,120,0
2005-02-24,120,120,120,120,0
2005-02-25,120,120,120,120,0
2005-02-28,120,120,120,120,0
2005-03-01,120,120,120,120,0
2005-03-02,120,120,120,120,0
2005-03-03,120,120,120,120,0
2005-03-04,119.75,119.75,119.75,119.75,0
2005-03-07,119.75,119.75,119.75,119.75,0
2005-03-08,119.75,119.75,119.75,119.75,0
2005-03-09,115.15,115.15,115.15,115.15,0
2005-03-10,115.14,115.14,115.14,115.14,0
2005-03-11,117.55,117.55,117.55,117.55,0
2005-03-14,117.76,117.76,117.76,117.76,0
2005-03-15,117.76,117.76,117.76,117.76,0
2005-03-16,117.55,117.55,117.55,117.55,0
2005-03-17,117.55,117.55,117.55,117.55,0
2005-03-18,117.55,117.55,117.55,117.55,0
2005-03-21,117.55,117.55,117.55,117.55,0
2005-03-22,117.55,117.55,117.55,117.55,0
2005-03-23,117.55,117.55,117.55,117.55,0
2005-03-24,117.55,117.55,117.55,117.55,0
2005-03-25,117.55,117.55,117.55,117.55,0
2005-03-29,117.3,117.3,117.3,117.3,0
2005-03-30,117.51,117.51,117.51,117.51,0
2005-03-31,117.51,117.51,117.51,117.51,0
2005-04-01,117.3,117.3,117.3,117.3,0
2005-04-04,117.3,117.3,117.3,117.3,0
2005-04-05,117.3,117.3,117.3,117.3,0
2005-04-06,117.3,117.3,117.3,117.3,0
2005-04-07,117.3,117.3,117.3,117.3,0
2005-04-08,117.3,117.3,117.3,117.3,0
2005-04-11,117.21,117.21,117.21,117.21,0
2005-04-12,117.21,117.21,117.21,117.21,0
2005-04-13,117.21,117.21,117.21,117.21,0
2005-04-14,117.21,117.21,117.21,117.21,0
2005-04-15,117.21,117.21,117.21,117.21,0
2005-04-18,117.21,117.21,117.21,117.21,0
2005-04-19,120.18,120.18,120.18,120.18,0
2005-04-20,120.18,120.18,120.18,120.18,0
2005-04-22,120.67,120.67,120.67,120.67,0
2005-04-25,123.34,123.34,123.34,123.34,0
2005-04-26,124.8,124.8,124.8,124.8,0
2005-04-27,128.05,128.05,128.05,128.05,0
2005-04-28,131.61,131.61,131.61,131.61,0
2005-04-29,131.61,131.61,131.61,131.61,0
2005-05-03,131.61,131.61,131.61,131.61,0
2005-05-04,131.61,131.61,131.61,131.61,0
2005-05-06,131.61,131.61,131.61,131.61,0
2005-05-09,136.55,136.55,136.55,136.55,0
2005-05-10,136.52,136.52,136.52,136.52,0
2005-05-11,136.55,136.55,136.55,136.55,0
2005-05-12,136.55,136.55,136.55,136.55,0
2005-05-13,136.55,136.55,136.55,136.55,0
2005-05-17,135.64,135.64,135.64,135.64,0
2005-05-18,135.64,135.64,135.64,135.64,0
2005-05-19,134.04,134.04,134.04,134.04,0
2005-05-20,134.04,134.04,134.04,134.04,0
2005-05-23,134.04,134.04,134.04,134.04,0
2005-05-24,134.04,134.04,134.04,134.04,0
2005-05-25,134.04,134.04,134.04,134.04,0
2005-05-26,134.04,134.04,134.04,134.04,0
2005-05-27,134.04,134.04,134.04,134.04,0
2005-05-30,134.04,134.04,134.04,134.04,0
2005-05-31,134.04,134.04,134.04,134.04,0
2005-06-01,134.04,134.04,134.04,134.04,0
2005-06-02,134.04,134.04,134.04,134.04,0
2005-06-03,134.04,134.04,134.04,134.04,0
2005-06-06,134.04,134.04,134.04,134.04,0
2005-06-07,134.04,134.04,134.04,134.04,0
2005-06-08,134.04,134.04,134.04,134.04,0
2005-06-09,132.36,132.36,132.36,132.36,0
2005-06-10,130.03,130.03,130.03,130.03,0
2005-06-13,130.03,130.03,130.03,130.03,0
2005-06-14,129.84,129.84,129.84,129.84,0
2005-06-15,129.2,129.2,129.2,129.2,0
2005-06-16,129.2,129.2,129.2,129.2,0
2005-06-17,129.2,129.2,129.2,129.2,0
2005-06-20,129.2,129.2,129.2,129.2,0
2005-06-21,129.2,129.2,129.2,129.2,0
2005-06-22,127.01,127.01,127.01,127.01,0
2005-06-23,126.72,126.72,126.72,126.72,0
2005-06-24,126.72,126.72,126.72,126.72,0
2005-06-27,127.06,127.06,127.06,127.06,0
2005-06-28,126.72,126.72,126.72,126.72,0
2005-06-29,126.72,126.72,126.72,126.72,0
2005-06-30,126.72,126.72,126.72,126.72,0
2005-07-01,126.72,126.72,126.72,126.72,0
2005-07-04,127.06,127.06,127.06,127.06,0
2005-07-05,127.06,127.06,127.06,127.06,0
2005-07-06,127.06,127.06,127.06,127.06,0
2005-07-07,127.06,127.06,127.06,127.06,0
2005-07-08,127.06,127.06,127.06,127.06,0
2005-07-11,126.86,126.86,126.86,126.86,0
2005-07-12,126.86,126.86,126.86,126.86,0
2005-07-13,126.86,126.86,126.86,126.86,0
2005-07-14,127.06,127.06,127.06,127.06,0
2005-07-15,127.06,127.06,127.06,127.06,0
2005-07-18,124.47,124.47,124.47,124.47,0
2005-07-19,124.47,124.47,124.47,124.47,0
2005-07-20,122.65,122.65,122.65,122.65,0
2005-07-21,123.25,123.25,123.25,123.25,0
2005-07-22,123.25,123.25,123.25,123.25,0
2005-07-25,123.36,123.36,123.36,123.36,0
2005-07-26,123.36,123.36,123.36,123.36,0
2005-07-27,123.36,123.36,123.36,123.36,0
2005-07-28,123.36,123.36,123.36,123.36,0
2005-07-29,123.36,123.36,123.36,123.36,0
2005-08-01,123.36,123.36,123.36,123.36,0
2005-08-02,123.02,123.02,123.02,123.02,0
2005-08-03,123.02,123.02,123.02,123.02,0
2005-08-04,123.02,123.02,123.02,123.02,0
2005-08-05,123.36,123.36,123.36,123.36,0
2005-08-09,123.36,123.36,123.36,123.36,0
2005-08-10,121.87,121.87,121.87,121.87,0
2005-08-11,121.87,121.87,121.87,121.87,0
2005-08-12,121.87,121.87,121.87,121.87,0
2005-08-16,121.87,121.87,121.87,121.87,0
2005-08-17,121.87,121.87,121.87,121.87,0
2005-08-18,118.89,118.89,118.89,118.89,0
2005-08-19,117.24,117.24,117.24,117.24,0
2005-08-22,117.24,117.24,117.24,117.24,0
2005-08-23,116.91,116.91,116.91,116.91,0
2005-08-24,116.91,116.91,116.91,116.91,0
2005-08-25,113.93,113.93,113.93,113.93,0
2005-08-26,113.94,113.94,113.94,113.94,0
2005-08-29,113.94,113.94,113.94,113.94,0
2005-08-30,113.94,113.94,113.94,113.94,0
2005-08-31,113.94,113.94,113.94,113.94,0
2005-09-02,113.94,113.94,113.94,113.94,0
2005-09-05,113.94,113.94,113.94,113.94,0
2005-09-06,113.94,113.94,113.94,113.94,0
2005-09-08,113.94,113.94,113.94,113.94,0
2005-09-09,114.09,114.09,114.09,114.09,0
2005-09-12,114.06,114.06,114.06,114.06,0
2005-09-13,114.07,114.07,114.07,114.07,0
2005-09-14,114.03,114.03,114.03,114.03,0
2005-09-15,113.71,113.71,113.71,113.71,0
2005-09-16,113.71,113.71,113.71,113.71,0
2005-09-19,113.71,113.71,113.71,113.71,0
2005-09-20,113.71,113.71,113.71,113.71,0
2005-09-21,113.56,113.56,113.56,113.56,0
2005-09-22,112.92,112.92,112.92,112.92,0
2005-09-23,112.92,112.92,112.92,112.92,0
2005-09-26,112.92,112.92,112.92,112.92,0
2005-09-27,112.92,112.92,112.92,112.92,0
2005-09-28,112.92,112.92,112.92,112.92,0
2005-09-29,112.92,112.92,112.92,112.92,0
2005-09-30,112.92,112.92,112.92,112.92,0
2005-10-03,112.92,112.92,112.92,112.92,0
2005-10-04,112.92,112.92,112.92,112.92,0
2005-10-05,112.92,112.92,112.92,112.92,0
2005-10-06,112.76,112.76,112.76,112.76,0
2005-10-07,112.76,112.76,112.76,112.76,0
2005-10-10,112.76,112.76,112.76,112.76,0
2005-10-11,112.75,112.75,112.75,112.75,0
2005-10-12,112.75,112.75,112.75,112.75,0
2005-10-13,112.76,112.76,112.76,112.76,0
2005-10-14,112.76,112.76,112.76,112.76,0
2005-10-17,112.42,112.42,112.42,112.42,0
2005-10-18,112.42,112.42,112.42,112.42,0
2005-10-19,112.42,112.42,112.42,112.42,0
2005-10-24,112.62,112.62,112.62,112.62,0
2005-10-25,112.62,112.62,112.62,112.62,0
2005-10-26,112.62,112.62,112.62,112.62,0
2005-10-27,112.62,112.62,112.62,112.62,0
2005-10-28,115.6,115.6,115.6,115.6,0
2005-10-31,115.6,115.6,115.6,115.6,0
2005-11-02,115.6,115.6,115.6,115.6,0
2005-11-04,115.6,115.6,115.6,115.6,0
2005-11-07,112.62,112.62,112.62,112.62,0
2005-11-08,112.62,112.62,112.62,112.62,0
2005-11-09,112.63,112.63,112.63,112.63,0
2005-11-10,112.63,112.63,112.63,112.63,0
2005-11-11,112.63,112.63,112.63,112.63,0
2005-11-14,115.61,115.61,115.61,115.61,0
2005-11-16,115.61,115.61,115.61,115.61,0
2005-11-17,115.61,115.61,115.61,115.61,0
2005-11-18,115.61,115.61,115.61,115.61,0
2005-11-21,115.87,115.87,115.87,115.87,0
2005-11-22,115.87,115.87,115.87,115.87,0
2005-11-23,116.14,116.14,116.14,116.14,0
2005-11-24,116.26,116.26,116.26,116.26,0
2005-11-25,116.26,116.26,116.26,116.26,0
2005-11-28,116.26,116.26,116.26,116.26,0
2005-11-29,116.26,116.26,116.26,116.26,0
2005-11-30,121.99,121.99,121.99,121.99,0
2005-12-01,124.86,124.86,124.86,124.86,0
2005-12-02,126.18,126.18,126.18,126.18,0
2005-12-05,126.18,126.18,126.18,126.18,0
2005-12-06,128.58,128.58,128.58,128.58,0
2005-12-07,130.08,130.08,130.08,130.08,0
2005-12-08,130.21,130.21,130.21,130.21,0
2005-12-09,136.15,136.15,136.15,136.15,0
2005-12-12,136.15,136.15,136.15,136.15,0
2005-12-13,137.66,137.66,137.66,137.66,0
2005-12-14,137.66,137.66,137.66,137.66,0
2005-12-15,137.67,137.67,137.67,137.67,0
2005-12-16,137.94,137.94,137.94,137.94,0
2005-12-19,137.93,137.93,137.93,137.93,0
2005-12-20,137.93,137.93,137.93,137.93,0
2005-12-21,138.24,138.24,138.24,138.24,0
2005-12-22,138.24,138.24,138.24,138.24,0
2005-12-23,139.15,139.15,139.15,139.15,0
2005-12-26,139.15,139.15,139.15,139.15,0
2005-12-27,138.36,138.36,138.36,138.36,0
2005-12-28,142.8,142.8,142.8,142.8,0
2005-12-29,142.8,142.8,142.8,142.8,0
2005-12-30,142.82,142.82,142.82,142.82,0
2006-01-02,142.82,142.82,142.82,142.82,0
2006-01-03,142.8,142.8,142.8,142.8,0
2006-01-04,138.33,138.33,138.33,138.33,0
2006-01-06,138.25,138.25,138.25,138.25,0
2006-01-09,138.25,138.25,138.25,138.25,0
2006-01-11,138.27,138.27,138.27,138.27,0
2006-01-12,138.27,138.27,138.27,138.27,0
2006-01-16,136.59,136.59,136.59,136.59,0
2006-01-17,136.59,136.59,136.59,136.59,0
2006-01-18,136.59,136.59,136.59,136.59,0
2006-01-19,136.59,136.59,136.59,136.59,0
2006-01-20,141.11,141.11,141.11,141.11,0
2006-01-23,141.04,141.04,141.04,141.04,0
2006-01-24,136.52,136.52,136.52,136.52,0
2006-01-26,137.28,137.28,137.28,137.28,0
2006-01-27,137.19,137.19,137.19,137.19,0
2006-01-30,132.89,132.89,132.89,132.89,0
2006-01-31,132.89,132.89,132.89,132.89,0
2006-02-01,132,132,132,132,0
2006-02-02,130.5,130.5,130.5,130.5,0
2006-02-03,129.26,129.26,129.26,129.26,0
2006-02-06,129.26,129.26,129.26,129.26,0
2006-02-07,129.41,129.41,129.41,129.41,0
2006-02-08,129.4,129.4,129.4,129.4,0
2006-02-09,129.4,129.4,129.4,129.4,0
2006-02-10,129.4,129.4,129.4,129.4,0
2006-02-13,129.08,129.08,129.08,129.08,0
2006-02-14,128.29,128.29,128.29,128.29,0
2006-02-15,127.49,127.49,127.49,127.49,0
2006-02-16,127.49,127.49,127.49,127.49,0
2006-02-17,129.89,129.89,129.89,129.89,0
2006-02-20,129.89,129.89,129.89,129.89,0
2006-02-21,129.59,129.59,129.59,129.59,0
2006-02-22,131.98,131.98,131.98,131.98,0
2006-02-23,131.98,131.98,131.98,131.98,0
2006-02-24,134.36,134.36,134.36,134.36,0
2006-02-27,134.36,134.36,134.36,134.36,0
2006-02-28,134.33,134.33,134.33,134.33,0
2006-03-01,134.33,134.33,134.33,134.33,0
2006-03-02,134.33,134.33,134.33,134.33,0
2006-03-03,134.33,134.33,134.33,134.33,0
2006-03-06,135.93,135.93,135.93,135.93,0
2006-03-07,136.55,136.55,136.55,136.55,0
2006-03-08,133.68,133.68,133.68,133.68,0
2006-03-10,134.05,134.05,134.05,134.05,0
2006-03-13,134.05,134.05,134.05,134.05,0
2006-03-14,134.05,134.05,134.05,134.05,0
2006-03-15,134.05,134.05,134.05,134.05,0
2006-03-16,136.14,136.14,136.14,136.14,0
2006-03-17,136.14,136.14,136.14,136.14,0
2006-03-20,134.08,134.08,134.08,134.08,0
2006-03-21,134.09,134.09,134.09,134.09,0
2006-03-22,137.05,137.05,137.05,137.05,0
2006-03-23,138.53,138.53,138.53,138.53,0
2006-03-24,138.53,138.53,138.53,138.53,0
2006-03-27,138.53,138.53,138.53,138.53,0
2006-03-28,138.52,138.52,138.52,138.52,0
2006-03-29,141.5,141.5,141.5,141.5,0
2006-03-30,141.51,141.51,141.51,141.51,0
2006-03-31,145.96,145.96,145.96,145.96,0
2006-04-03,145.96,145.96,145.96,145.96,0
2006-04-04,145.98,145.98,145.98,145.98,0
2006-04-05,145.98,145.98,145.98,145.98,0
2006-04-06,145.98,145.98,145.98,145.98,0
2006-04-07,145.98,145.98,145.98,145.98,0
2006-04-10,147.77,147.77,147.77,147.77,0
2006-04-12,147.77,147.77,147.77,147.77,0
2006-04-13,151.94,151.94,151.94,151.94,0
2006-04-14,152.19,152.19,152.19,152.19,0
2006-04-18,152.19,152.19,152.19,152.19,0
2006-04-19,152.19,152.19,152.19,152.19,0
2006-04-20,152.21,152.21,152.21,152.21,0
2006-04-21,152.26,152.26,152.26,152.26,0
2006-04-24,152.26,152.26,152.26,152.26,0
2006-04-25,158.51,158.51,158.51,158.51,0
2006-04-26,158.39,158.39,158.39,158.39,0
2006-04-27,158.39,158.39,158.39,158.39,0
2006-04-28,164.2,164.2,164.2,164.2,0
2006-05-02,164.27,164.27,164.27,164.27,0
2006-05-03,164.02,164.02,164.02,164.02,0
2006-05-04,170.77,170.77,170.77,170.77,0
2006-05-05,164.88,164.88,164.88,164.88,0
2006-05-08,164.88,164.88,164.88,164.88,0
2006-05-09,164.94,164.94,164.94,164.94,0
2006-05-10,164.94,164.94,164.94,164.94,0
2006-05-11,164.71,164.71,164.71,164.71,0
2006-05-12,164.71,164.71,164.71,164.71,0
2006-05-15,164.71,164.71,164.71,164.71,0
2006-05-16,164.71,164.71,164.71,164.71,0
2006-05-17,165.16,165.16,165.16,165.16,0
2006-05-18,165.16,165.16,165.16,165.16,0
2006-05-19,165.16,165.16,165.16,165.16,0
2006-05-22,165.17,165.17,165.17,165.17,0
2006-05-23,163.97,163.97,163.97,163.97,0
2006-05-24,158.01,158.01,158.01,158.01,0
2006-05-26,159.53,159.53,159.53,159.53,0
2006-05-29,154.61,154.61,154.61,154.61,0
2006-05-30,153.33,153.33,153.33,153.33,0
2006-05-31,153.23,153.23,153.23,153.23,0
2006-06-01,153.22,153.22,153.22,153.22,0
2006-06-02,153.16,153.16,153.16,153.16,0
2006-06-06,153.16,153.16,153.16,153.16,0
2006-06-07,153.16,153.16,153.16,153.16,0
2006-06-08,153.22,153.22,153.22,153.22,0
2006-06-09,153.22,153.22,153.22,153.22,0
2006-06-12,153.2,153.2,153.2,153.2,0
2006-06-13,153.03,153.03,153.03,153.03,0
2006-06-14,150.13,150.13,150.13,150.13,0
2006-06-15,143.87,143.87,143.87,143.87,0
2006-06-16,143.87,143.87,143.87,143.87,0
2006-06-19,143.87,143.87,143.87,143.87,0
2006-06-20,143.87,143.87,143.87,143.87,0
2006-06-21,144,144,144,144,0
2006-06-22,143.4,143.4,143.4,143.4,0
2006-06-23,145.34,145.34,145.34,145.34,0
2006-06-26,145.34,145.34,145.34,145.34,0
2006-06-27,145.34,145.34,145.34,145.34,0
2006-06-28,144.07,144.07,144.07,144.07,0
2006-06-29,144.07,144.07,144.07,144.07,0
2006-06-30,144.07,144.07,144.07,144.07,0
2006-07-03,144.07,144.07,144.07,144.07,0
2006-07-04,144.07,144.07,144.07,144.07,0
2006-07-05,146.62,146.62,146.62,146.62,0
2006-07-06,146.62,146.62,146.62,146.62,0
2006-07-07,146.62,146.62,146.62,146.62,0
2006-07-10,145.85,145.85,145.85,145.85,0
2006-07-11,145.98,145.98,145.98,145.98,0
2006-07-12,145.98,145.98,145.98,145.98,0
2006-07-13,145.97,145.97,145.97,145.97,0
2006-07-14,145.97,145.97,145.97,145.97,0
2006-07-17,134.97,134.97,134.97,134.97,0
2006-07-18,134.97,134.97,134.97,134.97,0
2006-07-19,134.97,134.97,134.97,134.97,0
2006-07-20,135.76,135.76,135.76,135.76,0
2006-07-21,135.78,135.78,135.78,135.78,0
2006-07-24,135.78,135.78,135.78,135.78,0
2006-07-25,135.78,135.78,135.78,135.78,0
2006-07-26,135.76,135.76,135.76,135.76,0
2006-07-27,135.76,135.76,135.76,135.76,0
2006-07-28,135.78,135.78,135.78,135.78,0
2006-07-31,135.78,135.78,135.78,135.78,0
2006-08-01,135.78,135.78,135.78,135.78,0
2006-08-02,135.78,135.78,135.78,135.78,0
2006-08-03,133.07,133.07,133.07,133.07,0
2006-08-04,133.07,133.07,133.07,133.07,0
2006-08-08,133.06,133.06,133.06,133.06,0
2006-08-09,133.21,133.21,133.21,133.21,0
2006-08-10,132.88,132.88,132.88,132.88,0
2006-08-11,132.88,132.88,132.88,132.88,0
2006-08-14,132.88,132.88,132.88,132.88,0
2006-08-16,132.88,132.88,132.88,132.88,0
2006-08-17,132.88,132.88,132.88,132.88,0
2006-08-18,133.2,133.2,133.2,133.2,0
2006-08-21,133.2,133.2,133.2,133.2,0
2006-08-22,133.2,133.2,133.2,133.2,0
2006-08-23,133.2,133.2,133.2,133.2,0
2006-08-24,133.2,133.2,133.2,133.2,0
2006-08-25,133.2,133.2,133.2,133.2,0
2006-08-28,133.2,133.2,133.2,133.2,0
2006-08-29,133.2,133.2,133.2,133.2,0
2006-08-30,128.73,128.73,128.73,128.73,0
2006-08-31,128.73,128.73,128.73,128.73,0
2006-09-01,128.76,128.76,128.76,128.76,0
2006-09-04,128.76,128.76,128.76,128.76,0
2006-09-06,129.07,129.07,129.07,129.07,0
2006-09-07,129.07,129.07,129.07,129.07,0
2006-09-08,129.07,129.07,129.07,129.07,0
2006-09-11,129.07,129.07,129.07,129.07,0
2006-09-12,128.76,128.76,128.76,128.76,0
2006-09-13,145.64,145.64,145.64,145.64,0
2006-09-14,145.64,145.64,145.64,145.64,0
2006-09-15,145.64,145.64,145.64,145.64,0
2006-09-18,176.02,176.02,176.02,176.02,0
2006-09-19,187.65,187.65,187.65,187.65,0
2006-09-20,187.45,187.45,187.45,187.45,0
2006-09-21,213.71,213.71,213.71,213.71,0
2006-09-22,228.33,228.33,228.33,228.33,0
2006-09-25,212.58,212.58,212.58,212.58,0
2006-09-26,197.96,197.96,197.96,197.96,0
2006-09-27,197.96,197.96,197.96,197.96,0
2006-09-28,197.96,197.96,197.96,197.96,0
2006-10-02,160.45,160.45,160.45,160.45,0
2006-10-03,160.41,160.41,160.41,160.41,0
2006-10-04,131.15,131.15,131.15,131.15,0
2006-10-05,122.53,122.53,122.53,122.53,0
2006-10-06,114.7,114.7,114.7,114.7,0
2006-10-09,107.57,107.57,107.57,107.57,0
2006-10-10,100.82,100.82,100.82,100.82,0
2006-10-12,109.07,109.07,109.07,109.07,0
2006-10-13,108.76,108.76,108.76,108.76,0
2006-10-16,105.01,105.01,105.01,105.01,0
2006-10-17,102.01,102.01,102.01,102.01,0
2006-10-18,108.39,108.39,108.39,108.39,0
2006-10-20,107.26,107.26,107.26,107.26,0
2006-10-24,105.76,105.76,105.76,105.76,0
2006-10-25,105.76,105.76,105.76,105.76,0
2006-10-26,105.01,105.01,105.01,105.01,0
2006-10-27,105.76,105.76,105.76,105.76,0
2006-10-30,99.01,99.01,99.01,99.01,0
2006-10-31,104.91,104.91,104.91,104.91,0
2006-11-02,104.91,104.91,104.91,104.91,0
2006-11-03,104.16,104.16,104.16,104.16,0
2006-11-06,101.16,101.16,101.16,101.16,0
2006-11-07,100.03,100.03,100.03,100.03,0
2006-11-08,101.91,101.91,101.91,101.91,0
2006-11-09,100.03,100.03,100.03,100.03,0
2006-11-10,100.03,100.03,100.03,100.03,0
2006-11-13,97.78,97.78,97.78,97.78,0
2006-11-14,97.03,97.03,97.03,97.03,0
2006-11-16,97.03,97.03,97.03,97.03,0
2006-11-17,90.7,90.7,90.7,90.7,0
2006-11-20,84.69,84.69,84.69,84.69,0
2006-11-21,84.56,84.56,84.56,84.56,0
2006-11-22,86.44,86.44,86.44,86.44,0
2006-11-23,86.63,86.63,86.63,86.63,0
2006-11-24,86.84,86.84,86.84,86.84,0
2006-11-27,86.84,86.84,86.84,86.84,0
2006-11-28,84.94,84.94,84.94,84.94,0
2006-11-29,84.94,84.94,84.94,84.94,0
2006-11-30,83.07,83.07,83.07,83.07,0
2006-12-01,82.69,82.69,82.69,82.69,0
2006-12-04,81.58,81.58,81.58,81.58,0
2006-12-05,79.31,79.31,79.31,79.31,0
2006-12-06,78.93,78.93,78.93,78.93,0
2006-12-07,79.31,79.31,79.31,79.31,0
2006-12-08,79.31,79.31,79.31,79.31,0
2006-12-11,79.31,79.31,79.31,79.31,0
2006-12-12,75.56,75.56,75.56,75.56,0
2006-12-13,75.48,75.48,75.48,75.48,0
2006-12-14,75.48,75.48,75.48,75.48,0
2006-12-15,75.49,75.49,75.49,75.49,0
2006-12-18,75.49,75.49,75.49,75.49,0
2006-12-19,75.11,75.11,75.11,75.11,0
2006-12-20,75.49,75.49,75.49,75.49,0
2006-12-21,75.11,75.11,75.11,75.11,0
2006-12-22,75.11,75.11,75.11,75.11,0
2006-12-26,75.11,75.11,75.11,75.11,0
2006-12-27,75.11,75.11,75.11,75.11,0
2006-12-28,75.11,75.11,75.11,75.11,0
2006-12-29,75.48,75.48,75.48,75.48,0
2007-01-02,75.48,75.48,75.48,75.48,0
2007-01-03,75.39,75.39,75.39,75.39,0
2007-01-04,75.02,75.02,75.02,75.02,0
2007-01-05,75.39,75.39,75.39,75.39,0
2007-01-08,75.39,75.39,75.39,75.39,0
2007-01-09,75.39,75.39,75.39,75.39,0
2007-01-10,75.39,75.39,75.39,75.39,0
2007-01-11,75.39,75.39,75.39,75.39,0
2007-01-12,75.39,75.39,75.39,75.39,0
2007-01-15,75.39,75.39,75.39,75.39,0
2007-01-16,75.02,75.02,75.02,75.02,0
2007-01-17,75.39,75.39,75.39,75.39,0
2007-01-18,75.39,75.39,75.39,75.39,0
2007-01-19,75.39,75.39,75.39,75.39,0
2007-01-22,75.39,75.39,75.39,75.39,0
2007-01-23,75.39,75.39,75.39,75.39,0
2007-01-24,79.5,79.5,79.5,79.5,0
2007-01-25,75.77,75.77,75.77,75.77,0
2007-01-26,75.02,75.02,75.02,75.02,0
2007-01-30,74.64,74.64,74.64,74.64,0
2007-01-31,74.32,74.32,74.32,74.32,0
2007-02-01,70.2,70.2,70.2,70.2,0
2007-02-02,72.07,72.07,72.07,72.07,0
2007-02-05,71.7,71.7,71.7,71.7,0
2007-02-06,71.7,71.7,71.7,71.7,0
2007-02-07,71.32,71.32,71.32,71.32,0
2007-02-08,71.32,71.32,71.32,71.32,0
2007-02-09,71.32,71.32,71.32,71.32,0
2007-02-12,71.32,71.32,71.32,71.32,0
2007-02-13,72.82,72.82,72.82,72.82,0
2007-02-14,72.82,72.82,72.82,72.82,0
2007-02-15,75.81,75.81,75.81,75.81,0
2007-02-19,75.81,75.81,75.81,75.81,0
2007-02-20,76.29,76.29,76.29,76.29,0
2007-02-21,81.16,81.16,81.16,81.16,0
2007-02-22,84.15,84.15,84.15,84.15,0
2007-02-23,86.95,86.95,86.95,86.95,0
2007-02-26,83.96,83.96,83.96,83.96,0
2007-02-27,83.96,83.96,83.96,83.96,0
2007-02-28,88.45,88.45,88.45,88.45,0
2007-03-01,91.44,91.44,91.44,91.44,0
2007-03-02,96.77,96.77,96.77,96.77,0
2007-03-05,96.77,96.77,96.77,96.77,0
2007-03-06,96.96,96.96,96.96,96.96,0
2007-03-07,96.96,96.96,96.96,96.96,0
2007-03-08,96.96,96.96,96.96,96.96,0
2007-03-09,97,97,97,97,0
2007-03-12,94.01,94.01,94.01,94.01,0
2007-03-13,96.97,96.97,96.97,96.97,0
2007-03-14,94.71,94.71,94.71,94.71,0
2007-03-15,92.47,92.47,92.47,92.47,0
2007-03-16,91.72,91.72,91.72,91.72,0
2007-03-19,92.47,92.47,92.47,92.47,0
2007-03-20,92.47,92.47,92.47,92.47,0
2007-03-21,92.47,92.47,92.47,92.47,0
2007-03-22,92.47,92.47,92.47,92.47,0
2007-03-26,102.94,102.94,102.94,102.94,0
2007-03-27,102.95,102.95,102.95,102.95,0
2007-03-28,107.44,107.44,107.44,107.44,0
2007-03-29,102.94,102.94,102.94,102.94,0
2007-03-30,102.94,102.94,102.94,102.94,0
2007-04-02,102.94,102.94,102.94,102.94,0
2007-04-03,101.44,101.44,101.44,101.44,0
2007-04-04,99.74,99.74,99.74,99.74,0
2007-04-05,102.73,102.73,102.73,102.73,0
2007-04-06,102.73,102.73,102.73,102.73,0
2007-04-10,102.73,102.73,102.73,102.73,0
2007-04-11,101.99,101.99,101.99,101.99,0
2007-04-12,97.5,97.5,97.5,97.5,0
2007-04-13,97.5,97.5,97.5,97.5,0
2007-04-16,101.24,101.24,101.24,101.24,0
2007-04-17,101.24,101.24,101.24,101.24,0
2007-04-18,99.74,99.74,99.74,99.74,0
2007-04-20,99.74,99.74,99.74,99.74,0
2007-04-23,102.74,102.74,102.74,102.74,0
2007-04-24,102.74,102.74,102.74,102.74,0
2007-04-25,102.74,102.74,102.74,102.74,0
2007-04-26,102.74,102.74,102.74,102.74,0
2007-04-27,102.75,102.75,102.75,102.75,0
2007-04-30,102.75,102.75,102.75,102.75,0
2007-05-02,101.26,101.26,101.26,101.26,0
2007-05-03,102.75,102.75,102.75,102.75,0
2007-05-04,102.75,102.75,102.75,102.75,0
2007-05-07,101.97,101.97,101.97,101.97,0
2007-05-08,101.72,101.72,101.72,101.72,0
2007-05-09,102.1,102.1,102.1,102.1,0
2007-05-10,102.1,102.1,102.1,102.1,0
2007-05-11,102.1,102.1,102.1,102.1,0
2007-05-14,102.13,102.13,102.13,102.13,0
2007-05-15,101.48,101.48,101.48,101.48,0
2007-05-16,99.34,99.34,99.34,99.34,0
2007-05-18,99.34,99.34,99.34,99.34,0
2007-05-21,99.68,99.68,99.68,99.68,0
2007-05-22,96.71,96.71,96.71,96.71,0
2007-05-23,94.71,94.71,94.71,94.71,0
2007-05-24,95.46,95.46,95.46,95.46,0
2007-05-25,99.95,99.95,99.95,99.95,0
2007-05-29,99.86,99.86,99.86,99.86,0
2007-05-30,99.86,99.86,99.86,99.86,0
2007-05-31,96.9,96.9,96.9,96.9,0
2007-06-01,96.7,96.7,96.7,96.7,0
2007-06-04,96.7,96.7,96.7,96.7,0
2007-06-05,95.01,95.01,95.01,95.01,0
2007-06-06,95.01,95.01,95.01,95.01,0
2007-06-07,96.4,96.4,96.4,96.4,0
2007-06-08,97.9,97.9,97.9,97.9,0
2007-06-11,97.9,97.9,97.9,97.9,0
2007-06-12,96.4,96.4,96.4,96.4,0
2007-06-13,94.91,94.91,94.91,94.91,0
2007-06-14,94.57,94.57,94.57,94.57,0
2007-06-15,96.39,96.39,96.39,96.39,0
2007-06-18,95,95,95,95,0
2007-06-19,94.56,94.56,94.56,94.56,0
2007-06-20,95.31,95.31,95.31,95.31,0
2007-06-21,100.19,100.19,100.19,100.19,0
2007-06-22,98.69,98.69,98.69,98.69,0
2007-06-25,98.69,98.69,98.69,98.69,0
2007-06-26,100.8,100.8,100.8,100.8,0
2007-06-27,105.49,105.49,105.49,105.49,0
2007-06-28,111.47,111.47,111.47,111.47,0
2007-06-29,118.32,118.32,118.32,118.32,0
2007-07-02,118.32,118.32,118.32,118.32,0
2007-07-03,111.59,111.59,111.59,111.59,0
2007-07-04,117.91,117.91,117.91,117.91,0
2007-07-05,117.91,117.91,117.91,117.91,0
2007-07-06,117.91,117.91,117.91,117.91,0
2007-07-09,117.91,117.91,117.91,117.91,0
2007-07-10,117.91,117.91,117.91,117.91,0
2007-07-11,117.03,117.03,117.03,117.03,0
2007-07-12,115.49,115.49,115.49,115.49,0
2007-07-13,115.11,115.11,115.11,115.11,0
2007-07-16,109.05,109.05,109.05,109.05,0
2007-07-17,103.82,103.82,103.82,103.82,0
2007-07-18,103.47,103.47,103.47,103.47,0
2007-07-19,103.89,103.89,103.89,103.89,0
2007-07-20,109.12,109.12,109.12,109.12,0
2007-07-23,110.36,110.36,110.36,110.36,0
2007-07-24,102.79,102.79,102.79,102.79,0
2007-07-25,101.05,101.05,101.05,101.05,0
2007-07-26,103.48,103.48,103.48,103.48,0
2007-07-27,101.24,101.24,101.24,101.24,0
2007-07-31,101.21,101.21,101.21,101.21,0
2007-08-01,101.21,101.21,101.21,101.21,0
2007-08-02,102.91,102.91,102.91,102.91,0
2007-08-03,102.17,102.17,102.17,102.17,0
2007-08-08,101.05,101.05,101.05,101.05,0
2007-08-09,96.57,96.57,96.57,96.57,0
2007-08-10,101.65,101.65,101.65,101.65,0
2007-08-13,101.65,101.65,101.65,101.65,0
2007-08-14,98.26,98.26,98.26,98.26,0
2007-08-16,101.65,101.65,101.65,101.65,0
2007-08-17,100.16,100.16,100.16,100.16,0
2007-08-20,100.16,100.16,100.16,100.16,0
2007-08-21,103.15,103.15,103.15,103.15,0
2007-08-22,103.15,103.15,103.15,103.15,0
2007-08-23,102.4,102.4,102.4,102.4,0
2007-08-24,102.02,102.02,102.02,102.02,0
2007-08-27,102.03,102.03,102.03,102.03,0
2007-08-28,101.28,101.28,101.28,101.28,0
2007-08-29,102.03,102.03,102.03,102.03,0
2007-08-30,101.29,101.29,101.29,101.29,0
2007-08-31,104.28,104.28,104.28,104.28,0
2007-09-03,104.28,104.28,104.28,104.28,0
2007-09-04,104.28,104.28,104.28,104.28,0
2007-09-05,104.28,104.28,104.28,104.28,0
2007-09-06,103.91,103.91,103.91,103.91,0
2007-09-07,100.18,100.18,100.18,100.18,0
2007-09-10,100.18,100.18,100.18,100.18,0
2007-09-11,100.22,100.22,100.22,100.22,0
2007-09-12,100.22,100.22,100.22,100.22,0
2007-09-13,100.22,100.22,100.22,100.22,0
2007-09-14,99.47,99.47,99.47,99.47,0
2007-09-17,98.73,98.73,98.73,98.73,0
2007-09-18,98.73,98.73,98.73,98.73,0
2007-09-19,96.84,96.84,96.84,96.84,0
2007-09-20,96.85,96.85,96.85,96.85,0
2007-09-21,96.11,96.11,96.11,96.11,0
2007-09-24,96.45,96.45,96.45,96.45,0
2007-09-25,97.18,97.18,97.18,97.18,0
2007-09-26,97.15,97.15,97.15,97.15,0
2007-09-27,97.15,97.15,97.15,97.15,0
2007-09-28,96.39,96.39,96.39,96.39,0
2007-10-01,96.4,96.4,96.4,96.4,0
2007-10-02,97.15,97.15,97.15,97.15,0
2007-10-03,96.02,96.02,96.02,96.02,0
2007-10-04,96.77,96.77,96.77,96.77,0
2007-10-05,96.77,96.77,96.77,96.77,0
2007-10-08,95.28,95.28,95.28,95.28,0
2007-10-10,96.77,96.77,96.77,96.77,0
2007-10-11,96.39,96.39,96.39,96.39,0
2007-10-15,95.26,95.26,95.26,95.26,0
2007-10-16,95.26,95.26,95.26,95.26,0
2007-10-17,95.64,95.64,95.64,95.64,0
2007-10-18,96.38,96.38,96.38,96.38,0
2007-10-19,96.38,96.38,96.38,96.38,0
2007-10-22,96.38,96.38,96.38,96.38,0
2007-10-23,97.13,97.13,97.13,97.13,0
2007-10-24,98.26,98.26,98.26,98.26,0
2007-10-25,97.51,97.51,97.51,97.51,0
2007-10-26,96.76,96.76,96.76,96.76,0
2007-10-29,97.51,97.51,97.51,97.51,0
2007-10-30,97.52,97.52,97.52,97.52,0
2007-10-31,96.58,96.58,96.58,96.58,0
2007-11-02,97.15,97.15,97.15,97.15,0
2007-11-05,97.16,97.16,97.16,97.16,0
2007-11-06,97.91,97.91,97.91,97.91,0
2007-11-07,97.91,97.91,97.91,97.91,0
2007-11-08,97.91,97.91,97.91,97.91,0
2007-11-09,102.39,102.39,102.39,102.39,0
2007-11-12,102.38,102.38,102.38,102.38,0
2007-11-13,103.13,103.13,103.13,103.13,0
2007-11-14,103.24,103.24,103.24,103.24,0
2007-11-16,97.72,97.72,97.72,97.72,0
2007-11-19,97.71,97.71,97.71,97.71,0
2007-11-20,99.2,99.2,99.2,99.2,0
2007-11-21,99.01,99.01,99.01,99.01,0
2007-11-22,100.13,100.13,100.13,100.13,0
2007-11-23,100.32,100.32,100.32,100.32,0
2007-11-26,100.32,100.32,100.32,100.32,0
2007-11-27,100.34,100.34,100.34,100.34,0
2007-11-30,98.62,98.62,98.62,98.62,0
2007-12-03,97.14,97.14,97.14,97.14,0
2007-12-04,95.64,95.64,95.64,95.64,0
2007-12-05,95.64,95.64,95.64,95.64,0
2007-12-06,95.64,95.64,95.64,95.64,0
2007-12-07,97.33,97.33,97.33,97.33,0
2007-12-10,97.28,97.28,97.28,97.28,0
2007-12-11,96.58,96.58,96.58,96.58,0
2007-12-12,96.57,96.57,96.57,96.57,0
2007-12-13,97.33,97.33,97.33,97.33,0
2007-12-14,97.37,97.37,97.37,97.37,0
2007-12-17,98.86,98.86,98.86,98.86,0
2007-12-18,96.56,96.56,96.56,96.56,0
2007-12-20,97.32,97.32,97.32,97.32,0
2007-12-21,97.36,97.36,97.36,97.36,0
2007-12-24,97.36,97.36,97.36,97.36,0
2007-12-26,97.36,97.36,97.36,97.36,0
2007-12-27,96.6,96.6,96.6,96.6,0
2007-12-28,97.36,97.36,97.36,97.36,0
2007-12-31,97.36,97.36,97.36,97.36,0
2008-01-02,95.8,95.8,95.8,95.8,0
2008-01-03,97.32,97.32,97.32,97.32,0
2008-01-04,97.29,97.29,97.29,97.29,0
2008-01-07,97.14,97.14,97.14,97.14,0
2008-01-09,97.16,97.16,97.16,97.16,0
2008-01-10,98.68,98.68,98.68,98.68,0
2008-01-11,98.68,98.68,98.68,98.68,0
2008-01-14,100.42,100.42,100.42,100.42,0
2008-01-15,101.18,101.18,101.18,101.18,0
2008-01-16,100.51,100.51,100.51,100.51,0
2008-01-17,100.57,100.57,100.57,100.57,0
2008-01-18,101.37,101.37,101.37,101.37,0
2008-01-21,101.37,101.37,101.37,101.37,0
2008-01-22,99.2,99.2,99.2,99.2,0
2008-01-23,99.2,99.2,99.2,99.2,0
2008-01-24,99.26,99.26,99.26,99.26,0
2008-01-25,99.21,99.21,99.21,99.21,0
2008-01-28,98.45,98.45,98.45,98.45,0
2008-01-29,99.19,99.19,99.19,99.19,0
2008-01-30,99.15,99.15,99.15,99.15,0
2008-01-31,101.48,101.48,101.48,101.48,0
2008-02-01,97.67,97.67,97.67,97.67,0
2008-02-04,99.19,99.19,99.19,99.19,0
2008-02-05,99.94,99.94,99.94,99.94,0
2008-02-06,99.18,99.18,99.18,99.18,0
2008-02-07,99.94,99.94,99.94,99.94,0
2008-02-08,102.34,102.34,102.34,102.34,0
2008-02-11,102.34,102.34,102.34,102.34,0
2008-02-12,102.35,102.35,102.35,102.35,0
2008-02-13,103.87,103.87,103.87,103.87,0
2008-02-14,103.86,103.86,103.86,103.86,0
2008-02-15,103.86,103.86,103.86,103.86,0
2008-02-18,103.94,103.94,103.94,103.94,0
2008-02-19,103.95,103.95,103.95,103.95,0
2008-02-20,103.95,103.95,103.95,103.95,0
2008-02-21,103.9,103.9,103.9,103.9,0
2008-02-22,104.66,104.66,104.66,104.66,0
2008-02-25,104.67,104.67,104.67,104.67,0
2008-02-26,104.67,104.67,104.67,104.67,0
2008-02-27,109.23,109.23,109.23,109.23,0
2008-02-28,115.31,115.31,115.31,115.31,0
2008-02-29,115.31,115.31,115.31,115.31,0
2008-03-03,114.6,114.6,114.6,114.6,0
2008-03-04,115.35,115.35,115.35,115.35,0
2008-03-05,113.84,113.84,113.84,113.84,0
2008-03-06,114.6,114.6,114.6,114.6,0
2008-03-07,115.36,115.36,115.36,115.36,0
2008-03-10,114.6,114.6,114.6,114.6,0
2008-03-11,115.32,115.32,115.32,115.32,0
2008-03-12,116.04,116.04,116.04,116.04,0
2008-03-13,116.14,116.14,116.14,116.14,0
2008-03-14,120.7,120.7,120.7,120.7,0
2008-03-17,120.7,120.7,120.7,120.7,0
2008-03-18,120.71,120.71,120.71,120.71,0
2008-03-19,121.47,121.47,121.47,121.47,0
2008-03-21,128.31,128.31,128.31,128.31,0
2008-03-25,129.83,129.83,129.83,129.83,0
2008-03-26,137.45,137.45,137.45,137.45,0
2008-03-27,144.39,144.39,144.39,144.39,0
2008-03-28,144.48,144.48,144.48,144.48,0
2008-03-31,143.12,143.12,143.12,143.12,0
2008-04-01,140.44,140.44,140.44,140.44,0
2008-04-02,137.4,137.4,137.4,137.4,0
2008-04-03,135.12,135.12,135.12,135.12,0
2008-04-04,133.6,133.6,133.6,133.6,0
2008-04-07,133.6,133.6,133.6,133.6,0
2008-04-08,125.13,125.13,125.13,125.13,0
2008-04-09,117.63,117.63,117.63,117.63,0
2008-04-10,118.93,118.93,118.93,118.93,0
2008-04-11,118.93,118.93,118.93,118.93,0
2008-04-14,125.77,125.77,125.77,125.77,0
2008-04-15,128.8,128.8,128.8,128.8,0
2008-04-16,128.9,128.9,128.9,128.9,0
2008-04-17,130.42,130.42,130.42,130.42,0
2008-04-18,130.42,130.42,130.42,130.42,0
2008-04-21,130.49,130.49,130.49,130.49,0
2008-04-22,130.49,130.49,130.49,130.49,0
2008-04-23,130.49,130.49,130.49,130.49,0
2008-04-24,130.49,130.49,130.49,130.49,0
2008-04-25,138.11,138.11,138.11,138.11,0
2008-04-28,138.11,138.11,138.11,138.11,0
2008-04-29,138.11,138.11,138.11,138.11,0
2008-04-30,138.56,138.56,138.56,138.56,0
2008-05-02,138.56,138.56,138.56,138.56,0
2008-05-05,138.56,138.56,138.56,138.56,0
2008-05-06,138.74,138.74,138.74,138.74,0
2008-05-07,138.74,138.74,138.74,138.74,0
2008-05-08,137.98,137.98,137.98,137.98,0
2008-05-09,137.98,137.98,137.98,137.98,0
2008-05-13,139.19,139.19,139.19,139.19,0
2008-05-14,139.56,139.56,139.56,139.56,0
2008-05-15,140.59,140.59,140.59,140.59,0
2008-05-16,140.62,140.62,140.62,140.62,0
2008-05-19,139.43,139.43,139.43,139.43,0
2008-05-20,139.58,139.58,139.58,139.58,0
2008-05-21,140.72,140.72,140.72,140.72,0
2008-05-22,140.71,140.71,140.71,140.71,0
2008-05-23,140.71,140.71,140.71,140.71,0
2008-05-26,140.61,140.61,140.61,140.61,0
2008-05-27,140.61,140.61,140.61,140.61,0
2008-05-28,142.71,142.71,142.71,142.71,0
2008-05-29,151.06,151.06,151.06,151.06,0
2008-06-02,156.59,156.59,156.59,156.59,0
2008-06-03,162.84,162.84,162.84,162.84,0
2008-06-04,159.8,159.8,159.8,159.8,0
2008-06-05,156.67,156.67,156.67,156.67,0
2008-06-06,155.91,155.91,155.91,155.91,0
2008-06-09,163.47,163.47,163.47,163.47,0
2008-06-10,156.69,156.69,156.69,156.69,0
2008-06-11,152.99,152.99,152.99,152.99,0
2008-06-12,149.22,149.22,149.22,149.22,0
2008-06-13,145.4,145.4,145.4,145.4,0
2008-06-16,149.2,149.2,149.2,149.2,0
2008-06-17,149.2,149.2,149.2,149.2,0
2008-06-18,141.6,141.6,141.6,141.6,0
2008-06-19,145.89,145.89,145.89,145.89,0
2008-06-20,148.81,148.81,148.81,148.81,0
2008-06-23,149.73,149.73,149.73,149.73,0
2008-06-24,149.64,149.64,149.64,149.64,0
2008-06-25,145.86,145.86,145.86,145.86,0
2008-06-26,145.95,145.95,145.95,145.95,0
2008-06-27,146,146,146,146,0
2008-06-30,138.4,138.4,138.4,138.4,0
2008-07-01,130.46,130.46,130.46,130.46,0
2008-07-02,122.77,122.77,122.77,122.77,0
2008-07-03,122.54,122.54,122.54,122.54,0
2008-07-04,123,123,123,123,0
2008-07-07,123.38,123.38,123.38,123.38,0
2008-07-08,130.64,130.64,130.64,130.64,0
2008-07-09,130.66,130.66,130.66,130.66,0
2008-07-10,130.66,130.66,130.66,130.66,0
2008-07-11,130.66,130.66,130.66,130.66,0
2008-07-14,130.66,130.66,130.66,130.66,0
2008-07-15,130.66,130.66,130.66,130.66,0
2008-07-16,130.66,130.66,130.66,130.66,0
2008-07-17,130.66,130.66,130.66,130.66,0
2008-07-18,130.66,130.66,130.66,130.66,0
2008-07-21,130.66,130.66,130.66,130.66,0
2008-07-22,130.66,130.66,130.66,130.66,0
2008-07-23,134.47,134.47,134.47,134.47,0
2008-07-24,130.66,130.66,130.66,130.66,0
2008-07-25,130.66,130.66,130.66,130.66,0
2008-07-28,130.66,130.66,130.66,130.66,0
2008-07-29,138.27,138.27,138.27,138.27,0
2008-07-30,142.11,142.11,142.11,142.11,0
2008-07-31,142.3,142.3,142.3,142.3,0
2008-08-01,150.08,150.08,150.08,150.08,0
2008-08-05,150.43,150.43,150.43,150.43,0
2008-08-06,147.16,147.16,147.16,147.16,0
2008-08-08,143.37,143.37,143.37,143.37,0
2008-08-11,139.57,139.57,139.57,139.57,0
2008-08-12,135.95,135.95,135.95,135.95,0
2008-08-13,143.56,143.56,143.56,143.56,0
2008-08-14,143.75,143.75,143.75,143.75,0
2008-08-18,139.97,139.97,139.97,139.97,0
2008-08-19,136.19,136.19,136.19,136.19,0
2008-08-20,128.6,128.6,128.6,128.6,0
2008-08-21,128.61,128.61,128.61,128.61,0
2008-08-22,132.44,132.44,132.44,132.44,0
2008-08-25,136.22,136.22,136.22,136.22,0
2008-08-26,132.44,132.44,132.44,132.44,0
2008-08-28,132.49,132.49,132.49,132.49,0
2008-08-29,131.98,131.98,131.98,131.98,0
2008-09-01,128.17,128.17,128.17,128.17,0
2008-09-02,131.88,131.88,131.88,131.88,0
2008-09-03,135.69,135.69,135.69,135.69,0
2008-09-04,136.21,136.21,136.21,136.21,0
2008-09-05,136.21,136.21,136.21,136.21,0
2008-09-08,136.21,136.21,136.21,136.21,0
2008-09-09,135.85,135.85,135.85,135.85,0
2008-09-10,136.04,136.04,136.04,136.04,0
2008-09-11,136.04,136.04,136.04,136.04,0
2008-09-12,136.04,136.04,136.04,136.04,0
2008-09-15,132.23,132.23,132.23,132.23,0
2008-09-16,136.05,136.05,136.05,136.05,0
2008-09-17,135.87,135.87,135.87,135.87,0
2008-09-18,135.87,135.87,135.87,135.87,0
2008-09-19,135.87,135.87,135.87,135.87,0
2008-09-22,135.87,135.87,135.87,135.87,0
2008-09-23,135.87,135.87,135.87,135.87,0
2008-09-24,135.87,135.87,135.87,135.87,0
2008-09-25,135.87,135.87,135.87,135.87,0
2008-09-26,132.06,132.06,132.06,132.06,0
2008-09-29,132.08,132.08,132.08,132.08,0
2008-10-01,132.08,132.08,132.08,132.08,0
2008-10-02,132.09,132.09,132.09,132.09,0
2008-10-03,132.09,132.09,132.09,132.09,0
2008-10-06,135.89,135.89,135.89,135.89,0
2008-10-07,132.09,132.09,132.09,132.09,0
2008-10-08,132.09,132.09,132.09,132.09,0
2008-10-09,131.9,131.9,131.9,131.9,0
2008-10-10,131.9,131.9,131.9,131.9,0
2008-10-13,131.9,131.9,131.9,131.9,0
2008-10-14,131.9,131.9,131.9,131.9,0
2008-10-15,131.9,131.9,131.9,131.9,0
2008-10-16,128.1,128.1,128.1,128.1,0
2008-10-17,124.3,124.3,124.3,124.3,0
2008-10-20,128.1,128.1,128.1,128.1,0
2008-10-21,124.26,124.26,124.26,124.26,0
2008-10-22,124.11,124.11,124.11,124.11,0
2008-10-23,127.56,127.56,127.56,127.56,0
2008-10-24,123.76,123.76,123.76,123.76,0
2008-10-27,123.51,123.51,123.51,123.51,0
2008-10-28,123.55,123.55,123.55,123.55,0
2008-10-29,123.59,123.59,123.59,123.59,0
2008-10-30,123.59,123.59,123.59,123.59,0
2008-10-31,123.59,123.59,123.59,123.59,0
2008-11-03,123.59,123.59,123.59,123.59,0
2008-11-04,123.58,123.58,123.58,123.58,0
2008-11-05,123.59,123.59,123.59,123.59,0
2008-11-06,127.39,127.39,127.39,127.39,0
2008-11-07,127.39,127.39,127.39,127.39,0
2008-11-10,127.39,127.39,127.39,127.39,0
2008-11-11,126.1,126.1,126.1,126.1,0
2008-11-12,126.1,126.1,126.1,126.1,0
2008-11-13,126.1,126.1,126.1,126.1,0
2008-11-14,122.29,122.29,122.29,122.29,0
2008-11-17,126.1,126.1,126.1,126.1,0
2008-11-18,126.1,126.1,126.1,126.1,0
2008-11-19,126.1,126.1,126.1,126.1,0
2008-11-20,122.2,122.2,122.2,122.2,0
2008-11-21,121.92,121.92,121.92,121.92,0
2008-11-24,120.72,120.72,120.72,120.72,0
2008-11-25,120.72,120.72,120.72,120.72,0
2008-11-26,116.52,116.52,116.52,116.52,0
2008-11-27,112.55,112.55,112.55,112.55,0
2008-11-28,112.55,112.55,112.55,112.55,0
2008-12-01,112.55,112.55,112.55,112.55,0
2008-12-02,112.55,112.55,112.55,112.55,0
2008-12-03,107.64,107.64,107.64,107.64,0
2008-12-05,111.38,111.38,111.38,111.38,0
2008-12-09,111.19,111.19,111.19,111.19,0
2008-12-10,107.2,107.2,107.2,107.2,0
2008-12-11,107.2,107.2,107.2,107.2,0
2008-12-12,103.4,103.4,103.4,103.4,0
2008-12-15,99.59,99.59,99.59,99.59,0
2008-12-16,99.59,99.59,99.59,99.59,0
2008-12-17,95.79,95.79,95.79,95.79,0
2008-12-18,94.39,94.39,94.39,94.39,0
2008-12-19,98.2,98.2,98.2,98.2,0
2008-12-22,97.5,97.5,97.5,97.5,0
2008-12-23,97.71,97.71,97.71,97.71,0
2008-12-24,98.05,98.05,98.05,98.05,0
2008-12-26,98.06,98.06,98.06,98.06,0
2008-12-29,98.22,98.22,98.22,98.22,0
2008-12-30,98.22,98.22,98.22,98.22,0
2008-12-31,94.43,94.43,94.43,94.43,0
2009-01-02,94.43,94.43,94.43,94.43,0
2009-01-05,94.43,94.43,94.43,94.43,0
2009-01-06,89.74,89.74,89.74,89.74,0
2009-01-07,85.94,85.94,85.94,85.94,0
2009-01-08,85.94,85.94,85.94,85.94,0
2009-01-09,85.94,85.94,85.94,85.94,0
2009-01-12,85.94,85.94,85.94,85.94,0
2009-01-13,83.04,83.04,83.04,83.04,0
2009-01-14,83.04,83.04,83.04,83.04,0
2009-01-15,79.24,79.24,79.24,79.24,0
2009-01-16,79.24,79.24,79.24,79.24,0
2009-01-19,79.24,79.24,79.24,79.24,0
2009-01-20,83.04,83.04,83.04,83.04,0
2009-01-21,86.54,86.54,86.54,86.54,0
2009-01-22,86.15,86.15,86.15,86.15,0
2009-01-23,85.94,85.94,85.94,85.94,0
2009-01-26,97.33,97.33,97.33,97.33,0
2009-01-27,101.12,101.12,101.12,101.12,0
2009-01-28,97.42,97.42,97.42,97.42,0
2009-01-29,101.12,101.12,101.12,101.12,0
2009-01-30,97.3,97.3,97.3,97.3,0
2009-02-02,97.3,97.3,97.3,97.3,0
2009-02-03,97.3,97.3,97.3,97.3,0
2009-02-04,97.3,97.3,97.3,97.3,0
2009-02-05,97.3,97.3,97.3,97.3,0
2009-02-06,97.3,97.3,97.3,97.3,0
2009-02-09,93.51,93.51,93.51,93.51,0
2009-02-10,89.71,89.71,89.71,89.71,0
2009-02-11,93.51,93.51,93.51,93.51,0
2009-02-12,89.71,89.71,89.71,89.71,0
2009-02-13,93.5,93.5,93.5,93.5,0
2009-02-16,97.27,97.27,97.27,97.27,0
2009-02-17,97.27,97.27,97.27,97.27,0
2009-02-18,97.27,97.27,97.27,97.27,0
2009-02-19,97.27,97.27,97.27,97.27,0
2009-02-20,97.46,97.46,97.46,97.46,0
2009-02-23,97.59,97.59,97.59,97.59,0
2009-02-24,97.59,97.59,97.59,97.59,0
2009-02-25,93.79,93.79,93.79,93.79,0
2009-02-26,93.79,93.79,93.79,93.79,0
2009-02-27,93.79,93.79,93.79,93.79,0
2009-03-02,93.75,93.75,93.75,93.75,0
2009-03-03,89.96,89.96,89.96,89.96,0
2009-03-04,89.96,89.96,89.96,89.96,0
2009-03-05,89.91,89.91,89.91,89.91,0
2009-03-06,86.11,86.11,86.11,86.11,0
2009-03-10,86.11,86.11,86.11,86.11,0
2009-03-11,86.11,86.11,86.11,86.11,0
2009-03-12,86.11,86.11,86.11,86.11,0
2009-03-16,82.31,82.31,82.31,82.31,0
2009-03-17,82.31,82.31,82.31,82.31,0
2009-03-18,78.51,78.51,78.51,78.51,0
2009-03-19,74.78,74.78,74.78,74.78,0
2009-03-20,70.37,70.37,70.37,70.37,0
2009-03-23,70.46,70.46,70.46,70.46,0
2009-03-24,66.86,66.86,66.86,66.86,0
2009-03-25,67.74,67.74,67.74,67.74,0
2009-03-26,70.86,70.86,70.86,70.86,0
2009-03-27,67.23,67.23,67.23,67.23,0
2009-03-30,67.23,67.23,67.23,67.23,0
2009-03-31,67.23,67.23,67.23,67.23,0
2009-04-01,67.23,67.23,67.23,67.23,0
2009-04-02,67.21,67.21,67.21,67.21,0
2009-04-03,67.21,67.21,67.21,67.21,0
2009-04-06,67.21,67.21,67.21,67.21,0
2009-04-07,67.21,67.21,67.21,67.21,0
2009-04-08,67.21,67.21,67.21,67.21,0
2009-04-09,67.21,67.21,67.21,67.21,0
2009-04-10,67.19,67.19,67.19,67.19,0
2009-04-14,67.04,67.04,67.04,67.04,0
2009-04-15,67.06,67.06,67.06,67.06,0
2009-04-16,64.02,64.02,64.02,64.02,0
2009-04-17,63.26,63.26,63.26,63.26,0
2009-04-20,64.02,64.02,64.02,64.02,0
2009-04-21,62.36,62.36,62.36,62.36,0
2009-04-22,61.42,61.42,61.42,61.42,0
2009-04-23,62.15,62.15,62.15,62.15,0
2009-04-24,61.8,61.8,61.8,61.8,0
2009-04-27,62.56,62.56,62.56,62.56,0
2009-04-28,61.8,61.8,61.8,61.8,0
2009-04-29,61.61,61.61,61.61,61.61,0
2009-04-30,61.61,61.61,61.61,61.61,0
2009-05-04,61.61,61.61,61.61,61.61,0
2009-05-05,61.62,61.62,61.62,61.62,0
2009-05-06,61.07,61.07,61.07,61.07,0
2009-05-07,58.44,58.44,58.44,58.44,0
2009-05-08,58.6,58.6,58.6,58.6,0
2009-05-11,60.07,60.07,60.07,60.07,0
2009-05-12,60.08,60.08,60.08,60.08,0
2009-05-13,60.66,60.66,60.66,60.66,0
2009-05-14,60.66,60.66,60.66,60.66,0
2009-05-15,60.63,60.63,60.63,60.63,0
2009-05-18,60.61,60.61,60.61,60.61,0
2009-05-19,61.2,61.2,61.2,61.2,0
2009-05-20,61.21,61.21,61.21,61.21,0
2009-05-22,59.03,59.03,59.03,59.03,0
2009-05-25,59.02,59.02,59.02,59.02,0
2009-05-26,55.71,55.71,55.71,55.71,0
2009-05-27,55.08,55.08,55.08,55.08,0
2009-05-28,54.25,54.25,54.25,54.25,0
2009-05-29,52.44,52.44,52.44,52.44,0
2009-06-02,49.63,49.63,49.63,49.63,0
2009-06-03,49.64,49.64,49.64,49.64,0
2009-06-04,49.93,49.93,49.93,49.93,0
2009-06-05,49.93,49.93,49.93,49.93,0
2009-06-08,49.93,49.93,49.93,49.93,0
2009-06-09,53.24,53.24,53.24,53.24,0
2009-06-10,53.18,53.18,53.18,53.18,0
2009-06-11,57.39,57.39,57.39,57.39,0
2009-06-12,57.39,57.39,57.39,57.39,0
2009-06-15,57.39,57.39,57.39,57.39,0
2009-06-16,64.85,64.85,64.85,64.85,0
2009-06-17,64.82,64.82,64.82,64.82,0
2009-06-18,64.82,64.82,64.82,64.82,0
2009-06-19,64.82,64.82,64.82,64.82,0
2009-06-23,71.45,71.45,71.45,71.45,0
2009-06-24,71.45,71.45,71.45,71.45,0
2009-06-25,71.79,71.79,71.79,71.79,0
2009-06-26,76.67,76.67,76.67,76.67,0
2009-06-29,77.41,77.41,77.41,77.41,0
2009-06-30,74.11,74.11,74.11,74.11,0
2009-07-01,74.6,74.6,74.6,74.6,0
2009-07-02,73.83,73.83,73.83,73.83,0
2009-07-03,70.51,70.51,70.51,70.51,0
2009-07-06,67.2,67.2,67.2,67.2,0
2009-07-07,63.89,63.89,63.89,63.89,0
2009-07-08,63.55,63.55,63.55,63.55,0
2009-07-09,65.21,65.21,65.21,65.21,0
2009-07-10,64.3,64.3,64.3,64.3,0
2009-07-13,64.27,64.27,64.27,64.27,0
2009-07-14,62.61,62.61,62.61,62.61,0
2009-07-15,62.61,62.61,62.61,62.61,0
2009-07-16,62.61,62.61,62.61,62.61,0
2009-07-17,60.95,60.95,60.95,60.95,0
2009-07-20,58.47,58.47,58.47,58.47,0
2009-07-22,54.31,54.31,54.31,54.31,0
2009-07-23,56.76,56.76,56.76,56.76,0
2009-07-24,56.76,56.76,56.76,56.76,0
2009-07-27,56.76,56.76,56.76,56.76,0
2009-07-28,61.58,61.58,61.58,61.58,0
2009-07-30,64.11,64.11,64.11,64.11,0
2009-07-31,62.45,62.45,62.45,62.45,0
2009-08-03,59.97,59.97,59.97,59.97,0
2009-08-04,58.31,58.31,58.31,58.31,0
2009-08-05,58.6,58.6,58.6,58.6,0
2009-08-06,58.64,58.64,58.64,58.64,0
2009-08-10,58.9,58.9,58.9,58.9,0
2009-08-11,61.09,61.09,61.09,61.09,0
2009-08-12,63.57,63.57,63.57,63.57,0
2009-08-13,62.75,62.75,62.75,62.75,0
2009-08-14,62.61,62.61,62.61,62.61,0
2009-08-17,62.53,62.53,62.53,62.53,0
2009-08-18,62.45,62.45,62.45,62.45,0
2009-08-19,62.13,62.13,62.13,62.13,0
2009-08-20,62.13,62.13,62.13,62.13,0
2009-08-21,61.97,61.97,61.97,61.97,0
2009-08-24,62.31,62.31,62.31,62.31,0
2009-08-25,62.31,62.31,62.31,62.31,0
2009-08-26,60.17,60.17,60.17,60.17,0
2009-08-27,59.34,59.34,59.34,59.34,0
2009-08-28,59.34,59.34,59.34,59.34,0
2009-08-31,60.99,60.99,60.99,60.99,0
2009-09-01,60.15,60.15,60.15,60.15,0
2009-09-02,60.98,60.98,60.98,60.98,0
2009-09-03,59.02,59.02,59.02,59.02,0
2009-09-07,57.74,57.74,57.74,57.74,0
2009-09-08,57.74,57.74,57.74,57.74,0
2009-09-09,56.09,56.09,56.09,56.09,0
2009-09-10,57.74,57.74,57.74,57.74,0
2009-09-11,57.9,57.9,57.9,57.9,0
2009-09-14,57.9,57.9,57.9,57.9,0
2009-09-15,57.9,57.9,57.9,57.9,0
2009-09-16,57.9,57.9,57.9,57.9,0
2009-09-18,59.56,59.56,59.56,59.56,0
2009-09-21,60.39,60.39,60.39,60.39,0
2009-09-22,61.25,61.25,61.25,61.25,0
2009-09-23,59.61,59.61,59.61,59.61,0
2009-09-24,57.6,57.6,57.6,57.6,0
2009-09-25,57.6,57.6,57.6,57.6,0
2009-09-28,58.43,58.43,58.43,58.43,0
2009-09-29,58.46,58.46,58.46,58.46,0
2009-09-30,57.67,57.67,57.67,57.67,0
2009-10-01,57.66,57.66,57.66,57.66,0
2009-10-02,56.71,56.71,56.71,56.71,0
2009-10-05,57.55,57.55,57.55,57.55,0
2009-10-06,56.64,56.64,56.64,56.64,0
2009-10-07,56.64,56.64,56.64,56.64,0
2009-10-08,56.64,56.64,56.64,56.64,0
2009-10-12,56.66,56.66,56.66,56.66,0
2009-10-13,56.66,56.66,56.66,56.66,0
2009-10-14,56.81,56.81,56.81,56.81,0
2009-10-15,55.98,55.98,55.98,55.98,0
2009-10-16,56.81,56.81,56.81,56.81,0
2009-10-19,57.02,57.02,57.02,57.02,0
2009-10-20,57.02,57.02,57.02,57.02,0
2009-10-21,57.02,57.02,57.02,57.02,0
2009-10-22,57.85,57.85,57.85,57.85,0
2009-10-23,57.85,57.85,57.85,57.85,0
2009-10-26,57.85,57.85,57.85,57.85,0
2009-10-27,57.85,57.85,57.85,57.85,0
2009-10-29,57.85,57.85,57.85,57.85,0
2009-10-30,57.85,57.85,57.85,57.85,0
2009-11-02,57.85,57.85,57.85,57.85,0
2009-11-03,57.02,57.02,57.02,57.02,0
2009-11-04,56.19,56.19,56.19,56.19,0
2009-11-05,57.02,57.02,57.02,57.02,0
2009-11-06,56.61,56.61,56.61,56.61,0
2009-11-09,55.78,55.78,55.78,55.78,0
2009-11-10,55.78,55.78,55.78,55.78,0
2009-11-11,53.29,53.29,53.29,53.29,0
2009-11-12,53.41,53.41,53.41,53.41,0
2009-11-13,53.41,53.41,53.41,53.41,0
2009-11-16,53.45,53.45,53.45,53.45,0
2009-11-17,53.58,53.58,53.58,53.58,0
2009-11-18,53.58,53.58,53.58,53.58,0
2009-11-19,53.58,53.58,53.58,53.58,0
2009-11-23,53.72,53.72,53.72,53.72,0
2009-11-24,52.89,52.89,52.89,52.89,0
2009-11-25,52.89,52.89,52.89,52.89,0
2009-11-26,52.89,52.89,52.89,52.89,0
2009-11-30,52.89,52.89,52.89,52.89,0
2009-12-01,52.73,52.73,52.73,52.73,0
2009-12-02,52.73,52.73,52.73,52.73,0
2009-12-03,53.56,53.56,53.56,53.56,0
2009-12-04,54.55,54.55,54.55,54.55,0
2009-12-07,54.55,54.55,54.55,54.55,0
2009-12-08,53.96,53.96,53.96,53.96,0
2009-12-09,53.54,53.54,53.54,53.54,0
2009-12-10,53.09,53.09,53.09,53.09,0
2009-12-11,53.09,53.09,53.09,53.09,0
2009-12-14,53.92,53.92,53.92,53.92,0
2009-12-15,53.99,53.99,53.99,53.99,0
2009-12-16,53.24,53.24,53.24,53.24,0
2009-12-17,54.22,54.22,54.22,54.22,0
2009-12-18,55.87,55.87,55.87,55.87,0
2009-12-21,55.05,55.05,55.05,55.05,0
2009-12-22,54.89,54.89,54.89,54.89,0
2009-12-23,55.05,55.05,55.05,55.05,0
2009-12-24,54.47,54.47,54.47,54.47,0
2009-12-28,54.47,54.47,54.47,54.47,0
2009-12-29,54.58,54.58,54.58,54.58,0
2009-12-30,54.12,54.12,54.12,54.12,0
2009-12-31,53.3,53.3,53.3,53.3,0
2010-01-04,54.12,54.12,54.12,54.12,0
2010-01-05,53.46,53.46,53.46,53.46,0
2010-01-06,53.46,53.46,53.46,53.46,0
2010-01-07,53.7,53.7,53.7,53.7,0
2010-01-08,52.06,52.06,52.06,52.06,0
2010-01-11,53.03,53.03,53.03,53.03,0
2010-01-12,53.03,53.03,53.03,53.03,0
2010-01-13,54.59,54.59,54.59,54.59,0
2010-01-14,53.46,53.46,53.46,53.46,0
2010-01-15,52.64,52.64,52.64,52.64,0
2010-01-18,54.28,54.28,54.28,54.28,0
2010-01-19,53.63,53.63,53.63,53.63,0
2010-01-20,53.71,53.71,53.71,53.71,0
2010-01-21,53.71,53.71,53.71,53.71,0
2010-01-22,53.65,53.65,53.65,53.65,0
2010-01-25,53.65,53.65,53.65,53.65,0
2010-01-26,53.72,53.72,53.72,53.72,0
2010-01-27,53.72,53.72,53.72,53.72,0
2010-01-28,54.54,54.54,54.54,54.54,0
2010-01-29,54.54,54.54,54.54,54.54,0
2010-02-01,54.54,54.54,54.54,54.54,0
2010-02-02,55.25,55.25,55.25,55.25,0
2010-02-03,55.19,55.19,55.19,55.19,0
2010-02-04,56.11,56.11,56.11,56.11,0
2010-02-05,55.3,55.3,55.3,55.3,0
2010-02-08,54.51,54.51,54.51,54.51,0
2010-02-09,54.51,54.51,54.51,54.51,0
2010-02-10,54.53,54.53,54.53,54.53,0
2010-02-11,54.59,54.59,54.59,54.59,0
2010-02-12,52.99,52.99,52.99,52.99,0
2010-02-15,54.67,54.67,54.67,54.67,0
2010-02-16,54.75,54.75,54.75,54.75,0
2010-02-17,54.75,54.75,54.75,54.75,0
2010-02-18,54.75,54.75,54.75,54.75,0
2010-02-22,54.27,54.27,54.27,54.27,0
2010-02-23,54.18,54.18,54.18,54.18,0
2010-02-24,54.18,54.18,54.18,54.18,0
2010-02-25,54.27,54.27,54.27,54.27,0
2010-03-01,54.27,54.27,54.27,54.27,0
2010-03-02,54.32,54.32,54.32,54.32,0
2010-03-03,55.14,55.14,55.14,55.14,0
2010-03-04,55.96,55.96,55.96,55.96,0
2010-03-05,55.96,55.96,55.96,55.96,0
2010-03-08,55.93,55.93,55.93,55.93,0
2010-03-09,55.11,55.11,55.11,55.11,0
2010-03-10,54.29,54.29,54.29,54.29,0
2010-03-11,55.1,55.1,55.1,55.1,0
2010-03-12,55.14,55.14,55.14,55.14,0
2010-03-15,55.07,55.07,55.07,55.07,0
2010-03-16,55.07,55.07,55.07,55.07,0
2010-03-17,56.16,56.16,56.16,56.16,0
2010-03-18,56.16,56.16,56.16,56.16,0
2010-03-19,56.24,56.24,56.24,56.24,0
2010-03-22,56.24,56.24,56.24,56.24,0
2010-03-23,57.1,57.1,57.1,57.1,0
2010-03-24,57.96,57.96,57.96,57.96,0
2010-03-25,57.96,57.96,57.96,57.96,0
2010-03-26,58.18,58.18,58.18,58.18,0
2010-03-29,59.9,59.9,59.9,59.9,0
2010-03-30,58.42,58.42,58.42,58.42,0
2010-03-31,60.14,60.14,60.14,60.14,0
2010-04-01,59.21,59.21,59.21,59.21,0
2010-04-06,58.85,58.85,58.85,58.85,0
2010-04-07,60.57,60.57,60.57,60.57,0
2010-04-08,60.57,60.57,60.57,60.57,0
2010-04-09,62.3,62.3,62.3,62.3,0
2010-04-12,64.02,64.02,64.02,64.02,0
2010-04-13,65.7,65.7,65.7,65.7,0
2010-04-14,66.53,66.53,66.53,66.53,0
2010-04-15,66.53,66.53,66.53,66.53,0
2010-04-16,67.07,67.07,67.07,67.07,0
2010-04-19,68.76,68.76,68.76,68.76,0
2010-04-20,69.6,69.6,69.6,69.6,0
2010-04-21,71.77,71.77,71.77,71.77,0
2010-04-23,69.39,69.39,69.39,69.39,0
2010-04-26,67.71,67.71,67.71,67.71,0
2010-04-27,67.71,67.71,67.71,67.71,0
2010-04-29,67.87,67.87,67.87,67.87,0
2010-04-30,67.03,67.03,67.03,67.03,0
2010-05-03,67.04,67.04,67.04,67.04,0
2010-05-04,66.2,66.2,66.2,66.2,0
2010-05-05,66.2,66.2,66.2,66.2,0
2010-05-06,66.34,66.34,66.34,66.34,0
2010-05-07,66.27,66.27,66.27,66.27,0
2010-05-10,66.27,66.27,66.27,66.27,0
2010-05-11,66.27,66.27,66.27,66.27,0
2010-05-12,66.96,66.96,66.96,66.96,0
2010-05-14,69.48,69.48,69.48,69.48,0
2010-05-17,68.54,68.54,68.54,68.54,0
2010-05-18,67.7,67.7,67.7,67.7,0
2010-05-19,69.37,69.37,69.37,69.37,0
2010-05-20,69.38,69.38,69.38,69.38,0
2010-05-21,70.26,70.26,70.26,70.26,0
2010-05-25,70.33,70.33,70.33,70.33,0
2010-05-26,70.4,70.4,70.4,70.4,0
2010-05-27,70.4,70.4,70.4,70.4,0
2010-05-28,69.56,69.56,69.56,69.56,0
2010-05-31,70.76,70.76,70.76,70.76,0
2010-06-01,71.02,71.02,71.02,71.02,0
2010-06-02,71.02,71.02,71.02,71.02,0
2010-06-03,71.91,71.91,71.91,71.91,0
2010-06-04,73.5,73.5,73.5,73.5,0
2010-06-07,71.82,71.82,71.82,71.82,0
2010-06-08,71.82,71.82,71.82,71.82,0
2010-06-09,71.82,71.82,71.82,71.82,0
2010-06-10,71.55,71.55,71.55,71.55,0
2010-06-11,70.71,70.71,70.71,70.71,0
2010-06-14,67.32,67.32,67.32,67.32,0
2010-06-15,67.32,67.32,67.32,67.32,0
2010-06-16,69.06,69.06,69.06,69.06,0
2010-06-17,68.99,68.99,68.99,68.99,0
2010-06-18,67.17,67.17,67.17,67.17,0
2010-06-21,65.49,65.49,65.49,65.49,0
2010-06-22,68.31,68.31,68.31,68.31,0
2010-06-23,68.26,68.26,68.26,68.26,0
2010-06-24,67.56,67.56,67.56,67.56,0
2010-06-25,66.72,66.72,66.72,66.72,0
2010-06-28,65.06,65.06,65.06,65.06,0
2010-06-29,65.04,65.04,65.04,65.04,0
2010-06-30,63.27,63.27,63.27,63.27,0
2010-07-01,62.49,62.49,62.49,62.49,0
2010-07-02,60.79,60.79,60.79,60.79,0
2010-07-05,59.95,59.95,59.95,59.95,0
2010-07-06,57.62,57.62,57.62,57.62,0
2010-07-07,57.62,57.62,57.62,57.62,0
2010-07-08,58.45,58.45,58.45,58.45,0
2010-07-09,59.35,59.35,59.35,59.35,0
2010-07-12,59.35,59.35,59.35,59.35,0
2010-07-13,60.23,60.23,60.23,60.23,0
2010-07-14,61.94,61.94,61.94,61.94,0
2010-07-15,61.88,61.88,61.88,61.88,0
2010-07-16,61.95,61.95,61.95,61.95,0
2010-07-19,64.52,64.52,64.52,64.52,0
2010-07-20,63.69,63.69,63.69,63.69,0
2010-07-21,63.69,63.69,63.69,63.69,0
2010-07-22,62.02,62.02,62.02,62.02,0
2010-07-23,62.14,62.14,62.14,62.14,0
2010-07-26,62.36,62.36,62.36,62.36,0
2010-07-27,63.42,63.42,63.42,63.42,0
2010-07-28,63.29,63.29,63.29,63.29,0
2010-07-29,63.31,63.31,63.31,63.31,0
2010-07-30,63.29,63.29,63.29,63.29,0
2010-08-02,63.37,63.37,63.37,63.37,0
2010-08-03,63.29,63.29,63.29,63.29,0
2010-08-04,61.61,61.61,61.61,61.61,0
2010-08-05,63.28,63.28,63.28,63.28,0
2010-08-06,62.44,62.44,62.44,62.44,0
2010-08-09,63.28,63.28,63.28,63.28,0
2010-08-10,61.68,61.68,61.68,61.68,0
2010-08-11,61.68,61.68,61.68,61.68,0
2010-08-12,61.68,61.68,61.68,61.68,0
2010-08-13,61.68,61.68,61.68,61.68,0
2010-08-16,61.73,61.73,61.73,61.73,0
2010-08-17,63.4,63.4,63.4,63.4,0
2010-08-18,62.51,62.51,62.51,62.51,0
2010-08-19,61.68,61.68,61.68,61.68,0
2010-08-20,61.7,61.7,61.7,61.7,0
2010-08-23,61.69,61.69,61.69,61.69,0
2010-08-24,61.72,61.72,61.72,61.72,0
2010-08-25,61.87,61.87,61.87,61.87,0
2010-08-26,64.36,64.36,64.36,64.36,0
2010-08-27,65.94,65.94,65.94,65.94,0
2010-08-30,63.43,63.43,63.43,63.43,0
2010-08-31,63.43,63.43,63.43,63.43,0
2010-09-01,64.98,64.98,64.98,64.98,0
2010-09-02,63.32,63.32,63.32,63.32,0
2010-09-03,63.67,63.67,63.67,63.67,0
2010-09-07,62.81,62.81,62.81,62.81,0
2010-09-08,63,63,63,63,0
2010-09-09,63.84,63.84,63.84,63.84,0
2010-09-13,63.01,63.01,63.01,63.01,0
2010-09-14,63.01,63.01,63.01,63.01,0
2010-09-15,63.01,63.01,63.01,63.01,0
2010-09-16,62.84,62.84,62.84,62.84,0
2010-09-17,62.1,62.1,62.1,62.1,0
2010-09-20,62.62,62.62,62.62,62.62,0
2010-09-21,62.62,62.62,62.62,62.62,0
2010-09-22,61.79,61.79,61.79,61.79,0
2010-09-23,62.62,62.62,62.62,62.62,0
2010-09-24,62.34,62.34,62.34,62.34,0
2010-09-27,61.42,61.42,61.42,61.42,0
2010-09-28,61.74,61.74,61.74,61.74,0
2010-09-29,61.48,61.48,61.48,61.48,0
2010-09-30,61.47,61.47,61.47,61.47,0
2010-10-01,61.45,61.45,61.45,61.45,0
2010-10-04,61.71,61.71,61.71,61.71,0
2010-10-05,61.71,61.71,61.71,61.71,0
2010-10-06,62.64,62.64,62.64,62.64,0
2010-10-07,62.22,62.22,62.22,62.22,0
2010-10-08,61.82,61.82,61.82,61.82,0
2010-10-11,62.62,62.62,62.62,62.62,0
2010-10-12,62.61,62.61,62.61,62.61,0
2010-10-13,61.71,61.71,61.71,61.71,0
2010-10-14,61.72,61.72,61.72,61.72,0
2010-10-15,61.74,61.74,61.74,61.74,0
2010-10-18,60.85,60.85,60.85,60.85,0
2010-10-19,60.02,60.02,60.02,60.02,0
2010-10-20,60.03,60.03,60.03,60.03,0
2010-10-21,60.06,60.06,60.06,60.06,0
2010-10-22,60.07,60.07,60.07,60.07,0
2010-10-25,59.43,59.43,59.43,59.43,0
2010-10-26,60.25,60.25,60.25,60.25,0
2010-10-27,60.38,60.38,60.38,60.38,0
2010-10-28,61.24,61.24,61.24,61.24,0
2010-10-29,61.26,61.26,61.26,61.26,0
2010-11-02,61.29,61.29,61.29,61.29,0
2010-11-03,62.12,62.12,62.12,62.12,0
2010-11-04,62.13,62.13,62.13,62.13,0
2010-11-05,62.95,62.95,62.95,62.95,0
2010-11-08,63.77,63.77,63.77,63.77,0
2010-11-09,62.11,62.11,62.11,62.11,0
2010-11-10,62.11,62.11,62.11,62.11,0
2010-11-11,62.11,62.11,62.11,62.11,0
2010-11-12,62.16,62.16,62.16,62.16,0
2010-11-17,62.16,62.16,62.16,62.16,0
2010-11-18,62.16,62.16,62.16,62.16,0
2010-11-19,62.16,62.16,62.16,62.16,0
2010-11-22,62.16,62.16,62.16,62.16,0
2010-11-23,62.16,62.16,62.16,62.16,0
2010-11-24,60.51,60.51,60.51,60.51,0
2010-11-25,62.12,62.12,62.12,62.12,0
2010-11-26,62.13,62.13,62.13,62.13,0
2010-11-29,62.13,62.13,62.13,62.13,0
2010-11-30,62.11,62.11,62.11,62.11,0
2010-12-01,62.16,62.16,62.16,62.16,0
2010-12-02,62.12,62.12,62.12,62.12,0
2010-12-03,62.12,62.12,62.12,62.12,0
2010-12-06,62.12,62.12,62.12,62.12,0
2010-12-07,59.63,59.63,59.63,59.63,0
2010-12-08,62.12,62.12,62.12,62.12,0
2010-12-09,62.12,62.12,62.12,62.12,0
2010-12-10,62.05,62.05,62.05,62.05,0
2010-12-13,62.1,62.1,62.1,62.1,0
2010-12-14,62.04,62.04,62.04,62.04,0
2010-12-15,62.12,62.12,62.12,62.12,0
2010-12-16,62.22,62.22,62.22,62.22,0
2010-12-17,63.04,63.04,63.04,63.04,0
2010-12-20,63.01,63.01,63.01,63.01,0
2010-12-21,63.01,63.01,63.01,63.01,0
2010-12-22,62.55,62.55,62.55,62.55,0
2010-12-23,63.42,63.42,63.42,63.42,0
2010-12-24,63.89,63.89,63.89,63.89,0
2010-12-27,64.72,64.72,64.72,64.72,0
2010-12-28,64.67,64.67,64.67,64.67,0
2010-12-29,64.67,64.67,64.67,64.67,0
2010-12-30,64.18,64.18,64.18,64.18,0
2010-12-31,64.22,64.22,64.22,64.22,0
2011-01-03,64.21,64.21,64.21,64.21,0
2011-01-04,64.29,64.29,64.29,64.29,0
2011-01-05,64.29,64.29,64.29,64.29,0
2011-01-06,65.26,65.26,65.26,65.26,0
2011-01-07,65.28,65.28,65.28,65.28,0
2011-01-10,65.24,65.24,65.24,65.24,0
2011-01-11,66.04,66.04,66.04,66.04,0
2011-01-12,65.24,65.24,65.24,65.24,0
2011-01-13,65.24,65.24,65.24,65.24,0
2011-01-14,67.29,67.29,67.29,67.29,0
2011-01-17,65.81,65.81,65.81,65.81,0
2011-01-18,65.73,65.73,65.73,65.73,0
2011-01-19,65.77,65.77,65.77,65.77,0
2011-01-20,65.7,65.7,65.7,65.7,0
2011-01-21,66.51,66.51,66.51,66.51,0
2011-01-24,65.7,65.7,65.7,65.7,0
2011-01-25,65.19,65.19,65.19,65.19,0
2011-01-26,65.05,65.05,65.05,65.05,0
2011-01-27,64.29,64.29,64.29,64.29,0
2011-01-28,64.24,64.24,64.24,64.24,0
2011-01-31,64.64,64.64,64.64,64.64,0
2011-02-01,63.83,63.83,63.83,63.83,0
2011-02-02,64.63,64.63,64.63,64.63,0
2011-02-07,63.66,63.66,63.66,63.66,0
2011-02-08,62.84,62.84,62.84,62.84,0
2011-02-10,63.46,63.46,63.46,63.46,0
2011-02-11,62.58,62.58,62.58,62.58,0
2011-03-01,62.56,62.56,62.56,62.56,0
2011-03-02,63.4,63.4,63.4,63.4,0
2011-03-03,62.59,62.59,62.59,62.59,0
2011-03-07,62.75,62.75,62.75,62.75,0
2011-03-08,62.75,62.75,62.75,62.75,0
2011-03-09,62.75,62.75,62.75,62.75,0
2011-03-10,62.69,62.69,62.69,62.69,0
2011-03-11,63.5,63.5,63.5,63.5,0
2011-03-14,63.39,63.39,63.39,63.39,0
2011-03-15,62.58,62.58,62.58,62.58,0
2011-03-16,63.39,63.39,63.39,63.39,0
2011-03-17,63.39,63.39,63.39,63.39,0
2011-03-18,63.37,63.37,63.37,63.37,0
2011-03-21,62.56,62.56,62.56,62.56,0
2011-03-22,62.5,62.5,62.5,62.5,0
2011-03-23,61.74,61.74,61.74,61.74,0
2011-03-24,61.7,61.7,61.7,61.7,0
2011-03-25,62.51,62.51,62.51,62.51,0
2011-03-28,62.51,62.51,62.51,62.51,0
2011-03-29,62.51,62.51,62.51,62.51,0
2011-03-30,61.7,61.7,61.7,61.7,0
2011-03-31,61.7,61.7,61.7,61.7,0
2011-04-01,61.7,61.7,61.7,61.7,0
2011-04-04,61.7,61.7,61.7,61.7,0
2011-04-05,61.7,61.7,61.7,61.7,0
2011-04-06,60.89,60.89,60.89,60.89,0
2011-04-07,60.89,60.89,60.89,60.89,0
2011-04-08,60.89,60.89,60.89,60.89,0
2011-04-11,60.89,60.89,60.89,60.89,0
2011-04-12,60.08,60.08,60.08,60.08,0
2011-04-13,59.34,59.34,59.34,59.34,0
2011-04-14,58.61,58.61,58.61,58.61,0
2011-04-15,58.58,58.58,58.58,58.58,0
2011-04-18,59.39,59.39,59.39,59.39,0
2011-04-19,60.2,60.2,60.2,60.2,0
2011-04-20,58.53,58.53,58.53,58.53,0
2011-04-21,57.72,57.72,57.72,57.72,0
2011-04-22,57.72,57.72,57.72,57.72,0
2011-04-26,58.53,58.53,58.53,58.53,0
2011-04-27,57.72,57.72,57.72,57.72,0
2011-04-28,58.5,58.5,58.5,58.5,0
2011-04-29,57.69,57.69,57.69,57.69,0
2011-05-03,57.69,57.69,57.69,57.69,0
2011-05-04,57.67,57.67,57.67,57.67,0
2011-05-05,58.49,58.49,58.49,58.49,0
2011-05-06,58.72,58.72,58.72,58.72,0
2011-05-09,58.71,58.71,58.71,58.71,0
2011-05-10,58.77,58.77,58.77,58.77,0
2011-05-11,58.71,58.71,58.71,58.71,0
2011-05-12,58.77,58.77,58.77,58.77,0
2011-05-13,58.8,58.8,58.8,58.8,0
2011-05-16,58.76,58.76,58.76,58.76,0
2011-05-17,58.85,58.85,58.85,58.85,0
2011-05-18,58.96,58.96,58.96,58.96,0
2011-05-19,59.76,59.76,59.76,59.76,0
2011-05-20,59.77,59.77,59.77,59.77,0
2011-05-23,59.77,59.77,59.77,59.77,0
2011-05-24,58.16,58.16,58.16,58.16,0
2011-05-25,58.21,58.21,58.21,58.21,0
2011-05-26,59.02,59.02,59.02,59.02,0
2011-05-27,58.21,58.21,58.21,58.21,0
2011-05-30,59.14,59.14,59.14,59.14,0
2011-05-31,59.95,59.95,59.95,59.95,0
2011-06-01,58.69,58.69,58.69,58.69,0
2011-06-03,59.63,59.63,59.63,59.63,0
2011-06-06,58.82,58.82,58.82,58.82,0
2011-06-07,61.16,61.16,61.16,61.16,0
2011-06-08,61.15,61.15,61.15,61.15,0
2011-06-09,61.15,61.15,61.15,61.15,0
2011-06-10,61.15,61.15,61.15,61.15,0
2011-06-14,60.24,60.24,60.24,60.24,0
2011-06-15,60.27,60.27,60.27,60.27,0
2011-06-16,59.08,59.08,59.08,59.08,0
2011-06-17,58.99,58.99,58.99,58.99,0
2011-06-20,59.8,59.8,59.8,59.8,0
2011-06-21,59.85,59.85,59.85,59.85,0
2011-06-22,59.05,59.05,59.05,59.05,0
2011-06-23,59.93,59.93,59.93,59.93,0
2011-06-24,59.09,59.09,59.09,59.09,0
2011-06-27,58.21,58.21,58.21,58.21,0
2011-06-28,58.88,58.88,58.88,58.88,0
2011-06-29,58.88,58.88,58.88,58.88,0
2011-06-30,58.08,58.08,58.08,58.08,0
2011-07-01,58.31,58.31,58.31,58.31,0
2011-07-04,57.58,57.58,57.58,57.58,0
2011-07-05,57.62,57.62,57.62,57.62,0
2011-07-06,57.75,57.75,57.75,57.75,0
2011-07-07,58.32,58.32,58.32,58.32,0
2011-07-08,57.64,57.64,57.64,57.64,0
2011-07-11,57.64,57.64,57.64,57.64,0
2011-07-12,55.9,55.9,55.9,55.9,0
2011-07-13,57.64,57.64,57.64,57.64,0
2011-07-14,58.32,58.32,58.32,58.32,0
2011-07-15,58.15,58.15,58.15,58.15,0
2011-07-18,56.77,56.77,56.77,56.77,0
2011-07-19,57.58,57.58,57.58,57.58,0
2011-07-20,57.58,57.58,57.58,57.58,0
2011-07-21,58.26,58.26,58.26,58.26,0
2011-07-22,58.34,58.34,58.34,58.34,0
2011-07-25,57.67,57.67,57.67,57.67,0
2011-07-26,57.67,57.67,57.67,57.67,0
2011-07-27,57.67,57.67,57.67,57.67,0
2011-07-28,57.95,57.95,57.95,57.95,0
2011-07-29,57.56,57.56,57.56,57.56,0
2011-08-01,59.17,59.17,59.17,59.17,0
2011-08-02,59.98,59.98,59.98,59.98,0
2011-08-03,60.94,60.94,60.94,60.94,0
2011-08-04,60.36,60.36,60.36,60.36,0
2011-08-05,61.17,61.17,61.17,61.17,0
2011-08-09,60.44,60.44,60.44,60.44,0
2011-08-10,60.29,60.29,60.29,60.29,0
2011-08-11,59.97,59.97,59.97,59.97,0
2011-08-12,60.15,60.15,60.15,60.15,0
2011-08-16,60.23,60.23,60.23,60.23,0
2011-08-17,60.29,60.29,60.29,60.29,0
2011-08-18,60.29,60.29,60.29,60.29,0
2011-08-19,61.12,61.12,61.12,61.12,0
2011-08-22,63.41,63.41,63.41,63.41,0
2011-08-23,62.47,62.47,62.47,62.47,0
2011-08-24,61.79,61.79,61.79,61.79,0
2011-08-25,60.15,60.15,60.15,60.15,0
2011-08-26,62.57,62.57,62.57,62.57,0
2011-08-29,62.54,62.54,62.54,62.54,0
2011-08-31,61.76,61.76,61.76,61.76,0
2011-09-01,62.9,62.9,62.9,62.9,0
2011-09-02,61.97,61.97,61.97,61.97,0
2011-09-05,61.87,61.87,61.87,61.87,0
2011-09-06,61.06,61.06,61.06,61.06,0
2011-09-07,61.14,61.14,61.14,61.14,0
2011-09-08,61.19,61.19,61.19,61.19,0
2011-09-09,59.7,59.7,59.7,59.7,0
2011-09-12,58.92,58.92,58.92,58.92,0
2011-09-13,57.8,57.8,57.8,57.8,0
2011-09-14,57.8,57.8,57.8,57.8,0
2011-09-15,56.66,56.66,56.66,56.66,0
2011-09-16,56.69,56.69,56.69,56.69,0
2011-09-19,57.17,57.17,57.17,57.17,0
2011-09-20,56.87,56.87,56.87,56.87,0
2011-09-21,57.67,57.67,57.67,57.67,0
2011-09-22,58.47,58.47,58.47,58.47,0
2011-09-23,61.16,61.16,61.16,61.16,0
2011-09-26,58.74,58.74,58.74,58.74,0
2011-09-27,58.74,58.74,58.74,58.74,0
2011-09-28,58.76,58.76,58.76,58.76,0
2011-09-29,58.76,58.76,58.76,58.76,0
2011-09-30,59.34,59.34,59.34,59.34,0
2011-10-03,59.34,59.34,59.34,59.34,0
2011-10-04,59.34,59.34,59.34,59.34,0
2011-10-05,57.48,57.48,57.48,57.48,0
2011-10-06,56.17,56.17,56.17,56.17,0
2011-10-07,57.55,57.55,57.55,57.55,0
2011-10-10,57.6,57.6,57.6,57.6,0
2011-10-11,57.13,57.13,57.13,57.13,0
2011-10-12,57.14,57.14,57.14,57.14,0
2011-10-13,57.12,57.12,57.12,57.12,0
2011-10-14,57.37,57.37,57.37,57.37,0
2011-10-17,57.36,57.36,57.36,57.36,0
2011-10-18,57.36,57.36,57.36,57.36,0
2011-10-19,56.51,56.51,56.51,56.51,0
2011-10-20,58.12,58.12,58.12,58.12,0
2011-10-21,58.13,58.13,58.13,58.13,0
2011-10-24,58.99,58.99,58.99,58.99,0
2011-10-25,58.19,58.19,58.19,58.19,0
2011-10-26,58.26,58.26,58.26,58.26,0
2011-10-27,57.5,57.5,57.5,57.5,0
2011-10-28,57.5,57.5,57.5,57.5,0
2011-10-31,57.46,57.46,57.46,57.46,0
2011-11-02,57.46,57.46,57.46,57.46,0
2011-11-03,57.55,57.55,57.55,57.55,0
2011-11-04,57.3,57.3,57.3,57.3,0
2011-11-08,57.3,57.3,57.3,57.3,0
2011-11-09,57.03,57.03,57.03,57.03,0
2011-11-10,56.52,56.52,56.52,56.52,0
2011-11-11,56.75,56.75,56.75,56.75,0
2011-11-14,56.61,56.61,56.61,56.61,0
2011-11-16,56.61,56.61,56.61,56.61,0
2011-11-17,55.53,55.53,55.53,55.53,0
2011-11-18,55.79,55.79,55.79,55.79,0
2011-11-21,55.79,55.79,55.79,55.79,0
2011-11-22,54.98,54.98,54.98,54.98,0
2011-11-23,55.59,55.59,55.59,55.59,0
2011-11-24,54.73,54.73,54.73,54.73,0
2011-11-25,55.01,55.01,55.01,55.01,0
2011-11-28,54.5,54.5,54.5,54.5,0
2011-11-29,54.5,54.5,54.5,54.5,0
2011-11-30,53.7,53.7,53.7,53.7,0
2011-12-01,53.7,53.7,53.7,53.7,0
2011-12-02,53.57,53.57,53.57,53.57,0
2011-12-05,53.44,53.44,53.44,53.44,0
2011-12-06,53.19,53.19,53.19,53.19,0
2011-12-07,52.53,52.53,52.53,52.53,0
2011-12-08,52.37,52.37,52.37,52.37,0
2011-12-09,52.32,52.32,52.32,52.32,0
2011-12-12,52.37,52.37,52.37,52.37,0
2011-12-13,51.58,51.58,51.58,51.58,0
2011-12-14,51.56,51.56,51.56,51.56,0
2011-12-15,52.32,52.32,52.32,52.32,0
2011-12-16,52,52,52,52,0
2011-12-19,52.25,52.25,52.25,52.25,0
2011-12-20,52.32,52.32,52.32,52.32,0
2011-12-21,52.4,52.4,52.4,52.4,0
2011-12-22,52.47,52.47,52.47,52.47,0
2011-12-23,52.47,52.47,52.47,52.47,0
2011-12-27,52.52,52.52,52.52,52.52,0
2011-12-28,52.5,52.5,52.5,52.5,0
2011-12-29,52.5,52.5,52.5,52.5,0
2011-12-30,51.83,51.83,51.83,51.83,0
2012-01-03,53.77,53.77,53.77,53.77,0
2012-01-04,53.39,53.39,53.39,53.39,0
2012-01-05,53.34,53.34,53.34,53.34,0
2012-01-06,53.39,53.39,53.39,53.39,0
2012-01-09,53.39,53.39,53.39,53.39,0
2012-01-10,53.39,53.39,53.39,53.39,0
2012-01-11,53.28,53.28,53.28,53.28,0
2012-01-12,53.66,53.66,53.66,53.66,0
2012-01-13,52.55,52.55,52.55,52.55,0
2012-01-16,53.45,53.45,53.45,53.45,0
2012-01-17,52.59,52.59,52.59,52.59,0
2012-01-18,52.8,52.8,52.8,52.8,0
2012-01-19,53.18,53.18,53.18,53.18,0
2012-01-20,53.81,53.81,53.81,53.81,0
2012-01-23,53.89,53.89,53.89,53.89,0
2012-01-24,53.89,53.89,53.89,53.89,0
2012-01-25,52.63,52.63,52.63,52.63,0
2012-01-26,53.09,53.09,53.09,53.09,0
2012-01-27,52.46,52.46,52.46,52.46,0
2012-01-30,53.1,53.1,53.1,53.1,0
2012-01-31,52.34,52.34,52.34,52.34,0
2012-02-01,52.48,52.48,52.48,52.48,0
2012-02-02,53.36,53.36,53.36,53.36,0
2012-02-03,52.52,52.52,52.52,52.52,0
2012-02-06,52.71,52.71,52.71,52.71,0
2012-02-07,52.71,52.71,52.71,52.71,0
2012-02-08,52.71,52.71,52.71,52.71,0
2012-02-09,52.79,52.79,52.79,52.79,0
2012-02-10,53.17,53.17,53.17,53.17,0
2012-02-14,53.17,53.17,53.17,53.17,0
2012-02-15,53.17,53.17,53.17,53.17,0
2012-02-16,53.17,53.17,53.17,53.17,0
2012-02-17,52.25,52.25,52.25,52.25,0
2012-02-20,52.14,52.14,52.14,52.14,0
2012-02-21,51.98,51.98,51.98,51.98,0
2012-02-22,51.98,51.98,51.98,51.98,0
2012-02-23,51.98,51.98,51.98,51.98,0
2012-02-24,51.94,51.94,51.94,51.94,0
2012-02-27,52.37,52.37,52.37,52.37,0
2012-02-28,52.84,52.84,52.84,52.84,0
2012-02-29,53.76,53.76,53.76,53.76,0
2012-03-01,54.69,54.69,54.69,54.69,0
2012-03-02,52.69,52.69,52.69,52.69,0
2012-03-05,53.59,53.59,53.59,53.59,0
2012-03-06,53.48,53.48,53.48,53.48,0
2012-03-07,53.8,53.8,53.8,53.8,0
2012-03-08,53.84,53.84,53.84,53.84,0
2012-03-09,54.21,54.21,54.21,54.21,0
2012-03-12,54.21,54.21,54.21,54.21,0
2012-03-13,53.05,53.05,53.05,53.05,0
2012-03-14,53.73,53.73,53.73,53.73,0
2012-03-15,53.74,53.74,53.74,53.74,0
2012-03-16,53.74,53.74,53.74,53.74,0
2012-03-19,55.03,55.03,55.03,55.03,0
2012-03-20,55.04,55.04,55.04,55.04,0
2012-03-21,55.04,55.04,55.04,55.04,0
2012-03-22,56.83,56.83,56.83,56.83,0
2012-03-23,56.62,56.62,56.62,56.62,0
2012-03-26,56.76,56.76,56.76,56.76,0
2012-03-27,56.76,56.76,56.76,56.76,0
2012-03-28,55.68,55.68,55.68,55.68,0
2012-03-29,55.78,55.78,55.78,55.78,0
2012-04-02,59.31,59.31,59.31,59.31,0
2012-04-03,59.23,59.23,59.23,59.23,0
2012-04-04,60.33,60.33,60.33,60.33,0
2012-04-05,59.44,59.44,59.44,59.44,0
2012-04-06,61.21,61.21,61.21,61.21,0
2012-04-10,61.21,61.21,61.21,61.21,0
2012-04-11,61,61,61,61,0
2012-04-12,59.38,59.38,59.38,59.38,0
2012-04-13,59.5,59.5,59.5,59.5,0
2012-04-16,60.39,60.39,60.39,60.39,0
2012-04-17,60.38,60.38,60.38,60.38,0
2012-04-18,60.38,60.38,60.38,60.38,0
2012-04-19,60.38,60.38,60.38,60.38,0
2012-04-20,60.41,60.41,60.41,60.41,0
2012-04-23,60.49,60.49,60.49,60.49,0
2012-04-24,60.51,60.51,60.51,60.51,0
2012-04-25,60.49,60.49,60.49,60.49,0
2012-04-26,60.38,60.38,60.38,60.38,0
2012-04-27,60.38,60.38,60.38,60.38,0
2012-04-30,61.07,61.07,61.07,61.07,0
2012-05-02,61.07,61.07,61.07,61.07,0
2012-05-03,61.02,61.02,61.02,61.02,0
2012-05-04,61.02,61.02,61.02,61.02,0
2012-05-07,60.94,60.94,60.94,60.94,0
2012-05-08,61.15,61.15,61.15,61.15,0
2012-05-09,61.17,61.17,61.17,61.17,0
2012-05-10,59.26,59.26,59.26,59.26,0
2012-05-11,59.46,59.46,59.46,59.46,0
2012-05-14,59.55,59.55,59.55,59.55,0
2012-05-15,57.76,57.76,57.76,57.76,0
2012-05-16,57.75,57.75,57.75,57.75,0
2012-05-18,57.55,57.55,57.55,57.55,0
2012-05-21,57.49,57.49,57.49,57.49,0
2012-05-22,55.63,55.63,55.63,55.63,0
2012-05-23,55.63,55.63,55.63,55.63,0
2012-05-24,55.67,55.67,55.67,55.67,0
2012-05-25,55.67,55.67,55.67,55.67,0
2012-05-29,55.63,55.63,55.63,55.63,0
2012-05-30,55.65,55.65,55.65,55.65,0
2012-05-31,55.65,55.65,55.65,55.65,0
2012-06-01,55.65,55.65,55.65,55.65,0
2012-06-04,55.65,55.65,55.65,55.65,0
2012-06-05,55.76,55.76,55.76,55.76,0
2012-06-06,55.77,55.77,55.77,55.77,0
2012-06-07,55.81,55.81,55.81,55.81,0
2012-06-08,55.81,55.81,55.81,55.81,0
2012-06-11,57.74,57.74,57.74,57.74,0
2012-06-12,57.76,57.76,57.76,57.76,0
2012-06-13,57.76,57.76,57.76,57.76,0
2012-06-14,58.43,58.43,58.43,58.43,0
2012-06-15,58.5,58.5,58.5,58.5,0
2012-06-18,60.16,60.16,60.16,60.16,0
2012-06-19,58.53,58.53,58.53,58.53,0
2012-06-20,58.54,58.54,58.54,58.54,0
2012-06-21,58.47,58.47,58.47,58.47,0
2012-06-22,58.58,58.58,58.58,58.58,0
2012-06-25,60.13,60.13,60.13,60.13,0
2012-06-26,60.08,60.08,60.08,60.08,0
2012-06-27,58.31,58.31,58.31,58.31,0
2012-06-28,58.32,58.32,58.32,58.32,0
2012-06-29,58.32,58.32,58.32,58.32,0
2012-07-02,59.21,59.21,59.21,59.21,0
2012-07-03,58.27,58.27,58.27,58.27,0
2012-07-04,58.27,58.27,58.27,58.27,0
2012-07-05,57.38,57.38,57.38,57.38,0
2012-07-06,57.58,57.58,57.58,57.58,0
2012-07-09,58.27,58.27,58.27,58.27,0
2012-07-10,57.4,57.4,57.4,57.4,0
2012-07-11,58.28,58.28,58.28,58.28,0
2012-07-12,58.2,58.2,58.2,58.2,0
2012-07-13,56.87,56.87,56.87,56.87,0
2012-07-16,56.87,56.87,56.87,56.87,0
2012-07-17,56.86,56.86,56.86,56.86,0
2012-07-18,56.86,56.86,56.86,56.86,0
2012-07-19,57.35,57.35,57.35,57.35,0
2012-07-20,57.49,57.49,57.49,57.49,0
2012-07-23,57.56,57.56,57.56,57.56,0
2012-07-24,57.52,57.52,57.52,57.52,0
2012-07-25,57.51,57.51,57.51,57.51,0
2012-07-26,57.44,57.44,57.44,57.44,0
2012-07-27,57.52,57.52,57.52,57.52,0
2012-07-30,57.52,57.52,57.52,57.52,0
2012-07-31,56.66,56.66,56.66,56.66,0
2012-08-01,56.66,56.66,56.66,56.66,0
2012-08-02,58.39,58.39,58.39,58.39,0
2012-08-03,57.51,57.51,57.51,57.51,0
2012-08-08,55.7,55.7,55.7,55.7,0
2012-08-09,55.78,55.78,55.78,55.78,0
2012-08-10,54.78,54.78,54.78,54.78,0
2012-08-13,54.76,54.76,54.76,54.76,0
2012-08-14,55.39,55.39,55.39,55.39,0
2012-08-16,56.45,56.45,56.45,56.45,0
2012-08-17,56.21,56.21,56.21,56.21,0
2012-08-21,56.27,56.27,56.27,56.27,0
2012-08-22,56.28,56.28,56.28,56.28,0
2012-08-23,56.32,56.32,56.32,56.32,0
2012-08-24,56.52,56.52,56.52,56.52,0
2012-08-27,56.14,56.14,56.14,56.14,0
2012-08-28,56.05,56.05,56.05,56.05,0
2012-08-29,56.05,56.05,56.05,56.05,0
2012-08-30,56.08,56.08,56.08,56.08,0
2012-08-31,56.24,56.24,56.24,56.24,0
2012-09-03,57.13,57.13,57.13,57.13,0
2012-09-04,56.25,56.25,56.25,56.25,0
2012-09-05,56.64,56.64,56.64,56.64,0
2012-09-06,56.64,56.64,56.64,56.64,0
2012-09-07,56.72,56.72,56.72,56.72,0
2012-09-10,56.25,56.25,56.25,56.25,0
2012-09-11,56.25,56.25,56.25,56.25,0
2012-09-12,56.07,56.07,56.07,56.07,0
2012-09-13,56.03,56.03,56.03,56.03,0
2012-09-14,56.07,56.07,56.07,56.07,0
2012-09-17,56.49,56.49,56.49,56.49,0
2012-09-18,55.78,55.78,55.78,55.78,0
2012-09-19,55.78,55.78,55.78,55.78,0
2012-09-20,55.49,55.49,55.49,55.49,0
2012-09-21,55.48,55.48,55.48,55.48,0
2012-09-24,55.48,55.48,55.48,55.48,0
2012-09-25,55.5,55.5,55.5,55.5,0
2012-09-26,55.47,55.47,55.47,55.47,0
2012-09-27,55.58,55.58,55.58,55.58,0
2012-09-28,55.82,55.82,55.82,55.82,0
2012-10-01,55.9,55.9,55.9,55.9,0
2012-10-02,55.9,55.9,55.9,55.9,0
2012-10-03,55.87,55.87,55.87,55.87,0
2012-10-04,55.87,55.87,55.87,55.87,0
2012-10-05,55.87,55.87,55.87,55.87,0
2012-10-08,55.73,55.73,55.73,55.73,0
2012-10-09,55.76,55.76,55.76,55.76,0
2012-10-10,55.74,55.74,55.74,55.74,0
2012-10-11,54.98,54.98,54.98,54.98,0
2012-10-12,55.76,55.76,55.76,55.76,0
2012-10-15,55.81,55.81,55.81,55.81,0
2012-10-16,55.81,55.81,55.81,55.81,0
2012-10-17,54.62,54.62,54.62,54.62,0
2012-10-18,54.62,54.62,54.62,54.62,0
2012-10-19,52.68,52.68,52.68,52.68,0
2012-10-22,52.86,52.86,52.86,52.86,0
2012-10-23,53.04,53.04,53.04,53.04,0
2012-10-24,55,55,55,55,0
2012-10-25,55.01,55.01,55.01,55.01,0
2012-10-29,54.78,54.78,54.78,54.78,0
2012-10-30,54.88,54.88,54.88,54.88,0
2012-10-31,54.88,54.88,54.88,54.88,0
2012-11-02,55.86,55.86,55.86,55.86,0
2012-11-05,56.11,56.11,56.11,56.11,0
2012-11-06,56.08,56.08,56.08,56.08,0
2012-11-07,55.47,55.47,55.47,55.47,0
2012-11-08,56.47,56.47,56.47,56.47,0
2012-11-09,56.52,56.52,56.52,56.52,0
2012-11-12,57.19,57.19,57.19,57.19,0
2012-11-13,57.19,57.19,57.19,57.19,0
2012-11-14,57.91,57.91,57.91,57.91,0
2012-11-16,58.68,58.68,58.68,58.68,0
2012-11-19,58.33,58.33,58.33,58.33,0
2012-11-20,57.21,57.21,57.21,57.21,0
2012-11-21,58.19,58.19,58.19,58.19,0
2012-11-22,57.4,57.4,57.4,57.4,0
2012-11-23,56.42,56.42,56.42,56.42,0
2012-11-26,56.6,56.6,56.6,56.6,0
2012-11-27,57.59,57.59,57.59,57.59,0
2012-11-28,56.84,56.84,56.84,56.84,0
2012-11-29,57.59,57.59,57.59,57.59,0
2012-11-30,57.05,57.05,57.05,57.05,0
2012-12-03,57.16,57.16,57.16,57.16,0
2012-12-04,57.71,57.71,57.71,57.71,0
2012-12-05,56.43,56.43,56.43,56.43,0
2012-12-06,54.5,54.5,54.5,54.5,0
2012-12-07,54.5,54.5,54.5,54.5,0
2012-12-10,57.21,57.21,57.21,57.21,0
2012-12-11,57.37,57.37,57.37,57.37,0
2012-12-12,56.29,56.29,56.29,56.29,0
2012-12-13,57.25,57.25,57.25,57.25,0
2012-12-14,57.37,57.37,57.37,57.37,0
2012-12-17,57.43,57.43,57.43,57.43,0
2012-12-18,57.19,57.19,57.19,57.19,0
2012-12-19,56.67,56.67,56.67,56.67,0
2012-12-20,56.67,56.67,56.67,56.67,0
2012-12-21,55.36,55.36,55.36,55.36,0
2012-12-24,57.35,57.35,57.35,57.35,0
2012-12-26,54.83,54.83,54.83,54.83,0
2012-12-27,55.29,55.29,55.29,55.29,0
2012-12-28,55.29,55.29,55.29,55.29,0
2012-12-31,57.35,57.35,57.35,57.35,0
2013-01-02,57.46,57.46,57.46,57.46,0
2013-01-03,57.46,57.46,57.46,57.46,0
2013-01-04,57.5,57.5,57.5,57.5,0
2013-01-07,57.55,57.55,57.55,57.55,0
2013-01-08,57.5,57.5,57.5,57.5,0
2013-01-09,55.55,55.55,55.55,55.55,0
2013-01-10,56.32,56.32,56.32,56.32,0
2013-01-11,57.65,57.65,57.65,57.65,0
2013-01-14,57.65,57.65,57.65,57.65,0
2013-01-15,55.46,55.46,55.46,55.46,0
2013-01-16,55.55,55.55,55.55,55.55,0
2013-01-17,55.71,55.71,55.71,55.71,0
2013-01-18,55.56,55.56,55.56,55.56,0
2013-01-21,56.59,56.59,56.59,56.59,0
2013-01-22,57.5,57.5,57.5,57.5,0
2013-01-23,57.38,57.38,57.38,57.38,0
2013-01-25,57.5,57.5,57.5,57.5,0
2013-01-28,57.51,57.51,57.51,57.51,0
2013-01-29,57.53,57.53,57.53,57.53,0
2013-01-30,58.05,58.05,58.05,58.05,0
2013-01-31,57.86,57.86,57.86,57.86,0
2013-02-01,57.86,57.86,57.86,57.86,0
2013-02-04,57.71,57.71,57.71,57.71,0
2013-02-05,57.77,57.77,57.77,57.77,0
2013-02-06,57.95,57.95,57.95,57.95,0
2013-02-07,58.78,58.78,58.78,58.78,0
2013-02-08,58.55,58.55,58.55,58.55,0
2013-02-11,59.72,59.72,59.72,59.72,0
2013-02-12,59.59,59.59,59.59,59.59,0
2013-02-13,59.9,59.9,59.9,59.9,0
2013-02-14,59.9,59.9,59.9,59.9,0
2013-02-15,60.65,60.65,60.65,60.65,0
2013-02-18,61.7,61.7,61.7,61.7,0
2013-02-19,63.93,63.93,63.93,63.93,0
2013-02-20,65.95,65.95,65.95,65.95,0
2013-02-21,66.97,66.97,66.97,66.97,0
2013-02-22,66.98,66.98,66.98,66.98,0
2013-02-25,70.03,70.03,70.03,70.03,0
2013-02-26,73.08,73.08,73.08,73.08,0
2013-02-27,75.91,75.91,75.91,75.91,0
2013-02-28,78.94,78.94,78.94,78.94,0
2013-03-01,78.07,78.07,78.07,78.07,0
2013-03-04,81.89,81.89,81.89,81.89,0
2013-03-05,84.65,84.65,84.65,84.65,0
2013-03-06,84.77,84.77,84.77,84.77,0
2013-03-07,84.19,84.19,84.19,84.19,0
2013-03-08,82.87,82.87,82.87,82.87,0
2013-03-11,82.07,82.07,82.07,82.07,0
2013-03-12,78.74,78.74,78.74,78.74,0
2013-03-13,77.91,77.91,77.91,77.91,0
2013-03-14,78.05,78.05,78.05,78.05,0
2013-03-15,77.47,77.47,77.47,77.47,0
2013-03-18,78,78,78,78,0
2013-03-19,77.97,77.97,77.97,77.97,0
2013-03-20,78.14,78.14,78.14,78.14,0
2013-03-21,74.21,74.21,74.21,74.21,0
2013-03-22,77.29,77.29,77.29,77.29,0
2013-03-25,77.7,77.7,77.7,77.7,0
2013-03-26,77.7,77.7,77.7,77.7,0
2013-03-27,74.92,74.92,74.92,74.92,0
2013-03-28,75.2,75.2,75.2,75.2,0
2013-03-29,75.25,75.25,75.25,75.25,0
2013-04-02,75.23,75.23,75.23,75.23,0
2013-04-03,75.22,75.22,75.22,75.22,0
2013-04-04,75.12,75.12,75.12,75.12,0
2013-04-05,78.28,78.28,78.28,78.28,0
2013-04-08,78.23,78.23,78.23,78.23,0
2013-04-09,78.23,78.23,78.23,78.23,0
2013-04-10,76.96,76.96,76.96,76.96,0
2013-04-11,76.98,76.98,76.98,76.98,0
2013-04-12,77.01,77.01,77.01,77.01,0
2013-04-15,77.05,77.05,77.05,77.05,0
2013-04-16,75.31,75.31,75.31,75.31,0
2013-04-17,77.42,77.42,77.42,77.42,0
2013-04-18,77.45,77.45,77.45,77.45,0
2013-04-19,76.97,76.97,76.97,76.97,0
2013-04-22,76.98,76.98,76.98,76.98,0
2013-04-23,74.97,74.97,74.97,74.97,0
2013-04-24,75.04,75.04,75.04,75.04,0
2013-04-25,75.04,75.04,75.04,75.04,0
2013-04-26,75.04,75.04,75.04,75.04,0
2013-04-29,75.04,75.04,75.04,75.04,0
2013-04-30,75.04,75.04,75.04,75.04,0
2013-05-02,75.81,75.81,75.81,75.81,0
2013-05-03,75.7,75.7,75.7,75.7,0
2013-05-06,75.16,75.16,75.16,75.16,0
2013-05-07,75.25,75.25,75.25,75.25,0
2013-05-08,78.45,78.45,78.45,78.45,0
2013-05-10,79.46,79.46,79.46,79.46,0
2013-05-13,80.47,80.47,80.47,80.47,0
2013-05-14,82.3,82.3,82.3,82.3,0
2013-05-15,81.68,81.68,81.68,81.68,0
2013-05-16,81.9,81.9,81.9,81.9,0
2013-05-17,86.95,86.95,86.95,86.95,0
2013-05-21,86.69,86.69,86.69,86.69,0
2013-05-22,86.66,86.66,86.66,86.66,0
2013-05-23,86.7,86.7,86.7,86.7,0
2013-05-24,87.36,87.36,87.36,87.36,0
2013-05-27,89.65,89.65,89.65,89.65,0
2013-05-28,93.97,93.97,93.97,93.97,0
2013-05-29,93.71,93.71,93.71,93.71,0
2013-05-30,93.71,93.71,93.71,93.71,0
2013-05-31,95.71,95.71,95.71,95.71,0
2013-06-03,97.45,97.45,97.45,97.45,0
2013-06-04,101.97,101.97,101.97,101.97,0
2013-06-05,97.28,97.28,97.28,97.28,0
2013-06-06,92.7,92.7,92.7,92.7,0
2013-06-07,89.57,89.57,89.57,89.57,0
2013-06-10,93.62,93.62,93.62,93.62,0
2013-06-11,94.63,94.63,94.63,94.63,0
2013-06-12,93.53,93.53,93.53,93.53,0
2013-06-13,89.62,89.62,89.62,89.62,0
2013-06-14,86.8,86.8,86.8,86.8,0
2013-06-17,82.95,82.95,82.95,82.95,0
2013-06-18,87.69,87.69,87.69,87.69,0
2013-06-19,87.61,87.61,87.61,87.61,0
2013-06-20,86.69,86.69,86.69,86.69,0
2013-06-21,83.96,83.96,83.96,83.96,0
2013-06-24,83.87,83.87,83.87,83.87,0
2013-06-25,84.43,84.43,84.43,84.43,0
2013-06-26,84.07,84.07,84.07,84.07,0
2013-06-27,87.12,87.12,87.12,87.12,0
2013-06-28,87.14,87.14,87.14,87.14,0
2013-07-01,82.99,82.99,82.99,82.99,0
2013-07-02,78.7,78.7,78.7,78.7,0
2013-07-03,79.97,79.97,79.97,79.97,0
2013-07-04,83.02,83.02,83.02,83.02,0
2013-07-05,87.08,87.08,87.08,87.08,0
2013-07-08,88.23,88.23,88.23,88.23,0
2013-07-09,87.39,87.39,87.39,87.39,0
2013-07-10,84.1,84.1,84.1,84.1,0
2013-07-11,83.66,83.66,83.66,83.66,0
2013-07-12,82.96,82.96,82.96,82.96,0
2013-07-15,83.05,83.05,83.05,83.05,0
2013-07-16,83.14,83.14,83.14,83.14,0
2013-07-17,83.09,83.09,83.09,83.09,0
2013-07-18,83.15,83.15,83.15,83.15,0
2013-07-19,83.18,83.18,83.18,83.18,0
2013-07-22,82.18,82.18,82.18,82.18,0
2013-07-23,83.21,83.21,83.21,83.21,0
2013-07-24,83.23,83.23,83.23,83.23,0
2013-07-25,83.23,83.23,83.23,83.23,0
2013-07-26,83.24,83.24,83.24,83.24,0
2013-07-29,83.24,83.24,83.24,83.24,0
2013-07-30,83.2,83.2,83.2,83.2,0
2013-07-31,83.38,83.38,83.38,83.38,0
2013-08-01,83.34,83.34,83.34,83.34,0
2013-08-02,83.38,83.38,83.38,83.38,0
2013-08-05,87.46,87.46,87.46,87.46,0
2013-08-06,87.59,87.59,87.59,87.59,0
2013-08-09,86.75,86.75,86.75,86.75,0
2013-08-12,81.93,81.93,81.93,81.93,0
2013-08-13,86.54,86.54,86.54,86.54,0
2013-08-14,86.61,86.61,86.61,86.61,0
2013-08-16,83.49,83.49,83.49,83.49,0
2013-08-19,83.41,83.41,83.41,83.41,0
2013-08-20,83.37,83.37,83.37,83.37,0
2013-08-21,86.51,86.51,86.51,86.51,0
2013-08-22,86.1,86.1,86.1,86.1,0
2013-08-23,82.95,82.95,82.95,82.95,0
2013-08-26,83.09,83.09,83.09,83.09,0
2013-08-27,81.87,81.87,81.87,81.87,0
2013-08-28,81.76,81.76,81.76,81.76,0
2013-08-29,81.59,81.59,81.59,81.59,0
2013-08-30,81.5,81.5,81.5,81.5,0
2013-09-02,81.51,81.51,81.51,81.51,0
2013-09-03,80.58,80.58,80.58,80.58,0
2013-09-04,80.28,80.28,80.28,80.28,0
2013-09-05,80.29,80.29,80.29,80.29,0
2013-09-06,80.55,80.55,80.55,80.55,0
2013-09-09,79.65,79.65,79.65,79.65,0
2013-09-10,78.64,78.64,78.64,78.64,0
2013-09-11,78.64,78.64,78.64,78.64,0
2013-09-12,78.64,78.64,78.64,78.64,0
2013-09-13,80.56,80.56,80.56,80.56,0
2013-09-16,78.94,78.94,78.94,78.94,0
2013-09-17,78.64,78.64,78.64,78.64,0
2013-09-18,77.97,77.97,77.97,77.97,0
2013-09-19,78.04,78.04,78.04,78.04,0
2013-09-20,77.13,77.13,77.13,77.13,0
2013-09-23,77.07,77.07,77.07,77.07,0
2013-09-24,77.11,77.11,77.11,77.11,0
2013-09-25,77.24,77.24,77.24,77.24,0
2013-09-26,77.32,77.32,77.32,77.32,0
2013-09-27,76.54,76.54,76.54,76.54,0
2013-09-30,78.59,78.59,78.59,78.59,0
2013-10-01,78.29,78.29,78.29,78.29,0
2013-10-02,81.63,81.63,81.63,81.63,0
2013-10-03,79.22,79.22,79.22,79.22,0
2013-10-04,80.36,80.36,80.36,80.36,0
2013-10-07,80.62,80.62,80.62,80.62,0
2013-10-08,80.62,80.62,80.62,80.62,0
2013-10-09,80.87,80.87,80.87,80.87,0
2013-10-10,83.67,83.67,83.67,83.67,0
2013-10-11,83.75,83.75,83.75,83.75,0
2013-10-14,80.83,80.83,80.83,80.83,0
2013-10-16,79.81,79.81,79.81,79.81,0
2013-10-17,77.12,77.12,77.12,77.12,0
2013-10-18,79.82,79.82,79.82,79.82,0
2013-10-21,77.87,77.87,77.87,77.87,0
2013-10-22,79.72,79.72,79.72,79.72,0
2013-10-23,79.84,79.84,79.84,79.84,0
2013-10-24,80.01,80.01,80.01,80.01,0
2013-10-25,78.04,78.04,78.04,78.04,0
2013-10-28,79.15,79.15,79.15,79.15,0
2013-10-29,77.71,77.71,77.71,77.71,0
2013-10-30,78.18,78.18,78.18,78.18,0
2013-10-31,78.13,78.13,78.13,78.13,0
2013-11-04,78.77,78.77,78.77,78.77,0
2013-11-05,80.99,80.99,80.99,80.99,0
2013-11-06,81.12,81.12,81.12,81.12,0
2013-11-07,82.19,82.19,82.19,82.19,0
2013-11-08,82.9,82.9,82.9,82.9,0
2013-11-11,82.36,82.36,82.36,82.36,0
2013-11-12,81.25,81.25,81.25,81.25,0
2013-11-13,79.33,79.33,79.33,79.33,0
2013-11-14,81.7,81.7,81.7,81.7,0
2013-11-18,79.94,79.94,79.94,79.94,0
2013-11-19,79.95,79.95,79.95,79.95,0
2013-11-20,79.85,79.85,79.85,79.85,0
2013-11-21,79.99,79.99,79.99,79.99,0
2013-11-22,81.91,81.91,81.91,81.91,0
2013-11-25,81.44,81.44,81.44,81.44,0
2013-11-26,80.99,80.99,80.99,80.99,0
2013-11-27,79.92,79.92,79.92,79.92,0
2013-11-28,79.84,79.84,79.84,79.84,0
2013-11-29,81.01,81.01,81.01,81.01,0
2013-12-02,80.66,80.66,80.66,80.66,0
2013-12-03,80.66,80.66,80.66,80.66,0
2013-12-04,82.34,82.34,82.34,82.34,0
2013-12-05,82.34,82.34,82.34,82.34,0
2013-12-06,81.28,81.28,81.28,81.28,0
2013-12-09,81.18,81.18,81.18,81.18,0
2013-12-10,81.3,81.3,81.3,81.3,0
2013-12-11,81.41,81.41,81.41,81.41,0
2013-12-12,81.58,81.58,81.58,81.58,0
2013-12-13,82.45,82.45,82.45,82.45,0
2013-12-16,82.58,82.58,82.58,82.58,0
2013-12-17,81.49,81.49,81.49,81.49,0
2013-12-18,81.38,81.38,81.38,81.38,0
2013-12-19,81.3,81.3,81.3,81.3,0
2013-12-20,80.95,80.95,80.95,80.95,0
2013-12-23,80.6,80.6,80.6,80.6,0
2013-12-24,79.93,79.93,79.93,79.93,0
2013-12-26,79.66,79.66,79.66,79.66,0
2013-12-27,79.88,79.88,79.88,79.88,0
2013-12-30,80.41,80.41,80.41,80.41,0
2013-12-31,82.04,82.04,82.04,82.04,0
2014-01-02,81.75,81.75,81.75,81.75,0
2014-01-03,80.99,80.99,80.99,80.99,0
2014-01-06,81.09,81.09,81.09,81.09,0
2014-01-07,81.11,81.11,81.11,81.11,0
2014-01-08,80.45,80.45,80.45,80.45,0
2014-01-09,81.37,81.37,81.37,81.37,0
2014-01-10,82.36,82.36,82.36,82.36,0
2014-01-14,81.29,81.29,81.29,81.29,0
2014-01-15,82.37,82.37,82.37,82.37,0
2014-01-16,82.42,82.42,82.42,82.42,0
2014-01-17,82.28,82.28,82.28,82.28,0
2014-01-20,83.28,83.28,83.28,83.28,0
2014-01-21,82.73,82.73,82.73,82.73,0
2014-01-22,82.94,82.94,82.94,82.94,0
2014-01-23,82,82,82,82,0
2014-01-24,83.05,83.05,83.05,83.05,0
2014-01-27,83.06,83.06,83.06,83.06,0
2014-01-28,81.66,81.66,81.66,81.66,0
2014-01-29,82.66,82.66,82.66,82.66,0
2014-01-30,83.09,83.09,83.09,83.09,0
2014-01-31,83.18,83.18,83.18,83.18,0
2014-02-03,82.63,82.63,82.63,82.63,0
2014-02-04,83.05,83.05,83.05,83.05,0
2014-02-05,83.03,83.03,83.03,83.03,0
2014-02-06,84.23,84.23,84.23,84.23,0
2014-02-07,83.08,83.08,83.08,83.08,0
2014-02-10,83.04,83.04,83.04,83.04,0
2014-02-11,84.09,84.09,84.09,84.09,0
2014-02-12,84,84,84,84,0
2014-02-13,84.07,84.07,84.07,84.07,0
2014-02-14,83.81,83.81,83.81,83.81,0
2014-02-17,83.77,83.77,83.77,83.77,0
2014-02-18,84.28,84.28,84.28,84.28,0
2014-02-19,84.28,84.28,84.28,84.28,0
2014-02-20,84.66,84.66,84.66,84.66,0
2014-02-21,83.23,83.23,83.23,83.23,0
2014-02-24,84.21,84.21,84.21,84.21,0
2014-02-25,83.46,83.46,83.46,83.46,0
2014-02-26,83.12,83.12,83.12,83.12,0
2014-02-27,84.04,84.04,84.04,84.04,0
2014-02-28,82.28,82.28,82.28,82.28,0
2014-03-03,83.32,83.32,83.32,83.32,0
2014-03-06,84.27,84.27,84.27,84.27,0
2014-03-07,85.96,85.96,85.96,85.96,0
2014-03-10,84.72,84.72,84.72,84.72,0
2014-03-11,83.94,83.94,83.94,83.94,0
2014-03-12,83.19,83.19,83.19,83.19,0
2014-03-13,83.22,83.22,83.22,83.22,0
2014-03-14,83.04,83.04,83.04,83.04,0
2014-03-17,82.63,82.63,82.63,82.63,0
2014-03-18,82.58,82.58,82.58,82.58,0
2014-03-19,81.36,81.36,81.36,81.36,0
2014-03-20,82.18,82.18,82.18,82.18,0
2014-03-21,82.42,82.42,82.42,82.42,0
2014-03-24,81.29,81.29,81.29,81.29,0
2014-03-25,81.93,81.93,81.93,81.93,0
2014-03-26,82.8,82.8,82.8,82.8,0
2014-03-27,82.77,82.77,82.77,82.77,0
2014-03-28,82.65,82.65,82.65,82.65,0
2014-03-31,82.68,82.68,82.68,82.68,0
2014-04-01,82.99,82.99,82.99,82.99,0
2014-04-02,82.05,82.05,82.05,82.05,0
2014-04-03,82.14,82.14,82.14,82.14,0
2014-04-04,82.12,82.12,82.12,82.12,0
2014-04-07,82.12,82.12,82.12,82.12,0
2014-04-08,81.13,81.13,81.13,81.13,0
2014-04-09,81.57,81.57,81.57,81.57,0
2014-04-10,81.51,81.51,81.51,81.51,0
2014-04-11,81.58,81.58,81.58,81.58,0
2014-04-14,82.04,82.04,82.04,82.04,0
2014-04-15,80.67,80.67,80.67,80.67,0
2014-04-16,80.5,80.5,80.5,80.5,0
2014-04-17,80.78,80.78,80.78,80.78,0
2014-04-18,80.78,80.78,80.78,80.78,0
2014-04-22,80.24,80.24,80.24,80.24,0
2014-04-23,80.34,80.34,80.34,80.34,0
2014-04-24,78.25,78.25,78.25,78.25,0
2014-04-25,77.43,77.43,77.43,77.43,0
2014-04-28,76.39,76.39,76.39,76.39,0
2014-04-29,76.44,76.44,76.44,76.44,0
2014-04-30,77,77,77,77,0
2014-05-02,75.12,75.12,75.12,75.12,0
2014-05-05,72.26,72.26,72.26,72.26,0
2014-05-06,71.22,71.22,71.22,71.22,0
2014-05-07,72.06,72.06,72.06,72.06,0
2014-05-08,72,72,72,72,0
2014-05-09,73.2,73.2,73.2,73.2,0
2014-05-13,74.82,74.82,74.82,74.82,0
2014-05-14,73.81,73.81,73.81,73.81,0
2014-05-15,75.23,75.23,75.23,75.23,0
2014-05-16,74.25,74.25,74.25,74.25,0
2014-05-19,74.13,74.13,74.13,74.13,0
2014-05-20,75.08,75.08,75.08,75.08,0
2014-05-21,74.06,74.06,74.06,74.06,0
2014-05-22,74.11,74.11,74.11,74.11,0
2014-05-23,76,76,76,76,0
2014-05-26,76.09,76.09,76.09,76.09,0
2014-05-27,75.03,75.03,75.03,75.03,0
2014-05-28,76.03,76.03,76.03,76.03,0
2014-05-30,75.92,75.92,75.92,75.92,0
2014-06-02,74.94,74.94,74.94,74.94,0
2014-06-03,75.35,75.35,75.35,75.35,0
2014-06-04,75.24,75.24,75.24,75.24,0
2014-06-05,74.99,74.99,74.99,74.99,0
2014-06-06,74.26,74.26,74.26,74.26,0
2014-06-10,75.38,75.38,75.38,75.38,0
2014-06-11,74.54,74.54,74.54,74.54,0
2014-06-12,75.78,75.78,75.78,75.78,0
2014-06-13,75.08,75.08,75.08,75.08,0
2014-06-16,76.21,76.21,76.21,76.21,0
2014-06-17,76.72,76.72,76.72,76.72,0
2014-06-18,76.78,76.78,76.78,76.78,0
2014-06-19,75.85,75.85,75.85,75.85,0
2014-06-20,76.67,76.67,76.67,76.67,0
2014-06-23,76.6,76.6,76.6,76.6,0
2014-06-24,76.62,76.62,76.62,76.62,0
2014-06-25,77.64,77.64,77.64,77.64,0
2014-06-26,76.64,76.64,76.64,76.64,0
2014-06-27,79.74,79.74,79.74,79.74,0
2014-06-30,82.55,82.55,82.55,82.55,0
2014-07-01,81.55,81.55,81.55,81.55,0
2014-07-02,80.23,80.23,80.23,80.23,0
2014-07-03,79.4,79.4,79.4,79.4,0
2014-07-04,79.16,79.16,79.16,79.16,0
2014-07-07,79.34,79.34,79.34,79.34,0
2014-07-08,78.07,78.07,78.07,78.07,0
2014-07-09,77.2,77.2,77.2,77.2,0
2014-07-10,79.02,79.02,79.02,79.02,0
2014-07-11,79.13,79.13,79.13,79.13,0
2014-07-14,80.02,80.02,80.02,80.02,0
2014-07-15,80,80,80,80,0
2014-07-16,79.83,79.83,79.83,79.83,0
2014-07-17,81.36,81.36,81.36,81.36,0
2014-07-18,80.41,80.41,80.41,80.41,0
2014-07-21,80.73,80.73,80.73,80.73,0
2014-07-22,80.71,80.71,80.71,80.71,0
2014-07-23,81.62,81.62,81.62,81.62,0
2014-07-25,80.59,80.59,80.59,80.59,0
2014-07-29,80.29,80.29,80.29,80.29,0
2014-07-30,79.93,79.93,79.93,79.93,0
2014-07-31,80.3,80.3,80.3,80.3,0
2014-08-01,80.22,80.22,80.22,80.22,0
2014-08-04,81.16,81.16,81.16,81.16,0
2014-08-05,80.21,80.21,80.21,80.21,0
2014-08-06,81.1,81.1,81.1,81.1,0
2014-08-08,81.1,81.1,81.1,81.1,0
2014-08-11,82.65,82.65,82.65,82.65,0
2014-08-12,83.28,83.28,83.28,83.28,0
2014-08-13,82.36,82.36,82.36,82.36,0
2014-08-14,81.5,81.5,81.5,81.5,0
2014-08-18,81.5,81.5,81.5,81.5,0
2014-08-19,81.49,81.49,81.49,81.49,0
2014-08-20,81.9,81.9,81.9,81.9,0
2014-08-21,83.54,83.54,83.54,83.54,0
2014-08-22,84.78,84.78,84.78,84.78,0
2014-08-25,84.07,84.07,84.07,84.07,0
2014-08-26,84.37,84.37,84.37,84.37,0
2014-08-27,83.41,83.41,83.41,83.41,0
2014-08-28,84.1,84.1,84.1,84.1,0
2014-08-29,83.74,83.74,83.74,83.74,0
2014-09-01,84.08,84.08,84.08,84.08,0
2014-09-02,84.26,84.26,84.26,84.26,0
2014-09-03,84.41,84.41,84.41,84.41,0
2014-09-04,85.58,85.58,85.58,85.58,0
2014-09-05,85.38,85.38,85.38,85.38,0
2014-09-08,87.17,87.17,87.17,87.17,0
2014-09-09,87.37,87.37,87.37,87.37,0
2014-09-10,86.67,86.67,86.67,86.67,0
2014-09-11,86.67,86.67,86.67,86.67,0
2014-09-12,86.58,86.58,86.58,86.58,0
2014-09-15,89.21,89.21,89.21,89.21,0
2014-09-16,94.13,94.13,94.13,94.13,0
2014-09-17,96.1,96.1,96.1,96.1,0
2014-09-18,98.25,98.25,98.25,98.25,0
2014-09-19,99.31,99.31,99.31,99.31,0
2014-09-22,99.02,99.02,99.02,99.02,0
2014-09-23,97.77,97.77,97.77,97.77,0
2014-09-24,98.24,98.24,98.24,98.24,0
2014-09-25,98.64,98.64,98.64,98.64,0
2014-09-26,98.86,98.86,98.86,98.86,0
2014-09-29,98.12,98.12,98.12,98.12,0
2014-09-30,98.65,98.65,98.65,98.65,0
2014-10-01,100.06,100.06,100.06,100.06,0
2014-10-02,98.57,98.57,98.57,98.57,0
2014-10-03,97.77,97.77,97.77,97.77,0
2014-10-06,99.93,99.93,99.93,99.93,0
2014-10-07,99.96,99.96,99.96,99.96,0
2014-10-08,98.26,98.26,98.26,98.26,0
2014-10-09,97.9,97.9,97.9,97.9,0
2014-10-10,97.08,97.08,97.08,97.08,0
2014-10-13,95.2,95.2,95.2,95.2,0
2014-10-14,98.22,98.22,98.22,98.22,0
2014-10-15,94.71,94.71,94.71,94.71,0
2014-10-16,94.93,94.93,94.93,94.93,0
2014-10-17,94.23,94.23,94.23,94.23,0
2014-10-20,91.56,91.56,91.56,91.56,0
2014-10-21,90.69,90.69,90.69,90.69,0
2014-10-22,90.54,90.54,90.54,90.54,0
2014-10-23,91.02,91.02,91.02,91.02,0
2014-10-24,90.18,90.18,90.18,90.18,0
2014-10-27,91.59,91.59,91.59,91.59,0
2014-10-28,90.74,90.74,90.74,90.74,0
2014-10-29,91.5,91.5,91.5,91.5,0
2014-10-30,91.55,91.55,91.55,91.55,0
2014-10-31,92.05,92.05,92.05,92.05,0
2014-11-03,92.41,92.41,92.41,92.41,0
2014-11-04,91.2,91.2,91.2,91.2,0
2014-11-05,92.26,92.26,92.26,92.26,0
2014-11-06,92.65,92.65,92.65,92.65,0
2014-11-07,92.22,92.22,92.22,92.22,0
2014-11-10,92.61,92.61,92.61,92.61,0
2014-11-11,90.84,90.84,90.84,90.84,0
2014-11-12,91.92,91.92,91.92,91.92,0
2014-11-13,91.98,91.98,91.98,91.98,0
2014-11-14,92.31,92.31,92.31,92.31,0
2014-11-17,92.31,92.31,92.31,92.31,0
2014-11-18,91.76,91.76,91.76,91.76,0
2014-11-19,92.77,92.77,92.77,92.77,0
2014-11-20,91.88,91.88,91.88,91.88,0
2014-11-21,91.83,91.83,91.83,91.83,0
2014-11-24,90.88,90.88,90.88,90.88,0
2014-11-25,92.05,92.05,92.05,92.05,0
2014-11-26,90.18,90.18,90.18,90.18,0
2014-11-27,90.26,90.26,90.26,90.26,0
2014-11-28,90.28,90.28,90.28,90.28,0
2014-12-01,90.45,90.45,90.45,90.45,0
2014-12-02,90.03,90.03,90.03,90.03,0
2014-12-03,90.55,90.55,90.55,90.55,0
2014-12-04,88.68,88.68,88.68,88.68,0
2014-12-05,87.15,87.15,87.15,87.15,0
2014-12-08,87.36,87.36,87.36,87.36,0
2014-12-09,89.34,89.34,89.34,89.34,0
2014-12-10,88.77,88.77,88.77,88.77,0
2014-12-11,89.07,89.07,89.07,89.07,0
2014-12-12,90.22,90.22,90.22,90.22,0
2014-12-15,90.55,90.55,90.55,90.55,0
2014-12-16,90.78,90.78,90.78,90.78,0
2014-12-17,91.25,91.25,91.25,91.25,0
2014-12-18,90.57,90.57,90.57,90.57,0
2014-12-19,91.31,91.31,91.31,91.31,0
2014-12-22,89.9,89.9,89.9,89.9,0
2014-12-23,90.37,90.37,90.37,90.37,0
2014-12-24,91.23,91.23,91.23,91.23,0
2014-12-26,91.1,91.1,91.1,91.1,0
2014-12-29,89.9,89.9,89.9,89.9,0
2014-12-30,93.1,93.1,93.1,93.1,0
2014-12-31,93.48,93.48,93.48,93.48,0
2015-01-02,93.89,93.89,93.89,93.89,0
2015-01-05,92.92,92.92,92.92,92.92,0
2015-01-06,92.79,92.79,92.79,92.79,0
2015-01-07,91.6,91.6,91.6,91.6,0
2015-01-08,90.99,90.99,90.99,90.99,0
2015-01-09,92.08,92.08,92.08,92.08,0
2015-01-12,92.09,92.09,92.09,92.09,0
2015-01-13,91.78,91.78,91.78,91.78,0
2015-01-14,92.9,92.9,92.9,92.9,0
2015-01-15,91.4,91.4,91.4,91.4,0
2015-01-16,90.44,90.44,90.44,90.44,0
2015-01-19,91.15,91.15,91.15,91.15,0
2015-01-20,90.62,90.62,90.62,90.62,0
2015-01-21,90.77,90.77,90.77,90.77,0
2015-01-22,90.92,90.92,90.92,90.92,0
2015-01-23,91.6,91.6,91.6,91.6,0
2015-01-26,92.46,92.46,92.46,92.46,0
2015-01-27,91.27,91.27,91.27,91.27,0
2015-01-28,92.6,92.6,92.6,92.6,0
2015-01-29,92.8,92.8,92.8,92.8,0
2015-01-30,93.52,93.52,93.52,93.52,0
2015-02-02,93.21,93.21,93.21,93.21,0
2015-02-03,92.25,92.25,92.25,92.25,0
2015-02-04,93.7,93.7,93.7,93.7,0
2015-02-05,91.8,91.8,91.8,91.8,0
2015-02-06,92.02,92.02,92.02,92.02,0
2015-02-10,91.75,91.75,91.75,91.75,0
2015-02-11,93.03,93.03,93.03,93.03,0
2015-02-12,92.5,92.5,92.5,92.5,0
2015-02-13,93.29,93.29,93.29,93.29,0
2015-02-16,92.48,92.48,92.48,92.48,0
2015-02-17,92.23,92.23,92.23,92.23,0
2015-02-18,91.35,91.35,91.35,91.35,0
2015-02-19,92.23,92.23,92.23,92.23,0
2015-02-20,92.07,92.07,92.07,92.07,0
2015-02-23,92.14,92.14,92.14,92.14,0
2015-02-24,91.37,91.37,91.37,91.37,0
2015-02-25,92.82,92.82,92.82,92.82,0
2015-02-26,90.25,90.25,90.25,90.25,0
2015-02-27,91.9,91.9,91.9,91.9,0
2015-03-02,91.26,91.26,91.26,91.26,0
2015-03-03,91.41,91.41,91.41,91.41,0
2015-03-04,90.39,90.39,90.39,90.39,0
2015-03-05,89.77,89.77,89.77,89.77,0
2015-03-06,90.69,90.69,90.69,90.69,0
2015-03-09,89.89,89.89,89.89,89.89,0
2015-03-10,92.45,92.45,92.45,92.45,0
2015-03-11,92.7,92.7,92.7,92.7,0
2015-03-12,92.09,92.09,92.09,92.09,0
2015-03-13,92.33,92.33,92.33,92.33,0
2015-03-16,92.14,92.14,92.14,92.14,0
2015-03-17,91.69,91.69,91.69,91.69,0
2015-03-18,92.02,92.02,92.02,92.02,0
2015-03-19,92.73,92.73,92.73,92.73,0
2015-03-20,92.6,92.6,92.6,92.6,0
2015-03-23,92.64,92.64,92.64,92.64,0
2015-03-24,92.57,92.57,92.57,92.57,0
2015-03-25,93.57,93.57,93.57,93.57,0
2015-03-26,93.74,93.74,93.74,93.74,0
2015-03-27,93.75,93.75,93.75,93.75,0
2015-03-30,93.59,93.59,93.59,93.59,0
2015-03-31,94.27,94.27,94.27,94.27,0
2015-04-01,95.45,95.45,95.45,95.45,0
2015-04-02,96.42,96.42,96.42,96.42,0
2015-04-03,97.33,97.33,97.33,97.33,0
2015-04-07,97.26,97.26,97.26,97.26,0
2015-04-08,96.3,96.3,96.3,96.3,0
2015-04-09,96.15,96.15,96.15,96.15,0
2015-04-10,94.49,94.49,94.49,94.49,0
2015-04-13,95.37,95.37,95.37,95.37,0
2015-04-14,95.66,95.66,95.66,95.66,0
2015-04-15,95.93,95.93,95.93,95.93,0
2015-04-16,98.37,98.37,98.37,98.37,0
2015-04-17,98.98,98.98,98.98,98.98,0
2015-04-20,98.87,98.87,98.87,98.87,0
2015-04-21,99.87,99.87,99.87,99.87,0
2015-04-22,102.57,102.57,102.57,102.57,0
2015-04-23,102.81,102.81,102.81,102.81,0
2015-04-24,103.69,103.69,103.69,103.69,0
2015-04-27,102.09,102.09,102.09,102.09,0
2015-04-28,103.48,103.48,103.48,103.48,0
2015-04-29,102.82,102.82,102.82,102.82,0
2015-04-30,102.55,102.55,102.55,102.55,0
2015-05-04,102.24,102.24,102.24,102.24,0
2015-05-05,104.07,104.07,104.07,104.07,0
2015-05-06,103.06,103.06,103.06,103.06,0
2015-05-07,101.72,101.72,101.72,101.72,0
2015-05-08,101.98,101.98,101.98,101.98,0
2015-05-11,102,102,102,102,0
2015-05-12,102.7,102.7,102.7,102.7,0
2015-05-13,102.74,102.74,102.74,102.74,0
2015-05-15,101.54,101.54,101.54,101.54,0
2015-05-18,102.96,102.96,102.96,102.96,0
2015-05-19,101.9,101.9,101.9,101.9,0
2015-05-20,102.76,102.76,102.76,102.76,0
2015-05-21,101.82,101.82,101.82,101.82,0
2015-05-22,102.89,102.89,102.89,102.89,0
2015-05-26,103.01,103.01,103.01,103.01,0
2015-05-27,103.22,103.22,103.22,103.22,0
2015-05-28,102.52,102.52,102.52,102.52,0
2015-05-29,101.84,101.84,101.84,101.84,0
2015-06-01,102.24,102.24,102.24,102.24,0
2015-06-02,102.23,102.23,102.23,102.23,0
2015-06-03,101.27,101.27,101.27,101.27,0
2015-06-04,101.86,101.86,101.86,101.86,0
2015-06-05,101.01,101.01,101.01,101.01,0
2015-06-08,99.47,99.47,99.47,99.47,0
2015-06-09,102.55,102.55,102.55,102.55,0
2015-06-10,99.63,99.63,99.63,99.63,0
2015-06-11,100.41,100.41,100.41,100.41,0
2015-06-12,100.41,100.41,100.41,100.41,0
2015-06-15,99.27,99.27,99.27,99.27,0
2015-06-16,99.34,99.34,99.34,99.34,0
2015-06-17,101.35,101.35,101.35,101.35,0
2015-06-18,100.83,100.83,100.83,100.83,0
2015-06-19,100.47,100.47,100.47,100.47,0
2015-06-22,101.06,101.06,101.06,101.06,0
2015-06-23,101.31,101.31,101.31,101.31,0
2015-06-24,101.71,101.71,101.71,101.71,0
2015-06-25,101.81,101.81,101.81,101.81,0
2015-06-26,100.82,100.82,100.82,100.82,0
2015-06-29,102.27,102.27,102.27,102.27,0
2015-06-30,103.73,103.73,103.73,103.73,0
2015-07-01,102.59,102.59,102.59,102.59,0
2015-07-02,102.79,102.79,102.79,102.79,0
2015-07-03,102.35,102.35,102.35,102.35,0
2015-07-06,101.72,101.72,101.72,101.72,0
2015-07-07,102.66,102.66,102.66,102.66,0
2015-07-08,105.69,105.69,105.69,105.69,0
2015-07-09,107.73,107.73,107.73,107.73,0
2015-07-10,108.1,108.1,108.1,108.1,0
2015-07-13,108.81,108.81,108.81,108.81,0
2015-07-15,112.45,112.45,112.45,112.45,0
2015-07-16,112.96,112.96,112.96,112.96,0
2015-07-20,112.49,112.49,112.49,112.49,0
2015-07-21,113.46,113.46,113.46,113.46,0
2015-07-22,112.21,112.21,112.21,112.21,0
2015-07-23,111.25,111.25,111.25,111.25,0
2015-07-24,110.13,110.13,110.13,110.13,0
2015-07-27,105.56,105.56,105.56,105.56,0
2015-07-28,103.49,103.49,103.49,103.49,0
2015-07-29,102.41,102.41,102.41,102.41,0
2015-07-30,102.73,102.73,102.73,102.73,0
2015-07-31,103.66,103.66,103.66,103.66,0
2015-08-03,104.72,104.72,104.72,104.72,0
2015-08-04,105.72,105.72,105.72,105.72,0
2015-08-05,108.64,108.64,108.64,108.64,0
2015-08-06,104.95,104.95,104.95,104.95,0
2015-08-10,106.95,106.95,106.95,106.95,0
2015-08-11,107.71,107.71,107.71,107.71,0
2015-08-12,107.69,107.69,107.69,107.69,0
2015-08-13,109.08,109.08,109.08,109.08,0
2015-08-14,110.39,110.39,110.39,110.39,0
2015-08-17,109.57,109.57,109.57,109.57,0
2015-08-18,108.99,108.99,108.99,108.99,0
2015-08-19,110.11,110.11,110.11,110.11,0
2015-08-20,108.66,108.66,108.66,108.66,0
2015-08-21,108.57,108.57,108.57,108.57,0
2015-08-24,106.87,106.87,106.87,106.87,0
2015-08-25,108.85,108.85,108.85,108.85,0
2015-08-26,107.02,107.02,107.02,107.02,0
2015-08-27,107.09,107.09,107.09,107.09,0
2015-08-28,109.1,109.1,109.1,109.1,0
2015-08-31,109.63,109.63,109.63,109.63,0
2015-09-01,109.07,109.07,109.07,109.07,0
2015-09-02,109.08,109.08,109.08,109.08,0
2015-09-03,107.81,107.81,107.81,107.81,0
2015-09-04,108.03,108.03,108.03,108.03,0
2015-09-07,109.01,109.01,109.01,109.01,0
2015-09-08,108.1,108.1,108.1,108.1,0
2015-09-09,108.45,108.45,108.45,108.45,0
2015-09-10,107.63,107.63,107.63,107.63,0
2015-09-11,106.81,106.81,106.81,106.81,0
2015-09-14,108.33,108.33,108.33,108.33,0
2015-09-15,107.55,107.55,107.55,107.55,0
2015-09-16,108.59,108.59,108.59,108.59,0
2015-09-17,107.35,107.35,107.35,107.35,0
2015-09-18,108.37,108.37,108.37,108.37,0
2015-09-21,107.47,107.47,107.47,107.47,0
2015-09-22,108.24,108.24,108.24,108.24,0
2015-09-23,108.24,108.24,108.24,108.24,0
2015-09-25,108.26,108.26,108.26,108.26,0
2015-09-28,107.54,107.54,107.54,107.54,0
2015-09-29,108.06,108.06,108.06,108.06,0
2015-09-30,108.1,108.1,108.1,108.1,0
2015-10-01,108.58,108.58,108.58,108.58,0
2015-10-02,108.36,108.36,108.36,108.36,0
2015-10-05,109.25,109.25,109.25,109.25,0
2015-10-06,110.82,110.82,110.82,110.82,0
2015-10-07,109.01,109.01,109.01,109.01,0
2015-10-08,109.78,109.78,109.78,109.78,0
2015-10-09,109.88,109.88,109.88,109.88,0
2015-10-12,109.45,109.45,109.45,109.45,0
2015-10-13,110.8,110.8,110.8,110.8,0
2015-10-14,110.86,110.86,110.86,110.86,0
2015-10-15,110.9,110.9,110.9,110.9,0
2015-10-16,109.87,109.87,109.87,109.87,0
2015-10-19,110.07,110.07,110.07,110.07,0
2015-10-20,109.86,109.86,109.86,109.86,0
2015-10-21,110.77,110.77,110.77,110.77,0
2015-10-22,111.55,111.55,111.55,111.55,0
2015-10-23,110.57,110.57,110.57,110.57,0
2015-10-26,112.23,112.23,112.23,112.23,0
2015-10-27,113.13,113.13,113.13,113.13,0
2015-10-28,111.37,111.37,111.37,111.37,0
2015-10-30,109.32,109.32,109.32,109.32,0
2015-11-02,110.56,110.56,110.56,110.56,0
2015-11-03,109.79,109.79,109.79,109.79,0
2015-11-04,108.49,108.49,108.49,108.49,0
2015-11-05,108.01,108.01,108.01,108.01,0
2015-11-06,106.88,106.88,106.88,106.88,0
2015-11-09,107.74,107.74,107.74,107.74,0
2015-11-10,106.79,106.79,106.79,106.79,0
2015-11-11,107.85,107.85,107.85,107.85,0
2015-11-12,107.9,107.9,107.9,107.9,0
2015-11-13,106.73,106.73,106.73,106.73,0
2015-11-16,106.81,106.81,106.81,106.81,0
2015-11-17,106.5,106.5,106.5,106.5,0
2015-11-18,106.25,106.25,106.25,106.25,0
2015-11-19,105.06,105.06,105.06,105.06,0
2015-11-20,105.41,105.41,105.41,105.41,0
2015-11-23,104.51,104.51,104.51,104.51,0
2015-11-24,105.21,105.21,105.21,105.21,0
2015-11-25,105.75,105.75,105.75,105.75,0
2015-11-26,105.82,105.82,105.82,105.82,0
2015-11-27,105.86,105.86,105.86,105.86,0
2015-11-30,105.78,105.78,105.78,105.78,0
2015-12-01,104.34,104.34,104.34,104.34,0
2015-12-02,105.95,105.95,105.95,105.95,0
2015-12-03,104.26,104.26,104.26,104.26,0
2015-12-04,104.87,104.87,104.87,104.87,0
2015-12-07,106.04,106.04,106.04,106.04,0
2015-12-08,105.57,105.57,105.57,105.57,0
2015-12-09,104.57,104.57,104.57,104.57,0
2015-12-10,103.08,103.08,103.08,103.08,0
2015-12-11,103.58,103.58,103.58,103.58,0
2015-12-14,102.58,102.58,102.58,102.58,0
2015-12-15,101.23,101.23,101.23,101.23,0
2015-12-16,100.83,100.83,100.83,100.83,0
2015-12-17,100.7,100.7,100.7,100.7,0
2015-12-18,99.34,99.34,99.34,99.34,0
2015-12-21,100.68,100.68,100.68,100.68,0
2015-12-22,102.38,102.38,102.38,102.38,0
2015-12-23,101.96,101.96,101.96,101.96,0
2015-12-28,102.74,102.74,102.74,102.74,0
2015-12-29,103.94,103.94,103.94,103.94,0
2015-12-30,105,105,105,105,0
2015-12-31,106.5,106.5,106.5,106.5,0
2016-01-04,104.97,104.97,104.97,104.97,0
2016-01-05,104.46,104.46,104.46,104.46,0
2016-01-06,103.93,103.93,103.93,103.93,0
2016-01-07,103.8,103.8,103.8,103.8,0
2016-01-08,103.68,103.68,103.68,103.68,0
2016-01-11,102.7,102.7,102.7,102.7,0
2016-01-12,105.13,105.13,105.13,105.13,0
2016-01-13,103.49,103.49,103.49,103.49,0
2016-01-14,106.05,106.05,106.05,106.05,0
2016-01-15,105.22,105.22,105.22,105.22,0
2016-01-18,104.67,104.67,104.67,104.67,0
2016-01-19,105.19,105.19,105.19,105.19,0
2016-01-20,105.66,105.66,105.66,105.66,0
2016-01-21,104.26,104.26,104.26,104.26,0
2016-01-22,105.02,105.02,105.02,105.02,0
2016-01-25,102.25,102.25,102.25,102.25,0
2016-01-26,103.21,103.21,103.21,103.21,0
2016-01-27,102.69,102.69,102.69,102.69,0
2016-01-28,103.51,103.51,103.51,103.51,0
2016-01-29,104.11,104.11,104.11,104.11,0
2016-02-01,103.8,103.8,103.8,103.8,0
2016-02-02,104.17,104.17,104.17,104.17,0
2016-02-03,104.41,104.41,104.41,104.41,0
2016-02-04,104.7,104.7,104.7,104.7,0
2016-02-05,103.72,103.72,103.72,103.72,0
2016-02-08,103.32,103.32,103.32,103.32,0
2016-02-09,104.43,104.43,104.43,104.43,0
2016-02-10,103.69,103.69,103.69,103.69,0
2016-02-11,104.79,104.79,104.79,104.79,0
2016-02-12,104.98,104.98,104.98,104.98,0
2016-02-15,102.9,102.9,102.9,102.9,0
2016-02-16,104.45,104.45,104.45,104.45,0
2016-02-17,102.49,102.49,102.49,102.49,0
2016-02-18,103.6,103.6,103.6,103.6,0
2016-02-19,103.81,103.81,103.81,103.81,0
2016-02-22,105.74,105.74,105.74,105.74,0
2016-02-23,105.58,105.58,105.58,105.58,0
2016-02-24,108.08,108.08,108.08,108.08,0
2016-02-25,107.5,107.5,107.5,107.5,0
2016-02-26,108.78,108.78,108.78,108.78,0
2016-02-29,108.52,108.52,108.52,108.52,0
2016-03-01,108.72,108.72,108.72,108.72,0
2016-03-02,108.59,108.59,108.59,108.59,0
2016-03-03,111.53,111.53,111.53,111.53,0
2016-03-04,112.25,112.25,112.25,112.25,0
2016-03-07,116.96,116.96,116.96,116.96,0
2016-03-08,118.17,118.17,118.17,118.17,0
2016-03-09,122.32,122.32,122.32,122.32,0
2016-03-10,123.29,123.29,123.29,123.29,0
2016-03-11,120.24,120.24,120.24,120.24,0
2016-03-14,120,120,120,120,0
2016-03-15,117.89,117.89,117.89,117.89,0
2016-03-16,112.56,112.56,112.56,112.56,0
2016-03-17,107.88,107.88,107.88,107.88,0
2016-03-18,107.38,107.38,107.38,107.38,0
2016-03-21,108.55,108.55,108.55,108.55,0
2016-03-22,108.39,108.39,108.39,108.39,0
2016-03-23,109.12,109.12,109.12,109.12,0
2016-03-24,108.54,108.54,108.54,108.54,0
2016-03-25,109.2,109.2,109.2,109.2,0
2016-03-29,111.12,111.12,111.12,111.12,0
2016-03-30,111.32,111.32,111.32,111.32,0
2016-03-31,110.47,110.47,110.47,110.47,0
2016-04-01,109.99,109.99,109.99,109.99,0
2016-04-04,109.58,109.58,109.58,109.58,0
2016-04-05,108.14,108.14,108.14,108.14,0
2016-04-06,108.17,108.17,108.17,108.17,0
2016-04-07,108.78,108.78,108.78,108.78,0
2016-04-08,109.06,109.06,109.06,109.06,0
2016-04-11,106.53,106.53,106.53,106.53,0
2016-04-12,107.31,107.31,107.31,107.31,0
2016-04-13,108.94,108.94,108.94,108.94,0
2016-04-14,106.57,106.57,106.57,106.57,0
2016-04-15,106.27,106.27,106.27,106.27,0
2016-04-18,107.41,107.41,107.41,107.41,0
2016-04-19,108.08,108.08,108.08,108.08,0
2016-04-20,107.38,107.38,107.38,107.38,0
2016-04-21,108.58,108.58,108.58,108.58,0
2016-04-22,111.11,111.11,111.11,111.11,0
2016-04-25,109.29,109.29,109.29,109.29,0
2016-04-26,109.42,109.42,109.42,109.42,0
2016-04-27,108.06,108.06,108.06,108.06,0
2016-04-28,108.26,108.26,108.26,108.26,0
2016-04-29,107.87,107.87,107.87,107.87,0
2016-05-03,106.82,106.82,106.82,106.82,0
2016-05-04,106.23,106.23,106.23,106.23,0
2016-05-06,107.2,107.2,107.2,107.2,0
2016-05-09,106.34,106.34,106.34,106.34,0
2016-05-10,107.9,107.9,107.9,107.9,0
2016-05-11,105.99,105.99,105.99,105.99,0
2016-05-12,104.1,104.1,104.1,104.1,0
2016-05-13,106.14,106.14,106.14,106.14,0
2016-05-17,106.31,106.31,106.31,106.31,0
2016-05-18,109.54,109.54,109.54,109.54,0
2016-05-19,110.02,110.02,110.02,110.02,0
2016-05-20,109.03,109.03,109.03,109.03,0
2016-05-23,106.16,106.16,106.16,106.16,0
2016-05-24,105.61,105.61,105.61,105.61,0
2016-05-25,106.67,106.67,106.67,106.67,0
2016-05-26,106.82,106.82,106.82,106.82,0
2016-05-27,107.02,107.02,107.02,107.02,0
2016-05-30,107.86,107.86,107.86,107.86,0
2016-05-31,106.02,106.02,106.02,106.02,0
2016-06-01,108.69,108.69,108.69,108.69,0
2016-06-02,106.96,106.96,106.96,106.96,0
2016-06-03,106.35,106.35,106.35,106.35,0
2016-06-06,106.89,106.89,106.89,106.89,0
2016-06-07,106.55,106.55,106.55,106.55,0
2016-06-08,106.26,106.26,106.26,106.26,0
2016-06-09,107.11,107.11,107.11,107.11,0
2016-06-10,109.18,109.18,109.18,109.18,0
2016-06-13,109.25,109.25,109.25,109.25,0
2016-06-14,109.37,109.37,109.37,109.37,0
2016-06-15,108.54,108.54,108.54,108.54,0
2016-06-16,109.14,109.14,109.14,109.14,0
2016-06-17,108.5,108.5,108.5,108.5,0
2016-06-20,110.85,110.85,110.85,110.85,0
2016-06-21,110.08,110.08,110.08,110.08,0
2016-06-22,107.29,107.29,107.29,107.29,0
2016-06-23,107.58,107.58,107.58,107.58,0
2016-06-24,107.09,107.09,107.09,107.09,0
2016-06-27,107.87,107.87,107.87,107.87,0
2016-06-28,107.43,107.43,107.43,107.43,0
2016-06-29,106.34,106.34,106.34,106.34,0
2016-06-30,106.08,106.08,106.08,106.08,0
2016-07-01,103.35,103.35,103.35,103.35,0
2016-07-04,103.21,103.21,103.21,103.21,0
2016-07-05,103.47,103.47,103.47,103.47,0
2016-07-07,103.92,103.92,103.92,103.92,0
2016-07-08,104.53,104.53,104.53,104.53,0
2016-07-11,103.07,103.07,103.07,103.07,0
2016-07-12,102.69,102.69,102.69,102.69,0
2016-07-13,102.61,102.61,102.61,102.61,0
2016-07-14,102.08,102.08,102.08,102.08,0
2016-07-15,102.06,102.06,102.06,102.06,0
2016-07-18,100.12,100.12,100.12,100.12,0
2016-07-19,99.54,99.54,99.54,99.54,0
2016-07-20,97.26,97.26,97.26,97.26,0
2016-07-21,95.94,95.94,95.94,95.94,0
2016-07-22,96.32,96.32,96.32,96.32,0
2016-07-25,97.02,97.02,97.02,97.02,0
2016-07-26,96.45,96.45,96.45,96.45,0
2016-07-27,97.07,97.07,97.07,97.07,0
2016-07-28,96.15,96.15,96.15,96.15,0
2016-07-29,96.94,96.94,96.94,96.94,0
2016-08-01,96.32,96.32,96.32,96.32,0
2016-08-02,96.66,96.66,96.66,96.66,0
2016-08-03,96.55,96.55,96.55,96.55,0
2016-08-04,96.4,96.4,96.4,96.4,0
2016-08-05,95.14,95.14,95.14,95.14,0
2016-08-09,94.14,94.14,94.14,94.14,0
2016-08-10,93.02,93.02,93.02,93.02,0
2016-08-11,92.98,92.98,92.98,92.98,0
2016-08-12,91.99,91.99,91.99,91.99,0
2016-08-16,91.25,91.25,91.25,91.25,0
2016-08-17,90.27,90.27,90.27,90.27,0
2016-08-18,88.78,88.78,88.78,88.78,0
2016-08-19,89.06,89.06,89.06,89.06,0
2016-08-22,90.46,90.46,90.46,90.46,0
2016-08-23,91.14,91.14,91.14,91.14,0
2016-08-24,93.08,93.08,93.08,93.08,0
2016-08-25,93.95,93.95,93.95,93.95,0
2016-08-26,94.77,94.77,94.77,94.77,0
2016-08-29,94.98,94.98,94.98,94.98,0
2016-08-30,95.61,95.61,95.61,95.61,0
2016-08-31,97.45,97.45,97.45,97.45,0
2016-09-01,97.89,97.89,97.89,97.89,0
2016-09-02,97.97,97.97,97.97,97.97,0
2016-09-05,98.91,98.91,98.91,98.91,0
2016-09-06,100.37,100.37,100.37,100.37,0
2016-09-07,101.92,101.92,101.92,101.92,0
2016-09-08,101.61,101.61,101.61,101.61,0
2016-09-09,100.49,100.49,100.49,100.49,0
2016-09-13,98.77,98.77,98.77,98.77,0
2016-09-14,96.9,96.9,96.9,96.9,0
2016-09-15,100.34,100.34,100.34,100.34,0
2016-09-16,96.91,96.91,96.91,96.91,0
2016-09-19,95.88,95.88,95.88,95.88,0
2016-09-20,96.98,96.98,96.98,96.98,0
2016-09-21,94.88,94.88,94.88,94.88,0
2016-09-22,94.23,94.23,94.23,94.23,0
2016-09-23,93.78,93.78,93.78,93.78,0
2016-09-26,91.29,91.29,91.29,91.29,0
2016-09-27,92.99,92.99,92.99,92.99,0
2016-09-28,92.18,92.18,92.18,92.18,0
2016-09-29,92.1,92.1,92.1,92.1,0
2016-09-30,93.94,93.94,93.94,93.94,0
2016-10-03,91.62,91.62,91.62,91.62,0
2016-10-04,92.53,92.53,92.53,92.53,0
2016-10-05,92.11,92.11,92.11,92.11,0
2016-10-06,92.69,92.69,92.69,92.69,0
2016-10-07,91.81,91.81,91.81,91.81,0
2016-10-10,92.54,92.54,92.54,92.54,0
2016-10-11,91.45,91.45,91.45,91.45,0
2016-10-12,90.4,90.4,90.4,90.4,0
2016-10-13,89.39,89.39,89.39,89.39,0
2016-10-14,90.22,90.22,90.22,90.22,0
2016-10-17,88.42,88.42,88.42,88.42,0
2016-10-18,89.54,89.54,89.54,89.54,0
2016-10-19,87.63,87.63,87.63,87.63,0
2016-10-20,87.41,87.41,87.41,87.41,0
2016-10-21,88.65,88.65,88.65,88.65,0
2016-10-24,88.33,88.33,88.33,88.33,0
2016-10-25,87.14,87.14,87.14,87.14,0
2016-10-26,86.76,86.76,86.76,86.76,0
2016-10-27,88.24,88.24,88.24,88.24,0
2016-10-28,89.86,89.86,89.86,89.86,0
2016-10-31,91.49,91.49,91.49,91.49,0
2016-11-02,93.83,93.83,93.83,93.83,0
2016-11-03,93.36,93.36,93.36,93.36,0
2016-11-04,93.65,93.65,93.65,93.65,0
2016-11-07,91.62,91.62,91.62,91.62,0
2016-11-08,94.34,94.34,94.34,94.34,0
2016-11-09,97.98,97.98,97.98,97.98,0
2016-11-10,93.39,93.39,93.39,93.39,0
2016-11-11,93.91,93.91,93.91,93.91,0
2016-11-14,94.02,94.02,94.02,94.02,0
2016-11-16,94.31,94.31,94.31,94.31,0
2016-11-17,93,93,93,93,0
2016-11-18,91.62,91.62,91.62,91.62,0
2016-11-21,90.31,90.31,90.31,90.31,0
2016-11-22,91.26,91.26,91.26,91.26,0
2016-11-23,92.82,92.82,92.82,92.82,0
2016-11-24,90.96,90.96,90.96,90.96,0
2016-11-25,91.67,91.67,91.67,91.67,0
2016-11-28,91.51,91.51,91.51,91.51,0
2016-11-29,91.34,91.34,91.34,91.34,0
2016-11-30,93.99,93.99,93.99,93.99,0
2016-12-01,93.2,93.2,93.2,93.2,0
2016-12-02,94.41,94.41,94.41,94.41,0
2016-12-05,92.91,92.91,92.91,92.91,0
2016-12-06,92.79,92.79,92.79,92.79,0
2016-12-07,93.81,93.81,93.81,93.81,0
2016-12-08,91.16,91.16,91.16,91.16,0
2016-12-09,92.78,92.78,92.78,92.78,0
2016-12-13,91.42,91.42,91.42,91.42,0
2016-12-14,93.32,93.32,93.32,93.32,0
2016-12-15,92.95,92.95,92.95,92.95,0
2016-12-16,91.94,91.94,91.94,91.94,0
2016-12-19,91.56,91.56,91.56,91.56,0
2016-12-20,92.3,92.3,92.3,92.3,0
2016-12-21,93.4,93.4,93.4,93.4,0
2016-12-22,92.55,92.55,92.55,92.55,0
2016-12-23,93.76,93.76,93.76,93.76,0
2016-12-27,93.14,93.14,93.14,93.14,0
2016-12-28,94.57,94.57,94.57,94.57,0
2016-12-29,94.48,94.48,94.48,94.48,0
2016-12-30,97.79,97.79,97.79,97.79,0
2017-01-02,97.45,97.45,97.45,97.45,0
2017-01-03,95.72,95.72,95.72,95.72,0
2017-01-04,95.79,95.79,95.79,95.79,0
2017-01-05,95.92,95.92,95.92,95.92,0
2017-01-06,95.94,95.94,95.94,95.94,0
2017-01-09,96.57,96.57,96.57,96.57,0
2017-01-10,95.56,95.56,95.56,95.56,0
2017-01-11,95.85,95.85,95.85,95.85,0
2017-01-12,95.61,95.61,95.61,95.61,0
2017-01-13,95.75,95.75,95.75,95.75,0
2017-01-16,95.89,95.89,95.89,95.89,0
2017-01-17,95.72,95.72,95.72,95.72,0
2017-01-18,95.8,95.8,95.8,95.8,0
2017-01-19,96.73,96.73,96.73,96.73,0
2017-01-20,97.27,97.27,97.27,97.27,0
2017-01-23,96.5,96.5,96.5,96.5,0
2017-01-24,96.58,96.58,96.58,96.58,0
2017-01-25,96.45,96.45,96.45,96.45,0
2017-01-26,97.1,97.1,97.1,97.1,0
2017-01-27,96.83,96.83,96.83,96.83,0
2017-01-30,97.5,97.5,97.5,97.5,0
2017-01-31,98.27,98.27,98.27,98.27,0
2017-02-01,97.51,97.51,97.51,97.51,0
2017-02-02,97.45,97.45,97.45,97.45,0
2017-02-03,98.23,98.23,98.23,98.23,0
2017-02-06,97.72,97.72,97.72,97.72,0
2017-02-07,98.53,98.53,98.53,98.53,0
2017-02-08,97.38,97.38,97.38,97.38,0
2017-02-09,98.61,98.61,98.61,98.61,0
2017-02-10,99.7,99.7,99.7,99.7,0
2017-02-13,99.42,99.42,99.42,99.42,0
2017-02-14,98.95,98.95,98.95,98.95,0
2017-02-15,98.56,98.56,98.56,98.56,0
2017-02-16,99.39,99.39,99.39,99.39,0
2017-02-17,99.37,99.37,99.37,99.37,0
2017-02-20,99.08,99.08,99.08,99.08,0
2017-02-21,98.09,98.09,98.09,98.09,0
2017-02-22,99.77,99.77,99.77,99.77,0
2017-02-23,101.08,101.08,101.08,101.08,0
2017-02-24,104.89,104.89,104.89,104.89,0
2017-02-27,106.65,106.65,106.65,106.65,0
2017-02-28,106.63,106.63,106.63,106.63,0
2017-03-01,108.89,108.89,108.89,108.89,0
2017-03-02,105.79,105.79,105.79,105.79,0
2017-03-03,105.99,105.99,105.99,105.99,0
2017-03-06,105.38,105.38,105.38,105.38,0
2017-03-07,105.03,105.03,105.03,105.03,0
2017-03-08,104.56,104.56,104.56,104.56,0
2017-03-09,103.25,103.25,103.25,103.25,0
2017-03-10,103.8,103.8,103.8,103.8,0
2017-03-13,103.46,103.46,103.46,103.46,0
2017-03-14,105.12,105.12,105.12,105.12,0
2017-03-15,105.92,105.92,105.92,105.92,0
2017-03-16,107.04,107.04,107.04,107.04,0
2017-03-17,107,107,107,107,0
2017-03-20,106.41,106.41,106.41,106.41,0
2017-03-21,106.62,106.62,106.62,106.62,0
2017-03-22,108.68,108.68,108.68,108.68,0
2017-03-23,110.06,110.06,110.06,110.06,0
2017-03-24,109.18,109.18,109.18,109.18,0
2017-03-27,108.3,108.3,108.3,108.3,0
2017-03-28,107.71,107.71,107.71,107.71,0
2017-03-29,108.16,108.16,108.16,108.16,0
2017-03-30,107.55,107.55,107.55,107.55,0
2017-03-31,109.54,109.54,109.54,109.54,0
2017-04-03,109.24,109.24,109.24,109.24,0
2017-04-04,109.36,109.36,109.36,109.36,0
2017-04-05,109.03,109.03,109.03,109.03,0
2017-04-06,109.5,109.5,109.5,109.5,0
2017-04-07,108.79,108.79,108.79,108.79,0
2017-04-10,109.16,109.16,109.16,109.16,0
2017-04-11,109.09,109.09,109.09,109.09,0
2017-04-12,107.01,107.01,107.01,107.01,0
2017-04-13,106.78,106.78,106.78,106.78,0
2017-04-14,106.75,106.75,106.75,106.75,0
2017-04-18,106.35,106.35,106.35,106.35,0
2017-04-19,105.2,105.2,105.2,105.2,0
2017-04-20,104.81,104.81,104.81,104.81,0
2017-04-21,104.81,104.81,104.81,104.81,0
2017-04-24,105.6,105.6,105.6,105.6,0
2017-04-25,106.81,106.81,106.81,106.81,0
2017-04-26,106.88,106.88,106.88,106.88,0
2017-04-27,106.61,106.61,106.61,106.61,0
2017-04-28,105.8,105.8,105.8,105.8,0
2017-05-02,104.19,104.19,104.19,104.19,0
2017-05-03,104.39,104.39,104.39,104.39,0
2017-05-04,104.1,104.1,104.1,104.1,0
2017-05-05,104.75,104.75,104.75,104.75,0
2017-05-08,103.81,103.81,103.81,103.81,0
2017-05-09,104.24,104.24,104.24,104.24,0
2017-05-10,104.31,104.31,104.31,104.31,0
2017-05-11,104.17,104.17,104.17,104.17,0
2017-05-12,104.25,104.25,104.25,104.25,0
2017-05-15,103.38,103.38,103.38,103.38,0
2017-05-16,104.05,104.05,104.05,104.05,0
2017-05-17,103.46,103.46,103.46,103.46,0
2017-05-18,103.81,103.81,103.81,103.81,0
2017-05-19,102.74,102.74,102.74,102.74,0
2017-05-22,102.56,102.56,102.56,102.56,0
2017-05-23,101.46,101.46,101.46,101.46,0
2017-05-24,103.79,103.79,103.79,103.79,0
2017-05-26,102.97,102.97,102.97,102.97,0
2017-05-29,102.65,102.65,102.65,102.65,0
2017-05-30,102.42,102.42,102.42,102.42,0
2017-05-31,103.84,103.84,103.84,103.84,0
2017-06-01,101.4,101.4,101.4,101.4,0
2017-06-02,101.13,101.13,101.13,101.13,0
2017-06-06,99.4,99.4,99.4,99.4,0
2017-06-07,100.62,100.62,100.62,100.62,0
2017-06-08,98.88,98.88,98.88,98.88,0
2017-06-09,99.1,99.1,99.1,99.1,0
2017-06-12,100.06,100.06,100.06,100.06,0
2017-06-13,99.28,99.28,99.28,99.28,0
2017-06-14,101.73,101.73,101.73,101.73,0
2017-06-15,99.78,99.78,99.78,99.78,0
2017-06-16,99.84,99.84,99.84,99.84,0
2017-06-19,98.49,98.49,98.49,98.49,0
2017-06-20,92.31,92.31,92.31,92.31,0
2017-06-21,91.95,91.95,91.95,91.95,0
2017-06-23,98.06,98.06,98.06,98.06,0
2017-06-27,98.74,98.74,98.74,98.74,0
2017-06-28,100.82,100.82,100.82,100.82,0
2017-06-29,97.9,97.9,97.9,97.9,0
2017-06-30,98.51,98.51,98.51,98.51,0
2017-07-03,95.3,95.3,95.3,95.3,0
2017-07-04,95.5,95.5,95.5,95.5,0
2017-07-05,98.75,98.75,98.75,98.75,0
2017-07-06,96,96,96,96,0
2017-07-07,95.77,95.77,95.77,95.77,0
2017-07-10,94.43,94.43,94.43,94.43,0
2017-07-11,95.95,95.95,95.95,95.95,0
2017-07-12,97.06,97.06,97.06,97.06,0
2017-07-13,94.8,94.8,94.8,94.8,0
2017-07-14,92.83,92.83,92.83,92.83,0
2017-07-17,90.14,90.14,90.14,90.14,0
2017-07-18,90.2,90.2,90.2,90.2,0
2017-07-19,92.16,92.16,92.16,92.16,0
2017-07-20,90.7,90.7,90.7,90.7,0
2017-07-21,90.08,90.08,90.08,90.08,0
2017-07-24,90.07,90.07,90.07,90.07,0
2017-07-25,91.64,91.64,91.64,91.64,0
2017-07-26,91.71,91.71,91.71,91.71,0
2017-07-27,90.61,90.61,90.61,90.61,0
2017-07-28,91.76,91.76,91.76,91.76,0
2017-07-31,92.15,92.15,92.15,92.15,0
2017-08-01,91.64,91.64,91.64,91.64,0
2017-08-02,92.14,92.14,92.14,92.14,0
2017-08-03,91.54,91.54,91.54,91.54,0
2017-08-04,90.85,90.85,90.85,90.85,0
2017-08-08,91.19,91.19,91.19,91.19,0
2017-08-09,90.63,90.63,90.63,90.63,0
2017-08-10,90.93,90.93,90.93,90.93,0
2017-08-11,90,90,90,90,0
2017-08-14,90.02,90.02,90.02,90.02,0
2017-08-16,91.65,91.65,91.65,91.65,0
2017-08-17,89.18,89.18,89.18,89.18,0
2017-08-18,90.34,90.34,90.34,90.34,0
2017-08-21,90.02,90.02,90.02,90.02,0
2017-08-22,90.95,90.95,90.95,90.95,0
2017-08-23,91.43,91.43,91.43,91.43,0
2017-08-24,89.83,89.83,89.83,89.83,0
2017-08-25,89.56,89.56,89.56,89.56,0
2017-08-28,87.31,87.31,87.31,87.31,0
2017-08-29,88.08,88.08,88.08,88.08,0
2017-08-30,87.44,87.44,87.44,87.44,0
2017-08-31,86.8,86.8,86.8,86.8,0
2017-09-04,87.09,87.09,87.09,87.09,0
2017-09-05,86.57,86.57,86.57,86.57,0
2017-09-06,85.52,85.52,85.52,85.52,0
2017-09-07,85.23,85.23,85.23,85.23,0
2017-09-08,85.27,85.27,85.27,85.27,0
2017-09-11,86.43,86.43,86.43,86.43,0
2017-09-12,86.04,86.04,86.04,86.04,0
2017-09-13,86.46,86.46,86.46,86.46,0
2017-09-14,85.65,85.65,85.65,85.65,0
2017-09-15,85.84,85.84,85.84,85.84,0
2017-09-18,85.37,85.37,85.37,85.37,0
2017-09-19,84.66,84.66,84.66,84.66,0
2017-09-20,83.38,83.38,83.38,83.38,0
2017-09-21,84.16,84.16,84.16,84.16,0
2017-09-22,83.79,83.79,83.79,83.79,0
2017-09-25,83.98,83.98,83.98,83.98,0
2017-09-26,83.28,83.28,83.28,83.28,0
2017-09-27,83.95,83.95,83.95,83.95,0
2017-09-28,83.92,83.92,83.92,83.92,0
2017-09-29,84.87,84.87,84.87,84.87,0
2017-10-02,83.72,83.72,83.72,83.72,0
2017-10-03,84.09,84.09,84.09,84.09,0
2017-10-04,85.75,85.75,85.75,85.75,0
2017-10-05,85.25,85.25,85.25,85.25,0
2017-10-06,86.57,86.57,86.57,86.57,0
2017-10-09,85.63,85.63,85.63,85.63,0
2017-10-10,86.39,86.39,86.39,86.39,0
2017-10-11,87.16,87.16,87.16,87.16,0
2017-10-12,85.68,85.68,85.68,85.68,0
2017-10-13,85.33,85.33,85.33,85.33,0
2017-10-16,83.8,83.8,83.8,83.8,0
2017-10-17,84.3,84.3,84.3,84.3,0
2017-10-18,83.97,83.97,83.97,83.97,0
2017-10-19,82.37,82.37,82.37,82.37,0
2017-10-20,83.45,83.45,83.45,83.45,0
2017-10-23,83.01,83.01,83.01,83.01,0
2017-10-24,84.61,84.61,84.61,84.61,0
2017-10-25,85.09,85.09,85.09,85.09,0
2017-10-26,84.29,84.29,84.29,84.29,0
2017-10-27,82.22,82.22,82.22,82.22,0
2017-10-30,82.86,82.86,82.86,82.86,0
2017-10-31,82.49,82.49,82.49,82.49,0
2017-11-02,83.16,83.16,83.16,83.16,0
2017-11-03,81.3,81.3,81.3,81.3,0
2017-11-06,81.29,81.29,81.29,81.29,0
2017-11-07,80.47,80.47,80.47,80.47,0
2017-11-08,81.57,81.57,81.57,81.57,0
2017-11-09,80.8,80.8,80.8,80.8,0
2017-11-10,80.91,80.91,80.91,80.91,0
2017-11-13,81.86,81.86,81.86,81.86,0
2017-11-14,80.67,80.67,80.67,80.67,0
2017-11-16,80.73,80.73,80.73,80.73,0
2017-11-17,80.92,80.92,80.92,80.92,0
2017-11-20,81.42,81.42,81.42,81.42,0
2017-11-21,80.7,80.7,80.7,80.7,0
2017-11-22,82.06,82.06,82.06,82.06,0
2017-11-23,81.86,81.86,81.86,81.86,0
2017-11-24,82.12,82.12,82.12,82.12,0
2017-11-27,81.09,81.09,81.09,81.09,0
2017-11-28,81.53,81.53,81.53,81.53,0
2017-11-29,81.96,81.96,81.96,81.96,0
2017-11-30,81.86,81.86,81.86,81.86,0
2017-12-04,80.86,80.86,80.86,80.86,0
2017-12-05,80.74,80.74,80.74,80.74,0
2017-12-06,81.63,81.63,81.63,81.63,0
2017-12-07,80.92,80.92,80.92,80.92,0
2017-12-08,80.97,80.97,80.97,80.97,0
2017-12-11,80.83,80.83,80.83,80.83,0
2017-12-12,81.43,81.43,81.43,81.43,0
2017-12-13,81.26,81.26,81.26,81.26,0
2017-12-14,82.41,82.41,82.41,82.41,0
2017-12-15,83.29,83.29,83.29,83.29,0
2017-12-18,84.24,84.24,84.24,84.24,0
2017-12-19,85.22,85.22,85.22,85.22,0
2017-12-20,84.65,84.65,84.65,84.65,0
2017-12-21,85.7,85.7,85.7,85.7,0
2017-12-22,84.99,84.99,84.99,84.99,0
2017-12-26,85.83,85.83,85.83,85.83,0
2017-12-27,86.01,86.01,86.01,86.01,0
2017-12-28,86.14,86.14,86.14,86.14,0
2017-12-29,87.56,87.56,87.56,87.56,0
2018-01-02,86.35,86.35,86.35,86.35,0
2018-01-03,85.8,85.8,85.8,85.8,0
2018-01-04,85.26,85.26,85.26,85.26,0
2018-01-05,85.37,85.37,85.37,85.37,0
2018-01-08,84.69,84.69,84.69,84.69,0
2018-01-09,83.63,83.63,83.63,83.63,0
2018-01-10,84.33,84.33,84.33,84.33,0
2018-01-11,83.71,83.71,83.71,83.71,0
2018-01-12,83.64,83.64,83.64,83.64,0
2018-01-15,83.46,83.46,83.46,83.46,0
2018-01-16,83.29,83.29,83.29,83.29,0
2018-01-17,83.98,83.98,83.98,83.98,0
2018-01-18,82.93,82.93,82.93,82.93,0
2018-01-19,83.77,83.77,83.77,83.77,0
2018-01-22,82.84,82.84,82.84,82.84,0
2018-01-23,82.78,82.78,82.78,82.78,0
2018-01-24,82.91,82.91,82.91,82.91,0
2018-01-25,83.54,83.54,83.54,83.54,0
2018-01-26,82.45,82.45,82.45,82.45,0
2018-01-29,82.35,82.35,82.35,82.35,0
2018-01-30,81.94,81.94,81.94,81.94,0
2018-01-31,82.2,82.2,82.2,82.2,0
2018-02-01,83.03,83.03,83.03,83.03,0
2018-02-02,83.17,83.17,83.17,83.17,0
2018-02-05,82.98,82.98,82.98,82.98,0
2018-02-06,83.94,83.94,83.94,83.94,0
2018-02-07,83.97,83.97,83.97,83.97,0
2018-02-08,85.01,85.01,85.01,85.01,0
2018-02-09,84.31,84.31,84.31,84.31,0
2018-02-12,84.18,84.18,84.18,84.18,0
2018-02-13,83.68,83.68,83.68,83.68,0
2018-02-14,84.25,84.25,84.25,84.25,0
2018-02-15,84.37,84.37,84.37,84.37,0
2018-02-16,85.07,85.07,85.07,85.07,0
2018-02-19,84.89,84.89,84.89,84.89,0
2018-02-20,85.04,85.04,85.04,85.04,0
2018-02-21,85.37,85.37,85.37,85.37,0
2018-02-22,85.5,85.5,85.5,85.5,0
2018-02-23,86.05,86.05,86.05,86.05,0
2018-02-26,85.42,85.42,85.42,85.42,0
2018-02-27,85.56,85.56,85.56,85.56,0
2018-02-28,86.23,86.23,86.23,86.23,0
2018-03-01,86.93,86.93,86.93,86.93,0
2018-03-02,86.32,86.32,86.32,86.32,0
2018-03-05,86.82,86.82,86.82,86.82,0
2018-03-06,87.2,87.2,87.2,87.2,0
2018-03-07,86.83,86.83,86.83,86.83,0
2018-03-08,85.34,85.34,85.34,85.34,0
2018-03-09,86.1,86.1,86.1,86.1,0
2018-03-12,86.35,86.35,86.35,86.35,0
2018-03-13,85.6,85.6,85.6,85.6,0
2018-03-14,87.82,87.82,87.82,87.82,0
2018-03-15,87.26,87.26,87.26,87.26,0
2018-03-16,86.26,86.26,86.26,86.26,0
2018-03-19,85.24,85.24,85.24,85.24,0
2018-03-20,85.27,85.27,85.27,85.27,0
2018-03-21,85.26,85.26,85.26,85.26,0
2018-03-22,85.03,85.03,85.03,85.03,0
2018-03-23,85.46,85.46,85.46,85.46,0
2018-03-26,86.88,86.88,86.88,86.88,0
2018-03-27,86.66,86.66,86.66,86.66,0
2018-03-28,86.81,86.81,86.81,86.81,0
2018-03-29,85.7,85.7,85.7,85.7,0
2018-03-30,86.32,86.32,86.32,86.32,0
2018-04-03,85.56,85.56,85.56,85.56,0
2018-04-04,85.6,85.6,85.6,85.6,0
2018-04-05,85.05,85.05,85.05,85.05,0
2018-04-06,84.71,84.71,84.71,84.71,0
2018-04-09,84.13,84.13,84.13,84.13,0
2018-04-10,84.33,84.33,84.33,84.33,0
2018-04-11,84.41,84.41,84.41,84.41,0
2018-04-12,84.04,84.04,84.04,84.04,0
2018-04-13,84.3,84.3,84.3,84.3,0
2018-04-16,83.4,83.4,83.4,83.4,0
2018-04-17,83.26,83.26,83.26,83.26,0
2018-04-18,83.08,83.08,83.08,83.08,0
2018-04-19,82.42,82.42,82.42,82.42,0
2018-04-20,83.29,83.29,83.29,83.29,0
2018-04-23,82.92,82.92,82.92,82.92,0
2018-04-24,83.4,83.4,83.4,83.4,0
2018-04-25,84.6,84.6,84.6,84.6,0
2018-04-26,84.46,84.46,84.46,84.46,0
2018-04-27,84.83,84.83,84.83,84.83,0
2018-04-30,86.56,86.56,86.56,86.56,0
2018-05-02,86.76,86.76,86.76,86.76,0
2018-05-03,86.07,86.07,86.07,86.07,0
2018-05-04,84.45,84.45,84.45,84.45,0
2018-05-07,84.57,84.57,84.57,84.57,0
2018-05-08,83.54,83.54,83.54,83.54,0
2018-05-09,82.5,82.5,82.5,82.5,0
2018-05-11,81.45,81.45,81.45,81.45,0
2018-05-14,82.05,82.05,82.05,82.05,0
2018-05-15,81.29,81.29,81.29,81.29,0
2018-05-16,80.92,80.92,80.92,80.92,0
2018-05-17,78.96,78.96,78.96,78.96,0
2018-05-18,79.94,79.94,79.94,79.94,0
2018-05-22,80.09,80.09,80.09,80.09,0
2018-05-23,80.06,80.06,80.06,80.06,0
2018-05-24,79.44,79.44,79.44,79.44,0
2018-05-25,80.45,80.45,80.45,80.45,0
2018-05-28,79.05,79.05,79.05,79.05,0
2018-05-29,79.07,79.07,79.07,79.07,0
2018-05-30,78.84,78.84,78.84,78.84,0
2018-05-31,79.64,79.64,79.64,79.64,0
2018-06-01,79.38,79.38,79.38,79.38,0
2018-06-04,79.08,79.08,79.08,79.08,0
2018-06-05,79.49,79.49,79.49,79.49,0
2018-06-06,78.92,78.92,78.92,78.92,0
2018-06-07,78.55,78.55,78.55,78.55,0
2018-06-08,77.81,77.81,77.81,77.81,0
2018-06-12,78.73,78.73,78.73,78.73,0
2018-06-13,78.85,78.85,78.85,78.85,0
2018-06-15,79.65,79.65,79.65,79.65,0
2018-06-18,79.38,79.38,79.38,79.38,0
2018-06-19,80.33,80.33,80.33,80.33,0
2018-06-20,79.65,79.65,79.65,79.65,0
2018-06-21,78.26,78.26,78.26,78.26,0
2018-06-22,79.47,79.47,79.47,79.47,0
2018-06-25,78.92,78.92,78.92,78.92,0
2018-06-26,78.74,78.74,78.74,78.74,0
2018-06-27,79.03,79.03,79.03,79.03,0
2018-06-28,79.82,79.82,79.82,79.82,0
2018-06-29,80.46,80.46,80.46,80.46,0
2018-07-02,79.08,79.08,79.08,79.08,0
2018-07-03,79.88,79.88,79.88,79.88,0
2018-07-04,79.57,79.57,79.57,79.57,0
2018-07-05,78.97,78.97,78.97,78.97,0
2018-07-06,78.59,78.59,78.59,78.59,0
2018-07-09,77.96,77.96,77.96,77.96,0
2018-07-10,78.3,78.3,78.3,78.3,0
2018-07-11,78.52,78.52,78.52,78.52,0
2018-07-12,78.37,78.37,78.37,78.37,0
2018-07-13,78.29,78.29,78.29,78.29,0
2018-07-16,78.92,78.92,78.92,78.92,0
2018-07-17,79.19,79.19,79.19,79.19,0
2018-07-18,79.18,79.18,79.18,79.18,0
2018-07-19,79.07,79.07,79.07,79.07,0
2018-07-20,78.69,78.69,78.69,78.69,0
2018-07-23,78.35,78.35,78.35,78.35,0
2018-07-24,78.67,78.67,78.67,78.67,0
2018-07-25,78.48,78.48,78.48,78.48,0
2018-07-26,78.98,78.98,78.98,78.98,0
2018-07-27,79.68,79.68,79.68,79.68,0
2018-07-30,78.7,78.7,78.7,78.7,0
2018-07-31,78.99,78.99,78.99,78.99,0
2018-08-01,78.99,78.99,78.99,78.99,0
2018-08-02,78.22,78.22,78.22,78.22,0
2018-08-03,77.97,77.97,77.97,77.97,0
2018-08-08,77.2,77.2,77.2,77.2,0
2018-08-09,76.61,76.61,76.61,76.61,0
2018-08-10,76.99,76.99,76.99,76.99,0
2018-08-13,77.27,77.27,77.27,77.27,0
2018-08-14,77.37,77.37,77.37,77.37,0
2018-08-16,75.76,75.76,75.76,75.76,0
2018-08-17,76.1,76.1,76.1,76.1,0
2018-08-20,75.35,75.35,75.35,75.35,0
2018-08-22,75.48,75.48,75.48,75.48,0
2018-08-23,75.66,75.66,75.66,75.66,0
2018-08-24,75.59,75.59,75.59,75.59,0
2018-08-27,75.88,75.88,75.88,75.88,0
2018-08-28,76.38,76.38,76.38,76.38,0
2018-08-29,75.86,75.86,75.86,75.86,0
2018-08-30,76.18,76.18,76.18,76.18,0
2018-08-31,75.57,75.57,75.57,75.57,0
2018-09-03,74.76,74.76,74.76,74.76,0
2018-09-04,75.34,75.34,75.34,75.34,0
2018-09-05,74.74,74.74,74.74,74.74,0
2018-09-06,74.24,74.24,74.24,74.24,0
2018-09-07,73.79,73.79,73.79,73.79,0
2018-09-10,73.15,73.15,73.15,73.15,0
2018-09-11,73.42,73.42,73.42,73.42,0
2018-09-12,73.09,73.09,73.09,73.09,0
2018-09-13,72.59,72.59,72.59,72.59,0
2018-09-14,72.19,72.19,72.19,72.19,0
2018-09-17,71.31,71.31,71.31,71.31,0
2018-09-18,70.73,70.73,70.73,70.73,0
2018-09-19,71.59,71.59,71.59,71.59,0
2018-09-20,71.08,71.08,71.08,71.08,0
2018-09-21,70.82,70.82,70.82,70.82,0
2018-09-24,69.86,69.86,69.86,69.86,0
2018-09-25,70.02,70.02,70.02,70.02,0
2018-09-26,70.16,70.16,70.16,70.16,0
2018-09-27,69.34,69.34,69.34,69.34,0
2018-09-28,70.1,70.1,70.1,70.1,0
2018-10-01,69.76,69.76,69.76,69.76,0
2018-10-02,69.19,69.19,69.19,69.19,0
2018-10-03,69.55,69.55,69.55,69.55,0
2018-10-04,68.39,68.39,68.39,68.39,0
2018-10-05,68.96,68.96,68.96,68.96,0
2018-10-08,67.91,67.91,67.91,67.91,0
2018-10-09,68.29,68.29,68.29,68.29,0
2018-10-10,68.95,68.95,68.95,68.95,0
2018-10-11,68.11,68.11,68.11,68.11,0
2018-10-12,67.17,67.17,67.17,67.17,0
2018-10-15,67.11,67.11,67.11,67.11,0
2018-10-16,65.57,65.57,65.57,65.57,0
2018-10-17,66.12,66.12,66.12,66.12,0
2018-10-18,65.44,65.44,65.44,65.44,0
2018-10-19,65.16,65.16,65.16,65.16,0
2018-10-22,64.74,64.74,64.74,64.74,0
2018-10-23,64.81,64.81,64.81,64.81,0
2018-10-24,64.35,64.35,64.35,64.35,0
2018-10-25,63.88,63.88,63.88,63.88,0
2018-10-26,63.75,63.75,63.75,63.75,0
2018-10-29,62.97,62.97,62.97,62.97,0
2018-10-30,62.92,62.92,62.92,62.92,0
2018-10-31,63.38,63.38,63.38,63.38,0
2018-11-02,62.49,62.49,62.49,62.49,0
2018-11-05,61.79,61.79,61.79,61.79,0
2018-11-06,62,62,62,62,0
2018-11-07,61.59,61.59,61.59,61.59,0
2018-11-08,61.42,61.42,61.42,61.42,0
2018-11-09,61.51,61.51,61.51,61.51,0
2018-11-12,61.33,61.33,61.33,61.33,0
2018-11-13,60.05,60.05,60.05,60.05,0
2018-11-14,60.43,60.43,60.43,60.43,0
2018-11-16,60.54,60.54,60.54,60.54,0
2018-11-19,59.36,59.36,59.36,59.36,0
2018-11-21,59.48,59.48,59.48,59.48,0
2018-11-22,58.13,58.13,58.13,58.13,0
2018-11-23,57.5,57.5,57.5,57.5,0
2018-11-26,57.47,57.47,57.47,57.47,0
2018-11-27,57.69,57.69,57.69,57.69,0
2018-11-28,57.93,57.93,57.93,57.93,0
2018-11-29,57.73,57.73,57.73,57.73,0
2018-11-30,58.41,58.41,58.41,58.41,0
2018-12-03,57.76,57.76,57.76,57.76,0
2018-12-04,57.2,57.2,57.2,57.2,0
2018-12-05,57.55,57.55,57.55,57.55,0
2018-12-06,57.49,57.49,57.49,57.49,0
2018-12-07,59.47,59.47,59.47,59.47,0
2018-12-10,60.22,60.22,60.22,60.22,0
2018-12-11,61.32,61.32,61.32,61.32,0
2018-12-12,63.78,63.78,63.78,63.78,0
2018-12-13,63.67,63.67,63.67,63.67,0
2018-12-14,63.16,63.16,63.16,63.16,0
2018-12-17,62.95,62.95,62.95,62.95,0
2018-12-18,63.48,63.48,63.48,63.48,0
2018-12-19,63.68,63.68,63.68,63.68,0
2018-12-20,63.42,63.42,63.42,63.42,0
2018-12-21,64.04,64.04,64.04,64.04,0
2018-12-24,65.49,65.49,65.49,65.49,0
2018-12-26,66.36,66.36,66.36,66.36,0
2018-12-27,67.44,67.44,67.44,67.44,0
2018-12-28,68.12,68.12,68.12,68.12,0
2018-12-31,67.36,67.36,67.36,67.36,0
2019-01-02,66.44,66.44,66.44,66.44,0
2019-01-03,66.09,66.09,66.09,66.09,0
2019-01-04,66.13,66.13,66.13,66.13,0
2019-01-07,64.67,64.67,64.67,64.67,0
2019-01-08,63.85,63.85,63.85,63.85,0
2019-01-09,63.37,63.37,63.37,63.37,0
2019-01-10,63.1,63.1,63.1,63.1,0
2019-01-11,62.4,62.4,62.4,62.4,0
2019-01-14,60.73,60.73,60.73,60.73,0
2019-01-15,60.41,60.41,60.41,60.41,0
2019-01-16,60.34,60.34,60.34,60.34,0
2019-01-17,59.6,59.6,59.6,59.6,0
2019-01-18,60.02,60.02,60.02,60.02,0
2019-01-21,59.87,59.87,59.87,59.87,0
2019-01-22,60.19,60.19,60.19,60.19,0
2019-01-23,59.24,59.24,59.24,59.24,0
2019-01-24,60.1,60.1,60.1,60.1,0
2019-01-25,60.04,60.04,60.04,60.04,0
2019-01-28,60.7,60.7,60.7,60.7,0
2019-01-29,59.91,59.91,59.91,59.91,0
2019-01-30,61.17,61.17,61.17,61.17,0
2019-01-31,62.31,62.31,62.31,62.31,0
2019-02-01,62.21,62.21,62.21,62.21,0
2019-02-04,62.17,62.17,62.17,62.17,0
2019-02-05,62.09,62.09,62.09,62.09,0
2019-02-06,61.34,61.34,61.34,61.34,0
2019-02-07,61.16,61.16,61.16,61.16,0
2019-02-08,62.12,62.12,62.12,62.12,0
2019-02-11,62.17,62.17,62.17,62.17,0
2019-02-12,63.05,63.05,63.05,63.05,0
2019-02-13,62.31,62.31,62.31,62.31,0
2019-02-14,62.5,62.5,62.5,62.5,0
2019-02-15,62.34,62.34,62.34,62.34,0
2019-02-18,62.45,62.45,62.45,62.45,0
2019-02-19,62.49,62.49,62.49,62.49,0
2019-02-20,62.77,62.77,62.77,62.77,0
2019-02-21,62.05,62.05,62.05,62.05,0
2019-02-22,62.56,62.56,62.56,62.56,0
2019-02-25,63.03,63.03,63.03,63.03,0
2019-02-26,62.99,62.99,62.99,62.99,0
2019-02-27,62.64,62.64,62.64,62.64,0
2019-02-28,62.66,62.66,62.66,62.66,0
2019-03-01,63.17,63.17,63.17,63.17,0
2019-03-04,63.42,63.42,63.42,63.42,0
2019-03-05,61.86,61.86,61.86,61.86,0
2019-03-06,61.92,61.92,61.92,61.92,0
2019-03-07,61.51,61.51,61.51,61.51,0
2019-03-08,61.39,61.39,61.39,61.39,0
2019-03-11,61.11,61.11,61.11,61.11,0
2019-03-12,59.64,59.64,59.64,59.64,0
2019-03-13,60,60,60,60,0
2019-03-14,61.27,61.27,61.27,61.27,0
2019-03-15,60.41,60.41,60.41,60.41,0
2019-03-18,60.98,60.98,60.98,60.98,0
2019-03-19,60.75,60.75,60.75,60.75,0
2019-03-20,61.62,61.62,61.62,61.62,0
2019-03-21,61.04,61.04,61.04,61.04,0
2019-03-22,61.85,61.85,61.85,61.85,0
2019-03-25,61.81,61.81,61.81,61.81,0
2019-03-26,62.1,62.1,62.1,62.1,0
2019-03-27,60.7,60.7,60.7,60.7,0
2019-03-28,60.9,60.9,60.9,60.9,0
2019-03-29,59.95,59.95,59.95,59.95,0
2019-05-24,59.15,59.15,59.15,59.15,0
2019-05-27,59.35,59.35,59.35,59.35,0
2019-05-28,59.19,59.19,59.19,59.19,0
2019-05-29,59.11,59.11,59.11,59.11,0
2019-05-31,59.24,59.24,59.24,59.24,0
2019-06-03,58.45,58.45,58.45,58.45,0
2019-06-05,58.49,58.49,58.49,58.49,0
2019-06-06,58.2,58.2,58.2,58.2,0
2019-06-07,58.94,58.94,58.94,58.94,0
2019-06-11,58.25,58.25,58.25,58.25,0
2019-06-12,58.6,58.6,58.6,58.6,0
2019-06-13,58.55,58.55,58.55,58.55,0
2019-06-14,58.91,58.91,58.91,58.91,0
2019-06-17,58.26,58.26,58.26,58.26,0
2019-06-18,58.25,58.25,58.25,58.25,0
2019-06-19,58.05,58.05,58.05,58.05,0
2019-06-20,58.19,58.19,58.19,58.19,0
2019-06-21,58.34,58.34,58.34,58.34,0
2019-06-24,58.64,58.64,58.64,58.64,0
2019-06-25,57.51,57.51,57.51,57.51,0
2019-06-26,58.8,58.8,58.8,58.8,0
2019-06-27,58.55,58.55,58.55,58.55,0
2019-06-28,58.68,58.68,58.68,58.68,0
2019-07-01,58.85,58.85,58.85,58.85,0
2019-07-02,58.94,58.94,58.94,58.94,0
2019-07-03,58.32,58.32,58.32,58.32,0
2019-07-04,58.18,58.18,58.18,58.18,0
2019-07-05,58.29,58.29,58.29,58.29,0
2019-07-08,58.22,58.22,58.22,58.22,0
2019-07-09,58.11,58.11,58.11,58.11,0
2019-07-10,58.1,58.1,58.1,58.1,0
2019-07-11,57.98,57.98,57.98,57.98,0
2019-07-12,57.96,57.96,57.96,57.96,0
2019-07-15,57.75,57.75,57.75,57.75,0
2019-07-16,57.64,57.64,57.64,57.64,0
2019-07-17,57.03,57.03,57.03,57.03,0
2019-07-18,57.64,57.64,57.64,57.64,0
2019-07-19,58.57,58.57,58.57,58.57,0
2019-07-22,58.03,58.03,58.03,58.03,0
2019-07-23,57.31,57.31,57.31,57.31,0
2019-07-24,57.37,57.37,57.37,57.37,0
2019-07-25,57.56,57.56,57.56,57.56,0
2019-07-26,57.28,57.28,57.28,57.28,0
2019-07-29,57.18,57.18,57.18,57.18,0
2019-07-30,57.31,57.31,57.31,57.31,0
2019-07-31,57.66,57.66,57.66,57.66,0
2019-08-01,57.13,57.13,57.13,57.13,0
2019-08-02,56.56,56.56,56.56,56.56,0
2019-08-05,56.43,56.43,56.43,56.43,0
2019-08-06,56.36,56.36,56.36,56.36,0
2019-08-08,56.26,56.26,56.26,56.26,0
2019-08-09,57.16,57.16,57.16,57.16,0
2019-08-13,56.42,56.42,56.42,56.42,0
2019-08-14,56.17,56.17,56.17,56.17,0
2019-08-16,55.84,55.84,55.84,55.84,0
2019-08-19,55.88,55.88,55.88,55.88,0
2019-08-20,55.87,55.87,55.87,55.87,0
2019-08-21,55.55,55.55,55.55,55.55,0
2019-08-22,55.82,55.82,55.82,55.82,0
2019-08-23,55.72,55.72,55.72,55.72,0
2019-08-26,55.87,55.87,55.87,55.87,0
2019-08-27,56.15,56.15,56.15,56.15,0
2019-08-28,55.69,55.69,55.69,55.69,0
2019-08-29,56,56,56,56,0
2019-08-30,56.06,56.06,56.06,56.06,0
2019-09-02,55.08,55.08,55.08,55.08,0
2019-09-03,55.65,55.65,55.65,55.65,0
2019-09-04,55.62,55.62,55.62,55.62,0
2019-09-05,56.36,56.36,56.36,56.36,0
2019-09-06,55.94,55.94,55.94,55.94,0
2019-09-09,55.53,55.53,55.53,55.53,0
2019-09-10,55.27,55.27,55.27,55.27,0
2019-09-11,55.37,55.37,55.37,55.37,0
2019-09-12,55.05,55.05,55.05,55.05,0
2019-09-13,55.56,55.56,55.56,55.56,0
2019-09-16,56,56,56,56,0
2019-09-17,55.66,55.66,55.66,55.66,0
2019-09-18,54.92,54.92,54.92,54.92,0
2019-09-19,54.73,54.73,54.73,54.73,0
2019-09-20,55.54,55.54,55.54,55.54,0
2019-09-23,55.24,55.24,55.24,55.24,0
2019-09-24,54.51,54.51,54.51,54.51,0
2019-09-25,54.76,54.76,54.76,54.76,0
2019-09-26,53.82,53.82,53.82,53.82,0
2019-09-27,54.38,54.38,54.38,54.38,0
2019-09-30,54.44,54.44,54.44,54.44,0
2019-10-01,54.04,54.04,54.04,54.04,0
2019-10-02,53.81,53.81,53.81,53.81,0
2019-10-03,54.07,54.07,54.07,54.07,0
2019-10-04,54.4,54.4,54.4,54.4,0
2019-10-07,54.08,54.08,54.08,54.08,0
2019-10-08,53.45,53.45,53.45,53.45,0
2019-10-09,53.04,53.04,53.04,53.04,0
2019-10-10,53.79,53.79,53.79,53.79,0
2019-10-11,53.9,53.9,53.9,53.9,0
2019-10-14,53.8,53.8,53.8,53.8,0
2019-10-15,53.88,53.88,53.88,53.88,0
2019-10-16,54.15,54.15,54.15,54.15,0
2019-10-17,53.69,53.69,53.69,53.69,0
2019-10-18,54.45,54.45,54.45,54.45,0
2019-10-21,54.7,54.7,54.7,54.7,0
2019-10-22,54.84,54.84,54.84,54.84,0
2019-10-23,54.67,54.67,54.67,54.67,0
2019-10-24,54.69,54.69,54.69,54.69,0
2019-10-25,54.65,54.65,54.65,54.65,0
2019-10-28,54.8,54.8,54.8,54.8,0
2019-10-29,54.64,54.64,54.64,54.64,0
2019-10-30,54.59,54.59,54.59,54.59,0
2019-10-31,54.59,54.59,54.59,54.59,0
2019-11-04,53.75,53.75,53.75,53.75,0
2019-11-05,53.65,53.65,53.65,53.65,0
2019-11-06,55.11,55.11,55.11,55.11,0
2019-11-07,55.2,55.2,55.2,55.2,0
2019-11-08,54.72,54.72,54.72,54.72,0
2019-11-11,54.73,54.73,54.73,54.73,0
2019-11-12,54.54,54.54,54.54,54.54,0
2019-11-13,53.63,53.63,53.63,53.63,0
2019-11-14,53.91,53.91,53.91,53.91,0
2019-11-18,53.48,53.48,53.48,53.48,0
2019-11-19,53.31,53.31,53.31,53.31,0
2019-11-20,53.44,53.44,53.44,53.44,0
2019-11-21,53.23,53.23,53.23,53.23,0
2019-11-22,54.09,54.09,54.09,54.09,0
2019-11-25,54.25,54.25,54.25,54.25,0
2019-11-26,54.83,54.83,54.83,54.83,0
2019-11-27,55.05,55.05,55.05,55.05,0
2019-11-28,55.14,55.14,55.14,55.14,0
2019-11-29,55.49,55.49,55.49,55.49,0
2019-12-02,55.7,55.7,55.7,55.7,0
2019-12-03,55.39,55.39,55.39,55.39,0
2019-12-04,56.14,56.14,56.14,56.14,0
2019-12-05,55.91,55.91,55.91,55.91,0
2019-12-06,56.38,56.38,56.38,56.38,0
2019-12-09,55.9,55.9,55.9,55.9,0
2019-12-10,56.37,56.37,56.37,56.37,0
2019-12-11,57.11,57.11,57.11,57.11,0
2019-12-12,56.84,56.84,56.84,56.84,0
2019-12-13,56.87,56.87,56.87,56.87,0
2019-12-16,57.62,57.62,57.62,57.62,0
2019-12-17,57.44,57.44,57.44,57.44,0
2019-12-18,57.31,57.31,57.31,57.31,0
2019-12-19,57.67,57.67,57.67,57.67,0
2019-12-20,58.04,58.04,58.04,58.04,0
2019-12-23,58.1,58.1,58.1,58.1,0
2019-12-24,59.38,59.38,59.38,59.38,0
2019-12-26,59.74,59.74,59.74,59.74,0
2019-12-27,60.33,60.33,60.33,60.33,0
2019-12-30,60.28,60.28,60.28,60.28,0
2019-12-31,60.99,60.99,60.99,60.99,0
2020-01-02,59.74,59.74,59.74,59.74,0
2020-01-03,59.42,59.42,59.42,59.42,0
2020-01-06,58.87,58.87,58.87,58.87,0
2020-01-07,57.74,57.74,57.74,57.74,0
2020-01-08,58.3,58.3,58.3,58.3,0
2020-01-09,57.98,57.98,57.98,57.98,0
2020-01-10,57.33,57.33,57.33,57.33,0
2020-01-13,57.22,57.22,57.22,57.22,0
2020-01-14,56.83,56.83,56.83,56.83,0
2020-01-15,57.99,57.99,57.99,57.99,0
2020-01-16,57.16,57.16,57.16,57.16,0
2020-01-17,57.76,57.76,57.76,57.76,0
2020-01-20,58.11,58.11,58.11,58.11,0
2020-01-21,57.6,57.6,57.6,57.6,0
2020-01-22,58.04,58.04,58.04,58.04,0
2020-01-23,58.14,58.14,58.14,58.14,0
2020-01-24,59.11,59.11,59.11,59.11,0
2020-01-27,58.59,58.59,58.59,58.59,0
2020-01-28,58.47,58.47,58.47,58.47,0
2020-01-29,58.33,58.33,58.33,58.33,0
2020-01-30,58.48,58.48,58.48,58.48,0
2020-01-31,58.58,58.58,58.58,58.58,0
2020-02-03,57.7,57.7,57.7,57.7,0
2020-02-04,58.48,58.48,58.48,58.48,0
2020-02-05,58.14,58.14,58.14,58.14,0
2020-02-06,57.51,57.51,57.51,57.51,0
2020-02-07,57.13,57.13,57.13,57.13,0
2020-02-10,56.65,56.65,56.65,56.65,0
2020-02-11,56.16,56.16,56.16,56.16,0
2020-02-12,56.13,56.13,56.13,56.13,0
2020-02-13,55.96,55.96,55.96,55.96,0
2020-02-14,55.53,55.53,55.53,55.53,0
2020-02-17,55.74,55.74,55.74,55.74,0
2020-02-18,55.54,55.54,55.54,55.54,0
2020-02-19,55.68,55.68,55.68,55.68,0
2020-02-20,55.43,55.43,55.43,55.43,0
2020-02-21,55.6,55.6,55.6,55.6,0
2020-02-24,55.11,55.11,55.11,55.11,0
2020-02-25,55.18,55.18,55.18,55.18,0
2020-02-26,55.01,55.01,55.01,55.01,0
2020-02-27,54.99,54.99,54.99,54.99,0
2020-02-28,55.42,55.42,55.42,55.42,0
2020-03-02,55.61,55.61,55.61,55.61,0
2020-03-03,55.52,55.52,55.52,55.52,0
2020-03-04,55.4,55.4,55.4,55.4,0
2020-03-05,55.13,55.13,55.13,55.13,0
2020-03-06,55.58,55.58,55.58,55.58,0
2020-03-09,55.66,55.66,55.66,55.66,0
2020-03-10,55.52,55.52,55.52,55.52,0
2020-03-11,55.61,55.61,55.61,55.61,0
2020-03-12,55.32,55.32,55.32,55.32,0
2020-03-13,55.32,55.32,55.32,55.32,0
2020-03-16,55.05,55.05,55.05,55.05,0
2020-03-17,54.97,54.97,54.97,54.97,0
2020-03-18,55.05,55.05,55.05,55.05,0
2020-03-19,54.92,54.92,54.92,54.92,0
2020-03-20,54.85,54.85,54.85,54.85,0
2020-03-23,54.45,54.45,54.45,54.45,0
2020-03-24,54.31,54.31,54.31,54.31,0
2020-03-25,54.02,54.02,54.02,54.02,0
2020-03-26,53.96,53.96,53.96,53.96,0
2020-03-27,53.55,53.55,53.55,53.55,0
2020-03-30,53.24,53.24,53.24,53.24,0
2020-03-31,52.94,52.94,52.94,52.94,0
2020-04-01,53.24,53.24,53.24,53.24,0
2020-04-02,53.13,53.13,53.13,53.13,0
2020-04-03,52.65,52.65,52.65,52.65,0
2020-04-06,52.49,52.49,52.49,52.49,0
2020-04-07,52.41,52.41,52.41,52.41,0
2020-04-08,52.29,52.29,52.29,52.29,0
2020-04-09,52.46,52.46,52.46,52.46,0
2020-04-10,52.47,52.47,52.47,52.47,0
2020-04-14,52.9,52.9,52.9,52.9,0
2020-04-15,53.05,53.05,53.05,53.05,0
2020-04-16,52.66,52.66,52.66,52.66,0
2020-04-17,53.1,53.1,53.1,53.1,0
2020-04-20,53.26,53.26,53.26,53.26,0
2020-04-21,53.61,53.61,53.61,53.61,0
2020-04-22,53.39,53.39,53.39,53.39,0
2020-04-23,53.46,53.46,53.46,53.46,0
2020-04-24,53.14,53.14,53.14,53.14,0
2020-04-27,53.11,53.11,53.11,53.11,0
2020-04-28,53.2,53.2,53.2,53.2,0
2020-04-29,53,53,53,53,0
2020-04-30,53.21,53.21,53.21,53.21,0
2020-05-04,53.12,53.12,53.12,53.12,0
2020-05-05,53.22,53.22,53.22,53.22,0
2020-05-06,53.51,53.51,53.51,53.51,0
2020-05-07,53.17,53.17,53.17,53.17,0
2020-05-08,53.72,53.72,53.72,53.72,0
2020-05-11,53,53,53,53,0
2020-05-12,53.04,53.04,53.04,53.04,0
2020-05-13,52.86,52.86,52.86,52.86,0
2020-05-14,52.42,52.42,52.42,52.42,0
2020-05-15,52.48,52.48,52.48,52.48,0
2020-05-18,52.15,52.15,52.15,52.15,0
2020-05-19,52.39,52.39,52.39,52.39,0
2020-05-22,52.41,52.41,52.41,52.41,0
2020-05-25,52.22,52.22,52.22,52.22,0
2020-05-26,52.16,52.16,52.16,52.16,0
2020-05-27,52.43,52.43,52.43,52.43,0
2020-05-28,52.6,52.6,52.6,52.6,0
2020-05-29,52.49,52.49,52.49,52.49,0
2020-06-02,52.79,52.79,52.79,52.79,0
2020-06-03,53.48,53.48,53.48,53.48,0
2020-06-04,53.65,53.65,53.65,53.65,0
2020-06-05,53.95,53.95,53.95,53.95,0
2020-06-08,54.24,54.24,54.24,54.24,0
2020-06-09,54.55,54.55,54.55,54.55,0
2020-06-10,54.56,54.56,54.56,54.56,0
2020-06-11,54.51,54.51,54.51,54.51,0
2020-06-12,54.9,54.9,54.9,54.9,0
2020-06-15,54.61,54.61,54.61,54.61,0
2020-06-16,54.44,54.44,54.44,54.44,0
2020-06-17,54.17,54.17,54.17,54.17,0
2020-06-18,54.47,54.47,54.47,54.47,0
2020-06-19,54.65,54.65,54.65,54.65,0
2020-06-22,54.66,54.66,54.66,54.66,0
2020-06-23,54.41,54.41,54.41,54.41,0
2020-06-24,54.27,54.27,54.27,54.27,0
2020-06-25,53.79,53.79,53.79,53.79,0
2020-06-26,53.79,53.79,53.79,53.79,0
2020-06-29,54.3,54.3,54.3,54.3,0
2020-06-30,54.19,54.19,54.19,54.19,0
2020-07-01,54.03,54.03,54.03,54.03,0
2020-07-02,53.97,53.97,53.97,53.97,0
2020-07-03,53.75,53.75,53.75,53.75,0
2020-07-06,53.26,53.26,53.26,53.26,0
2020-07-07,53,53,53,53,0
2020-07-08,53.05,53.05,53.05,53.05,0
2020-07-09,52.83,52.83,52.83,52.83,0
2020-07-10,52.72,52.72,52.72,52.72,0
2020-07-13,52.88,52.88,52.88,52.88,0
2020-07-14,52.86,52.86,52.86,52.86,0
2020-07-15,52.5,52.5,52.5,52.5,0
2020-07-16,52.29,52.29,52.29,52.29,0
2020-07-17,52.62,52.62,52.62,52.62,0
2020-07-20,52.3,52.3,52.3,52.3,0
2020-07-21,52.2,52.2,52.2,52.2,0
2020-07-22,51.8,51.8,51.8,51.8,0
2020-07-23,51.76,51.76,51.76,51.76,0
2020-07-24,51.85,51.85,51.85,51.85,0
2020-07-27,51.6,51.6,51.6,51.6,0
2020-07-28,51.93,51.93,51.93,51.93,0
2020-07-29,52.15,52.15,52.15,52.15,0
2020-07-30,52.39,52.39,52.39,52.39,0
2020-08-03,51.69,51.69,51.69,51.69,0
2020-08-04,52.08,52.08,52.08,52.08,0
2020-08-05,51.95,51.95,51.95,51.95,0
2020-08-06,51.68,51.68,51.68,51.68,0
2020-08-10,51.95,51.95,51.95,51.95,0
2020-08-11,51.94,51.94,51.94,51.94,0
2020-08-12,51.9,51.9,51.9,51.9,0
2020-08-13,51.73,51.73,51.73,51.73,0
2020-08-14,51.81,51.81,51.81,51.81,0
2020-08-17,51.52,51.52,51.52,51.52,0
2020-08-18,51.59,51.59,51.59,51.59,0
2020-08-19,51.59,51.59,51.59,51.59,0
2020-08-20,51.61,51.61,51.61,51.61,0
2020-08-21,51.45,51.45,51.45,51.45,0
2020-08-24,51.2,51.2,51.2,51.2,0
2020-08-25,51.21,51.21,51.21,51.21,0
2020-08-26,51.75,51.75,51.75,51.75,0
2020-08-27,51.59,51.59,51.59,51.59,0
2020-08-28,51.89,51.89,51.89,51.89,0
2020-08-31,52.62,52.62,52.62,52.62,0
2020-09-01,52.73,52.73,52.73,52.73,0
2020-09-02,51.84,51.84,51.84,51.84,0
2020-09-03,51.71,51.71,51.71,51.71,0
2020-09-04,52.09,52.09,52.09,52.09,0
2020-09-07,51.98,51.98,51.98,51.98,0
2020-09-08,51.67,51.67,51.67,51.67,0
2020-09-09,51.41,51.41,51.41,51.41,0
2020-09-10,51.54,51.54,51.54,51.54,0
2020-09-11,51.83,51.83,51.83,51.83,0
2020-09-14,51.75,51.75,51.75,51.75,0
2020-09-15,51.83,51.83,51.83,51.83,0
2020-09-16,51.81,51.81,51.81,51.81,0
2020-09-17,51.98,51.98,51.98,51.98,0
2020-09-18,51.53,51.53,51.53,51.53,0
2020-09-21,51.22,51.22,51.22,51.22,0
2020-09-22,51.6,51.6,51.6,51.6,0
2020-09-23,51.63,51.63,51.63,51.63,0
2020-09-24,51.32,51.32,51.32,51.32,0
2020-09-25,52.06,52.06,52.06,52.06,0
2020-09-28,51.89,51.89,51.89,51.89,0
2020-09-29,51.76,51.76,51.76,51.76,0
2020-09-30,52.48,52.48,52.48,52.48,0
2020-10-01,51.84,51.84,51.84,51.84,0
2020-10-02,51.42,51.42,51.42,51.42,0
2020-10-05,51.17,51.17,51.17,51.17,0
2020-10-06,50.92,50.92,50.92,50.92,0
2020-10-07,51.44,51.44,51.44,51.44,0
2020-10-08,50.38,50.38,50.38,50.38,0
2020-10-09,51.51,51.51,51.51,51.51,0
2020-10-12,51.06,51.06,51.06,51.06,0
2020-10-13,50.63,50.63,50.63,50.63,0
2020-10-14,50.75,50.75,50.75,50.75,0
2020-10-15,50.76,50.76,50.76,50.76,0
2020-10-16,51.11,51.11,51.11,51.11,0
2020-10-19,51.33,51.33,51.33,51.33,0
2020-10-20,51.84,51.84,51.84,51.84,0
2020-10-21,52,52,52,52,0
2020-10-22,52.06,52.06,52.06,52.06,0
2020-10-23,52.21,52.21,52.21,52.21,0
2020-10-26,52.17,52.17,52.17,52.17,0
2020-10-27,52.46,52.46,52.46,52.46,0
2020-10-28,53.06,53.06,53.06,53.06,0
2020-10-30,53.62,53.62,53.62,53.62,0
2020-11-02,53.62,53.62,53.62,53.62,0
2020-11-03,52.85,52.85,52.85,52.85,0
2020-11-04,52.57,52.57,52.57,52.57,0
2020-11-05,53.46,53.46,53.46,53.46,0
2020-11-06,53.75,53.75,53.75,53.75,0
2020-11-09,54.37,54.37,54.37,54.37,0
2020-11-10,54.43,54.43,54.43,54.43,0
2020-11-11,54.27,54.27,54.27,54.27,0
2020-11-12,54,54,54,54,0
2020-11-13,53.77,53.77,53.77,53.77,0
2020-11-16,53.98,53.98,53.98,53.98,0
2020-11-17,54.22,54.22,54.22,54.22,0
2020-11-18,54.24,54.24,54.24,54.24,0
2020-11-19,53.9,53.9,53.9,53.9,0
2020-11-20,53.77,53.77,53.77,53.77,0
2020-11-23,55.06,55.06,55.06,55.06,0
2020-11-24,54.9,54.9,54.9,54.9,0
2020-11-25,55.5,55.5,55.5,55.5,0
2020-11-26,55.69,55.69,55.69,55.69,0
2020-11-27,56.15,56.15,56.15,56.15,0
2020-11-30,56.63,56.63,56.63,56.63,0
2020-12-01,57.53,57.53,57.53,57.53,0
2020-12-02,57.05,57.05,57.05,57.05,0
2020-12-03,57.06,57.06,57.06,57.06,0
2020-12-04,56.13,56.13,56.13,56.13,0
2020-12-07,56.03,56.03,56.03,56.03,0
2020-12-08,56.6,56.6,56.6,56.6,0
2020-12-09,56.34,56.34,56.34,56.34,0
2020-12-10,56.67,56.67,56.67,56.67,0
2020-12-11,56.84,56.84,56.84,56.84,0
2020-12-14,56.69,56.69,56.69,56.69,0
2020-12-15,56.49,56.49,56.49,56.49,0
2020-12-16,56.63,56.63,56.63,56.63,0
2020-12-17,56.96,56.96,56.96,56.96,0
2020-12-18,57.62,57.62,57.62,57.62,0
2020-12-21,57.77,57.77,57.77,57.77,0
2020-12-22,57.41,57.41,57.41,57.41,0
2020-12-23,58.12,58.12,58.12,58.12,0
2020-12-24,58.11,58.11,58.11,58.11,0
2020-12-28,58.27,58.27,58.27,58.27,0
2020-12-29,58.16,58.16,58.16,58.16,0
2020-12-30,58.82,58.82,58.82,58.82,0
2020-12-31,59.99,59.99,59.99,59.99,0
2021-01-04,58.31,58.31,58.31,58.31,0
2021-01-05,57.43,57.43,57.43,57.43,0
2021-01-06,56.93,56.93,56.93,56.93,0
2021-01-07,56.49,56.49,56.49,56.49,0
2021-01-08,55.72,55.72,55.72,55.72,0
2021-01-11,55.66,55.66,55.66,55.66,0
2021-01-12,55.07,55.07,55.07,55.07,0
2021-01-13,54.73,54.73,54.73,54.73,0
2021-01-14,54.53,54.53,54.53,54.53,0
2021-01-15,53.91,53.91,53.91,53.91,0
2021-01-18,53.92,53.92,53.92,53.92,0
2021-01-19,53.93,53.93,53.93,53.93,0
2021-01-20,53.84,53.84,53.84,53.84,0
2021-01-21,54.2,54.2,54.2,54.2,0
2021-01-22,54.54,54.54,54.54,54.54,0
2021-01-25,55.03,55.03,55.03,55.03,0
2021-01-26,55.12,55.12,55.12,55.12,0
2021-01-27,55.56,55.56,55.56,55.56,0
2021-01-28,55.55,55.55,55.55,55.55,0
2021-01-29,56.48,56.48,56.48,56.48,0
2021-02-01,56.54,56.54,56.54,56.54,0
2021-02-02,56.52,56.52,56.52,56.52,0
2021-02-03,57.4,57.4,57.4,57.4,0
2021-02-04,57.45,57.45,57.45,57.45,0
2021-02-05,57.39,57.39,57.39,57.39,0
2021-02-08,57.11,57.11,57.11,57.11,0
2021-02-09,56.34,56.34,56.34,56.34,0
2021-02-10,55.64,55.64,55.64,55.64,0
2021-02-11,54.9,54.9,54.9,54.9,0
2021-02-12,55.15,55.15,55.15,55.15,0
2021-02-15,55.64,55.64,55.64,55.64,0
2021-02-16,55.29,55.29,55.29,55.29,0
2021-02-17,54.98,54.98,54.98,54.98,0
2021-02-18,55.02,55.02,55.02,55.02,0
2021-02-19,54.88,54.88,54.88,54.88,0
2021-02-22,54.02,54.02,54.02,54.02,0
2021-02-23,54.58,54.58,54.58,54.58,0
2021-02-24,54.83,54.83,54.83,54.83,0
2021-02-25,54.9,54.9,54.9,54.9,0
2021-02-26,54.97,54.97,54.97,54.97,0
2021-03-01,55.85,55.85,55.85,55.85,0
2021-03-02,54.88,54.88,54.88,54.88,0
2021-03-03,54.84,54.84,54.84,54.84,0
2021-03-04,54.96,54.96,54.96,54.96,0
2021-03-05,55.12,55.12,55.12,55.12,0
2021-03-08,56.01,56.01,56.01,56.01,0
2021-03-09,56.08,56.08,56.08,56.08,0
2021-03-10,55.85,55.85,55.85,55.85,0
2021-03-11,56.16,56.16,56.16,56.16,0
2021-03-12,55.67,55.67,55.67,55.67,0
2021-03-15,55.87,55.87,55.87,55.87,0
2021-03-16,55.63,55.63,55.63,55.63,0
2021-03-17,55.86,55.86,55.86,55.86,0
2021-03-18,55.8,55.8,55.8,55.8,0
2021-03-19,55.94,55.94,55.94,55.94,0
2021-03-22,56.33,56.33,56.33,56.33,0
2021-03-23,56.25,56.25,56.25,56.25,0
2021-03-24,56.11,56.11,56.11,56.11,0
2021-03-25,56.18,56.18,56.18,56.18,0
2021-03-26,55.55,55.55,55.55,55.55,0
2021-03-29,55.79,55.79,55.79,55.79,0
2021-03-30,56.07,56.07,56.07,56.07,0
2021-03-31,55.67,55.67,55.67,55.67,0
2021-04-01,56.17,56.17,56.17,56.17,0
2021-04-02,56.25,56.25,56.25,56.25,0
2021-04-06,55.79,55.79,55.79,55.79,0
2021-04-07,56.52,56.52,56.52,56.52,0
2021-04-08,56.6,56.6,56.6,56.6,0
2021-04-09,56.43,56.43,56.43,56.43,0
2021-04-12,55.91,55.91,55.91,55.91,0
2021-04-13,56.01,56.01,56.01,56.01,0
2021-04-14,55.87,55.87,55.87,55.87,0
2021-04-15,56.19,56.19,56.19,56.19,0
2021-04-16,56.15,56.15,56.15,56.15,0
2021-04-19,56.11,56.11,56.11,56.11,0
2021-04-20,56.56,56.56,56.56,56.56,0
2021-04-21,56.84,56.84,56.84,56.84,0
2021-04-22,57.47,57.47,57.47,57.47,0
2021-04-23,57.55,57.55,57.55,57.55,0
2021-04-26,57.6,57.6,57.6,57.6,0
2021-04-27,57.78,57.78,57.78,57.78,0
2021-04-28,58.32,58.32,58.32,58.32,0
2021-04-29,57.9,57.9,57.9,57.9,0
2021-04-30,58.36,58.36,58.36,58.36,0
2021-05-03,58.77,58.77,58.77,58.77,0
2021-05-04,58.39,58.39,58.39,58.39,0
2021-05-05,58.95,58.95,58.95,58.95,0
2021-05-06,58.03,58.03,58.03,58.03,0
2021-05-07,58.67,58.67,58.67,58.67,0
2021-05-10,57.04,57.04,57.04,57.04,0
2021-05-11,57.17,57.17,57.17,57.17,0
2021-05-14,56.92,56.92,56.92,56.92,0
2021-05-17,57.17,57.17,57.17,57.17,0
2021-05-18,57.64,57.64,57.64,57.64,0
2021-05-19,56.97,56.97,56.97,56.97,0
2021-05-20,57.41,57.41,57.41,57.41,0
2021-05-21,56.88,56.88,56.88,56.88,0
2021-05-25,57.38,57.38,57.38,57.38,0
2021-05-26,57.8,57.8,57.8,57.8,0
2021-05-27,58.41,58.41,58.41,58.41,0
2021-05-28,58.17,58.17,58.17,58.17,0
2021-05-31,58.94,58.94,58.94,58.94,0
2021-06-01,58.68,58.68,58.68,58.68,0
2021-06-02,58.28,58.28,58.28,58.28,0
2021-06-03,58.36,58.36,58.36,58.36,0
2021-06-04,58.5,58.5,58.5,58.5,0
2021-06-07,58.92,58.92,58.92,58.92,0
2021-06-08,58.75,58.75,58.75,58.75,0
2021-06-09,59.24,59.24,59.24,59.24,0
2021-06-10,59.13,59.13,59.13,59.13,0
2021-06-11,59.09,59.09,59.09,59.09,0
2021-06-14,59.16,59.16,59.16,59.16,0
2021-06-15,59.35,59.35,59.35,59.35,0
2021-06-16,58.99,58.99,58.99,58.99,0
2021-06-17,58.76,58.76,58.76,58.76,0
2021-06-18,59.28,59.28,59.28,59.28,0
2021-06-21,59.76,59.76,59.76,59.76,0
2021-06-22,59.66,59.66,59.66,59.66,0
2021-06-23,59.59,59.59,59.59,59.59,0
2021-06-24,59.65,59.65,59.65,59.65,0
2021-06-25,59.69,59.69,59.69,59.69,0
2021-06-28,58.94,58.94,58.94,58.94,0
2021-06-29,59.61,59.61,59.61,59.61,0
2021-06-30,59.7,59.7,59.7,59.7,0
2021-07-01,59.25,59.25,59.25,59.25,0
2021-07-02,59.32,59.32,59.32,59.32,0
2021-07-05,59.31,59.31,59.31,59.31,0
2021-07-06,59.16,59.16,59.16,59.16,0
2021-07-07,59.88,59.88,59.88,59.88,0
2021-07-08,59.86,59.86,59.86,59.86,0
2021-07-09,59.8,59.8,59.8,59.8,0
2021-07-12,59.37,59.37,59.37,59.37,0
2021-07-13,58.82,58.82,58.82,58.82,0
2021-07-14,59.42,59.42,59.42,59.42,0
2021-07-15,59.89,59.89,59.89,59.89,0
2021-07-16,59.27,59.27,59.27,59.27,0
2021-07-19,60.09,60.09,60.09,60.09,0
2021-07-21,59.75,59.75,59.75,59.75,0
2021-07-22,60.14,60.14,60.14,60.14,0
2021-07-23,60.57,60.57,60.57,60.57,0
2021-07-26,60.29,60.29,60.29,60.29,0
2021-07-27,60.55,60.55,60.55,60.55,0
2021-07-28,60.91,60.91,60.91,60.91,0
2021-07-29,61.15,61.15,61.15,61.15,0
2021-07-30,60.84,60.84,60.84,60.84,0
2021-08-02,60.81,60.81,60.81,60.81,0
2021-08-03,60.76,60.76,60.76,60.76,0
2021-08-04,61.07,61.07,61.07,61.07,0
2021-08-05,60.95,60.95,60.95,60.95,0
2021-08-06,61.33,61.33,61.33,61.33,0
2021-08-09,61.15,61.15,61.15,61.15,0
2021-08-10,61.31,61.31,61.31,61.31,0
2021-08-11,61.78,61.78,61.78,61.78,0
2021-08-12,61.62,61.62,61.62,61.62,0
2021-08-13,61.51,61.51,61.51,61.51,0
2021-08-16,61.68,61.68,61.68,61.68,0
2021-08-17,62.35,62.35,62.35,62.35,0
2021-08-18,62.9,62.9,62.9,62.9,0
2021-08-19,63.02,63.02,63.02,63.02,0
2021-08-20,63.21,63.21,63.21,63.21,0
2021-08-23,63.62,63.62,63.62,63.62,0
2021-08-24,64.73,64.73,64.73,64.73,0
2021-08-25,64,64,64,64,0
2021-08-26,63.98,63.98,63.98,63.98,0
2021-08-27,64.03,64.03,64.03,64.03,0
2021-08-30,64.13,64.13,64.13,64.13,0
2021-08-31,64.91,64.91,64.91,64.91,0
2021-09-01,64.61,64.61,64.61,64.61,0
2021-09-02,64.77,64.77,64.77,64.77,0
2021-09-03,64.77,64.77,64.77,64.77,0
2021-09-06,64.7,64.7,64.7,64.7,0
2021-09-07,64.96,64.96,64.96,64.96,0
2021-09-08,65.63,65.63,65.63,65.63,0
2021-09-09,66.09,66.09,66.09,66.09,0
2021-09-10,66.1,66.1,66.1,66.1,0
2021-09-13,65.86,65.86,65.86,65.86,0
2021-09-14,66.68,66.68,66.68,66.68,0
2021-09-15,67.25,67.25,67.25,67.25,0
2021-09-16,67.31,67.31,67.31,67.31,0
2021-09-17,67.57,67.57,67.57,67.57,0
2021-09-20,68.41,68.41,68.41,68.41,0
2021-09-21,68.69,68.69,68.69,68.69,0
2021-09-22,69.28,69.28,69.28,69.28,0
2021-09-23,69.81,69.81,69.81,69.81,0
2021-09-24,70.55,70.55,70.55,70.55,0
2021-09-27,69.83,69.83,69.83,69.83,0
2021-09-28,70.27,70.27,70.27,70.27,0
2021-09-29,70.42,70.42,70.42,70.42,0
2021-09-30,70.61,70.61,70.61,70.61,0
2021-10-01,70.38,70.38,70.38,70.38,0
2021-10-04,70.46,70.46,70.46,70.46,0
2021-10-05,70.92,70.92,70.92,70.92,0
2021-10-06,70.8,70.8,70.8,70.8,0
2021-10-07,71.28,71.28,71.28,71.28,0
2021-10-08,70.96,70.96,70.96,70.96,0
2021-10-11,71.09,71.09,71.09,71.09,0
2021-10-12,70.86,70.86,70.86,70.86,0
2021-10-13,70.48,70.48,70.48,70.48,0
2021-10-14,70.98,70.98,70.98,70.98,0
2021-10-15,70.67,70.67,70.67,70.67,0
2021-10-19,70.25,70.25,70.25,70.25,0
2021-10-20,70.6,70.6,70.6,70.6,0
2021-10-21,70.45,70.45,70.45,70.45,0
2021-10-22,70.17,70.17,70.17,70.17,0
2021-10-25,70.19,70.19,70.19,70.19,0
2021-10-26,70.16,70.16,70.16,70.16,0
2021-10-27,70.16,70.16,70.16,70.16,0
2021-10-28,70.48,70.48,70.48,70.48,0
2021-10-29,71.54,71.54,71.54,71.54,0
2021-11-03,71.6,71.6,71.6,71.6,0
2021-11-04,71.64,71.64,71.64,71.64,0
2021-11-05,70.57,70.57,70.57,70.57,0
2021-11-08,70.33,70.33,70.33,70.33,0
2021-11-09,69.61,69.61,69.61,69.61,0
2021-11-10,69.85,69.85,69.85,69.85,0
2021-11-11,70.01,70.01,70.01,70.01,0
2021-11-12,70.17,70.17,70.17,70.17,0
2021-11-16,69.78,69.78,69.78,69.78,0
2021-11-17,70.48,70.48,70.48,70.48,0
2021-11-18,70.88,70.88,70.88,70.88,0
2021-11-19,71.31,71.31,71.31,71.31,0
2021-11-22,71.02,71.02,71.02,71.02,0
2021-11-23,71.21,71.21,71.21,71.21,0
2021-11-24,71.63,71.63,71.63,71.63,0
2021-11-25,72.31,72.31,72.31,72.31,0
2021-11-26,73.26,73.26,73.26,73.26,0
2021-11-29,72.99,72.99,72.99,72.99,0
2021-11-30,73.12,73.12,73.12,73.12,0
2021-12-01,72.73,72.73,72.73,72.73,0
2021-12-02,72.49,72.49,72.49,72.49,0
2021-12-03,72.94,72.94,72.94,72.94,0
2021-12-06,72.33,72.33,72.33,72.33,0
2021-12-07,72.67,72.67,72.67,72.67,0
2021-12-08,73,73,73,73,0
2021-12-09,73,73,73,73,0
2021-12-10,72.88,72.88,72.88,72.88,0
2021-12-13,71.94,71.94,71.94,71.94,0
2021-12-14,72.65,72.65,72.65,72.65,0
2021-12-15,72.98,72.98,72.98,72.98,0
2021-12-16,73.83,73.83,73.83,73.83,0
2021-12-17,73.27,73.27,73.27,73.27,0
2021-12-20,73.86,73.86,73.86,73.86,0
2021-12-21,73.27,73.27,73.27,73.27,0
2021-12-22,74.37,74.37,74.37,74.37,0
2021-12-23,74.05,74.05,74.05,74.05,0
2021-12-24,74.55,74.55,74.55,74.55,0
2021-12-27,73.96,73.96,73.96,73.96,0
2021-12-28,74.82,74.82,74.82,74.82,0
2021-12-29,75,75,75,75,0
2021-12-30,76.6,76.6,76.6,76.6,0
2021-12-31,77.13,77.13,77.13,77.13,0
2022-01-03,77.92,77.92,77.92,77.92,0
2022-01-04,77.63,77.63,77.63,77.63,0
2022-01-05,76.77,76.77,76.77,76.77,0
2022-01-06,77.7,77.7,77.7,77.7,0
2022-01-07,77.73,77.73,77.73,77.73,0
2022-01-10,78.83,78.83,78.83,78.83,0
2022-01-11,79.47,79.47,79.47,79.47,0
2022-01-12,79.65,79.65,79.65,79.65,0
2022-01-13,79.26,79.26,79.26,79.26,0
2022-01-14,79.03,79.03,79.03,79.03,0
2022-01-17,77.92,77.92,77.92,77.92,0
2022-01-18,77.67,77.67,77.67,77.67,0
2022-01-19,77.41,77.41,77.41,77.41,0
2022-01-20,77.79,77.79,77.79,77.79,0
2022-01-21,76.89,76.89,76.89,76.89,0
2022-01-24,75.83,75.83,75.83,75.83,0
2022-01-25,75.14,75.14,75.14,75.14,0
2022-01-26,75.6,75.6,75.6,75.6,0
2022-01-27,75.68,75.68,75.68,75.68,0
2022-01-28,76.3,76.3,76.3,76.3,0
2022-01-31,76.96,76.96,76.96,76.96,0
2022-02-01,77.71,77.71,77.71,77.71,0
2022-02-02,76.73,76.73,76.73,76.73,0
2022-02-03,76.36,76.36,76.36,76.36,0
2022-02-04,75.66,75.66,75.66,75.66,0
2022-02-07,75.75,75.75,75.75,75.75,0
2022-02-08,76.48,76.48,76.48,76.48,0
2022-02-09,77.52,77.52,77.52,77.52,0
2022-02-10,77.12,77.12,77.12,77.12,0
2022-02-11,78.17,78.17,78.17,78.17,0
2022-02-14,79.41,79.41,79.41,79.41,0
2022-02-15,78.84,78.84,78.84,78.84,0
2022-02-16,78.39,78.39,78.39,78.39,0
2022-02-17,80.29,80.29,80.29,80.29,0
2022-02-18,80.07,80.07,80.07,80.07,0
2022-02-21,80.05,80.05,80.05,80.05,0
2022-02-22,79.35,79.35,79.35,79.35,0
2022-02-23,79.63,79.63,79.63,79.63,0
2022-02-24,79.49,79.49,79.49,79.49,0
2022-02-25,79.43,79.43,79.43,79.43,0
2022-02-28,79.76,79.76,79.76,79.76,0
2022-03-01,78.88,78.88,78.88,78.88,0
2022-03-02,78.21,78.21,78.21,78.21,0
2022-03-03,78.47,78.47,78.47,78.47,0
2022-03-04,77.85,77.85,77.85,77.85,0
2022-03-07,77.65,77.65,77.65,77.65,0
2022-03-08,77.42,77.42,77.42,77.42,0
2022-03-09,77.68,77.68,77.68,77.68,0
2022-03-10,77.16,77.16,77.16,77.16,0
2022-03-11,78.15,78.15,78.15,78.15,0
2022-03-14,77.68,77.68,77.68,77.68,0
2022-03-15,77.57,77.57,77.57,77.57,0
2022-03-16,77.1,77.1,77.1,77.1,0
2022-03-17,77.48,77.48,77.48,77.48,0
2022-03-18,77.81,77.81,77.81,77.81,0
2022-03-21,78.52,78.52,78.52,78.52,0
2022-03-22,79.19,79.19,79.19,79.19,0
2022-03-23,79.65,79.65,79.65,79.65,0
2022-03-24,79.84,79.84,79.84,79.84,0
2022-03-25,80.65,80.65,80.65,80.65,0
2022-03-28,80.35,80.35,80.35,80.35,0
2022-03-29,79.82,79.82,79.82,79.82,0
2022-03-30,80.59,80.59,80.59,80.59,0
2022-03-31,79.08,79.08,79.08,79.08,0
2022-04-01,79.35,79.35,79.35,79.35,0
2022-04-04,78.96,78.96,78.96,78.96,0
2022-04-05,79.31,79.31,79.31,79.31,0
2022-04-06,79.43,79.43,79.43,79.43,0
2022-04-07,79.34,79.34,79.34,79.34,0
2022-04-08,79.2,79.2,79.2,79.2,0
2022-04-11,79.03,79.03,79.03,79.03,0
2022-04-12,78.98,78.98,78.98,78.98,0
2022-04-13,78.95,78.95,78.95,78.95,0
2022-04-14,79.25,79.25,79.25,79.25,0
2022-04-15,80.1,80.1,80.1,80.1,0
2022-04-19,80.13,80.13,80.13,80.13,0
2022-04-20,79.48,79.48,79.48,79.48,0
2022-04-21,79.85,79.85,79.85,79.85,0
2022-04-22,79.45,79.45,79.45,79.45,0
2022-04-25,79.78,79.78,79.78,79.78,0
2022-04-26,78.38,78.38,78.38,78.38,0
2022-04-27,78.73,78.73,78.73,78.73,0
2022-04-29,78.9,78.9,78.9,78.9,0
2022-05-03,77.94,77.94,77.94,77.94,0
2022-05-04,78.5,78.5,78.5,78.5,0
2022-05-05,78.04,78.04,78.04,78.04,0
2022-05-06,79.31,79.31,79.31,79.31,0
2022-05-09,78.17,78.17,78.17,78.17,0
2022-05-10,77.14,77.14,77.14,77.14,0
2022-05-11,77.62,77.62,77.62,77.62,0
2022-05-12,78.15,78.15,78.15,78.15,0
2022-05-13,77.93,77.93,77.93,77.93,0
2022-05-16,77.2,77.2,77.2,77.2,0
2022-05-17,76.8,76.8,76.8,76.8,0
2022-05-18,76.97,76.97,76.97,76.97,0
2022-05-19,76.71,76.71,76.71,76.71,0
2022-05-20,77.01,77.01,77.01,77.01,0
2022-05-23,76.43,76.43,76.43,76.43,0
2022-05-24,75.83,75.83,75.83,75.83,0
2022-05-25,75.74,75.74,75.74,75.74,0
2022-05-27,76.68,76.68,76.68,76.68,0
2022-05-30,77.13,77.13,77.13,77.13,0
2022-05-31,78.09,78.09,78.09,78.09,0
2022-06-01,78.11,78.11,78.11,78.11,0
2022-06-02,77.69,77.69,77.69,77.69,0
2022-06-03,77.14,77.14,77.14,77.14,0
2022-06-07,77.2,77.2,77.2,77.2,0
2022-06-08,77.15,77.15,77.15,77.15,0
2022-06-09,76.4,76.4,76.4,76.4,0
2022-06-10,76.65,76.65,76.65,76.65,0
2022-06-13,76.1,76.1,76.1,76.1,0
2022-06-14,76.3,76.3,76.3,76.3,0
2022-06-15,75.92,75.92,75.92,75.92,0
2022-06-16,76.5,76.5,76.5,76.5,0
2022-06-17,77.37,77.37,77.37,77.37,0
2022-06-20,78.15,78.15,78.15,78.15,0
2022-06-21,77.6,77.6,77.6,77.6,0
2022-06-22,77.7,77.7,77.7,77.7,0
2022-06-23,77.12,77.12,77.12,77.12,0
2022-06-24,77.06,77.06,77.06,77.06,0
2022-06-27,77.25,77.25,77.25,77.25,0
2022-06-28,76.64,76.64,76.64,76.64,0
2022-06-29,76.37,76.37,76.37,76.37,0
2022-06-30,76.63,76.63,76.63,76.63,0
2022-07-01,76.44,76.44,76.44,76.44,0
2022-07-04,76.57,76.57,76.57,76.57,0
2022-07-05,76.33,76.33,76.33,76.33,0
2022-07-06,76.42,76.42,76.42,76.42,0
2022-07-07,76.54,76.54,76.54,76.54,0
2022-07-08,76.26,76.26,76.26,76.26,0
2022-07-11,76.35,76.35,76.35,76.35,0
2022-07-12,75.95,75.95,75.95,75.95,0
2022-07-13,76.27,76.27,76.27,76.27,0
2022-07-14,76.51,76.51,76.51,76.51,0
2022-07-15,76.56,76.56,76.56,76.56,0
2022-07-18,76.92,76.92,76.92,76.92,0
2022-07-19,77.35,77.35,77.35,77.35,0
2022-07-20,77.54,77.54,77.54,77.54,0
2022-07-21,77.41,77.41,77.41,77.41,0
2022-07-22,77.4,77.4,77.4,77.4,0
2022-07-25,77.23,77.23,77.23,77.23,0
2022-07-26,76.89,76.89,76.89,76.89,0
2022-07-27,78.25,78.25,78.25,78.25,0
2022-07-28,78.05,78.05,78.05,78.05,0
2022-07-29,78.56,78.56,78.56,78.56,0
2022-08-01,79.09,79.09,79.09,79.09,0
2022-08-02,78.9,78.9,78.9,78.9,0
2022-08-03,79.16,79.16,79.16,79.16,0
2022-08-03,79.16,79.16,79.16,79.16,0
2022-08-04,77.91,77.91,77.91,77.91,0
2022-08-05,78.67,78.67,78.67,78.67,0
2022-08-09,78.44,78.44,78.44,78.44,0
2022-08-10,78.14,78.14,78.14,78.14,0
2022-08-11,78.16,78.16,78.16,78.16,0
2022-08-12,78.34,78.34,78.34,78.34,0
2022-08-16,78.08,78.08,78.08,78.08,0
2022-08-17,77.7,77.7,77.7,77.7,0
2022-08-18,78.1,78.1,78.1,78.1,0
2022-08-19,78.08,78.08,78.08,78.08,0
2022-08-22,78.26,78.26,78.26,78.26,0
2022-08-23,78.32,78.32,78.32,78.32,0
2022-08-24,78.42,78.42,78.42,78.42,0
2022-08-25,77.96,77.96,77.96,77.96,0
2022-08-26,78.01,78.01,78.01,78.01,0
2022-08-29,78.68,78.68,78.68,78.68,0
2022-08-30,78.56,78.56,78.56,78.56,0
2022-08-31,78.71,78.71,78.71,78.71,0
2022-09-01,78,78,78,78,0
2022-09-02,77.31,77.31,77.31,77.31,0
2022-09-05,77.28,77.28,77.28,77.28,0
2022-09-06,77.42,77.42,77.42,77.42,0
2022-09-07,77.29,77.29,77.29,77.29,0
2022-09-08,77.13,77.13,77.13,77.13,0
2022-09-09,77.25,77.25,77.25,77.25,0
2022-09-12,77.47,77.47,77.47,77.47,0
2022-09-13,77.11,77.11,77.11,77.11,0
2022-09-14,77.65,77.65,77.65,77.65,0
2022-09-15,77.16,77.16,77.16,77.16,0
2022-09-16,79.78,79.78,79.78,79.78,0
2022-09-19,79.26,79.26,79.26,79.26,0
2022-09-20,79.12,79.12,79.12,79.12,0
2022-09-21,78.39,78.39,78.39,78.39,0
2022-09-22,78.26,78.26,78.26,78.26,0
2022-09-23,78.42,78.42,78.42,78.42,0
2022-09-26,77.77,77.77,77.77,77.77,0
2022-09-27,77.43,77.43,77.43,77.43,0
2022-09-28,77.24,77.24,77.24,77.24,0
2022-09-29,77.24,77.24,77.24,77.24,0
2022-09-30,77.37,77.37,77.37,77.37,0
2022-10-03,76.97,76.97,76.97,76.97,0
2022-10-04,76.73,76.73,76.73,76.73,0
2022-10-05,76.17,76.17,76.17,76.17,0
2022-10-06,76.37,76.37,76.37,76.37,0
2022-10-07,76.6,76.6,76.6,76.6,0
2022-10-10,75.72,75.72,75.72,75.72,0
2022-10-11,75.3,75.3,75.3,75.3,0
2022-10-12,74.38,74.38,74.38,74.38,0
2022-10-13,74.22,74.22,74.22,74.22,0
2022-10-14,74.3,74.3,74.3,74.3,0
2022-10-17,74.67,74.67,74.67,74.67,0
2022-10-18,74.5,74.5,74.5,74.5,0
2022-10-19,74.82,74.82,74.82,74.82,0
2022-10-20,75.06,75.06,75.06,75.06,0
2022-10-21,75.41,75.41,75.41,75.41,0
2022-10-24,75.28,75.28,75.28,75.28,0
2022-10-25,75.16,75.16,75.16,75.16,0
2022-10-26,75.74,75.74,75.74,75.74,0
2022-10-27,75.74,75.74,75.74,75.74,0
2022-10-28,75.12,75.12,75.12,75.12,0
2022-10-31,75.2,75.2,75.2,75.2,0
2022-11-02,73.4,73.4,73.4,73.4,0
2022-11-03,73.36,73.36,73.36,73.36,0
2022-11-04,73.14,73.14,73.14,73.14,0
2022-11-07,73.91,73.91,73.91,73.91,0
2022-11-08,73.66,73.66,73.66,73.66,0
2022-11-09,72.66,72.66,72.66,72.66,0
2022-11-10,72.62,72.62,72.62,72.62,0
2022-11-11,72.82,72.82,72.82,72.82,0
2022-11-14,71.96,71.96,71.96,71.96,0
2022-11-16,72.06,72.06,72.06,72.06,0
2022-11-17,72.18,72.18,72.18,72.18,0
2022-11-18,72.18,72.18,72.18,72.18,0
2022-11-21,72.9,72.9,72.9,72.9,0
2022-11-22,72.97,72.97,72.97,72.97,0
2022-11-23,73.58,73.58,73.58,73.58,0
2022-11-24,73.33,73.33,73.33,73.33,0
2022-11-25,73.02,73.02,73.02,73.02,0
2022-11-28,72.93,72.93,72.93,72.93,0
2022-11-29,72.37,72.37,72.37,72.37,0
2022-11-30,71.81,71.81,71.81,71.81,0
2022-12-01,70.76,70.76,70.76,70.76,0
2022-12-02,70.31,70.31,70.31,70.31,0
2022-12-05,71.09,71.09,71.09,71.09,0
2022-12-06,71.76,71.76,71.76,71.76,0
2022-12-07,71.7,71.7,71.7,71.7,0
2022-12-08,71.18,71.18,71.18,71.18,0
2022-12-09,71.76,71.76,71.76,71.76,0
2022-12-12,73.83,73.83,73.83,73.83,0
2022-12-13,74.31,74.31,74.31,74.31,0
2022-12-14,74.21,74.21,74.21,74.21,0
2022-12-15,74.88,74.88,74.88,74.88,0
2022-12-16,75.18,75.18,75.18,75.18,0
2022-12-19,74.29,74.29,74.29,74.29,0
2022-12-20,74.89,74.89,74.89,74.89,0
2022-12-21,74.64,74.64,74.64,74.64,0
2022-12-22,74.31,74.31,74.31,74.31,0
2022-12-23,75.59,75.59,75.59,75.59,0
2022-12-27,76.29,76.29,76.29,76.29,0
2022-12-28,76.18,76.18,76.18,76.18,0
2022-12-29,76.01,76.01,76.01,76.01,0
2022-12-30,75.51,75.51,75.51,75.51,0
2023-01-02,75.27,75.27,75.27,75.27,0
2023-01-03,75.1,75.1,75.1,75.1,0
2023-01-04,74.17,74.17,74.17,74.17,0
2023-01-05,73.97,73.97,73.97,73.97,0
2023-01-06,73.33,73.33,73.33,73.33,0
2023-01-09,72.52,72.52,72.52,72.52,0
2023-01-10,71.94,71.94,71.94,71.94,0
2023-01-11,72.22,72.22,72.22,72.22,0
2023-01-12,72.46,72.46,72.46,72.46,0
2023-01-13,71.75,71.75,71.75,71.75,0
2023-01-16,71.55,71.55,71.55,71.55,0
2023-01-17,72.15,72.15,72.15,72.15,0
2023-01-18,72.8,72.8,72.8,72.8,0
2023-01-19,73.24,73.24,73.24,73.24,0
2023-01-20,73.48,73.48,73.48,73.48,0
2023-01-23,72.66,72.66,72.66,72.66,0
2023-01-24,72.69,72.69,72.69,72.69,0
2023-01-25,72.81,72.81,72.81,72.81,0
2023-01-26,74.02,74.02,74.02,74.02,0
2023-01-27,73.91,73.91,73.91,73.91,0
2023-01-30,74.32,74.32,74.32,74.32,0
2023-01-31,73.77,73.77,73.77,73.77,0
2023-02-01,74.14,74.14,74.14,74.14,0
2023-02-02,74.11,74.11,74.11,74.11,0
2023-02-03,74.06,74.06,74.06,74.06,0
2023-02-06,73.93,73.93,73.93,73.93,0
2023-02-07,73.56,73.56,73.56,73.56,0
2023-02-08,73.42,73.42,73.42,73.42,0
2023-02-09,74.11,74.11,74.11,74.11,0
2023-02-10,74.38,74.38,74.38,74.38,0
2023-02-13,75.29,75.29,75.29,75.29,0
2023-02-14,76.34,76.34,76.34,76.34,0
2023-02-15,76.99,76.99,76.99,76.99,0
2023-02-16,77.73,77.73,77.73,77.73,0
2023-02-17,77.48,77.48,77.48,77.48,0
2023-02-20,76.68,76.68,76.68,76.68,0
2023-02-21,77.32,77.32,77.32,77.32,0
2023-02-22,76.57,76.57,76.57,76.57,0
2023-02-23,76.49,76.49,76.49,76.49,0
2023-02-24,76.71,76.71,76.71,76.71,0
2023-02-27,76.96,76.96,76.96,76.96,0
2023-02-28,76.7,76.7,76.7,76.7,0
2023-03-01,76.84,76.84,76.84,76.84,0
2023-03-02,76.59,76.59,76.59,76.59,0
2023-03-03,77.07,77.07,77.07,77.07,0
2023-03-06,77.4,77.4,77.4,77.4,0
2023-03-07,77.8,77.8,77.8,77.8,0
2023-03-08,77.67,77.67,77.67,77.67,0
2023-03-09,78.13,78.13,78.13,78.13,0
2023-03-10,78.5,78.5,78.5,78.5,0
2023-03-13,78.17,78.17,78.17,78.17,0
2023-03-14,78.32,78.32,78.32,78.32,0
2023-03-15,78.35,78.35,78.35,78.35,0
2023-03-16,77.83,77.83,77.83,77.83,0
2023-03-17,77.77,77.77,77.77,77.77,0
2023-03-20,77.68,77.68,77.68,77.68,0
2023-03-21,77.64,77.64,77.64,77.64,0
2023-03-22,77.26,77.26,77.26,77.26,0
2023-03-23,77.33,77.33,77.33,77.33,0
2023-03-24,77.31,77.31,77.31,77.31,0
2023-03-27,77.22,77.22,77.22,77.22,0
2023-03-28,76.93,76.93,76.93,76.93,0
2023-03-29,76.26,76.26,76.26,76.26,0
2023-03-30,75.62,75.62,75.62,75.62,0
2023-03-31,75.02,75.02,75.02,75.02,0
2023-04-03,74.67,74.67,74.67,74.67,0
2023-04-04,74.52,74.52,74.52,74.52,0
2023-04-05,74.53,74.53,74.53,74.53,0
2023-04-06,75.05,75.05,75.05,75.05,0
2023-04-07,74.52,74.52,74.52,74.52,0
2023-04-11,74.93,74.93,74.93,74.93,0
2023-04-12,75.36,75.36,75.36,75.36,0
2023-04-13,74.94,74.94,74.94,74.94,0
2023-04-14,75.35,75.35,75.35,75.35,0
2023-04-17,75.57,75.57,75.57,75.57,0
2023-04-19,75.39,75.39,75.39,75.39,0
2023-04-20,75.24,75.24,75.24,75.24,0
2023-04-24,75.22,75.22,75.22,75.22,0
2023-04-25,75.6,75.6,75.6,75.6,0
2023-04-26,75.25,75.25,75.25,75.25,0
2023-04-27,74.92,74.92,74.92,74.92,0
2023-04-28,75.41,75.41,75.41,75.41,0
2023-05-02,75.2,75.2,75.2,75.2,0
2023-05-03,73.92,73.92,73.92,73.92,0
2023-05-04,75.05,75.05,75.05,75.05,0
2023-05-05,74.85,74.85,74.85,74.85,0
2023-05-08,74.79,74.79,74.79,74.79,0
2023-05-09,75.11,75.11,75.11,75.11,0
2023-05-10,74.62,74.62,74.62,74.62,0
2023-05-11,74.99,74.99,74.99,74.99,0
2023-05-12,75.02,75.02,75.02,75.02,0
2023-05-15,75.11,75.11,75.11,75.11,0
2023-05-16,75.44,75.44,75.44,75.44,0
2023-05-17,75.18,75.18,75.18,75.18,0
2023-05-19,76.11,76.11,76.11,76.11,0
2023-05-22,76.36,76.36,76.36,76.36,0
2023-05-23,76.17,76.17,76.17,76.17,0
2023-05-24,76.06,76.06,76.06,76.06,0
2023-05-25,75.48,75.48,75.48,75.48,0
2023-05-26,74.64,74.64,74.64,74.64,0
2023-05-30,75.15,75.15,75.15,75.15,0
2023-05-31,74.6,74.6,74.6,74.6,0
2023-06-01,74.68,74.68,74.68,74.68,0
2023-06-02,75.21,75.21,75.21,75.21,0
2023-06-05,75.73,75.73,75.73,75.73,0
2023-06-06,75.93,75.93,75.93,75.93,0
2023-06-07,76.35,76.35,76.35,76.35,0
2023-06-08,76.53,76.53,76.53,76.53,0
2023-06-09,76.86,76.86,76.86,76.86,0
2023-06-12,76.98,76.98,76.98,76.98,0
2023-06-13,76.86,76.86,76.86,76.86,0
2023-06-14,76.43,76.43,76.43,76.43,0
2023-06-15,76.47,76.47,76.47,76.47,0
2023-06-16,76.74,76.74,76.74,76.74,0
2023-06-19,76.8,76.8,76.8,76.8,0
2023-06-20,76.63,76.63,76.63,76.63,0
2023-06-21,76.77,76.77,76.77,76.77,0
2023-06-22,77.41,77.41,77.41,77.41,0
2023-06-23,76.57,76.57,76.57,76.57,0
2023-06-26,77.06,77.06,77.06,77.06,0
2023-06-27,77.55,77.55,77.55,77.55,0
2023-06-29,78,78,78,78,0
2023-06-30,78.37,78.37,78.37,78.37,0
2023-07-03,78.55,78.55,78.55,78.55,0
2023-07-04,78.48,78.48,78.48,78.48,0
2023-07-05,78.97,78.97,78.97,78.97,0
2023-07-06,78.61,78.61,78.61,78.61,0
2023-07-07,78.95,78.95,78.95,78.95,0
2023-07-10,78.51,78.51,78.51,78.51,0
2023-07-11,79.12,79.12,79.12,79.12,0
2023-07-12,78.88,78.88,78.88,78.88,0
2023-07-13,79.32,79.32,79.32,79.32,0
2023-07-14,79.45,79.45,79.45,79.45,0
2023-07-17,79.89,79.89,79.89,79.89,0
2023-07-18,80.18,80.18,80.18,80.18,0
2023-07-19,79.66,79.66,79.66,79.66,0
2023-07-20,79.61,79.61,79.61,79.61,0
2023-07-21,80.05,80.05,80.05,80.05,0
2023-07-24,79.78,79.78,79.78,79.78,0
2023-07-25,80.01,80.01,80.01,80.01,0
2023-07-26,80.09,80.09,80.09,80.09,0
2023-07-27,80.27,80.27,80.27,80.27,0
2023-07-28,80.8,80.8,80.8,80.8,0
2023-07-31,80.62,80.62,80.62,80.62,0
2023-08-01,81.42,81.42,81.42,81.42,0
2023-08-02,81.37,81.37,81.37,81.37,0
2023-08-03,80.91,80.91,80.91,80.91,0
2023-08-04,80.96,80.96,80.96,80.96,0
2023-08-08,81.03,81.03,81.03,81.03,0
2023-08-09,80.09,80.09,80.09,80.09,0
2023-08-10,80.78,80.78,80.78,80.78,0
2023-08-11,80.43,80.43,80.43,80.43,0
2023-08-14,80.52,80.52,80.52,80.52,0
2023-08-16,80.94,80.94,80.94,80.94,0
2023-08-17,80.36,80.36,80.36,80.36,0
2023-08-18,80.07,80.07,80.07,80.07,0
2023-08-21,79.86,79.86,79.86,79.86,0
2023-08-22,79.49,79.49,79.49,79.49,0
2023-08-23,80.44,80.44,80.44,80.44,0
2023-08-24,80.53,80.53,80.53,80.53,0
2023-08-25,80.99,80.99,80.99,80.99,0
2023-08-28,80.33,80.33,80.33,80.33,0
2023-08-29,80.8,80.8,80.8,80.8,0
2023-08-30,81.33,81.33,81.33,81.33,0
2023-08-31,81.05,81.05,81.05,81.05,0
2023-09-01,82.31,82.31,82.31,82.31,0
2023-09-04,82.38,82.38,82.38,82.38,0
2023-09-05,82.52,82.52,82.52,82.52,0
2023-09-06,83.24,83.24,83.24,83.24,0
2023-09-07,83.71,83.71,83.71,83.71,0
2023-09-08,84.61,84.61,84.61,84.61,0
2023-09-11,84.1,84.1,84.1,84.1,0
2023-09-12,86.27,86.27,86.27,86.27,0
2023-09-13,85.67,85.67,85.67,85.67,0
2023-09-14,86.07,86.07,86.07,86.07,0
2023-09-15,86.01,86.01,86.01,86.01,0
2023-09-18,84.82,84.82,84.82,84.82,0
2023-09-19,84.69,84.69,84.69,84.69,0
2023-09-20,84.53,84.53,84.53,84.53,0
2023-09-21,84.29,84.29,84.29,84.29,0
2023-09-22,84.42,84.42,84.42,84.42,0
2023-09-25,84.75,84.75,84.75,84.75,0
2023-09-26,84.88,84.88,84.88,84.88,0
2023-09-28,84.43,84.43,84.43,84.43,0
2023-09-29,84.22,84.22,84.22,84.22,0
2023-10-02,84.46,84.46,84.46,84.46,0
2023-10-03,84.11,84.11,84.11,84.11,0
2023-10-04,84.78,84.78,84.78,84.78,0
2023-10-05,84.71,84.71,84.71,84.71,0
2023-10-06,84.76,84.76,84.76,84.76,0
2023-10-09,84.12,84.12,84.12,84.12,0
2023-10-10,84.41,84.41,84.41,84.41,0
2023-10-11,84.31,84.31,84.31,84.31,0
2023-10-12,84.39,84.39,84.39,84.39,0
2023-10-13,85.03,85.03,85.03,85.03,0
2023-10-16,85.25,85.25,85.25,85.25,0
2023-10-17,85.17,85.17,85.17,85.17,0
2023-10-18,84.44,84.44,84.44,84.44,0
2023-10-19,84.54,84.54,84.54,84.54,0
2023-10-20,84.54,84.54,84.54,84.54,0
2023-10-23,83.82,83.82,83.82,83.82,0
2023-10-24,84.82,84.82,84.82,84.82,0
2023-10-25,85.15,85.15,85.15,85.15,0
2023-10-26,84.51,84.51,84.51,84.51,0
2023-10-27,85.05,85.05,85.05,85.05,0
2023-10-30,84.9,84.9,84.9,84.9,0
2023-10-31,84.38,84.38,84.38,84.38,0
2023-11-02,84.12,84.12,84.12,84.12,0
2023-11-03,84.67,84.67,84.67,84.67,0
2023-11-06,85.63,85.63,85.63,85.63,0
2023-11-07,85.53,85.53,85.53,85.53,0
2023-11-08,85.74,85.74,85.74,85.74,0
2023-11-09,85.43,85.43,85.43,85.43,0
2023-11-10,86.41,86.41,86.41,86.41,0
2023-11-13,85.62,85.62,85.62,85.62,0
2023-11-14,85.15,85.15,85.15,85.15,0
2023-11-16,84.74,84.74,84.74,84.74,0
2023-11-17,84.74,84.74,84.74,84.74,0
2023-11-20,85.15,85.15,85.15,85.15,0
2023-11-21,85.51,85.51,85.51,85.51,0
2023-11-22,85.66,85.66,85.66,85.66,0
2023-11-23,85.42,85.42,85.42,85.42,0
2023-11-24,85.14,85.14,85.14,85.14,0
2023-11-27,84.54,84.54,84.54,84.54,0
2023-11-28,84.69,84.69,84.69,84.69,0
2023-11-29,84.94,84.94,84.94,84.94,0
2023-11-30,84.49,84.49,84.49,84.49,0
2023-12-01,84.59,84.59,84.59,84.59,0
2023-12-04,85.01,85.01,85.01,85.01,0
2023-12-05,85.48,85.48,85.48,85.48,0
2023-12-06,86.06,86.06,86.06,86.06,0
2023-12-07,84.73,84.73,84.73,84.73,0
2023-12-08,85.83,85.83,85.83,85.83,0
2023-12-11,85.92,85.92,85.92,85.92,0
2023-12-12,85.68,85.68,85.68,85.68,0
2023-12-13,85.13,85.13,85.13,85.13,0
2023-12-14,85.28,85.28,85.28,85.28,0
2023-12-15,85.66,85.66,85.66,85.66,0
2023-12-18,85.21,85.21,85.21,85.21,0
2023-12-19,84.9,84.9,84.9,84.9,0
2023-12-20,85.41,85.41,85.41,85.41,0
2023-12-21,85.16,85.16,85.16,85.16,0
2023-12-22,85.55,85.55,85.55,85.55,0
2023-12-26,85.38,85.38,85.38,85.38,0
2023-12-27,84.61,84.61,84.61,84.61,0
2023-12-28,86.03,86.03,86.03,86.03,0
2023-12-29,86.42,86.42,86.42,86.42,0
2024-01-02,85.85,85.85,85.85,85.85,0
2024-01-03,86.5,86.5,86.5,86.5,0
2024-01-04,85.53,85.53,85.53,85.53,0
2024-01-05,85.01,85.01,85.01,85.01,0
2024-01-08,84.21,84.21,84.21,84.21,0
2024-01-09,85.01,85.01,85.01,85.01,0
2024-01-10,84.89,84.89,84.89,84.89,0
2024-01-11,84.89,84.89,84.89,84.89,0
2024-01-12,85.49,85.49,85.49,85.49,0
2024-01-15,85.35,85.35,85.35,85.35,0
2024-01-16,85.76,85.76,85.76,85.76,0
2024-01-17,85.07,85.07,85.07,85.07,0
2024-01-18,84.72,84.72,84.72,84.72,0
2024-01-19,84.9,84.9,84.9,84.9,0
2024-01-22,84.74,84.74,84.74,84.74,0
2024-01-23,84.83,84.83,84.83,84.83,0
2024-01-24,84.19,84.19,84.19,84.19,0
2024-01-25,84.14,84.14,84.14,84.14,0
2024-01-26,84.37,84.37,84.37,84.37,0
2024-01-29,84.17,84.17,84.17,84.17,0
2024-01-30,83.87,83.87,83.87,83.87,0
2024-01-31,84.24,84.24,84.24,84.24,0
2024-02-01,83.64,83.64,83.64,83.64,0
2024-02-02,83.85,83.85,83.85,83.85,0
2024-02-05,83.8,83.8,83.8,83.8,0
2024-02-06,84.04,84.04,84.04,84.04,0
2024-02-07,84.01,84.01,84.01,84.01,0
2024-02-08,83.95,83.95,83.95,83.95,0
2024-02-09,83.92,83.92,83.92,83.92,0
2024-02-13,84.8,84.8,84.8,84.8,0
2024-02-14,85.63,85.63,85.63,85.63,0
2024-02-15,85.49,85.49,85.49,85.49,0
2024-02-16,85.5,85.5,85.5,85.5,0
2024-02-19,84.67,84.67,84.67,84.67,0
2024-02-20,86,86,86,86,0
2024-02-21,85.76,85.76,85.76,85.76,0
2024-02-22,86.58,86.58,86.58,86.58,0
2024-02-23,86.06,86.06,86.06,86.06,0
2024-02-26,86.21,86.21,86.21,86.21,0
2024-02-27,85.98,85.98,85.98,85.98,0
2024-02-28,86.21,86.21,86.21,86.21,0
2024-02-29,86.2,86.2,86.2,86.2,0
2024-03-01,85.11,85.11,85.11,85.11,0
2024-03-04,85.94,85.94,85.94,85.94,0
2024-03-05,85.28,85.28,85.28,85.28,0
2024-03-06,85.57,85.57,85.57,85.57,0
2024-03-07,85.96,85.96,85.96,85.96,0
2024-03-08,86.64,86.64,86.64,86.64,0
2024-03-11,86.12,86.12,86.12,86.12,0
2024-03-12,86.7,86.7,86.7,86.7,0
2024-03-13,86.41,86.41,86.41,86.41,0
2024-03-14,85.98,85.98,85.98,85.98,0
2024-03-15,86.52,86.52,86.52,86.52,0
2024-03-18,86.91,86.91,86.91,86.91,0
2024-03-19,86.74,86.74,86.74,86.74,0
2024-03-20,86.82,86.82,86.82,86.82,0
2024-03-21,86.37,86.37,86.37,86.37,0
2024-03-22,87.23,87.23,87.23,87.23,0
2024-03-25,87.03,87.03,87.03,87.03,0
2024-03-26,87.35,87.35,87.35,87.35,0
2024-03-27,87.67,87.67,87.67,87.67,0
2024-03-28,88.05,88.05,88.05,88.05,0
2024-03-29,87.81,87.81,87.81,87.81,0
2024-04-02,88,88,88,88,0
2024-04-03,87.6,87.6,87.6,87.6,0
2024-04-04,87.4,87.4,87.4,87.4,0
2024-04-05,87.49,87.49,87.49,87.49,0
2024-04-08,87.38,87.38,87.38,87.38,0
2024-04-09,87.84,87.84,87.84,87.84,0
2024-04-11,87.65,87.65,87.65,87.65,0
2024-04-12,87.62,87.62,87.62,87.62,0
2024-04-15,88.13,88.13,88.13,88.13,0
2024-04-16,88.11,88.11,88.11,88.11,0
2024-04-17,88.45,88.45,88.45,88.45,0
2024-04-18,89.02,89.02,89.02,89.02,0
2024-04-19,88.42,88.42,88.42,88.42,0
2024-04-22,87.9,87.9,87.9,87.9,0
2024-04-23,88.55,88.55,88.55,88.55,0
2024-04-24,88.68,88.68,88.68,88.68,0
2024-04-25,88.91,88.91,88.91,88.91,0
2024-04-26,88.68,88.68,88.68,88.68,0
2024-04-29,88.01,88.01,88.01,88.01,0
2024-04-30,88.64,88.64,88.64,88.64,0
2024-05-02,87.48,87.48,87.48,87.48,0
2024-05-03,86.48,86.48,86.48,86.48,0
2024-05-06,87.07,87.07,87.07,87.07,0
2024-05-07,86.47,86.47,86.47,86.47,0
2024-05-08,87.06,87.06,87.06,87.06,0
2024-05-10,86.94,86.94,86.94,86.94,0
2024-05-13,86.65,86.65,86.65,86.65,0
2024-05-14,87.24,87.24,87.24,87.24,0
2024-05-15,87.57,87.57,87.57,87.57,0
2024-05-16,87.13,87.13,87.13,87.13,0
2024-05-17,88.41,88.41,88.41,88.41,0
2024-05-21,87.71,87.71,87.71,87.71,0
2024-05-22,88.56,88.56,88.56,88.56,0
2024-05-23,88.36,88.36,88.36,88.36,0
2024-05-24,90.44,90.44,90.44,90.44,0
2024-05-27,90.73,90.73,90.73,90.73,0
2024-05-28,90.37,90.37,90.37,90.37,0
2024-05-29,90.37,90.37,90.37,90.37,0
2024-05-30,90.26,90.26,90.26,90.26,0
2024-05-31,90.96,90.96,90.96,90.96,0
2024-06-03,91.57,91.57,91.57,91.57,0
2024-06-04,91.78,91.78,91.78,91.78,0
2024-06-05,92.99,92.99,92.99,92.99,0
2024-06-06,92.56,92.56,92.56,92.56,0
2024-06-07,92.09,92.09,92.09,92.09,0
2024-06-10,92.95,92.95,92.95,92.95,0
2024-06-11,92.89,92.89,92.89,92.89,0
2024-06-12,92.36,92.36,92.36,92.36,0
2024-06-13,92.45,92.45,92.45,92.45,0
2024-06-14,92.82,92.82,92.82,92.82,0
2024-06-18,93.11,93.11,93.11,93.11,0
2024-06-19,92.51,92.51,92.51,92.51,0
2024-06-20,93.65,93.65,93.65,93.65,0
2024-06-21,93.4,93.4,93.4,93.4,0
2024-06-24,92.31,92.31,92.31,92.31,0
2024-06-25,91.91,91.91,91.91,91.91,0
2024-06-26,92.59,92.59,92.59,92.59,0
2024-06-27,92.25,92.25,92.25,92.25,0
2024-06-28,92.39,92.39,92.39,92.39,0
2024-07-01,92.48,92.48,92.48,92.48,0
2024-07-02,92.64,92.64,92.64,92.64,0
2024-07-03,92.03,92.03,92.03,92.03,0
2024-07-04,91.95,91.95,91.95,91.95,0
2024-07-05,91.21,91.21,91.21,91.21,0
2024-07-08,91.28,91.28,91.28,91.28,0
2024-07-09,91.47,91.47,91.47,91.47,0
2024-07-10,92.26,92.26,92.26,92.26,0
2024-07-11,92.97,92.97,92.97,92.97,0
2024-07-12,92.69,92.69,92.69,92.69,0
2024-07-15,92.97,92.97,92.97,92.97,0
2024-07-16,93.06,93.06,93.06,93.06,0
2024-07-17,92.5,92.5,92.5,92.5,0
2024-07-18,93.16,93.16,93.16,93.16,0
2024-07-19,93.65,93.65,93.65,93.65,0
2024-07-22,93.38,93.38,93.38,93.38,0
2024-07-23,93.74,93.74,93.74,93.74,0
2024-07-24,93.13,93.13,93.13,93.13,0
2024-07-25,93.03,93.03,93.03,93.03,0
2024-07-26,93.72,93.72,93.72,93.72,0
2024-07-29,93.34,93.34,93.34,93.34,0
2024-07-30,93.55,93.55,93.55,93.55,0
2024-07-31,94.76,94.76,94.76,94.76,0
2024-08-01,94.65,94.65,94.65,94.65,0
2024-08-02,95.01,95.01,95.01,95.01,0
2024-08-05,95.3,95.3,95.3,95.3,0
2024-08-06,95.33,95.33,95.33,95.33,0
2024-08-08,95.28,95.28,95.28,95.28,0
2024-08-09,95.75,95.75,95.75,95.75,0
2024-08-12,95.04,95.04,95.04,95.04,0
2024-08-13,96.49,96.49,96.49,96.49,0
2024-08-14,96.61,96.61,96.61,96.61,0
2024-08-16,95.92,95.92,95.92,95.92,0
2024-08-19,95.12,95.12,95.12,95.12,0
2024-08-20,95.17,95.17,95.17,95.17,0
2024-08-21,94.61,94.61,94.61,94.61,0
2024-08-22,94.49,94.49,94.49,94.49,0
2024-08-23,95.09,95.09,95.09,95.09,0
2024-08-26,94.24,94.24,94.24,94.24,0
2024-08-27,94.92,94.92,94.92,94.92,0
2024-08-28,95.16,95.16,95.16,95.16,0
2024-08-29,95.06,95.06,95.06,95.06,0
2024-08-30,95.86,95.86,95.86,95.86,0
2024-09-02,96.77,96.77,96.77,96.77,0
2024-09-03,97.76,97.76,97.76,97.76,0
2024-09-04,98.27,98.27,98.27,98.27,0
2024-09-05,98.7,98.7,98.7,98.7,0
2024-09-06,99.28,99.28,99.28,99.28,0
2024-09-09,98.18,98.18,98.18,98.18,0
2024-09-10,99.13,99.13,99.13,99.13,0
2024-09-11,98.1,98.1,98.1,98.1,0
2024-09-12,98.69,98.69,98.69,98.69,0
2024-09-13,98.57,98.57,98.57,98.57,0
2024-09-16,99.16,99.16,99.16,99.16,0
2024-09-17,99.1,99.1,99.1,99.1,0
2024-09-18,100.24,100.24,100.24,100.24,0
2024-09-19,98.45,98.45,98.45,98.45,0
2024-09-20,99.22,99.22,99.22,99.22,0
2024-09-23,98.84,98.84,98.84,98.84,0
2024-09-24,98.21,98.21,98.21,98.21,0
2024-09-25,98.48,98.48,98.48,98.48,0
2024-09-26,98.15,98.15,98.15,98.15,0
2024-09-27,98.62,98.62,98.62,98.62,0
2024-09-30,99.12,99.12,99.12,99.12,0
2024-10-01,99.66,99.66,99.66,99.66,0
2024-10-02,99.41,99.41,99.41,99.41,0
2024-10-03,99.77,99.77,99.77,99.77,0
2024-10-04,99.9,99.9,99.9,99.9,0
2024-10-07,101.2,101.2,101.2,101.2,0
2024-10-08,101.17,101.17,101.17,101.17,0
2024-10-09,100.96,100.96,100.96,100.96,0
2024-10-10,100.4,100.4,100.4,100.4,0
2024-10-11,100.74,100.74,100.74,100.74,0
2024-10-14,99.65,99.65,99.65,99.65,0
2024-10-15,99.21,99.21,99.21,99.21,0
2024-10-16,99.53,99.53,99.53,99.53,0
2024-10-17,99.98,99.98,99.98,99.98,0
2024-10-18,99.69,99.69,99.69,99.69,0
2024-10-21,99.44,99.44,99.44,99.44,0
2024-10-22,99.56,99.56,99.56,99.56,0
2024-10-23,99.21,99.21,99.21,99.21,0
2024-10-24,100.03,100.03,100.03,100.03,0
2024-10-25,100.51,100.51,100.51,100.51,0
2024-10-28,100.82,100.82,100.82,100.82,0
2024-10-29,100.82,100.82,100.82,100.82,0
2024-10-30,101.39,101.39,101.39,101.39,0
2024-10-31,102.05,102.05,102.05,102.05,0
2024-11-04,102.06,102.06,102.06,102.06,0
2024-11-05,101.88,101.88,101.88,101.88,0
2024-11-06,101.67,101.67,101.67,101.67,0
2024-11-07,101.27,101.27,101.27,101.27,0
2024-11-08,101.6,101.6,101.6,101.6,0
2024-11-11,100.84,100.84,100.84,100.84,0
2024-11-12,100.86,100.86,100.86,100.86,0
2024-11-13,101.21,101.21,101.21,101.21,0
2024-11-14,99.94,99.94,99.94,99.94,0
2024-11-18,101.2,101.2,101.2,101.2,0
2024-11-19,101.43,101.43,101.43,101.43,0
2024-11-20,100.64,100.64,100.64,100.64,0
2024-11-21,99.94,99.94,99.94,99.94,0
2024-11-22,99.97,99.97,99.97,99.97,0
2024-11-25,99.63,99.63,99.63,99.63,0
2024-11-26,99.59,99.59,99.59,99.59,0
2024-11-27,99.86,99.86,99.86,99.86,0
2024-11-28,100.27,100.27,100.27,100.27,0
2024-11-29,100.98,100.98,100.98,100.98,0
2024-12-02,99.55,99.55,99.55,99.55,0
2024-12-03,99.64,99.64,99.64,99.64,0
2024-12-04,99.18,99.18,99.18,99.18,0
2024-12-05,99.05,99.05,99.05,99.05,0
2024-12-06,99.91,99.91,99.91,99.91,0
2024-12-09,99.76,99.76,99.76,99.76,0
2024-12-10,99.34,99.34,99.34,99.34,0
2024-12-11,99.48,99.48,99.48,99.48,0
2024-12-12,100.03,100.03,100.03,100.03,0
2024-12-13,100.55,100.55,100.55,100.55,0
2024-12-16,100.83,100.83,100.83,100.83,0
2024-12-17,99.78,99.78,99.78,99.78,0
2024-12-18,100.49,100.49,100.49,100.49,0
2024-12-19,100.23,100.23,100.23,100.23,0
2024-12-20,100.77,100.77,100.77,100.77,0
2024-12-23,100.69,100.69,100.69,100.69,0
2024-12-24,100.75,100.75,100.75,100.75,0
2024-12-26,100.61,100.61,100.61,100.61,0
2024-12-27,100.68,100.68,100.68,100.68,0
2024-12-30,100.62,100.62,100.62,100.62,0
2025-01-02,101.31,101.31,101.31,101.31,0
2025-01-03,101.19,101.19,101.19,101.19,0
2025-01-06,100.72,100.72,100.72,100.72,0
2025-01-07,98.93,98.93,98.93,98.93,0
2025-01-08,99.52,99.52,99.52,99.52,0
2025-01-09,97.75,97.75,97.75,97.75,0
2025-01-10,99.18,99.18,99.18,99.18,0
2025-01-13,98.47,98.47,98.47,98.47,0
2025-01-14,98.15,98.15,98.15,98.15,0
2025-01-15,97.74,97.74,97.74,97.74,0
2025-01-16,98.4,98.4,98.4,98.4,0
2025-01-17,98.4,98.4,98.4,98.4,0
2025-01-20,98.36,98.36,98.36,98.36,0
2025-01-21,97.81,97.81,97.81,97.81,0
2025-01-22,98.39,98.39,98.39,98.39,0
2025-01-23,98.09,98.09,98.09,98.09,0
2025-01-24,98.61,98.61,98.61,98.61,0
2025-01-27,98.93,98.93,98.93,98.93,0
2025-01-28,99.12,99.12,99.12,99.12,0
2025-01-29,99.84,99.84,99.84,99.84,0
2025-01-30,99.08,99.08,99.08,99.08,0
2025-01-31,100.32,100.32,100.32,100.32,0
2025-02-03,99.98,99.98,99.98,99.98,0
2025-02-04,101.33,101.33,101.33,101.33,0
2025-02-05,101.25,101.25,101.25,101.25,0
2025-02-06,101.35,101.35,101.35,101.35,0
2025-02-07,102.66,102.66,102.66,102.66,0
2025-02-10,102.42,102.42,102.42,102.42,0
2025-02-11,101.81,101.81,101.81,101.81,0
2025-02-12,102.61,102.61,102.61,102.61,0
2025-02-13,101.3,101.3,101.3,101.3,0
2025-02-14,102.56,102.56,102.56,102.56,0
2025-02-17,104.37,104.37,104.37,104.37,0
2025-02-18,104.86,104.86,104.86,104.86,0
2025-02-19,104.91,104.91,104.91,104.91,0
2025-02-20,105.86,105.86,105.86,105.86,0
2025-02-21,106.49,106.49,106.49,106.49,0
2025-02-24,107.36,107.36,107.36,107.36,0
2025-02-25,106.96,106.96,106.96,106.96,0
2025-02-26,107.22,107.22,107.22,107.22,0
2025-02-27,106.98,106.98,106.98,106.98,0
2025-02-28,107.43,107.43,107.43,107.43,0
2025-03-03,107.99,107.99,107.99,107.99,0
2025-03-04,107.95,107.95,107.95,107.95,0
2025-03-05,109.52,109.52,109.52,109.52,0
2025-03-06,110.36,110.36,110.36,110.36,0
2025-03-07,110.13,110.13,110.13,110.13,0
2025-03-10,110.93,110.93,110.93,110.93,0
2025-03-11,110.99,110.99,110.99,110.99,0
2025-03-12,111.26,111.26,111.26,111.26,0
2025-03-13,111.63,111.63,111.63,111.63,0
2025-03-14,111.8,111.8,111.8,111.8,0
2025-03-17,111.7,111.7,111.7,111.7,0
2025-03-18,112.68,112.68,112.68,112.68,0
2025-03-19,113.72,113.72,113.72,113.72,0
2025-03-20,112.77,112.77,112.77,112.77,0
2025-03-21,115.16,115.16,115.16,115.16,0
2025-03-24,115.38,115.38,115.38,115.38,0
2025-03-25,115.67,115.67,115.67,115.67,0
2025-03-26,114.94,114.94,114.94,114.94,0
2025-03-28,114.86,114.86,114.86,114.86,0
2025-04-01,113.51,113.51,113.51,113.51,0
2025-04-02,114.09,114.09,114.09,114.09,0
2025-04-03,113.83,113.83,113.83,113.83,0
2025-04-04,113.43,113.43,113.43,113.43,0
2025-04-07,113.92,113.92,113.92,113.92,0
2025-04-08,114.24,114.24,114.24,114.24,0
2025-04-09,113.91,113.91,113.91,113.91,0
2025-04-10,115.08,115.08,115.08,115.08,0
2025-04-11,114.01,114.01,114.01,114.01,0
2025-04-14,115.18,115.18,115.18,115.18,0
2025-04-15,115.27,115.27,115.27,115.27,0
2025-04-16,114.79,114.79,114.79,114.79,0
2025-04-17,115.24,115.24,115.24,115.24,0
2025-04-18,114.58,114.58,114.58,114.58,0
2025-04-22,115.41,115.41,115.41,115.41,0
2025-04-23,115.24,115.24,115.24,115.24,0
2025-04-24,115.64,115.64,115.64,115.64,0
2025-04-25,115.37,115.37,115.37,115.37,0
2025-04-28,114.59,114.59,114.59,114.59,0
2025-04-29,114.15,114.15,114.15,114.15,0
2025-04-30,113.32,113.32,113.32,113.32,0
2025-05-02,113.84,113.84,113.84,113.84,0
2025-05-05,112.66,112.66,112.66,112.66,0
2025-05-06,113.47,113.47,113.47,113.47,0
2025-05-07,113.96,113.96,113.96,113.96,0
2025-05-08,113.97,113.97,113.97,113.97,0
2025-05-09,114.73,114.73,114.73,114.73,0
2025-05-12,114.33,114.33,114.33,114.33,0
2025-05-13,114.32,114.32,114.32,114.32,0
2025-05-14,115.43,115.43,115.43,115.43,0
2025-05-15,116.96,116.96,116.96,116.96,0
2025-05-16,117.8,117.8,117.8,117.8,0
2025-05-19,117.6,117.6,117.6,117.6,0
2025-05-20,119,119,119,119,0
2025-05-21,117.88,117.88,117.88,117.88,0
2025-05-22,119.28,119.28,119.28,119.28,0
2025-05-23,120.15,120.15,120.15,120.15,0
2025-05-26,120.24,120.24,120.24,120.24,0
2025-05-27,120.11,120.11,120.11,120.11,0
2025-05-28,118.86,118.86,118.86,118.86,0
2025-05-30,118.36,118.36,118.36,118.36,0
2025-06-02,117.58,117.58,117.58,117.58,0
2025-06-03,116.28,116.28,116.28,116.28,0
2025-06-04,117.5,117.5,117.5,117.5,0
2025-06-05,117.56,117.56,117.56,117.56,0
2025-06-10,118.96,118.96,118.96,118.96,0
2025-06-11,120.37,120.37,120.37,120.37,0
2025-06-12,119.84,119.84,119.84,119.84,0
2025-06-13,120.11,120.11,120.11,120.11,0
2025-06-16,120.57,120.57,120.57,120.57,0
2025-06-17,120.46,120.46,120.46,120.46,0
2025-06-18,120.94,120.94,120.94,120.94,0
2025-06-19,122.61,122.61,122.61,122.61,0
2025-06-20,123.16,123.16,123.16,123.16,0
2025-06-23,124.56,124.56,124.56,124.56,0
2025-06-24,123.32,123.32,123.32,123.32,0
2025-06-25,123.75,123.75,123.75,123.75,0
2025-06-26,123.58,123.58,123.58,123.58,0
2025-06-27,123.18,123.18,123.18,123.18,0
2025-06-30,123.39,123.39,123.39,123.39,0
2025-07-01,123.03,123.03,123.03,123.03,0
2025-07-02,122.09,122.09,122.09,122.09,0
2025-07-03,121.66,121.66,121.66,121.66,0
2025-07-04,122.75,122.75,122.75,122.75,0
2025-07-07,122.2,122.2,122.2,122.2,0
2025-07-08,120.31,120.31,120.31,120.31,0
2025-07-09,120.74,120.74,120.74,120.74,0
2025-07-10,121.75,121.75,121.75,121.75,0
2025-07-11,122.78,122.78,122.78,122.78,0
2025-07-14,122.53,122.53,122.53,122.53,0
2025-07-15,122.02,122.02,122.02,122.02,0
2025-07-16,122.95,122.95,122.95,122.95,0
2025-07-17,122.27,122.27,122.27,122.27,0
2025-07-18,121.39,121.39,121.39,121.39,0
2025-07-21,122.39,122.39,122.39,122.39,0
2025-07-22,122.66,122.66,122.66,122.66,0
2025-07-23,123.03,123.03,123.03,123.03,0
2025-07-24,123.48,123.48,123.48,123.48,0
2025-07-25,122.93,122.93,122.93,122.93,0
2025-07-28,122.81,122.81,122.81,122.81,0
2025-07-29,122.52,122.52,122.52,122.52,0
2025-07-30,122.89,122.89,122.89,122.89,0
2025-07-31,121.53,121.53,121.53,121.53,0
2025-08-01,121.93,121.93,121.93,121.93,0
2025-08-04,120.6,120.6,120.6,120.6,0
2025-08-05,121.23,121.23,121.23,121.23,0
2025-08-06,121.47,121.47,121.47,121.47,0
2025-08-08,120.64,120.64,120.64,120.64,0
2025-08-11,121.3,121.3,121.3,121.3,0
2025-08-12,121.75,121.75,121.75,121.75,0
2025-08-13,122.29,122.29,122.29,122.29,0
2025-08-14,122.1,122.1,122.1,122.1,0
2025-08-18,123.28,123.28,123.28,123.28,0
2025-08-19,123.72,123.72,123.72,123.72,0
2025-08-20,124.63,124.63,124.63,124.63,0
2025-08-21,124.47,124.47,124.47,124.47,0
2025-08-22,124.83,124.83,124.83,124.83,0
2025-08-25,123.95,123.95,123.95,123.95,0
2025-08-26,124.92,124.92,124.92,124.92,0
2025-08-27,124.6,124.6,124.6,124.6,0
2025-08-28,124.36,124.36,124.36,124.36,0
2025-08-29,125.26,125.26,125.26,125.26,0
2025-09-01,125.48,125.48,125.48,125.48,0
2025-09-02,125.97,125.97,125.97,125.97,0
2025-09-03,126.28,126.28,126.28,126.28,0
2025-09-05,128.07,128.07,128.07,128.07,0
2025-09-08,128.67,128.67,128.67,128.67,0
2025-09-09,129.45,129.45,129.45,129.45,0
2025-09-10,131,131,131,131,0
2025-09-11,132.02,132.02,132.02,132.02,0
2025-09-12,131.45,131.45,131.45,131.45,0
2025-09-15,132.33,132.33,132.33,132.33,0
2025-09-16,132.18,132.18,132.18,132.18,0
2025-09-17,133.03,133.03,133.03,133.03,0
2025-09-18,133.39,133.39,133.39,133.39,0
2025-09-19,134.61,134.61,134.61,134.61,0
2025-09-22,133.97,133.97,133.97,133.97,0
2025-09-23,133.99,133.99,133.99,133.99,0
2025-09-24,134.51,134.51,134.51,134.51,0
2025-09-25,135,135,135,135,0
2025-09-26,135.66,135.66,135.66,135.66,0
2025-09-29,135.25,135.25,135.25,135.25,0
2025-09-30,135.92,135.92,135.92,135.92,0
2025-10-01,135.92,135.92,135.92,135.92,0
2025-10-02,135.6,135.6,135.6,135.6,0
2025-10-03,135.67,135.67,135.67,135.67,0
2025-10-06,135.15,135.15,135.15,135.15,0
2025-10-07,135.61,135.61,135.61,135.61,0
2025-10-08,136.91,136.91,136.91,136.91,0
2025-10-09,138.18,138.18,138.18,138.18,0
2025-10-10,138.77,138.77,138.77,138.77,0
2025-10-13,139.77,139.77,139.77,139.77,0
2025-10-14,139.34,139.34,139.34,139.34,0
2025-10-15,141.49,141.49,141.49,141.49,0
2025-10-16,139.43,139.43,139.43,139.43,0
2025-10-17,140.3,140.3,140.3,140.3,0
2025-10-20,140.85,140.85,140.85,140.85,0
2025-10-21,140.19,140.19,140.19,140.19,0
2025-10-22,141.43,141.43,141.43,141.43,0
2025-10-23,141.63,141.63,141.63,141.63,0
2025-10-24,141.96,141.96,141.96,141.96,0
2025-10-27,143.73,143.73,143.73,143.73,0
2025-10-28,143.16,143.16,143.16,143.16,0
2025-10-29,144.31,144.31,144.31,144.31,0
2025-10-30,144.05,144.05,144.05,144.05,0
2025-10-31,143.59,143.59,143.59,143.59,0
2025-11-03,141.7,141.7,141.7,141.7,0
2025-11-04,141.89,141.89,141.89,141.89,0
2025-11-05,141.46,141.46,141.46,141.46,0
2025-11-06,143.92,143.92,143.92,143.92,0
2025-11-07,144.68,144.68,144.68,144.68,0
2025-11-10,143.6,143.6,143.6,143.6,0
2025-11-11,143.57,143.57,143.57,143.57,0
2025-11-12,143.22,143.22,143.22,143.22,0
2025-11-13,142.91,142.91,142.91,142.91,0
2025-11-14,142.95,142.95,142.95,142.95,0
2025-11-17,144.87,144.87,144.87,144.87,0
2025-11-18,144.9,144.9,144.9,144.9,0
2025-11-19,145.93,145.93,145.93,145.93,0
2025-11-20,145.65,145.65,145.65,145.65,0
2025-11-21,145.87,145.87,145.87,145.87,0
2025-11-24,145.7,145.7,145.7,145.7,0
2025-11-25,145.58,145.58,145.58,145.58,0
2025-11-26,144.93,144.93,144.93,144.93,0
2025-11-27,144.82,144.82,144.82,144.82,0
2025-11-28,145.23,145.23,145.23,145.23,0
2025-12-01,148.25,148.25,148.25,148.25,0
2025-12-02,146.77,146.77,146.77,146.77,0
2025-12-03,148.41,148.41,148.41,148.41,0
2025-12-04,150.14,150.14,150.14,150.14,0
2025-12-05,149.52,149.52,149.52,149.52,0
2025-12-08,150.01,150.01,150.01,150.01,0
2025-12-09,147.92,147.92,147.92,147.92,0
2025-12-10,147.03,147.03,147.03,147.03,0
2025-12-11,147.88,147.88,147.88,147.88,0
2025-12-12,147.38,147.38,147.38,147.38,0
2025-12-15,147.41,147.41,147.41,147.41,0
2025-12-16,147.37,147.37,147.37,147.37,0
2025-12-17,147.33,147.33,147.33,147.33,0
2025-12-18,146.37,146.37,146.37,146.37,0
2025-12-19,147.3,147.3,147.3,147.3,0
2025-12-22,145.46,145.46,145.46,145.46,0
2025-12-23,145.2,145.2,145.2,145.2,0
2025-12-24,145,145,145,145,0
2025-12-26,145.91,145.91,145.91,145.91,0
2025-12-29,146.08,146.08,146.08,146.08,0
2025-12-30,147.59,147.59,147.59,147.59,0
2025-12-31,148.41,148.41,148.41,148.41,0
