Date,Open,High,Low,Close,Volume
1998-09-18,1532,1532,1532,1532,20
1998-09-21,1532,1532,1532,1532,20
1998-09-23,1600,1600,1600,1600,1040
1998-09-25,1680,1680,1680,1680,1000
1998-09-28,1775,1775,1775,1775,520
1998-09-30,1775,1775,1775,1775,40
1998-10-02,1908,1908,1908,1908,6000
1998-10-07,1950,1950,1950,1950,340
1998-10-09,2050,2050,2050,2050,10000
1998-10-14,2000,2000,2000,2000,300
1998-10-16,1850,1850,1850,1850,640
1998-10-19,1850,1850,1850,1850,200
1998-10-21,1850,1850,1850,1850,1180
1998-10-23,1900,1900,1900,1900,2740
1998-10-26,1850,1850,1850,1850,600
1998-10-28,1850,1850,1850,1850,660
1998-11-02,1988,1988,1988,1988,20
1998-11-04,1988,1988,1988,1988,600
1998-11-11,1988,1988,1988,1988,60
1998-11-18,1839,1839,1839,1839,100
1998-11-27,1750,1750,1750,1750,20
1998-12-04,1750,1750,1750,1750,60
1998-12-09,1750,1750,1750,1750,140
1998-12-11,1800,1800,1800,1800,1660
1998-12-23,1800,1800,1800,1800,36140
1999-01-04,1800,1800,1800,1800,100
1999-01-08,1800,1800,1800,1800,220
1999-02-26,1750,1750,1750,1750,1600
1999-03-24,1750,1750,1750,1750,10000
1999-03-26,1748,1748,1748,1748,7760
1999-03-29,1748,1748,1748,1748,560
1999-04-12,1617,1617,1617,1617,800
1999-04-30,1615,1615,1615,1615,480
1999-05-03,1494,1494,1494,1494,2000
1999-05-07,1494,1494,1494,1494,120
1999-06-23,1293,1293,1293,1293,200
1999-06-25,1196,1196,1196,1196,200
1999-06-28,1196,1196,1196,1196,100
1999-07-12,1106,1106,1106,1106,160
1999-07-14,1024,1024,1024,1024,700
1999-07-16,950,950,950,950,3180
1999-07-21,950,950,950,950,400
1999-07-28,950,950,950,950,400
1999-08-02,879,879,879,879,160
1999-08-04,815,815,815,815,160
1999-08-06,815,815,815,815,60
1999-08-11,815,815,815,815,400
1999-08-13,815,815,815,815,200
1999-08-18,815,815,815,815,220
1999-08-20,816,816,816,816,740
1999-08-25,825,825,825,825,480
1999-08-27,825,825,825,825,1500
1999-08-30,830,830,830,830,1000
1999-09-01,825,825,825,825,3000
1999-09-03,825,825,825,825,640
1999-09-06,810,810,810,810,2120
1999-09-08,810,810,810,810,1820
1999-09-10,800,800,800,800,1320
1999-09-13,800,800,800,800,1240
1999-09-15,800,800,800,800,3460
1999-09-17,810,810,810,810,460
1999-09-20,810,810,810,810,1200
1999-09-22,810,810,810,810,240
1999-09-24,810,810,810,810,120
1999-09-29,810,810,810,810,100
1999-10-01,810,810,810,810,400
1999-10-06,810,810,810,810,1200
1999-10-15,850,850,850,850,220
1999-10-20,860,860,860,860,320
1999-10-29,875,875,875,875,1340
1999-11-03,875,875,875,875,780
1999-11-05,890,890,890,890,1060
1999-11-12,900,900,900,900,360
1999-11-17,900,900,900,900,2300
1999-11-19,900,900,900,900,140
1999-11-22,900,900,900,900,100
1999-11-29,900,900,900,900,60
1999-12-01,900,900,900,900,140
1999-12-06,905,905,905,905,2720
1999-12-15,905,905,905,905,160
1999-12-17,905,905,905,905,3160
1999-12-20,905,905,905,905,400
1999-12-22,905,905,905,905,140
2000-01-05,905,905,905,905,300
2000-01-07,905,905,905,905,60
2000-01-10,905,905,905,905,60
2000-01-12,905,905,905,905,2900
2000-01-14,905,905,905,905,160
2000-01-17,905,905,905,905,100
2000-01-19,905,905,905,905,300
2000-03-01,850,850,850,850,6280
2000-03-06,850,850,850,850,260
2000-04-28,848,848,848,848,520
2000-05-03,845,845,845,845,2000
2000-08-02,800,800,800,800,500
2000-08-11,800,800,800,800,280
2000-08-18,800,800,800,800,1000
2000-08-30,800,800,800,800,480
2000-09-15,800,800,800,800,220
2000-11-16,750,750,750,750,200
2000-11-29,750,750,750,750,200
2000-12-08,745,745,745,745,2700
2000-12-18,689,689,689,689,200
2000-12-20,650,650,650,650,600
2001-01-12,650,650,650,650,120
2001-01-19,650,650,650,650,200
2001-01-24,649,649,649,649,200
2001-01-31,649,649,649,649,200
2001-02-09,649,649,649,649,60
2001-02-28,625,625,625,625,1000
2001-03-23,625,625,625,625,40
2001-04-02,600,600,600,600,440
2001-04-11,575,575,575,575,200
2001-04-13,550,550,550,550,2000
2001-04-20,550,550,550,550,620
2001-04-23,550,550,550,550,400
2001-04-25,550,550,550,550,200
2001-04-27,550,550,550,550,4260
2001-05-04,550,550,550,550,160
2001-05-07,550,550,550,550,8000
2001-05-09,550,550,550,550,1080
2001-05-11,550,550,550,550,1880
2001-05-25,520,520,520,520,300
2001-05-30,520,520,520,520,120
2001-06-05,520,520,520,520,100
2001-06-11,520,520,520,520,120
2001-06-15,520,520,520,520,300
2001-06-22,520,520,520,520,1000
2001-06-27,520,520,520,520,200
2001-07-04,520,520,520,520,200
2001-07-06,520,520,520,520,1400
2001-07-11,520,520,520,520,580
2001-07-18,520,520,520,520,1200
2001-07-20,520,520,520,520,200
2001-07-23,520,520,520,520,200
2001-07-27,520,520,520,520,520
2001-08-13,520,520,520,520,40
2001-08-22,518,518,518,518,2200
2001-09-05,513,513,513,513,200
2001-09-10,513,513,513,513,100
2001-09-12,513,513,513,513,200
2001-09-17,510,510,510,510,4000
2001-10-08,500,500,500,500,400
2001-10-10,500,500,500,500,200
2001-10-19,500,500,500,500,180
2001-10-24,499,499,499,499,300
2001-10-26,475,475,475,475,920
2001-11-07,475,475,475,475,1880
2001-11-19,475,475,475,475,3280
2001-11-23,475,475,475,475,860
2001-11-26,475,475,475,475,140
2001-11-30,445,445,445,445,240
2001-12-04,445,445,445,445,460
2001-12-13,445,445,445,445,28840
2001-12-20,445,445,445,445,1140
2001-12-21,445,445,445,445,1200
2001-12-31,445,445,445,445,660
2002-01-02,445,445,445,445,1000
2002-01-08,445,445,445,445,700
2002-01-14,445,445,445,445,200
2002-01-16,445,445,445,445,460
2002-01-17,445,445,445,445,300
2002-01-24,445,445,445,445,260
2002-01-30,445,445,445,445,140
2002-02-01,445,445,445,445,420
2002-02-04,445,445,445,445,60
2002-02-13,440,440,440,440,600
2002-02-18,440,440,440,440,420
2002-02-20,440,440,440,440,160
2002-02-21,440,440,440,440,1440
2002-02-26,440,440,440,440,120
2002-03-05,440,440,440,440,200
2002-03-06,445,445,445,445,320
2002-03-12,445,445,445,445,260
2002-03-19,445,445,445,445,60
2002-03-22,445,445,445,445,400
2002-04-09,445,445,445,445,400
2002-04-15,445,445,445,445,140
2002-04-24,453,453,453,453,300
2002-04-29,455,455,455,455,680
2002-05-03,489,489,489,489,360
2002-05-14,440,440,440,440,660
2002-05-17,472,472,472,472,1040
2002-05-22,472,472,472,472,380
2002-05-23,473,473,473,473,180
2002-05-29,473,473,473,473,200
2002-05-30,473,473,473,473,300
2002-06-07,473,473,473,473,100
2002-06-12,473,473,473,473,400
2002-06-13,465,465,465,465,1060
2002-06-14,463,463,463,463,360
2002-06-18,463,463,463,463,200
2002-06-19,463,463,463,463,420
2002-06-20,462,462,462,462,500
2002-06-21,462,462,462,462,200
2002-06-27,460,460,460,460,400
2002-07-02,460,460,460,460,2000
2002-07-03,460,460,460,460,1400
2002-07-05,460,460,460,460,400
2002-07-10,460,460,460,460,300
2002-07-11,460,460,460,460,600
2002-07-12,460,460,460,460,400
2002-07-15,460,460,460,460,1000
2002-07-16,460,460,460,460,160
2002-07-18,495,495,495,495,300
2002-07-19,495,495,495,495,2240
2002-07-22,495,495,495,495,540
2002-07-23,460,460,460,460,2620
2002-07-25,475,475,475,475,540
2002-08-01,480,480,480,480,760
2002-08-05,485,485,485,485,1020
2002-08-08,500,500,500,500,1280
2002-08-09,510,510,510,510,600
2002-08-12,510,510,510,510,300
2002-08-13,510,510,510,510,600
2002-08-14,500,500,500,500,400
2002-08-16,495,495,495,495,1600
2002-08-20,495,495,495,495,2920
2002-08-27,503,503,503,503,400
2002-08-30,525,525,525,525,2000
2002-09-02,525,525,525,525,2000
2002-09-05,550,550,550,550,600
2002-09-06,550,550,550,550,10000
2002-09-11,565,565,565,565,2000
2002-09-16,565,565,565,565,3100
2002-09-24,575,575,575,575,200
2002-09-25,575,575,575,575,5000
2002-09-26,575,575,575,575,40
2002-09-27,575,575,575,575,60
2002-09-30,575,575,575,575,280
2002-10-08,575,575,575,575,5640
2002-10-11,575,575,575,575,360
2002-10-18,575,575,575,575,180
2002-10-21,575,575,575,575,300
2002-10-24,575,575,575,575,260
2002-10-28,575,575,575,575,200
2002-10-29,550,550,550,550,3320
2002-10-30,550,550,550,550,1620
2002-10-31,550,550,550,550,9000
2002-11-04,550,550,550,550,40
2002-11-07,550,550,550,550,480
2002-11-08,550,550,550,550,920
2002-11-11,550,550,550,550,300
2002-11-19,550,550,550,550,660
2002-11-21,550,550,550,550,360
2002-11-25,550,550,550,550,1840
2002-11-27,550,550,550,550,3160
2002-12-04,550,550,550,550,300
2002-12-10,550,550,550,550,1440
2002-12-12,550,550,550,550,240
2002-12-17,591,591,591,591,200
2002-12-18,636,636,636,636,220
2002-12-20,683,683,683,683,160
2002-12-24,734,734,734,734,200
2002-12-26,789,789,789,789,360
2002-12-27,789,789,789,789,340
2002-12-30,848,848,848,848,160
2003-01-03,750,750,750,750,1180
2003-01-15,725,725,725,725,200
2003-01-21,725,725,725,725,100
2003-02-19,725,725,725,725,40
2003-03-20,722,722,722,722,400
2003-04-03,722,722,722,722,60
2003-05-02,722,722,722,722,4283460
2003-05-27,700,700,700,700,800
2003-09-08,700,700,700,700,380
2003-10-07,590,590,590,590,480
2003-11-11,588,588,588,588,23140
2003-12-23,575,575,575,575,500
2004-01-20,563,563,563,563,700
2004-03-18,550,550,550,550,480
2004-04-01,545,545,545,545,480
2004-05-11,504,504,504,504,6000
2004-05-12,485,485,485,485,2260
2004-05-13,450,450,450,450,313500
2004-05-18,450,450,450,450,6060
2004-05-21,450,450,450,450,1880
2004-06-25,450,450,450,450,820
2004-07-14,455,455,455,455,180
2004-07-15,455,455,455,455,100
2004-07-19,455,455,455,455,800
2004-08-03,455,455,455,455,20
2004-08-10,455,455,455,455,100
2004-08-19,455,455,455,455,20
2004-08-24,455,455,455,455,80
2004-08-30,455,455,455,455,960
2004-08-31,455,455,455,455,240
2004-09-07,455,455,455,455,400
2004-09-08,455,455,455,455,700
2004-09-10,455,455,455,455,780
2004-09-15,455,455,455,455,1180
2004-09-22,450,450,450,450,3020
2004-09-23,450,450,450,450,560
2004-09-29,450,450,450,450,280
2004-10-05,450,450,450,450,40
2004-10-28,450,450,450,450,100
2004-11-25,450,450,450,450,20
2005-02-03,425,425,425,425,660
2005-02-08,425,425,425,425,960
2005-02-09,425,425,425,425,1100
2005-03-29,425,425,425,425,880
2005-04-05,425,425,425,425,700
2005-04-18,425,425,425,425,3300
2005-04-28,425,425,425,425,1480
2005-05-12,425,425,425,425,420
2005-05-17,425,425,425,425,540
2005-05-23,425,425,425,425,4320
2005-05-27,425,425,425,425,20
2005-06-02,425,425,425,425,11940
2005-07-26,425,425,425,425,560
2005-08-02,425,425,425,425,4360
2005-08-16,395,395,395,395,300
2005-08-22,395,395,395,395,1000
2005-09-12,395,395,395,395,4460
2005-09-29,395,395,395,395,200
2005-10-05,395,395,395,395,2520
2005-10-18,395,395,395,395,200
2005-10-21,395,395,395,395,20
2005-10-24,395,395,395,395,600
2005-11-04,395,395,395,395,220
2005-11-08,395,395,395,395,220
2005-11-09,395,395,395,395,1140
2005-11-10,395,395,395,395,140
2005-11-14,395,395,395,395,660
2005-11-17,395,395,395,395,220
2005-11-30,395,395,395,395,40
2005-12-30,400,400,400,400,36000
2006-02-07,400,400,400,400,60
2006-02-16,400,400,400,400,800
2006-02-27,400,400,400,400,140
2006-03-13,400,400,400,400,80
2006-03-15,400,400,400,400,140
2006-04-12,370,370,370,370,400
2006-04-13,370,370,370,370,1020
2006-04-24,370,370,370,370,1240
2006-04-28,350,350,350,350,4680
2006-05-24,375,375,375,375,5640
2006-05-29,353,353,353,353,2040
2006-05-30,353,353,353,353,1080
2006-06-13,375,375,375,375,5300
2006-06-15,375,375,375,375,680
2006-07-07,375,375,375,375,280
2006-07-11,375,375,375,375,20
2006-07-14,375,375,375,375,220
2006-07-20,375,375,375,375,40
2006-07-26,375,375,375,375,20
2006-08-17,375,375,375,375,420
2006-08-29,375,375,375,375,160
2006-09-05,350,350,350,350,1600
2006-09-07,350,350,350,350,40
2006-09-12,400,400,400,400,920
2006-09-13,400,400,400,400,720
2006-09-14,400,400,400,400,140
2006-09-25,400,400,400,400,200
2006-09-29,403,403,403,403,200
2006-10-03,403,403,403,403,20
2006-10-11,430,430,430,430,200
2006-10-12,430,430,430,430,100
2006-10-30,400,400,400,400,160
2006-10-31,400,400,400,400,20
2006-11-13,400,400,400,400,20
2006-11-17,430,430,430,430,360
2006-11-21,431,431,431,431,480
2006-11-22,433,433,433,433,1640
2006-11-29,460,460,460,460,240
2006-12-01,490,490,490,490,160
2006-12-06,490,490,490,490,1380
2006-12-13,490,490,490,490,200
2006-12-22,491,491,491,491,300
2006-12-27,491,491,491,491,580
2006-12-29,491,491,491,491,1600
2007-01-11,491,491,491,491,60
2007-01-12,491,491,491,491,480
2007-02-09,491,491,491,491,20
2007-02-12,500,500,500,500,1400
2007-02-14,500,500,500,500,200
2007-02-23,503,503,503,503,680
2007-03-12,503,503,503,503,100
2007-03-21,505,505,505,505,160
2007-03-23,506,506,506,506,460
2007-04-02,506,506,506,506,20
2007-04-04,543,543,543,543,200
2007-04-06,543,543,543,543,900
2007-04-12,543,543,543,543,200
2007-04-19,543,543,543,543,60
2007-04-25,560,560,560,560,200
2007-04-30,560,560,560,560,140
2007-05-02,560,560,560,560,20
2007-05-08,560,560,560,560,320
2007-05-10,560,560,560,560,180
2007-05-15,560,560,560,560,60
2007-05-18,560,560,560,560,300
2007-05-24,560,560,560,560,300
2007-05-30,561,561,561,561,400
2007-06-05,561,561,561,561,1220
2007-06-14,600,600,600,600,200
2007-06-22,625,625,625,625,200
2007-06-25,625,625,625,625,800
2007-07-04,650,650,650,650,400
2007-07-05,650,650,650,650,580
2007-07-06,650,650,650,650,580
2007-07-10,675,675,675,675,480
2007-07-13,675,675,675,675,100
2007-07-24,675,675,675,675,200
2007-07-25,675,675,675,675,800
2007-07-31,725,725,725,725,1000
2007-08-23,751,751,751,751,2360
2007-08-24,800,800,800,800,260
2007-08-30,860,860,860,860,540
2007-09-17,925,925,925,925,360
2007-09-18,925,925,925,925,360
2007-09-19,925,925,925,925,2280
2007-10-16,925,925,925,925,3700
2007-10-22,925,925,925,925,200
2007-10-31,1068,1068,1068,1068,780
2007-11-13,1150,1150,1150,1150,1520
2007-11-20,1237,1237,1237,1237,240
2007-11-21,1237,1237,1237,1237,180
2007-11-22,1237,1237,1237,1237,10100
2007-11-27,1150,1150,1150,1150,400
2007-11-28,1100,1100,1100,1100,10080
2007-11-30,1100,1100,1100,1100,600
2007-12-03,1100,1100,1100,1100,800
2007-12-10,1018,1018,1018,1018,500
2007-12-11,1018,1018,1018,1018,120
2007-12-18,1094,1094,1094,1094,400
2007-12-27,1000,1000,1000,1000,27260
2007-12-28,1000,1000,1000,1000,420
2007-12-31,1000,1000,1000,1000,200
2008-01-07,1000,1000,1000,1000,20
2008-01-14,1125,1125,1125,1125,600
2008-01-16,1150,1150,1150,1150,280
2008-01-18,1135,1135,1135,1135,26060
2008-01-28,1135,1135,1135,1135,100
2008-02-05,1100,1100,1100,1100,3160
2008-02-06,1150,1150,1150,1150,160
2008-02-07,1150,1150,1150,1150,220
2008-02-15,1150,1150,1150,1150,20
2008-02-18,1200,1200,1200,1200,280
2008-02-19,1200,1200,1200,1200,340
2008-02-26,1200,1200,1200,1200,600
2008-03-10,1290,1290,1290,1290,280
2008-03-12,1280,1280,1280,1280,30060
2008-03-13,1280,1280,1280,1280,180
2008-03-14,1280,1280,1280,1280,140
2008-03-25,1280,1280,1280,1280,400
2008-03-26,1280,1280,1280,1280,40
2008-03-28,1280,1280,1280,1280,20
2008-04-04,1280,1280,1280,1280,20
2008-04-09,1275,1275,1275,1275,280
2008-04-11,1280,1280,1280,1280,220
2008-04-15,1285,1285,1285,1285,160
2008-04-16,1285,1285,1285,1285,1420
2008-05-09,1285,1285,1285,1285,20
2008-05-13,1300,1300,1300,1300,4180
2008-05-14,1300,1300,1300,1300,140
2008-05-15,1300,1300,1300,1300,200
2008-05-16,1300,1300,1300,1300,200
2008-05-19,1300,1300,1300,1300,300
2008-05-20,1300,1300,1300,1300,400
2008-05-21,1300,1300,1300,1300,1100
2008-05-22,1300,1300,1300,1300,20
2008-06-03,1398,1398,1398,1398,6660
2008-06-04,1502,1502,1502,1502,500
2008-06-11,1390,1390,1390,1390,540
2008-06-16,1286,1286,1286,1286,1000
2008-06-17,1286,1286,1286,1286,860
2008-06-20,1286,1286,1286,1286,40
2008-07-01,1353,1353,1353,1353,540
2008-07-11,1360,1360,1360,1360,400
2008-07-29,1360,1360,1360,1360,540
2008-07-31,1360,1360,1360,1360,5400
2008-08-05,1360,1360,1360,1360,140
2008-08-08,1360,1360,1360,1360,100
2008-08-12,1462,1462,1462,1462,400
2008-08-19,1500,1500,1500,1500,1000
2008-08-20,1550,1550,1550,1550,240
2008-08-22,1666,1666,1666,1666,2100
2008-08-25,1666,1666,1666,1666,360
2008-08-27,1666,1666,1666,1666,660
2008-08-29,1667,1667,1667,1667,1000
2008-09-01,1667,1667,1667,1667,200
2008-09-02,1667,1667,1667,1667,360
2008-09-04,1675,1675,1675,1675,200
2008-09-11,1675,1675,1675,1675,420
2008-09-12,1675,1675,1675,1675,200
2008-09-19,1675,1675,1675,1675,440
2008-09-22,1675,1675,1675,1675,160
2008-09-25,1700,1700,1700,1700,440
2008-09-29,1700,1700,1700,1700,560
2008-10-03,1670,1670,1670,1670,1000
2008-10-06,1670,1670,1670,1670,4000
2008-10-10,1670,1670,1670,1670,2620
2008-10-14,1670,1670,1670,1670,200
2008-10-15,1670,1670,1670,1670,20
2008-10-22,1550,1550,1550,1550,700
2008-10-23,1650,1650,1650,1650,660
2008-10-27,1550,1550,1550,1550,400
2008-11-03,1450,1450,1450,1450,500
2008-11-04,1450,1450,1450,1450,700
2008-11-11,1341,1341,1341,1341,400
2008-11-12,1340,1340,1340,1340,160
2008-11-18,1340,1340,1340,1340,260
2008-12-01,1340,1340,1340,1340,100
2008-12-04,1250,1250,1250,1250,12000
2008-12-05,1250,1250,1250,1250,60
2008-12-09,1240,1240,1240,1240,200
2008-12-24,1150,1150,1150,1150,10180
2008-12-30,1145,1145,1145,1145,1000
2008-12-31,1125,1125,1125,1125,980
2009-01-05,1125,1125,1125,1125,400
2009-01-06,1125,1125,1125,1125,400
2009-02-19,1100,1100,1100,1100,280
2009-03-03,1100,1100,1100,1100,200
2009-05-20,1000,1000,1000,1000,2000
2009-05-22,941,941,941,941,200
2009-05-25,941,941,941,941,120
2009-06-02,941,941,941,941,100
2009-06-12,850,850,850,850,520
2009-06-15,850,850,850,850,80
2009-06-16,850,850,850,850,2000
2009-06-18,850,850,850,850,440
2009-06-19,786,786,786,786,2000
2009-06-22,728,728,728,728,3640
2009-06-23,730,730,730,730,2860
2009-07-06,753,753,753,753,2540
2009-07-13,800,800,800,800,1140
2009-07-22,825,825,825,825,800
2009-07-23,800,800,800,800,1000
2009-07-24,800,800,800,800,2080
2009-07-27,800,800,800,800,140
2009-08-03,800,800,800,800,740
2009-08-05,800,800,800,800,200
2009-08-10,800,800,800,800,620
2009-08-12,800,800,800,800,640
2009-08-14,800,800,800,800,560
2009-08-17,795,795,795,795,1300
2009-08-18,800,800,800,800,720
2009-08-19,800,800,800,800,2040
2009-08-26,785,785,785,785,240
2009-08-31,785,785,785,785,380
2009-09-07,785,785,785,785,280
2009-09-09,785,785,785,785,320
2009-09-25,785,785,785,785,280
2009-10-01,785,785,785,785,300
2009-10-05,785,785,785,785,40
2009-10-07,785,785,785,785,20
2009-10-12,785,785,785,785,140
2009-10-15,785,785,785,785,40
2009-10-21,785,785,785,785,820
2009-10-26,775,775,775,775,1280
2009-10-27,775,775,775,775,600
2009-10-30,775,775,775,775,380
2009-11-04,775,775,775,775,119980
2009-11-10,775,775,775,775,20
2009-11-12,775,775,775,775,20
2009-11-13,775,775,775,775,400
2009-11-16,775,775,775,775,200
2009-11-17,775,775,775,775,2220
2009-11-20,775,775,775,775,20
2009-11-23,775,775,775,775,360
2009-11-24,776,776,776,776,200
2009-11-26,776,776,776,776,160
2009-12-02,834,834,834,834,520
2009-12-09,834,834,834,834,740
2009-12-10,834,834,834,834,100
2009-12-11,834,834,834,834,2840
2009-12-16,834,834,834,834,100
2009-12-29,963,963,963,963,500
2009-12-30,1035,1035,1035,1035,1680
2009-12-31,1113,1113,1113,1113,1620
2010-01-04,1113,1113,1113,1113,20
2010-02-02,900,900,900,900,200
2010-03-03,833,833,833,833,200
2010-03-19,833,833,833,833,180
2010-03-26,833,833,833,833,100
2010-03-30,800,800,800,800,300
2010-04-01,800,800,800,800,200
2010-04-12,800,800,800,800,220
2010-04-26,925,925,925,925,580
2010-05-06,960,960,960,960,2000
2010-05-10,1109,1109,1109,1109,1220
2010-05-11,1109,1109,1109,1109,4000
2010-05-14,1109,1109,1109,1109,260
2010-05-17,1109,1109,1109,1109,400
2010-05-21,1109,1109,1109,1109,60
2010-05-25,1105,1105,1105,1105,600
2010-05-26,1105,1105,1105,1105,100
2010-05-27,1105,1105,1105,1105,180
2010-05-31,1105,1105,1105,1105,240
2010-06-09,1105,1105,1105,1105,640
2010-06-18,1105,1105,1105,1105,920
2010-06-21,1105,1105,1105,1105,1680
2010-06-22,1105,1105,1105,1105,600
2010-06-24,1105,1105,1105,1105,560
2010-07-13,1105,1105,1105,1105,600
2010-07-19,1105,1105,1105,1105,20
2010-07-29,1022,1022,1022,1022,600
2010-07-30,1099,1099,1099,1099,820
2010-08-02,1105,1105,1105,1105,17400
2010-08-17,1105,1105,1105,1105,20
2010-08-19,1105,1105,1105,1105,20
2010-08-31,1105,1105,1105,1105,520
2010-09-01,1105,1105,1105,1105,40
2010-09-09,1150,1150,1150,1150,500
2010-10-12,1064,1064,1064,1064,200
2010-10-14,984,984,984,984,200
2010-10-15,913,913,913,913,1140
2010-10-18,913,913,913,913,200
2010-10-20,900,900,900,900,2400
2010-11-09,925,925,925,925,300
2010-11-10,925,925,925,925,20
2010-11-11,925,925,925,925,20
2010-11-12,900,900,900,900,860
2010-11-17,900,900,900,900,260
2010-11-18,900,900,900,900,380
2010-11-19,905,905,905,905,300
2010-11-22,900,900,900,900,1380
2010-11-23,900,900,900,900,1000
2010-11-30,900,900,900,900,240
2010-12-07,900,900,900,900,540
2010-12-10,900,900,900,900,1440
2010-12-13,900,900,900,900,200
2010-12-15,900,900,900,900,600
2010-12-17,900,900,900,900,60
2010-12-20,900,900,900,900,400
2010-12-28,968,968,968,968,400
2010-12-30,967,967,967,967,3680
2011-01-06,967,967,967,967,200
2011-01-07,960,960,960,960,1080
2011-01-10,960,960,960,960,120
2011-01-11,960,960,960,960,280
2011-01-25,900,900,900,900,340
2011-01-27,900,900,900,900,1060
2011-01-28,850,850,850,850,800
2011-01-31,875,875,875,875,720
2011-02-02,875,875,875,875,220
2011-02-10,875,875,875,875,1300
2011-02-11,875,875,875,875,700
2011-04-19,875,875,875,875,160
2011-05-23,875,875,875,875,420
2011-05-31,875,875,875,875,2000
2011-06-03,873,873,873,873,200
2011-06-06,880,880,880,880,200
2011-06-07,880,880,880,880,500
2011-06-08,880,880,880,880,1100
2011-06-09,880,880,880,880,400
2011-06-14,900,900,900,900,300
2011-06-20,1040,1040,1040,1040,400
2011-06-22,1000,1000,1000,1000,6000
2011-06-30,1075,1075,1075,1075,800
2011-07-01,1156,1156,1156,1156,960
2011-07-05,1150,1150,1150,1150,220
2011-07-07,1150,1150,1150,1150,120
2011-07-08,1158,1158,1158,1158,220
2011-07-13,1158,1158,1158,1158,300
2011-07-14,1158,1158,1158,1158,260
2011-07-19,1200,1200,1200,1200,420
2011-07-22,1290,1290,1290,1290,240
2011-07-28,1170,1170,1170,1170,220
2011-08-01,1170,1170,1170,1170,120
2011-08-02,1170,1170,1170,1170,2220
2011-08-04,1150,1150,1150,1150,200
2011-08-18,1050,1050,1050,1050,6200
2011-08-23,950,950,950,950,1680
2011-08-24,879,879,879,879,680
2011-08-25,815,815,815,815,3140
2011-08-26,850,850,850,850,1000
2011-08-29,850,850,850,850,1000
2011-09-05,914,914,914,914,60
2011-09-12,909,909,909,909,2960
2011-09-16,925,925,925,925,600
2011-09-19,994,994,994,994,160
2011-09-20,994,994,994,994,520
2011-09-26,994,994,994,994,200
2011-09-29,994,994,994,994,140
2011-10-05,994,994,994,994,600
2011-10-07,994,994,994,994,160
2011-10-11,1000,1000,1000,1000,560
2011-10-12,1000,1000,1000,1000,220
2011-10-18,1000,1000,1000,1000,20
2011-10-21,1075,1075,1075,1075,1640
2011-10-24,1100,1100,1100,1100,160
2011-10-25,1100,1100,1100,1100,1060
2011-10-26,1150,1150,1150,1150,200
2011-10-27,1150,1150,1150,1150,400
2011-10-28,1200,1200,1200,1200,3320
2011-10-31,1250,1250,1250,1250,1240
2011-11-02,1344,1344,1344,1344,1820
2011-11-03,1350,1350,1350,1350,1700
2011-11-14,1300,1300,1300,1300,220
2011-11-17,1300,1300,1300,1300,80
2011-11-22,1155,1155,1155,1155,840
2011-11-23,1150,1150,1150,1150,1640
2011-11-24,1150,1150,1150,1150,800
2011-11-29,1175,1175,1175,1175,1100
2011-11-30,1200,1200,1200,1200,520
2011-12-02,1290,1290,1290,1290,540
2011-12-05,1300,1300,1300,1300,500
2011-12-06,1350,1350,1350,1350,1860
2011-12-19,1275,1275,1275,1275,200
2011-12-20,1275,1275,1275,1275,200
2011-12-22,1300,1300,1300,1300,400
2011-12-28,1345,1345,1345,1345,800
2011-12-29,1345,1345,1345,1345,1200
2011-12-30,1275,1275,1275,1275,500
2012-01-03,1275,1275,1275,1275,160
2012-01-27,1300,1300,1300,1300,240
2012-01-30,1300,1300,1300,1300,100
2012-02-03,1350,1350,1350,1350,380
2012-02-06,1300,1300,1300,1300,500
2012-02-07,1300,1300,1300,1300,400
2012-02-08,1303,1303,1303,1303,540
2012-02-09,1303,1303,1303,1303,20
2012-02-10,1303,1303,1303,1303,1000
2012-02-15,1305,1305,1305,1305,800
2012-02-17,1310,1310,1310,1310,500
2012-02-21,1350,1350,1350,1350,680
2012-02-24,1425,1425,1425,1425,240
2012-02-27,1425,1425,1425,1425,320
2012-02-28,1430,1430,1430,1430,240
2012-02-29,1450,1450,1450,1450,400
2012-03-05,1450,1450,1450,1450,40
2012-03-06,1500,1500,1500,1500,600
2012-03-09,1500,1500,1500,1500,440
2012-03-13,1500,1500,1500,1500,800
2012-03-14,1500,1500,1500,1500,160
2012-03-19,1450,1450,1450,1450,780
2012-03-20,1350,1350,1350,1350,440
2012-03-27,1500,1500,1500,1500,200
2012-04-02,1500,1500,1500,1500,800
2012-04-03,1500,1500,1500,1500,300
2012-04-04,1500,1500,1500,1500,1000
2012-04-05,1500,1500,1500,1500,280
2012-04-06,1500,1500,1500,1500,1960
2012-04-10,1501,1501,1501,1501,360
2012-04-17,1501,1501,1501,1501,20
2012-04-18,1501,1501,1501,1501,100
2012-04-20,1525,1525,1525,1525,1200
2012-04-24,1525,1525,1525,1525,200
2012-04-30,1525,1525,1525,1525,100
2012-05-03,1525,1525,1525,1525,300
2012-05-04,1525,1525,1525,1525,400
2012-05-10,1525,1525,1525,1525,1100
2012-05-14,1525,1525,1525,1525,1340
2012-05-21,1526,1526,1526,1526,400
2012-05-23,1600,1600,1600,1600,340
2012-05-24,1600,1600,1600,1600,3320
2012-05-29,1600,1600,1600,1600,80
2012-05-31,1700,1700,1700,1700,480
2012-06-05,1700,1700,1700,1700,300
2012-06-06,1808,1808,1808,1808,600
2012-06-11,1850,1850,1850,1850,700
2012-06-13,1989,1989,1989,1989,200
2012-06-14,2138,2138,2138,2138,300
2012-06-15,2285,2285,2285,2285,2400
2012-06-18,2456,2456,2456,2456,4700
2012-06-19,2300,2300,2300,2300,7200
2012-06-20,2450,2450,2450,2450,4260
2012-06-25,2400,2400,2400,2400,7920
2012-06-26,2400,2400,2400,2400,1120
2012-06-27,2300,2300,2300,2300,3060
2012-06-28,2200,2200,2200,2200,600
2012-06-29,2250,2250,2250,2250,1400
2012-07-03,2250,2250,2250,2250,220
2012-07-05,2275,2275,2275,2275,180
2012-07-10,2071,2071,2071,2071,160
2012-07-11,2070,2070,2070,2070,400
2012-07-19,2050,2050,2050,2050,200
2012-07-20,1915,1915,1915,1915,480
2012-07-24,2050,2050,2050,2050,1260
2012-08-10,2204,2204,2204,2204,280
2012-08-13,2204,2204,2204,2204,480
2012-08-14,2200,2200,2200,2200,400
2012-08-17,2200,2200,2200,2200,4140
2012-08-21,2200,2200,2200,2200,6000
2012-08-22,2200,2200,2200,2200,560
2012-08-23,2200,2200,2200,2200,200
2012-08-27,2200,2200,2200,2200,300
2012-08-28,2200,2200,2200,2200,860
2012-08-29,2225,2225,2225,2225,160
2012-08-30,2225,2225,2225,2225,120
2012-08-31,2250,2250,2250,2250,260
2012-09-03,2200,2200,2200,2200,4160
2012-09-04,2200,2200,2200,2200,140
2012-09-05,2200,2200,2200,2200,1720
2012-09-11,2225,2225,2225,2225,6000
2012-09-12,2225,2225,2225,2225,240
2012-09-14,2225,2225,2225,2225,220
2012-09-17,2225,2225,2225,2225,2800
2012-09-18,2225,2225,2225,2225,400
2012-09-21,2225,2225,2225,2225,460
2012-09-26,2225,2225,2225,2225,60
2012-10-01,2225,2225,2225,2225,380
2012-10-03,2058,2058,2058,2058,1000
2012-10-09,2100,2100,2100,2100,10800
2012-10-11,2100,2100,2100,2100,200
2012-10-12,2100,2100,2100,2100,200
2012-10-15,2100,2100,2100,2100,20
2012-10-16,2100,2100,2100,2100,20
2012-10-18,2100,2100,2100,2100,40
2012-10-19,2100,2100,2100,2100,1320
2012-10-22,2100,2100,2100,2100,1300
2012-10-25,2100,2100,2100,2100,1000
2012-11-06,2250,2250,2250,2250,1200
2012-11-07,2250,2250,2250,2250,800
2012-11-08,2290,2290,2290,2290,860
2012-11-09,2375,2375,2375,2375,1440
2012-11-13,2375,2375,2375,2375,300
2012-11-14,2375,2375,2375,2375,20
2012-11-20,2375,2375,2375,2375,2260
2012-11-26,2400,2400,2400,2400,260
2012-11-28,2400,2400,2400,2400,940
2012-11-30,2400,2400,2400,2400,300
2012-12-03,2400,2400,2400,2400,100
2012-12-13,2400,2400,2400,2400,160
2012-12-14,2425,2425,2425,2425,600
2012-12-20,2350,2350,2350,2350,960
2012-12-21,2350,2350,2350,2350,20
2012-12-28,2400,2400,2400,2400,300
2012-12-31,2500,2500,2500,2500,300
2013-01-07,2500,2500,2500,2500,100
2013-01-09,2400,2400,2400,2400,600
2013-01-10,2500,2500,2500,2500,400
2013-01-14,2500,2500,2500,2500,1380
2013-01-17,2505,2505,2505,2505,260
2013-01-18,2500,2500,2500,2500,420
2013-01-21,2510,2510,2510,2510,6280
2013-01-22,2510,2510,2510,2510,80
2013-01-25,2510,2510,2510,2510,180
2013-01-28,2510,2510,2510,2510,200
2013-01-29,2550,2550,2550,2550,340
2013-01-31,2550,2550,2550,2550,1000
2013-02-05,2688,2688,2688,2688,280
2013-02-07,2750,2750,2750,2750,160
2013-02-11,2750,2750,2750,2750,140
2013-02-14,2750,2750,2750,2750,40
2013-02-19,2956,2956,2956,2956,360
2013-02-21,3178,3178,3178,3178,160
2013-02-22,3400,3400,3400,3400,160
2013-02-26,3400,3400,3400,3400,120
2013-02-28,3400,3400,3400,3400,200
2013-03-01,3425,3425,3425,3425,1260
2013-03-04,3682,3682,3682,3682,240
2013-03-05,3958,3958,3958,3958,4860
2013-03-06,4250,4250,4250,4250,1940
2013-03-07,4569,4569,4569,4569,2940
2013-03-11,4250,4250,4250,4250,2000
2013-03-12,4200,4200,4200,4200,420
2013-03-13,4000,4000,4000,4000,1040
2013-03-14,4000,4000,4000,4000,260
2013-03-15,3950,3950,3950,3950,1120
2013-03-26,3950,3950,3950,3950,260
2013-04-03,3654,3654,3654,3654,180
2013-04-04,3500,3500,3500,3500,1200
2013-04-05,3380,3380,3380,3380,2400
2013-04-10,3135,3135,3135,3135,160
2013-04-11,3130,3130,3130,3130,560
2013-04-12,3130,3130,3130,3130,280
2013-04-15,3130,3130,3130,3130,760
2013-04-17,3175,3175,3175,3175,200
2013-04-18,3175,3175,3175,3175,100
2013-04-23,3175,3175,3175,3175,1000
2013-04-26,3250,3250,3250,3250,160
2013-04-29,3250,3250,3250,3250,760
2013-04-30,3494,3494,3494,3494,12000
2013-05-03,3403,3403,3403,3403,480
2013-05-07,3400,3400,3400,3400,280
2013-05-13,3405,3405,3405,3405,540
2013-05-30,3550,3550,3550,3550,420
2013-05-31,3550,3550,3550,3550,240
2013-06-04,3450,3450,3450,3450,840
2013-06-11,3550,3550,3550,3550,1060
2013-06-12,3550,3550,3550,3550,3440
2013-06-20,3550,3550,3550,3550,160
2013-06-24,3750,3750,3750,3750,440
2013-07-01,3500,3500,3500,3500,280
2013-07-03,3500,3500,3500,3500,100
2013-07-05,3400,3400,3400,3400,360
2013-07-09,3400,3400,3400,3400,300
2013-07-12,3400,3400,3400,3400,300
2013-07-15,3500,3500,3500,3500,180
2013-07-17,3400,3400,3400,3400,180
2013-07-18,3400,3400,3400,3400,1700
2013-07-19,3450,3450,3450,3450,2200
2013-07-24,3500,3500,3500,3500,200
2013-07-25,3500,3500,3500,3500,2080
2013-07-31,3500,3500,3500,3500,1160
2013-08-06,3500,3500,3500,3500,740
2013-08-13,3505,3505,3505,3505,560
2013-08-14,3505,3505,3505,3505,400
2013-08-20,3505,3505,3505,3505,40
2013-08-23,3500,3500,3500,3500,720
2013-08-27,3400,3400,3400,3400,660
2013-08-29,3400,3400,3400,3400,120
2013-09-09,3300,3300,3300,3300,300
2013-09-11,3130,3130,3130,3130,380
2013-09-12,3130,3130,3130,3130,20
2013-09-13,3150,3150,3150,3150,1400
2013-09-16,3150,3150,3150,3150,2200
2013-09-17,3150,3150,3150,3150,40
2013-09-18,3000,3000,3000,3000,60
2013-09-19,3150,3150,3150,3150,340
2013-09-24,3075,3075,3075,3075,40
2013-09-25,3075,3075,3050,3050,4080
2013-09-26,3050,3050,3000,3000,60
2013-09-30,3100,3100,3100,3100,740
2013-10-02,3100,3100,3100,3100,200
2013-10-03,3100,3100,3100,3100,480
2013-10-08,3100,3100,3100,3100,220
2013-10-14,3100,3100,3100,3100,760
2013-10-18,3100,3100,3100,3100,200
2013-10-21,3100,3100,3100,3100,60
2013-10-22,3100,3100,3100,3100,860
2013-10-23,3105,3105,3105,3105,80
2013-10-24,3100,3100,3100,3100,360
2013-10-25,3100,3100,3100,3100,240
2013-10-28,3175,3175,3175,3175,60
2013-11-05,3250,3250,3250,3250,520
2013-11-08,3225,3250,3225,3250,1540
2013-11-13,3300,3300,3250,3250,80
2013-11-18,3250,3250,3250,3250,260
2013-11-20,3275,3275,3275,3275,220
2013-11-21,3275,3275,3275,3275,140
2013-11-25,3275,3275,3275,3275,100
2013-11-27,3400,3400,3276,3276,200
2013-12-02,3400,3400,3400,3400,120
2013-12-04,3350,3350,3350,3350,20
2013-12-05,3400,3400,3400,3400,100
2013-12-10,3350,3350,3350,3350,120
2013-12-11,3350,3601,3350,3601,1080
2013-12-12,3871,3871,3871,3871,400
2013-12-13,4160,4160,3581,3581,1000
2013-12-19,3825,3825,3583,3825,1040
2013-12-23,3825,3825,3825,3825,20
2013-12-26,3750,3800,3750,3800,2340
2013-12-30,4075,4075,4075,4075,400
2013-12-31,4075,4375,4075,4375,500
2014-01-06,4250,4475,4250,4475,380
2014-01-07,4500,4500,4500,4500,200
2014-01-08,4703,4703,4703,4703,80
2014-01-09,4700,4700,4700,4700,1160
2014-01-21,4348,4348,4348,4348,20
2014-01-22,4250,4250,4250,4250,900
2014-01-23,4250,4250,4250,4250,60
2014-01-27,3935,3935,3935,3935,420
2014-01-30,4150,4150,4150,4150,160
2014-02-14,4125,4150,4125,4150,300
2014-02-17,4150,4150,4150,4150,280
2014-02-20,4100,4100,4000,4000,120
2014-02-24,3840,3840,3840,3840,20
2014-02-25,3840,3840,3840,3840,280
2014-02-26,3840,3840,3840,3840,240
2014-02-28,3840,3840,3840,3840,820
2014-03-05,3840,3840,3840,3840,400
2014-03-06,3825,3825,3825,3825,220
2014-03-07,3800,3800,3800,3800,20
2014-03-10,3800,3800,3800,3800,20
2014-03-11,3750,3750,3750,3750,60
2014-03-12,3700,3700,3700,3700,40
2014-03-14,3700,3700,3700,3700,6040
2014-03-17,3750,3750,3700,3700,100
2014-03-24,3750,3750,3750,3750,120
2014-03-27,3800,3800,3800,3800,200
2014-03-28,3800,3800,3800,3800,100
2014-04-02,3900,3900,3900,3900,5060
2014-04-04,3925,3925,3925,3925,40
2014-04-08,3750,3750,3750,3750,380
2014-04-09,3750,3750,3750,3750,400
2014-04-14,3950,3950,3950,3950,40
2014-04-15,3750,3750,3750,3750,20
2014-04-16,3750,3750,3750,3750,100
2014-04-17,3750,3750,3750,3750,1460
2014-04-28,3510,3510,3510,3510,60
2014-04-29,3510,3510,3510,3510,200
2014-05-05,3500,3500,3500,3500,340
2014-05-06,3450,3450,3350,3350,340
2014-05-07,3283,3283,3200,3200,3840
2014-05-08,3250,3250,3250,3250,260
2014-05-12,3200,3250,3200,3250,240
2014-05-14,3255,3255,3250,3250,60
2014-05-16,3250,3250,3250,3250,100
2014-05-20,3260,3260,3250,3250,500
2014-05-21,3313,3313,3313,3313,80
2014-05-22,3300,3300,3300,3300,540
2014-05-27,3325,3325,3325,3325,20
2014-06-02,3350,3350,3350,3350,700
2014-06-03,3602,3602,3602,3602,40
2014-06-04,3863,3863,3863,3863,2440
2014-06-05,4100,4150,4088,4150,480
2014-06-06,4150,4450,4150,4450,620
2014-06-10,4450,4450,4450,4450,400
2014-06-11,4350,4350,4325,4325,800
2014-06-13,4050,4050,4050,4050,160
2014-06-16,4350,4350,4350,4350,200
2014-06-17,4350,4350,4350,4350,840
2014-06-18,4350,4350,4350,4350,20
2014-06-19,4350,4350,4200,4200,720
2014-06-23,4350,4350,4350,4350,100
2014-06-24,4350,4350,4200,4200,440
2014-06-25,3927,3927,3927,3927,420
2014-06-26,3750,3750,3750,3750,14240
2014-06-27,3750,3750,3750,3750,320
2014-07-02,3498,3498,3498,3498,20
2014-07-07,3760,3760,3760,3760,180
2014-07-08,4042,4042,3500,3500,1020
2014-07-09,3500,3500,3500,3500,300
2014-07-11,3500,3500,3500,3500,140
2014-07-17,3550,3550,3501,3501,1440
2014-07-21,3763,3763,3750,3750,220
2014-07-29,3505,3505,3500,3500,240
2014-08-04,3501,3501,3500,3500,400
2014-08-13,3763,3763,3763,3763,40
2014-08-18,3750,3750,3750,3750,60
2014-08-20,3750,3750,3750,3750,320
2014-09-01,3775,3800,3775,3800,160
2014-09-02,3775,3775,3775,3775,60
2014-09-03,3775,3775,3775,3775,60
2014-09-04,3775,3775,3775,3775,120
2014-09-05,3775,3776,3775,3775,160
2014-09-11,3800,3800,3780,3780,700
2014-09-12,3780,3780,3780,3780,40
2014-09-16,4050,4050,4050,4050,400
2014-09-17,4050,4050,4050,4050,1000
2014-09-18,3875,3875,3875,3875,400
2014-09-19,3851,3851,3851,3851,20
2014-09-23,3900,3900,3900,3900,100
2014-09-24,4025,4025,4025,4025,160
2014-09-29,4000,4000,4000,4000,20
2014-09-30,4000,4000,4000,4000,40
2014-10-09,4000,4000,4000,4000,3640
2014-10-10,4000,4000,4000,4000,40
2014-10-13,4000,4000,4000,4000,640
2014-10-16,4000,4000,3950,3950,80
2014-10-17,4000,4000,3950,3950,4380
2014-10-20,3950,3950,3950,3950,9260
2014-10-21,3945,3950,3945,3950,200
2014-10-22,3900,3900,3900,3900,440
2014-10-23,3875,3875,3875,3875,120
2014-10-24,3835,3835,3750,3750,420
2014-10-29,3585,3585,3585,3585,20
2014-10-30,3600,3600,3550,3550,2380
2014-11-03,3618,3620,3618,3620,4020
2014-11-04,3600,3600,3600,3600,100
2014-11-05,3650,3650,3650,3650,160
2014-11-06,3650,3650,3650,3650,60
2014-11-10,3650,3650,3650,3650,80
2014-11-11,3650,3650,3600,3600,1000
2014-11-12,3600,3600,3600,3600,260
2014-11-18,3655,3655,3650,3650,200
2014-11-19,3650,3650,3650,3650,20
2014-11-20,3720,3720,3720,3720,720
2014-11-28,3700,3700,3700,3700,240
2014-12-08,3978,3978,3978,3978,260
2014-12-09,3978,3978,3978,3978,1560
2014-12-11,4000,4000,4000,4000,40
2014-12-15,3900,3900,3900,3900,60
2014-12-17,3701,4000,3701,4000,1320
2014-12-22,3950,3950,3920,3920,460
2014-12-23,3705,3705,3705,3705,1140
2014-12-26,3710,3710,3710,3710,40
2015-01-06,3775,3775,3725,3725,1180
2015-01-15,3900,3900,3900,3900,400
2015-01-19,3825,3825,3825,3825,300
2015-01-21,3825,3825,3825,3825,1000
2015-01-22,3825,3825,3825,3825,240
2015-01-23,3850,3850,3825,3825,400
2015-01-29,3826,3826,3826,3826,40
2015-01-30,3850,4000,3850,4000,1160
2015-02-03,4000,4000,4000,4000,100
2015-02-04,4000,4000,4000,4000,40
2015-02-11,4000,4000,4000,4000,60
2015-02-13,3876,3876,3876,3876,940
2015-02-16,3877,3877,3877,3877,1440
2015-02-23,3878,3880,3878,3880,320
2015-02-24,3880,3880,3878,3878,5180
2015-02-25,4000,4000,4000,4000,120
2015-02-26,4000,4000,4000,4000,100
2015-03-02,4300,4300,4300,4300,200
2015-03-05,4250,4300,4250,4300,100
2015-03-12,4300,4300,4300,4300,100
2015-03-13,4300,4300,4225,4225,4500
2015-03-16,4000,4000,4000,4000,2000
2015-03-17,4000,4000,4000,4000,400
2015-03-18,4000,4000,4000,4000,4060
2015-03-20,3975,4000,3975,4000,120
2015-03-23,3995,3995,3995,3995,780
2015-03-24,3900,3900,3900,3900,340
2015-03-25,3900,3900,3900,3900,7520
2015-03-26,3900,3900,3900,3900,100
2015-03-27,3900,3900,3900,3900,160
2015-03-30,3850,3900,3850,3900,1980
2015-03-31,3850,3850,3850,3850,40
2015-04-01,3850,3850,3850,3850,8300
2015-04-02,3800,3800,3800,3800,20
2015-04-03,3900,3900,3900,3900,120
2015-04-07,3900,3900,3900,3900,40
2015-04-09,3900,3900,3900,3900,2600
2015-04-14,3900,3900,3900,3900,360
2015-04-17,4000,4000,4000,4000,60
2015-04-23,4000,4000,4000,4000,20
2015-04-27,3900,3900,3900,3900,600
2015-04-29,4000,4000,3950,3950,1520
2015-04-30,3950,3950,3950,3950,160
2015-05-05,4150,4150,3950,3950,400
2015-05-08,3953,3953,3953,3953,20
2015-05-12,4000,4150,4000,4150,120
2015-05-13,4150,4150,4150,4150,120
2015-05-18,4150,4150,4150,4150,700
2015-05-22,4175,4461,4175,4461,340
2015-05-26,4796,4796,4796,4796,540
2015-05-27,4825,4825,4800,4800,2000
2015-05-29,4805,4805,4805,4805,220
2015-06-01,4805,4805,4805,4805,260
2015-06-02,4811,4811,4811,4811,1200
2015-06-03,4900,4900,4900,4900,80
2015-06-08,4901,4901,4901,4901,1400
2015-06-11,4925,4925,4925,4925,40
2015-06-15,5000,5000,5000,5000,40
2015-06-16,5000,5000,5000,5000,120
2015-06-17,5000,5000,5000,5000,300
2015-06-18,5000,5000,5000,5000,340
2015-06-22,5000,5000,5000,5000,40
2015-06-23,5005,5005,5005,5005,60
2015-06-30,5000,5000,5000,5000,20
2015-07-01,5000,5000,5000,5000,220
2015-07-02,5000,5000,5000,5000,80
2015-07-06,5140,5140,5140,5140,3260
2015-07-07,5250,5250,5250,5250,3100
2015-07-08,5250,5250,5250,5250,200
2015-07-09,5025,5025,5025,5025,600
2015-07-10,5025,5025,4925,4925,1520
2015-07-16,4925,4925,4890,4890,260
2015-07-23,4890,4890,4890,4890,80
2015-07-27,4890,4900,4890,4900,2440
2015-07-30,4910,4910,4910,4910,7760
2015-07-31,4910,4910,4910,4910,240
2015-08-06,4915,4915,4915,4915,180
2015-08-10,4950,4950,4950,4950,4000
2015-08-11,4950,4950,4950,4950,180
2015-08-12,4950,4950,4950,4950,920
2015-08-17,5025,5025,5025,5025,140
2015-08-18,5050,5250,5050,5250,1040
2015-08-19,5100,5500,5100,5500,1220
2015-08-21,5500,5500,5500,5500,400
2015-08-24,5500,5913,5500,5913,740
2015-08-26,5913,5913,5913,5913,340
2015-08-27,5913,6000,5913,6000,4640
2015-08-31,6000,6000,6000,6000,700
2015-09-03,6000,6000,6000,6000,3560
2015-09-04,6025,6250,6025,6250,2300
2015-09-07,6175,6250,6175,6250,1540
2015-09-08,6250,6250,6250,6250,220
2015-09-09,6251,6251,6250,6250,2660
2015-09-10,6251,6251,6251,6251,1020
2015-09-14,6250,6250,6250,6250,2400
2015-09-15,6250,6250,6000,6000,5720
2015-09-16,6000,6251,6000,6251,2880
2015-09-21,6000,6000,6000,6000,20
2015-09-22,6000,6000,6000,6000,200
2015-09-23,5950,5950,5950,5950,120
2015-09-29,5950,5950,5625,5625,400
2015-09-30,5625,5625,5625,5625,1720
2015-10-05,5725,5750,5625,5625,2200
2015-10-06,5625,5625,5625,5625,100
2015-10-07,6000,6000,6000,6000,80
2015-10-09,6000,6000,6000,6000,120
2015-10-15,6000,6000,6000,6000,40
2015-10-16,6000,6000,6000,6000,2240
2015-10-21,6050,6050,6000,6050,1420
2015-10-22,6050,6050,6050,6050,260
2015-10-23,6005,6005,6005,6005,11000
2015-10-26,6050,6050,6050,6050,20000
2015-10-27,6100,6250,6100,6250,400
2015-10-28,6255,6255,6250,6250,2160
2015-10-29,6500,6500,6500,6500,200
2015-10-30,6250,6250,6250,6250,20
2015-11-02,6400,6400,6400,6400,400
2015-11-03,6400,6400,6400,6400,160
2015-11-04,6550,6550,6550,6550,100
2015-11-05,6550,6550,6550,6550,540
2015-11-09,6500,6550,6500,6550,3720
2015-11-10,6800,6800,6800,6800,740
2015-11-12,6800,6800,6800,6800,100
2015-11-13,6800,6800,6800,6800,20
2015-11-16,7000,7000,7000,7000,300
2015-11-17,7075,7075,7075,7075,4000
2015-11-20,7050,7075,7050,7075,35200
2015-11-23,7500,7600,7500,7600,1300
2015-11-24,7600,8170,7600,8170,3380
2015-11-26,8250,8250,8250,8250,10020
2015-11-27,8250,8500,8250,8500,1180
2015-11-30,8500,8500,8500,8500,40
2015-12-01,8500,8500,8500,8500,220
2015-12-02,8500,8500,8500,8500,20
2015-12-03,8625,8625,8625,8625,2700
2015-12-04,8350,8650,8350,8650,900
2015-12-07,8650,8650,8650,8650,100
2015-12-08,8650,8650,8650,8650,260
2015-12-09,8675,9000,8675,9000,800
2015-12-10,9000,9000,9000,9000,200
2015-12-11,9000,9000,9000,9000,40
2015-12-14,9000,9000,8900,9000,1520
2015-12-15,9000,9000,8900,8900,440
2015-12-16,8900,8900,8900,8900,640
2015-12-17,8900,8900,8900,8900,240
2015-12-18,8900,8900,8900,8900,800
2015-12-21,8900,8950,8900,8950,700
2015-12-23,8750,8750,8750,8750,160
2015-12-29,8900,8900,8900,8900,300
2015-12-30,8995,8995,8995,8995,20
2016-01-06,8950,9000,8900,9000,24000
2016-01-07,8950,8955,8950,8955,160
2016-01-08,8955,9000,8955,9000,840
2016-01-12,8750,8750,8750,8750,80
2016-01-13,8350,8350,8350,8350,580
2016-01-14,8950,8950,8950,8950,180
2016-01-18,8950,8950,8950,8950,60
2016-01-20,8900,8900,8900,8900,20
2016-01-25,8900,9500,8900,9500,1700
2016-01-26,9450,9650,9450,9650,1240
2016-02-01,9500,9500,9500,9500,1720
2016-02-02,9650,9650,9500,9500,1480
2016-02-04,9650,9650,9500,9500,4920
2016-02-05,9500,9500,9500,9500,10000
2016-02-08,9500,9500,9500,9500,1580
2016-02-09,9500,9500,9500,9500,60
2016-02-11,9650,9650,9650,9650,6040
2016-02-12,9500,9500,9500,9500,220
2016-02-16,9500,9500,9500,9500,3720
2016-02-18,9495,9500,9495,9500,220
2016-02-22,9200,9225,9150,9225,5180
2016-02-23,9225,9225,8950,8950,160
2016-02-24,9000,9150,8280,9150,2080
2016-02-26,9150,9150,9150,9150,100
2016-02-29,9100,9250,9100,9250,1520
2016-03-03,9500,9500,9500,9500,60
2016-03-04,9500,9500,9500,9500,2000
2016-03-07,9500,9500,9500,9500,1680
2016-03-11,9500,9500,9500,9500,20
2016-03-14,9650,9650,9650,9650,4880
2016-03-16,10000,10000,9500,9500,340
2016-03-17,9500,9500,9500,9500,220
2016-03-21,9450,9500,9450,9500,540
2016-03-24,10200,10200,10200,10200,40
2016-03-29,10000,10375,10000,10250,25720
2016-03-30,10250,10250,10250,10250,80
2016-03-31,9625,9625,9625,9625,4000
2016-04-01,9700,9700,9700,9700,4000
2016-04-04,9700,9700,9700,9700,20
2016-04-05,9700,9700,9700,9700,120
2016-04-07,9000,10000,9000,10000,400
2016-04-08,10000,10000,10000,10000,860
2016-04-11,9800,9800,9550,9550,460
2016-04-13,9550,9550,9550,9550,200
2016-04-14,9550,9550,9550,9550,2100
2016-04-20,9950,9950,9950,9950,60
2016-04-21,9650,9663,9650,9663,80
2016-04-22,9663,9950,9663,9950,2520
2016-04-26,9950,9950,9950,9950,200
2016-04-28,9650,9650,9650,9650,60
2016-05-03,9750,9750,9650,9750,1400
2016-05-04,9750,10000,9750,10000,240
2016-05-06,9750,9850,9750,9751,1040
2016-05-09,9751,10250,9751,10250,160
2016-05-10,10150,11019,10150,11019,2060
2016-05-11,10255,10255,10255,10255,40
2016-05-13,10300,10300,10300,10300,500
2016-05-18,10500,10500,10500,10500,40
2016-05-23,11010,11015,10575,10610,12440
2016-05-24,11406,11406,11406,11406,20
2016-05-25,10605,10605,10605,10605,220
2016-05-26,10650,10700,10650,10700,8100
2016-05-27,10751,10751,10750,10750,11920
2016-05-30,10750,10750,10650,10650,1780
2016-05-31,10500,10500,10500,10500,60
2016-06-02,10300,10300,10300,10300,360
2016-06-03,10000,10000,9750,9750,120
2016-06-06,9750,9750,9750,9750,40
2016-06-07,9750,9750,9750,9750,20
2016-06-08,10000,10000,9800,9800,80
2016-06-09,9805,9805,9800,9800,60
2016-06-10,9800,9800,9800,9800,20
2016-06-13,9800,9800,9604,9604,220
2016-06-15,9625,9625,9500,9500,580
2016-06-16,9600,9604,9500,9604,260
2016-06-20,9625,9625,9600,9625,360
2016-06-21,9625,9625,9625,9625,1020
2016-06-23,9625,9625,9625,9625,120
2016-06-24,9650,9650,9650,9650,20
2016-06-27,9650,9650,9650,9650,80
2016-06-28,9750,9750,9750,9750,180
2016-06-30,9650,9650,9650,9650,20
2016-07-01,9603,9603,9601,9601,200
2016-07-04,9601,9750,9601,9750,560
2016-07-08,9300,9300,9300,9300,180
2016-07-11,9150,9150,9000,9000,120
2016-07-12,9000,9000,9000,9000,120
2016-07-13,9000,9000,9000,9000,340
2016-07-15,8500,8500,8500,8500,20
2016-07-18,8330,8330,8330,8330,1100
2016-07-19,8325,8325,8325,8325,600
2016-07-20,8330,8330,8250,8300,320
2016-07-21,8300,8300,8300,8300,20
2016-07-22,7678,7678,7678,7678,100
2016-07-25,7680,7680,7680,7680,5600
2016-07-26,7680,7750,7680,7750,4640
2016-07-27,7750,7750,7750,7750,1000
2016-08-02,8100,8100,8100,8100,20
2016-08-03,8100,8100,8050,8050,100
2016-08-04,8150,8151,8150,8151,440
2016-08-05,8151,8151,8100,8100,400
2016-08-09,8150,8150,8150,8150,40
2016-08-10,8150,8150,8150,8150,200
2016-08-11,8150,8761,8150,8761,2040
2016-08-16,8200,8200,8200,8200,40
2016-08-18,8200,8201,8200,8201,2660
2016-08-19,8150,8761,8150,8761,140
2016-08-23,8500,8500,8500,8500,40
2016-08-24,8500,8500,8500,8500,320
2016-08-25,8500,8500,8500,8500,60
2016-08-26,8500,8500,8200,8500,180
2016-08-29,8500,8500,8500,8500,620
2016-08-30,8500,8500,8150,8200,1720
2016-08-31,8200,8200,8200,8200,240
2016-09-01,8225,8225,8225,8225,100
2016-09-02,8500,8500,8500,8500,120
2016-09-05,8250,8250,8125,8125,700
2016-09-07,8250,8250,8250,8250,120
2016-09-08,8250,8500,8250,8500,540
2016-09-13,8300,8300,8300,8300,100
2016-09-14,8325,8325,8325,8325,100
2016-09-20,8375,8375,7750,7750,41880
2016-09-21,7800,7800,7800,7800,40
2016-09-22,7750,7750,7750,7750,19120
2016-09-23,8331,8331,7802,7802,120
2016-09-26,7801,7801,7801,7801,120
2016-09-27,7850,7850,7808,7808,140
2016-09-28,8000,8000,7855,8000,1800
2016-09-29,8000,8000,8000,8000,100
2016-09-30,7750,7750,7750,7750,200
2016-10-05,8000,8000,7755,7755,1600
2016-10-06,7800,7800,7750,7755,880
2016-10-07,7800,7800,7800,7800,280
2016-10-10,7850,7850,7850,7850,260
2016-10-11,7900,7900,7900,7900,100
2016-10-12,7900,7900,7900,7900,200
2016-10-13,7900,7900,7900,7900,200
2016-10-14,7800,7900,7800,7900,120
2016-10-18,7800,7900,7800,7900,160
2016-10-19,7800,7900,7750,7750,5320
2016-10-20,7675,7675,7675,7675,760
2016-10-21,7650,8000,7650,8000,1580
2016-10-24,8000,8000,8000,8000,80
2016-10-25,8000,8000,8000,8000,160
2016-10-26,8250,8250,8250,8250,20
2016-10-27,8250,8250,8250,8250,80
2016-10-28,8200,8200,8200,8200,20
2016-11-14,7995,8000,7995,8000,240
2016-11-16,7500,7550,7500,7500,60
2016-11-17,7500,8000,7500,8000,900
2016-11-18,8000,8250,8000,8250,240
2016-11-22,8250,8250,8250,8250,500
2016-11-25,8225,8750,8225,8750,260
2016-11-28,8750,8750,8750,8750,60
2016-11-29,8750,9000,8750,9000,940
2016-12-08,8325,8743,8325,8743,120
2016-12-22,8087,8700,8087,8700,4580
2017-01-16,8400,8400,8400,8400,20
2017-01-31,7825,7825,7825,7825,20
2017-02-01,7825,7825,7240,7700,520
2017-02-02,7125,7700,7125,7700,60
2017-02-08,7125,7500,7125,7500,620
2017-02-09,7500,7500,7500,7500,120
2017-02-13,7128,7500,7128,7500,240
2017-02-14,7125,7500,7125,7500,240
2017-02-15,7500,7500,7500,7500,20
2017-02-21,7500,7500,7500,7500,5000
2017-02-22,7493,7500,7493,7500,500
2017-02-23,7500,7500,7500,7500,200
2017-02-24,7475,7475,7350,7350,120
2017-03-01,6799,7325,6799,7325,320
2017-03-03,6778,7323,6778,7323,180
2017-03-06,7323,7323,7323,7323,40
2017-03-17,6774,7250,6774,7250,1400
2017-03-22,6925,7200,6750,7200,1140
2017-03-24,6660,7200,6660,7200,400
2017-04-12,6660,6660,6660,6660,660
2017-04-13,6603,6700,6400,6700,680
2017-04-14,6400,6700,6400,6700,240
2017-04-25,6500,6700,6500,6700,300
2017-05-03,6450,6450,6450,6450,100
2017-05-04,6305,6305,6305,6305,100
2017-05-05,6350,6350,6300,6300,180
2017-05-08,6300,6300,6113,6113,480
2017-05-09,6113,6300,6113,6300,180
2017-05-11,5930,6495,5930,6495,200
2017-05-12,6008,6600,6008,6600,240
2017-05-17,6105,6105,6105,6105,200
2017-05-24,5647,5647,5647,5647,200
2017-05-26,5647,5647,5647,5647,60
2017-06-02,5500,5500,5500,5500,100
2017-06-07,5250,5250,5250,5250,20
2017-06-08,5250,5250,5250,5250,40
2017-06-09,5088,5500,5000,5500,5260
2017-06-21,5450,5450,5450,5450,20
2017-06-27,5041,5041,5041,5041,40
2017-06-28,5041,5041,5041,5041,20
2017-06-29,5041,5300,5041,5300,160
2017-06-30,5250,5400,5250,5400,180
2017-07-12,5237,5237,5237,5237,20
2017-07-14,5237,5237,5237,5237,20
2017-07-17,4850,5237,4850,5237,140
2017-07-18,5237,5238,5237,5238,220
2017-07-21,5133,5133,5133,5133,220
2017-07-24,5000,5200,5000,5200,180
2017-07-25,5200,5200,5200,5200,120
2017-07-27,5200,5500,5200,5500,49
2017-07-28,5900,5900,5700,5700,34
2017-07-31,5500,6000,5500,6000,131
2017-08-01,5995,6000,5800,5800,666
2017-08-02,5800,5800,5700,5700,261
2017-08-03,5700,5800,5600,5800,576
2017-08-04,5795,5800,5795,5800,402
2017-08-08,5800,5800,5500,5800,394
2017-08-09,5550,5800,5365,5800,319
2017-08-10,5800,5800,5600,5600,467
2017-08-11,5700,5700,5200,5695,355
2017-08-14,5695,5695,5595,5595,218
2017-08-16,5595,5600,5400,5400,455
2017-08-17,5500,5500,5500,5500,210
2017-08-18,5300,5400,5300,5400,202
2017-08-21,5300,5300,5300,5300,219
2017-08-22,5300,5300,5295,5295,201
2017-08-23,5300,5300,5295,5295,205
2017-08-24,5280,5290,4900,5200,351
2017-08-25,5200,5200,5200,5200,51
2017-08-28,5295,5295,5000,5000,177
2017-08-29,5100,5100,5100,5100,15
2017-08-30,5000,5000,4900,5000,176
2017-08-31,4625,5000,4625,5000,215
2017-09-04,5000,5000,5000,5000,97
2017-09-05,5000,5000,5000,5000,15
2017-09-06,5000,5050,5000,5000,171
2017-09-07,4995,4995,4625,4625,145
2017-09-08,4700,4700,4500,4500,1077
2017-09-11,4800,4800,4350,4800,95
2017-09-12,4800,4800,4795,4795,72
2017-09-13,4800,4800,4500,4800,140
2017-09-14,4800,4835,4500,4835,265
2017-09-15,4510,4510,4510,4510,29
2017-09-18,4510,4510,4510,4510,40
2017-09-19,4500,4500,4175,4175,41
2017-09-20,4485,4485,3865,4170,93
2017-09-21,4170,4480,4170,4480,49
2017-09-22,4480,4480,4170,4170,54
2017-09-25,4200,4200,3870,3870,149
2017-09-26,4160,4160,4160,4160,7
2017-09-27,4200,4200,4160,4160,127
2017-09-28,4000,4000,3995,3995,22
2017-09-29,4000,4160,4000,4160,67
2017-10-02,4160,4160,3850,3850,62
2017-10-03,3850,3855,3850,3850,135
2017-10-04,4130,4130,4000,4000,18
2017-10-05,4130,4130,4000,4000,75
2017-10-06,4000,4000,3700,3700,162
2017-10-09,3770,3975,3770,3975,1071
2017-10-10,3975,3975,3680,3680,270
2017-10-11,3650,3950,3500,3500,454
2017-10-12,3500,3750,3240,3750,193
2017-10-13,3950,3950,3950,3950,14
2017-10-16,3950,3950,3800,3800,42
2017-10-17,3755,3800,3750,3750,187
2017-10-18,3750,3750,3750,3750,40
2017-10-19,3735,3735,3735,3735,81
2017-10-20,3700,3700,3500,3500,104
2017-10-23,3735,3735,3700,3700,25
2017-10-25,3700,3700,3700,3700,9
2017-10-26,3700,3700,3700,3700,14
2017-10-27,3500,3700,3500,3700,141
2017-10-30,3700,3700,3700,3700,2
2017-10-31,3695,3695,3425,3695,66
2017-11-02,3690,3690,3680,3680,37
2017-11-03,3680,3680,3680,3680,5
2017-11-06,3500,3650,3500,3650,32
2017-11-07,3645,3650,3380,3380,108
2017-11-08,3240,3240,3235,3240,55
2017-11-09,3240,3395,3240,3395,133
2017-11-10,3145,3145,3145,3145,36
2017-11-13,3145,3145,3105,3120,375
2017-11-16,3120,3120,3120,3120,40
2017-11-17,3000,3100,2890,3100,366
2017-11-20,3095,3100,2995,2995,206
2017-11-21,3000,3000,2775,2775,99
2017-11-22,2570,2700,2570,2570,1632
2017-11-23,2500,2700,2500,2700,223
2017-11-24,2700,2850,2500,2850,1286
2017-11-27,3000,3000,3000,3000,5
2017-11-28,2900,2900,2850,2850,211
2017-11-29,2850,2900,2800,2900,270
2017-11-30,2900,3000,2800,3000,310
2017-12-04,2900,2900,2775,2775,11
2017-12-05,2900,2900,2900,2900,100
2017-12-06,2900,2900,2900,2900,14
2017-12-07,2900,2900,2900,2900,80
2017-12-08,2900,2900,2900,2900,138
2017-12-11,2700,2700,2700,2700,60
2017-12-12,2700,2700,2500,2700,1376
2017-12-13,2700,2700,2700,2700,45
2017-12-14,2800,2800,2800,2800,10
2017-12-15,2700,2900,2600,2900,1939
2017-12-19,2800,2800,2700,2800,641
2017-12-20,2900,2900,2800,2800,60
2017-12-21,2800,2800,2700,2800,20739
2017-12-22,2800,2800,2700,2800,1010
2017-12-26,2800,2900,2590,2900,631
2017-12-27,2900,3000,2900,3000,771
2017-12-28,2950,3120,2800,3120,1421
2017-12-29,3095,3100,3095,3100,20
2018-01-02,3000,3000,2995,2995,90
2018-01-03,2800,2800,2795,2795,555
2018-01-04,2700,2700,2590,2590,1013
2018-01-05,2590,2590,2400,2585,509
2018-01-08,2580,2580,2500,2500,322
2018-01-09,2500,2500,2400,2400,427
2018-01-10,2400,2500,2400,2500,60
2018-01-11,2500,2500,2500,2500,40
2018-01-12,2500,2500,2495,2495,195
2018-01-15,2410,2495,2310,2495,303
2018-01-16,2400,2400,2400,2400,189
2018-01-17,2400,2400,2400,2400,130
2018-01-18,2400,2425,2400,2425,568
2018-01-19,2500,2500,2425,2425,190
2018-01-22,2500,2500,2425,2450,681
2018-01-23,2450,2500,2450,2500,730
2018-01-24,2495,2495,2315,2315,1341
2018-01-25,2320,2485,2145,2145,1147
2018-01-26,2305,2305,2305,2305,1076
2018-01-29,2305,2305,2300,2300,50
2018-01-30,2305,2305,2150,2150,490
2018-01-31,2300,2305,2200,2305,665
2018-02-01,2150,2305,2150,2305,23
2018-02-02,2305,2305,2300,2300,265
2018-02-05,2300,2300,2150,2300,401
2018-02-06,2295,2295,2295,2295,69
2018-02-07,2295,2300,2150,2300,546
2018-02-08,2300,2300,2300,2300,55
2018-02-09,2300,2300,2150,2300,1859
2018-02-12,2300,2400,2300,2400,23270
2018-02-13,2495,2500,2495,2500,2080
2018-02-14,2400,2495,2350,2400,4901
2018-02-15,2350,2350,2315,2315,388
2018-02-16,2350,2450,2350,2450,310
2018-02-19,2400,2600,2400,2600,9125
2018-02-20,2450,2700,2450,2700,2061
2018-02-21,2700,2750,2700,2750,1560
2018-02-22,2750,2750,2750,2750,579
2018-02-23,2750,2850,2750,2850,103
2018-02-26,2895,3050,2895,3000,9996
2018-02-27,3000,3000,3000,3000,208
2018-02-28,3200,3200,3000,3100,609
2018-03-01,3200,3200,3150,3150,157
2018-03-02,3150,3200,3150,3200,706
2018-03-05,3200,3200,3140,3140,671
2018-03-06,3140,3140,3100,3100,285
2018-03-07,3100,3100,3000,3000,875
2018-03-08,3000,3000,3000,3000,126
2018-03-09,3000,3000,3000,3000,210
2018-03-12,3000,3000,2900,3000,361
2018-03-13,3000,3000,3000,3000,100
2018-03-14,3000,3000,2950,3000,115
2018-03-15,2900,3000,2800,3000,4164
2018-03-16,2875,2900,2795,2800,6660
2018-03-19,3000,3000,3000,3000,69
2018-03-20,3000,3050,2945,2950,119
2018-03-21,2950,2950,2900,2950,125
2018-03-22,2900,2950,2850,2950,5246
2018-03-23,3000,3000,2950,3000,674
2018-03-26,3000,3000,3000,3000,300
2018-03-27,2850,3000,2805,2950,20096
2018-03-28,2950,3000,2950,3000,400
2018-03-29,2950,2950,2900,2900,333
2018-03-30,2900,2900,2850,2900,606
2018-04-03,2900,3000,2850,2850,188
2018-04-04,3000,3050,3000,3000,1826
2018-04-05,3000,3050,3000,3050,115
2018-04-06,3050,3050,3050,3050,117
2018-04-09,3000,3275,3000,3275,188
2018-04-10,3150,3150,3150,3150,20
2018-04-11,3150,3210,3150,3210,593
2018-04-12,3200,3200,3200,3200,270
2018-04-13,3200,3200,3200,3200,2977
2018-04-16,3200,3275,3200,3200,58
2018-04-17,3030,3200,3000,3200,450
2018-04-18,3200,3250,3200,3225,973
2018-04-19,3225,3225,3225,3225,3672
2018-04-23,3225,3225,3225,3225,11
2018-04-24,3225,3225,3200,3200,613
2018-04-25,3250,3250,3200,3200,1220
2018-04-26,3200,3250,3200,3250,265
2018-04-27,3250,3250,3250,3250,313
2018-04-30,3200,3200,3200,3200,2590
2018-05-02,3250,3250,3200,3200,63
2018-05-03,3200,3250,3200,3250,100
2018-05-04,3200,3200,3200,3200,12
2018-05-07,3030,3030,3030,3030,20
2018-05-08,3000,3000,2950,3000,352
2018-05-09,2990,3000,2990,3000,430
2018-05-11,2805,3000,2805,2805,260
2018-05-14,2700,3000,2700,3000,145
2018-05-15,2995,3000,2995,2995,380
2018-05-16,2995,2995,2800,2800,52
2018-05-17,2800,2995,2800,2800,576
2018-05-18,2800,2800,2800,2800,296
2018-05-22,2800,2800,2800,2800,55
2018-05-23,2800,2800,2800,2800,1002
2018-05-24,2800,2800,2700,2795,81
2018-05-28,2590,2590,2590,2590,365
2018-05-29,2400,2590,2400,2500,341
2018-05-30,2550,2550,2550,2550,4
2018-05-31,2545,2545,2545,2545,7
2018-06-01,2500,2500,2500,2500,11
2018-06-04,2540,2540,2530,2530,16
2018-06-05,2530,2540,2350,2540,232
2018-06-06,2350,2350,2350,2350,23800
2018-06-07,2495,2495,2300,2300,200
2018-06-08,2200,2450,2200,2450,163
2018-06-12,2450,2450,2430,2430,173
2018-06-13,2485,2485,2250,2400,590
2018-06-15,2450,2450,2450,2450,2
2018-06-18,2450,2450,2300,2300,1927
2018-06-19,2245,2345,2245,2340,610
2018-06-20,2330,2340,2330,2340,130
2018-06-21,2340,2340,2200,2200,218
2018-06-22,2300,2300,2300,2300,1050
2018-06-25,2300,2300,2300,2300,850
2018-06-26,2300,2300,2270,2300,334
2018-06-27,2400,2400,2400,2400,6
2018-06-28,2380,2380,2380,2380,1
2018-06-29,2315,2400,2315,2400,140
2018-07-02,2400,2495,2400,2495,123
2018-07-03,2500,2530,2500,2530,232
2018-07-04,2540,2540,2540,2540,346
2018-07-05,2540,2540,2540,2540,142
2018-07-06,2540,2575,2540,2575,2640
2018-07-09,2580,2600,2580,2600,121
2018-07-10,2600,2700,2600,2700,29
2018-07-11,2680,2680,2500,2580,113
2018-07-12,2500,2500,2500,2500,100
2018-07-16,2405,2405,2405,2405,10
2018-07-17,2405,2405,2400,2400,638
2018-07-18,2400,2400,2300,2400,275
2018-07-19,2300,2500,2300,2500,160
2018-07-20,2350,2350,2320,2320,483
2018-07-23,2400,2400,2400,2400,10
2018-07-24,2500,2500,2500,2500,62
2018-07-25,2600,2600,2600,2600,19
2018-07-26,2550,2550,2550,2550,20
2018-07-27,2505,2505,2410,2450,3056
2018-07-30,2450,2500,2450,2450,503
2018-07-31,2450,2550,2450,2550,37
2018-08-01,2700,2700,2500,2700,141
2018-08-02,2705,2705,2550,2560,7015
2018-08-03,2500,2560,2500,2550,1070
2018-08-08,2560,2560,2405,2405,317
2018-08-09,2400,2560,2400,2560,515
2018-08-10,2560,2560,2560,2560,1550
2018-08-13,2600,2600,2600,2600,25
2018-08-14,2615,2615,2610,2610,682
2018-08-16,2605,2605,2560,2600,693
2018-08-17,2600,2600,2550,2600,713
2018-08-20,2550,2550,2550,2550,484
2018-08-23,2550,2550,2550,2550,43
2018-08-27,2450,2500,2405,2500,23
2018-08-28,2495,2495,2495,2495,50
2018-08-31,2450,2450,2400,2400,63
2018-09-04,2360,2360,2300,2300,95
2018-09-05,2290,2290,2150,2275,465
2018-09-06,2265,2265,2105,2265,24
2018-09-07,2130,2250,2130,2250,152
2018-09-10,2265,2265,2265,2265,30
2018-09-11,2200,2200,2160,2160,50
2018-09-12,2160,2200,2160,2200,1025
2018-09-13,2165,2275,2165,2275,30
2018-09-17,2200,2275,2200,2275,93
2018-09-18,2200,2200,2200,2200,700
2018-09-19,2200,2200,2160,2200,1439
2018-09-24,2195,2200,2195,2200,22
2018-09-25,2200,2200,2200,2200,51
2018-09-26,2300,2310,2300,2300,2630
2018-09-27,2300,2300,2300,2300,10
2018-09-28,2295,2295,2295,2295,2
2018-10-01,2200,2300,2200,2300,1085
2018-10-02,2450,2450,2450,2450,5
2018-10-03,2400,2560,2400,2560,220
2018-10-04,2555,2555,2500,2500,37
2018-10-05,2500,2500,2500,2500,153
2018-10-08,2500,2500,2445,2445,51
2018-10-09,2445,2445,2445,2445,15
2018-10-10,2435,2435,2435,2435,10
2018-10-11,2350,2350,2350,2350,4
2018-10-12,2200,2415,2200,2415,367
2018-10-16,2415,2415,2415,2415,30
2018-10-22,2350,2350,2350,2350,53
2018-10-23,2350,2350,2350,2350,7
2018-10-24,2300,2300,2300,2300,10
2018-10-25,2300,2350,2300,2350,100
2018-10-26,2300,2345,2300,2345,23
2018-10-29,2345,2425,2345,2425,148
2018-10-30,2415,2425,2415,2425,95
2018-11-02,2425,2425,2425,2425,49
2018-11-05,2425,2425,2425,2425,11
2018-11-06,2435,2435,2425,2425,38
2018-11-07,2425,2425,2345,2345,510
2018-11-12,2345,2425,2345,2425,18
2018-11-13,2350,2350,2350,2350,10
2018-11-14,2350,2350,2350,2350,10
2018-11-19,2300,2350,2300,2350,188
2018-11-22,2200,2200,2200,2200,205
2018-11-23,2200,2200,2195,2200,2263
2018-11-26,2035,2200,2035,2200,22
2018-11-27,2195,2195,2195,2195,800
2018-12-03,2150,2150,2100,2100,40
2018-12-04,2100,2100,2100,2100,5
2018-12-05,2100,2100,2100,2100,100
2018-12-07,2040,2040,2040,2040,50
2018-12-10,2000,2000,2000,2000,34
2018-12-11,2000,2000,2000,2000,67
2018-12-12,1995,2095,1995,2095,1262
2018-12-13,2095,2095,2095,2095,180
2018-12-14,2095,2095,2095,2095,305
2018-12-18,2095,2095,2095,2095,2395
2018-12-20,2095,2095,2095,2095,995
2018-12-21,1950,1950,1950,1950,20
2018-12-24,1950,1950,1950,1950,30
2018-12-26,2000,2095,2000,2095,1453
2018-12-27,2250,2250,2250,2250,50
2018-12-31,2400,2400,2400,2400,300
2019-01-02,2400,2450,2400,2450,118
2019-01-03,2450,2450,2450,2450,9
2019-01-04,2450,2450,2450,2450,68
2019-01-08,2450,2450,2450,2450,51
2019-01-14,2390,2390,2390,2390,8
2019-01-23,2300,2300,2300,2300,10
2019-01-25,2300,2300,2300,2300,5
2019-01-28,2250,2250,2250,2250,100
2019-01-29,2245,2250,2095,2095,257
2019-01-31,2095,2095,2055,2055,130
2019-02-01,1990,1990,1990,1990,100
2019-02-04,1950,1950,1950,1950,282
2019-02-05,1900,1900,1900,1900,22
2019-02-06,1900,1900,1800,1800,485
2019-02-07,1800,1800,1800,1800,151
2019-02-08,1800,1800,1800,1800,25
2019-02-11,1700,1800,1700,1800,240
2019-02-12,1750,1750,1745,1750,484
2019-02-13,1750,1750,1750,1750,680
2019-02-14,1800,1800,1800,1800,215
2019-02-15,1800,1800,1800,1800,781
2019-02-18,1800,1800,1800,1800,1095
2019-02-19,1800,1900,1800,1900,51
2019-02-20,1900,1900,1900,1900,31
2019-02-21,1900,1900,1820,1820,169
2019-02-22,1825,1825,1820,1820,15
2019-02-26,1895,1895,1895,1895,30
2019-02-27,1895,1895,1895,1895,227
2019-02-28,1850,1850,1850,1850,10
2019-03-01,1825,1825,1825,1825,30
2019-03-04,1820,1820,1820,1820,102
2019-03-05,1810,1895,1810,1895,310
2019-03-06,2000,2000,2000,2000,460
2019-03-07,2000,2135,2000,2135,2403
2019-03-08,2135,2250,2135,2250,9700
2019-03-11,2250,2295,2250,2295,300
2019-03-12,2295,2450,2295,2450,376
2019-03-13,2415,2415,2405,2405,1939
2019-03-14,2300,2300,2300,2300,10
2019-03-15,2300,2300,2300,2300,84
2019-03-18,2300,2300,2300,2300,111
2019-03-19,2400,2400,2300,2300,126
2019-03-20,2300,2400,2300,2400,1157
2019-03-21,2355,2355,2355,2355,10
2019-03-22,2355,2355,2355,2355,132
2019-03-25,2355,2355,2355,2355,160
2019-03-26,2395,2395,2355,2355,132
2019-04-01,2185,2185,2185,2185,412
2019-04-02,2200,2200,2200,2200,2
2019-04-05,2190,2195,2190,2195,65
2019-04-08,2185,2185,2185,2185,235
2019-04-09,2185,2185,2185,2185,10
2019-04-12,2185,2185,2185,2185,46
2019-04-16,2100,2100,2100,2100,10
2019-04-17,2000,2000,1950,1950,2547
2019-04-18,2000,2000,1990,1990,80
2019-04-19,1990,1990,1950,1950,249
2019-04-24,1955,1955,1950,1950,65
2019-04-25,1900,1900,1900,1900,500
2019-04-29,1900,1900,1800,1800,4000
2019-05-02,1855,1855,1850,1850,1703
2019-05-03,1850,1850,1850,1850,830
2019-05-06,1900,1900,1900,1900,100
2019-05-07,1900,2040,1900,2040,608
2019-05-10,2165,2165,2165,2165,3
2019-05-13,2160,2170,2160,2170,101
2019-05-14,2050,2050,2040,2040,501
2019-05-15,1900,1900,1900,1900,195
2019-05-16,1815,1815,1815,1815,181
2019-05-17,1815,1860,1815,1860,51
2019-05-20,1860,1860,1860,1860,32
2019-05-21,1850,1860,1850,1860,85
2019-05-23,1815,1815,1800,1800,205
2019-05-24,1800,1800,1800,1800,25
2019-05-27,1665,1695,1665,1695,162
2019-05-28,1820,1820,1820,1820,2
2019-05-29,1850,1850,1850,1850,250
2019-05-31,1845,1850,1845,1850,10
2019-06-03,1815,1850,1815,1850,89
2019-06-06,1840,1845,1840,1845,20
2019-06-07,1845,1845,1845,1845,8
2019-06-11,1845,1845,1750,1840,671
2019-06-12,1835,1840,1835,1840,160
2019-06-14,1840,1840,1840,1840,141
2019-06-17,1840,1840,1840,1840,117
2019-06-18,1800,1800,1800,1800,23
2019-06-20,1800,1800,1800,1800,20
2019-06-24,1800,1800,1800,1800,52
2019-06-25,1800,1835,1800,1835,20010
2019-06-27,1830,1830,1830,1830,8
2019-06-28,1800,1830,1800,1830,17077
2019-07-02,1815,1815,1800,1800,12
2019-07-03,1800,1800,1800,1800,58
2019-07-04,1750,1800,1695,1800,247
2019-07-05,1830,1830,1830,1830,31
2019-07-08,1800,1800,1800,1800,143
2019-07-09,1800,1800,1800,1800,80
2019-07-11,1795,1800,1795,1800,267
2019-07-15,1795,1795,1750,1750,70
2019-07-16,1750,1750,1750,1750,4
2019-07-17,1750,1800,1750,1800,68
2019-07-18,1750,1750,1750,1750,8
2019-07-23,1750,1750,1750,1750,232
2019-07-25,1715,1715,1700,1700,150
2019-07-26,1725,1725,1725,1725,20
2019-07-29,1700,1700,1700,1700,7
2019-07-30,1700,1700,1700,1700,1
2019-07-31,1650,1650,1650,1650,11
2019-08-01,1645,1650,1600,1640,180
2019-08-02,1610,1610,1550,1550,288
2019-08-06,1550,1550,1550,1550,1343
2019-08-08,1550,1550,1550,1550,110
2019-08-09,1550,1550,1500,1500,171
2019-08-14,1600,1600,1500,1500,135
2019-08-16,1500,1500,1500,1500,2
2019-08-19,1500,1500,1500,1500,17
2019-08-20,1500,1500,1500,1500,978
2019-08-21,1500,1500,1400,1400,677
2019-08-23,1425,1425,1410,1410,20
2019-08-28,1410,1500,1410,1500,5
2019-08-29,1410,1410,1400,1400,638
2019-09-02,1490,1490,1490,1490,1
2019-09-03,1380,1400,1380,1400,68
2019-09-04,1390,1390,1390,1390,20
2019-09-05,1400,1400,1400,1400,10
2019-09-06,1400,1400,1400,1400,50
2019-09-09,1400,1400,1355,1355,180
2019-09-10,1355,1355,1355,1355,139
2019-09-11,1400,1400,1355,1355,308
2019-09-13,1355,1400,1355,1400,129
2019-09-16,1400,1500,1400,1500,331
2019-09-17,1500,1500,1500,1500,4
2019-09-20,1390,1390,1390,1390,4
2019-09-23,1345,1345,1300,1300,25
2019-09-24,1225,1340,1225,1340,310
2019-09-26,1250,1300,1250,1300,142
2019-09-27,1290,1290,1290,1290,29
2019-09-30,1290,1290,1290,1290,950
2019-10-03,1200,1200,1200,1200,100
2019-10-04,1290,1290,1290,1290,10
2019-10-07,1200,1200,1200,1200,210
2019-10-08,1200,1200,1200,1200,840
2019-10-09,1200,1200,1110,1110,20
2019-10-10,1030,1030,1030,1030,500
2019-10-14,1050,1050,1050,1050,815
2019-10-15,1030,1030,1030,1030,51
2019-10-16,1000,1000,1000,1000,10
2019-10-17,950,995,950,995,80
2019-10-18,995,995,995,995,18
2019-10-21,950,950,945,945,297
2019-10-22,950,950,945,945,130
2019-10-23,900,900,900,900,10
2019-10-24,900,900,900,900,25
2019-10-25,890,890,890,890,14
2019-10-28,895,895,895,895,157
2019-10-29,895,895,895,895,5
2019-10-30,900,900,900,900,50
2019-10-31,895,900,895,895,190
2019-11-04,890,895,890,895,100
2019-11-05,885,885,885,885,355
2019-11-06,880,880,880,880,500
2019-11-07,885,890,885,890,400
2019-11-11,890,890,890,890,63
2019-11-12,890,890,890,890,113
2019-11-13,890,890,890,890,1020
2019-11-14,890,890,890,890,10
2019-11-18,880,880,850,880,2450
2019-11-19,850,850,850,850,90
2019-11-20,800,800,800,800,190
2019-11-22,760,760,750,750,531
2019-11-26,750,750,750,750,386
2019-11-27,750,750,750,750,345
2019-11-28,750,750,745,750,224
2019-11-29,750,750,745,750,3670
2019-12-02,750,750,750,750,852
2019-12-03,750,750,750,750,75
2019-12-04,745,745,715,745,50
2019-12-05,740,740,740,740,7
2019-12-06,745,745,745,745,20
2019-12-09,745,745,745,745,50
2019-12-10,745,745,740,740,110
2019-12-11,740,740,735,735,45
2019-12-12,735,735,730,730,1080
2019-12-16,740,740,740,740,17
2019-12-17,740,740,735,735,35
2019-12-18,740,740,740,740,923
2019-12-19,740,740,740,740,635
2019-12-20,740,740,740,740,167
2019-12-23,740,740,735,735,185
2019-12-24,730,730,730,730,1561
2019-12-26,730,730,730,730,777
2019-12-27,730,730,715,715,172
2019-12-30,700,700,700,700,1010
2019-12-31,700,700,700,700,416
2020-01-02,700,700,680,680,85
2020-01-03,670,680,670,680,365
2020-01-06,680,680,680,680,220
2020-01-07,680,680,680,680,186
2020-01-08,680,680,680,680,35
2020-01-09,680,680,665,680,754
2020-01-13,685,685,685,685,50
2020-01-14,700,700,700,700,70
2020-01-15,700,700,700,700,488
2020-01-16,735,735,735,735,465
2020-01-17,735,735,730,730,220
2020-01-20,735,735,735,735,100
2020-01-21,735,735,730,730,160
2020-01-22,735,735,735,735,160
2020-01-24,735,735,735,735,78
2020-01-28,750,750,735,735,115
2020-01-29,735,735,735,735,35
2020-01-30,740,740,740,740,400
2020-01-31,740,740,740,740,10
2020-02-03,740,740,740,740,128
2020-02-04,740,740,740,740,145
2020-02-06,740,740,730,730,1461
2020-02-07,700,700,700,700,351
2020-02-10,705,705,700,700,503
2020-02-12,700,700,700,700,570
2020-02-13,685,685,685,685,781
2020-02-14,700,700,700,700,976
2020-02-20,700,700,690,690,443
2020-02-21,700,700,700,700,231
2020-02-24,700,700,680,680,470
2020-02-25,680,680,680,680,50
2020-02-26,680,680,680,680,30
2020-02-27,685,685,680,680,190
2020-02-28,700,730,700,730,348
2020-03-02,730,735,700,700,557
2020-03-03,735,735,735,735,1
2020-03-04,700,700,700,700,264
2020-03-09,720,720,720,720,200
2020-03-11,750,750,710,710,172
2020-03-12,720,720,700,700,420
2020-03-13,720,720,680,680,275
2020-03-16,680,680,680,680,91
2020-03-18,680,690,680,680,71
2020-03-20,680,680,680,680,120
2020-03-24,690,690,690,690,150
2020-03-26,690,695,690,690,150
2020-03-30,680,680,680,680,755
2020-03-31,680,680,680,680,80
2020-04-01,690,690,690,690,70
2020-04-08,710,740,710,740,138
2020-04-09,740,740,740,740,20
2020-04-10,740,740,740,740,125
2020-04-16,740,740,740,740,14
2020-04-20,745,745,745,745,300
2020-04-22,800,800,800,800,138
2020-04-23,800,800,800,800,378
2020-04-24,800,800,800,800,1703
2020-04-27,800,800,800,800,111
2020-04-29,790,790,790,790,563
2020-04-30,750,750,750,750,120
2020-05-05,725,725,725,725,5
2020-05-06,680,680,675,675,455
2020-05-07,630,630,625,625,210
2020-05-08,600,600,600,600,55
2020-05-11,600,600,600,600,113
2020-05-12,610,610,600,600,328
2020-05-13,595,595,595,595,2
2020-05-15,595,600,595,600,825
2020-05-18,590,590,590,590,138
2020-05-22,600,600,600,600,290
2020-05-25,600,600,600,600,19
2020-05-26,600,600,590,590,582
2020-05-27,600,620,590,620,140
2020-05-28,590,590,590,590,40
2020-06-02,580,580,580,580,210
2020-06-03,590,590,585,585,220
2020-06-04,590,590,590,590,5
2020-06-05,590,600,590,600,260
2020-06-09,625,645,625,645,436
2020-06-10,690,690,690,690,1
2020-06-11,740,740,740,740,1
2020-06-15,740,745,740,740,79
2020-06-16,685,720,685,720,625
2020-06-17,715,715,710,710,2410
2020-06-18,715,715,710,710,4225
2020-06-19,710,710,705,705,90
2020-06-22,660,700,660,700,189
2020-06-25,695,700,695,700,240
2020-06-26,650,650,650,650,20
2020-06-29,650,650,605,605,2
2020-07-02,615,615,560,585,37427
2020-07-03,625,625,625,625,174
2020-07-06,590,630,590,630,16
2020-07-07,600,630,600,630,57
2020-07-08,675,675,675,675,624
2020-07-09,630,700,625,700,713
2020-07-10,700,715,700,715,4613
2020-07-13,715,735,715,735,47238
2020-07-14,705,705,705,705,550
2020-07-15,700,700,695,695,1211
2020-07-16,655,655,645,645,65
2020-07-17,670,670,670,670,500
2020-07-20,670,670,670,670,2
2020-07-21,645,645,645,645,20
2020-07-22,670,670,670,670,11
2020-07-23,650,700,650,700,405
2020-07-27,700,700,700,700,10
2020-07-30,700,700,675,675,407
2020-08-03,675,675,645,650,45
2020-08-05,645,650,645,650,346
2020-08-10,650,650,640,650,35
2020-08-12,650,650,650,650,204
2020-08-17,650,650,650,650,299
2020-08-19,650,680,630,630,1276
2020-08-24,635,635,635,635,25
2020-08-25,630,630,630,630,26443
2020-08-26,585,585,585,585,975
2020-08-27,600,600,600,600,1
2020-08-28,605,605,605,605,1
2020-09-02,650,650,610,610,303
2020-09-03,630,630,630,630,19
2020-09-04,585,585,585,585,85
2020-09-07,605,605,605,605,1
2020-09-08,605,605,580,580,839
2020-09-09,585,585,580,580,202
2020-09-10,585,585,585,585,8
2020-09-11,600,600,600,600,120
2020-09-15,600,600,600,600,43
2020-09-16,580,580,580,580,60
2020-09-18,580,580,580,580,227
2020-09-21,560,560,560,560,162
2020-09-22,580,580,580,580,5
2020-09-23,560,560,560,560,18
2020-09-25,560,560,560,560,1682
2020-09-29,555,555,555,555,645
2020-09-30,545,545,545,545,1000
2020-10-01,580,580,580,580,1
2020-10-02,540,580,540,580,160
2020-10-05,580,580,580,580,3
2020-10-06,545,575,540,575,62
2020-10-07,575,575,575,575,1
2020-10-08,575,575,575,575,1108
2020-10-12,580,580,580,580,14
2020-10-13,580,585,575,585,1298
2020-10-15,625,625,625,625,1
2020-10-19,645,645,625,625,23
2020-10-20,625,625,620,620,31
2020-10-21,640,640,640,640,26
2020-10-22,640,640,640,640,24
2020-10-26,625,625,625,625,1
2020-10-28,620,620,620,620,1
2020-11-02,595,640,595,640,51
2020-11-03,625,625,625,625,1
2020-11-04,625,625,625,625,11
2020-11-05,625,625,625,625,50
2020-11-06,625,625,625,625,30
2020-11-12,620,620,620,620,300
2020-11-13,615,615,615,615,40
2020-11-16,605,605,605,605,26
2020-11-17,605,605,605,605,1
2020-11-19,600,650,600,650,328
2020-11-24,640,640,640,640,150
2020-11-25,635,635,635,635,70
2020-11-27,630,630,600,600,222
2020-11-30,600,600,600,600,2
2020-12-01,620,620,620,620,2000
2020-12-03,620,620,620,620,280
2020-12-08,600,600,600,600,1
2020-12-09,600,600,600,600,95
2020-12-10,625,625,625,625,18
2020-12-11,600,635,600,635,1002
2020-12-14,635,635,625,625,1047
2020-12-15,600,635,600,635,808
2020-12-16,650,650,650,650,2
2020-12-18,650,650,625,625,60
2020-12-21,625,625,625,625,2
2020-12-22,630,630,625,625,6992
2020-12-28,625,630,625,630,119
2020-12-29,620,620,620,620,300
2020-12-30,620,620,600,600,1229
2020-12-31,600,600,575,600,617
2021-01-04,645,645,645,645,10
2021-01-06,645,645,645,645,1
2021-01-07,630,630,630,630,80
2021-01-08,630,630,630,630,70
2021-01-11,630,630,630,630,100
2021-01-13,630,630,630,630,332
2021-01-14,630,645,630,645,370
2021-01-15,645,645,645,645,6
2021-01-18,630,630,630,630,17
2021-01-20,630,630,625,625,93
2021-01-21,625,645,625,625,320
2021-01-22,645,645,645,645,3
2021-01-25,645,645,635,635,330
2021-01-26,645,645,645,645,2
2021-01-27,635,640,635,640,3492
2021-01-28,635,640,635,635,151
2021-01-29,600,635,600,635,2871
2021-02-01,670,670,605,605,20
2021-02-02,650,650,650,650,20
2021-02-03,640,640,640,640,2
2021-02-05,640,640,640,640,15
2021-02-08,605,605,605,605,83
2021-02-09,610,630,605,605,675
2021-02-10,600,600,600,600,700
2021-02-11,600,600,600,600,110
2021-02-12,600,600,600,600,387
2021-02-15,580,580,580,580,18
2021-02-16,580,580,580,580,872
2021-02-17,580,580,580,580,165
2021-02-18,575,575,570,570,716
2021-02-19,610,610,610,610,4
2021-02-22,625,625,625,625,11
2021-02-23,640,640,640,640,1
2021-02-24,640,640,640,640,47
2021-02-25,635,650,635,650,2646
2021-02-26,660,660,660,660,100
2021-03-01,660,670,660,670,32
2021-03-02,670,670,670,670,600
2021-03-03,670,670,670,670,192
2021-03-04,670,670,670,670,1385
2021-03-05,670,670,670,670,30
2021-03-09,670,670,670,670,469
2021-03-10,670,670,650,670,412
2021-03-11,670,670,670,670,74
2021-03-12,670,670,670,670,60
2021-03-15,670,670,670,670,10
2021-03-16,670,680,670,680,634
2021-03-17,680,685,680,685,105
2021-03-19,685,685,685,685,45
2021-03-23,685,685,685,685,1934
2021-03-24,685,685,680,680,394
2021-03-25,680,685,630,680,1844
2021-03-31,630,685,630,630,161
2021-04-01,585,630,585,630,899
2021-04-02,630,630,630,630,225
2021-04-06,630,630,630,630,1041
2021-04-08,590,590,585,585,380
2021-04-13,590,625,590,625,121
2021-04-14,630,630,630,630,110
2021-04-15,595,595,595,595,170
2021-04-16,630,630,630,630,2
2021-04-19,625,635,585,585,1603
2021-04-20,625,625,625,625,100
2021-04-21,625,670,625,670,100
2021-04-23,670,670,625,630,1914
2021-04-26,585,585,585,585,2400
2021-04-27,620,620,620,620,3
2021-04-28,630,665,630,665,583
2021-04-29,675,700,675,700,4172
2021-04-30,710,735,710,730,392
2021-05-03,740,740,730,740,479
2021-05-04,740,740,740,740,110
2021-05-05,740,750,740,750,1562
2021-05-06,750,795,750,795,81
2021-05-07,850,850,850,850,704
2021-05-10,900,910,900,910,640
2021-05-11,905,975,905,975,911
2021-05-14,980,1040,980,1040,1716
2021-05-17,975,1115,975,1000,6120
2021-05-18,975,1075,925,1075,425
2021-05-19,1150,1150,1150,1150,1
2021-05-20,1150,1200,1150,1200,3605
2021-05-21,1200,1200,1150,1200,193
2021-05-25,1200,1200,1190,1190,64
2021-05-26,1190,1190,1170,1170,40
2021-05-27,1150,1150,1100,1150,2519
2021-05-28,1150,1200,1150,1200,748
2021-05-31,1200,1200,1175,1175,510
2021-06-01,1195,1195,1195,1195,1045
2021-06-02,1165,1250,1165,1200,1664
2021-06-03,1250,1290,1250,1290,291
2021-06-04,1250,1250,1250,1250,20
2021-06-07,1275,1300,1275,1300,2774
2021-06-08,1300,1320,1300,1320,990
2021-06-09,1300,1385,1300,1385,119
2021-06-10,1385,1450,1385,1400,938
2021-06-11,1400,1500,1400,1500,590
2021-06-14,1500,1610,1500,1610,847
2021-06-15,1610,1730,1610,1730,142
2021-06-16,1850,1855,1850,1855,41
2021-06-17,1990,1990,1800,1985,574
2021-06-18,1845,1900,1840,1845,532
2021-06-21,1730,1730,1710,1710,622
2021-06-22,1585,1585,1585,1585,220
2021-06-23,1500,1580,1500,1580,1296
2021-06-24,1580,1585,1580,1585,794
2021-06-25,1600,1700,1600,1700,483
2021-06-28,1800,1800,1700,1700,31
2021-06-29,1670,1670,1670,1670,12
2021-06-30,1670,1700,1670,1690,2713
2021-07-01,1690,1690,1680,1680,95
2021-07-02,1675,1700,1675,1700,3870
2021-07-06,1700,1700,1700,1700,83
2021-07-07,1705,1825,1705,1825,91
2021-07-08,1790,1880,1790,1880,204
2021-07-09,1955,1960,1855,1855,4176
2021-07-12,1855,1990,1855,1990,39
2021-07-13,1990,1990,1855,1985,526
2021-07-14,1855,2095,1855,2095,1250
2021-07-15,2090,2090,2000,2000,607
2021-07-16,2000,2090,2000,2090,267
2021-07-19,2090,2090,2090,2090,22
2021-07-21,2000,2000,2000,2000,2141
2021-07-22,2000,2000,2000,2000,14
2021-07-26,1900,2095,1855,1860,3477
2021-07-27,1870,1870,1800,1800,693
2021-07-28,1935,1935,1810,1810,328
2021-07-29,1800,1945,1800,1820,98
2021-07-30,1820,1955,1700,1700,7590
2021-08-02,1705,1705,1705,1705,110
2021-08-03,1705,1710,1705,1710,261
2021-08-04,1710,1720,1710,1720,1028
2021-08-05,1750,1825,1750,1825,56
2021-08-06,1890,1950,1890,1950,2197
2021-08-09,1950,1950,1850,1850,1066
2021-08-10,1850,1850,1800,1800,1929
2021-08-11,1915,1935,1700,1700,1568
2021-08-12,1825,1825,1600,1600,1870
2021-08-13,1610,1610,1610,1610,5
2021-08-16,1620,1620,1620,1620,50
2021-08-17,1620,1620,1620,1620,100
2021-08-18,1710,1740,1665,1740,121
2021-08-19,1630,1870,1630,1700,3080
2021-08-20,1700,1825,1700,1725,262
2021-08-23,1825,1825,1725,1725,30
2021-08-24,1725,1820,1670,1670,317
2021-08-25,1710,1795,1710,1795,17
2021-08-26,1920,1920,1920,1920,32
2021-08-27,1900,1900,1795,1820,780
2021-08-30,1820,1825,1800,1800,506
2021-08-31,1825,1825,1825,1825,1160
2021-09-01,1820,1825,1820,1825,361
2021-09-02,1825,1825,1825,1825,75
2021-09-03,1825,1825,1825,1825,520
2021-09-06,1825,1825,1710,1710,171
2021-09-07,1710,1825,1710,1710,3171
2021-09-08,1825,1825,1650,1650,3988
2021-09-09,1710,1710,1605,1605,2874
2021-09-10,1700,1725,1700,1725,213
2021-09-13,1615,1820,1615,1820,8
2021-09-14,1955,1955,1820,1955,27586
2021-09-15,1985,2085,1985,2075,11507
2021-09-16,2070,2070,2005,2065,3866
2021-09-17,2070,2070,2050,2050,1974
2021-09-20,2050,2060,2000,2045,1041
2021-09-21,2045,2045,2040,2045,498
2021-09-22,2030,2040,1895,2030,453
2021-09-23,2045,2045,2040,2045,4949
2021-09-24,2040,2040,2025,2030,2651
2021-09-27,1880,1995,1880,1995,11
2021-09-28,1995,2025,1990,2025,3850
2021-09-29,2000,2000,2000,2000,963
2021-09-30,1990,1990,1850,1850,702
2021-10-01,1820,1850,1820,1850,558
2021-10-04,1905,1905,1905,1905,5
2021-10-05,1970,1970,1950,1950,429
2021-10-06,1975,2080,1970,2000,1454
2021-10-07,2050,2150,2050,2150,1538
2021-10-08,2150,2200,2100,2200,62
2021-10-11,2200,2200,2200,2200,284
2021-10-12,2200,2225,2200,2225,530
2021-10-13,2180,2180,2150,2180,947
2021-10-14,2180,2200,2150,2200,1296
2021-10-15,2100,2100,2100,2100,2
2021-10-19,2050,2050,2050,2050,591
2021-10-20,2050,2050,2050,2050,62
2021-10-21,2090,2090,2000,2000,1592
2021-10-22,2000,2000,2000,2000,1118
2021-10-25,2000,2100,2000,2100,553
2021-10-26,2000,2150,1950,2150,73
2021-10-27,2150,2150,2100,2100,130
2021-10-28,2050,2100,2050,2100,599
2021-10-29,2095,2150,2095,2100,1920
2021-11-03,2100,2150,2100,2150,260
2021-11-04,2310,2310,2250,2310,13636
2021-11-05,2430,2430,2250,2300,754
2021-11-08,2300,2300,2130,2300,1150
2021-11-09,2300,2300,2280,2280,159
2021-11-10,2270,2270,2270,2270,2
2021-11-11,2260,2430,2150,2150,8197
2021-11-12,2205,2310,2205,2310,353
2021-11-16,2450,2450,2300,2300,35
2021-11-17,2300,2300,2300,2300,1
2021-11-18,2265,2445,2265,2300,649
2021-11-19,2150,2300,2150,2250,418
2021-11-22,2200,2200,2200,2200,351
2021-11-23,2200,2250,2180,2180,365
2021-11-24,2175,2300,2175,2300,1135
2021-11-25,2175,2450,2175,2175,14798
2021-11-26,2180,2335,2150,2335,3063
2021-11-29,2300,2395,2300,2300,611
2021-11-30,2200,2375,2200,2200,102
2021-12-01,2190,2365,2190,2365,822
2021-12-02,2365,2365,2365,2365,32
2021-12-06,2300,2300,2215,2255,1780
2021-12-07,2255,2300,2255,2300,199
2021-12-08,2300,2300,2300,2300,20
2021-12-10,2300,2300,2250,2250,2221
2021-12-13,2295,2295,2295,2295,420
2021-12-14,2295,2300,2200,2200,1618
2021-12-15,2200,2295,2190,2190,179
2021-12-16,2200,2200,2195,2195,505
2021-12-17,2200,2200,2200,2200,45
2021-12-20,2195,2195,2035,2035,1811
2021-12-21,2065,2065,2055,2055,200
2021-12-22,2190,2190,2060,2190,162
2021-12-23,2190,2190,2190,2190,35
2021-12-24,2190,2190,2190,2190,870
2021-12-27,2190,2190,2030,2190,253
2021-12-29,2185,2190,2185,2190,35
2021-12-30,2190,2195,2190,2190,538
2021-12-31,2180,2180,2175,2175,273
2022-01-03,2190,2190,2050,2190,150
2022-01-04,2185,2185,2185,2185,293
2022-01-05,2150,2150,2150,2150,100
2022-01-06,2150,2150,2145,2150,733
2022-01-07,2120,2120,2120,2120,100
2022-01-10,2150,2150,2120,2120,604
2022-01-11,2145,2145,2120,2130,274
2022-01-12,2145,2145,2130,2130,60
2022-01-13,2130,2130,2130,2130,60
2022-01-14,2130,2130,2020,2020,295
2022-01-17,2020,2100,2020,2100,935
2022-01-18,2100,2100,2000,2000,501
2022-01-19,2010,2010,2000,2005,700
2022-01-20,2005,2005,2000,2000,1711
2022-01-21,2010,2010,2010,2010,478
2022-01-24,2000,2000,2000,2000,320
2022-01-25,2100,2100,2100,2100,17
2022-01-26,2100,2175,1960,1960,915
2022-01-27,2005,2005,2005,2005,43
2022-01-28,2150,2150,2015,2150,102
2022-01-31,2000,2200,2000,2200,4231
2022-02-01,2300,2300,2300,2300,286
2022-02-02,2325,2345,2325,2345,135
2022-02-03,2340,2340,2300,2335,193
2022-02-04,2300,2335,2295,2295,210
2022-02-07,2200,2200,2200,2200,723
2022-02-08,2175,2195,2175,2195,100
2022-02-10,2200,2200,2195,2195,70
2022-02-11,2195,2200,2190,2200,1500
2022-02-14,2195,2200,2195,2200,5977
2022-02-15,2150,2150,2150,2150,74
2022-02-16,2300,2310,2300,2310,17
2022-02-17,2300,2300,2300,2300,214
2022-02-18,2300,2300,2300,2300,17
2022-02-21,2300,2395,2300,2395,2238
2022-02-22,2395,2500,2395,2500,4915
2022-02-23,2500,2500,2400,2400,1088
2022-02-24,2405,2500,2400,2400,1738
2022-02-25,2510,2510,2510,2510,22
2022-02-28,2450,2450,2450,2450,276
2022-03-01,2475,2505,2400,2460,399
2022-03-02,2495,2500,2450,2500,435
2022-03-03,2500,2505,2500,2500,819
2022-03-04,2505,2505,2500,2500,1809
2022-03-07,2495,2495,2495,2495,196
2022-03-08,2490,2495,2395,2395,435
2022-03-09,2220,2395,2220,2395,41
2022-03-10,2300,2395,2220,2395,277
2022-03-11,2380,2395,2300,2300,51
2022-03-14,2300,2300,2300,2300,30
2022-03-15,2350,2350,2350,2350,61
2022-03-16,2350,2350,2350,2350,42
2022-03-17,2350,2350,2300,2300,131
2022-03-18,2300,2300,2300,2300,160
2022-03-21,2205,2300,2205,2300,3133
2022-03-22,2300,2300,2250,2250,430
2022-03-23,2300,2300,2250,2300,373
2022-03-25,2300,2300,2300,2300,1586
2022-03-28,2210,2300,2210,2300,290
2022-03-29,2300,2300,2300,2300,425
2022-03-30,2295,2300,2295,2300,753
2022-03-31,2205,2300,2205,2300,257
2022-04-01,2295,2295,2295,2295,36
2022-04-04,2300,2300,2175,2175,514
2022-04-05,2205,2300,2200,2200,1466
2022-04-06,2200,2250,2200,2250,354
2022-04-07,2250,2250,2250,2250,175
2022-04-11,2310,2310,2300,2300,237
2022-04-12,2300,2300,2300,2300,461
2022-04-13,2300,2300,2250,2300,1672
2022-04-14,2300,2300,2300,2300,24
2022-04-15,2300,2300,2300,2300,160
2022-04-19,2300,2300,2215,2215,755
2022-04-20,2200,2215,2200,2215,3905
2022-04-21,2380,2380,2380,2380,2
2022-04-22,2350,2350,2340,2340,63
2022-04-25,2300,2300,2300,2300,75
2022-04-26,2295,2295,2295,2295,10
2022-04-27,2295,2295,2200,2200,26
2022-04-29,2295,2295,2295,2295,5
2022-05-03,2125,2125,2125,2125,100
2022-05-04,1970,1970,1970,1970,1129
2022-05-05,1970,1970,1830,1970,295
2022-05-06,2000,2000,1835,2000,609
2022-05-09,2105,2105,1850,2000,525
2022-05-10,2100,2100,2000,2010,3531
2022-05-11,2100,2100,2020,2100,687
2022-05-12,2100,2100,2100,2100,24
2022-05-13,2100,2100,2025,2100,247
2022-05-16,2100,2150,2100,2130,824
2022-05-17,2125,2130,2105,2105,31
2022-05-18,2110,2250,2105,2250,441
2022-05-19,2245,2255,2245,2255,720
2022-05-20,2250,2400,2250,2400,181
2022-05-23,2400,2580,2400,2400,2538
2022-05-24,2400,2580,2400,2495,27
2022-05-25,2495,2495,2485,2485,2247
2022-05-27,2400,2475,2400,2475,17
2022-05-30,2455,2460,2450,2450,360
2022-05-31,2420,2420,2420,2420,3
2022-06-01,2400,2415,2250,2395,63
2022-06-02,2230,2400,2220,2220,871
2022-06-03,2220,2220,2220,2220,100
2022-06-07,2220,2220,2220,2220,5
2022-06-08,2375,2375,2235,2235,36
2022-06-09,2200,2365,2200,2200,177
2022-06-10,2200,2240,2200,2240,175
2022-06-13,2350,2350,2300,2300,100
2022-06-14,2200,2300,2200,2200,4663
2022-06-15,2300,2345,2200,2200,154
2022-06-16,2105,2200,2105,2200,640
2022-06-17,2200,2250,2200,2200,933
2022-06-20,2250,2250,2200,2200,1177
2022-06-21,2150,2200,2150,2200,108
2022-06-22,2200,2200,2050,2195,99
2022-06-23,2050,2200,2050,2200,190
2022-06-24,2200,2200,2060,2060,475
2022-06-27,2200,2200,2195,2200,1820
2022-06-28,2195,2200,2195,2195,3640
2022-06-29,2195,2200,2195,2200,283
2022-06-30,2195,2200,2195,2195,141
2022-07-04,2195,2350,2195,2350,50
2022-07-05,2205,2350,2200,2200,63
2022-07-06,2200,2325,2200,2325,7
2022-07-07,2325,2350,2300,2300,242
2022-07-08,2305,2305,2305,2305,10
2022-07-11,2305,2350,2305,2350,683
2022-07-13,2350,2350,2305,2305,96
2022-07-14,2345,2385,2345,2350,456
2022-07-15,2385,2385,2385,2385,6
2022-07-18,2385,2385,2385,2385,1
2022-07-19,2300,2300,2300,2300,72
2022-07-20,2300,2300,2195,2300,70
2022-07-21,2300,2300,2150,2300,662
2022-07-22,2300,2300,2300,2300,13
2022-07-25,2300,2300,2300,2300,55
2022-07-26,2300,2300,2130,2130,149
2022-07-27,2200,2200,2200,2200,600
2022-07-28,2315,2365,2315,2365,4
2022-07-29,2365,2365,2365,2365,33
2022-08-03,2365,2365,2200,2200,882
2022-08-04,2365,2365,2365,2365,520
2022-08-05,2200,2380,2200,2380,15
2022-08-09,2380,2380,2225,2225,525
2022-08-10,2380,2380,2375,2375,112
2022-08-11,2345,2350,2345,2350,147
2022-08-12,2225,2350,2225,2350,49
2022-08-16,2265,2265,2265,2265,130
2022-08-17,2225,2225,2225,2225,12
2022-08-18,2250,2250,2250,2250,300
2022-08-19,2250,2250,2250,2250,2590
2022-08-22,2225,2225,2200,2200,910
2022-08-23,2200,2200,2100,2100,5275
2022-08-24,2195,2195,1950,2100,1317
2022-08-25,2095,2100,2095,2100,304
2022-08-26,2145,2200,2145,2200,2140
2022-08-29,2205,2205,2185,2185,1700
2022-08-30,2205,2205,2150,2200,2963
2022-08-31,2150,2150,2100,2100,2331
2022-09-01,2150,2200,2150,2200,1803
2022-09-02,2190,2190,2190,2190,45
2022-09-05,2150,2190,2100,2190,70
2022-09-06,2180,2180,2180,2180,30
2022-09-07,2100,2175,2100,2175,57
2022-09-08,2170,2175,2170,2170,9
2022-09-09,2110,2170,2110,2170,66
2022-09-12,2170,2170,2115,2115,138
2022-09-13,2170,2170,2115,2170,24
2022-09-14,2150,2150,2140,2140,175
2022-09-15,2125,2125,2125,2125,40
2022-09-16,2110,2110,2110,2110,115
2022-09-19,2100,2125,2000,2125,247
2022-09-20,2050,2125,2050,2125,95
2022-09-21,2120,2125,2120,2125,115
2022-09-22,2100,2125,2000,2125,71
2022-09-23,2125,2125,2125,2125,500
2022-09-26,2145,2150,2130,2130,120
2022-09-27,2150,2200,2120,2120,9266
2022-09-28,2140,2245,2100,2200,364
2022-09-29,2200,2200,2200,2200,26
2022-09-30,2140,2195,2140,2140,295
2022-10-03,2200,2245,2200,2245,572
2022-10-04,2140,2245,2080,2080,534
2022-10-05,2100,2235,2080,2235,61
2022-10-06,2235,2235,2185,2235,256
2022-10-07,2230,2235,2230,2235,280
2022-10-10,2245,2250,2235,2235,3064
2022-10-11,2185,2235,2185,2235,40
2022-10-12,2235,2235,2100,2235,119
2022-10-13,2100,2200,2100,2200,95
2022-10-14,2200,2200,2100,2200,321
2022-10-17,2200,2200,2150,2200,3660
2022-10-18,2200,2200,2200,2200,55
2022-10-19,2050,2195,2050,2195,67
2022-10-20,2155,2155,2050,2050,102
2022-10-24,2150,2150,1970,1970,552
2022-10-25,2005,2005,2005,2005,1
2022-10-26,2005,2005,1975,2000,205
2022-10-27,2150,2150,2150,2150,1
2022-10-28,2150,2150,2150,2150,28
2022-11-02,2155,2195,2150,2195,669
2022-11-03,2195,2195,2195,2195,16
2022-11-04,2150,2150,2150,2150,311
2022-11-07,2150,2200,2150,2200,70
2022-11-08,2155,2200,2155,2200,13
2022-11-09,2165,2165,2155,2165,70
2022-11-10,2165,2165,2150,2150,901
2022-11-11,2150,2150,2150,2150,3
2022-11-17,2140,2140,2140,2140,6
2022-11-18,2140,2140,2000,2140,47
2022-11-21,2120,2120,2120,2120,1
2022-11-22,2115,2120,2115,2120,50
2022-11-23,2115,2120,2115,2120,12
2022-11-24,2000,2120,2000,2120,244
2022-11-25,2005,2005,1990,1990,2371
2022-11-29,2100,2100,2100,2100,2
2022-11-30,2100,2100,2100,2100,22
2022-12-06,2050,2050,2050,2050,100
2022-12-09,1900,1900,1900,1900,163
2022-12-12,1900,1900,1850,1850,610
2022-12-13,1850,1900,1850,1900,222
2022-12-19,1850,1850,1850,1850,243
2022-12-22,1985,1985,1880,1880,200
2022-12-30,1900,2000,1900,2000,110
2023-01-02,2000,2000,2000,2000,50
2023-01-03,1885,2000,1885,2000,14
2023-01-04,1900,1900,1900,1900,10
2023-01-05,1900,1900,1900,1900,146
2023-01-06,1885,1900,1885,1885,170
2023-01-09,1900,1900,1885,1885,120
2023-01-11,1800,1800,1800,1800,159
2023-01-12,1805,1805,1805,1805,25
2023-01-13,1900,1900,1830,1900,323
2023-01-16,1900,1900,1800,1800,1169
2023-01-17,1800,1800,1800,1800,279
2023-01-18,1900,1900,1900,1900,107
2023-01-19,1900,1900,1900,1900,1166
2023-01-20,1900,1900,1900,1900,70
2023-01-23,1900,1900,1900,1900,100
2023-01-24,1900,1900,1900,1900,996
2023-01-26,1910,1910,1910,1910,142
2023-01-27,1910,1910,1910,1910,811
2023-01-30,1910,1910,1910,1910,920
2023-01-31,1910,1910,1910,1910,25
2023-02-01,1910,1910,1910,1910,153
2023-02-02,1910,1910,1910,1910,415
2023-02-03,1910,1910,1910,1910,1536
2023-02-06,1910,2050,1910,2050,1202
2023-02-07,2050,2050,2050,2050,2
2023-02-08,2050,2100,2050,2050,289
2023-02-09,2050,2050,2050,2050,650
2023-02-10,2050,2050,2050,2050,107
2023-02-13,2050,2050,1900,1900,490
2023-02-14,1900,1900,1900,1900,132
2023-02-16,1915,1915,1915,1915,10
2023-02-17,1950,2000,1900,1900,8114
2023-02-20,1850,1900,1850,1900,32
2023-02-21,1900,1900,1900,1900,547
2023-02-22,1800,1900,1800,1855,1722
2023-02-23,1850,1850,1825,1850,3654
2023-02-24,1850,1850,1850,1850,140
2023-02-27,1850,1850,1800,1800,1145
2023-02-28,1815,1825,1800,1825,1534
2023-03-01,1825,1825,1825,1825,643
2023-03-02,1850,1960,1850,1960,27
2023-03-03,1965,2050,1965,2050,862
2023-03-06,1975,2050,1975,2050,90
2023-03-07,2045,2045,1975,2040,688
2023-03-08,2040,2040,2040,2040,48
2023-03-13,2000,2000,1950,1950,1726
2023-03-14,1950,1950,1950,1950,600
2023-03-15,2030,2030,2030,2030,1
2023-03-16,1950,1955,1950,1950,106
2023-03-17,1825,2040,1825,2040,1386
2023-03-20,1950,2035,1950,2035,3725
2023-03-21,2035,2035,2035,2035,70
2023-03-22,2000,2000,2000,2000,148
2023-03-23,2000,2000,2000,2000,98
2023-03-24,1995,1995,1990,1990,51
2023-03-27,1990,1990,1845,1845,585
2023-03-28,1900,1900,1900,1900,15
2023-03-29,1925,1925,1925,1925,5
2023-03-30,1925,1925,1925,1925,530
2023-03-31,1925,1925,1925,1925,260
2023-04-03,1925,2000,1925,2000,221
2023-04-04,1995,1995,1995,1995,10
2023-04-05,1850,1990,1850,1990,112
2023-04-06,1980,1980,1980,1980,60
2023-04-07,1980,1980,1925,1925,59
2023-04-12,1925,1925,1845,1925,115
2023-04-13,1900,1900,1900,1900,15
2023-04-17,1900,1900,1855,1855,302
2023-04-19,1980,1980,1900,1980,72
2023-04-20,1900,2000,1900,2000,31
2023-04-24,2000,2000,2000,2000,2
2023-04-25,2000,2000,2000,2000,1000
2023-04-26,1900,1995,1900,1995,2001
2023-04-27,1995,1995,1900,1900,2360
2023-05-02,1900,1900,1865,1875,105
2023-05-03,1875,1875,1875,1875,15
2023-05-04,1870,1875,1870,1875,48
2023-05-05,1870,1870,1870,1870,1056
2023-05-08,1870,1900,1870,1900,101
2023-05-09,1900,1900,1900,1900,7
2023-05-11,1830,1830,1830,1830,405
2023-05-12,1900,1900,1830,1830,118
2023-05-15,1945,1945,1945,1945,14
2023-05-16,1945,1945,1945,1945,17
2023-05-19,1900,1995,1900,1995,333
2023-05-22,1955,1955,1955,1955,74
2023-05-23,1815,1950,1810,1950,1384
2023-05-24,1950,1950,1950,1950,10
2023-05-25,1950,1950,1950,1950,2
2023-05-30,1940,1940,1940,1940,51
2023-05-31,1930,1940,1930,1940,30
2023-06-05,1805,1805,1805,1805,225
2023-06-06,1810,1810,1805,1810,44
2023-06-07,1815,1815,1800,1800,477
2023-06-08,1810,1810,1800,1800,2738
2023-06-09,1810,1810,1800,1800,264
2023-06-12,1810,1900,1810,1815,1071
2023-06-13,1815,1815,1815,1815,700
2023-06-14,1820,1900,1820,1900,2030
2023-06-15,1950,1950,1950,1950,352
2023-06-16,1950,1950,1950,1950,204
2023-06-19,1955,1955,1955,1955,70
2023-06-20,1955,1955,1955,1955,20
2023-06-21,1955,2045,1955,2045,312
2023-06-22,2000,2000,2000,2000,60
2023-06-23,2000,2000,2000,2000,2
2023-06-26,1950,1990,1850,1990,240
2023-06-27,1990,1990,1990,1990,25
2023-06-29,1990,1995,1990,1990,75
2023-07-03,1950,2095,1905,2095,3821
2023-07-04,2095,2140,2095,2130,667
2023-07-05,2130,2130,2095,2130,284
2023-07-06,2130,2130,2100,2125,113
2023-07-11,2120,2125,2120,2120,102
2023-07-13,2175,2175,2100,2100,87
2023-07-14,2195,2200,2095,2095,2060
2023-07-17,2095,2095,2095,2095,137
2023-07-18,2095,2095,2095,2095,1210
2023-07-19,2190,2190,2190,2190,15
2023-07-20,2190,2190,2190,2190,3
2023-07-21,2190,2190,2095,2095,23
2023-07-24,2190,2190,2080,2080,189
2023-07-25,2080,2080,2080,2080,445
2023-07-26,2065,2065,2065,2065,40
2023-07-27,2080,2090,2080,2090,73
2023-07-28,2055,2160,2055,2160,674
2023-07-31,2190,2190,2100,2150,111
2023-08-01,2160,2190,2160,2190,962
2023-08-02,2105,2245,2100,2190,2745
2023-08-03,2100,2100,2100,2100,600
2023-08-04,2100,2100,2080,2080,11785
2023-08-09,2080,2080,2000,2000,15
2023-08-11,2000,2000,1850,1850,74
2023-08-14,1850,1850,1715,1750,247
2023-08-16,1715,1800,1715,1800,1047
2023-08-17,1800,1840,1715,1840,1819
2023-08-18,1940,1940,1920,1920,2
2023-08-21,1915,1915,1910,1910,38
2023-08-22,1895,1910,1775,1900,2005
2023-08-23,1900,1900,1900,1900,2
2023-08-24,1895,1900,1895,1900,10
2023-08-25,1895,1895,1895,1895,24
2023-08-28,1895,1950,1895,1900,96
2023-08-29,1920,1950,1920,1950,163
2023-08-30,1950,1950,1950,1950,196
2023-08-31,1990,1990,1920,1920,147
2023-09-01,1900,1900,1850,1860,676
2023-09-04,1900,1900,1900,1900,301
2023-09-05,1900,1930,1900,1930,4
2023-09-06,1790,1850,1790,1850,30
2023-09-07,1765,1780,1765,1780,488
2023-09-08,1910,1910,1910,1910,2
2023-09-11,1910,1910,1910,1910,39
2023-09-13,1900,1900,1900,1900,2
2023-09-14,1900,1910,1900,1910,942
2023-09-15,1910,1950,1910,1950,372
2023-09-20,1950,1950,1910,1910,164
2023-09-21,1910,1910,1905,1905,50
2023-09-22,1905,1910,1905,1910,95
2023-09-25,1910,1950,1910,1950,2881
2023-09-26,1990,1990,1985,1985,307
2023-09-28,1840,1840,1840,1840,2
2023-09-29,1750,1750,1750,1750,70
2023-10-02,1840,1840,1840,1840,48
2023-10-03,1800,1800,1800,1800,1
2023-10-04,1840,1840,1840,1840,42
2023-10-05,1840,1840,1840,1840,19
2023-10-06,1840,1840,1840,1840,60
2023-10-09,1840,1840,1840,1840,2
2023-10-11,1840,1840,1800,1800,1041
2023-10-12,1910,1910,1910,1910,10
2023-10-16,1910,1995,1800,1995,371
2023-10-17,1995,1995,1995,1995,6
2023-10-24,1975,1975,1975,1975,101
2023-10-25,1970,1970,1970,1970,10
2023-10-26,1970,1970,1970,1970,21
2023-10-27,1970,1970,1970,1970,26
2023-10-30,1970,1970,1825,1825,44
2023-10-31,1690,1690,1690,1690,387
2023-11-02,1580,1585,1565,1565,702
2023-11-03,1450,1545,1450,1545,368
2023-11-06,1430,1430,1430,1430,273
2023-11-07,1325,1430,1325,1325,458
2023-11-08,1230,1325,1230,1325,251
2023-11-10,1300,1325,1300,1300,350
2023-11-13,1300,1300,1300,1300,175
2023-11-14,1300,1300,1300,1300,50
2023-11-16,1300,1300,1245,1245,496
2023-11-17,1320,1320,1230,1230,616
2023-11-20,1230,1230,1230,1230,634
2023-11-21,1200,1200,1195,1195,765
2023-11-22,1195,1195,1150,1150,771
2023-11-23,1190,1190,1100,1100,1394
2023-11-24,1100,1145,1100,1145,90
2023-11-27,1140,1140,1105,1140,328
2023-11-28,1100,1100,1090,1090,1269
2023-11-29,1095,1095,1095,1095,148
2023-11-30,1100,1100,1050,1050,1486
2023-12-01,1015,1030,1015,1020,374
2023-12-04,1030,1030,1030,1030,293
2023-12-05,1030,1040,1010,1015,246
2023-12-06,1040,1040,1000,1000,1596
2023-12-07,1000,1000,990,1000,441
2023-12-08,1000,1000,995,995,361
2023-12-11,1000,1050,1000,1050,491
2023-12-12,1005,1050,1005,1050,835
2023-12-13,1020,1050,1020,1050,459
2023-12-14,1045,1050,1030,1050,6335
2023-12-15,1050,1050,1050,1050,223
2023-12-18,1050,1050,1050,1050,405
2023-12-19,1040,1040,1040,1040,201
2023-12-20,1040,1040,1025,1040,27
2023-12-22,1040,1040,1025,1025,120
2023-12-26,1025,1050,1025,1050,134
2023-12-27,1050,1050,1040,1040,47
2023-12-28,1050,1050,1020,1020,352
2023-12-29,1010,1040,1000,1000,3121
2024-01-02,1050,1050,1050,1050,584
2024-01-03,1050,1050,1020,1050,5184
2024-01-04,1050,1050,1050,1050,1300
2024-01-05,1050,1050,1045,1050,699
2024-01-08,1050,1095,1050,1095,972
2024-01-09,1095,1175,1095,1175,9040
2024-01-10,1210,1210,1175,1175,1184
2024-01-11,1170,1170,1160,1160,231
2024-01-12,1160,1160,1160,1160,118
2024-01-15,1100,1190,1100,1165,1639
2024-01-16,1210,1210,1210,1210,117
2024-01-17,1220,1295,1220,1225,554
2024-01-19,1310,1315,1300,1310,1859
2024-01-22,1310,1375,1310,1375,32
2024-01-23,1365,1370,1365,1370,560
2024-01-24,1375,1375,1350,1350,352
2024-01-25,1350,1350,1300,1300,307
2024-01-26,1395,1395,1395,1395,458
2024-01-29,1450,1450,1445,1445,140
2024-01-30,1445,1450,1445,1450,157
2024-01-31,1400,1450,1400,1450,190
2024-02-01,1395,1400,1395,1400,40
2024-02-02,1400,1400,1400,1400,421
2024-02-05,1400,1400,1400,1400,163
2024-02-06,1405,1405,1405,1405,8
2024-02-07,1405,1405,1405,1405,127
2024-02-08,1400,1400,1395,1395,342
2024-02-13,1325,1330,1325,1330,108
2024-02-14,1275,1285,1275,1285,107
2024-02-15,1190,1190,1190,1190,1
2024-02-16,1190,1190,1105,1105,590
2024-02-19,1105,1185,1105,1185,39
2024-02-20,1110,1190,1110,1190,73
2024-02-21,1190,1190,1120,1120,254
2024-02-22,1140,1140,1140,1140,145
2024-02-23,1140,1140,1120,1120,200
2024-02-28,1120,1120,1100,1100,22
2024-02-29,1090,1120,1090,1120,151
2024-03-01,1120,1120,1120,1120,6
2024-03-04,1100,1100,1055,1100,249
2024-03-05,1100,1100,1100,1100,130
2024-03-06,1105,1105,1100,1100,200
2024-03-07,1100,1100,1065,1070,1246
2024-03-08,1070,1070,1065,1065,175
2024-03-11,1070,1140,1070,1140,26
2024-03-12,1145,1145,1145,1145,319
2024-03-13,1145,1145,1145,1145,8
2024-03-14,1140,1140,1140,1140,10
2024-03-15,1140,1140,1140,1140,15
2024-03-18,1200,1200,1200,1200,335
2024-03-19,1205,1225,1205,1225,138
2024-03-20,1225,1225,1225,1225,1
2024-03-21,1225,1230,1225,1230,12
2024-03-22,1250,1250,1250,1250,10
2024-03-25,1200,1200,1200,1200,260
2024-03-27,1250,1250,1245,1245,66
2024-03-28,1250,1250,1245,1245,11
2024-03-29,1245,1245,1245,1245,135
2024-04-02,1245,1245,1240,1240,270
2024-04-03,1240,1250,1240,1250,374
2024-04-04,1300,1300,1240,1300,545
2024-04-05,1300,1300,1240,1295,158
2024-04-08,1295,1295,1240,1240,138
2024-04-09,1240,1240,1240,1240,118
2024-04-11,1230,1230,1225,1225,70
2024-04-12,1225,1235,1225,1225,124
2024-04-15,1215,1215,1215,1215,30
2024-04-16,1220,1220,1215,1215,257
2024-04-17,1295,1300,1295,1300,2037
2024-04-18,1300,1300,1300,1300,25
2024-04-19,1280,1300,1280,1300,69
2024-04-22,1300,1300,1300,1300,2
2024-04-23,1300,1300,1300,1300,133
2024-04-24,1300,1300,1250,1250,10046
2024-04-26,1300,1300,1300,1300,4
2024-04-29,1300,1300,1300,1300,2
2024-04-30,1300,1300,1300,1300,9
2024-05-02,1300,1300,1250,1250,31
2024-05-03,1160,1200,1160,1160,17
2024-05-06,1075,1155,1075,1155,3613
2024-05-07,1070,1160,1070,1070,160
2024-05-08,990,1000,990,990,1550
2024-05-10,950,990,925,925,1811
2024-05-13,990,990,990,990,367
2024-05-14,1000,1060,1000,1060,70
2024-05-15,1050,1050,1050,1050,304
2024-05-16,1050,1050,1050,1050,31
2024-05-17,1050,1050,1035,1045,509
2024-05-21,980,1000,970,1000,1044
2024-05-22,1000,1000,1000,1000,302
2024-05-23,1000,1000,1000,1000,5
2024-05-24,1050,1050,1050,1050,45
2024-05-27,1050,1120,1050,1120,319
2024-05-28,1120,1120,1060,1060,9
2024-05-29,1060,1060,1060,1060,1100
2024-05-30,1060,1060,1050,1050,150
2024-05-31,1050,1050,975,975,1366
2024-06-03,980,980,930,930,1095
2024-06-04,975,975,975,975,253
2024-06-05,975,975,975,975,121
2024-06-06,950,975,950,975,110
2024-06-07,975,1000,975,1000,713
2024-06-10,940,1000,940,1000,577
2024-06-11,945,1000,945,1000,21
2024-06-12,1000,1000,945,995,554
2024-06-13,995,995,995,995,504
2024-06-14,995,995,945,945,42
2024-06-18,1000,1000,995,995,113
2024-06-19,995,1000,945,1000,462
2024-06-20,1000,1000,1000,1000,80
2024-06-21,925,925,925,925,700
2024-06-24,960,960,930,930,97
2024-06-25,960,960,960,960,3
2024-06-26,1000,1000,930,1000,675
2024-06-28,1000,1000,1000,1000,233
2024-07-01,1000,1000,945,945,215
2024-07-02,1000,1000,955,1000,220
2024-07-03,960,1000,960,1000,46
2024-07-04,1000,1000,1000,1000,17
2024-07-08,1000,1000,950,995,917
2024-07-09,950,950,950,950,195
2024-07-10,950,995,950,995,1117
2024-07-11,995,1000,995,995,901
2024-07-12,995,995,940,940,59
2024-07-15,995,995,990,990,16
2024-07-16,1000,1000,1000,1000,355
2024-07-17,955,1000,955,1000,611
2024-07-18,1000,1000,1000,1000,124
2024-07-19,1000,1000,1000,1000,240
2024-07-22,1000,1020,995,1020,185
2024-07-23,995,1020,995,1020,904
2024-07-24,1020,1095,1020,1095,9
2024-07-26,1090,1090,1050,1075,650
2024-07-29,1080,1090,1080,1090,540
2024-07-30,1090,1090,1080,1090,50
2024-07-31,1080,1090,1080,1090,1107
2024-08-01,1080,1080,1080,1080,284
2024-08-02,1020,1080,1020,1080,503
2024-08-05,1000,1005,1000,1005,551
2024-08-06,1010,1010,1010,1010,40
2024-08-08,1010,1085,1010,1085,134
2024-08-09,1085,1085,1010,1060,260
2024-08-12,1080,1080,1080,1080,10
2024-08-13,1080,1080,1060,1080,235
2024-08-14,1080,1080,1040,1040,102
2024-08-16,1045,1060,1010,1060,1237
2024-08-19,1065,1100,1060,1100,1028
2024-08-20,1100,1100,1060,1060,32
2024-08-21,1060,1070,985,1070,1238
2024-08-22,1065,1100,1065,1100,178
2024-08-23,1180,1180,1180,1180,3512
2024-08-26,1255,1265,1255,1265,1323
2024-08-27,1190,1355,1190,1355,3055
2024-08-28,1365,1455,1365,1455,470
2024-08-29,1455,1455,1450,1450,162
2024-08-30,1450,1450,1355,1355,110
2024-09-02,1455,1455,1450,1455,612
2024-09-03,1455,1560,1455,1560,378
2024-09-04,1600,1600,1590,1590,434
2024-09-05,1585,1590,1560,1560,354
2024-09-06,1500,1500,1450,1450,186
2024-09-09,1450,1490,1450,1450,182
2024-09-10,1450,1450,1450,1450,1206
2024-09-11,1450,1450,1445,1445,16
2024-09-12,1445,1450,1445,1445,95
2024-09-13,1440,1440,1400,1400,23
2024-09-16,1400,1400,1295,1295,125
2024-09-17,1300,1300,1200,1200,177
2024-09-18,1200,1200,1155,1155,95
2024-09-19,1110,1110,1070,1070,334
2024-09-20,1070,1070,1070,1070,355
2024-09-23,1010,1010,1010,1010,64
2024-09-24,1020,1025,1020,1025,151
2024-09-25,1025,1025,1025,1025,1238
2024-09-26,1030,1075,1005,1005,732
2024-09-30,1050,1075,1050,1075,1674
2024-10-01,1075,1075,1075,1075,101
2024-10-02,1075,1150,1075,1150,82
2024-10-03,1145,1145,1145,1145,20
2024-10-04,1145,1150,1145,1150,151
2024-10-07,1145,1150,1145,1150,354
2024-10-08,1145,1150,1075,1150,305
2024-10-09,1150,1150,1070,1070,543
2024-10-10,1080,1140,1080,1080,103
2024-10-11,1085,1085,1080,1080,123
2024-10-14,1130,1130,1080,1080,86
2024-10-15,1080,1130,1065,1065,6122
2024-10-16,1075,1080,1075,1080,20
2024-10-17,1080,1130,1080,1130,328
2024-10-18,1130,1130,1130,1130,4125
2024-10-21,1130,1130,1080,1130,242
2024-10-22,1130,1130,1130,1130,464
2024-10-23,1155,1155,1150,1150,369
2024-10-24,1145,1145,1140,1140,158
2024-10-25,1135,1140,1135,1140,222
2024-10-28,1140,1140,1140,1140,31
2024-10-29,1140,1140,1140,1140,39
2024-10-30,1140,1155,1105,1145,51
2024-10-31,1155,1155,1155,1155,5
2024-11-04,1140,1140,1140,1140,1
2024-11-05,1135,1135,1065,1135,292
2024-11-06,1140,1140,1065,1135,73
2024-11-07,1150,1155,1150,1155,128
2024-11-08,1135,1135,1080,1100,27
2024-11-11,1100,1100,1100,1100,528
2024-11-12,1100,1100,1100,1100,23
2024-11-13,1150,1150,1150,1150,7
2024-11-14,1150,1150,1150,1150,150
2024-11-18,1150,1150,1125,1150,553
2024-11-19,1125,1125,1125,1125,19
2024-11-20,1125,1125,1125,1125,2
2024-11-21,1050,1050,1045,1045,1027
2024-11-22,980,1120,970,1120,473
2024-11-25,1115,1115,1115,1115,13
2024-11-26,1115,1120,1115,1120,150
2024-11-27,1120,1120,1110,1110,16
2024-11-28,1100,1140,1100,1120,759
2024-11-29,1150,1200,1150,1200,164
2024-12-02,1200,1200,1200,1200,177
2024-12-03,1200,1200,1200,1200,73
2024-12-04,1190,1190,1110,1110,224
2024-12-05,1110,1160,1030,1160,1172
2024-12-06,1150,1150,1150,1150,3
2024-12-09,1145,1150,1145,1150,28
2024-12-10,1150,1160,1150,1160,114
2024-12-11,1075,1125,1075,1125,861
2024-12-12,1120,1125,1120,1125,22
2024-12-13,1125,1125,1125,1125,50
2024-12-16,1105,1120,1105,1120,49
2024-12-17,1120,1120,1040,1040,589
2024-12-18,1045,1045,1000,1000,270
2024-12-19,930,1075,930,940,1212
2024-12-20,945,945,945,945,17
2024-12-23,945,1000,945,1000,79
2024-12-26,1000,1000,1000,1000,410
2024-12-27,1075,1075,1075,1075,50
2024-12-30,1075,1075,995,995,779
2024-12-31,1065,1065,1065,1065,2
2025-01-03,1090,1090,1065,1065,111
2025-01-06,1085,1090,995,1090,41
2025-01-07,1075,1075,1075,1075,31
2025-01-08,1085,1085,995,995,91
2025-01-09,1065,1065,1000,1060,466
2025-01-10,1060,1060,1055,1060,24
2025-01-13,985,1030,985,1030,232
2025-01-14,1030,1030,955,955,794
2025-01-15,910,1025,910,1025,81
2025-01-16,1025,1025,1000,1000,18
2025-01-17,1000,1000,1000,1000,23
2025-01-20,950,1000,950,960,35
2025-01-21,960,960,935,960,265
2025-01-22,995,995,995,995,228
2025-01-23,995,1000,995,1000,444
2025-01-24,1020,1020,1000,1000,962
2025-01-27,1000,1000,1000,1000,227
2025-01-28,1000,1000,1000,1000,21
2025-01-29,1000,1050,1000,1050,111
2025-01-30,1025,1050,1000,1040,155
2025-01-31,1040,1040,1035,1035,114
2025-02-03,1000,1025,1000,1025,32
2025-02-04,1020,1020,1020,1020,101
2025-02-05,1020,1020,1020,1020,89
2025-02-06,1015,1020,1015,1020,240
2025-02-07,1025,1095,1020,1060,1539
2025-02-10,985,985,985,985,43
2025-02-11,1050,1050,1000,1000,1513
2025-02-12,1005,1045,980,1045,3230
2025-02-13,1050,1050,990,990,666
2025-02-14,1050,1050,990,1050,75
2025-02-17,1050,1050,990,1050,113
2025-02-18,995,1040,995,1040,102
2025-02-19,1000,1050,1000,1050,120
2025-02-20,1040,1050,1040,1050,191
2025-02-21,1045,1050,1045,1045,228
2025-02-24,1000,1050,990,1050,87
2025-02-25,1120,1120,1050,1050,45
2025-02-26,1050,1110,1050,1110,12
2025-02-27,1115,1115,1115,1115,3
2025-02-28,1055,1110,1035,1110,72
2025-03-03,1055,1110,1030,1110,1486
2025-03-04,1110,1110,1030,1100,164
2025-03-05,1020,1110,1020,1110,119
2025-03-06,1100,1100,1030,1100,315
2025-03-07,1020,1095,1020,1075,1158
2025-03-10,1075,1075,1000,1055,8120
2025-03-11,1055,1075,1000,1075,81
2025-03-12,1075,1075,1010,1010,103
2025-03-13,1075,1075,1010,1065,310
2025-03-14,1065,1065,1000,1065,1593
2025-03-17,1060,1060,1025,1025,54
2025-03-18,1025,1045,1025,1045,183
2025-03-19,1050,1050,1025,1025,3876
2025-03-20,1045,1045,1025,1025,2955
2025-03-21,1020,1020,1020,1020,200
2025-03-24,1020,1025,1015,1025,201
2025-03-25,1025,1025,1015,1025,11
2025-03-26,1005,1065,1005,1065,1882
2025-03-28,1065,1065,1000,1060,62
2025-04-01,1060,1065,1000,1000,998
2025-04-02,1060,1060,1000,1060,67
2025-04-04,1045,1045,1040,1040,1024
2025-04-07,1040,1040,1040,1040,10
2025-04-08,1040,1040,1000,1000,210
2025-04-09,1000,1000,925,925,3014
2025-04-10,925,925,925,925,10
2025-04-11,935,935,930,930,269
2025-04-14,930,930,865,865,448
2025-04-15,925,925,865,925,10136
2025-04-16,925,990,925,990,509
2025-04-17,990,990,990,990,492
2025-04-18,1055,1055,990,1000,145
2025-04-22,1000,1000,970,995,1451
2025-04-23,950,990,950,990,1385
2025-04-24,995,995,995,995,15440
2025-04-25,990,995,990,995,359
2025-04-28,995,995,950,950,1028
2025-04-29,995,995,940,995,1128
2025-04-30,1020,1020,1020,1020,20
2025-05-02,955,1020,955,1020,2334
2025-05-05,1060,1095,1000,1000,623
2025-05-06,1050,1050,1025,1025,112
2025-05-07,1060,1060,1000,1000,159
2025-05-08,1000,1000,955,970,2353
2025-05-09,1040,1040,925,1000,9428
2025-05-12,1000,1075,1000,1075,2148
2025-05-13,1085,1150,1075,1150,1472
2025-05-14,1235,1235,1200,1200,762
2025-05-15,1190,1190,1155,1155,149
2025-05-16,1155,1155,1070,1070,3882
2025-05-19,1070,1150,1070,1145,294
2025-05-20,1145,1145,1070,1145,508
2025-05-21,1145,1175,1145,1175,262
2025-05-22,1175,1175,1090,1090,117
2025-05-23,1070,1150,1070,1145,13153
2025-05-26,1145,1145,1140,1140,270
2025-05-27,1140,1145,1140,1145,26
2025-05-28,1145,1145,1140,1145,76
2025-05-30,1145,1145,1060,1090,154
2025-06-02,1145,1150,1060,1060,2076
2025-06-03,1060,1100,1060,1100,328
2025-06-04,1100,1100,1060,1060,173
2025-06-05,1135,1135,1100,1135,1003
2025-06-10,1135,1150,1100,1150,2286
2025-06-11,1150,1150,1065,1065,2540
2025-06-12,1140,1140,1135,1140,356
2025-06-13,1140,1140,1140,1140,111
2025-06-16,1200,1200,1110,1135,227
2025-06-17,1140,1140,1135,1135,1165
2025-06-18,1135,1150,1125,1135,17899
2025-06-19,1135,1195,1135,1190,470
2025-06-20,1190,1190,1160,1160,942
2025-06-23,1160,1195,1160,1195,27
2025-06-24,1195,1195,1150,1195,441
2025-06-25,1190,1200,1190,1200,38
2025-06-26,1200,1225,1150,1225,374
2025-06-27,1225,1225,1225,1225,155
2025-06-30,1225,1225,1200,1200,756
2025-07-01,1200,1200,1125,1150,1351
2025-07-02,1200,1200,1120,1200,631
2025-07-03,1200,1230,1150,1230,211
2025-07-04,1230,1320,1230,1320,1194
2025-07-07,1320,1400,1320,1400,477
2025-07-08,1400,1495,1300,1300,967
2025-07-09,1230,1265,1230,1265,9
2025-07-10,1265,1265,1250,1265,685
2025-07-11,1325,1325,1300,1325,153
2025-07-14,1325,1395,1325,1395,312
2025-07-15,1295,1395,1295,1300,285
2025-07-16,1300,1395,1205,1210,3013
2025-07-17,1215,1300,1215,1300,826
2025-07-18,1300,1385,1300,1345,265
2025-07-21,1345,1380,1345,1350,120
2025-07-22,1350,1350,1250,1250,396
2025-07-23,1250,1340,1250,1340,366
2025-07-24,1340,1340,1300,1310,3020
2025-07-25,1310,1340,1250,1275,5025
2025-07-28,1275,1335,1275,1335,589
2025-07-29,1300,1300,1240,1240,11747
2025-07-30,1240,1330,1240,1255,78
2025-07-31,1255,1300,1255,1300,25
2025-08-01,1335,1335,1300,1300,108
2025-08-04,1295,1300,1250,1250,607
2025-08-05,1335,1340,1335,1340,1210
2025-08-06,1300,1370,1300,1370,153
2025-08-08,1365,1400,1365,1400,3905
2025-08-11,1445,1505,1445,1500,2258
2025-08-12,1500,1600,1500,1500,3475
2025-08-13,1410,1550,1410,1550,109
2025-08-14,1550,1600,1550,1555,5308
2025-08-18,1600,1670,1600,1665,359
2025-08-19,1665,1785,1660,1785,6728
2025-08-20,1905,1915,1900,1905,9468
2025-08-21,1915,2000,1905,1955,6555
2025-08-22,1990,1990,1850,1900,10912
2025-08-25,1900,1995,1800,1900,434
2025-08-26,1900,1905,1780,1780,2447
2025-08-27,1780,1890,1780,1890,1429
2025-08-28,1890,1890,1800,1800,461
2025-08-29,1800,1800,1770,1780,831
2025-09-01,1795,1795,1785,1785,165
2025-09-02,1785,1785,1655,1750,5394
2025-09-03,1665,1780,1665,1780,744
2025-09-05,1780,1780,1750,1760,655
2025-09-08,1760,1760,1660,1760,307
2025-09-09,1755,1755,1630,1630,9489
2025-09-10,1630,1630,1510,1510,4866
2025-09-11,1500,1500,1400,1495,5512
2025-09-12,1475,1490,1385,1400,3775
2025-09-15,1400,1495,1400,1495,5256
2025-09-16,1495,1495,1450,1450,2621
2025-09-17,1495,1495,1450,1450,2092
2025-09-18,1450,1555,1450,1555,1681
2025-09-19,1500,1665,1500,1665,2606
2025-09-22,1780,1780,1665,1665,528
2025-09-23,1670,1700,1665,1700,875
2025-09-24,1700,1700,1660,1670,678
2025-09-25,1700,1700,1670,1675,554
2025-09-26,1675,1680,1550,1550,2067
2025-09-29,1575,1660,1575,1650,390
2025-09-30,1655,1695,1650,1660,3440
2025-10-01,1700,1700,1675,1690,633
2025-10-02,1695,1800,1695,1800,3007
2025-10-03,1900,1935,1900,1935,2026
2025-10-06,1985,1985,1845,1900,8290
2025-10-07,1900,1900,1820,1840,2035
2025-10-08,1890,1890,1890,1890,1998
2025-10-09,1890,1950,1890,1950,2629
2025-10-10,1950,1985,1950,1985,12749
2025-10-13,1990,2000,1970,2000,20744
2025-10-14,2000,2125,2000,2120,12704
2025-10-15,2130,2130,2000,2000,12218
2025-10-16,2010,2115,2000,2020,4233
2025-10-17,1905,2020,1905,1905,2917
2025-10-20,1830,1900,1805,1820,3786
2025-10-21,1820,1840,1820,1820,6019
2025-10-22,1800,1800,1710,1725,3345
2025-10-23,1800,1825,1780,1820,2287
2025-10-24,1825,1900,1825,1900,2479
2025-10-27,1850,1900,1845,1895,3137
2025-10-28,1895,1895,1835,1890,999
2025-10-29,1895,1945,1855,1910,7024
2025-10-30,1910,1995,1910,1995,4911
2025-10-31,1995,1995,1940,1950,1331
2025-11-03,1805,1805,1805,1805,1627
2025-11-04,1670,1670,1670,1670,5810
2025-11-05,1545,1545,1545,1545,580
2025-11-06,1430,1500,1430,1430,635
2025-11-07,1325,1325,1325,1325,5191
2025-11-10,1230,1260,1230,1260,30877
2025-11-11,1260,1330,1205,1315,6311
2025-11-12,1410,1410,1400,1410,1593
2025-11-13,1500,1500,1420,1485,2606
2025-11-14,1400,1485,1400,1460,1992
2025-11-17,1485,1485,1400,1450,1108
2025-11-18,1450,1450,1395,1410,3227
2025-11-19,1430,1430,1350,1410,2172
2025-11-20,1405,1405,1350,1405,2955
2025-11-21,1405,1405,1405,1405,193
2025-11-24,1400,1405,1365,1365,1670
2025-11-25,1365,1405,1340,1395,9032
2025-11-26,1395,1395,1365,1365,2347
2025-11-27,1365,1385,1365,1365,5496
2025-11-28,1370,1395,1365,1395,1462
2025-12-01,1395,1395,1370,1390,269
2025-12-02,1390,1390,1350,1355,3048
2025-12-03,1355,1390,1355,1355,609
2025-12-04,1355,1395,1350,1350,1315
2025-12-05,1350,1450,1350,1450,3853
2025-12-08,1495,1495,1400,1400,1525
2025-12-09,1405,1500,1400,1440,5227
2025-12-10,1480,1480,1440,1440,542
2025-12-11,1465,1465,1365,1365,5046
2025-12-12,1365,1400,1360,1360,4382
2025-12-15,1460,1460,1460,1460,1870
2025-12-16,1475,1475,1400,1460,1536
2025-12-17,1460,1460,1400,1400,1900
2025-12-18,1400,1445,1400,1445,704
2025-12-19,1440,1445,1425,1425,480
2025-12-22,1460,1460,1425,1425,1468
2025-12-23,1425,1450,1390,1450,136
2025-12-24,1365,1450,1365,1450,1262
2025-12-26,1450,1450,1450,1450,117
2025-12-29,1450,1450,1425,1425,962
2025-12-30,1425,1450,1400,1420,1557
2025-12-31,1410,1410,1390,1410,228
2026-01-02,1365,1365,1365,1365,1223
2026-01-05,1360,1370,1360,1370,3563
2026-01-06,1370,1370,1320,1365,449
2026-01-07,1370,1445,1325,1395,556
2026-01-08,1400,1400,1380,1380,5718
2026-01-09,1350,1395,1350,1380,389
2026-01-12,1305,1390,1305,1390,892
2026-01-13,1390,1390,1300,1385,153
2026-01-14,1380,1385,1350,1350,182
2026-01-15,1350,1350,1315,1350,1431
2026-01-16,1385,1400,1350,1350,513
2026-01-19,1350,1450,1350,1450,1752
2026-01-20,1450,1555,1450,1555,3457
2026-01-21,1670,1670,1625,1670,5995
2026-01-22,1795,1795,1670,1785,5595
2026-01-23,1785,1785,1680,1685,1167
2026-01-26,1685,1685,1560,1660,767
2026-01-27,1655,1655,1540,1540,2381
2026-01-28,1450,1500,1425,1500,2131
2026-01-29,1490,1500,1430,1450,2679
2026-01-30,1445,1445,1385,1400,4482
2026-02-02,1440,1500,1440,1495,1364
2026-02-03,1505,1600,1490,1490,4289
2026-02-04,1490,1540,1490,1540,3575
2026-02-05,1540,1540,1490,1490,896
2026-02-06,1490,1540,1490,1535,659
2026-02-09,1535,1600,1535,1600,2876
2026-02-10,1700,1700,1600,1700,4101
2026-02-11,1700,1700,1600,1650,2866
2026-02-12,1645,1645,1585,1585,350
2026-02-13,1580,1585,1500,1575,1114
2026-02-16,1590,1590,1500,1510,1761
2026-02-17,1500,1580,1500,1500,2156
2026-02-18,1500,1585,1500,1575,2786
2026-02-19,1580,1580,1575,1580,1931
2026-02-20,1580,1580,1510,1555,2097
2026-02-23,1560,1610,1560,1575,2614
2026-02-24,1570,1595,1555,1580,3031
2026-02-25,1580,1620,1565,1565,6309
2026-02-26,1580,1625,1570,1575,6575
2026-02-27,1600,1625,1565,1625,1998
2026-03-02,1625,1630,1575,1630,2785
2026-03-03,1630,1630,1590,1600,2553
2026-03-04,1600,1630,1545,1590,1617
2026-03-05,1630,1650,1550,1610,1438
2026-03-06,1565,1650,1530,1600,3339
2026-03-09,1600,1600,1580,1600,1040
2026-03-10,1600,1645,1505,1600,5695
2026-03-11,1600,1635,1595,1630,1693
2026-03-12,1630,1630,1600,1600,3361
2026-03-13,1600,1625,1585,1625,1247
2026-03-17,1625,1625,1600,1610,1624
2026-03-18,1605,1620,1575,1575,1911
2026-03-19,1575,1600,1575,1600,328
2026-03-23,1620,1620,1600,1605,1125
2026-03-24,1605,1605,1580,1580,2430
2026-03-25,1580,1615,1580,1600,671
2026-03-26,1600,1615,1580,1610,677
2026-03-27,1610,1615,1595,1610,2102
2026-03-30,1610,1610,1585,1585,474
2026-03-31,1585,1610,1585,1590,394
2026-04-01,1590,1600,1590,1590,1238
2026-04-02,1585,1590,1550,1590,852
2026-04-03,1590,1590,1515,1515,782
2026-04-07,1515,1600,1515,1595,663
2026-04-08,1595,1595,1585,1585,565
2026-04-09,1580,1580,1575,1580,1381
2026-04-10,1585,1585,1550,1580,945
2026-04-13,1580,1580,1550,1550,837
2026-04-14,1550,1570,1550,1565,564
2026-04-15,1565,1580,1550,1570,1111
2026-04-16,1570,1600,1560,1565,839
2026-04-17,1565,1565,1505,1505,422
2026-04-20,1565,1565,1505,1560,235
2026-04-21,1560,1610,1505,1565,2329
2026-04-22,1640,1645,1600,1630,1415
2026-04-23,1630,1630,1555,1600,1291
2026-04-24,1500,1600,1500,1600,1304
2026-04-27,1600,1600,1590,1590,349
2026-04-28,1585,1585,1560,1585,2298
2026-04-29,1560,1585,1560,1565,355
2026-04-30,1565,1565,1560,1565,216
2026-05-04,1450,1450,1450,1450,1092
2026-05-05,1345,1345,1345,1345,1981
2026-05-06,1345,1350,1280,1350,2376
2026-05-07,1350,1350,1290,1335,1454
2026-05-08,1300,1330,1265,1300,8921
2026-05-11,1345,1395,1300,1395,895
2026-05-12,1415,1495,1400,1495,7896
2026-05-13,1500,1590,1495,1590,3439
2026-05-15,1600,1600,1545,1545,3859
2026-05-18,1580,1600,1545,1545,1312
2026-05-19,1575,1605,1500,1500,1073
2026-05-20,1500,1550,1495,1550,1219
2026-05-21,1550,1550,1525,1525,669
2026-05-22,1550,1550,1500,1500,1423
2026-05-26,1495,1495,1495,1495,447
2026-05-28,1495,1595,1495,1585,1714
2026-05-29,1590,1600,1585,1585,815
2026-06-01,1700,1700,1700,1700,5633
2026-06-02,1750,1750,1700,1700,4868
2026-06-03,1580,1705,1580,1700,5421
2026-06-04,1600,1695,1600,1650,558
2026-06-05,1640,1700,1600,1650,4875
2026-06-08,1650,1680,1570,1675,739
2026-06-09,1700,1700,1575,1630,1289
2026-06-10,1680,1750,1650,1750,4468
2026-06-11,1750,1880,1750,1880,2584
2026-06-12,1880,1990,1840,1880,2933
2026-06-15,1880,1880,1850,1880,5230
2026-06-16,1880,1990,1880,1900,6418
2026-06-17,1950,1990,1950,1960,2621
2026-06-18,1990,2015,1960,2015,12000
2026-06-19,2050,2165,2050,2100,6491
2026-06-22,2100,2105,1990,1990,4752
2026-06-23,1990,2000,1980,1990,4227
2026-06-24,1990,1990,1965,1965,1504
2026-06-25,1985,1990,1980,1990,652
2026-06-26,1990,1990,1965,1965,1662
2026-06-29,2000,2000,1985,1985,1602
2026-06-30,1985,2000,1965,1985,3477
2026-07-01,1995,1995,1985,1985,945
2026-07-02,1985,1985,1905,1985,3107
2026-07-03,1985,2000,1985,2000,1176
2026-07-06,2000,2000,1955,1990,675
2026-07-07,1990,1990,1950,1960,1522
2026-07-08,1960,1980,1950,1950,3166
2026-07-09,1805,1920,1805,1805,1228
2026-07-10,1750,1800,1720,1755,1567
2026-07-13,1755,1800,1755,1770,725
2026-07-14,1770,1800,1750,1750,4841
2026-07-15,1755,1880,1755,1880,1869
2026-07-16,1880,1880,1875,1875,6246
2026-07-17,1995,2000,1875,1875,4512
2026-07-20,1775,2000,1775,1990,2117
2026-07-21,1885,1990,1885,1985,552
2026-07-22,1985,1990,1900,1975,459
2026-07-23,1975,1990,1965,1990,683
2026-07-24,1985,1985,1900,1985,1055
2026-07-27,1900,1985,1870,1900,475
2026-07-28,1900,1900,1875,1875,1365
2026-07-29,1870,1900,1870,1875,692
2026-07-30,1900,1980,1875,1880,1137
2026-07-31,1895,1895,1850,1890,371
2026-08-03,1900,1990,1880,1930,2336
2026-08-04,1930,1930,1925,1930,2393
2026-08-05,1925,1925,1915,1915,2121
2026-08-06,1915,1915,1900,1900,1386
2026-08-10,1900,1930,1900,1905,4690
2026-08-11,1900,1985,1900,1985,2392
2026-08-12,1940,1995,1940,1995,2435
2026-08-13,2000,2000,1970,2000,3095
2026-08-14,2000,2000,1990,2000,921
2026-08-17,2000,2000,1960,1985,2715
2026-08-18,2000,2000,1990,1995,1907
2026-08-19,1995,2000,1985,1990,2320
2026-08-20,1985,1995,1985,1990,1382
2026-08-21,1990,1995,1985,1990,3586
2026-08-24,1990,2000,1990,1990,3163
2026-08-26,1990,2135,1990,2135,10030
2026-08-27,2200,2295,2200,2295,1648
2026-08-28,2440,2440,2250,2300,3470
2026-08-31,2265,2295,2265,2295,1270
2026-09-01,2300,2440,2295,2400,16066
2026-09-02,2385,2440,2220,2220,11385
2026-09-03,2075,2230,2075,2200,12763
2026-09-04,2200,2200,2050,2175,3790
2026-09-07,2175,2175,2100,2105,2024
2026-09-08,2105,2105,2035,2045,3307
2026-09-09,2035,2120,2035,2120,2229
2026-09-10,2115,2165,2105,2165,2162
2026-09-11,2165,2165,2135,2135,3999
2026-09-14,2165,2295,2140,2295,2352
2026-09-15,2295,2300,2150,2275,1851
2026-09-16,2275,2275,2105,2105,2020
2026-09-17,2105,2105,2060,2060,4704
2026-09-18,2055,2055,2000,2000,3592
2026-09-21,2035,2035,1950,1985,782
2026-09-22,1900,1935,1850,1900,1384
2026-09-23,1990,1990,1760,1890,2439
2026-09-24,1890,1900,1865,1890,897
2026-09-25,1890,2010,1870,2010,1083
