Date,Open,High,Low,Close,Volume
1998-09-16,1700,1700,1700,1700,130
1998-09-18,1700,1700,1700,1700,10
1998-09-21,1700,1700,1700,1700,250
1998-09-23,1700,1700,1700,1700,7900
1998-09-25,1700,1700,1700,1700,30
1998-09-28,1600,1600,1600,1600,180
1998-09-30,1700,1700,1700,1700,1100
1998-10-02,1650,1650,1650,1650,8750
1998-10-07,1650,1650,1650,1650,5000
1998-10-14,1700,1700,1700,1700,640
1998-10-28,1700,1700,1700,1700,70
1998-11-06,1637,1637,1637,1637,20
1998-11-11,1637,1637,1637,1637,130
1998-12-21,1400,1400,1400,1400,50
1998-12-23,1400,1400,1400,1400,10
1998-12-30,1400,1400,1400,1400,80200
1999-02-03,1026,1026,1026,1026,3070
1999-02-08,1026,1026,1026,1026,2000
1999-02-10,1025,1025,1025,1025,500
1999-02-12,950,950,950,950,490
1999-02-17,950,950,950,950,100
1999-02-19,900,900,900,900,150
1999-02-22,900,900,900,900,300
1999-02-24,900,900,900,900,16950
1999-02-26,900,900,900,900,15100
1999-03-01,900,900,900,900,1310
1999-03-03,900,900,900,900,17050
1999-03-08,1000,1000,1000,1000,170
1999-03-10,1020,1020,1020,1020,300
1999-03-12,1020,1020,1020,1020,1100
1999-03-15,1020,1020,1020,1020,1600
1999-03-17,1014,1014,1014,1014,1980
1999-03-19,1013,1013,1013,1013,100
1999-03-22,1014,1014,1014,1014,600
1999-03-24,938,938,938,938,8200
1999-03-26,930,930,930,930,8290
1999-03-29,901,901,901,901,250
1999-03-31,900,900,900,900,4950
1999-04-02,900,900,900,900,21150
1999-04-07,900,900,900,900,6550
1999-04-09,900,900,900,900,5000
1999-04-14,900,900,900,900,11950
1999-04-16,900,900,900,900,3700
1999-04-19,900,900,900,900,5020
1999-04-21,900,900,900,900,18690
1999-04-23,900,900,900,900,1430
1999-04-26,900,900,900,900,130
1999-04-28,900,900,900,900,100
1999-05-03,900,900,900,900,270
1999-05-05,900,900,900,900,2100
1999-05-07,900,900,900,900,2000
1999-05-10,900,900,900,900,2000
1999-05-12,968,968,968,968,1650
1999-05-14,968,968,968,968,120
1999-05-17,900,900,900,900,1450
1999-05-19,900,900,900,900,1220
1999-05-21,900,900,900,900,1650
1999-05-26,900,900,900,900,100
1999-05-28,900,900,900,900,770
1999-05-31,900,900,900,900,710
1999-06-02,900,900,900,900,4500
1999-06-11,900,900,900,900,750
1999-06-16,900,900,900,900,1880
1999-07-14,770,770,770,770,2800
1999-07-21,660,660,660,660,16570
1999-07-23,660,660,660,660,1800
1999-07-28,660,660,660,660,1340
1999-07-30,660,660,660,660,1830
1999-08-04,700,700,700,700,600
1999-08-06,700,700,700,700,50
1999-08-11,660,660,660,660,510
1999-08-13,660,660,660,660,610
1999-08-16,660,660,660,660,300
1999-08-18,660,660,660,660,150
1999-08-20,660,660,660,660,400
1999-08-23,660,660,660,660,250
1999-08-25,631,631,631,631,850
1999-08-30,620,620,620,620,600
1999-09-08,600,600,600,600,2210
1999-09-10,600,600,600,600,310
1999-09-13,600,600,600,600,1450
1999-09-24,600,600,600,600,1000
1999-09-29,600,600,600,600,450
1999-10-01,590,590,590,590,2200
1999-10-04,590,590,590,590,400
1999-10-06,590,590,590,590,430
1999-10-13,600,600,600,600,4600
1999-10-18,600,600,600,600,1210
1999-10-20,601,601,601,601,100
1999-10-22,602,602,602,602,1090
1999-10-27,635,635,635,635,1450
1999-11-03,651,651,651,651,200
1999-11-12,700,700,700,700,11190
1999-11-17,750,750,750,750,2050
1999-11-19,751,751,751,751,550
1999-11-22,751,751,751,751,100
1999-11-24,800,800,800,800,600
1999-12-01,750,750,750,750,130
1999-12-03,800,800,800,800,3250
1999-12-06,820,820,820,820,10270
1999-12-08,870,870,870,870,20500
1999-12-10,900,900,900,900,10600
1999-12-13,900,900,900,900,2000
1999-12-15,950,950,950,950,7930
1999-12-17,1020,1020,1020,1020,250
1999-12-20,1050,1050,1050,1050,700
1999-12-22,1050,1050,1050,1050,600
1999-12-27,1045,1045,1045,1045,700
1999-12-29,1030,1030,1030,1030,150
2000-01-05,1000,1000,1000,1000,1900
2000-01-24,900,900,900,900,500
2000-03-10,800,800,800,800,250
2000-03-13,799,799,799,799,200
2000-03-20,750,750,750,750,300
2000-03-24,750,750,750,750,4500
2000-03-29,740,740,740,740,1700
2000-04-19,740,740,740,740,980
2000-05-05,740,740,740,740,50
2000-06-07,700,700,700,700,100
2000-07-19,679,679,679,679,710
2000-08-25,650,650,650,650,5000
2000-08-28,602,602,602,602,8000
2000-08-30,647,647,647,647,1980
2000-09-01,601,601,601,601,9820
2000-09-08,603,603,603,603,380
2000-09-11,603,603,603,603,300
2000-09-20,604,604,604,604,100
2000-09-22,605,605,605,605,600
2000-09-25,605,605,605,605,550
2000-09-27,605,605,605,605,2970
2000-10-02,605,605,605,605,540
2000-10-04,607,607,607,607,290
2000-10-06,605,605,605,605,2190
2000-10-09,605,605,605,605,540
2000-10-13,605,605,605,605,160
2000-10-20,605,605,605,605,350
2000-11-02,605,605,605,605,1190
2000-11-24,605,605,605,605,50
2000-11-27,605,605,605,605,2120
2000-12-01,605,605,605,605,16560
2000-12-08,605,605,605,605,1250
2000-12-15,605,605,605,605,2750
2001-01-03,600,600,600,600,2820
2001-01-05,600,600,600,600,510
2001-01-15,600,600,600,600,470
2001-01-19,600,600,600,600,270
2001-01-24,590,590,590,590,5230
2001-02-14,590,590,590,590,40
2001-02-23,590,590,590,590,100
2001-04-11,550,550,550,550,4900
2001-04-13,509,509,509,509,5300
2001-04-20,509,509,509,509,1000
2001-04-25,510,510,510,510,5160
2001-05-02,520,520,520,520,300
2001-05-04,520,520,520,520,640
2001-05-09,520,520,520,520,10
2001-05-11,520,520,520,520,120
2001-05-16,520,520,520,520,130
2001-05-21,601,601,601,601,1800
2001-05-23,601,601,601,601,440
2001-05-25,620,620,620,620,2200
2001-05-28,620,620,620,620,160
2001-05-30,620,620,620,620,2100
2001-06-01,621,621,621,621,1560
2001-06-08,620,620,620,620,300
2001-06-13,600,600,600,600,1160
2001-06-15,600,600,600,600,40
2001-06-27,555,555,555,555,950
2001-07-06,514,514,514,514,550
2001-07-11,514,514,514,514,600
2001-07-13,514,514,514,514,100
2001-07-16,500,500,500,500,1000
2001-07-18,500,500,500,500,290
2001-07-23,500,500,500,500,1000
2001-08-01,500,500,500,500,3430
2001-08-03,500,500,500,500,50
2001-08-08,500,500,500,500,170
2001-08-10,500,500,500,500,610
2001-08-13,500,500,500,500,1100
2001-08-22,500,500,500,500,3550
2001-08-24,500,500,500,500,3170
2001-08-29,500,500,500,500,300
2001-09-03,500,500,500,500,60
2001-09-05,500,500,500,500,1150
2001-09-10,500,500,500,500,2000
2001-09-12,500,500,500,500,500
2001-09-19,530,530,530,530,100
2001-09-21,530,530,530,530,240
2001-10-03,530,530,530,530,200
2001-10-05,530,530,530,530,300
2001-10-19,500,500,500,500,1230
2001-10-22,500,500,500,500,2730
2001-10-24,500,500,500,500,10000
2001-10-29,500,500,500,500,10
2001-11-16,500,500,500,500,400
2001-11-22,500,500,500,500,100
2001-11-30,500,500,500,500,1360
2001-12-14,537,537,537,537,3000
2001-12-17,577,577,577,577,2240
2001-12-19,620,620,620,620,1220
2001-12-21,715,715,715,715,3150
2001-12-24,769,769,769,769,500
2001-12-26,826,826,826,826,500
2001-12-27,888,888,888,888,1500
2001-12-28,954,954,954,954,100
2001-12-31,1026,1026,1026,1026,1330
2002-01-04,1026,1026,1026,1026,25000
2002-01-29,1000,1000,1000,1000,100
2002-03-04,930,930,930,930,170
2002-03-08,900,900,900,900,110
2002-04-29,900,900,900,900,30
2002-05-06,740,740,740,740,300
2002-06-10,586,586,586,586,730
2002-06-20,543,543,543,543,680
2002-06-21,502,502,502,502,2860
2002-06-28,500,500,500,500,5000
2002-07-01,500,500,500,500,7210
2002-07-02,502,502,502,502,180
2002-07-03,506,506,506,506,440
2002-07-04,507,507,507,507,150
2002-07-12,507,507,507,507,350
2002-07-15,510,510,510,510,420
2002-07-16,521,521,521,521,1930
2002-07-17,500,500,500,500,6000
2002-07-19,520,520,520,520,100
2002-07-22,530,530,530,530,100
2002-07-25,540,540,540,540,1000
2002-07-26,546,546,546,546,700
2002-07-30,530,530,530,530,1400
2002-07-31,520,520,520,520,3630
2002-08-01,520,520,520,520,10400
2002-08-02,520,520,520,520,50
2002-08-05,519,519,519,519,1000
2002-08-08,519,519,519,519,200
2002-08-13,500,500,500,500,1100
2002-08-14,499,499,499,499,500
2002-08-21,495,495,495,495,400
2002-08-26,460,460,460,460,1650
2002-08-28,460,460,460,460,100
2002-08-30,460,460,460,460,3950
2002-09-02,465,465,465,465,1040
2002-09-04,465,465,465,465,180
2002-09-05,465,465,465,465,400
2002-09-06,467,467,467,467,5000
2002-09-09,467,467,467,467,5100
2002-09-10,467,467,467,467,250
2002-09-11,475,475,475,475,150
2002-09-16,480,480,480,480,4580
2002-09-27,481,481,481,481,2690
2002-09-30,482,482,482,482,320
2002-10-02,482,482,482,482,110
2002-10-11,482,482,482,482,190
2002-10-15,482,482,482,482,1020
2002-10-16,482,482,482,482,1900
2002-10-17,482,482,482,482,750
2002-10-18,482,482,482,482,2000
2002-10-24,482,482,482,482,100
2002-10-25,482,482,482,482,2050
2002-10-29,482,482,482,482,50
2002-10-30,482,482,482,482,100
2002-10-31,482,482,482,482,400
2002-11-04,482,482,482,482,100
2002-11-06,482,482,482,482,1940
2002-11-08,482,482,482,482,90
2002-11-12,465,465,465,465,450
2002-11-13,465,465,465,465,80
2002-11-20,500,500,500,500,100
2002-11-25,619,619,619,619,620
2002-12-03,600,600,600,600,400
2002-12-10,640,640,640,640,1110
2002-12-11,640,640,640,640,100
2002-12-12,688,688,688,688,1150
2002-12-13,730,730,730,730,300
2002-12-16,785,785,785,785,1200
2002-12-17,840,840,840,840,520
2003-03-05,700,700,700,700,1230
2003-03-13,700,700,700,700,710
2003-03-14,648,648,648,648,1000
2003-04-10,640,640,640,640,100
2003-04-24,599,599,599,599,1260
2003-05-07,555,555,555,555,1170
2003-05-15,514,514,514,514,540
2003-05-23,500,500,500,500,100
2003-05-28,500,500,500,500,740
2003-06-03,480,480,480,480,200
2003-06-10,480,480,480,480,1700
2003-06-12,480,480,480,480,500
2003-06-13,500,500,500,500,150
2003-06-20,500,500,500,500,110
2003-07-09,501,501,501,501,1050
2003-07-11,501,501,501,501,500
2003-07-14,500,500,500,500,200
2003-07-21,503,503,503,503,900
2003-07-22,540,540,540,540,180
2003-07-23,540,540,540,540,400
2003-07-24,560,560,560,560,80
2003-08-11,515,515,515,515,620
2003-08-12,510,510,510,510,780
2003-08-14,560,560,560,560,80
2003-08-18,560,560,560,560,30
2003-08-27,520,520,520,520,1240
2003-08-28,520,520,520,520,1900
2003-09-01,520,520,520,520,400
2003-09-02,520,520,520,520,2040
2003-09-04,520,520,520,520,190
2003-09-12,560,560,560,560,150
2003-09-18,560,560,560,560,890
2003-09-26,560,560,560,560,10
2003-10-06,565,565,565,565,300
2003-10-08,575,575,575,575,8270
2003-10-30,586,586,586,586,250
2003-10-31,586,586,586,586,250
2003-11-03,580,580,580,580,4000
2003-11-04,580,580,580,580,21300
2003-11-06,580,580,580,580,1000
2003-11-10,580,580,580,580,350
2003-11-12,580,580,580,580,1000
2003-11-17,580,580,580,580,500040
2003-11-20,650,650,650,650,150
2003-11-27,650,650,650,650,100
2003-11-28,650,650,650,650,200
2003-12-09,581,581,581,581,840
2003-12-10,580,580,580,580,200
2003-12-11,624,624,624,624,100
2003-12-12,580,580,580,580,700
2003-12-15,580,580,580,580,200
2003-12-16,580,580,580,580,10090
2003-12-17,580,580,580,580,1110
2003-12-18,580,580,580,580,200
2003-12-22,580,580,580,580,2703960
2003-12-29,580,580,580,580,4340
2003-12-31,670,670,670,670,4230
2004-01-08,581,581,581,581,450
2004-01-15,581,581,581,581,200
2004-01-16,620,620,620,620,650
2004-01-19,620,620,620,620,24620
2004-01-21,621,621,621,621,100
2004-01-26,650,650,650,650,1450
2004-01-27,650,650,650,650,100
2004-01-28,650,650,650,650,120
2004-02-04,690,690,690,690,130
2004-02-05,740,740,740,740,180000
2004-02-09,740,740,740,740,110
2004-02-10,740,740,740,740,1720
2004-02-12,740,740,740,740,100
2004-02-24,740,740,740,740,1380
2004-03-01,740,740,740,740,30000
2004-03-04,740,740,740,740,730
2004-03-08,740,740,740,740,200
2004-03-11,740,740,740,740,25720
2004-03-15,750,750,750,750,13510
2004-03-18,740,740,740,740,20500
2004-03-22,740,740,740,740,5000
2004-03-23,740,740,740,740,1520
2004-04-02,740,740,740,740,5100
2004-04-05,740,740,740,740,190
2004-04-07,740,740,740,740,60
2004-04-13,740,740,740,740,60
2004-04-14,740,740,740,740,500
2004-04-15,740,740,740,740,230
2004-04-16,740,740,740,740,110
2004-04-21,740,740,740,740,440
2004-04-22,740,740,740,740,560
2004-04-28,760,760,760,760,100
2004-04-29,770,770,770,770,400
2004-05-03,770,770,770,770,100
2004-05-05,776,776,776,776,520
2004-05-07,776,776,776,776,100
2004-05-11,776,776,776,776,110
2004-05-12,781,781,781,781,500
2004-05-28,781,781,781,781,1230
2004-06-03,781,781,781,781,770
2004-06-07,781,781,781,781,230
2004-06-16,735,735,735,735,4780
2004-06-22,740,740,740,740,9500
2004-07-01,740,740,740,740,140
2004-07-02,740,740,740,740,400
2004-07-13,740,740,740,740,360
2004-07-19,729,729,729,729,440
2004-08-05,729,729,729,729,20
2004-08-06,729,729,729,729,2000
2004-08-11,729,729,729,729,5000
2004-08-18,729,729,729,729,270
2004-08-27,729,729,729,729,1500
2004-09-02,729,729,729,729,2080
2004-09-13,680,680,680,680,570
2004-09-14,680,680,680,680,4130
2004-09-21,629,629,629,629,300
2004-09-24,629,629,629,629,20
2004-09-27,629,629,629,629,1050
2004-09-29,629,629,629,629,750
2004-10-04,630,630,630,630,660
2004-10-08,630,630,630,630,100
2004-10-11,600,600,600,600,190
2004-10-12,600,600,600,600,6140
2004-10-13,600,600,600,600,30
2004-10-20,600,600,600,600,2970
2004-10-21,600,600,600,600,230
2004-10-22,600,600,600,600,10
2004-10-25,600,600,600,600,270
2004-11-22,600,600,600,600,200
2004-11-24,560,560,560,560,1410
2004-11-30,600,600,600,600,3500
2004-12-03,645,645,645,645,100
2004-12-07,645,645,645,645,10000
2004-12-10,645,645,645,645,300
2004-12-14,645,645,645,645,10
2004-12-20,730,730,730,730,700
2004-12-23,780,780,780,780,80
2004-12-28,780,780,780,780,730
2004-12-31,839,839,839,839,3900
2005-01-04,780,780,780,780,80
2005-01-21,780,780,780,780,10
2005-02-02,722,722,722,722,50
2005-02-10,600,600,600,600,5460
2005-02-11,600,600,600,600,200
2005-02-14,600,600,600,600,130
2005-02-17,600,600,600,600,90
2005-02-22,600,600,600,600,90
2005-02-23,600,600,600,600,10
2005-02-25,601,601,601,601,200
2005-03-01,605,605,605,605,500
2005-03-04,610,610,610,610,200
2005-03-09,600,600,600,600,34350
2005-03-14,675,675,675,675,140
2005-03-15,720,720,720,720,32100
2005-03-16,720,720,720,720,240
2005-03-21,720,720,720,720,110
2005-03-22,700,700,700,700,250
2005-03-23,700,700,700,700,710
2005-03-25,700,700,700,700,220
2005-03-29,700,700,700,700,240
2005-03-31,700,700,700,700,200
2005-04-05,701,701,701,701,130
2005-04-11,710,710,710,710,500
2005-04-18,710,710,710,710,500
2005-04-22,711,711,711,711,290
2005-04-25,711,711,711,711,700
2005-05-04,711,711,711,711,130
2005-05-13,712,712,712,712,340
2005-05-19,712,712,712,712,100
2005-05-20,712,712,712,712,630
2005-05-23,712,712,712,712,500
2005-05-24,712,712,712,712,520
2005-05-30,660,660,660,660,2760
2005-05-31,660,660,660,660,400
2005-06-01,660,660,660,660,2000
2005-06-02,620,620,620,620,1400
2005-06-03,620,620,620,620,4690
2005-06-06,620,620,620,620,70
2005-06-07,620,620,620,620,30
2005-06-08,620,620,620,620,300
2005-06-14,620,620,620,620,70
2005-06-21,620,620,620,620,5260
2005-06-23,630,630,630,630,1060
2005-06-28,636,636,636,636,510
2005-07-04,636,636,636,636,650
2005-07-05,636,636,636,636,560
2005-07-12,680,680,680,680,1390
2005-07-13,680,680,680,680,1810
2005-07-14,680,680,680,680,150
2005-07-19,680,680,680,680,940
2005-07-20,680,680,680,680,1790
2005-07-21,681,681,681,681,17730
2005-07-27,640,640,640,640,150
2005-07-29,600,600,600,600,500
2005-08-01,600,600,600,600,200
2005-08-09,640,640,640,640,110
2005-08-10,640,640,640,640,370
2005-08-11,640,640,640,640,30
2005-08-12,640,640,640,640,4010
2005-08-22,640,640,640,640,110
2005-08-23,650,650,650,650,1900
2005-08-29,660,660,660,660,100
2005-09-01,660,660,660,660,250
2005-09-07,688,688,688,688,100
2005-09-08,691,691,691,691,1240
2005-09-19,691,691,691,691,300
2005-09-23,691,691,691,691,250
2005-09-29,661,661,661,661,5000
2005-10-03,690,690,690,690,110
2005-10-04,670,670,670,670,160
2005-10-07,690,690,690,690,190
2005-10-10,670,670,670,670,360
2005-10-18,671,671,671,671,100
2005-10-19,676,676,676,676,100
2005-10-25,670,670,670,670,1000
2005-10-26,670,670,670,670,520
2005-10-28,670,670,670,670,320
2005-11-04,670,670,670,670,120
2005-11-09,680,680,680,680,1200
2005-11-11,680,680,680,680,120
2005-11-17,680,680,680,680,120
2005-11-21,680,680,680,680,200
2005-11-25,700,700,700,700,300
2005-12-01,750,750,750,750,100
2005-12-05,750,750,750,750,1060
2005-12-06,750,750,750,750,5000
2005-12-09,650,650,650,650,100000
2005-12-13,750,750,750,750,500
2005-12-15,700,700,700,700,96260
2005-12-16,750,750,750,750,270
2005-12-19,740,740,740,740,30270
2005-12-20,700,700,700,700,870
2005-12-21,700,700,700,700,30
2005-12-27,750,750,750,750,1200
2005-12-28,800,800,800,800,3700
2005-12-29,860,860,860,860,3090
2006-01-05,800,800,800,800,100
2006-01-06,798,798,798,798,100
2006-01-09,750,750,750,750,1190
2006-01-11,750,750,750,750,6940
2006-01-13,750,750,750,750,310
2006-01-16,750,750,750,750,200
2006-01-23,751,751,751,751,180
2006-01-24,751,751,751,751,250
2006-01-27,751,751,751,751,310
2006-01-31,751,751,751,751,30
2006-02-02,751,751,751,751,10
2006-02-06,780,780,780,780,100
2006-02-07,780,780,780,780,30
2006-02-08,751,751,751,751,270
2006-02-15,751,751,751,751,1460
2006-02-17,751,751,751,751,5990
2006-02-20,750,750,750,750,120
2006-02-21,751,751,751,751,200
2006-02-22,751,751,751,751,10
2006-02-23,751,751,751,751,250
2006-02-28,752,752,752,752,300
2006-03-01,753,753,753,753,320
2006-03-06,760,760,760,760,200
2006-03-09,760,760,760,760,10
2006-03-10,760,760,760,760,10
2006-03-13,761,761,761,761,1050
2006-03-15,761,761,761,761,10
2006-03-20,800,800,800,800,180
2006-03-24,851,851,851,851,310
2006-03-27,900,900,900,900,500
2006-03-28,900,900,900,900,400
2006-03-29,900,900,900,900,300
2006-03-30,900,900,900,900,720
2006-04-03,960,960,960,960,700
2006-04-05,961,961,961,961,300
2006-04-07,1020,1020,1020,1020,750
2006-04-12,1020,1020,1020,1020,300
2006-04-13,1020,1020,1020,1020,3650
2006-04-14,1020,1020,1020,1020,120
2006-04-18,1020,1020,1020,1020,100
2006-04-21,1020,1020,1020,1020,1630
2006-04-25,1000,1000,1000,1000,1050
2006-04-26,1000,1000,1000,1000,670
2006-04-28,1020,1020,1020,1020,200
2006-05-02,1020,1020,1020,1020,870
2006-05-03,1020,1020,1020,1020,430
2006-05-10,1020,1020,1020,1020,20
2006-05-12,1020,1020,1020,1020,100
2006-05-16,1020,1020,1020,1020,420
2006-05-18,1020,1020,1020,1020,90
2006-05-23,1020,1020,1020,1020,1020
2006-05-26,1020,1020,1020,1020,560
2006-05-29,1001,1001,1001,1001,420
2006-06-02,1031,1031,1031,1031,100
2006-06-06,1030,1030,1030,1030,1290
2006-06-07,1030,1030,1030,1030,100
2006-06-08,1050,1050,1050,1050,180
2006-06-09,1050,1050,1050,1050,30
2006-06-13,1120,1120,1120,1120,500
2006-06-21,1190,1190,1190,1190,400
2006-06-23,1260,1260,1260,1260,600
2006-06-26,1260,1260,1260,1260,620
2006-06-28,1260,1260,1260,1260,100
2006-07-04,1270,1270,1270,1270,110
2006-07-10,1270,1270,1270,1270,20
2006-07-11,1350,1350,1350,1350,100
2006-07-12,1291,1291,1291,1291,120
2006-07-17,1270,1270,1270,1270,3000
2006-07-19,1300,1300,1300,1300,90
2006-07-21,1300,1300,1300,1300,1420
2006-07-24,1300,1300,1300,1300,780
2006-07-25,1300,1300,1300,1300,1780
2006-07-27,1300,1300,1300,1300,1060
2006-08-01,1300,1300,1300,1300,750
2006-08-03,1300,1300,1300,1300,100
2006-08-04,1301,1301,1301,1301,1380
2006-08-08,1301,1301,1301,1301,100
2006-08-10,1301,1301,1301,1301,1630
2006-08-17,1301,1301,1301,1301,200
2006-08-22,1301,1301,1301,1301,190
2006-08-30,1400,1400,1400,1400,80
2006-09-05,1400,1400,1400,1400,2720
2006-09-08,1400,1400,1400,1400,20
2006-09-11,1400,1400,1400,1400,700
2006-09-13,1400,1400,1400,1400,220
2006-09-18,1400,1400,1400,1400,180
2006-09-19,1400,1400,1400,1400,20
2006-09-20,1350,1350,1350,1350,860
2006-09-25,1350,1350,1350,1350,250
2006-09-29,1350,1350,1350,1350,80
2006-10-13,1250,1250,1250,1250,200
2006-10-16,1250,1250,1250,1250,40
2006-10-20,1250,1250,1250,1250,130
2006-10-24,1250,1250,1250,1250,100
2006-10-26,1250,1250,1250,1250,30
2006-10-27,1250,1250,1250,1250,100
2006-10-31,1251,1251,1251,1251,100
2006-11-02,1250,1250,1250,1250,80
2006-11-03,1251,1251,1251,1251,260
2006-11-08,1251,1251,1251,1251,10
2006-11-09,1251,1251,1251,1251,170
2006-11-13,1340,1340,1340,1340,130
2006-11-20,1340,1340,1340,1340,220
2006-11-21,1340,1340,1340,1340,50
2006-11-24,1340,1340,1340,1340,10
2006-11-27,1251,1251,1251,1251,700
2006-11-28,1250,1250,1250,1250,270
2006-12-05,1250,1250,1250,1250,90
2006-12-06,1250,1250,1250,1250,90
2006-12-07,1250,1250,1250,1250,10
2006-12-08,1250,1250,1250,1250,200
2006-12-11,1250,1250,1250,1250,70
2006-12-12,1250,1250,1250,1250,460
2006-12-26,1250,1250,1250,1250,50
2006-12-29,1200,1200,1200,1200,1480
2007-01-02,1200,1200,1200,1200,800
2007-01-03,1201,1201,1201,1201,1230
2007-01-04,1252,1252,1252,1252,1640
2007-01-10,1251,1251,1251,1251,1010
2007-01-18,1251,1251,1251,1251,120
2007-01-19,1251,1251,1251,1251,160
2007-01-29,1300,1300,1300,1300,1100
2007-01-30,1300,1300,1300,1300,650
2007-02-02,1350,1350,1350,1350,350
2007-02-05,1350,1350,1350,1350,660
2007-02-07,1500,1500,1500,1500,40000
2007-02-08,1500,1500,1500,1500,80
2007-02-09,1500,1500,1500,1500,850
2007-02-12,1500,1500,1500,1500,800
2007-02-13,1450,1450,1450,1450,800
2007-02-14,1450,1450,1450,1450,440
2007-02-16,1450,1450,1450,1450,90
2007-02-19,1450,1450,1450,1450,620
2007-02-20,1450,1450,1450,1450,10
2007-02-22,1450,1450,1450,1450,510
2007-02-26,1450,1450,1450,1450,670
2007-02-28,1460,1460,1460,1460,360
2007-03-01,1460,1460,1460,1460,320
2007-03-05,1461,1461,1461,1461,150
2007-03-06,1481,1481,1481,1481,350
2007-03-07,1550,1550,1550,1550,100
2007-03-12,1400,1400,1400,1400,17150
2007-03-14,1500,1500,1500,1500,910
2007-03-15,1450,1450,1450,1450,3000
2007-03-19,1501,1501,1501,1501,22640
2007-03-22,1510,1510,1510,1510,500
2007-03-26,1550,1550,1550,1550,500
2007-03-27,1600,1600,1600,1600,210
2007-03-28,1720,1720,1720,1720,350
2007-03-29,1720,1720,1720,1720,300
2007-04-02,1840,1840,1840,1840,500
2007-04-11,1840,1840,1840,1840,1270
2007-04-12,1840,1840,1840,1840,4420
2007-04-13,1850,1850,1850,1850,1110
2007-04-16,1950,1950,1950,1950,1000
2007-04-17,1950,1950,1950,1950,2280
2007-04-18,2000,2000,2000,2000,920
2007-04-19,2015,2015,2015,2015,5480
2007-04-20,2015,2015,2015,2015,160
2007-04-24,2160,2160,2160,2160,200
2007-04-25,2300,2300,2300,2300,500
2007-04-26,2300,2300,2300,2300,1510
2007-04-27,2300,2300,2300,2300,800
2007-04-30,2290,2290,2290,2290,360
2007-05-02,2290,2290,2290,2290,200
2007-05-03,2291,2291,2291,2291,2050
2007-05-04,2291,2291,2291,2291,500
2007-05-07,2291,2291,2291,2291,220
2007-05-08,2291,2291,2291,2291,260
2007-05-09,2291,2291,2291,2291,2710
2007-05-10,2291,2291,2291,2291,220
2007-05-14,2291,2291,2291,2291,70
2007-05-15,2292,2292,2292,2292,100
2007-05-16,2292,2292,2292,2292,100
2007-05-18,2300,2300,2300,2300,1880
2007-05-21,2300,2300,2300,2300,200
2007-05-23,2350,2350,2350,2350,780
2007-05-24,2350,2350,2350,2350,250
2007-05-25,2350,2350,2350,2350,80
2007-05-31,2400,2400,2400,2400,130
2007-06-01,2550,2550,2550,2550,500
2007-06-05,2670,2670,2670,2670,3040
2007-06-06,2670,2670,2670,2670,460
2007-06-07,2670,2670,2670,2670,360
2007-06-11,2670,2670,2670,2670,100
2007-06-15,2471,2471,2471,2471,480
2007-06-18,2471,2471,2471,2471,120
2007-06-19,2471,2471,2471,2471,880
2007-06-20,2501,2501,2501,2501,250
2007-06-21,2500,2500,2500,2500,430
2007-06-22,2500,2500,2500,2500,130
2007-06-25,2500,2500,2500,2500,790
2007-06-26,2500,2500,2500,2500,100
2007-06-27,2670,2670,2670,2670,280
2007-07-02,2670,2670,2670,2670,2000
2007-07-03,2670,2670,2670,2670,1000
2007-07-04,2670,2670,2670,2670,1000
2007-07-05,2670,2670,2670,2670,1290
2007-07-06,2670,2670,2670,2670,2850
2007-07-09,2670,2670,2670,2670,6750
2007-07-10,2670,2670,2670,2670,2980
2007-07-11,2670,2670,2670,2670,200
2007-07-16,2300,2300,2300,2300,1850
2007-07-17,2292,2292,2292,2292,1270
2007-07-18,2250,2250,2250,2250,500
2007-07-19,2251,2251,2251,2251,1580
2007-07-20,2251,2251,2251,2251,1330
2007-07-24,2310,2310,2310,2310,300
2007-07-25,2310,2310,2310,2310,1000
2007-07-26,2483,2483,2483,2483,2000
2007-07-27,2485,2485,2485,2485,120
2007-07-31,2500,2500,2500,2500,2000
2007-08-01,2500,2500,2500,2500,2000
2007-08-02,2500,2500,2500,2500,3500
2007-08-03,2500,2500,2500,2500,500
2007-08-08,2500,2500,2500,2500,2340
2007-08-09,2550,2550,2550,2550,1000
2007-08-10,2551,2551,2551,2551,850
2007-08-13,2551,2551,2551,2551,120
2007-08-16,2800,2800,2800,2800,300
2007-08-17,3001,3001,3001,3001,330
2007-08-20,3100,3100,3100,3100,250
2007-08-21,3100,3100,3100,3100,6030
2007-08-22,3001,3001,3001,3001,780
2007-08-23,3001,3001,3001,3001,2250
2007-08-24,3001,3001,3001,3001,1100
2007-08-27,3090,3090,3090,3090,900
2007-08-28,3100,3100,3100,3100,250
2007-08-29,3100,3100,3100,3100,1220
2007-08-30,3000,3000,3000,3000,730
2007-08-31,3000,3000,3000,3000,1200
2007-09-03,3000,3000,3000,3000,4240
2007-09-04,3000,3000,3000,3000,1360
2007-09-05,3000,3000,3000,3000,170
2007-09-06,3000,3000,3000,3000,1200
2007-09-10,3000,3000,3000,3000,100
2007-09-13,3000,3000,3000,3000,150
2007-09-14,3000,3000,3000,3000,200
2007-09-17,3000,3000,3000,3000,20
2007-09-19,2900,2900,2900,2900,110
2007-09-20,2900,2900,2900,2900,670
2007-09-24,2900,2900,2900,2900,550
2007-09-25,2900,2900,2900,2900,500
2007-09-26,2900,2900,2900,2900,50
2007-09-27,2800,2800,2800,2800,1660
2007-09-28,2800,2800,2800,2800,50
2007-10-01,2800,2800,2800,2800,500
2007-10-11,2800,2800,2800,2800,211220
2007-10-16,2800,2800,2800,2800,2000
2007-10-17,2820,2820,2820,2820,380
2007-10-18,2821,2821,2821,2821,100
2007-10-22,3032,3032,3032,3032,210
2007-10-23,3090,3090,3090,3090,100
2007-10-24,3200,3200,3200,3200,4870
2007-10-31,3200,3200,3200,3200,50
2007-11-02,3000,3000,3000,3000,300
2007-11-06,3200,3200,3200,3200,3000
2007-11-09,3000,3000,3000,3000,1860
2007-11-20,3000,3000,3000,3000,110
2007-11-22,3000,3000,3000,3000,250
2007-11-26,2900,2900,2900,2900,510
2007-11-27,2850,2850,2850,2850,1340
2007-11-28,2851,2851,2851,2851,1100
2007-11-30,2900,2900,2900,2900,520
2007-12-03,2900,2900,2900,2900,560
2007-12-04,2900,2900,2900,2900,530
2007-12-10,2900,2900,2900,2900,2270
2007-12-11,2900,2900,2900,2900,2500
2007-12-12,2894,2894,2894,2894,2250
2007-12-13,2896,2896,2896,2896,580
2007-12-17,2910,2910,2910,2910,580
2007-12-18,2921,2921,2921,2921,180
2007-12-21,2921,2921,2921,2921,820
2007-12-26,2920,2920,2920,2920,1170
2007-12-27,2920,2920,2920,2920,5520
2007-12-28,2920,2920,2920,2920,1330
2007-12-31,2920,2920,2920,2920,1500
2008-01-04,2901,2901,2901,2901,2060
2008-01-07,2900,2900,2900,2900,1300
2008-01-08,2900,2900,2900,2900,380
2008-01-10,2900,2900,2900,2900,50
2008-01-11,2899,2899,2899,2899,2000
2008-01-14,2899,2899,2899,2899,10000
2008-01-15,2899,2899,2899,2899,310
2008-01-16,2897,2897,2897,2897,160
2008-01-17,2805,2805,2805,2805,2530
2008-01-18,2805,2805,2805,2805,1660
2008-01-21,2805,2805,2805,2805,400
2008-01-22,2805,2805,2805,2805,580
2008-01-23,2805,2805,2805,2805,200
2008-01-24,2805,2805,2805,2805,470
2008-01-25,2805,2805,2805,2805,1150
2008-01-28,2805,2805,2805,2805,4000
2008-01-29,2805,2805,2805,2805,340
2008-01-30,2805,2805,2805,2805,30
2008-01-31,2805,2805,2805,2805,450
2008-02-01,2805,2805,2805,2805,28000
2008-02-04,2806,2806,2806,2806,1750
2008-02-07,2806,2806,2806,2806,4000
2008-02-08,3000,3000,3000,3000,1030
2008-02-14,3095,3095,3095,3095,280
2008-02-15,3095,3095,3095,3095,117460
2008-02-18,3000,3000,3000,3000,120
2008-02-19,3000,3000,3000,3000,24870
2008-02-20,3100,3100,3100,3100,1630
2008-02-21,3101,3101,3101,3101,84950
2008-02-22,3101,3101,3101,3101,11980
2008-02-25,3101,3101,3101,3101,1170
2008-02-28,3300,3300,3300,3300,640
2008-03-03,3300,3300,3300,3300,130
2008-03-06,3300,3300,3300,3300,840
2008-03-07,3150,3150,3150,3150,94200
2008-03-10,3300,3300,3300,3300,410
2008-03-12,3350,3350,3350,3350,330
2008-03-14,3350,3350,3350,3350,800
2008-03-17,3350,3350,3350,3350,240
2008-03-18,3350,3350,3350,3350,1990
2008-03-19,3350,3350,3350,3350,100
2008-03-21,3350,3350,3350,3350,150
2008-03-25,3350,3350,3350,3350,10
2008-03-28,3400,3400,3400,3400,420
2008-04-01,3451,3451,3451,3451,290
2008-04-02,3500,3500,3500,3500,410
2008-04-03,3501,3501,3501,3501,80
2008-04-04,3520,3520,3520,3520,220
2008-04-07,3600,3600,3600,3600,180
2008-04-08,3800,3800,3800,3800,820
2008-04-09,3900,3900,3900,3900,250
2008-04-10,3900,3900,3900,3900,390
2008-04-11,3800,3800,3800,3800,270
2008-04-14,3800,3800,3800,3800,100
2008-04-16,3750,3750,3750,3750,150
2008-04-18,3800,3800,3800,3800,330
2008-04-22,3800,3800,3800,3800,2250
2008-04-23,4000,4000,4000,4000,750
2008-04-24,4000,4000,4000,4000,1460
2008-04-25,3999,3999,3999,3999,590
2008-04-28,4000,4000,4000,4000,560
2008-04-29,4000,4000,4000,4000,220
2008-04-30,3800,3800,3800,3800,110
2008-05-02,3810,3810,3810,3810,390
2008-05-05,4000,4000,4000,4000,1800
2008-05-07,4000,4000,4000,4000,1590
2008-05-08,4000,4000,4000,4000,6000
2008-05-09,4000,4000,4000,4000,1130
2008-05-13,3999,3999,3999,3999,870
2008-05-14,4000,4000,4000,4000,470
2008-05-15,4000,4000,4000,4000,4050
2008-05-16,4000,4000,4000,4000,490
2008-05-19,4000,4000,4000,4000,580
2008-05-20,4000,4000,4000,4000,3500
2008-05-21,4000,4000,4000,4000,1310
2008-05-22,4000,4000,4000,4000,410
2008-05-23,4001,4001,4001,4001,3620
2008-05-27,4100,4100,4100,4100,1760
2008-05-30,4180,4180,4180,4180,90
2008-06-02,4180,4180,4180,4180,960
2008-06-04,4000,4000,4000,4000,1420
2008-06-09,4001,4001,4001,4001,180
2008-06-11,4005,4005,4005,4005,460
2008-06-13,4006,4006,4006,4006,1150
2008-06-18,4006,4006,4006,4006,100
2008-06-19,4008,4008,4008,4008,2000
2008-06-23,4181,4181,4181,4181,2450
2008-06-26,4490,4490,4490,4490,400
2008-06-27,4491,4491,4491,4491,550
2008-07-01,4510,4510,4510,4510,220
2008-07-02,4620,4620,4620,4620,4020
2008-07-03,4960,4960,4960,4960,7460
2008-07-04,5000,5000,5000,5000,4970
2008-07-07,5000,5000,5000,5000,6740
2008-07-08,5051,5051,5051,5051,1530
2008-07-09,5100,5100,5100,5100,2280
2008-07-15,5100,5100,5100,5100,620
2008-07-16,5100,5100,5100,5100,1290
2008-07-18,5100,5100,5100,5100,590
2008-07-21,5100,5100,5100,5100,240
2008-07-22,5099,5099,5099,5099,100
2008-07-23,5100,5100,5100,5100,400
2008-07-30,5100,5100,5100,5100,800
2008-07-31,4990,4990,4990,4990,440
2008-08-01,4990,4990,4990,4990,60
2008-08-04,4900,4900,4900,4900,620
2008-08-05,4899,4899,4899,4899,250
2008-08-08,4899,4899,4899,4899,450
2008-08-11,4899,4899,4899,4899,590
2008-08-12,4800,4800,4800,4800,150
2008-08-13,4790,4790,4790,4790,840
2008-08-14,4784,4784,4784,4784,260
2008-08-18,4784,4784,4784,4784,120
2008-08-19,4750,4750,4750,4750,870
2008-08-20,4700,4700,4700,4700,210
2008-08-21,4599,4599,4599,4599,140
2008-08-22,4300,4300,4300,4300,1250
2008-08-25,3978,3978,3978,3978,2060
2008-08-26,3978,3978,3978,3978,1520
2008-08-27,3978,3978,3978,3978,2790
2008-08-28,3978,3978,3978,3978,2440
2008-08-29,3978,3978,3978,3978,5800
2008-09-01,3979,3979,3979,3979,7130
2008-09-03,3979,3979,3979,3979,4040
2008-09-04,4100,4100,4100,4100,700
2008-09-05,4400,4400,4400,4400,150
2008-09-08,4700,4700,4700,4700,570
2008-09-09,4700,4700,4700,4700,150
2008-09-10,4700,4700,4700,4700,20
2008-09-11,4800,4800,4800,4800,2730
2008-09-12,4900,4900,4900,4900,180
2008-09-15,4900,4900,4900,4900,3000
2008-09-16,5000,5000,5000,5000,2630
2008-09-17,5100,5100,5100,5100,160
2008-09-18,5100,5100,5100,5100,1230
2008-09-19,5050,5050,5050,5050,2220
2008-09-22,4800,4800,4800,4800,110
2008-09-25,4600,4600,4600,4600,140
2008-09-26,4599,4599,4599,4599,1110
2008-09-29,4599,4599,4599,4599,410
2008-10-01,4599,4599,4599,4599,60
2008-10-02,4599,4599,4599,4599,1670
2008-10-03,4590,4590,4590,4590,100
2008-10-06,4490,4490,4490,4490,2010
2008-10-07,4490,4490,4490,4490,60
2008-10-08,4490,4490,4490,4490,100
2008-10-09,4450,4450,4450,4450,170
2008-10-10,4450,4450,4450,4450,70
2008-10-13,4400,4400,4400,4400,210
2008-10-15,4400,4400,4400,4400,100
2008-10-16,4300,4300,4300,4300,200
2008-10-17,4300,4300,4300,4300,40
2008-10-22,4300,4300,4300,4300,10
2008-10-23,4095,4095,4095,4095,1750
2008-10-24,3800,3800,3800,3800,510
2008-10-27,3800,3800,3800,3800,10
2008-10-29,3775,3775,3775,3775,490
2008-10-30,3492,3492,3492,3492,180
2008-10-31,3492,3492,3492,3492,90
2008-11-07,3231,3231,3231,3231,190
2008-11-10,3231,3231,3231,3231,1570
2008-11-11,3300,3300,3300,3300,1740
2008-11-13,2989,2989,2989,2989,1730
2008-11-14,3000,3000,3000,3000,3740
2008-11-17,3225,3225,3225,3225,4490
2008-11-18,3400,3400,3400,3400,1830
2008-11-19,3400,3400,3400,3400,5770
2008-11-20,3400,3400,3400,3400,1240
2008-11-21,3500,3500,3500,3500,720
2008-11-24,3600,3600,3600,3600,1000
2008-11-25,3600,3600,3600,3600,290
2008-11-26,3420,3420,3420,3420,1700
2008-11-28,3400,3400,3400,3400,470
2008-12-02,2910,2910,2910,2910,850
2008-12-03,2900,2900,2900,2900,230
2008-12-04,2900,2900,2900,2900,2040
2008-12-05,2898,2898,2898,2898,1470
2008-12-09,2700,2700,2700,2700,210
2008-12-10,2700,2700,2700,2700,1060
2008-12-12,2311,2311,2311,2311,5750
2008-12-15,2200,2200,2200,2200,1200
2008-12-16,2200,2200,2200,2200,3170
2008-12-17,2365,2365,2365,2365,810
2008-12-22,2937,2937,2937,2937,3910
2008-12-23,3157,3157,3157,3157,650
2008-12-24,3100,3100,3100,3100,1600
2008-12-29,2868,2868,2868,2868,510
2008-12-30,3083,3083,3083,3083,570
2008-12-31,3314,3314,3314,3314,17350
2009-01-02,3314,3314,3314,3314,140
2009-01-05,3314,3314,3314,3314,280
2009-01-06,3065,3065,3065,3065,90
2009-01-07,3065,3065,3065,3065,610
2009-01-08,3040,3040,3040,3040,720
2009-01-09,3040,3040,3040,3040,20
2009-01-12,3040,3040,3040,3040,30
2009-01-13,3040,3040,3040,3040,70
2009-01-14,3040,3040,3040,3040,100
2009-01-15,3035,3035,3035,3035,160
2009-01-16,3263,3263,3263,3263,3410
2009-01-19,3250,3250,3250,3250,290
2009-01-20,3250,3250,3250,3250,220
2009-01-21,3250,3250,3250,3250,7190
2009-01-22,3230,3230,3230,3230,500
2009-01-23,3239,3239,3239,3239,100
2009-01-28,3000,3000,3000,3000,100
2009-01-29,2999,2999,2999,2999,440
2009-02-02,2999,2999,2999,2999,200
2009-02-03,2999,2999,2999,2999,30
2009-02-04,2999,2999,2999,2999,220
2009-02-05,2900,2900,2900,2900,500
2009-02-06,2800,2800,2800,2800,140
2009-02-09,2800,2800,2800,2800,250
2009-02-10,2800,2800,2800,2800,590
2009-02-11,2700,2700,2700,2700,100
2009-02-12,2650,2650,2650,2650,210
2009-02-16,2650,2650,2650,2650,240
2009-02-19,2600,2600,2600,2600,80
2009-02-20,2405,2405,2405,2405,5100
2009-02-23,2390,2390,2390,2390,1720
2009-02-24,2300,2300,2300,2300,580
2009-02-25,2245,2245,2245,2245,690
2009-02-26,2220,2220,2220,2220,5600
2009-02-27,2200,2200,2200,2200,450
2009-03-02,2150,2150,2150,2150,650
2009-03-03,2160,2160,2160,2160,1910
2009-03-04,2150,2150,2150,2150,140
2009-03-05,2300,2300,2300,2300,77970
2009-03-06,2150,2150,2150,2150,1640
2009-03-10,2150,2150,2150,2150,1200
2009-03-11,2150,2150,2150,2150,400
2009-03-12,2150,2150,2150,2150,1500
2009-03-13,2150,2150,2150,2150,1100
2009-03-18,2050,2050,2050,2050,230
2009-03-19,1990,1990,1990,1990,660
2009-03-20,1898,1898,1898,1898,130
2009-03-23,1897,1897,1897,1897,90
2009-03-24,1898,1898,1898,1898,90
2009-03-25,1800,1800,1800,1800,8140
2009-03-26,1750,1750,1750,1750,330
2009-03-27,1750,1750,1750,1750,200
2009-03-30,1800,1800,1800,1800,370
2009-03-31,1800,1800,1800,1800,4600
2009-04-01,1800,1800,1800,1800,2200
2009-04-02,1760,1760,1760,1760,200
2009-04-03,1800,1800,1800,1800,2500
2009-04-06,1800,1800,1800,1800,260
2009-04-07,1800,1800,1800,1800,530
2009-04-08,1800,1800,1800,1800,100
2009-04-09,1700,1700,1700,1700,420
2009-04-14,1700,1700,1700,1700,180
2009-04-15,1699,1699,1699,1699,1120
2009-04-17,1699,1699,1699,1699,180
2009-04-21,1700,1700,1700,1700,3840
2009-04-23,1700,1700,1700,1700,860
2009-04-24,1700,1700,1700,1700,300
2009-04-29,1700,1700,1700,1700,600
2009-04-30,1699,1699,1699,1699,650
2009-05-05,1572,1572,1572,1572,100
2009-05-08,1572,1572,1572,1572,140
2009-05-11,1500,1500,1500,1500,110
2009-05-12,1500,1500,1500,1500,250
2009-05-13,1499,1499,1499,1499,270
2009-05-15,1498,1498,1498,1498,450
2009-05-18,1498,1498,1498,1498,620
2009-05-19,1498,1498,1498,1498,250
2009-05-20,1498,1498,1498,1498,600
2009-05-22,1498,1498,1498,1498,50
2009-05-25,1390,1390,1390,1390,520
2009-05-26,1300,1300,1300,1300,2490
2009-05-27,1300,1300,1300,1300,930
2009-05-28,1300,1300,1300,1300,2130
2009-05-29,1301,1301,1301,1301,5780
2009-06-02,1301,1301,1301,1301,50
2009-06-08,1401,1401,1401,1401,170
2009-06-09,1450,1450,1450,1450,860
2009-06-10,1452,1452,1452,1452,1200
2009-06-11,1500,1500,1500,1500,620
2009-06-12,1510,1510,1510,1510,1820
2009-06-17,1623,1623,1623,1623,100
2009-06-19,1870,1870,1870,1870,150
2009-06-22,2010,2010,2010,2010,80
2009-06-23,2100,2100,2100,2100,5950
2009-06-24,2250,2250,2250,2250,2890
2009-06-25,2400,2400,2400,2400,1000
2009-06-26,2580,2580,2580,2580,3000
2009-06-29,2600,2600,2600,2600,500
2009-06-30,2700,2700,2700,2700,3460
2009-07-01,2700,2700,2700,2700,40
2009-07-02,2669,2669,2669,2669,330
2009-07-06,2499,2499,2499,2499,250
2009-07-07,2312,2312,2312,2312,580
2009-07-10,2200,2200,2200,2200,1580
2009-07-13,2035,2035,2035,2035,870
2009-07-14,2000,2000,2000,2000,2470
2009-07-15,2000,2000,2000,2000,3050
2009-07-20,2000,2000,2000,2000,2170
2009-07-21,2002,2002,2002,2002,360
2009-07-22,2100,2100,2100,2100,2100
2009-07-23,2018,2018,2018,2018,100
2009-07-29,1900,1900,1900,1900,950
2009-07-30,1980,1980,1980,1980,680
2009-07-31,1980,1980,1980,1980,3150
2009-08-03,1980,1980,1980,1980,300
2009-08-04,1980,1980,1980,1980,90
2009-08-05,1980,1980,1980,1980,1120
2009-08-06,2010,2010,2010,2010,440
2009-08-11,2000,2000,2000,2000,750
2009-08-12,2000,2000,2000,2000,230
2009-08-13,2000,2000,2000,2000,50
2009-08-14,1900,1900,1900,1900,600
2009-08-17,1900,1900,1900,1900,300
2009-08-19,1898,1898,1898,1898,1700
2009-08-20,1898,1898,1898,1898,2670
2009-08-21,1898,1898,1898,1898,630
2009-08-25,1898,1898,1898,1898,60
2009-08-26,1950,1950,1950,1950,370
2009-08-27,2000,2000,2000,2000,2100
2009-08-28,2000,2000,2000,2000,1820
2009-08-31,1898,1898,1898,1898,450
2009-09-01,1880,1880,1880,1880,220
2009-09-02,1880,1880,1880,1880,40
2009-09-03,1880,1880,1880,1880,150
2009-09-04,1850,1850,1850,1850,1410
2009-09-08,1800,1800,1800,1800,500
2009-09-09,1800,1800,1800,1800,2270
2009-09-10,1800,1800,1800,1800,1670
2009-09-11,1699,1699,1699,1699,500
2009-09-14,1598,1598,1598,1598,850
2009-09-16,1590,1590,1590,1590,610
2009-09-21,1520,1520,1520,1520,80
2009-09-22,1510,1510,1510,1510,610
2009-09-23,1510,1510,1510,1510,420
2009-09-24,1510,1510,1510,1510,7750
2009-09-25,1500,1500,1500,1500,11000
2009-09-28,1500,1500,1500,1500,890
2009-09-29,1550,1550,1550,1550,1000
2009-10-05,1551,1551,1551,1551,1510
2009-10-06,1600,1600,1600,1600,1080
2009-10-07,1600,1600,1600,1600,2070
2009-10-09,1600,1600,1600,1600,210
2009-10-12,1600,1600,1600,1600,220
2009-10-13,1600,1600,1600,1600,50
2009-10-16,1700,1700,1700,1700,270
2009-10-20,1700,1700,1700,1700,270
2009-10-21,1700,1700,1700,1700,1220
2009-10-26,1700,1700,1700,1700,320
2009-10-27,1700,1700,1700,1700,530
2009-10-28,1700,1700,1700,1700,100
2009-11-03,1600,1600,1600,1600,370
2009-11-04,1600,1600,1600,1600,240
2009-11-05,1600,1600,1600,1600,460
2009-11-06,1600,1600,1600,1600,130
2009-11-10,1500,1500,1500,1500,5790
2009-11-11,1500,1500,1500,1500,1190
2009-11-12,1600,1600,1600,1600,300
2009-11-13,1600,1600,1600,1600,130
2009-11-17,1621,1621,1621,1621,3640
2009-11-18,1715,1715,1715,1715,6000
2009-11-19,1720,1720,1720,1720,1000
2009-11-20,1800,1800,1800,1800,2000
2009-11-23,1800,1800,1800,1800,500
2009-11-24,1800,1800,1800,1800,1210
2009-11-25,1800,1800,1800,1800,40
2009-11-26,1800,1800,1800,1800,190
2009-11-30,1800,1800,1800,1800,50
2009-12-01,1800,1800,1800,1800,360
2009-12-04,1800,1800,1800,1800,340
2009-12-08,1900,1900,1900,1900,10000
2009-12-17,1800,1800,1800,1800,80
2009-12-18,1800,1800,1800,1800,500
2009-12-23,1890,1890,1890,1890,850
2009-12-24,1890,1890,1890,1890,400
2009-12-29,1890,1890,1890,1890,40
2009-12-31,1800,1800,1800,1800,780
2010-01-08,1800,1800,1800,1800,1450
2010-01-11,1800,1800,1800,1800,100
2010-01-13,1794,1794,1794,1794,360
2010-01-18,1540,1540,1540,1540,750
2010-01-19,1540,1540,1540,1540,2820
2010-01-20,1540,1540,1540,1540,4450
2010-01-21,1541,1541,1541,1541,220
2010-01-22,1540,1540,1540,1540,6120
2010-01-26,1540,1540,1540,1540,910
2010-01-27,1540,1540,1540,1540,50
2010-01-29,1540,1540,1540,1540,310
2010-02-01,1540,1540,1540,1540,1270
2010-02-02,1450,1450,1450,1450,850
2010-02-03,1541,1541,1541,1541,680
2010-02-04,1541,1541,1541,1541,270
2010-02-05,1541,1541,1541,1541,3280
2010-02-09,1541,1541,1541,1541,1010
2010-02-10,1541,1541,1541,1541,720
2010-02-11,1541,1541,1541,1541,20
2010-02-15,1550,1550,1550,1550,170
2010-02-16,1535,1535,1535,1535,920
2010-02-17,1550,1550,1550,1550,500
2010-02-18,1550,1550,1550,1550,2480
2010-02-19,1550,1550,1550,1550,3670
2010-02-22,1550,1550,1550,1550,12010
2010-02-23,1551,1551,1551,1551,880
2010-02-24,1551,1551,1551,1551,1670
2010-02-25,1551,1551,1551,1551,650
2010-03-01,1551,1551,1551,1551,1000
2010-03-02,1551,1551,1551,1551,450
2010-03-03,1551,1551,1551,1551,500
2010-03-04,1551,1551,1551,1551,100
2010-03-05,1551,1551,1551,1551,1150
2010-03-08,1600,1600,1600,1600,340
2010-03-09,1600,1600,1600,1600,100
2010-03-10,1600,1600,1600,1600,50350
2010-03-15,1720,1720,1720,1720,100
2010-03-16,1794,1794,1794,1794,3290
2010-03-17,1794,1794,1794,1794,2130
2010-03-18,1794,1794,1794,1794,1560
2010-03-19,1795,1795,1795,1795,16730
2010-03-22,1795,1795,1795,1795,17730
2010-03-23,1795,1795,1795,1795,1200
2010-03-24,1795,1795,1795,1795,100
2010-03-25,1794,1794,1794,1794,1100
2010-03-26,1794,1794,1794,1794,244800
2010-03-30,1794,1794,1794,1794,30
2010-04-01,1794,1794,1794,1794,200
2010-04-02,1794,1794,1794,1794,700
2010-04-06,1795,1795,1795,1795,140
2010-04-07,1795,1795,1795,1795,3710
2010-04-08,1802,1802,1802,1802,180
2010-04-09,1810,1810,1810,1810,250
2010-04-12,1810,1810,1810,1810,5880
2010-04-13,1810,1810,1810,1810,35420
2010-04-14,1810,1810,1810,1810,28050
2010-04-15,1810,1810,1810,1810,320
2010-04-19,1800,1800,1800,1800,920
2010-04-20,1805,1805,1805,1805,580
2010-04-21,1805,1805,1805,1805,1370
2010-04-22,1810,1810,1810,1810,3470
2010-04-23,1800,1800,1800,1800,1350
2010-04-26,1794,1794,1794,1794,28740
2010-04-27,1794,1794,1794,1794,710
2010-04-28,1794,1794,1794,1794,24310
2010-04-29,1800,1800,1800,1800,710
2010-05-03,1800,1800,1800,1800,21350
2010-05-04,1800,1800,1800,1800,1250
2010-05-05,1800,1800,1800,1800,7170
2010-05-06,1800,1800,1800,1800,250
2010-05-07,1800,1800,1800,1800,1370
2010-05-10,1800,1800,1800,1800,1390
2010-05-11,1800,1800,1800,1800,480
2010-05-12,1800,1800,1800,1800,690
2010-05-14,1800,1800,1800,1800,800
2010-05-17,1800,1800,1800,1800,6510
2010-05-18,1800,1800,1800,1800,1490
2010-05-19,1800,1800,1800,1800,8180
2010-05-21,1850,1850,1850,1850,780
2010-05-25,1850,1850,1850,1850,100
2010-05-27,1851,1851,1851,1851,310
2010-05-28,1851,1851,1851,1851,580
2010-06-01,1990,1990,1990,1990,90
2010-06-02,2000,2000,2000,2000,1650
2010-06-03,2149,2149,2149,2149,2500
2010-06-04,2149,2149,2149,2149,520
2010-06-07,1988,1988,1988,1988,90
2010-06-08,2137,2137,2137,2137,44130
2010-06-10,2101,2101,2101,2101,1130
2010-06-11,2150,2150,2150,2150,700
2010-06-14,2150,2150,2150,2150,800
2010-06-15,2311,2311,2311,2311,400
2010-06-16,2290,2290,2290,2290,440
2010-06-17,2290,2290,2290,2290,670
2010-06-18,2320,2320,2320,2320,800
2010-06-21,2320,2320,2320,2320,2100
2010-06-22,2320,2320,2320,2320,1160
2010-06-24,2319,2319,2319,2319,1100
2010-06-25,2200,2200,2200,2200,840
2010-06-28,2320,2320,2320,2320,4090
2010-06-29,2350,2350,2350,2350,1590
2010-06-30,2300,2300,2300,2300,1430
2010-07-02,2350,2350,2350,2350,1600
2010-07-05,2350,2350,2350,2350,680
2010-07-06,2370,2370,2370,2370,520
2010-07-07,2400,2400,2400,2400,2420
2010-07-09,2400,2400,2400,2400,400
2010-07-12,2400,2400,2400,2400,940
2010-07-14,2395,2395,2395,2395,1040
2010-07-15,2405,2405,2405,2405,970
2010-07-16,2500,2500,2500,2500,240
2010-07-19,2501,2501,2501,2501,1080
2010-07-20,2501,2501,2501,2501,550
2010-07-21,2510,2510,2510,2510,450
2010-07-23,2510,2510,2510,2510,600
2010-07-27,2420,2420,2420,2420,310
2010-07-29,2421,2421,2421,2421,640
2010-07-30,2500,2500,2500,2500,1400
2010-08-02,2500,2500,2500,2500,3950
2010-08-03,2500,2500,2500,2500,780
2010-08-04,2502,2502,2502,2502,80
2010-08-05,2500,2500,2500,2500,2910
2010-08-06,2531,2531,2531,2531,680
2010-08-09,2660,2660,2660,2660,180
2010-08-10,2750,2750,2750,2750,290
2010-08-11,2750,2750,2750,2750,1650
2010-08-12,2760,2760,2760,2760,13240
2010-08-13,2771,2771,2771,2771,410
2010-08-16,2790,2790,2790,2790,1280
2010-08-17,2800,2800,2800,2800,700
2010-08-18,2800,2800,2800,2800,4260
2010-08-19,2600,2600,2600,2600,1320
2010-08-20,2520,2520,2520,2520,4230
2010-08-23,2350,2350,2350,2350,2280
2010-08-24,2350,2350,2350,2350,4130
2010-08-26,2510,2510,2510,2510,510
2010-08-30,2900,2900,2900,2900,1640
2010-09-02,3300,3300,3300,3300,1760
2010-09-03,3300,3300,3300,3300,4850
2010-09-07,3053,3053,3053,3053,4290
2010-09-08,3053,3053,3053,3053,900
2010-09-09,3020,3020,3020,3020,840
2010-09-13,3000,3000,3000,3000,2100
2010-09-15,2900,2900,2900,2900,5640
2010-09-16,2900,2900,2900,2900,1470
2010-09-17,2900,2900,2900,2900,50
2010-09-20,2850,2850,2850,2850,1720
2010-09-21,2700,2700,2700,2700,600
2010-09-22,2800,2800,2800,2800,1500
2010-09-23,2800,2800,2800,2800,2820
2010-09-24,2751,2751,2751,2751,200
2010-09-27,2700,2700,2700,2700,30380
2010-09-28,2710,2710,2710,2710,2250
2010-09-29,2711,2711,2711,2711,100
2010-10-01,2711,2711,2711,2711,180
2010-10-04,2900,2900,2900,2900,100
2010-10-05,3000,3000,3000,3000,2500
2010-10-06,2800,2800,2800,2800,1900
2010-10-07,2800,2800,2800,2800,3510
2010-10-08,2800,2800,2800,2800,3920
2010-10-11,2750,2750,2750,2750,700
2010-10-12,2760,2760,2760,2760,880
2010-10-13,2800,2800,2800,2800,230
2010-10-14,2802,2802,2802,2802,260
2010-10-15,2951,2951,2951,2951,80
2010-10-18,2940,2940,2940,2940,530
2010-10-19,2800,2800,2800,2800,2060
2010-10-20,2900,2900,2900,2900,80
2010-10-21,2940,2940,2940,2940,100
2010-10-22,2950,2950,2950,2950,800
2010-10-25,2850,2850,2850,2850,880
2010-10-26,2850,2850,2850,2850,60
2010-10-28,2940,2940,2940,2940,2770
2010-10-29,3150,3150,3150,3150,9320
2010-11-02,3200,3200,3200,3200,200
2010-11-03,3210,3210,3210,3210,550
2010-11-04,3200,3200,3200,3200,990
2010-11-05,3399,3399,3399,3399,1560
2010-11-08,3399,3399,3399,3399,230
2010-11-09,3398,3398,3398,3398,180
2010-11-10,3144,3144,3144,3144,180
2010-11-11,3370,3370,3370,3370,2280
2010-11-12,3120,3120,3120,3120,350
2010-11-17,3140,3140,3140,3140,650
2010-11-18,3140,3140,3140,3140,730
2010-11-19,3140,3140,3140,3140,720
2010-11-22,3140,3140,3140,3140,1500
2010-11-23,3140,3140,3140,3140,3570
2010-11-24,3140,3140,3140,3140,1350
2010-11-26,3140,3140,3140,3140,150
2010-11-29,3140,3140,3140,3140,800
2010-11-30,3010,3010,3010,3010,500
2010-12-01,3010,3010,3010,3010,1120
2010-12-02,3010,3010,3010,3010,10
2010-12-06,3010,3010,3010,3010,900
2010-12-08,3000,3000,3000,3000,530
2010-12-10,2800,2800,2800,2800,450
2010-12-13,2800,2800,2800,2800,2140
2010-12-15,2800,2800,2800,2800,4430
2010-12-16,3000,3000,3000,3000,300
2010-12-17,2800,2800,2800,2800,250
2010-12-20,3000,3000,3000,3000,1430
2010-12-21,3000,3000,3000,3000,150
2010-12-23,3000,3000,3000,3000,480
2010-12-24,3000,3000,3000,3000,250
2010-12-27,3000,3000,3000,3000,550
2010-12-28,2949,2949,2949,2949,690
2010-12-29,2900,2900,2900,2900,1700
2010-12-30,2800,2800,2800,2800,1080
2010-12-31,2800,2800,2800,2800,400
2011-01-03,2800,2800,2800,2800,740
2011-01-04,2811,2811,2811,2811,2300
2011-01-05,2811,2811,2811,2811,100
2011-01-06,2900,2900,2900,2900,100
2011-01-07,2901,2901,2901,2901,9990
2011-01-10,2901,2901,2901,2901,460
2011-01-11,2911,2911,2911,2911,2220
2011-01-12,2911,2911,2911,2911,1220
2011-01-13,2917,2917,2917,2917,450
2011-01-14,3050,3050,3050,3050,820
2011-01-17,3130,3130,3130,3130,1690
2011-01-18,3135,3135,3135,3135,1950
2011-01-19,3101,3101,3101,3101,360
2011-01-20,3100,3100,3100,3100,200
2011-01-21,3151,3151,3151,3151,630
2011-01-24,3151,3151,3151,3151,450
2011-01-26,3290,3290,3290,3290,570
2011-01-31,3120,3120,3120,3120,350
2011-02-01,3150,3150,3150,3150,720
2011-02-02,3150,3150,3150,3150,11580
2011-02-03,3150,3150,3150,3150,8130
2011-02-07,3150,3150,3150,3150,280
2011-02-08,3150,3150,3150,3150,540
2011-02-10,3150,3150,3150,3150,3440
2011-02-11,3000,3000,3000,3000,810
2011-05-06,3000,3000,3000,3000,90
2011-05-09,3001,3001,3001,3001,2090
2011-05-10,3000,3000,3000,3000,300
2011-05-11,3000,3000,3000,3000,5000
2011-05-12,3000,3000,3000,3000,2320
2011-05-20,2800,2800,2800,2800,590
2011-06-01,4000,4000,4000,4000,1360
2011-06-03,4200,4200,4200,4200,480
2011-06-06,4000,4000,4000,4000,4640
2011-06-10,4400,4400,4400,4400,16090
2011-06-14,4550,4550,4550,4550,6410
2011-06-15,4605,4605,4605,4605,10340
2011-06-16,4880,4880,4880,4880,6340
2011-06-17,4514,4514,4514,4514,5070
2011-06-20,4500,4500,4500,4500,1090
2011-06-21,4500,4500,4500,4500,6320
2011-06-22,4600,4600,4600,4600,11090
2011-06-24,3485,3485,3485,3485,100
2011-06-27,3300,3300,3300,3300,2100
2011-06-28,3400,3400,3400,3400,660
2011-06-29,3450,3450,3450,3450,1680
2011-06-30,3450,3450,3450,3450,70
2011-07-01,3440,3440,3440,3440,3530
2011-07-04,3400,3400,3400,3400,1050
2011-07-05,3300,3300,3300,3300,7940
2011-07-06,3300,3300,3300,3300,8620
2011-07-07,3200,3200,3200,3200,250
2011-07-08,3300,3300,3300,3300,6280
2011-07-11,3440,3440,3440,3440,90
2011-07-12,3451,3451,3451,3451,840
2011-07-13,3500,3500,3500,3500,230
2011-07-14,3500,3500,3500,3500,560
2011-07-18,3510,3510,3510,3510,14320
2011-07-20,3500,3500,3500,3500,1110
2011-07-21,3510,3510,3510,3510,6820
2011-07-25,3570,3570,3570,3570,80
2011-07-26,3773,3773,3773,3773,100
2011-07-27,4000,4000,4000,4000,400
2011-07-28,4000,4000,4000,4000,520
2011-07-29,3999,3999,3999,3999,200
2011-08-02,3950,3950,3950,3950,2520
2011-08-04,4000,4000,4000,4000,57440
2011-08-05,4000,4000,4000,4000,13000
2011-08-10,3750,3750,3750,3750,300
2011-08-11,3750,3750,3750,3750,6520
2011-08-12,3750,3750,3750,3750,2010
2011-08-17,3600,3600,3600,3600,2860
2011-08-19,3600,3600,3600,3600,390
2011-08-22,3600,3600,3600,3600,1630
2011-08-23,3600,3600,3600,3600,360
2011-08-24,3631,3631,3631,3631,650
2011-08-25,3631,3631,3631,3631,320
2011-08-26,3650,3650,3650,3650,5970
2011-08-29,3651,3651,3651,3651,200
2011-08-31,3700,3700,3700,3700,3020
2011-09-01,3720,3720,3720,3720,800
2011-09-02,3810,3810,3810,3810,100
2011-09-05,3805,3805,3805,3805,200
2011-09-06,3700,3700,3700,3700,107880
2011-09-07,3700,3700,3700,3700,24680
2011-09-08,3700,3700,3700,3700,68560
2011-09-09,3710,3710,3710,3710,7180
2011-09-12,3900,3900,3900,3900,140
2011-09-14,3901,3901,3901,3901,1100
2011-09-15,3900,3900,3900,3900,630
2011-09-19,3900,3900,3900,3900,340
2011-09-20,3900,3900,3900,3900,50
2011-09-21,3880,3880,3880,3880,110
2011-09-22,3880,3880,3880,3880,80
2011-09-23,3800,3800,3800,3800,650
2011-09-26,4000,4000,4000,4000,3940
2011-09-27,3990,3990,3990,3990,1050
2011-09-28,3990,3990,3990,3990,800
2011-09-29,3800,3800,3800,3800,740
2011-09-30,3900,3900,3900,3900,2210
2011-10-03,3850,3850,3850,3850,1140
2011-10-04,4000,4000,4000,4000,3220
2011-10-05,4000,4000,4000,4000,3400
2011-10-07,4200,4200,4200,4200,3100
2011-10-10,4200,4200,4200,4200,5480
2011-10-11,4050,4050,4050,4050,2660
2011-10-12,4050,4050,4050,4050,1860
2011-10-13,4200,4200,4200,4200,2510
2011-10-14,4211,4211,4211,4211,9660
2011-10-17,4250,4250,4250,4250,710
2011-10-18,4500,4500,4500,4500,460
2011-10-19,4800,4800,4800,4800,100
2011-10-20,4550,4550,4550,4550,870
2011-10-21,4550,4550,4550,4550,290
2011-10-24,4560,4560,4560,4560,840
2011-10-25,4600,4600,4600,4600,860
2011-10-26,4801,4801,4801,4801,10670
2011-10-27,5000,5000,5000,5000,470
2011-10-28,5000,5000,5000,5000,1190
2011-10-31,5000,5000,5000,5000,560
2011-11-02,5300,5300,5300,5300,21320
2011-11-03,5300,5300,5300,5300,15270
2011-11-04,5301,5301,5301,5301,1770
2011-11-08,5650,5650,5650,5650,32490
2011-11-09,5950,5950,5950,5950,8310
2011-11-10,5504,5504,5504,5504,21700
2011-11-11,5300,5300,5300,5300,19230
2011-11-16,4900,4900,4900,4900,3850
2011-11-17,4600,4600,4600,4600,440
2011-11-18,4945,4945,4945,4945,510
2011-11-22,5700,5700,5700,5700,5660
2011-11-23,5750,5750,5750,5750,8750
2011-11-24,5745,5745,5745,5745,12310
2011-11-25,5500,5500,5500,5500,11250
2011-11-28,5450,5450,5450,5450,450
2011-11-29,5300,5300,5300,5300,950
2011-11-30,5000,5000,5000,5000,3730
2011-12-01,5006,5006,5006,5006,250
2011-12-02,5200,5200,5200,5200,1930
2011-12-05,5500,5500,5500,5500,2340
2011-12-06,5500,5500,5500,5500,1250
2011-12-09,5200,5200,5200,5200,400
2011-12-12,5400,5400,5400,5400,620
2011-12-13,5201,5201,5201,5201,780
2011-12-14,5200,5200,5200,5200,3800
2011-12-15,5256,5256,5256,5256,690
2011-12-16,5350,5350,5350,5350,100
2011-12-19,5350,5350,5350,5350,1320
2011-12-21,5400,5400,5400,5400,1930
2011-12-22,5400,5400,5400,5400,700
2011-12-23,5500,5500,5500,5500,250
2011-12-27,5500,5500,5500,5500,3080
2011-12-28,5500,5500,5500,5500,910
2011-12-29,5501,5501,5501,5501,570
2011-12-30,5600,5600,5600,5600,2120
2012-01-03,5501,5501,5501,5501,290
2012-01-04,5599,5599,5599,5599,400
2012-01-05,5600,5600,5600,5600,690
2012-01-09,5600,5600,5600,5600,310
2012-01-10,5200,5200,5200,5200,2790
2012-01-12,5500,5500,5500,5500,120
2012-01-13,5600,5600,5600,5600,500
2012-01-16,5400,5400,5400,5400,220
2012-01-17,5600,5600,5600,5600,300
2012-01-18,5500,5500,5500,5500,3010
2012-01-19,5500,5500,5500,5500,400
2012-01-20,5600,5600,5600,5600,170
2012-01-24,5600,5600,5600,5600,600
2012-01-25,5600,5600,5600,5600,30
2012-01-26,5600,5600,5600,5600,1440
2012-01-27,5600,5600,5600,5600,30000
2012-01-30,5800,5800,5800,5800,100
2012-01-31,5800,5800,5800,5800,40
2012-02-01,5650,5650,5650,5650,380
2012-02-02,5800,5800,5800,5800,1100
2012-02-03,5800,5800,5800,5800,660
2012-02-06,5800,5800,5800,5800,100
2012-02-07,5650,5650,5650,5650,100
2012-02-08,5650,5650,5650,5650,330
2012-02-09,5650,5650,5650,5650,30
2012-02-10,5800,5800,5800,5800,1160
2012-02-15,5800,5800,5800,5800,560
2012-02-16,5820,5820,5820,5820,15400
2012-02-17,5820,5820,5820,5820,8720
2012-02-20,5870,5870,5870,5870,1090
2012-02-21,6000,6000,6000,6000,950
2012-02-22,6100,6100,6100,6100,2880
2012-02-23,6300,6300,6300,6300,310
2012-02-24,6400,6400,6400,6400,2840
2012-02-27,6501,6501,6501,6501,5340
2012-02-28,6600,6600,6600,6600,3750
2012-02-29,6750,6750,6750,6750,90
2012-03-01,6900,6900,6900,6900,1110
2012-03-02,7000,7000,7000,7000,7200
2012-03-05,7000,7000,7000,7000,11340
2012-03-06,7500,7500,7500,7500,10040
2012-03-07,7000,7000,7000,7000,970
2012-03-08,7000,7000,7000,7000,3190
2012-03-09,7400,7400,7400,7400,1090
2012-03-12,7650,7650,7650,7650,750
2012-03-13,7503,7503,7503,7503,3200
2012-03-14,7500,7500,7500,7500,540
2012-03-15,7650,7650,7650,7650,1450
2012-03-16,7700,7700,7700,7700,2080
2012-03-19,7920,7920,7920,7920,380
2012-03-20,7940,7940,7940,7940,290
2012-03-21,7900,7900,7900,7900,1190
2012-03-26,8000,8000,8000,8000,1870
2012-03-27,7990,7990,7990,7990,2050
2012-03-28,7850,7850,7850,7850,2710
2012-03-29,7850,7850,7850,7850,720
2012-03-30,7850,7850,7850,7850,1560
2012-04-02,7800,7800,7800,7800,260
2012-04-03,7500,7500,7500,7500,150
2012-04-04,7500,7500,7500,7500,380
2012-04-05,7500,7500,7500,7500,8800
2012-04-06,7500,7500,7500,7500,1780
2012-04-10,7500,7500,7500,7500,13050
2012-04-11,7500,7500,7500,7500,2720
2012-04-12,7500,7500,7500,7500,140
2012-04-13,7500,7500,7500,7500,2100
2012-04-16,7500,7500,7500,7500,3950
2012-04-17,7500,7500,7500,7500,20
2012-04-18,8063,8063,8063,8063,80
2012-04-19,7500,7500,7500,7500,500
2012-04-20,7500,7500,7500,7500,520
2012-04-24,7500,7500,7500,7500,3020
2012-04-25,7500,7500,7500,7500,6210
2012-04-26,7500,7500,7500,7500,670
2012-04-30,7500,7500,7500,7500,1120
2012-05-02,7500,7500,7500,7500,630
2012-05-03,7500,7500,7500,7500,120
2012-05-04,7500,7500,7500,7500,1200
2012-05-07,7500,7500,7500,7500,400
2012-05-08,7500,7500,7500,7500,1620
2012-05-09,7500,7500,7500,7500,10
2012-05-11,7500,7500,7500,7500,3000
2012-05-14,8000,8000,8000,8000,920
2012-05-15,8000,8000,8000,8000,280
2012-05-16,7990,7990,7990,7990,1400
2012-05-18,7990,7990,7990,7990,3950
2012-05-21,7900,7900,7900,7900,1200
2012-05-22,7900,7900,7900,7900,400
2012-05-23,7890,7890,7890,7890,210
2012-05-24,7900,7900,7900,7900,350
2012-05-25,7890,7890,7890,7890,260
2012-05-29,7890,7890,7890,7890,1290
2012-05-30,7890,7890,7890,7890,1600
2012-05-31,7890,7890,7890,7890,5110
2012-06-04,7850,7850,7850,7850,1000
2012-06-05,7500,7500,7500,7500,2180
2012-06-07,7700,7700,7700,7700,320
2012-06-08,7950,7950,7950,7950,1350
2012-06-11,7950,7950,7950,7950,530
2012-06-12,7951,7951,7951,7951,6470
2012-06-13,7950,7950,7950,7950,5850
2012-06-14,7600,7600,7600,7600,440
2012-06-18,7900,7900,7900,7900,1290
2012-06-19,7900,7900,7900,7900,8710
2012-06-20,8400,8400,8400,8400,10060
2012-06-21,9025,9025,9025,9025,11110
2012-06-22,9000,9000,9000,9000,1840
2012-06-25,8400,8400,8400,8400,5670
2012-06-26,8760,8760,8760,8760,6660
2012-06-27,8760,8760,8760,8760,550
2012-06-28,8700,8700,8700,8700,5750
2012-06-29,8700,8700,8700,8700,2630
2012-07-02,8250,8250,8250,8250,290
2012-07-03,8501,8501,8501,8501,320
2012-07-04,8500,8500,8500,8500,5810
2012-07-05,8500,8500,8500,8500,2420
2012-07-06,8400,8400,8400,8400,8110
2012-07-09,8000,8000,8000,8000,3570
2012-07-10,8000,8000,8000,8000,3530
2012-07-11,8000,8000,8000,8000,550
2012-07-12,7500,7500,7500,7500,1680
2012-07-13,7400,7400,7400,7400,5330
2012-07-16,7400,7400,7400,7400,100
2012-07-17,7950,7950,7950,7950,1730
2012-07-18,7601,7601,7601,7601,2030
2012-07-19,6067,6067,6067,6067,1920
2012-07-20,5615,5615,5615,5615,1990
2012-07-23,5195,5195,5195,5195,2200
2012-07-24,4805,4805,4805,4805,1000
2012-07-25,4445,4445,4445,4445,1800
2012-07-26,4778,4778,4778,4778,1660
2012-07-27,5136,5136,5136,5136,190
2012-07-30,5500,5500,5500,5500,470
2012-07-31,5900,5900,5900,5900,5440
2012-08-01,6200,6200,6200,6200,1150
2012-08-02,6600,6600,6600,6600,2530
2012-08-03,7095,7095,7095,7095,12160
2012-08-08,6600,6600,6600,6600,6940
2012-08-09,6105,6105,6105,6105,1140
2012-08-10,5648,5648,5648,5648,590
2012-08-13,5500,5500,5500,5500,610
2012-08-14,5500,5500,5500,5500,680
2012-08-16,5500,5500,5500,5500,1320
2012-08-17,5500,5500,5500,5500,60
2012-08-21,5500,5500,5500,5500,130
2012-08-23,5500,5500,5500,5500,1110
2012-08-27,5550,5550,5550,5550,140
2012-08-28,5560,5560,5560,5560,200
2012-08-29,5970,5970,5970,5970,720
2012-08-31,5970,5970,5970,5970,790
2012-09-03,5550,5550,5550,5550,1660
2012-09-04,5550,5550,5550,5550,390
2012-09-06,5571,5571,5571,5571,470
2012-09-07,5900,5900,5900,5900,110
2012-09-10,5900,5900,5900,5900,210
2012-09-11,5800,5800,5800,5800,310
2012-09-12,5900,5900,5900,5900,80
2012-09-13,5900,5900,5900,5900,130
2012-09-14,6300,6300,6300,6300,200
2012-09-17,6300,6300,6300,6300,320
2012-09-18,6300,6300,6300,6300,390
2012-09-19,6300,6300,6300,6300,350
2012-09-20,6300,6300,6300,6300,380
2012-09-21,6490,6490,6490,6490,1500
2012-09-24,6300,6300,6300,6300,130
2012-09-26,6350,6350,6350,6350,2010
2012-09-27,6350,6350,6350,6350,420
2012-10-01,6350,6350,6350,6350,1580
2012-10-02,6350,6350,6350,6350,420
2012-10-03,6350,6350,6350,6350,240
2012-10-04,6425,6425,6425,6425,820
2012-10-05,6400,6400,6400,6400,3610
2012-10-08,6300,6300,6300,6300,260
2012-10-09,6300,6300,6300,6300,3000
2012-10-11,5970,5970,5970,5970,480
2012-10-12,6000,6000,6000,6000,100
2012-10-15,6000,6000,6000,6000,1140
2012-10-16,6000,6000,6000,6000,170
2012-10-18,6000,6000,6000,6000,1140
2012-10-19,6000,6000,6000,6000,660
2012-10-23,6000,6000,6000,6000,300
2012-10-25,5550,5550,5550,5550,420
2012-10-29,5550,5550,5550,5550,1160
2012-10-31,5550,5550,5550,5550,550
2012-11-02,5550,5550,5550,5550,310
2012-11-05,5550,5550,5550,5550,140
2012-11-06,5966,5966,5966,5966,5160
2012-11-08,5966,5966,5966,5966,110
2012-11-09,5550,5550,5550,5550,300
2012-11-12,5550,5550,5550,5550,2480
2012-11-13,5600,5600,5600,5600,1110
2012-11-14,5800,5800,5800,5800,290
2012-11-16,5800,5800,5800,5800,1040
2012-11-20,5800,5800,5800,5800,390
2012-11-22,5600,5600,5600,5600,180
2012-11-23,5600,5600,5600,5600,50
2012-11-26,5600,5600,5600,5600,11940
2012-11-27,5800,5800,5800,5800,580
2012-11-28,5800,5800,5800,5800,870
2012-11-30,5800,5800,5800,5800,190
2012-12-03,5600,5600,5600,5600,1220
2012-12-04,5500,5500,5500,5500,1190
2012-12-05,5600,5600,5600,5600,190
2012-12-06,5600,5600,5600,5600,110
2012-12-07,5500,5500,5500,5500,51680
2012-12-10,5800,5800,5800,5800,560
2012-12-12,5800,5800,5800,5800,6530
2012-12-17,5800,5800,5800,5800,30
2012-12-18,5700,5700,5700,5700,550
2012-12-19,5700,5700,5700,5700,1030
2012-12-20,5700,5700,5700,5700,960
2012-12-21,5700,5700,5700,5700,40
2012-12-24,5800,5800,5800,5800,2100
2012-12-26,6000,6000,6000,6000,1500
2012-12-27,5700,5700,5700,5700,800
2012-12-28,6128,6128,6128,6128,2350
2012-12-31,6500,6500,6500,6500,3550
2013-01-07,6500,6500,6500,6500,590
2013-01-08,6400,6400,6400,6400,15340
2013-01-10,6400,6400,6400,6400,150
2013-01-14,6400,6400,6400,6400,40
2013-01-16,6300,6300,6300,6300,200
2013-01-17,5900,5900,5900,5900,270
2013-01-18,5920,5920,5920,5920,180
2013-01-21,6000,6000,6000,6000,5500
2013-01-22,6400,6400,6400,6400,890
2013-01-23,6400,6400,6400,6400,6400
2013-01-28,6400,6400,6400,6400,1090
2013-01-29,6399,6399,6399,6399,350
2013-01-30,6399,6399,6399,6399,800
2013-02-01,6399,6399,6399,6399,220
2013-02-05,6401,6401,6401,6401,1810
2013-02-07,6411,6411,6411,6411,1220
2013-02-08,6411,6411,6411,6411,1000
2013-02-11,6892,6892,6892,6892,3500
2013-02-12,7400,7400,7400,7400,6500
2013-02-18,6845,6845,6845,6845,480
2013-02-19,6400,6400,6400,6400,3460
2013-02-22,6800,6800,6800,6800,100
2013-02-25,7000,7000,7000,7000,300
2013-02-27,6990,6990,6990,6990,1600
2013-02-28,6500,6500,6500,6500,200
2013-03-04,6500,6500,6500,6500,20
2013-03-06,6500,6500,6500,6500,100
2013-03-07,6500,6500,6500,6500,550
2013-03-08,6400,6400,6400,6400,1510
2013-03-12,6799,6799,6799,6799,550
2013-03-14,6551,6551,6551,6551,400
2013-03-18,6500,6500,6500,6500,340
2013-03-19,6500,6500,6500,6500,360
2013-03-20,6501,6501,6501,6501,180
2013-03-22,6798,6798,6798,6798,250
2013-03-25,6798,6798,6798,6798,350
2013-03-26,6500,6500,6500,6500,150
2013-03-27,6220,6220,6220,6220,4330
2013-03-28,6501,6501,6501,6501,750
2013-03-29,6800,6800,6800,6800,300
2013-04-02,6798,6798,6798,6798,550
2013-04-03,6289,6289,6289,6289,800
2013-04-04,6000,6000,6000,6000,31850
2013-04-05,5550,5550,5550,5550,480
2013-04-08,5134,5134,5134,5134,4200
2013-04-09,4749,4749,4749,4749,1760
2013-04-10,4740,4740,4740,4740,10970
2013-04-11,4730,4730,4730,4730,15940
2013-04-12,4730,4730,4730,4730,30050
2013-04-15,5080,5080,5080,5080,160
2013-04-16,5080,5080,5080,5080,310
2013-04-17,5200,5200,5200,5200,480
2013-04-18,5300,5300,5300,5300,200
2013-04-22,5200,5200,5200,5200,1010
2013-04-23,5310,5310,5310,5310,100
2013-04-24,5330,5330,5330,5330,5400
2013-04-26,5300,5300,5300,5300,810
2013-04-29,5300,5300,5300,5300,2130
2013-04-30,5000,5000,5000,5000,2340
2013-05-02,5000,5000,5000,5000,80
2013-05-03,5000,5000,5000,5000,1710
2013-05-06,5000,5000,5000,5000,5070
2013-05-07,5000,5000,5000,5000,28120
2013-05-08,5375,5375,5375,5375,710
2013-05-10,5375,5375,5375,5375,140
2013-05-13,5400,5400,5400,5400,1000
2013-05-15,5400,5400,5400,5400,3900
2013-05-17,5400,5400,5400,5400,8710
2013-05-21,5500,5500,5500,5500,340
2013-05-22,5500,5500,5500,5500,350
2013-05-23,5500,5500,5500,5500,2300
2013-05-28,5490,5490,5490,5490,1070
2013-05-29,5400,5400,5400,5400,7800
2013-05-30,5400,5400,5400,5400,10000
2013-05-31,5400,5400,5400,5400,800
2013-06-03,5500,5500,5500,5500,90
2013-06-04,5500,5500,5500,5500,370
2013-06-05,5088,5088,5088,5088,120
2013-06-06,5400,5400,5400,5400,1650
2013-06-10,5088,5088,5088,5088,140
2013-06-13,5400,5400,5400,5400,2080
2013-06-14,5400,5400,5400,5400,90
2013-06-18,5400,5400,5400,5400,110
2013-06-21,5400,5400,5400,5400,20
2013-06-24,5400,5400,5400,5400,400
2013-06-25,5300,5300,5300,5300,390
2013-06-27,5088,5088,5088,5088,660
2013-07-02,5000,5000,5000,5000,1420
2013-07-03,5000,5000,5000,5000,180
2013-07-04,5000,5000,5000,5000,460
2013-07-05,5000,5000,5000,5000,1200
2013-07-08,5000,5000,5000,5000,1010
2013-07-09,5000,5000,5000,5000,10
2013-07-11,5200,5200,5200,5200,3090
2013-07-15,5350,5350,5350,5350,130
2013-07-16,5200,5200,5200,5200,680
2013-07-18,5180,5180,5180,5180,650
2013-07-19,5200,5200,5200,5200,2190
2013-07-22,5400,5400,5400,5400,150
2013-07-23,5390,5390,5390,5390,80
2013-07-25,5300,5300,5300,5300,140
2013-07-29,5000,5000,5000,5000,3020
2013-08-02,5000,5000,5000,5000,270
2013-08-05,5000,5000,5000,5000,2650
2013-08-06,5000,5000,5000,5000,10270
2013-08-09,5000,5000,5000,5000,910
2013-08-13,5000,5000,5000,5000,120
2013-08-16,4900,4900,4900,4900,2300
2013-08-19,4900,4900,4900,4900,1320
2013-08-20,4900,4900,4900,4900,870
2013-08-21,4900,4900,4900,4900,70
2013-08-22,4533,4533,4533,4533,3350
2013-08-23,4193,4193,4193,4193,1420
2013-08-26,4193,4193,4193,4193,1850
2013-08-27,4193,4193,4193,4193,7830
2013-08-28,3879,3879,3879,3879,90
2013-08-29,3880,3880,3880,3880,150
2013-09-05,3900,3900,3900,3900,200
2013-09-06,3902,3902,3902,3902,2040
2013-09-09,4194,4194,4194,4194,1510
2013-09-11,4194,4194,4194,4194,150
2013-09-12,4194,4194,4194,4194,190
2013-09-13,4200,4200,4200,4200,860
2013-09-16,4201,4500,4201,4500,90
2013-09-17,4300,4300,4300,4300,530
2013-09-18,4500,4500,4500,4500,4230
2013-09-19,4500,4500,4500,4500,200
2013-09-20,4700,4700,4700,4700,20
2013-09-23,4700,4700,4500,4500,520
2013-09-26,4700,4700,4700,4700,130
2013-09-30,4701,4701,4700,4700,200
2013-10-01,4700,4700,4700,4700,3560
2013-10-03,4600,4600,4550,4550,730
2013-10-07,4700,4700,4550,4550,1550
2013-10-08,4550,4550,4550,4550,550
2013-10-09,4550,4550,4550,4550,60
2013-10-11,4600,4600,4600,4600,20
2013-10-14,4600,4600,4600,4600,440
2013-10-16,4600,4900,4600,4900,180
2013-10-17,4900,4900,4900,4900,400
2013-10-18,4900,4900,4850,4850,230
2013-10-22,4800,4800,4800,4800,230
2013-10-24,4600,4799,4600,4799,180
2013-10-25,4750,4750,4750,4750,50
2013-10-28,4800,4800,4700,4700,330
2013-10-29,4650,4650,4600,4600,800
2013-10-30,4600,4600,4600,4600,190
2013-10-31,4600,4600,4600,4600,200
2013-11-04,4500,4500,4500,4500,30
2013-11-06,4500,4550,4500,4550,1540
2013-11-07,4500,4500,4495,4495,790
2013-11-08,4550,4550,4550,4550,310
2013-11-11,4550,4550,4500,4500,1130
2013-11-12,4560,4560,4550,4550,1050
2013-11-13,4550,4550,4550,4550,2650
2013-11-18,4500,4550,4500,4500,7270
2013-11-19,4500,4500,4250,4500,870
2013-11-20,4500,4500,4500,4500,870
2013-11-21,4500,4500,4500,4500,190
2013-11-22,4550,4600,4500,4500,570
2013-11-25,4450,4450,4450,4450,120
2013-11-26,4450,4450,4420,4420,470
2013-11-28,4400,4400,4400,4400,160
2013-11-29,4400,4400,4300,4300,150
2013-12-03,4200,4200,4200,4200,170
2013-12-04,4200,4200,4200,4200,90
2013-12-06,4200,4200,4200,4200,4180
2013-12-09,4150,4150,4150,4150,1000
2013-12-10,4200,4400,4200,4400,1410
2013-12-11,4400,4400,4070,4400,5570
2013-12-12,4070,4495,4070,4495,1540
2013-12-13,4500,4500,4500,4500,700
2013-12-16,4498,4498,4498,4498,90
2013-12-17,4600,4600,4600,4600,5150
2013-12-18,4850,4850,4850,4850,40
2013-12-19,4990,4990,4990,4990,10
2013-12-20,4900,4900,4900,4900,290
2013-12-23,4899,4900,4899,4900,650
2013-12-26,4850,4850,4850,4850,100
2013-12-27,4850,5000,4750,5000,2110
2013-12-30,4900,5000,4900,5000,1750
2013-12-31,4900,5350,4900,5350,11150
2014-01-03,5335,5345,5335,5345,750
2014-01-15,5199,5199,5199,5199,200
2014-01-17,5100,5185,5100,5185,280
2014-01-20,4800,4800,4800,4800,100
2014-01-21,4800,4800,4800,4800,460
2014-01-22,4800,4800,4800,4800,20
2014-01-23,4800,4800,4800,4800,260
2014-01-24,4800,4800,4750,4750,100
2014-01-27,4750,4750,4750,4750,100
2014-01-28,4750,4750,4750,4750,500
2014-01-29,4750,4750,4750,4750,10
2014-01-31,4750,4750,4750,4750,340
2014-02-04,4750,4800,4750,4800,5000
2014-02-05,4750,4750,4750,4750,500
2014-02-06,5100,5100,5100,5100,60
2014-02-07,4800,4800,4750,4750,330
2014-02-10,4800,4801,4750,4801,1820
2014-02-11,4800,4800,4800,4800,250
2014-02-12,4800,4800,4700,4700,510
2014-02-13,4800,4800,4700,4700,970
2014-02-14,4700,4700,4700,4700,100
2014-02-17,4700,4700,4700,4700,10
2014-02-18,4700,4700,4700,4700,190
2014-02-19,4800,4800,4700,4700,60
2014-02-20,4800,4800,4800,4800,10
2014-02-21,4700,4700,4650,4650,2230
2014-02-24,4400,4400,4302,4302,300
2014-02-26,4216,4216,4000,4000,3500
2014-03-04,4001,4002,4001,4001,1260
2014-03-05,4050,4050,4050,4050,500
2014-03-06,4301,4301,4301,4301,2310
2014-03-07,4300,4300,4300,4300,500
2014-03-10,4350,4350,4300,4300,120
2014-03-11,4300,4301,4300,4300,2410
2014-03-12,4300,4300,4300,4300,110
2014-03-14,4200,4200,4200,4200,7020
2014-03-17,4250,4250,4250,4250,150
2014-03-18,4200,4200,4200,4200,320
2014-03-19,4250,4250,4250,4250,100
2014-03-20,4200,4200,4200,4200,10
2014-03-21,4000,4000,3885,3885,500
2014-03-24,3850,3850,3594,3594,620
2014-03-25,3594,3600,3594,3600,1190
2014-03-28,3600,3600,3500,3500,740
2014-03-31,3500,3500,3500,3500,290
2014-04-01,3500,3500,3500,3500,200
2014-04-02,3500,3500,3500,3500,610
2014-04-03,3500,3500,3500,3500,20
2014-04-07,3495,3495,3495,3495,280
2014-04-09,3250,3250,3250,3250,590
2014-04-10,3300,3490,3250,3490,3610
2014-04-11,3495,3495,3495,3495,30
2014-04-14,3495,3495,3495,3495,10
2014-04-15,3495,3500,3495,3500,210
2014-04-16,3500,3763,3500,3700,930
2014-04-17,3500,3500,3500,3500,440
2014-04-23,3400,3500,3400,3500,70
2014-04-24,3500,3500,3500,3500,600
2014-04-25,3763,3763,3763,3763,10
2014-04-28,3800,3800,3500,3500,460
2014-04-29,3763,3763,3763,3763,50
2014-04-30,3800,3800,3800,3800,300
2014-05-02,3800,3800,3800,3800,120
2014-05-06,3515,3515,3515,3515,10
2014-05-07,3500,3500,3300,3300,850
2014-05-08,3301,3301,3300,3300,550
2014-05-09,3301,3301,3300,3300,410
2014-05-13,3500,3500,3411,3500,380
2014-05-14,3500,3500,3500,3500,140
2014-05-15,3500,3500,3500,3500,1030
2014-05-16,3495,3500,3495,3500,4830
2014-05-19,3500,3500,3500,3500,270
2014-05-20,3500,3500,3500,3500,250
2014-05-21,3500,3515,3500,3515,1040
2014-05-22,3515,3585,3500,3500,5700
2014-05-28,3500,3500,3431,3500,27960
2014-05-30,3430,3570,3430,3500,870
2014-06-02,3500,3500,3500,3500,180
2014-06-03,3570,3570,3570,3570,250
2014-06-04,3500,3570,3500,3570,1020
2014-06-05,3570,3570,3570,3570,150
2014-06-06,3500,3500,3500,3500,3240
2014-06-11,3430,3500,3430,3500,400
2014-06-12,3430,3500,3430,3500,16760
2014-06-13,3500,3500,3430,3500,230
2014-06-16,3430,3500,3430,3450,300
2014-06-17,3500,3500,3500,3500,20
2014-06-18,3500,3500,3500,3500,80
2014-06-23,3500,3500,3500,3500,100
2014-06-24,3570,3570,3570,3570,100
2014-06-25,3500,3500,3500,3500,70
2014-06-26,3500,3500,3450,3500,280
2014-06-27,3238,3500,3238,3500,250
2014-06-30,3400,3400,3400,3400,10
2014-07-01,3400,3500,3400,3500,300
2014-07-02,3400,3400,3400,3400,690
2014-07-03,3399,3400,3399,3400,100
2014-07-04,3400,3401,3400,3401,130
2014-07-07,3401,3401,3400,3400,290
2014-07-08,3400,3400,3400,3400,10
2014-07-09,3400,3400,3399,3400,510
2014-07-10,3400,3400,3400,3400,220
2014-07-14,3400,3400,3260,3260,280
2014-07-15,3400,3400,3400,3400,50
2014-07-16,3400,3400,3400,3400,250
2014-07-17,3400,3400,3400,3400,120
2014-07-18,3400,3400,3325,3325,340
2014-07-21,3400,3400,3400,3400,620
2014-07-22,3400,3400,3400,3400,100
2014-07-23,3210,3210,3210,3210,50
2014-07-25,3211,3250,3210,3250,20060
2014-07-29,3260,3260,3220,3221,520
2014-07-30,3400,3400,3400,3400,2230
2014-07-31,3400,3400,3400,3400,1100
2014-08-01,3500,3500,3400,3400,840
2014-08-04,3400,3400,3400,3400,30
2014-08-05,3390,3400,3390,3400,100000
2014-08-06,3400,3400,3145,3145,440
2014-08-08,3100,3145,3100,3145,1870
2014-08-12,3140,3140,3140,3140,50
2014-08-13,3140,3140,3100,3100,340
2014-08-14,3100,3100,3100,3100,390
2014-08-18,3100,3100,3100,3100,50
2014-08-19,3110,3110,3100,3100,450
2014-08-20,3100,3100,3100,3100,110
2014-08-26,3101,3101,3100,3100,250
2014-08-27,3105,3105,3100,3100,6350
2014-08-28,3140,3140,3140,3140,390
2014-08-29,3140,3140,3140,3140,50
2014-09-02,3140,3140,3140,3140,10
2014-09-03,3140,3140,3140,3140,230
2014-09-04,3140,3140,3140,3140,460
2014-09-05,3140,3140,3140,3140,810
2014-09-09,3140,3140,3140,3140,100
2014-09-10,3140,3140,3140,3140,530
2014-09-11,3140,3140,3131,3131,300
2014-09-12,3140,3140,3140,3140,10
2014-09-16,3203,3203,3170,3170,2250
2014-09-17,3170,3170,3140,3140,350
2014-09-18,3141,3141,3141,3141,220
2014-09-19,3141,3141,3141,3141,80
2014-09-22,3141,3141,3140,3140,360
2014-09-23,3140,3140,3140,3140,250
2014-09-25,3170,3170,3140,3140,570
2014-09-26,3140,3140,3140,3140,690
2014-09-29,3102,3102,3102,3102,60
2014-09-30,3102,3112,3101,3112,410
2014-10-01,3100,3100,3100,3100,200
2014-10-02,3100,3100,3100,3100,400
2014-10-08,3050,3050,3050,3050,50
2014-10-10,3050,3111,3050,3111,410
2014-10-14,3099,3100,3085,3085,16820
2014-10-15,3090,3090,3080,3080,320
2014-10-22,2900,2900,2850,2850,550
2014-10-23,2640,2640,2640,2640,20
2014-10-27,2640,2640,2640,2640,100
2014-10-29,2640,2640,2640,2640,50
2014-10-30,2640,2640,2640,2640,350
2014-10-31,2640,2640,2640,2640,120
2014-11-03,2630,2630,2610,2610,1100
2014-11-13,2500,2500,2500,2500,210
2014-11-14,2313,2499,2313,2499,900
2014-11-17,2490,2499,2490,2499,2480
2014-11-19,2549,2549,2549,2549,100
2014-11-20,2540,2610,2540,2610,840
2014-11-21,2610,2800,2610,2800,4260
2014-11-27,2590,2590,2590,2590,510
2014-11-28,2600,2600,2600,2600,190
2014-12-01,2500,2795,2500,2795,1270
2014-12-02,2800,2850,2800,2850,1080
2014-12-03,2900,2900,2900,2900,200
2014-12-04,2900,3118,2900,3080,6000
2014-12-08,3080,3200,3080,3200,3500
2014-12-10,3000,3200,3000,3200,80
2014-12-11,3190,3190,3190,3190,310
2014-12-15,3000,3200,3000,3200,420
2014-12-17,3000,3190,3000,3190,2920
2014-12-18,3195,3195,3195,3195,11620
2014-12-22,3180,3180,3180,3180,100
2014-12-23,3175,3175,3175,3175,100
2014-12-24,3000,3200,3000,3200,1100
2014-12-31,3000,3190,3000,3190,2030
2015-01-05,3190,3190,3190,3190,270
2015-01-07,3000,3000,3000,3000,90
2015-01-12,2950,2950,2950,2950,150
2015-01-13,3100,3100,2950,2950,200
2015-01-14,3000,3000,3000,3000,100
2015-01-19,3039,3039,3039,3039,200
2015-01-21,2980,3000,2980,3000,360
2015-01-22,3000,3000,3000,3000,140
2015-01-23,2900,2900,2900,2900,500
2015-01-26,2950,2950,2950,2950,30
2015-01-27,2950,3000,2950,2995,820
2015-01-29,3000,3000,2900,2900,500
2015-02-03,2900,2900,2900,2900,500
2015-02-05,2900,2900,2900,2900,260
2015-02-06,2900,2900,2900,2900,40
2015-02-10,2900,2900,2900,2900,10
2015-02-11,2900,2900,2900,2900,60
2015-02-12,2683,2683,2683,2683,60
2015-02-13,2650,2700,2650,2700,520
2015-02-17,2651,2651,2651,2651,20
2015-02-20,2651,2651,2650,2650,150
2015-02-23,2600,2650,2600,2650,270
2015-02-24,2600,2600,2600,2600,140
2015-02-25,2600,2600,2600,2600,40
2015-02-26,2600,2600,2600,2600,150
2015-02-27,2600,2700,2600,2700,180
2015-03-02,2700,2700,2700,2700,70
2015-03-04,2600,2600,2600,2600,740
2015-03-05,2600,2600,2600,2600,250
2015-03-06,2600,2600,2600,2600,470
2015-03-09,2650,2650,2650,2650,190
2015-03-10,2650,2650,2650,2650,490
2015-03-12,2650,2650,2600,2600,7740
2015-03-13,2600,2600,2600,2600,240
2015-03-16,2610,2610,2600,2600,110
2015-03-17,2405,2405,2405,2405,250
2015-03-18,2405,2405,2405,2405,180
2015-03-19,2411,2411,2410,2410,2570
2015-03-20,2410,2410,2410,2410,2630
2015-03-23,2400,2400,2400,2400,2650
2015-03-25,2400,2400,2400,2400,550
2015-03-26,2300,2400,2300,2400,690
2015-03-27,2300,2300,2300,2300,90
2015-03-30,2300,2300,2300,2300,4610
2015-03-31,2300,2300,2300,2300,190
2015-04-01,2400,2400,2400,2400,50
2015-04-03,2400,2400,2350,2350,80
2015-04-07,2400,2400,2400,2400,260
2015-04-08,2400,2400,2400,2400,1000
2015-04-09,2400,2400,2350,2350,70
2015-04-13,2350,2350,2350,2350,500
2015-04-15,2490,2500,2490,2500,5140
2015-04-16,2500,2500,2500,2500,3070
2015-04-17,2500,2500,2500,2500,80
2015-04-20,2452,2452,2451,2451,150
2015-04-21,2500,2500,2500,2500,4040
2015-04-22,2500,2500,2500,2500,1500
2015-04-23,2500,2500,2451,2451,220
2015-04-24,2500,2500,2500,2500,500
2015-04-27,2500,2500,2500,2500,1100
2015-04-28,2500,2500,2500,2500,4290
2015-04-29,2500,2500,2500,2500,9300
2015-05-04,2490,2490,2490,2490,200
2015-05-06,2490,2490,2490,2490,10
2015-05-07,2490,2677,2490,2677,16740
2015-05-08,2877,2877,2780,2800,16130
2015-05-12,2800,2800,2800,2800,2220
2015-05-13,2790,2800,2790,2800,4430
2015-05-15,2800,2800,2800,2800,400
2015-05-18,2750,2750,2750,2750,850
2015-05-19,2750,2751,2675,2675,153540
2015-05-20,2700,2700,2700,2700,2900
2015-05-21,2700,2700,2700,2700,150
2015-05-22,2700,2700,2700,2700,750
2015-05-26,2698,2698,2698,2698,300
2015-05-27,2650,2700,2650,2700,1100
2015-05-28,2698,2698,2698,2698,5100
2015-05-29,2700,2700,2698,2698,2500
2015-06-01,2750,2900,2750,2900,2390
2015-06-02,2916,2916,2916,2916,590
2015-06-03,3000,3000,2900,2900,24200
2015-06-08,3000,3000,2900,2900,21840
2015-06-09,2900,2900,2900,2900,10
2015-06-10,3000,3100,3000,3100,2520
2015-06-11,3100,3100,3100,3100,1110
2015-06-12,3100,3100,2900,2900,113820
2015-06-15,2971,2971,2970,2970,1000
2015-06-16,2970,2971,2900,2900,20950
2015-06-17,2926,2926,2900,2900,8570
2015-06-18,2890,2900,2890,2900,200
2015-06-22,2900,2900,2900,2900,2230
2015-06-23,2900,2900,2900,2900,2000
2015-06-25,3000,3000,2900,2900,1500
2015-06-26,2910,2910,2900,2900,1450
2015-06-29,2900,3099,2900,3099,340
2015-06-30,3050,3050,2900,2900,16550
2015-07-01,3050,3050,3050,3050,70
2015-07-02,3050,3050,3050,3050,120
2015-07-03,3050,3050,3000,3000,2980
2015-07-06,2951,2951,2900,2900,2410
2015-07-07,3050,3050,2950,2950,420
2015-07-10,3050,3050,3050,3050,1230
2015-07-13,3050,3050,3000,3000,450
2015-07-15,3000,3000,3000,3000,290
2015-07-16,2950,2961,2911,2911,1310
2015-07-21,2950,2950,2900,2900,3790
2015-07-22,2900,2980,2900,2980,2270
2015-07-23,2910,2910,2900,2900,500
2015-07-24,2900,2900,2900,2900,1330
2015-07-27,2898,2898,2850,2898,2050
2015-07-28,2898,2900,2898,2900,3660
2015-07-29,2899,2899,2850,2850,200
2015-07-30,2850,2850,2816,2816,230
2015-07-31,2816,2816,2816,2816,120
2015-08-03,2816,2816,2816,2816,710
2015-08-04,2650,2800,2650,2800,390
2015-08-06,2800,2800,2775,2775,1500
2015-08-10,2800,2800,2800,2800,150
2015-08-11,2800,2800,2800,2800,500
2015-08-12,2795,2795,2775,2775,1350
2015-08-13,2750,2750,2750,2750,240
2015-08-14,2700,2700,2600,2601,730
2015-08-17,2620,2620,2601,2601,270
2015-08-19,2650,2650,2650,2650,600
2015-08-20,2650,2650,2650,2650,1030
2015-08-21,2650,2650,2650,2650,500
2015-08-24,2651,2651,2651,2651,160
2015-08-25,2650,2650,2650,2650,3060
2015-08-26,2650,2650,2650,2650,100
2015-08-27,2650,2795,2650,2795,2080
2015-08-28,2650,2650,2650,2650,50
2015-08-31,2790,2790,2650,2650,620
2015-09-01,2650,2650,2650,2650,50
2015-09-02,2700,2700,2700,2700,20
2015-09-07,2700,2700,2650,2650,70
2015-09-08,2650,2650,2650,2650,270
2015-09-09,2650,2700,2650,2700,180
2015-09-10,2700,2700,2699,2699,420
2015-09-11,2699,2699,2650,2650,1050
2015-09-14,2601,2650,2600,2650,1180
2015-09-15,2601,2601,2601,2601,40
2015-09-16,2601,2601,2600,2600,6120
2015-09-17,2600,2600,2600,2600,1200
2015-09-21,2600,2600,2600,2600,370
2015-09-22,2550,2550,2550,2550,2810
2015-09-23,2550,2550,2550,2550,2740
2015-09-25,2550,2550,2550,2550,110
2015-09-28,2550,2550,2550,2550,170
2015-09-29,2550,2550,2550,2550,200
2015-09-30,2555,2600,2550,2600,1500
2015-10-01,2600,2655,2600,2655,520
2015-10-02,2795,2795,2795,2795,70
2015-10-05,2750,2750,2750,2750,7600
2015-10-06,2750,2750,2750,2750,3500
2015-10-08,2680,2680,2600,2600,7250
2015-10-09,2600,2600,2600,2600,100
2015-10-12,2600,2601,2600,2601,9700
2015-10-13,2680,2680,2680,2680,350
2015-10-14,2600,2600,2600,2600,840
2015-10-15,2601,2601,2600,2600,2020
2015-10-16,2610,2610,2601,2601,250
2015-10-19,2610,2635,2600,2600,3420
2015-10-20,2650,2650,2650,2650,70
2015-10-21,2650,2650,2650,2650,310
2015-10-26,2680,2680,2660,2660,110
2015-10-27,2620,2650,2620,2650,1070
2015-10-28,2670,2675,2670,2675,2830
2015-10-30,2700,2700,2700,2700,50
2015-11-02,2680,2680,2670,2670,160
2015-11-03,2670,2670,2600,2600,12580
2015-11-04,2640,2640,2640,2640,1750
2015-11-05,2640,2649,2640,2649,120
2015-11-06,2640,2650,2640,2650,530
2015-11-09,2650,2650,2650,2650,2210
2015-11-10,2630,2630,2630,2630,50
2015-11-11,2630,2630,2630,2630,740
2015-11-12,2630,2630,2600,2600,5750
2015-11-13,2599,2599,2599,2599,1050
2015-11-18,2640,2640,2640,2640,2000
2015-11-19,2645,2650,2645,2650,1380
2015-11-20,2650,2650,2650,2650,6020
2015-11-23,2650,2660,2650,2660,2920
2015-11-24,2650,2660,2650,2660,2170
2015-11-30,2650,2659,2650,2659,70
2015-12-01,2659,2660,2659,2660,3510
2015-12-02,2690,2690,2690,2690,3000
2015-12-04,2690,2730,2690,2730,1160
2015-12-07,2730,2730,2700,2700,170
2015-12-10,2660,2660,2660,2660,390
2015-12-11,2700,2700,2700,2700,500
2015-12-14,2660,2689,2660,2660,1090
2015-12-15,2650,2650,2520,2520,6320
2015-12-16,2520,2520,2520,2520,150
2015-12-18,2570,2570,2570,2570,150
2015-12-21,2550,2550,2550,2550,350
2015-12-22,2540,2540,2540,2540,30
2015-12-28,2550,2550,2550,2550,60
2015-12-29,2560,2560,2551,2551,550
2015-12-31,2560,2560,2560,2560,2680
2016-01-05,2600,2600,2600,2600,20
2016-01-06,2660,2660,2600,2600,2350
2016-01-07,2560,2560,2550,2550,10000
2016-01-08,2600,2600,2600,2600,100
2016-01-12,2600,2601,2600,2601,420
2016-01-13,2660,2660,2660,2660,250
2016-01-14,2601,2660,2601,2660,160
2016-01-15,2600,2650,2600,2650,620
2016-01-18,2649,2649,2649,2649,30
2016-01-19,2601,2601,2601,2601,100
2016-01-20,2601,2601,2601,2601,90
2016-01-21,2649,2649,2649,2649,3700
2016-01-22,2649,2649,2649,2649,50
2016-01-25,2631,2660,2631,2660,1500
2016-01-26,2660,2660,2650,2650,300
2016-01-28,2651,2651,2651,2651,300
2016-02-02,2715,2715,2715,2715,7050
2016-02-03,2849,2849,2849,2849,350
2016-02-04,2849,2849,2849,2849,150
2016-02-08,2900,2900,2850,2850,120
2016-02-09,2850,2900,2850,2900,80
2016-02-10,2860,2860,2860,2860,370
2016-02-11,2849,2849,2849,2849,170
2016-02-12,2850,2850,2850,2850,60
2016-02-16,2850,2850,2850,2850,100
2016-02-18,2800,2800,2750,2750,220
2016-02-19,2700,2750,2700,2750,5610
2016-02-22,2750,2750,2700,2700,600
2016-02-23,2650,2690,2620,2690,2830
2016-02-24,2650,2700,2650,2700,1260
2016-02-25,2620,2620,2620,2620,270
2016-02-29,2625,2625,2625,2625,350
2016-03-01,2672,2700,2672,2700,150
2016-03-02,2700,2700,2700,2700,10
2016-03-03,2700,2700,2650,2650,1080
2016-03-04,2700,2700,2700,2700,120
2016-03-07,2700,2700,2700,2700,30
2016-03-08,2700,2700,2700,2700,150
2016-03-09,2800,2800,2800,2800,630
2016-03-10,2800,2800,2800,2800,220
2016-03-11,2750,2800,2750,2800,1210
2016-03-14,2800,2801,2800,2800,4060
2016-03-15,2800,2800,2800,2800,740
2016-03-16,2900,2900,2900,2900,10
2016-03-17,2850,2850,2850,2850,40
2016-03-18,2850,2900,2850,2850,570
2016-03-22,2860,2900,2860,2900,1230
2016-03-23,2900,2900,2900,2900,770
2016-03-24,2900,2900,2900,2900,230
2016-03-25,3000,3000,3000,3000,560
2016-03-29,3070,3100,3070,3100,8950
2016-03-30,3000,3000,3000,3000,24740
2016-03-31,3000,3000,3000,3000,6430
2016-04-01,2900,2900,2860,2860,590
2016-04-04,2860,3000,2860,3000,3280
2016-04-05,3000,3000,3000,3000,160
2016-04-06,3000,3000,2901,3000,4780
2016-04-07,3000,3000,2950,2950,200
2016-04-08,3000,3000,3000,3000,500
2016-04-11,2900,3000,2900,3000,400
2016-04-13,3000,3050,3000,3050,12240
2016-04-15,3050,3100,3050,3100,150
2016-04-18,3100,3100,3100,3100,270
2016-04-19,3100,3100,3100,3100,400
2016-04-20,3051,3051,3050,3050,740
2016-04-21,3001,3050,3001,3001,20150
2016-04-22,3050,3100,3050,3100,500
2016-04-25,3150,3150,3101,3101,150
2016-04-26,3140,3150,3140,3150,200
2016-04-28,3386,3386,3151,3153,2300
2016-04-29,3389,3389,3389,3389,9240
2016-05-03,3400,3500,3300,3500,7650
2016-05-04,3700,3700,3700,3700,910
2016-05-06,3700,3700,3700,3700,920
2016-05-09,3700,3800,3700,3800,2120
2016-05-10,3600,3600,3590,3590,150
2016-05-11,3500,3500,3450,3450,490
2016-05-12,3450,3450,3450,3450,2360
2016-05-13,3461,3461,3461,3461,100
2016-05-17,3700,3700,3700,3700,20
2016-05-18,3700,3700,3530,3530,1550
2016-05-20,3550,3550,3550,3550,2100
2016-05-24,3550,3550,3501,3501,2130
2016-05-25,3500,3500,3400,3400,6170
2016-05-26,3251,3300,3251,3300,490
2016-05-27,3300,3300,3300,3300,1050
2016-05-30,3280,3281,3280,3280,1180
2016-05-31,3260,3400,3260,3400,660
2016-06-02,3350,3350,3350,3350,780
2016-06-06,3350,3400,3350,3350,400
2016-06-07,3350,3350,3350,3350,30
2016-06-08,3350,3400,3320,3400,1460
2016-06-09,3350,3400,3350,3400,510
2016-06-10,3400,3400,3321,3321,1790
2016-06-13,3399,3399,3399,3399,240
2016-06-14,3400,3400,3400,3400,1810
2016-06-15,3321,3400,3321,3400,60
2016-06-16,3321,3400,3321,3400,1580
2016-06-17,3400,3400,3398,3398,510
2016-06-20,3400,3400,3400,3400,50
2016-06-21,3400,3400,3321,3400,1870
2016-06-22,3400,3500,3400,3500,2030
2016-06-23,3500,3600,3500,3550,710
2016-06-24,3600,3600,3499,3500,3950
2016-06-27,3501,3600,3501,3600,420
2016-06-28,3600,3600,3600,3600,700
2016-06-29,3570,3600,3570,3600,1170
2016-06-30,3580,3655,3580,3601,5760
2016-07-01,3600,3800,3600,3800,3270
2016-07-07,3780,3780,3600,3750,1920
2016-07-08,3750,3750,3600,3600,1490
2016-07-11,3600,3600,3400,3400,1020
2016-07-12,3350,3350,3200,3200,2470
2016-07-13,3300,3320,3300,3320,600
2016-07-14,3300,3300,3290,3290,1460
2016-07-15,3044,3044,3044,3044,70
2016-07-19,3200,3200,3200,3200,880
2016-07-20,3301,3355,3301,3355,250
2016-07-21,3200,3230,3200,3230,840
2016-07-22,3230,3230,3230,3230,540
2016-07-27,3000,3000,3000,3000,530
2016-07-28,3000,3000,3000,3000,200
2016-07-29,2990,3000,2990,3000,650
2016-08-02,3100,3100,3100,3100,110
2016-08-03,3101,3101,3100,3100,150
2016-08-09,3101,3101,3101,3101,210
2016-08-10,3101,3101,3101,3101,10
2016-08-11,3110,3110,3110,3110,40
2016-08-16,3200,3200,3200,3200,140
2016-08-17,3210,3210,3210,3210,10
2016-08-18,3300,3300,3300,3300,470
2016-08-19,3250,3250,3200,3200,270
2016-08-22,3200,3210,3200,3210,60
2016-08-23,3200,3200,3200,3200,90
2016-08-24,3200,3340,3200,3340,70
2016-08-25,3340,3340,3340,3340,10
2016-08-26,3340,3340,3201,3201,2190
2016-08-29,3200,3300,3200,3300,310
2016-08-30,3300,3335,3300,3335,230
2016-08-31,3300,3335,3251,3251,1330
2016-09-01,3300,3300,3300,3300,740
2016-09-02,3301,3301,3301,3301,20
2016-09-06,3301,3301,3300,3300,910
2016-09-08,3281,3300,3281,3281,180
2016-09-09,3281,3281,3281,3281,700
2016-09-13,3300,3300,3281,3300,460
2016-09-14,3281,3300,3280,3300,190
2016-09-15,3200,3300,3200,3300,570
2016-09-16,3250,3250,3250,3250,60
2016-09-19,3250,3250,3225,3225,380
2016-09-20,3225,3250,3225,3250,1090
2016-09-21,3240,3250,3240,3250,1520
2016-09-22,3200,3200,3200,3200,1180
2016-09-23,3190,3190,3150,3190,650
2016-09-26,3150,3200,3150,3200,550
2016-09-27,3225,3225,3225,3225,10
2016-09-28,3225,3300,3150,3300,1620
2016-09-29,3300,3300,3300,3300,20
2016-09-30,3199,3199,3199,3199,30
2016-10-03,3200,3200,3200,3200,10
2016-10-04,3200,3200,3200,3200,540
2016-10-05,3300,3300,3200,3200,2690
2016-10-06,3200,3200,3200,3200,20
2016-10-07,3200,3200,3200,3200,50
2016-10-10,3200,3200,3200,3200,110
2016-10-13,3200,3200,3200,3200,20
2016-10-14,2960,3200,2960,3200,1150
2016-10-17,3190,3190,3190,3190,10
2016-10-19,3000,3000,3000,3000,10
2016-10-21,3000,3001,3000,3000,290
2016-10-24,3000,3000,2775,3000,250
2016-10-28,2900,2900,2900,2900,1620
2016-11-02,2855,2855,2850,2850,270
2016-11-04,2860,2860,2850,2850,100
2016-11-07,2850,2900,2850,2900,210
2016-11-09,2750,2750,2750,2750,20
2016-11-11,2750,2750,2750,2750,250
2016-11-14,2750,2750,2750,2750,20
2016-11-16,2750,2750,2750,2750,50
2016-11-17,2800,2800,2750,2750,650
2016-11-18,2750,2750,2750,2750,440
2016-11-22,2850,2850,2700,2700,1870
2016-11-23,2700,2700,2500,2500,50
2016-11-24,2688,2688,2688,2688,10850
2016-11-25,2650,2650,2650,2650,200
2016-11-28,2800,2800,2800,2800,40
2016-11-29,2700,2900,2700,2900,190
2016-11-30,2805,2805,2805,2805,40
2016-12-01,2750,2750,2750,2750,20
2016-12-07,2956,2956,2956,2956,2650
2016-12-08,3100,3100,3100,3100,30
2016-12-09,3100,3100,3100,3100,170
2016-12-13,3330,3330,3101,3101,550
2016-12-14,3101,3330,3101,3330,1080
2016-12-15,3493,3493,3150,3150,730
2016-12-19,3200,3200,3200,3200,630
2016-12-20,3200,3200,3200,3200,200
2016-12-21,3200,3250,3200,3200,11580
2016-12-23,3300,3300,3200,3200,430
2016-12-27,3200,3230,3200,3230,4310
2016-12-28,3250,3250,3200,3200,1550
2016-12-29,3200,3300,3200,3300,1550
2017-01-02,3300,3300,3300,3300,1000
2017-01-03,3150,3150,3150,3150,270
2017-01-05,3200,3200,3190,3190,250
2017-01-09,3190,3190,3180,3180,1320
2017-01-10,3180,3300,3180,3300,2990
2017-01-11,3300,3300,3300,3300,200
2017-01-12,3300,3300,3300,3300,120
2017-01-13,3350,3418,3350,3418,140
2017-01-16,3425,3425,3425,3425,150
2017-01-17,3500,3682,3500,3682,1650
2017-01-18,3650,3650,3430,3430,320
2017-01-19,3418,3418,3406,3410,2740
2017-01-20,3500,3500,3410,3410,1290
2017-01-23,3410,3500,3410,3500,1350
2017-01-24,3500,3500,3310,3310,830
2017-01-25,3300,3310,3300,3310,4980
2017-01-26,3310,3320,3250,3250,1400
2017-01-27,3250,3300,3250,3300,950
2017-01-30,3400,3400,3300,3310,2960
2017-01-31,3310,3550,3310,3550,8430
2017-02-01,3560,3680,3551,3551,13810
2017-02-02,3600,3600,3600,3600,90
2017-02-03,3620,3620,3600,3600,1040
2017-02-06,3600,3650,3600,3650,3270
2017-02-07,3651,3700,3650,3650,7700
2017-02-08,3650,3650,3650,3650,280
2017-02-09,3650,3650,3650,3650,240
2017-02-10,3650,3650,3650,3650,1600
2017-02-13,3651,3661,3651,3660,710
2017-02-14,3660,3670,3651,3651,1200
2017-02-15,3680,3680,3680,3680,820
2017-02-16,3660,3679,3660,3660,190
2017-02-17,3679,3680,3679,3680,370
2017-02-20,3680,3680,3680,3680,690
2017-02-21,3681,3682,3681,3682,190
2017-02-22,3700,3700,3700,3700,4040
2017-02-23,3750,3750,3700,3740,200
2017-02-24,3660,3660,3660,3660,2630
2017-03-01,3600,3660,3550,3660,12550
2017-03-02,3600,3600,3500,3500,20200
2017-03-03,3500,3500,3500,3500,140
2017-03-06,3500,3500,3500,3500,15850
2017-03-07,3300,3400,3300,3400,600
2017-03-08,3300,3400,3150,3400,2110
2017-03-09,3350,3400,3350,3400,890
2017-03-10,3400,3400,3400,3400,2700
2017-03-13,3500,3500,3500,3500,9080
2017-03-14,3351,3400,3351,3400,1160
2017-03-15,3400,3400,3200,3200,3250
2017-03-16,3200,3200,3200,3200,960
2017-03-17,3200,3200,3150,3200,430
2017-03-20,3440,3440,3150,3150,3050
2017-03-21,3150,3150,3150,3150,940
2017-03-22,3150,3150,3150,3150,300
2017-03-23,3150,3150,3150,3150,30
2017-03-24,3200,3200,3151,3151,30
2017-03-27,3200,3200,3150,3150,220
2017-03-28,3250,3250,3200,3200,150
2017-03-29,3200,3200,3150,3150,1070
2017-03-30,3221,3221,3220,3220,1240
2017-03-31,3220,3300,3201,3300,410
2017-04-03,3250,3250,3250,3250,110
2017-04-04,3250,3250,3250,3250,160
2017-04-05,3251,3251,3250,3250,640
2017-04-06,3250,3250,3250,3250,30
2017-04-07,3251,3251,3251,3251,390
2017-04-10,3251,3251,3251,3251,10
2017-04-12,3300,3450,3300,3450,3010
2017-04-13,3709,3709,3709,3709,33200
2017-04-14,3987,3987,3987,3987,6080
2017-04-18,4285,4285,4200,4285,34770
2017-04-19,4600,4606,4600,4606,65500
2017-04-20,4951,4951,4501,4900,18820
2017-04-21,4900,5000,4710,4950,8300
2017-04-24,4950,4950,4900,4950,11840
2017-04-25,4945,4945,4750,4851,2100
2017-04-26,4701,4900,4701,4900,1760
2017-04-27,4899,4899,4750,4750,1540
2017-04-28,4750,4750,4750,4750,3420
2017-05-02,4750,4900,4750,4750,910
2017-05-03,4700,4750,4700,4700,560
2017-05-04,4700,4700,4700,4700,870
2017-05-05,4690,4700,4620,4620,1060
2017-05-08,4550,4550,4528,4540,5080
2017-05-09,4450,4540,4450,4540,2400
2017-05-10,4540,4540,4510,4510,250
2017-05-11,4510,4510,4510,4510,560
2017-05-12,4500,4500,4500,4500,50
2017-05-16,4511,4511,4500,4500,1310
2017-05-17,4500,4500,4500,4500,70
2017-05-18,4500,4500,4500,4500,120
2017-05-19,4400,4400,4399,4400,870
2017-05-22,4400,4400,4210,4400,1360
2017-05-23,4210,4210,4210,4210,300
2017-05-24,4400,4400,4400,4400,100
2017-05-26,4215,4220,4200,4220,250
2017-05-29,4220,4250,4200,4200,300
2017-05-31,4200,4200,4001,4001,290
2017-06-01,4100,4100,4100,4100,1380
2017-06-02,4015,4015,4000,4000,2530
2017-06-06,4000,4000,4000,4000,510
2017-06-07,4000,4000,3900,3900,280
2017-06-08,3999,4000,3999,3999,1080
2017-06-09,3999,4000,3950,3950,1610
2017-06-12,3950,3950,3701,3801,770
2017-06-13,3850,3999,3850,3851,220
2017-06-14,3850,4000,3801,3950,770
2017-06-15,3950,3950,3950,3950,20
2017-06-16,3980,4000,3800,3801,4440
2017-06-19,3900,3900,3900,3900,30
2017-06-20,4000,4000,3950,4000,3430
2017-06-21,3900,3900,3800,3800,8990
2017-06-23,3800,3800,3751,3800,1600
2017-06-27,3800,3800,3515,3515,5200
2017-06-28,3600,3600,3550,3600,640
2017-06-29,3550,3611,3550,3611,2830
2017-06-30,3881,3881,3515,3881,2170
2017-07-03,4000,4000,4000,4000,210
2017-07-04,4000,4000,4000,4000,70
2017-07-05,4000,4000,3800,3800,1420
2017-07-06,3800,3800,3800,3800,650
2017-07-07,3800,3800,3800,3800,1000
2017-07-10,3801,3901,3800,3901,110
2017-07-11,3901,3901,3800,3800,5140
2017-07-12,3800,3800,3700,3800,3700
2017-07-13,3800,3800,3800,3800,640
2017-07-14,3811,3850,3811,3850,600
2017-07-17,3850,3850,3850,3850,370
2017-07-18,4000,4000,3875,3875,180
2017-07-19,3856,4100,3855,4100,5650
2017-07-20,4100,4100,4001,4001,440
2017-07-21,4100,4100,4002,4002,530
2017-07-24,4001,4100,4001,4100,190
2017-07-25,4001,4001,3900,4000,540
2017-07-26,4000,4000,4000,4000,940
2017-07-27,3800,3800,3800,3800,420
2017-07-28,3800,3800,3800,3800,640
2017-07-31,3611,3800,3611,3800,110
2017-08-01,3800,3800,3600,3600,680
2017-08-02,3550,3550,3500,3550,380
2017-08-03,3750,3750,3550,3700,200
2017-08-04,3600,3750,3550,3600,7300
2017-08-08,3650,3800,3600,3800,2390
2017-08-09,3750,3800,3750,3800,70
2017-08-10,3800,3800,3700,3700,2990
2017-08-11,3800,3800,3800,3800,260
2017-08-14,3750,3750,3700,3700,460
2017-08-16,3750,3750,3701,3701,600
2017-08-17,3710,3750,3500,3700,32800
2017-08-21,3900,3975,3700,3975,1198
2017-08-22,3970,3970,3700,3750,868
2017-08-23,3800,3800,3700,3700,26016
2017-08-24,3690,3690,3505,3690,11319
2017-08-25,3690,3690,3440,3690,96
2017-08-28,3750,3895,3415,3750,1129
2017-08-29,3745,3750,3470,3600,232
2017-08-30,3600,3750,3600,3700,3335
2017-08-31,3750,3750,3700,3750,2567
2017-09-04,3800,3800,3800,3800,61
2017-09-05,3780,3800,3750,3800,695
2017-09-06,3750,3800,3605,3800,581
2017-09-07,3800,3800,3740,3800,1866
2017-09-08,3790,3800,3700,3795,15730
2017-09-11,3800,3800,3775,3800,1582
2017-09-12,3800,3800,3700,3800,1156
2017-09-13,3800,3800,3795,3800,940
2017-09-14,3795,3800,3795,3800,495
2017-09-15,3800,3800,3600,3600,295
2017-09-18,3700,3700,3690,3700,301
2017-09-19,3650,3700,3500,3500,539
2017-09-20,3650,3700,3500,3500,712
2017-09-21,3700,3700,3550,3700,883
2017-09-22,3700,3800,3550,3550,4998
2017-09-25,3800,3800,3600,3610,3077
2017-09-26,3800,3800,3700,3800,463
2017-09-27,3800,3800,3700,3800,1659
2017-09-28,3800,3900,3670,3900,6946
2017-09-29,3975,3975,3700,3800,5139
2017-10-02,3700,3750,3700,3750,1778
2017-10-03,3700,3700,3700,3700,1237
2017-10-04,3700,3900,3700,3800,525
2017-10-05,3975,4000,3650,4000,1699
2017-10-06,3950,4050,3950,4000,4391
2017-10-09,3750,4100,3750,4000,848
2017-10-10,4000,4000,3700,4000,4617
2017-10-11,4100,4100,3700,3700,8083
2017-10-12,3800,3975,3800,3800,315
2017-10-13,4000,4000,3750,3795,8539
2017-10-16,3800,3850,3720,3750,2438
2017-10-17,3900,3900,3750,3750,2542
2017-10-18,3850,3850,3850,3850,115
2017-10-19,3895,3950,3755,3860,755
2017-10-20,3950,4000,3950,3950,1619
2017-10-23,3950,4000,3950,4000,56
2017-10-24,4000,4050,3990,4050,961
2017-10-25,4000,4150,3900,3900,782
2017-10-26,4190,4190,3700,3855,1898
2017-10-27,3855,4100,3700,3700,1594
2017-10-30,3855,3900,3700,3705,706
2017-10-31,3900,3900,3700,3700,1435
2017-11-02,3800,3900,3700,3750,27603
2017-11-03,3705,3705,3700,3700,18361
2017-11-06,3710,3900,3700,3900,5619
2017-11-07,3715,3900,3715,3900,268
2017-11-08,3805,3805,3610,3610,1968
2017-11-09,3615,3800,3615,3800,527
2017-11-10,3900,3900,3750,3750,291
2017-11-13,3750,3900,3750,3850,73
2017-11-14,3850,3850,3850,3850,1
2017-11-16,3850,4135,3850,4000,6085
2017-11-17,4100,4100,3900,4100,17898
2017-11-20,3900,4200,3800,4100,2868
2017-11-21,4000,4100,3950,4100,891
2017-11-22,4100,4200,3950,4200,82267
2017-11-23,4100,4100,3960,4100,598
2017-11-24,4100,4100,4050,4095,558
2017-11-27,4050,4050,4000,4000,602
2017-11-28,4000,4100,3800,4100,2867
2017-11-29,4000,4000,3900,3900,316
2017-11-30,4000,4100,4000,4005,5024
2017-12-04,4000,4000,4000,4000,363
2017-12-05,4050,4095,4000,4095,702
2017-12-06,4100,4150,4025,4100,1240
2017-12-07,4100,4300,4100,4100,4183
2017-12-08,4100,4100,4000,4100,787
2017-12-11,4000,4100,4000,4100,197
2017-12-12,4100,4100,4100,4100,1527
2017-12-13,4195,4200,4100,4100,56780
2017-12-14,4200,4200,4100,4200,65680
2017-12-15,4200,4200,4150,4195,854
2017-12-18,4175,4175,4100,4100,177
2017-12-19,4195,4195,4000,4100,1913
2017-12-20,4050,4100,4050,4100,14440
2017-12-21,4100,4100,4100,4100,540
2017-12-22,4200,4300,4100,4300,1316
2017-12-26,4300,4305,4200,4300,792
2017-12-27,4300,4400,4250,4400,121173
2017-12-28,4200,4400,4200,4400,2678
2017-12-29,4400,4400,4200,4200,19962
2018-01-02,4200,4210,4200,4200,461
2018-01-03,4200,4395,4200,4395,662
2018-01-04,4390,4395,4200,4395,974
2018-01-05,4395,4400,4200,4395,5215
2018-01-08,4395,4395,4185,4185,254
2018-01-09,4200,4200,4150,4200,726
2018-01-10,4200,4375,4200,4250,542
2018-01-11,4375,4375,4300,4350,336
2018-01-12,4350,4350,4310,4310,1065
2018-01-15,4310,4370,4310,4370,1867
2018-01-16,4395,4400,4395,4400,2365
2018-01-17,4400,4445,4390,4445,1432
2018-01-18,4450,4450,4430,4430,2630
2018-01-19,4420,4440,4355,4400,3389
2018-01-22,4400,4430,4355,4400,3908
2018-01-23,4430,4485,4400,4400,7519
2018-01-24,4400,4400,4400,4400,2829
2018-01-25,4400,4400,4350,4395,2481
2018-01-26,4400,4400,4310,4350,1902
2018-01-29,4300,4300,4200,4300,1706
2018-01-30,4390,4400,4200,4395,2314
2018-01-31,4400,4490,4400,4400,14883
2018-02-01,4405,4700,4400,4700,5115
2018-02-02,4700,4700,4500,4700,2071
2018-02-05,4700,4720,4690,4720,7426
2018-02-06,4720,4720,4695,4700,7802
2018-02-07,4700,4720,4695,4700,645
2018-02-08,4700,4700,4690,4690,40691
2018-02-09,4700,4720,4700,4720,919
2018-02-12,4720,4720,4700,4720,3215
2018-02-13,4720,4730,4700,4700,8608
2018-02-14,4700,4730,4690,4690,3321
2018-02-15,4690,4950,4690,4950,390
2018-02-16,4900,4950,4650,4950,6240
2018-02-19,4940,4940,4930,4940,1218
2018-02-20,4950,4950,4850,4930,2889
2018-02-21,4940,4950,4850,4910,1597
2018-02-22,4930,4950,4900,4950,3290
2018-02-23,4920,4950,4920,4945,523
2018-02-26,4925,4950,4920,4935,1956
2018-02-27,4945,4950,4920,4950,8687
2018-02-28,4950,5200,4945,5200,13794
2018-03-01,5200,5295,5200,5295,5168
2018-03-02,5295,5570,5200,5570,7341
2018-03-05,5565,5570,5255,5500,9629
2018-03-06,5500,5500,5200,5200,1081
2018-03-07,5200,5350,4985,5200,1481
2018-03-08,5340,5400,5225,5225,3764
2018-03-09,5225,5225,5215,5225,902
2018-03-12,5225,5350,5100,5100,5186
2018-03-13,5100,5350,5100,5350,190
2018-03-14,5325,5495,5300,5495,8925
2018-03-15,5450,5700,5200,5500,29167
2018-03-16,5300,5400,5250,5250,321
2018-03-19,5300,5400,5300,5300,775
2018-03-20,5300,5400,5200,5200,5017
2018-03-21,5160,5590,5090,5590,20573
2018-03-22,5550,5550,5450,5550,780
2018-03-23,5350,5350,5135,5135,5337
2018-03-26,5135,5135,4850,5130,2285
2018-03-27,5100,5100,4850,4905,3402
2018-03-28,5000,5250,5000,5200,10881
2018-03-29,5100,5200,5000,5200,2231
2018-03-30,5195,5250,5100,5250,2672
2018-04-03,5200,5200,5100,5200,1376
2018-04-04,5210,5590,5200,5490,15571
2018-04-05,5500,5500,5300,5395,2085
2018-04-06,4995,5200,4995,5000,9384
2018-04-09,5080,5100,4625,4625,3144
2018-04-10,4600,4900,4600,4895,2691
2018-04-11,4895,4900,4650,4900,3096
2018-04-12,4895,4895,4535,4535,7921
2018-04-13,4600,4600,4375,4590,2658
2018-04-16,4590,4600,4500,4500,2958
2018-04-17,4500,4590,4500,4570,2523
2018-04-18,4500,4700,4400,4700,5066
2018-04-19,4700,4745,4560,4700,6597
2018-04-20,4685,4800,4600,4700,10566
2018-04-23,4600,4700,4600,4600,970
2018-04-24,4650,4650,4450,4595,2978
2018-04-25,4595,4650,4505,4595,3551
2018-04-26,4505,4600,4500,4580,30276
2018-04-27,4500,4500,4300,4300,3204
2018-04-30,4325,4325,4325,4325,196
2018-05-02,4500,4500,4300,4495,1746
2018-05-03,4200,4490,4195,4195,618
2018-05-04,4200,4200,4000,4000,349
2018-05-07,4000,4000,3700,3900,1258
2018-05-08,3900,4090,3750,4090,1703
2018-05-09,4090,4090,3895,3900,90
2018-05-11,3800,3900,3750,3895,1724
2018-05-14,3800,3800,3700,3700,762
2018-05-15,3630,3695,3500,3640,821
2018-05-16,3600,3600,3370,3370,295
2018-05-17,3300,3300,3120,3120,1337
2018-05-18,3100,3100,2890,2890,18497
2018-05-22,3000,3000,2945,3000,480
2018-05-23,3000,3225,3000,3200,1093
2018-05-24,3200,3290,3000,3000,23513
2018-05-25,3000,3225,3000,3225,1293
2018-05-28,3220,3350,3200,3350,945
2018-05-29,3350,3350,3190,3350,3482
2018-05-30,3350,3500,3350,3500,13555
2018-05-31,3360,3600,3300,3600,3769
2018-06-01,3500,3500,3495,3500,957
2018-06-04,3640,3650,3505,3650,448
2018-06-05,3650,3650,3500,3650,1536
2018-06-06,3650,3650,3600,3600,737
2018-06-07,3640,3640,3550,3600,16399
2018-06-08,3605,3605,3590,3600,885
2018-06-12,3600,3600,3500,3595,3968
2018-06-13,3500,3600,3350,3600,1056
2018-06-15,3600,3680,3600,3600,172
2018-06-18,3650,3700,3600,3700,764
2018-06-19,3680,3700,3650,3700,269
2018-06-20,3700,3790,3695,3790,835
2018-06-21,3750,3800,3700,3780,5975
2018-06-22,3780,3795,3750,3795,1602
2018-06-25,3795,3795,3700,3790,2198
2018-06-26,3790,3790,3600,3650,336
2018-06-27,3695,3695,3600,3695,2438
2018-06-28,3670,3700,3625,3650,1069
2018-06-29,3750,3795,3380,3790,5969
2018-07-02,3800,3800,3790,3800,7894
2018-07-03,3800,3800,3790,3800,5681
2018-07-04,3800,3895,3790,3800,2424
2018-07-05,3800,3800,3750,3800,22261
2018-07-06,3800,3800,3795,3800,7197
2018-07-09,3795,3800,3780,3795,21632
2018-07-10,3800,3800,3720,3800,8760
2018-07-11,3800,3800,3795,3800,4925
2018-07-12,3800,3800,3750,3800,6206
2018-07-13,3800,3800,3700,3800,4968
2018-07-16,3790,3800,3790,3795,941
2018-07-17,3795,3800,3750,3800,5325
2018-07-18,3800,3800,3710,3800,7597
2018-07-19,3500,3500,3500,3500,965
2018-07-20,3500,3500,3500,3500,272
2018-07-23,3500,3500,3370,3400,147
2018-07-24,3450,3450,3250,3250,398
2018-07-25,3250,3390,3250,3255,383
2018-07-26,3250,3255,3250,3255,325
2018-07-27,3205,3300,3200,3300,658
2018-07-30,3220,3250,3150,3150,1261
2018-07-31,3100,3150,3100,3145,581
2018-08-01,3145,3200,3100,3145,1305
2018-08-02,3145,3200,3145,3200,664
2018-08-03,3200,3200,3145,3200,305
2018-08-08,3200,3300,3200,3250,251
2018-08-09,3250,3250,3205,3205,1097
2018-08-10,3200,3300,3200,3205,543
2018-08-13,3250,3300,3210,3300,1351
2018-08-14,3210,3350,3210,3350,45
2018-08-16,3305,3350,3305,3345,219
2018-08-17,3310,3345,3310,3310,489
2018-08-20,3315,3340,3305,3305,203
2018-08-22,3300,3340,3300,3300,237
2018-08-23,3300,3340,3205,3300,1752
2018-08-24,3245,3245,3200,3200,1526
2018-08-27,3200,3200,3155,3155,27
2018-08-28,3155,3200,3155,3200,356
2018-08-29,3150,3200,3150,3200,75
2018-08-30,3200,3200,3200,3200,808
2018-08-31,3195,3195,3145,3145,303
2018-09-03,3145,3145,3000,3000,1684
2018-09-04,3000,3000,2990,2995,358
2018-09-05,3000,3050,2995,3000,763
2018-09-06,3005,3005,2995,3000,279
2018-09-07,3005,3005,3000,3000,1673
2018-09-10,2995,3000,2900,2900,642
2018-09-11,2900,2920,2900,2920,1183
2018-09-12,2920,2945,2850,2900,378
2018-09-13,2900,3000,2900,2905,8086
2018-09-14,2900,2900,2895,2895,123
2018-09-17,2840,2905,2700,2905,1081
2018-09-18,2900,2905,2895,2900,302
2018-09-19,2805,2900,2805,2850,225
2018-09-20,2850,2850,2800,2845,1087
2018-09-21,2635,2850,2635,2800,385
2018-09-24,2800,2850,2635,2635,7043
2018-09-25,2630,2800,2450,2800,925
2018-09-26,2800,2800,2650,2650,229
2018-09-27,2800,2820,2800,2820,2100
2018-09-28,2820,3000,2820,3000,6161
2018-10-01,3000,3000,2825,2900,358
2018-10-02,2900,2985,2900,2900,662
2018-10-03,2900,2900,2820,2820,110
2018-10-04,2810,2820,2755,2755,5795
2018-10-05,2800,2900,2800,2900,290
2018-10-08,2820,2820,2750,2750,239
2018-10-09,2750,2750,2745,2745,97
2018-10-10,2745,2745,2725,2725,62
2018-10-11,2745,2750,2700,2750,1025
2018-10-12,2750,2750,2750,2750,2062
2018-10-15,2655,2655,2650,2650,200
2018-10-16,2700,2700,2600,2600,333
2018-10-17,2600,2700,2450,2600,7615
2018-10-18,2550,2550,2550,2550,10
2018-10-19,2600,2600,2400,2400,3978
2018-10-22,2300,2400,2300,2400,40
2018-10-23,2400,2400,2400,2400,229
2018-10-24,2450,2450,2400,2450,621
2018-10-25,2300,2300,2300,2300,814
2018-10-26,2200,2200,2130,2130,334
2018-10-29,2100,2100,1975,1985,1059
2018-10-30,1985,2000,1985,2000,72
2018-10-31,2000,2100,2000,2100,132
2018-11-02,2000,2005,2000,2005,497
2018-11-05,2060,2100,2060,2100,186
2018-11-06,2100,2200,2000,2200,1746
2018-11-07,2205,2365,2200,2250,2048
2018-11-08,2400,2400,2350,2350,1568
2018-11-09,2355,2500,2350,2500,4214
2018-11-12,2500,2500,2400,2400,331
2018-11-13,2355,2470,2300,2470,1288
2018-11-16,2470,2490,2290,2470,1414
2018-11-21,2475,2475,2450,2450,495
2018-11-22,2275,2275,2275,2275,60
2018-11-23,2255,2275,2200,2250,768
2018-11-26,2200,2200,2100,2100,34
2018-11-27,2100,2100,2100,2100,40
2018-11-28,2100,2100,2100,2100,50
2018-11-29,2100,2100,2000,2000,6057
2018-11-30,2100,2100,2100,2100,15
2018-12-04,2000,2000,2000,2000,279
2018-12-05,2005,2100,2000,2000,3972
2018-12-06,2000,2005,2000,2005,285
2018-12-07,2005,2100,2000,2100,512
2018-12-10,2100,2250,2100,2250,1108
2018-12-11,2230,2250,2230,2250,50
2018-12-12,2250,2250,2240,2250,2486
2018-12-13,2200,2220,2200,2220,243
2018-12-14,2100,2220,2100,2220,355
2018-12-17,2220,2220,2180,2180,1987
2018-12-18,2175,2200,2020,2200,763
2018-12-19,2200,2200,2180,2200,151
2018-12-20,2200,2200,2200,2200,120
2018-12-21,2180,2200,2180,2200,1017
2018-12-24,2200,2225,2200,2225,500
2018-12-26,2195,2225,2130,2225,661
2018-12-27,2200,2250,2100,2250,3070
2018-12-28,2100,2285,2100,2285,3144
2019-01-02,2225,2225,2225,2225,7
2019-01-03,2200,2245,2200,2200,172
2019-01-04,2200,2200,2190,2200,1004
2019-01-07,2200,2200,2040,2200,160
2019-01-08,2160,2160,2040,2040,133
2019-01-09,2000,2000,2000,2000,282
2019-01-10,2000,2000,1975,1975,230
2019-01-11,1950,1980,1950,1975,256
2019-01-14,1975,2050,1975,2050,192
2019-01-15,2050,2050,1970,1970,58
2019-01-16,1950,1995,1935,1950,367
2019-01-17,1950,1950,1935,1950,370
2019-01-18,1955,1995,1950,1995,561
2019-01-21,2000,2000,1950,1950,164
2019-01-22,1835,1950,1830,1950,369
2019-01-23,1950,1950,1950,1950,99
2019-01-24,1950,2000,1950,1950,1008
2019-01-25,1950,2000,1950,2000,49
2019-01-28,2000,2000,1850,1850,1012
2019-01-29,1900,1975,1850,1850,48
2019-01-30,1850,1900,1830,1900,479
2019-01-31,1995,1995,1995,1995,20
2019-02-01,1950,1950,1900,1900,683
2019-02-04,1900,1900,1760,1850,4516
2019-02-05,1850,1950,1850,1900,577
2019-02-06,1900,1900,1900,1900,24
2019-02-07,1995,1995,1900,1900,155
2019-02-08,1900,1900,1760,1850,1527
2019-02-11,1850,1950,1850,1950,1045
2019-02-12,1960,2000,1960,2000,1625
2019-02-13,1995,2000,1950,1950,1288
2019-02-14,1950,1990,1950,1990,355
2019-02-15,2000,2000,1900,2000,721
2019-02-18,1900,2000,1900,2000,720
2019-02-19,1910,2100,1910,2100,910
2019-02-20,2000,2000,2000,2000,275
2019-02-21,1910,1910,1910,1910,95
2019-02-22,2045,2050,2045,2050,210
2019-02-25,2050,2050,2050,2050,136
2019-02-26,2100,2200,2100,2200,400
2019-02-27,2200,2250,2200,2250,549
2019-02-28,2300,2300,2250,2255,5126
2019-03-01,2250,2250,2245,2245,374
2019-03-04,2245,2245,2100,2200,668
2019-03-05,2160,2365,2160,2365,487
2019-03-06,2360,2360,2360,2360,110
2019-03-07,2255,2355,2255,2255,335
2019-03-08,2255,2255,2255,2255,300
2019-03-11,2260,2260,2255,2255,85
2019-03-12,2355,2370,2355,2360,529
2019-03-13,2300,2300,2300,2300,12
2019-03-14,2300,2300,2245,2245,4972
2019-03-18,2245,2300,2245,2300,407
2019-03-19,2305,2400,2300,2400,640
2019-03-20,2400,2400,2400,2400,10
2019-03-21,2350,2350,2350,2350,43
2019-03-22,2300,2400,2300,2400,631
2019-03-25,2400,2580,2400,2580,1411
2019-03-26,2580,2580,2580,2580,190
2019-03-27,2450,2450,2450,2450,30
2019-03-28,2500,2560,2450,2560,3748
2019-03-29,2560,2700,2560,2700,7893
2019-04-01,2645,2645,2645,2645,102
2019-04-02,2500,2555,2500,2555,4005
2019-04-03,2555,2700,2555,2700,4937
2019-04-04,2700,2850,2700,2850,1318
2019-04-08,2840,2850,2840,2850,2957
2019-04-09,2850,2850,2850,2850,114
2019-04-10,2795,2800,2795,2800,100
2019-04-11,2745,2745,2600,2600,26
2019-04-12,2490,2490,2405,2405,1657
2019-04-15,2300,2300,2255,2255,1619
2019-04-16,2255,2255,2250,2250,817
2019-04-17,2150,2150,2150,2150,288
2019-04-18,2150,2150,2150,2150,5
2019-04-19,2155,2155,2100,2100,96
2019-04-24,2100,2100,2050,2050,333
2019-04-25,2055,2055,2055,2055,104
2019-04-26,2055,2200,2055,2200,1206
2019-04-29,2200,2210,2200,2205,663
2019-04-30,2370,2370,2370,2370,1597
2019-05-02,2350,2370,2350,2370,7500
2019-05-03,2370,2370,2230,2370,5810
2019-05-06,2370,2370,2205,2205,795
2019-05-07,2195,2200,2185,2200,1610
2019-05-08,2190,2200,2190,2200,110
2019-05-09,2105,2110,2100,2100,2042
2019-05-10,2100,2100,2100,2100,488
2019-05-13,2200,2200,2200,2200,179
2019-05-14,2055,2100,2035,2035,2665
2019-05-15,2000,2000,2000,2000,1826
2019-05-16,2010,2040,2000,2040,1012
2019-05-17,2000,2040,2000,2000,1164
2019-05-20,2000,2150,2000,2000,462
2019-05-21,2000,2000,2000,2000,7568
2019-05-22,2000,2000,1960,1960,609
2019-05-23,1990,1995,1990,1995,2055
2019-05-24,1990,2000,1990,2000,6230
2019-05-27,2000,2150,2000,2150,1734
2019-05-28,2000,2010,2000,2000,510
2019-05-29,2150,2150,2000,2000,209
2019-05-31,2000,2000,2000,2000,579
2019-06-03,2000,2000,1960,1960,787
2019-06-05,2000,2000,2000,2000,355
2019-06-06,2000,2000,2000,2000,673
2019-06-07,2000,2100,2000,2090,718
2019-06-11,2100,2100,2000,2005,634
2019-06-12,2000,2005,2000,2005,310
2019-06-13,2095,2095,2010,2010,255
2019-06-14,2020,2020,2020,2020,107
2019-06-18,2095,2095,2020,2020,213
2019-06-19,2050,2100,2050,2100,107
2019-06-20,2100,2100,2100,2100,235
2019-06-21,2100,2100,2050,2100,185
2019-06-24,2100,2100,2050,2050,106
2019-06-25,2050,2050,2020,2030,3071
2019-06-26,2020,2020,2005,2020,23686
2019-06-27,2020,2020,2020,2020,150
2019-06-28,2020,2100,2020,2100,8803
2019-07-01,2100,2100,2100,2100,40
2019-07-02,2195,2195,2100,2100,31
2019-07-03,2100,2100,2100,2100,317
2019-07-04,2100,2100,2100,2100,630
2019-07-05,2100,2100,2100,2100,225
2019-07-08,2100,2100,2100,2100,194
2019-07-09,2190,2190,2100,2100,80
2019-07-10,2100,2100,2100,2100,210
2019-07-11,2100,2100,2100,2100,120
2019-07-12,2100,2100,2000,2000,949
2019-07-15,2000,2080,1875,2075,3991
2019-07-16,2020,2020,2020,2020,60
2019-07-17,1950,2000,1950,2000,226
2019-07-18,2020,2020,2020,2020,50
2019-07-19,2020,2020,2000,2000,374
2019-07-22,2000,2000,1950,1950,935
2019-07-23,1940,1945,1905,1945,797
2019-07-24,1950,1980,1905,1980,72
2019-07-25,1980,1980,1975,1975,10
2019-07-29,1950,1950,1945,1945,119
2019-07-30,1945,1945,1945,1945,2
2019-07-31,1925,1950,1925,1945,395
2019-08-01,1925,1940,1925,1925,431
2019-08-02,1925,1925,1900,1920,105
2019-08-05,1905,1905,1870,1870,510
2019-08-06,1900,1920,1900,1920,508
2019-08-08,1900,1900,1900,1900,292
2019-08-09,1910,1920,1880,1900,2393
2019-08-13,1880,1915,1870,1915,460
2019-08-14,1920,1920,1915,1915,162
2019-08-16,1900,1915,1900,1915,170
2019-08-19,1900,1900,1800,1800,23
2019-08-20,1900,1900,1800,1800,510
2019-08-21,1850,1850,1850,1850,100
2019-08-22,1850,1850,1850,1850,137
2019-08-23,1800,1800,1800,1800,585
2019-08-26,1800,1800,1780,1780,305
2019-08-27,1780,1900,1750,1800,60561
2019-08-28,1900,1920,1900,1900,401
2019-08-29,1900,1900,1900,1900,138
2019-09-02,1800,1900,1800,1800,310
2019-09-03,1890,1890,1800,1800,45
2019-09-04,1800,1800,1800,1800,228
2019-09-05,1795,1880,1780,1780,2090
2019-09-06,1780,1780,1780,1780,13
2019-09-09,1775,1775,1745,1745,47
2019-09-10,1750,1775,1750,1775,1270
2019-09-11,1775,1775,1775,1775,51
2019-09-12,1775,1850,1775,1850,791
2019-09-13,1800,1800,1800,1800,994
2019-09-16,1750,1750,1750,1750,30
2019-09-17,1700,1700,1700,1700,260
2019-09-18,1675,1695,1650,1650,400
2019-09-19,1645,1650,1630,1635,603
2019-09-20,1600,1610,1600,1600,200
2019-09-23,1600,1600,1565,1570,161
2019-09-24,1570,1570,1555,1555,281
2019-09-25,1640,1670,1640,1670,1998
2019-09-26,1795,1795,1795,1795,479
2019-09-27,1925,1925,1925,1925,4390
2019-09-30,2065,2065,1925,1925,2778
2019-10-01,1925,1925,1795,1800,5338
2019-10-02,1900,1900,1900,1900,11
2019-10-03,1800,1810,1775,1810,34
2019-10-04,1800,1800,1795,1795,164
2019-10-07,1795,1900,1795,1895,4000
2019-10-08,1900,1900,1900,1900,943
2019-10-09,1900,1900,1850,1850,15
2019-10-10,1715,1825,1715,1715,262
2019-10-11,1700,1835,1700,1825,1014
2019-10-14,1800,1800,1800,1800,315
2019-10-15,1845,1925,1845,1855,887
2019-10-16,1720,1800,1720,1800,2061
2019-10-18,1795,1800,1725,1725,171
2019-10-21,1700,1800,1600,1790,2223
2019-10-22,1790,1790,1790,1790,15
2019-10-23,1780,1780,1780,1780,60
2019-10-24,1910,1910,1910,1910,1707
2019-10-25,2050,2050,2050,2050,7315
2019-10-28,2090,2090,1900,1960,1041
2019-10-29,2000,2000,1900,1900,1199
2019-10-30,1960,1960,1960,1960,15
2019-10-31,1850,1850,1850,1850,10000
2019-11-04,1985,1985,1820,1850,1149
2019-11-06,1855,1885,1820,1885,1154
2019-11-08,1810,1880,1800,1880,13666
2019-11-11,1880,1880,1850,1850,925
2019-11-12,1850,1880,1850,1850,114
2019-11-13,1850,1850,1800,1840,1992
2019-11-14,1810,1810,1800,1800,1247
2019-11-18,1900,1900,1850,1850,1050
2019-11-19,1850,1850,1845,1850,875
2019-11-20,1850,1850,1850,1850,175
2019-11-21,1815,1900,1800,1800,7346
2019-11-22,1800,1850,1800,1850,2012
2019-11-25,1850,1875,1800,1800,6429
2019-11-26,1800,1850,1800,1850,143
2019-11-27,1840,1850,1840,1850,1560
2019-11-28,1895,1895,1850,1850,4573
2019-11-29,1885,1900,1885,1900,1015
2019-12-02,1845,1845,1845,1845,57
2019-12-03,1845,1845,1845,1845,300
2019-12-04,1850,1900,1845,1845,1853
2019-12-05,1850,1890,1800,1890,3915
2019-12-06,1850,1900,1850,1900,1074
2019-12-09,1850,1850,1850,1850,563
2019-12-10,1900,1900,1900,1900,25
2019-12-12,1900,1900,1865,1865,735
2019-12-13,1865,1900,1855,1900,245
2019-12-16,1900,1900,1900,1900,1120
2019-12-17,1915,2000,1915,2000,2829
2019-12-18,2050,2125,2000,2100,2529
2019-12-19,2100,2245,2100,2245,701
2019-12-20,2245,2250,2100,2250,4434
2019-12-23,2200,2200,2200,2200,495
2019-12-24,2295,2295,2250,2250,96
2019-12-26,2225,2350,2225,2300,2234
2019-12-27,2340,2400,2300,2400,4038
2019-12-30,2400,2410,2355,2400,4778
2019-12-31,2500,2580,2500,2580,8541
2020-01-02,2580,2600,2400,2600,802
2020-01-03,2580,2585,2580,2585,30
2020-01-06,2415,2415,2400,2400,1082
2020-01-07,2300,2305,2260,2300,523
2020-01-08,2300,2300,2300,2300,1592
2020-01-09,2260,2295,2160,2295,658
2020-01-10,2160,2250,2160,2160,5217
2020-01-13,2160,2160,2155,2160,4002
2020-01-14,2185,2200,2170,2170,2700
2020-01-15,2210,2210,2210,2210,160
2020-01-16,2300,2345,2205,2345,4079
2020-01-17,2350,2350,2350,2350,482
2020-01-20,2450,2500,2450,2500,423
2020-01-21,2600,2675,2500,2675,427
2020-01-22,2680,2870,2680,2870,3396
2020-01-23,2855,2855,2855,2855,10
2020-01-24,2750,2750,2750,2750,100
2020-01-27,2680,2855,2600,2600,1918
2020-01-28,2600,2650,2600,2605,41
2020-01-29,2605,2630,2455,2630,1683
2020-01-30,2500,2650,2500,2645,375
2020-01-31,2555,2560,2555,2560,121
2020-02-03,2550,2550,2400,2400,1637
2020-02-04,2500,2550,2500,2550,1806
2020-02-05,2560,2565,2560,2565,4054
2020-02-06,2595,2605,2595,2605,1091
2020-02-07,2600,2675,2600,2675,418
2020-02-10,2675,2675,2670,2675,283
2020-02-11,2675,2740,2675,2675,238
2020-02-12,2500,2500,2500,2500,673
2020-02-14,2410,2410,2395,2395,545
2020-02-18,2220,2220,2220,2220,118
2020-02-19,2350,2350,2220,2220,64
2020-02-20,2225,2385,2225,2300,71
2020-02-21,2250,2250,2250,2250,229
2020-02-24,2230,2230,2230,2230,80
2020-02-25,2230,2230,2100,2100,845
2020-02-26,2230,2230,2100,2230,15379
2020-02-27,2105,2105,2105,2105,150
2020-02-28,2220,2220,2105,2105,77
2020-03-02,2105,2105,2105,2105,27
2020-03-03,2220,2220,2210,2210,439
2020-03-04,2205,2210,2205,2210,70
2020-03-05,2200,2220,2200,2220,225
2020-03-06,2220,2220,2220,2220,40
2020-03-09,2200,2200,2200,2200,557
2020-03-10,2220,2220,2200,2200,1415
2020-03-11,2150,2190,2150,2190,67
2020-03-12,2190,2195,2030,2030,6150
2020-03-13,2030,2030,2020,2020,415
2020-03-16,2020,2020,2020,2020,518
2020-03-17,2020,2020,1955,2000,75
2020-03-18,1900,2020,1850,2020,1006
2020-03-19,1870,1870,1870,1870,890
2020-03-20,1890,2000,1890,2000,10
2020-03-23,2000,2000,2000,2000,350
2020-03-24,1990,2000,1990,2000,50
2020-03-25,1900,1900,1900,1900,22
2020-03-26,1890,1960,1890,1895,436
2020-03-27,1890,1900,1870,1870,259
2020-03-30,1865,1865,1865,1865,43
2020-04-01,1800,1800,1800,1800,414
2020-04-02,1820,1900,1820,1820,21
2020-04-03,1800,1800,1800,1800,790
2020-04-06,1755,1755,1750,1750,404
2020-04-07,1750,1750,1750,1750,3329
2020-04-08,1745,1750,1730,1750,2075
2020-04-09,1700,1700,1700,1700,70
2020-04-10,1745,1745,1745,1745,560
2020-04-14,1700,1700,1700,1700,20
2020-04-15,1600,1600,1600,1600,763
2020-04-16,1590,1590,1550,1550,3171
2020-04-17,1545,1545,1535,1535,167
2020-04-20,1510,1545,1420,1420,2168
2020-04-21,1415,1420,1325,1385,5302
2020-04-22,1385,1385,1365,1365,404
2020-04-23,1420,1420,1415,1420,331
2020-04-24,1480,1510,1480,1510,301
2020-04-27,1510,1515,1510,1510,528
2020-04-28,1600,1600,1600,1600,1201
2020-04-29,1600,1720,1600,1720,188
2020-04-30,1800,1800,1800,1800,1000
2020-05-04,1800,1800,1800,1800,131
2020-05-05,1700,1700,1700,1700,82
2020-05-06,1700,1700,1600,1700,118
2020-05-07,1800,1800,1800,1800,700
2020-05-08,1795,1795,1700,1700,286
2020-05-11,1695,1700,1695,1700,279
2020-05-12,1700,1700,1695,1700,410
2020-05-13,1695,1695,1695,1695,44
2020-05-14,1695,1695,1695,1695,20
2020-05-15,1690,1690,1610,1610,127
2020-05-18,1670,1670,1670,1670,20
2020-05-19,1670,1670,1670,1670,12
2020-05-22,1695,1695,1695,1695,20
2020-05-26,1650,1750,1650,1750,2800
2020-05-27,1750,1750,1695,1695,328
2020-05-28,1700,1750,1695,1750,1088
2020-05-29,1790,1790,1695,1695,138
2020-06-02,1695,1695,1695,1695,350
2020-06-04,1695,1745,1685,1745,360
2020-06-05,1745,1745,1745,1745,217
2020-06-08,1750,1750,1745,1745,3323
2020-06-09,1700,1700,1700,1700,20
2020-06-10,1710,1710,1710,1710,8
2020-06-11,1745,1750,1745,1750,450
2020-06-12,1750,1750,1750,1750,547
2020-06-15,1750,1795,1750,1795,291
2020-06-16,1795,1795,1795,1795,23
2020-06-17,1895,1895,1750,1750,1618
2020-06-18,1760,1760,1755,1755,361
2020-06-19,1675,1755,1670,1755,894
2020-06-22,1800,1800,1800,1800,55
2020-06-23,1800,1895,1800,1895,15
2020-06-24,1895,1895,1800,1800,1096
2020-06-25,1760,1760,1760,1760,481
2020-06-26,1760,1800,1760,1800,825
2020-06-30,1900,1935,1890,1935,295
2020-07-01,1945,1945,1935,1935,102
2020-07-03,1930,1930,1890,1900,462
2020-07-06,1900,1900,1870,1870,690
2020-07-07,1840,1840,1840,1840,101
2020-07-08,1835,1840,1835,1835,957
2020-07-09,1835,1835,1800,1800,1437
2020-07-10,1800,1900,1760,1760,391
2020-07-13,1645,1645,1645,1645,25
2020-07-14,1705,1705,1705,1705,15
2020-07-15,1700,1700,1700,1700,15
2020-07-16,1700,1700,1700,1700,1
2020-07-17,1645,1700,1645,1700,668
2020-07-20,1600,1600,1600,1600,1214
2020-07-21,1600,1600,1600,1600,10
2020-07-22,1695,1695,1695,1695,150
2020-07-23,1685,1685,1685,1685,20
2020-07-24,1650,1685,1600,1685,357
2020-07-28,1585,1585,1585,1585,100
2020-07-29,1550,1550,1500,1500,956
2020-07-30,1500,1500,1500,1500,210
2020-08-03,1500,1500,1480,1500,453
2020-08-04,1500,1500,1480,1500,129
2020-08-05,1470,1470,1400,1400,100
2020-08-06,1400,1450,1400,1450,156
2020-08-10,1500,1500,1445,1450,21253
2020-08-11,1470,1500,1470,1500,135
2020-08-12,1505,1580,1500,1580,5631
2020-08-13,1580,1580,1580,1580,604
2020-08-14,1600,1600,1600,1600,6
2020-08-17,1600,1600,1600,1600,424
2020-08-18,1600,1700,1485,1700,1999
2020-08-19,1700,1700,1690,1700,1324
2020-08-20,1700,1700,1700,1700,71
2020-08-21,1700,1700,1700,1700,722
2020-08-24,1695,1695,1695,1695,232
2020-08-25,1695,1820,1695,1820,1010
2020-08-26,1820,1945,1800,1945,1029
2020-08-27,1945,1945,1850,1850,652
2020-08-28,1850,1850,1850,1850,34
2020-08-31,1860,1940,1750,1750,1409
2020-09-01,1750,1750,1700,1700,6305
2020-09-02,1700,1800,1700,1800,352
2020-09-03,1785,1785,1695,1695,9012
2020-09-04,1700,1700,1700,1700,5
2020-09-07,1695,1700,1690,1695,3783
2020-09-08,1670,1800,1665,1800,710
2020-09-09,1800,1805,1800,1800,235
2020-09-10,1850,1855,1850,1850,2423
2020-09-11,1845,1880,1845,1880,40
2020-09-15,1850,1850,1840,1840,61
2020-09-16,1840,1840,1835,1835,14
2020-09-17,1830,1850,1830,1850,808
2020-09-18,1840,1840,1825,1825,437
2020-09-21,1800,1800,1800,1800,1100
2020-09-22,1800,1800,1800,1800,355
2020-09-23,1800,1800,1800,1800,464
2020-09-24,1740,1830,1740,1830,1509
2020-09-25,1750,1750,1750,1750,71
2020-09-29,1745,1750,1740,1750,777
2020-09-30,1825,1825,1825,1825,59
2020-10-02,1690,1705,1690,1705,710
2020-10-05,1700,1825,1700,1825,500
2020-10-06,1690,1800,1690,1800,638
2020-10-08,1795,1800,1795,1800,100
2020-10-09,1800,1800,1700,1800,519
2020-10-12,1800,1800,1750,1800,105
2020-10-14,1670,1800,1670,1800,236
2020-10-15,1750,1800,1750,1800,41
2020-10-16,1800,1935,1800,1935,14181
2020-10-19,1945,1975,1900,1900,9160
2020-10-20,1900,1950,1900,1920,4278
2020-10-21,1920,1920,1900,1900,647
2020-10-22,1900,1920,1900,1920,325
2020-10-23,1900,1900,1900,1900,1
2020-10-26,1920,1920,1920,1920,136
2020-10-27,1920,1950,1920,1920,1614
2020-10-28,1920,2000,1915,2000,6617
2020-10-30,1900,2150,1900,2150,1083
2020-11-05,2000,2090,2000,2090,805
2020-11-06,2000,2200,2000,2200,388
2020-11-09,2100,2200,2100,2200,150
2020-11-10,2300,2345,2300,2345,1100
2020-11-11,2345,2440,2345,2440,63
2020-11-12,2345,2620,2345,2495,1122
2020-11-17,2310,2310,2310,2310,285
2020-11-18,2305,2305,2305,2305,10
2020-11-19,2300,2300,2180,2180,427
2020-11-23,2175,2175,2100,2175,55
2020-11-24,2050,2150,2050,2150,585
2020-11-25,2050,2180,2050,2180,8598
2020-11-26,2150,2180,2150,2180,2381
2020-11-27,2055,2180,2050,2180,1755
2020-12-02,2180,2300,2180,2300,6323
2020-12-03,2300,2445,2300,2445,4317
2020-12-04,2300,2445,2300,2445,26117
2020-12-08,2265,2395,2265,2395,164
2020-12-09,2265,2380,2265,2380,94
2020-12-10,2300,2380,2300,2380,286
2020-12-11,2300,2350,2300,2350,1470
2020-12-14,2200,2445,2200,2445,2015
2020-12-15,2265,2350,2265,2350,70
2020-12-16,2230,2350,2230,2350,560
2020-12-17,2350,2350,2345,2345,55
2020-12-18,2345,2350,2345,2350,100
2020-12-21,2350,2350,2350,2350,42
2020-12-22,2300,2350,2300,2350,7041
2020-12-23,2440,2440,2440,2440,50
2020-12-24,2375,2375,2375,2375,15
2020-12-28,2300,2300,2300,2300,99
2020-12-29,2210,2345,2200,2345,2364
2020-12-30,2170,2300,2170,2300,145
2020-12-31,2345,2350,2340,2350,5015
2021-01-05,2300,2350,2300,2350,200
2021-01-06,2300,2300,2300,2300,26
2021-01-07,2290,2350,2290,2350,86
2021-01-08,2450,2450,2200,2200,1296
2021-01-11,2365,2365,2180,2180,1160
2021-01-12,2210,2210,2180,2180,680
2021-01-13,2180,2180,2140,2140,95
2021-01-14,2180,2180,2125,2140,1554
2021-01-15,2300,2300,2125,2245,6704
2021-01-18,2200,2410,2200,2410,105
2021-01-19,2250,2395,2250,2350,1203
2021-01-20,2300,2300,2265,2300,850
2021-01-21,2300,2300,2295,2300,1589
2021-01-22,2310,2470,2300,2470,1981
2021-01-25,2405,2405,2355,2405,292
2021-01-26,2410,2410,2410,2410,521
2021-01-27,2405,2465,2350,2465,10735
2021-01-28,2470,2470,2365,2365,80
2021-01-29,2375,2400,2370,2400,734
2021-02-01,2370,2400,2365,2400,1504
2021-02-02,2400,2400,2400,2400,17
2021-02-03,2380,2445,2365,2405,1227
2021-02-04,2425,2425,2360,2360,148
2021-02-05,2395,2395,2365,2365,711
2021-02-08,2360,2365,2360,2360,116
2021-02-09,2360,2400,2360,2400,1082
2021-02-10,2375,2400,2360,2360,134
2021-02-11,2365,2370,2360,2370,950
2021-02-12,2375,2375,2365,2365,794
2021-02-15,2425,2425,2365,2365,2033
2021-02-16,2370,2370,2365,2365,564
2021-02-17,2365,2400,2360,2365,1338
2021-02-18,2360,2365,2360,2365,532
2021-02-22,2365,2365,2365,2365,114
2021-02-23,2370,2370,2365,2365,5180
2021-02-24,2365,2540,2365,2540,9439
2021-02-25,2540,2555,2495,2555,160
2021-02-26,2600,2600,2545,2545,1446
2021-03-01,2500,2550,2500,2500,1056
2021-03-02,2510,2550,2505,2550,2420
2021-03-03,2595,2600,2530,2550,9458
2021-03-04,2600,2675,2600,2610,588
2021-03-05,2650,2650,2650,2650,63
2021-03-08,2650,2675,2650,2655,867
2021-03-09,2700,2750,2700,2750,1849
2021-03-10,2765,2900,2765,2850,2567
2021-03-11,2990,2990,2895,2900,2203
2021-03-12,2950,2950,2900,2900,876
2021-03-15,2990,2990,2900,2900,1445
2021-03-16,2810,2830,2800,2800,466
2021-03-17,2800,2830,2800,2830,401
2021-03-18,2800,2800,2795,2795,598
2021-03-19,2800,2900,2800,2900,181
2021-03-22,2810,2900,2700,2900,4496
2021-03-23,2890,2900,2890,2900,1209
2021-03-24,2890,2900,2845,2845,524
2021-03-25,2835,2840,2835,2840,10100
2021-03-26,2820,2850,2820,2850,136
2021-03-29,2800,2900,2800,2900,472
2021-03-30,2800,3000,2800,3000,1598
2021-03-31,2900,3010,2820,3000,11971
2021-04-01,2950,2950,2950,2950,51
2021-04-02,2795,2950,2730,2950,1501
2021-04-06,2900,2900,2800,2900,424
2021-04-07,2895,2895,2700,2885,7060
2021-04-08,2850,2850,2700,2800,318
2021-04-09,2760,2800,2760,2800,23
2021-04-12,2705,2800,2700,2700,1132
2021-04-13,2710,2845,2705,2845,489
2021-04-14,2850,3000,2705,3000,7903
2021-04-15,2995,2995,2815,2900,1712
2021-04-16,2890,2900,2890,2900,1331
2021-04-19,2880,2890,2880,2890,228
2021-04-20,2900,2900,2800,2800,3304
2021-04-21,2800,2900,2795,2900,1151
2021-04-22,2800,2890,2800,2890,507
2021-04-23,2895,2895,2800,2875,459
2021-04-26,2795,2900,2750,2900,1310
2021-04-27,2845,2900,2845,2900,120
2021-04-28,2800,2900,2800,2900,425
2021-04-29,2900,2900,2750,2750,2745
2021-04-30,2750,2950,2545,2950,3893
2021-05-03,2950,2950,2945,2945,178
2021-05-04,2900,2900,2900,2900,2206
2021-05-05,2900,2900,2700,2885,903
2021-05-06,2885,2885,2800,2800,401
2021-05-07,2885,2900,2885,2900,542
2021-05-10,2700,2700,2700,2700,201
2021-05-11,2720,2900,2720,2900,141
2021-05-14,2900,2900,2895,2900,1209
2021-05-17,2900,2900,2895,2900,641
2021-05-18,2810,2900,2810,2900,358
2021-05-19,2850,2900,2800,2815,1649
2021-05-20,2795,2895,2750,2895,1055
2021-05-21,2895,2945,2895,2945,899
2021-05-25,2940,2945,2940,2940,80
2021-05-26,2935,2935,2775,2920,485
2021-05-27,2900,3000,2900,3000,4430
2021-05-28,2945,3000,2945,3000,50
2021-05-31,3000,3000,3000,3000,200
2021-06-01,2990,2990,2990,2990,351
2021-06-02,2990,3000,2900,2950,1722
2021-06-03,2990,2995,2990,2995,530
2021-06-04,2990,2995,2960,2990,1467
2021-06-07,2995,3110,2990,3000,906
2021-06-08,3000,3000,2990,2990,858
2021-06-09,3000,3100,2995,3100,7278
2021-06-10,3100,3200,3100,3200,26184
2021-06-11,3440,3440,3300,3440,4394
2021-06-14,3385,3390,3345,3385,1007
2021-06-15,3345,3350,3300,3300,557
2021-06-16,3295,3300,3175,3290,1245
2021-06-17,3280,3290,3140,3290,1837
2021-06-18,3290,3435,3290,3430,785
2021-06-21,3350,3350,3310,3310,2491
2021-06-22,3310,3425,3310,3425,1591
2021-06-23,3420,3420,3360,3395,1878
2021-06-24,3395,3430,3355,3430,664
2021-06-25,3385,3400,3385,3400,1666
2021-06-28,3380,3400,3380,3400,895
2021-06-29,3360,3450,3360,3450,6614
2021-06-30,3450,3550,3450,3550,571
2021-07-01,3500,3500,3360,3500,1530
2021-07-02,3450,3450,3450,3450,50
2021-07-05,3400,3540,3360,3540,1206
2021-07-06,3500,3540,3500,3540,616
2021-07-07,3410,3550,3410,3550,548
2021-07-08,3525,3550,3525,3550,479
2021-07-09,3550,3550,3545,3545,181
2021-07-12,3810,3810,3500,3500,1043
2021-07-13,3490,3490,3490,3490,243
2021-07-14,3500,3600,3495,3600,1105
2021-07-15,3600,3870,3600,3870,259
2021-07-16,3870,3870,3600,3600,2932
2021-07-19,3865,3865,3605,3695,125
2021-07-21,3700,3895,3630,3630,552
2021-07-22,3700,3870,3700,3800,385
2021-07-23,3800,3800,3710,3710,308
2021-07-26,3800,3800,3435,3710,35698
2021-07-27,3440,3600,3440,3600,449
2021-07-28,3700,3700,3500,3600,3613
2021-07-29,3600,3600,3445,3600,12747
2021-07-30,3355,3700,3330,3600,46867
2021-08-02,3600,3800,3600,3800,277
2021-08-03,3800,3850,3700,3700,14181
2021-08-04,3700,3800,3700,3750,1165
2021-08-05,3750,3800,3750,3750,139
2021-08-06,3700,3750,3700,3700,185
2021-08-09,3700,3785,3655,3700,854
2021-08-10,3705,3780,3700,3700,153
2021-08-11,3705,3750,3705,3720,145
2021-08-12,3800,3800,3800,3800,3258
2021-08-13,3800,3800,3650,3720,1050
2021-08-16,3800,3800,3800,3800,500
2021-08-17,3800,3800,3720,3800,291
2021-08-18,3720,3800,3720,3750,1203
2021-08-19,3795,3795,3795,3795,282
2021-08-20,3800,3800,3750,3795,338
2021-08-23,3700,3795,3625,3705,4753
2021-08-24,3850,3980,3850,3980,17246
2021-08-25,4275,4275,3850,3950,5678
2021-08-26,4000,4200,3995,4200,4558
2021-08-27,4200,4240,4200,4240,292
2021-08-30,4200,4350,3985,4000,7054
2021-08-31,4090,4100,3985,4100,4527
2021-09-01,4095,4300,4095,4245,354
2021-09-02,4240,4240,4100,4100,273
2021-09-03,4100,4250,3985,4250,8752
2021-09-06,4245,4245,3990,4200,1900
2021-09-07,4000,4180,4000,4140,1462
2021-09-08,4100,4130,4010,4130,665
2021-09-09,4100,4140,4020,4140,610
2021-09-10,4140,4200,4100,4180,1245
2021-09-13,4200,4200,4015,4180,514
2021-09-14,4180,4250,4060,4250,3924
2021-09-15,4015,4250,4015,4250,4426
2021-09-16,4050,4250,4050,4235,795
2021-09-17,4020,4220,4020,4220,160
2021-09-20,4100,4180,4000,4180,781
2021-09-21,4140,4160,4000,4160,11714
2021-09-22,4180,4180,4180,4180,220
2021-09-23,4180,4250,4180,4250,4937
2021-09-24,4255,4300,4200,4250,1977
2021-09-27,4260,4315,4260,4295,534
2021-09-28,4315,4315,4200,4200,1127
2021-09-29,4190,4315,4190,4315,835
2021-09-30,4295,4300,4250,4300,7824
2021-10-01,4305,4500,4300,4500,6640
2021-10-04,4495,4500,4310,4350,1330
2021-10-05,4400,4495,4370,4400,16070
2021-10-06,4720,4720,4500,4550,1373
2021-10-07,4505,4550,4500,4500,3309
2021-10-08,4505,4510,4500,4505,890
2021-10-11,4510,4510,4505,4505,346
2021-10-12,4510,4550,4500,4550,1356
2021-10-13,4550,4550,4500,4500,2742
2021-10-14,4525,4835,4510,4835,33333
2021-10-15,4830,4995,4560,4995,836
2021-10-19,4800,4895,4800,4800,3062
2021-10-20,4800,4980,4800,4980,873
2021-10-21,5005,5340,4985,5335,1258
2021-10-22,5000,5295,5000,5295,1480
2021-10-25,5150,5295,5150,5295,458
2021-10-26,5300,5685,5300,5600,2253
2021-10-27,5500,5595,5500,5550,1020
2021-10-28,5500,5600,5355,5595,3919
2021-10-29,5540,5540,5500,5500,330
2021-11-03,5325,5490,5300,5490,1637
2021-11-04,5490,5495,5370,5370,2086
2021-11-05,5400,5400,4970,5000,6084
2021-11-08,4995,5000,4800,5000,1006
2021-11-09,5005,5005,4810,5000,11560
2021-11-10,4850,4900,4800,4900,1260
2021-11-11,4900,4900,4805,4805,700
2021-11-12,4855,4900,4800,4900,2646
2021-11-16,4995,5000,4850,5000,1039
2021-11-17,5000,5000,4860,5000,3632
2021-11-18,4860,5100,4860,5100,14658
2021-11-19,5000,5100,5000,5095,1442
2021-11-22,5095,5095,4865,5000,144
2021-11-23,5090,5100,5000,5100,493
2021-11-24,5005,5150,5000,5000,3897
2021-11-25,5000,5100,5000,5100,986
2021-11-26,5000,5140,4950,5140,2475
2021-11-29,4885,5350,4885,5350,1561
2021-11-30,5250,5350,5250,5250,6398
2021-12-01,5150,5345,5145,5300,1707
2021-12-02,5250,5250,5160,5160,289
2021-12-03,5150,5150,5000,5000,943
2021-12-06,5000,5250,4900,5100,2377
2021-12-07,4750,5100,4750,5100,1878
2021-12-08,5000,5100,5000,5000,1525
2021-12-09,4990,5000,4850,5000,1657
2021-12-10,5000,5000,4900,5000,327
2021-12-13,5000,5000,4650,4650,181
2021-12-14,4900,4995,4900,4995,312
2021-12-15,4995,5000,4675,4995,2931
2021-12-16,4995,4995,4670,4995,404
2021-12-17,4700,4990,4670,4990,675
2021-12-20,4990,4990,4990,4990,285
2021-12-21,4900,4990,4650,4990,305
2021-12-22,4985,5100,4985,5100,1756
2021-12-23,5095,5100,4900,5100,50601
2021-12-24,5000,5000,5000,5000,20
2021-12-27,4900,5000,4900,5000,59218
2021-12-28,4980,5300,4905,5300,1702
2021-12-29,5200,5300,5180,5285,1210
2021-12-30,5200,5200,5000,5200,1073
2021-12-31,5090,5090,5000,5000,350
2022-01-03,5090,5090,4915,5085,534
2022-01-04,5080,5080,4950,4950,1098
2022-01-05,4950,5000,4950,5000,120
2022-01-06,4955,4995,4955,4995,11484
2022-01-07,4990,5070,4990,4990,1169
2022-01-10,4990,5070,4990,4990,7300
2022-01-11,4985,4985,4985,4985,185
2022-01-12,4900,5000,4900,5000,1685
2022-01-13,4950,5025,4950,5025,305
2022-01-14,4950,5025,4950,5025,642
2022-01-17,5025,5025,4950,5000,1357
2022-01-18,5025,5025,5000,5000,1440
2022-01-19,4960,5000,4960,5000,13
2022-01-20,5000,5000,5000,5000,55
2022-01-21,5000,5195,4950,5195,5961
2022-01-24,5000,5195,5000,5195,124
2022-01-25,5000,5000,4930,4930,705
2022-01-26,5000,5000,4800,5000,713
2022-01-27,4955,4995,4805,4995,393
2022-01-28,4950,4950,4820,4950,409
2022-01-31,4800,4950,4800,4950,3231
2022-02-01,4950,4950,4950,4950,2160
2022-02-02,4920,4950,4910,4950,968
2022-02-03,4950,5000,4920,4950,794
2022-02-04,4925,4950,4925,4950,12036
2022-02-07,4950,5000,4925,5000,439
2022-02-08,5000,5000,4935,4940,588
2022-02-09,4950,5190,4950,4950,39013
2022-02-10,5000,5050,5000,5020,1533
2022-02-11,5000,5180,5000,5180,721
2022-02-14,5180,5195,5105,5120,1120
2022-02-15,5100,5120,5050,5120,456
2022-02-16,5120,5180,5120,5180,613
2022-02-17,5200,5320,5200,5300,4679
2022-02-18,5300,5320,5205,5300,342
2022-02-21,5345,5500,5345,5495,2337
2022-02-22,5495,5500,5350,5500,403
2022-02-23,5400,5495,5400,5490,517
2022-02-24,5400,5500,5400,5500,1586
2022-02-25,5490,5490,5395,5485,373
2022-02-28,5485,5485,5400,5480,624
2022-03-01,5400,5450,5350,5445,1093
2022-03-02,5390,5440,5390,5390,1321
2022-03-03,5390,5485,5390,5485,2119
2022-03-04,5485,5485,5485,5485,270
2022-03-07,5495,5495,5450,5490,1067
2022-03-08,5485,5495,5485,5495,967
2022-03-09,5490,5495,5490,5490,320
2022-03-10,5495,5495,5400,5490,7268
2022-03-11,5490,5490,5490,5490,1461
2022-03-14,5495,5500,5490,5490,7570
2022-03-15,5495,5650,5490,5600,2982
2022-03-16,5600,5600,5505,5585,2153
2022-03-17,5505,5585,5500,5500,2723
2022-03-18,5550,5550,5520,5520,262
2022-03-21,5520,5595,5520,5595,149
2022-03-22,5595,5600,5520,5600,2707
2022-03-23,5580,5850,5580,5850,19915
2022-03-24,5900,5905,5850,5850,5475
2022-03-25,5850,6000,5700,6000,510
2022-03-28,5900,6000,5900,5995,1129
2022-03-29,5995,5995,5855,5990,581
2022-03-30,5990,6000,5850,5990,7046
2022-03-31,6000,6100,6000,6100,912
2022-04-01,6005,6100,5995,5995,10105
2022-04-04,5855,5900,5855,5855,3133
2022-04-05,5855,5900,5850,5900,1710
2022-04-06,5900,5995,5800,5900,850
2022-04-07,5900,6000,5865,6000,904
2022-04-08,6050,6100,6000,6000,2084
2022-04-11,5990,5990,5950,5950,753
2022-04-12,5950,5990,5905,5990,2009
2022-04-13,5910,5990,5905,5910,348
2022-04-14,5910,5915,5910,5915,870
2022-04-15,5990,5990,5990,5990,75
2022-04-19,5990,5990,5950,5990,2836
2022-04-20,5990,5990,5920,5980,3565
2022-04-21,5980,5990,5980,5990,8938
2022-04-22,5990,5990,5980,5990,6864
2022-04-25,5985,5985,5950,5985,3355
2022-04-26,5950,5990,5950,5990,742
2022-04-27,5990,5990,5985,5990,28360
2022-04-29,5990,6000,5985,5985,12481
2022-05-03,6100,6375,6000,6125,18027
2022-05-04,6000,6125,5990,6015,3801
2022-05-05,6015,6200,6010,6100,8679
2022-05-06,6200,6200,6100,6150,8233
2022-05-09,6145,6145,6140,6145,1523
2022-05-10,6145,6150,6125,6150,6292
2022-05-11,6150,6495,6150,6490,8120
2022-05-12,6500,6845,6500,6845,6365
2022-05-13,6850,6980,6845,6950,1585
2022-05-16,7095,7100,6895,6895,2621
2022-05-17,6850,6850,6600,6730,4778
2022-05-18,6700,6720,6600,6600,6928
2022-05-19,6605,6610,6600,6605,1785
2022-05-20,6650,6650,6605,6605,2792
2022-05-23,6600,6610,6275,6600,3007
2022-05-24,6500,6590,6495,6590,794
2022-05-25,6570,6570,6400,6560,861
2022-05-27,6500,6590,6500,6590,1932
2022-05-30,6590,6590,6550,6590,845
2022-05-31,6565,6590,6550,6590,724
2022-06-01,6590,6600,6590,6590,1698
2022-06-02,6600,6650,6600,6600,1245
2022-06-03,6600,6600,6590,6590,310
2022-06-07,6590,6590,6500,6500,254
2022-06-08,6450,6500,6450,6500,698
2022-06-09,6500,6650,6500,6500,10698
2022-06-10,6600,6600,6500,6500,198
2022-06-13,6500,6600,6500,6600,69
2022-06-14,6500,6500,6500,6500,453
2022-06-15,6500,6550,6500,6500,1807
2022-06-16,6505,6600,6500,6505,2257
2022-06-17,6600,6600,6600,6600,3220
2022-06-20,6590,6590,6550,6550,67
2022-06-21,6510,6590,6510,6590,227
2022-06-22,6590,6600,6515,6600,582
2022-06-23,6595,6595,6500,6500,445
2022-06-24,6500,6595,6500,6595,1029
2022-06-27,6595,6595,6300,6500,400
2022-06-28,6500,6600,6400,6600,608
2022-06-29,6500,6600,6400,6500,518
2022-06-30,6500,6505,6500,6505,1256
2022-07-01,6500,6500,6500,6500,38
2022-07-04,6500,6600,6500,6500,536
2022-07-05,6500,6500,6300,6450,1127
2022-07-06,6500,6500,6400,6490,169
2022-07-07,6490,6490,6450,6450,333
2022-07-08,6450,6450,6445,6450,546
2022-07-11,6440,6455,6440,6450,312
2022-07-12,6490,6490,6490,6490,16
2022-07-13,6500,6500,6455,6500,1810
2022-07-14,6500,6500,6460,6460,1367
2022-07-15,6460,6460,6450,6450,905
2022-07-18,6450,6500,6450,6500,737
2022-07-19,6300,6300,6300,6300,80
2022-07-20,6300,6300,6150,6300,613
2022-07-21,6150,6275,6100,6270,177
2022-07-22,6100,6250,5900,6100,1053
2022-07-25,6100,6100,5710,6000,2440
2022-07-26,6000,6000,6000,6000,2125
2022-07-27,6000,6100,5905,6100,2587
2022-07-28,5900,6050,5900,5910,271
2022-07-29,5910,5915,5905,5915,419
2022-08-01,5915,6000,5905,6000,273
2022-08-02,5995,6000,5915,6000,317
2022-08-03,6000,6000,5940,6000,1025
2022-08-04,6000,6000,5955,5955,269
2022-08-05,5950,6000,5950,5955,4152
2022-08-09,5915,5920,5905,5910,624
2022-08-10,5975,6000,5955,6000,181
2022-08-11,5995,5995,5955,5955,818
2022-08-12,5955,6000,5955,6000,924
2022-08-16,5955,6000,5955,6000,1105
2022-08-17,5955,6000,5955,5955,977
2022-08-18,5995,6000,5955,5955,512
2022-08-19,5955,5990,5955,5990,444
2022-08-22,5950,5995,5920,5920,829
2022-08-23,5910,5995,5905,5995,441
2022-08-24,5995,6000,5930,5930,252
2022-08-25,5930,6000,5930,6000,94
2022-08-26,5915,5980,5915,5980,153
2022-08-29,5915,5980,5915,5950,189
2022-08-30,5950,5980,5950,5950,826
2022-08-31,5950,5950,5915,5915,1368
2022-09-01,5950,5950,5900,5900,442
2022-09-02,5900,5900,5850,5865,1160
2022-09-05,5890,5890,5600,5600,1024
2022-09-06,5840,5840,5490,5490,1582
2022-09-07,5490,5500,5490,5490,390
2022-09-08,5500,5800,5490,5700,1683
2022-09-09,5700,5700,5650,5700,147
2022-09-12,5695,5800,5500,5800,209
2022-09-13,5695,5900,5695,5900,953
2022-09-14,5895,5945,5700,5945,982
2022-09-15,5900,5945,5900,5945,301
2022-09-16,5900,6000,5900,6000,7616
2022-09-19,6000,6000,5755,5990,1136
2022-09-20,5950,5990,5950,5990,130
2022-09-21,5990,5995,5975,5990,18464
2022-09-22,5980,6100,5975,5995,18186
2022-09-23,5990,6100,5990,6100,16264
2022-09-26,6050,6100,5980,6000,2659
2022-09-27,5980,6100,5810,6100,754
2022-09-28,6100,6450,6000,6450,7421
2022-09-29,6450,6450,6000,6400,6580
2022-09-30,6400,6400,6000,6350,2639
2022-10-03,6350,6350,6100,6100,167
2022-10-04,5705,6150,5705,6150,2083
2022-10-05,6100,6150,5900,6100,4184
2022-10-06,6090,6100,6085,6100,475
2022-10-07,6000,6000,5715,6000,6097
2022-10-10,5900,6000,5725,5995,7765
2022-10-11,5755,6000,5755,5955,825
2022-10-12,6000,6000,5900,5900,3363
2022-10-13,5900,5900,5850,5900,310
2022-10-14,5850,5900,5850,5900,387
2022-10-17,5900,6100,5900,6100,1526
2022-10-18,5875,6005,5875,6005,372
2022-10-19,5700,6000,5700,5995,206
2022-10-20,5900,6150,5700,6125,1668
2022-10-21,6000,6125,6000,6125,1196
2022-10-24,6005,6100,5900,6100,241
2022-10-25,6000,6100,6000,6100,74
2022-10-26,6050,6125,6000,6100,2545
2022-10-27,5715,6095,5715,6095,294
2022-10-28,6095,6095,6000,6095,223
2022-10-31,5900,6095,5900,6095,73
2022-11-02,6080,6080,5900,5950,208
2022-11-03,5715,6070,5715,6070,759
2022-11-04,6000,6000,5990,5990,202
2022-11-07,5900,6045,5900,6045,854
2022-11-08,6045,6045,5900,5900,352
2022-11-09,5895,5900,5700,5900,1210
2022-11-10,5800,6000,5460,5990,4810
2022-11-11,5755,5900,5545,5700,445
2022-11-14,5700,5700,5310,5310,41
2022-11-16,5500,5500,5310,5440,584
2022-11-17,5435,5435,5365,5425,1650
2022-11-18,5425,5435,5400,5435,249
2022-11-21,5435,5700,5435,5500,637
2022-11-22,5500,5700,5500,5700,1397
2022-11-23,5700,5700,5435,5700,1236
2022-11-24,5695,5700,5695,5700,32
2022-11-25,5700,5700,5600,5700,111
2022-11-28,5600,5680,5550,5600,1247
2022-11-29,5600,5680,5600,5600,2192
2022-11-30,5600,5685,5600,5685,1703
2022-12-01,5370,5685,5370,5685,248
2022-12-02,5680,5680,5600,5600,133
2022-12-05,5390,5685,5390,5685,428
2022-12-06,5685,5685,5685,5685,59
2022-12-07,5700,5700,5700,5700,3475
2022-12-09,5695,5695,5405,5695,784
2022-12-12,5695,5695,5695,5695,135
2022-12-13,5680,5680,5400,5680,272
2022-12-14,5680,5680,5680,5680,71
2022-12-15,5435,5680,5430,5680,1269
2022-12-16,5335,5680,5300,5680,1059
2022-12-19,5680,5680,5305,5680,30
2022-12-20,5500,5675,5265,5675,130
2022-12-21,5280,5675,5250,5675,2122
2022-12-22,5400,5680,5400,5675,5471
2022-12-23,5675,5675,5500,5675,165
2022-12-27,5675,5675,5300,5670,569
2022-12-28,5670,5675,5305,5675,5597
2022-12-29,5600,5700,5600,5675,5163
2022-12-30,5675,5675,5500,5670,500
2023-01-03,5665,5670,5300,5670,2717
2023-01-04,5500,5500,5245,5255,58
2023-01-05,5305,5500,5305,5500,6605
2023-01-06,5700,5700,5400,5400,804
2023-01-09,5405,5405,5405,5405,1707
2023-01-10,5405,5405,5400,5405,1190
2023-01-11,5405,5405,5400,5400,1348
2023-01-12,5400,5405,5400,5400,267
2023-01-13,5400,5495,5300,5400,16234
2023-01-16,5400,5400,5300,5390,177
2023-01-17,5390,5390,5305,5390,2701
2023-01-18,5390,5390,5300,5350,213
2023-01-19,5350,5750,4950,5750,1543
2023-01-23,5350,5740,5320,5740,2354
2023-01-24,5700,5700,5405,5680,5560
2023-01-25,5400,5500,5320,5500,675
2023-01-26,5610,5680,5400,5680,63
2023-01-27,5680,5735,5300,5300,3953
2023-01-30,5475,5550,5475,5475,239
2023-01-31,5475,5740,5475,5740,308
2023-02-01,5750,5750,5320,5700,3656
2023-02-02,5355,5700,5355,5700,121
2023-02-03,5700,5700,5600,5700,124
2023-02-06,5700,5700,5695,5695,535
2023-02-07,5690,5690,5600,5690,584
2023-02-08,5690,5690,5550,5690,109
2023-02-09,5555,5690,5550,5690,365
2023-02-10,5690,5690,5685,5685,70
2023-02-13,5690,5690,5520,5680,393
2023-02-14,5685,5700,5670,5700,1727
2023-02-15,5695,5695,5680,5680,250
2023-02-16,5680,5800,5670,5800,1925
2023-02-17,5600,5600,5365,5600,891
2023-02-20,5600,5600,5500,5600,205
2023-02-21,5600,5600,5300,5600,796
2023-02-22,5600,5600,5595,5595,326
2023-02-23,5600,5600,5595,5595,380
2023-02-24,5600,5750,5520,5750,2850
2023-02-27,5600,5700,5600,5695,722
2023-02-28,5695,5695,5590,5695,888
2023-03-01,5695,5695,5590,5690,217
2023-03-02,5690,5690,5390,5690,247
2023-03-03,5690,5690,5465,5690,76
2023-03-06,5600,5690,5580,5690,206
2023-03-07,5690,5690,5390,5690,326
2023-03-08,5690,5690,5690,5690,130
2023-03-09,5690,5690,5690,5690,900
2023-03-10,5580,5795,5580,5795,3131
2023-03-13,5500,5790,5500,5780,375
2023-03-14,5790,5795,5500,5780,614
2023-03-15,5785,5785,5500,5775,210
2023-03-16,5775,5775,5700,5700,98
2023-03-17,5695,5695,5500,5695,151
2023-03-20,5400,5690,5400,5690,592
2023-03-21,5690,5690,5310,5675,65
2023-03-22,5675,5675,5670,5670,207
2023-03-23,5670,5700,5670,5700,2125
2023-03-24,5650,5675,5600,5650,205
2023-03-27,5625,5625,5410,5625,122
2023-03-28,5410,5425,5405,5410,1425
2023-03-29,5425,5780,5425,5780,1123
2023-03-30,5780,5780,5480,5600,786
2023-03-31,5780,5780,5400,5400,1021
2023-04-03,5325,5580,5325,5580,6808
2023-04-04,5400,5580,5200,5580,296
2023-04-05,5580,5580,5580,5580,90
2023-04-06,5410,5590,5410,5590,283
2023-04-07,5510,5510,5500,5500,8
2023-04-11,5590,5590,5500,5590,1068
2023-04-12,5500,5500,5410,5500,178
2023-04-13,5500,5500,5495,5495,292
2023-04-14,5400,5495,5400,5495,293
2023-04-17,5300,5495,5300,5495,114
2023-04-19,5495,5495,5495,5495,543
2023-04-20,5400,5495,5390,5495,1853
2023-04-24,5390,5495,5380,5380,130
2023-04-25,5380,5500,5380,5495,10421
2023-04-26,5495,5500,5410,5495,4195
2023-04-27,5500,5500,5400,5400,779
2023-04-28,5400,5400,5400,5400,30
2023-05-02,5390,5400,5390,5400,450
2023-05-03,5450,5450,5400,5400,213
2023-05-04,5400,5400,5390,5390,775
2023-05-05,5400,5400,5395,5400,2356
2023-05-08,5400,5400,5300,5370,157
2023-05-09,5370,5370,5305,5305,20
2023-05-10,4910,4910,4910,4910,477
2023-05-11,4900,4950,4585,4805,560
2023-05-12,4795,4795,4600,4600,4667
2023-05-15,4690,4700,4605,4660,401
2023-05-16,4660,4750,4555,4695,2537
2023-05-17,4695,4700,4695,4700,290
2023-05-19,4700,4700,4700,4700,542
2023-05-22,4700,4700,4600,4700,5611
2023-05-23,4700,4750,4665,4700,3237
2023-05-24,4695,5000,4610,5000,3916
2023-05-25,4975,5000,4900,5000,360
2023-05-26,4950,4950,4800,4945,1244
2023-05-30,4995,5300,4855,5280,46857
2023-05-31,5250,5280,5000,5270,975
2023-06-01,5270,5275,5100,5265,752
2023-06-02,5260,5265,5245,5245,258
2023-06-05,5100,5150,4945,5010,637
2023-06-06,5015,5015,4935,5000,1144
2023-06-07,4990,5000,4800,4800,2576
2023-06-08,4800,4995,4710,4995,315
2023-06-09,4995,5000,4800,4900,922
2023-06-12,4900,4900,4715,4900,4024
2023-06-13,4800,4850,4800,4850,150
2023-06-14,4850,4850,4850,4850,144
2023-06-15,4800,4850,4800,4850,602
2023-06-16,4850,4850,4830,4830,110
2023-06-19,4830,4830,4705,4800,1775
2023-06-20,4800,4830,4705,4830,1045
2023-06-21,4800,4800,4795,4800,500
2023-06-22,4795,4795,4790,4795,123
2023-06-23,4720,4800,4720,4795,1965
2023-06-26,4795,4795,4720,4795,299
2023-06-27,4795,4800,4705,4800,1387
2023-06-29,4800,4800,4780,4795,220
2023-06-30,4800,4800,4800,4800,491
2023-07-03,4795,4800,4780,4780,659
2023-07-04,4780,4800,4780,4780,6399
2023-07-05,4780,4790,4740,4775,7760
2023-07-06,4750,4790,4740,4740,7292
2023-07-07,4780,4790,4730,4730,9928
2023-07-10,4800,4800,4730,4730,3419
2023-07-11,4730,4750,4650,4700,18702
2023-07-12,4600,4600,4350,4350,22638
2023-07-13,4075,4075,4070,4075,2872
2023-07-14,4150,4275,4075,4250,1970
2023-07-17,4200,4250,4105,4245,553
2023-07-18,4245,4245,4200,4205,666
2023-07-19,4205,4205,4095,4100,1213
2023-07-20,4100,4100,4095,4100,1481
2023-07-21,4100,4200,4100,4195,6781
2023-07-24,4100,4100,4075,4075,2035
2023-07-25,4100,4100,3995,4075,1402
2023-07-26,4050,4050,3995,3995,951
2023-07-27,4000,4000,3900,3935,1304
2023-07-28,3915,3915,3860,3895,1706
2023-07-31,3900,3900,3800,3890,4204
2023-08-01,3890,3890,3600,3800,2450
2023-08-02,3800,3800,3600,3600,1142
2023-08-03,3650,3870,3650,3825,3755
2023-08-04,3875,3875,3800,3800,1228
2023-08-08,3845,3845,3805,3825,360
2023-08-09,3795,3845,3705,3825,1327
2023-08-10,3800,3800,3795,3800,1597
2023-08-11,3795,3795,3760,3760,683
2023-08-14,3765,3795,3765,3780,818
2023-08-16,3780,3780,3780,3780,560
2023-08-17,3780,3890,3705,3890,7273
2023-08-18,3890,3890,3805,3805,8481
2023-08-21,3805,3870,3800,3870,3089
2023-08-22,3875,4000,3850,3995,465
2023-08-23,3950,3995,3950,3995,26
2023-08-24,3995,4000,3950,3985,2625
2023-08-25,3985,3985,3985,3985,155
2023-08-28,3985,3985,3980,3985,2542
2023-08-29,3980,3990,3870,3870,2199
2023-08-30,3900,3900,3870,3870,1195
2023-08-31,3800,3870,3800,3870,214
2023-09-01,3870,3870,3650,3800,553
2023-09-04,3800,3800,3750,3750,96
2023-09-05,3745,3745,3650,3735,166
2023-09-06,3730,3730,3705,3730,471
2023-09-07,3730,3900,3700,3800,4844
2023-09-08,3800,3800,3710,3795,408
2023-09-11,3790,3790,3650,3725,2991
2023-09-12,3720,3720,3685,3690,2357
2023-09-13,3690,3690,3665,3670,403
2023-09-14,3690,3730,3650,3730,2465
2023-09-15,3790,3790,3700,3700,2521
2023-09-18,3700,3700,3645,3695,9343
2023-09-19,3530,3750,3530,3695,1471
2023-09-20,3600,3790,3565,3790,963
2023-09-21,3790,3795,3750,3795,704
2023-09-22,3785,3795,3750,3750,10039
2023-09-25,3700,3750,3700,3750,1844
2023-09-26,3750,3750,3480,3480,4357
2023-09-28,3480,3700,3435,3700,4144
2023-09-29,3480,3680,3445,3445,76
2023-10-02,3500,3695,3445,3695,1302
2023-10-03,3700,3700,3500,3700,5922
2023-10-04,3695,3695,3450,3500,3301
2023-10-05,3505,3505,3450,3485,523
2023-10-06,3500,3500,3450,3480,704
2023-10-09,3485,3485,3475,3480,313
2023-10-10,3480,3500,3400,3495,3701
2023-10-11,3495,3500,3495,3500,873
2023-10-12,3500,3650,3410,3650,1199
2023-10-13,3500,3650,3500,3650,125
2023-10-16,3640,3650,3600,3650,25567
2023-10-17,3650,3695,3600,3600,2946
2023-10-18,3600,3600,3500,3600,1678
2023-10-19,3650,3650,3400,3650,17663
2023-10-20,3650,3785,3400,3650,1207
2023-10-23,3780,3780,3600,3750,216
2023-10-24,3750,3750,3650,3750,251
2023-10-25,3700,3700,3695,3695,304
2023-10-26,3695,3695,3600,3695,257
2023-10-27,3420,3420,3420,3420,294
2023-10-30,3300,3400,3165,3165,2187
2023-10-31,2965,2965,2930,2930,1329
2023-11-02,2930,2930,2880,2930,519
2023-11-03,2930,2930,2725,2800,2891
2023-11-06,2800,2800,2590,2780,1962
2023-11-07,2770,2770,2575,2770,5854
2023-11-08,2770,2770,2770,2770,1355
2023-11-09,2770,2770,2770,2770,96
2023-11-10,2770,2770,2595,2595,1297
2023-11-13,2600,2770,2405,2770,3454
2023-11-14,2760,2770,2700,2770,4684
2023-11-16,2720,2750,2700,2700,1060
2023-11-17,2750,2750,2600,2700,2778
2023-11-20,2695,2695,2510,2595,3708
2023-11-21,2595,2600,2595,2600,1058
2023-11-22,2600,2600,2600,2600,2038
2023-11-23,2600,2600,2590,2600,565
2023-11-24,2600,2600,2595,2600,634
2023-11-27,2600,2610,2600,2605,18751
2023-11-28,2600,2600,2590,2600,3215
2023-11-29,2600,2600,2580,2600,816
2023-11-30,2600,2600,2600,2600,335
2023-12-01,2605,2795,2605,2795,106
2023-12-04,2795,2795,2790,2790,100
2023-12-05,2785,2785,2760,2760,1212
2023-12-06,2755,2780,2710,2750,814
2023-12-07,2700,2745,2670,2670,543
2023-12-08,2670,2745,2670,2745,4853
2023-12-11,2735,2745,2735,2745,3010
2023-12-12,2735,2900,2720,2900,10440
2023-12-13,2900,3115,2900,3115,1114
2023-12-14,3200,3205,2940,3205,696
2023-12-15,3445,3445,3205,3445,2545
2023-12-18,3190,3440,3190,3350,689
2023-12-19,3350,3600,3120,3600,1709
2023-12-20,3440,3440,3350,3395,195
2023-12-21,3350,3395,3350,3395,345
2023-12-22,3385,3390,3200,3300,750
2023-12-26,3300,3300,3100,3300,383
2023-12-27,3300,3300,3200,3300,355
2023-12-28,3170,3260,3170,3260,10447
2023-12-29,3285,3285,3020,3270,1654
2024-01-02,3200,3270,3025,3260,72
2024-01-03,3260,3260,3245,3250,284
2024-01-04,3250,3250,3200,3250,15667
2024-01-05,3200,3250,3200,3250,15056
2024-01-08,3240,3240,3235,3235,246
2024-01-09,3200,3235,3200,3200,535
2024-01-10,3125,3200,3125,3195,1359
2024-01-11,3195,3195,3020,3195,99
2024-01-12,3195,3240,3125,3240,10315
2024-01-15,3025,3200,3025,3200,565
2024-01-16,3195,3200,3075,3200,620
2024-01-17,3200,3200,3080,3150,1319
2024-01-18,3150,3200,3150,3200,842
2024-01-19,3200,3200,3080,3180,38
2024-01-22,3080,3100,3080,3090,236
2024-01-23,3090,3095,3090,3095,372
2024-01-24,3100,3100,3080,3095,1314
2024-01-25,3095,3095,3080,3080,565
2024-01-26,3095,3095,3080,3080,532
2024-01-29,3090,3090,3050,3080,1065
2024-01-30,3050,3050,3020,3045,277
2024-01-31,3045,3045,3030,3030,111
2024-02-01,3035,3035,3035,3035,39
2024-02-02,3025,3035,3025,3035,275
2024-02-05,3035,3040,3035,3040,30
2024-02-06,3035,3050,3035,3050,1142
2024-02-07,3050,3050,3050,3050,159
2024-02-08,3050,3050,3040,3050,264
2024-02-09,3050,3080,3050,3080,220
2024-02-13,3050,3050,2950,3050,3956
2024-02-14,3050,3050,3000,3050,1454
2024-02-15,3050,3200,3045,3200,1068
2024-02-16,3195,3200,3055,3200,162
2024-02-19,3100,3200,3100,3200,10048
2024-02-20,3200,3200,3100,3195,357
2024-02-21,3195,3195,3060,3190,131
2024-02-22,3050,3195,3050,3195,1242
2024-02-23,3190,3195,3190,3190,610
2024-02-26,3190,3195,3100,3195,701
2024-02-27,3195,3200,3170,3200,563
2024-02-28,3200,3200,3200,3200,186
2024-02-29,3200,3200,3190,3200,151
2024-03-01,3200,3200,3100,3200,1410
2024-03-04,3200,3200,3155,3200,7697
2024-03-05,3200,3210,3200,3210,468
2024-03-06,3210,3300,3205,3300,823
2024-03-07,3400,3400,3220,3220,531
2024-03-08,3220,3300,3200,3300,12152
2024-03-11,3300,3395,3300,3300,411
2024-03-12,3300,3305,3200,3305,3234
2024-03-13,3210,3305,3200,3305,1418
2024-03-14,3370,3370,3370,3370,37
2024-03-15,3380,3500,3380,3500,71
2024-03-18,3760,3760,3760,3760,136
2024-03-19,3740,4000,3500,4000,298
2024-03-20,3890,3950,3740,3890,1032
2024-03-21,3700,3890,3700,3885,1152
2024-03-22,3800,3800,3650,3700,703
2024-03-25,3700,3900,3595,3695,491
2024-03-26,3500,3695,3500,3650,1900
2024-03-27,3650,3875,3460,3875,835
2024-03-28,3875,3880,3875,3875,362
2024-03-29,3870,3895,3800,3895,249
2024-04-02,3875,3875,3800,3800,62
2024-04-03,3800,3895,3750,3885,1048
2024-04-04,3885,3895,3880,3895,122
2024-04-05,3800,3800,3700,3700,351
2024-04-08,3700,3750,3500,3625,525
2024-04-09,3750,3790,3750,3755,1227
2024-04-11,3790,3790,3770,3770,373
2024-04-12,3550,3600,3500,3600,931
2024-04-15,3500,3555,3500,3500,1810
2024-04-16,3500,3550,3420,3500,5004
2024-04-17,3500,3500,3420,3500,752
2024-04-18,3490,3500,3490,3500,130
2024-04-19,3495,3495,3420,3420,600
2024-04-22,3420,3450,3420,3450,122
2024-04-23,3450,3450,3450,3450,408
2024-04-24,3450,3450,3400,3400,74
2024-04-25,3370,3400,3305,3400,352
2024-04-26,3380,3400,3180,3400,795
2024-04-29,3350,3395,3350,3350,162
2024-04-30,3280,3330,3190,3325,150
2024-05-02,3340,3340,3200,3200,3738
2024-05-03,3200,3200,3200,3200,187
2024-05-06,3200,3200,3065,3190,936
2024-05-07,3190,3195,3000,3195,356
2024-05-08,3195,3200,2965,3200,5671
2024-05-10,3190,3190,2970,2970,294
2024-05-13,3190,3190,3000,3190,186
2024-05-14,3000,3190,3000,3015,1029
2024-05-15,3190,3200,3190,3200,101
2024-05-16,3100,3200,3040,3200,131
2024-05-17,3195,3200,3190,3200,2196
2024-05-21,3195,3195,3150,3150,5436
2024-05-22,2955,3200,2915,3180,3184
2024-05-23,3150,3150,2960,3145,177
2024-05-24,3145,3145,3145,3145,2421
2024-05-27,3145,3145,3000,3140,7585
2024-05-28,3140,3140,3100,3140,45
2024-05-29,3140,3145,3025,3140,2979
2024-05-30,3140,3190,3125,3125,12281
2024-05-31,3125,3125,3120,3125,319
2024-06-03,3125,3125,3120,3125,344
2024-06-04,3120,3120,3065,3115,3863
2024-06-05,3125,3125,3040,3065,1713
2024-06-06,3065,3185,3050,3185,5188
2024-06-07,3185,3400,3185,3395,5714
2024-06-10,3145,3600,3145,3600,709
2024-06-11,3500,3595,3500,3585,291
2024-06-12,3585,3585,3350,3350,5513
2024-06-13,3495,3585,3200,3580,12211
2024-06-14,3495,3580,3495,3580,62
2024-06-18,3575,3590,3500,3500,1811
2024-06-19,3580,3580,3500,3500,472
2024-06-20,3600,3745,3320,3745,248
2024-06-21,3740,3740,3725,3725,87
2024-06-24,3450,3725,3450,3725,647
2024-06-25,3525,3725,3500,3700,4066
2024-06-26,3580,3650,3500,3650,2633
2024-06-27,3650,3690,3595,3600,1330
2024-06-28,3600,3725,3600,3725,943
2024-07-01,3670,3725,3550,3600,1558
2024-07-02,3650,3655,3600,3600,796
2024-07-03,3640,3720,3630,3700,189
2024-07-04,3700,3700,3700,3700,144
2024-07-05,3700,3700,3700,3700,556
2024-07-08,3700,3750,3645,3750,4857
2024-07-09,3800,3875,3750,3875,5734
2024-07-10,3750,3875,3750,3875,3261
2024-07-11,3875,3885,3875,3885,770
2024-07-12,3875,3875,3870,3870,29
2024-07-15,3800,3875,3800,3875,341
2024-07-16,3750,3870,3600,3785,1160
2024-07-17,3785,3790,3785,3785,183
2024-07-18,3785,3790,3785,3790,843
2024-07-19,3860,3860,3790,3790,1373
2024-07-22,3800,3800,3800,3800,442
2024-07-23,3790,3805,3785,3800,985
2024-07-24,3800,3860,3800,3860,1197
2024-07-25,3860,3860,3860,3860,177
2024-07-26,3860,3875,3800,3875,1899
2024-07-29,3850,3850,3850,3850,1231
2024-07-30,3850,3885,3850,3885,1263
2024-07-31,3895,3995,3875,3995,1855
2024-08-01,3995,3995,3990,3990,185
2024-08-02,3985,3985,3800,3850,2123
2024-08-05,3890,3930,3800,3930,1104
2024-08-06,3930,3930,3900,3900,165
2024-08-08,3900,3900,3805,3850,1255
2024-08-09,3850,3895,3850,3895,610
2024-08-12,3850,3900,3850,3900,998
2024-08-13,3900,3900,3895,3895,2051
2024-08-14,3850,3900,3850,3860,1571
2024-08-16,3860,3860,3800,3800,767
2024-08-19,3800,3860,3790,3860,1726
2024-08-20,3860,3860,3800,3850,227
2024-08-21,3810,3860,3800,3860,485
2024-08-22,3860,3900,3860,3900,3104
2024-08-23,3900,3900,3860,3860,1620
2024-08-26,3900,3900,3700,3895,3170
2024-08-27,3870,3900,3700,3900,849
2024-08-28,3900,3900,3850,3900,687
2024-08-29,3860,3895,3700,3710,1814
2024-08-30,3750,3900,3700,3900,1212
2024-09-02,3900,3900,3800,3800,3461
2024-09-03,3750,3800,3750,3795,179
2024-09-04,3795,4000,3750,3990,2744
2024-09-05,3795,3990,3795,3985,369
2024-09-06,3795,3980,3795,3980,33
2024-09-09,3980,3980,3800,3900,246
2024-09-10,3900,3990,3900,3990,21026
2024-09-11,3980,3990,3980,3990,539
2024-09-12,3990,3990,3900,3985,103
2024-09-13,3980,3980,3895,3980,2789
2024-09-16,3750,3980,3690,3970,63
2024-09-17,3755,3970,3755,3970,27
2024-09-18,3970,3970,3700,3970,1389
2024-09-19,3900,3980,3900,3975,505
2024-09-20,3965,3965,3700,3960,317
2024-09-23,3960,3960,3705,3960,165
2024-09-24,3950,3950,3705,3940,153
2024-09-26,3700,3920,3700,3900,3079
2024-09-27,3900,3920,3900,3920,167
2024-09-30,3920,3935,3800,3935,131
2024-10-01,3800,3940,3800,3940,949
2024-10-02,3950,3950,3835,3940,975
2024-10-03,3895,3960,3895,3960,18
2024-10-04,3830,3930,3800,3800,4421
2024-10-07,3800,3960,3800,3960,5705
2024-10-08,3985,4255,3985,4255,8210
2024-10-09,4570,4570,4500,4560,2956
2024-10-10,4550,4550,4400,4500,6281
2024-10-11,4495,4495,4450,4490,2026
2024-10-14,4490,4490,4310,4450,1087
2024-10-15,4400,4400,4360,4400,1924
2024-10-16,4365,4400,4325,4400,7595
2024-10-17,4400,4445,4400,4445,186
2024-10-18,4400,4400,4360,4390,1304
2024-10-21,4390,4400,4320,4320,4425
2024-10-22,4320,4450,4320,4450,4340
2024-10-23,4380,4450,4250,4430,1950
2024-10-24,4430,4430,4300,4400,105
2024-10-25,4400,4400,4280,4395,2199
2024-10-28,4395,4395,4300,4385,775
2024-10-29,4385,4490,4385,4450,4542
2024-10-30,4450,4490,4305,4490,406
2024-10-31,4490,4490,4460,4460,490
2024-11-04,4460,4790,4460,4790,2190
2024-11-05,4700,4790,4465,4600,1737
2024-11-06,4595,4595,4305,4305,1290
2024-11-07,4305,4450,4305,4315,2685
2024-11-08,4330,4500,4200,4500,5825
2024-11-11,4355,4495,4355,4450,3196
2024-11-12,4455,4475,4355,4475,1489
2024-11-13,4360,4450,4300,4450,1130
2024-11-14,4450,4450,4200,4200,4024
2024-11-18,4200,4515,4200,4500,14417
2024-11-19,4500,4535,4500,4500,6827
2024-11-20,4540,4690,4465,4580,11634
2024-11-21,4600,4700,4600,4610,571
2024-11-22,4610,4610,4600,4600,1095
2024-11-25,4600,4600,4395,4590,1604
2024-11-26,4500,4550,4400,4500,1312
2024-11-27,4400,4500,4375,4500,1431
2024-11-28,4500,4690,4385,4690,1762
2024-11-29,4650,4680,4600,4640,2325
2024-12-02,4640,4640,4600,4600,27
2024-12-03,4595,4595,4500,4595,4721
2024-12-04,4595,4595,4595,4595,24
2024-12-05,4800,4885,4750,4765,5192
2024-12-06,4765,4765,4650,4695,11714
2024-12-09,4650,4695,4650,4690,703
2024-12-10,4690,4690,4600,4600,1253
2024-12-11,4680,4690,4600,4690,568
2024-12-12,4690,4690,4600,4600,30357
2024-12-13,4685,4690,4595,4690,9187
2024-12-16,4600,4600,4600,4600,21076
2024-12-17,4500,4600,4500,4500,10949
2024-12-18,4600,4735,4600,4735,24662
2024-12-19,4745,4745,4600,4650,8031
2024-12-20,4705,4705,4600,4650,248
2024-12-23,4625,4625,4600,4620,3697
2024-12-24,4620,4620,4620,4620,3
2024-12-26,4620,4620,4555,4615,304
2024-12-27,4610,4610,4555,4600,373
2024-12-30,4600,4600,4550,4555,943
2024-12-31,4555,4610,4510,4610,4453
2025-01-02,4615,4615,4500,4610,144
2025-01-03,4610,4610,4500,4610,353
2025-01-06,4610,4615,4550,4600,326
2025-01-07,4600,4600,4510,4555,1568
2025-01-08,4600,4600,4520,4520,6716
2025-01-09,4520,4600,4520,4595,213
2025-01-10,4600,4600,4520,4595,547
2025-01-13,4520,4595,4415,4415,287
2025-01-14,4420,4420,4380,4410,7038
2025-01-15,4380,4450,4380,4450,809
2025-01-16,4400,4420,4400,4420,1303
2025-01-17,4390,4505,4385,4500,3812
2025-01-20,4500,4500,4420,4500,440
2025-01-21,4500,4500,4410,4490,14168
2025-01-22,4410,4500,4400,4400,1234
2025-01-23,4400,4490,4400,4490,218
2025-01-24,4490,4490,4400,4490,1942
2025-01-27,4485,4490,4400,4490,178
2025-01-28,4410,4500,4410,4490,6732
2025-01-29,4490,4490,4490,4490,3251
2025-01-30,4495,4500,4490,4490,6439
2025-01-31,4485,4490,4405,4490,4341
2025-02-03,4490,4500,4375,4375,1419
2025-02-04,4490,4490,4405,4480,703
2025-02-05,4480,4700,4420,4700,3456
2025-02-06,4700,4700,4600,4700,488
2025-02-07,4700,4750,4650,4700,4811
2025-02-10,4750,4750,4700,4700,332
2025-02-11,4700,4700,4650,4700,423
2025-02-12,4700,4700,4500,4700,13457
2025-02-13,4700,4700,4350,4700,8084
2025-02-14,4740,4740,4700,4700,4392
2025-02-17,4710,4740,4700,4700,2852
2025-02-18,4700,4750,4700,4710,9515
2025-02-19,4710,4710,4705,4710,1128
2025-02-20,4710,4750,4705,4750,1366
2025-02-21,4750,4925,4700,4925,5206
2025-02-24,4925,4925,4810,4925,226
2025-02-25,4925,4990,4900,4925,1649
2025-02-26,4950,4950,4750,4925,19184
2025-02-27,4900,4925,4840,4900,758
2025-02-28,4900,4900,4885,4900,662
2025-03-03,4900,4995,4830,4830,2782
2025-03-04,4830,4990,4830,4950,140
2025-03-05,4950,4995,4915,4995,742
2025-03-06,4990,4990,4970,4990,1518
2025-03-07,4995,5000,4925,5000,3279
2025-03-10,5000,5295,4700,5295,8069
2025-03-11,5280,5280,4900,5280,14588
2025-03-12,5275,5280,5275,5280,402
2025-03-13,5290,5290,4905,5000,4628
2025-03-14,5225,5225,5200,5200,798
2025-03-17,5200,5225,5200,5200,743
2025-03-18,5200,5275,5200,5275,1442
2025-03-19,5205,5275,5205,5245,1375
2025-03-20,5295,5400,5295,5400,2051
2025-03-21,5410,5495,5245,5440,16674
2025-03-24,5460,5460,5350,5400,3837
2025-03-25,5450,5450,5440,5445,2173
2025-03-26,5400,5495,5400,5495,4807
2025-03-28,5500,5500,5300,5500,22046
2025-04-01,5200,5500,5200,5390,443
2025-04-02,5400,5450,5390,5400,2166
2025-04-03,5400,5550,5040,5550,9739
2025-04-04,5550,5790,5550,5700,4241
2025-04-07,5450,5550,5275,5445,6960
2025-04-08,5440,5440,5050,5245,1311
2025-04-09,4855,5000,4855,4980,5350
2025-04-10,4805,5150,4805,5050,1910
2025-04-11,5060,5150,5060,5150,860
2025-04-14,5160,5245,5160,5245,2191
2025-04-15,5245,5330,5235,5240,1405
2025-04-16,5240,5300,5240,5300,562
2025-04-17,5330,5330,5200,5330,3338
2025-04-18,5330,5330,5330,5330,276
2025-04-22,5490,5520,5400,5520,6999
2025-04-23,5520,5520,5495,5495,7555
2025-04-24,5490,5600,5400,5500,2913
2025-04-25,5910,5910,5910,5910,15091
2025-04-28,6350,6350,6000,6045,23312
2025-04-29,6145,6200,5995,5995,9874
2025-04-30,5995,6000,5900,5945,8209
2025-05-02,6145,6150,6050,6100,9986
2025-05-05,6100,6175,6065,6095,3425
2025-05-06,6095,6300,6095,6300,7254
2025-05-07,6300,6345,6230,6345,3006
2025-05-08,6345,6350,6300,6345,3841
2025-05-09,6350,6400,6300,6400,30949
2025-05-12,6450,6795,6450,6605,1782
2025-05-13,6660,6790,6605,6790,2203
2025-05-14,6645,6770,6610,6750,1803
2025-05-15,6740,6785,6735,6745,6188
2025-05-16,6745,6850,6745,6850,6593
2025-05-19,6850,6995,6850,6985,1149
2025-05-20,6880,6990,6880,6985,4054
2025-05-21,6985,7200,6900,6905,4786
2025-05-22,6905,6990,6905,6990,5559
2025-05-23,7100,7100,6900,6900,9317
2025-05-26,7400,7400,6385,7005,6613
2025-05-27,7150,7280,7150,7250,8805
2025-05-28,7200,7300,7060,7150,4057
2025-05-30,7200,7250,7195,7200,4623
2025-06-02,7200,7200,7155,7180,818
2025-06-03,7180,7285,7180,7200,4074
2025-06-04,7200,7200,7065,7200,14515
2025-06-05,7100,7205,7100,7200,3693
2025-06-10,7070,7200,7070,7190,3802
2025-06-11,7200,7265,7200,7215,1708
2025-06-12,7250,7300,7250,7270,680
2025-06-13,7280,7650,7280,7600,8715
2025-06-16,7600,7900,7500,7605,2687
2025-06-17,7610,7900,7610,7740,2598
2025-06-18,7750,7985,7750,7985,407
2025-06-19,8500,8580,8400,8500,6331
2025-06-20,8450,8450,8000,8390,2245
2025-06-23,8500,8500,8100,8450,2281
2025-06-24,8445,8450,8180,8450,2093
2025-06-25,8440,8440,8200,8250,2368
2025-06-26,8100,8230,7905,8195,4333
2025-06-27,8195,8250,8000,8250,2940
2025-06-30,8255,8255,8100,8100,6920
2025-07-01,8000,8200,8000,8150,3075
2025-07-02,8195,8250,8195,8200,3405
2025-07-03,8200,8200,8090,8100,2497
2025-07-04,8000,8100,8000,8090,10224
2025-07-07,8100,8100,7800,7950,18387
2025-07-08,7900,7945,7500,7840,12539
2025-07-09,7840,7840,7660,7665,3342
2025-07-10,7640,7665,7540,7640,5384
2025-07-11,7490,7645,7000,7155,14082
2025-07-14,7155,7485,7100,7400,5846
2025-07-15,7160,7350,7160,7175,3154
2025-07-16,7175,7345,7080,7100,13699
2025-07-17,7100,7150,7090,7090,1916
2025-07-18,7050,7350,7005,7300,7420
2025-07-21,7290,7400,7250,7300,3625
2025-07-22,7300,7400,7205,7250,11616
2025-07-23,7250,7250,7100,7200,8605
2025-07-24,7200,7290,7120,7290,3148
2025-07-25,7290,7290,7205,7210,429
2025-07-28,7250,7340,7250,7340,2315
2025-07-29,7400,7400,7340,7345,478
2025-07-30,7340,7400,7325,7400,538
2025-07-31,7400,7600,7400,7600,1937
2025-08-01,7600,7600,7500,7550,974
2025-08-04,7545,7600,7450,7550,4174
2025-08-05,7560,7750,7500,7500,15446
2025-08-06,7510,7600,7510,7600,784
2025-08-08,7600,7750,7600,7750,1899
2025-08-11,7750,7750,7500,7500,15338
2025-08-12,7500,7750,7220,7700,14299
2025-08-13,7640,7750,7515,7750,3260
2025-08-14,7740,7745,7695,7745,417
2025-08-18,7745,7745,7470,7500,10317
2025-08-19,7500,7540,7450,7500,6805
2025-08-20,7540,7540,7495,7495,5542
2025-08-21,7500,7500,7460,7495,7265
2025-08-22,7495,7530,7495,7530,3509
2025-08-25,7530,7540,7450,7490,2898
2025-08-26,7485,7500,7485,7500,13018
2025-08-27,7500,7600,7500,7530,852
2025-08-28,7530,7750,7530,7745,4512
2025-08-29,7745,7890,7515,7690,3733
2025-09-01,7690,7690,7500,7500,9561
2025-09-02,7650,7650,7500,7500,5719
2025-09-03,7500,7650,7485,7495,5538
2025-09-05,7495,7600,7495,7500,1960
2025-09-08,7650,7840,7500,7840,12252
2025-09-09,7840,7900,7840,7850,1225
2025-09-10,7900,7900,7550,7900,81332
2025-09-11,7900,7900,7655,7795,753
2025-09-12,7795,7800,7560,7800,12383
2025-09-15,7850,7850,7810,7810,75
2025-09-16,7845,7850,7710,7840,2100
2025-09-17,7800,7850,7600,7600,55106
2025-09-18,7615,7750,7615,7750,712
2025-09-19,7700,7750,7660,7700,3048
2025-09-22,7700,7900,7695,7895,2540
2025-09-23,7895,7895,7800,7800,1036
2025-09-24,7800,7895,7755,7895,2287
2025-09-25,7895,8450,7800,8445,41367
2025-09-26,8735,8985,8500,8600,3508
2025-09-29,8700,8750,8500,8590,8889
2025-09-30,8590,8660,8475,8505,10972
2025-10-01,8500,8600,8495,8495,1360
2025-10-02,8520,8520,8500,8500,1106
2025-10-03,8500,8500,8400,8400,2411
2025-10-06,8995,9000,8910,8980,17957
2025-10-07,9000,9000,8800,8900,6918
2025-10-08,9000,9000,8855,8855,2177
2025-10-09,8890,8890,8850,8850,2013
2025-10-10,8850,8850,8750,8850,1779
2025-10-13,8850,8850,8605,8710,2110
2025-10-14,8785,8860,8715,8860,4401
2025-10-15,8885,8890,8710,8710,6999
2025-10-16,8720,8890,8720,8890,430
2025-10-17,8720,8895,8710,8750,3613
2025-10-20,8795,8800,8600,8705,1479
2025-10-21,8705,8770,8350,8695,5815
2025-10-22,8695,8700,8500,8500,2481
2025-10-23,8500,8690,8425,8690,2881
2025-10-24,8700,8700,8600,8695,4020
2025-10-27,8695,8700,8600,8700,2618
2025-10-28,8680,8700,8600,8670,3427
2025-10-29,8670,8850,8100,8225,9979
2025-10-30,8385,8385,7910,7910,11601
2025-10-31,7320,7845,7320,7840,25599
2025-11-03,7840,7840,7350,7505,10067
2025-11-04,7500,7500,7160,7400,17776
2025-11-05,7400,7400,7300,7350,15717
2025-11-06,7400,7500,7360,7500,4741
2025-11-07,7890,7890,7505,7890,3749
2025-11-10,8000,8025,7900,8000,2187
2025-11-11,7990,8000,7975,7975,1042
2025-11-12,7970,7970,7820,7820,2013
2025-11-13,7950,8130,7805,7860,15043
2025-11-14,7860,7860,7700,7860,758
2025-11-17,7860,7950,7750,7750,618
2025-11-18,7750,7800,7750,7800,303
2025-11-19,7805,7990,7805,7850,541
2025-11-20,7850,8050,7850,8000,5287
2025-11-21,8000,8000,7840,7990,1498
2025-11-24,7990,7990,7850,7950,765
2025-11-25,7950,7990,7925,7970,1125
2025-11-26,7970,7980,7900,7900,3366
2025-11-27,7975,7975,7860,7910,1427
2025-11-28,7910,7985,7900,7975,1044
2025-12-01,7970,7970,7915,7950,1426
2025-12-02,7940,7940,7920,7940,764
2025-12-03,7940,7940,7910,7935,1162
2025-12-04,7905,7930,7700,7860,2957
2025-12-05,7900,7900,7730,7730,2750
2025-12-08,7850,7890,7760,7850,1193
2025-12-09,7800,7850,7770,7800,5137
2025-12-10,7800,7845,7780,7845,1971
2025-12-11,7845,7850,7840,7850,3417
2025-12-12,7850,7850,7840,7845,2717
2025-12-15,7845,7845,7805,7845,1251
2025-12-16,7840,7845,7800,7800,3282
2025-12-17,7800,7840,7795,7795,1350
2025-12-18,7750,7790,7700,7750,3023
2025-12-19,7760,7835,7760,7795,1467
2025-12-22,7790,7800,7700,7740,1246
2025-12-23,7750,7795,7670,7785,2840
2025-12-24,7840,7840,7785,7820,6459
2025-12-26,7820,7820,7740,7790,1078
2025-12-29,7785,7785,7500,7745,2536
2025-12-30,7740,7745,7650,7675,1898
2025-12-31,7660,7900,7645,7900,8949
2026-01-02,7505,7825,7505,7795,290
2026-01-05,7795,7795,7520,7555,439
2026-01-06,7700,7800,7550,7800,1239
2026-01-07,7790,7795,7550,7750,2611
2026-01-08,7780,7790,7750,7790,755
2026-01-09,7770,7800,7550,7785,1177
2026-01-12,7785,7785,7555,7710,1106
2026-01-13,7600,7710,7600,7645,874
2026-01-14,7645,7700,7600,7600,3053
2026-01-15,7610,7695,7585,7690,2642
2026-01-16,7695,7695,7650,7695,675
2026-01-19,7695,7970,7690,7890,3638
2026-01-20,7900,7900,7700,7850,1229
2026-01-21,7850,7890,7690,7690,4540
2026-01-22,7695,7800,7695,7800,364
2026-01-23,7800,7800,7780,7800,1642
2026-01-26,7800,7890,7800,7850,2083
2026-01-27,7850,7950,7850,7900,4097
2026-01-28,7855,7900,7850,7890,1219
2026-01-29,7890,7950,7880,7950,2196
2026-01-30,7950,7980,7940,7960,669
2026-02-02,7960,7960,7950,7950,1717
2026-02-03,7950,8100,7910,8100,3162
2026-02-04,8100,8300,8000,8285,3459
2026-02-05,8285,8300,8285,8300,1362
2026-02-06,8350,8350,7940,7940,5133
2026-02-09,7940,7940,7850,7935,6529
2026-02-10,7935,8245,7930,8220,12394
2026-02-11,8215,8300,8100,8250,1312
2026-02-12,8250,8300,8250,8295,3914
2026-02-13,8300,8300,8260,8300,1066
2026-02-16,8300,8300,8250,8300,1270
2026-02-17,8345,8465,8255,8465,1924
2026-02-18,8340,8465,8340,8465,576
2026-02-19,8495,8550,8395,8395,9279
2026-02-20,8400,8400,8265,8300,1945
2026-02-23,8300,8500,8300,8500,7022
2026-02-24,8495,8565,8465,8490,3795
2026-02-25,8565,8600,8500,8595,3233
2026-02-26,8595,8690,8595,8680,1412
2026-02-27,8670,8725,8670,8725,3223
2026-03-02,8750,8850,8730,8850,4657
2026-03-03,8900,8950,8850,8905,6332
2026-03-04,8900,8905,8700,8890,2418
2026-03-05,8700,8800,8680,8710,2654
2026-03-06,8715,8800,8710,8750,1967
2026-03-09,8750,8750,8675,8740,2219
2026-03-10,8735,8810,8700,8810,2731
2026-03-11,8900,8900,8810,8810,2567
2026-03-12,8810,9000,8700,9000,4734
2026-03-13,8900,9000,8900,8985,1370
2026-03-17,8980,8985,8755,8900,2017
2026-03-18,8900,8930,8755,8880,489
2026-03-19,8800,8800,8700,8700,10291
2026-03-23,8700,8700,8100,8500,5921
2026-03-24,8400,8400,7935,7990,3480
2026-03-25,7990,8000,7690,7700,2977
2026-03-26,7710,7990,7710,7970,2497
2026-03-27,7970,8200,7970,8200,1869
2026-03-30,7980,8000,7805,7900,4999
2026-03-31,7930,8050,7900,8010,5008
2026-04-01,7980,7980,7800,7800,4775
2026-04-02,7690,7795,7670,7690,3566
2026-04-03,7600,7780,7600,7710,1544
2026-04-07,7710,7800,7700,7800,2699
2026-04-08,7720,7800,7700,7800,2260
2026-04-09,7810,7950,7810,7950,2201
2026-04-10,7940,7990,7940,7970,386
2026-04-13,7995,7995,7900,7900,1033
2026-04-14,7935,7940,7850,7850,1110
2026-04-15,7890,7920,7890,7920,1635
2026-04-16,7920,7920,7920,7920,1212
2026-04-17,7920,7920,7850,7870,295
2026-04-20,7870,7870,7700,7700,4754
2026-04-21,7700,7700,7400,7680,51080
2026-04-22,7700,7700,7685,7700,2505
2026-04-23,7400,7650,7400,7650,29325
2026-04-24,7650,7700,7400,7700,1212
2026-04-27,7700,7995,7650,7650,1967
2026-04-28,7650,7800,7450,7700,1485
2026-04-29,7700,7700,7675,7675,770
2026-04-30,7100,7100,7100,7100,6510
2026-05-04,7000,7200,6645,7200,3253
2026-05-05,7100,7600,7075,7600,5813
2026-05-06,7500,7580,7205,7500,857
2026-05-07,7500,7500,7000,7400,5728
2026-05-08,7400,7400,7315,7390,1124
2026-05-11,7390,7395,7000,7395,5804
2026-05-12,7100,7400,7100,7400,2237
2026-05-13,7395,7450,7390,7450,646
2026-05-15,7490,7490,7465,7485,1111
2026-05-18,7485,7500,7390,7390,5136
2026-05-19,7110,7500,7110,7450,1833
2026-05-20,7400,7475,7000,7200,35633
2026-05-21,7675,7675,7200,7600,4945
2026-05-22,7500,7500,7030,7390,4296
2026-05-26,7395,7445,7395,7395,608
2026-05-28,7395,7440,7360,7380,2170
2026-05-29,7390,7395,7300,7300,5438
2026-06-01,7385,7495,7330,7490,3273
2026-06-02,7500,7995,7500,7990,6384
2026-06-03,8000,8400,8000,8285,2648
2026-06-04,8055,8550,8055,8550,9370
2026-06-05,8500,8500,8200,8305,2076
2026-06-08,8300,8445,8000,8300,9017
2026-06-09,8300,8550,8200,8490,12539
2026-06-10,8300,8490,8005,8450,4435
2026-06-11,8450,8600,8015,8525,7348
2026-06-12,8450,8500,8105,8495,1551
2026-06-15,8495,8495,8200,8485,3173
2026-06-16,8115,8400,8115,8395,2132
2026-06-17,8300,8300,8200,8280,4138
2026-06-18,8270,8300,8000,8300,7866
2026-06-19,8280,8280,8000,8010,3930
2026-06-22,8020,8295,8000,8295,3006
2026-06-23,8295,8295,8175,8275,708
2026-06-24,8275,8285,8260,8280,879
2026-06-25,8285,8350,8185,8335,3941
2026-06-26,8335,8525,8335,8400,2729
2026-06-29,8400,8400,8280,8400,2607
2026-06-30,8400,8400,8300,8395,554
2026-07-01,8395,8400,8395,8395,627
2026-07-02,8400,8450,8300,8450,1109
2026-07-03,8440,8450,8300,8450,2238
2026-07-06,8450,8700,8350,8600,2947
2026-07-07,8550,8550,8300,8495,3718
2026-07-08,8495,8500,8390,8390,1233
2026-07-09,8390,8600,8200,8600,6283
2026-07-10,8565,8565,8200,8360,2769
2026-07-13,8360,8360,8195,8195,1388
2026-07-14,8200,8200,8000,8200,3965
2026-07-15,8100,8200,8000,8200,1889
2026-07-16,8010,8150,8000,8000,2876
2026-07-17,8000,8100,8000,8010,870
2026-07-20,8010,8010,7905,8000,6117
2026-07-21,8020,8200,8020,8150,301
2026-07-22,8150,8200,7910,8200,2650
2026-07-23,8200,8400,8200,8300,1032
2026-07-24,8400,8400,8200,8220,1938
2026-07-27,8400,8500,8100,8100,15144
2026-07-28,8300,8380,8200,8380,3170
2026-07-29,8400,8400,8100,8300,3309
2026-07-30,8300,8400,8100,8100,2563
2026-07-31,8400,8400,8100,8305,4773
2026-08-03,8400,8400,8330,8400,2652
2026-08-04,8400,8400,8370,8400,1468
2026-08-05,7405,8280,7405,8100,1331
2026-08-06,8060,8100,8060,8100,771
2026-08-10,8050,8050,7875,7875,3659
2026-08-11,7900,8000,7895,7915,1420
2026-08-12,7800,7915,7800,7860,1313
2026-08-13,7895,7895,7300,7315,160654
2026-08-14,7800,7860,7800,7850,697
2026-08-17,7895,7900,7825,7850,5554
2026-08-18,7900,8000,7860,7900,2275
2026-08-19,7995,8300,7995,8290,2823
2026-08-20,8290,8290,8000,8195,4416
2026-08-21,8195,8195,8000,8175,1938
2026-08-24,8200,8290,8190,8250,2807
2026-08-26,8250,8250,8200,8200,1691
2026-08-27,8200,8290,8200,8200,2797
2026-08-28,8205,8280,8200,8200,3412
2026-08-31,8200,8260,8180,8250,3037
2026-09-01,8260,8350,8200,8300,4814
2026-09-02,8390,8500,8350,8490,8045
2026-09-03,8500,8995,8500,8875,4133
2026-09-04,8875,9000,8800,8800,12015
2026-09-07,8140,8140,8140,8140,4970
2026-09-08,7550,7875,7550,7700,8944
2026-09-09,7700,8135,7700,7800,3205
2026-09-10,7800,8140,7800,8005,2791
2026-09-11,8100,8150,8005,8100,1362
2026-09-14,8100,8100,7965,8100,6640
2026-09-15,8100,8150,7960,8140,1470
2026-09-16,8105,8185,7970,8120,861
2026-09-17,8130,8140,7970,8000,1321
2026-09-18,8000,8000,7800,7855,1309
2026-09-21,7850,7950,7400,7895,1584
2026-09-22,7895,7900,7740,7800,911
2026-09-23,7600,7800,7250,7300,2432
2026-09-24,7310,7745,7310,7745,512
2026-09-25,7745,7900,7505,7900,1167
