Date,Open,High,Low,Close,Volume
1999-06-16,100.4,100.4,100.4,100.4,0
1999-06-18,100.04,100.04,100.04,100.04,0
1999-06-21,100.04,100.04,100.04,100.04,0
1999-06-23,98.67,98.67,98.67,98.67,0
1999-06-25,97.03,97.03,97.03,97.03,0
1999-06-28,97.03,97.03,97.03,97.03,0
1999-06-30,95.69,95.69,95.69,95.69,0
1999-07-02,95.69,95.69,95.69,95.69,0
1999-07-05,95.69,95.69,95.69,95.69,0
1999-07-07,95.7,95.7,95.7,95.7,0
1999-07-09,96.23,96.23,96.23,96.23,0
1999-07-12,95.86,95.86,95.86,95.86,0
1999-07-14,93.66,93.66,93.66,93.66,0
1999-07-16,91.14,91.14,91.14,91.14,0
1999-07-19,91.13,91.13,91.13,91.13,0
1999-07-21,91.13,91.13,91.13,91.13,0
1999-07-23,90.49,90.49,90.49,90.49,0
1999-07-26,90.51,90.51,90.51,90.51,0
1999-07-28,90.49,90.49,90.49,90.49,0
1999-07-30,89.69,89.69,89.69,89.69,0
1999-08-02,87.91,87.91,87.91,87.91,0
1999-08-04,87.49,87.49,87.49,87.49,0
1999-08-06,87.49,87.49,87.49,87.49,0
1999-08-09,87.49,87.49,87.49,87.49,0
1999-08-11,87.49,87.49,87.49,87.49,0
1999-08-13,86.92,86.92,86.92,86.92,0
1999-08-16,86.6,86.6,86.6,86.6,0
1999-08-18,86.59,86.59,86.59,86.59,0
1999-08-20,86.6,86.6,86.6,86.6,0
1999-08-23,86.6,86.6,86.6,86.6,0
1999-08-25,88.6,88.6,88.6,88.6,0
1999-08-27,88.6,88.6,88.6,88.6,0
1999-08-30,86.28,86.28,86.28,86.28,0
1999-09-01,86.52,86.52,86.52,86.52,0
1999-09-03,86.46,86.46,86.46,86.46,0
1999-09-06,85.75,85.75,85.75,85.75,0
1999-09-08,85.73,85.73,85.73,85.73,0
1999-09-10,85.67,85.67,85.67,85.67,0
1999-09-13,84.57,84.57,84.57,84.57,0
1999-09-15,84.95,84.95,84.95,84.95,0
1999-09-17,85.01,85.01,85.01,85.01,0
1999-09-20,85.01,85.01,85.01,85.01,0
1999-09-22,85.01,85.01,85.01,85.01,0
1999-09-24,85.01,85.01,85.01,85.01,0
1999-09-27,84.25,84.25,84.25,84.25,0
1999-09-29,84.17,84.17,84.17,84.17,0
1999-10-01,84.15,84.15,84.15,84.15,0
1999-10-06,84.15,84.15,84.15,84.15,0
1999-10-08,84.15,84.15,84.15,84.15,0
1999-10-11,84.11,84.11,84.11,84.11,0
1999-10-13,84.95,84.95,84.95,84.95,0
1999-10-15,84.88,84.88,84.88,84.88,0
1999-10-18,84.88,84.88,84.88,84.88,0
1999-10-20,85.28,85.28,85.28,85.28,0
1999-10-22,85.32,85.32,85.32,85.32,0
1999-10-25,86.39,86.39,86.39,86.39,0
1999-10-27,86.46,86.46,86.46,86.46,0
1999-10-29,86.43,86.43,86.43,86.43,0
1999-11-03,85.69,85.69,85.69,85.69,0
1999-11-05,85.59,85.59,85.59,85.59,0
1999-11-08,85.79,85.79,85.79,85.79,0
1999-11-10,85.79,85.79,85.79,85.79,0
1999-11-12,85.65,85.65,85.65,85.65,0
1999-11-17,85.86,85.86,85.86,85.86,0
1999-11-19,85.61,85.61,85.61,85.61,0
1999-11-22,85.62,85.62,85.62,85.62,0
1999-11-24,85.46,85.46,85.46,85.46,0
1999-11-26,85.74,85.74,85.74,85.74,0
1999-11-29,85.74,85.74,85.74,85.74,0
1999-12-01,85.78,85.78,85.78,85.78,0
1999-12-03,86.1,86.1,86.1,86.1,0
1999-12-06,85.94,85.94,85.94,85.94,0
1999-12-08,86.32,86.32,86.32,86.32,0
1999-12-10,86.33,86.33,86.33,86.33,0
1999-12-13,86.82,86.82,86.82,86.82,0
1999-12-15,86.82,86.82,86.82,86.82,0
1999-12-17,85.45,85.45,85.45,85.45,0
1999-12-20,85.45,85.45,85.45,85.45,0
1999-12-22,85.84,85.84,85.84,85.84,0
1999-12-27,85.8,85.8,85.8,85.8,0
1999-12-29,85.8,85.8,85.8,85.8,0
1999-12-31,85.8,85.8,85.8,85.8,0
2000-01-05,85.82,85.82,85.82,85.82,0
2000-01-07,87.1,87.1,87.1,87.1,0
2000-01-10,87.27,87.27,87.27,87.27,0
2000-01-12,86.95,86.95,86.95,86.95,0
2000-01-14,86.95,86.95,86.95,86.95,0
2000-01-17,86.95,86.95,86.95,86.95,0
2000-01-19,86.95,86.95,86.95,86.95,0
2000-01-21,86.95,86.95,86.95,86.95,0
2000-01-24,86.95,86.95,86.95,86.95,0
2000-01-26,86.97,86.97,86.97,86.97,0
2000-01-28,86.97,86.97,86.97,86.97,0
2000-01-31,86.97,86.97,86.97,86.97,0
2000-02-02,86.97,86.97,86.97,86.97,0
2000-02-04,86.97,86.97,86.97,86.97,0
2000-02-07,86.97,86.97,86.97,86.97,0
2000-02-09,86.95,86.95,86.95,86.95,0
2000-02-11,86.95,86.95,86.95,86.95,0
2000-02-14,86.95,86.95,86.95,86.95,0
2000-02-16,87.89,87.89,87.89,87.89,0
2000-02-18,87.89,87.89,87.89,87.89,0
2000-02-21,86.75,86.75,86.75,86.75,0
2000-02-23,86.75,86.75,86.75,86.75,0
2000-02-25,86.75,86.75,86.75,86.75,0
2000-02-28,86.79,86.79,86.79,86.79,0
2000-03-01,86.43,86.43,86.43,86.43,0
2000-03-03,86.69,86.69,86.69,86.69,0
2000-03-06,86.65,86.65,86.65,86.65,0
2000-03-08,86.65,86.65,86.65,86.65,0
2000-03-10,86.65,86.65,86.65,86.65,0
2000-03-13,86.65,86.65,86.65,86.65,0
2000-03-15,86.69,86.69,86.69,86.69,0
2000-03-17,86.69,86.69,86.69,86.69,0
2000-03-20,86.65,86.65,86.65,86.65,0
2000-03-22,86.61,86.61,86.61,86.61,0
2000-03-24,86.61,86.61,86.61,86.61,0
2000-03-27,86.61,86.61,86.61,86.61,0
2000-03-29,86.23,86.23,86.23,86.23,0
2000-03-31,86.61,86.61,86.61,86.61,0
2000-04-03,86.04,86.04,86.04,86.04,0
2000-04-05,86.04,86.04,86.04,86.04,0
2000-04-07,86.04,86.04,86.04,86.04,0
2000-04-10,85.66,85.66,85.66,85.66,0
2000-04-12,84.97,84.97,84.97,84.97,0
2000-04-14,83.72,83.72,83.72,83.72,0
2000-04-17,83.65,83.65,83.65,83.65,0
2000-04-19,83.64,83.64,83.64,83.64,0
2000-04-21,83.46,83.46,83.46,83.46,0
2000-04-26,83,83,83,83,0
2000-04-28,82.99,82.99,82.99,82.99,0
2000-05-03,83.09,83.09,83.09,83.09,0
2000-05-05,83.09,83.09,83.09,83.09,0
2000-05-08,83.09,83.09,83.09,83.09,0
2000-05-10,83.09,83.09,83.09,83.09,0
2000-05-12,82.95,82.95,82.95,82.95,0
2000-05-15,82.95,82.95,82.95,82.95,0
2000-05-17,82.95,82.95,82.95,82.95,0
2000-05-19,82.95,82.95,82.95,82.95,0
2000-05-22,82.95,82.95,82.95,82.95,0
2000-05-24,82.95,82.95,82.95,82.95,0
2000-05-26,82.95,82.95,82.95,82.95,0
2000-05-29,82.95,82.95,82.95,82.95,0
2000-05-31,82.95,82.95,82.95,82.95,0
2000-06-02,82.95,82.95,82.95,82.95,0
2000-06-05,82.95,82.95,82.95,82.95,0
2000-06-07,82.95,82.95,82.95,82.95,0
2000-06-09,83.29,83.29,83.29,83.29,0
2000-06-16,83.29,83.29,83.29,83.29,0
2000-06-19,83.3,83.3,83.3,83.3,0
2000-06-21,83,83,83,83,0
2000-06-23,82.65,82.65,82.65,82.65,0
2000-06-26,82.65,82.65,82.65,82.65,0
2000-06-28,82.65,82.65,82.65,82.65,0
2000-06-30,82.65,82.65,82.65,82.65,0
2000-07-03,82.65,82.65,82.65,82.65,0
2000-07-07,82.65,82.65,82.65,82.65,0
2000-07-10,82.65,82.65,82.65,82.65,0
2000-07-12,82.72,82.72,82.72,82.72,0
2000-07-14,82.72,82.72,82.72,82.72,0
2000-07-17,81.76,81.76,81.76,81.76,0
2000-07-19,81.76,81.76,81.76,81.76,0
2000-07-21,81.42,81.42,81.42,81.42,0
2000-07-26,81.42,81.42,81.42,81.42,0
2000-07-31,81.62,81.62,81.62,81.62,0
2000-08-04,80.98,80.98,80.98,80.98,0
2000-08-09,80.7,80.7,80.7,80.7,0
2000-08-11,80.69,80.69,80.69,80.69,0
2000-08-14,80.69,80.69,80.69,80.69,0
2000-08-16,80.63,80.63,80.63,80.63,0
2000-08-18,80.7,80.7,80.7,80.7,0
2000-08-21,80.7,80.7,80.7,80.7,0
2000-08-28,80.57,80.57,80.57,80.57,0
2000-08-30,80.57,80.57,80.57,80.57,0
2000-09-01,80.57,80.57,80.57,80.57,0
2000-09-04,80.57,80.57,80.57,80.57,0
2000-09-06,80.57,80.57,80.57,80.57,0
2000-09-08,80.57,80.57,80.57,80.57,0
2000-09-11,80.57,80.57,80.57,80.57,0
2000-09-13,80.57,80.57,80.57,80.57,0
2000-09-15,80.57,80.57,80.57,80.57,0
2000-09-20,79.21,79.21,79.21,79.21,0
2000-09-22,79.7,79.7,79.7,79.7,0
2000-09-27,79.7,79.7,79.7,79.7,0
2000-09-29,79.7,79.7,79.7,79.7,0
2000-10-02,79.7,79.7,79.7,79.7,0
2000-10-09,79.7,79.7,79.7,79.7,0
2000-10-11,79.71,79.71,79.71,79.71,0
2000-10-13,79.71,79.71,79.71,79.71,0
2000-10-16,79.36,79.36,79.36,79.36,0
2000-10-18,79.36,79.36,79.36,79.36,0
2000-10-20,79.86,79.86,79.86,79.86,0
2000-10-27,79.68,79.68,79.68,79.68,0
2000-10-30,79.52,79.52,79.52,79.52,0
2000-11-02,79.52,79.52,79.52,79.52,0
2000-11-03,79.52,79.52,79.52,79.52,0
2000-11-06,79.52,79.52,79.52,79.52,0
2000-11-08,79.53,79.53,79.53,79.53,0
2000-11-10,79.53,79.53,79.53,79.53,0
2000-11-13,79.53,79.53,79.53,79.53,0
2000-11-16,79.21,79.21,79.21,79.21,0
2000-11-17,79.21,79.21,79.21,79.21,0
2000-11-20,79.21,79.21,79.21,79.21,0
2000-11-22,79.21,79.21,79.21,79.21,0
2000-11-24,79.21,79.21,79.21,79.21,0
2000-11-27,79.21,79.21,79.21,79.21,0
2000-11-29,79.21,79.21,79.21,79.21,0
2000-12-01,79.21,79.21,79.21,79.21,0
2000-12-04,79.21,79.21,79.21,79.21,0
2000-12-06,79.34,79.34,79.34,79.34,0
2000-12-08,79.31,79.31,79.31,79.31,0
2000-12-11,79.31,79.31,79.31,79.31,0
2000-12-13,79.31,79.31,79.31,79.31,0
2000-12-15,79.24,79.24,79.24,79.24,0
2000-12-18,78.75,78.75,78.75,78.75,0
2000-12-20,78.5,78.5,78.5,78.5,0
2000-12-22,78.46,78.46,78.46,78.46,0
2000-12-26,78.46,78.46,78.46,78.46,0
2000-12-28,78.46,78.46,78.46,78.46,0
2000-12-29,78.46,78.46,78.46,78.46,0
2001-01-02,78.46,78.46,78.46,78.46,0
2001-01-03,77.99,77.99,77.99,77.99,0
2001-01-05,77.99,77.99,77.99,77.99,0
2001-01-08,77.99,77.99,77.99,77.99,0
2001-01-10,77.99,77.99,77.99,77.99,0
2001-01-12,77.99,77.99,77.99,77.99,0
2001-01-15,77.99,77.99,77.99,77.99,0
2001-01-17,77.99,77.99,77.99,77.99,0
2001-01-19,77.47,77.47,77.47,77.47,0
2001-01-22,77.47,77.47,77.47,77.47,0
2001-01-24,77.12,77.12,77.12,77.12,0
2001-01-26,77.11,77.11,77.11,77.11,0
2001-01-29,77.11,77.11,77.11,77.11,0
2001-01-31,77.08,77.08,77.08,77.08,0
2001-02-02,77.08,77.08,77.08,77.08,0
2001-02-05,77.08,77.08,77.08,77.08,0
2001-02-07,77.01,77.01,77.01,77.01,0
2001-02-09,77.01,77.01,77.01,77.01,0
2001-02-12,75.3,75.3,75.3,75.3,0
2001-02-14,75.26,75.26,75.26,75.26,0
2001-02-16,76.14,76.14,76.14,76.14,0
2001-02-19,76.14,76.14,76.14,76.14,0
2001-02-21,76.14,76.14,76.14,76.14,0
2001-02-23,76.14,76.14,76.14,76.14,0
2001-02-26,76.14,76.14,76.14,76.14,0
2001-02-28,75.92,75.92,75.92,75.92,0
2001-03-02,75.92,75.92,75.92,75.92,0
2001-03-06,75.92,75.92,75.92,75.92,0
2001-03-07,76.76,76.76,76.76,76.76,0
2001-03-09,76.76,76.76,76.76,76.76,0
2001-03-12,76.76,76.76,76.76,76.76,0
2001-03-14,76.76,76.76,76.76,76.76,0
2001-03-16,76.76,76.76,76.76,76.76,0
2001-03-19,76.76,76.76,76.76,76.76,0
2001-03-21,76.76,76.76,76.76,76.76,0
2001-03-23,76.76,76.76,76.76,76.76,0
2001-03-26,76.76,76.76,76.76,76.76,0
2001-03-28,77.11,77.11,77.11,77.11,0
2001-03-30,77.11,77.11,77.11,77.11,0
2001-04-02,77.11,77.11,77.11,77.11,0
2001-04-04,76.95,76.95,76.95,76.95,0
2001-04-06,76.95,76.95,76.95,76.95,0
2001-04-09,76.95,76.95,76.95,76.95,0
2001-04-11,76.8,76.8,76.8,76.8,0
2001-04-13,76.64,76.64,76.64,76.64,0
2001-04-17,76.64,76.64,76.64,76.64,0
2001-04-18,76.64,76.64,76.64,76.64,0
2001-04-20,76.64,76.64,76.64,76.64,0
2001-04-23,76.77,76.77,76.77,76.77,0
2001-04-25,76.84,76.84,76.84,76.84,0
2001-04-27,76.87,76.87,76.87,76.87,0
2001-04-30,76.87,76.87,76.87,76.87,0
2001-05-02,76.87,76.87,76.87,76.87,0
2001-05-04,76.87,76.87,76.87,76.87,0
2001-05-07,76.98,76.98,76.98,76.98,0
2001-05-09,76.92,76.92,76.92,76.92,0
2001-05-11,76.92,76.92,76.92,76.92,0
2001-05-14,76.91,76.91,76.91,76.91,0
2001-05-16,76.91,76.91,76.91,76.91,0
2001-05-18,77.26,77.26,77.26,77.26,0
2001-05-21,77.22,77.22,77.22,77.22,0
2001-05-23,77.91,77.91,77.91,77.91,0
2001-05-25,78.07,78.07,78.07,78.07,0
2001-05-28,78.07,78.07,78.07,78.07,0
2001-05-30,78.06,78.06,78.06,78.06,0
2001-06-01,77.57,77.57,77.57,77.57,0
2001-06-05,77.57,77.57,77.57,77.57,0
2001-06-06,77.57,77.57,77.57,77.57,0
2001-06-08,77.56,77.56,77.56,77.56,0
2001-06-11,77.56,77.56,77.56,77.56,0
2001-06-13,77.36,77.36,77.36,77.36,0
2001-06-15,77.36,77.36,77.36,77.36,0
2001-06-18,76.53,76.53,76.53,76.53,0
2001-06-20,76.19,76.19,76.19,76.19,0
2001-06-22,76.19,76.19,76.19,76.19,0
2001-06-25,76.19,76.19,76.19,76.19,0
2001-06-27,76.19,76.19,76.19,76.19,0
2001-06-29,73.89,73.89,73.89,73.89,0
2001-07-02,73.89,73.89,73.89,73.89,0
2001-07-04,73.89,73.89,73.89,73.89,0
2001-07-06,73.89,73.89,73.89,73.89,0
2001-07-09,73.89,73.89,73.89,73.89,0
2001-07-11,73.89,73.89,73.89,73.89,0
2001-07-13,73.89,73.89,73.89,73.89,0
2001-07-16,73.85,73.85,73.85,73.85,0
2001-07-18,73.83,73.83,73.83,73.83,0
2001-07-20,73.74,73.74,73.74,73.74,0
2001-07-23,73.8,73.8,73.8,73.8,0
2001-07-25,73.8,73.8,73.8,73.8,0
2001-07-27,73.8,73.8,73.8,73.8,0
2001-07-30,73.49,73.49,73.49,73.49,0
2001-08-01,73.49,73.49,73.49,73.49,0
2001-08-03,74.18,74.18,74.18,74.18,0
2001-08-08,74.18,74.18,74.18,74.18,0
2001-08-10,74.18,74.18,74.18,74.18,0
2001-08-13,76.39,76.39,76.39,76.39,0
2001-08-16,76.38,76.38,76.38,76.38,0
2001-08-17,75.83,75.83,75.83,75.83,0
2001-08-20,65.65,65.65,65.65,65.65,0
2001-08-22,65.5,65.5,65.5,65.5,0
2001-08-24,65.47,65.47,65.47,65.47,0
2001-08-27,65.16,65.16,65.16,65.16,0
2001-08-29,65.16,65.16,65.16,65.16,0
2001-08-31,64.81,64.81,64.81,64.81,0
2001-09-03,64.81,64.81,64.81,64.81,0
2001-09-05,64.78,64.78,64.78,64.78,0
2001-09-07,64.75,64.75,64.75,64.75,0
2001-09-10,64.75,64.75,64.75,64.75,0
2001-09-12,64.75,64.75,64.75,64.75,0
2001-09-14,64.75,64.75,64.75,64.75,0
2001-09-17,64.74,64.74,64.74,64.74,0
2001-09-19,64.73,64.73,64.73,64.73,0
2001-09-21,64.16,64.16,64.16,64.16,0
2001-09-24,63.47,63.47,63.47,63.47,0
2001-09-26,62.27,62.27,62.27,62.27,0
2001-09-28,62.2,62.2,62.2,62.2,0
2001-10-01,62.2,62.2,62.2,62.2,0
2001-10-03,62.16,62.16,62.16,62.16,0
2001-10-05,71.62,71.62,71.62,71.62,0
2001-10-08,71.56,71.56,71.56,71.56,0
2001-10-10,71.56,71.56,71.56,71.56,0
2001-10-12,71.27,71.27,71.27,71.27,0
2001-10-15,71.27,71.27,71.27,71.27,0
2001-10-17,71.27,71.27,71.27,71.27,0
2001-10-19,71.56,71.56,71.56,71.56,0
2001-10-22,71.56,71.56,71.56,71.56,0
2001-10-24,72.16,72.16,72.16,72.16,0
2001-10-26,72.61,72.61,72.61,72.61,0
2001-10-29,72.61,72.61,72.61,72.61,0
2001-10-31,72.49,72.49,72.49,72.49,0
2001-11-02,72.49,72.49,72.49,72.49,0
2001-11-05,72.49,72.49,72.49,72.49,0
2001-11-07,71.35,71.35,71.35,71.35,0
2001-11-09,71.35,71.35,71.35,71.35,0
2001-11-12,71.35,71.35,71.35,71.35,0
2001-11-13,71.35,71.35,71.35,71.35,0
2001-11-14,71.35,71.35,71.35,71.35,0
2001-11-16,71.35,71.35,71.35,71.35,0
2001-11-19,71.34,71.34,71.34,71.34,0
2001-11-20,71.34,71.34,71.34,71.34,0
2001-11-21,71.34,71.34,71.34,71.34,0
2001-11-22,71.34,71.34,71.34,71.34,0
2001-11-23,70.68,70.68,70.68,70.68,0
2001-11-26,70.67,70.67,70.67,70.67,0
2001-11-27,70.67,70.67,70.67,70.67,0
2001-11-28,70.67,70.67,70.67,70.67,0
2001-11-29,70.67,70.67,70.67,70.67,0
2001-11-30,70.48,70.48,70.48,70.48,0
2001-12-03,70.48,70.48,70.48,70.48,0
2001-12-04,70.48,70.48,70.48,70.48,0
2001-12-05,70.2,70.2,70.2,70.2,0
2001-12-06,70.2,70.2,70.2,70.2,0
2001-12-07,70.2,70.2,70.2,70.2,0
2001-12-10,70.2,70.2,70.2,70.2,0
2001-12-11,70.2,70.2,70.2,70.2,0
2001-12-13,70.17,70.17,70.17,70.17,0
2001-12-14,70.15,70.15,70.15,70.15,0
2001-12-17,70.15,70.15,70.15,70.15,0
2001-12-18,70.15,70.15,70.15,70.15,0
2001-12-19,70.15,70.15,70.15,70.15,0
2001-12-20,70.15,70.15,70.15,70.15,0
2001-12-21,70.15,70.15,70.15,70.15,0
2001-12-24,70.15,70.15,70.15,70.15,0
2001-12-26,70.15,70.15,70.15,70.15,0
2001-12-27,70.15,70.15,70.15,70.15,0
2001-12-28,69.55,69.55,69.55,69.55,0
2001-12-31,69.55,69.55,69.55,69.55,0
2002-01-02,69.47,69.47,69.47,69.47,0
2002-01-03,68.87,68.87,68.87,68.87,0
2002-01-04,68.87,68.87,68.87,68.87,0
2002-01-07,68.87,68.87,68.87,68.87,0
2002-01-08,68.87,68.87,68.87,68.87,0
2002-01-09,68.87,68.87,68.87,68.87,0
2002-01-10,68.83,68.83,68.83,68.83,0
2002-01-11,68.83,68.83,68.83,68.83,0
2002-01-14,68.86,68.86,68.86,68.86,0
2002-01-15,68.86,68.86,68.86,68.86,0
2002-01-16,68.8,68.8,68.8,68.8,0
2002-01-17,68.8,68.8,68.8,68.8,0
2002-01-18,68.8,68.8,68.8,68.8,0
2002-01-21,68.77,68.77,68.77,68.77,0
2002-01-22,68.23,68.23,68.23,68.23,0
2002-01-23,68.23,68.23,68.23,68.23,0
2002-01-24,68.23,68.23,68.23,68.23,0
2002-01-25,68.23,68.23,68.23,68.23,0
2002-01-28,67.9,67.9,67.9,67.9,0
2002-01-29,67.9,67.9,67.9,67.9,0
2002-01-30,67.9,67.9,67.9,67.9,0
2002-01-31,67.9,67.9,67.9,67.9,0
2002-02-01,67.9,67.9,67.9,67.9,0
2002-02-04,67.9,67.9,67.9,67.9,0
2002-02-05,67.9,67.9,67.9,67.9,0
2002-02-06,67.9,67.9,67.9,67.9,0
2002-02-07,67.9,67.9,67.9,67.9,0
2002-02-08,67.9,67.9,67.9,67.9,0
2002-02-12,67.9,67.9,67.9,67.9,0
2002-02-13,67.87,67.87,67.87,67.87,0
2002-02-14,67.87,67.87,67.87,67.87,0
2002-02-15,67.87,67.87,67.87,67.87,0
2002-02-18,67.86,67.86,67.86,67.86,0
2002-02-19,67.86,67.86,67.86,67.86,0
2002-02-20,67.86,67.86,67.86,67.86,0
2002-02-21,67.86,67.86,67.86,67.86,0
2002-02-25,67.86,67.86,67.86,67.86,0
2002-02-26,67.86,67.86,67.86,67.86,0
2002-02-27,67.86,67.86,67.86,67.86,0
2002-02-28,66.66,66.66,66.66,66.66,0
2002-03-01,66.66,66.66,66.66,66.66,0
2002-03-04,66.39,66.39,66.39,66.39,0
2002-03-05,66.39,66.39,66.39,66.39,0
2002-03-06,66.43,66.43,66.43,66.43,0
2002-03-07,66.68,66.68,66.68,66.68,0
2002-03-08,66.34,66.34,66.34,66.34,0
2002-03-11,66.22,66.22,66.22,66.22,0
2002-03-12,66.22,66.22,66.22,66.22,0
2002-03-13,65.92,65.92,65.92,65.92,0
2002-03-14,65.86,65.86,65.86,65.86,0
2002-03-15,65.86,65.86,65.86,65.86,0
2002-03-18,65.86,65.86,65.86,65.86,0
2002-03-19,65.86,65.86,65.86,65.86,0
2002-03-20,65.86,65.86,65.86,65.86,0
2002-03-22,69.36,69.36,69.36,69.36,0
2002-03-25,69.91,69.91,69.91,69.91,0
2002-03-26,69.94,69.94,69.94,69.94,0
2002-03-27,71.39,71.39,71.39,71.39,0
2002-03-28,71.39,71.39,71.39,71.39,0
2002-03-29,71.21,71.21,71.21,71.21,0
2002-04-03,70.01,70.01,70.01,70.01,0
2002-04-05,70.01,70.01,70.01,70.01,0
2002-04-08,70.01,70.01,70.01,70.01,0
2002-04-09,70.31,70.31,70.31,70.31,0
2002-04-10,70.31,70.31,70.31,70.31,0
2002-04-11,70.25,70.25,70.25,70.25,0
2002-04-12,70.25,70.25,70.25,70.25,0
2002-04-15,70.25,70.25,70.25,70.25,0
2002-04-16,70.25,70.25,70.25,70.25,0
2002-04-17,70.25,70.25,70.25,70.25,0
2002-04-18,70.25,70.25,70.25,70.25,0
2002-04-19,70.25,70.25,70.25,70.25,0
2002-04-22,71.15,71.15,71.15,71.15,0
2002-04-23,71.15,71.15,71.15,71.15,0
2002-04-24,71.2,71.2,71.2,71.2,0
2002-04-25,71.2,71.2,71.2,71.2,0
2002-04-26,70.3,70.3,70.3,70.3,0
2002-04-29,70.31,70.31,70.31,70.31,0
2002-04-30,70.31,70.31,70.31,70.31,0
2002-05-02,70.91,70.91,70.91,70.91,0
2002-05-03,71.13,71.13,71.13,71.13,0
2002-05-06,71.13,71.13,71.13,71.13,0
2002-05-07,71.13,71.13,71.13,71.13,0
2002-05-08,71.13,71.13,71.13,71.13,0
2002-05-10,71.19,71.19,71.19,71.19,0
2002-05-13,71.19,71.19,71.19,71.19,0
2002-05-14,70.88,70.88,70.88,70.88,0
2002-05-15,70.82,70.82,70.82,70.82,0
2002-05-16,70.82,70.82,70.82,70.82,0
2002-05-17,71.08,71.08,71.08,71.08,0
2002-05-21,71.08,71.08,71.08,71.08,0
2002-05-22,71.08,71.08,71.08,71.08,0
2002-05-23,71.08,71.08,71.08,71.08,0
2002-05-27,71.08,71.08,71.08,71.08,0
2002-05-28,70.78,70.78,70.78,70.78,0
2002-05-29,70.78,70.78,70.78,70.78,0
2002-05-30,70.78,70.78,70.78,70.78,0
2002-05-31,70.87,70.87,70.87,70.87,0
2002-06-03,70.87,70.87,70.87,70.87,0
2002-06-04,70.81,70.81,70.81,70.81,0
2002-06-05,70.81,70.81,70.81,70.81,0
2002-06-06,70.81,70.81,70.81,70.81,0
2002-06-07,70.81,70.81,70.81,70.81,0
2002-06-10,70.81,70.81,70.81,70.81,0
2002-06-11,70.81,70.81,70.81,70.81,0
2002-06-12,70.81,70.81,70.81,70.81,0
2002-06-14,70.71,70.71,70.71,70.71,0
2002-06-17,70.71,70.71,70.71,70.71,0
2002-06-18,70.71,70.71,70.71,70.71,0
2002-06-19,70.71,70.71,70.71,70.71,0
2002-06-20,70.71,70.71,70.71,70.71,0
2002-06-21,70.71,70.71,70.71,70.71,0
2002-06-24,70.71,70.71,70.71,70.71,0
2002-06-25,70.71,70.71,70.71,70.71,0
2002-06-26,70.71,70.71,70.71,70.71,0
2002-06-27,70.7,70.7,70.7,70.7,0
2002-06-28,70.7,70.7,70.7,70.7,0
2002-07-01,70.7,70.7,70.7,70.7,0
2002-07-02,70.99,70.99,70.99,70.99,0
2002-07-03,71.29,71.29,71.29,71.29,0
2002-07-04,71.29,71.29,71.29,71.29,0
2002-07-05,72.19,72.19,72.19,72.19,0
2002-07-08,72.19,72.19,72.19,72.19,0
2002-07-09,72.19,72.19,72.19,72.19,0
2002-07-10,72.19,72.19,72.19,72.19,0
2002-07-11,70.68,70.68,70.68,70.68,0
2002-07-12,70.56,70.56,70.56,70.56,0
2002-07-15,70.56,70.56,70.56,70.56,0
2002-07-16,70.56,70.56,70.56,70.56,0
2002-07-17,70.56,70.56,70.56,70.56,0
2002-07-18,70.77,70.77,70.77,70.77,0
2002-07-19,70.77,70.77,70.77,70.77,0
2002-07-22,70.47,70.47,70.47,70.47,0
2002-07-23,70.25,70.25,70.25,70.25,0
2002-07-24,70.24,70.24,70.24,70.24,0
2002-07-25,70.34,70.34,70.34,70.34,0
2002-07-26,70.34,70.34,70.34,70.34,0
2002-07-29,70.34,70.34,70.34,70.34,0
2002-07-30,70.24,70.24,70.24,70.24,0
2002-07-31,71.01,71.01,71.01,71.01,0
2002-08-01,69.84,69.84,69.84,69.84,0
2002-08-02,69.78,69.78,69.78,69.78,0
2002-08-05,68.68,68.68,68.68,68.68,0
2002-08-06,68.53,68.53,68.53,68.53,0
2002-08-08,68.46,68.46,68.46,68.46,0
2002-08-09,68.52,68.52,68.52,68.52,0
2002-08-12,68.52,68.52,68.52,68.52,0
2002-08-13,68.46,68.46,68.46,68.46,0
2002-08-14,68.22,68.22,68.22,68.22,0
2002-08-16,68.18,68.18,68.18,68.18,0
2002-08-19,67.19,67.19,67.19,67.19,0
2002-08-20,66.89,66.89,66.89,66.89,0
2002-08-22,66.98,66.98,66.98,66.98,0
2002-08-23,66.98,66.98,66.98,66.98,0
2002-08-26,66.98,66.98,66.98,66.98,0
2002-08-28,67.03,67.03,67.03,67.03,0
2002-08-29,66.72,66.72,66.72,66.72,0
2002-08-30,66.87,66.87,66.87,66.87,0
2002-09-02,66.87,66.87,66.87,66.87,0
2002-09-03,66.87,66.87,66.87,66.87,0
2002-09-04,66.87,66.87,66.87,66.87,0
2002-09-05,67.03,67.03,67.03,67.03,0
2002-09-06,67.03,67.03,67.03,67.03,0
2002-09-09,67.03,67.03,67.03,67.03,0
2002-09-10,67.03,67.03,67.03,67.03,0
2002-09-11,67.12,67.12,67.12,67.12,0
2002-09-12,67.12,67.12,67.12,67.12,0
2002-09-13,67.12,67.12,67.12,67.12,0
2002-09-16,67.12,67.12,67.12,67.12,0
2002-09-17,67.12,67.12,67.12,67.12,0
2002-09-18,67.12,67.12,67.12,67.12,0
2002-09-19,67.12,67.12,67.12,67.12,0
2002-09-20,67.1,67.1,67.1,67.1,0
2002-09-23,67.12,67.12,67.12,67.12,0
2002-09-24,67.18,67.18,67.18,67.18,0
2002-09-25,67.18,67.18,67.18,67.18,0
2002-09-26,67.18,67.18,67.18,67.18,0
2002-09-27,67.18,67.18,67.18,67.18,0
2002-09-30,67.18,67.18,67.18,67.18,0
2002-10-01,67.48,67.48,67.48,67.48,0
2002-10-02,67.6,67.6,67.6,67.6,0
2002-10-03,67.6,67.6,67.6,67.6,0
2002-10-04,67.6,67.6,67.6,67.6,0
2002-10-07,67.6,67.6,67.6,67.6,0
2002-10-08,67.6,67.6,67.6,67.6,0
2002-10-09,67.6,67.6,67.6,67.6,0
2002-10-10,67.6,67.6,67.6,67.6,0
2002-10-11,67.6,67.6,67.6,67.6,0
2002-10-14,67.6,67.6,67.6,67.6,0
2002-10-15,67.6,67.6,67.6,67.6,0
2002-10-16,67.6,67.6,67.6,67.6,0
2002-10-17,67.6,67.6,67.6,67.6,0
2002-10-18,67.6,67.6,67.6,67.6,0
2002-10-21,67.6,67.6,67.6,67.6,0
2002-10-22,67.6,67.6,67.6,67.6,0
2002-10-23,67.6,67.6,67.6,67.6,0
2002-10-24,67.6,67.6,67.6,67.6,0
2002-10-25,67.6,67.6,67.6,67.6,0
2002-10-28,67.6,67.6,67.6,67.6,0
2002-10-29,66.72,66.72,66.72,66.72,0
2002-10-30,66.72,66.72,66.72,66.72,0
2002-10-31,66.71,66.71,66.71,66.71,0
2002-11-04,66.71,66.71,66.71,66.71,0
2002-11-05,66.71,66.71,66.71,66.71,0
2002-11-06,66.71,66.71,66.71,66.71,0
2002-11-07,66.71,66.71,66.71,66.71,0
2002-11-08,66.71,66.71,66.71,66.71,0
2002-11-11,66.71,66.71,66.71,66.71,0
2002-11-12,66.71,66.71,66.71,66.71,0
2002-11-13,66.71,66.71,66.71,66.71,0
2002-11-14,66.11,66.11,66.11,66.11,0
2002-11-18,66.11,66.11,66.11,66.11,0
2002-11-19,66.08,66.08,66.08,66.08,0
2002-11-20,66.08,66.08,66.08,66.08,0
2002-11-21,67.62,67.62,67.62,67.62,0
2002-11-22,67.62,67.62,67.62,67.62,0
2002-11-25,67.62,67.62,67.62,67.62,0
2002-11-26,67.62,67.62,67.62,67.62,0
2002-11-27,67.62,67.62,67.62,67.62,0
2002-11-28,67.62,67.62,67.62,67.62,0
2002-11-29,67.62,67.62,67.62,67.62,0
2002-12-03,68.35,68.35,68.35,68.35,0
2002-12-04,67.19,67.19,67.19,67.19,0
2002-12-05,67.18,67.18,67.18,67.18,0
2002-12-09,67.18,67.18,67.18,67.18,0
2002-12-10,67.18,67.18,67.18,67.18,0
2002-12-11,67.18,67.18,67.18,67.18,0
2002-12-12,67.18,67.18,67.18,67.18,0
2002-12-13,67.18,67.18,67.18,67.18,0
2002-12-16,67.18,67.18,67.18,67.18,0
2002-12-17,67.45,67.45,67.45,67.45,0
2002-12-18,67.72,67.72,67.72,67.72,0
2002-12-19,67.72,67.72,67.72,67.72,0
2002-12-20,68.02,68.02,68.02,68.02,0
2002-12-23,68.02,68.02,68.02,68.02,0
2002-12-24,68.34,68.34,68.34,68.34,0
2002-12-26,71.3,71.3,71.3,71.3,0
2002-12-27,71.3,71.3,71.3,71.3,0
2002-12-30,70.11,70.11,70.11,70.11,0
2002-12-31,70.11,70.11,70.11,70.11,0
2003-01-02,70.08,70.08,70.08,70.08,0
2003-01-03,69.47,69.47,69.47,69.47,0
2003-01-06,69.47,69.47,69.47,69.47,0
2003-01-07,69.47,69.47,69.47,69.47,0
2003-01-08,69.47,69.47,69.47,69.47,0
2003-01-09,69.47,69.47,69.47,69.47,0
2003-01-10,68.86,68.86,68.86,68.86,0
2003-01-13,68.86,68.86,68.86,68.86,0
2003-01-14,68.85,68.85,68.85,68.85,0
2003-01-15,68.7,68.7,68.7,68.7,0
2003-01-16,68.7,68.7,68.7,68.7,0
2003-01-17,68.7,68.7,68.7,68.7,0
2003-01-20,68.7,68.7,68.7,68.7,0
2003-01-21,68.7,68.7,68.7,68.7,0
2003-01-22,68.54,68.54,68.54,68.54,0
2003-01-23,68.54,68.54,68.54,68.54,0
2003-01-24,68.5,68.5,68.5,68.5,0
2003-01-28,68.5,68.5,68.5,68.5,0
2003-01-29,68.5,68.5,68.5,68.5,0
2003-01-30,68.5,68.5,68.5,68.5,0
2003-01-31,68.5,68.5,68.5,68.5,0
2003-02-03,68.5,68.5,68.5,68.5,0
2003-02-04,68.5,68.5,68.5,68.5,0
2003-02-05,68.5,68.5,68.5,68.5,0
2003-02-06,68.5,68.5,68.5,68.5,0
2003-02-07,68.5,68.5,68.5,68.5,0
2003-02-10,68.5,68.5,68.5,68.5,0
2003-02-12,68.5,68.5,68.5,68.5,0
2003-02-13,68.5,68.5,68.5,68.5,0
2003-02-14,68.5,68.5,68.5,68.5,0
2003-02-17,68.5,68.5,68.5,68.5,0
2003-02-18,68.5,68.5,68.5,68.5,0
2003-02-19,68.5,68.5,68.5,68.5,0
2003-02-20,68.5,68.5,68.5,68.5,0
2003-02-21,67.3,67.3,67.3,67.3,0
2003-02-24,67.3,67.3,67.3,67.3,0
2003-02-25,67.18,67.18,67.18,67.18,0
2003-02-26,67.18,67.18,67.18,67.18,0
2003-02-27,66.97,66.97,66.97,66.97,0
2003-02-28,66.97,66.97,66.97,66.97,0
2003-03-03,66.97,66.97,66.97,66.97,0
2003-03-04,66.96,66.96,66.96,66.96,0
2003-03-05,66.96,66.96,66.96,66.96,0
2003-03-06,66.96,66.96,66.96,66.96,0
2003-03-07,66.96,66.96,66.96,66.96,0
2003-03-10,66.96,66.96,66.96,66.96,0
2003-03-11,66.96,66.96,66.96,66.96,0
2003-03-12,66.9,66.9,66.9,66.9,0
2003-03-13,66.9,66.9,66.9,66.9,0
2003-03-14,66.64,66.64,66.64,66.64,0
2003-03-17,66.64,66.64,66.64,66.64,0
2003-03-18,66.64,66.64,66.64,66.64,0
2003-03-19,66.27,66.27,66.27,66.27,0
2003-03-20,64.54,64.54,64.54,64.54,0
2003-03-21,63.75,63.75,63.75,63.75,0
2003-03-24,63.75,63.75,63.75,63.75,0
2003-03-25,63.75,63.75,63.75,63.75,0
2003-03-26,62.39,62.39,62.39,62.39,0
2003-03-27,62.39,62.39,62.39,62.39,0
2003-03-28,62.39,62.39,62.39,62.39,0
2003-03-31,62.39,62.39,62.39,62.39,0
2003-04-01,62.39,62.39,62.39,62.39,0
2003-04-02,62.39,62.39,62.39,62.39,0
2003-04-03,62.39,62.39,62.39,62.39,0
2003-04-04,62.36,62.36,62.36,62.36,0
2003-04-07,62.36,62.36,62.36,62.36,0
2003-04-08,61.61,61.61,61.61,61.61,0
2003-04-09,61.57,61.57,61.57,61.57,0
2003-04-10,61.57,61.57,61.57,61.57,0
2003-04-11,60.67,60.67,60.67,60.67,0
2003-04-14,60.67,60.67,60.67,60.67,0
2003-04-15,60.67,60.67,60.67,60.67,0
2003-04-16,60.67,60.67,60.67,60.67,0
2003-04-17,60.77,60.77,60.77,60.77,0
2003-04-18,60.77,60.77,60.77,60.77,0
2003-04-22,60.77,60.77,60.77,60.77,0
2003-04-23,60.77,60.77,60.77,60.77,0
2003-04-24,60.77,60.77,60.77,60.77,0
2003-04-25,60.78,60.78,60.78,60.78,0
2003-04-28,63.69,63.69,63.69,63.69,0
2003-04-29,63.69,63.69,63.69,63.69,0
2003-04-30,63.39,63.39,63.39,63.39,0
2003-05-02,63.38,63.38,63.38,63.38,0
2003-05-05,63.38,63.38,63.38,63.38,0
2003-05-06,63.38,63.38,63.38,63.38,0
2003-05-07,63.57,63.57,63.57,63.57,0
2003-05-08,63.57,63.57,63.57,63.57,0
2003-05-09,63.57,63.57,63.57,63.57,0
2003-05-12,63.57,63.57,63.57,63.57,0
2003-05-14,63.57,63.57,63.57,63.57,0
2003-05-15,63.6,63.6,63.6,63.6,0
2003-05-16,63.6,63.6,63.6,63.6,0
2003-05-19,63.75,63.75,63.75,63.75,0
2003-05-20,63.75,63.75,63.75,63.75,0
2003-05-21,63.75,63.75,63.75,63.75,0
2003-05-22,63.63,63.63,63.63,63.63,0
2003-05-23,63.63,63.63,63.63,63.63,0
2003-05-26,63.63,63.63,63.63,63.63,0
2003-05-27,63.49,63.49,63.49,63.49,0
2003-05-28,63.48,63.48,63.48,63.48,0
2003-05-30,63.49,63.49,63.49,63.49,0
2003-06-02,63.49,63.49,63.49,63.49,0
2003-06-03,63.48,63.48,63.48,63.48,0
2003-06-04,63.49,63.49,63.49,63.49,0
2003-06-05,63.49,63.49,63.49,63.49,0
2003-06-06,63.79,63.79,63.79,63.79,0
2003-06-10,64.39,64.39,64.39,64.39,0
2003-06-11,64.39,64.39,64.39,64.39,0
2003-06-12,64.39,64.39,64.39,64.39,0
2003-06-16,64.39,64.39,64.39,64.39,0
2003-06-17,64.39,64.39,64.39,64.39,0
2003-06-18,64.39,64.39,64.39,64.39,0
2003-06-19,63.79,63.79,63.79,63.79,0
2003-06-20,63.79,63.79,63.79,63.79,0
2003-06-23,63.79,63.79,63.79,63.79,0
2003-06-24,63.85,63.85,63.85,63.85,0
2003-06-25,63.85,63.85,63.85,63.85,0
2003-06-26,62.85,62.85,62.85,62.85,0
2003-06-27,62.85,62.85,62.85,62.85,0
2003-06-30,65.53,65.53,65.53,65.53,0
2003-07-01,65.53,65.53,65.53,65.53,0
2003-07-02,65.47,65.47,65.47,65.47,0
2003-07-03,65.47,65.47,65.47,65.47,0
2003-07-04,65.47,65.47,65.47,65.47,0
2003-07-07,65.59,65.59,65.59,65.59,0
2003-07-08,65.29,65.29,65.29,65.29,0
2003-07-09,65.29,65.29,65.29,65.29,0
2003-07-10,64.99,64.99,64.99,64.99,0
2003-07-11,64.99,64.99,64.99,64.99,0
2003-07-14,64.99,64.99,64.99,64.99,0
2003-07-15,64.99,64.99,64.99,64.99,0
2003-07-16,64.99,64.99,64.99,64.99,0
2003-07-17,64.99,64.99,64.99,64.99,0
2003-07-18,64.99,64.99,64.99,64.99,0
2003-07-21,64.94,64.94,64.94,64.94,0
2003-07-22,64.94,64.94,64.94,64.94,0
2003-07-23,64.94,64.94,64.94,64.94,0
2003-07-24,64.94,64.94,64.94,64.94,0
2003-07-25,64.34,64.34,64.34,64.34,0
2003-07-28,64.34,64.34,64.34,64.34,0
2003-07-29,64.34,64.34,64.34,64.34,0
2003-07-30,64.34,64.34,64.34,64.34,0
2003-07-31,64.34,64.34,64.34,64.34,0
2003-08-01,62.52,62.52,62.52,62.52,0
2003-08-04,62.9,62.9,62.9,62.9,0
2003-08-05,61.64,61.64,61.64,61.64,0
2003-08-06,60.24,60.24,60.24,60.24,0
2003-08-08,60.24,60.24,60.24,60.24,0
2003-08-11,60.18,60.18,60.18,60.18,0
2003-08-12,60.18,60.18,60.18,60.18,0
2003-08-13,60.21,60.21,60.21,60.21,0
2003-08-14,60.46,60.46,60.46,60.46,0
2003-08-18,60.46,60.46,60.46,60.46,0
2003-08-19,60.85,60.85,60.85,60.85,0
2003-08-20,62.05,62.05,62.05,62.05,0
2003-08-21,62.05,62.05,62.05,62.05,0
2003-08-22,62.05,62.05,62.05,62.05,0
2003-08-25,62.05,62.05,62.05,62.05,0
2003-08-26,63.56,63.56,63.56,63.56,0
2003-08-27,63.56,63.56,63.56,63.56,0
2003-08-28,63.92,63.92,63.92,63.92,0
2003-08-29,64.04,64.04,64.04,64.04,0
2003-09-01,64.04,64.04,64.04,64.04,0
2003-09-02,64.04,64.04,64.04,64.04,0
2003-09-03,62.83,62.83,62.83,62.83,0
2003-09-04,63.14,63.14,63.14,63.14,0
2003-09-05,62.53,62.53,62.53,62.53,0
2003-09-08,62.53,62.53,62.53,62.53,0
2003-09-09,63.62,63.62,63.62,63.62,0
2003-09-10,64.5,64.5,64.5,64.5,0
2003-09-11,64.5,64.5,64.5,64.5,0
2003-09-12,64.52,64.52,64.52,64.52,0
2003-09-15,64.52,64.52,64.52,64.52,0
2003-09-16,64.52,64.52,64.52,64.52,0
2003-09-17,63.32,63.32,63.32,63.32,0
2003-09-18,64.9,64.9,64.9,64.9,0
2003-09-19,65.79,65.79,65.79,65.79,0
2003-09-22,65.79,65.79,65.79,65.79,0
2003-09-23,65.91,65.91,65.91,65.91,0
2003-09-24,65.01,65.01,65.01,65.01,0
2003-09-25,65.3,65.3,65.3,65.3,0
2003-09-26,64.39,64.39,64.39,64.39,0
2003-09-29,64.4,64.4,64.4,64.4,0
2003-09-30,64.69,64.69,64.69,64.69,0
2003-10-01,64.69,64.69,64.69,64.69,0
2003-10-02,64.69,64.69,64.69,64.69,0
2003-10-03,64.69,64.69,64.69,64.69,0
2003-10-06,66.26,66.26,66.26,66.26,0
2003-10-07,65.62,65.62,65.62,65.62,0
2003-10-08,65.62,65.62,65.62,65.62,0
2003-10-09,65.62,65.62,65.62,65.62,0
2003-10-10,65.62,65.62,65.62,65.62,0
2003-10-13,65.62,65.62,65.62,65.62,0
2003-10-14,65.26,65.26,65.26,65.26,0
2003-10-15,65.61,65.61,65.61,65.61,0
2003-10-16,65.15,65.15,65.15,65.15,0
2003-10-17,66.16,66.16,66.16,66.16,0
2003-10-20,66.16,66.16,66.16,66.16,0
2003-10-21,66.16,66.16,66.16,66.16,0
2003-10-22,66.16,66.16,66.16,66.16,0
2003-10-23,66.16,66.16,66.16,66.16,0
2003-10-24,66.16,66.16,66.16,66.16,0
2003-10-27,66.16,66.16,66.16,66.16,0
2003-10-28,66.16,66.16,66.16,66.16,0
2003-10-29,67.67,67.67,67.67,67.67,0
2003-10-30,67.67,67.67,67.67,67.67,0
2003-10-31,67.67,67.67,67.67,67.67,0
2003-11-03,67.67,67.67,67.67,67.67,0
2003-11-04,67.67,67.67,67.67,67.67,0
2003-11-05,67.67,67.67,67.67,67.67,0
2003-11-06,66.46,66.46,66.46,66.46,0
2003-11-07,66.46,66.46,66.46,66.46,0
2003-11-10,66.46,66.46,66.46,66.46,0
2003-11-11,66.44,66.44,66.44,66.44,0
2003-11-12,64.7,64.7,64.7,64.7,0
2003-11-13,64.7,64.7,64.7,64.7,0
2003-11-14,64.7,64.7,64.7,64.7,0
2003-11-17,64.7,64.7,64.7,64.7,0
2003-11-18,64.7,64.7,64.7,64.7,0
2003-11-19,64.03,64.03,64.03,64.03,0
2003-11-20,64.41,64.41,64.41,64.41,0
2003-11-21,64.41,64.41,64.41,64.41,0
2003-11-24,64.41,64.41,64.41,64.41,0
2003-11-26,64.41,64.41,64.41,64.41,0
2003-11-27,64.41,64.41,64.41,64.41,0
2003-11-28,64.35,64.35,64.35,64.35,0
2003-12-01,64.35,64.35,64.35,64.35,0
2003-12-02,63.38,63.38,63.38,63.38,0
2003-12-03,63.38,63.38,63.38,63.38,0
2003-12-04,63.38,63.38,63.38,63.38,0
2003-12-05,63.38,63.38,63.38,63.38,0
2003-12-08,63.38,63.38,63.38,63.38,0
2003-12-09,63.38,63.38,63.38,63.38,0
2003-12-10,63.35,63.35,63.35,63.35,0
2003-12-11,63.38,63.38,63.38,63.38,0
2003-12-12,63.38,63.38,63.38,63.38,0
2003-12-15,63.38,63.38,63.38,63.38,0
2003-12-16,63.38,63.38,63.38,63.38,0
2003-12-17,63.38,63.38,63.38,63.38,0
2003-12-18,63.38,63.38,63.38,63.38,0
2003-12-19,63.38,63.38,63.38,63.38,0
2003-12-22,63.38,63.38,63.38,63.38,0
2003-12-23,63.3,63.3,63.3,63.3,0
2003-12-24,63.3,63.3,63.3,63.3,0
2003-12-26,62.7,62.7,62.7,62.7,0
2003-12-29,62.7,62.7,62.7,62.7,0
2003-12-30,62.7,62.7,62.7,62.7,0
2003-12-31,63.75,63.75,63.75,63.75,0
2004-01-02,63.75,63.75,63.75,63.75,0
2004-01-05,63.75,63.75,63.75,63.75,0
2004-01-06,63.75,63.75,63.75,63.75,0
2004-01-07,63.75,63.75,63.75,63.75,0
2004-01-08,63.75,63.75,63.75,63.75,0
2004-01-09,63.75,63.75,63.75,63.75,0
2004-01-12,62.17,62.17,62.17,62.17,0
2004-01-13,62.17,62.17,62.17,62.17,0
2004-01-14,61.82,61.82,61.82,61.82,0
2004-01-15,61.82,61.82,61.82,61.82,0
2004-01-16,61.84,61.84,61.84,61.84,0
2004-01-19,61.84,61.84,61.84,61.84,0
2004-01-20,62.06,62.06,62.06,62.06,0
2004-01-21,62.06,62.06,62.06,62.06,0
2004-01-22,62.06,62.06,62.06,62.06,0
2004-01-23,62.06,62.06,62.06,62.06,0
2004-01-26,62.06,62.06,62.06,62.06,0
2004-01-27,62.06,62.06,62.06,62.06,0
2004-01-28,62.06,62.06,62.06,62.06,0
2004-01-29,63.01,63.01,63.01,63.01,0
2004-01-30,64.03,64.03,64.03,64.03,0
2004-02-02,63.86,63.86,63.86,63.86,0
2004-02-03,64.47,64.47,64.47,64.47,0
2004-02-04,63.63,63.63,63.63,63.63,0
2004-02-05,63.63,63.63,63.63,63.63,0
2004-02-06,63.63,63.63,63.63,63.63,0
2004-02-09,62.65,62.65,62.65,62.65,0
2004-02-10,62.65,62.65,62.65,62.65,0
2004-02-11,62.65,62.65,62.65,62.65,0
2004-02-12,62.65,62.65,62.65,62.65,0
2004-02-13,62.65,62.65,62.65,62.65,0
2004-02-16,62.65,62.65,62.65,62.65,0
2004-02-17,62.65,62.65,62.65,62.65,0
2004-02-18,62.65,62.65,62.65,62.65,0
2004-02-19,62.65,62.65,62.65,62.65,0
2004-02-20,62.65,62.65,62.65,62.65,0
2004-02-23,62.65,62.65,62.65,62.65,0
2004-02-24,62.65,62.65,62.65,62.65,0
2004-02-25,62.65,62.65,62.65,62.65,0
2004-02-26,64.34,64.34,64.34,64.34,0
2004-02-27,64.34,64.34,64.34,64.34,0
2004-03-01,64.7,64.7,64.7,64.7,0
2004-03-02,64.82,64.82,64.82,64.82,0
2004-03-03,64.7,64.7,64.7,64.7,0
2004-03-04,63.61,63.61,63.61,63.61,0
2004-03-05,63.55,63.55,63.55,63.55,0
2004-03-08,63.55,63.55,63.55,63.55,0
2004-03-09,64.75,64.75,64.75,64.75,0
2004-03-10,64.51,64.51,64.51,64.51,0
2004-03-11,64.52,64.52,64.52,64.52,0
2004-03-12,64.58,64.58,64.58,64.58,0
2004-03-15,64.58,64.58,64.58,64.58,0
2004-03-16,64.58,64.58,64.58,64.58,0
2004-03-17,64.58,64.58,64.58,64.58,0
2004-03-18,64.5,64.5,64.5,64.5,0
2004-03-19,64.51,64.51,64.51,64.51,0
2004-03-22,64.51,64.51,64.51,64.51,0
2004-03-23,65.04,65.04,65.04,65.04,0
2004-03-24,65.04,65.04,65.04,65.04,0
2004-03-26,65.04,65.04,65.04,65.04,0
2004-03-29,65.04,65.04,65.04,65.04,0
2004-03-30,65.04,65.04,65.04,65.04,0
2004-03-31,65.06,65.06,65.06,65.06,0
2004-04-01,65.07,65.07,65.07,65.07,0
2004-04-02,65.07,65.07,65.07,65.07,0
2004-04-05,65.07,65.07,65.07,65.07,0
2004-04-06,65.07,65.07,65.07,65.07,0
2004-04-07,65.07,65.07,65.07,65.07,0
2004-04-08,65.07,65.07,65.07,65.07,0
2004-04-09,65.07,65.07,65.07,65.07,0
2004-04-13,65.07,65.07,65.07,65.07,0
2004-04-14,65.07,65.07,65.07,65.07,0
2004-04-15,65.07,65.07,65.07,65.07,0
2004-04-16,66.52,66.52,66.52,66.52,0
2004-04-19,64.95,64.95,64.95,64.95,0
2004-04-20,64.95,64.95,64.95,64.95,0
2004-04-21,66.15,66.15,66.15,66.15,0
2004-04-22,66.15,66.15,66.15,66.15,0
2004-04-23,66.15,66.15,66.15,66.15,0
2004-04-26,66.15,66.15,66.15,66.15,0
2004-04-27,66.15,66.15,66.15,66.15,0
2004-04-28,66.15,66.15,66.15,66.15,0
2004-04-29,66.15,66.15,66.15,66.15,0
2004-04-30,66.76,66.76,66.76,66.76,0
2004-05-03,67.85,67.85,67.85,67.85,0
2004-05-04,68.54,68.54,68.54,68.54,0
2004-05-05,69.03,69.03,69.03,69.03,0
2004-05-06,69.05,69.05,69.05,69.05,0
2004-05-07,69.05,69.05,69.05,69.05,0
2004-05-10,69.05,69.05,69.05,69.05,0
2004-05-11,70.35,70.35,70.35,70.35,0
2004-05-12,69.7,69.7,69.7,69.7,0
2004-05-13,69.48,69.48,69.48,69.48,0
2004-05-14,69.48,69.48,69.48,69.48,0
2004-05-17,69.48,69.48,69.48,69.48,0
2004-05-18,69.48,69.48,69.48,69.48,0
2004-05-19,69.48,69.48,69.48,69.48,0
2004-05-21,69.48,69.48,69.48,69.48,0
2004-05-24,69.48,69.48,69.48,69.48,0
2004-05-25,69.48,69.48,69.48,69.48,0
2004-05-26,69.48,69.48,69.48,69.48,0
2004-05-27,69.48,69.48,69.48,69.48,0
2004-05-28,69.48,69.48,69.48,69.48,0
2004-06-01,69.48,69.48,69.48,69.48,0
2004-06-02,70.01,70.01,70.01,70.01,0
2004-06-03,70.01,70.01,70.01,70.01,0
2004-06-04,70.01,70.01,70.01,70.01,0
2004-06-07,70.01,70.01,70.01,70.01,0
2004-06-08,70.01,70.01,70.01,70.01,0
2004-06-09,70.01,70.01,70.01,70.01,0
2004-06-10,70.01,70.01,70.01,70.01,0
2004-06-11,70.01,70.01,70.01,70.01,0
2004-06-14,69.9,69.9,69.9,69.9,0
2004-06-15,69.9,69.9,69.9,69.9,0
2004-06-16,69.9,69.9,69.9,69.9,0
2004-06-17,69.9,69.9,69.9,69.9,0
2004-06-18,69.9,69.9,69.9,69.9,0
2004-06-21,69.9,69.9,69.9,69.9,0
2004-06-22,69.9,69.9,69.9,69.9,0
2004-06-23,69.9,69.9,69.9,69.9,0
2004-06-24,71.41,71.41,71.41,71.41,0
2004-06-25,71.41,71.41,71.41,71.41,0
2004-06-28,71.41,71.41,71.41,71.41,0
2004-06-29,71.41,71.41,71.41,71.41,0
2004-06-30,71.41,71.41,71.41,71.41,0
2004-07-01,71.41,71.41,71.41,71.41,0
2004-07-02,71.41,71.41,71.41,71.41,0
2004-07-05,71.65,71.65,71.65,71.65,0
2004-07-06,71.41,71.41,71.41,71.41,0
2004-07-07,71.41,71.41,71.41,71.41,0
2004-07-08,71.41,71.41,71.41,71.41,0
2004-07-09,69.84,69.84,69.84,69.84,0
2004-07-12,69.24,69.24,69.24,69.24,0
2004-07-13,69.34,69.34,69.34,69.34,0
2004-07-14,69.38,69.38,69.38,69.38,0
2004-07-15,69.38,69.38,69.38,69.38,0
2004-07-16,69.38,69.38,69.38,69.38,0
2004-07-19,69.24,69.24,69.24,69.24,0
2004-07-20,69.24,69.24,69.24,69.24,0
2004-07-22,69.24,69.24,69.24,69.24,0
2004-07-23,69.24,69.24,69.24,69.24,0
2004-07-26,69.23,69.23,69.23,69.23,0
2004-07-27,69.24,69.24,69.24,69.24,0
2004-07-28,69.24,69.24,69.24,69.24,0
2004-07-29,69.24,69.24,69.24,69.24,0
2004-07-30,69.24,69.24,69.24,69.24,0
2004-08-02,69.24,69.24,69.24,69.24,0
2004-08-03,67.43,67.43,67.43,67.43,0
2004-08-04,67.43,67.43,67.43,67.43,0
2004-08-05,67.43,67.43,67.43,67.43,0
2004-08-06,67.43,67.43,67.43,67.43,0
2004-08-10,67.46,67.46,67.46,67.46,0
2004-08-11,67.46,67.46,67.46,67.46,0
2004-08-12,67.46,67.46,67.46,67.46,0
2004-08-13,69.93,69.93,69.93,69.93,0
2004-08-16,69.94,69.94,69.94,69.94,0
2004-08-17,69.92,69.92,69.92,69.92,0
2004-08-18,69.94,69.94,69.94,69.94,0
2004-08-19,70.72,70.72,70.72,70.72,0
2004-08-20,70.72,70.72,70.72,70.72,0
2004-08-24,71.44,71.44,71.44,71.44,0
2004-08-25,71.44,71.44,71.44,71.44,0
2004-08-26,71.44,71.44,71.44,71.44,0
2004-08-27,71.44,71.44,71.44,71.44,0
2004-08-30,71.08,71.08,71.08,71.08,0
2004-08-31,71.08,71.08,71.08,71.08,0
2004-09-01,71.08,71.08,71.08,71.08,0
2004-09-02,71.08,71.08,71.08,71.08,0
2004-09-03,71.44,71.44,71.44,71.44,0
2004-09-06,71.44,71.44,71.44,71.44,0
2004-09-07,70.93,70.93,70.93,70.93,0
2004-09-08,70.93,70.93,70.93,70.93,0
2004-09-09,70.02,70.02,70.02,70.02,0
2004-09-10,70.88,70.88,70.88,70.88,0
2004-09-13,70.88,70.88,70.88,70.88,0
2004-09-14,70.88,70.88,70.88,70.88,0
2004-09-15,68.77,68.77,68.77,68.77,0
2004-09-16,67.56,67.56,67.56,67.56,0
2004-09-17,65.75,65.75,65.75,65.75,0
2004-09-20,65.75,65.75,65.75,65.75,0
2004-09-21,65.75,65.75,65.75,65.75,0
2004-09-22,65.72,65.72,65.72,65.72,0
2004-09-23,65.72,65.72,65.72,65.72,0
2004-09-24,65.75,65.75,65.75,65.75,0
2004-09-27,65.75,65.75,65.75,65.75,0
2004-09-28,65.75,65.75,65.75,65.75,0
2004-09-29,65.75,65.75,65.75,65.75,0
2004-09-30,65.72,65.72,65.72,65.72,0
2004-10-01,65.72,65.72,65.72,65.72,0
2004-10-04,65.72,65.72,65.72,65.72,0
2004-10-05,65.36,65.36,65.36,65.36,0
2004-10-06,64.6,64.6,64.6,64.6,0
2004-10-07,64.6,64.6,64.6,64.6,0
2004-10-08,64.6,64.6,64.6,64.6,0
2004-10-11,64.6,64.6,64.6,64.6,0
2004-10-12,64.6,64.6,64.6,64.6,0
2004-10-13,64.6,64.6,64.6,64.6,0
2004-10-14,64.6,64.6,64.6,64.6,0
2004-10-15,64.9,64.9,64.9,64.9,0
2004-10-18,64.91,64.91,64.91,64.91,0
2004-10-19,64.91,64.91,64.91,64.91,0
2004-10-20,64.91,64.91,64.91,64.91,0
2004-10-21,64.91,64.91,64.91,64.91,0
2004-10-22,64.96,64.96,64.96,64.96,0
2004-10-25,64.96,64.96,64.96,64.96,0
2004-10-26,64.96,64.96,64.96,64.96,0
2004-10-27,64.96,64.96,64.96,64.96,0
2004-10-28,64.96,64.96,64.96,64.96,0
2004-10-29,64.96,64.96,64.96,64.96,0
2004-11-02,64.96,64.96,64.96,64.96,0
2004-11-03,64.96,64.96,64.96,64.96,0
2004-11-04,64.96,64.96,64.96,64.96,0
2004-11-05,64.96,64.96,64.96,64.96,0
2004-11-08,64.96,64.96,64.96,64.96,0
2004-11-09,64.96,64.96,64.96,64.96,0
2004-11-11,64.96,64.96,64.96,64.96,0
2004-11-12,65.72,65.72,65.72,65.72,0
2004-11-16,65.72,65.72,65.72,65.72,0
2004-11-17,66.93,66.93,66.93,66.93,0
2004-11-18,66.93,66.93,66.93,66.93,0
2004-11-19,66.93,66.93,66.93,66.93,0
2004-11-22,66.93,66.93,66.93,66.93,0
2004-11-23,66.96,66.96,66.96,66.96,0
2004-11-24,66.96,66.96,66.96,66.96,0
2004-11-25,66.96,66.96,66.96,66.96,0
2004-11-26,66.97,66.97,66.97,66.97,0
2004-11-29,68.14,68.14,68.14,68.14,0
2004-11-30,68.14,68.14,68.14,68.14,0
2004-12-01,68.14,68.14,68.14,68.14,0
2004-12-02,66.99,66.99,66.99,66.99,0
2004-12-03,66.99,66.99,66.99,66.99,0
2004-12-06,66.99,66.99,66.99,66.99,0
2004-12-07,66.99,66.99,66.99,66.99,0
2004-12-08,66.99,66.99,66.99,66.99,0
2004-12-09,66.99,66.99,66.99,66.99,0
2004-12-10,66.99,66.99,66.99,66.99,0
2004-12-13,66.99,66.99,66.99,66.99,0
2004-12-14,66.99,66.99,66.99,66.99,0
2004-12-15,66.99,66.99,66.99,66.99,0
2004-12-16,66.99,66.99,66.99,66.99,0
2004-12-17,66.99,66.99,66.99,66.99,0
2004-12-20,66.99,66.99,66.99,66.99,0
2004-12-21,65.73,65.73,65.73,65.73,0
2004-12-22,65.73,65.73,65.73,65.73,0
2004-12-23,65.73,65.73,65.73,65.73,0
2004-12-24,66.87,66.87,66.87,66.87,0
2004-12-27,66.87,66.87,66.87,66.87,0
2004-12-28,66.87,66.87,66.87,66.87,0
2004-12-29,66.87,66.87,66.87,66.87,0
2004-12-30,66.87,66.87,66.87,66.87,0
2004-12-31,66.87,66.87,66.87,66.87,0
2005-01-03,66.87,66.87,66.87,66.87,0
2005-01-04,66.87,66.87,66.87,66.87,0
2005-01-05,66.87,66.87,66.87,66.87,0
2005-01-06,66.9,66.9,66.9,66.9,0
2005-01-07,66.4,66.4,66.4,66.4,0
2005-01-10,66.4,66.4,66.4,66.4,0
2005-01-11,66.4,66.4,66.4,66.4,0
2005-01-12,66.4,66.4,66.4,66.4,0
2005-01-13,66.4,66.4,66.4,66.4,0
2005-01-14,66.4,66.4,66.4,66.4,0
2005-01-17,66.4,66.4,66.4,66.4,0
2005-01-18,66.4,66.4,66.4,66.4,0
2005-01-19,66.4,66.4,66.4,66.4,0
2005-01-21,66.4,66.4,66.4,66.4,0
2005-01-24,66.4,66.4,66.4,66.4,0
2005-01-25,66.4,66.4,66.4,66.4,0
2005-01-26,66.39,66.39,66.39,66.39,0
2005-01-27,68.13,68.13,68.13,68.13,0
2005-01-28,68.13,68.13,68.13,68.13,0
2005-01-31,68.13,68.13,68.13,68.13,0
2005-02-01,68.13,68.13,68.13,68.13,0
2005-02-02,68.25,68.25,68.25,68.25,0
2005-02-03,68.09,68.09,68.09,68.09,0
2005-02-04,68.09,68.09,68.09,68.09,0
2005-02-07,68.08,68.08,68.08,68.08,0
2005-02-08,68.08,68.08,68.08,68.08,0
2005-02-09,68.09,68.09,68.09,68.09,0
2005-02-10,68.09,68.09,68.09,68.09,0
2005-02-11,68.09,68.09,68.09,68.09,0
2005-02-14,68.11,68.11,68.11,68.11,0
2005-02-15,68.11,68.11,68.11,68.11,0
2005-02-16,68.11,68.11,68.11,68.11,0
2005-02-17,68.11,68.11,68.11,68.11,0
2005-02-18,68.09,68.09,68.09,68.09,0
2005-02-21,68.32,68.32,68.32,68.32,0
2005-02-22,67.25,67.25,67.25,67.25,0
2005-02-23,68.25,68.25,68.25,68.25,0
2005-02-24,68.25,68.25,68.25,68.25,0
2005-02-25,68.25,68.25,68.25,68.25,0
2005-02-28,68.93,68.93,68.93,68.93,0
2005-03-01,68.93,68.93,68.93,68.93,0
2005-03-02,68.93,68.93,68.93,68.93,0
2005-03-03,69.06,69.06,69.06,69.06,0
2005-03-04,69.06,69.06,69.06,69.06,0
2005-03-07,69.06,69.06,69.06,69.06,0
2005-03-08,68.93,68.93,68.93,68.93,0
2005-03-09,67.81,67.81,67.81,67.81,0
2005-03-10,68.02,68.02,68.02,68.02,0
2005-03-11,67.94,67.94,67.94,67.94,0
2005-03-14,67.94,67.94,67.94,67.94,0
2005-03-15,67.94,67.94,67.94,67.94,0
2005-03-16,67.94,67.94,67.94,67.94,0
2005-03-17,67.94,67.94,67.94,67.94,0
2005-03-18,67.94,67.94,67.94,67.94,0
2005-03-21,68.06,68.06,68.06,68.06,0
2005-03-22,68.06,68.06,68.06,68.06,0
2005-03-23,68.06,68.06,68.06,68.06,0
2005-03-24,68.06,68.06,68.06,68.06,0
2005-03-25,68.06,68.06,68.06,68.06,0
2005-03-29,68.06,68.06,68.06,68.06,0
2005-03-30,68.06,68.06,68.06,68.06,0
2005-03-31,68.06,68.06,68.06,68.06,0
2005-04-01,68.06,68.06,68.06,68.06,0
2005-04-04,68.06,68.06,68.06,68.06,0
2005-04-05,68.06,68.06,68.06,68.06,0
2005-04-06,68.06,68.06,68.06,68.06,0
2005-04-07,68.07,68.07,68.07,68.07,0
2005-04-08,68.07,68.07,68.07,68.07,0
2005-04-11,68.07,68.07,68.07,68.07,0
2005-04-12,68.07,68.07,68.07,68.07,0
2005-04-13,68.07,68.07,68.07,68.07,0
2005-04-14,68.4,68.4,68.4,68.4,0
2005-04-15,68.4,68.4,68.4,68.4,0
2005-04-18,68.3,68.3,68.3,68.3,0
2005-04-19,68.3,68.3,68.3,68.3,0
2005-04-20,68.3,68.3,68.3,68.3,0
2005-04-22,68.3,68.3,68.3,68.3,0
2005-04-25,68.3,68.3,68.3,68.3,0
2005-04-26,68.3,68.3,68.3,68.3,0
2005-04-27,68.3,68.3,68.3,68.3,0
2005-04-28,68.3,68.3,68.3,68.3,0
2005-04-29,68.3,68.3,68.3,68.3,0
2005-05-03,68.3,68.3,68.3,68.3,0
2005-05-04,68.3,68.3,68.3,68.3,0
2005-05-06,68.3,68.3,68.3,68.3,0
2005-05-09,68.29,68.29,68.29,68.29,0
2005-05-10,68.24,68.24,68.24,68.24,0
2005-05-11,68.24,68.24,68.24,68.24,0
2005-05-12,68.44,68.44,68.44,68.44,0
2005-05-13,68.32,68.32,68.32,68.32,0
2005-05-17,68.32,68.32,68.32,68.32,0
2005-05-18,67.57,67.57,67.57,67.57,0
2005-05-19,67.69,67.69,67.69,67.69,0
2005-05-20,67.69,67.69,67.69,67.69,0
2005-05-23,67.75,67.75,67.75,67.75,0
2005-05-24,67.12,67.12,67.12,67.12,0
2005-05-25,67.12,67.12,67.12,67.12,0
2005-05-26,67.12,67.12,67.12,67.12,0
2005-05-27,67.12,67.12,67.12,67.12,0
2005-05-30,67.22,67.22,67.22,67.22,0
2005-05-31,67.22,67.22,67.22,67.22,0
2005-06-01,67.12,67.12,67.12,67.12,0
2005-06-02,67.12,67.12,67.12,67.12,0
2005-06-03,67.21,67.21,67.21,67.21,0
2005-06-06,67.21,67.21,67.21,67.21,0
2005-06-07,67.21,67.21,67.21,67.21,0
2005-06-08,67.21,67.21,67.21,67.21,0
2005-06-09,67.21,67.21,67.21,67.21,0
2005-06-10,67.21,67.21,67.21,67.21,0
2005-06-13,67.21,67.21,67.21,67.21,0
2005-06-14,67.51,67.51,67.51,67.51,0
2005-06-15,67.51,67.51,67.51,67.51,0
2005-06-16,67.51,67.51,67.51,67.51,0
2005-06-17,69.02,69.02,69.02,69.02,0
2005-06-20,69.02,69.02,69.02,69.02,0
2005-06-21,69.02,69.02,69.02,69.02,0
2005-06-22,69.14,69.14,69.14,69.14,0
2005-06-23,69.15,69.15,69.15,69.15,0
2005-06-24,69.15,69.15,69.15,69.15,0
2005-06-27,69.03,69.03,69.03,69.03,0
2005-06-28,69.03,69.03,69.03,69.03,0
2005-06-29,69.03,69.03,69.03,69.03,0
2005-06-30,68.98,68.98,68.98,68.98,0
2005-07-01,68.98,68.98,68.98,68.98,0
2005-07-04,68.98,68.98,68.98,68.98,0
2005-07-05,67.32,67.32,67.32,67.32,0
2005-07-06,67.32,67.32,67.32,67.32,0
2005-07-07,67.32,67.32,67.32,67.32,0
2005-07-08,67.1,67.1,67.1,67.1,0
2005-07-11,67.1,67.1,67.1,67.1,0
2005-07-12,67.1,67.1,67.1,67.1,0
2005-07-13,67.1,67.1,67.1,67.1,0
2005-07-14,66.34,66.34,66.34,66.34,0
2005-07-15,66.34,66.34,66.34,66.34,0
2005-07-18,66.34,66.34,66.34,66.34,0
2005-07-19,66.34,66.34,66.34,66.34,0
2005-07-20,65.49,65.49,65.49,65.49,0
2005-07-21,65.49,65.49,65.49,65.49,0
2005-07-22,65.49,65.49,65.49,65.49,0
2005-07-25,65.49,65.49,65.49,65.49,0
2005-07-26,64.97,64.97,64.97,64.97,0
2005-07-27,64.97,64.97,64.97,64.97,0
2005-07-28,64.96,64.96,64.96,64.96,0
2005-07-29,65.03,65.03,65.03,65.03,0
2005-08-01,65.63,65.63,65.63,65.63,0
2005-08-02,65.43,65.43,65.43,65.43,0
2005-08-03,65.43,65.43,65.43,65.43,0
2005-08-04,64.88,64.88,64.88,64.88,0
2005-08-05,64.88,64.88,64.88,64.88,0
2005-08-09,65.43,65.43,65.43,65.43,0
2005-08-10,65.43,65.43,65.43,65.43,0
2005-08-11,65.43,65.43,65.43,65.43,0
2005-08-12,65.12,65.12,65.12,65.12,0
2005-08-16,64.93,64.93,64.93,64.93,0
2005-08-17,64.39,64.39,64.39,64.39,0
2005-08-18,64.93,64.93,64.93,64.93,0
2005-08-19,63.76,63.76,63.76,63.76,0
2005-08-22,64.31,64.31,64.31,64.31,0
2005-08-23,64.43,64.43,64.43,64.43,0
2005-08-24,64.43,64.43,64.43,64.43,0
2005-08-25,64.61,64.61,64.61,64.61,0
2005-08-26,64.61,64.61,64.61,64.61,0
2005-08-29,64.61,64.61,64.61,64.61,0
2005-08-30,64.61,64.61,64.61,64.61,0
2005-08-31,64.61,64.61,64.61,64.61,0
2005-09-02,64.61,64.61,64.61,64.61,0
2005-09-05,64.61,64.61,64.61,64.61,0
2005-09-06,64.62,64.62,64.62,64.62,0
2005-09-08,64.93,64.93,64.93,64.93,0
2005-09-09,64.92,64.92,64.92,64.92,0
2005-09-12,64.92,64.92,64.92,64.92,0
2005-09-13,64.92,64.92,64.92,64.92,0
2005-09-14,64.92,64.92,64.92,64.92,0
2005-09-15,64.92,64.92,64.92,64.92,0
2005-09-16,64.92,64.92,64.92,64.92,0
2005-09-19,64.92,64.92,64.92,64.92,0
2005-09-20,64.92,64.92,64.92,64.92,0
2005-09-21,64.92,64.92,64.92,64.92,0
2005-09-22,64.95,64.95,64.95,64.95,0
2005-09-23,64.95,64.95,64.95,64.95,0
2005-09-26,64.94,64.94,64.94,64.94,0
2005-09-27,64.37,64.37,64.37,64.37,0
2005-09-28,64.37,64.37,64.37,64.37,0
2005-09-29,64.41,64.41,64.41,64.41,0
2005-09-30,64.37,64.37,64.37,64.37,0
2005-10-03,64.41,64.41,64.41,64.41,0
2005-10-04,64.41,64.41,64.41,64.41,0
2005-10-05,64.41,64.41,64.41,64.41,0
2005-10-06,64.42,64.42,64.42,64.42,0
2005-10-07,64.48,64.48,64.48,64.48,0
2005-10-10,64.48,64.48,64.48,64.48,0
2005-10-11,64.48,64.48,64.48,64.48,0
2005-10-12,64.48,64.48,64.48,64.48,0
2005-10-13,63.95,63.95,63.95,63.95,0
2005-10-14,64.09,64.09,64.09,64.09,0
2005-10-17,64.1,64.1,64.1,64.1,0
2005-10-18,64.07,64.07,64.07,64.07,0
2005-10-19,64.07,64.07,64.07,64.07,0
2005-10-24,64.07,64.07,64.07,64.07,0
2005-10-25,65.87,65.87,65.87,65.87,0
2005-10-26,65.78,65.78,65.78,65.78,0
2005-10-27,65.78,65.78,65.78,65.78,0
2005-10-28,65.84,65.84,65.84,65.84,0
2005-10-31,65.84,65.84,65.84,65.84,0
2005-11-02,65.84,65.84,65.84,65.84,0
2005-11-04,65.84,65.84,65.84,65.84,0
2005-11-07,65.84,65.84,65.84,65.84,0
2005-11-08,65.84,65.84,65.84,65.84,0
2005-11-09,65.84,65.84,65.84,65.84,0
2005-11-10,65.85,65.85,65.85,65.85,0
2005-11-11,65.85,65.85,65.85,65.85,0
2005-11-14,65.85,65.85,65.85,65.85,0
2005-11-16,66.22,66.22,66.22,66.22,0
2005-11-17,66.35,66.35,66.35,66.35,0
2005-11-18,66.35,66.35,66.35,66.35,0
2005-11-21,66.35,66.35,66.35,66.35,0
2005-11-22,66.37,66.37,66.37,66.37,0
2005-11-23,66.37,66.37,66.37,66.37,0
2005-11-24,66.37,66.37,66.37,66.37,0
2005-11-25,66.37,66.37,66.37,66.37,0
2005-11-28,66.32,66.32,66.32,66.32,0
2005-11-29,66.2,66.2,66.2,66.2,0
2005-11-30,66.2,66.2,66.2,66.2,0
2005-12-01,66.2,66.2,66.2,66.2,0
2005-12-02,66.2,66.2,66.2,66.2,0
2005-12-05,65.59,65.59,65.59,65.59,0
2005-12-06,65.59,65.59,65.59,65.59,0
2005-12-07,65.59,65.59,65.59,65.59,0
2005-12-08,65.59,65.59,65.59,65.59,0
2005-12-09,65.1,65.1,65.1,65.1,0
2005-12-12,67.06,67.06,67.06,67.06,0
2005-12-13,67.06,67.06,67.06,67.06,0
2005-12-14,67.06,67.06,67.06,67.06,0
2005-12-15,67.06,67.06,67.06,67.06,0
2005-12-16,67.06,67.06,67.06,67.06,0
2005-12-19,67.41,67.41,67.41,67.41,0
2005-12-20,67.73,67.73,67.73,67.73,0
2005-12-21,67.73,67.73,67.73,67.73,0
2005-12-22,67.73,67.73,67.73,67.73,0
2005-12-23,67.73,67.73,67.73,67.73,0
2005-12-26,67.85,67.85,67.85,67.85,0
2005-12-27,67.97,67.97,67.97,67.97,0
2005-12-28,67.97,67.97,67.97,67.97,0
2005-12-29,68.04,68.04,68.04,68.04,0
2005-12-30,68.08,68.08,68.08,68.08,0
2006-01-02,68.08,68.08,68.08,68.08,0
2006-01-03,68.19,68.19,68.19,68.19,0
2006-01-04,68.19,68.19,68.19,68.19,0
2006-01-06,69.59,69.59,69.59,69.59,0
2006-01-09,69.59,69.59,69.59,69.59,0
2006-01-11,69.59,69.59,69.59,69.59,0
2006-01-12,69.64,69.64,69.64,69.64,0
2006-01-16,69.48,69.48,69.48,69.48,0
2006-01-17,69.48,69.48,69.48,69.48,0
2006-01-18,69.48,69.48,69.48,69.48,0
2006-01-19,69.48,69.48,69.48,69.48,0
2006-01-20,69.54,69.54,69.54,69.54,0
2006-01-23,69.54,69.54,69.54,69.54,0
2006-01-24,70.63,70.63,70.63,70.63,0
2006-01-26,70.57,70.57,70.57,70.57,0
2006-01-27,70.52,70.52,70.52,70.52,0
2006-01-30,70.52,70.52,70.52,70.52,0
2006-01-31,70.52,70.52,70.52,70.52,0
2006-02-01,70.53,70.53,70.53,70.53,0
2006-02-02,70.53,70.53,70.53,70.53,0
2006-02-03,70.53,70.53,70.53,70.53,0
2006-02-06,70.95,70.95,70.95,70.95,0
2006-02-07,70.95,70.95,70.95,70.95,0
2006-02-08,71.8,71.8,71.8,71.8,0
2006-02-09,71.8,71.8,71.8,71.8,0
2006-02-10,71.75,71.75,71.75,71.75,0
2006-02-13,71.75,71.75,71.75,71.75,0
2006-02-14,74.29,74.29,74.29,74.29,0
2006-02-15,74.24,74.24,74.24,74.24,0
2006-02-16,77.16,77.16,77.16,77.16,0
2006-02-17,77.16,77.16,77.16,77.16,0
2006-02-20,77.16,77.16,77.16,77.16,0
2006-02-21,76.5,76.5,76.5,76.5,0
2006-02-22,76.5,76.5,76.5,76.5,0
2006-02-23,76.51,76.51,76.51,76.51,0
2006-02-24,79.37,79.37,79.37,79.37,0
2006-02-27,79.37,79.37,79.37,79.37,0
2006-02-28,79.37,79.37,79.37,79.37,0
2006-03-01,79.37,79.37,79.37,79.37,0
2006-03-02,79.37,79.37,79.37,79.37,0
2006-03-03,79.3,79.3,79.3,79.3,0
2006-03-06,79.9,79.9,79.9,79.9,0
2006-03-07,79.9,79.9,79.9,79.9,0
2006-03-08,82.19,82.19,82.19,82.19,0
2006-03-10,83.7,83.7,83.7,83.7,0
2006-03-13,83.7,83.7,83.7,83.7,0
2006-03-14,84.2,84.2,84.2,84.2,0
2006-03-15,84.27,84.27,84.27,84.27,0
2006-03-16,84.27,84.27,84.27,84.27,0
2006-03-17,84.27,84.27,84.27,84.27,0
2006-03-20,83.67,83.67,83.67,83.67,0
2006-03-21,84.27,84.27,84.27,84.27,0
2006-03-22,84.27,84.27,84.27,84.27,0
2006-03-23,84.27,84.27,84.27,84.27,0
2006-03-24,84.27,84.27,84.27,84.27,0
2006-03-27,87.59,87.59,87.59,87.59,0
2006-03-28,87.59,87.59,87.59,87.59,0
2006-03-29,87.59,87.59,87.59,87.59,0
2006-03-30,88.68,88.68,88.68,88.68,0
2006-03-31,88.68,88.68,88.68,88.68,0
2006-04-03,88.68,88.68,88.68,88.68,0
2006-04-04,88.68,88.68,88.68,88.68,0
2006-04-05,88.68,88.68,88.68,88.68,0
2006-04-06,88.8,88.8,88.8,88.8,0
2006-04-07,89.28,89.28,89.28,89.28,0
2006-04-10,88.8,88.8,88.8,88.8,0
2006-04-12,88.61,88.61,88.61,88.61,0
2006-04-13,88.63,88.63,88.63,88.63,0
2006-04-14,88.63,88.63,88.63,88.63,0
2006-04-18,88.64,88.64,88.64,88.64,0
2006-04-19,86.52,86.52,86.52,86.52,0
2006-04-20,86.57,86.57,86.57,86.57,0
2006-04-21,86.57,86.57,86.57,86.57,0
2006-04-24,86.51,86.51,86.51,86.51,0
2006-04-25,86.57,86.57,86.57,86.57,0
2006-04-26,86.57,86.57,86.57,86.57,0
2006-04-27,86.69,86.69,86.69,86.69,0
2006-04-28,86.57,86.57,86.57,86.57,0
2006-05-02,82.72,82.72,82.72,82.72,0
2006-05-03,82.72,82.72,82.72,82.72,0
2006-05-04,82,82,82,82,0
2006-05-05,81.52,81.52,81.52,81.52,0
2006-05-08,80.33,80.33,80.33,80.33,0
2006-05-09,80.33,80.33,80.33,80.33,0
2006-05-10,80.33,80.33,80.33,80.33,0
2006-05-11,79.1,79.1,79.1,79.1,0
2006-05-12,78.6,78.6,78.6,78.6,0
2006-05-15,78.6,78.6,78.6,78.6,0
2006-05-16,78.6,78.6,78.6,78.6,0
2006-05-17,78.6,78.6,78.6,78.6,0
2006-05-18,78.6,78.6,78.6,78.6,0
2006-05-19,78.6,78.6,78.6,78.6,0
2006-05-22,78.6,78.6,78.6,78.6,0
2006-05-23,78.6,78.6,78.6,78.6,0
2006-05-24,78.77,78.77,78.77,78.77,0
2006-05-26,77.68,77.68,77.68,77.68,0
2006-05-29,77.68,77.68,77.68,77.68,0
2006-05-30,77.87,77.87,77.87,77.87,0
2006-05-31,78.23,78.23,78.23,78.23,0
2006-06-01,78.23,78.23,78.23,78.23,0
2006-06-02,78.23,78.23,78.23,78.23,0
2006-06-06,78.23,78.23,78.23,78.23,0
2006-06-07,78.23,78.23,78.23,78.23,0
2006-06-08,78.17,78.17,78.17,78.17,0
2006-06-09,78.17,78.17,78.17,78.17,0
2006-06-12,78.17,78.17,78.17,78.17,0
2006-06-13,78.31,78.31,78.31,78.31,0
2006-06-14,78.31,78.31,78.31,78.31,0
2006-06-15,78.31,78.31,78.31,78.31,0
2006-06-16,77.27,77.27,77.27,77.27,0
2006-06-19,75.55,75.55,75.55,75.55,0
2006-06-20,75.55,75.55,75.55,75.55,0
2006-06-21,75.55,75.55,75.55,75.55,0
2006-06-22,77.43,77.43,77.43,77.43,0
2006-06-23,77.66,77.66,77.66,77.66,0
2006-06-26,77.66,77.66,77.66,77.66,0
2006-06-27,77.66,77.66,77.66,77.66,0
2006-06-28,77.66,77.66,77.66,77.66,0
2006-06-29,78.14,78.14,78.14,78.14,0
2006-06-30,78.14,78.14,78.14,78.14,0
2006-07-03,78.19,78.19,78.19,78.19,0
2006-07-04,77.89,77.89,77.89,77.89,0
2006-07-05,77.89,77.89,77.89,77.89,0
2006-07-06,77.59,77.59,77.59,77.59,0
2006-07-07,76.99,76.99,76.99,76.99,0
2006-07-10,77.43,77.43,77.43,77.43,0
2006-07-11,77.43,77.43,77.43,77.43,0
2006-07-12,77.43,77.43,77.43,77.43,0
2006-07-13,77.43,77.43,77.43,77.43,0
2006-07-14,77.43,77.43,77.43,77.43,0
2006-07-17,77.43,77.43,77.43,77.43,0
2006-07-18,77.43,77.43,77.43,77.43,0
2006-07-19,77.43,77.43,77.43,77.43,0
2006-07-20,77.45,77.45,77.45,77.45,0
2006-07-21,77.43,77.43,77.43,77.43,0
2006-07-24,77.43,77.43,77.43,77.43,0
2006-07-25,77.43,77.43,77.43,77.43,0
2006-07-26,79.24,79.24,79.24,79.24,0
2006-07-27,79.24,79.24,79.24,79.24,0
2006-07-28,79.24,79.24,79.24,79.24,0
2006-07-31,79.24,79.24,79.24,79.24,0
2006-08-01,80.92,80.92,80.92,80.92,0
2006-08-02,80.92,80.92,80.92,80.92,0
2006-08-03,80.92,80.92,80.92,80.92,0
2006-08-04,80.92,80.92,80.92,80.92,0
2006-08-08,80.94,80.94,80.94,80.94,0
2006-08-09,80.93,80.93,80.93,80.93,0
2006-08-10,80.93,80.93,80.93,80.93,0
2006-08-11,80.93,80.93,80.93,80.93,0
2006-08-14,80.93,80.93,80.93,80.93,0
2006-08-16,80.32,80.32,80.32,80.32,0
2006-08-17,80.31,80.31,80.31,80.31,0
2006-08-18,80.31,80.31,80.31,80.31,0
2006-08-21,80.31,80.31,80.31,80.31,0
2006-08-22,79.11,79.11,79.11,79.11,0
2006-08-23,79.2,79.2,79.2,79.2,0
2006-08-24,79.2,79.2,79.2,79.2,0
2006-08-25,79.2,79.2,79.2,79.2,0
2006-08-28,79.2,79.2,79.2,79.2,0
2006-08-29,79.2,79.2,79.2,79.2,0
2006-08-30,79.2,79.2,79.2,79.2,0
2006-08-31,79.2,79.2,79.2,79.2,0
2006-09-01,79.2,79.2,79.2,79.2,0
2006-09-04,79.2,79.2,79.2,79.2,0
2006-09-06,79.11,79.11,79.11,79.11,0
2006-09-07,79.17,79.17,79.17,79.17,0
2006-09-08,79.29,79.29,79.29,79.29,0
2006-09-11,79.29,79.29,79.29,79.29,0
2006-09-12,80.15,80.15,80.15,80.15,0
2006-09-13,80.15,80.15,80.15,80.15,0
2006-09-14,80.28,80.28,80.28,80.28,0
2006-09-15,81.96,81.96,81.96,81.96,0
2006-09-18,81.96,81.96,81.96,81.96,0
2006-09-19,81.96,81.96,81.96,81.96,0
2006-09-20,82.06,82.06,82.06,82.06,0
2006-09-21,79.28,79.28,79.28,79.28,0
2006-09-22,79.29,79.29,79.29,79.29,0
2006-09-25,79.3,79.3,79.3,79.3,0
2006-09-26,79.3,79.3,79.3,79.3,0
2006-09-27,79.3,79.3,79.3,79.3,0
2006-09-28,79.3,79.3,79.3,79.3,0
2006-10-02,79.31,79.31,79.31,79.31,0
2006-10-03,79.31,79.31,79.31,79.31,0
2006-10-04,79.31,79.31,79.31,79.31,0
2006-10-05,79.91,79.91,79.91,79.91,0
2006-10-06,79.91,79.91,79.91,79.91,0
2006-10-09,79.91,79.91,79.91,79.91,0
2006-10-10,79.91,79.91,79.91,79.91,0
2006-10-12,80.09,80.09,80.09,80.09,0
2006-10-13,80.09,80.09,80.09,80.09,0
2006-10-16,80.09,80.09,80.09,80.09,0
2006-10-17,80.09,80.09,80.09,80.09,0
2006-10-18,80.09,80.09,80.09,80.09,0
2006-10-20,80.4,80.4,80.4,80.4,0
2006-10-24,80.4,80.4,80.4,80.4,0
2006-10-25,80.4,80.4,80.4,80.4,0
2006-10-26,81.61,81.61,81.61,81.61,0
2006-10-27,81.61,81.61,81.61,81.61,0
2006-10-30,81.42,81.42,81.42,81.42,0
2006-10-31,81.43,81.43,81.43,81.43,0
2006-11-02,82.04,82.04,82.04,82.04,0
2006-11-03,82.04,82.04,82.04,82.04,0
2006-11-06,82.04,82.04,82.04,82.04,0
2006-11-07,82.04,82.04,82.04,82.04,0
2006-11-08,82.04,82.04,82.04,82.04,0
2006-11-09,82.04,82.04,82.04,82.04,0
2006-11-10,82.04,82.04,82.04,82.04,0
2006-11-13,82.1,82.1,82.1,82.1,0
2006-11-14,82.1,82.1,82.1,82.1,0
2006-11-16,82.1,82.1,82.1,82.1,0
2006-11-17,82.29,82.29,82.29,82.29,0
2006-11-20,82.29,82.29,82.29,82.29,0
2006-11-21,82.3,82.3,82.3,82.3,0
2006-11-22,82.3,82.3,82.3,82.3,0
2006-11-23,82.3,82.3,82.3,82.3,0
2006-11-24,82.3,82.3,82.3,82.3,0
2006-11-27,82.3,82.3,82.3,82.3,0
2006-11-28,82.3,82.3,82.3,82.3,0
2006-11-29,83.19,83.19,83.19,83.19,0
2006-11-30,83.19,83.19,83.19,83.19,0
2006-12-01,82.77,82.77,82.77,82.77,0
2006-12-04,82.17,82.17,82.17,82.17,0
2006-12-05,82.17,82.17,82.17,82.17,0
2006-12-06,82.17,82.17,82.17,82.17,0
2006-12-07,82.17,82.17,82.17,82.17,0
2006-12-08,82.17,82.17,82.17,82.17,0
2006-12-11,82.17,82.17,82.17,82.17,0
2006-12-12,82.17,82.17,82.17,82.17,0
2006-12-13,82.18,82.18,82.18,82.18,0
2006-12-14,82.18,82.18,82.18,82.18,0
2006-12-15,82.18,82.18,82.18,82.18,0
2006-12-18,82.18,82.18,82.18,82.18,0
2006-12-19,82.18,82.18,82.18,82.18,0
2006-12-20,82.18,82.18,82.18,82.18,0
2006-12-21,81.42,81.42,81.42,81.42,0
2006-12-22,81.42,81.42,81.42,81.42,0
2006-12-26,81.23,81.23,81.23,81.23,0
2006-12-27,81.23,81.23,81.23,81.23,0
2006-12-28,81.84,81.84,81.84,81.84,0
2006-12-29,81.83,81.83,81.83,81.83,0
2007-01-02,81.83,81.83,81.83,81.83,0
2007-01-03,81.83,81.83,81.83,81.83,0
2007-01-04,81.83,81.83,81.83,81.83,0
2007-01-05,81.83,81.83,81.83,81.83,0
2007-01-08,81.83,81.83,81.83,81.83,0
2007-01-09,81.83,81.83,81.83,81.83,0
2007-01-10,81.83,81.83,81.83,81.83,0
2007-01-11,81.83,81.83,81.83,81.83,0
2007-01-12,81.84,81.84,81.84,81.84,0
2007-01-15,81.84,81.84,81.84,81.84,0
2007-01-16,81.84,81.84,81.84,81.84,0
2007-01-17,81.84,81.84,81.84,81.84,0
2007-01-18,81.86,81.86,81.86,81.86,0
2007-01-19,82.03,82.03,82.03,82.03,0
2007-01-22,82.03,82.03,82.03,82.03,0
2007-01-23,82,82,82,82,0
2007-01-24,82,82,82,82,0
2007-01-25,82,82,82,82,0
2007-01-26,82,82,82,82,0
2007-01-30,81.88,81.88,81.88,81.88,0
2007-01-31,81.88,81.88,81.88,81.88,0
2007-02-01,81.88,81.88,81.88,81.88,0
2007-02-02,81.88,81.88,81.88,81.88,0
2007-02-05,81.88,81.88,81.88,81.88,0
2007-02-06,81.88,81.88,81.88,81.88,0
2007-02-07,81.88,81.88,81.88,81.88,0
2007-02-08,81.88,81.88,81.88,81.88,0
2007-02-09,81.88,81.88,81.88,81.88,0
2007-02-12,81.82,81.82,81.82,81.82,0
2007-02-13,81.82,81.82,81.82,81.82,0
2007-02-14,81.82,81.82,81.82,81.82,0
2007-02-15,81.82,81.82,81.82,81.82,0
2007-02-19,81.79,81.79,81.79,81.79,0
2007-02-20,81.79,81.79,81.79,81.79,0
2007-02-21,81.79,81.79,81.79,81.79,0
2007-02-22,81.79,81.79,81.79,81.79,0
2007-02-23,81.81,81.81,81.81,81.81,0
2007-02-26,81.81,81.81,81.81,81.81,0
2007-02-27,81.81,81.81,81.81,81.81,0
2007-02-28,81.81,81.81,81.81,81.81,0
2007-03-01,81.81,81.81,81.81,81.81,0
2007-03-02,82.13,82.13,82.13,82.13,0
2007-03-05,82.13,82.13,82.13,82.13,0
2007-03-06,82.13,82.13,82.13,82.13,0
2007-03-07,82.13,82.13,82.13,82.13,0
2007-03-08,82.13,82.13,82.13,82.13,0
2007-03-09,82.15,82.15,82.15,82.15,0
2007-03-12,82.13,82.13,82.13,82.13,0
2007-03-13,82.13,82.13,82.13,82.13,0
2007-03-14,82.13,82.13,82.13,82.13,0
2007-03-15,82.13,82.13,82.13,82.13,0
2007-03-16,82.13,82.13,82.13,82.13,0
2007-03-19,82.13,82.13,82.13,82.13,0
2007-03-20,82.13,82.13,82.13,82.13,0
2007-03-21,82.14,82.14,82.14,82.14,0
2007-03-22,82.14,82.14,82.14,82.14,0
2007-03-26,82.36,82.36,82.36,82.36,0
2007-03-27,82.36,82.36,82.36,82.36,0
2007-03-28,82.36,82.36,82.36,82.36,0
2007-03-29,82.37,82.37,82.37,82.37,0
2007-03-30,82.37,82.37,82.37,82.37,0
2007-04-02,82.37,82.37,82.37,82.37,0
2007-04-03,82.96,82.96,82.96,82.96,0
2007-04-04,83.19,83.19,83.19,83.19,0
2007-04-05,83.19,83.19,83.19,83.19,0
2007-04-06,83.3,83.3,83.3,83.3,0
2007-04-10,83.31,83.31,83.31,83.31,0
2007-04-11,83.3,83.3,83.3,83.3,0
2007-04-12,83.3,83.3,83.3,83.3,0
2007-04-13,83.36,83.36,83.36,83.36,0
2007-04-16,83.36,83.36,83.36,83.36,0
2007-04-17,83.36,83.36,83.36,83.36,0
2007-04-18,83.36,83.36,83.36,83.36,0
2007-04-20,83.36,83.36,83.36,83.36,0
2007-04-23,83.3,83.3,83.3,83.3,0
2007-04-24,83.3,83.3,83.3,83.3,0
2007-04-25,83.41,83.41,83.41,83.41,0
2007-04-26,83.41,83.41,83.41,83.41,0
2007-04-27,83.41,83.41,83.41,83.41,0
2007-04-30,83.28,83.28,83.28,83.28,0
2007-05-02,83.28,83.28,83.28,83.28,0
2007-05-03,83.28,83.28,83.28,83.28,0
2007-05-04,83.28,83.28,83.28,83.28,0
2007-05-07,83.28,83.28,83.28,83.28,0
2007-05-08,83.29,83.29,83.29,83.29,0
2007-05-09,83.28,83.28,83.28,83.28,0
2007-05-10,83.28,83.28,83.28,83.28,0
2007-05-11,83.28,83.28,83.28,83.28,0
2007-05-14,83.28,83.28,83.28,83.28,0
2007-05-15,84.19,84.19,84.19,84.19,0
2007-05-16,86,86,86,86,0
2007-05-18,86,86,86,86,0
2007-05-21,87.17,87.17,87.17,87.17,0
2007-05-22,89.94,89.94,89.94,89.94,0
2007-05-23,90.01,90.01,90.01,90.01,0
2007-05-24,90.01,90.01,90.01,90.01,0
2007-05-25,90.01,90.01,90.01,90.01,0
2007-05-29,90.01,90.01,90.01,90.01,0
2007-05-30,90.01,90.01,90.01,90.01,0
2007-05-31,89.89,89.89,89.89,89.89,0
2007-06-01,89.89,89.89,89.89,89.89,0
2007-06-04,88.74,88.74,88.74,88.74,0
2007-06-05,91.95,91.95,91.95,91.95,0
2007-06-06,91.95,91.95,91.95,91.95,0
2007-06-07,93.1,93.1,93.1,93.1,0
2007-06-08,93.1,93.1,93.1,93.1,0
2007-06-11,92.24,92.24,92.24,92.24,0
2007-06-12,92.24,92.24,92.24,92.24,0
2007-06-13,92.24,92.24,92.24,92.24,0
2007-06-14,92.55,92.55,92.55,92.55,0
2007-06-15,92.55,92.55,92.55,92.55,0
2007-06-18,96.03,96.03,96.03,96.03,0
2007-06-19,96.03,96.03,96.03,96.03,0
2007-06-20,96.03,96.03,96.03,96.03,0
2007-06-21,96.16,96.16,96.16,96.16,0
2007-06-22,96.32,96.32,96.32,96.32,0
2007-06-25,98.78,98.78,98.78,98.78,0
2007-06-26,100.59,100.59,100.59,100.59,0
2007-06-27,100.59,100.59,100.59,100.59,0
2007-06-28,101.8,101.8,101.8,101.8,0
2007-06-29,101.8,101.8,101.8,101.8,0
2007-07-02,101.8,101.8,101.8,101.8,0
2007-07-03,101.8,101.8,101.8,101.8,0
2007-07-04,101.95,101.95,101.95,101.95,0
2007-07-05,103.16,103.16,103.16,103.16,0
2007-07-06,103.16,103.16,103.16,103.16,0
2007-07-09,103.28,103.28,103.28,103.28,0
2007-07-10,101.57,101.57,101.57,101.57,0
2007-07-11,98.62,98.62,98.62,98.62,0
2007-07-12,98.62,98.62,98.62,98.62,0
2007-07-13,98.72,98.72,98.72,98.72,0
2007-07-16,98.72,98.72,98.72,98.72,0
2007-07-17,98.05,98.05,98.05,98.05,0
2007-07-18,98.05,98.05,98.05,98.05,0
2007-07-19,96.35,96.35,96.35,96.35,0
2007-07-20,96.05,96.05,96.05,96.05,0
2007-07-23,95.99,95.99,95.99,95.99,0
2007-07-24,95.63,95.63,95.63,95.63,0
2007-07-25,95.65,95.65,95.65,95.65,0
2007-07-26,95.73,95.73,95.73,95.73,0
2007-07-27,95.49,95.49,95.49,95.49,0
2007-07-31,95.8,95.8,95.8,95.8,0
2007-08-01,95.44,95.44,95.44,95.44,0
2007-08-02,95.27,95.27,95.27,95.27,0
2007-08-03,95.27,95.27,95.27,95.27,0
2007-08-08,95.27,95.27,95.27,95.27,0
2007-08-09,95.39,95.39,95.39,95.39,0
2007-08-10,96.47,96.47,96.47,96.47,0
2007-08-13,97.32,97.32,97.32,97.32,0
2007-08-14,97.32,97.32,97.32,97.32,0
2007-08-16,97.32,97.32,97.32,97.32,0
2007-08-17,99.13,99.13,99.13,99.13,0
2007-08-20,98.52,98.52,98.52,98.52,0
2007-08-21,100.07,100.07,100.07,100.07,0
2007-08-22,100.56,100.56,100.56,100.56,0
2007-08-23,100.72,100.72,100.72,100.72,0
2007-08-24,100.91,100.91,100.91,100.91,0
2007-08-27,100.93,100.93,100.93,100.93,0
2007-08-28,101.05,101.05,101.05,101.05,0
2007-08-29,101.05,101.05,101.05,101.05,0
2007-08-30,101.43,101.43,101.43,101.43,0
2007-08-31,101.48,101.48,101.48,101.48,0
2007-09-03,101.48,101.48,101.48,101.48,0
2007-09-04,103.68,103.68,103.68,103.68,0
2007-09-05,103.68,103.68,103.68,103.68,0
2007-09-06,104.1,104.1,104.1,104.1,0
2007-09-07,104.71,104.71,104.71,104.71,0
2007-09-10,104.72,104.72,104.72,104.72,0
2007-09-11,104.77,104.77,104.77,104.77,0
2007-09-12,104.89,104.89,104.89,104.89,0
2007-09-13,104.92,104.92,104.92,104.92,0
2007-09-14,105.52,105.52,105.52,105.52,0
2007-09-17,105.93,105.93,105.93,105.93,0
2007-09-18,106.5,106.5,106.5,106.5,0
2007-09-19,106.82,106.82,106.82,106.82,0
2007-09-20,106.82,106.82,106.82,106.82,0
2007-09-21,106.82,106.82,106.82,106.82,0
2007-09-24,107.1,107.1,107.1,107.1,0
2007-09-25,107.1,107.1,107.1,107.1,0
2007-09-26,109.49,109.49,109.49,109.49,0
2007-09-27,109.58,109.58,109.58,109.58,0
2007-09-28,109.58,109.58,109.58,109.58,0
2007-10-01,109.96,109.96,109.96,109.96,0
2007-10-02,110.86,110.86,110.86,110.86,0
2007-10-03,110.66,110.66,110.66,110.66,0
2007-10-04,110.76,110.76,110.76,110.76,0
2007-10-05,110.76,110.76,110.76,110.76,0
2007-10-08,110.76,110.76,110.76,110.76,0
2007-10-10,110.86,110.86,110.86,110.86,0
2007-10-11,110.87,110.87,110.87,110.87,0
2007-10-15,110.89,110.89,110.89,110.89,0
2007-10-16,111.06,111.06,111.06,111.06,0
2007-10-17,111.59,111.59,111.59,111.59,0
2007-10-18,112.5,112.5,112.5,112.5,0
2007-10-19,112.57,112.57,112.57,112.57,0
2007-10-22,113.7,113.7,113.7,113.7,0
2007-10-23,113.7,113.7,113.7,113.7,0
2007-10-24,113.7,113.7,113.7,113.7,0
2007-10-25,114.27,114.27,114.27,114.27,0
2007-10-26,114.18,114.18,114.18,114.18,0
2007-10-29,117.18,117.18,117.18,117.18,0
2007-10-30,118.24,118.24,118.24,118.24,0
2007-10-31,120.72,120.72,120.72,120.72,0
2007-11-02,119.07,119.07,119.07,119.07,0
2007-11-05,119.07,119.07,119.07,119.07,0
2007-11-06,120.26,120.26,120.26,120.26,0
2007-11-07,120.26,120.26,120.26,120.26,0
2007-11-08,122.16,122.16,122.16,122.16,0
2007-11-09,122.85,122.85,122.85,122.85,0
2007-11-12,125.37,125.37,125.37,125.37,0
2007-11-13,125.89,125.89,125.89,125.89,0
2007-11-14,125.89,125.89,125.89,125.89,0
2007-11-16,125.89,125.89,125.89,125.89,0
2007-11-19,126.01,126.01,126.01,126.01,0
2007-11-20,125.76,125.76,125.76,125.76,0
2007-11-21,125.76,125.76,125.76,125.76,0
2007-11-22,126.53,126.53,126.53,126.53,0
2007-11-23,126.53,126.53,126.53,126.53,0
2007-11-26,126.53,126.53,126.53,126.53,0
2007-11-27,125.98,125.98,125.98,125.98,0
2007-11-30,124.57,124.57,124.57,124.57,0
2007-12-03,123.92,123.92,123.92,123.92,0
2007-12-04,123.92,123.92,123.92,123.92,0
2007-12-05,123.23,123.23,123.23,123.23,0
2007-12-06,123.23,123.23,123.23,123.23,0
2007-12-07,123.23,123.23,123.23,123.23,0
2007-12-10,122.71,122.71,122.71,122.71,0
2007-12-11,122.71,122.71,122.71,122.71,0
2007-12-12,122.71,122.71,122.71,122.71,0
2007-12-13,122.64,122.64,122.64,122.64,0
2007-12-14,121.64,121.64,121.64,121.64,0
2007-12-17,121.64,121.64,121.64,121.64,0
2007-12-18,122.13,122.13,122.13,122.13,0
2007-12-20,122.13,122.13,122.13,122.13,0
2007-12-21,123.21,123.21,123.21,123.21,0
2007-12-24,122.01,122.01,122.01,122.01,0
2007-12-26,121.85,121.85,121.85,121.85,0
2007-12-27,121.61,121.61,121.61,121.61,0
2007-12-28,121.61,121.61,121.61,121.61,0
2007-12-31,121.25,121.25,121.25,121.25,0
2008-01-02,121.25,121.25,121.25,121.25,0
2008-01-03,121.25,121.25,121.25,121.25,0
2008-01-04,121.29,121.29,121.29,121.29,0
2008-01-07,121.29,121.29,121.29,121.29,0
2008-01-09,121.29,121.29,121.29,121.29,0
2008-01-10,121.29,121.29,121.29,121.29,0
2008-01-11,121.35,121.35,121.35,121.35,0
2008-01-14,123.35,123.35,123.35,123.35,0
2008-01-15,123.35,123.35,123.35,123.35,0
2008-01-16,123.47,123.47,123.47,123.47,0
2008-01-17,123.45,123.45,123.45,123.45,0
2008-01-18,123.36,123.36,123.36,123.36,0
2008-01-21,123.36,123.36,123.36,123.36,0
2008-01-22,122.1,122.1,122.1,122.1,0
2008-01-23,122.1,122.1,122.1,122.1,0
2008-01-24,122.1,122.1,122.1,122.1,0
2008-01-25,122.21,122.21,122.21,122.21,0
2008-01-28,122.21,122.21,122.21,122.21,0
2008-01-29,122.21,122.21,122.21,122.21,0
2008-01-30,122.2,122.2,122.2,122.2,0
2008-01-31,122.2,122.2,122.2,122.2,0
2008-02-01,122.5,122.5,122.5,122.5,0
2008-02-04,122.5,122.5,122.5,122.5,0
2008-02-05,122.28,122.28,122.28,122.28,0
2008-02-06,122.49,122.49,122.49,122.49,0
2008-02-07,122.49,122.49,122.49,122.49,0
2008-02-08,122.49,122.49,122.49,122.49,0
2008-02-11,122.49,122.49,122.49,122.49,0
2008-02-12,122.49,122.49,122.49,122.49,0
2008-02-13,122.49,122.49,122.49,122.49,0
2008-02-14,122.49,122.49,122.49,122.49,0
2008-02-15,122.66,122.66,122.66,122.66,0
2008-02-18,122.98,122.98,122.98,122.98,0
2008-02-19,122.94,122.94,122.94,122.94,0
2008-02-20,122.95,122.95,122.95,122.95,0
2008-02-21,121.86,121.86,121.86,121.86,0
2008-02-22,121.86,121.86,121.86,121.86,0
2008-02-25,121.86,121.86,121.86,121.86,0
2008-02-26,121.89,121.89,121.89,121.89,0
2008-02-27,121.98,121.98,121.98,121.98,0
2008-02-28,122.9,122.9,122.9,122.9,0
2008-02-29,122.95,122.95,122.95,122.95,0
2008-03-03,123.24,123.24,123.24,123.24,0
2008-03-04,122.04,122.04,122.04,122.04,0
2008-03-05,123.49,123.49,123.49,123.49,0
2008-03-06,123.49,123.49,123.49,123.49,0
2008-03-07,123.38,123.38,123.38,123.38,0
2008-03-10,123.85,123.85,123.85,123.85,0
2008-03-11,124.16,124.16,124.16,124.16,0
2008-03-12,124.39,124.39,124.39,124.39,0
2008-03-13,124.38,124.38,124.38,124.38,0
2008-03-14,124.4,124.4,124.4,124.4,0
2008-03-17,124.41,124.41,124.41,124.41,0
2008-03-18,124.68,124.68,124.68,124.68,0
2008-03-19,124.68,124.68,124.68,124.68,0
2008-03-21,123.83,123.83,123.83,123.83,0
2008-03-25,123.95,123.95,123.95,123.95,0
2008-03-26,123.95,123.95,123.95,123.95,0
2008-03-27,123.95,123.95,123.95,123.95,0
2008-03-28,123.99,123.99,123.99,123.99,0
2008-03-31,123.99,123.99,123.99,123.99,0
2008-04-01,124.01,124.01,124.01,124.01,0
2008-04-02,124.41,124.41,124.41,124.41,0
2008-04-03,124.41,124.41,124.41,124.41,0
2008-04-04,125.46,125.46,125.46,125.46,0
2008-04-07,125.46,125.46,125.46,125.46,0
2008-04-08,125.58,125.58,125.58,125.58,0
2008-04-09,129.92,129.92,129.92,129.92,0
2008-04-10,129.89,129.89,129.89,129.89,0
2008-04-11,129.92,129.92,129.92,129.92,0
2008-04-14,129.92,129.92,129.92,129.92,0
2008-04-15,130.88,130.88,130.88,130.88,0
2008-04-16,130.88,130.88,130.88,130.88,0
2008-04-17,130.88,130.88,130.88,130.88,0
2008-04-18,131.19,131.19,131.19,131.19,0
2008-04-21,131.19,131.19,131.19,131.19,0
2008-04-22,131.19,131.19,131.19,131.19,0
2008-04-23,131.19,131.19,131.19,131.19,0
2008-04-24,131.28,131.28,131.28,131.28,0
2008-04-25,136.72,136.72,136.72,136.72,0
2008-04-28,138.56,138.56,138.56,138.56,0
2008-04-29,138.56,138.56,138.56,138.56,0
2008-04-30,139.47,139.47,139.47,139.47,0
2008-05-02,139.47,139.47,139.47,139.47,0
2008-05-05,139.47,139.47,139.47,139.47,0
2008-05-06,144.11,144.11,144.11,144.11,0
2008-05-07,144.8,144.8,144.8,144.8,0
2008-05-08,144.8,144.8,144.8,144.8,0
2008-05-09,153.07,153.07,153.07,153.07,0
2008-05-13,153.16,153.16,153.16,153.16,0
2008-05-14,153.57,153.57,153.57,153.57,0
2008-05-15,146.93,146.93,146.93,146.93,0
2008-05-16,146.63,146.63,146.63,146.63,0
2008-05-19,146.63,146.63,146.63,146.63,0
2008-05-20,146.61,146.61,146.61,146.61,0
2008-05-21,144.57,144.57,144.57,144.57,0
2008-05-22,146.98,146.98,146.98,146.98,0
2008-05-23,146.97,146.97,146.97,146.97,0
2008-05-26,147.59,147.59,147.59,147.59,0
2008-05-27,145.18,145.18,145.18,145.18,0
2008-05-28,145.18,145.18,145.18,145.18,0
2008-05-29,145.18,145.18,145.18,145.18,0
2008-06-02,146.21,146.21,146.21,146.21,0
2008-06-03,146.95,146.95,146.95,146.95,0
2008-06-04,148.21,148.21,148.21,148.21,0
2008-06-05,148.21,148.21,148.21,148.21,0
2008-06-06,148.19,148.19,148.19,148.19,0
2008-06-09,148.49,148.49,148.49,148.49,0
2008-06-10,148.5,148.5,148.5,148.5,0
2008-06-11,147.78,147.78,147.78,147.78,0
2008-06-12,150.2,150.2,150.2,150.2,0
2008-06-13,150.28,150.28,150.28,150.28,0
2008-06-16,151.66,151.66,151.66,151.66,0
2008-06-17,152.45,152.45,152.45,152.45,0
2008-06-18,150.91,150.91,150.91,150.91,0
2008-06-19,150.91,150.91,150.91,150.91,0
2008-06-20,151.51,151.51,151.51,151.51,0
2008-06-23,154.83,154.83,154.83,154.83,0
2008-06-24,156.75,156.75,156.75,156.75,0
2008-06-25,153.14,153.14,153.14,153.14,0
2008-06-26,154.95,154.95,154.95,154.95,0
2008-06-27,156,156,156,156,0
2008-06-30,156.29,156.29,156.29,156.29,0
2008-07-01,157.84,157.84,157.84,157.84,0
2008-07-02,158.58,158.58,158.58,158.58,0
2008-07-03,159.88,159.88,159.88,159.88,0
2008-07-04,162.87,162.87,162.87,162.87,0
2008-07-07,166.64,166.64,166.64,166.64,0
2008-07-08,168.24,168.24,168.24,168.24,0
2008-07-09,168.24,168.24,168.24,168.24,0
2008-07-10,167.99,167.99,167.99,167.99,0
2008-07-11,168.63,168.63,168.63,168.63,0
2008-07-14,168.72,168.72,168.72,168.72,0
2008-07-15,168.12,168.12,168.12,168.12,0
2008-07-16,168.12,168.12,168.12,168.12,0
2008-07-17,168.13,168.13,168.13,168.13,0
2008-07-18,168.26,168.26,168.26,168.26,0
2008-07-21,168.26,168.26,168.26,168.26,0
2008-07-22,168.96,168.96,168.96,168.96,0
2008-07-23,168.99,168.99,168.99,168.99,0
2008-07-24,171.43,171.43,171.43,171.43,0
2008-07-25,171.6,171.6,171.6,171.6,0
2008-07-28,174.17,174.17,174.17,174.17,0
2008-07-29,173.57,173.57,173.57,173.57,0
2008-07-30,174.61,174.61,174.61,174.61,0
2008-07-31,177.11,177.11,177.11,177.11,0
2008-08-01,177.11,177.11,177.11,177.11,0
2008-08-05,180.54,180.54,180.54,180.54,0
2008-08-06,184.98,184.98,184.98,184.98,0
2008-08-08,185.66,185.66,185.66,185.66,0
2008-08-11,185.78,185.78,185.78,185.78,0
2008-08-12,186.92,186.92,186.92,186.92,0
2008-08-13,191.24,191.24,191.24,191.24,0
2008-08-14,196.25,196.25,196.25,196.25,0
2008-08-18,197,197,197,197,0
2008-08-19,198.24,198.24,198.24,198.24,0
2008-08-20,209.4,209.4,209.4,209.4,0
2008-08-21,210.49,210.49,210.49,210.49,0
2008-08-22,212.89,212.89,212.89,212.89,0
2008-08-25,232.51,232.51,232.51,232.51,0
2008-08-26,234.99,234.99,234.99,234.99,0
2008-08-28,243.09,243.09,243.09,243.09,0
2008-08-29,250.39,250.39,250.39,250.39,0
2008-09-01,251.8,251.8,251.8,251.8,0
2008-09-02,252.22,252.22,252.22,252.22,0
2008-09-03,258.79,258.79,258.79,258.79,0
2008-09-04,259.35,259.35,259.35,259.35,0
2008-09-05,259.89,259.89,259.89,259.89,0
2008-09-08,260.4,260.4,260.4,260.4,0
2008-09-09,259.78,259.78,259.78,259.78,0
2008-09-10,245.9,245.9,245.9,245.9,0
2008-09-11,245.9,245.9,245.9,245.9,0
2008-09-12,245.9,245.9,245.9,245.9,0
2008-09-15,245.9,245.9,245.9,245.9,0
2008-09-16,245.9,245.9,245.9,245.9,0
2008-09-17,245.9,245.9,245.9,245.9,0
2008-09-18,245.9,245.9,245.9,245.9,0
2008-09-19,245.9,245.9,245.9,245.9,0
2008-09-22,232.63,232.63,232.63,232.63,0
2008-09-23,230.58,230.58,230.58,230.58,0
2008-09-24,230.58,230.58,230.58,230.58,0
2008-09-25,230.74,230.74,230.74,230.74,0
2008-09-26,230.74,230.74,230.74,230.74,0
2008-09-29,220.48,220.48,220.48,220.48,0
2008-10-01,216.59,216.59,216.59,216.59,0
2008-10-02,216.59,216.59,216.59,216.59,0
2008-10-03,215.98,215.98,215.98,215.98,0
2008-10-06,212.96,212.96,212.96,212.96,0
2008-10-07,212.95,212.95,212.95,212.95,0
2008-10-08,212.95,212.95,212.95,212.95,0
2008-10-09,212.79,212.79,212.79,212.79,0
2008-10-10,208.55,208.55,208.55,208.55,0
2008-10-13,207.5,207.5,207.5,207.5,0
2008-10-14,207.5,207.5,207.5,207.5,0
2008-10-15,205.82,205.82,205.82,205.82,0
2008-10-16,202.09,202.09,202.09,202.09,0
2008-10-17,201.84,201.84,201.84,201.84,0
2008-10-20,198.28,198.28,198.28,198.28,0
2008-10-21,198.28,198.28,198.28,198.28,0
2008-10-22,197.85,197.85,197.85,197.85,0
2008-10-23,194.88,194.88,194.88,194.88,0
2008-10-24,189.56,189.56,189.56,189.56,0
2008-10-27,188.92,188.92,188.92,188.92,0
2008-10-28,188.92,188.92,188.92,188.92,0
2008-10-29,188.92,188.92,188.92,188.92,0
2008-10-30,188.92,188.92,188.92,188.92,0
2008-10-31,186.38,186.38,186.38,186.38,0
2008-11-03,181.56,181.56,181.56,181.56,0
2008-11-04,181.24,181.24,181.24,181.24,0
2008-11-05,181.24,181.24,181.24,181.24,0
2008-11-06,181.24,181.24,181.24,181.24,0
2008-11-07,179.53,179.53,179.53,179.53,0
2008-11-10,179.47,179.47,179.47,179.47,0
2008-11-11,178.84,178.84,178.84,178.84,0
2008-11-12,168.82,168.82,168.82,168.82,0
2008-11-13,168.82,168.82,168.82,168.82,0
2008-11-14,168.82,168.82,168.82,168.82,0
2008-11-17,163.73,163.73,163.73,163.73,0
2008-11-18,160.84,160.84,160.84,160.84,0
2008-11-19,160.12,160.12,160.12,160.12,0
2008-11-20,161.33,161.33,161.33,161.33,0
2008-11-21,156.25,156.25,156.25,156.25,0
2008-11-24,156.25,156.25,156.25,156.25,0
2008-11-25,156.25,156.25,156.25,156.25,0
2008-11-26,158.97,158.97,158.97,158.97,0
2008-11-27,158.97,158.97,158.97,158.97,0
2008-11-28,161.9,161.9,161.9,161.9,0
2008-12-01,160.75,160.75,160.75,160.75,0
2008-12-02,164.38,164.38,164.38,164.38,0
2008-12-03,164.38,164.38,164.38,164.38,0
2008-12-05,162.84,162.84,162.84,162.84,0
2008-12-09,162.53,162.53,162.53,162.53,0
2008-12-10,162.54,162.54,162.54,162.54,0
2008-12-11,162.54,162.54,162.54,162.54,0
2008-12-12,160.12,160.12,160.12,160.12,0
2008-12-15,160.13,160.13,160.13,160.13,0
2008-12-16,166.27,166.27,166.27,166.27,0
2008-12-17,165.66,165.66,165.66,165.66,0
2008-12-18,165.66,165.66,165.66,165.66,0
2008-12-19,165.66,165.66,165.66,165.66,0
2008-12-22,165.66,165.66,165.66,165.66,0
2008-12-23,158.31,158.31,158.31,158.31,0
2008-12-24,154.4,154.4,154.4,154.4,0
2008-12-26,151.99,151.99,151.99,151.99,0
2008-12-29,150.49,150.49,150.49,150.49,0
2008-12-30,151.07,151.07,151.07,151.07,0
2008-12-31,149.13,149.13,149.13,149.13,0
2009-01-02,149.4,149.4,149.4,149.4,0
2009-01-05,150.01,150.01,150.01,150.01,0
2009-01-06,150.01,150.01,150.01,150.01,0
2009-01-07,150.02,150.02,150.02,150.02,0
2009-01-08,150.02,150.02,150.02,150.02,0
2009-01-09,150.04,150.04,150.04,150.04,0
2009-01-12,150.04,150.04,150.04,150.04,0
2009-01-13,150.04,150.04,150.04,150.04,0
2009-01-14,148.44,148.44,148.44,148.44,0
2009-01-15,148.45,148.45,148.45,148.45,0
2009-01-16,148.45,148.45,148.45,148.45,0
2009-01-19,148.45,148.45,148.45,148.45,0
2009-01-20,150.82,150.82,150.82,150.82,0
2009-01-21,150.82,150.82,150.82,150.82,0
2009-01-22,150.82,150.82,150.82,150.82,0
2009-01-23,150.82,150.82,150.82,150.82,0
2009-01-26,150.81,150.81,150.81,150.81,0
2009-01-27,150.21,150.21,150.21,150.21,0
2009-01-28,152.02,152.02,152.02,152.02,0
2009-01-29,152.02,152.02,152.02,152.02,0
2009-01-30,152.75,152.75,152.75,152.75,0
2009-02-02,154.01,154.01,154.01,154.01,0
2009-02-03,155.82,155.82,155.82,155.82,0
2009-02-04,155.82,155.82,155.82,155.82,0
2009-02-05,156.43,156.43,156.43,156.43,0
2009-02-06,156.43,156.43,156.43,156.43,0
2009-02-09,156.43,156.43,156.43,156.43,0
2009-02-10,156.46,156.46,156.46,156.46,0
2009-02-11,156.52,156.52,156.52,156.52,0
2009-02-12,156.88,156.88,156.88,156.88,0
2009-02-13,156.88,156.88,156.88,156.88,0
2009-02-16,159.29,159.29,159.29,159.29,0
2009-02-17,159.35,159.35,159.35,159.35,0
2009-02-18,160.5,160.5,160.5,160.5,0
2009-02-19,160.35,160.35,160.35,160.35,0
2009-02-20,161,161,161,161,0
2009-02-23,161,161,161,161,0
2009-02-24,162.12,162.12,162.12,162.12,0
2009-02-25,162.12,162.12,162.12,162.12,0
2009-02-26,162.12,162.12,162.12,162.12,0
2009-02-27,162.12,162.12,162.12,162.12,0
2009-03-02,162.12,162.12,162.12,162.12,0
2009-03-03,163.33,163.33,163.33,163.33,0
2009-03-04,163.33,163.33,163.33,163.33,0
2009-03-05,163.33,163.33,163.33,163.33,0
2009-03-06,163.33,163.33,163.33,163.33,0
2009-03-10,163.26,163.26,163.26,163.26,0
2009-03-11,163.86,163.86,163.86,163.86,0
2009-03-12,163.86,163.86,163.86,163.86,0
2009-03-16,163.62,163.62,163.62,163.62,0
2009-03-17,163.62,163.62,163.62,163.62,0
2009-03-18,163.62,163.62,163.62,163.62,0
2009-03-19,163.62,163.62,163.62,163.62,0
2009-03-20,163.26,163.26,163.26,163.26,0
2009-03-23,159.64,159.64,159.64,159.64,0
2009-03-24,159.64,159.64,159.64,159.64,0
2009-03-25,159.64,159.64,159.64,159.64,0
2009-03-26,159.64,159.64,159.64,159.64,0
2009-03-27,159.64,159.64,159.64,159.64,0
2009-03-30,159.54,159.54,159.54,159.54,0
2009-03-31,159.54,159.54,159.54,159.54,0
2009-04-01,153.5,153.5,153.5,153.5,0
2009-04-02,153.5,153.5,153.5,153.5,0
2009-04-03,153.48,153.48,153.48,153.48,0
2009-04-06,153.36,153.36,153.36,153.36,0
2009-04-07,151.07,151.07,151.07,151.07,0
2009-04-08,151.07,151.07,151.07,151.07,0
2009-04-09,151.06,151.06,151.06,151.06,0
2009-04-10,151.06,151.06,151.06,151.06,0
2009-04-14,151.06,151.06,151.06,151.06,0
2009-04-15,151.07,151.07,151.07,151.07,0
2009-04-16,148.35,148.35,148.35,148.35,0
2009-04-17,148.35,148.35,148.35,148.35,0
2009-04-20,148.35,148.35,148.35,148.35,0
2009-04-21,148.35,148.35,148.35,148.35,0
2009-04-22,148.35,148.35,148.35,148.35,0
2009-04-23,148.35,148.35,148.35,148.35,0
2009-04-24,139.38,139.38,139.38,139.38,0
2009-04-27,139.38,139.38,139.38,139.38,0
2009-04-28,139.38,139.38,139.38,139.38,0
2009-04-29,139,139,139,139,0
2009-04-30,138.99,138.99,138.99,138.99,0
2009-05-04,136.45,136.45,136.45,136.45,0
2009-05-05,136.45,136.45,136.45,136.45,0
2009-05-06,136.45,136.45,136.45,136.45,0
2009-05-07,135.89,135.89,135.89,135.89,0
2009-05-08,135.89,135.89,135.89,135.89,0
2009-05-11,136.37,136.37,136.37,136.37,0
2009-05-12,134.74,134.74,134.74,134.74,0
2009-05-13,134.74,134.74,134.74,134.74,0
2009-05-14,134.74,134.74,134.74,134.74,0
2009-05-15,134.74,134.74,134.74,134.74,0
2009-05-18,134.44,134.44,134.44,134.44,0
2009-05-19,134.44,134.44,134.44,134.44,0
2009-05-20,133.81,133.81,133.81,133.81,0
2009-05-22,133.43,133.43,133.43,133.43,0
2009-05-25,133.43,133.43,133.43,133.43,0
2009-05-26,133.43,133.43,133.43,133.43,0
2009-05-27,133.43,133.43,133.43,133.43,0
2009-05-28,133.43,133.43,133.43,133.43,0
2009-05-29,131.44,131.44,131.44,131.44,0
2009-06-02,131.44,131.44,131.44,131.44,0
2009-06-03,132.67,132.67,132.67,132.67,0
2009-06-04,132.67,132.67,132.67,132.67,0
2009-06-05,132.67,132.67,132.67,132.67,0
2009-06-08,131.44,131.44,131.44,131.44,0
2009-06-09,131.44,131.44,131.44,131.44,0
2009-06-10,131.73,131.73,131.73,131.73,0
2009-06-11,132.95,132.95,132.95,132.95,0
2009-06-12,134.93,134.93,134.93,134.93,0
2009-06-15,138.42,138.42,138.42,138.42,0
2009-06-16,138.42,138.42,138.42,138.42,0
2009-06-17,141.13,141.13,141.13,141.13,0
2009-06-18,141.13,141.13,141.13,141.13,0
2009-06-19,141.14,141.14,141.14,141.14,0
2009-06-23,143.97,143.97,143.97,143.97,0
2009-06-24,141.4,141.4,141.4,141.4,0
2009-06-25,141.4,141.4,141.4,141.4,0
2009-06-26,141.4,141.4,141.4,141.4,0
2009-06-29,141.4,141.4,141.4,141.4,0
2009-06-30,139,139,139,139,0
2009-07-01,141.42,141.42,141.42,141.42,0
2009-07-02,141.42,141.42,141.42,141.42,0
2009-07-03,141.41,141.41,141.41,141.41,0
2009-07-06,141.55,141.55,141.55,141.55,0
2009-07-07,141.55,141.55,141.55,141.55,0
2009-07-08,141.55,141.55,141.55,141.55,0
2009-07-09,143.06,143.06,143.06,143.06,0
2009-07-10,143.06,143.06,143.06,143.06,0
2009-07-13,143.36,143.36,143.36,143.36,0
2009-07-14,143.36,143.36,143.36,143.36,0
2009-07-15,146.71,146.71,146.71,146.71,0
2009-07-16,146.71,146.71,146.71,146.71,0
2009-07-17,146.71,146.71,146.71,146.71,0
2009-07-20,145.51,145.51,145.51,145.51,0
2009-07-22,151.71,151.71,151.71,151.71,0
2009-07-23,151.54,151.54,151.54,151.54,0
2009-07-24,151.54,151.54,151.54,151.54,0
2009-07-27,153.87,153.87,153.87,153.87,0
2009-07-28,155.55,155.55,155.55,155.55,0
2009-07-30,155.91,155.91,155.91,155.91,0
2009-07-31,157.12,157.12,157.12,157.12,0
2009-08-03,153.87,153.87,153.87,153.87,0
2009-08-04,151.7,151.7,151.7,151.7,0
2009-08-05,147.96,147.96,147.96,147.96,0
2009-08-06,147.96,147.96,147.96,147.96,0
2009-08-10,144.34,144.34,144.34,144.34,0
2009-08-11,143.13,143.13,143.13,143.13,0
2009-08-12,143.13,143.13,143.13,143.13,0
2009-08-13,142.52,142.52,142.52,142.52,0
2009-08-14,143.15,143.15,143.15,143.15,0
2009-08-17,143.11,143.11,143.11,143.11,0
2009-08-18,143.15,143.15,143.15,143.15,0
2009-08-19,144.35,144.35,144.35,144.35,0
2009-08-20,146.25,146.25,146.25,146.25,0
2009-08-21,145.86,145.86,145.86,145.86,0
2009-08-24,145.66,145.66,145.66,145.66,0
2009-08-25,145.66,145.66,145.66,145.66,0
2009-08-26,145.57,145.57,145.57,145.57,0
2009-08-27,145.73,145.73,145.73,145.73,0
2009-08-28,145.73,145.73,145.73,145.73,0
2009-08-31,144.47,144.47,144.47,144.47,0
2009-09-01,144.47,144.47,144.47,144.47,0
2009-09-02,143.92,143.92,143.92,143.92,0
2009-09-03,143.92,143.92,143.92,143.92,0
2009-09-07,143.93,143.93,143.93,143.93,0
2009-09-08,143.93,143.93,143.93,143.93,0
2009-09-09,143.91,143.91,143.91,143.91,0
2009-09-10,143.91,143.91,143.91,143.91,0
2009-09-11,143.9,143.9,143.9,143.9,0
2009-09-14,140.29,140.29,140.29,140.29,0
2009-09-15,140.29,140.29,140.29,140.29,0
2009-09-16,140.28,140.28,140.28,140.28,0
2009-09-18,140.28,140.28,140.28,140.28,0
2009-09-21,140.28,140.28,140.28,140.28,0
2009-09-22,140.28,140.28,140.28,140.28,0
2009-09-23,139.69,139.69,139.69,139.69,0
2009-09-24,139.69,139.69,139.69,139.69,0
2009-09-25,138.21,138.21,138.21,138.21,0
2009-09-28,137.88,137.88,137.88,137.88,0
2009-09-29,137.27,137.27,137.27,137.27,0
2009-09-30,137.15,137.15,137.15,137.15,0
2009-10-01,137.15,137.15,137.15,137.15,0
2009-10-02,136.72,136.72,136.72,136.72,0
2009-10-05,136.72,136.72,136.72,136.72,0
2009-10-06,136.48,136.48,136.48,136.48,0
2009-10-07,136.43,136.43,136.43,136.43,0
2009-10-08,136.43,136.43,136.43,136.43,0
2009-10-12,133.47,133.47,133.47,133.47,0
2009-10-13,133.46,133.46,133.46,133.46,0
2009-10-14,133.46,133.46,133.46,133.46,0
2009-10-15,133.46,133.46,133.46,133.46,0
2009-10-16,133.46,133.46,133.46,133.46,0
2009-10-19,133.31,133.31,133.31,133.31,0
2009-10-20,133.33,133.33,133.33,133.33,0
2009-10-21,133.33,133.33,133.33,133.33,0
2009-10-22,133.1,133.1,133.1,133.1,0
2009-10-23,133.1,133.1,133.1,133.1,0
2009-10-26,133.04,133.04,133.04,133.04,0
2009-10-27,130.02,130.02,130.02,130.02,0
2009-10-29,127.91,127.91,127.91,127.91,0
2009-10-30,127.91,127.91,127.91,127.91,0
2009-11-02,127.31,127.31,127.31,127.31,0
2009-11-03,125.38,125.38,125.38,125.38,0
2009-11-04,125.38,125.38,125.38,125.38,0
2009-11-05,125.38,125.38,125.38,125.38,0
2009-11-06,125.38,125.38,125.38,125.38,0
2009-11-09,124.29,124.29,124.29,124.29,0
2009-11-10,124.29,124.29,124.29,124.29,0
2009-11-11,123.91,123.91,123.91,123.91,0
2009-11-12,123.89,123.89,123.89,123.89,0
2009-11-13,123.89,123.89,123.89,123.89,0
2009-11-16,123.89,123.89,123.89,123.89,0
2009-11-17,123.79,123.79,123.79,123.79,0
2009-11-18,123.88,123.88,123.88,123.88,0
2009-11-19,123.88,123.88,123.88,123.88,0
2009-11-23,123.88,123.88,123.88,123.88,0
2009-11-24,123.88,123.88,123.88,123.88,0
2009-11-25,123.3,123.3,123.3,123.3,0
2009-11-26,123.3,123.3,123.3,123.3,0
2009-11-30,123.3,123.3,123.3,123.3,0
2009-12-01,123.3,123.3,123.3,123.3,0
2009-12-02,123.67,123.67,123.67,123.67,0
2009-12-03,123.67,123.67,123.67,123.67,0
2009-12-04,123.67,123.67,123.67,123.67,0
2009-12-07,123.67,123.67,123.67,123.67,0
2009-12-08,123.67,123.67,123.67,123.67,0
2009-12-09,123.06,123.06,123.06,123.06,0
2009-12-10,123.06,123.06,123.06,123.06,0
2009-12-11,123.06,123.06,123.06,123.06,0
2009-12-14,123.06,123.06,123.06,123.06,0
2009-12-15,126.08,126.08,126.08,126.08,0
2009-12-16,126.68,126.68,126.68,126.68,0
2009-12-17,126.68,126.68,126.68,126.68,0
2009-12-18,126.68,126.68,126.68,126.68,0
2009-12-21,126.68,126.68,126.68,126.68,0
2009-12-22,126.08,126.08,126.08,126.08,0
2009-12-23,126.08,126.08,126.08,126.08,0
2009-12-24,126.07,126.07,126.07,126.07,0
2009-12-28,128.98,128.98,128.98,128.98,0
2009-12-29,131.12,131.12,131.12,131.12,0
2009-12-30,130.13,130.13,130.13,130.13,0
2009-12-31,130.62,130.62,130.62,130.62,0
2010-01-04,129.65,129.65,129.65,129.65,0
2010-01-05,129.95,129.95,129.95,129.95,0
2010-01-06,129.36,129.36,129.36,129.36,0
2010-01-07,129.36,129.36,129.36,129.36,0
2010-01-08,129.48,129.48,129.48,129.48,0
2010-01-11,126.64,126.64,126.64,126.64,0
2010-01-12,126.64,126.64,126.64,126.64,0
2010-01-13,126.53,126.53,126.53,126.53,0
2010-01-14,126.53,126.53,126.53,126.53,0
2010-01-15,126.53,126.53,126.53,126.53,0
2010-01-18,129.13,129.13,129.13,129.13,0
2010-01-19,129.13,129.13,129.13,129.13,0
2010-01-20,129.13,129.13,129.13,129.13,0
2010-01-21,129.24,129.24,129.24,129.24,0
2010-01-22,129.24,129.24,129.24,129.24,0
2010-01-25,129.24,129.24,129.24,129.24,0
2010-01-26,125.42,125.42,125.42,125.42,0
2010-01-27,125.42,125.42,125.42,125.42,0
2010-01-28,125.29,125.29,125.29,125.29,0
2010-01-29,123.59,123.59,123.59,123.59,0
2010-02-01,122.51,122.51,122.51,122.51,0
2010-02-02,120.56,120.56,120.56,120.56,0
2010-02-03,121.16,121.16,121.16,121.16,0
2010-02-04,120.56,120.56,120.56,120.56,0
2010-02-05,120.51,120.51,120.51,120.51,0
2010-02-08,120.51,120.51,120.51,120.51,0
2010-02-09,120.51,120.51,120.51,120.51,0
2010-02-10,120.51,120.51,120.51,120.51,0
2010-02-11,120.51,120.51,120.51,120.51,0
2010-02-12,120.51,120.51,120.51,120.51,0
2010-02-15,119.16,119.16,119.16,119.16,0
2010-02-16,116.34,116.34,116.34,116.34,0
2010-02-17,115.18,115.18,115.18,115.18,0
2010-02-18,115.18,115.18,115.18,115.18,0
2010-02-22,116.21,116.21,116.21,116.21,0
2010-02-23,116.21,116.21,116.21,116.21,0
2010-02-24,116.21,116.21,116.21,116.21,0
2010-02-25,117.72,117.72,117.72,117.72,0
2010-03-01,117.48,117.48,117.48,117.48,0
2010-03-02,117.48,117.48,117.48,117.48,0
2010-03-03,117.19,117.19,117.19,117.19,0
2010-03-04,113.15,113.15,113.15,113.15,0
2010-03-05,112.99,112.99,112.99,112.99,0
2010-03-08,112.99,112.99,112.99,112.99,0
2010-03-09,112.99,112.99,112.99,112.99,0
2010-03-10,113.1,113.1,113.1,113.1,0
2010-03-11,112.96,112.96,112.96,112.96,0
2010-03-12,112.96,112.96,112.96,112.96,0
2010-03-15,113.57,113.57,113.57,113.57,0
2010-03-16,113.14,113.14,113.14,113.14,0
2010-03-17,112.9,112.9,112.9,112.9,0
2010-03-18,112.9,112.9,112.9,112.9,0
2010-03-19,114.07,114.07,114.07,114.07,0
2010-03-22,111.49,111.49,111.49,111.49,0
2010-03-23,111.49,111.49,111.49,111.49,0
2010-03-24,111.46,111.46,111.46,111.46,0
2010-03-25,111.09,111.09,111.09,111.09,0
2010-03-26,110.14,110.14,110.14,110.14,0
2010-03-29,110.14,110.14,110.14,110.14,0
2010-03-30,109.93,109.93,109.93,109.93,0
2010-03-31,109.93,109.93,109.93,109.93,0
2010-04-01,109.93,109.93,109.93,109.93,0
2010-04-06,109.93,109.93,109.93,109.93,0
2010-04-07,109.93,109.93,109.93,109.93,0
2010-04-08,109.93,109.93,109.93,109.93,0
2010-04-09,109.93,109.93,109.93,109.93,0
2010-04-12,109.93,109.93,109.93,109.93,0
2010-04-13,109.92,109.92,109.92,109.92,0
2010-04-14,109.92,109.92,109.92,109.92,0
2010-04-15,109.92,109.92,109.92,109.92,0
2010-04-16,109.92,109.92,109.92,109.92,0
2010-04-19,113.85,113.85,113.85,113.85,0
2010-04-20,113.85,113.85,113.85,113.85,0
2010-04-21,113.85,113.85,113.85,113.85,0
2010-04-23,113.83,113.83,113.83,113.83,0
2010-04-26,114.62,114.62,114.62,114.62,0
2010-04-27,113.33,113.33,113.33,113.33,0
2010-04-29,113.9,113.9,113.9,113.9,0
2010-04-30,113.9,113.9,113.9,113.9,0
2010-05-03,113.9,113.9,113.9,113.9,0
2010-05-04,113.9,113.9,113.9,113.9,0
2010-05-05,113.9,113.9,113.9,113.9,0
2010-05-06,114.75,114.75,114.75,114.75,0
2010-05-07,114.44,114.44,114.44,114.44,0
2010-05-10,115.32,115.32,115.32,115.32,0
2010-05-11,115.49,115.49,115.49,115.49,0
2010-05-12,115.49,115.49,115.49,115.49,0
2010-05-14,115.63,115.63,115.63,115.63,0
2010-05-17,118.91,118.91,118.91,118.91,0
2010-05-18,118.91,118.91,118.91,118.91,0
2010-05-19,118.91,118.91,118.91,118.91,0
2010-05-20,122.98,122.98,122.98,122.98,0
2010-05-21,124.55,124.55,124.55,124.55,0
2010-05-25,123.45,123.45,123.45,123.45,0
2010-05-26,124.13,124.13,124.13,124.13,0
2010-05-27,124.52,124.52,124.52,124.52,0
2010-05-28,124.51,124.51,124.51,124.51,0
2010-05-31,124.42,124.42,124.42,124.42,0
2010-06-01,124.06,124.06,124.06,124.06,0
2010-06-02,124.06,124.06,124.06,124.06,0
2010-06-03,124.06,124.06,124.06,124.06,0
2010-06-04,124.36,124.36,124.36,124.36,0
2010-06-07,124.36,124.36,124.36,124.36,0
2010-06-08,122.57,122.57,122.57,122.57,0
2010-06-09,122.83,122.83,122.83,122.83,0
2010-06-10,122.98,122.98,122.98,122.98,0
2010-06-11,122.98,122.98,122.98,122.98,0
2010-06-14,122.26,122.26,122.26,122.26,0
2010-06-15,122.26,122.26,122.26,122.26,0
2010-06-16,117.35,117.35,117.35,117.35,0
2010-06-17,116.75,116.75,116.75,116.75,0
2010-06-18,116.76,116.76,116.76,116.76,0
2010-06-21,116.72,116.72,116.72,116.72,0
2010-06-22,111.32,111.32,111.32,111.32,0
2010-06-23,111.21,111.21,111.21,111.21,0
2010-06-24,110.61,110.61,110.61,110.61,0
2010-06-25,110.61,110.61,110.61,110.61,0
2010-06-28,110.61,110.61,110.61,110.61,0
2010-06-29,110.49,110.49,110.49,110.49,0
2010-06-30,111.12,111.12,111.12,111.12,0
2010-07-01,114.36,114.36,114.36,114.36,0
2010-07-02,114.36,114.36,114.36,114.36,0
2010-07-05,114.36,114.36,114.36,114.36,0
2010-07-06,114.36,114.36,114.36,114.36,0
2010-07-07,114.96,114.96,114.96,114.96,0
2010-07-08,114.96,114.96,114.96,114.96,0
2010-07-09,114.96,114.96,114.96,114.96,0
2010-07-12,115.56,115.56,115.56,115.56,0
2010-07-13,115.56,115.56,115.56,115.56,0
2010-07-14,116.55,116.55,116.55,116.55,0
2010-07-15,115.17,115.17,115.17,115.17,0
2010-07-16,114.18,114.18,114.18,114.18,0
2010-07-19,114.18,114.18,114.18,114.18,0
2010-07-20,114.18,114.18,114.18,114.18,0
2010-07-21,113.96,113.96,113.96,113.96,0
2010-07-22,113.84,113.84,113.84,113.84,0
2010-07-23,113.36,113.36,113.36,113.36,0
2010-07-26,113.61,113.61,113.61,113.61,0
2010-07-27,111.81,111.81,111.81,111.81,0
2010-07-28,111.81,111.81,111.81,111.81,0
2010-07-29,111.8,111.8,111.8,111.8,0
2010-07-30,111.77,111.77,111.77,111.77,0
2010-08-02,111.81,111.81,111.81,111.81,0
2010-08-03,110.01,110.01,110.01,110.01,0
2010-08-04,106.42,106.42,106.42,106.42,0
2010-08-05,106.42,106.42,106.42,106.42,0
2010-08-06,108.82,108.82,108.82,108.82,0
2010-08-09,108.82,108.82,108.82,108.82,0
2010-08-10,108.76,108.76,108.76,108.76,0
2010-08-11,108.76,108.76,108.76,108.76,0
2010-08-12,109.36,109.36,109.36,109.36,0
2010-08-13,110.56,110.56,110.56,110.56,0
2010-08-16,113.01,113.01,113.01,113.01,0
2010-08-17,111.21,111.21,111.21,111.21,0
2010-08-18,111.21,111.21,111.21,111.21,0
2010-08-19,110.61,110.61,110.61,110.61,0
2010-08-20,110.61,110.61,110.61,110.61,0
2010-08-23,110.61,110.61,110.61,110.61,0
2010-08-24,110.71,110.71,110.71,110.71,0
2010-08-25,110.71,110.71,110.71,110.71,0
2010-08-26,110.71,110.71,110.71,110.71,0
2010-08-27,110.71,110.71,110.71,110.71,0
2010-08-30,110.11,110.11,110.11,110.11,0
2010-08-31,109.51,109.51,109.51,109.51,0
2010-09-01,109.51,109.51,109.51,109.51,0
2010-09-02,109.84,109.84,109.84,109.84,0
2010-09-03,110.89,110.89,110.89,110.89,0
2010-09-07,112.02,112.02,112.02,112.02,0
2010-09-08,112.02,112.02,112.02,112.02,0
2010-09-09,112.2,112.2,112.2,112.2,0
2010-09-13,112.47,112.47,112.47,112.47,0
2010-09-14,112.47,112.47,112.47,112.47,0
2010-09-15,112.75,112.75,112.75,112.75,0
2010-09-16,116.21,116.21,116.21,116.21,0
2010-09-17,116.21,116.21,116.21,116.21,0
2010-09-20,116.22,116.22,116.22,116.22,0
2010-09-21,113.92,113.92,113.92,113.92,0
2010-09-22,113.85,113.85,113.85,113.85,0
2010-09-23,113.85,113.85,113.85,113.85,0
2010-09-24,113.85,113.85,113.85,113.85,0
2010-09-27,113.85,113.85,113.85,113.85,0
2010-09-28,113.85,113.85,113.85,113.85,0
2010-09-29,113.85,113.85,113.85,113.85,0
2010-09-30,114.37,114.37,114.37,114.37,0
2010-10-01,113.84,113.84,113.84,113.84,0
2010-10-04,113.84,113.84,113.84,113.84,0
2010-10-05,113.86,113.86,113.86,113.86,0
2010-10-06,114.46,114.46,114.46,114.46,0
2010-10-07,114.46,114.46,114.46,114.46,0
2010-10-08,113.71,113.71,113.71,113.71,0
2010-10-11,113.62,113.62,113.62,113.62,0
2010-10-12,113.68,113.68,113.68,113.68,0
2010-10-13,113.47,113.47,113.47,113.47,0
2010-10-14,113.03,113.03,113.03,113.03,0
2010-10-15,112.58,112.58,112.58,112.58,0
2010-10-18,113.18,113.18,113.18,113.18,0
2010-10-19,113.18,113.18,113.18,113.18,0
2010-10-20,113.2,113.2,113.2,113.2,0
2010-10-21,116.99,116.99,116.99,116.99,0
2010-10-22,114.9,114.9,114.9,114.9,0
2010-10-25,111.96,111.96,111.96,111.96,0
2010-10-26,110.79,110.79,110.79,110.79,0
2010-10-27,110.78,110.78,110.78,110.78,0
2010-10-28,109.21,109.21,109.21,109.21,0
2010-10-29,109.22,109.22,109.22,109.22,0
2010-11-02,109.22,109.22,109.22,109.22,0
2010-11-03,112.22,112.22,112.22,112.22,0
2010-11-04,113.14,113.14,113.14,113.14,0
2010-11-05,116.52,116.52,116.52,116.52,0
2010-11-08,116.52,116.52,116.52,116.52,0
2010-11-09,118.36,118.36,118.36,118.36,0
2010-11-10,118.89,118.89,118.89,118.89,0
2010-11-11,121.45,121.45,121.45,121.45,0
2010-11-12,121.3,121.3,121.3,121.3,0
2010-11-17,120.84,120.84,120.84,120.84,0
2010-11-18,123.24,123.24,123.24,123.24,0
2010-11-19,123.27,123.27,123.27,123.27,0
2010-11-22,124.68,124.68,124.68,124.68,0
2010-11-23,123.78,123.78,123.78,123.78,0
2010-11-24,123.84,123.84,123.84,123.84,0
2010-11-25,123.85,123.85,123.85,123.85,0
2010-11-26,123.85,123.85,123.85,123.85,0
2010-11-29,123.9,123.9,123.9,123.9,0
2010-11-30,125.04,125.04,125.04,125.04,0
2010-12-01,124.1,124.1,124.1,124.1,0
2010-12-02,124.2,124.2,124.2,124.2,0
2010-12-03,124.4,124.4,124.4,124.4,0
2010-12-06,124.09,124.09,124.09,124.09,0
2010-12-07,123.98,123.98,123.98,123.98,0
2010-12-08,123.45,123.45,123.45,123.45,0
2010-12-09,123.45,123.45,123.45,123.45,0
2010-12-10,124.05,124.05,124.05,124.05,0
2010-12-13,124.05,124.05,124.05,124.05,0
2010-12-14,123.57,123.57,123.57,123.57,0
2010-12-15,123.57,123.57,123.57,123.57,0
2010-12-16,123.04,123.04,123.04,123.04,0
2010-12-17,123.04,123.04,123.04,123.04,0
2010-12-20,123.04,123.04,123.04,123.04,0
2010-12-21,122.66,122.66,122.66,122.66,0
2010-12-22,122.66,122.66,122.66,122.66,0
2010-12-23,122.67,122.67,122.67,122.67,0
2010-12-24,122.67,122.67,122.67,122.67,0
2010-12-27,122.67,122.67,122.67,122.67,0
2010-12-28,123.1,123.1,123.1,123.1,0
2010-12-29,123.33,123.33,123.33,123.33,0
2010-12-30,123.57,123.57,123.57,123.57,0
2010-12-31,123.57,123.57,123.57,123.57,0
2011-01-03,123.57,123.57,123.57,123.57,0
2011-01-04,123.57,123.57,123.57,123.57,0
2011-01-05,124.62,124.62,124.62,124.62,0
2011-01-06,124.64,124.64,124.64,124.64,0
2011-01-07,124.58,124.58,124.58,124.58,0
2011-01-10,124.34,124.34,124.34,124.34,0
2011-01-11,124.69,124.69,124.69,124.69,0
2011-01-12,124.69,124.69,124.69,124.69,0
2011-01-13,124.69,124.69,124.69,124.69,0
2011-01-14,124.69,124.69,124.69,124.69,0
2011-01-17,124.81,124.81,124.81,124.81,0
2011-01-18,124.81,124.81,124.81,124.81,0
2011-01-19,124.93,124.93,124.93,124.93,0
2011-01-20,125.29,125.29,125.29,125.29,0
2011-01-21,125.29,125.29,125.29,125.29,0
2011-01-24,123.93,123.93,123.93,123.93,0
2011-01-25,123.5,123.5,123.5,123.5,0
2011-01-26,123.5,123.5,123.5,123.5,0
2011-01-27,123.5,123.5,123.5,123.5,0
2011-01-28,123.24,123.24,123.24,123.24,0
2011-01-31,122.63,122.63,122.63,122.63,0
2011-02-01,122,122,122,122,0
2011-02-02,122,122,122,122,0
2011-02-07,121.76,121.76,121.76,121.76,0
2011-02-08,122,122,122,122,0
2011-02-10,122,122,122,122,0
2011-02-11,122,122,122,122,0
2011-03-01,122.56,122.56,122.56,122.56,0
2011-03-02,122.56,122.56,122.56,122.56,0
2011-03-03,122.56,122.56,122.56,122.56,0
2011-03-07,122.56,122.56,122.56,122.56,0
2011-03-08,122.56,122.56,122.56,122.56,0
2011-03-09,122.56,122.56,122.56,122.56,0
2011-03-10,122.56,122.56,122.56,122.56,0
2011-03-11,122.56,122.56,122.56,122.56,0
2011-03-14,122.56,122.56,122.56,122.56,0
2011-03-15,122.56,122.56,122.56,122.56,0
2011-03-16,122.56,122.56,122.56,122.56,0
2011-03-17,122.56,122.56,122.56,122.56,0
2011-03-18,122.56,122.56,122.56,122.56,0
2011-03-21,122.56,122.56,122.56,122.56,0
2011-03-22,122.56,122.56,122.56,122.56,0
2011-03-23,122.56,122.56,122.56,122.56,0
2011-03-24,122.46,122.46,122.46,122.46,0
2011-03-25,122.46,122.46,122.46,122.46,0
2011-03-28,122.46,122.46,122.46,122.46,0
2011-03-29,122.46,122.46,122.46,122.46,0
2011-03-30,122.46,122.46,122.46,122.46,0
2011-03-31,122.46,122.46,122.46,122.46,0
2011-04-01,122.46,122.46,122.46,122.46,0
2011-04-04,122.46,122.46,122.46,122.46,0
2011-04-05,122.46,122.46,122.46,122.46,0
2011-04-06,122.46,122.46,122.46,122.46,0
2011-04-07,122.46,122.46,122.46,122.46,0
2011-04-08,122.46,122.46,122.46,122.46,0
2011-04-11,122.46,122.46,122.46,122.46,0
2011-04-12,122.46,122.46,122.46,122.46,0
2011-04-13,122.46,122.46,122.46,122.46,0
2011-04-14,122.46,122.46,122.46,122.46,0
2011-04-15,122.46,122.46,122.46,122.46,0
2011-04-18,122.46,122.46,122.46,122.46,0
2011-04-19,122.46,122.46,122.46,122.46,0
2011-04-20,122.46,122.46,122.46,122.46,0
2011-04-21,122.46,122.46,122.46,122.46,0
2011-04-22,122.46,122.46,122.46,122.46,0
2011-04-26,122.46,122.46,122.46,122.46,0
2011-04-27,122.46,122.46,122.46,122.46,0
2011-04-28,122.46,122.46,122.46,122.46,0
2011-04-29,122.46,122.46,122.46,122.46,0
2011-05-03,122.46,122.46,122.46,122.46,0
2011-05-04,120.79,120.79,120.79,120.79,0
2011-05-05,120.79,120.79,120.79,120.79,0
2011-05-06,120.79,120.79,120.79,120.79,0
2011-05-09,120.79,120.79,120.79,120.79,0
2011-05-10,120.79,120.79,120.79,120.79,0
2011-05-11,120.67,120.67,120.67,120.67,0
2011-05-12,120.64,120.64,120.64,120.64,0
2011-05-13,120.64,120.64,120.64,120.64,0
2011-05-16,120.64,120.64,120.64,120.64,0
2011-05-17,120.64,120.64,120.64,120.64,0
2011-05-18,120.64,120.64,120.64,120.64,0
2011-05-19,120.64,120.64,120.64,120.64,0
2011-05-20,119.17,119.17,119.17,119.17,0
2011-05-23,119.29,119.29,119.29,119.29,0
2011-05-24,119.29,119.29,119.29,119.29,0
2011-05-25,120.49,120.49,120.49,120.49,0
2011-05-26,120.49,120.49,120.49,120.49,0
2011-05-27,121.26,121.26,121.26,121.26,0
2011-05-30,119.8,119.8,119.8,119.8,0
2011-05-31,119.04,119.04,119.04,119.04,0
2011-06-01,119.04,119.04,119.04,119.04,0
2011-06-03,118.16,118.16,118.16,118.16,0
2011-06-06,121.95,121.95,121.95,121.95,0
2011-06-07,117.66,117.66,117.66,117.66,0
2011-06-08,116.46,116.46,116.46,116.46,0
2011-06-09,117.67,117.67,117.67,117.67,0
2011-06-10,117.67,117.67,117.67,117.67,0
2011-06-14,117.79,117.79,117.79,117.79,0
2011-06-15,117.79,117.79,117.79,117.79,0
2011-06-16,117.79,117.79,117.79,117.79,0
2011-06-17,113.75,113.75,113.75,113.75,0
2011-06-20,114.63,114.63,114.63,114.63,0
2011-06-21,114.63,114.63,114.63,114.63,0
2011-06-22,110.63,110.63,110.63,110.63,0
2011-06-23,109.4,109.4,109.4,109.4,0
2011-06-24,110.84,110.84,110.84,110.84,0
2011-06-27,110.84,110.84,110.84,110.84,0
2011-06-28,110.74,110.74,110.74,110.74,0
2011-06-29,111.33,111.33,111.33,111.33,0
2011-06-30,111.81,111.81,111.81,111.81,0
2011-07-01,112.32,112.32,112.32,112.32,0
2011-07-04,112.32,112.32,112.32,112.32,0
2011-07-05,113.48,113.48,113.48,113.48,0
2011-07-06,113.48,113.48,113.48,113.48,0
2011-07-07,112.28,112.28,112.28,112.28,0
2011-07-08,114.73,114.73,114.73,114.73,0
2011-07-11,114.73,114.73,114.73,114.73,0
2011-07-12,114.73,114.73,114.73,114.73,0
2011-07-13,114.73,114.73,114.73,114.73,0
2011-07-14,114.91,114.91,114.91,114.91,0
2011-07-15,114.91,114.91,114.91,114.91,0
2011-07-18,114.91,114.91,114.91,114.91,0
2011-07-19,115.17,115.17,115.17,115.17,0
2011-07-20,115.17,115.17,115.17,115.17,0
2011-07-21,107.32,107.32,107.32,107.32,0
2011-07-22,107.73,107.73,107.73,107.73,0
2011-07-25,107.55,107.55,107.55,107.55,0
2011-07-26,107.56,107.56,107.56,107.56,0
2011-07-27,106.36,106.36,106.36,106.36,0
2011-07-28,105.68,105.68,105.68,105.68,0
2011-07-29,102.68,102.68,102.68,102.68,0
2011-08-01,102.68,102.68,102.68,102.68,0
2011-08-02,101.49,101.49,101.49,101.49,0
2011-08-03,101.49,101.49,101.49,101.49,0
2011-08-04,101.36,101.36,101.36,101.36,0
2011-08-05,101.61,101.61,101.61,101.61,0
2011-08-09,102.61,102.61,102.61,102.61,0
2011-08-10,104.45,104.45,104.45,104.45,0
2011-08-11,102.62,102.62,102.62,102.62,0
2011-08-12,102.62,102.62,102.62,102.62,0
2011-08-16,102.5,102.5,102.5,102.5,0
2011-08-17,102.87,102.87,102.87,102.87,0
2011-08-18,102.24,102.24,102.24,102.24,0
2011-08-19,102.24,102.24,102.24,102.24,0
2011-08-22,102.24,102.24,102.24,102.24,0
2011-08-23,103.1,103.1,103.1,103.1,0
2011-08-24,102.65,102.65,102.65,102.65,0
2011-08-25,102.85,102.85,102.85,102.85,0
2011-08-26,102.39,102.39,102.39,102.39,0
2011-08-29,102.05,102.05,102.05,102.05,0
2011-08-31,102.05,102.05,102.05,102.05,0
2011-09-01,102.06,102.06,102.06,102.06,0
2011-09-02,102.06,102.06,102.06,102.06,0
2011-09-05,102.46,102.46,102.46,102.46,0
2011-09-06,103.6,103.6,103.6,103.6,0
2011-09-07,103.6,103.6,103.6,103.6,0
2011-09-08,103.58,103.58,103.58,103.58,0
2011-09-09,102.89,102.89,102.89,102.89,0
2011-09-12,103.55,103.55,103.55,103.55,0
2011-09-13,103.55,103.55,103.55,103.55,0
2011-09-14,103.55,103.55,103.55,103.55,0
2011-09-15,103.55,103.55,103.55,103.55,0
2011-09-16,103.05,103.05,103.05,103.05,0
2011-09-19,103.78,103.78,103.78,103.78,0
2011-09-20,103.81,103.81,103.81,103.81,0
2011-09-21,103.81,103.81,103.81,103.81,0
2011-09-22,103.86,103.86,103.86,103.86,0
2011-09-23,104.34,104.34,104.34,104.34,0
2011-09-26,103.56,103.56,103.56,103.56,0
2011-09-27,103.56,103.56,103.56,103.56,0
2011-09-28,102.96,102.96,102.96,102.96,0
2011-09-29,102.96,102.96,102.96,102.96,0
2011-09-30,102.96,102.96,102.96,102.96,0
2011-10-03,102.96,102.96,102.96,102.96,0
2011-10-04,102.93,102.93,102.93,102.93,0
2011-10-05,103.39,103.39,103.39,103.39,0
2011-10-06,103.3,103.3,103.3,103.3,0
2011-10-07,103.3,103.3,103.3,103.3,0
2011-10-10,103.3,103.3,103.3,103.3,0
2011-10-11,102.38,102.38,102.38,102.38,0
2011-10-12,102.38,102.38,102.38,102.38,0
2011-10-13,102.38,102.38,102.38,102.38,0
2011-10-14,102.86,102.86,102.86,102.86,0
2011-10-17,102.86,102.86,102.86,102.86,0
2011-10-18,102.86,102.86,102.86,102.86,0
2011-10-19,102.86,102.86,102.86,102.86,0
2011-10-20,103.82,103.82,103.82,103.82,0
2011-10-21,104.53,104.53,104.53,104.53,0
2011-10-24,104.69,104.69,104.69,104.69,0
2011-10-25,106.56,106.56,106.56,106.56,0
2011-10-26,108.07,108.07,108.07,108.07,0
2011-10-27,108.09,108.09,108.09,108.09,0
2011-10-28,107.78,107.78,107.78,107.78,0
2011-10-31,107.76,107.76,107.76,107.76,0
2011-11-02,107.61,107.61,107.61,107.61,0
2011-11-03,107.65,107.65,107.65,107.65,0
2011-11-04,107.39,107.39,107.39,107.39,0
2011-11-08,107.39,107.39,107.39,107.39,0
2011-11-09,106.79,106.79,106.79,106.79,0
2011-11-10,106.84,106.84,106.84,106.84,0
2011-11-11,106.99,106.99,106.99,106.99,0
2011-11-14,106.68,106.68,106.68,106.68,0
2011-11-16,107.28,107.28,107.28,107.28,0
2011-11-17,107.28,107.28,107.28,107.28,0
2011-11-18,105.58,105.58,105.58,105.58,0
2011-11-21,104.86,104.86,104.86,104.86,0
2011-11-22,103.95,103.95,103.95,103.95,0
2011-11-23,103.75,103.75,103.75,103.75,0
2011-11-24,103.75,103.75,103.75,103.75,0
2011-11-25,104.15,104.15,104.15,104.15,0
2011-11-28,104.69,104.69,104.69,104.69,0
2011-11-29,105.17,105.17,105.17,105.17,0
2011-11-30,105.93,105.93,105.93,105.93,0
2011-12-01,105.33,105.33,105.33,105.33,0
2011-12-02,105.89,105.89,105.89,105.89,0
2011-12-05,105.96,105.96,105.96,105.96,0
2011-12-06,107.02,107.02,107.02,107.02,0
2011-12-07,107.02,107.02,107.02,107.02,0
2011-12-08,107.63,107.63,107.63,107.63,0
2011-12-09,107.63,107.63,107.63,107.63,0
2011-12-12,106.43,106.43,106.43,106.43,0
2011-12-13,106.43,106.43,106.43,106.43,0
2011-12-14,106.43,106.43,106.43,106.43,0
2011-12-15,106.43,106.43,106.43,106.43,0
2011-12-16,106.43,106.43,106.43,106.43,0
2011-12-19,105.05,105.05,105.05,105.05,0
2011-12-20,106.13,106.13,106.13,106.13,0
2011-12-21,106.13,106.13,106.13,106.13,0
2011-12-22,106.28,106.28,106.28,106.28,0
2011-12-23,106.28,106.28,106.28,106.28,0
2011-12-27,106.28,106.28,106.28,106.28,0
2011-12-28,106.57,106.57,106.57,106.57,0
2011-12-29,105.97,105.97,105.97,105.97,0
2011-12-30,106.28,106.28,106.28,106.28,0
2012-01-03,106.28,106.28,106.28,106.28,0
2012-01-04,105.8,105.8,105.8,105.8,0
2012-01-05,105.36,105.36,105.36,105.36,0
2012-01-06,105.03,105.03,105.03,105.03,0
2012-01-09,104.76,104.76,104.76,104.76,0
2012-01-10,105.29,105.29,105.29,105.29,0
2012-01-11,105.47,105.47,105.47,105.47,0
2012-01-12,105.47,105.47,105.47,105.47,0
2012-01-13,105.47,105.47,105.47,105.47,0
2012-01-16,105.78,105.78,105.78,105.78,0
2012-01-17,104.96,104.96,104.96,104.96,0
2012-01-18,105.28,105.28,105.28,105.28,0
2012-01-19,104.68,104.68,104.68,104.68,0
2012-01-20,104.68,104.68,104.68,104.68,0
2012-01-23,104.69,104.69,104.69,104.69,0
2012-01-24,104.48,104.48,104.48,104.48,0
2012-01-25,104.48,104.48,104.48,104.48,0
2012-01-26,104.48,104.48,104.48,104.48,0
2012-01-27,103.34,103.34,103.34,103.34,0
2012-01-30,103.34,103.34,103.34,103.34,0
2012-01-31,102.28,102.28,102.28,102.28,0
2012-02-01,102.57,102.57,102.57,102.57,0
2012-02-02,102.57,102.57,102.57,102.57,0
2012-02-03,102.89,102.89,102.89,102.89,0
2012-02-06,103.17,103.17,103.17,103.17,0
2012-02-07,104.36,104.36,104.36,104.36,0
2012-02-08,104.4,104.4,104.4,104.4,0
2012-02-09,104.3,104.3,104.3,104.3,0
2012-02-10,103.76,103.76,103.76,103.76,0
2012-02-14,102.91,102.91,102.91,102.91,0
2012-02-15,102.92,102.92,102.92,102.92,0
2012-02-16,102.92,102.92,102.92,102.92,0
2012-02-17,101.15,101.15,101.15,101.15,0
2012-02-20,101.15,101.15,101.15,101.15,0
2012-02-21,101.98,101.98,101.98,101.98,0
2012-02-22,102.04,102.04,102.04,102.04,0
2012-02-23,101.94,101.94,101.94,101.94,0
2012-02-24,103.29,103.29,103.29,103.29,0
2012-02-27,102.1,102.1,102.1,102.1,0
2012-02-28,102.37,102.37,102.37,102.37,0
2012-02-29,103.68,103.68,103.68,103.68,0
2012-03-01,104.16,104.16,104.16,104.16,0
2012-03-02,105.35,105.35,105.35,105.35,0
2012-03-05,106.63,106.63,106.63,106.63,0
2012-03-06,108.32,108.32,108.32,108.32,0
2012-03-07,108.89,108.89,108.89,108.89,0
2012-03-08,108.9,108.9,108.9,108.9,0
2012-03-09,109.8,109.8,109.8,109.8,0
2012-03-12,110.12,110.12,110.12,110.12,0
2012-03-13,111.6,111.6,111.6,111.6,0
2012-03-14,112.4,112.4,112.4,112.4,0
2012-03-15,113.24,113.24,113.24,113.24,0
2012-03-16,114.56,114.56,114.56,114.56,0
2012-03-19,114.24,114.24,114.24,114.24,0
2012-03-20,113.61,113.61,113.61,113.61,0
2012-03-21,113.61,113.61,113.61,113.61,0
2012-03-22,113.15,113.15,113.15,113.15,0
2012-03-23,113.28,113.28,113.28,113.28,0
2012-03-26,113.28,113.28,113.28,113.28,0
2012-03-27,115.66,115.66,115.66,115.66,0
2012-03-28,115.66,115.66,115.66,115.66,0
2012-03-29,118.77,118.77,118.77,118.77,0
2012-04-02,118.78,118.78,118.78,118.78,0
2012-04-03,118.78,118.78,118.78,118.78,0
2012-04-04,118.77,118.77,118.77,118.77,0
2012-04-05,119.08,119.08,119.08,119.08,0
2012-04-06,118.12,118.12,118.12,118.12,0
2012-04-10,117.52,117.52,117.52,117.52,0
2012-04-11,117.52,117.52,117.52,117.52,0
2012-04-12,115.72,115.72,115.72,115.72,0
2012-04-13,115.72,115.72,115.72,115.72,0
2012-04-16,115.01,115.01,115.01,115.01,0
2012-04-17,114.28,114.28,114.28,114.28,0
2012-04-18,114.59,114.59,114.59,114.59,0
2012-04-19,117.28,117.28,117.28,117.28,0
2012-04-20,117.83,117.83,117.83,117.83,0
2012-04-23,114.51,114.51,114.51,114.51,0
2012-04-24,114.51,114.51,114.51,114.51,0
2012-04-25,114.51,114.51,114.51,114.51,0
2012-04-26,115.35,115.35,115.35,115.35,0
2012-04-27,114.75,114.75,114.75,114.75,0
2012-04-30,114.26,114.26,114.26,114.26,0
2012-05-02,114.26,114.26,114.26,114.26,0
2012-05-03,114.26,114.26,114.26,114.26,0
2012-05-04,117.25,117.25,117.25,117.25,0
2012-05-07,119.65,119.65,119.65,119.65,0
2012-05-08,119.65,119.65,119.65,119.65,0
2012-05-09,119.39,119.39,119.39,119.39,0
2012-05-10,118.94,118.94,118.94,118.94,0
2012-05-11,120,120,120,120,0
2012-05-14,120,120,120,120,0
2012-05-15,120.03,120.03,120.03,120.03,0
2012-05-16,119.99,119.99,119.99,119.99,0
2012-05-18,120.95,120.95,120.95,120.95,0
2012-05-21,120.89,120.89,120.89,120.89,0
2012-05-22,120.3,120.3,120.3,120.3,0
2012-05-23,119.33,119.33,119.33,119.33,0
2012-05-24,119.33,119.33,119.33,119.33,0
2012-05-25,119.33,119.33,119.33,119.33,0
2012-05-29,119.32,119.32,119.32,119.32,0
2012-05-30,119.05,119.05,119.05,119.05,0
2012-05-31,119.69,119.69,119.69,119.69,0
2012-06-01,119.69,119.69,119.69,119.69,0
2012-06-04,119.69,119.69,119.69,119.69,0
2012-06-05,119.69,119.69,119.69,119.69,0
2012-06-06,120.37,120.37,120.37,120.37,0
2012-06-07,120.32,120.32,120.32,120.32,0
2012-06-08,120.79,120.79,120.79,120.79,0
2012-06-11,123.76,123.76,123.76,123.76,0
2012-06-12,124.96,124.96,124.96,124.96,0
2012-06-13,125.89,125.89,125.89,125.89,0
2012-06-14,125.41,125.41,125.41,125.41,0
2012-06-15,126.88,126.88,126.88,126.88,0
2012-06-18,128.56,128.56,128.56,128.56,0
2012-06-19,127.57,127.57,127.57,127.57,0
2012-06-20,129.43,129.43,129.43,129.43,0
2012-06-21,129.89,129.89,129.89,129.89,0
2012-06-22,129.89,129.89,129.89,129.89,0
2012-06-25,130.17,130.17,130.17,130.17,0
2012-06-26,131.37,131.37,131.37,131.37,0
2012-06-27,130.74,130.74,130.74,130.74,0
2012-06-28,130.71,130.71,130.71,130.71,0
2012-06-29,131.34,131.34,131.34,131.34,0
2012-07-02,131.34,131.34,131.34,131.34,0
2012-07-03,129.54,129.54,129.54,129.54,0
2012-07-04,129.54,129.54,129.54,129.54,0
2012-07-05,129.97,129.97,129.97,129.97,0
2012-07-06,129.66,129.66,129.66,129.66,0
2012-07-09,130.26,130.26,130.26,130.26,0
2012-07-10,128.97,128.97,128.97,128.97,0
2012-07-11,128.96,128.96,128.96,128.96,0
2012-07-12,130.02,130.02,130.02,130.02,0
2012-07-13,129.43,129.43,129.43,129.43,0
2012-07-16,129.43,129.43,129.43,129.43,0
2012-07-17,129.45,129.45,129.45,129.45,0
2012-07-18,129.54,129.54,129.54,129.54,0
2012-07-19,129.42,129.42,129.42,129.42,0
2012-07-20,128.57,128.57,128.57,128.57,0
2012-07-23,128.63,128.63,128.63,128.63,0
2012-07-24,129.38,129.38,129.38,129.38,0
2012-07-25,128,128,128,128,0
2012-07-26,127.79,127.79,127.79,127.79,0
2012-07-27,127.79,127.79,127.79,127.79,0
2012-07-30,128.41,128.41,128.41,128.41,0
2012-07-31,129.61,129.61,129.61,129.61,0
2012-08-01,131.31,131.31,131.31,131.31,0
2012-08-02,131.4,131.4,131.4,131.4,0
2012-08-03,134.99,134.99,134.99,134.99,0
2012-08-08,136.98,136.98,136.98,136.98,0
2012-08-09,141.8,141.8,141.8,141.8,0
2012-08-10,143.86,143.86,143.86,143.86,0
2012-08-13,147.8,147.8,147.8,147.8,0
2012-08-14,150.01,150.01,150.01,150.01,0
2012-08-16,151.71,151.71,151.71,151.71,0
2012-08-17,151.36,151.36,151.36,151.36,0
2012-08-21,151.34,151.34,151.34,151.34,0
2012-08-22,151.34,151.34,151.34,151.34,0
2012-08-23,153.96,153.96,153.96,153.96,0
2012-08-24,152.82,152.82,152.82,152.82,0
2012-08-27,152.82,152.82,152.82,152.82,0
2012-08-28,160.58,160.58,160.58,160.58,0
2012-08-29,158.09,158.09,158.09,158.09,0
2012-08-30,161.66,161.66,161.66,161.66,0
2012-08-31,160.84,160.84,160.84,160.84,0
2012-09-03,161.74,161.74,161.74,161.74,0
2012-09-04,164.63,164.63,164.63,164.63,0
2012-09-05,164.91,164.91,164.91,164.91,0
2012-09-06,164.64,164.64,164.64,164.64,0
2012-09-07,168.23,168.23,168.23,168.23,0
2012-09-10,169.91,169.91,169.91,169.91,0
2012-09-11,172.34,172.34,172.34,172.34,0
2012-09-12,171.43,171.43,171.43,171.43,0
2012-09-13,171.07,171.07,171.07,171.07,0
2012-09-14,171.53,171.53,171.53,171.53,0
2012-09-17,170.92,170.92,170.92,170.92,0
2012-09-18,169.73,169.73,169.73,169.73,0
2012-09-19,169.73,169.73,169.73,169.73,0
2012-09-20,169.73,169.73,169.73,169.73,0
2012-09-21,168.99,168.99,168.99,168.99,0
2012-09-24,169.79,169.79,169.79,169.79,0
2012-09-25,169.79,169.79,169.79,169.79,0
2012-09-26,169.79,169.79,169.79,169.79,0
2012-09-27,170.43,170.43,170.43,170.43,0
2012-09-28,170.43,170.43,170.43,170.43,0
2012-10-01,171.21,171.21,171.21,171.21,0
2012-10-02,171.21,171.21,171.21,171.21,0
2012-10-03,170.29,170.29,170.29,170.29,0
2012-10-04,170.53,170.53,170.53,170.53,0
2012-10-05,170.53,170.53,170.53,170.53,0
2012-10-08,170.53,170.53,170.53,170.53,0
2012-10-09,170.49,170.49,170.49,170.49,0
2012-10-10,171.08,171.08,171.08,171.08,0
2012-10-11,167.95,167.95,167.95,167.95,0
2012-10-12,167.95,167.95,167.95,167.95,0
2012-10-15,167.21,167.21,167.21,167.21,0
2012-10-16,167.62,167.62,167.62,167.62,0
2012-10-17,163.63,163.63,163.63,163.63,0
2012-10-18,165.19,165.19,165.19,165.19,0
2012-10-19,165.5,165.5,165.5,165.5,0
2012-10-22,164.49,164.49,164.49,164.49,0
2012-10-23,165.01,165.01,165.01,165.01,0
2012-10-24,165.01,165.01,165.01,165.01,0
2012-10-25,163.37,163.37,163.37,163.37,0
2012-10-29,165.46,165.46,165.46,165.46,0
2012-10-30,165.46,165.46,165.46,165.46,0
2012-10-31,167.2,167.2,167.2,167.2,0
2012-11-02,167.29,167.29,167.29,167.29,0
2012-11-05,165.72,165.72,165.72,165.72,0
2012-11-06,166.15,166.15,166.15,166.15,0
2012-11-07,167.66,167.66,167.66,167.66,0
2012-11-08,168.74,168.74,168.74,168.74,0
2012-11-09,167.43,167.43,167.43,167.43,0
2012-11-12,170.63,170.63,170.63,170.63,0
2012-11-13,171.97,171.97,171.97,171.97,0
2012-11-14,173.17,173.17,173.17,173.17,0
2012-11-16,171.97,171.97,171.97,171.97,0
2012-11-19,171.51,171.51,171.51,171.51,0
2012-11-20,172.68,172.68,172.68,172.68,0
2012-11-21,172.59,172.59,172.59,172.59,0
2012-11-22,172.28,172.28,172.28,172.28,0
2012-11-23,172,172,172,172,0
2012-11-26,172.14,172.14,172.14,172.14,0
2012-11-27,171.1,171.1,171.1,171.1,0
2012-11-28,171.3,171.3,171.3,171.3,0
2012-11-29,171.3,171.3,171.3,171.3,0
2012-11-30,171.3,171.3,171.3,171.3,0
2012-12-03,171.88,171.88,171.88,171.88,0
2012-12-04,170.56,170.56,170.56,170.56,0
2012-12-05,171.04,171.04,171.04,171.04,0
2012-12-06,169.53,169.53,169.53,169.53,0
2012-12-07,168.49,168.49,168.49,168.49,0
2012-12-10,167.91,167.91,167.91,167.91,0
2012-12-11,166.98,166.98,166.98,166.98,0
2012-12-12,166.89,166.89,166.89,166.89,0
2012-12-13,166.89,166.89,166.89,166.89,0
2012-12-14,165.41,165.41,165.41,165.41,0
2012-12-17,164.85,164.85,164.85,164.85,0
2012-12-18,165.82,165.82,165.82,165.82,0
2012-12-19,165.82,165.82,165.82,165.82,0
2012-12-20,168.28,168.28,168.28,168.28,0
2012-12-21,167.73,167.73,167.73,167.73,0
2012-12-24,168.28,168.28,168.28,168.28,0
2012-12-26,169.81,169.81,169.81,169.81,0
2012-12-27,171.54,171.54,171.54,171.54,0
2012-12-28,173.66,173.66,173.66,173.66,0
2012-12-31,176.18,176.18,176.18,176.18,0
2013-01-02,176.18,176.18,176.18,176.18,0
2013-01-03,178.47,178.47,178.47,178.47,0
2013-01-04,178.47,178.47,178.47,178.47,0
2013-01-07,178.47,178.47,178.47,178.47,0
2013-01-08,178.47,178.47,178.47,178.47,0
2013-01-09,178.18,178.18,178.18,178.18,0
2013-01-10,178.21,178.21,178.21,178.21,0
2013-01-11,175.97,175.97,175.97,175.97,0
2013-01-14,175.98,175.98,175.98,175.98,0
2013-01-15,175.81,175.81,175.81,175.81,0
2013-01-16,175.56,175.56,175.56,175.56,0
2013-01-17,175.58,175.58,175.58,175.58,0
2013-01-18,175.37,175.37,175.37,175.37,0
2013-01-21,175.43,175.43,175.43,175.43,0
2013-01-22,175.2,175.2,175.2,175.2,0
2013-01-23,175.2,175.2,175.2,175.2,0
2013-01-25,175.21,175.21,175.21,175.21,0
2013-01-28,174.94,174.94,174.94,174.94,0
2013-01-29,175.1,175.1,175.1,175.1,0
2013-01-30,175.1,175.1,175.1,175.1,0
2013-01-31,176.6,176.6,176.6,176.6,0
2013-02-01,176.89,176.89,176.89,176.89,0
2013-02-04,176.89,176.89,176.89,176.89,0
2013-02-05,177.57,177.57,177.57,177.57,0
2013-02-06,177.57,177.57,177.57,177.57,0
2013-02-07,179.79,179.79,179.79,179.79,0
2013-02-08,181.98,181.98,181.98,181.98,0
2013-02-11,181.97,181.97,181.97,181.97,0
2013-02-12,181.97,181.97,181.97,181.97,0
2013-02-13,182.77,182.77,182.77,182.77,0
2013-02-14,182.75,182.75,182.75,182.75,0
2013-02-15,183.22,183.22,183.22,183.22,0
2013-02-18,182.92,182.92,182.92,182.92,0
2013-02-19,184.04,184.04,184.04,184.04,0
2013-02-20,183.83,183.83,183.83,183.83,0
2013-02-21,185.04,185.04,185.04,185.04,0
2013-02-22,187.32,187.32,187.32,187.32,0
2013-02-25,186.36,186.36,186.36,186.36,0
2013-02-26,186.36,186.36,186.36,186.36,0
2013-02-27,186.81,186.81,186.81,186.81,0
2013-02-28,186.51,186.51,186.51,186.51,0
2013-03-01,186.87,186.87,186.87,186.87,0
2013-03-04,188.28,188.28,188.28,188.28,0
2013-03-05,195.41,195.41,195.41,195.41,0
2013-03-06,199.45,199.45,199.45,199.45,0
2013-03-07,203.55,203.55,203.55,203.55,0
2013-03-08,204.95,204.95,204.95,204.95,0
2013-03-11,202.69,202.69,202.69,202.69,0
2013-03-12,202.41,202.41,202.41,202.41,0
2013-03-13,201.31,201.31,201.31,201.31,0
2013-03-14,202.35,202.35,202.35,202.35,0
2013-03-15,200.68,200.68,200.68,200.68,0
2013-03-18,200.68,200.68,200.68,200.68,0
2013-03-19,201,201,201,201,0
2013-03-20,201.01,201.01,201.01,201.01,0
2013-03-21,200.96,200.96,200.96,200.96,0
2013-03-22,200.85,200.85,200.85,200.85,0
2013-03-25,200.96,200.96,200.96,200.96,0
2013-03-26,201.03,201.03,201.03,201.03,0
2013-03-27,201.03,201.03,201.03,201.03,0
2013-03-28,201.14,201.14,201.14,201.14,0
2013-03-29,201.14,201.14,201.14,201.14,0
2013-04-02,201.14,201.14,201.14,201.14,0
2013-04-03,193.31,193.31,193.31,193.31,0
2013-04-04,192.47,192.47,192.47,192.47,0
2013-04-05,191.81,191.81,191.81,191.81,0
2013-04-08,191.81,191.81,191.81,191.81,0
2013-04-09,192.86,192.86,192.86,192.86,0
2013-04-10,187.86,187.86,187.86,187.86,0
2013-04-11,190.54,190.54,190.54,190.54,0
2013-04-12,192.77,192.77,192.77,192.77,0
2013-04-15,190.15,190.15,190.15,190.15,0
2013-04-16,190.43,190.43,190.43,190.43,0
2013-04-17,191.61,191.61,191.61,191.61,0
2013-04-18,191.62,191.62,191.62,191.62,0
2013-04-19,191.62,191.62,191.62,191.62,0
2013-04-22,192.14,192.14,192.14,192.14,0
2013-04-23,191.63,191.63,191.63,191.63,0
2013-04-24,195.28,195.28,195.28,195.28,0
2013-04-25,195.28,195.28,195.28,195.28,0
2013-04-26,193.6,193.6,193.6,193.6,0
2013-04-29,195.69,195.69,195.69,195.69,0
2013-04-30,195.32,195.32,195.32,195.32,0
2013-05-02,197.7,197.7,197.7,197.7,0
2013-05-03,194.04,194.04,194.04,194.04,0
2013-05-06,194.04,194.04,194.04,194.04,0
2013-05-07,193.88,193.88,193.88,193.88,0
2013-05-08,189.79,189.79,189.79,189.79,0
2013-05-10,189.37,189.37,189.37,189.37,0
2013-05-13,189.39,189.39,189.39,189.39,0
2013-05-14,189.38,189.38,189.38,189.38,0
2013-05-15,189.49,189.49,189.49,189.49,0
2013-05-16,189.49,189.49,189.49,189.49,0
2013-05-17,189.92,189.92,189.92,189.92,0
2013-05-21,191.96,191.96,191.96,191.96,0
2013-05-22,187.49,187.49,187.49,187.49,0
2013-05-23,188.33,188.33,188.33,188.33,0
2013-05-24,189.43,189.43,189.43,189.43,0
2013-05-27,190.1,190.1,190.1,190.1,0
2013-05-28,193.97,193.97,193.97,193.97,0
2013-05-29,190.05,190.05,190.05,190.05,0
2013-05-30,190.85,190.85,190.85,190.85,0
2013-05-31,188.81,188.81,188.81,188.81,0
2013-06-03,192.21,192.21,192.21,192.21,0
2013-06-04,194,194,194,194,0
2013-06-05,192.43,192.43,192.43,192.43,0
2013-06-06,192.43,192.43,192.43,192.43,0
2013-06-07,191.82,191.82,191.82,191.82,0
2013-06-10,190.34,190.34,190.34,190.34,0
2013-06-11,188.99,188.99,188.99,188.99,0
2013-06-12,189,189,189,189,0
2013-06-13,188.91,188.91,188.91,188.91,0
2013-06-14,188.68,188.68,188.68,188.68,0
2013-06-17,189.28,189.28,189.28,189.28,0
2013-06-18,189.62,189.62,189.62,189.62,0
2013-06-19,190.06,190.06,190.06,190.06,0
2013-06-20,190.17,190.17,190.17,190.17,0
2013-06-21,190.67,190.67,190.67,190.67,0
2013-06-24,188.38,188.38,188.38,188.38,0
2013-06-25,188.38,188.38,188.38,188.38,0
2013-06-26,188.95,188.95,188.95,188.95,0
2013-06-27,183.23,183.23,183.23,183.23,0
2013-06-28,186.32,186.32,186.32,186.32,0
2013-07-01,186.83,186.83,186.83,186.83,0
2013-07-02,189.11,189.11,189.11,189.11,0
2013-07-03,189.86,189.86,189.86,189.86,0
2013-07-04,189.34,189.34,189.34,189.34,0
2013-07-05,188.85,188.85,188.85,188.85,0
2013-07-08,188.85,188.85,188.85,188.85,0
2013-07-09,189.95,189.95,189.95,189.95,0
2013-07-10,192.61,192.61,192.61,192.61,0
2013-07-11,192.61,192.61,192.61,192.61,0
2013-07-12,192.01,192.01,192.01,192.01,0
2013-07-15,192.65,192.65,192.65,192.65,0
2013-07-16,192.34,192.34,192.34,192.34,0
2013-07-17,191.79,191.79,191.79,191.79,0
2013-07-18,192.83,192.83,192.83,192.83,0
2013-07-19,193.49,193.49,193.49,193.49,0
2013-07-22,192.96,192.96,192.96,192.96,0
2013-07-23,193.19,193.19,193.19,193.19,0
2013-07-24,193.97,193.97,193.97,193.97,0
2013-07-25,191.56,191.56,191.56,191.56,0
2013-07-26,193.61,193.61,193.61,193.61,0
2013-07-29,196.82,196.82,196.82,196.82,0
2013-07-30,194.26,194.26,194.26,194.26,0
2013-07-31,194.15,194.15,194.15,194.15,0
2013-08-01,194.15,194.15,194.15,194.15,0
2013-08-02,191.54,191.54,191.54,191.54,0
2013-08-05,194.74,194.74,194.74,194.74,0
2013-08-06,195.44,195.44,195.44,195.44,0
2013-08-09,195.08,195.08,195.08,195.08,0
2013-08-12,195.08,195.08,195.08,195.08,0
2013-08-13,195.09,195.09,195.09,195.09,0
2013-08-14,191.67,191.67,191.67,191.67,0
2013-08-16,192.06,192.06,192.06,192.06,0
2013-08-19,192.38,192.38,192.38,192.38,0
2013-08-20,194.07,194.07,194.07,194.07,0
2013-08-21,197.44,197.44,197.44,197.44,0
2013-08-22,198.25,198.25,198.25,198.25,0
2013-08-23,198.22,198.22,198.22,198.22,0
2013-08-26,198.22,198.22,198.22,198.22,0
2013-08-27,198.41,198.41,198.41,198.41,0
2013-08-28,198.41,198.41,198.41,198.41,0
2013-08-29,196.51,196.51,196.51,196.51,0
2013-08-30,196.51,196.51,196.51,196.51,0
2013-09-02,196.51,196.51,196.51,196.51,0
2013-09-03,197.05,197.05,197.05,197.05,0
2013-09-04,201.23,201.23,201.23,201.23,0
2013-09-05,205.21,205.21,205.21,205.21,0
2013-09-06,205.21,205.21,205.21,205.21,0
2013-09-09,205.07,205.07,205.07,205.07,0
2013-09-10,205.07,205.07,205.07,205.07,0
2013-09-11,204.76,204.76,204.76,204.76,0
2013-09-12,204.63,204.63,204.63,204.63,0
2013-09-13,204.74,204.74,204.74,204.74,0
2013-09-16,205.11,205.11,205.11,205.11,0
2013-09-17,205.11,205.11,205.11,205.11,0
2013-09-18,200.62,200.62,200.62,200.62,0
2013-09-19,201.45,201.45,201.45,201.45,0
2013-09-20,203.93,203.93,203.93,203.93,0
2013-09-23,198.76,198.76,198.76,198.76,0
2013-09-24,200.02,200.02,200.02,200.02,0
2013-09-25,199.36,199.36,199.36,199.36,0
2013-09-26,194.95,194.95,194.95,194.95,0
2013-09-27,195.72,195.72,195.72,195.72,0
2013-09-30,196.74,196.74,196.74,196.74,0
2013-10-01,197.26,197.26,197.26,197.26,0
2013-10-02,193.45,193.45,193.45,193.45,0
2013-10-03,198.87,198.87,198.87,198.87,0
2013-10-04,198.94,198.94,198.94,198.94,0
2013-10-07,198.75,198.75,198.75,198.75,0
2013-10-08,198.07,198.07,198.07,198.07,0
2013-10-09,198.07,198.07,198.07,198.07,0
2013-10-10,198.07,198.07,198.07,198.07,0
2013-10-11,198.29,198.29,198.29,198.29,0
2013-10-14,199.86,199.86,199.86,199.86,0
2013-10-16,200.64,200.64,200.64,200.64,0
2013-10-17,200.65,200.65,200.65,200.65,0
2013-10-18,200.91,200.91,200.91,200.91,0
2013-10-21,202.31,202.31,202.31,202.31,0
2013-10-22,202.13,202.13,202.13,202.13,0
2013-10-23,202.12,202.12,202.12,202.12,0
2013-10-24,202.84,202.84,202.84,202.84,0
2013-10-25,202.84,202.84,202.84,202.84,0
2013-10-28,202.03,202.03,202.03,202.03,0
2013-10-29,198.85,198.85,198.85,198.85,0
2013-10-30,203.66,203.66,203.66,203.66,0
2013-10-31,202.79,202.79,202.79,202.79,0
2013-11-04,210.37,210.37,210.37,210.37,0
2013-11-05,216.01,216.01,216.01,216.01,0
2013-11-06,220.41,220.41,220.41,220.41,0
2013-11-07,225.78,225.78,225.78,225.78,0
2013-11-08,225.04,225.04,225.04,225.04,0
2013-11-11,226.48,226.48,226.48,226.48,0
2013-11-12,227.15,227.15,227.15,227.15,0
2013-11-13,228.2,228.2,228.2,228.2,0
2013-11-14,234.26,234.26,234.26,234.26,0
2013-11-18,229.96,229.96,229.96,229.96,0
2013-11-19,227.4,227.4,227.4,227.4,0
2013-11-20,229.2,229.2,229.2,229.2,0
2013-11-21,228.84,228.84,228.84,228.84,0
2013-11-22,227.9,227.9,227.9,227.9,0
2013-11-25,227.18,227.18,227.18,227.18,0
2013-11-26,227.12,227.12,227.12,227.12,0
2013-11-27,227.12,227.12,227.12,227.12,0
2013-11-28,227.96,227.96,227.96,227.96,0
2013-11-29,227.55,227.55,227.55,227.55,0
2013-12-02,230.11,230.11,230.11,230.11,0
2013-12-03,229.09,229.09,229.09,229.09,0
2013-12-04,228.81,228.81,228.81,228.81,0
2013-12-05,225.77,225.77,225.77,225.77,0
2013-12-06,223.32,223.32,223.32,223.32,0
2013-12-09,225.18,225.18,225.18,225.18,0
2013-12-10,224.68,224.68,224.68,224.68,0
2013-12-11,235.26,235.26,235.26,235.26,0
2013-12-12,240.53,240.53,240.53,240.53,0
2013-12-13,243.93,243.93,243.93,243.93,0
2013-12-16,243.93,243.93,243.93,243.93,0
2013-12-17,239.23,239.23,239.23,239.23,0
2013-12-18,243.54,243.54,243.54,243.54,0
2013-12-19,239.45,239.45,239.45,239.45,0
2013-12-20,241.14,241.14,241.14,241.14,0
2013-12-23,242.71,242.71,242.71,242.71,0
2013-12-24,253.07,253.07,253.07,253.07,0
2013-12-26,263.65,263.65,263.65,263.65,0
2013-12-27,267.95,267.95,267.95,267.95,0
2013-12-30,265.17,265.17,265.17,265.17,0
2013-12-31,268.89,268.89,268.89,268.89,0
2014-01-02,269.72,269.72,269.72,269.72,0
2014-01-03,271.09,271.09,271.09,271.09,0
2014-01-06,276.42,276.42,276.42,276.42,0
2014-01-07,280.74,280.74,280.74,280.74,0
2014-01-08,282.09,282.09,282.09,282.09,0
2014-01-09,279.22,279.22,279.22,279.22,0
2014-01-10,279.29,279.29,279.29,279.29,0
2014-01-14,272.52,272.52,272.52,272.52,0
2014-01-15,272.75,272.75,272.75,272.75,0
2014-01-16,271.99,271.99,271.99,271.99,0
2014-01-17,272.47,272.47,272.47,272.47,0
2014-01-20,272.4,272.4,272.4,272.4,0
2014-01-21,270.46,270.46,270.46,270.46,0
2014-01-22,266.9,266.9,266.9,266.9,0
2014-01-23,267.84,267.84,267.84,267.84,0
2014-01-24,270.31,270.31,270.31,270.31,0
2014-01-27,267,267,267,267,0
2014-01-28,266.89,266.89,266.89,266.89,0
2014-01-29,265.37,265.37,265.37,265.37,0
2014-01-30,267.66,267.66,267.66,267.66,0
2014-01-31,267.66,267.66,267.66,267.66,0
2014-02-03,266.39,266.39,266.39,266.39,0
2014-02-04,266.39,266.39,266.39,266.39,0
2014-02-05,267.22,267.22,267.22,267.22,0
2014-02-06,267.22,267.22,267.22,267.22,0
2014-02-07,270.88,270.88,270.88,270.88,0
2014-02-10,274.93,274.93,274.93,274.93,0
2014-02-11,267.46,267.46,267.46,267.46,0
2014-02-12,268.31,268.31,268.31,268.31,0
2014-02-13,264.77,264.77,264.77,264.77,0
2014-02-14,264.89,264.89,264.89,264.89,0
2014-02-17,262.83,262.83,262.83,262.83,0
2014-02-18,262.83,262.83,262.83,262.83,0
2014-02-19,262.83,262.83,262.83,262.83,0
2014-02-20,260.26,260.26,260.26,260.26,0
2014-02-21,260.31,260.31,260.31,260.31,0
2014-02-24,255.15,255.15,255.15,255.15,0
2014-02-25,255.92,255.92,255.92,255.92,0
2014-02-26,252.19,252.19,252.19,252.19,0
2014-02-27,252.19,252.19,252.19,252.19,0
2014-02-28,251.87,251.87,251.87,251.87,0
2014-03-03,248.82,248.82,248.82,248.82,0
2014-03-05,247.56,247.56,247.56,247.56,0
2014-03-06,248.52,248.52,248.52,248.52,0
2014-03-07,247.34,247.34,247.34,247.34,0
2014-03-10,247.34,247.34,247.34,247.34,0
2014-03-11,247.27,247.27,247.27,247.27,0
2014-03-12,245.29,245.29,245.29,245.29,0
2014-03-13,245.29,245.29,245.29,245.29,0
2014-03-14,242.15,242.15,242.15,242.15,0
2014-03-17,241.78,241.78,241.78,241.78,0
2014-03-18,239.69,239.69,239.69,239.69,0
2014-03-19,240.14,240.14,240.14,240.14,0
2014-03-20,239.39,239.39,239.39,239.39,0
2014-03-21,241.78,241.78,241.78,241.78,0
2014-03-24,242.51,242.51,242.51,242.51,0
2014-03-25,242.06,242.06,242.06,242.06,0
2014-03-26,242.56,242.56,242.56,242.56,0
2014-03-27,244.47,244.47,244.47,244.47,0
2014-03-28,244.47,244.47,244.47,244.47,0
2014-03-31,245.05,245.05,245.05,245.05,0
2014-04-01,245.59,245.59,245.59,245.59,0
2014-04-02,248.5,248.5,248.5,248.5,0
2014-04-03,246.93,246.93,246.93,246.93,0
2014-04-04,250.66,250.66,250.66,250.66,0
2014-04-07,250.91,250.91,250.91,250.91,0
2014-04-08,244.92,244.92,244.92,244.92,0
2014-04-09,243.69,243.69,243.69,243.69,0
2014-04-10,243.69,243.69,243.69,243.69,0
2014-04-11,243.69,243.69,243.69,243.69,0
2014-04-14,268.89,268.89,268.89,268.89,0
2014-04-15,242.64,242.64,242.64,242.64,0
2014-04-16,240.78,240.78,240.78,240.78,0
2014-04-17,247.42,247.42,247.42,247.42,0
2014-04-18,246.7,246.7,246.7,246.7,0
2014-04-22,250.78,250.78,250.78,250.78,0
2014-04-23,249.93,249.93,249.93,249.93,0
2014-04-24,249.77,249.77,249.77,249.77,0
2014-04-25,248.89,248.89,248.89,248.89,0
2014-04-28,245.5,245.5,245.5,245.5,0
2014-04-29,243.93,243.93,243.93,243.93,0
2014-04-30,247.52,247.52,247.52,247.52,0
2014-05-02,247.86,247.86,247.86,247.86,0
2014-05-05,246.95,246.95,246.95,246.95,0
2014-05-06,244.96,244.96,244.96,244.96,0
2014-05-07,242.57,242.57,242.57,242.57,0
2014-05-08,239.71,239.71,239.71,239.71,0
2014-05-09,238.59,238.59,238.59,238.59,0
2014-05-13,237.42,237.42,237.42,237.42,0
2014-05-14,237.94,237.94,237.94,237.94,0
2014-05-15,237.93,237.93,237.93,237.93,0
2014-05-16,240.16,240.16,240.16,240.16,0
2014-05-19,246.04,246.04,246.04,246.04,0
2014-05-20,245.35,245.35,245.35,245.35,0
2014-05-21,240.5,240.5,240.5,240.5,0
2014-05-22,240.43,240.43,240.43,240.43,0
2014-05-23,240.48,240.48,240.48,240.48,0
2014-05-26,240.8,240.8,240.8,240.8,0
2014-05-27,240.94,240.94,240.94,240.94,0
2014-05-28,240.94,240.94,240.94,240.94,0
2014-05-30,240.58,240.58,240.58,240.58,0
2014-06-02,241.46,241.46,241.46,241.46,0
2014-06-03,242.84,242.84,242.84,242.84,0
2014-06-04,249.45,249.45,249.45,249.45,0
2014-06-05,251.29,251.29,251.29,251.29,0
2014-06-06,258.34,258.34,258.34,258.34,0
2014-06-10,258.34,258.34,258.34,258.34,0
2014-06-11,259.08,259.08,259.08,259.08,0
2014-06-12,261.39,261.39,261.39,261.39,0
2014-06-13,256.17,256.17,256.17,256.17,0
2014-06-16,259.07,259.07,259.07,259.07,0
2014-06-17,258.35,258.35,258.35,258.35,0
2014-06-18,249.64,249.64,249.64,249.64,0
2014-06-19,248.82,248.82,248.82,248.82,0
2014-06-20,249.5,249.5,249.5,249.5,0
2014-06-23,250.32,250.32,250.32,250.32,0
2014-06-24,250.37,250.37,250.37,250.37,0
2014-06-25,245.21,245.21,245.21,245.21,0
2014-06-26,250.34,250.34,250.34,250.34,0
2014-06-27,250.34,250.34,250.34,250.34,0
2014-06-30,249.87,249.87,249.87,249.87,0
2014-07-01,249.49,249.49,249.49,249.49,0
2014-07-02,250.54,250.54,250.54,250.54,0
2014-07-03,249.03,249.03,249.03,249.03,0
2014-07-04,247.47,247.47,247.47,247.47,0
2014-07-07,247.39,247.39,247.39,247.39,0
2014-07-08,247.01,247.01,247.01,247.01,0
2014-07-09,247.01,247.01,247.01,247.01,0
2014-07-10,246.44,246.44,246.44,246.44,0
2014-07-11,244.94,244.94,244.94,244.94,0
2014-07-14,244.94,244.94,244.94,244.94,0
2014-07-15,245.34,245.34,245.34,245.34,0
2014-07-16,245.8,245.8,245.8,245.8,0
2014-07-17,250.27,250.27,250.27,250.27,0
2014-07-18,249.09,249.09,249.09,249.09,0
2014-07-21,249.71,249.71,249.71,249.71,0
2014-07-22,253.59,253.59,253.59,253.59,0
2014-07-23,253.2,253.2,253.2,253.2,0
2014-07-25,251.34,251.34,251.34,251.34,0
2014-07-29,248.28,248.28,248.28,248.28,0
2014-07-30,248.91,248.91,248.91,248.91,0
2014-07-31,252.2,252.2,252.2,252.2,0
2014-08-01,250.32,250.32,250.32,250.32,0
2014-08-04,248.82,248.82,248.82,248.82,0
2014-08-05,250.15,250.15,250.15,250.15,0
2014-08-06,250.3,250.3,250.3,250.3,0
2014-08-08,256.21,256.21,256.21,256.21,0
2014-08-11,256.64,256.64,256.64,256.64,0
2014-08-12,258.78,258.78,258.78,258.78,0
2014-08-13,260.24,260.24,260.24,260.24,0
2014-08-14,256.69,256.69,256.69,256.69,0
2014-08-18,258.06,258.06,258.06,258.06,0
2014-08-19,258.69,258.69,258.69,258.69,0
2014-08-20,258.65,258.65,258.65,258.65,0
2014-08-21,258.65,258.65,258.65,258.65,0
2014-08-22,259.69,259.69,259.69,259.69,0
2014-08-25,263.86,263.86,263.86,263.86,0
2014-08-26,263.97,263.97,263.97,263.97,0
2014-08-27,266.2,266.2,266.2,266.2,0
2014-08-28,265.35,265.35,265.35,265.35,0
2014-08-29,266.44,266.44,266.44,266.44,0
2014-09-01,266.34,266.34,266.34,266.34,0
2014-09-02,263.59,263.59,263.59,263.59,0
2014-09-03,265.97,265.97,265.97,265.97,0
2014-09-04,264.05,264.05,264.05,264.05,0
2014-09-05,267.65,267.65,267.65,267.65,0
2014-09-08,266.6,266.6,266.6,266.6,0
2014-09-09,266.6,266.6,266.6,266.6,0
2014-09-10,264.05,264.05,264.05,264.05,0
2014-09-11,264.05,264.05,264.05,264.05,0
2014-09-12,265.28,265.28,265.28,265.28,0
2014-09-15,266.84,266.84,266.84,266.84,0
2014-09-16,268.11,268.11,268.11,268.11,0
2014-09-17,271.25,271.25,271.25,271.25,0
2014-09-18,267.67,267.67,267.67,267.67,0
2014-09-19,267.53,267.53,267.53,267.53,0
2014-09-22,267.54,267.54,267.54,267.54,0
2014-09-23,265.41,265.41,265.41,265.41,0
2014-09-24,268.7,268.7,268.7,268.7,0
2014-09-25,269.22,269.22,269.22,269.22,0
2014-09-26,269.01,269.01,269.01,269.01,0
2014-09-29,271.34,271.34,271.34,271.34,0
2014-09-30,272.67,272.67,272.67,272.67,0
2014-10-01,274.76,274.76,274.76,274.76,0
2014-10-02,274.76,274.76,274.76,274.76,0
2014-10-03,274.65,274.65,274.65,274.65,0
2014-10-06,276.42,276.42,276.42,276.42,0
2014-10-07,276.42,276.42,276.42,276.42,0
2014-10-08,275.17,275.17,275.17,275.17,0
2014-10-09,274.14,274.14,274.14,274.14,0
2014-10-10,273.23,273.23,273.23,273.23,0
2014-10-13,273.25,273.25,273.25,273.25,0
2014-10-14,272.73,272.73,272.73,272.73,0
2014-10-15,271.57,271.57,271.57,271.57,0
2014-10-16,271.29,271.29,271.29,271.29,0
2014-10-17,273.38,273.38,273.38,273.38,0
2014-10-20,273.51,273.51,273.51,273.51,0
2014-10-21,273.28,273.28,273.28,273.28,0
2014-10-22,272.5,272.5,272.5,272.5,0
2014-10-23,272.36,272.36,272.36,272.36,0
2014-10-24,271.63,271.63,271.63,271.63,0
2014-10-27,272.31,272.31,272.31,272.31,0
2014-10-28,274.13,274.13,274.13,274.13,0
2014-10-29,272.75,272.75,272.75,272.75,0
2014-10-30,272.5,272.5,272.5,272.5,0
2014-10-31,272.84,272.84,272.84,272.84,0
2014-11-03,276.92,276.92,276.92,276.92,0
2014-11-04,275.37,275.37,275.37,275.37,0
2014-11-05,276.87,276.87,276.87,276.87,0
2014-11-06,278.93,278.93,278.93,278.93,0
2014-11-07,278.93,278.93,278.93,278.93,0
2014-11-10,275.79,275.79,275.79,275.79,0
2014-11-11,275.89,275.89,275.89,275.89,0
2014-11-12,276.42,276.42,276.42,276.42,0
2014-11-13,279.56,279.56,279.56,279.56,0
2014-11-14,279.56,279.56,279.56,279.56,0
2014-11-17,279.86,279.86,279.86,279.86,0
2014-11-18,290.78,290.78,290.78,290.78,0
2014-11-19,290.78,290.78,290.78,290.78,0
2014-11-20,286.98,286.98,286.98,286.98,0
2014-11-21,279.84,279.84,279.84,279.84,0
2014-11-24,280.52,280.52,280.52,280.52,0
2014-11-25,280.52,280.52,280.52,280.52,0
2014-11-26,280.5,280.5,280.5,280.5,0
2014-11-27,277.63,277.63,277.63,277.63,0
2014-11-28,277.78,277.78,277.78,277.78,0
2014-12-01,277.83,277.83,277.83,277.83,0
2014-12-02,277.26,277.26,277.26,277.26,0
2014-12-03,277.26,277.26,277.26,277.26,0
2014-12-04,277.26,277.26,277.26,277.26,0
2014-12-05,277.25,277.25,277.25,277.25,0
2014-12-08,278.78,278.78,278.78,278.78,0
2014-12-09,276.1,276.1,276.1,276.1,0
2014-12-10,276.11,276.11,276.11,276.11,0
2014-12-11,275.91,275.91,275.91,275.91,0
2014-12-12,274.58,274.58,274.58,274.58,0
2014-12-15,281.53,281.53,281.53,281.53,0
2014-12-16,276.53,276.53,276.53,276.53,0
2014-12-17,276.98,276.98,276.98,276.98,0
2014-12-18,277.77,277.77,277.77,277.77,0
2014-12-19,281.96,281.96,281.96,281.96,0
2014-12-22,282.07,282.07,282.07,282.07,0
2014-12-23,284.6,284.6,284.6,284.6,0
2014-12-24,287.22,287.22,287.22,287.22,0
2014-12-26,283.21,283.21,283.21,283.21,0
2014-12-29,284.61,284.61,284.61,284.61,0
2014-12-30,289.11,289.11,289.11,289.11,0
2014-12-31,296.96,296.96,296.96,296.96,0
2015-01-02,302.15,302.15,302.15,302.15,0
2015-01-05,302.73,302.73,302.73,302.73,0
2015-01-06,306.48,306.48,306.48,306.48,0
2015-01-07,307.33,307.33,307.33,307.33,0
2015-01-08,302.09,302.09,302.09,302.09,0
2015-01-09,302.1,302.1,302.1,302.1,0
2015-01-12,301.1,301.1,301.1,301.1,0
2015-01-13,301.1,301.1,301.1,301.1,0
2015-01-14,296.89,296.89,296.89,296.89,0
2015-01-15,296.68,296.68,296.68,296.68,0
2015-01-16,296.68,296.68,296.68,296.68,0
2015-01-19,297.04,297.04,297.04,297.04,0
2015-01-20,296.27,296.27,296.27,296.27,0
2015-01-21,296.96,296.96,296.96,296.96,0
2015-01-22,297.89,297.89,297.89,297.89,0
2015-01-23,297.32,297.32,297.32,297.32,0
2015-01-26,296.19,296.19,296.19,296.19,0
2015-01-27,297.8,297.8,297.8,297.8,0
2015-01-28,300.36,300.36,300.36,300.36,0
2015-01-29,302.84,302.84,302.84,302.84,0
2015-01-30,305.92,305.92,305.92,305.92,0
2015-02-02,305.92,305.92,305.92,305.92,0
2015-02-03,304.55,304.55,304.55,304.55,0
2015-02-04,306.29,306.29,306.29,306.29,0
2015-02-05,306.11,306.11,306.11,306.11,0
2015-02-06,304.87,304.87,304.87,304.87,0
2015-02-10,299.24,299.24,299.24,299.24,0
2015-02-11,305.05,305.05,305.05,305.05,0
2015-02-12,305.05,305.05,305.05,305.05,0
2015-02-13,300.01,300.01,300.01,300.01,0
2015-02-16,304.37,304.37,304.37,304.37,0
2015-02-17,304.37,304.37,304.37,304.37,0
2015-02-18,304.37,304.37,304.37,304.37,0
2015-02-19,306.71,306.71,306.71,306.71,0
2015-02-20,307.02,307.02,307.02,307.02,0
2015-02-23,313.27,313.27,313.27,313.27,0
2015-02-24,312.95,312.95,312.95,312.95,0
2015-02-25,314.93,314.93,314.93,314.93,0
2015-02-26,315.27,315.27,315.27,315.27,0
2015-02-27,320.54,320.54,320.54,320.54,0
2015-03-02,329.46,329.46,329.46,329.46,0
2015-03-03,337.51,337.51,337.51,337.51,0
2015-03-04,336.93,336.93,336.93,336.93,0
2015-03-05,341.61,341.61,341.61,341.61,0
2015-03-06,346.14,346.14,346.14,346.14,0
2015-03-09,351.2,351.2,351.2,351.2,0
2015-03-10,356.43,356.43,356.43,356.43,0
2015-03-11,357.65,357.65,357.65,357.65,0
2015-03-12,366.7,366.7,366.7,366.7,0
2015-03-13,372.82,372.82,372.82,372.82,0
2015-03-16,377.72,377.72,377.72,377.72,0
2015-03-17,376.86,376.86,376.86,376.86,0
2015-03-18,369.03,369.03,369.03,369.03,0
2015-03-19,365.72,365.72,365.72,365.72,0
2015-03-20,371.64,371.64,371.64,371.64,0
2015-03-23,373.04,373.04,373.04,373.04,0
2015-03-24,378.29,378.29,378.29,378.29,0
2015-03-25,382.17,382.17,382.17,382.17,0
2015-03-26,388.11,388.11,388.11,388.11,0
2015-03-27,391.13,391.13,391.13,391.13,0
2015-03-30,396.02,396.02,396.02,396.02,0
2015-03-31,389.2,389.2,389.2,389.2,0
2015-04-01,394.19,394.19,394.19,394.19,0
2015-04-02,391.58,391.58,391.58,391.58,0
2015-04-03,380.58,380.58,380.58,380.58,0
2015-04-07,373.24,373.24,373.24,373.24,0
2015-04-08,365.59,365.59,365.59,365.59,0
2015-04-09,365.02,365.02,365.02,365.02,0
2015-04-10,367.35,367.35,367.35,367.35,0
2015-04-13,367.47,367.47,367.47,367.47,0
2015-04-14,371.03,371.03,371.03,371.03,0
2015-04-15,376.33,376.33,376.33,376.33,0
2015-04-16,375.92,375.92,375.92,375.92,0
2015-04-17,371.08,371.08,371.08,371.08,0
2015-04-20,373.56,373.56,373.56,373.56,0
2015-04-21,365.94,365.94,365.94,365.94,0
2015-04-22,365.93,365.93,365.93,365.93,0
2015-04-23,365.61,365.61,365.61,365.61,0
2015-04-24,365.61,365.61,365.61,365.61,0
2015-04-27,364.6,364.6,364.6,364.6,0
2015-04-28,364.11,364.11,364.11,364.11,0
2015-04-29,365.63,365.63,365.63,365.63,0
2015-04-30,367.99,367.99,367.99,367.99,0
2015-05-04,374.02,374.02,374.02,374.02,0
2015-05-05,363.52,363.52,363.52,363.52,0
2015-05-06,365.96,365.96,365.96,365.96,0
2015-05-07,364.25,364.25,364.25,364.25,0
2015-05-08,363.1,363.1,363.1,363.1,0
2015-05-11,359.01,359.01,359.01,359.01,0
2015-05-12,360.36,360.36,360.36,360.36,0
2015-05-13,361.33,361.33,361.33,361.33,0
2015-05-15,360.51,360.51,360.51,360.51,0
2015-05-18,360.7,360.7,360.7,360.7,0
2015-05-19,361.08,361.08,361.08,361.08,0
2015-05-20,366.55,366.55,366.55,366.55,0
2015-05-21,375.34,375.34,375.34,375.34,0
2015-05-22,381.98,381.98,381.98,381.98,0
2015-05-26,392.11,392.11,392.11,392.11,0
2015-05-27,400.37,400.37,400.37,400.37,0
2015-05-28,404.35,404.35,404.35,404.35,0
2015-05-29,399.14,399.14,399.14,399.14,0
2015-06-01,388.62,388.62,388.62,388.62,0
2015-06-02,387.54,387.54,387.54,387.54,0
2015-06-03,390.09,390.09,390.09,390.09,0
2015-06-04,397.64,397.64,397.64,397.64,0
2015-06-05,408.17,408.17,408.17,408.17,0
2015-06-08,414.4,414.4,414.4,414.4,0
2015-06-09,423.28,423.28,423.28,423.28,0
2015-06-10,440.62,440.62,440.62,440.62,0
2015-06-11,454.01,454.01,454.01,454.01,0
2015-06-12,441.64,441.64,441.64,441.64,0
2015-06-15,441.01,441.01,441.01,441.01,0
2015-06-16,445.34,445.34,445.34,445.34,0
2015-06-17,447.37,447.37,447.37,447.37,0
2015-06-18,460.03,460.03,460.03,460.03,0
2015-06-19,461.81,461.81,461.81,461.81,0
2015-06-22,472.21,472.21,472.21,472.21,0
2015-06-23,484.23,484.23,484.23,484.23,0
2015-06-24,496.23,496.23,496.23,496.23,0
2015-06-25,484.92,484.92,484.92,484.92,0
2015-06-26,486.73,486.73,486.73,486.73,0
2015-06-29,484.59,484.59,484.59,484.59,0
2015-06-30,480.63,480.63,480.63,480.63,0
2015-07-01,482.12,482.12,482.12,482.12,0
2015-07-02,473.72,473.72,473.72,473.72,0
2015-07-03,472.36,472.36,472.36,472.36,0
2015-07-06,474.29,474.29,474.29,474.29,0
2015-07-07,471.52,471.52,471.52,471.52,0
2015-07-08,469.08,469.08,469.08,469.08,0
2015-07-09,467.47,467.47,467.47,467.47,0
2015-07-10,477.84,477.84,477.84,477.84,0
2015-07-13,490.72,490.72,490.72,490.72,0
2015-07-15,502.76,502.76,502.76,502.76,0
2015-07-16,499.28,499.28,499.28,499.28,0
2015-07-20,500.28,500.28,500.28,500.28,0
2015-07-21,501.96,501.96,501.96,501.96,0
2015-07-22,503.18,503.18,503.18,503.18,0
2015-07-23,506.42,506.42,506.42,506.42,0
2015-07-24,503.94,503.94,503.94,503.94,0
2015-07-27,517,517,517,517,0
2015-07-28,520.68,520.68,520.68,520.68,0
2015-07-29,523.47,523.47,523.47,523.47,0
2015-07-30,530.53,530.53,530.53,530.53,0
2015-07-31,541.88,541.88,541.88,541.88,0
2015-08-03,540.47,540.47,540.47,540.47,0
2015-08-04,524.99,524.99,524.99,524.99,0
2015-08-05,523.2,523.2,523.2,523.2,0
2015-08-06,526.19,526.19,526.19,526.19,0
2015-08-10,529.27,529.27,529.27,529.27,0
2015-08-11,531.6,531.6,531.6,531.6,0
2015-08-12,533.49,533.49,533.49,533.49,0
2015-08-13,528.64,528.64,528.64,528.64,0
2015-08-14,527.82,527.82,527.82,527.82,0
2015-08-17,527.24,527.24,527.24,527.24,0
2015-08-18,529.1,529.1,529.1,529.1,0
2015-08-19,540.24,540.24,540.24,540.24,0
2015-08-20,541.8,541.8,541.8,541.8,0
2015-08-21,531.51,531.51,531.51,531.51,0
2015-08-24,541.78,541.78,541.78,541.78,0
2015-08-25,543.77,543.77,543.77,543.77,0
2015-08-26,547.99,547.99,547.99,547.99,0
2015-08-27,550.15,550.15,550.15,550.15,0
2015-08-28,552.31,552.31,552.31,552.31,0
2015-08-31,556.31,556.31,556.31,556.31,0
2015-09-01,560.54,560.54,560.54,560.54,0
2015-09-02,561.27,561.27,561.27,561.27,0
2015-09-03,557.07,557.07,557.07,557.07,0
2015-09-04,551.08,551.08,551.08,551.08,0
2015-09-07,554.83,554.83,554.83,554.83,0
2015-09-08,556.69,556.69,556.69,556.69,0
2015-09-09,549.66,549.66,549.66,549.66,0
2015-09-10,547.82,547.82,547.82,547.82,0
2015-09-11,551.39,551.39,551.39,551.39,0
2015-09-14,551.65,551.65,551.65,551.65,0
2015-09-15,551.08,551.08,551.08,551.08,0
2015-09-16,554.45,554.45,554.45,554.45,0
2015-09-17,550.88,550.88,550.88,550.88,0
2015-09-18,540.42,540.42,540.42,540.42,0
2015-09-21,536.85,536.85,536.85,536.85,0
2015-09-22,535.89,535.89,535.89,535.89,0
2015-09-23,538.35,538.35,538.35,538.35,0
2015-09-25,545.82,545.82,545.82,545.82,0
2015-09-28,551.16,551.16,551.16,551.16,0
2015-09-29,545.74,545.74,545.74,545.74,0
2015-09-30,549.94,549.94,549.94,549.94,0
2015-10-01,550.3,550.3,550.3,550.3,0
2015-10-02,554.45,554.45,554.45,554.45,0
2015-10-05,555.1,555.1,555.1,555.1,0
2015-10-06,558.19,558.19,558.19,558.19,0
2015-10-07,554.83,554.83,554.83,554.83,0
2015-10-08,558.93,558.93,558.93,558.93,0
2015-10-09,557.5,557.5,557.5,557.5,0
2015-10-12,557.92,557.92,557.92,557.92,0
2015-10-13,565.89,565.89,565.89,565.89,0
2015-10-14,571.55,571.55,571.55,571.55,0
2015-10-15,573.82,573.82,573.82,573.82,0
2015-10-16,572.55,572.55,572.55,572.55,0
2015-10-19,575.51,575.51,575.51,575.51,0
2015-10-20,575.76,575.76,575.76,575.76,0
2015-10-21,580.97,580.97,580.97,580.97,0
2015-10-22,581.82,581.82,581.82,581.82,0
2015-10-23,582.17,582.17,582.17,582.17,0
2015-10-26,581.94,581.94,581.94,581.94,0
2015-10-27,582.46,582.46,582.46,582.46,0
2015-10-28,583.09,583.09,583.09,583.09,0
2015-10-30,583.59,583.59,583.59,583.59,0
2015-11-02,592.28,592.28,592.28,592.28,0
2015-11-03,590.39,590.39,590.39,590.39,0
2015-11-04,588.35,588.35,588.35,588.35,0
2015-11-05,589.43,589.43,589.43,589.43,0
2015-11-06,591.49,591.49,591.49,591.49,0
2015-11-09,591.36,591.36,591.36,591.36,0
2015-11-10,595.77,595.77,595.77,595.77,0
2015-11-11,592.43,592.43,592.43,592.43,0
2015-11-12,589.57,589.57,589.57,589.57,0
2015-11-13,590.26,590.26,590.26,590.26,0
2015-11-16,577.93,577.93,577.93,577.93,0
2015-11-17,577.15,577.15,577.15,577.15,0
2015-11-18,562.7,562.7,562.7,562.7,0
2015-11-19,571.49,571.49,571.49,571.49,0
2015-11-20,572.15,572.15,572.15,572.15,0
2015-11-23,566.38,566.38,566.38,566.38,0
2015-11-24,571.4,571.4,571.4,571.4,0
2015-11-25,572.4,572.4,572.4,572.4,0
2015-11-26,587.41,587.41,587.41,587.41,0
2015-11-27,601.61,601.61,601.61,601.61,0
2015-11-30,603.23,603.23,603.23,603.23,0
2015-12-01,596.07,596.07,596.07,596.07,0
2015-12-02,599.86,599.86,599.86,599.86,0
2015-12-03,596.94,596.94,596.94,596.94,0
2015-12-04,596.68,596.68,596.68,596.68,0
2015-12-07,591.44,591.44,591.44,591.44,0
2015-12-08,597.12,597.12,597.12,597.12,0
2015-12-09,600.12,600.12,600.12,600.12,0
2015-12-10,583.3,583.3,583.3,583.3,0
2015-12-11,583.38,583.38,583.38,583.38,0
2015-12-14,575.09,575.09,575.09,575.09,0
2015-12-15,561.22,561.22,561.22,561.22,0
2015-12-16,574.77,574.77,574.77,574.77,0
2015-12-17,580.42,580.42,580.42,580.42,0
2015-12-18,575.39,575.39,575.39,575.39,0
2015-12-21,588.98,588.98,588.98,588.98,0
2015-12-22,576.38,576.38,576.38,576.38,0
2015-12-23,559.56,559.56,559.56,559.56,0
2015-12-28,552.93,552.93,552.93,552.93,0
2015-12-29,565.01,565.01,565.01,565.01,0
2015-12-30,562.22,562.22,562.22,562.22,0
2015-12-31,579.46,579.46,579.46,579.46,0
2016-01-04,564.13,564.13,564.13,564.13,0
2016-01-05,565.44,565.44,565.44,565.44,0
2016-01-06,567.2,567.2,567.2,567.2,0
2016-01-07,567.47,567.47,567.47,567.47,0
2016-01-08,565.78,565.78,565.78,565.78,0
2016-01-11,564.79,564.79,564.79,564.79,0
2016-01-12,562.23,562.23,562.23,562.23,0
2016-01-13,562.85,562.85,562.85,562.85,0
2016-01-14,566.58,566.58,566.58,566.58,0
2016-01-15,565.04,565.04,565.04,565.04,0
2016-01-18,566.17,566.17,566.17,566.17,0
2016-01-19,562.92,562.92,562.92,562.92,0
2016-01-20,569.29,569.29,569.29,569.29,0
2016-01-21,569.48,569.48,569.48,569.48,0
2016-01-22,565.2,565.2,565.2,565.2,0
2016-01-25,567.31,567.31,567.31,567.31,0
2016-01-26,562.6,562.6,562.6,562.6,0
2016-01-27,561.85,561.85,561.85,561.85,0
2016-01-28,561.92,561.92,561.92,561.92,0
2016-01-29,563.56,563.56,563.56,563.56,0
2016-02-01,559.83,559.83,559.83,559.83,0
2016-02-02,562.15,562.15,562.15,562.15,0
2016-02-03,556.37,556.37,556.37,556.37,0
2016-02-04,559.22,559.22,559.22,559.22,0
2016-02-05,572.23,572.23,572.23,572.23,0
2016-02-08,571.54,571.54,571.54,571.54,0
2016-02-09,566.89,566.89,566.89,566.89,0
2016-02-10,567.84,567.84,567.84,567.84,0
2016-02-11,565.81,565.81,565.81,565.81,0
2016-02-12,564.44,564.44,564.44,564.44,0
2016-02-15,568.35,568.35,568.35,568.35,0
2016-02-16,573.48,573.48,573.48,573.48,0
2016-02-17,571.14,571.14,571.14,571.14,0
2016-02-18,581.21,581.21,581.21,581.21,0
2016-02-19,579.62,579.62,579.62,579.62,0
2016-02-22,573.3,573.3,573.3,573.3,0
2016-02-23,580.55,580.55,580.55,580.55,0
2016-02-24,597.01,597.01,597.01,597.01,0
2016-02-25,601.61,601.61,601.61,601.61,0
2016-02-26,596.63,596.63,596.63,596.63,0
2016-02-29,604.12,604.12,604.12,604.12,0
2016-03-01,603.93,603.93,603.93,603.93,0
2016-03-02,611.21,611.21,611.21,611.21,0
2016-03-03,610.98,610.98,610.98,610.98,0
2016-03-04,620.52,620.52,620.52,620.52,0
2016-03-07,641.79,641.79,641.79,641.79,0
2016-03-08,657.38,657.38,657.38,657.38,0
2016-03-09,681.36,681.36,681.36,681.36,0
2016-03-10,693.4,693.4,693.4,693.4,0
2016-03-11,701.89,701.89,701.89,701.89,0
2016-03-14,699.17,699.17,699.17,699.17,0
2016-03-15,709.48,709.48,709.48,709.48,0
2016-03-16,726.21,726.21,726.21,726.21,0
2016-03-17,725.3,725.3,725.3,725.3,0
2016-03-18,729.36,729.36,729.36,729.36,0
2016-03-21,721.52,721.52,721.52,721.52,0
2016-03-22,724.35,724.35,724.35,724.35,0
2016-03-23,737.88,737.88,737.88,737.88,0
2016-03-24,734.94,734.94,734.94,734.94,0
2016-03-25,729.68,729.68,729.68,729.68,0
2016-03-29,733.29,733.29,733.29,733.29,0
2016-03-30,736.56,736.56,736.56,736.56,0
2016-03-31,722.12,722.12,722.12,722.12,0
2016-04-01,732.78,732.78,732.78,732.78,0
2016-04-04,744.28,744.28,744.28,744.28,0
2016-04-05,727.58,727.58,727.58,727.58,0
2016-04-06,716.25,716.25,716.25,716.25,0
2016-04-07,714.44,714.44,714.44,714.44,0
2016-04-08,698.47,698.47,698.47,698.47,0
2016-04-11,678.1,678.1,678.1,678.1,0
2016-04-12,671.92,671.92,671.92,671.92,0
2016-04-13,659.81,659.81,659.81,659.81,0
2016-04-14,659.72,659.72,659.72,659.72,0
2016-04-15,657.1,657.1,657.1,657.1,0
2016-04-18,656.42,656.42,656.42,656.42,0
2016-04-19,656.61,656.61,656.61,656.61,0
2016-04-20,658.77,658.77,658.77,658.77,0
2016-04-21,651.99,651.99,651.99,651.99,0
2016-04-22,650.27,650.27,650.27,650.27,0
2016-04-25,646.01,646.01,646.01,646.01,0
2016-04-26,653.44,653.44,653.44,653.44,0
2016-04-27,650.94,650.94,650.94,650.94,0
2016-04-28,653.27,653.27,653.27,653.27,0
2016-04-29,654.36,654.36,654.36,654.36,0
2016-05-03,670.13,670.13,670.13,670.13,0
2016-05-04,674.18,674.18,674.18,674.18,0
2016-05-06,675.18,675.18,675.18,675.18,0
2016-05-09,679.77,679.77,679.77,679.77,0
2016-05-10,681.82,681.82,681.82,681.82,0
2016-05-11,677.16,677.16,677.16,677.16,0
2016-05-12,679.17,679.17,679.17,679.17,0
2016-05-13,681.65,681.65,681.65,681.65,0
2016-05-17,703.56,703.56,703.56,703.56,0
2016-05-18,722.29,722.29,722.29,722.29,0
2016-05-19,727.88,727.88,727.88,727.88,0
2016-05-20,714.68,714.68,714.68,714.68,0
2016-05-23,700.77,700.77,700.77,700.77,0
2016-05-24,714.17,714.17,714.17,714.17,0
2016-05-25,701.6,701.6,701.6,701.6,0
2016-05-26,709.37,709.37,709.37,709.37,0
2016-05-27,707.27,707.27,707.27,707.27,0
2016-05-30,709.95,709.95,709.95,709.95,0
2016-05-31,711.98,711.98,711.98,711.98,0
2016-06-01,705.2,705.2,705.2,705.2,0
2016-06-02,718.76,718.76,718.76,718.76,0
2016-06-03,710.39,710.39,710.39,710.39,0
2016-06-06,716.37,716.37,716.37,716.37,0
2016-06-07,721.18,721.18,721.18,721.18,0
2016-06-08,733.99,733.99,733.99,733.99,0
2016-06-09,751.89,751.89,751.89,751.89,0
2016-06-10,757.62,757.62,757.62,757.62,0
2016-06-13,752.74,752.74,752.74,752.74,0
2016-06-14,752.93,752.93,752.93,752.93,0
2016-06-15,748.27,748.27,748.27,748.27,0
2016-06-16,735.62,735.62,735.62,735.62,0
2016-06-17,724.55,724.55,724.55,724.55,0
2016-06-20,723.96,723.96,723.96,723.96,0
2016-06-21,719.01,719.01,719.01,719.01,0
2016-06-22,729.68,729.68,729.68,729.68,0
2016-06-23,735.54,735.54,735.54,735.54,0
2016-06-24,736.71,736.71,736.71,736.71,0
2016-06-27,742.87,742.87,742.87,742.87,0
2016-06-28,769.38,769.38,769.38,769.38,0
2016-06-29,775.29,775.29,775.29,775.29,0
2016-06-30,786.55,786.55,786.55,786.55,0
2016-07-01,762.31,762.31,762.31,762.31,0
2016-07-04,745.37,745.37,745.37,745.37,0
2016-07-05,729.64,729.64,729.64,729.64,0
2016-07-07,712.72,712.72,712.72,712.72,0
2016-07-08,699.89,699.89,699.89,699.89,0
2016-07-11,675.47,675.47,675.47,675.47,0
2016-07-12,664.6,664.6,664.6,664.6,0
2016-07-13,671.29,671.29,671.29,671.29,0
2016-07-14,681.04,681.04,681.04,681.04,0
2016-07-15,682.56,682.56,682.56,682.56,0
2016-07-18,700.68,700.68,700.68,700.68,0
2016-07-19,708.87,708.87,708.87,708.87,0
2016-07-20,714.25,714.25,714.25,714.25,0
2016-07-21,699.15,699.15,699.15,699.15,0
2016-07-22,679.06,679.06,679.06,679.06,0
2016-07-25,668.89,668.89,668.89,668.89,0
2016-07-26,662.87,662.87,662.87,662.87,0
2016-07-27,662.48,662.48,662.48,662.48,0
2016-07-28,671.47,671.47,671.47,671.47,0
2016-07-29,670.9,670.9,670.9,670.9,0
2016-08-01,673.92,673.92,673.92,673.92,0
2016-08-02,669.03,669.03,669.03,669.03,0
2016-08-03,669.83,669.83,669.83,669.83,0
2016-08-04,666.82,666.82,666.82,666.82,0
2016-08-05,668.95,668.95,668.95,668.95,0
2016-08-09,668.25,668.25,668.25,668.25,0
2016-08-10,674.33,674.33,674.33,674.33,0
2016-08-11,675.36,675.36,675.36,675.36,0
2016-08-12,679.56,679.56,679.56,679.56,0
2016-08-16,684.74,684.74,684.74,684.74,0
2016-08-17,686.38,686.38,686.38,686.38,0
2016-08-18,665.49,665.49,665.49,665.49,0
2016-08-19,683.51,683.51,683.51,683.51,0
2016-08-22,679.6,679.6,679.6,679.6,0
2016-08-23,670.11,670.11,670.11,670.11,0
2016-08-24,688.96,688.96,688.96,688.96,0
2016-08-25,695.51,695.51,695.51,695.51,0
2016-08-26,700.24,700.24,700.24,700.24,0
2016-08-29,692.97,692.97,692.97,692.97,0
2016-08-30,694.67,694.67,694.67,694.67,0
2016-08-31,701.72,701.72,701.72,701.72,0
2016-09-01,708.8,708.8,708.8,708.8,0
2016-09-02,708.82,708.82,708.82,708.82,0
2016-09-05,706.08,706.08,706.08,706.08,0
2016-09-06,708.03,708.03,708.03,708.03,0
2016-09-07,704.12,704.12,704.12,704.12,0
2016-09-08,707.1,707.1,707.1,707.1,0
2016-09-09,701.87,701.87,701.87,701.87,0
2016-09-13,692.44,692.44,692.44,692.44,0
2016-09-14,687.21,687.21,687.21,687.21,0
2016-09-15,703.03,703.03,703.03,703.03,0
2016-09-16,705.67,705.67,705.67,705.67,0
2016-09-19,711.22,711.22,711.22,711.22,0
2016-09-20,709.11,709.11,709.11,709.11,0
2016-09-21,704.51,704.51,704.51,704.51,0
2016-09-22,695.05,695.05,695.05,695.05,0
2016-09-23,697.02,697.02,697.02,697.02,0
2016-09-26,704.74,704.74,704.74,704.74,0
2016-09-27,716.93,716.93,716.93,716.93,0
2016-09-28,706.07,706.07,706.07,706.07,0
2016-09-29,698.28,698.28,698.28,698.28,0
2016-09-30,690.76,690.76,690.76,690.76,0
2016-10-03,674.6,674.6,674.6,674.6,0
2016-10-04,664.26,664.26,664.26,664.26,0
2016-10-05,661.01,661.01,661.01,661.01,0
2016-10-06,641.33,641.33,641.33,641.33,0
2016-10-07,642.37,642.37,642.37,642.37,0
2016-10-10,649.78,649.78,649.78,649.78,0
2016-10-11,642.56,642.56,642.56,642.56,0
2016-10-12,647.54,647.54,647.54,647.54,0
2016-10-13,641.24,641.24,641.24,641.24,0
2016-10-14,638.55,638.55,638.55,638.55,0
2016-10-17,629.73,629.73,629.73,629.73,0
2016-10-18,619.23,619.23,619.23,619.23,0
2016-10-19,607.18,607.18,607.18,607.18,0
2016-10-20,600.18,600.18,600.18,600.18,0
2016-10-21,608.12,608.12,608.12,608.12,0
2016-10-24,606.48,606.48,606.48,606.48,0
2016-10-25,603.03,603.03,603.03,603.03,0
2016-10-26,573.69,573.69,573.69,573.69,0
2016-10-27,572.6,572.6,572.6,572.6,0
2016-10-28,566.44,566.44,566.44,566.44,0
2016-10-31,565.65,565.65,565.65,565.65,0
2016-11-02,567.52,567.52,567.52,567.52,0
2016-11-03,567.39,567.39,567.39,567.39,0
2016-11-04,569.73,569.73,569.73,569.73,0
2016-11-07,579.6,579.6,579.6,579.6,0
2016-11-08,574.06,574.06,574.06,574.06,0
2016-11-09,570.75,570.75,570.75,570.75,0
2016-11-10,579.19,579.19,579.19,579.19,0
2016-11-11,585.9,585.9,585.9,585.9,0
2016-11-14,598.89,598.89,598.89,598.89,0
2016-11-16,600.88,600.88,600.88,600.88,0
2016-11-17,592.69,592.69,592.69,592.69,0
2016-11-18,596.93,596.93,596.93,596.93,0
2016-11-21,584.46,584.46,584.46,584.46,0
2016-11-22,589.68,589.68,589.68,589.68,0
2016-11-23,594.31,594.31,594.31,594.31,0
2016-11-24,581.82,581.82,581.82,581.82,0
2016-11-25,578.04,578.04,578.04,578.04,0
2016-11-28,584.13,584.13,584.13,584.13,0
2016-11-29,596.95,596.95,596.95,596.95,0
2016-11-30,597.16,597.16,597.16,597.16,0
2016-12-01,577.39,577.39,577.39,577.39,0
2016-12-02,587.15,587.15,587.15,587.15,0
2016-12-05,585.1,585.1,585.1,585.1,0
2016-12-06,580.8,580.8,580.8,580.8,0
2016-12-07,597.54,597.54,597.54,597.54,0
2016-12-08,583.94,583.94,583.94,583.94,0
2016-12-09,585.81,585.81,585.81,585.81,0
2016-12-13,593.81,593.81,593.81,593.81,0
2016-12-14,602.42,602.42,602.42,602.42,0
2016-12-15,585,585,585,585,0
2016-12-16,572.5,572.5,572.5,572.5,0
2016-12-19,575.92,575.92,575.92,575.92,0
2016-12-20,584.25,584.25,584.25,584.25,0
2016-12-21,592.73,592.73,592.73,592.73,0
2016-12-22,589.92,589.92,589.92,589.92,0
2016-12-23,585.26,585.26,585.26,585.26,0
2016-12-27,594.03,594.03,594.03,594.03,0
2016-12-28,582.99,582.99,582.99,582.99,0
2016-12-29,583.32,583.32,583.32,583.32,0
2016-12-30,600.89,600.89,600.89,600.89,0
2017-01-03,581.25,581.25,581.25,581.25,0
2017-01-04,566.26,566.26,566.26,566.26,0
2017-01-05,557.85,557.85,557.85,557.85,0
2017-01-06,557.51,557.51,557.51,557.51,0
2017-01-09,549.87,549.87,549.87,549.87,0
2017-01-10,546.1,546.1,546.1,546.1,0
2017-01-11,540.91,540.91,540.91,540.91,0
2017-01-12,545.38,545.38,545.38,545.38,0
2017-01-13,546.09,546.09,546.09,546.09,0
2017-01-16,551.01,551.01,551.01,551.01,0
2017-01-17,548.49,548.49,548.49,548.49,0
2017-01-18,539.08,539.08,539.08,539.08,0
2017-01-19,539.83,539.83,539.83,539.83,0
2017-01-20,552.19,552.19,552.19,552.19,0
2017-01-23,539.99,539.99,539.99,539.99,0
2017-01-24,546.25,546.25,546.25,546.25,0
2017-01-25,542.61,542.61,542.61,542.61,0
2017-01-26,538.56,538.56,538.56,538.56,0
2017-01-27,543.53,543.53,543.53,543.53,0
2017-01-30,519.3,519.3,519.3,519.3,0
2017-01-31,512.08,512.08,512.08,512.08,0
2017-02-01,522.3,522.3,522.3,522.3,0
2017-02-02,518.49,518.49,518.49,518.49,0
2017-02-03,517.6,517.6,517.6,517.6,0
2017-02-06,516.08,516.08,516.08,516.08,0
2017-02-07,518.07,518.07,518.07,518.07,0
2017-02-08,517.19,517.19,517.19,517.19,0
2017-02-09,516.25,516.25,516.25,516.25,0
2017-02-10,525.12,525.12,525.12,525.12,0
2017-02-13,511.24,511.24,511.24,511.24,0
2017-02-14,522.59,522.59,522.59,522.59,0
2017-02-15,515.08,515.08,515.08,515.08,0
2017-02-16,517.05,517.05,517.05,517.05,0
2017-02-17,508.57,508.57,508.57,508.57,0
2017-02-20,515.46,515.46,515.46,515.46,0
2017-02-21,511.13,511.13,511.13,511.13,0
2017-02-22,515.22,515.22,515.22,515.22,0
2017-02-23,499.27,499.27,499.27,499.27,0
2017-02-24,502.37,502.37,502.37,502.37,0
2017-02-27,495.12,495.12,495.12,495.12,0
2017-02-28,489.16,489.16,489.16,489.16,0
2017-03-01,500.82,500.82,500.82,500.82,0
2017-03-02,478.21,478.21,478.21,478.21,0
2017-03-03,475.08,475.08,475.08,475.08,0
2017-03-06,478.71,478.71,478.71,478.71,0
2017-03-07,478.25,478.25,478.25,478.25,0
2017-03-08,486.7,486.7,486.7,486.7,0
2017-03-09,485.06,485.06,485.06,485.06,0
2017-03-10,478.17,478.17,478.17,478.17,0
2017-03-13,478.41,478.41,478.41,478.41,0
2017-03-14,485.3,485.3,485.3,485.3,0
2017-03-15,491.1,491.1,491.1,491.1,0
2017-03-16,493.11,493.11,493.11,493.11,0
2017-03-17,484.39,484.39,484.39,484.39,0
2017-03-20,478.29,478.29,478.29,478.29,0
2017-03-21,473.21,473.21,473.21,473.21,0
2017-03-22,466.75,466.75,466.75,466.75,0
2017-03-23,475.31,475.31,475.31,475.31,0
2017-03-24,469.7,469.7,469.7,469.7,0
2017-03-27,474.43,474.43,474.43,474.43,0
2017-03-28,469.11,469.11,469.11,469.11,0
2017-03-29,480.05,480.05,480.05,480.05,0
2017-03-30,479.92,479.92,479.92,479.92,0
2017-03-31,469.71,469.71,469.71,469.71,0
2017-04-03,468.09,468.09,468.09,468.09,0
2017-04-04,468.22,468.22,468.22,468.22,0
2017-04-05,466.8,466.8,466.8,466.8,0
2017-04-06,462.12,462.12,462.12,462.12,0
2017-04-07,461.16,461.16,461.16,461.16,0
2017-04-10,456.77,456.77,456.77,456.77,0
2017-04-11,451.21,451.21,451.21,451.21,0
2017-04-12,436.86,436.86,436.86,436.86,0
2017-04-13,440.34,440.34,440.34,440.34,0
2017-04-14,445.06,445.06,445.06,445.06,0
2017-04-18,437.33,437.33,437.33,437.33,0
2017-04-19,438.7,438.7,438.7,438.7,0
2017-04-20,436.86,436.86,436.86,436.86,0
2017-04-21,431.65,431.65,431.65,431.65,0
2017-04-24,431.65,431.65,431.65,431.65,0
2017-04-25,422.99,422.99,422.99,422.99,0
2017-04-26,428.72,428.72,428.72,428.72,0
2017-04-27,440.49,440.49,440.49,440.49,0
2017-04-28,439.23,439.23,439.23,439.23,0
2017-05-02,432.46,432.46,432.46,432.46,0
2017-05-03,431.71,431.71,431.71,431.71,0
2017-05-04,434.8,434.8,434.8,434.8,0
2017-05-05,427.22,427.22,427.22,427.22,0
2017-05-08,425.44,425.44,425.44,425.44,0
2017-05-09,423.72,423.72,423.72,423.72,0
2017-05-10,421.3,421.3,421.3,421.3,0
2017-05-11,423.93,423.93,423.93,423.93,0
2017-05-12,422.72,422.72,422.72,422.72,0
2017-05-15,416.24,416.24,416.24,416.24,0
2017-05-16,411.53,411.53,411.53,411.53,0
2017-05-17,410.46,410.46,410.46,410.46,0
2017-05-18,409.53,409.53,409.53,409.53,0
2017-05-19,402.72,402.72,402.72,402.72,0
2017-05-22,396.31,396.31,396.31,396.31,0
2017-05-23,400.4,400.4,400.4,400.4,0
2017-05-24,396.77,396.77,396.77,396.77,0
2017-05-26,387.14,387.14,387.14,387.14,0
2017-05-29,386.3,386.3,386.3,386.3,0
2017-05-30,389.97,389.97,389.97,389.97,0
2017-05-31,398.83,398.83,398.83,398.83,0
2017-06-01,397.13,397.13,397.13,397.13,0
2017-06-02,399.13,399.13,399.13,399.13,0
2017-06-06,392.67,392.67,392.67,392.67,0
2017-06-07,398.46,398.46,398.46,398.46,0
2017-06-08,388.47,388.47,388.47,388.47,0
2017-06-09,396.53,396.53,396.53,396.53,0
2017-06-12,386.99,386.99,386.99,386.99,0
2017-06-13,393.54,393.54,393.54,393.54,0
2017-06-14,397.16,397.16,397.16,397.16,0
2017-06-15,407.96,407.96,407.96,407.96,0
2017-06-16,388.3,388.3,388.3,388.3,0
2017-06-19,392.98,392.98,392.98,392.98,0
2017-06-20,400.9,400.9,400.9,400.9,0
2017-06-21,403.03,403.03,403.03,403.03,0
2017-06-23,394.92,394.92,394.92,394.92,0
2017-06-27,404.17,404.17,404.17,404.17,0
2017-06-28,404.24,404.24,404.24,404.24,0
2017-06-29,411.15,411.15,411.15,411.15,0
2017-06-30,407.15,407.15,407.15,407.15,0
2017-07-03,404.27,404.27,404.27,404.27,0
2017-07-04,399.47,399.47,399.47,399.47,0
2017-07-05,402.38,402.38,402.38,402.38,0
2017-07-06,396.35,396.35,396.35,396.35,0
2017-07-07,388.77,388.77,388.77,388.77,0
2017-07-10,393.06,393.06,393.06,393.06,0
2017-07-11,403.4,403.4,403.4,403.4,0
2017-07-12,416.47,416.47,416.47,416.47,0
2017-07-13,406.6,406.6,406.6,406.6,0
2017-07-14,399.29,399.29,399.29,399.29,0
2017-07-17,391.46,391.46,391.46,391.46,0
2017-07-18,390.07,390.07,390.07,390.07,0
2017-07-19,384.35,384.35,384.35,384.35,0
2017-07-20,391.6,391.6,391.6,391.6,0
2017-07-21,375.76,375.76,375.76,375.76,0
2017-07-24,384.24,384.24,384.24,384.24,0
2017-07-25,378.38,378.38,378.38,378.38,0
2017-07-26,380.07,380.07,380.07,380.07,0
2017-07-27,371.48,371.48,371.48,371.48,0
2017-07-28,368.78,368.78,368.78,368.78,0
2017-07-31,374.3,374.3,374.3,374.3,0
2017-08-01,377.3,377.3,377.3,377.3,0
2017-08-02,365.12,365.12,365.12,365.12,0
2017-08-03,363.42,363.42,363.42,363.42,0
2017-08-04,368.63,368.63,368.63,368.63,0
2017-08-08,363.89,363.89,363.89,363.89,0
2017-08-09,366.6,366.6,366.6,366.6,0
2017-08-10,362.35,362.35,362.35,362.35,0
2017-08-11,366.26,366.26,366.26,366.26,0
2017-08-14,370.84,370.84,370.84,370.84,0
2017-08-16,371.08,371.08,371.08,371.08,0
2017-08-17,363.43,363.43,363.43,363.43,0
2017-08-18,348.33,348.33,348.33,348.33,0
2017-08-21,340.93,340.93,340.93,340.93,0
2017-08-22,329.81,329.81,329.81,329.81,0
2017-08-23,332.41,332.41,332.41,332.41,0
2017-08-24,330.9,330.9,330.9,330.9,0
2017-08-25,328.36,328.36,328.36,328.36,0
2017-08-28,313.39,313.39,313.39,313.39,0
2017-08-29,308.33,308.33,308.33,308.33,0
2017-08-30,312.38,312.38,312.38,312.38,0
2017-08-31,313.2,313.2,313.2,313.2,0
2017-09-04,309.56,309.56,309.56,309.56,0
2017-09-05,312.15,312.15,312.15,312.15,0
2017-09-06,314.73,314.73,314.73,314.73,0
2017-09-07,313.24,313.24,313.24,313.24,0
2017-09-08,311.59,311.59,311.59,311.59,0
2017-09-11,313.61,313.61,313.61,313.61,0
2017-09-12,306.46,306.46,306.46,306.46,0
2017-09-13,312.39,312.39,312.39,312.39,0
2017-09-14,317.34,317.34,317.34,317.34,0
2017-09-15,304.62,304.62,304.62,304.62,0
2017-09-18,309.4,309.4,309.4,309.4,0
2017-09-19,299.38,299.38,299.38,299.38,0
2017-09-20,302.27,302.27,302.27,302.27,0
2017-09-21,299.06,299.06,299.06,299.06,0
2017-09-22,292.61,292.61,292.61,292.61,0
2017-09-25,285.09,285.09,285.09,285.09,0
2017-09-26,291.22,291.22,291.22,291.22,0
2017-09-27,295.96,295.96,295.96,295.96,0
2017-09-28,298.1,298.1,298.1,298.1,0
2017-09-29,303.44,303.44,303.44,303.44,0
2017-10-02,300.31,300.31,300.31,300.31,0
2017-10-03,299.64,299.64,299.64,299.64,0
2017-10-04,304,304,304,304,0
2017-10-05,304.18,304.18,304.18,304.18,0
2017-10-06,300.89,300.89,300.89,300.89,0
2017-10-09,305.22,305.22,305.22,305.22,0
2017-10-10,304.63,304.63,304.63,304.63,0
2017-10-11,303.18,303.18,303.18,303.18,0
2017-10-12,304.89,304.89,304.89,304.89,0
2017-10-13,302.02,302.02,302.02,302.02,0
2017-10-16,299.53,299.53,299.53,299.53,0
2017-10-17,301.56,301.56,301.56,301.56,0
2017-10-18,299.32,299.32,299.32,299.32,0
2017-10-19,298.19,298.19,298.19,298.19,0
2017-10-20,285.69,285.69,285.69,285.69,0
2017-10-23,292.26,292.26,292.26,292.26,0
2017-10-24,295.47,295.47,295.47,295.47,0
2017-10-25,299.64,299.64,299.64,299.64,0
2017-10-26,295.31,295.31,295.31,295.31,0
2017-10-27,295.52,295.52,295.52,295.52,0
2017-10-30,289,289,289,289,0
2017-10-31,293.79,293.79,293.79,293.79,0
2017-11-02,299.35,299.35,299.35,299.35,0
2017-11-03,297.69,297.69,297.69,297.69,0
2017-11-06,297.5,297.5,297.5,297.5,0
2017-11-07,292.48,292.48,292.48,292.48,0
2017-11-08,295.57,295.57,295.57,295.57,0
2017-11-09,296.78,296.78,296.78,296.78,0
2017-11-10,287.31,287.31,287.31,287.31,0
2017-11-13,295.61,295.61,295.61,295.61,0
2017-11-14,286.65,286.65,286.65,286.65,0
2017-11-16,293.03,293.03,293.03,293.03,0
2017-11-17,287.07,287.07,287.07,287.07,0
2017-11-20,283.58,283.58,283.58,283.58,0
2017-11-21,289.39,289.39,289.39,289.39,0
2017-11-22,288.14,288.14,288.14,288.14,0
2017-11-23,286.05,286.05,286.05,286.05,0
2017-11-24,284,284,284,284,0
2017-11-27,280.7,280.7,280.7,280.7,0
2017-11-28,277.83,277.83,277.83,277.83,0
2017-11-29,280.27,280.27,280.27,280.27,0
2017-11-30,280.4,280.4,280.4,280.4,0
2017-12-04,286.17,286.17,286.17,286.17,0
2017-12-05,280.88,280.88,280.88,280.88,0
2017-12-06,283.13,283.13,283.13,283.13,0
2017-12-07,291.74,291.74,291.74,291.74,0
2017-12-08,286.45,286.45,286.45,286.45,0
2017-12-11,288.2,288.2,288.2,288.2,0
2017-12-12,289.46,289.46,289.46,289.46,0
2017-12-13,287.47,287.47,287.47,287.47,0
2017-12-14,280.49,280.49,280.49,280.49,0
2017-12-15,281.93,281.93,281.93,281.93,0
2017-12-18,285.6,285.6,285.6,285.6,0
2017-12-19,293.88,293.88,293.88,293.88,0
2017-12-20,296.66,296.66,296.66,296.66,0
2017-12-21,299.95,299.95,299.95,299.95,0
2017-12-22,300.09,300.09,300.09,300.09,0
2017-12-26,304.96,304.96,304.96,304.96,0
2017-12-27,315.41,315.41,315.41,315.41,0
2017-12-28,329.88,329.88,329.88,329.88,0
2017-12-29,340.45,340.45,340.45,340.45,0
2018-01-02,336.08,336.08,336.08,336.08,0
2018-01-03,326.52,326.52,326.52,326.52,0
2018-01-04,319.56,319.56,319.56,319.56,0
2018-01-05,321.75,321.75,321.75,321.75,0
2018-01-08,315.91,315.91,315.91,315.91,0
2018-01-09,310.43,310.43,310.43,310.43,0
2018-01-10,318.74,318.74,318.74,318.74,0
2018-01-11,319.5,319.5,319.5,319.5,0
2018-01-12,325.36,325.36,325.36,325.36,0
2018-01-15,328.64,328.64,328.64,328.64,0
2018-01-16,332.95,332.95,332.95,332.95,0
2018-01-17,345.38,345.38,345.38,345.38,0
2018-01-18,343.42,343.42,343.42,343.42,0
2018-01-19,333.34,333.34,333.34,333.34,0
2018-01-22,329.8,329.8,329.8,329.8,0
2018-01-23,321.48,321.48,321.48,321.48,0
2018-01-24,325.75,325.75,325.75,325.75,0
2018-01-25,311.42,311.42,311.42,311.42,0
2018-01-26,323,323,323,323,0
2018-01-29,312.81,312.81,312.81,312.81,0
2018-01-30,309.75,309.75,309.75,309.75,0
2018-01-31,310.77,310.77,310.77,310.77,0
2018-02-01,308.12,308.12,308.12,308.12,0
2018-02-02,311.89,311.89,311.89,311.89,0
2018-02-05,314.44,314.44,314.44,314.44,0
2018-02-06,321.17,321.17,321.17,321.17,0
2018-02-07,319.55,319.55,319.55,319.55,0
2018-02-08,316.11,316.11,316.11,316.11,0
2018-02-09,316.33,316.33,316.33,316.33,0
2018-02-12,317.05,317.05,317.05,317.05,0
2018-02-13,323.83,323.83,323.83,323.83,0
2018-02-14,329.6,329.6,329.6,329.6,0
2018-02-15,323.84,323.84,323.84,323.84,0
2018-02-16,326.12,326.12,326.12,326.12,0
2018-02-19,319.06,319.06,319.06,319.06,0
2018-02-20,329.72,329.72,329.72,329.72,0
2018-02-21,335.81,335.81,335.81,335.81,0
2018-02-22,329.76,329.76,329.76,329.76,0
2018-02-23,331.95,331.95,331.95,331.95,0
2018-02-26,336.47,336.47,336.47,336.47,0
2018-02-27,343.48,343.48,343.48,343.48,0
2018-02-28,352.09,352.09,352.09,352.09,0
2018-03-01,354.39,354.39,354.39,354.39,0
2018-03-02,370.43,370.43,370.43,370.43,0
2018-03-05,378.4,378.4,378.4,378.4,0
2018-03-06,376.24,376.24,376.24,376.24,0
2018-03-07,378.28,378.28,378.28,378.28,0
2018-03-08,372.03,372.03,372.03,372.03,0
2018-03-09,368.48,368.48,368.48,368.48,0
2018-03-12,373.13,373.13,373.13,373.13,0
2018-03-13,381.82,381.82,381.82,381.82,0
2018-03-14,394.61,394.61,394.61,394.61,0
2018-03-15,376.62,376.62,376.62,376.62,0
2018-03-16,373.56,373.56,373.56,373.56,0
2018-03-19,375.61,375.61,375.61,375.61,0
2018-03-20,376.8,376.8,376.8,376.8,0
2018-03-21,379.86,379.86,379.86,379.86,0
2018-03-22,374.43,374.43,374.43,374.43,0
2018-03-23,375.18,375.18,375.18,375.18,0
2018-03-26,364.62,364.62,364.62,364.62,0
2018-03-27,355.27,355.27,355.27,355.27,0
2018-03-28,356.7,356.7,356.7,356.7,0
2018-03-29,359.28,359.28,359.28,359.28,0
2018-03-30,360.1,360.1,360.1,360.1,0
2018-04-03,368.32,368.32,368.32,368.32,0
2018-04-04,376.73,376.73,376.73,376.73,0
2018-04-05,365.24,365.24,365.24,365.24,0
2018-04-06,361.15,361.15,361.15,361.15,0
2018-04-09,368.89,368.89,368.89,368.89,0
2018-04-10,364.9,364.9,364.9,364.9,0
2018-04-11,367.8,367.8,367.8,367.8,0
2018-04-12,363.24,363.24,363.24,363.24,0
2018-04-13,351.35,351.35,351.35,351.35,0
2018-04-16,349.03,349.03,349.03,349.03,0
2018-04-17,350.2,350.2,350.2,350.2,0
2018-04-18,355.62,355.62,355.62,355.62,0
2018-04-19,337.07,337.07,337.07,337.07,0
2018-04-20,340.86,340.86,340.86,340.86,0
2018-04-23,351.25,351.25,351.25,351.25,0
2018-04-24,355.8,355.8,355.8,355.8,0
2018-04-25,352.98,352.98,352.98,352.98,0
2018-04-26,351.84,351.84,351.84,351.84,0
2018-04-27,345.58,345.58,345.58,345.58,0
2018-04-30,347.31,347.31,347.31,347.31,0
2018-05-02,340.29,340.29,340.29,340.29,0
2018-05-03,346.17,346.17,346.17,346.17,0
2018-05-04,337.93,337.93,337.93,337.93,0
2018-05-07,333.42,333.42,333.42,333.42,0
2018-05-08,339.3,339.3,339.3,339.3,0
2018-05-09,336.14,336.14,336.14,336.14,0
2018-05-11,323.31,323.31,323.31,323.31,0
2018-05-14,320.4,320.4,320.4,320.4,0
2018-05-15,321.73,321.73,321.73,321.73,0
2018-05-16,313.91,313.91,313.91,313.91,0
2018-05-17,304.04,304.04,304.04,304.04,0
2018-05-18,304.41,304.41,304.41,304.41,0
2018-05-22,306.52,306.52,306.52,306.52,0
2018-05-23,305.71,305.71,305.71,305.71,0
2018-05-24,292.99,292.99,292.99,292.99,0
2018-05-25,303.28,303.28,303.28,303.28,0
2018-05-28,308.96,308.96,308.96,308.96,0
2018-05-29,308.57,308.57,308.57,308.57,0
2018-05-30,304.65,304.65,304.65,304.65,0
2018-05-31,303.91,303.91,303.91,303.91,0
2018-06-01,296.37,296.37,296.37,296.37,0
2018-06-04,298.61,298.61,298.61,298.61,0
2018-06-05,297.71,297.71,297.71,297.71,0
2018-06-06,298.5,298.5,298.5,298.5,0
2018-06-07,288.45,288.45,288.45,288.45,0
2018-06-08,295.38,295.38,295.38,295.38,0
2018-06-12,300,300,300,300,0
2018-06-13,307.62,307.62,307.62,307.62,0
2018-06-15,303.76,303.76,303.76,303.76,0
2018-06-18,303.73,303.73,303.73,303.73,0
2018-06-19,301.79,301.79,301.79,301.79,0
2018-06-20,309.31,309.31,309.31,309.31,0
2018-06-21,304.94,304.94,304.94,304.94,0
2018-06-22,302.96,302.96,302.96,302.96,0
2018-06-25,306.03,306.03,306.03,306.03,0
2018-06-26,309.12,309.12,309.12,309.12,0
2018-06-27,319.4,319.4,319.4,319.4,0
2018-06-28,326.1,326.1,326.1,326.1,0
2018-06-29,334.07,334.07,334.07,334.07,0
2018-07-02,336.18,336.18,336.18,336.18,0
2018-07-03,334.84,334.84,334.84,334.84,0
2018-07-04,337.19,337.19,337.19,337.19,0
2018-07-05,327.73,327.73,327.73,327.73,0
2018-07-06,321.82,321.82,321.82,321.82,0
2018-07-09,324.9,324.9,324.9,324.9,0
2018-07-10,324.81,324.81,324.81,324.81,0
2018-07-11,322.86,322.86,322.86,322.86,0
2018-07-12,316.06,316.06,316.06,316.06,0
2018-07-13,319.15,319.15,319.15,319.15,0
2018-07-16,312.93,312.93,312.93,312.93,0
2018-07-17,313.67,313.67,313.67,313.67,0
2018-07-18,321.19,321.19,321.19,321.19,0
2018-07-19,320.47,320.47,320.47,320.47,0
2018-07-20,317.07,317.07,317.07,317.07,0
2018-07-23,315.23,315.23,315.23,315.23,0
2018-07-24,317.07,317.07,317.07,317.07,0
2018-07-25,315.01,315.01,315.01,315.01,0
2018-07-26,313.93,313.93,313.93,313.93,0
2018-07-27,315.04,315.04,315.04,315.04,0
2018-07-30,310.83,310.83,310.83,310.83,0
2018-07-31,310.77,310.77,310.77,310.77,0
2018-08-01,310.92,310.92,310.92,310.92,0
2018-08-02,311.88,311.88,311.88,311.88,0
2018-08-03,307.57,307.57,307.57,307.57,0
2018-08-08,313.15,313.15,313.15,313.15,0
2018-08-09,301.65,301.65,301.65,301.65,0
2018-08-10,299.83,299.83,299.83,299.83,0
2018-08-13,297.16,297.16,297.16,297.16,0
2018-08-14,297.78,297.78,297.78,297.78,0
2018-08-16,296.73,296.73,296.73,296.73,0
2018-08-17,291.54,291.54,291.54,291.54,0
2018-08-20,289.67,289.67,289.67,289.67,0
2018-08-22,292.77,292.77,292.77,292.77,0
2018-08-23,288.72,288.72,288.72,288.72,0
2018-08-24,286.37,286.37,286.37,286.37,0
2018-08-27,290.96,290.96,290.96,290.96,0
2018-08-28,293.17,293.17,293.17,293.17,0
2018-08-29,293.45,293.45,293.45,293.45,0
2018-08-30,287.37,287.37,287.37,287.37,0
2018-08-31,290.83,290.83,290.83,290.83,0
2018-09-03,284.74,284.74,284.74,284.74,0
2018-09-04,282.26,282.26,282.26,282.26,0
2018-09-05,279.36,279.36,279.36,279.36,0
2018-09-06,275.39,275.39,275.39,275.39,0
2018-09-07,277.94,277.94,277.94,277.94,0
2018-09-10,279.64,279.64,279.64,279.64,0
2018-09-11,280.7,280.7,280.7,280.7,0
2018-09-12,279.99,279.99,279.99,279.99,0
2018-09-13,277.22,277.22,277.22,277.22,0
2018-09-14,275.71,275.71,275.71,275.71,0
2018-09-17,269.91,269.91,269.91,269.91,0
2018-09-18,274.34,274.34,274.34,274.34,0
2018-09-19,274.58,274.58,274.58,274.58,0
2018-09-20,274.53,274.53,274.53,274.53,0
2018-09-21,275.36,275.36,275.36,275.36,0
2018-09-24,269.93,269.93,269.93,269.93,0
2018-09-25,269.81,269.81,269.81,269.81,0
2018-09-26,269.96,269.96,269.96,269.96,0
2018-09-27,272.52,272.52,272.52,272.52,0
2018-09-28,271.34,271.34,271.34,271.34,0
2018-10-01,269.47,269.47,269.47,269.47,0
2018-10-02,267.16,267.16,267.16,267.16,0
2018-10-03,270.68,270.68,270.68,270.68,0
2018-10-04,267.2,267.2,267.2,267.2,0
2018-10-05,264.83,264.83,264.83,264.83,0
2018-10-08,261.03,261.03,261.03,261.03,0
2018-10-09,268.59,268.59,268.59,268.59,0
2018-10-10,267.78,267.78,267.78,267.78,0
2018-10-11,266.18,266.18,266.18,266.18,0
2018-10-12,268.77,268.77,268.77,268.77,0
2018-10-15,268.49,268.49,268.49,268.49,0
2018-10-16,259.98,259.98,259.98,259.98,0
2018-10-17,260.18,260.18,260.18,260.18,0
2018-10-18,253.26,253.26,253.26,253.26,0
2018-10-19,255.72,255.72,255.72,255.72,0
2018-10-22,248.33,248.33,248.33,248.33,0
2018-10-23,253.18,253.18,253.18,253.18,0
2018-10-24,250.44,250.44,250.44,250.44,0
2018-10-25,250.59,250.59,250.59,250.59,0
2018-10-26,245.65,245.65,245.65,245.65,0
2018-10-29,254.85,254.85,254.85,254.85,0
2018-10-30,257.12,257.12,257.12,257.12,0
2018-10-31,266.88,266.88,266.88,266.88,0
2018-11-02,271.89,271.89,271.89,271.89,0
2018-11-05,268.12,268.12,268.12,268.12,0
2018-11-06,265.76,265.76,265.76,265.76,0
2018-11-07,266.61,266.61,266.61,266.61,0
2018-11-08,265.96,265.96,265.96,265.96,0
2018-11-09,268.04,268.04,268.04,268.04,0
2018-11-12,264.47,264.47,264.47,264.47,0
2018-11-13,259.5,259.5,259.5,259.5,0
2018-11-14,255.91,255.91,255.91,255.91,0
2018-11-16,248.71,248.71,248.71,248.71,0
2018-11-19,245.21,245.21,245.21,245.21,0
2018-11-21,242.13,242.13,242.13,242.13,0
2018-11-22,235.08,235.08,235.08,235.08,0
2018-11-23,238.07,238.07,238.07,238.07,0
2018-11-26,236.67,236.67,236.67,236.67,0
2018-11-27,236.29,236.29,236.29,236.29,0
2018-11-28,235.88,235.88,235.88,235.88,0
2018-11-29,233.74,233.74,233.74,233.74,0
2018-11-30,232.24,232.24,232.24,232.24,0
2018-12-03,230.02,230.02,230.02,230.02,0
2018-12-04,226.57,226.57,226.57,226.57,0
2018-12-05,226.89,226.89,226.89,226.89,0
2018-12-06,227.52,227.52,227.52,227.52,0
2018-12-07,232.46,232.46,232.46,232.46,0
2018-12-10,234.97,234.97,234.97,234.97,0
2018-12-11,237.38,237.38,237.38,237.38,0
2018-12-12,236.84,236.84,236.84,236.84,0
2018-12-13,238.87,238.87,238.87,238.87,0
2018-12-14,237.94,237.94,237.94,237.94,0
2018-12-17,239.6,239.6,239.6,239.6,0
2018-12-18,248.3,248.3,248.3,248.3,0
2018-12-19,255.64,255.64,255.64,255.64,0
2018-12-20,255.8,255.8,255.8,255.8,0
2018-12-21,255.78,255.78,255.78,255.78,0
2018-12-24,259.32,259.32,259.32,259.32,0
2018-12-26,267.6,267.6,267.6,267.6,0
2018-12-27,266.76,266.76,266.76,266.76,0
2018-12-28,266.33,266.33,266.33,266.33,0
2018-12-31,267.82,267.82,267.82,267.82,0
2019-01-02,268.34,268.34,268.34,268.34,0
2019-01-03,259.59,259.59,259.59,259.59,0
2019-01-04,263.58,263.58,263.58,263.58,0
2019-01-07,264,264,264,264,0
2019-01-08,260.07,260.07,260.07,260.07,0
2019-01-09,257.82,257.82,257.82,257.82,0
2019-01-10,259.48,259.48,259.48,259.48,0
2019-01-11,260.1,260.1,260.1,260.1,0
2019-01-14,256.85,256.85,256.85,256.85,0
2019-01-15,250.16,250.16,250.16,250.16,0
2019-01-16,253.3,253.3,253.3,253.3,0
2019-01-17,248.59,248.59,248.59,248.59,0
2019-01-18,247.84,247.84,247.84,247.84,0
2019-01-21,246.75,246.75,246.75,246.75,0
2019-01-22,246.83,246.83,246.83,246.83,0
2019-01-23,239.54,239.54,239.54,239.54,0
2019-01-24,236.54,236.54,236.54,236.54,0
2019-01-25,234.17,234.17,234.17,234.17,0
2019-01-28,236.3,236.3,236.3,236.3,0
2019-01-29,234.49,234.49,234.49,234.49,0
2019-01-30,230.8,230.8,230.8,230.8,0
2019-01-31,232.22,232.22,232.22,232.22,0
2019-02-01,228.87,228.87,228.87,228.87,0
2019-02-04,230.06,230.06,230.06,230.06,0
2019-02-05,239.57,239.57,239.57,239.57,0
2019-02-06,243.58,243.58,243.58,243.58,0
2019-02-07,248.61,248.61,248.61,248.61,0
2019-02-08,253.2,253.2,253.2,253.2,0
2019-02-11,248.83,248.83,248.83,248.83,0
2019-02-12,251.02,251.02,251.02,251.02,0
2019-02-13,253.08,253.08,253.08,253.08,0
2019-02-14,251.76,251.76,251.76,251.76,0
2019-02-15,252.71,252.71,252.71,252.71,0
2019-02-18,250.7,250.7,250.7,250.7,0
2019-02-19,250.33,250.33,250.33,250.33,0
2019-02-20,250.74,250.74,250.74,250.74,0
2019-02-21,247.46,247.46,247.46,247.46,0
2019-02-22,243.13,243.13,243.13,243.13,0
2019-02-25,239,239,239,239,0
2019-02-26,244.49,244.49,244.49,244.49,0
2019-02-27,244.19,244.19,244.19,244.19,0
2019-02-28,244.94,244.94,244.94,244.94,0
2019-03-01,242.99,242.99,242.99,242.99,0
2019-03-04,238.98,238.98,238.98,238.98,0
2019-03-05,239.44,239.44,239.44,239.44,0
2019-03-06,239.96,239.96,239.96,239.96,0
2019-03-07,240.68,240.68,240.68,240.68,0
2019-03-08,241.37,241.37,241.37,241.37,0
2019-03-11,240.68,240.68,240.68,240.68,0
2019-03-12,236.52,236.52,236.52,236.52,0
2019-03-13,235.06,235.06,235.06,235.06,0
2019-03-14,237.52,237.52,237.52,237.52,0
2019-03-15,241.56,241.56,241.56,241.56,0
2019-03-18,238.53,238.53,238.53,238.53,0
2019-03-19,240.92,240.92,240.92,240.92,0
2019-03-20,246.51,246.51,246.51,246.51,0
2019-03-21,253.14,253.14,253.14,253.14,0
2019-03-22,258.29,258.29,258.29,258.29,0
2019-03-25,258.99,258.99,258.99,258.99,0
2019-03-26,258.95,258.95,258.95,258.95,0
2019-03-27,257.88,257.88,257.88,257.88,0
2019-03-28,259.09,259.09,259.09,259.09,0
2019-03-29,260.45,260.45,260.45,260.45,0
2019-04-01,256.38,256.38,256.38,256.38,0
2019-04-02,249.69,249.69,249.69,249.69,0
2019-04-03,254.68,254.68,254.68,254.68,0
2019-04-04,253.85,253.85,253.85,253.85,0
2019-04-05,256.3,256.3,256.3,256.3,0
2019-04-08,257.45,257.45,257.45,257.45,0
2019-04-09,254.41,254.41,254.41,254.41,0
2019-04-10,255.37,255.37,255.37,255.37,0
2019-04-11,253.5,253.5,253.5,253.5,0
2019-04-12,253.68,253.68,253.68,253.68,0
2019-04-15,251.33,251.33,251.33,251.33,0
2019-04-16,249.14,249.14,249.14,249.14,0
2019-04-17,249.73,249.73,249.73,249.73,0
2019-04-18,250.3,250.3,250.3,250.3,0
2019-04-19,252.77,252.77,252.77,252.77,0
2019-04-23,261.35,261.35,261.35,261.35,0
2019-04-24,266.34,266.34,266.34,266.34,0
2019-04-25,272.91,272.91,272.91,272.91,0
2019-04-26,269.88,269.88,269.88,269.88,0
2019-04-29,262.6,262.6,262.6,262.6,0
2019-04-30,267.48,267.48,267.48,267.48,0
2019-05-02,269.72,269.72,269.72,269.72,0
2019-05-03,272.99,272.99,272.99,272.99,0
2019-05-06,271.97,271.97,271.97,271.97,0
2019-05-07,269.23,269.23,269.23,269.23,0
2019-05-08,264.98,264.98,264.98,264.98,0
2019-05-09,260.27,260.27,260.27,260.27,0
2019-05-10,264.58,264.58,264.58,264.58,0
2019-05-13,266.94,266.94,266.94,266.94,0
2019-05-14,262.34,262.34,262.34,262.34,0
2019-05-15,260.43,260.43,260.43,260.43,0
2019-05-16,267.68,267.68,267.68,267.68,0
2019-05-17,266.96,266.96,266.96,266.96,0
2019-05-20,266.65,266.65,266.65,266.65,0
2019-05-21,260.36,260.36,260.36,260.36,0
2019-05-22,256.26,256.26,256.26,256.26,0
2019-05-23,258.5,258.5,258.5,258.5,0
2019-05-24,253.18,253.18,253.18,253.18,0
2019-05-27,257.65,257.65,257.65,257.65,0
2019-05-28,259.74,259.74,259.74,259.74,0
2019-05-29,258.1,258.1,258.1,258.1,0
2019-05-31,256.36,256.36,256.36,256.36,0
2019-06-03,253.45,253.45,253.45,253.45,0
2019-06-05,250.05,250.05,250.05,250.05,0
2019-06-06,245.89,245.89,245.89,245.89,0
2019-06-07,250.38,250.38,250.38,250.38,0
2019-06-11,255.55,255.55,255.55,255.55,0
2019-06-12,254.68,254.68,254.68,254.68,0
2019-06-13,248.41,248.41,248.41,248.41,0
2019-06-14,246.63,246.63,246.63,246.63,0
2019-06-17,244.18,244.18,244.18,244.18,0
2019-06-18,248.76,248.76,248.76,248.76,0
2019-06-19,246.21,246.21,246.21,246.21,0
2019-06-20,244.58,244.58,244.58,244.58,0
2019-06-21,245.05,245.05,245.05,245.05,0
2019-06-24,244.4,244.4,244.4,244.4,0
2019-06-25,238.83,238.83,238.83,238.83,0
2019-06-26,236.01,236.01,236.01,236.01,0
2019-06-27,235.65,235.65,235.65,235.65,0
2019-06-28,239.35,239.35,239.35,239.35,0
2019-07-01,236.79,236.79,236.79,236.79,0
2019-07-02,236.89,236.89,236.89,236.89,0
2019-07-03,234.13,234.13,234.13,234.13,0
2019-07-04,234.72,234.72,234.72,234.72,0
2019-07-05,234.69,234.69,234.69,234.69,0
2019-07-08,234.67,234.67,234.67,234.67,0
2019-07-09,229.75,229.75,229.75,229.75,0
2019-07-10,230.68,230.68,230.68,230.68,0
2019-07-11,231.7,231.7,231.7,231.7,0
2019-07-12,232.65,232.65,232.65,232.65,0
2019-07-15,233.01,233.01,233.01,233.01,0
2019-07-16,231.05,231.05,231.05,231.05,0
2019-07-17,232.1,232.1,232.1,232.1,0
2019-07-18,232.16,232.16,232.16,232.16,0
2019-07-19,231.12,231.12,231.12,231.12,0
2019-07-22,227.46,227.46,227.46,227.46,0
2019-07-23,230.74,230.74,230.74,230.74,0
2019-07-24,235.81,235.81,235.81,235.81,0
2019-07-25,231.84,231.84,231.84,231.84,0
2019-07-26,229.63,229.63,229.63,229.63,0
2019-07-29,231.1,231.1,231.1,231.1,0
2019-07-30,235.06,235.06,235.06,235.06,0
2019-07-31,231.81,231.81,231.81,231.81,0
2019-08-01,240.42,240.42,240.42,240.42,0
2019-08-02,238.89,238.89,238.89,238.89,0
2019-08-05,239.77,239.77,239.77,239.77,0
2019-08-06,245.73,245.73,245.73,245.73,0
2019-08-08,241.46,241.46,241.46,241.46,0
2019-08-09,240.22,240.22,240.22,240.22,0
2019-08-13,241.73,241.73,241.73,241.73,0
2019-08-14,237.18,237.18,237.18,237.18,0
2019-08-16,240.95,240.95,240.95,240.95,0
2019-08-19,240.52,240.52,240.52,240.52,0
2019-08-20,235.44,235.44,235.44,235.44,0
2019-08-21,240.67,240.67,240.67,240.67,0
2019-08-22,236.87,236.87,236.87,236.87,0
2019-08-23,237.68,237.68,237.68,237.68,0
2019-08-26,235.73,235.73,235.73,235.73,0
2019-08-27,230.69,230.69,230.69,230.69,0
2019-08-28,233.78,233.78,233.78,233.78,0
2019-08-29,229.03,229.03,229.03,229.03,0
2019-08-30,227.6,227.6,227.6,227.6,0
2019-09-02,223.95,223.95,223.95,223.95,0
2019-09-03,222.78,222.78,222.78,222.78,0
2019-09-04,222.54,222.54,222.54,222.54,0
2019-09-05,221.28,221.28,221.28,221.28,0
2019-09-06,221.96,221.96,221.96,221.96,0
2019-09-09,228.05,228.05,228.05,228.05,0
2019-09-10,226.63,226.63,226.63,226.63,0
2019-09-11,231.32,231.32,231.32,231.32,0
2019-09-12,230.77,230.77,230.77,230.77,0
2019-09-13,231.73,231.73,231.73,231.73,0
2019-09-16,230.47,230.47,230.47,230.47,0
2019-09-17,222.69,222.69,222.69,222.69,0
2019-09-18,221.74,221.74,221.74,221.74,0
2019-09-19,221.26,221.26,221.26,221.26,0
2019-09-20,224.56,224.56,224.56,224.56,0
2019-09-23,219.66,219.66,219.66,219.66,0
2019-09-24,220.11,220.11,220.11,220.11,0
2019-09-25,219.62,219.62,219.62,219.62,0
2019-09-26,214.93,214.93,214.93,214.93,0
2019-09-27,211.16,211.16,211.16,211.16,0
2019-09-30,213.74,213.74,213.74,213.74,0
2019-10-01,213.55,213.55,213.55,213.55,0
2019-10-02,217.66,217.66,217.66,217.66,0
2019-10-03,218.84,218.84,218.84,218.84,0
2019-10-04,220.95,220.95,220.95,220.95,0
2019-10-07,217.7,217.7,217.7,217.7,0
2019-10-08,215.34,215.34,215.34,215.34,0
2019-10-09,214.79,214.79,214.79,214.79,0
2019-10-10,210.48,210.48,210.48,210.48,0
2019-10-11,213.02,213.02,213.02,213.02,0
2019-10-14,213.46,213.46,213.46,213.46,0
2019-10-15,211.12,211.12,211.12,211.12,0
2019-10-16,207.23,207.23,207.23,207.23,0
2019-10-17,207.21,207.21,207.21,207.21,0
2019-10-18,212.65,212.65,212.65,212.65,0
2019-10-21,209.07,209.07,209.07,209.07,0
2019-10-22,208.59,208.59,208.59,208.59,0
2019-10-23,210.9,210.9,210.9,210.9,0
2019-10-24,209.89,209.89,209.89,209.89,0
2019-10-25,212.45,212.45,212.45,212.45,0
2019-10-28,214.79,214.79,214.79,214.79,0
2019-10-29,211.2,211.2,211.2,211.2,0
2019-10-30,214.7,214.7,214.7,214.7,0
2019-10-31,215.15,215.15,215.15,215.15,0
2019-11-04,218.5,218.5,218.5,218.5,0
2019-11-05,216.41,216.41,216.41,216.41,0
2019-11-06,210.8,210.8,210.8,210.8,0
2019-11-07,212.61,212.61,212.61,212.61,0
2019-11-08,216.63,216.63,216.63,216.63,0
2019-11-11,213.82,213.82,213.82,213.82,0
2019-11-12,217.46,217.46,217.46,217.46,0
2019-11-13,215.68,215.68,215.68,215.68,0
2019-11-14,216.08,216.08,216.08,216.08,0
2019-11-18,218.49,218.49,218.49,218.49,0
2019-11-19,218.21,218.21,218.21,218.21,0
2019-11-20,220.16,220.16,220.16,220.16,0
2019-11-21,222.09,222.09,222.09,222.09,0
2019-11-22,219.07,219.07,219.07,219.07,0
2019-11-25,216.26,216.26,216.26,216.26,0
2019-11-26,216.05,216.05,216.05,216.05,0
2019-11-27,215.28,215.28,215.28,215.28,0
2019-11-28,221.15,221.15,221.15,221.15,0
2019-11-29,221.41,221.41,221.41,221.41,0
2019-12-02,227.9,227.9,227.9,227.9,0
2019-12-03,228.57,228.57,228.57,228.57,0
2019-12-04,223.14,223.14,223.14,223.14,0
2019-12-05,219.13,219.13,219.13,219.13,0
2019-12-06,222.82,222.82,222.82,222.82,0
2019-12-09,223.14,223.14,223.14,223.14,0
2019-12-10,220.88,220.88,220.88,220.88,0
2019-12-11,218.75,218.75,218.75,218.75,0
2019-12-12,217.8,217.8,217.8,217.8,0
2019-12-13,218.98,218.98,218.98,218.98,0
2019-12-16,220.41,220.41,220.41,220.41,0
2019-12-17,223.02,223.02,223.02,223.02,0
2019-12-18,223.09,223.09,223.09,223.09,0
2019-12-19,224.47,224.47,224.47,224.47,0
2019-12-20,226.77,226.77,226.77,226.77,0
2019-12-23,234.15,234.15,234.15,234.15,0
2019-12-24,240.1,240.1,240.1,240.1,0
2019-12-26,241.32,241.32,241.32,241.32,0
2019-12-27,241.24,241.24,241.24,241.24,0
2019-12-30,243.12,243.12,243.12,243.12,0
2019-12-31,253.26,253.26,253.26,253.26,0
2020-01-02,257.11,257.11,257.11,257.11,0
2020-01-03,253.8,253.8,253.8,253.8,0
2020-01-06,248.9,248.9,248.9,248.9,0
2020-01-07,241.21,241.21,241.21,241.21,0
2020-01-08,235.29,235.29,235.29,235.29,0
2020-01-09,233.98,233.98,233.98,233.98,0
2020-01-10,232.58,232.58,232.58,232.58,0
2020-01-13,229.62,229.62,229.62,229.62,0
2020-01-14,230.43,230.43,230.43,230.43,0
2020-01-15,234.57,234.57,234.57,234.57,0
2020-01-16,235.3,235.3,235.3,235.3,0
2020-01-17,231.8,231.8,231.8,231.8,0
2020-01-20,236.4,236.4,236.4,236.4,0
2020-01-21,237.45,237.45,237.45,237.45,0
2020-01-22,236.44,236.44,236.44,236.44,0
2020-01-23,240.8,240.8,240.8,240.8,0
2020-01-24,243.18,243.18,243.18,243.18,0
2020-01-27,243.1,243.1,243.1,243.1,0
2020-01-28,242.49,242.49,242.49,242.49,0
2020-01-29,241.79,241.79,241.79,241.79,0
2020-01-30,243.71,243.71,243.71,243.71,0
2020-01-31,246.25,246.25,246.25,246.25,0
2020-02-03,240.62,240.62,240.62,240.62,0
2020-02-04,241.03,241.03,241.03,241.03,0
2020-02-05,242.96,242.96,242.96,242.96,0
2020-02-06,245.2,245.2,245.2,245.2,0
2020-02-07,242.35,242.35,242.35,242.35,0
2020-02-10,242.01,242.01,242.01,242.01,0
2020-02-11,242.25,242.25,242.25,242.25,0
2020-02-12,241.1,241.1,241.1,241.1,0
2020-02-13,239.93,239.93,239.93,239.93,0
2020-02-14,240.45,240.45,240.45,240.45,0
2020-02-17,240.51,240.51,240.51,240.51,0
2020-02-18,240.12,240.12,240.12,240.12,0
2020-02-19,241.22,241.22,241.22,241.22,0
2020-02-20,239.99,239.99,239.99,239.99,0
2020-02-21,239.52,239.52,239.52,239.52,0
2020-02-24,240.65,240.65,240.65,240.65,0
2020-02-25,240.53,240.53,240.53,240.53,0
2020-02-26,244.93,244.93,244.93,244.93,0
2020-02-27,244.29,244.29,244.29,244.29,0
2020-02-28,248.33,248.33,248.33,248.33,0
2020-03-02,254.21,254.21,254.21,254.21,0
2020-03-03,246.56,246.56,246.56,246.56,0
2020-03-04,248.01,248.01,248.01,248.01,0
2020-03-05,250.78,250.78,250.78,250.78,0
2020-03-06,250.03,250.03,250.03,250.03,0
2020-03-09,245.49,245.49,245.49,245.49,0
2020-03-10,246.41,246.41,246.41,246.41,0
2020-03-11,246.07,246.07,246.07,246.07,0
2020-03-12,247.42,247.42,247.42,247.42,0
2020-03-13,247.44,247.44,247.44,247.44,0
2020-03-16,245.76,245.76,245.76,245.76,0
2020-03-17,245.12,245.12,245.12,245.12,0
2020-03-18,243.33,243.33,243.33,243.33,0
2020-03-19,236.81,236.81,236.81,236.81,0
2020-03-20,234.44,234.44,234.44,234.44,0
2020-03-23,233.51,233.51,233.51,233.51,0
2020-03-24,232.02,232.02,232.02,232.02,0
2020-03-25,229.32,229.32,229.32,229.32,0
2020-03-26,224.65,224.65,224.65,224.65,0
2020-03-27,222.46,222.46,222.46,222.46,0
2020-03-30,218.65,218.65,218.65,218.65,0
2020-03-31,214.13,214.13,214.13,214.13,0
2020-04-01,215.47,215.47,215.47,215.47,0
2020-04-02,213.26,213.26,213.26,213.26,0
2020-04-03,215.7,215.7,215.7,215.7,0
2020-04-06,215.23,215.23,215.23,215.23,0
2020-04-07,214.23,214.23,214.23,214.23,0
2020-04-08,215.58,215.58,215.58,215.58,0
2020-04-09,217.94,217.94,217.94,217.94,0
2020-04-10,217.71,217.71,217.71,217.71,0
2020-04-14,216.95,216.95,216.95,216.95,0
2020-04-15,217.8,217.8,217.8,217.8,0
2020-04-16,217.6,217.6,217.6,217.6,0
2020-04-17,213.88,213.88,213.88,213.88,0
2020-04-20,216.27,216.27,216.27,216.27,0
2020-04-21,215.08,215.08,215.08,215.08,0
2020-04-22,214.37,214.37,214.37,214.37,0
2020-04-23,210.69,210.69,210.69,210.69,0
2020-04-24,211.49,211.49,211.49,211.49,0
2020-04-27,211.49,211.49,211.49,211.49,0
2020-04-28,207.72,207.72,207.72,207.72,0
2020-04-29,207.83,207.83,207.83,207.83,0
2020-04-30,205.7,205.7,205.7,205.7,0
2020-05-04,206.12,206.12,206.12,206.12,0
2020-05-05,207.1,207.1,207.1,207.1,0
2020-05-06,207.17,207.17,207.17,207.17,0
2020-05-07,205.2,205.2,205.2,205.2,0
2020-05-08,203.61,203.61,203.61,203.61,0
2020-05-11,203.18,203.18,203.18,203.18,0
2020-05-12,201.66,201.66,201.66,201.66,0
2020-05-13,202.81,202.81,202.81,202.81,0
2020-05-14,202.07,202.07,202.07,202.07,0
2020-05-15,207.8,207.8,207.8,207.8,0
2020-05-18,208.64,208.64,208.64,208.64,0
2020-05-19,204.34,204.34,204.34,204.34,0
2020-05-22,205.44,205.44,205.44,205.44,0
2020-05-25,208,208,208,208,0
2020-05-26,200.41,200.41,200.41,200.41,0
2020-05-27,204.11,204.11,204.11,204.11,0
2020-05-28,208.53,208.53,208.53,208.53,0
2020-05-29,211.57,211.57,211.57,211.57,0
2020-06-02,209.94,209.94,209.94,209.94,0
2020-06-03,213.11,213.11,213.11,213.11,0
2020-06-04,218.69,218.69,218.69,218.69,0
2020-06-05,223.92,223.92,223.92,223.92,0
2020-06-08,223.26,223.26,223.26,223.26,0
2020-06-09,223.45,223.45,223.45,223.45,0
2020-06-10,222.42,222.42,222.42,222.42,0
2020-06-11,225.82,225.82,225.82,225.82,0
2020-06-12,229.63,229.63,229.63,229.63,0
2020-06-15,228.06,228.06,228.06,228.06,0
2020-06-16,227.89,227.89,227.89,227.89,0
2020-06-17,229.12,229.12,229.12,229.12,0
2020-06-18,227.32,227.32,227.32,227.32,0
2020-06-19,227.63,227.63,227.63,227.63,0
2020-06-22,226.62,226.62,226.62,226.62,0
2020-06-23,225.07,225.07,225.07,225.07,0
2020-06-24,225.51,225.51,225.51,225.51,0
2020-06-25,225.15,225.15,225.15,225.15,0
2020-06-26,225.93,225.93,225.93,225.93,0
2020-06-29,226.86,226.86,226.86,226.86,0
2020-06-30,235.31,235.31,235.31,235.31,0
2020-07-01,234.57,234.57,234.57,234.57,0
2020-07-02,228.15,228.15,228.15,228.15,0
2020-07-03,230.92,230.92,230.92,230.92,0
2020-07-06,227.57,227.57,227.57,227.57,0
2020-07-07,223.85,223.85,223.85,223.85,0
2020-07-08,221.45,221.45,221.45,221.45,0
2020-07-09,220.56,220.56,220.56,220.56,0
2020-07-10,216.62,216.62,216.62,216.62,0
2020-07-13,216.04,216.04,216.04,216.04,0
2020-07-14,211.9,211.9,211.9,211.9,0
2020-07-15,206.75,206.75,206.75,206.75,0
2020-07-16,206.6,206.6,206.6,206.6,0
2020-07-17,206.55,206.55,206.55,206.55,0
2020-07-20,205.05,205.05,205.05,205.05,0
2020-07-21,205.01,205.01,205.01,205.01,0
2020-07-22,204.63,204.63,204.63,204.63,0
2020-07-23,204.05,204.05,204.05,204.05,0
2020-07-24,204.29,204.29,204.29,204.29,0
2020-07-27,204.29,204.29,204.29,204.29,0
2020-07-28,208.65,208.65,208.65,208.65,0
2020-07-29,209.61,209.61,209.61,209.61,0
2020-07-30,213.54,213.54,213.54,213.54,0
2020-08-03,209.87,209.87,209.87,209.87,0
2020-08-04,207.23,207.23,207.23,207.23,0
2020-08-05,204.76,204.76,204.76,204.76,0
2020-08-06,202.74,202.74,202.74,202.74,0
2020-08-10,201.21,201.21,201.21,201.21,0
2020-08-11,201.72,201.72,201.72,201.72,0
2020-08-12,203.53,203.53,203.53,203.53,0
2020-08-13,204.09,204.09,204.09,204.09,0
2020-08-14,209.34,209.34,209.34,209.34,0
2020-08-17,207.33,207.33,207.33,207.33,0
2020-08-18,205.16,205.16,205.16,205.16,0
2020-08-19,203.59,203.59,203.59,203.59,0
2020-08-20,204.98,204.98,204.98,204.98,0
2020-08-21,199.85,199.85,199.85,199.85,0
2020-08-24,198.84,198.84,198.84,198.84,0
2020-08-25,198.94,198.94,198.94,198.94,0
2020-08-26,207.46,207.46,207.46,207.46,0
2020-08-27,203.39,203.39,203.39,203.39,0
2020-08-28,201.81,201.81,201.81,201.81,0
2020-08-31,205.73,205.73,205.73,205.73,0
2020-09-01,204.1,204.1,204.1,204.1,0
2020-09-02,202.4,202.4,202.4,202.4,0
2020-09-03,199.47,199.47,199.47,199.47,0
2020-09-04,197.7,197.7,197.7,197.7,0
2020-09-07,198.26,198.26,198.26,198.26,0
2020-09-08,194.91,194.91,194.91,194.91,0
2020-09-09,196.99,196.99,196.99,196.99,0
2020-09-10,195.22,195.22,195.22,195.22,0
2020-09-11,200.2,200.2,200.2,200.2,0
2020-09-14,200.27,200.27,200.27,200.27,0
2020-09-15,196.75,196.75,196.75,196.75,0
2020-09-16,194.08,194.08,194.08,194.08,0
2020-09-17,194.55,194.55,194.55,194.55,0
2020-09-18,192.75,192.75,192.75,192.75,0
2020-09-21,192.26,192.26,192.26,192.26,0
2020-09-22,192.32,192.32,192.32,192.32,0
2020-09-23,191.06,191.06,191.06,191.06,0
2020-09-24,195.56,195.56,195.56,195.56,0
2020-09-25,198.77,198.77,198.77,198.77,0
2020-09-28,196.5,196.5,196.5,196.5,0
2020-09-29,196.95,196.95,196.95,196.95,0
2020-09-30,198.41,198.41,198.41,198.41,0
2020-10-01,192.75,192.75,192.75,192.75,0
2020-10-02,187.57,187.57,187.57,187.57,0
2020-10-05,192.25,192.25,192.25,192.25,0
2020-10-06,190.9,190.9,190.9,190.9,0
2020-10-07,190.32,190.32,190.32,190.32,0
2020-10-08,189.92,189.92,189.92,189.92,0
2020-10-09,191,191,191,191,0
2020-10-12,190.62,190.62,190.62,190.62,0
2020-10-13,192.1,192.1,192.1,192.1,0
2020-10-14,192.74,192.74,192.74,192.74,0
2020-10-15,187.68,187.68,187.68,187.68,0
2020-10-16,187.94,187.94,187.94,187.94,0
2020-10-19,192.08,192.08,192.08,192.08,0
2020-10-20,193.43,193.43,193.43,193.43,0
2020-10-21,193.9,193.9,193.9,193.9,0
2020-10-22,194.02,194.02,194.02,194.02,0
2020-10-23,194.02,194.02,194.02,194.02,0
2020-10-26,193.08,193.08,193.08,193.08,0
2020-10-27,192.5,192.5,192.5,192.5,0
2020-10-28,191.28,191.28,191.28,191.28,0
2020-10-30,191.16,191.16,191.16,191.16,0
2020-11-02,190.54,190.54,190.54,190.54,0
2020-11-03,189.19,189.19,189.19,189.19,0
2020-11-04,188.14,188.14,188.14,188.14,0
2020-11-05,187.79,187.79,187.79,187.79,0
2020-11-06,184.46,184.46,184.46,184.46,0
2020-11-09,184.7,184.7,184.7,184.7,0
2020-11-10,184.94,184.94,184.94,184.94,0
2020-11-11,189.39,189.39,189.39,189.39,0
2020-11-12,187.8,187.8,187.8,187.8,0
2020-11-13,188.26,188.26,188.26,188.26,0
2020-11-16,195.54,195.54,195.54,195.54,0
2020-11-17,204.19,204.19,204.19,204.19,0
2020-11-18,203.05,203.05,203.05,203.05,0
2020-11-19,202.97,202.97,202.97,202.97,0
2020-11-20,205.7,205.7,205.7,205.7,0
2020-11-23,205.74,205.74,205.74,205.74,0
2020-11-24,200.57,200.57,200.57,200.57,0
2020-11-25,199.47,199.47,199.47,199.47,0
2020-11-26,201.51,201.51,201.51,201.51,0
2020-11-27,195.85,195.85,195.85,195.85,0
2020-11-30,195.85,195.85,195.85,195.85,0
2020-12-01,198.55,198.55,198.55,198.55,0
2020-12-02,197.55,197.55,197.55,197.55,0
2020-12-03,199.49,199.49,199.49,199.49,0
2020-12-04,195.31,195.31,195.31,195.31,0
2020-12-07,198.91,198.91,198.91,198.91,0
2020-12-08,198.83,198.83,198.83,198.83,0
2020-12-09,201.65,201.65,201.65,201.65,0
2020-12-10,204,204,204,204,0
2020-12-11,201.76,201.76,201.76,201.76,0
2020-12-14,203.17,203.17,203.17,203.17,0
2020-12-15,203.25,203.25,203.25,203.25,0
2020-12-16,201.13,201.13,201.13,201.13,0
2020-12-17,208.91,208.91,208.91,208.91,0
2020-12-18,212.66,212.66,212.66,212.66,0
2020-12-21,220.44,220.44,220.44,220.44,0
2020-12-22,225.43,225.43,225.43,225.43,0
2020-12-23,225.72,225.72,225.72,225.72,0
2020-12-24,221.99,221.99,221.99,221.99,0
2020-12-28,229.44,229.44,229.44,229.44,0
2020-12-29,227.6,227.6,227.6,227.6,0
2020-12-30,227.59,227.59,227.59,227.59,0
2020-12-31,226.43,226.43,226.43,226.43,0
2021-01-04,223.48,223.48,223.48,223.48,0
2021-01-05,220.71,220.71,220.71,220.71,0
2021-01-06,221.16,221.16,221.16,221.16,0
2021-01-07,213.72,213.72,213.72,213.72,0
2021-01-08,206.47,206.47,206.47,206.47,0
2021-01-11,205,205,205,205,0
2021-01-12,206.17,206.17,206.17,206.17,0
2021-01-13,206.14,206.14,206.14,206.14,0
2021-01-14,207.92,207.92,207.92,207.92,0
2021-01-15,205.52,205.52,205.52,205.52,0
2021-01-18,203.04,203.04,203.04,203.04,0
2021-01-19,202.63,202.63,202.63,202.63,0
2021-01-20,204.19,204.19,204.19,204.19,0
2021-01-21,206.3,206.3,206.3,206.3,0
2021-01-22,205.5,205.5,205.5,205.5,0
2021-01-25,207.52,207.52,207.52,207.52,0
2021-01-26,205.95,205.95,205.95,205.95,0
2021-01-27,207.36,207.36,207.36,207.36,0
2021-01-28,211.2,211.2,211.2,211.2,0
2021-01-29,211.75,211.75,211.75,211.75,0
2021-02-01,214.19,214.19,214.19,214.19,0
2021-02-02,209.2,209.2,209.2,209.2,0
2021-02-03,214.91,214.91,214.91,214.91,0
2021-02-04,211.92,211.92,211.92,211.92,0
2021-02-05,212.92,212.92,212.92,212.92,0
2021-02-08,216.75,216.75,216.75,216.75,0
2021-02-09,210.15,210.15,210.15,210.15,0
2021-02-10,201.91,201.91,201.91,201.91,0
2021-02-11,201.56,201.56,201.56,201.56,0
2021-02-12,201.1,201.1,201.1,201.1,0
2021-02-15,197.26,197.26,197.26,197.26,0
2021-02-16,194.49,194.49,194.49,194.49,0
2021-02-17,196.06,196.06,196.06,196.06,0
2021-02-18,194.44,194.44,194.44,194.44,0
2021-02-19,194.32,194.32,194.32,194.32,0
2021-02-22,193.47,193.47,193.47,193.47,0
2021-02-23,192.9,192.9,192.9,192.9,0
2021-02-24,195.47,195.47,195.47,195.47,0
2021-02-25,197.41,197.41,197.41,197.41,0
2021-02-26,200.86,200.86,200.86,200.86,0
2021-03-01,200.67,200.67,200.67,200.67,0
2021-03-02,200.61,200.61,200.61,200.61,0
2021-03-03,204.1,204.1,204.1,204.1,0
2021-03-04,203.41,203.41,203.41,203.41,0
2021-03-05,203.05,203.05,203.05,203.05,0
2021-03-08,202.49,202.49,202.49,202.49,0
2021-03-09,202.74,202.74,202.74,202.74,0
2021-03-10,203.01,203.01,203.01,203.01,0
2021-03-11,203.01,203.01,203.01,203.01,0
2021-03-12,203.74,203.74,203.74,203.74,0
2021-03-15,201.9,201.9,201.9,201.9,0
2021-03-16,203.27,203.27,203.27,203.27,0
2021-03-17,202.12,202.12,202.12,202.12,0
2021-03-18,200.91,200.91,200.91,200.91,0
2021-03-19,201.07,201.07,201.07,201.07,0
2021-03-22,201.77,201.77,201.77,201.77,0
2021-03-23,201.07,201.07,201.07,201.07,0
2021-03-24,202.01,202.01,202.01,202.01,0
2021-03-25,201.93,201.93,201.93,201.93,0
2021-03-26,205.54,205.54,205.54,205.54,0
2021-03-29,203.94,203.94,203.94,203.94,0
2021-03-30,204.88,204.88,204.88,204.88,0
2021-03-31,204.14,204.14,204.14,204.14,0
2021-04-01,206.47,206.47,206.47,206.47,0
2021-04-02,206.11,206.11,206.11,206.11,0
2021-04-06,205.37,205.37,205.37,205.37,0
2021-04-07,205.18,205.18,205.18,205.18,0
2021-04-08,205.52,205.52,205.52,205.52,0
2021-04-09,204.96,204.96,204.96,204.96,0
2021-04-12,205.64,205.64,205.64,205.64,0
2021-04-13,206.04,206.04,206.04,206.04,0
2021-04-14,207.67,207.67,207.67,207.67,0
2021-04-15,202.8,202.8,202.8,202.8,0
2021-04-16,203.11,203.11,203.11,203.11,0
2021-04-19,202.35,202.35,202.35,202.35,0
2021-04-20,205.79,205.79,205.79,205.79,0
2021-04-21,203.77,203.77,203.77,203.77,0
2021-04-22,205.43,205.43,205.43,205.43,0
2021-04-23,204.53,204.53,204.53,204.53,0
2021-04-26,205.02,205.02,205.02,205.02,0
2021-04-27,205.46,205.46,205.46,205.46,0
2021-04-28,206.29,206.29,206.29,206.29,0
2021-04-29,206.92,206.92,206.92,206.92,0
2021-04-30,209.77,209.77,209.77,209.77,0
2021-05-03,209.58,209.58,209.58,209.58,0
2021-05-04,206.18,206.18,206.18,206.18,0
2021-05-05,206.25,206.25,206.25,206.25,0
2021-05-06,212.78,212.78,212.78,212.78,0
2021-05-07,221.43,221.43,221.43,221.43,0
2021-05-10,217.71,217.71,217.71,217.71,0
2021-05-11,220.29,220.29,220.29,220.29,0
2021-05-14,221.92,221.92,221.92,221.92,0
2021-05-17,224,224,224,224,0
2021-05-18,226.52,226.52,226.52,226.52,0
2021-05-19,225.96,225.96,225.96,225.96,0
2021-05-20,227.66,227.66,227.66,227.66,0
2021-05-21,226.85,226.85,226.85,226.85,0
2021-05-25,223.7,223.7,223.7,223.7,0
2021-05-26,226.06,226.06,226.06,226.06,0
2021-05-27,225.47,225.47,225.47,225.47,0
2021-05-28,229.98,229.98,229.98,229.98,0
2021-05-31,231.57,231.57,231.57,231.57,0
2021-06-01,234.56,234.56,234.56,234.56,0
2021-06-02,237.06,237.06,237.06,237.06,0
2021-06-03,239.26,239.26,239.26,239.26,0
2021-06-04,248.48,248.48,248.48,248.48,0
2021-06-07,254.42,254.42,254.42,254.42,0
2021-06-08,261.71,261.71,261.71,261.71,0
2021-06-09,271.7,271.7,271.7,271.7,0
2021-06-10,278.8,278.8,278.8,278.8,0
2021-06-11,284.18,284.18,284.18,284.18,0
2021-06-14,279.45,279.45,279.45,279.45,0
2021-06-15,278.36,278.36,278.36,278.36,0
2021-06-16,283.31,283.31,283.31,283.31,0
2021-06-17,280.05,280.05,280.05,280.05,0
2021-06-18,272.4,272.4,272.4,272.4,0
2021-06-21,272.02,272.02,272.02,272.02,0
2021-06-22,266.02,266.02,266.02,266.02,0
2021-06-23,266.59,266.59,266.59,266.59,0
2021-06-24,274.86,274.86,274.86,274.86,0
2021-06-25,275.67,275.67,275.67,275.67,0
2021-06-28,277.7,277.7,277.7,277.7,0
2021-06-29,275.64,275.64,275.64,275.64,0
2021-06-30,273.46,273.46,273.46,273.46,0
2021-07-01,273.09,273.09,273.09,273.09,0
2021-07-02,275.87,275.87,275.87,275.87,0
2021-07-05,276.8,276.8,276.8,276.8,0
2021-07-06,276.04,276.04,276.04,276.04,0
2021-07-07,278.39,278.39,278.39,278.39,0
2021-07-08,286.5,286.5,286.5,286.5,0
2021-07-09,284.11,284.11,284.11,284.11,0
2021-07-12,284.96,284.96,284.96,284.96,0
2021-07-13,282.53,282.53,282.53,282.53,0
2021-07-14,287.68,287.68,287.68,287.68,0
2021-07-15,285.7,285.7,285.7,285.7,0
2021-07-16,289.22,289.22,289.22,289.22,0
2021-07-19,286.91,286.91,286.91,286.91,0
2021-07-21,292.24,292.24,292.24,292.24,0
2021-07-22,288.41,288.41,288.41,288.41,0
2021-07-23,288.96,288.96,288.96,288.96,0
2021-07-26,296.69,296.69,296.69,296.69,0
2021-07-27,298.84,298.84,298.84,298.84,0
2021-07-28,299.99,299.99,299.99,299.99,0
2021-07-29,301.87,301.87,301.87,301.87,0
2021-07-30,300.6,300.6,300.6,300.6,0
2021-08-02,297.96,297.96,297.96,297.96,0
2021-08-03,299.76,299.76,299.76,299.76,0
2021-08-04,299.42,299.42,299.42,299.42,0
2021-08-05,299.48,299.48,299.48,299.48,0
2021-08-06,308.85,308.85,308.85,308.85,0
2021-08-09,305.17,305.17,305.17,305.17,0
2021-08-10,308.24,308.24,308.24,308.24,0
2021-08-11,309.27,309.27,309.27,309.27,0
2021-08-12,312.5,312.5,312.5,312.5,0
2021-08-13,316.7,316.7,316.7,316.7,0
2021-08-16,311.24,311.24,311.24,311.24,0
2021-08-17,310.36,310.36,310.36,310.36,0
2021-08-18,315.57,315.57,315.57,315.57,0
2021-08-19,312.45,312.45,312.45,312.45,0
2021-08-20,312.42,312.42,312.42,312.42,0
2021-08-23,318.46,318.46,318.46,318.46,0
2021-08-24,320.5,320.5,320.5,320.5,0
2021-08-25,317.74,317.74,317.74,317.74,0
2021-08-26,317.99,317.99,317.99,317.99,0
2021-08-27,318.57,318.57,318.57,318.57,0
2021-08-30,322.9,322.9,322.9,322.9,0
2021-08-31,318.86,318.86,318.86,318.86,0
2021-09-01,318.45,318.45,318.45,318.45,0
2021-09-02,323.6,323.6,323.6,323.6,0
2021-09-03,319.37,319.37,319.37,319.37,0
2021-09-06,320.18,320.18,320.18,320.18,0
2021-09-07,327.02,327.02,327.02,327.02,0
2021-09-08,327.59,327.59,327.59,327.59,0
2021-09-09,329.53,329.53,329.53,329.53,0
2021-09-10,327.48,327.48,327.48,327.48,0
2021-09-13,332.43,332.43,332.43,332.43,0
2021-09-14,336.25,336.25,336.25,336.25,0
2021-09-15,333.16,333.16,333.16,333.16,0
2021-09-16,335.7,335.7,335.7,335.7,0
2021-09-17,336.46,336.46,336.46,336.46,0
2021-09-20,335.64,335.64,335.64,335.64,0
2021-09-21,337.83,337.83,337.83,337.83,0
2021-09-22,337.38,337.38,337.38,337.38,0
2021-09-23,339.19,339.19,339.19,339.19,0
2021-09-24,340.8,340.8,340.8,340.8,0
2021-09-27,335.84,335.84,335.84,335.84,0
2021-09-28,336.82,336.82,336.82,336.82,0
2021-09-29,334.75,334.75,334.75,334.75,0
2021-09-30,333,333,333,333,0
2021-10-01,334.26,334.26,334.26,334.26,0
2021-10-04,337.91,337.91,337.91,337.91,0
2021-10-05,337.18,337.18,337.18,337.18,0
2021-10-06,334.08,334.08,334.08,334.08,0
2021-10-07,335.34,335.34,335.34,335.34,0
2021-10-08,333.89,333.89,333.89,333.89,0
2021-10-11,347.52,347.52,347.52,347.52,0
2021-10-12,359.87,359.87,359.87,359.87,0
2021-10-13,368.68,368.68,368.68,368.68,0
2021-10-14,368.54,368.54,368.54,368.54,0
2021-10-15,380.16,380.16,380.16,380.16,0
2021-10-19,370.68,370.68,370.68,370.68,0
2021-10-20,382.44,382.44,382.44,382.44,0
2021-10-21,383.32,383.32,383.32,383.32,0
2021-10-22,378.98,378.98,378.98,378.98,0
2021-10-25,377.89,377.89,377.89,377.89,0
2021-10-26,380.06,380.06,380.06,380.06,0
2021-10-27,379.3,379.3,379.3,379.3,0
2021-10-28,387.81,387.81,387.81,387.81,0
2021-10-29,403.04,403.04,403.04,403.04,0
2021-11-03,405.44,405.44,405.44,405.44,0
2021-11-04,403.92,403.92,403.92,403.92,0
2021-11-05,395.71,395.71,395.71,395.71,0
2021-11-08,381.08,381.08,381.08,381.08,0
2021-11-09,374.45,374.45,374.45,374.45,0
2021-11-10,387,387,387,387,0
2021-11-11,396.12,396.12,396.12,396.12,0
2021-11-12,401.55,401.55,401.55,401.55,0
2021-11-16,422.32,422.32,422.32,422.32,0
2021-11-17,431.15,431.15,431.15,431.15,0
2021-11-18,416.67,416.67,416.67,416.67,0
2021-11-19,416.84,416.84,416.84,416.84,0
2021-11-22,406.22,406.22,406.22,406.22,0
2021-11-23,416.8,416.8,416.8,416.8,0
2021-11-24,416.6,416.6,416.6,416.6,0
2021-11-25,427.23,427.23,427.23,427.23,0
2021-11-26,427.86,427.86,427.86,427.86,0
2021-11-29,429.27,429.27,429.27,429.27,0
2021-11-30,444.1,444.1,444.1,444.1,0
2021-12-01,432.43,432.43,432.43,432.43,0
2021-12-02,440.32,440.32,440.32,440.32,0
2021-12-03,442.28,442.28,442.28,442.28,0
2021-12-06,439.28,439.28,439.28,439.28,0
2021-12-07,437.43,437.43,437.43,437.43,0
2021-12-08,427.27,427.27,427.27,427.27,0
2021-12-09,428.78,428.78,428.78,428.78,0
2021-12-10,428.78,428.78,428.78,428.78,0
2021-12-13,424.24,424.24,424.24,424.24,0
2021-12-14,421.9,421.9,421.9,421.9,0
2021-12-15,422.6,422.6,422.6,422.6,0
2021-12-16,426.33,426.33,426.33,426.33,0
2021-12-17,425.88,425.88,425.88,425.88,0
2021-12-20,425.81,425.81,425.81,425.81,0
2021-12-21,410.34,410.34,410.34,410.34,0
2021-12-22,425.07,425.07,425.07,425.07,0
2021-12-23,423.76,423.76,423.76,423.76,0
2021-12-24,417.33,417.33,417.33,417.33,0
2021-12-27,420.56,420.56,420.56,420.56,0
2021-12-28,420.76,420.76,420.76,420.76,0
2021-12-29,416.46,416.46,416.46,416.46,0
2021-12-30,418.59,418.59,418.59,418.59,0
2021-12-31,407.43,407.43,407.43,407.43,0
2022-01-03,392.4,392.4,392.4,392.4,0
2022-01-04,399.62,399.62,399.62,399.62,0
2022-01-05,403.86,403.86,403.86,403.86,0
2022-01-06,409.53,409.53,409.53,409.53,0
2022-01-07,406.35,406.35,406.35,406.35,0
2022-01-10,398.32,398.32,398.32,398.32,0
2022-01-11,396.56,396.56,396.56,396.56,0
2022-01-12,406.67,406.67,406.67,406.67,0
2022-01-13,403.38,403.38,403.38,403.38,0
2022-01-14,411.19,411.19,411.19,411.19,0
2022-01-17,410.79,410.79,410.79,410.79,0
2022-01-18,410.09,410.09,410.09,410.09,0
2022-01-19,409.71,409.71,409.71,409.71,0
2022-01-20,413.43,413.43,413.43,413.43,0
2022-01-21,414.93,414.93,414.93,414.93,0
2022-01-24,399.16,399.16,399.16,399.16,0
2022-01-25,397.8,397.8,397.8,397.8,0
2022-01-26,398,398,398,398,0
2022-01-27,411.26,411.26,411.26,411.26,0
2022-01-28,421.48,421.48,421.48,421.48,0
2022-01-31,421.35,421.35,421.35,421.35,0
2022-02-01,413.95,413.95,413.95,413.95,0
2022-02-02,415.44,415.44,415.44,415.44,0
2022-02-03,412.22,412.22,412.22,412.22,0
2022-02-04,413.07,413.07,413.07,413.07,0
2022-02-07,414.1,414.1,414.1,414.1,0
2022-02-08,422.51,422.51,422.51,422.51,0
2022-02-09,417.01,417.01,417.01,417.01,0
2022-02-10,415.35,415.35,415.35,415.35,0
2022-02-11,411.29,411.29,411.29,411.29,0
2022-02-14,417.05,417.05,417.05,417.05,0
2022-02-15,416.74,416.74,416.74,416.74,0
2022-02-16,413.71,413.71,413.71,413.71,0
2022-02-17,416.8,416.8,416.8,416.8,0
2022-02-18,418.6,418.6,418.6,418.6,0
2022-02-21,416.67,416.67,416.67,416.67,0
2022-02-22,416.06,416.06,416.06,416.06,0
2022-02-23,421.77,421.77,421.77,421.77,0
2022-02-24,423.92,423.92,423.92,423.92,0
2022-02-25,428.15,428.15,428.15,428.15,0
2022-02-28,429.47,429.47,429.47,429.47,0
2022-03-01,436.83,436.83,436.83,436.83,0
2022-03-02,429.75,429.75,429.75,429.75,0
2022-03-03,433.09,433.09,433.09,433.09,0
2022-03-04,431.1,431.1,431.1,431.1,0
2022-03-07,434.55,434.55,434.55,434.55,0
2022-03-08,431.56,431.56,431.56,431.56,0
2022-03-09,430.31,430.31,430.31,430.31,0
2022-03-10,434.4,434.4,434.4,434.4,0
2022-03-11,439.88,439.88,439.88,439.88,0
2022-03-14,434.7,434.7,434.7,434.7,0
2022-03-15,437.25,437.25,437.25,437.25,0
2022-03-16,436.26,436.26,436.26,436.26,0
2022-03-17,434.58,434.58,434.58,434.58,0
2022-03-18,434,434,434,434,0
2022-03-21,437.93,437.93,437.93,437.93,0
2022-03-22,437.85,437.85,437.85,437.85,0
2022-03-23,441.79,441.79,441.79,441.79,0
2022-03-24,442,442,442,442,0
2022-03-25,442.44,442.44,442.44,442.44,0
2022-03-28,443.95,443.95,443.95,443.95,0
2022-03-29,445.05,445.05,445.05,445.05,0
2022-03-30,446.01,446.01,446.01,446.01,0
2022-03-31,432.37,432.37,432.37,432.37,0
2022-04-01,439.97,439.97,439.97,439.97,0
2022-04-04,429.61,429.61,429.61,429.61,0
2022-04-05,421.5,421.5,421.5,421.5,0
2022-04-06,431.79,431.79,431.79,431.79,0
2022-04-07,430.53,430.53,430.53,430.53,0
2022-04-08,429.5,429.5,429.5,429.5,0
2022-04-11,427.12,427.12,427.12,427.12,0
2022-04-12,429.11,429.11,429.11,429.11,0
2022-04-13,424.77,424.77,424.77,424.77,0
2022-04-14,419.3,419.3,419.3,419.3,0
2022-04-15,423.39,423.39,423.39,423.39,0
2022-04-19,413.77,413.77,413.77,413.77,0
2022-04-20,415.88,415.88,415.88,415.88,0
2022-04-21,419.14,419.14,419.14,419.14,0
2022-04-22,414.54,414.54,414.54,414.54,0
2022-04-25,420.04,420.04,420.04,420.04,0
2022-04-26,419.92,419.92,419.92,419.92,0
2022-04-27,427.32,427.32,427.32,427.32,0
2022-04-29,428.49,428.49,428.49,428.49,0
2022-05-03,424.75,424.75,424.75,424.75,0
2022-05-04,415.71,415.71,415.71,415.71,0
2022-05-05,405.78,405.78,405.78,405.78,0
2022-05-06,402.06,402.06,402.06,402.06,0
2022-05-09,404.66,404.66,404.66,404.66,0
2022-05-10,404.8,404.8,404.8,404.8,0
2022-05-11,402.29,402.29,402.29,402.29,0
2022-05-12,399.69,399.69,399.69,399.69,0
2022-05-13,387.81,387.81,387.81,387.81,0
2022-05-16,392.3,392.3,392.3,392.3,0
2022-05-17,375.45,375.45,375.45,375.45,0
2022-05-18,367.83,367.83,367.83,367.83,0
2022-05-19,369.39,369.39,369.39,369.39,0
2022-05-20,372.55,372.55,372.55,372.55,0
2022-05-23,371.34,371.34,371.34,371.34,0
2022-05-24,368.97,368.97,368.97,368.97,0
2022-05-25,367.56,367.56,367.56,367.56,0
2022-05-27,361.64,361.64,361.64,361.64,0
2022-05-30,369.03,369.03,369.03,369.03,0
2022-05-31,369.35,369.35,369.35,369.35,0
2022-06-01,363.61,363.61,363.61,363.61,0
2022-06-02,366.03,366.03,366.03,366.03,0
2022-06-03,369.86,369.86,369.86,369.86,0
2022-06-07,369.76,369.76,369.76,369.76,0
2022-06-08,371.24,371.24,371.24,371.24,0
2022-06-09,375.24,375.24,375.24,375.24,0
2022-06-10,381.89,381.89,381.89,381.89,0
2022-06-13,394.79,394.79,394.79,394.79,0
2022-06-14,395.96,395.96,395.96,395.96,0
2022-06-15,392.93,392.93,392.93,392.93,0
2022-06-16,390.2,390.2,390.2,390.2,0
2022-06-17,386.78,386.78,386.78,386.78,0
2022-06-20,380.41,380.41,380.41,380.41,0
2022-06-21,374.03,374.03,374.03,374.03,0
2022-06-22,382.66,382.66,382.66,382.66,0
2022-06-23,382.58,382.58,382.58,382.58,0
2022-06-24,374.15,374.15,374.15,374.15,0
2022-06-27,375.35,375.35,375.35,375.35,0
2022-06-28,380.65,380.65,380.65,380.65,0
2022-06-29,378.26,378.26,378.26,378.26,0
2022-06-30,380.49,380.49,380.49,380.49,0
2022-07-01,380.81,380.81,380.81,380.81,0
2022-07-04,373.63,373.63,373.63,373.63,0
2022-07-05,383.31,383.31,383.31,383.31,0
2022-07-06,379.72,379.72,379.72,379.72,0
2022-07-07,381.16,381.16,381.16,381.16,0
2022-07-08,377.93,377.93,377.93,377.93,0
2022-07-11,379.33,379.33,379.33,379.33,0
2022-07-12,378.93,378.93,378.93,378.93,0
2022-07-13,372.65,372.65,372.65,372.65,0
2022-07-14,377.45,377.45,377.45,377.45,0
2022-07-15,382.31,382.31,382.31,382.31,0
2022-07-18,382.16,382.16,382.16,382.16,0
2022-07-19,379.98,379.98,379.98,379.98,0
2022-07-20,373.46,373.46,373.46,373.46,0
2022-07-21,373.67,373.67,373.67,373.67,0
2022-07-22,374.44,374.44,374.44,374.44,0
2022-07-25,375.39,375.39,375.39,375.39,0
2022-07-26,372.01,372.01,372.01,372.01,0
2022-07-27,376.43,376.43,376.43,376.43,0
2022-07-28,379.29,379.29,379.29,379.29,0
2022-07-29,374.72,374.72,374.72,374.72,0
2022-08-01,375.89,375.89,375.89,375.89,0
2022-08-02,371.49,371.49,371.49,371.49,0
2022-08-03,371.59,371.59,371.59,371.59,0
2022-08-03,371.59,371.59,371.59,371.59,0
2022-08-04,375.2,375.2,375.2,375.2,0
2022-08-05,376.59,376.59,376.59,376.59,0
2022-08-09,374.36,374.36,374.36,374.36,0
2022-08-10,374.39,374.39,374.39,374.39,0
2022-08-11,374.83,374.83,374.83,374.83,0
2022-08-12,375.19,375.19,375.19,375.19,0
2022-08-16,373.27,373.27,373.27,373.27,0
2022-08-17,374.36,374.36,374.36,374.36,0
2022-08-18,375.52,375.52,375.52,375.52,0
2022-08-19,372.86,372.86,372.86,372.86,0
2022-08-22,375.2,375.2,375.2,375.2,0
2022-08-23,379.6,379.6,379.6,379.6,0
2022-08-24,380.27,380.27,380.27,380.27,0
2022-08-25,375.92,375.92,375.92,375.92,0
2022-08-26,380.06,380.06,380.06,380.06,0
2022-08-29,378.04,378.04,378.04,378.04,0
2022-08-30,376.88,376.88,376.88,376.88,0
2022-08-31,377.63,377.63,377.63,377.63,0
2022-09-01,375.99,375.99,375.99,375.99,0
2022-09-02,376.6,376.6,376.6,376.6,0
2022-09-05,380.99,380.99,380.99,380.99,0
2022-09-06,375.6,375.6,375.6,375.6,0
2022-09-07,380.67,380.67,380.67,380.67,0
2022-09-08,374.79,374.79,374.79,374.79,0
2022-09-09,378.72,378.72,378.72,378.72,0
2022-09-12,379.6,379.6,379.6,379.6,0
2022-09-13,376.13,376.13,376.13,376.13,0
2022-09-14,375.54,375.54,375.54,375.54,0
2022-09-15,381.26,381.26,381.26,381.26,0
2022-09-16,382.92,382.92,382.92,382.92,0
2022-09-19,382.1,382.1,382.1,382.1,0
2022-09-20,383.78,383.78,383.78,383.78,0
2022-09-21,378.2,378.2,378.2,378.2,0
2022-09-22,381.86,381.86,381.86,381.86,0
2022-09-23,373.17,373.17,373.17,373.17,0
2022-09-26,370.76,370.76,370.76,370.76,0
2022-09-27,378.49,378.49,378.49,378.49,0
2022-09-28,374.97,374.97,374.97,374.97,0
2022-09-29,374.72,374.72,374.72,374.72,0
2022-09-30,375.59,375.59,375.59,375.59,0
2022-10-03,369.92,369.92,369.92,369.92,0
2022-10-04,361.99,361.99,361.99,361.99,0
2022-10-05,363.87,363.87,363.87,363.87,0
2022-10-06,360.36,360.36,360.36,360.36,0
2022-10-07,375.2,375.2,375.2,375.2,0
2022-10-10,371.52,371.52,371.52,371.52,0
2022-10-11,377.19,377.19,377.19,377.19,0
2022-10-12,377.59,377.59,377.59,377.59,0
2022-10-13,390.5,390.5,390.5,390.5,0
2022-10-14,384.38,384.38,384.38,384.38,0
2022-10-17,383.28,383.28,383.28,383.28,0
2022-10-18,374.83,374.83,374.83,374.83,0
2022-10-19,384.24,384.24,384.24,384.24,0
2022-10-20,387.59,387.59,387.59,387.59,0
2022-10-21,386.73,386.73,386.73,386.73,0
2022-10-24,375.93,375.93,375.93,375.93,0
2022-10-25,376.95,376.95,376.95,376.95,0
2022-10-26,375.97,375.97,375.97,375.97,0
2022-10-27,385.28,385.28,385.28,385.28,0
2022-10-28,390.05,390.05,390.05,390.05,0
2022-10-31,390.05,390.05,390.05,390.05,0
2022-11-02,389.47,389.47,389.47,389.47,0
2022-11-03,387.64,387.64,387.64,387.64,0
2022-11-04,382.41,382.41,382.41,382.41,0
2022-11-07,383.39,383.39,383.39,383.39,0
2022-11-08,383.46,383.46,383.46,383.46,0
2022-11-09,382.66,382.66,382.66,382.66,0
2022-11-10,374.55,374.55,374.55,374.55,0
2022-11-11,380,380,380,380,0
2022-11-14,378.61,378.61,378.61,378.61,0
2022-11-16,368.15,368.15,368.15,368.15,0
2022-11-17,375.8,375.8,375.8,375.8,0
2022-11-18,375.52,375.52,375.52,375.52,0
2022-11-21,374.86,374.86,374.86,374.86,0
2022-11-22,372.73,372.73,372.73,372.73,0
2022-11-23,373.62,373.62,373.62,373.62,0
2022-11-24,375.81,375.81,375.81,375.81,0
2022-11-25,375.02,375.02,375.02,375.02,0
2022-11-28,371.27,371.27,371.27,371.27,0
2022-11-29,364.04,364.04,364.04,364.04,0
2022-11-30,369.33,369.33,369.33,369.33,0
2022-12-01,376.69,376.69,376.69,376.69,0
2022-12-02,365.47,365.47,365.47,365.47,0
2022-12-05,362.22,362.22,362.22,362.22,0
2022-12-06,362.61,362.61,362.61,362.61,0
2022-12-07,361.63,361.63,361.63,361.63,0
2022-12-08,356.37,356.37,356.37,356.37,0
2022-12-09,359.22,359.22,359.22,359.22,0
2022-12-12,366.18,366.18,366.18,366.18,0
2022-12-13,365.06,365.06,365.06,365.06,0
2022-12-14,359.21,359.21,359.21,359.21,0
2022-12-15,369.75,369.75,369.75,369.75,0
2022-12-16,365.53,365.53,365.53,365.53,0
2022-12-19,361.88,361.88,361.88,361.88,0
2022-12-20,367.62,367.62,367.62,367.62,0
2022-12-21,367.93,367.93,367.93,367.93,0
2022-12-22,364.43,364.43,364.43,364.43,0
2022-12-23,366.1,366.1,366.1,366.1,0
2022-12-27,363.6,363.6,363.6,363.6,0
2022-12-28,356.89,356.89,356.89,356.89,0
2022-12-29,356.1,356.1,356.1,356.1,0
2022-12-30,358.54,358.54,358.54,358.54,0
2023-01-02,357.38,357.38,357.38,357.38,0
2023-01-03,354.11,354.11,354.11,354.11,0
2023-01-04,357.02,357.02,357.02,357.02,0
2023-01-05,358.05,358.05,358.05,358.05,0
2023-01-06,356.61,356.61,356.61,356.61,0
2023-01-09,355.55,355.55,355.55,355.55,0
2023-01-10,349.05,349.05,349.05,349.05,0
2023-01-11,354.79,354.79,354.79,354.79,0
2023-01-12,356.49,356.49,356.49,356.49,0
2023-01-13,350.42,350.42,350.42,350.42,0
2023-01-16,353.24,353.24,353.24,353.24,0
2023-01-17,345.11,345.11,345.11,345.11,0
2023-01-18,342.05,342.05,342.05,342.05,0
2023-01-19,336.6,336.6,336.6,336.6,0
2023-01-20,335.98,335.98,335.98,335.98,0
2023-01-23,333.05,333.05,333.05,333.05,0
2023-01-24,332.9,332.9,332.9,332.9,0
2023-01-25,340.51,340.51,340.51,340.51,0
2023-01-26,341.45,341.45,341.45,341.45,0
2023-01-27,342.39,342.39,342.39,342.39,0
2023-01-30,342.49,342.49,342.49,342.49,0
2023-01-31,340.44,340.44,340.44,340.44,0
2023-02-01,336.44,336.44,336.44,336.44,0
2023-02-02,341.22,341.22,341.22,341.22,0
2023-02-03,349.77,349.77,349.77,349.77,0
2023-02-06,350.87,350.87,350.87,350.87,0
2023-02-07,358.96,358.96,358.96,358.96,0
2023-02-08,364.25,364.25,364.25,364.25,0
2023-02-09,365.97,365.97,365.97,365.97,0
2023-02-10,364.67,364.67,364.67,364.67,0
2023-02-13,360.12,360.12,360.12,360.12,0
2023-02-14,361.68,361.68,361.68,361.68,0
2023-02-15,365.02,365.02,365.02,365.02,0
2023-02-16,370.4,370.4,370.4,370.4,0
2023-02-17,370.57,370.57,370.57,370.57,0
2023-02-20,370.91,370.91,370.91,370.91,0
2023-02-21,366.24,366.24,366.24,366.24,0
2023-02-22,364.39,364.39,364.39,364.39,0
2023-02-23,363.8,363.8,363.8,363.8,0
2023-02-24,365.11,365.11,365.11,365.11,0
2023-02-27,355.11,355.11,355.11,355.11,0
2023-02-28,359.2,359.2,359.2,359.2,0
2023-03-01,358.4,358.4,358.4,358.4,0
2023-03-02,362.52,362.52,362.52,362.52,0
2023-03-03,361.75,361.75,361.75,361.75,0
2023-03-06,363.53,363.53,363.53,363.53,0
2023-03-07,359.85,359.85,359.85,359.85,0
2023-03-08,356.25,356.25,356.25,356.25,0
2023-03-09,360.71,360.71,360.71,360.71,0
2023-03-10,368.51,368.51,368.51,368.51,0
2023-03-13,367.71,367.71,367.71,367.71,0
2023-03-14,372.51,372.51,372.51,372.51,0
2023-03-15,363.8,363.8,363.8,363.8,0
2023-03-16,365.93,365.93,365.93,365.93,0
2023-03-17,366.65,366.65,366.65,366.65,0
2023-03-20,365.88,365.88,365.88,365.88,0
2023-03-21,362.45,362.45,362.45,362.45,0
2023-03-22,366.31,366.31,366.31,366.31,0
2023-03-23,367.26,367.26,367.26,367.26,0
2023-03-24,366.75,366.75,366.75,366.75,0
2023-03-27,359.1,359.1,359.1,359.1,0
2023-03-28,357.72,357.72,357.72,357.72,0
2023-03-29,352.49,352.49,352.49,352.49,0
2023-03-30,354.23,354.23,354.23,354.23,0
2023-03-31,352.02,352.02,352.02,352.02,0
2023-04-03,348.91,348.91,348.91,348.91,0
2023-04-04,350.49,350.49,350.49,350.49,0
2023-04-05,346.02,346.02,346.02,346.02,0
2023-04-06,346.22,346.22,346.22,346.22,0
2023-04-07,342.73,342.73,342.73,342.73,0
2023-04-11,347.23,347.23,347.23,347.23,0
2023-04-12,349.75,349.75,349.75,349.75,0
2023-04-13,347.92,347.92,347.92,347.92,0
2023-04-14,351.34,351.34,351.34,351.34,0
2023-04-17,352.21,352.21,352.21,352.21,0
2023-04-19,347.46,347.46,347.46,347.46,0
2023-04-20,338.71,338.71,338.71,338.71,0
2023-04-24,337.95,337.95,337.95,337.95,0
2023-04-25,348.04,348.04,348.04,348.04,0
2023-04-26,351.86,351.86,351.86,351.86,0
2023-04-27,345.44,345.44,345.44,345.44,0
2023-04-28,343.53,343.53,343.53,343.53,0
2023-05-02,336.81,336.81,336.81,336.81,0
2023-05-03,337.75,337.75,337.75,337.75,0
2023-05-04,331.14,331.14,331.14,331.14,0
2023-05-05,340.24,340.24,340.24,340.24,0
2023-05-08,341.73,341.73,341.73,341.73,0
2023-05-09,345.62,345.62,345.62,345.62,0
2023-05-10,340.68,340.68,340.68,340.68,0
2023-05-11,341.47,341.47,341.47,341.47,0
2023-05-12,341.99,341.99,341.99,341.99,0
2023-05-15,338.37,338.37,338.37,338.37,0
2023-05-16,339.7,339.7,339.7,339.7,0
2023-05-17,338.13,338.13,338.13,338.13,0
2023-05-19,339.36,339.36,339.36,339.36,0
2023-05-22,334.66,334.66,334.66,334.66,0
2023-05-23,335.56,335.56,335.56,335.56,0
2023-05-24,336.06,336.06,336.06,336.06,0
2023-05-25,342.13,342.13,342.13,342.13,0
2023-05-26,334.68,334.68,334.68,334.68,0
2023-05-30,340.85,340.85,340.85,340.85,0
2023-05-31,339.47,339.47,339.47,339.47,0
2023-06-01,337.68,337.68,337.68,337.68,0
2023-06-02,342.53,342.53,342.53,342.53,0
2023-06-05,343.85,343.85,343.85,343.85,0
2023-06-06,340.61,340.61,340.61,340.61,0
2023-06-07,338.25,338.25,338.25,338.25,0
2023-06-08,341.95,341.95,341.95,341.95,0
2023-06-09,343.95,343.95,343.95,343.95,0
2023-06-12,347.69,347.69,347.69,347.69,0
2023-06-13,341.28,341.28,341.28,341.28,0
2023-06-14,339.48,339.48,339.48,339.48,0
2023-06-15,350.35,350.35,350.35,350.35,0
2023-06-16,348.96,348.96,348.96,348.96,0
2023-06-19,353.72,353.72,353.72,353.72,0
2023-06-20,351.51,351.51,351.51,351.51,0
2023-06-21,355.17,355.17,355.17,355.17,0
2023-06-22,356.8,356.8,356.8,356.8,0
2023-06-23,356.01,356.01,356.01,356.01,0
2023-06-26,357.32,357.32,357.32,357.32,0
2023-06-27,358.92,358.92,358.92,358.92,0
2023-06-29,361.22,361.22,361.22,361.22,0
2023-06-30,364.04,364.04,364.04,364.04,0
2023-07-03,359.05,359.05,359.05,359.05,0
2023-07-04,359.32,359.32,359.32,359.32,0
2023-07-05,361.33,361.33,361.33,361.33,0
2023-07-06,358.69,358.69,358.69,358.69,0
2023-07-07,362.94,362.94,362.94,362.94,0
2023-07-10,363.54,363.54,363.54,363.54,0
2023-07-11,363.29,363.29,363.29,363.29,0
2023-07-12,364.54,364.54,364.54,364.54,0
2023-07-13,363.23,363.23,363.23,363.23,0
2023-07-14,364.39,364.39,364.39,364.39,0
2023-07-17,365.3,365.3,365.3,365.3,0
2023-07-18,362.93,362.93,362.93,362.93,0
2023-07-19,361.91,361.91,361.91,361.91,0
2023-07-20,364.72,364.72,364.72,364.72,0
2023-07-21,362.88,362.88,362.88,362.88,0
2023-07-24,364.17,364.17,364.17,364.17,0
2023-07-25,365.52,365.52,365.52,365.52,0
2023-07-26,363.64,363.64,363.64,363.64,0
2023-07-27,365.04,365.04,365.04,365.04,0
2023-07-28,366.29,366.29,366.29,366.29,0
2023-07-31,377.68,377.68,377.68,377.68,0
2023-08-01,373.66,373.66,373.66,373.66,0
2023-08-02,383.44,383.44,383.44,383.44,0
2023-08-03,375.38,375.38,375.38,375.38,0
2023-08-04,373.64,373.64,373.64,373.64,0
2023-08-08,369.41,369.41,369.41,369.41,0
2023-08-09,368.21,368.21,368.21,368.21,0
2023-08-10,365.32,365.32,365.32,365.32,0
2023-08-11,368.29,368.29,368.29,368.29,0
2023-08-14,369.97,369.97,369.97,369.97,0
2023-08-16,365.32,365.32,365.32,365.32,0
2023-08-17,367.35,367.35,367.35,367.35,0
2023-08-18,375.09,375.09,375.09,375.09,0
2023-08-21,374.51,374.51,374.51,374.51,0
2023-08-22,374.31,374.31,374.31,374.31,0
2023-08-23,372.95,372.95,372.95,372.95,0
2023-08-24,373.03,373.03,373.03,373.03,0
2023-08-25,376.84,376.84,376.84,376.84,0
2023-08-28,378.28,378.28,378.28,378.28,0
2023-08-29,375.03,375.03,375.03,375.03,0
2023-08-30,375.28,375.28,375.28,375.28,0
2023-08-31,372.5,372.5,372.5,372.5,0
2023-09-01,374.93,374.93,374.93,374.93,0
2023-09-04,373.42,373.42,373.42,373.42,0
2023-09-05,374.55,374.55,374.55,374.55,0
2023-09-06,377.14,377.14,377.14,377.14,0
2023-09-07,381.11,381.11,381.11,381.11,0
2023-09-08,377.85,377.85,377.85,377.85,0
2023-09-11,378.94,378.94,378.94,378.94,0
2023-09-12,389.15,389.15,389.15,389.15,0
2023-09-13,392.75,392.75,392.75,392.75,0
2023-09-14,384.05,384.05,384.05,384.05,0
2023-09-15,384.02,384.02,384.02,384.02,0
2023-09-18,376.7,376.7,376.7,376.7,0
2023-09-19,371.51,371.51,371.51,371.51,0
2023-09-20,374.47,374.47,374.47,374.47,0
2023-09-21,374.51,374.51,374.51,374.51,0
2023-09-22,370.03,370.03,370.03,370.03,0
2023-09-25,363.18,363.18,363.18,363.18,0
2023-09-26,357.22,357.22,357.22,357.22,0
2023-09-28,354.92,354.92,354.92,354.92,0
2023-09-29,363.62,363.62,363.62,363.62,0
2023-10-02,367.06,367.06,367.06,367.06,0
2023-10-03,356.57,356.57,356.57,356.57,0
2023-10-04,350.8,350.8,350.8,350.8,0
2023-10-05,348.58,348.58,348.58,348.58,0
2023-10-06,353.78,353.78,353.78,353.78,0
2023-10-09,350.64,350.64,350.64,350.64,0
2023-10-10,351.6,351.6,351.6,351.6,0
2023-10-11,350.34,350.34,350.34,350.34,0
2023-10-12,350.48,350.48,350.48,350.48,0
2023-10-13,348.93,348.93,348.93,348.93,0
2023-10-16,358.76,358.76,358.76,358.76,0
2023-10-17,352.96,352.96,352.96,352.96,0
2023-10-18,350.4,350.4,350.4,350.4,0
2023-10-19,349.99,349.99,349.99,349.99,0
2023-10-20,350.46,350.46,350.46,350.46,0
2023-10-23,347.43,347.43,347.43,347.43,0
2023-10-24,349.27,349.27,349.27,349.27,0
2023-10-25,344.55,344.55,344.55,344.55,0
2023-10-26,340.7,340.7,340.7,340.7,0
2023-10-27,340.79,340.79,340.79,340.79,0
2023-10-30,337.25,337.25,337.25,337.25,0
2023-10-31,330.99,330.99,330.99,330.99,0
2023-11-02,330.41,330.41,330.41,330.41,0
2023-11-03,332.99,332.99,332.99,332.99,0
2023-11-06,338.36,338.36,338.36,338.36,0
2023-11-07,336.92,336.92,336.92,336.92,0
2023-11-08,327.46,327.46,327.46,327.46,0
2023-11-09,334.08,334.08,334.08,334.08,0
2023-11-10,330.55,330.55,330.55,330.55,0
2023-11-13,331.24,331.24,331.24,331.24,0
2023-11-14,323.85,323.85,323.85,323.85,0
2023-11-16,330.95,330.95,330.95,330.95,0
2023-11-17,341.99,341.99,341.99,341.99,0
2023-11-20,339.54,339.54,339.54,339.54,0
2023-11-21,331.23,331.23,331.23,331.23,0
2023-11-22,328.65,328.65,328.65,328.65,0
2023-11-23,336.53,336.53,336.53,336.53,0
2023-11-24,334.97,334.97,334.97,334.97,0
2023-11-27,333.52,333.52,333.52,333.52,0
2023-11-28,336.12,336.12,336.12,336.12,0
2023-11-29,336.21,336.21,336.21,336.21,0
2023-11-30,333.46,333.46,333.46,333.46,0
2023-12-01,324.94,324.94,324.94,324.94,0
2023-12-04,323.68,323.68,323.68,323.68,0
2023-12-05,324.01,324.01,324.01,324.01,0
2023-12-06,326.24,326.24,326.24,326.24,0
2023-12-07,327.95,327.95,327.95,327.95,0
2023-12-08,332.74,332.74,332.74,332.74,0
2023-12-11,324.76,324.76,324.76,324.76,0
2023-12-12,331.43,331.43,331.43,331.43,0
2023-12-13,334.71,334.71,334.71,334.71,0
2023-12-14,332.43,332.43,332.43,332.43,0
2023-12-15,331.44,331.44,331.44,331.44,0
2023-12-18,318.07,318.07,318.07,318.07,0
2023-12-19,326.94,326.94,326.94,326.94,0
2023-12-20,329.59,329.59,329.59,329.59,0
2023-12-21,330.55,330.55,330.55,330.55,0
2023-12-22,335.58,335.58,335.58,335.58,0
2023-12-26,329.36,329.36,329.36,329.36,0
2023-12-27,330.19,330.19,330.19,330.19,0
2023-12-28,324.58,324.58,324.58,324.58,0
2023-12-29,328.21,328.21,328.21,328.21,0
2024-01-02,331.6,331.6,331.6,331.6,0
2024-01-03,327.95,327.95,327.95,327.95,0
2024-01-04,320.56,320.56,320.56,320.56,0
2024-01-05,319.16,319.16,319.16,319.16,0
2024-01-08,314.12,314.12,314.12,314.12,0
2024-01-09,316.43,316.43,316.43,316.43,0
2024-01-10,317.92,317.92,317.92,317.92,0
2024-01-11,316.6,316.6,316.6,316.6,0
2024-01-12,306.9,306.9,306.9,306.9,0
2024-01-15,301.39,301.39,301.39,301.39,0
2024-01-16,312.12,312.12,312.12,312.12,0
2024-01-17,309.03,309.03,309.03,309.03,0
2024-01-18,320.19,320.19,320.19,320.19,0
2024-01-19,320.55,320.55,320.55,320.55,0
2024-01-22,318.54,318.54,318.54,318.54,0
2024-01-23,320.36,320.36,320.36,320.36,0
2024-01-24,319.18,319.18,319.18,319.18,0
2024-01-25,317.05,317.05,317.05,317.05,0
2024-01-26,312.53,312.53,312.53,312.53,0
2024-01-29,313.28,313.28,313.28,313.28,0
2024-01-30,316.68,316.68,316.68,316.68,0
2024-01-31,313.95,313.95,313.95,313.95,0
2024-02-01,313.99,313.99,313.99,313.99,0
2024-02-02,311.62,311.62,311.62,311.62,0
2024-02-05,313.19,313.19,313.19,313.19,0
2024-02-06,312.44,312.44,312.44,312.44,0
2024-02-07,307.46,307.46,307.46,307.46,0
2024-02-08,307.4,307.4,307.4,307.4,0
2024-02-09,305.91,305.91,305.91,305.91,0
2024-02-13,312.62,312.62,312.62,312.62,0
2024-02-14,314.03,314.03,314.03,314.03,0
2024-02-15,307.16,307.16,307.16,307.16,0
2024-02-16,308.81,308.81,308.81,308.81,0
2024-02-19,309.6,309.6,309.6,309.6,0
2024-02-20,311.33,311.33,311.33,311.33,0
2024-02-21,309.56,309.56,309.56,309.56,0
2024-02-22,312.33,312.33,312.33,312.33,0
2024-02-23,317.39,317.39,317.39,317.39,0
2024-02-26,318.48,318.48,318.48,318.48,0
2024-02-27,312.32,312.32,312.32,312.32,0
2024-02-28,315.1,315.1,315.1,315.1,0
2024-02-29,314.73,314.73,314.73,314.73,0
2024-03-01,314.27,314.27,314.27,314.27,0
2024-03-04,309.76,309.76,309.76,309.76,0
2024-03-05,312.41,312.41,312.41,312.41,0
2024-03-06,303.07,303.07,303.07,303.07,0
2024-03-07,298.12,298.12,298.12,298.12,0
2024-03-08,301.76,301.76,301.76,301.76,0
2024-03-11,308.18,308.18,308.18,308.18,0
2024-03-12,302.94,302.94,302.94,302.94,0
2024-03-13,304.03,304.03,304.03,304.03,0
2024-03-14,302.76,302.76,302.76,302.76,0
2024-03-15,298.72,298.72,298.72,298.72,0
2024-03-18,309.35,309.35,309.35,309.35,0
2024-03-19,310.55,310.55,310.55,310.55,0
2024-03-20,313.06,313.06,313.06,313.06,0
2024-03-21,313.91,313.91,313.91,313.91,0
2024-03-22,315.19,315.19,315.19,315.19,0
2024-03-25,311.69,311.69,311.69,311.69,0
2024-03-26,313.48,313.48,313.48,313.48,0
2024-03-27,316.36,316.36,316.36,316.36,0
2024-03-28,319.38,319.38,319.38,319.38,0
2024-03-29,316.33,316.33,316.33,316.33,0
2024-04-02,319.12,319.12,319.12,319.12,0
2024-04-03,324.32,324.32,324.32,324.32,0
2024-04-04,323.97,323.97,323.97,323.97,0
2024-04-05,316.77,316.77,316.77,316.77,0
2024-04-08,313.83,313.83,313.83,313.83,0
2024-04-09,317.29,317.29,317.29,317.29,0
2024-04-11,321.16,321.16,321.16,321.16,0
2024-04-12,319.67,319.67,319.67,319.67,0
2024-04-15,318.04,318.04,318.04,318.04,0
2024-04-16,316.39,316.39,316.39,316.39,0
2024-04-17,317.76,317.76,317.76,317.76,0
2024-04-18,318.28,318.28,318.28,318.28,0
2024-04-19,317.57,317.57,317.57,317.57,0
2024-04-22,315.45,315.45,315.45,315.45,0
2024-04-23,315.2,315.2,315.2,315.2,0
2024-04-24,313.68,313.68,313.68,313.68,0
2024-04-25,316.1,316.1,316.1,316.1,0
2024-04-26,318.5,318.5,318.5,318.5,0
2024-04-29,318.84,318.84,318.84,318.84,0
2024-04-30,324.32,324.32,324.32,324.32,0
2024-05-02,321.44,321.44,321.44,321.44,0
2024-05-03,317.83,317.83,317.83,317.83,0
2024-05-06,316.42,316.42,316.42,316.42,0
2024-05-07,323.84,323.84,323.84,323.84,0
2024-05-08,322.41,322.41,322.41,322.41,0
2024-05-10,322.27,322.27,322.27,322.27,0
2024-05-13,317.82,317.82,317.82,317.82,0
2024-05-14,322.35,322.35,322.35,322.35,0
2024-05-15,320.91,320.91,320.91,320.91,0
2024-05-16,322.08,322.08,322.08,322.08,0
2024-05-17,319.87,319.87,319.87,319.87,0
2024-05-21,320.34,320.34,320.34,320.34,0
2024-05-22,321.41,321.41,321.41,321.41,0
2024-05-23,323.49,323.49,323.49,323.49,0
2024-05-24,325.51,325.51,325.51,325.51,0
2024-05-27,323.66,323.66,323.66,323.66,0
2024-05-28,326.56,326.56,326.56,326.56,0
2024-05-29,316.3,316.3,316.3,316.3,0
2024-05-30,317.09,317.09,317.09,317.09,0
2024-05-31,321.67,321.67,321.67,321.67,0
2024-06-03,316.1,316.1,316.1,316.1,0
2024-06-04,317.89,317.89,317.89,317.89,0
2024-06-05,317.97,317.97,317.97,317.97,0
2024-06-06,321.18,321.18,321.18,321.18,0
2024-06-07,320.91,320.91,320.91,320.91,0
2024-06-10,319.7,319.7,319.7,319.7,0
2024-06-11,324.06,324.06,324.06,324.06,0
2024-06-12,326.7,326.7,326.7,326.7,0
2024-06-13,331.28,331.28,331.28,331.28,0
2024-06-14,323.09,323.09,323.09,323.09,0
2024-06-18,325.5,325.5,325.5,325.5,0
2024-06-19,325.35,325.35,325.35,325.35,0
2024-06-20,327.51,327.51,327.51,327.51,0
2024-06-21,326.48,326.48,326.48,326.48,0
2024-06-24,334.88,334.88,334.88,334.88,0
2024-06-25,334.51,334.51,334.51,334.51,0
2024-06-26,323.25,323.25,323.25,323.25,0
2024-06-27,323.77,323.77,323.77,323.77,0
2024-06-28,332.47,332.47,332.47,332.47,0
2024-07-01,327.73,327.73,327.73,327.73,0
2024-07-02,332.05,332.05,332.05,332.05,0
2024-07-03,327.41,327.41,327.41,327.41,0
2024-07-04,329.62,329.62,329.62,329.62,0
2024-07-05,329.26,329.26,329.26,329.26,0
2024-07-08,333.19,333.19,333.19,333.19,0
2024-07-09,331.28,331.28,331.28,331.28,0
2024-07-10,325.48,325.48,325.48,325.48,0
2024-07-11,329.21,329.21,329.21,329.21,0
2024-07-12,329.31,329.31,329.31,329.31,0
2024-07-15,326.94,326.94,326.94,326.94,0
2024-07-16,329.51,329.51,329.51,329.51,0
2024-07-17,330.21,330.21,330.21,330.21,0
2024-07-18,334.02,334.02,334.02,334.02,0
2024-07-19,334.95,334.95,334.95,334.95,0
2024-07-22,333.45,333.45,333.45,333.45,0
2024-07-23,330.7,330.7,330.7,330.7,0
2024-07-24,333.51,333.51,333.51,333.51,0
2024-07-25,331.81,331.81,331.81,331.81,0
2024-07-26,331.46,331.46,331.46,331.46,0
2024-07-29,335.06,335.06,335.06,335.06,0
2024-07-30,332.16,332.16,332.16,332.16,0
2024-07-31,331.92,331.92,331.92,331.92,0
2024-08-01,332.88,332.88,332.88,332.88,0
2024-08-02,334.69,334.69,334.69,334.69,0
2024-08-05,333.58,333.58,333.58,333.58,0
2024-08-06,344.09,344.09,344.09,344.09,0
2024-08-08,348.34,348.34,348.34,348.34,0
2024-08-09,348.3,348.3,348.3,348.3,0
2024-08-12,348.23,348.23,348.23,348.23,0
2024-08-13,345.63,345.63,345.63,345.63,0
2024-08-14,344.39,344.39,344.39,344.39,0
2024-08-16,343.49,343.49,343.49,343.49,0
2024-08-19,344.53,344.53,344.53,344.53,0
2024-08-20,341.49,341.49,341.49,341.49,0
2024-08-21,340.53,340.53,340.53,340.53,0
2024-08-22,343.79,343.79,343.79,343.79,0
2024-08-23,343.9,343.9,343.9,343.9,0
2024-08-26,349.15,349.15,349.15,349.15,0
2024-08-27,341.86,341.86,341.86,341.86,0
2024-08-28,352.96,352.96,352.96,352.96,0
2024-08-29,356.62,356.62,356.62,356.62,0
2024-08-30,362.14,362.14,362.14,362.14,0
2024-09-02,357.65,357.65,357.65,357.65,0
2024-09-03,357.47,357.47,357.47,357.47,0
2024-09-04,362.72,362.72,362.72,362.72,0
2024-09-05,365.39,365.39,365.39,365.39,0
2024-09-06,364.27,364.27,364.27,364.27,0
2024-09-09,364.3,364.3,364.3,364.3,0
2024-09-10,362.47,362.47,362.47,362.47,0
2024-09-11,360.61,360.61,360.61,360.61,0
2024-09-12,364.97,364.97,364.97,364.97,0
2024-09-13,356.58,356.58,356.58,356.58,0
2024-09-16,353.32,353.32,353.32,353.32,0
2024-09-17,349.68,349.68,349.68,349.68,0
2024-09-18,335.07,335.07,335.07,335.07,0
2024-09-19,339.8,339.8,339.8,339.8,0
2024-09-20,347.01,347.01,347.01,347.01,0
2024-09-23,350.65,350.65,350.65,350.65,0
2024-09-24,340.42,340.42,340.42,340.42,0
2024-09-25,340.72,340.72,340.72,340.72,0
2024-09-26,338.4,338.4,338.4,338.4,0
2024-09-27,341.67,341.67,341.67,341.67,0
2024-09-30,337.51,337.51,337.51,337.51,0
2024-10-01,339.61,339.61,339.61,339.61,0
2024-10-02,332.33,332.33,332.33,332.33,0
2024-10-03,342.45,342.45,342.45,342.45,0
2024-10-04,339.13,339.13,339.13,339.13,0
2024-10-07,333.75,333.75,333.75,333.75,0
2024-10-08,334.39,334.39,334.39,334.39,0
2024-10-09,331.26,331.26,331.26,331.26,0
2024-10-10,322.22,322.22,322.22,322.22,0
2024-10-11,333.26,333.26,333.26,333.26,0
2024-10-14,331.44,331.44,331.44,331.44,0
2024-10-15,335.19,335.19,335.19,335.19,0
2024-10-16,333.15,333.15,333.15,333.15,0
2024-10-17,338.94,338.94,338.94,338.94,0
2024-10-18,339.18,339.18,339.18,339.18,0
2024-10-21,336.91,336.91,336.91,336.91,0
2024-10-22,336.36,336.36,336.36,336.36,0
2024-10-23,340.38,340.38,340.38,340.38,0
2024-10-24,338.94,338.94,338.94,338.94,0
2024-10-25,345.66,345.66,345.66,345.66,0
2024-10-28,342.67,342.67,342.67,342.67,0
2024-10-29,342.56,342.56,342.56,342.56,0
2024-10-30,347.16,347.16,347.16,347.16,0
2024-10-31,344,344,344,344,0
2024-11-04,340.44,340.44,340.44,340.44,0
2024-11-05,339.41,339.41,339.41,339.41,0
2024-11-06,341.64,341.64,341.64,341.64,0
2024-11-07,339.26,339.26,339.26,339.26,0
2024-11-08,338.63,338.63,338.63,338.63,0
2024-11-11,340.21,340.21,340.21,340.21,0
2024-11-12,334.03,334.03,334.03,334.03,0
2024-11-13,339.74,339.74,339.74,339.74,0
2024-11-14,341.05,341.05,341.05,341.05,0
2024-11-18,335.36,335.36,335.36,335.36,0
2024-11-19,343.02,343.02,343.02,343.02,0
2024-11-20,337.55,337.55,337.55,337.55,0
2024-11-21,339.95,339.95,339.95,339.95,0
2024-11-22,341.52,341.52,341.52,341.52,0
2024-11-25,335.77,335.77,335.77,335.77,0
2024-11-26,334.8,334.8,334.8,334.8,0
2024-11-27,332.86,332.86,332.86,332.86,0
2024-11-28,337.29,337.29,337.29,337.29,0
2024-11-29,335.65,335.65,335.65,335.65,0
2024-12-02,331.78,331.78,331.78,331.78,0
2024-12-03,333.16,333.16,333.16,333.16,0
2024-12-04,332.28,332.28,332.28,332.28,0
2024-12-05,328.12,328.12,328.12,328.12,0
2024-12-06,329.74,329.74,329.74,329.74,0
2024-12-09,330.41,330.41,330.41,330.41,0
2024-12-10,326.31,326.31,326.31,326.31,0
2024-12-11,325.26,325.26,325.26,325.26,0
2024-12-12,328.29,328.29,328.29,328.29,0
2024-12-13,328.47,328.47,328.47,328.47,0
2024-12-16,330.05,330.05,330.05,330.05,0
2024-12-17,323.74,323.74,323.74,323.74,0
2024-12-18,325.33,325.33,325.33,325.33,0
2024-12-19,325.41,325.41,325.41,325.41,0
2024-12-20,321.32,321.32,321.32,321.32,0
2024-12-23,322.31,322.31,322.31,322.31,0
2024-12-24,322.31,322.31,322.31,322.31,0
2024-12-26,323.32,323.32,323.32,323.32,0
2024-12-27,328.43,328.43,328.43,328.43,0
2024-12-30,330.96,330.96,330.96,330.96,0
2025-01-02,335.32,335.32,335.32,335.32,0
2025-01-03,336.85,336.85,336.85,336.85,0
2025-01-06,335.17,335.17,335.17,335.17,0
2025-01-07,326.68,326.68,326.68,326.68,0
2025-01-08,335.13,335.13,335.13,335.13,0
2025-01-09,331.16,331.16,331.16,331.16,0
2025-01-10,333.75,333.75,333.75,333.75,0
2025-01-13,330.77,330.77,330.77,330.77,0
2025-01-14,332.11,332.11,332.11,332.11,0
2025-01-15,324.54,324.54,324.54,324.54,0
2025-01-16,324.07,324.07,324.07,324.07,0
2025-01-17,322.12,322.12,322.12,322.12,0
2025-01-20,330.31,330.31,330.31,330.31,0
2025-01-21,328.8,328.8,328.8,328.8,0
2025-01-22,327.7,327.7,327.7,327.7,0
2025-01-23,325.52,325.52,325.52,325.52,0
2025-01-24,324.85,324.85,324.85,324.85,0
2025-01-27,329.83,329.83,329.83,329.83,0
2025-01-28,327.71,327.71,327.71,327.71,0
2025-01-29,325.94,325.94,325.94,325.94,0
2025-01-30,319.66,319.66,319.66,319.66,0
2025-01-31,325.31,325.31,325.31,325.31,0
2025-02-03,320.81,320.81,320.81,320.81,0
2025-02-04,322.16,322.16,322.16,322.16,0
2025-02-05,322.41,322.41,322.41,322.41,0
2025-02-06,328.78,328.78,328.78,328.78,0
2025-02-07,332.42,332.42,332.42,332.42,0
2025-02-10,332.41,332.41,332.41,332.41,0
2025-02-11,326.92,326.92,326.92,326.92,0
2025-02-12,331.9,331.9,331.9,331.9,0
2025-02-13,328.93,328.93,328.93,328.93,0
2025-02-14,339.35,339.35,339.35,339.35,0
2025-02-17,349.06,349.06,349.06,349.06,0
2025-02-18,358.97,358.97,358.97,358.97,0
2025-02-19,369.22,369.22,369.22,369.22,0
2025-02-20,371.7,371.7,371.7,371.7,0
2025-02-21,373.45,373.45,373.45,373.45,0
2025-02-24,362.53,362.53,362.53,362.53,0
2025-02-25,368.89,368.89,368.89,368.89,0
2025-02-26,377.84,377.84,377.84,377.84,0
2025-02-27,386.46,386.46,386.46,386.46,0
2025-02-28,400.03,400.03,400.03,400.03,0
2025-03-03,399.15,399.15,399.15,399.15,0
2025-03-04,398.53,398.53,398.53,398.53,0
2025-03-05,393.95,393.95,393.95,393.95,0
2025-03-06,397.65,397.65,397.65,397.65,0
2025-03-07,399.65,399.65,399.65,399.65,0
2025-03-10,397.32,397.32,397.32,397.32,0
2025-03-11,392.65,392.65,392.65,392.65,0
2025-03-12,394.03,394.03,394.03,394.03,0
2025-03-13,393.26,393.26,393.26,393.26,0
2025-03-14,397.99,397.99,397.99,397.99,0
2025-03-17,394.47,394.47,394.47,394.47,0
2025-03-18,395.82,395.82,395.82,395.82,0
2025-03-19,402.9,402.9,402.9,402.9,0
2025-03-20,396.96,396.96,396.96,396.96,0
2025-03-21,387.8,387.8,387.8,387.8,0
2025-03-24,392.29,392.29,392.29,392.29,0
2025-03-25,385.56,385.56,385.56,385.56,0
2025-03-26,385.12,385.12,385.12,385.12,0
2025-03-28,389.37,389.37,389.37,389.37,0
2025-04-01,386.79,386.79,386.79,386.79,0
2025-04-02,380.19,380.19,380.19,380.19,0
2025-04-03,380.11,380.11,380.11,380.11,0
2025-04-04,376.69,376.69,376.69,376.69,0
2025-04-07,374.61,374.61,374.61,374.61,0
2025-04-08,379.87,379.87,379.87,379.87,0
2025-04-09,388.08,388.08,388.08,388.08,0
2025-04-10,399.14,399.14,399.14,399.14,0
2025-04-11,402.49,402.49,402.49,402.49,0
2025-04-14,404.35,404.35,404.35,404.35,0
2025-04-15,393.86,393.86,393.86,393.86,0
2025-04-16,389.39,389.39,389.39,389.39,0
2025-04-17,391.87,391.87,391.87,391.87,0
2025-04-18,389.43,389.43,389.43,389.43,0
2025-04-22,381.31,381.31,381.31,381.31,0
2025-04-23,380.37,380.37,380.37,380.37,0
2025-04-24,392.71,392.71,392.71,392.71,0
2025-04-25,387.16,387.16,387.16,387.16,0
2025-04-28,388.62,388.62,388.62,388.62,0
2025-04-29,393.45,393.45,393.45,393.45,0
2025-04-30,389.02,389.02,389.02,389.02,0
2025-05-02,376.59,376.59,376.59,376.59,0
2025-05-05,364.11,364.11,364.11,364.11,0
2025-05-06,347.08,347.08,347.08,347.08,0
2025-05-07,342.64,342.64,342.64,342.64,0
2025-05-08,334.43,334.43,334.43,334.43,0
2025-05-09,334.87,334.87,334.87,334.87,0
2025-05-12,332.76,332.76,332.76,332.76,0
2025-05-13,337.62,337.62,337.62,337.62,0
2025-05-14,336.45,336.45,336.45,336.45,0
2025-05-15,337.22,337.22,337.22,337.22,0
2025-05-16,333.97,333.97,333.97,333.97,0
2025-05-19,341.32,341.32,341.32,341.32,0
2025-05-20,351.14,351.14,351.14,351.14,0
2025-05-21,356.89,356.89,356.89,356.89,0
2025-05-22,365.26,365.26,365.26,365.26,0
2025-05-23,358.51,358.51,358.51,358.51,0
2025-05-26,357.08,357.08,357.08,357.08,0
2025-05-27,355.62,355.62,355.62,355.62,0
2025-05-28,357.99,357.99,357.99,357.99,0
2025-05-30,353.99,353.99,353.99,353.99,0
2025-06-02,355.05,355.05,355.05,355.05,0
2025-06-03,366.07,366.07,366.07,366.07,0
2025-06-04,372.74,372.74,372.74,372.74,0
2025-06-05,377.48,377.48,377.48,377.48,0
2025-06-10,369.74,369.74,369.74,369.74,0
2025-06-11,365.45,365.45,365.45,365.45,0
2025-06-12,362.79,362.79,362.79,362.79,0
2025-06-13,370.14,370.14,370.14,370.14,0
2025-06-16,373.22,373.22,373.22,373.22,0
2025-06-17,377.02,377.02,377.02,377.02,0
2025-06-18,377.16,377.16,377.16,377.16,0
2025-06-19,375.23,375.23,375.23,375.23,0
2025-06-20,373.8,373.8,373.8,373.8,0
2025-06-23,369.92,369.92,369.92,369.92,0
2025-06-24,371.94,371.94,371.94,371.94,0
2025-06-25,366.28,366.28,366.28,366.28,0
2025-06-26,363.4,363.4,363.4,363.4,0
2025-06-27,370.28,370.28,370.28,370.28,0
2025-06-30,373.88,373.88,373.88,373.88,0
2025-07-01,370.99,370.99,370.99,370.99,0
2025-07-02,376.04,376.04,376.04,376.04,0
2025-07-03,376.59,376.59,376.59,376.59,0
2025-07-04,374.85,374.85,374.85,374.85,0
2025-07-07,374.6,374.6,374.6,374.6,0
2025-07-08,368.2,368.2,368.2,368.2,0
2025-07-09,369.45,369.45,369.45,369.45,0
2025-07-10,363.76,363.76,363.76,363.76,0
2025-07-11,367.04,367.04,367.04,367.04,0
2025-07-14,371.4,371.4,371.4,371.4,0
2025-07-15,372.08,372.08,372.08,372.08,0
2025-07-16,366.26,366.26,366.26,366.26,0
2025-07-17,362.37,362.37,362.37,362.37,0
2025-07-18,356.71,356.71,356.71,356.71,0
2025-07-21,363.65,363.65,363.65,363.65,0
2025-07-22,354.23,354.23,354.23,354.23,0
2025-07-23,355.73,355.73,355.73,355.73,0
2025-07-24,354.99,354.99,354.99,354.99,0
2025-07-25,356.13,356.13,356.13,356.13,0
2025-07-28,357.9,357.9,357.9,357.9,0
2025-07-29,356.84,356.84,356.84,356.84,0
2025-07-30,358.57,358.57,358.57,358.57,0
2025-07-31,359.89,359.89,359.89,359.89,0
2025-08-01,362.92,362.92,362.92,362.92,0
2025-08-04,361.94,361.94,361.94,361.94,0
2025-08-05,362.67,362.67,362.67,362.67,0
2025-08-06,364.57,364.57,364.57,364.57,0
2025-08-08,367.96,367.96,367.96,367.96,0
2025-08-11,358.18,358.18,358.18,358.18,0
2025-08-12,363.49,363.49,363.49,363.49,0
2025-08-13,368.81,368.81,368.81,368.81,0
2025-08-14,371.75,371.75,371.75,371.75,0
2025-08-18,372.3,372.3,372.3,372.3,0
2025-08-19,372.68,372.68,372.68,372.68,0
2025-08-20,374.01,374.01,374.01,374.01,0
2025-08-21,371.16,371.16,371.16,371.16,0
2025-08-22,372.07,372.07,372.07,372.07,0
2025-08-25,365.27,365.27,365.27,365.27,0
2025-08-26,373.27,373.27,373.27,373.27,0
2025-08-27,375.85,375.85,375.85,375.85,0
2025-08-28,380.09,380.09,380.09,380.09,0
2025-08-29,388.94,388.94,388.94,388.94,0
2025-09-01,391.66,391.66,391.66,391.66,0
2025-09-02,398.72,398.72,398.72,398.72,0
2025-09-03,404.87,404.87,404.87,404.87,0
2025-09-05,395.92,395.92,395.92,395.92,0
2025-09-08,395.89,395.89,395.89,395.89,0
2025-09-09,395.36,395.36,395.36,395.36,0
2025-09-10,393.46,393.46,393.46,393.46,0
2025-09-11,392.18,392.18,392.18,392.18,0
2025-09-12,394.63,394.63,394.63,394.63,0
2025-09-15,400.51,400.51,400.51,400.51,0
2025-09-16,396.11,396.11,396.11,396.11,0
2025-09-17,399.79,399.79,399.79,399.79,0
2025-09-18,402.22,402.22,402.22,402.22,0
2025-09-19,405.43,405.43,405.43,405.43,0
2025-09-22,413.43,413.43,413.43,413.43,0
2025-09-23,425.59,425.59,425.59,425.59,0
2025-09-24,432.61,432.61,432.61,432.61,0
2025-09-25,433.62,433.62,433.62,433.62,0
2025-09-26,429.04,429.04,429.04,429.04,0
2025-09-29,425.63,425.63,425.63,425.63,0
2025-09-30,422.5,422.5,422.5,422.5,0
2025-10-01,429.88,429.88,429.88,429.88,0
2025-10-02,444.94,444.94,444.94,444.94,0
2025-10-03,460.26,460.26,460.26,460.26,0
2025-10-06,477.82,477.82,477.82,477.82,0
2025-10-07,478.74,478.74,478.74,478.74,0
2025-10-08,494.07,494.07,494.07,494.07,0
2025-10-09,494.9,494.9,494.9,494.9,0
2025-10-10,506.39,506.39,506.39,506.39,0
2025-10-13,522.5,522.5,522.5,522.5,0
2025-10-14,533.53,533.53,533.53,533.53,0
2025-10-15,525.67,525.67,525.67,525.67,0
2025-10-16,511.59,511.59,511.59,511.59,0
2025-10-17,489.13,489.13,489.13,489.13,0
2025-10-20,501.93,501.93,501.93,501.93,0
2025-10-21,522.18,522.18,522.18,522.18,0
2025-10-22,531.38,531.38,531.38,531.38,0
2025-10-23,528.07,528.07,528.07,528.07,0
2025-10-24,546.03,546.03,546.03,546.03,0
2025-10-27,564.45,564.45,564.45,564.45,0
2025-10-28,583.95,583.95,583.95,583.95,0
2025-10-29,608.44,608.44,608.44,608.44,0
2025-10-30,633.8,633.8,633.8,633.8,0
2025-10-31,606.72,606.72,606.72,606.72,0
2025-11-03,575.3,575.3,575.3,575.3,0
2025-11-04,549.79,549.79,549.79,549.79,0
2025-11-05,525.41,525.41,525.41,525.41,0
2025-11-06,507.62,507.62,507.62,507.62,0
2025-11-07,494.13,494.13,494.13,494.13,0
2025-11-10,481.57,481.57,481.57,481.57,0
2025-11-11,496.01,496.01,496.01,496.01,0
2025-11-12,509.78,509.78,509.78,509.78,0
2025-11-13,505.52,505.52,505.52,505.52,0
2025-11-14,495.08,495.08,495.08,495.08,0
2025-11-17,498.22,498.22,498.22,498.22,0
2025-11-18,495.1,495.1,495.1,495.1,0
2025-11-19,497.32,497.32,497.32,497.32,0
2025-11-20,502.18,502.18,502.18,502.18,0
2025-11-21,501.88,501.88,501.88,501.88,0
2025-11-24,503.61,503.61,503.61,503.61,0
2025-11-25,503.99,503.99,503.99,503.99,0
2025-11-26,513.02,513.02,513.02,513.02,0
2025-11-27,529.82,529.82,529.82,529.82,0
2025-11-28,532.37,532.37,532.37,532.37,0
2025-12-01,537.36,537.36,537.36,537.36,0
2025-12-02,546.54,546.54,546.54,546.54,0
2025-12-03,541.92,541.92,541.92,541.92,0
2025-12-04,540.24,540.24,540.24,540.24,0
2025-12-05,539.59,539.59,539.59,539.59,0
2025-12-08,536.49,536.49,536.49,536.49,0
2025-12-09,519.98,519.98,519.98,519.98,0
2025-12-10,510.8,510.8,510.8,510.8,0
2025-12-11,512.75,512.75,512.75,512.75,0
2025-12-12,502.52,502.52,502.52,502.52,0
2025-12-15,503.78,503.78,503.78,503.78,0
2025-12-16,502.61,502.61,502.61,502.61,0
2025-12-17,502.15,502.15,502.15,502.15,0
2025-12-18,502.54,502.54,502.54,502.54,0
2025-12-19,502.65,502.65,502.65,502.65,0
2025-12-22,496.04,496.04,496.04,496.04,0
2025-12-23,486.27,486.27,486.27,486.27,0
2025-12-24,492.94,492.94,492.94,492.94,0
2025-12-26,495.75,495.75,495.75,495.75,0
2025-12-29,498.49,498.49,498.49,498.49,0
2025-12-30,496.73,496.73,496.73,496.73,0
2025-12-31,494.78,494.78,494.78,494.78,0
