Date,Open,High,Low,Close,Volume
2009-04-30,2395,2395,2395,2395,24000
2009-05-04,2395,2395,2395,2395,1000
2009-05-05,2395,2395,2395,2395,3380
2009-05-06,2395,2395,2395,2395,500
2009-05-07,2500,2500,2500,2500,300
2009-05-08,2500,2500,2500,2500,2000
2009-05-11,2500,2500,2500,2500,1840
2009-05-12,2500,2500,2500,2500,9760
2009-05-13,2500,2500,2500,2500,6000
2009-05-14,2500,2500,2500,2500,1660
2009-05-19,2510,2510,2510,2510,1180
2009-05-20,2510,2510,2510,2510,540
2009-05-22,2500,2500,2500,2500,940
2009-05-25,2500,2500,2500,2500,2380
2009-05-26,2500,2500,2500,2500,600
2009-05-27,2525,2525,2525,2525,700
2009-05-28,2525,2525,2525,2525,1500
2009-05-29,2500,2500,2500,2500,2360
2009-06-02,2500,2500,2500,2500,400
2009-06-03,2500,2500,2500,2500,100
2009-06-08,2500,2500,2500,2500,960
2009-06-09,2500,2500,2500,2500,20
2009-06-10,2500,2500,2500,2500,800
2009-06-16,2500,2500,2500,2500,100
2009-06-18,2500,2500,2500,2500,360
2009-06-22,2500,2500,2500,2500,600
2009-06-23,2500,2500,2500,2500,1200
2009-06-25,2500,2500,2500,2500,680
2009-06-26,2500,2500,2500,2500,920
2009-06-29,2500,2500,2500,2500,1500
2009-06-30,2500,2500,2500,2500,660
2009-07-01,2500,2500,2500,2500,780
2009-07-03,2500,2500,2500,2500,620
2009-07-06,2500,2500,2500,2500,60
2009-07-07,2500,2500,2500,2500,1660
2009-07-08,2500,2500,2500,2500,60
2009-07-09,2500,2500,2500,2500,1000
2009-07-10,2500,2500,2500,2500,40
2009-07-13,2500,2500,2500,2500,160
2009-07-16,2500,2500,2500,2500,40
2009-07-20,2500,2500,2500,2500,380
2009-07-23,2500,2500,2500,2500,800
2009-07-27,2500,2500,2500,2500,80
2009-07-30,2500,2500,2500,2500,1400
2009-08-04,2500,2500,2500,2500,60
2009-08-05,2500,2500,2500,2500,80
2009-08-06,2500,2500,2500,2500,620
2009-08-10,2500,2500,2500,2500,20
2009-08-13,2500,2500,2500,2500,40
2009-08-14,2450,2450,2450,2450,860
2009-08-17,2450,2450,2450,2450,560
2009-08-19,2400,2400,2400,2400,660
2009-08-20,2450,2450,2450,2450,5900
2009-08-27,2450,2450,2450,2450,4000
2009-08-28,2450,2450,2450,2450,980
2009-09-03,2450,2450,2450,2450,1040
2009-09-04,2449,2449,2449,2449,200
2009-09-07,2500,2500,2500,2500,18940
2009-09-08,2500,2500,2500,2500,36960
2009-09-09,2500,2500,2500,2500,22320
2009-09-10,2494,2494,2494,2494,2000
2009-09-11,2495,2495,2495,2495,280
2009-09-14,2500,2500,2500,2500,1780
2009-09-15,2500,2500,2500,2500,1400
2009-09-16,2450,2450,2450,2450,200
2009-09-18,2450,2450,2450,2450,140
2009-09-22,2450,2450,2450,2450,3020
2009-09-23,2450,2450,2450,2450,600
2009-09-28,2450,2450,2450,2450,60
2009-09-29,2450,2450,2450,2450,1500
2009-10-02,2449,2449,2449,2449,420
2009-10-05,2425,2425,2425,2425,360
2009-10-06,2425,2425,2425,2425,220
2009-10-07,2425,2425,2425,2425,580
2009-10-08,2425,2425,2425,2425,680
2009-10-12,2425,2425,2425,2425,120
2009-10-13,2425,2425,2425,2425,560
2009-10-15,2424,2424,2424,2424,880
2009-10-19,2424,2424,2424,2424,1560
2009-10-21,2400,2400,2400,2400,1800
2009-10-23,2400,2400,2400,2400,220
2009-10-29,2400,2400,2400,2400,140
2009-11-04,2400,2400,2400,2400,200
2009-11-05,2400,2400,2400,2400,10060
2009-11-06,2400,2400,2400,2400,160
2009-11-09,2400,2400,2400,2400,400
2009-11-11,2400,2400,2400,2400,80
2009-11-12,2400,2400,2400,2400,10000
2009-11-13,2400,2400,2400,2400,3400
2009-11-16,2400,2400,2400,2400,1060
2009-11-17,2400,2400,2400,2400,780
2009-11-19,2400,2400,2400,2400,960
2009-11-20,2400,2400,2400,2400,1520
2009-11-24,2400,2400,2400,2400,60
2009-11-26,2400,2400,2400,2400,20
2009-11-30,2400,2400,2400,2400,80
2009-12-02,2400,2400,2400,2400,120
2009-12-03,2375,2375,2375,2375,640
2009-12-08,2400,2400,2400,2400,220
2009-12-09,2375,2375,2375,2375,500
2009-12-10,2400,2400,2400,2400,880
2009-12-11,2400,2400,2400,2400,40
2009-12-14,2400,2400,2400,2400,560
2009-12-15,2400,2400,2400,2400,1220
2009-12-16,2400,2400,2400,2400,10120
2009-12-17,2400,2400,2400,2400,2320
2009-12-18,2400,2400,2400,2400,11400
2009-12-21,2400,2400,2400,2400,360
2009-12-22,2424,2424,2424,2424,320
2009-12-23,2424,2424,2424,2424,360
2009-12-28,2400,2400,2400,2400,280
2009-12-30,2425,2425,2425,2425,680
2009-12-31,2425,2425,2425,2425,820
2010-01-05,2425,2425,2425,2425,1440
2010-01-06,2425,2425,2425,2425,500
2010-01-07,2426,2426,2426,2426,300
2010-01-08,2450,2450,2450,2450,960
2010-01-11,2450,2450,2450,2450,2600
2010-01-13,2450,2450,2450,2450,120
2010-01-15,2450,2450,2450,2450,1080
2010-01-19,2450,2450,2450,2450,80
2010-01-25,2450,2450,2450,2450,2520
2010-01-27,2450,2450,2450,2450,240
2010-02-02,2450,2450,2450,2450,500
2010-02-03,2450,2450,2450,2450,1540
2010-02-05,2450,2450,2450,2450,1180
2010-02-09,2450,2450,2450,2450,300
2010-02-10,2450,2450,2450,2450,460
2010-02-11,2450,2450,2450,2450,840
2010-02-15,2450,2450,2450,2450,2080
2010-02-16,2450,2450,2450,2450,340
2010-02-17,2450,2450,2450,2450,2360
2010-02-19,2450,2450,2450,2450,40
2010-02-23,2450,2450,2450,2450,100
2010-02-24,2450,2450,2450,2450,680
2010-02-25,2450,2450,2450,2450,1060
2010-03-01,2450,2450,2450,2450,1280
2010-03-02,2450,2450,2450,2450,500
2010-03-03,2450,2450,2450,2450,180
2010-03-04,2450,2450,2450,2450,80
2010-03-05,2450,2450,2450,2450,1800
2010-03-09,2450,2450,2450,2450,820
2010-03-12,2450,2450,2450,2450,1820
2010-03-15,2450,2450,2450,2450,120
2010-03-16,2450,2450,2450,2450,260
2010-03-17,2450,2450,2450,2450,580
2010-03-18,2451,2451,2451,2451,260
2010-03-23,2450,2450,2450,2450,2800
2010-03-24,2450,2450,2450,2450,2680
2010-03-29,2450,2450,2450,2450,420
2010-04-01,2445,2445,2445,2445,240
2010-04-07,2445,2445,2445,2445,140
2010-04-09,2440,2440,2440,2440,4000
2010-04-13,2440,2440,2440,2440,200
2010-04-19,2400,2400,2400,2400,420
2010-04-20,2250,2250,2250,2250,175480
2010-04-21,2250,2250,2250,2250,160000
2010-04-23,2400,2400,2400,2400,220
2010-05-06,2425,2425,2425,2425,580
2010-05-07,2425,2425,2425,2425,1080
2010-05-11,2300,2300,2300,2300,820
2010-05-12,2250,2250,2250,2250,700
2010-05-17,2400,2400,2400,2400,400
2010-05-18,2400,2400,2400,2400,220
2010-05-21,2400,2400,2400,2400,440
2010-05-25,2400,2400,2400,2400,2000
2010-05-26,2400,2400,2400,2400,900
2010-05-27,2400,2400,2400,2400,60
2010-05-31,2395,2395,2395,2395,220
2010-06-03,2395,2395,2395,2395,600
2010-06-07,2350,2350,2350,2350,4060
2010-06-08,2350,2350,2350,2350,2000
2010-06-09,2350,2350,2350,2350,460
2010-06-10,2350,2350,2350,2350,2000
2010-06-11,2350,2350,2350,2350,60
2010-06-14,2350,2350,2350,2350,2100
2010-06-15,2350,2350,2350,2350,560
2010-06-17,2350,2350,2350,2350,60
2010-06-21,2350,2350,2350,2350,240
2010-06-23,2350,2350,2350,2350,4000
2010-06-24,2350,2350,2350,2350,400
2010-06-28,2350,2350,2350,2350,100
2010-06-29,2350,2350,2350,2350,880
2010-06-30,2350,2350,2350,2350,3460
2010-07-01,2350,2350,2350,2350,320
2010-07-02,2348,2348,2348,2348,1000
2010-07-05,2349,2349,2349,2349,700
2010-07-06,2348,2348,2348,2348,200
2010-07-07,2348,2348,2348,2348,200
2010-07-08,2325,2325,2325,2325,200
2010-07-13,2325,2325,2325,2325,200
2010-07-15,2325,2325,2325,2325,1080
2010-07-16,2340,2340,2340,2340,1200
2010-07-19,2339,2339,2339,2339,800
2010-07-20,2315,2315,2315,2315,240
2010-07-21,2315,2315,2315,2315,180
2010-07-22,2250,2250,2250,2250,500
2010-07-23,2275,2275,2275,2275,220
2010-07-27,2275,2275,2275,2275,840
2010-07-28,2274,2274,2274,2274,1200
2010-07-30,2250,2250,2250,2250,8360
2010-08-03,2275,2275,2275,2275,400
2010-08-04,2295,2295,2295,2295,280
2010-08-05,2295,2295,2295,2295,2000
2010-08-06,2295,2295,2295,2295,1260
2010-08-09,2300,2300,2300,2300,480
2010-08-10,2300,2300,2300,2300,1620
2010-08-11,2300,2300,2300,2300,820
2010-08-12,2300,2300,2300,2300,1500
2010-08-17,2300,2300,2300,2300,2160
2010-08-18,2300,2300,2300,2300,400
2010-08-19,2300,2300,2300,2300,10160
2010-08-20,2300,2300,2300,2300,1180
2010-08-23,2300,2300,2300,2300,200
2010-08-25,2270,2270,2270,2270,10480
2010-08-27,2300,2300,2300,2300,4360
2010-08-30,2300,2300,2300,2300,1920
2010-08-31,2300,2300,2300,2300,1700
2010-09-01,2300,2300,2300,2300,200
2010-09-02,2250,2250,2250,2250,420
2010-09-03,2250,2250,2250,2250,20
2010-09-07,2250,2250,2250,2250,1780
2010-09-08,2250,2250,2250,2250,880
2010-09-14,2250,2250,2250,2250,60
2010-09-15,2250,2250,2250,2250,420
2010-09-16,2250,2250,2250,2250,460
2010-09-17,2250,2250,2250,2250,580
2010-09-21,2250,2250,2250,2250,100
2010-09-27,2250,2250,2250,2250,1000
2010-09-28,2250,2250,2250,2250,100
2010-09-30,2250,2250,2250,2250,1960
2010-10-01,2225,2225,2225,2225,260
2010-10-04,2250,2250,2250,2250,200
2010-10-05,2250,2250,2250,2250,680
2010-10-11,2250,2250,2250,2250,700
2010-10-12,2250,2250,2250,2250,220
2010-10-18,2250,2250,2250,2250,620
2010-10-21,2250,2250,2250,2250,980
2010-10-25,2225,2225,2225,2225,3080
2010-10-27,2225,2225,2225,2225,20
2010-10-29,2225,2225,2225,2225,1720
2010-11-03,2225,2225,2225,2225,900
2010-11-04,2225,2225,2225,2225,540
2010-11-05,2225,2225,2225,2225,620
2010-11-09,2225,2225,2225,2225,20
2010-11-10,2200,2200,2200,2200,1080
2010-11-11,2200,2200,2200,2200,4200
2010-11-12,2225,2225,2225,2225,3200
2010-11-17,2225,2225,2225,2225,1760
2010-11-18,2250,2250,2250,2250,2880
2010-11-19,2250,2250,2250,2250,540
2010-11-22,2248,2248,2248,2248,200
2010-11-23,2248,2248,2248,2248,100
2010-11-24,2248,2248,2248,2248,400
2010-11-25,2248,2248,2248,2248,580
2010-11-26,2250,2250,2250,2250,1000
2010-11-30,2248,2248,2248,2248,1000
2010-12-01,2248,2248,2248,2248,100
2010-12-02,2248,2248,2248,2248,800
2010-12-03,2248,2248,2248,2248,86500
2010-12-06,2248,2248,2248,2248,54800
2010-12-07,2248,2248,2248,2248,20200
2010-12-09,2248,2248,2248,2248,600
2010-12-10,2248,2248,2248,2248,380
2010-12-14,2250,2250,2250,2250,400
2010-12-15,2250,2250,2250,2250,7700
2010-12-16,2250,2250,2250,2250,880
2010-12-17,2250,2250,2250,2250,100
2010-12-20,2250,2250,2250,2250,200
2010-12-21,2251,2251,2251,2251,980
2010-12-22,2251,2251,2251,2251,860
2010-12-23,2250,2250,2250,2250,1800
2010-12-28,2255,2255,2255,2255,580
2010-12-30,2275,2275,2275,2275,400
2011-01-03,2275,2275,2275,2275,340
2011-01-04,2275,2275,2275,2275,1360
2011-01-06,2275,2275,2275,2275,1640
2011-01-07,2275,2275,2275,2275,1120
2011-01-10,2275,2275,2275,2275,860
2011-01-11,2275,2275,2275,2275,220
2011-01-12,2275,2275,2275,2275,80
2011-01-14,2300,2300,2300,2300,200
2011-01-19,2350,2350,2350,2350,740
2011-01-20,2350,2350,2350,2350,700
2011-01-21,2350,2350,2350,2350,40
2011-01-24,2400,2400,2400,2400,1120
2011-01-25,2500,2500,2500,2500,300
2011-01-26,2400,2400,2400,2400,1080
2011-01-27,2400,2400,2400,2400,4000
2011-01-28,2400,2400,2400,2400,40
2011-01-31,2400,2400,2400,2400,780
2011-02-02,2400,2400,2400,2400,720
2011-02-04,2400,2400,2400,2400,1260
2011-02-07,2400,2400,2400,2400,3240
2011-02-08,2400,2400,2400,2400,520
2011-02-10,2450,2450,2450,2450,9440
2011-02-11,2450,2450,2450,2450,760
2011-03-01,2450,2450,2450,2450,1940
2011-03-02,2450,2450,2450,2450,440
2011-03-04,2450,2450,2450,2450,240
2011-03-07,2410,2410,2410,2410,2040
2011-03-09,2410,2410,2410,2410,280
2011-03-10,2400,2400,2400,2400,200
2011-03-14,2325,2325,2325,2325,1000
2011-03-15,2350,2350,2350,2350,23720
2011-03-17,2350,2350,2350,2350,240
2011-03-18,2350,2350,2350,2350,500
2011-03-21,2375,2375,2375,2375,200
2011-03-24,2375,2375,2375,2375,340
2011-03-25,2375,2375,2375,2375,500
2011-03-29,2370,2370,2370,2370,1800
2011-03-30,2375,2375,2375,2375,200
2011-04-04,2350,2350,2350,2350,540
2011-04-08,2350,2350,2350,2350,120
2011-04-12,2350,2350,2350,2350,1500
2011-04-13,2350,2350,2350,2350,460
2011-04-18,2350,2350,2350,2350,40
2011-04-21,2350,2350,2350,2350,200
2011-04-22,2350,2350,2350,2350,840
2011-04-27,2350,2350,2350,2350,480
2011-05-03,2350,2350,2350,2350,620
2011-05-04,2350,2350,2350,2350,5300
2011-05-05,2350,2350,2350,2350,1000
2011-05-06,2375,2375,2375,2375,100
2011-05-10,2350,2350,2350,2350,460
2011-05-12,2350,2350,2350,2350,40
2011-05-16,2350,2350,2350,2350,440
2011-05-17,2350,2350,2350,2350,400
2011-05-19,2350,2350,2350,2350,80
2011-05-20,2350,2350,2350,2350,460
2011-05-24,2350,2350,2350,2350,460
2011-05-25,2350,2350,2350,2350,300
2011-05-27,2350,2350,2350,2350,440
2011-05-30,2350,2350,2350,2350,200
2011-05-31,2350,2350,2350,2350,1000
2011-06-03,2325,2325,2325,2325,200
2011-06-09,2350,2350,2350,2350,420
2011-06-10,2350,2350,2350,2350,600
2011-06-15,2350,2350,2350,2350,1320
2011-06-20,2350,2350,2350,2350,320
2011-06-21,2350,2350,2350,2350,1000
2011-06-22,2349,2349,2349,2349,200
2011-06-28,2300,2300,2300,2300,1000
2011-06-29,2300,2300,2300,2300,60
2011-06-30,2300,2300,2300,2300,880
2011-07-01,2300,2300,2300,2300,120
2011-07-06,2300,2300,2300,2300,200
2011-07-19,2275,2275,2275,2275,200
2011-07-20,2275,2275,2275,2275,1400
2011-07-26,2275,2275,2275,2275,200
2011-08-01,2275,2275,2275,2275,20
2011-08-02,2275,2275,2275,2275,40780
2011-08-03,2275,2275,2275,2275,10060
2011-08-05,2275,2275,2275,2275,10720
2011-08-09,2275,2275,2275,2275,260
2011-08-10,2274,2274,2274,2274,1280
2011-08-11,2274,2274,2274,2274,1000
2011-08-12,2274,2274,2274,2274,720
2011-08-16,2274,2274,2274,2274,1020
2011-08-18,2274,2274,2274,2274,840
2011-08-29,2274,2274,2274,2274,1040
2011-09-02,2274,2274,2274,2274,140
2011-09-06,2274,2274,2274,2274,1000
2011-09-15,2250,2250,2250,2250,640
2011-09-22,2250,2250,2250,2250,20
2011-09-26,2250,2250,2250,2250,200
2011-09-28,2250,2250,2250,2250,260
2011-10-05,2250,2250,2250,2250,840
2011-10-10,2250,2250,2250,2250,400
2011-10-27,2225,2225,2225,2225,1180
2011-11-02,2225,2225,2225,2225,2040
2011-11-24,2220,2220,2220,2220,34000
2011-11-28,2095,2095,2095,2095,260
2011-11-30,2098,2098,2098,2098,380
2011-12-12,2000,2000,2000,2000,260
2011-12-13,2095,2095,2095,2095,1460
2011-12-22,2095,2095,2095,2095,1000
2011-12-27,2095,2095,2095,2095,280
2011-12-28,2095,2095,2095,2095,1180
2011-12-29,2200,2200,2200,2200,24000
2012-01-03,2200,2200,2200,2200,21500
2012-01-11,2170,2170,2170,2170,500
2012-01-12,2170,2170,2170,2170,400
2012-01-17,2150,2150,2150,2150,360
2012-01-19,2100,2100,2100,2100,200
2012-01-20,2090,2090,2090,2090,6200
2012-01-27,2050,2050,2050,2050,160
2012-01-30,2060,2060,2060,2060,320
2012-01-31,2050,2050,2050,2050,360
2012-02-01,2050,2050,2050,2050,380
2012-02-02,2050,2050,2050,2050,2440
2012-02-10,2050,2050,2050,2050,7680
2012-02-14,2050,2050,2050,2050,1680
2012-02-20,2050,2050,2050,2050,500
2012-02-21,2050,2050,2050,2050,40
2012-02-22,2050,2050,2050,2050,8000
2012-02-27,2050,2050,2050,2050,40
2012-02-28,2000,2000,2000,2000,320
2012-02-29,2000,2000,2000,2000,120
2012-03-05,2000,2000,2000,2000,10500
2012-03-26,2000,2000,2000,2000,2060
2012-04-17,2000,2000,2000,2000,5400
2012-04-24,1900,1900,1900,1900,4000
2012-04-26,1900,1900,1900,1900,1360
2012-04-27,1925,1925,1925,1925,600
2012-05-03,1900,1900,1900,1900,600
2012-05-07,1900,1900,1900,1900,1000
2012-05-09,1900,1900,1900,1900,3220
2012-05-10,1900,1900,1900,1900,1260
2012-05-16,1900,1900,1900,1900,480
2012-05-18,1900,1900,1900,1900,360
2012-05-21,1900,1900,1900,1900,300
2012-05-22,1900,1900,1900,1900,1060
2012-05-25,1920,1920,1920,1920,620
2012-05-29,2000,2000,2000,2000,200
2012-05-30,2005,2005,2005,2005,5780
2012-06-01,2000,2000,2000,2000,2000
2012-06-08,1950,1950,1950,1950,400
2012-06-11,1860,1860,1860,1860,2000
2012-06-12,1860,1860,1860,1860,880
2012-06-13,1900,1900,1900,1900,880
2012-06-14,1925,1925,1925,1925,1000
2012-06-18,1905,1905,1905,1905,1680
2012-06-19,1905,1905,1905,1905,420
2012-06-20,1905,1905,1905,1905,10000
2012-06-21,1905,1905,1905,1905,220
2012-06-26,1905,1905,1905,1905,2000
2012-06-27,1905,1905,1905,1905,2000
2012-06-28,2000,2000,2000,2000,7640
2012-07-03,2000,2000,2000,2000,860
2012-07-04,2000,2000,2000,2000,160
2012-07-10,1950,1950,1950,1950,1000
2012-07-13,1950,1950,1950,1950,3180
2012-07-16,1950,1950,1950,1950,6820
2012-07-17,1925,1925,1925,1925,2000
2012-07-18,1950,1950,1950,1950,10040
2012-07-23,1950,1950,1950,1950,500
2012-07-24,1950,1950,1950,1950,12740
2012-07-25,2000,2000,2000,2000,10240
2012-07-26,2000,2000,2000,2000,10500
2012-07-27,2015,2015,2015,2015,1460
2012-07-30,2100,2100,2100,2100,3260
2012-07-31,2102,2102,2102,2102,5260
2012-08-01,2150,2150,2150,2150,3280
2012-08-02,2250,2250,2250,2250,7640
2012-08-03,2250,2250,2250,2250,3800
2012-08-08,2250,2250,2250,2250,3180
2012-08-09,2250,2250,2250,2250,10640
2012-08-10,2250,2250,2250,2250,120
2012-08-13,2105,2105,2105,2105,1580
2012-08-14,2250,2250,2250,2250,1100
2012-08-16,2255,2255,2255,2255,4600
2012-08-17,2250,2250,2250,2250,4260
2012-08-21,2250,2250,2250,2250,1000
2012-08-22,2250,2250,2250,2250,3000
2012-08-23,2250,2250,2250,2250,900
2012-08-24,2250,2250,2250,2250,2000
2012-08-28,2250,2250,2250,2250,800
2012-08-29,2250,2250,2250,2250,200
2012-08-31,2250,2250,2250,2250,1000
2012-09-04,2250,2250,2250,2250,5660
2012-09-05,2200,2200,2200,2200,2480
2012-09-06,2250,2250,2250,2250,2000
2012-09-07,2250,2250,2250,2250,2660
2012-09-10,2200,2200,2200,2200,660
2012-09-11,2100,2100,2100,2100,220
2012-09-12,2100,2100,2100,2100,140
2012-09-13,2150,2150,2150,2150,600
2012-09-14,2150,2150,2150,2150,300
2012-09-17,2150,2150,2150,2150,840
2012-09-19,2150,2150,2150,2150,260
2012-09-20,2200,2200,2200,2200,620
2012-09-21,2250,2250,2250,2250,1000
2012-09-25,2250,2250,2250,2250,8780
2012-09-26,2250,2250,2250,2250,960
2012-09-28,2300,2300,2300,2300,8480
2012-10-01,2300,2300,2300,2300,580
2012-10-02,2300,2300,2300,2300,2400
2012-10-03,2300,2300,2300,2300,300
2012-10-08,2300,2300,2300,2300,700
2012-10-09,2250,2250,2250,2250,9540
2012-10-10,2250,2250,2250,2250,2200
2012-10-11,2250,2250,2250,2250,380
2012-10-12,2300,2300,2300,2300,5880
2012-10-15,2300,2300,2300,2300,460
2012-10-16,2300,2300,2300,2300,11880
2012-10-17,2300,2300,2300,2300,2000
2012-10-19,2300,2300,2300,2300,540
2012-10-23,2200,2200,2200,2200,220
2012-10-24,2200,2200,2200,2200,80
2012-10-29,2300,2300,2300,2300,4000
2012-10-30,2300,2300,2300,2300,5780
2012-10-31,2250,2250,2250,2250,2300
2012-11-02,2300,2300,2300,2300,16100
2012-11-05,2300,2300,2300,2300,5200
2012-11-06,2201,2201,2201,2201,2600
2012-11-07,2300,2300,2300,2300,3040
2012-11-08,2300,2300,2300,2300,5500
2012-11-09,2300,2300,2300,2300,4120
2012-11-12,2300,2300,2300,2300,7000
2012-11-13,2300,2300,2300,2300,10200
2012-11-16,2300,2300,2300,2300,200
2012-11-19,2300,2300,2300,2300,8020
2012-11-21,2300,2300,2300,2300,80
2012-11-27,2300,2300,2300,2300,260
2012-11-29,2250,2250,2250,2250,2000
2012-11-30,2250,2250,2250,2250,240
2012-12-05,2250,2250,2250,2250,1400
2012-12-06,2250,2250,2250,2250,36700
2012-12-07,2250,2250,2250,2250,800
2012-12-10,2250,2250,2250,2250,3060
2012-12-12,2250,2250,2250,2250,160
2012-12-13,2250,2250,2250,2250,280
2012-12-14,2250,2250,2250,2250,320
2012-12-17,2250,2250,2250,2250,2440
2012-12-18,2250,2250,2250,2250,3720
2012-12-24,2250,2250,2250,2250,5540
2012-12-26,2350,2350,2350,2350,1620
2012-12-31,2250,2250,2250,2250,340
2013-01-04,2275,2275,2275,2275,8460
2013-01-07,2275,2275,2275,2275,400
2013-01-08,2275,2275,2275,2275,1280
2013-01-09,2275,2275,2275,2275,600
2013-01-10,2275,2275,2275,2275,100
2013-01-14,2275,2275,2275,2275,600
2013-01-15,2275,2275,2275,2275,400
2013-01-16,2250,2250,2250,2250,6220
2013-01-17,2250,2250,2250,2250,60
2013-01-21,2250,2250,2250,2250,1840
2013-01-22,2250,2250,2250,2250,360
2013-01-25,2250,2250,2250,2250,20
2013-01-28,2250,2250,2250,2250,500
2013-01-30,2200,2200,2200,2200,22260
2013-02-05,2250,2250,2250,2250,15080
2013-02-08,2200,2200,2200,2200,1740
2013-02-12,2200,2200,2200,2200,40
2013-02-13,2250,2250,2250,2250,10000
2013-02-14,2200,2200,2200,2200,800
2013-02-15,2200,2200,2200,2200,1920
2013-02-20,2125,2125,2125,2125,1640
2013-02-21,2125,2125,2125,2125,6140
2013-02-26,2125,2125,2125,2125,1100
2013-02-27,2200,2200,2200,2200,200
2013-03-01,2200,2200,2200,2200,880
2013-03-05,2200,2200,2200,2200,1000
2013-03-07,2200,2200,2200,2200,5400
2013-03-11,2150,2150,2150,2150,200
2013-03-13,2150,2150,2150,2150,200
2013-03-14,2200,2200,2200,2200,3820
2013-03-20,2200,2200,2200,2200,4000
2013-03-21,2200,2200,2200,2200,4000
2013-03-22,2200,2200,2200,2200,3200
2013-03-25,2200,2200,2200,2200,4040
2013-03-26,2200,2200,2200,2200,10020
2013-03-27,2200,2200,2200,2200,140
2013-03-29,2300,2300,2300,2300,23340
2013-04-02,2473,2473,2473,2473,640
2013-04-03,2658,2658,2658,2658,980
2013-04-04,2857,2857,2857,2857,9440
2013-04-05,2750,2750,2750,2750,2360
2013-04-09,2650,2650,2650,2650,1900
2013-04-10,2650,2650,2650,2650,2240
2013-04-11,2650,2650,2650,2650,720
2013-04-12,2650,2650,2650,2650,1400
2013-04-15,2650,2650,2650,2650,320
2013-04-17,2500,2500,2500,2500,1080
2013-04-18,2500,2500,2500,2500,4740
2013-04-19,2313,2313,2313,2313,31160
2013-04-22,2350,2350,2350,2350,1360
2013-04-23,2500,2500,2500,2500,9040
2013-04-24,2500,2500,2500,2500,2300
2013-04-25,2500,2500,2500,2500,3600
2013-04-26,2500,2500,2500,2500,360
2013-04-29,2550,2550,2550,2550,400
2013-04-30,2550,2550,2550,2550,3100
2013-05-02,2550,2550,2550,2550,12920
2013-05-03,2550,2550,2550,2550,15080
2013-05-06,2550,2550,2550,2550,11020
2013-05-07,2550,2550,2550,2550,6520
2013-05-08,2550,2550,2550,2550,260
2013-05-10,2545,2545,2545,2545,240
2013-05-13,2545,2545,2545,2545,5260
2013-05-15,2550,2550,2550,2550,11600
2013-05-16,2550,2550,2550,2550,18700
2013-05-17,2550,2550,2550,2550,5540
2013-05-21,2545,2545,2545,2545,1840
2013-05-22,2500,2500,2500,2500,6300
2013-05-23,2400,2400,2400,2400,226000
2013-05-24,2400,2400,2400,2400,94680
2013-05-27,2400,2400,2400,2400,66100
2013-05-28,2430,2430,2430,2430,18400
2013-05-29,2400,2400,2400,2400,50900
2013-05-30,2500,2500,2500,2500,3060
2013-05-31,2500,2500,2500,2500,15440
2013-06-03,2688,2688,2688,2688,110460
2013-06-04,2486,2486,2486,2486,178440
2013-06-05,2672,2672,2672,2672,31220
2013-06-06,2873,2873,2873,2873,12960
2013-06-07,3088,3088,3088,3088,63920
2013-06-10,3087,3087,3087,3087,20140
2013-06-11,3100,3100,3100,3100,37480
2013-06-12,2868,2868,2868,2868,31200
2013-06-13,2850,2850,2850,2850,8160
2013-06-14,2850,2850,2850,2850,4700
2013-06-17,2636,2636,2636,2636,25100
2013-06-18,2750,2750,2750,2750,9220
2013-06-19,2650,2650,2650,2650,50580
2013-06-20,2849,2849,2849,2849,4880
2013-06-21,2850,2850,2850,2850,6080
2013-06-24,2650,2650,2650,2650,6620
2013-06-25,2845,2845,2845,2845,620
2013-06-26,3058,3058,3058,3058,23900
2013-06-27,2995,2995,2995,2995,14560
2013-06-28,2600,2600,2600,2600,4940
2013-07-01,2450,2450,2450,2450,9880
2013-07-02,2600,2600,2600,2600,1740
2013-07-03,2600,2600,2600,2600,1880
2013-07-04,2500,2500,2500,2500,4000
2013-07-05,2450,2450,2450,2450,16480
2013-07-08,2600,2600,2600,2600,13820
2013-07-09,2600,2600,2600,2600,4420
2013-07-10,2500,2500,2500,2500,22440
2013-07-11,2450,2450,2450,2450,46300
2013-07-12,2500,2500,2500,2500,32700
2013-07-15,2650,2650,2650,2650,20560
2013-07-16,2650,2650,2650,2650,3640
2013-07-17,2500,2500,2500,2500,14660
2013-07-18,2550,2550,2550,2550,1820
2013-07-19,2500,2500,2500,2500,32560
2013-07-22,2500,2500,2500,2500,8440
2013-07-23,2455,2455,2455,2455,42060
2013-07-24,2450,2450,2450,2450,24200
2013-07-25,2505,2505,2505,2505,30260
2013-07-26,2600,2600,2600,2600,7300
2013-07-29,2650,2650,2650,2650,9220
2013-07-30,2700,2700,2700,2700,13360
2013-07-31,2700,2700,2700,2700,7360
2013-08-01,2750,2750,2750,2750,3940
2013-08-02,2700,2700,2700,2700,8300
2013-08-05,2750,2750,2750,2750,6140
2013-08-06,2700,2700,2700,2700,13960
2013-08-09,2750,2750,2750,2750,5940
2013-08-12,2755,2755,2755,2755,5620
2013-08-13,2900,2900,2900,2900,4780
2013-08-14,2900,2900,2900,2900,9380
2013-08-16,2950,2950,2950,2950,2340
2013-08-19,2950,2950,2950,2950,1920
2013-08-20,3000,3000,3000,3000,10100
2013-08-21,3050,3050,3050,3050,10900
2013-08-22,3279,3279,3279,3279,30960
2013-08-23,3450,3450,3450,3450,37500
2013-08-26,3250,3250,3250,3250,18240
2013-08-27,3100,3100,3100,3100,14340
2013-08-28,2868,2868,2868,2868,18920
2013-08-29,3000,3000,3000,3000,3080
2013-08-30,2950,2950,2950,2950,6440
2013-09-02,2950,2950,2950,2950,4560
2013-09-03,2950,2950,2950,2950,3840
2013-09-04,2949,2949,2949,2949,14460
2013-09-05,2950,2950,2950,2950,11780
2013-09-06,2900,2900,2900,2900,3640
2013-09-09,2950,2950,2950,2950,2960
2013-09-10,2900,2900,2900,2900,11820
2013-09-11,2895,2895,2895,2895,4960
2013-09-12,2875,2875,2875,2875,25920
2013-09-13,2895,2895,2895,2895,16800
2013-09-16,2875,2900,2868,2900,7580
2013-09-17,2900,2900,2850,2875,2300
2013-09-18,2900,2925,2850,2925,2120
2013-09-19,2900,2900,2900,2900,12480
2013-09-20,2900,2900,2875,2875,4880
2013-09-23,2900,2900,2740,2741,271720
2013-09-24,2800,2875,2800,2850,9380
2013-09-25,2875,2875,2750,2750,1080
2013-09-26,2868,2868,2750,2850,36500
2013-09-27,2750,2775,2750,2775,14660
2013-09-30,2850,2850,2750,2750,52240
2013-10-01,2775,2775,2745,2750,36420
2013-10-02,2800,2850,2750,2850,13740
2013-10-03,2825,2825,2775,2825,3620
2013-10-04,2775,2850,2750,2755,34080
2013-10-07,2775,2875,2775,2800,47040
2013-10-08,2780,2800,2750,2800,25900
2013-10-09,2725,2800,2725,2785,9800
2013-10-10,2800,2800,2750,2755,29020
2013-10-11,2760,2800,2750,2750,21760
2013-10-14,2875,2875,2800,2875,780
2013-10-16,2850,2875,2850,2875,780
2013-10-17,2805,2950,2805,2950,13520
2013-10-18,2950,3005,2950,2950,15380
2013-10-21,3050,3111,3000,3111,39800
2013-10-22,3095,3095,2955,2955,5640
2013-10-23,3177,3177,3000,3000,28800
2013-10-24,3150,3225,3050,3200,13460
2013-10-25,3425,3425,3200,3300,47660
2013-10-28,3400,3438,3150,3150,33900
2013-10-29,3175,3350,3175,3200,119380
2013-10-30,3400,3440,3250,3250,64180
2013-10-31,3300,3325,3250,3250,218700
2013-11-04,3438,3438,3275,3275,22320
2013-11-05,3425,3425,3350,3350,3880
2013-11-06,3422,3422,3350,3350,13420
2013-11-07,3400,3400,3350,3350,19480
2013-11-08,3400,3400,3350,3350,13200
2013-11-11,3400,3400,3300,3350,45760
2013-11-12,3350,3375,3300,3300,86900
2013-11-13,3350,3350,3275,3300,29880
2013-11-14,3288,3350,3250,3295,22700
2013-11-18,3275,3300,3250,3275,37440
2013-11-19,3300,3300,3200,3245,46240
2013-11-20,3250,3250,3225,3225,57840
2013-11-21,3210,3223,3100,3223,92500
2013-11-22,3223,3223,3101,3223,60320
2013-11-25,3200,3390,3150,3200,44700
2013-11-26,3250,3250,3150,3150,88240
2013-11-27,3250,3300,3150,3195,23340
2013-11-28,3200,3200,3150,3150,13660
2013-11-29,3150,3250,3150,3200,6500
2013-12-02,3250,3250,3150,3150,14862
2013-12-03,3200,3200,3000,3148,15124
2013-12-04,3100,3150,3003,3100,10680
2013-12-05,3150,3200,3100,3100,13548
2013-12-06,3150,3150,3025,3143,9212
2013-12-09,3100,3125,3000,3050,42618
2013-12-10,3050,3100,3000,3050,24296
2013-12-11,3050,3095,3050,3095,3634
2013-12-12,3053,3093,3000,3025,27544
2013-12-13,3075,3075,3025,3048,3624
2013-12-16,3050,3050,3000,3050,19074
2013-12-17,3050,3050,3048,3048,39820
2013-12-18,3075,3075,3005,3008,22994
2013-12-19,3050,3050,3025,3025,44180
2013-12-20,3025,3050,3025,3048,13620
2013-12-23,3050,3050,3035,3048,23116
2013-12-24,3050,3050,3048,3050,12304
2013-12-26,3048,3050,3035,3050,21588
2013-12-27,3050,3050,3030,3050,12006
2013-12-30,3050,3050,3025,3025,44434
2013-12-31,3025,3053,3025,3050,19724
2014-01-02,3050,3250,3050,3050,9348
2014-01-03,3050,3050,3050,3050,7696
2014-01-06,3100,3100,2990,3048,11442
2014-01-07,3050,3100,3048,3050,7042
2014-01-08,3050,3075,3050,3050,1906
2014-01-09,3050,3050,3025,3050,12694
2014-01-10,3050,3198,3050,3050,17410
2014-01-14,3053,3100,3050,3053,7400
2014-01-15,3100,3100,3050,3053,23320
2014-01-16,3075,3100,3050,3100,6304
2014-01-17,3100,3100,3050,3098,5978
2014-01-20,3175,3175,3098,3098,14420
2014-01-21,3095,3095,3085,3090,8430
2014-01-22,3093,3095,3090,3093,8640
2014-01-23,3095,3100,3095,3100,11790
2014-01-24,3150,3150,3098,3100,19686
2014-01-27,3125,3125,3090,3100,12484
2014-01-28,3100,3100,3050,3100,3664
2014-01-29,3103,3103,3100,3100,13706
2014-01-30,3100,3100,3095,3100,11466
2014-01-31,3125,3125,3100,3100,20218
2014-02-03,3150,3150,3098,3100,50636
2014-02-04,3123,3123,3050,3100,23864
2014-02-05,3100,3100,3088,3098,8040
2014-02-06,3100,3100,3100,3100,13956
2014-02-07,3098,3148,3098,3100,14202
2014-02-10,3150,3150,3088,3100,18082
2014-02-11,3333,3333,3105,3125,356660
2014-02-12,3175,3175,3125,3125,30506
2014-02-13,3150,3150,3125,3125,37670
2014-02-14,3348,3348,3125,3200,58656
2014-02-17,3345,3345,3200,3235,11004
2014-02-18,3255,3255,3200,3250,17516
2014-02-19,3248,3250,3248,3250,20108
2014-02-20,3250,3250,3225,3250,17792
2014-02-21,3250,3250,3225,3250,5756
2014-02-24,3253,3300,3200,3225,27158
2014-02-25,3358,3448,3225,3225,15208
2014-02-26,3250,3250,3155,3220,11498
2014-02-27,3250,3250,3175,3200,42910
2014-02-28,3225,3245,3175,3225,8400
2014-03-03,3225,3225,3200,3223,10084
2014-03-04,3225,3225,3175,3175,31918
2014-03-05,3223,3250,3175,3200,87346
2014-03-06,3175,3223,3173,3173,58928
2014-03-07,3200,3250,3163,3173,15394
2014-03-10,3225,3225,3150,3173,50066
2014-03-11,3175,3188,3150,3175,16586
2014-03-12,3175,3200,3170,3173,13072
2014-03-13,3170,3173,3165,3165,16570
2014-03-14,3175,3188,3150,3160,37142
2014-03-17,3163,3200,3128,3175,46262
2014-03-18,3163,3300,3150,3150,16528
2014-03-19,3175,3200,3150,3200,36610
2014-03-20,3200,3200,3150,3175,11122
2014-03-21,3225,3250,3175,3175,6070
2014-03-24,3200,3200,3178,3198,3852
2014-03-25,3200,3200,3198,3200,3906
2014-03-26,3200,3200,3198,3198,32038
2014-03-27,3198,3200,3198,3200,55834
2014-03-28,3200,3250,3200,3200,59902
2014-03-31,3440,3440,3403,3440,136636
2014-04-01,3698,3698,3698,3698,24762
2014-04-02,3973,3973,3973,3973,1466
2014-04-03,4270,4270,4270,4270,30068
2014-04-04,4590,4590,4590,4590,98384
2014-04-07,4933,4933,4248,4490,82102
2014-04-08,4250,4250,4155,4155,15184
2014-04-09,3850,4445,3850,4150,33676
2014-04-10,4253,4425,4000,4248,78758
2014-04-11,4390,4390,4250,4250,8290
2014-04-14,4245,4250,3933,4150,15480
2014-04-15,4248,4248,4005,4173,16440
2014-04-16,4003,4248,4003,4223,18284
2014-04-17,4223,4223,4100,4125,34984
2014-04-18,4150,4200,4125,4200,9626
2014-04-22,4200,4225,4153,4200,16300
2014-04-23,4245,4250,4203,4250,17576
2014-04-24,4245,4400,4203,4400,28446
2014-04-25,4398,4730,4398,4730,36768
2014-04-28,4800,4823,4500,4690,62846
2014-04-29,4340,4340,4340,4340,13532
2014-04-30,4050,4200,4030,4100,16812
2014-05-02,4100,4175,4100,4100,9818
2014-05-05,4133,4160,4100,4150,15540
2014-05-06,4150,4150,4068,4100,5758
2014-05-07,4100,4150,4068,4125,5522
2014-05-08,4100,4125,4100,4125,10936
2014-05-09,4125,4160,4100,4128,12328
2014-05-12,4125,4400,4100,4225,54354
2014-05-13,4225,4275,4153,4275,33460
2014-05-14,4250,4300,4230,4298,29182
2014-05-15,4298,4475,4250,4300,82886
2014-05-16,4300,4400,4298,4300,25138
2014-05-19,4300,4445,4250,4350,57642
2014-05-20,4330,4425,4330,4350,46484
2014-05-21,4400,4500,4350,4350,71886
2014-05-22,4300,4350,4298,4300,29832
2014-05-23,4300,4350,4250,4298,15558
2014-05-26,4300,4300,4175,4225,37988
2014-05-27,4200,4200,4150,4173,74014
2014-05-28,3748,3748,3500,3700,6684
2014-05-30,3660,3975,3600,3650,27784
2014-06-02,3750,3900,3658,3900,4664
2014-06-03,3910,3950,3825,3903,4762
2014-06-04,3903,3903,3800,3800,17188
2014-06-05,3895,3950,3893,3903,41376
2014-06-06,3948,4175,3905,4100,38852
2014-06-10,4090,4090,3900,3900,8718
2014-06-11,4000,4000,3903,3925,2150
2014-06-12,4000,4000,3808,3900,69032
2014-06-13,3900,3900,3750,3800,37692
2014-06-16,3925,3925,3825,3900,4602
2014-06-17,3950,3950,3800,3800,4868
2014-06-18,3800,3800,3750,3750,9586
2014-06-19,3850,3850,3748,3748,3802
2014-06-20,3750,3750,3700,3728,7226
2014-06-23,3748,3750,3653,3700,11200
2014-06-24,3700,3700,3660,3665,3694
2014-06-25,3693,3693,3663,3675,5142
2014-06-26,3700,3700,3675,3675,13082
2014-06-27,3675,3700,3650,3675,20596
2014-06-30,3700,3700,3663,3663,6086
2014-07-01,3700,3700,3603,3675,12308
2014-07-02,3750,3750,3650,3650,11526
2014-07-03,3743,3743,3625,3650,8344
2014-07-04,3700,3700,3625,3628,11196
2014-07-07,3603,3700,3603,3643,17444
2014-07-08,3628,3650,3625,3650,13964
2014-07-09,3630,3675,3630,3650,12874
2014-07-10,3700,3725,3650,3650,14184
2014-07-11,3653,3680,3650,3675,40862
2014-07-14,3675,3675,3650,3650,35562
2014-07-15,3650,3650,3608,3608,3666
2014-07-16,3650,3650,3600,3600,15022
2014-07-17,3650,3650,3503,3550,19284
2014-07-18,3550,3573,3550,3550,14550
2014-07-21,3575,3620,3555,3575,17158
2014-07-22,3600,3600,3575,3575,12556
2014-07-23,3645,3645,3550,3550,10100
2014-07-25,3550,3550,3285,3290,21006
2014-07-29,3348,3348,3150,3150,15676
2014-07-30,3300,3300,3250,3250,12754
2014-07-31,3323,3323,3200,3225,7860
2014-08-01,3225,3250,3200,3200,7418
2014-08-04,3228,3250,3175,3198,10414
2014-08-05,3198,3350,3198,3300,2154
2014-08-06,3300,3350,3205,3248,15630
2014-08-08,3300,3450,3298,3350,14554
2014-08-11,3400,3465,3400,3400,18880
2014-08-12,3465,3465,3400,3425,14434
2014-08-13,3450,3450,3353,3425,11216
2014-08-14,3455,3455,3355,3355,7442
2014-08-18,3423,3500,3420,3500,2744
2014-08-19,3550,3550,3450,3500,3878
2014-08-20,3500,3550,3500,3500,17272
2014-08-21,3545,3545,3450,3473,13036
2014-08-22,3458,3458,3400,3400,3128
2014-08-25,3450,3475,3373,3373,4018
2014-08-26,3400,3625,3380,3623,6278
2014-08-27,3600,3600,3475,3498,1412
2014-08-28,3500,3500,3450,3450,1268
2014-08-29,3498,3500,3495,3500,6716
2014-09-01,3498,3500,3428,3500,3264
2014-09-02,3453,3503,3453,3500,10984
2014-09-03,3548,3548,3468,3500,1548
2014-09-04,3548,3598,3500,3598,5810
2014-09-05,3598,3600,3500,3550,13564
2014-09-08,3598,3600,3550,3600,17500
2014-09-09,3600,3600,3558,3600,2270
2014-09-10,3600,3600,3583,3598,3930
2014-09-11,3598,3700,3575,3600,22530
2014-09-12,3600,3675,3600,3600,7196
2014-09-15,3650,3750,3603,3748,5080
2014-09-16,3728,3728,3600,3700,26676
2014-09-17,3675,3700,3625,3700,4304
2014-09-18,3700,3700,3600,3600,4742
2014-09-19,3625,3648,3450,3500,32052
2014-09-22,3598,3598,3450,3500,14106
2014-09-23,3525,3525,3475,3475,5746
2014-09-24,3475,3500,3463,3498,6134
2014-09-25,3525,3525,3475,3475,4138
2014-09-26,3500,3500,3475,3478,11826
2014-09-29,3478,3520,3450,3450,4676
2014-09-30,3498,3500,3403,3448,5378
2014-10-01,3498,3498,3400,3400,16912
2014-10-02,3450,3450,3350,3350,5212
2014-10-03,3400,3425,3350,3350,3232
2014-10-06,3400,3400,3300,3300,13838
2014-10-07,3398,3398,3328,3350,1718
2014-10-08,3350,3350,3298,3298,14578
2014-10-09,3350,3350,3250,3253,1494
2014-10-10,3300,3325,3250,3253,1700
2014-10-13,3255,3323,3255,3323,4450
2014-10-14,3398,3398,3300,3325,8526
2014-10-15,3350,3350,3300,3340,4638
2014-10-16,3350,3350,3298,3300,850
2014-10-17,3350,3350,3300,3305,3528
2014-10-20,3338,3338,3275,3275,6288
2014-10-21,3300,3300,3255,3300,1198
2014-10-22,3330,3330,3213,3213,11170
2014-10-23,3213,3213,3000,3000,5700
2014-10-24,3000,3000,2950,3000,6138
2014-10-27,2828,2950,2828,2950,5498
2014-10-28,3000,3008,2950,2950,4538
2014-10-29,3000,3000,2950,2950,10852
2014-10-30,3000,3050,3000,3000,1570
2014-10-31,3000,3005,2950,3005,1270
2014-11-03,3005,3198,2953,3000,12466
2014-11-04,3025,3025,2950,3000,8012
2014-11-05,3000,3000,2998,3000,27770
2014-11-06,3000,3050,2995,3000,77300
2014-11-07,3000,3000,2950,2950,22952
2014-11-10,3050,3050,2950,2950,3798
2014-11-11,2925,2925,2900,2900,3480
2014-11-12,2920,2925,2900,2900,5908
2014-11-13,2903,2925,2883,2925,5526
2014-11-14,2950,2950,2900,2900,10204
2014-11-17,2900,2950,2850,2900,108428
2014-11-18,2950,2950,2890,2900,15004
2014-11-19,2945,2945,2898,2900,26618
2014-11-20,2900,2903,2898,2900,20748
2014-11-21,2900,2925,2898,2925,3448
2014-11-24,2928,2950,2925,2925,5904
2014-11-25,2925,2950,2925,2950,21372
2014-11-26,2950,2950,2945,2950,3786
2014-11-27,2975,3000,2975,3000,2768
2014-11-28,3050,3053,3050,3050,2090
2014-12-01,3050,3100,3003,3050,6722
2014-12-02,3125,3125,3050,3098,3380
2014-12-03,3098,3125,3098,3098,2838
2014-12-04,3098,3125,3098,3098,2328
2014-12-05,3103,3328,3098,3300,2824
2014-12-08,3300,3300,3250,3298,2132
2014-12-09,3300,3300,3155,3200,1384
2014-12-10,3250,3250,3150,3150,6002
2014-12-11,3150,3248,3150,3248,1148
2014-12-12,3155,3250,3155,3250,14982
2014-12-15,3250,3250,3175,3250,6336
2014-12-16,3298,3300,3175,3225,18284
2014-12-17,3248,3248,3175,3175,4506
2014-12-18,3275,3275,3225,3250,12800
2014-12-19,3203,3250,3175,3250,22304
2014-12-22,3248,3493,3178,3200,7030
2014-12-23,3220,3250,3200,3200,36788
2014-12-24,3250,3398,3200,3350,15334
2014-12-26,3373,3390,3200,3390,25166
2014-12-29,3393,3400,3250,3400,32684
2014-12-30,3350,3595,3348,3550,19232
2014-12-31,3525,3700,3500,3700,26982
2015-01-02,3750,3750,3500,3500,2670
2015-01-05,3700,3700,3500,3600,700
2015-01-06,3600,3600,3500,3525,2354
2015-01-07,3523,3523,3475,3500,12076
2015-01-08,3500,3550,3450,3500,3260
2015-01-09,3500,3500,3425,3425,4506
2015-01-12,3488,3500,3425,3498,1466
2015-01-13,3490,3490,3400,3400,7724
2015-01-14,3400,3400,3348,3348,1530
2015-01-15,3350,3350,3300,3350,2440
2015-01-16,3400,3500,3350,3500,14960
2015-01-19,3498,3500,3498,3498,5916
2015-01-20,3475,3500,3475,3498,16182
2015-01-21,3495,3498,3428,3475,1542
2015-01-22,3475,3475,3425,3450,3566
2015-01-23,3400,3450,3383,3425,12852
2015-01-26,3473,3473,3385,3425,6376
2015-01-27,3448,3448,3400,3400,2940
2015-01-28,3448,3448,3398,3423,6126
2015-01-29,3400,3425,3400,3400,3402
2015-01-30,3400,3448,3398,3400,8388
2015-02-02,3400,3425,3400,3400,7906
2015-02-03,3400,3400,3380,3388,4290
2015-02-04,3400,3400,3388,3388,8656
2015-02-05,3388,3388,3380,3380,2526
2015-02-06,3388,3400,3388,3395,1574
2015-02-10,3395,3395,3363,3375,4112
2015-02-11,3395,3395,3350,3395,968
2015-02-12,3395,3398,3353,3398,6898
2015-02-13,3375,3375,3340,3340,3632
2015-02-16,3398,3398,3300,3375,3300
2015-02-17,3395,3425,3395,3400,33740
2015-02-18,3400,3500,3375,3405,46374
2015-02-19,3500,3600,3400,3600,17640
2015-02-20,3600,3600,3450,3500,7242
2015-02-23,3595,3595,3400,3405,6936
2015-02-24,3500,3500,3400,3405,7040
2015-02-25,3450,3550,3450,3500,6176
2015-02-26,3500,3750,3500,3750,14736
2015-02-27,3725,3725,3603,3603,2338
2015-03-02,3725,3750,3650,3750,7226
2015-03-03,3800,3900,3703,3845,1098
2015-03-04,3845,4025,3800,3950,18154
2015-03-05,3960,4098,3960,4050,30690
2015-03-06,4000,4100,3998,4050,32006
2015-03-09,4000,4000,3800,4000,3784
2015-03-10,3950,3950,3875,3950,2266
2015-03-11,3950,3998,3905,3925,5508
2015-03-12,3925,3998,3895,3903,3844
2015-03-13,3903,3903,3850,3900,3856
2015-03-16,3923,3923,3898,3898,9176
2015-03-17,3895,3945,3850,3850,10166
2015-03-18,3890,3890,3753,3753,10840
2015-03-19,3753,3875,3750,3750,13532
2015-03-20,3753,3800,3725,3748,28828
2015-03-23,3750,3750,3650,3650,15370
2015-03-24,3725,3725,3450,3500,24996
2015-03-25,3500,3550,3500,3550,31086
2015-03-26,3600,3815,3525,3815,63848
2015-03-27,3815,3950,3750,3950,25408
2015-03-30,4000,4000,3850,3950,21022
2015-03-31,4000,4000,3953,4000,4668
2015-04-01,3998,4000,3950,4000,13414
2015-04-02,3950,4000,3950,3955,4518
2015-04-03,3995,3995,3913,3995,2594
2015-04-07,3925,4000,3838,4000,22650
2015-04-08,4000,4100,3998,4000,18808
2015-04-09,3998,4000,3900,3900,2496
2015-04-10,3900,3900,3750,3808,4600
2015-04-13,3900,3970,3753,3970,3020
2015-04-14,3965,3973,3905,3905,3576
2015-04-15,3900,3995,3900,3950,52486
2015-04-16,3905,3950,3853,3853,4180
2015-04-17,4140,4140,3965,4138,84712
2015-04-20,4000,4150,4000,4100,6032
2015-04-21,4050,4050,3950,4000,1608
2015-04-22,4000,4000,4000,4000,3520
2015-04-23,4025,4050,4025,4048,7300
2015-04-24,4025,4050,3980,4000,17072
2015-04-27,4050,4200,4000,4163,20786
2015-04-28,4050,4100,3980,4100,3938
2015-04-29,4100,4100,4000,4050,5778
2015-04-30,4050,4050,4000,4000,8020
2015-05-04,4000,4000,3980,4000,6006
2015-05-05,4003,4050,4000,4005,3764
2015-05-06,4050,4150,4025,4148,8224
2015-05-07,4125,4125,4050,4125,5302
2015-05-08,4123,4148,4050,4148,6448
2015-05-11,4100,4125,4075,4100,21456
2015-05-12,4128,4128,4075,4110,2920
2015-05-13,4148,4150,4148,4150,4112
2015-05-15,4150,4150,4145,4145,2530
2015-05-18,4125,4163,4075,4150,32394
2015-05-19,4150,4200,4100,4150,29360
2015-05-20,4150,4350,4150,4300,77438
2015-05-21,4203,4253,4203,4253,1530
2015-05-22,4253,4255,4250,4250,4734
2015-05-26,4250,4298,4250,4295,3802
2015-05-27,4255,4425,4250,4400,49354
2015-05-28,4395,4400,4250,4250,112726
2015-05-29,4250,4400,4250,4350,9292
2015-06-01,4250,4250,4000,4100,42406
2015-06-02,4100,4400,4100,4400,33794
2015-06-03,4375,4400,4350,4350,7556
2015-06-04,4345,4395,4300,4300,8460
2015-06-05,4295,4295,4250,4275,2270
2015-06-08,4250,4250,4250,4250,2626
2015-06-09,4175,4223,4150,4198,11376
2015-06-10,4220,4275,4100,4200,32026
2015-06-11,4250,4250,4175,4195,2684
2015-06-12,4195,4195,4125,4150,26402
2015-06-15,4173,4200,4150,4175,19280
2015-06-16,4150,4445,4150,4445,28708
2015-06-17,4443,4773,4250,4300,20422
2015-06-18,4260,4400,4260,4300,11418
2015-06-19,4400,4400,4300,4300,8754
2015-06-22,4375,4500,4300,4350,10580
2015-06-23,4350,4500,4350,4450,5404
2015-06-24,4360,4578,4360,4500,5776
2015-06-25,4503,4750,4488,4500,6286
2015-06-26,4500,4750,4500,4750,6178
2015-06-29,4750,4750,4578,4725,5020
2015-06-30,4725,4725,4600,4718,982
2015-07-01,4718,4725,4675,4725,13508
2015-07-02,4730,4733,4675,4675,2488
2015-07-03,4653,4708,4650,4708,2394
2015-07-06,4703,4723,4650,4695,27192
2015-07-07,4678,4695,4600,4650,3136
2015-07-08,4700,4750,4650,4678,21954
2015-07-09,4700,4850,4650,4850,48500
2015-07-10,4825,4850,4650,4850,10456
2015-07-13,4750,4948,4750,4948,3572
2015-07-15,4925,4950,4650,4650,80828
2015-07-16,4950,4950,4900,4925,2826
2015-07-20,4925,4925,4750,4850,51556
2015-07-21,4850,4850,4750,4775,1952
2015-07-22,4775,4775,4700,4775,40096
2015-07-23,4975,5133,4950,5133,127170
2015-07-24,5515,5515,5515,5515,102000
2015-07-27,5928,5928,5900,5928,70922
2015-07-28,6000,6368,5928,6250,12970
2015-07-29,6300,6300,6030,6250,18120
2015-07-30,6003,6370,6003,6350,92566
2015-07-31,6400,6400,6250,6345,5268
2015-08-03,6250,6250,6000,6223,59526
2015-08-04,6150,6500,6150,6393,19856
2015-08-05,6400,6500,6300,6355,16146
2015-08-06,6395,6495,6250,6300,9186
2015-08-10,6350,6393,6250,6393,12988
2015-08-11,6350,6393,6303,6350,4564
2015-08-12,6350,6425,6350,6350,4308
2015-08-13,6375,6425,6310,6350,5704
2015-08-14,6350,6350,6250,6350,4612
2015-08-17,6300,6350,6000,6175,19068
2015-08-18,6040,6175,6000,6025,34976
2015-08-19,6175,6175,5900,6000,22800
2015-08-20,6000,6000,5888,6000,3134
2015-08-21,6000,6000,5753,5800,52678
2015-08-24,5850,5998,5750,5998,40762
2015-08-25,5998,6000,5900,6000,9016
2015-08-26,5998,6250,5885,6000,9000
2015-08-27,6000,6250,6000,6200,12080
2015-08-28,6200,6200,6000,6003,5372
2015-08-31,6100,6100,5900,5900,8170
2015-09-01,5875,5900,5850,5898,33040
2015-09-02,5875,6000,5700,6000,72668
2015-09-03,5878,6000,5550,5995,74966
2015-09-04,6000,6200,5950,6050,35162
2015-09-07,6075,6350,6000,6350,22768
2015-09-08,6100,6500,6100,6500,10442
2015-09-09,6250,6500,6248,6498,34108
2015-09-10,6375,6550,6248,6500,5308
2015-09-11,6550,6550,6403,6500,6764
2015-09-14,6550,6748,6400,6500,7252
2015-09-15,6500,6650,6350,6650,32888
2015-09-16,6500,6575,6400,6400,38084
2015-09-17,6250,6250,5920,5920,31888
2015-09-18,5700,5750,5478,5565,197214
2015-09-21,5500,5500,5345,5475,33508
2015-09-22,5473,5750,5300,5498,78714
2015-09-23,5503,5908,5500,5900,26540
2015-09-25,6343,6343,5750,6343,25266
2015-09-28,6343,6800,6053,6800,5752
2015-09-29,6750,6750,6500,6500,13112
2015-09-30,6403,6600,6403,6500,10988
2015-10-01,6400,6825,6400,6510,20964
2015-10-02,6510,6750,6510,6650,27494
2015-10-05,6500,6650,6500,6500,18800
2015-10-06,6500,6650,6400,6500,5206
2015-10-07,6500,6575,6500,6500,6260
2015-10-08,6500,6500,6250,6500,80668
2015-10-09,6425,6498,6125,6498,46628
2015-10-12,6495,6970,6303,6500,86424
2015-10-13,6500,6550,6498,6508,22688
2015-10-14,6525,6800,6450,6800,43120
2015-10-15,6745,6750,6603,6700,8346
2015-10-16,6650,6750,6550,6750,113458
2015-10-19,6750,6750,6500,6600,7996
2015-10-20,6500,6850,6500,6600,20872
2015-10-21,6725,6750,6503,6550,135522
2015-10-22,6698,6698,6503,6550,11836
2015-10-23,6598,6600,6575,6600,19762
2015-10-26,6600,6600,6550,6575,1920
2015-10-27,6550,6650,6550,6553,7556
2015-10-28,6600,6600,6550,6575,12406
2015-10-29,6600,6600,6575,6580,1468
2015-10-30,6590,6600,6575,6575,14616
2015-11-02,6650,6650,6500,6500,9870
2015-11-03,6500,6500,6400,6475,12040
2015-11-04,6475,6575,6400,6400,625542
2015-11-05,6450,6675,6250,6675,639790
2015-11-06,6675,6675,6375,6625,2834
2015-11-09,6500,6550,6500,6500,3988
2015-11-10,6503,6550,6400,6500,2910
2015-11-11,6450,6500,6350,6500,11182
2015-11-12,6375,6450,6250,6450,22334
2015-11-13,6450,6450,6250,6450,3568
2015-11-16,6448,6448,6250,6300,4460
2015-11-17,6300,6500,6250,6425,42870
2015-11-18,6300,6448,6000,6200,30102
2015-11-19,6200,6500,6005,6250,37802
2015-11-20,6225,6400,6200,6200,9004
2015-11-23,6248,6250,6150,6150,10890
2015-11-24,6200,6200,6100,6100,57446
2015-11-25,6103,6150,6058,6100,11590
2015-11-26,6223,6223,6000,6000,21534
2015-11-27,6200,6450,6103,6450,11530
2015-11-30,6250,6400,6175,6250,11348
2015-12-01,6250,6250,6128,6250,9720
2015-12-02,6300,6350,6250,6350,13194
2015-12-03,6325,6325,6250,6250,4770
2015-12-04,6250,6375,6150,6250,38386
2015-12-07,6250,6498,6250,6498,22998
2015-12-08,6275,6500,6275,6415,5612
2015-12-09,6400,6475,6225,6225,27024
2015-12-10,6300,6300,6178,6225,30364
2015-12-11,6250,6400,6198,6200,466
2015-12-14,6350,6400,6110,6110,17412
2015-12-15,6175,6225,6100,6100,42028
2015-12-16,6100,6100,6000,6100,20194
2015-12-17,6050,6100,5950,6000,9324
2015-12-18,6100,6100,6000,6000,14504
2015-12-21,6000,6050,6000,6050,33146
2015-12-22,6000,6500,5950,6500,9330
2015-12-23,6450,6498,6250,6450,21408
2015-12-28,6400,6500,6348,6495,62004
2015-12-29,6400,6750,6350,6750,19508
2015-12-30,6700,7235,6700,7235,13870
2015-12-31,6750,7500,6750,7500,18468
2016-01-04,7425,7425,6950,6950,2692
2016-01-05,6750,6950,6750,6753,16930
2016-01-06,6850,6850,6748,6750,3850
2016-01-07,6700,6800,6600,6650,2564
2016-01-08,6650,6800,6550,6800,5304
2016-01-11,6665,6750,6665,6750,4780
2016-01-12,6750,6750,6650,6675,9498
2016-01-13,6700,6750,6678,6750,35412
2016-01-14,6750,6798,6700,6750,12438
2016-01-15,6750,6750,6473,6698,36256
2016-01-18,6655,6725,6450,6500,16506
2016-01-19,6503,6575,6450,6500,27506
2016-01-20,6500,6503,6450,6500,9706
2016-01-21,6475,6500,6475,6500,5296
2016-01-22,6500,6500,6425,6500,21106
2016-01-25,6450,6500,6425,6498,9434
2016-01-26,6498,6498,6428,6453,11362
2016-01-27,6475,6475,6325,6350,86788
2016-01-28,6425,6448,6425,6425,89078
2016-01-29,6425,6448,6425,6448,20922
2016-02-01,6428,6500,6428,6500,8120
2016-02-02,6500,6750,6448,6750,14616
2016-02-03,6750,6750,6510,6750,132546
2016-02-04,6750,6900,6703,6900,132778
2016-02-05,6850,6900,6760,6763,25662
2016-02-08,6900,7000,6900,6915,1252
2016-02-09,6925,7250,6850,7250,53144
2016-02-10,7000,7250,6950,7000,18870
2016-02-11,7100,7250,7003,7108,5044
2016-02-12,7248,7248,7000,7248,608270
2016-02-15,7248,7248,7200,7245,605764
2016-02-16,7245,7250,7103,7250,30742
2016-02-17,7250,7250,7150,7250,6776
2016-02-18,7250,7350,7200,7200,6436
2016-02-19,7203,7203,7100,7150,18002
2016-02-22,7125,7200,7098,7195,5898
2016-02-23,7188,7225,7153,7175,11640
2016-02-24,7225,7250,7178,7225,21416
2016-02-25,7225,7250,7203,7250,2666
2016-02-26,7225,7225,7125,7200,40076
2016-02-29,7200,7250,7050,7050,49582
2016-03-01,7243,7243,7000,7153,28276
2016-03-02,7200,7200,7100,7200,17478
2016-03-03,7200,7200,7100,7153,5650
2016-03-04,7148,7190,7048,7100,34298
2016-03-07,7188,7188,7100,7100,4860
2016-03-08,7150,7190,7000,7003,61730
2016-03-09,7050,7100,6900,7050,13800
2016-03-10,7000,7050,6800,7000,20162
2016-03-11,7000,7050,6900,7050,10448
2016-03-14,7000,7000,6925,6978,922
2016-03-15,7000,7050,7000,7050,4910
2016-03-16,7003,7050,7000,7000,26462
2016-03-17,7000,7050,6998,7050,1948
2016-03-18,7048,7048,7003,7025,1454
2016-03-21,7048,7175,7000,7040,18778
2016-03-22,7038,7075,7000,7000,12170
2016-03-23,7025,7075,7005,7075,1310
2016-03-24,7050,7400,7025,7398,4976
2016-03-25,7395,7395,7050,7100,28744
2016-03-29,7053,7100,7000,7000,20308
2016-03-30,6975,7100,6900,7000,214278
2016-03-31,7000,7350,6950,7250,14340
2016-04-01,7075,7475,7075,7250,188832
2016-04-04,7250,7448,7130,7448,1340
2016-04-05,7253,7375,7250,7253,852
2016-04-06,7300,7300,7250,7300,23616
2016-04-07,7250,7263,7203,7245,3652
2016-04-08,7225,7248,7150,7200,3834
2016-04-11,7153,7200,7100,7175,3554
2016-04-12,7198,7225,7050,7225,3850
2016-04-13,7125,7225,7105,7105,8390
2016-04-14,7198,7225,7050,7225,1658
2016-04-15,7225,7350,7150,7350,4540
2016-04-18,7250,7250,7150,7225,2170
2016-04-19,7225,7225,7100,7125,4054
2016-04-20,7148,7148,7000,7003,6604
2016-04-21,7050,7150,7050,7150,750
2016-04-22,7150,7200,7100,7100,10938
2016-04-25,7150,7150,7050,7105,4080
2016-04-26,7150,7150,7003,7095,37156
2016-04-27,7008,7100,7003,7003,4108
2016-04-28,7000,7100,7000,7100,778
2016-04-29,7005,7103,7000,7103,2480
2016-05-03,7000,7100,7000,7050,6330
2016-05-04,7048,7050,7000,7050,19518
2016-05-06,7048,7100,7000,7050,22406
2016-05-09,7050,7053,6955,7000,5608
2016-05-10,6975,7050,6975,7003,1682
2016-05-11,7050,7100,7050,7100,1140
2016-05-12,7100,7100,7063,7100,3702
2016-05-13,7085,7100,7050,7050,2258
2016-05-17,7053,7100,7053,7100,1984
2016-05-18,7100,7150,7075,7150,5050
2016-05-19,7150,7150,7100,7150,2036
2016-05-20,7150,7150,7003,7003,9524
2016-05-23,7100,7150,7000,7100,4274
2016-05-24,7050,7150,7050,7150,7840
2016-05-25,7098,7100,7053,7098,2424
2016-05-26,7098,7250,7008,7250,4298
2016-05-27,7150,7250,7105,7250,776
2016-05-30,7000,7175,6975,6975,6662
2016-05-31,6950,7000,6950,6975,5982
2016-06-01,6950,6975,6923,6923,3530
2016-06-02,6900,6950,6900,6923,5626
2016-06-03,6923,6923,6800,6800,22144
2016-06-06,6873,6873,6753,6803,13382
2016-06-07,6775,6900,6775,6900,56866
2016-06-08,6803,6875,6800,6875,2036
2016-06-09,6875,6900,6875,6875,4660
2016-06-10,6875,6875,6753,6753,72902
2016-06-13,6838,6895,6825,6895,1232
2016-06-14,6875,6875,6758,6775,5964
2016-06-15,6800,6800,6775,6800,8724
2016-06-16,6798,6850,6753,6800,6684
2016-06-17,6800,6850,6750,6753,9272
2016-06-20,6900,6900,6763,6763,4584
2016-06-21,6765,6800,6750,6750,3864
2016-06-22,6800,6800,6750,6750,4650
2016-06-23,6750,6753,6700,6700,1510
2016-06-24,6698,6750,6558,6750,4592
2016-06-27,6750,6800,6675,6750,4448
2016-06-28,6800,6800,6675,6675,6228
2016-06-29,6683,6725,6550,6725,9842
2016-06-30,6650,6900,6500,6750,33976
2016-07-01,6725,6750,6650,6750,6452
2016-07-04,6700,6700,6653,6700,1816
2016-07-05,6725,6725,6650,6653,3122
2016-07-07,6650,6700,6500,6600,11406
2016-07-08,6550,6600,6250,6600,6328
2016-07-11,6563,6575,6250,6500,1186
2016-07-12,6255,6380,6245,6245,13922
2016-07-13,6125,6145,6050,6145,4408
2016-07-14,6100,6500,6050,6500,13574
2016-07-15,6370,6370,6245,6245,622
2016-07-18,6195,6195,6050,6150,4854
2016-07-19,6148,6200,6053,6100,3992
2016-07-20,6100,6203,6063,6080,4986
2016-07-21,6103,6200,6103,6153,5196
2016-07-22,6200,6500,6200,6500,1246
2016-07-25,6500,6500,6450,6450,3322
2016-07-26,6500,6650,6498,6650,9806
2016-07-27,6650,6750,6500,6500,4146
2016-07-28,6550,6750,6503,6503,1350
2016-07-29,6550,6750,6505,6600,1992
2016-08-01,6750,6750,6553,6650,978
2016-08-02,6695,6750,6575,6750,2884
2016-08-03,6703,6748,6650,6748,20382
2016-08-04,6650,6650,6500,6500,1192
2016-08-05,6575,6575,6500,6500,598
2016-08-09,6548,6550,6500,6500,2848
2016-08-10,6548,6725,6500,6555,1188
2016-08-11,6600,6600,6500,6550,1422
2016-08-12,6550,6650,6500,6650,3090
2016-08-16,6650,6650,6550,6550,728
2016-08-17,6550,6550,6500,6500,9954
2016-08-18,6500,6500,6450,6453,3904
2016-08-19,6455,6500,6455,6500,2684
2016-08-22,6500,6500,6475,6500,1608
2016-08-23,6500,6500,6475,6500,1300
2016-08-24,6498,6500,6475,6500,2826
2016-08-25,6500,6500,6480,6480,1024
2016-08-26,6498,6500,6480,6500,5708
2016-08-29,6500,6550,6500,6550,3136
2016-08-30,6513,6600,6505,6550,4274
2016-08-31,6550,6600,6500,6600,1212
2016-09-01,6600,6600,6500,6600,4016
2016-09-02,6598,6600,6550,6565,1170
2016-09-05,6555,6595,6550,6553,1066
2016-09-06,6553,6555,6500,6550,8464
2016-09-07,6550,6550,6480,6500,2224
2016-09-08,6500,6600,6500,6525,2450
2016-09-09,6525,6643,6525,6640,798
2016-09-13,6640,6640,6500,6625,1658
2016-09-14,6625,6640,6600,6625,2026
2016-09-15,6640,6725,6555,6725,3500
2016-09-16,6625,6725,6500,6625,13424
2016-09-19,6600,6600,6250,6250,6114
2016-09-20,6550,6550,6255,6255,456
2016-09-21,6500,6500,6263,6303,1426
2016-09-22,6325,6500,6325,6325,1120
2016-09-23,6260,6325,6260,6325,1658
2016-09-26,6350,6425,6260,6260,2102
2016-09-27,6303,6500,6300,6500,7934
2016-09-28,6500,6500,6400,6500,2134
2016-09-29,6500,6500,6400,6500,1154
2016-09-30,6453,6498,6375,6400,2070
2016-10-03,6400,6400,6300,6300,1192
2016-10-04,6263,6400,6250,6400,2552
2016-10-05,6300,6300,6150,6150,16402
2016-10-06,6150,6150,5690,6000,8658
2016-10-07,5550,5550,5550,5550,3310
2016-10-10,5500,5500,5250,5250,1470
2016-10-11,5348,5500,5300,5355,3088
2016-10-12,5400,5550,5150,5250,33492
2016-10-13,5398,5398,5053,5350,33552
2016-10-14,5400,5500,5300,5500,1786
2016-10-17,5250,5350,5250,5303,2632
2016-10-18,5303,5550,5303,5550,2030
2016-10-19,5500,5500,5303,5448,1032
2016-10-20,5400,5500,5305,5500,2384
2016-10-21,5498,5500,5450,5500,830
2016-10-24,5500,5500,5353,5448,1236
2016-10-25,5448,5448,5400,5400,518
2016-10-26,5363,5450,5363,5400,1894
2016-10-27,5400,5500,5400,5400,818
2016-10-28,5400,5500,5250,5400,2752
2016-10-31,5400,5400,5250,5300,3034
2016-11-02,5400,5400,5000,5000,1408
2016-11-03,5350,5375,5105,5375,8458
2016-11-04,5350,5350,5053,5250,5758
2016-11-07,5250,5350,5175,5200,2132
2016-11-08,5300,5350,5200,5200,1422
2016-11-09,5200,5300,5200,5250,1412
2016-11-10,5250,5500,5248,5450,2756
2016-11-11,5450,5500,5250,5500,2140
2016-11-14,5250,5493,5250,5490,898
2016-11-16,5450,5450,5153,5250,44478
2016-11-17,5250,5450,5200,5450,6108
2016-11-18,5450,5450,5250,5250,2314
2016-11-21,5393,5490,5300,5490,10624
2016-11-22,5338,5448,5253,5400,15902
2016-11-23,5398,5398,5253,5253,5416
2016-11-24,5255,5350,5250,5250,4668
2016-11-25,5255,5255,5200,5250,2890
2016-11-28,5200,5350,5200,5350,2528
2016-11-29,5350,5650,5350,5500,5076
2016-11-30,5503,5503,5200,5250,18478
2016-12-01,5500,5500,5250,5255,7976
2016-12-02,5325,5500,5278,5500,1166
2016-12-05,5390,5500,5390,5500,918
2016-12-06,5500,5500,5390,5500,2134
2016-12-07,5500,5500,5425,5500,1688
2016-12-08,5400,5500,5350,5375,4350
2016-12-09,5498,5498,5328,5350,134502
2016-12-13,5350,5500,5300,5500,2180
2016-12-14,5375,5498,5300,5498,1902
2016-12-15,5403,5495,5400,5495,1498
2016-12-16,5450,5495,5300,5450,2164
2016-12-19,5450,5495,5350,5350,1190
2016-12-20,5355,5375,5250,5250,3194
2016-12-21,5300,5500,5250,5500,37076
2016-12-22,5500,5500,5253,5253,3772
2016-12-23,5253,5350,5150,5350,9778
2016-12-27,5350,5600,5253,5600,49952
2016-12-28,5600,6000,5375,6000,2206
2016-12-29,6000,6445,5750,6445,9166
2016-12-30,6375,6375,6000,6000,2102
2017-01-02,6000,6250,5625,5750,442
2017-01-03,5725,5725,5500,5600,476
2017-01-04,5600,5600,5378,5600,11068
2017-01-05,5498,5600,5400,5450,3242
2017-01-06,5500,5500,5400,5450,1162
2017-01-09,5450,5450,5425,5450,976
2017-01-10,5430,5450,5250,5250,6668
2017-01-11,5400,5450,5300,5450,4438
2017-01-12,5300,5450,5300,5450,2156
2017-01-13,5400,5550,5400,5450,25834
2017-01-16,5498,5600,5498,5550,1500
2017-01-17,5600,5600,5500,5500,1472
2017-01-18,5550,5550,5450,5500,4260
2017-01-19,5500,5650,5450,5650,29680
2017-01-20,5650,5650,5550,5648,3156
2017-01-23,5648,5648,5450,5600,3282
2017-01-24,5500,5500,5448,5500,4354
2017-01-25,5500,5650,5498,5650,2624
2017-01-26,5650,5650,5500,5500,1422
2017-01-27,5645,5645,5453,5500,59150
2017-01-30,5475,5503,5450,5500,1214
2017-01-31,5500,5500,5453,5500,6656
2017-02-01,5503,5575,5503,5575,8234
2017-02-02,5575,5650,5500,5500,9334
2017-02-03,5550,5600,5450,5575,65780
2017-02-06,5500,5500,5445,5453,3416
2017-02-07,5400,5450,5045,5045,6868
2017-02-08,4668,5045,4668,5045,27000
2017-02-09,5050,5050,4673,4750,3618
2017-02-10,4750,5000,4750,5000,2770
2017-02-13,5000,5105,5000,5050,3498
2017-02-14,5053,5105,5000,5105,6486
2017-02-15,5100,5450,5100,5450,5882
2017-02-16,5450,5450,5153,5450,1420
2017-02-17,5453,5500,5450,5453,930
2017-02-20,5458,5500,5453,5500,7210
2017-02-21,5500,5750,5475,5750,10878
2017-02-22,5750,6180,5750,6180,7316
2017-02-23,6000,6000,5750,5750,1212
2017-02-24,5753,6150,5753,6000,4188
2017-02-27,6000,6100,5903,6000,9648
2017-02-28,5998,6000,5900,5998,2074
2017-03-01,5900,6000,5753,6000,5632
2017-03-02,5900,5998,5750,5998,5148
2017-03-03,5900,6000,5813,5998,1048
2017-03-06,5900,5900,5800,5803,314
2017-03-07,5803,5900,5463,5463,7652
2017-03-08,5498,5600,5453,5600,2804
2017-03-09,5500,5750,5500,5503,1956
2017-03-10,5550,5750,5503,5750,1286
2017-03-13,5748,5748,5505,5695,1122
2017-03-14,5695,5750,5500,5500,2446
2017-03-15,5500,5900,5500,5900,16812
2017-03-16,5900,5900,5750,5750,4754
2017-03-17,5675,5675,5478,5600,84868
2017-03-20,5553,5600,5350,5600,8572
2017-03-21,5575,5575,5350,5500,1274
2017-03-22,5500,5750,5350,5500,3288
2017-03-23,5500,5500,5350,5448,2086
2017-03-24,5340,5375,5250,5250,4842
2017-03-27,5303,5375,5150,5250,5188
2017-03-28,5248,5248,5200,5200,2448
2017-03-29,5203,5500,5108,5500,10288
2017-03-30,5450,5500,5250,5300,1788
2017-03-31,5300,5500,5250,5500,6130
2017-04-03,5498,5498,5250,5250,12164
2017-04-04,5300,5300,5200,5203,5886
2017-04-05,5160,5250,5158,5250,1090
2017-04-06,5200,5495,5200,5300,3946
2017-04-07,5375,5450,5370,5450,2590
2017-04-10,5448,5450,5350,5350,2884
2017-04-11,5300,5500,5175,5175,3372
2017-04-12,5250,5348,5200,5200,1500
2017-04-13,5248,5250,5150,5200,2092
2017-04-14,5250,5250,5175,5175,368
2017-04-18,5248,5250,5100,5100,3048
2017-04-19,5175,5250,5128,5128,4416
2017-04-20,5198,5198,4750,5123,952
2017-04-21,5100,5120,5000,5000,974
2017-04-24,5003,5003,4750,4750,2138
2017-04-25,4775,5100,4700,4850,3064
2017-04-26,4900,5125,4750,5125,23470
2017-04-27,5250,5250,4998,5250,2552
2017-04-28,5225,5225,5000,5000,3190
2017-05-02,5000,5000,4850,4945,650
2017-05-03,4950,5225,4750,5225,2780
2017-05-04,5000,5215,5000,5000,584
2017-05-05,5000,5200,4750,5200,19288
2017-05-08,5150,5200,4975,4975,12602
2017-05-09,5000,5223,4750,4750,3442
2017-05-10,4998,4998,4675,4698,7468
2017-05-11,4750,5000,4698,4700,6952
2017-05-12,4750,4750,4698,4703,3670
2017-05-15,4750,4750,4700,4700,444
2017-05-16,4750,4750,4650,4750,15198
2017-05-17,4750,4998,4700,4998,18714
2017-05-18,4900,4900,4675,4750,1448
2017-05-19,4725,4750,4678,4750,31538
2017-05-22,4750,4750,4675,4700,6486
2017-05-23,4650,5000,4650,5000,23628
2017-05-24,4893,5250,4853,5250,10862
2017-05-26,5225,5225,5000,5000,10972
2017-05-29,5048,5048,4725,4900,15746
2017-05-30,4503,4503,4278,4350,4218
2017-05-31,4403,4500,4403,4500,1218
2017-06-01,4495,4725,4495,4723,16262
2017-06-02,4720,4725,4450,4700,25020
2017-06-06,4650,4650,4430,4500,748
2017-06-07,4495,4750,4350,4750,11034
2017-06-08,4648,4648,4475,4645,2474
2017-06-09,4648,4648,4500,4500,9504
2017-06-12,4500,4640,4498,4500,8706
2017-06-13,4500,4625,4450,4500,19018
2017-06-14,4500,4625,4450,4625,9948
2017-06-15,4500,4500,4450,4500,924
2017-06-16,4500,4500,4450,4498,1834
2017-06-19,4498,4500,4308,4350,11588
2017-06-20,4498,4500,4355,4500,20932
2017-06-21,4450,4495,4350,4495,5788
2017-06-23,4495,4495,4353,4353,3620
2017-06-27,4353,4450,4300,4375,4990
2017-06-28,4250,4698,4050,4698,10948
2017-06-29,4500,4500,4348,4500,7950
2017-06-30,4250,4698,4163,4698,6076
2017-07-03,4500,4500,4348,4348,674
2017-07-04,4050,4500,4050,4350,2638
2017-07-05,4448,4498,4253,4350,2226
2017-07-06,4300,4350,4025,4055,13458
2017-07-07,4053,4275,4000,4100,3866
2017-07-10,4000,4000,3995,3998,4242
2017-07-11,4050,4250,3995,4250,5040
2017-07-12,4248,4248,3950,4000,6280
2017-07-13,3995,4000,3925,3998,1114
2017-07-14,3950,4000,3700,3998,1426
2017-07-17,3995,3998,3750,3998,12458
2017-07-18,3995,4248,3920,4248,11002
2017-07-19,4148,4493,3998,4493,12874
2017-07-20,4423,4423,4158,4195,536
2017-07-21,4000,4198,3890,4093,3762
2017-07-24,4100,4350,4003,4050,5678
2017-07-25,4050,4050,3950,4050,3828
2017-07-26,4000,4098,3950,4095,9892
2017-07-27,4000,4000,3800,4000,10648
2017-07-28,4000,4000,3850,3998,1376
2017-07-31,4000,4248,3700,4248,8078
2017-08-01,4248,4248,4050,4223,1138
2017-08-02,3995,4248,3930,4248,12190
2017-08-03,3995,4148,3930,4145,8854
2017-08-04,4000,4000,3925,3950,752
2017-08-08,4000,4050,3900,4050,8724
2017-08-09,3950,4225,3900,4225,6974
2017-08-10,4000,4198,3950,4198,6602
2017-08-11,3885,4500,3885,4400,120730
2017-08-14,4350,4350,4070,4070,230
2017-08-16,4000,4000,3950,4000,2850
2017-08-17,4000,4000,3725,3750,21466
2017-08-18,4000,4000,3950,3998,1158
2017-08-21,3998,3998,3725,3975,11996
2017-08-22,3998,3998,3750,3995,1800
2017-08-23,3990,3995,3970,3970,870
2017-08-24,3950,3973,3750,3753,1684
2017-08-25,3900,3900,3753,3898,23992
2017-08-28,3753,3900,3753,3800,968
2017-08-29,3798,3798,3750,3750,12498
2017-08-30,3800,3825,3745,3745,40032
2017-08-31,3750,3750,3745,3745,12218
2017-09-04,3750,3898,3745,3750,2212
2017-09-05,3800,4000,3800,4000,1802
2017-09-06,3998,3998,3753,3975,840
2017-09-07,3998,4000,3950,3950,3096
2017-09-08,3970,3970,3750,3950,1638
2017-09-11,3948,3950,3800,3948,880
2017-09-12,3900,3970,3800,3805,928
2017-09-13,3948,3948,3745,3900,6518
2017-09-14,3900,3900,3808,3900,956
2017-09-15,3948,3948,3750,3875,5088
2017-09-18,3900,3900,3750,3898,660
2017-09-19,3898,3898,3750,3750,2240
2017-09-20,3775,3895,3750,3753,3312
2017-09-21,3750,3800,3750,3800,13222
2017-09-22,3753,3850,3750,3850,1312
2017-09-25,3750,3750,3745,3750,1336
2017-09-26,3748,3748,3725,3748,986
2017-09-27,3748,3850,3700,3850,3050
2017-09-28,3850,3850,3748,3850,3834
2017-09-29,3848,3850,3600,3850,838
2017-10-02,3843,3843,3750,3750,360
2017-10-03,3750,3750,3613,3750,800
2017-10-04,3750,3945,3748,3945,2938
2017-10-05,3800,3800,3650,3800,5700
2017-10-06,3750,3750,3625,3625,5128
2017-10-09,3630,3725,3630,3700,1650
2017-10-10,3635,3750,3630,3740,8846
2017-10-11,3688,3945,3600,3943,58380
2017-10-12,3750,3850,3648,3850,7170
2017-10-13,3750,3800,3563,3563,156948
2017-10-16,3673,3673,3500,3620,1790
2017-10-17,3563,3725,3550,3725,9090
2017-10-18,3565,3650,3550,3650,3488
2017-10-19,3575,3650,3575,3650,1288
2017-10-20,3723,3723,3648,3650,12904
2017-10-23,3605,3650,3555,3555,14908
2017-10-24,3558,3625,3550,3625,2292
2017-10-25,3600,3723,3600,3720,1420
2017-10-26,3653,3653,3603,3603,2136
2017-10-27,3623,3623,3500,3500,3756
2017-10-30,3500,3600,3500,3500,406
2017-10-31,3500,3500,3258,3500,1176
2017-11-02,3500,3500,3430,3500,896
2017-11-03,3498,3498,3238,3495,2476
2017-11-06,3500,3500,3428,3450,15146
2017-11-07,3400,3500,3400,3450,2444
2017-11-08,3413,3450,3413,3450,3068
2017-11-09,3403,3450,3350,3375,7510
2017-11-10,3400,3400,3375,3375,1270
2017-11-13,3378,3400,3375,3400,1438
2017-11-14,3378,3378,3375,3375,14420
2017-11-16,3375,3400,3350,3375,4724
2017-11-17,3398,3400,3350,3400,278
2017-11-20,3375,3400,3300,3400,1006
2017-11-21,3398,3398,3350,3395,3990
2017-11-22,3395,3500,3353,3500,7002
2017-11-23,3380,3380,3250,3380,29932
2017-11-24,3350,3350,3255,3350,9700
2017-11-27,3350,3375,3350,3375,820
2017-11-28,3380,3383,3250,3350,9948
2017-11-29,3350,3400,3275,3400,3476
2017-11-30,3350,3380,3350,3350,2452
2017-12-04,3400,3400,3250,3300,472
2017-12-05,3300,3350,3250,3350,2166
2017-12-06,3300,3300,3100,3250,204686
2017-12-07,3248,3493,3225,3493,5500
2017-12-08,3250,3350,3250,3275,440
2017-12-11,3275,3300,3200,3250,24216
2017-12-12,3275,3400,3250,3300,4814
2017-12-13,3300,3398,3250,3303,1044
2017-12-14,3308,3325,3305,3315,582
2017-12-15,3320,3400,3320,3400,512
2017-12-18,3400,3400,3253,3375,5474
2017-12-19,3400,3628,3225,3628,15636
2017-12-20,3628,3850,3600,3850,964
2017-12-21,3750,3998,3750,3998,1922
2017-12-22,3998,4295,3850,4295,2722
2017-12-26,4125,4250,4125,4198,1630
2017-12-27,4198,4250,4100,4248,846
2017-12-28,4248,4450,3950,4450,90132
2017-12-29,4445,4780,4118,4780,16444
2018-01-02,4450,4450,4450,4450,50
2018-01-03,4445,4445,4250,4398,188
2018-01-04,4395,4395,4250,4250,306
2018-01-05,4198,4198,4000,4100,131312
2018-01-08,4100,4103,3903,3903,117462
2018-01-09,3900,4000,3900,3950,1338
2018-01-10,3925,4000,3805,3998,198440
2018-01-11,3955,3975,3950,3950,17476
2018-01-12,3975,3998,3950,3998,2592
2018-01-15,3990,3998,3908,3998,4774
2018-01-16,3998,3998,3900,3998,6364
2018-01-17,3993,3998,3990,3998,1288
2018-01-18,3900,3998,3900,3900,1726
2018-01-19,3900,3998,3900,3950,45430
2018-01-22,3995,4000,3950,3998,2158
2018-01-23,4000,4000,3975,4000,3648
2018-01-24,4000,4000,3998,4000,5562
2018-01-25,4000,4100,4000,4000,64844
2018-01-26,4000,4200,4000,4200,716
2018-01-29,4198,4198,4050,4188,102334
2018-01-30,4050,4150,4000,4150,5384
2018-01-31,4048,4150,4000,4000,1372
2018-02-01,4000,4003,3978,4000,137272
2018-02-02,4000,4050,4000,4050,2654
2018-02-05,4050,4100,4050,4050,1988
2018-02-06,4050,4150,4050,4053,1566
2018-02-07,4075,4100,4053,4053,1250
2018-02-08,4053,4100,4050,4053,1976
2018-02-09,4053,4150,4053,4150,1750
2018-02-12,4100,4100,4060,4063,1136
2018-02-13,4150,4150,3900,3900,14726
2018-02-14,4000,4075,3950,4000,2814
2018-02-15,4050,4050,4003,4005,5446
2018-02-16,4005,4088,4005,4055,1058
2018-02-19,4100,4150,4063,4150,2042
2018-02-20,4100,4150,4100,4100,744
2018-02-21,4140,4175,4140,4155,1762
2018-02-22,4155,4200,4150,4198,680
2018-02-23,4195,4250,4155,4155,1652
2018-02-26,4175,4350,4155,4155,742
2018-02-27,4250,4250,4200,4200,4530
2018-02-28,4200,4250,4200,4225,28284
2018-03-01,4203,4250,4203,4225,284
2018-03-02,4250,4250,4225,4225,512
2018-03-05,4228,4325,4225,4250,586
2018-03-06,4325,4325,4250,4250,5476
2018-03-07,4250,4300,4250,4265,1918
2018-03-08,4260,4265,4260,4265,544
2018-03-09,4300,4325,4275,4325,760
2018-03-12,4300,4368,4300,4308,936
2018-03-13,4325,4350,4325,4338,8780
2018-03-14,4338,4350,4308,4350,10010
2018-03-15,4325,4325,4225,4250,4248
2018-03-16,4250,4325,4225,4225,1386
2018-03-19,4225,4260,4225,4258,10964
2018-03-20,4255,4300,4250,4300,3152
2018-03-21,4300,4350,4300,4350,60984
2018-03-22,4300,4365,4300,4350,59416
2018-03-23,4300,4350,4260,4350,2842
2018-03-26,4325,4348,4325,4325,1176
2018-03-27,4325,4350,4325,4350,342
2018-03-28,4320,4350,4250,4258,1572
2018-03-29,4253,4350,4200,4200,10664
2018-03-30,4200,4368,4200,4300,300
2018-04-03,4200,4368,4200,4368,63692
2018-04-04,4348,4650,4155,4650,36964
2018-04-05,4625,4625,4350,4550,634
2018-04-06,4500,4503,4500,4503,2724
2018-04-09,4495,4500,4493,4500,350
2018-04-10,4410,4410,4250,4250,2696
2018-04-11,4275,4500,4275,4350,18566
2018-04-12,4388,4435,4250,4275,1052
2018-04-13,4250,4280,4000,4250,35112
2018-04-16,4200,4323,4003,4003,33804
2018-04-17,4005,4018,4005,4015,6800620
2018-04-18,4015,4035,4015,4025,2236
2018-04-19,4050,4150,4030,4125,25298
2018-04-20,4250,4250,4053,4053,28526
2018-04-23,4050,4350,4050,4250,12368
2018-04-24,4250,4275,4133,4158,7774
2018-04-25,4250,4250,4230,4250,788
2018-04-26,4250,4250,4100,4123,100530
2018-04-27,4100,4100,4025,4100,10196
2018-04-30,4250,4350,4250,4350,2852
2018-05-02,4325,4490,4250,4250,29588
2018-05-03,4175,4250,4100,4248,37504
2018-05-04,4200,4245,4165,4200,12296
2018-05-07,4245,4250,4225,4250,10320
2018-05-08,4205,4250,4205,4250,2546
2018-05-09,4200,4205,4200,4205,494
2018-05-11,4250,4275,4213,4250,41620
2018-05-14,4300,4350,4255,4300,958
2018-05-15,4300,4350,4255,4350,2646
2018-05-16,4300,4350,4253,4300,65632
2018-05-17,4350,4375,4300,4350,33310
2018-05-18,4350,4400,4300,4400,1392
2018-05-22,4400,4445,4400,4445,712
2018-05-23,4450,4450,4400,4400,1480
2018-05-24,4445,4500,4400,4400,61950
2018-05-25,4403,4425,4400,4403,2064
2018-05-28,4400,4450,4350,4403,78222
2018-05-29,4403,4450,4403,4413,8936
2018-05-30,4448,4450,4403,4450,21170
2018-05-31,4418,4450,4413,4450,5480
2018-06-01,4425,4448,4403,4448,12100
2018-06-04,4390,4390,4100,4100,1220
2018-06-05,4098,4145,4050,4100,2130
2018-06-06,4098,4100,4050,4050,702
2018-06-07,4048,4048,3900,3975,2292
2018-06-08,3950,4000,3900,3998,5292
2018-06-12,3948,3998,3900,3963,5420
2018-06-13,3948,4000,3900,4000,11464
2018-06-15,4000,4000,3948,3948,2858
2018-06-18,3950,4000,3950,3953,1836
2018-06-19,3955,4000,3953,4000,2946
2018-06-20,3998,4000,3975,3998,2456
2018-06-21,3998,4000,3998,4000,2646
2018-06-22,3983,4000,3975,4000,11254
2018-06-25,4000,4000,3953,3975,3006
2018-06-26,3975,3998,3975,3975,28568
2018-06-27,3973,3998,3955,3983,4210
2018-06-28,3993,3998,3980,3998,1824
2018-06-29,3998,3998,3983,3998,7208
2018-07-02,3980,3980,3955,3955,1234
2018-07-03,3955,4000,3955,4000,20000
2018-07-04,3995,3995,3975,3990,4908
2018-07-05,3993,4000,3990,4000,6702
2018-07-06,4043,4043,3980,3988,2218
2018-07-09,4000,4038,3995,3998,5200
2018-07-10,4023,4023,3998,4000,4584
2018-07-11,3998,4025,3960,3975,112222
2018-07-12,3960,3998,3955,3998,1214
2018-07-13,3998,4000,3975,3985,1470
2018-07-16,3985,3998,3978,3998,4032
2018-07-17,3998,3998,3955,3985,27928
2018-07-18,3998,3998,3955,3980,62552
2018-07-19,3955,3998,3950,3985,1130
2018-07-20,3975,3985,3975,3985,4036
2018-07-23,3985,3985,3975,3980,1084
2018-07-24,3983,3998,3955,3955,29506
2018-07-25,3980,3995,3955,3990,4730
2018-07-26,3988,3990,3978,3978,1332
2018-07-27,3978,3985,3955,3985,9020
2018-07-30,3980,3980,3950,3950,17454
2018-07-31,3975,3980,3950,3975,6888
2018-08-01,3980,3980,3950,3973,14094
2018-08-02,3973,3990,3950,3973,6844
2018-08-03,3983,3983,3925,3950,3534
2018-08-08,3963,3968,3900,3900,4508
2018-08-09,3950,3975,3900,3900,794
2018-08-10,3900,3900,3850,3850,558
2018-08-13,3900,3975,3775,3850,8682
2018-08-14,3850,4000,3850,4000,4820
2018-08-16,3905,3998,3850,3998,1416
2018-08-17,3950,3950,3923,3923,91768
2018-08-20,3925,3948,3925,3925,2884
2018-08-22,3928,4000,3928,4000,5390
2018-08-23,3998,3998,3928,3950,24018
2018-08-24,3975,3993,3928,3975,2132
2018-08-27,3975,3998,3950,3998,4138
2018-08-28,3975,3998,3950,3975,4888
2018-08-29,4000,4250,4000,4250,12
2018-08-30,4250,4250,3975,4000,749
2018-08-31,4095,4200,4000,4200,689
2018-09-03,4190,4190,4000,4000,629
2018-09-04,4000,4150,3950,4150,1582
2018-09-05,3995,4130,3995,4095,352
2018-09-06,4000,4000,3790,3950,2171
2018-09-07,4000,4000,3800,3800,2158
2018-09-10,3800,3900,3700,3750,1857
2018-09-11,3700,3850,3500,3500,2961
2018-09-12,3600,3760,3600,3745,1464
2018-09-13,3600,3670,3500,3600,8684
2018-09-14,3600,3650,3600,3625,1746
2018-09-17,3600,3650,3600,3650,4512
2018-09-18,3650,3745,3600,3600,14388
2018-09-19,3650,3700,3650,3700,884
2018-09-20,3700,3700,3650,3700,997
2018-09-21,3700,3710,3700,3710,1118
2018-09-24,3700,3800,3700,3800,855
2018-09-25,3750,3750,3705,3710,1181
2018-09-26,3715,3725,3700,3700,8867
2018-09-27,3715,3750,3700,3700,4285
2018-09-28,3710,3900,3710,3900,165
2018-10-01,3900,3900,3800,3850,444
2018-10-02,3850,3850,3750,3750,2581
2018-10-03,3750,3800,3700,3800,1541
2018-10-04,4085,4085,3850,3990,23242
2018-10-05,4085,4085,3850,3850,4312
2018-10-08,3800,4000,3695,3700,6750
2018-10-09,3700,3825,3700,3750,1949
2018-10-10,3750,3800,3700,3725,2451
2018-10-11,3720,3795,3700,3700,103917
2018-10-12,3725,3800,3700,3725,10804
2018-10-15,3705,3725,3705,3725,196
2018-10-16,3725,3800,3725,3725,3129
2018-10-17,3725,3795,3725,3725,2166
2018-10-18,3730,3785,3725,3755,148
2018-10-19,3725,3785,3700,3780,2939
2018-10-22,3780,3780,3750,3780,2195
2018-10-23,3780,3780,3730,3730,5049
2018-10-24,3730,3800,3700,3750,12919
2018-10-25,3730,3800,3715,3800,2957
2018-10-26,3800,3800,3700,3750,48146
2018-10-29,3750,3750,3700,3700,1248
2018-10-30,3700,3700,3625,3625,5499
2018-10-31,3690,3700,3625,3700,9238
2018-11-02,3620,3700,3620,3620,1480
2018-11-05,3600,3700,3600,3700,2354
2018-11-06,3700,3790,3700,3790,34857
2018-11-07,3650,3785,3650,3700,426
2018-11-08,3700,3850,3700,3710,3468
2018-11-09,3750,3850,3725,3850,862
2018-11-12,3850,3850,3790,3790,828
2018-11-13,3805,3850,3790,3790,2434
2018-11-14,3800,3850,3800,3800,1880
2018-11-16,3790,3850,3725,3740,6659
2018-11-19,3755,3770,3650,3705,5312
2018-11-21,3740,3790,3705,3715,341
2018-11-22,3715,3750,3700,3750,2522
2018-11-23,3750,3980,3700,3980,2613
2018-11-26,3970,3970,3725,3725,430
2018-11-27,3735,3750,3725,3725,1041
2018-11-28,3750,3805,3750,3790,885
2018-11-29,3750,3885,3715,3810,2941
2018-11-30,3795,3850,3790,3800,1742
2018-12-03,3775,3890,3735,3890,792
2018-12-04,3800,3895,3800,3895,5296
2018-12-05,3850,3890,3850,3870,396
2018-12-06,3870,3870,3790,3790,690
2018-12-07,3760,3865,3730,3865,1320
2018-12-10,3800,3865,3800,3865,912
2018-12-11,3805,3865,3800,3800,1755
2018-12-12,3800,3850,3800,3850,738
2018-12-13,3800,3870,3800,3850,17017
2018-12-14,3890,3925,3850,3925,6392
2018-12-17,3925,4000,3925,4000,4403
2018-12-18,4000,4150,4000,4150,6248
2018-12-19,4100,4150,4000,4150,2720
2018-12-20,4145,4150,4005,4005,144
2018-12-21,4005,4250,4005,4250,1826
2018-12-24,4235,4500,4230,4500,6165
2018-12-26,4250,4500,4165,4500,4936
2018-12-27,4410,4500,4250,4500,10861
2018-12-28,4400,4480,4400,4450,3462
2018-12-31,4300,4300,4150,4150,3495
2019-01-02,4290,4290,4155,4250,3972
2019-01-03,4200,4200,4155,4155,3364
2019-01-04,4200,4200,4155,4155,1196
2019-01-07,4155,4190,4100,4100,1961
2019-01-08,4100,4150,4100,4100,6351
2019-01-09,4100,4100,4000,4005,1884
2019-01-10,4095,4095,4000,4000,4158
2019-01-11,4000,4050,4000,4000,407
2019-01-14,4000,4095,4000,4010,536
2019-01-15,4010,4010,4000,4000,4152
2019-01-16,4050,4100,4050,4050,2873
2019-01-17,4100,4100,4100,4100,1707
2019-01-18,4105,4150,4050,4150,16388
2019-01-21,4150,4150,4100,4150,5630
2019-01-22,4155,4155,4100,4100,740
2019-01-23,4100,4200,4100,4150,484
2019-01-24,4150,4190,4080,4080,15158
2019-01-25,4055,4200,4055,4200,1595
2019-01-28,4100,4200,4100,4150,4063
2019-01-29,4195,4385,4195,4205,999
2019-01-30,4205,4425,4205,4420,1170
2019-01-31,4200,4350,4200,4215,3330
2019-02-01,4300,4350,4250,4255,1464
2019-02-04,4255,4300,4255,4300,1143
2019-02-05,4255,4300,4255,4300,613
2019-02-06,4300,4300,4255,4260,769
2019-02-07,4260,4345,4260,4345,1827
2019-02-08,4260,4300,4260,4300,877
2019-02-11,4300,4300,4260,4280,2277
2019-02-12,4265,4280,4250,4250,1336
2019-02-13,4250,4300,4250,4290,4706
2019-02-14,4250,4270,4165,4250,1726
2019-02-15,4250,4260,4200,4200,2978
2019-02-18,4200,4250,4100,4100,6664
2019-02-19,4100,4175,4100,4100,381
2019-02-20,4100,4200,4100,4105,2066
2019-02-21,4105,4250,4105,4105,500
2019-02-22,4105,4110,4105,4105,384
2019-02-25,4105,4250,4105,4250,2432
2019-02-26,4290,4290,4200,4200,1967
2019-02-27,4150,4290,4145,4200,4235
2019-02-28,4200,4200,4105,4200,736
2019-03-01,4150,4285,4125,4285,1160
2019-03-04,4285,4290,4285,4290,1608
2019-03-05,4290,4345,4280,4345,6129
2019-03-06,4345,4345,4300,4345,1571
2019-03-07,4290,4400,4200,4400,3928
2019-03-08,4400,4400,4345,4400,350
2019-03-11,4300,4385,4250,4250,863
2019-03-12,4250,4300,4200,4245,2320
2019-03-13,4245,4245,4210,4210,1257
2019-03-14,4245,4250,4240,4240,1917
2019-03-15,4250,4255,4240,4240,829
2019-03-18,4240,4270,4240,4250,395
2019-03-19,4250,4285,4240,4285,1538
2019-03-20,4395,4400,4350,4350,13242
2019-03-21,4400,4500,4350,4500,8769
2019-03-22,4500,4550,4410,4450,1345
2019-03-25,4500,4500,4400,4450,4000
2019-03-26,4400,4495,4400,4450,1354
2019-03-27,4445,4460,4400,4460,1102
2019-03-28,4450,4450,4130,4300,5258
2019-03-29,4400,4400,4300,4350,2197
2019-04-01,4300,4350,4300,4350,3288
2019-04-02,4355,4355,4150,4250,5100
2019-04-03,4300,4300,4165,4300,3141
2019-04-04,4215,4215,4150,4200,3618
2019-04-05,4205,4300,4200,4300,2149
2019-04-08,4375,4375,4200,4305,2462
2019-04-09,4305,4395,4300,4395,5064
2019-04-10,4395,4445,4395,4395,676
2019-04-11,4350,4350,4250,4250,654
2019-04-12,4275,4300,4250,4300,1223
2019-04-15,4300,4350,4220,4350,311
2019-04-16,4295,4295,4210,4295,1200
2019-04-17,4295,4385,4285,4300,2776
2019-04-18,4295,4400,4295,4300,4837
2019-04-19,4295,4395,4245,4310,3594
2019-04-23,4350,4575,4310,4575,18005
2019-04-24,4500,4500,4350,4350,2762
2019-04-25,4405,4500,4400,4500,794
2019-04-26,4500,4600,4350,4455,4272
2019-04-29,4500,4500,4350,4350,10026
2019-04-30,4350,4500,4350,4500,2720
2019-05-02,4495,4550,4400,4500,7140
2019-05-03,4500,4550,4450,4495,13439
2019-05-06,4575,4700,4515,4515,3647
2019-05-07,4515,4600,4515,4600,976
2019-05-08,4600,4900,4600,4900,15619
2019-05-09,4900,4900,4800,4900,6378
2019-05-10,4925,4925,4800,4800,1140
2019-05-13,4750,4750,4500,4500,2575
2019-05-14,4560,4575,4560,4560,1185
2019-05-15,4600,4600,4555,4560,522
2019-05-16,4560,4750,4425,4750,4234
2019-05-17,4705,4805,4705,4800,3115
2019-05-20,4795,4795,4500,4560,2813
2019-05-21,4500,4750,4500,4690,2149
2019-05-22,4690,4740,4690,4690,1073
2019-05-23,4650,4675,4605,4605,1292
2019-05-24,4680,4680,4550,4650,3515
2019-05-27,4560,4605,4560,4565,530
2019-05-28,4565,4600,4415,4550,4801
2019-05-29,4320,4320,4095,4095,959
2019-05-31,4095,4100,4000,4100,3361
2019-06-03,4095,4100,4005,4005,5840
2019-06-05,4005,4005,4000,4005,1553
2019-06-06,4000,4050,4000,4050,1581
2019-06-07,4055,4095,4055,4055,467
2019-06-11,4055,4100,4055,4055,1002
2019-06-12,4055,4090,4055,4090,446
2019-06-13,4100,4100,4060,4085,383
2019-06-14,4090,4090,4050,4050,3098
2019-06-17,4000,4070,4000,4070,1836
2019-06-18,4050,4100,4020,4060,13083
2019-06-19,4065,4065,4000,4005,14448
2019-06-20,4025,4025,4005,4005,298
2019-06-21,4025,4030,3950,4000,3358
2019-06-24,3950,3950,3900,3905,384
2019-06-25,3905,3995,3900,3900,4158
2019-06-26,3905,3995,3850,3995,8404
2019-06-27,3995,4000,3850,4000,21161
2019-06-28,3995,4000,3900,4000,19902
2019-07-01,4000,4000,3950,4000,471
2019-07-02,3995,3995,3900,3900,1981
2019-07-03,3900,4000,3900,4000,1969
2019-07-04,3995,4000,3900,3900,996
2019-07-05,4000,4000,3990,4000,720
2019-07-08,3950,3995,3850,3900,1737
2019-07-09,3950,4000,3900,4000,528
2019-07-10,3995,3995,3920,3925,590
2019-07-11,3925,4000,3925,3950,2114
2019-07-12,3990,3990,3950,3950,192
2019-07-15,3990,3990,3925,3930,753
2019-07-16,3985,3995,3905,3905,2316
2019-07-17,3905,3990,3905,3930,105
2019-07-18,3930,3990,3930,3930,481
2019-07-19,3930,3990,3930,3990,342
2019-07-22,3950,3980,3905,3905,1088
2019-07-23,3910,3950,3900,3900,4720
2019-07-24,3890,3895,3855,3865,501
2019-07-25,3865,3895,3855,3870,411
2019-07-26,3865,3900,3855,3900,1634
2019-07-29,3895,3900,3860,3895,766
2019-07-30,3900,3900,3895,3900,1277
2019-07-31,3895,3895,3850,3895,3086
2019-08-01,3900,3900,3850,3895,225
2019-08-02,3850,3895,3850,3885,840
2019-08-05,3880,3890,3855,3890,600
2019-08-06,3890,3890,3890,3890,29
2019-08-08,3890,3890,3850,3885,1913
2019-08-09,3860,3885,3855,3885,1047
2019-08-13,3885,3890,3875,3885,1859
2019-08-14,3875,3885,3850,3885,1379
2019-08-16,3885,3890,3800,3800,982
2019-08-19,3800,3890,3800,3850,4490
2019-08-20,3895,3895,3850,3850,579
2019-08-21,3885,3890,3850,3890,1284
2019-08-22,3880,3880,3850,3850,986
2019-08-23,3850,3895,3850,3850,639
2019-08-26,3850,3895,3850,3850,288
2019-08-27,3850,3895,3850,3850,386
2019-08-28,3895,3895,3850,3895,540
2019-08-29,3895,3900,3800,3860,2175
2019-08-30,3890,3895,3800,3800,4439
2019-09-02,3775,3800,3700,3700,11084
2019-09-03,3705,3795,3700,3700,6473
2019-09-04,3700,3725,3700,3705,274
2019-09-05,3795,3795,3715,3750,827
2019-09-06,3750,3750,3705,3750,7043
2019-09-09,3750,3755,3700,3700,917
2019-09-10,3705,3755,3700,3710,695
2019-09-11,3750,3750,3700,3710,992
2019-09-12,3750,3750,3705,3715,625
2019-09-13,3710,3715,3650,3650,4778
2019-09-16,3600,3600,3555,3600,4679
2019-09-17,3595,3600,3560,3560,2017
2019-09-18,3550,3550,3500,3525,1357
2019-09-19,3560,3595,3525,3525,1778
2019-09-20,3525,3525,3500,3500,9130
2019-09-23,3400,3495,3280,3495,3890
2019-09-24,3490,3490,3400,3400,307
2019-09-25,3350,3350,3180,3195,1363
2019-09-26,3195,3250,3000,3000,419
2019-09-27,3000,3100,2950,3000,2720
2019-09-30,3000,3000,2950,2950,1829
2019-10-01,3000,3000,2900,2950,2502
2019-10-02,2950,2995,2895,2995,2680
2019-10-03,2960,2960,2850,2900,7962
2019-10-04,2895,2900,2845,2895,4481
2019-10-07,2890,2895,2845,2850,968
2019-10-08,2880,2880,2800,2850,1973
2019-10-09,2850,2850,2640,2670,77628
2019-10-10,2670,2680,2650,2675,4974
2019-10-11,2675,2760,2675,2760,1178
2019-10-14,2700,2760,2700,2700,1936
2019-10-15,2750,2750,2675,2695,1263
2019-10-16,2730,2730,2695,2695,1791
2019-10-17,2700,2700,2695,2695,3298
2019-10-18,2700,2750,2700,2700,1561
2019-10-21,2700,2750,2700,2750,1131
2019-10-22,2750,2800,2750,2800,526
2019-10-23,2900,2900,2900,2900,620
2019-10-24,2900,2900,2760,2760,86375
2019-10-25,2800,2895,2760,2895,45
2019-10-28,2900,2900,2895,2895,117
2019-10-29,2900,2900,2895,2900,1060
2019-10-30,2900,2900,2895,2895,691
2019-10-31,2900,2900,2895,2900,1155
2019-11-04,2900,2900,2890,2890,3768
2019-11-05,2900,3005,2900,2900,2750
2019-11-06,2910,2910,2880,2890,1513
2019-11-07,2900,2905,2900,2900,750
2019-11-08,2905,2905,2700,2825,37352
2019-11-11,2825,2850,2825,2850,286
2019-11-12,2825,2900,2820,2850,83
2019-11-13,2850,2850,2800,2800,1457
2019-11-14,2800,2800,2700,2700,1613
2019-11-18,2800,2810,2800,2800,1722
2019-11-19,2800,2800,2800,2800,148
2019-11-20,2750,2800,2750,2750,331
2019-11-21,2795,2795,2750,2750,3472
2019-11-22,2760,2800,2745,2745,2680
2019-11-25,2745,2750,2745,2750,2080
2019-11-26,2750,2750,2745,2750,1045
2019-11-27,2750,2750,2710,2750,2935
2019-11-28,2750,2750,2745,2745,77
2019-11-29,2745,2750,2745,2745,400
2019-12-02,2740,2750,2710,2710,921
2019-12-03,2700,2700,2670,2670,2649
2019-12-04,2665,2675,2650,2650,2971
2019-12-05,2650,2655,2600,2600,1126
2019-12-06,2605,2675,2605,2675,687
2019-12-09,2675,2675,2650,2675,16275
2019-12-10,2650,2675,2650,2675,373
2019-12-11,2675,2680,2675,2675,585
2019-12-12,2695,2695,2675,2690,3003
2019-12-13,2680,2710,2680,2680,450
2019-12-16,2690,2700,2690,2700,911
2019-12-17,2700,2750,2700,2750,1224
2019-12-18,2740,2750,2705,2740,4030
2019-12-19,2750,2750,2740,2750,1110
2019-12-20,2745,2750,2740,2750,5249
2019-12-23,2745,2750,2745,2750,696
2019-12-24,2750,2750,2740,2750,365
2019-12-26,2750,2750,2740,2750,1134
2019-12-27,2750,2750,2700,2740,1318
2019-12-30,2745,2745,2700,2700,2927
2019-12-31,2740,2740,2705,2705,586
2020-01-02,2705,2750,2705,2710,3052
2020-01-03,2720,2750,2700,2750,3191
2020-01-06,2750,2750,2705,2705,2873
2020-01-07,2700,2750,2700,2710,2987
2020-01-08,2710,2750,2710,2745,5053
2020-01-09,2745,2795,2725,2725,4432
2020-01-10,2720,2750,2720,2750,470
2020-01-13,2750,2750,2710,2750,3263
2020-01-14,2750,2760,2730,2750,2302
2020-01-15,2750,2750,2730,2750,2499
2020-01-16,2730,2750,2705,2705,3694
2020-01-17,2745,2745,2710,2710,291
2020-01-20,2710,2750,2710,2720,983
2020-01-21,2750,2750,2725,2750,1455
2020-01-22,2750,2795,2720,2720,6993
2020-01-23,2750,2795,2740,2750,3714
2020-01-24,2750,2750,2740,2750,66729
2020-01-27,2750,2800,2740,2750,2939
2020-01-28,2750,2790,2750,2790,1783
2020-01-29,2790,2790,2735,2750,3708
2020-01-30,2750,2850,2750,2845,3754
2020-01-31,2845,2850,2845,2845,445
2020-02-03,2850,2850,2800,2850,1669
2020-02-04,2800,2850,2800,2850,4068
2020-02-05,2850,2850,2850,2850,8424
2020-02-06,2805,2850,2760,2770,9532
2020-02-07,2850,2850,2740,2750,27148
2020-02-10,2845,2845,2800,2800,1057
2020-02-11,2800,2800,2750,2755,1651
2020-02-12,2750,2750,2750,2750,1387
2020-02-13,2800,2800,2800,2800,5379
2020-02-14,2790,2800,2760,2765,1847
2020-02-17,2765,2800,2750,2770,1430
2020-02-18,2770,2800,2770,2770,2908
2020-02-19,2800,2840,2800,2800,757
2020-02-20,2845,2845,2765,2765,1317
2020-02-21,2775,2775,2775,2775,520
2020-02-24,2770,2800,2770,2770,809
2020-02-25,2770,2775,2750,2750,735
2020-02-26,2800,2800,2760,2800,479
2020-02-27,2800,2800,2750,2750,4398
2020-02-28,2800,2805,2800,2805,167
2020-03-02,2850,3015,2850,3015,5191
2020-03-03,3240,3240,3240,3240,251
2020-03-04,3480,3480,3370,3480,17112
2020-03-05,3480,3480,3300,3300,1130
2020-03-06,3350,3380,3300,3365,1483
2020-03-09,3400,3450,3300,3300,5335
2020-03-10,3310,3400,3310,3400,12134
2020-03-11,3350,3400,3350,3360,986
2020-03-12,3400,3400,3350,3350,11423
2020-03-13,3350,3370,3350,3360,4215
2020-03-16,3355,3400,3350,3360,1685
2020-03-17,3380,3395,3300,3350,1240
2020-03-18,3395,3410,3395,3400,46147
2020-03-19,3390,3400,3300,3300,515
2020-03-20,3345,3380,3345,3380,4385
2020-03-23,3400,3400,3300,3350,688
2020-03-24,3350,3350,3250,3300,1167
2020-03-25,3300,3300,3295,3300,1783
2020-03-26,3295,3300,3260,3260,1230
2020-03-27,3200,3200,3150,3150,3471
2020-03-30,3145,3200,3125,3200,894
2020-03-31,3200,3200,3200,3200,136
2020-04-01,3200,3225,3155,3155,493
2020-04-02,3200,3200,3010,3130,2985
2020-04-03,3000,3100,3000,3095,1907
2020-04-06,3000,3095,3000,3090,1412
2020-04-07,3095,3095,3000,3090,1166
2020-04-08,3085,3090,3005,3090,844
2020-04-09,3090,3175,3005,3175,438
2020-04-10,3175,3200,3175,3200,390
2020-04-14,3200,3250,3200,3225,273
2020-04-15,3225,3225,3195,3195,2197
2020-04-16,3195,3225,3195,3220,483
2020-04-17,3220,3250,3210,3250,440
2020-04-20,3210,3210,3200,3200,793
2020-04-21,3210,3250,3200,3250,2638
2020-04-22,3250,3250,3210,3210,2154
2020-04-23,3205,3250,3205,3250,3995
2020-04-24,3250,3260,3250,3260,2414
2020-04-27,3260,3260,3225,3260,1989
2020-04-28,3260,3260,3250,3250,4587
2020-04-29,3250,3260,3240,3260,10270
2020-04-30,3260,3260,3255,3260,5801
2020-05-04,3255,3260,3215,3250,1132
2020-05-05,3210,3480,3210,3400,2009
2020-05-06,3400,3450,3230,3230,4287
2020-05-07,3200,3250,3200,3200,15694
2020-05-08,3200,3250,3200,3250,560
2020-05-11,3255,3300,3245,3245,18556
2020-05-12,3300,3300,3245,3245,2776
2020-05-13,3295,3300,3250,3250,12530
2020-05-14,3250,3300,3245,3300,32021
2020-05-15,3295,3300,3260,3295,6091
2020-05-18,3300,3305,3295,3295,4306
2020-05-19,3290,3300,3270,3300,2512
2020-05-22,3300,3390,3300,3350,4749
2020-05-25,3350,3400,3300,3300,1058
2020-05-26,3340,3345,3300,3345,3231
2020-05-27,3345,3345,3300,3345,11420
2020-05-28,3345,3390,3300,3345,35684
2020-05-29,3400,3400,3315,3345,1990
2020-06-02,3340,3345,3305,3305,7909
2020-06-03,3330,3340,3305,3305,4581
2020-06-04,3350,3350,3330,3350,6191
2020-06-05,3350,3350,3335,3340,4898
2020-06-08,2975,3175,2975,3150,6314
2020-06-09,3135,3135,2950,3000,5065
2020-06-10,3000,3000,2950,3000,6201
2020-06-11,3000,3000,2925,2925,20202
2020-06-12,2975,2995,2950,2995,1307
2020-06-15,2995,3000,2995,3000,829
2020-06-16,3000,3050,3000,3050,1161
2020-06-17,3055,3150,3055,3055,6789
2020-06-18,3060,3060,2995,3045,7301
2020-06-19,3005,3030,2995,3000,2740
2020-06-22,3000,3000,2990,3000,579
2020-06-23,3040,3040,2955,3000,2745
2020-06-24,3000,3050,2995,3000,2455
2020-06-25,2980,3000,2980,2980,611
2020-06-26,3000,3000,2980,2995,620
2020-06-29,2995,2995,2960,2960,2320
2020-06-30,2985,2990,2985,2990,3764
2020-07-01,2990,2990,2980,2990,4590
2020-07-02,2980,3000,2950,2990,36525
2020-07-03,2990,3000,2970,2970,618
2020-07-06,2950,2995,2950,2970,1504
2020-07-07,2970,3000,2970,2995,218
2020-07-08,3045,3045,2900,2970,5322
2020-07-09,2920,2950,2920,2950,997
2020-07-10,2940,2950,2930,2930,477
2020-07-13,2925,2930,2900,2920,404
2020-07-14,2920,2945,2900,2945,1195
2020-07-15,2940,2945,2900,2925,2925
2020-07-16,3000,3000,2950,2950,3285
2020-07-17,2950,2990,2950,2990,1416
2020-07-20,2950,2950,2900,2900,956
2020-07-21,2800,2950,2800,2950,2854
2020-07-22,2950,2950,2900,2950,1263
2020-07-23,2950,2950,2800,2900,6007
2020-07-24,2900,2900,2890,2890,652
2020-07-27,2880,2880,2760,2760,3480
2020-07-28,2760,2800,2760,2760,2223
2020-07-29,2760,2760,2760,2760,1773
2020-07-30,2760,2900,2760,2900,1199
2020-08-03,2880,2880,2770,2840,768
2020-08-04,2875,2875,2800,2800,3807
2020-08-05,2830,2850,2800,2850,1141
2020-08-06,2800,2850,2800,2800,1207
2020-08-10,2840,2850,2830,2850,175784
2020-08-11,2815,2840,2800,2830,31159
2020-08-12,2850,2850,2800,2830,6227
2020-08-13,2850,2900,2830,2900,5282
2020-08-14,2850,2950,2850,2945,685
2020-08-17,2945,3000,2945,2950,8420
2020-08-18,2950,2950,2935,2945,2044
2020-08-19,2950,2950,2900,2900,1892
2020-08-20,2925,2925,2925,2925,15
2020-08-21,2950,2950,2910,2925,215
2020-08-24,2925,2925,2900,2925,742
2020-08-25,2940,2945,2900,2930,29249
2020-08-26,2915,2950,2915,2925,7282
2020-08-27,2930,2930,2920,2925,1744
2020-08-28,2925,2930,2900,2900,4480
2020-08-31,2950,2950,2850,2900,3118
2020-09-01,2885,2900,2850,2850,14495
2020-09-02,2840,2900,2840,2850,919
2020-09-03,2870,2880,2870,2870,3220
2020-09-04,2855,2900,2850,2850,1897
2020-09-07,2885,2900,2840,2875,35070
2020-09-08,2900,2900,2800,2875,3255
2020-09-09,2875,2880,2875,2875,178
2020-09-10,2875,2875,2850,2850,576
2020-09-11,2855,2870,2850,2870,810
2020-09-14,2870,2880,2850,2850,1714
2020-09-15,2895,2895,2875,2875,418
2020-09-16,2875,2875,2850,2855,1846
2020-09-17,2875,2875,2845,2855,3965
2020-09-18,2855,2855,2830,2850,5931
2020-09-21,2850,2850,2830,2840,1423
2020-09-22,2845,2860,2800,2800,62015
2020-09-23,2830,2830,2830,2830,483
2020-09-24,2800,2800,2800,2800,219
2020-09-25,2800,2800,2800,2800,342
2020-09-28,2795,2800,2750,2750,5060
2020-09-29,2790,2790,2700,2740,23304
2020-09-30,2740,2740,2695,2715,6973
2020-10-01,2730,2730,2680,2705,10036
2020-10-02,2710,2710,2690,2700,3104
2020-10-05,2700,2700,2680,2700,1225
2020-10-06,2700,2710,2690,2700,6754
2020-10-07,2700,2850,2690,2700,29707
2020-10-08,2800,2800,2700,2700,1245
2020-10-09,2700,2700,2695,2700,2073
2020-10-12,2680,2710,2680,2700,2529
2020-10-13,2700,2700,2700,2700,4752
2020-10-14,2705,2870,2705,2870,374
2020-10-15,2870,2870,2800,2800,751
2020-10-16,2800,2800,2795,2800,9282
2020-10-19,2850,2850,2800,2850,9407
2020-10-20,2805,2805,2800,2805,624
2020-10-21,2805,2900,2805,2805,302
2020-10-22,2805,2850,2805,2850,15552
2020-10-23,2850,2855,2845,2855,12375
2020-10-26,2860,2860,2805,2840,1417
2020-10-27,2845,2845,2800,2835,1624
2020-10-28,2835,2840,2800,2840,4228
2020-10-30,2840,3000,2700,3000,18232
2020-11-02,3000,3000,2940,2940,71
2020-11-03,2940,2940,2800,2800,530
2020-11-04,2800,2900,2800,2900,479
2020-11-05,2880,2900,2750,2900,178
2020-11-06,2900,2900,2845,2845,11028
2020-11-09,2850,2850,2650,2845,30781
2020-11-10,2845,2845,2705,2840,2826
2020-11-11,2840,2845,2715,2840,3067
2020-11-12,2800,2840,2800,2830,1870
2020-11-13,2800,2830,2800,2830,14972
2020-11-16,2830,2840,2735,2795,3228
2020-11-17,2795,2795,2790,2795,440
2020-11-18,2750,2795,2750,2750,38277
2020-11-19,2745,2755,2700,2750,34156
2020-11-20,2750,2800,2715,2750,1856
2020-11-23,2750,2800,2750,2750,9453
2020-11-24,2750,2750,2720,2750,10551
2020-11-25,2800,2800,2750,2750,1539
2020-11-26,2740,2750,2705,2750,3222
2020-11-27,2750,2750,2740,2750,8430
2020-11-30,2750,2750,2740,2750,2435
2020-12-01,2750,2750,2750,2750,2645
2020-12-02,2750,2800,2750,2800,12259
2020-12-03,2800,2800,2750,2785,2262
2020-12-04,2790,2790,2750,2790,22917
2020-12-07,2785,2790,2750,2790,498
2020-12-08,2760,2790,2760,2790,523
2020-12-09,2790,2800,2750,2800,7616
2020-12-10,2790,2800,2790,2800,1972
2020-12-11,2845,2845,2800,2800,5397
2020-12-14,2795,2800,2790,2800,9937
2020-12-15,2795,2800,2780,2795,10339
2020-12-16,2800,2800,2780,2800,4413
2020-12-17,2800,2800,2795,2800,2686
2020-12-18,2800,2800,2795,2800,15081
2020-12-21,2800,2800,2750,2800,4568
2020-12-22,2800,2800,2755,2800,4891
2020-12-23,2765,2800,2765,2800,17172
2020-12-24,2795,2850,2795,2850,14139
2020-12-28,2805,2845,2800,2800,7456
2020-12-29,2800,2900,2800,2895,33927
2020-12-30,2855,2880,2810,2880,501
2020-12-31,2865,2865,2865,2865,300
2021-01-04,2865,2865,2850,2865,249
2021-01-05,2845,2850,2845,2845,2206
2021-01-06,2845,2845,2835,2835,1431
2021-01-07,2840,2840,2810,2835,1723
2021-01-08,2840,2840,2800,2835,3960
2021-01-11,2815,2870,2800,2845,3853
2021-01-12,2850,2875,2840,2850,1935
2021-01-13,2850,2875,2840,2875,23922
2021-01-14,2875,2875,2850,2875,809
2021-01-15,2860,2900,2860,2875,2378
2021-01-18,2875,2900,2875,2895,1320
2021-01-19,2900,2900,2895,2895,13651
2021-01-20,2895,2975,2875,2975,10500
2021-01-21,2975,2975,2895,2900,64145
2021-01-22,2975,2975,2895,2900,9997
2021-01-25,2950,2975,2900,2900,6941
2021-01-26,2910,2950,2910,2910,990
2021-01-27,2910,3000,2910,3000,12081
2021-01-28,3000,3095,3000,3090,1473
2021-01-29,3010,3090,2915,3090,19847
2021-02-01,3095,3200,3090,3095,4904
2021-02-02,3100,3125,3090,3125,1170
2021-02-03,3100,3125,2995,2995,24053
2021-02-04,3000,3000,2950,2950,3541
2021-02-05,2995,3000,2950,2995,1163
2021-02-08,2990,3005,2990,3000,5446
2021-02-09,2995,3000,2995,3000,8680
2021-02-10,3000,3095,2990,2990,11038
2021-02-11,3000,3005,3000,3005,558
2021-02-12,3005,3100,3000,3100,1121
2021-02-15,3010,3100,3010,3095,781
2021-02-16,3090,3100,3085,3095,3601
2021-02-17,3095,3100,3050,3100,1514
2021-02-18,3100,3100,3095,3100,2133
2021-02-19,3100,3105,3100,3100,92
2021-02-22,3100,3180,3100,3105,7238
2021-02-23,3145,3250,3145,3160,3071
2021-02-24,3220,3220,3180,3180,5228
2021-02-25,3190,3230,3150,3230,13041
2021-02-26,3230,3320,3225,3320,6892
2021-03-01,3310,3320,3250,3320,10469
2021-03-02,3300,3350,3295,3335,15130
2021-03-03,3310,3335,3280,3280,5755
2021-03-04,3295,3295,3250,3290,1411
2021-03-05,3295,3335,3280,3320,17391
2021-03-08,3305,3320,3295,3300,30437
2021-03-09,3295,3300,3255,3300,11520
2021-03-10,3300,3300,3240,3295,14436
2021-03-11,3295,3295,3140,3240,28501
2021-03-12,3245,3290,3155,3250,2530
2021-03-15,3205,3240,3160,3240,10219
2021-03-16,3205,3250,3205,3250,2216
2021-03-17,3250,3290,3205,3290,13133
2021-03-18,3295,3300,3250,3295,32322
2021-03-19,3250,3295,3250,3295,1754
2021-03-22,3290,3295,3260,3295,815
2021-03-23,3310,3495,3300,3480,34452
2021-03-24,3470,3480,3390,3440,4007
2021-03-25,3440,3440,3350,3355,4061
2021-03-26,3350,3425,3305,3390,8378
2021-03-29,3390,3425,3390,3400,3168
2021-03-30,3400,3425,3390,3420,1764
2021-03-31,3420,3425,3375,3385,4202
2021-04-01,3400,3420,3390,3420,9567
2021-04-02,3415,3425,3385,3425,2739
2021-04-06,3420,3425,3385,3400,32147
2021-04-07,3395,3420,3395,3400,3960
2021-04-08,3400,3400,3360,3395,2889
2021-04-09,3395,3400,3385,3400,7604
2021-04-12,3400,3400,3385,3395,3579
2021-04-13,3400,3400,3350,3350,5633
2021-04-14,3395,3400,3350,3400,4003
2021-04-15,3355,3400,3355,3400,3868
2021-04-16,3395,3400,3395,3395,2497
2021-04-19,3400,3400,3380,3400,1369
2021-04-20,3400,3490,3400,3480,6622
2021-04-21,3485,3490,3375,3480,2328
2021-04-22,3400,3480,3400,3425,1163
2021-04-23,3425,3490,3400,3480,6197
2021-04-26,3450,3470,3450,3470,1268
2021-04-27,3450,3470,3400,3400,10489
2021-04-28,3450,3450,3400,3400,9137
2021-04-29,3425,3425,3400,3425,7145
2021-04-30,3420,3420,3400,3400,916
2021-05-03,3420,3420,3350,3395,2727
2021-05-04,3350,3410,3350,3395,16695
2021-05-05,3400,3450,3400,3450,1785
2021-05-06,3430,3450,3405,3415,2407
2021-05-07,3410,3490,3405,3425,3872
2021-05-10,3405,3425,3405,3410,1903
2021-05-11,3410,3475,3410,3450,1143
2021-05-14,3450,3475,3425,3475,2202
2021-05-17,3450,3475,3450,3475,1797
2021-05-18,3475,3490,3475,3490,3808
2021-05-19,3535,3545,3500,3535,896
2021-05-20,3535,3590,3500,3590,18360
2021-05-21,3590,3645,3535,3600,35019
2021-05-25,3600,3695,3600,3650,3382
2021-05-26,3650,3680,3590,3590,13434
2021-05-27,3590,3590,3450,3580,19721
2021-05-28,3180,3200,3150,3200,6557
2021-05-31,3200,3200,3150,3175,1314
2021-06-01,3175,3175,3100,3105,2595
2021-06-02,3110,3150,3110,3110,1840
2021-06-03,3100,3110,3090,3105,4870
2021-06-04,3100,3100,3090,3100,4878
2021-06-07,3100,3110,3055,3055,21065
2021-06-08,3085,3150,3085,3145,2225
2021-06-09,3145,3200,3145,3200,6249
2021-06-10,3300,3300,3200,3200,7893
2021-06-11,3200,3250,3200,3250,1526
2021-06-14,3245,3245,3200,3200,10098
2021-06-15,3200,3250,3200,3240,3729
2021-06-16,3250,3290,3240,3250,3726
2021-06-17,3255,3305,3235,3250,26208
2021-06-18,3250,3285,3205,3285,53341
2021-06-21,3250,3275,3250,3250,4536
2021-06-22,3250,3285,3205,3285,23610
2021-06-23,3280,3300,3255,3290,12272
2021-06-24,3290,3290,3285,3285,1015
2021-06-25,3265,3285,3265,3280,1188
2021-06-28,3255,3280,3250,3275,2051
2021-06-29,3275,3285,3270,3285,3899
2021-06-30,3280,3300,3275,3300,8298
2021-07-01,3280,3300,3280,3290,2425
2021-07-02,3290,3290,3280,3280,2600
2021-07-05,3290,3290,3280,3285,1455
2021-07-06,3300,3300,3285,3300,1159
2021-07-07,3300,3300,3280,3300,3498
2021-07-08,3300,3300,3285,3295,1062
2021-07-09,3295,3300,3280,3295,1860
2021-07-12,3295,3295,3250,3285,1386
2021-07-13,3205,3295,3205,3295,1199
2021-07-14,3295,3350,3295,3350,2100
2021-07-15,3350,3350,3305,3345,3461
2021-07-16,3350,3395,3345,3345,3995
2021-07-19,3395,3590,3395,3585,3823
2021-07-21,3575,3600,3475,3585,62005
2021-07-22,3600,3600,3580,3600,33673
2021-07-23,3595,3625,3585,3620,40617
2021-07-26,3625,3625,3620,3625,3069
2021-07-27,3625,3625,3600,3625,15388
2021-07-28,3620,3625,3605,3625,18129
2021-07-29,3620,3625,3605,3625,9045
2021-07-30,3625,3650,3605,3605,857
2021-08-02,3625,3625,3605,3605,2312
2021-08-03,3605,3620,3600,3620,6310
2021-08-04,3620,3620,3605,3605,2065
2021-08-05,3605,3620,3605,3605,1371
2021-08-06,3620,3620,3605,3620,917
2021-08-09,3620,3625,3610,3615,4045
2021-08-10,3620,3625,3610,3625,2488
2021-08-11,3625,3625,3610,3620,678
2021-08-12,3620,3625,3605,3620,3004
2021-08-13,3620,3625,3610,3610,5600
2021-08-16,3625,3750,3620,3750,26754
2021-08-17,3750,3995,3730,3995,2814
2021-08-18,3970,3990,3755,3755,6149
2021-08-19,3895,3900,3770,3890,1654
2021-08-20,3890,3890,3650,3795,6902
2021-08-23,3795,3800,3665,3755,3799
2021-08-24,3755,3845,3750,3845,1468
2021-08-25,3845,3850,3800,3850,3073
2021-08-26,3845,3850,3805,3850,44597
2021-08-27,3810,3850,3805,3825,778
2021-08-30,3825,3850,3825,3825,1338
2021-08-31,3825,3845,3820,3825,1383
2021-09-01,3845,3845,3825,3830,1646
2021-09-02,3830,4090,3830,4080,43212
2021-09-03,4075,4075,4000,4000,605
2021-09-06,4000,4050,4000,4000,2434
2021-09-07,3995,4060,3860,4060,8471
2021-09-08,4000,4090,4000,4060,891
2021-09-09,4000,4100,4000,4060,4914
2021-09-10,4060,4100,4000,4000,6468
2021-09-13,4060,4060,3875,3995,1783
2021-09-14,4000,4000,3915,3920,487
2021-09-15,3920,4000,3920,4000,411
2021-09-16,4000,4100,4000,4000,1068
2021-09-17,4000,4050,4000,4000,2200
2021-09-20,4000,4100,4000,4100,6169
2021-09-21,4050,4090,4050,4080,12648
2021-09-22,4075,4115,4075,4080,14853
2021-09-23,4100,4100,4080,4090,13162
2021-09-24,4050,4095,4025,4090,15699
2021-09-27,4050,4100,4025,4090,26962
2021-09-28,4050,4090,4020,4050,20735
2021-09-29,4050,4050,4010,4050,11991
2021-09-30,4050,4100,4030,4045,4933
2021-10-01,4020,4050,3920,4000,20275
2021-10-04,4005,4050,4000,4025,61903
2021-10-05,4000,4025,3950,4000,6868
2021-10-06,3975,4025,3975,4000,10953
2021-10-07,4000,4000,3965,4000,19288
2021-10-08,4000,4000,3960,3975,3498
2021-10-11,3975,4200,3960,3995,15244
2021-10-12,3990,4000,3960,3975,16665
2021-10-13,3975,3975,3955,3975,5501
2021-10-14,3975,3975,3955,3975,9522
2021-10-15,3995,3995,3955,3975,1656
2021-10-19,4000,4000,3965,3975,14603
2021-10-20,3965,4000,3955,3960,11880
2021-10-21,3975,4000,3955,3965,13159
2021-10-22,3990,3990,3960,3975,3039
2021-10-25,3970,3970,3955,3960,2105
2021-10-26,3960,3980,3950,3970,11399
2021-10-27,3970,4150,3960,4150,52503
2021-10-28,3990,4150,3990,4000,400
2021-10-29,4150,4150,3985,4000,2495
2021-11-03,4000,4000,3970,4000,5244
2021-11-04,4000,4005,3950,3960,6540
2021-11-05,4000,4000,3950,3960,12298
2021-11-08,4000,4000,3960,3975,981
2021-11-09,3960,3960,3950,3960,6725
2021-11-10,3955,3995,3940,3950,11315
2021-11-11,3950,3950,3920,3940,2324
2021-11-12,3940,3940,3925,3925,8316
2021-11-16,3935,4000,3805,3950,17715
2021-11-17,3930,3950,3830,3950,1250
2021-11-18,3950,3950,3855,3900,28421
2021-11-19,3900,3950,3875,3875,2256
2021-11-22,3900,3900,3875,3900,2032
2021-11-23,3900,3900,3875,3880,3508
2021-11-24,3950,3950,3880,3900,3772
2021-11-25,3900,3900,3880,3900,11890
2021-11-26,3950,3950,3885,3900,2733
2021-11-29,3900,3900,3875,3900,16627
2021-11-30,3900,3900,3890,3900,1522
2021-12-01,3890,3900,3890,3900,4751
2021-12-02,3900,3925,3900,3900,7451
2021-12-03,3925,3925,3895,3900,6948
2021-12-06,3900,3925,3890,3895,2004
2021-12-07,3910,3910,3895,3900,11384
2021-12-08,3900,3900,3895,3900,2773
2021-12-09,3900,3910,3895,3900,8756
2021-12-10,3900,3900,3875,3900,1950
2021-12-13,3910,3910,3875,3910,601
2021-12-14,3900,3910,3875,3875,7475
2021-12-15,3875,3900,3850,3855,1865
2021-12-16,3880,3880,3855,3880,627
2021-12-17,3845,3880,3800,3805,5731
2021-12-20,3870,3880,3810,3815,1811
2021-12-21,3880,3880,3820,3850,2405
2021-12-22,3835,3900,3835,3850,5590
2021-12-23,3820,3925,3820,3900,102414
2021-12-24,3860,3925,3860,3900,12954
2021-12-27,3860,3860,3825,3825,4426
2021-12-28,3840,3900,3825,3900,55609
2021-12-29,3900,3925,3850,3900,97664
2021-12-30,3925,3950,3900,3950,3539
2021-12-31,3945,3950,3900,3945,921
2022-01-03,3950,3950,3940,3940,597
2022-01-04,3830,3900,3830,3880,5715
2022-01-05,3900,3900,3880,3900,740
2022-01-06,3900,3940,3900,3900,3672
2022-01-07,3940,3940,3900,3940,1274
2022-01-10,4015,4015,3900,3965,2353
2022-01-11,3965,3965,3955,3960,3420
2022-01-12,3965,3990,3955,3990,4412
2022-01-13,3960,4285,3960,4190,1562
2022-01-14,4000,4100,4000,4000,1905
2022-01-17,4000,4100,3980,3980,5746
2022-01-18,3990,4000,3980,4000,9506
2022-01-19,4000,4000,3985,4000,3404
2022-01-20,4005,4005,3940,4000,18657
2022-01-21,4000,4050,4000,4000,2041
2022-01-24,4000,4075,4000,4075,4891
2022-01-25,4000,4075,3915,4065,4741
2022-01-26,4000,4100,4000,4095,12528
2022-01-27,4095,4100,3990,3990,11529
2022-01-28,3990,4050,3990,4050,9642
2022-01-31,4000,4050,4000,4050,1535
2022-02-01,4030,4030,4010,4010,960
2022-02-02,4010,4090,4005,4080,3386
2022-02-03,4025,4105,4020,4100,10047
2022-02-04,4065,4195,4065,4105,999
2022-02-07,4150,4155,4105,4105,1158
2022-02-08,4115,4190,4115,4190,545
2022-02-09,4190,4200,4185,4185,1545
2022-02-10,4195,4200,4005,4185,17748
2022-02-11,4300,4300,4035,4185,3600
2022-02-14,4185,4250,4175,4250,45900
2022-02-15,4210,4250,4165,4245,2704
2022-02-16,4245,4245,4165,4170,2167
2022-02-17,4185,4245,4185,4210,18446
2022-02-18,4240,4240,4210,4210,1969
2022-02-21,4190,4235,4190,4210,2573
2022-02-22,4215,4240,4200,4240,19294
2022-02-23,4210,4240,4200,4240,1238
2022-02-24,4245,4350,4200,4320,15521
2022-02-25,4355,4485,4320,4485,11415
2022-02-28,4480,4790,4350,4785,2219
2022-03-01,4600,4785,4530,4690,1495
2022-03-02,4600,4685,4590,4605,2374
2022-03-03,4610,4685,4600,4645,12179
2022-03-04,4680,4700,4615,4690,11154
2022-03-07,4690,4750,4675,4750,19942
2022-03-08,4750,4750,4700,4740,2001
2022-03-09,4735,4740,4715,4740,5033
2022-03-10,4710,4820,4710,4755,19057
2022-03-11,4755,4795,4750,4760,4117
2022-03-14,4800,4850,4755,4765,6760
2022-03-15,4780,4900,4765,4845,15858
2022-03-16,4800,4835,4780,4835,5997
2022-03-17,4845,4895,4845,4895,5008
2022-03-18,4845,4895,4790,4800,15501
2022-03-21,4885,4885,4800,4805,978
2022-03-22,4895,4900,4845,4900,1216
2022-03-23,4900,4900,4865,4865,5201
2022-03-24,4870,4985,4870,4900,13881
2022-03-25,4900,4980,4865,4980,673
2022-03-28,4910,4980,4905,4905,577
2022-03-29,4905,4990,4905,4905,679
2022-03-30,4905,4950,4905,4910,7868
2022-03-31,4910,4980,4910,4980,87
2022-04-01,4980,4985,4950,4950,3455
2022-04-04,4940,4950,4915,4920,2032
2022-04-05,4925,4945,4920,4945,4532
2022-04-06,4945,4950,4900,4945,2772
2022-04-07,4900,4945,4890,4940,5533
2022-04-08,4805,4880,4800,4810,3284
2022-04-11,4785,4785,4500,4550,17562
2022-04-12,4600,4675,4595,4600,3588
2022-04-13,4510,4600,4510,4600,5403
2022-04-14,4600,4645,4520,4580,2994
2022-04-15,4600,4600,4580,4600,8281
2022-04-19,4555,4645,4555,4595,1214
2022-04-20,4600,4600,4560,4595,4937
2022-04-21,4600,4600,4515,4595,4987
2022-04-22,4600,4600,4520,4595,588
2022-04-25,4595,4695,4515,4595,47529
2022-04-26,4600,4750,4600,4610,1440
2022-04-27,4600,4615,4550,4580,14601
2022-04-29,4240,4580,4240,4450,8851
2022-05-03,4450,4450,4155,4240,4354
2022-05-04,4240,4250,4005,4230,3249
2022-05-05,4230,4230,4085,4180,3529
2022-05-06,4185,4250,4105,4250,52751
2022-05-09,4250,4250,4200,4235,8178
2022-05-10,4250,4250,4210,4215,4535
2022-05-11,4220,4250,4220,4235,2744
2022-05-12,4235,4250,4220,4250,1861
2022-05-13,4250,4300,4220,4295,2953
2022-05-16,4300,4325,4210,4320,15314
2022-05-17,4300,4320,4210,4300,5282
2022-05-18,4300,4300,4220,4300,1196
2022-05-19,4300,4300,4230,4300,5562
2022-05-20,4300,4300,4265,4300,1980
2022-05-23,4450,4450,4300,4425,9865
2022-05-24,4425,4450,4410,4415,2173
2022-05-25,4430,4430,4410,4410,3168
2022-05-27,4415,4440,4300,4440,8549
2022-05-30,4445,4500,4410,4450,15044
2022-05-31,4450,4600,4450,4595,1627
2022-06-01,4590,4590,4400,4460,6728
2022-06-02,4460,4595,4310,4450,13991
2022-06-03,4595,4595,4450,4500,9847
2022-06-07,4500,4500,4450,4500,6967
2022-06-08,4580,4595,4400,4595,50568
2022-06-09,4550,4550,4445,4500,4212
2022-06-10,4500,4550,4410,4490,18232
2022-06-13,4075,4380,4075,4290,2051
2022-06-14,4275,4275,4100,4150,4788
2022-06-15,4150,4150,3840,4000,3830
2022-06-16,4000,4000,3865,3900,1057
2022-06-17,3995,3995,3900,3900,3165
2022-06-20,3905,3905,3830,3850,10740
2022-06-21,3855,3890,3800,3800,5019
2022-06-22,3805,3850,3805,3810,2284
2022-06-23,3850,3850,3825,3830,5976
2022-06-24,3845,3890,3800,3800,5369
2022-06-27,3795,3800,3755,3800,2763
2022-06-28,3800,3800,3790,3800,759
2022-06-29,3790,3800,3750,3795,15320
2022-06-30,3760,3800,3755,3760,851
2022-07-01,3770,3800,3750,3760,10817
2022-07-04,3800,3800,3700,3700,3228
2022-07-05,3800,3800,3700,3800,17570
2022-07-06,3800,4000,3800,3805,2465
2022-07-07,3805,3995,3805,3995,1420
2022-07-08,3995,3995,3900,3900,581
2022-07-11,3900,3900,3810,3810,2581
2022-07-12,3900,3900,3850,3850,867
2022-07-13,3810,3850,3750,3850,12903
2022-07-14,3850,3850,3765,3850,9311
2022-07-15,3850,3850,3750,3790,8987
2022-07-18,3750,3790,3750,3780,3969
2022-07-19,3780,3785,3740,3755,4862
2022-07-20,3780,3780,3750,3750,1821
2022-07-21,3755,3755,3730,3755,297
2022-07-22,3755,3755,3700,3750,9892
2022-07-25,3740,3750,3710,3750,7425
2022-07-26,3750,3755,3725,3750,8970
2022-07-27,3750,3755,3725,3750,2284
2022-07-28,3755,3755,3750,3755,11899
2022-07-29,3775,3775,3725,3775,4008
2022-08-01,3775,3775,3760,3770,1478
2022-08-02,3760,3800,3760,3800,3421
2022-08-03,3800,3900,3770,3900,1865
2022-08-04,3900,4000,3900,3990,1021
2022-08-05,3980,4000,3980,4000,1491
2022-08-09,4000,4000,3905,3960,4819
2022-08-10,3960,3960,3900,3955,1496
2022-08-11,3955,3960,3905,3955,1917
2022-08-12,3955,3955,3920,3955,1068
2022-08-16,3950,3950,3905,3945,4630
2022-08-17,3910,3910,3850,3860,6912
2022-08-18,3865,3895,3860,3895,1852
2022-08-19,3900,3900,3850,3900,2178
2022-08-22,3800,3895,3800,3895,3288
2022-08-23,3880,3880,3800,3845,7743
2022-08-24,3845,3845,3800,3800,2648
2022-08-25,3800,3835,3775,3820,3091
2022-08-26,3820,3820,3805,3810,1945
2022-08-29,3810,3815,3810,3810,3249
2022-08-30,3810,3810,3800,3810,5417
2022-08-31,3810,3820,3810,3810,685
2022-09-01,3820,3830,3755,3800,5665
2022-09-02,3750,3800,3710,3795,4549
2022-09-05,3710,3800,3710,3800,1111
2022-09-06,3795,3795,3750,3795,939
2022-09-07,3790,3795,3750,3790,2968
2022-09-08,3800,3800,3765,3770,2297
2022-09-09,3770,3770,3770,3770,2261
2022-09-12,3770,3800,3755,3800,6381
2022-09-13,3760,3795,3760,3795,4181
2022-09-14,3770,3800,3770,3800,3242
2022-09-15,3800,3800,3800,3800,2579
2022-09-16,3800,3960,3800,3960,16684
2022-09-19,3960,4000,3800,4000,14498
2022-09-20,3850,4000,3850,4000,2262
2022-09-21,3850,4000,3850,4000,1616
2022-09-22,3850,3995,3815,3995,10911
2022-09-23,3995,3995,3820,3995,3571
2022-09-26,4000,4000,3820,3995,851
2022-09-27,3900,4000,3820,3950,19839
2022-09-28,3950,4055,3860,4000,4224
2022-09-29,4000,4100,3925,4100,1102
2022-09-30,4100,4100,3820,4075,2825
2022-10-03,3900,3905,3825,3850,1581
2022-10-04,4000,4000,3785,3850,10127
2022-10-05,3850,3850,3785,3800,8684
2022-10-06,3800,3800,3790,3790,4353
2022-10-07,3800,3800,3700,3750,16107
2022-10-10,3700,3750,3600,3670,10692
2022-10-11,3500,3650,3395,3550,4391
2022-10-12,3545,3600,3545,3590,1626
2022-10-13,3555,3590,3520,3565,2972
2022-10-14,3570,3590,3570,3590,290
2022-10-17,3600,3650,3590,3650,2960
2022-10-18,3655,3665,3600,3605,3114
2022-10-19,3600,3700,3600,3700,5545
2022-10-20,3605,3740,3605,3740,537
2022-10-21,3740,3790,3710,3790,19779
2022-10-24,3795,3795,3795,3795,1029
2022-10-25,3710,3795,3700,3785,4845
2022-10-26,3700,3770,3605,3770,2287
2022-10-27,3605,3770,3605,3770,1087
2022-10-28,3750,3750,3605,3740,1634
2022-10-31,3740,3740,3740,3740,3408
2022-11-02,3700,3740,3600,3600,2200
2022-11-03,3600,3650,3500,3600,3110
2022-11-04,3600,3600,3405,3500,2112
2022-11-07,3410,3550,3410,3550,523
2022-11-08,3500,3550,3500,3550,478
2022-11-09,3550,3550,3505,3550,682
2022-11-10,3510,3545,3400,3545,9642
2022-11-11,3545,3545,3405,3545,500
2022-11-14,3500,3540,3410,3410,4481
2022-11-16,3410,3505,3410,3505,4575
2022-11-17,3505,3545,3380,3545,7853
2022-11-18,3500,3500,3405,3500,343
2022-11-21,3400,3400,3390,3400,1176
2022-11-22,3400,3400,3340,3340,1918
2022-11-23,3340,3390,3300,3335,2214
2022-11-24,3300,3350,3240,3240,3979
2022-11-25,3265,3265,3205,3205,1085
2022-11-28,3250,3260,3205,3260,375
2022-11-29,3260,3265,3250,3250,2189
2022-11-30,3250,3265,3250,3265,3695
2022-12-01,3265,3350,3265,3350,287
2022-12-02,3350,3350,3300,3300,954
2022-12-05,3295,3295,3210,3210,557
2022-12-06,3210,3300,3210,3300,1047
2022-12-07,3300,3300,3225,3225,296
2022-12-08,3225,3225,3225,3225,130
2022-12-09,3300,3400,3300,3350,3204
2022-12-12,3350,3350,3345,3350,295
2022-12-13,3345,3400,3300,3350,4317
2022-12-14,3350,3350,3300,3345,1270
2022-12-15,3345,3595,3225,3595,10125
2022-12-16,3595,3595,3345,3590,243
2022-12-19,3350,3500,3325,3500,2442
2022-12-20,3500,3500,3350,3485,1365
2022-12-21,3485,3485,3255,3450,449
2022-12-22,3350,3380,3205,3380,3179
2022-12-23,3210,3445,3210,3440,3046
2022-12-27,3440,3440,3400,3430,277
2022-12-28,3250,3430,3250,3265,9530
2022-12-29,3250,3400,3250,3300,13544
2022-12-30,3265,3295,3195,3200,8563
2023-01-02,3200,3200,2960,3180,5993
2023-01-03,3190,3200,3190,3200,7217
2023-01-04,3200,3200,3150,3200,5178
2023-01-05,3200,3205,3155,3200,4503
2023-01-06,3250,3250,3200,3200,1304
2023-01-09,3200,3205,3150,3150,5245
2023-01-10,3150,3205,3150,3205,6343
2023-01-11,3205,3205,3180,3205,2112
2023-01-12,3205,3400,3205,3400,711
2023-01-13,3205,3400,3200,3250,8544
2023-01-16,3165,3250,3165,3250,1112
2023-01-17,3250,3250,3170,3200,945
2023-01-18,3200,3295,3200,3295,944
2023-01-19,3295,3385,3295,3300,1239
2023-01-20,3300,3445,3260,3445,2521
2023-01-23,3300,3300,3260,3300,2471
2023-01-24,3300,3300,3255,3290,724
2023-01-25,3290,3290,3250,3290,1268
2023-01-26,3435,3435,3410,3410,814
2023-01-27,3250,3300,3205,3205,5705
2023-01-30,3290,3395,3265,3395,1214
2023-01-31,3385,3385,3200,3200,6812
2023-02-01,3290,3290,3185,3200,2920
2023-02-02,3220,3250,3180,3195,6545
2023-02-03,3200,3200,3165,3200,6781
2023-02-06,3200,3225,3150,3195,4206
2023-02-07,3190,3195,3105,3195,7202
2023-02-08,3195,3290,3195,3225,114
2023-02-09,3200,3300,3200,3300,2865
2023-02-10,3300,3300,3225,3300,1870
2023-02-13,3310,3375,3300,3375,1272
2023-02-14,3375,3380,3310,3380,921
2023-02-15,3400,3400,3305,3400,4233
2023-02-16,3400,3485,3350,3485,20276
2023-02-17,3450,3485,3345,3465,10945
2023-02-20,3465,3465,3300,3300,4828
2023-02-21,3290,3300,3175,3300,10341
2023-02-22,3200,3300,3150,3300,6908
2023-02-23,3300,3300,3150,3200,13940
2023-02-24,3200,3300,3200,3300,3713
2023-02-27,3250,3300,3200,3290,2649
2023-02-28,3295,3300,3100,3300,8928
2023-03-01,3300,3495,3100,3495,8602
2023-03-02,3350,3485,3235,3470,1121
2023-03-03,3465,3470,3465,3465,46
2023-03-06,3450,3460,3300,3455,291
2023-03-07,3455,3455,3345,3440,1034
2023-03-08,3440,3440,3345,3420,1047
2023-03-09,3350,3435,3350,3435,2502
2023-03-10,3435,3445,3300,3445,1226
2023-03-13,3435,3595,3430,3595,2310
2023-03-14,3550,3590,3435,3555,1729
2023-03-15,3550,3550,3400,3550,9246
2023-03-16,3495,3535,3400,3535,506
2023-03-17,3400,3525,3400,3525,22991
2023-03-20,3520,3525,3305,3500,1103
2023-03-21,3310,3440,3310,3440,486
2023-03-22,3290,3415,3200,3415,4054
2023-03-23,3415,3415,3200,3415,442
2023-03-24,3415,3420,3290,3400,332
2023-03-27,3420,3420,3250,3390,896
2023-03-28,3340,3340,3200,3335,4467
2023-03-29,3345,3350,3300,3350,1200
2023-03-30,3200,3300,3200,3290,2493
2023-03-31,3290,3300,3225,3300,549
2023-04-03,3250,3350,3235,3300,174
2023-04-04,3250,3250,3225,3250,712
2023-04-05,3230,3250,3230,3250,704
2023-04-06,3250,3350,3250,3350,922
2023-04-07,3235,3345,3235,3345,169
2023-04-11,3345,3345,3260,3320,269
2023-04-12,3320,3345,3260,3340,1283
2023-04-13,3340,3345,3340,3340,1620
2023-04-14,3345,3400,3305,3330,2131
2023-04-17,3315,3335,3310,3325,1149
2023-04-19,3320,3390,3300,3305,1388
2023-04-20,3060,3200,3060,3060,4689
2023-04-24,3000,3190,3000,3060,2760
2023-04-25,3050,3050,2865,3000,2591
2023-04-26,3000,3050,2800,2995,5546
2023-04-27,2995,3000,2775,2950,3220
2023-04-28,2795,2800,2750,2790,2935
2023-05-02,2700,2795,2585,2790,4961
2023-05-03,2790,2790,2700,2700,2576
2023-05-04,2700,2790,2700,2785,2233
2023-05-05,2785,2785,2755,2775,1667
2023-05-08,2790,2795,2780,2780,3293
2023-05-09,2800,2800,2785,2790,2744
2023-05-10,2815,2880,2800,2880,5061
2023-05-11,2800,2995,2780,2905,4359
2023-05-12,2905,2995,2895,2905,26603
2023-05-15,2905,2935,2800,2935,4416
2023-05-16,2990,2990,2830,2830,2061
2023-05-17,2835,3000,2835,2835,1180
2023-05-19,2900,2990,2855,2950,1202
2023-05-22,2960,2960,2865,2900,3168
2023-05-23,2900,2930,2850,2900,6316
2023-05-24,2900,2900,2815,2900,1948
2023-05-25,2900,2900,2835,2895,719
2023-05-26,2900,2900,2780,2800,7212
2023-05-30,2800,2800,2780,2800,3978
2023-05-31,2800,2900,2750,2900,5978
2023-06-01,2900,2900,2705,2850,8430
2023-06-02,2885,2900,2800,2890,3862
2023-06-05,2890,2900,2835,2860,19876
2023-06-06,2900,2935,2865,2930,29010
2023-06-07,2935,2935,2865,2880,1792
2023-06-08,2920,2920,2885,2900,3334
2023-06-09,2900,2940,2890,2940,3907
2023-06-12,2940,3000,2930,3000,4066
2023-06-13,2965,2965,2800,2800,7469
2023-06-14,2800,2990,2800,2990,1060
2023-06-15,2950,2995,2790,2800,4314
2023-06-16,2805,2900,2805,2900,1590
2023-06-19,2920,2980,2850,2980,2419
2023-06-20,2995,2995,2900,2985,6833
2023-06-21,2980,2980,2800,2900,2572
2023-06-22,2695,2745,2510,2735,3640
2023-06-23,2695,2900,2695,2705,756
2023-06-26,2745,2745,2700,2720,2761
2023-06-27,2720,2720,2700,2700,1938
2023-06-29,2700,2720,2695,2695,5728
2023-06-30,2700,2700,2690,2690,3314
2023-07-03,2695,2710,2690,2700,5357
2023-07-04,2690,2700,2600,2700,9010
2023-07-05,2695,2700,2600,2700,4060
2023-07-06,2700,2700,2650,2680,1713
2023-07-07,2690,2690,2600,2685,4872
2023-07-10,2685,2685,2625,2670,2387
2023-07-11,2670,2670,2600,2620,4056
2023-07-12,2620,2625,2590,2615,2045
2023-07-13,2590,2590,2420,2420,9608
2023-07-14,2415,2500,2415,2500,4861
2023-07-17,2500,2500,2450,2500,2793
2023-07-18,2495,2550,2495,2545,4956
2023-07-19,2545,2545,2510,2545,2650
2023-07-20,2545,2550,2510,2550,5972
2023-07-21,2590,2590,2500,2550,6303
2023-07-24,2550,2550,2505,2545,2742
2023-07-25,2550,2550,2500,2535,5339
2023-07-26,2535,2535,2530,2530,4408
2023-07-27,2530,2535,2530,2535,1176
2023-07-28,2530,2530,2520,2525,1305
2023-07-31,2525,2530,2525,2525,2828
2023-08-01,2530,2530,2520,2525,1795
2023-08-02,2525,2525,2510,2525,1920
2023-08-03,2525,2525,2500,2525,1772
2023-08-04,2525,2525,2505,2525,4636
2023-08-08,2525,2530,2500,2525,2421
2023-08-09,2525,2525,2410,2500,6542
2023-08-10,2500,2500,2450,2495,5132
2023-08-11,2495,2500,2455,2500,1973
2023-08-14,2495,2510,2450,2500,918
2023-08-16,2500,2510,2495,2495,3121
2023-08-17,2455,2500,2410,2495,11624
2023-08-18,2495,2495,2400,2490,6437
2023-08-21,2400,2490,2305,2400,10419
2023-08-22,2400,2400,2350,2400,2146
2023-08-23,2355,2400,2335,2400,1822
2023-08-24,2400,2400,2280,2400,12335
2023-08-25,2400,2400,2400,2400,14234
2023-08-28,2290,2400,2290,2290,23761
2023-08-29,2290,2300,2175,2290,10088
2023-08-30,2300,2400,2295,2295,9750
2023-08-31,2295,2300,2200,2200,16310
2023-09-01,2200,2300,2200,2210,6304
2023-09-04,2240,2300,2210,2250,3980
2023-09-05,2300,2300,2250,2300,1108
2023-09-06,2295,2300,2250,2300,1915
2023-09-07,2300,2300,2255,2255,7738
2023-09-08,2265,2295,2265,2265,3909
2023-09-11,2280,2300,2265,2295,881
2023-09-12,2295,2295,2280,2290,2353
2023-09-13,2290,2295,2250,2290,3709
2023-09-14,2295,2295,2255,2295,4710
2023-09-15,2290,2295,2270,2295,1529
2023-09-18,2295,2295,2250,2290,9250
2023-09-19,2295,2295,2200,2285,3057
2023-09-20,2285,2290,2280,2285,5778
2023-09-21,2295,2295,2255,2290,1701
2023-09-22,2285,2285,2200,2240,3459
2023-09-25,2250,2250,2165,2240,4754
2023-09-26,2280,2280,2200,2200,10486
2023-09-28,2240,2240,2200,2205,26978
2023-09-29,2240,2240,2200,2200,2108
2023-10-02,2200,2205,2100,2105,9552
2023-10-03,2200,2200,2105,2105,8140
2023-10-04,2145,2195,2110,2150,1068
2023-10-05,2150,2150,2135,2135,4111
2023-10-06,2135,2140,2130,2140,2513
2023-10-09,2140,2200,2110,2150,5700
2023-10-10,2150,2150,2125,2150,2303
2023-10-11,2145,2145,2125,2135,1773
2023-10-12,2130,2130,2100,2130,4571
2023-10-13,2130,2135,2100,2120,13267
2023-10-16,2120,2135,2090,2100,6863
2023-10-17,2100,2100,2095,2100,1280
2023-10-18,2100,2100,2090,2100,4021
2023-10-19,2070,2100,2070,2100,473
2023-10-20,2090,2090,2070,2070,1432
2023-10-23,2070,2075,2025,2025,2617
2023-10-24,2000,2065,2000,2025,8553
2023-10-25,2015,2025,2000,2010,1167
2023-10-26,2020,2025,2000,2025,3167
2023-10-27,2065,2175,2065,2175,17194
2023-10-30,2200,2335,2190,2300,2860
2023-10-31,2300,2300,2295,2295,10430
2023-11-02,2295,2295,2190,2200,5952
2023-11-03,2190,2200,2180,2195,714
2023-11-06,2200,2235,2200,2225,1288
2023-11-07,2220,2225,2200,2200,1484
2023-11-08,2200,2200,2105,2200,3967
2023-11-09,2105,2200,2100,2150,6349
2023-11-10,2150,2185,2080,2185,24719
2023-11-13,2185,2185,2150,2185,2051
2023-11-14,2185,2185,2100,2180,3682
2023-11-16,2180,2180,2100,2180,7757
2023-11-17,2180,2185,2105,2115,12624
2023-11-20,2180,2200,2100,2150,9234
2023-11-21,2200,2290,2150,2275,4971
2023-11-22,2275,2275,2105,2275,4905
2023-11-23,2270,2270,2150,2245,4903
2023-11-24,2245,2250,2170,2200,2206
2023-11-27,2200,2200,2185,2200,6843
2023-11-28,2200,2200,2190,2200,3037
2023-11-29,2190,2200,2190,2200,465
2023-11-30,2200,2200,2190,2200,3897
2023-12-01,2220,2350,2165,2180,9409
2023-12-04,2200,2200,2175,2200,543
2023-12-05,2200,2200,2185,2200,3347
2023-12-06,2200,2365,2200,2300,3980
2023-12-07,2300,2300,2290,2290,2665
2023-12-08,2290,2295,2205,2280,10320
2023-12-11,2275,2295,2275,2295,784
2023-12-12,2210,2295,2210,2290,2454
2023-12-13,2290,2290,2290,2290,787
2023-12-14,2290,2290,2200,2280,7919
2023-12-15,2200,2200,2200,2200,3181
2023-12-18,2205,2295,2160,2295,9576
2023-12-19,2295,2300,2155,2300,1666
2023-12-20,2300,2300,2200,2280,2705
2023-12-21,2290,2295,2280,2280,510
2023-12-22,2280,2295,2210,2290,3127
2023-12-26,2290,2290,2200,2275,1139
2023-12-27,2285,2285,2225,2275,1168
2023-12-28,2205,2285,2200,2285,996
2023-12-29,2285,2285,2200,2280,20579
2024-01-02,2285,2300,2270,2270,302
2024-01-03,2275,2350,2275,2330,358
2024-01-04,2270,2330,2270,2300,2107
2024-01-05,2300,2300,2210,2210,3015
2024-01-08,2205,2285,2200,2200,9022
2024-01-09,2200,2350,2200,2345,4733
2024-01-10,2345,2350,2340,2340,1218
2024-01-11,2200,2200,2195,2200,4781
2024-01-12,2195,2200,2150,2150,2601
2024-01-15,2150,2150,2010,2150,4286
2024-01-16,2145,2300,2145,2300,1046
2024-01-17,2335,2335,2255,2335,390
2024-01-18,2300,2300,2295,2300,1269
2024-01-19,2325,2325,2165,2300,14009
2024-01-22,2300,2300,2175,2200,6740
2024-01-23,2250,2280,2205,2280,1004
2024-01-24,2235,2235,2175,2235,4410
2024-01-25,2235,2235,2190,2235,610
2024-01-26,2235,2280,2180,2280,751
2024-01-29,2150,2240,2150,2210,1485
2024-01-30,2210,2210,2110,2200,1522
2024-01-31,2200,2215,2190,2200,1824
2024-02-01,2150,2150,2130,2150,1520
2024-02-02,2150,2150,2130,2150,645
2024-02-05,2130,2150,2130,2135,5949
2024-02-06,2140,2140,2125,2135,5873
2024-02-07,2135,2135,2130,2135,1573
2024-02-08,2135,2200,2130,2200,1504
2024-02-09,2200,2200,2130,2200,1665
2024-02-13,2200,2210,2200,2200,1109
2024-02-14,2200,2270,2165,2270,820
2024-02-15,2270,2270,2170,2200,8410
2024-02-16,2200,2200,2170,2195,2546
2024-02-19,2195,2195,2100,2100,10275
2024-02-20,2100,2100,2070,2100,4488
2024-02-21,2095,2100,2095,2100,770
2024-02-22,2100,2100,2050,2090,4762
2024-02-23,2090,2100,2075,2090,974
2024-02-26,2100,2100,2100,2100,1217
2024-02-27,2100,2100,2090,2100,1001
2024-02-28,2100,2100,2090,2095,1354
2024-02-29,2100,2100,2055,2095,1979
2024-03-01,2095,2100,2090,2095,4446
2024-03-04,2095,2095,2090,2095,7043
2024-03-05,2095,2100,2090,2100,2621
2024-03-06,2095,2100,2090,2090,3988
2024-03-07,2100,2100,2095,2100,753
2024-03-08,2100,2100,2095,2100,760
2024-03-11,2095,2255,2095,2250,14900
2024-03-12,2150,2150,2110,2150,1138
2024-03-13,2200,2275,2150,2205,3841
2024-03-14,2275,2275,2275,2275,59
2024-03-15,2275,2275,2105,2105,42485
2024-03-18,2105,2140,2100,2140,3059
2024-03-19,2225,2225,2110,2110,2978
2024-03-20,2115,2220,2100,2210,17611
2024-03-21,2215,2220,2200,2220,148
2024-03-22,2220,2270,2210,2270,1457
2024-03-25,2210,2395,2210,2345,48588
2024-03-26,2340,2340,2300,2330,537
2024-03-27,2335,2335,2300,2320,1747
2024-03-28,2320,2335,2300,2320,17001
2024-03-29,2320,2320,2300,2300,6113
2024-04-02,2300,2320,2300,2305,805
2024-04-03,2330,2330,2265,2295,3600
2024-04-04,2265,2325,2250,2280,11163
2024-04-05,2300,2450,2300,2445,36062
2024-04-08,2400,2450,2300,2400,31971
2024-04-09,2400,2400,2300,2300,18902
2024-04-11,2305,2400,2300,2400,6173
2024-04-12,2350,2350,2280,2300,18159
2024-04-15,2390,2390,2300,2320,10855
2024-04-16,2305,2305,2285,2300,16854
2024-04-17,2300,2350,2290,2300,4636
2024-04-18,2300,2300,2260,2260,6046
2024-04-19,2260,2280,2255,2270,6232
2024-04-22,2270,2280,2260,2260,4243
2024-04-23,2270,2270,2260,2270,4201
2024-04-24,2260,2270,2260,2260,53916
2024-04-25,2260,2280,2260,2270,2186
2024-04-26,2270,2270,2260,2270,4993
2024-04-29,2280,2300,2270,2300,77616
2024-04-30,2345,2470,2345,2380,10006
2024-05-02,2425,2555,2405,2550,5251
2024-05-03,2625,2675,2550,2645,19880
2024-05-06,2645,2645,2600,2605,4773
2024-05-07,2605,2605,2450,2600,5970
2024-05-08,2600,2600,2500,2595,4459
2024-05-10,2600,2605,2590,2600,12165
2024-05-13,2600,2620,2600,2615,2500
2024-05-14,2615,2780,2610,2780,13895
2024-05-15,2750,2750,2735,2735,2402
2024-05-16,2730,2730,2700,2725,29719
2024-05-17,2705,2730,2700,2715,12794
2024-05-21,2710,2710,2670,2700,3044
2024-05-22,2700,2710,2650,2650,9143
2024-05-23,2700,2735,2700,2735,15840
2024-05-24,2735,2735,2700,2730,2907
2024-05-27,2725,2730,2705,2705,12873
2024-05-28,2705,2725,2700,2715,17962
2024-05-29,2715,2725,2705,2720,8080
2024-05-30,2720,2725,2715,2725,6823
2024-05-31,2725,2725,2720,2720,5788
2024-06-03,2725,2725,2710,2720,5809
2024-06-04,2725,2725,2720,2725,3858
2024-06-05,2725,2810,2720,2810,20474
2024-06-06,2730,2810,2730,2810,2932
2024-06-07,2810,2810,2800,2810,2194
2024-06-10,2810,2810,2800,2800,1280
2024-06-11,2800,2800,2780,2800,864
2024-06-12,2785,2805,2785,2805,4268
2024-06-13,2800,2800,2785,2800,5095
2024-06-14,2800,2805,2780,2805,9221
2024-06-18,2805,2850,2805,2850,9317
2024-06-19,2850,2880,2820,2880,1245
2024-06-20,2850,2880,2850,2850,5588
2024-06-21,2850,2850,2800,2800,2545
2024-06-24,2800,2850,2800,2850,2281
2024-06-25,2860,2880,2850,2880,521
2024-06-26,2880,2880,2800,2880,33622
2024-06-27,2855,2880,2800,2850,13378
2024-06-28,2850,2850,2785,2800,14869
2024-07-01,2845,2845,2780,2785,3477
2024-07-02,2790,2800,2750,2795,7747
2024-07-03,2785,2800,2755,2795,1876
2024-07-04,2800,2800,2800,2800,837
2024-07-05,2800,2800,2755,2775,7868
2024-07-08,2800,2875,2775,2850,12285
2024-07-09,2805,2875,2800,2875,1451
2024-07-10,2875,2880,2875,2875,3217
2024-07-11,2880,2925,2800,2880,19685
2024-07-12,2925,2925,2810,2850,1274
2024-07-15,2850,2880,2850,2880,6594
2024-07-16,2880,2925,2880,2900,3656
2024-07-17,2920,2920,2875,2915,2176
2024-07-18,2915,2950,2915,2950,456
2024-07-19,2950,3000,2940,2950,14503
2024-07-22,3000,3000,2950,2990,3269
2024-07-23,2995,3000,2990,2990,4382
2024-07-24,2995,2995,2990,2995,3299
2024-07-25,2995,3000,2990,2995,3578
2024-07-26,2995,3000,2985,2995,5204
2024-07-29,2600,2800,2600,2800,11236
2024-07-30,2800,2800,2700,2700,5928
2024-07-31,2700,2720,2665,2700,9458
2024-08-01,2680,2680,2655,2655,6514
2024-08-02,2650,2670,2590,2600,9110
2024-08-05,2600,2600,2475,2480,34860
2024-08-06,2490,2500,2485,2490,3932
2024-08-08,2490,2500,2485,2500,13059
2024-08-09,2500,2650,2500,2650,6120
2024-08-12,2650,2700,2565,2600,28948
2024-08-13,2650,2700,2600,2600,11655
2024-08-14,2600,2600,2510,2600,4016
2024-08-16,2600,2700,2585,2595,6506
2024-08-19,2600,2600,2560,2595,41875
2024-08-20,2595,2650,2560,2600,11146
2024-08-21,2600,2650,2600,2645,6543
2024-08-22,2625,2700,2625,2700,2671
2024-08-23,2700,2775,2700,2775,8492
2024-08-26,2780,2780,2710,2780,15740
2024-08-27,2780,2780,2700,2700,3811
2024-08-28,2780,2780,2700,2700,2663
2024-08-29,2700,2750,2690,2750,4550
2024-08-30,2750,2750,2650,2745,4458
2024-09-02,2745,2745,2650,2690,19084
2024-09-03,2650,2700,2640,2695,1733
2024-09-04,2695,2700,2670,2670,6175
2024-09-05,2680,2690,2600,2690,7923
2024-09-06,2700,2700,2610,2690,7276
2024-09-09,2695,2700,2650,2690,7385
2024-09-10,2690,2695,2655,2655,16335
2024-09-11,2685,2700,2650,2655,4947
2024-09-12,2460,2460,2460,2460,10009
2024-09-13,2305,2455,2305,2400,27191
2024-09-16,2400,2580,2355,2580,3230
2024-09-17,2580,2580,2500,2500,317
2024-09-18,2500,2500,2415,2415,2768
2024-09-19,2455,2455,2415,2450,1512
2024-09-20,2450,2460,2450,2460,2389
2024-09-23,2460,2500,2460,2500,1786
2024-09-24,2500,2500,2465,2500,1399
2024-09-25,2500,2500,2415,2500,6922
2024-09-26,2440,2500,2430,2495,1447
2024-09-27,2495,2500,2490,2490,2072
2024-09-30,2490,2490,2430,2450,2165
2024-10-01,2455,2490,2450,2485,2156
2024-10-02,2490,2490,2405,2450,3259
2024-10-03,2450,2480,2450,2480,798
2024-10-04,2490,2500,2450,2460,2668
2024-10-07,2450,2490,2400,2400,7497
2024-10-08,2455,2455,2410,2430,1050
2024-10-09,2410,2430,2355,2400,11831
2024-10-10,2400,2400,2390,2390,1325
2024-10-11,2370,2400,2350,2400,3481
2024-10-14,2395,2400,2390,2395,1402
2024-10-15,2390,2390,2350,2350,3551
2024-10-16,2335,2400,2325,2350,65927
2024-10-17,2380,2400,2360,2380,897
2024-10-18,2400,2400,2380,2400,2473
2024-10-21,2400,2400,2375,2395,202904
2024-10-22,2395,2400,2395,2395,3261
2024-10-23,2400,2400,2390,2395,1853
2024-10-24,2380,2400,2380,2400,7871
2024-10-25,2400,2400,2340,2350,8171
2024-10-28,2350,2400,2350,2395,2456
2024-10-29,2400,2400,2395,2395,3290
2024-10-30,2395,2400,2390,2400,2908
2024-10-31,2400,2400,2390,2390,1450
2024-11-04,2385,2395,2375,2395,4185
2024-11-05,2350,2350,2220,2250,15244
2024-11-06,2230,2350,2195,2340,9298
2024-11-07,2340,2340,2210,2325,967
2024-11-08,2325,2390,2300,2390,10066
2024-11-11,2390,2390,2325,2350,2216
2024-11-12,2355,2370,2325,2350,3803
2024-11-13,2350,2370,2340,2370,3443
2024-11-14,2365,2370,2350,2370,2134
2024-11-18,2380,2390,2350,2350,3190
2024-11-19,2350,2350,2340,2350,1983
2024-11-20,2340,2375,2340,2340,32614
2024-11-21,2320,2340,2320,2340,276
2024-11-22,2340,2350,2340,2350,500
2024-11-25,2345,2350,2305,2340,1355
2024-11-26,2300,2300,2290,2290,2026
2024-11-27,2285,2300,2255,2300,1968
2024-11-28,2300,2300,2255,2300,2990
2024-11-29,2300,2300,2290,2300,648
2024-12-02,2300,2300,2280,2300,1835
2024-12-03,2300,2300,2255,2300,1589
2024-12-04,2300,2305,2295,2300,2104
2024-12-05,2345,2345,2300,2300,1163
2024-12-06,2300,2345,2295,2340,2575
2024-12-09,2300,2300,2290,2300,829
2024-12-10,2300,2300,2225,2250,4694
2024-12-11,2245,2245,2225,2245,1288
2024-12-12,2245,2250,2235,2245,1422
2024-12-13,2225,2300,2220,2300,2487
2024-12-16,2300,2375,2245,2300,2771
2024-12-17,2300,2375,2250,2355,1084
2024-12-18,2355,2355,2340,2345,391
2024-12-19,2345,2345,2250,2340,15736
2024-12-20,2250,2340,2250,2340,406
2024-12-23,2340,2340,2245,2245,2116
2024-12-24,2250,2300,2250,2300,471
2024-12-26,2295,2295,2255,2295,1884
2024-12-27,2295,2295,2250,2295,1332
2024-12-30,2255,2295,2250,2250,3567
2024-12-31,2250,2295,2250,2295,3148
2025-01-02,2290,2300,2290,2290,863
2025-01-03,2290,2290,2290,2290,1300
2025-01-06,2290,2295,2290,2290,878
2025-01-07,2270,2295,2250,2250,5768
2025-01-08,2235,2245,2235,2245,2136
2025-01-09,2245,2245,2205,2205,2682
2025-01-10,2210,2220,2210,2220,1198
2025-01-13,2220,2245,2220,2245,4802
2025-01-14,2220,2240,2200,2205,6127
2025-01-15,2205,2245,2205,2210,1744
2025-01-16,2215,2245,2205,2205,1343
2025-01-17,2210,2245,2205,2245,735
2025-01-20,2240,2245,2150,2245,2848
2025-01-21,2245,2245,2240,2245,1184
2025-01-22,2240,2245,2080,2245,22699
2025-01-23,2245,2245,2240,2240,501
2025-01-24,2240,2280,2240,2250,1224
2025-01-27,2250,2285,2245,2285,1082
2025-01-28,2285,2285,2250,2285,1952
2025-01-29,2285,2290,2280,2285,4433
2025-01-30,2255,2285,2255,2285,896
2025-01-31,2255,2285,2255,2285,5857
2025-02-03,2285,2290,2270,2275,1307
2025-02-04,2285,2285,2270,2285,1992
2025-02-05,2285,2380,2275,2380,6315
2025-02-06,2380,2380,2350,2360,543
2025-02-07,2360,2365,2360,2365,3044
2025-02-10,2365,2420,2365,2380,1082
2025-02-11,2385,2410,2365,2370,2135
2025-02-12,2380,2380,2365,2370,926
2025-02-13,2380,2445,2370,2445,11225
2025-02-14,2440,2500,2370,2495,17363
2025-02-17,2495,2500,2375,2490,1142
2025-02-18,2490,2495,2450,2490,21532
2025-02-19,2495,2500,2400,2500,375
2025-02-20,2495,2495,2495,2495,1745
2025-02-21,2455,2495,2390,2480,1304
2025-02-24,2450,2500,2400,2495,5678
2025-02-25,2400,2500,2400,2410,17179
2025-02-26,2410,2490,2400,2485,1581
2025-02-27,2485,2495,2405,2405,1578
2025-02-28,2490,2490,2405,2450,1753
2025-03-03,2450,2475,2410,2420,778
2025-03-04,2420,2450,2410,2450,3889
2025-03-05,2490,2495,2450,2480,3496
2025-03-06,2490,2500,2485,2500,2617
2025-03-07,2500,2625,2500,2625,3562
2025-03-10,2625,2670,2535,2670,2126
2025-03-11,2550,2690,2550,2670,12693
2025-03-12,2690,2690,2680,2690,2853
2025-03-13,2700,2820,2700,2820,15172
2025-03-14,2820,2840,2710,2800,49795
2025-03-17,2800,2800,2720,2795,2499
2025-03-18,2800,2800,2750,2750,1228
2025-03-19,2770,2790,2755,2780,4288
2025-03-20,2790,2895,2750,2895,22113
2025-03-21,2870,2870,2755,2865,1522
2025-03-24,2865,2865,2770,2800,2458
2025-03-25,2800,2805,2715,2715,11390
2025-03-26,2795,2795,2720,2770,388
2025-03-28,2765,2770,2700,2770,5982
2025-04-01,2750,2750,2705,2750,2330
2025-04-02,2750,2750,2700,2740,1291
2025-04-03,2740,2740,2675,2705,1230
2025-04-04,2680,2700,2675,2675,1149
2025-04-07,2650,2650,2525,2570,2406
2025-04-08,2500,2570,2380,2560,9727
2025-04-09,2550,2560,2380,2535,3920
2025-04-10,2530,2600,2380,2600,6033
2025-04-11,2560,2780,2540,2780,2239
2025-04-14,2760,2760,2575,2650,1175
2025-04-15,2640,2735,2550,2735,1422
2025-04-16,2650,2730,2650,2700,2181
2025-04-17,2690,2700,2650,2700,3239
2025-04-18,2500,2600,2500,2600,2440
2025-04-22,2590,2590,2500,2580,4567
2025-04-23,2580,2580,2500,2550,805
2025-04-24,2500,2560,2500,2560,2074
2025-04-25,2560,2560,2500,2500,7324
2025-04-28,2500,2500,2500,2500,2010
2025-04-29,2500,2500,2410,2495,1176
2025-04-30,2500,2500,2490,2490,386
2025-05-02,2485,2500,2410,2480,1911
2025-05-05,2465,2500,2380,2400,6179
2025-05-06,2400,2450,2400,2450,1530
2025-05-07,2440,2440,2400,2430,2025
2025-05-08,2430,2430,2400,2430,4838
2025-05-09,2410,2410,2255,2410,7103
2025-05-12,2410,2410,2390,2400,821
2025-05-13,2405,2410,2400,2405,4574
2025-05-14,2405,2450,2300,2400,8620
2025-05-15,2400,2400,2250,2400,9306
2025-05-16,2400,2400,2300,2390,1611
2025-05-19,2390,2390,2305,2390,3657
2025-05-20,2390,2390,2360,2390,1231
2025-05-21,2390,2450,2390,2450,2979
2025-05-22,2455,2480,2405,2405,2264
2025-05-23,2480,2500,2400,2500,74372
2025-05-26,2500,2590,2410,2580,864
2025-05-27,2580,2580,2500,2580,2021
2025-05-28,2600,2650,2540,2555,14505
2025-05-30,2555,2585,2555,2585,515
2025-06-02,2600,2600,2570,2575,2466
2025-06-03,2555,2575,2555,2560,2301
2025-06-04,2580,2580,2560,2580,442
2025-06-05,2585,2585,2565,2565,1061
2025-06-10,2580,2580,2500,2580,11253
2025-06-11,2575,2585,2390,2585,16110
2025-06-12,2600,2700,2595,2690,3203
2025-06-13,2695,2695,2650,2650,3032
2025-06-16,2690,2690,2600,2600,4311
2025-06-17,2585,2685,2585,2600,1774
2025-06-18,2690,2690,2600,2685,1246
2025-06-19,2685,2685,2550,2550,1884
2025-06-20,2650,2685,2600,2600,1348
2025-06-23,2600,2600,2405,2405,15609
2025-06-24,2500,2585,2410,2585,1137
2025-06-25,2600,2630,2595,2600,2067
2025-06-26,2630,2650,2580,2650,4265
2025-06-27,2650,2650,2600,2600,3902
2025-06-30,2600,2600,2500,2600,2194
2025-07-01,2600,2640,2600,2635,699
2025-07-02,2510,2650,2505,2650,12558
2025-07-03,2650,2670,2640,2640,36870
2025-07-04,2660,2690,2650,2690,1084
2025-07-07,2690,2700,2660,2660,2343
2025-07-08,2660,2705,2650,2650,3109
2025-07-09,2700,2700,2650,2650,1189
2025-07-10,2650,2650,2640,2650,563
2025-07-11,2650,2695,2650,2690,1593
2025-07-14,2650,2685,2650,2685,2957
2025-07-15,2650,2685,2600,2600,3051
2025-07-16,2685,2685,2510,2600,33992
2025-07-17,2405,2540,2400,2540,26651
2025-07-18,2505,2525,2450,2495,1252
2025-07-21,2500,2525,2500,2500,4427
2025-07-22,2500,2535,2400,2405,6030
2025-07-23,2400,2410,2300,2300,2526
2025-07-24,2305,2430,2305,2430,25121
2025-07-25,2420,2420,2300,2380,7732
2025-07-28,2400,2400,2300,2380,1929
2025-07-29,2380,2400,2350,2350,6211
2025-07-30,2350,2350,2200,2350,15219
2025-07-31,2350,2400,2305,2400,2623
2025-08-01,2400,2400,2350,2350,6532
2025-08-04,2375,2375,2215,2300,2971
2025-08-05,2300,2345,2250,2300,3238
2025-08-06,2300,2345,2300,2345,2380
2025-08-08,2345,2345,2260,2340,8932
2025-08-11,2260,2340,2260,2300,5988
2025-08-12,2290,2300,2260,2295,941
2025-08-13,2295,2300,2280,2295,4380
2025-08-14,2275,2340,2275,2340,15058
2025-08-18,2300,2350,2300,2335,11603
2025-08-19,2340,2450,2340,2445,6778
2025-08-20,2335,2445,2295,2425,30565
2025-08-21,2440,2440,2315,2395,910
2025-08-22,2395,2400,2355,2355,1417
2025-08-25,2350,2375,2350,2370,850
2025-08-26,2370,2375,2350,2355,2745
2025-08-27,2350,2355,2340,2345,9403
2025-08-28,2345,2355,2335,2335,2038
2025-08-29,2340,2340,2325,2335,3319
2025-09-01,2335,2395,2300,2395,10883
2025-09-02,2385,2385,2305,2335,8087
2025-09-03,2305,2400,2300,2400,12172
2025-09-05,2380,2380,2250,2255,11135
2025-09-08,2255,2280,2255,2265,6722
2025-09-09,2255,2300,2250,2260,12169
2025-09-10,2300,2310,2265,2300,11192
2025-09-11,2315,2315,2290,2300,3265
2025-09-12,2310,2320,2275,2280,5331
2025-09-15,2300,2300,2240,2280,7214
2025-09-16,2280,2280,2275,2280,3640
2025-09-17,2280,2300,2270,2295,3920
2025-09-18,2290,2300,2290,2295,2223
2025-09-19,2290,2295,2280,2290,4650
2025-09-22,2290,2300,2275,2300,8333
2025-09-23,2300,2300,2290,2295,1717
2025-09-24,2295,2295,2290,2290,7240
2025-09-25,2300,2300,2290,2295,4917
2025-09-26,2295,2300,2290,2300,6186
2025-09-29,2300,2350,2300,2300,2025
2025-09-30,2300,2360,2300,2360,4869
2025-10-01,2345,2395,2345,2390,2334
2025-10-02,2390,2390,2390,2390,2449
2025-10-03,2390,2400,2360,2370,3423
2025-10-06,2400,2545,2325,2325,5570
2025-10-07,2400,2495,2325,2495,2701
2025-10-08,2500,2600,2500,2600,14304
2025-10-09,2540,2540,2500,2500,15300
2025-10-10,2500,2545,2500,2505,1360
2025-10-13,2500,2530,2400,2530,3071
2025-10-14,2500,2530,2500,2505,1944
2025-10-15,2505,2530,2460,2525,4566
2025-10-16,2525,2525,2370,2370,3255
2025-10-17,2370,2515,2370,2500,2268
2025-10-20,2500,2500,2450,2500,1195
2025-10-21,2500,2500,2400,2495,4721
2025-10-22,2400,2500,2400,2405,4445
2025-10-23,2405,2410,2405,2410,1243
2025-10-24,2495,2500,2420,2500,3528
2025-10-27,2500,2525,2425,2515,4240
2025-10-28,2515,2520,2410,2500,3112
2025-10-29,2500,2500,2490,2500,4123
2025-10-30,2410,2500,2400,2410,4703
2025-10-31,2410,2420,2410,2420,5395
2025-11-03,2420,2420,2405,2415,5636
2025-11-04,2410,2460,2385,2385,7532
2025-11-05,2395,2490,2395,2450,2481
2025-11-06,2500,2500,2400,2500,1186
2025-11-07,2450,2490,2450,2450,1448
2025-11-10,2400,2450,2400,2405,5275
2025-11-11,2410,2495,2400,2495,5187
2025-11-12,2495,2500,2400,2400,1251
2025-11-13,2495,2495,2405,2495,655
2025-11-14,2400,2495,2400,2495,1757
2025-11-17,2495,2495,2450,2490,2490
2025-11-18,2490,2500,2410,2500,9162
2025-11-19,2500,2500,2415,2495,561
2025-11-20,2490,2500,2450,2490,863
2025-11-21,2470,2490,2470,2490,1221
2025-11-24,2500,2500,2470,2490,1444
2025-11-25,2480,2500,2480,2500,1566
2025-11-26,2480,2510,2480,2480,2100
2025-11-27,2480,2550,2480,2540,7463
2025-11-28,2540,2540,2480,2540,5466
2025-12-01,2480,2525,2480,2525,595
2025-12-02,2520,2520,2500,2520,300
2025-12-03,2520,2520,2480,2510,4238
2025-12-04,2510,2520,2485,2500,8409
2025-12-05,2485,2500,2480,2500,5337
2025-12-08,2500,2520,2480,2500,2463
2025-12-09,2500,2515,2480,2480,1226
2025-12-10,2500,2525,2480,2525,1646
2025-12-11,2520,2525,2485,2525,3054
2025-12-12,2510,2510,2500,2505,637
2025-12-15,2505,2510,2400,2505,14195
2025-12-16,2410,2505,2405,2415,1329
2025-12-17,2495,2495,2415,2450,2489
2025-12-18,2450,2500,2420,2500,6146
2025-12-19,2500,2500,2420,2495,1845
2025-12-22,2450,2490,2440,2440,5869
2025-12-23,2495,2495,2420,2490,993
2025-12-24,2490,2495,2490,2495,573
2025-12-26,2500,2500,2490,2490,1585
2025-12-29,2385,2480,2385,2480,3525
2025-12-30,2495,2495,2300,2490,13227
2025-12-31,2490,2490,2485,2485,313
2026-01-02,2300,2485,2300,2450,1690
2026-01-05,2480,2480,2450,2480,1160
2026-01-06,2485,2485,2440,2460,1582
2026-01-07,2460,2500,2450,2475,1125
2026-01-08,2475,2475,2460,2475,5562
2026-01-09,2465,2475,2405,2415,1270
2026-01-12,2450,2450,2420,2450,897
2026-01-13,2415,2450,2415,2415,526
2026-01-14,2415,2470,2415,2415,2191
2026-01-15,2425,2500,2425,2425,1683
2026-01-16,2500,2500,2420,2495,1049
2026-01-19,2495,2650,2495,2510,3472
2026-01-20,2510,2625,2510,2620,1003
2026-01-21,2620,2620,2450,2615,9920
2026-01-22,2600,2600,2480,2585,534
2026-01-23,2585,2590,2500,2580,489
2026-01-26,2580,2620,2575,2580,2227
2026-01-27,2595,2595,2585,2595,383
2026-01-28,2595,2625,2595,2625,8475
2026-01-29,2630,2700,2630,2700,632
2026-01-30,2700,2720,2700,2700,2027
2026-02-02,2710,2710,2650,2650,1564
2026-02-03,2550,2700,2505,2700,5999
2026-02-04,2700,2710,2700,2710,6819
2026-02-05,2720,2720,2640,2650,1426
2026-02-06,2525,2700,2525,2700,10528
2026-02-09,2710,2710,2665,2665,1203
2026-02-10,2700,2705,2680,2700,3910
2026-02-11,2700,2710,2500,2700,3438
2026-02-12,2700,2710,2660,2710,3760
2026-02-13,2700,2710,2630,2630,732
2026-02-16,2630,2700,2630,2685,2344
2026-02-17,2685,2710,2665,2700,6334
2026-02-18,2900,2900,2730,2870,21764
2026-02-19,2855,2890,2700,2890,30599
2026-02-20,2890,3020,2705,2800,15943
2026-02-23,2800,2800,2700,2700,20622
2026-02-24,2800,2800,2650,2800,3969
2026-02-25,2800,2800,2685,2715,7008
2026-02-26,2715,2850,2715,2750,1947
2026-02-27,2790,2790,2725,2790,1864
2026-03-02,2790,2910,2750,2895,7634
2026-03-03,2895,2895,2860,2885,3249
2026-03-04,2885,2895,2850,2850,3438
2026-03-05,2850,2850,2800,2850,2078
2026-03-06,2850,2910,2840,2900,2888
2026-03-09,2900,2910,2880,2910,21019
2026-03-10,2900,3045,2890,3020,4285
2026-03-11,2975,3020,2975,3020,3725
2026-03-12,3020,3095,2900,3095,4421
2026-03-13,3090,3090,2975,2995,97307
2026-03-17,2900,2995,2850,2980,2825
2026-03-18,2980,2980,2800,2835,897
2026-03-19,2980,3000,2835,3000,5827
2026-03-23,3000,3020,3000,3000,5910
2026-03-24,3000,3010,2990,2995,1610
2026-03-25,2995,2995,2970,2990,970
2026-03-26,2900,2910,2835,2910,1507
2026-03-27,2910,2990,2900,2950,1904
2026-03-30,2950,2950,2910,2940,531
2026-03-31,2935,2950,2875,2950,3626
2026-04-01,2950,2950,2805,2940,1751
2026-04-02,2900,2940,2815,2900,592
2026-04-03,2930,2935,2900,2935,419
2026-04-07,2920,2935,2850,2850,2758
2026-04-08,2940,2940,2800,2850,3729
2026-04-09,2850,2850,2800,2800,2142
2026-04-10,2800,2850,2750,2790,10415
2026-04-13,2790,2850,2785,2850,1709
2026-04-14,2850,2900,2850,2900,2018
2026-04-15,2845,2845,2780,2795,903
2026-04-16,2800,2800,2720,2720,1587
2026-04-17,2720,2790,2720,2720,1689
2026-04-20,2705,2720,2705,2720,1963
2026-04-21,2720,2720,2710,2710,3088
2026-04-22,2705,2720,2515,2720,2008
2026-04-23,2720,2720,2710,2720,4347
2026-04-24,2720,2720,2700,2710,1624
2026-04-27,2710,2710,2600,2610,1056
2026-04-28,2620,2710,2620,2700,1150
2026-04-29,2720,2795,2610,2795,1900
2026-04-30,2800,2800,2700,2795,221
2026-05-04,2795,2800,2705,2780,2105
2026-05-05,2780,2780,2600,2780,3369
2026-05-06,2775,2775,2590,2710,2185
2026-05-07,2710,2775,2710,2775,447
2026-05-08,2710,2760,2700,2760,622
2026-05-11,2760,2760,2700,2700,2161
2026-05-12,2700,2700,2680,2680,592
2026-05-13,2680,2760,2680,2750,2816
2026-05-15,2760,2800,2750,2795,522
2026-05-18,2800,2800,2770,2800,1183
2026-05-19,2840,2895,2800,2855,3048
2026-05-20,2855,2855,2800,2855,1142
2026-05-21,2860,2895,2855,2855,823
2026-05-22,2880,2880,2840,2850,666
2026-05-26,2790,2855,2790,2855,1805
2026-05-28,2855,2855,2820,2850,1076
2026-05-29,2855,2900,2850,2900,9891
2026-06-01,2900,2940,2890,2900,3983
2026-06-02,2900,3100,2890,2900,14025
2026-06-03,2900,2900,2850,2900,4834
2026-06-04,2900,3100,2850,3070,21976
2026-06-05,3025,3100,2900,2905,6608
2026-06-08,2905,3000,2850,2990,4102
2026-06-09,2980,2995,2900,2950,5520
2026-06-10,2945,2990,2900,2950,4153
2026-06-11,2950,2985,2900,2950,4430
2026-06-12,2805,2900,2800,2815,1813
2026-06-15,2805,2850,2710,2850,2857
2026-06-16,2860,2860,2805,2805,1476
2026-06-17,2850,2850,2750,2840,3323
2026-06-18,2800,2800,2730,2750,2282
2026-06-19,2750,2750,2650,2700,7084
2026-06-22,2700,2800,2665,2800,8562
2026-06-23,2800,2800,2720,2800,3027
2026-06-24,2800,2800,2725,2800,2950
2026-06-25,2800,2850,2790,2805,4628
2026-06-26,2805,2845,2805,2820,954
2026-06-29,2820,2820,2800,2800,2043
2026-06-30,2800,2900,2800,2800,4149
2026-07-01,2850,2850,2800,2800,2393
2026-07-02,2800,2810,2700,2805,16177
2026-07-03,2805,2850,2700,2800,4760
2026-07-06,2800,2850,2715,2845,9306
2026-07-07,2845,2845,2720,2825,2572
2026-07-08,2820,2820,2750,2795,2415
2026-07-09,2795,2795,2700,2790,1275
2026-07-10,2790,2800,2750,2800,2751
2026-07-13,2800,2800,2700,2700,15584
2026-07-14,2660,2745,2600,2700,5025
2026-07-15,2700,2745,2600,2745,15499
2026-07-16,2745,2745,2605,2695,3157
2026-07-17,2695,2700,2605,2675,2113
2026-07-20,2675,2675,2640,2675,1921
2026-07-21,2600,2745,2550,2745,84400
2026-07-22,2675,2745,2650,2745,3749
2026-07-23,2795,2800,2700,2775,2975
2026-07-24,2775,2800,2755,2800,4820
2026-07-27,2800,2800,2700,2790,4478
2026-07-28,2790,2800,2650,2795,5091
2026-07-29,2795,2850,2750,2850,5162
2026-07-30,2825,2850,2750,2805,2105
2026-07-31,2805,3000,2805,2995,5108
2026-08-03,2995,2995,2800,2990,2793
2026-08-04,2990,2990,2800,2940,1986
2026-08-05,2940,2985,2840,2985,6058
2026-08-06,2940,2985,2940,2940,1693
2026-08-10,2940,2940,2780,2910,7424
2026-08-11,2910,2910,2800,2905,2378
2026-08-12,2905,2905,2840,2900,1214
2026-08-13,2900,2900,2790,2800,3132
2026-08-14,2800,2800,2780,2800,1637
2026-08-17,2805,2940,2785,2900,8368
2026-08-18,2900,2905,2810,2900,5976
2026-08-19,2850,2950,2820,2945,15573
2026-08-20,2945,2945,2780,2940,3925
2026-08-21,2940,2940,2800,2885,4845
2026-08-24,2890,2940,2885,2890,6198
2026-08-26,2890,2900,2885,2885,1957
2026-08-27,2885,2940,2780,2900,14630
2026-08-28,2900,2900,2885,2900,1844
2026-08-31,2900,2900,2850,2890,5337
2026-09-01,2890,2900,2850,2900,7254
2026-09-02,2900,2990,2805,2805,8058
2026-09-03,2840,2950,2810,2920,2075
2026-09-04,2920,2950,2920,2920,3914
2026-09-07,2920,2920,2800,2870,4774
2026-09-08,2870,2900,2860,2870,4140
2026-09-09,2860,2870,2805,2870,5562
2026-09-10,2870,2870,2860,2870,2478
2026-09-11,2870,2870,2860,2870,1925
2026-09-14,2870,2870,2760,2870,7232
2026-09-15,2870,2870,2800,2870,3016
2026-09-16,2870,2900,2830,2830,3923
2026-09-17,2900,2900,2830,2890,2177
2026-09-18,2890,3000,2835,2900,11146
2026-09-21,2900,3115,2890,3000,7994
2026-09-22,3000,3000,2800,2900,5200
2026-09-23,2900,2900,2800,2800,1834
2026-09-24,2760,2850,2760,2760,1372
2026-09-25,2800,2965,2800,2960,3311
