Date,Open,High,Low,Close,Volume
2011-01-03,518,518,518,518,15712
2011-01-04,544,544,544,544,53254
2011-01-05,544,544,544,544,134404
2011-01-06,535,535,535,535,44544
2011-01-07,541,541,541,541,37102
2011-01-10,542,542,542,542,441
2011-01-11,541,541,541,541,31699
2011-01-12,544,544,544,544,5513
2011-01-13,544,544,544,544,20784
2011-01-14,562,562,562,562,12514
2011-01-17,562,562,562,562,4355
2011-01-18,562,562,562,562,3032
2011-01-19,564,564,564,564,1433
2011-01-20,564,564,564,564,1047
2011-01-24,565,565,565,565,17310
2011-01-25,562,562,562,562,18964
2011-01-26,563,563,563,563,4355
2011-01-28,563,563,563,563,165
2011-01-31,562,562,562,562,25580
2011-02-02,563,563,563,563,1158
2011-02-03,564,564,564,564,4245
2011-02-04,563,563,563,563,2481
2011-02-07,562,562,562,562,16042
2011-02-08,562,562,562,562,12514
2011-02-10,566,566,566,566,6285
2011-02-11,566,566,566,566,1433
2011-03-02,572,572,572,572,165
2011-03-07,635,635,635,635,16704
2011-03-08,635,635,635,635,55
2011-03-10,617,617,617,617,5954
2011-03-11,617,617,617,617,221
2011-03-14,580,580,580,580,6891
2011-03-15,580,580,580,580,6671
2011-03-21,580,580,580,580,606
2011-03-23,580,580,580,580,2646
2011-03-24,580,580,580,580,276
2011-03-29,580,580,580,580,55
2011-04-01,580,580,580,580,23871
2011-04-06,580,580,580,580,165
2011-04-11,581,581,581,581,24091
2011-04-13,582,582,582,582,441
2011-04-15,590,590,590,590,827
2011-04-28,581,581,581,581,32416
2011-04-29,581,581,581,581,4245
2011-05-03,580,580,580,580,16263
2011-05-05,580,580,580,580,551
2011-05-06,566,566,566,566,551
2011-05-09,562,562,562,562,1268
2011-05-10,580,580,580,580,827
2011-05-11,562,562,562,562,11026
2011-05-12,580,580,580,580,13231
2011-05-13,590,590,590,590,8269
2011-05-17,590,590,590,590,1764
2011-05-18,581,581,581,581,4686
2011-05-19,581,581,581,581,1047
2011-05-20,581,581,581,581,2150
2011-05-23,581,581,581,581,1874
2011-05-25,580,580,580,580,16428
2011-05-26,580,580,580,580,1985
2011-05-31,580,580,580,580,276
2011-06-01,580,580,580,580,551
2011-06-03,580,580,580,580,1764
2011-06-08,590,590,590,590,827
2011-06-14,590,590,590,590,772
2011-06-15,599,599,599,599,3087
2011-06-17,590,590,590,590,4935
2011-06-20,590,590,590,590,525
2011-06-21,609,609,609,609,18376
2011-06-22,609,609,609,609,5093
2011-06-23,609,609,609,609,315
2011-06-30,609,609,609,609,1995
2011-07-07,590,590,590,590,578
2011-07-13,590,590,590,590,9503
2011-07-14,590,590,590,590,7508
2011-07-18,609,609,609,609,2573
2011-07-20,609,609,609,609,5250
2011-07-25,648,648,648,648,2625
2011-07-29,609,609,609,609,1470
2011-08-02,609,609,609,609,210
2011-08-03,609,609,609,609,4830
2011-08-04,609,609,609,609,630
2011-08-05,609,609,609,609,525
2011-08-09,629,629,629,629,473
2011-08-10,629,629,629,629,5250
2011-08-11,629,629,629,629,12076
2011-08-12,629,629,629,629,3255
2011-08-16,629,629,629,629,4883
2011-08-17,629,629,629,629,1418
2011-08-18,629,629,629,629,3623
2011-08-19,629,629,629,629,630
2011-08-23,629,629,629,629,525
2011-08-24,629,629,629,629,1103
2011-08-25,629,629,629,629,2363
2011-08-26,629,629,629,629,2363
2011-08-29,629,629,629,629,5513
2011-08-31,629,629,629,629,158
2011-09-02,629,629,629,629,20056
2011-09-05,629,629,629,629,2783
2011-09-08,629,629,629,629,5513
2011-09-12,629,629,629,629,53
2011-09-13,629,629,629,629,7245
2011-09-14,629,629,629,629,105
2011-09-15,629,629,629,629,893
2011-09-16,629,629,629,629,630
2011-09-19,629,629,629,629,735
2011-09-22,629,629,629,629,1575
2011-09-23,629,629,629,629,263
2011-09-26,629,629,629,629,1838
2011-09-27,629,629,629,629,263
2011-09-28,629,629,629,629,105
2011-09-29,629,629,629,629,1418
2011-10-03,629,629,629,629,263
2011-10-06,629,629,629,629,473
2011-10-11,629,629,629,629,6275
2011-10-17,627,627,627,627,415
2011-10-18,626,626,626,626,622
2011-11-11,617,617,617,617,1037
2011-11-22,617,617,617,617,22869
2011-11-23,636,636,636,636,3889
2011-11-24,617,617,617,617,6067
2011-11-28,617,617,617,617,259
2011-11-30,617,617,617,617,1815
2011-12-01,617,617,617,617,778
2011-12-06,617,617,617,617,9438
2011-12-07,617,617,617,617,30129
2011-12-12,613,613,613,613,2022
2011-12-13,617,617,617,617,5549
2011-12-14,617,617,617,617,14779
2011-12-15,617,617,617,617,2956
2011-12-16,598,598,598,598,23336
2011-12-20,617,617,617,617,519
2011-12-21,633,633,633,633,1919
2011-12-22,617,617,617,617,1919
2011-12-23,617,617,617,617,5030
2011-12-27,634,634,634,634,2593
2011-12-28,633,633,633,633,18150
2011-12-29,633,633,633,633,3371
2012-01-03,636,636,636,636,2437
2012-01-04,636,636,636,636,2334
2012-01-05,617,617,617,617,3060
2012-01-06,634,634,634,634,1037
2012-01-11,636,636,636,636,3319
2012-01-12,636,636,636,636,109678
2012-01-23,675,675,675,675,622
2012-01-24,675,675,675,675,519
2012-01-25,675,675,675,675,415
2012-01-26,675,675,675,675,519
2012-01-31,675,675,675,675,1504
2012-02-01,675,675,675,675,156
2012-02-02,675,675,675,675,11097
2012-02-06,675,675,675,675,1452
2012-02-08,675,675,675,675,4615
2012-02-09,675,675,675,675,104
2012-02-10,675,675,675,675,5341
2012-02-15,675,675,675,675,1296
2012-02-17,675,675,675,675,830
2012-02-20,671,671,671,671,25151
2012-02-21,673,673,673,673,2593
2012-02-22,673,673,673,673,1504
2012-02-23,673,673,673,673,2282
2012-02-28,675,675,675,675,4304
2012-02-29,675,675,675,675,311
2012-03-01,687,687,687,687,622
2012-03-07,694,694,694,694,467
2012-03-08,694,694,694,694,6275
2012-03-14,694,694,694,694,2126
2012-03-15,694,694,694,694,4097
2012-03-20,694,694,694,694,1556
2012-03-21,694,694,694,694,311
2012-03-22,694,694,694,694,311
2012-03-26,694,694,694,694,2022
2012-03-27,694,694,694,694,570
2012-03-28,694,694,694,694,674
2012-03-30,694,694,694,694,259
2012-04-02,694,694,694,694,104
2012-04-06,694,694,694,694,207
2012-04-11,694,694,694,694,363
2012-04-16,694,694,694,694,2385
2012-04-17,694,694,694,694,156
2012-04-24,694,694,694,694,1296
2012-04-25,694,694,694,694,259
2012-04-30,694,694,694,694,1815
2012-05-02,694,694,694,694,3423
2012-05-03,675,675,675,675,16750
2012-05-07,694,694,694,694,3215
2012-05-09,696,696,696,696,1141
2012-05-10,696,696,696,696,2282
2012-05-11,696,696,696,696,2230
2012-05-15,696,696,696,696,2593
2012-05-16,697,697,697,697,830
2012-05-18,697,697,697,697,1037
2012-05-21,697,697,697,697,10631
2012-05-22,699,699,699,699,1556
2012-05-23,699,699,699,699,1504
2012-05-31,706,706,706,706,467
2012-06-01,706,706,706,706,311
2012-06-04,706,706,706,706,1037
2012-06-05,706,706,706,706,156
2012-06-07,712,712,712,712,1296
2012-06-11,713,713,713,713,570
2012-06-12,713,713,713,713,207
2012-06-14,714,714,714,714,8919
2012-06-18,717,717,717,717,519
2012-06-19,713,713,713,713,1089
2012-06-25,713,713,713,713,415
2012-06-28,714,714,714,714,674
2012-07-02,713,713,713,713,1348
2012-07-09,713,713,713,713,363
2012-07-10,713,713,713,713,104
2012-07-17,714,714,714,714,2334
2012-07-19,714,714,714,714,1711
2012-07-20,714,714,714,714,156
2012-07-23,723,723,723,723,830
2012-07-24,723,723,723,723,207
2012-07-25,723,723,723,723,1348
2012-07-27,723,723,723,723,519
2012-07-30,723,723,723,723,104
2012-08-03,733,733,733,733,519
2012-08-13,735,735,735,735,415
2012-08-16,790,790,790,790,519
2012-08-17,848,848,848,848,1089
2012-08-24,848,848,848,848,3060
2012-08-29,848,848,848,848,1919
2012-08-30,848,848,848,848,4926
2012-09-03,848,848,848,848,1919
2012-09-04,848,848,848,848,1245
2012-09-05,848,848,848,848,985
2012-09-10,848,848,848,848,6586
2012-09-11,848,848,848,848,4304
2012-09-17,848,848,848,848,2437
2012-09-19,848,848,848,848,3215
2012-09-20,848,848,848,848,2593
2012-09-25,848,848,848,848,1037
2012-09-27,848,848,848,848,1037
2012-10-01,848,848,848,848,52
2012-10-04,848,848,848,848,1711
2012-10-08,848,848,848,848,6586
2012-10-10,848,848,848,848,259
2012-10-15,848,848,848,848,11357
2012-10-17,848,848,848,848,1245
2012-10-19,848,848,848,848,778
2012-10-22,848,848,848,848,2074
2012-10-23,848,848,848,848,415
2012-10-25,848,848,848,848,1971
2012-10-31,848,848,848,848,985
2012-11-05,848,848,848,848,2282
2012-11-07,848,848,848,848,3319
2012-11-08,848,848,848,848,622
2012-11-13,848,848,848,848,259
2012-11-14,848,848,848,848,985
2012-11-16,849,849,849,849,2334
2012-11-20,849,849,849,849,156
2012-11-22,849,849,849,849,311
2012-11-26,849,849,849,849,1711
2012-11-28,848,848,848,848,2126
2012-11-30,848,848,848,848,1296
2012-12-03,848,848,848,848,519
2012-12-05,848,848,848,848,259
2012-12-06,848,848,848,848,363
2012-12-10,848,848,848,848,2593
2012-12-11,848,848,848,848,207
2012-12-17,912,912,912,912,1556
2012-12-18,848,848,848,848,2334
2012-12-19,848,848,848,848,207
2012-12-20,848,848,848,848,52
2012-12-21,848,848,848,848,2645
2012-12-26,848,848,848,848,311
2012-12-27,848,848,848,848,104
2012-12-28,848,848,848,848,10060
2013-01-04,852,852,852,852,2230
2013-01-08,852,852,852,852,1037
2013-01-11,852,852,852,852,570
2013-01-17,858,858,858,858,1245
2013-01-18,854,854,854,854,13172
2013-01-21,854,854,854,854,259
2013-01-22,854,854,854,854,415
2013-01-28,854,854,854,854,1141
2013-01-30,918,918,918,918,415
2013-02-04,854,854,854,854,1037
2013-02-05,854,854,854,854,1504
2013-02-12,858,858,858,858,830
2013-02-15,860,860,860,860,882
2013-02-19,860,860,860,860,1400
2013-02-22,860,860,860,860,104
2013-02-27,860,860,860,860,519
2013-03-06,862,862,862,862,2230
2013-03-12,868,868,868,868,2074
2013-03-14,926,926,926,926,1556
2013-03-15,964,964,964,964,622
2013-03-18,1037,1037,1037,1037,415
2013-03-19,965,965,965,965,16128
2013-03-20,1037,1037,1037,1037,4512
2013-03-21,1114,1114,1114,1114,3786
2013-03-22,1197,1197,1197,1197,13535
2013-03-25,1287,1287,1287,1287,5186
2013-03-27,1350,1350,1350,1350,7571
2013-03-28,1446,1446,1446,1446,3474
2013-03-29,1446,1446,1446,1446,2956
2013-04-02,1446,1446,1446,1446,4356
2013-04-04,1446,1446,1446,1446,674
2013-04-05,1543,1543,1543,1543,67881
2013-04-08,1543,1543,1543,1543,2074
2013-04-10,1446,1446,1446,1446,467
2013-04-12,1543,1543,1543,1543,1763
2013-04-15,1543,1543,1543,1543,674
2013-04-18,1543,1543,1543,1543,1089
2013-04-19,1319,1319,1319,1319,1193
2013-04-24,1350,1350,1350,1350,778
2013-04-25,1350,1350,1350,1350,156
2013-05-13,1350,1350,1350,1350,32463
2013-05-15,1350,1350,1350,1350,5393
2013-05-17,1361,1361,1361,1361,519
2013-05-21,1464,1464,1464,1464,674
2013-05-24,1468,1468,1468,1468,1296
2013-05-27,1578,1578,1578,1578,415
2013-05-28,1578,1578,1578,1578,778
2013-05-29,1485,1485,1485,1485,519
2013-05-31,1485,1485,1485,1485,8556
2013-06-04,1562,1562,1562,1562,1193
2013-06-05,1543,1543,1543,1543,570
2013-06-06,1446,1446,1446,1446,3993
2013-06-07,1543,1543,1543,1543,2334
2013-06-10,1620,1620,1620,1620,778
2013-06-12,1741,1741,1741,1741,415
2013-06-13,1711,1711,1711,1711,4149
2013-06-14,1736,1736,1736,1736,2323
2013-06-17,1808,1808,1808,1808,3360
2013-06-18,1808,1808,1808,1808,5020
2013-06-19,1672,1672,1672,1672,1618
2013-06-20,1639,1639,1639,1639,5061
2013-06-21,1516,1516,1516,1516,2074
2013-06-24,1572,1572,1572,1572,6015
2013-06-25,1572,1572,1572,1572,83
2013-06-26,1579,1579,1579,1579,1908
2013-06-27,1591,1591,1591,1591,2489
2013-06-28,1604,1604,1604,1604,12404
2013-07-01,1604,1604,1604,1604,1493
2013-07-03,1604,1604,1604,1604,83
2013-07-04,1607,1607,1607,1607,1328
2013-07-05,1615,1615,1615,1615,1245
2013-07-08,1687,1687,1687,1687,415
2013-07-09,1699,1699,1699,1699,1908
2013-07-11,1699,1699,1699,1699,6804
2013-07-15,1711,1711,1711,1711,1120
2013-07-17,1711,1711,1711,1711,6223
2013-07-19,1712,1712,1712,1712,332
2013-07-23,1723,1723,1723,1723,1037
2013-07-25,1723,1723,1723,1723,1659
2013-07-30,1723,1723,1723,1723,332
2013-07-31,1723,1723,1723,1723,1742
2013-08-01,1757,1757,1757,1757,2945
2013-08-02,1723,1723,1723,1723,2282
2013-08-05,1723,1723,1723,1723,705
2013-08-06,1723,1723,1723,1723,11948
2013-08-09,1724,1724,1724,1724,1245
2013-08-13,1724,1724,1724,1724,249
2013-08-16,1724,1724,1724,1724,290
2013-08-19,1723,1723,1723,1723,1120
2013-08-20,1724,1724,1724,1724,3983
2013-08-22,1723,1723,1723,1723,415
2013-08-28,1723,1723,1723,1723,207
2013-08-29,1724,1724,1724,1724,1162
2013-08-30,1724,1724,1724,1724,1493
2013-09-02,1723,1723,1723,1723,415
2013-09-03,1687,1687,1687,1687,788
2013-09-04,1687,1687,1687,1687,996
2013-09-05,1687,1687,1687,1687,2074
2013-09-11,1687,1687,1687,1687,2531
2013-09-13,1687,1687,1687,1687,2904
2013-09-17,1687,1687,1687,1687,5932
2013-09-18,1687,1687,1687,1687,332
2013-09-20,1687,1687,1687,1687,83
2013-09-23,1687,1687,1687,1687,1701
2013-09-24,1687,1687,1687,1687,2904
2013-09-25,1687,1687,1687,1687,1369
2013-09-26,1687,1687,1687,1687,747
2013-09-27,1687,1687,1687,1687,166
2013-09-30,1711,1711,1711,1711,415
2013-10-01,1712,1712,1690,1690,10454
2013-10-02,1711,1712,1711,1712,913
2013-10-04,1712,1712,1712,1712,83
2013-10-07,1712,1712,1712,1712,124
2013-10-08,1712,1712,1712,1712,166
2013-10-10,1724,1724,1724,1724,332
2013-10-11,1724,1724,1724,1724,290
2013-10-14,1724,1772,1724,1772,2697
2013-10-16,1748,1784,1748,1748,3360
2013-10-17,1844,1844,1844,1844,41
2013-10-21,1856,1856,1844,1844,1576
2013-10-23,1856,1856,1856,1856,83
2013-10-25,1928,1928,1856,1856,1991
2013-10-28,1928,1928,1868,1868,498
2013-10-29,1871,1871,1871,1871,415
2013-10-30,1928,1928,1868,1868,1825
2013-11-04,1868,1868,1868,1868,498
2013-11-07,1928,1928,1928,1928,290
2013-11-08,1928,1928,1928,1928,498
2013-11-11,1892,1892,1883,1883,7467
2013-11-12,1883,1883,1883,1883,2572
2013-11-14,1883,1928,1883,1928,788
2013-11-18,1940,1977,1940,1977,5808
2013-11-20,1928,1928,1928,1928,207
2013-11-21,1928,1928,1928,1928,456
2013-11-22,1928,1931,1928,1931,5974
2013-11-26,1931,1931,1931,1931,913
2013-11-27,1977,1977,1977,1977,124
2013-11-29,1977,1977,1977,1977,41
2013-12-02,2049,2049,1977,1977,622
2013-12-03,1977,2037,1977,1977,1701
2013-12-04,1979,1979,1979,1979,581
2013-12-06,1979,1979,1979,1979,3568
2013-12-09,1977,1977,1977,1977,456
2013-12-10,1952,1953,1952,1953,830
2013-12-11,1977,1977,1977,1977,12446
2013-12-12,1977,1977,1977,1977,207
2013-12-13,2025,2025,2025,2025,83
2013-12-17,1952,1953,1952,1953,83
2013-12-18,2049,2049,1953,1953,124
2013-12-19,1965,1965,1965,1965,207
2013-12-20,1965,1965,1965,1965,954
2013-12-23,1965,1965,1965,1965,1328
2013-12-24,1952,1952,1952,1952,124
2013-12-27,1977,1977,1977,1977,332
2013-12-30,2049,2049,2049,2049,456
2013-12-31,1977,1977,1952,1952,871
2014-01-06,1957,1957,1957,1957,124
2014-01-08,1957,1957,1957,1957,2697
2014-01-15,1953,1953,1952,1952,830
2014-01-17,1953,1953,1953,1953,1245
2014-01-20,1953,1953,1953,1953,124
2014-01-21,1953,1953,1953,1953,332
2014-01-22,1952,1965,1952,1965,1162
2014-01-23,1953,1953,1953,1953,2116
2014-01-24,1977,1977,1977,1977,1286
2014-01-27,1977,1977,1977,1977,415
2014-01-28,1957,1957,1953,1953,913
2014-01-31,1977,1977,1977,1977,415
2014-02-03,1979,1979,1979,1979,332
2014-02-05,2001,2001,2001,2001,166
2014-02-06,2001,2001,2001,2001,41
2014-02-07,2001,2001,1977,2001,5435
2014-02-11,1991,1991,1991,1991,83
2014-02-13,2001,2003,2001,2003,1245
2014-02-18,2049,2049,2049,2049,21656
2014-02-19,2049,2049,2049,2049,373
2014-02-20,2049,2049,2049,2049,124
2014-02-24,2049,2049,2049,2049,83
2014-03-05,2049,2049,2049,2049,83
2014-03-07,2049,2201,2049,2201,207
2014-03-10,2049,2049,2049,2049,41
2014-03-12,2050,2050,2050,2050,332
2014-03-14,2050,2050,2050,2050,41
2014-03-17,2200,2200,2200,2200,41
2014-03-20,2157,2157,2157,2157,2033
2014-03-21,2157,2157,2157,2157,4273
2014-03-24,2157,2157,2073,2073,166
2014-03-25,2200,2229,2200,2229,2614
2014-03-26,2230,2230,2230,2230,415
2014-03-27,2230,2230,2230,2230,83
2014-03-31,2230,2232,2230,2232,664
2014-04-01,2266,2266,2266,2266,124
2014-04-02,2266,2266,2266,2266,124
2014-04-03,2290,2290,2290,2290,41
2014-04-04,2290,2374,2290,2374,332
2014-04-10,2374,2386,2374,2374,5352
2014-04-14,2374,2374,2374,2374,2074
2014-04-15,2374,2374,2374,2374,4439
2014-04-16,2374,2374,2374,2374,249
2014-04-17,2374,2374,2374,2374,290
2014-04-18,2374,2374,2374,2374,124
2014-04-23,2362,2362,2362,2362,622
2014-04-24,2386,2386,2362,2362,747
2014-04-28,2290,2290,2290,2290,373
2014-04-29,2290,2290,2290,2290,705
2014-04-30,2290,2290,2290,2290,4149
2014-05-06,2169,2169,2126,2126,4232
2014-05-07,2049,2049,2003,2003,2863
2014-05-08,2003,2049,2003,2049,332
2014-05-09,2049,2049,2049,2049,31114
2014-05-13,2073,2073,2049,2049,3817
2014-05-14,2049,2049,2049,2049,1079
2014-05-15,2049,2049,2049,2049,664
2014-05-16,2049,2049,2049,2049,581
2014-05-19,2049,2073,2049,2073,5103
2014-05-20,2073,2073,2073,2073,2780
2014-05-21,2061,2085,2001,2085,2863
2014-05-22,2085,2097,2085,2097,622
2014-05-23,2109,2109,2109,2109,664
2014-05-26,2049,2109,2049,2109,249
2014-05-28,2109,2109,2109,2109,2074
2014-06-02,2097,2097,2097,2097,539
2014-06-03,2097,2097,2097,2097,1203
2014-06-04,2085,2085,2073,2073,249
2014-06-05,2001,2001,2001,2001,2074
2014-06-10,2001,2037,2001,2001,4315
2014-06-11,2001,2001,1952,2001,9500
2014-06-12,1965,2001,1965,2001,1037
2014-06-13,1965,2001,1965,2001,498
2014-06-16,2001,2001,2001,2001,1162
2014-06-18,2025,2025,2025,2025,83
2014-06-19,2037,2037,2037,2037,415
2014-06-20,2037,2049,2037,2049,4729
2014-06-23,2037,2049,2037,2049,3692
2014-06-24,2049,2049,2049,2049,415
2014-06-25,2049,2049,2049,2049,48580
2014-06-26,2049,2049,2049,2049,415
2014-06-27,2037,2049,2037,2049,1120
2014-06-30,2049,2049,2049,2049,4190
2014-07-01,2049,2049,2049,2049,11533
2014-07-02,2049,2049,2049,2049,622
2014-07-03,2049,2049,2049,2049,498
2014-07-04,2025,2025,2025,2025,2074
2014-07-07,2025,2025,2025,2025,622
2014-07-08,2025,2025,2025,2025,415
2014-07-09,2025,2025,2025,2025,456
2014-07-10,2049,2049,2025,2025,1659
2014-07-11,2049,2049,2049,2049,83
2014-07-14,2049,2049,2013,2013,1245
2014-07-15,2001,2001,2001,2001,705
2014-07-16,2001,2001,2001,2001,581
2014-07-21,1989,2001,1989,2001,2074
2014-07-22,2001,2001,1989,2001,4978
2014-07-23,1965,2001,1965,2001,7011
2014-07-25,2001,2001,1977,1977,830
2014-07-29,1977,2001,1977,1977,15391
2014-07-30,2001,2001,2001,2001,4978
2014-07-31,2049,2073,2049,2073,51567
2014-08-01,2049,2049,2049,2049,82971
2014-08-04,2061,2061,2051,2051,22402
2014-08-05,2054,2054,2054,2054,29621
2014-08-06,2056,2056,2056,2056,166
2014-08-08,2056,2056,2054,2054,498
2014-08-11,2054,2054,2054,2054,415
2014-08-12,2054,2054,2054,2054,1659
2014-08-13,2054,2054,2054,2054,41
2014-08-14,2054,2054,2054,2054,207
2014-08-19,2054,2059,2054,2059,1576
2014-08-20,2059,2059,2059,2059,41
2014-08-21,2061,2061,2061,2061,498
2014-08-26,2169,2169,2169,2169,415
2014-08-29,2097,2097,2097,2097,166
2014-09-01,2169,2169,2169,2169,871
2014-09-02,2230,2230,2185,2218,11948
2014-09-03,2242,2290,2242,2290,290
2014-09-08,2290,2290,2290,2290,1245
2014-09-09,2290,2290,2290,2290,83
2014-09-10,2410,2410,2410,2410,124
2014-09-11,2410,2478,2410,2478,52770
2014-09-12,2478,2483,2362,2410,179052
2014-09-15,2362,2410,2290,2290,11823
2014-09-16,2314,2398,2314,2398,21282
2014-09-17,2386,2410,2386,2410,788
2014-09-18,2365,2365,2365,2365,664
2014-09-19,2410,2483,2410,2410,1701
2014-09-22,2362,2410,2290,2290,70858
2014-09-24,2386,2386,2386,2386,2157
2014-09-30,2373,2375,2373,2375,12400
2014-10-02,2275,2275,2275,2275,1960
2014-10-03,2275,2275,2275,2275,40
2014-10-07,2138,2275,2138,2275,640
2014-10-08,2350,2350,2350,2350,1960
2014-10-09,2350,2350,2350,2350,880
2014-10-10,2350,2350,2350,2350,80
2014-10-14,2350,2350,2350,2350,320
2014-10-15,2350,2350,2350,2350,320
2014-10-17,2278,2278,2250,2275,15600
2014-10-21,2275,2275,2275,2275,9120
2014-10-23,2138,2138,2138,2138,480
2014-10-28,2275,2275,2275,2275,2440
2014-10-29,2275,2275,2275,2275,2280
2014-10-30,2275,2275,2275,2275,2280
2014-10-31,2275,2275,2263,2275,400
2014-11-04,2138,2138,2138,2138,320
2014-11-05,2138,2138,2138,2138,400
2014-11-06,2250,2250,2250,2250,480
2014-11-07,2275,2275,2275,2275,4920
2014-11-10,2275,2275,2250,2250,2040
2014-11-11,2250,2250,2250,2250,120
2014-11-12,2250,2250,2250,2250,1280
2014-11-18,2250,2250,2250,2250,40
2014-11-19,2275,2275,2275,2275,800
2014-11-27,2250,2250,2250,2250,8960
2014-12-01,2250,2250,2250,2250,24200
2014-12-02,2250,2250,2250,2250,480
2014-12-03,2250,2250,2250,2250,2360
2014-12-04,2250,2275,2250,2250,720
2014-12-05,2250,2275,2250,2275,2000
2014-12-08,2300,2300,2250,2250,14520
2014-12-09,2250,2250,2250,2250,760
2014-12-10,2250,2250,2250,2250,2360
2014-12-11,2250,2295,2250,2275,4280
2014-12-12,2275,2275,2250,2250,2600
2014-12-15,2250,2250,2250,2250,1040
2014-12-16,2249,2249,2125,2163,5520
2014-12-18,2250,2250,2175,2175,3680
2014-12-19,2175,2175,2175,2175,160
2014-12-22,2250,2250,2175,2175,18000
2014-12-23,2250,2250,2250,2250,80
2014-12-26,2193,2193,2193,2193,8280
2014-12-29,2188,2188,2188,2188,320
2014-12-30,2200,2250,2200,2250,1680
2014-12-31,2200,2250,2200,2250,6280
2015-01-02,2250,2250,2250,2250,1880
2015-01-05,2250,2275,2250,2275,31920
2015-01-06,2300,2300,2255,2275,13040
2015-01-07,2250,2250,2250,2250,760
2015-01-08,2250,2250,2250,2250,1520
2015-01-09,2250,2250,2250,2250,80
2015-01-13,2250,2300,2250,2300,4360
2015-01-14,2250,2250,2250,2250,920
2015-01-15,2250,2250,2250,2250,840
2015-01-19,2300,2300,2300,2300,25200
2015-01-20,2250,2250,2250,2250,1880
2015-01-21,2250,2250,2250,2250,4320
2015-01-23,2250,2250,2250,2250,120
2015-01-26,2275,2300,2275,2300,1120
2015-01-27,2300,2300,2298,2300,1840
2015-01-28,2275,2300,2275,2275,11680
2015-01-29,2300,2300,2300,2300,1440
2015-01-30,2300,2375,2300,2375,6720
2015-02-02,2300,2300,2300,2300,200
2015-02-03,2350,2375,2350,2350,35800
2015-02-05,2375,2375,2375,2375,12000
2015-02-06,2375,2400,2375,2375,11120
2015-02-10,2350,2400,2300,2400,17440
2015-02-11,2400,2400,2375,2375,280
2015-02-12,2400,2400,2350,2350,120
2015-02-16,2375,2375,2375,2375,4120
2015-02-18,2400,2400,2400,2400,440
2015-02-19,2375,2375,2375,2375,1640
2015-02-20,2375,2375,2375,2375,440
2015-02-23,2400,2400,2400,2400,40
2015-02-24,2400,2400,2400,2400,200
2015-02-25,2400,2400,2400,2400,160
2015-02-26,2400,2413,2400,2401,5320
2015-02-27,2400,2400,2375,2375,640
2015-03-02,2375,2375,2375,2375,1480
2015-03-03,2375,2375,2375,2375,200
2015-03-04,2375,2425,2375,2425,64520
2015-03-05,2400,2400,2400,2400,120
2015-03-09,2425,2425,2425,2425,13680
2015-03-11,2425,2428,2425,2428,240
2015-03-13,2450,2453,2450,2450,4200
2015-03-16,2450,2450,2450,2450,1400
2015-03-18,2490,2490,2490,2490,8000
2015-03-20,2450,2450,2450,2450,1160
2015-03-23,2450,2475,2450,2475,3200
2015-03-24,2450,2475,2450,2475,3400
2015-03-25,2475,2475,2475,2475,480
2015-03-27,2475,2475,2475,2475,320
2015-04-01,2475,2475,2475,2475,80
2015-04-02,2488,2488,2488,2488,80
2015-04-03,2500,2660,2500,2660,42520
2015-04-07,2575,2575,2575,2575,40
2015-04-08,2453,2453,2453,2453,80
2015-04-09,2450,2450,2450,2450,720
2015-04-10,2450,2450,2450,2450,1680
2015-04-13,2450,2450,2450,2450,3280
2015-04-15,2450,2590,2450,2590,10440
2015-04-16,2590,2590,2575,2590,10120
2015-04-17,2590,2590,2590,2590,2000
2015-04-20,2575,2590,2575,2590,5520
2015-04-21,2588,2588,2588,2588,2000
2015-04-24,2532,2532,2500,2532,60200
2015-04-28,2550,2550,2550,2550,160
2015-04-29,2500,2500,2500,2500,200
2015-05-04,2450,2450,2313,2313,360
2015-05-05,2313,2313,2139,2139,280
2015-05-07,2000,2000,2000,2000,400
2015-05-08,2150,2150,2150,2150,40
2015-05-11,2250,2300,2250,2300,320
2015-05-12,2300,2300,2300,2300,2440
2015-05-13,2325,2325,2300,2300,1800
2015-05-15,2313,2313,2313,2313,40
2015-05-18,2313,2314,2313,2314,720
2015-05-19,2325,2325,2325,2325,3000
2015-05-20,2325,2325,2318,2318,800
2015-05-21,2325,2350,2325,2350,2200
2015-05-22,2325,2325,2325,2325,160
2015-05-26,2363,2375,2325,2350,97920
2015-05-28,2375,2375,2375,2375,1400
2015-05-29,2363,2363,2363,2363,80
2015-06-01,2364,2413,2364,2413,14040
2015-06-02,2400,2400,2400,2400,1000
2015-06-03,2400,2400,2400,2400,2040
2015-06-04,2400,2400,2400,2400,2000
2015-06-05,2400,2400,2400,2400,1000
2015-06-08,2400,2400,2400,2400,20080
2015-06-09,2375,2375,2375,2375,120
2015-06-10,2378,2413,2378,2413,2800
2015-06-11,2400,2400,2400,2400,4480
2015-06-12,2400,2400,2400,2400,5600
2015-06-16,2450,2450,2450,2450,40
2015-06-17,2425,2425,2425,2425,4200
2015-06-18,2425,2453,2425,2453,5760
2015-06-19,2425,2425,2425,2425,4000
2015-06-22,2400,2400,2400,2400,4680
2015-06-23,2400,2400,2400,2400,8000
2015-06-24,2431,2431,2403,2425,13440
2015-06-25,2425,2425,2425,2425,10560
2015-06-26,2400,2400,2400,2400,40000
2015-06-29,2405,2405,2405,2405,160
2015-06-30,2400,2400,2400,2400,80
2015-07-01,2425,2425,2425,2425,160
2015-07-03,2450,2450,2400,2400,80360
2015-07-07,2400,2400,2400,2400,57120
2015-07-08,2400,2400,2400,2400,2080
2015-07-09,2408,2408,2408,2408,400
2015-07-10,2408,2450,2408,2450,1280
2015-07-13,2450,2450,2400,2400,2960
2015-07-15,2403,2403,2400,2400,51280
2015-07-16,2400,2400,2400,2400,560
2015-07-20,2403,2425,2403,2404,600
2015-07-22,2425,2425,2400,2425,35840
2015-07-23,2425,2450,2400,2400,14400
2015-07-24,2425,2425,2425,2425,200
2015-07-27,2450,2450,2425,2425,15640
2015-07-28,2450,2450,2425,2425,240
2015-07-29,2438,2438,2425,2425,27640
2015-07-30,2425,2425,2425,2425,28160
2015-07-31,2425,2438,2425,2425,5120
2015-08-03,2425,2425,2425,2425,1440
2015-08-04,2425,2425,2425,2425,8200
2015-08-05,2425,2440,2425,2440,80
2015-08-06,2440,2443,2440,2440,1760
2015-08-10,2440,2440,2440,2440,880
2015-08-11,2563,2563,2563,2563,4000
2015-08-12,2563,2575,2550,2550,9200
2015-08-13,2550,2550,2550,2550,800
2015-08-14,2499,2563,2499,2563,2120
2015-08-17,2500,2500,2500,2500,1040
2015-08-18,2500,2500,2500,2500,40
2015-08-19,2581,2581,2563,2563,80200
2015-08-20,2563,2563,2563,2563,520
2015-08-21,2565,2565,2513,2563,1000
2015-08-24,2550,2563,2550,2563,1280
2015-08-25,2563,2563,2563,2563,1320
2015-08-26,2568,2568,2568,2568,40
2015-08-27,2563,2588,2563,2588,680
2015-08-28,2600,2600,2588,2588,80000
2015-08-31,2575,2590,2575,2590,680
2015-09-01,2750,2750,2750,2750,360
2015-09-02,2750,2750,2750,2750,3800
2015-09-03,2650,2650,2650,2650,480
2015-09-04,2663,2663,2663,2663,2120
2015-09-07,2675,2675,2675,2675,400
2015-09-08,2663,2664,2663,2664,2800
2015-09-09,2688,2750,2668,2675,59400
2015-09-10,2670,2675,2670,2675,760
2015-09-11,2678,2700,2678,2700,1440
2015-09-14,2690,2875,2690,2875,202760
2015-09-15,2875,2875,2875,2875,160240
2015-09-16,2875,2875,2875,2875,3400
2015-09-17,3000,3000,2678,2678,5320
2015-09-18,2650,2675,2650,2675,1920
2015-09-21,2625,2625,2625,2625,200
2015-09-22,2613,2613,2613,2613,4280
2015-09-23,2650,2650,2650,2650,160
2015-09-28,2675,2849,2675,2849,2640
2015-09-30,2849,2849,2775,2775,160
2015-10-01,2938,2938,2938,2938,320
2015-10-02,2814,2938,2814,2816,8480
2015-10-05,2825,2983,2825,2983,4200
2015-10-06,2975,3000,2975,3000,760
2015-10-07,3000,3000,3000,3000,49480
2015-10-08,2975,3000,2975,2975,73880
2015-10-09,2918,3000,2918,3000,24640
2015-10-12,3000,3000,2975,2975,65280
2015-10-13,2975,2975,2975,2975,20320
2015-10-14,2975,2975,2975,2975,40
2015-10-15,2975,3000,2975,3000,35960
2015-10-16,2975,2975,2975,2975,960
2015-10-19,2975,2975,2975,2975,4360
2015-10-20,2975,2975,2975,2975,1680
2015-10-21,2975,2975,2975,2975,400
2015-10-22,2975,2975,2975,2975,2920
2015-10-26,2975,2988,2975,2975,2320
2015-10-27,2975,2975,2975,2975,2000
2015-10-29,2975,2975,2975,2975,2600
2015-10-30,2975,2975,2950,2950,12560
2015-11-02,2975,2975,2950,2950,240
2015-11-03,2973,2973,2973,2973,120
2015-11-04,2950,2975,2950,2953,60240
2015-11-05,2950,2950,2950,2950,880
2015-11-06,2950,2950,2850,2850,1240
2015-11-09,2900,2900,2850,2875,6640
2015-11-10,2875,2875,2875,2875,280
2015-11-11,2875,2953,2875,2953,640
2015-11-13,2875,2900,2875,2900,1240
2015-11-16,2900,2900,2875,2875,4280
2015-11-17,2875,2900,2875,2900,1720
2015-11-18,2900,2900,2900,2900,200
2015-11-19,2900,2900,2900,2900,200
2015-11-20,2900,2900,2900,2900,440
2015-11-23,2900,2900,2900,2900,2080
2015-11-24,2900,2900,2900,2900,280
2015-11-25,2900,2900,2878,2900,1240
2015-11-26,2888,2900,2888,2900,8480
2015-11-27,2875,2900,2875,2900,160
2015-12-01,2878,2878,2878,2878,40
2015-12-02,2900,2900,2888,2900,3240
2015-12-03,2880,2880,2880,2880,520
2015-12-04,2880,2880,2880,2880,40
2015-12-07,2880,2880,2880,2880,240
2015-12-08,2900,2900,2900,2900,2120
2015-12-09,2900,2900,2900,2900,2080
2015-12-10,2880,2880,2880,2880,400
2015-12-11,2880,2900,2880,2900,10040
2015-12-14,2888,2888,2888,2888,1000
2015-12-15,2900,2900,2900,2900,5280
2015-12-17,2888,2888,2888,2888,16000
2015-12-18,2888,2888,2888,2888,200
2015-12-22,2887,2888,2887,2888,1200
2015-12-23,2878,2878,2878,2878,80
2015-12-28,2878,2878,2875,2875,261040
2015-12-29,2886,3000,2886,3000,7640
2015-12-30,2950,2950,2900,2950,840
2015-12-31,2988,3000,2975,3000,60280
2016-01-05,2900,3000,2900,2950,8280
2016-01-06,2950,3000,2950,3000,7440
2016-01-07,2950,2950,2950,2950,2280
2016-01-08,3000,3000,2950,2950,800
2016-01-11,2950,2950,2950,2950,400
2016-01-12,3000,3000,2968,2968,11440
2016-01-13,2975,2975,2970,2970,2160
2016-01-14,2975,2975,2975,2975,6560
2016-01-15,3000,3000,3000,3000,320
2016-01-18,2950,3000,2950,3000,720
2016-01-19,2975,2975,2950,2975,1720
2016-01-20,2975,2975,2975,2975,960
2016-01-21,2975,2975,2975,2975,2280
2016-01-22,2983,2983,2983,2983,800
2016-01-25,2975,2975,2951,2951,1120
2016-01-26,2975,2975,2975,2975,1200
2016-01-27,3000,3000,2975,2975,13120
2016-01-28,3000,3000,3000,3000,1520
2016-01-29,2975,2975,2975,2975,400
2016-02-01,3000,3000,3000,3000,12920
2016-02-02,3000,3000,3000,3000,4480
2016-02-03,3000,3000,2998,3000,1920
2016-02-04,3000,3000,3000,3000,4480
2016-02-05,3000,3000,2988,3000,4360
2016-02-08,2988,2988,2975,2975,680
2016-02-09,2975,2975,2975,2975,520
2016-02-10,2975,2975,2975,2975,160
2016-02-11,3000,3000,3000,3000,400
2016-02-12,3000,3000,2978,2978,18880
2016-02-15,3000,3000,2980,3000,36480
2016-02-16,3000,3171,3000,3171,3360
2016-02-17,3050,3100,3050,3050,19200
2016-02-18,3075,3171,3075,3171,1400
2016-02-19,3175,3175,3175,3175,1720
2016-02-22,3175,3238,3175,3175,20520
2016-02-23,3239,3239,3175,3175,37000
2016-02-24,3175,3175,3175,3175,680
2016-02-25,3140,3140,3125,3125,8920
2016-02-26,3128,3175,3128,3175,1840
2016-02-29,3130,3200,3130,3200,2520
2016-03-01,3200,3225,3175,3175,42560
2016-03-02,3178,3180,3178,3180,280
2016-03-03,3180,3375,3180,3375,54960
2016-03-07,3628,3628,3555,3628,101640
2016-03-08,3625,3650,3625,3650,51440
2016-03-09,3924,3924,3650,3650,3000
2016-03-10,3650,3650,3625,3625,26160
2016-03-11,3650,3650,3625,3625,42920
2016-03-14,3638,3650,3600,3628,15320
2016-03-15,3625,3650,3555,3625,1640
2016-03-16,3625,3650,3500,3500,144560
2016-03-17,3500,3600,3500,3600,12760
2016-03-18,3625,3625,3625,3625,520
2016-03-21,3375,3625,3375,3625,42640
2016-03-22,3625,3625,3618,3618,4200
2016-03-23,3625,3625,3625,3625,1600
2016-03-24,3625,3625,3625,3625,840
2016-03-25,3625,3725,3625,3725,520
2016-03-31,3725,3725,3725,3725,240
2016-04-01,3650,3650,3578,3578,88120
2016-04-04,3750,3750,3625,3625,12600
2016-04-05,3625,3625,3625,3625,1000
2016-04-07,3651,3875,3651,3875,76280
2016-04-08,3875,3875,3873,3873,1440
2016-04-11,3700,3700,3578,3663,1240
2016-04-12,3655,3655,3655,3655,120
2016-04-13,3625,3625,3625,3625,2880
2016-04-14,3525,3600,3500,3575,6440
2016-04-15,3538,3538,3525,3525,2880
2016-04-18,3525,3525,3525,3525,80
2016-04-19,3499,3499,3499,3499,560
2016-04-20,3450,3450,3425,3425,19040
2016-04-21,3425,3425,3413,3425,520
2016-04-22,3375,3375,3375,3375,1440
2016-04-25,3375,3375,3375,3375,200
2016-04-26,3300,3338,3275,3275,10960
2016-04-27,3275,3275,3261,3261,5560
2016-04-28,3300,3300,3275,3275,320
2016-04-29,3275,3300,3275,3300,4880
2016-05-03,3288,3288,3263,3263,13040
2016-05-04,3350,3350,3350,3350,160
2016-05-06,3375,3500,3350,3500,61240
2016-05-09,3525,3525,3525,3525,160
2016-05-10,3525,3525,3500,3525,680
2016-05-11,3475,3500,3400,3500,41400
2016-05-12,3500,3500,3375,3375,7160
2016-05-13,3400,3400,3375,3375,3040
2016-05-17,3400,3400,3289,3400,15840
2016-05-18,3400,3400,3375,3400,43840
2016-05-19,3400,3625,3375,3625,69800
2016-05-20,3403,3403,3375,3375,13280
2016-05-23,3375,3400,3375,3388,7000
2016-05-24,3400,3400,3400,3400,13280
2016-05-25,3400,3400,3400,3400,2200
2016-05-26,3400,3400,3400,3400,4880
2016-05-27,3400,3400,3400,3400,1720
2016-05-30,3388,3400,3388,3400,560
2016-05-31,3400,3400,3388,3388,440
2016-06-01,3400,3400,3400,3400,3000
2016-06-02,3388,3400,3388,3400,62000
2016-06-03,3400,3400,3400,3400,1160
2016-06-06,3400,3450,3400,3450,1880
2016-06-08,3425,3425,3425,3425,600
2016-06-09,3425,3428,3425,3428,600
2016-06-10,3431,3431,3431,3431,560
2016-06-13,3475,3625,3475,3625,3360
2016-06-14,3625,3625,3625,3625,5000
2016-06-15,3675,3675,3625,3625,280
2016-06-16,3640,3650,3640,3650,200
2016-06-17,3725,3750,3725,3750,440
2016-06-20,3750,4031,3469,3469,139000
2016-06-21,3475,3475,3375,3375,101320
2016-06-22,3400,3400,3400,3400,2160
2016-06-23,3375,3500,3375,3500,920
2016-06-24,3500,3500,3500,3500,6360
2016-06-27,3500,3762,3500,3762,4280
2016-06-28,3625,3625,3625,3625,120
2016-06-29,3625,3625,3553,3553,320
2016-06-30,3504,3553,3500,3500,4760
2016-07-01,3525,3550,3503,3505,960
2016-07-04,3550,3550,3500,3500,2560
2016-07-05,3503,3503,3450,3450,2760
2016-07-07,3500,3500,3463,3463,3520
2016-07-08,3463,3500,3463,3475,2120
2016-07-11,3475,3475,3400,3400,3960
2016-07-12,3400,3400,3375,3375,5840
2016-07-13,3375,3375,3375,3375,240
2016-07-14,3375,3425,3375,3375,3400
2016-07-15,3400,3400,3400,3400,800
2016-07-18,3425,3425,3425,3425,40
2016-07-19,3400,3400,3400,3400,1600
2016-07-20,3276,3400,3276,3400,1880
2016-07-21,3425,3425,3400,3425,4320
2016-07-22,3425,3425,3425,3425,1280
2016-07-25,3425,3425,3425,3425,1120
2016-07-26,3425,3500,3425,3500,640
2016-07-27,3428,3428,3428,3428,1920
2016-07-28,3425,3425,3425,3425,40
2016-07-29,3438,3450,3438,3450,960
2016-08-01,3450,3450,3425,3425,240
2016-08-02,3428,3450,3428,3450,760
2016-08-03,3450,3450,3450,3450,280
2016-08-04,3450,3450,3450,3450,280
2016-08-05,3450,3500,3450,3500,4400
2016-08-09,3450,3763,3450,3500,6960
2016-08-10,3500,3500,3500,3500,2240
2016-08-11,3500,3500,3500,3500,1080
2016-08-12,3505,3513,3500,3500,1400
2016-08-16,3500,3500,3500,3500,40
2016-08-18,3501,3525,3501,3525,160
2016-08-19,3525,3525,3525,3525,320
2016-08-23,3528,3528,3528,3528,560
2016-08-24,3528,3528,3525,3525,12000
2016-08-25,3525,3526,3525,3526,360
2016-08-26,3528,3528,3528,3528,3400
2016-08-29,3550,3558,3550,3558,1840
2016-08-30,3558,3558,3550,3558,2800
2016-08-31,3558,3558,3558,3558,1160
2016-09-01,3625,3625,3500,3500,57840
2016-09-02,3513,3513,3513,3513,320
2016-09-05,3750,3750,3750,3750,800
2016-09-06,3749,3750,3749,3750,1600
2016-09-07,3575,3625,3575,3588,400
2016-09-08,3575,3575,3575,3575,320
2016-09-09,3575,3575,3575,3575,200
2016-09-13,3550,3550,3538,3538,4000
2016-09-14,3538,3550,3538,3550,880
2016-09-15,3575,3600,3550,3575,1160
2016-09-16,3538,3575,3538,3575,680
2016-09-19,3600,3625,3600,3600,1200
2016-09-21,3573,3573,3538,3538,2840
2016-09-22,3550,3550,3525,3525,2800
2016-09-23,3525,3525,3500,3500,1680
2016-09-26,3500,3500,3500,3500,4680
2016-09-27,3500,3550,3500,3550,1880
2016-09-28,3550,3550,3500,3500,4080
2016-09-29,3500,3500,3475,3500,1040
2016-09-30,3450,3450,3450,3450,840
2016-10-03,3463,3475,3450,3450,320
2016-10-04,3450,3450,3450,3450,2520
2016-10-05,3500,3500,3450,3450,1800
2016-10-06,3450,3450,3450,3450,600
2016-10-07,3450,3450,3450,3450,280
2016-10-10,3450,3500,3450,3500,2440
2016-10-11,3450,3450,3450,3450,4800
2016-10-12,3450,3450,3450,3450,360
2016-10-13,3451,3451,3451,3451,2440
2016-10-14,3451,3451,3450,3450,14800
2016-10-17,3450,3450,3450,3450,14760
2016-10-18,3450,3450,3450,3450,280
2016-10-19,3450,3450,3400,3450,2720
2016-10-20,3450,3450,3450,3450,44280
2016-10-25,3250,3250,3250,3250,400
2016-10-26,3250,3450,3250,3450,3280
2016-10-27,3450,3450,3450,3450,160
2016-11-04,3438,3450,3375,3450,8080
2016-11-07,3400,3400,3400,3400,800
2016-11-08,3413,3475,3375,3450,888960
2016-11-09,3375,3450,3375,3450,80
2016-11-10,3375,3450,3375,3450,480
2016-11-11,3450,3450,3450,3450,80
2016-11-16,3375,3450,3375,3450,2720
2016-11-17,3450,3450,3388,3400,2840
2016-11-18,3425,3450,3425,3450,160
2016-11-21,3450,3450,3376,3376,600
2016-11-22,3400,3400,3313,3313,7960
2016-11-23,3313,3350,3313,3350,1240
2016-11-24,3375,3375,3350,3375,8960
2016-11-25,3400,3400,3400,3400,5400
2016-11-28,3388,3388,3325,3375,4800
2016-11-29,3375,3375,3325,3375,960
2016-11-30,3350,3375,3313,3375,6200
2016-12-01,3375,3475,3250,3475,832240
2016-12-02,3375,3463,3375,3463,1240
2016-12-05,3375,3375,3375,3375,160
2016-12-06,3425,3425,3414,3414,1440
2016-12-07,3413,3450,3375,3375,19120
2016-12-08,3450,3450,3450,3450,40
2016-12-09,3388,3450,3388,3450,1000
2016-12-13,3463,3463,3400,3400,960
2016-12-14,3463,3463,3400,3463,1000
2016-12-15,3400,3425,3400,3425,1520
2016-12-16,3450,3625,3450,3625,20360
2016-12-19,3575,3575,3525,3525,6880
2016-12-20,3450,3450,3450,3450,800
2016-12-21,3500,3525,3500,3500,93520
2016-12-22,3500,3500,3500,3500,2040
2016-12-23,3500,3525,3430,3525,50520
2016-12-27,3525,3525,3475,3500,6120
2016-12-28,3400,3499,3400,3499,240
2016-12-29,3475,3475,3475,3475,400
2016-12-30,3450,3488,3450,3488,13720
2017-01-02,3483,3500,3483,3500,31080
2017-01-03,3475,3475,3475,3475,160
2017-01-04,3500,3500,3500,3500,720
2017-01-05,3500,3500,3500,3500,1000
2017-01-06,3500,3550,3500,3550,1800
2017-01-09,3550,3553,3550,3550,1920
2017-01-10,3550,3550,3550,3550,240
2017-01-11,3550,3550,3550,3550,160
2017-01-12,3550,3550,3550,3550,80
2017-01-13,3550,3550,3550,3550,160
2017-01-16,3575,3575,3575,3575,2280
2017-01-17,3575,3575,3550,3550,6240
2017-01-18,3550,3575,3550,3575,1760
2017-01-19,3581,3625,3550,3625,2480
2017-01-20,3563,3625,3553,3625,440
2017-01-23,3575,3575,3550,3550,1720
2017-01-24,3550,3550,3550,3550,600
2017-01-25,3500,3500,3500,3500,480
2017-01-26,3500,3500,3500,3500,8040
2017-01-27,3500,3622,3500,3622,4160
2017-01-30,3600,3600,3500,3500,480
2017-01-31,3622,3622,3575,3575,760
2017-02-01,3575,3588,3575,3588,1160
2017-02-02,3575,3650,3575,3600,3360
2017-02-03,3600,3600,3600,3600,320
2017-02-06,3625,3625,3625,3625,1200
2017-02-07,3625,3650,3625,3625,1960
2017-02-08,3625,3625,3625,3625,1440
2017-02-09,3625,3750,3625,3750,40560
2017-02-10,3625,3725,3625,3725,2960
2017-02-13,3725,3725,3725,3725,22640
2017-02-14,3750,3750,3725,3725,12640
2017-02-15,3700,3750,3700,3750,48800
2017-02-16,3738,4000,3738,4000,6280
2017-02-17,4000,4000,4000,4000,7680
2017-02-20,3775,3775,3775,3775,240
2017-02-21,3800,3875,3800,3875,280
2017-02-22,3876,4000,3876,3888,840
2017-02-23,4000,4088,4000,4088,1360
2017-02-24,4394,4394,4394,4394,7000
2017-02-27,4724,4724,4724,4724,3320
2017-02-28,4378,4700,4378,4700,92480
2017-03-01,4600,4600,4506,4575,2720
2017-03-02,4250,4375,4250,4250,4600
2017-03-03,4000,4563,4000,4563,74600
2017-03-06,4500,4500,4475,4475,1240
2017-03-07,4500,4500,4250,4250,840
2017-03-08,4250,4250,4250,4250,1000
2017-03-09,4000,4000,4000,4000,1120
2017-03-10,4000,4000,3995,4000,3680
2017-03-13,4000,4000,4000,4000,1440
2017-03-14,4300,4300,4300,4300,39200
2017-03-15,4622,4622,4622,4622,50720
2017-03-16,4969,4969,4962,4969,18880
2017-03-17,4969,4969,4968,4969,15280
2017-03-20,4950,4969,4622,4969,14560
2017-03-21,4969,5000,4969,4969,10280
2017-03-22,4973,5000,4973,5000,5240
2017-03-23,5000,5000,4969,4969,5640
2017-03-24,5000,5000,4875,4973,6720
2017-03-27,5000,5075,4925,4925,5640
2017-03-28,5000,5000,4850,4850,5640
2017-03-29,4950,5000,4950,5000,1520
2017-03-30,5000,5225,5000,5000,4480
2017-03-31,5000,5125,5000,5125,10160
2017-04-03,5025,5125,5025,5125,6680
2017-04-04,5125,5125,5125,5125,1120
2017-04-05,5125,5128,5125,5128,1840
2017-04-06,5250,5250,5250,5250,2000
2017-04-07,5250,5250,5125,5125,16960
2017-04-10,5125,5125,5000,5000,7520
2017-04-11,5125,5125,5000,5125,3120
2017-04-12,5125,5125,5125,5125,2160
2017-04-13,5050,5125,5050,5125,1800
2017-04-14,5125,5125,5125,5125,2800
2017-04-18,5013,5125,5013,5040,2080
2017-04-19,5025,5075,5000,5000,8080
2017-04-20,5000,5100,5000,5100,6040
2017-04-21,5075,5125,5000,5125,3480
2017-04-24,5100,5125,5075,5125,4600
2017-04-25,5100,5125,5088,5125,1640
2017-04-26,5075,5125,5075,5125,9560
2017-04-27,5125,5125,5100,5100,2960
2017-04-28,5100,5100,5100,5100,560
2017-05-02,5000,5125,5000,5000,600
2017-05-03,5000,5000,5000,5000,17560
2017-05-04,5000,5000,4950,4994,1240
2017-05-05,5000,5000,5000,5000,2400
2017-05-08,5000,5000,5000,5000,3560
2017-05-09,5000,5000,5000,5000,3720
2017-05-10,5000,5000,5000,5000,760
2017-05-11,5000,5000,4998,4998,4320
2017-05-12,5000,5000,4998,5000,3520
2017-05-15,5000,5000,5000,5000,6760
2017-05-16,5000,5000,5000,5000,7320
2017-05-17,5000,5000,4975,5000,4040
2017-05-18,5000,5000,5000,5000,7760
2017-05-19,5000,5000,5000,5000,6680
2017-05-22,5000,5000,5000,5000,3880
2017-05-23,5000,5001,4950,4950,4360
2017-05-24,5000,5000,5000,5000,2080
2017-05-26,5000,5000,4975,5000,4680
2017-05-29,5000,5000,4950,5000,5640
2017-05-30,5373,5375,4975,5000,4120
2017-05-31,5000,5000,4988,5000,8960
2017-06-01,5000,5000,4975,5000,6840
2017-06-02,5000,5000,4975,5000,920
2017-06-06,5000,5000,4975,5000,7080
2017-06-07,5000,5000,4975,4975,3760
2017-06-08,5000,5000,5000,5000,9280
2017-06-09,5375,5375,5030,5375,6600
2017-06-12,5373,5750,5373,5750,1320
2017-06-13,5525,5525,5525,5525,400
2017-06-14,5500,5525,5500,5525,1520
2017-06-15,5500,5500,5500,5500,40
2017-06-16,5500,5525,5500,5525,720
2017-06-19,5400,5400,5253,5253,4000
2017-06-20,5263,5263,5200,5200,4520
2017-06-21,5125,5200,5000,5000,5840
2017-06-23,4988,5075,4705,4705,1880
2017-06-27,5050,5050,4700,5000,360
2017-06-28,5000,5000,4999,4999,60
2017-06-29,4999,4999,4995,4995,660
2017-06-30,4750,4992,4750,4992,460
2017-07-03,4750,4750,4750,4750,20
2017-07-04,4750,4750,4750,4750,1220
2017-07-05,4750,4750,4444,4444,580
2017-07-06,4444,4675,4444,4675,620
2017-07-07,4675,4720,4675,4720,320
2017-07-10,4650,4650,4650,4650,200
2017-07-11,4450,4625,4301,4625,960
2017-07-12,4500,4500,4400,4400,3540
2017-07-13,4500,4500,4500,4500,400
2017-07-14,4450,4450,4400,4400,360
2017-07-17,4350,4350,4250,4250,1380
2017-07-18,4250,4250,4250,4250,1260
2017-07-19,4150,4200,4150,4200,260
2017-07-20,4000,4000,3950,3950,200
2017-07-21,3950,4000,3950,4000,2740
2017-07-24,3949,4000,3949,4000,11760
2017-07-25,3850,3995,3850,3900,3140
2017-07-26,3900,3900,3800,3900,920
2017-07-27,3900,3900,3750,3900,1320
2017-07-28,3990,3990,3990,3990,360
2017-07-31,3995,4250,3750,4250,3940
2017-08-01,4000,4200,4000,4200,320
2017-08-02,4000,4000,4000,4000,1700
2017-08-03,4000,4000,3900,3900,1580
2017-08-04,3900,4000,3750,4000,1580
2017-08-08,4000,4000,3900,3900,500
2017-08-09,3900,3950,3900,3950,1140
2017-08-10,3900,3950,3750,3950,1920
2017-08-11,3900,3900,3750,3900,440
2017-08-16,3950,3975,3900,3970,1260
2017-08-17,3900,3975,3900,3975,1540
2017-08-18,3900,3975,3900,3975,1000
2017-08-21,3950,3950,3935,3935,400
2017-08-22,3973,3973,3973,3973,100
2017-08-23,3933,3933,3933,3933,100
2017-08-24,3895,3933,3890,3933,1360
2017-08-25,3933,3950,3933,3950,380
2017-08-30,3875,3950,3800,3950,9900
2017-08-31,3900,3950,3900,3950,3060
2017-09-04,3825,3950,3825,3950,4700
2017-09-05,3900,3925,3900,3925,320
2017-09-06,3851,3925,3851,3925,5360
2017-09-07,3900,3920,3900,3920,820
2017-09-08,3920,3920,3900,3900,340
2017-09-11,3900,3900,3850,3900,7840
2017-09-12,3875,3895,3750,3848,10780
2017-09-13,3750,3845,3750,3845,1200
2017-09-14,3750,3800,3700,3700,25360
2017-09-15,3700,3800,3700,3800,600
2017-09-18,3700,3800,3700,3800,2320
2017-09-19,3701,3800,3701,3800,3100
2017-09-20,3700,3795,3700,3700,7520
2017-09-21,3700,3800,3700,3800,4360
2017-09-22,3700,3900,3700,3900,3080
2017-09-25,3700,3900,3700,3900,5780
2017-09-26,3800,3925,3800,3925,500
2017-09-28,3800,3925,3750,3925,1120
2017-09-29,3750,3975,3750,3950,12900
2017-10-02,3925,3950,3700,3950,8180
2017-10-03,3800,3950,3800,3950,8160
2017-10-04,3800,3900,3700,3900,1460
2017-10-05,3705,3900,3650,3900,1720
2017-10-09,3840,3865,3840,3865,120
2017-10-10,3850,3865,3850,3865,200
2017-10-11,3750,3845,3700,3845,560
2017-10-12,3650,3850,3625,3850,5860
2017-10-13,3800,3850,3800,3850,360
2017-10-16,3800,3850,3750,3825,4980
2017-10-17,3538,3795,3538,3795,820
2017-10-18,3790,3795,3750,3750,540
2017-10-19,3750,3750,3750,3750,320
2017-10-20,3745,3745,3600,3740,800
2017-10-23,3695,3695,3695,3695,180
2017-10-24,3700,3950,3700,3950,38
2017-10-25,3925,3925,3825,3890,502
2017-10-26,3670,3800,3670,3800,6472
2017-10-27,3750,3798,3700,3798,772
2017-10-30,3750,3750,3515,3515,2228
2017-10-31,3500,3743,3500,3743,404
2017-11-02,3748,3750,3725,3748,1228
2017-11-03,3695,3725,3600,3600,564
2017-11-06,3600,3600,3500,3550,642
2017-11-07,3500,3500,3493,3498,3974
2017-11-08,3430,3493,3400,3493,1934
2017-11-09,3493,3493,3250,3325,3020
2017-11-10,3213,3213,3210,3210,60
2017-11-13,3100,3150,3093,3093,874
2017-11-14,3000,3100,3000,3000,2778
2017-11-16,3093,3210,3093,3195,674
2017-11-17,3150,3213,3103,3195,2044
2017-11-20,3200,3375,3200,3375,3766
2017-11-21,3425,3425,3300,3378,2522
2017-11-22,3378,3550,3378,3550,5044
2017-11-23,3600,3600,3508,3600,2336
2017-11-24,3550,3750,3550,3750,2100
2017-11-27,3750,3750,3750,3750,178
2017-11-28,3750,3750,3700,3700,1224
2017-11-29,3700,3900,3700,3900,1908
2017-11-30,3900,3900,3900,3900,174
2017-12-04,3895,3895,3703,3750,5972
2017-12-05,3748,3750,3700,3750,1406
2017-12-06,3748,3748,3743,3745,1574
2017-12-07,3750,3750,3603,3603,2036
2017-12-08,3608,3745,3500,3745,2604
2017-12-11,3745,3745,3700,3745,436
2017-12-12,3745,3745,3628,3745,3154
2017-12-13,3743,3743,3625,3725,1026
2017-12-14,3725,3725,3613,3698,3346
2017-12-15,3695,3695,3645,3645,430
2017-12-18,3603,3650,3603,3648,898
2017-12-19,3645,3645,3500,3598,2516
2017-12-20,3498,3500,3498,3500,432
2017-12-21,3500,3600,3498,3600,1058
2017-12-22,3600,3600,3500,3600,540
2017-12-26,3503,3598,3503,3575,1870
2017-12-27,3505,3575,3505,3575,6008
2017-12-28,3570,3575,3550,3575,4576
2017-12-29,3550,3575,3550,3575,1740
2018-01-02,3555,3555,3550,3550,1990
2018-01-03,3550,3570,3550,3570,5678
2018-01-04,3550,3570,3500,3500,1138
2018-01-05,3550,3570,3503,3503,916
2018-01-08,3550,3570,3500,3500,9060
2018-01-09,3550,3570,3500,3500,1824
2018-01-10,3550,3550,3550,3550,240
2018-01-11,3550,3550,3500,3550,1354
2018-01-12,3550,3550,3475,3500,1440
2018-01-15,3500,3500,3453,3500,2672
2018-01-16,3500,3500,3453,3453,516
2018-01-17,3450,3463,3240,3460,1412
2018-01-18,3475,3500,3450,3450,1226
2018-01-19,3448,3448,3400,3445,764
2018-01-22,3348,3350,3325,3348,1200
2018-01-23,3325,3325,3250,3250,394
2018-01-24,3250,3325,3203,3323,5392
2018-01-25,3325,3325,3250,3323,1074
2018-01-26,3323,3325,3250,3300,312
2018-01-29,3300,3300,3250,3250,5354
2018-01-30,3298,3300,3250,3300,8036
2018-01-31,3250,3250,3225,3250,1544
2018-02-01,3250,3300,3223,3300,23464
2018-02-02,3300,3300,3250,3300,5708
2018-02-05,3253,3353,3253,3353,2576
2018-02-06,3445,3450,3355,3355,2810
2018-02-07,3450,3450,3355,3355,486
2018-02-08,3400,3448,3358,3448,4820
2018-02-09,3448,3500,3425,3500,2792
2018-02-12,3500,3500,3450,3500,64
2018-02-13,3498,3500,3498,3500,2142
2018-02-14,3500,3500,3455,3500,3076
2018-02-15,3500,3500,3500,3500,1752
2018-02-16,3500,3500,3450,3500,6808
2018-02-19,3500,3500,3498,3500,7190
2018-02-20,3495,3498,3475,3498,720
2018-02-21,3498,3500,3498,3500,2196
2018-02-22,3500,3500,3480,3500,3260
2018-02-23,3525,3550,3500,3550,232
2018-02-26,3550,3553,3545,3550,1268
2018-02-27,3553,3598,3503,3503,5524
2018-02-28,3548,3550,3500,3545,664
2018-03-01,3500,3550,3500,3550,2624
2018-03-02,3550,3550,3503,3550,2954
2018-03-05,3548,3550,3500,3525,4552
2018-03-06,3525,3525,3453,3525,2338
2018-03-07,3500,3548,3500,3500,2636
2018-03-08,3500,3500,3475,3500,570
2018-03-09,3500,3500,3450,3498,300
2018-03-12,3498,3498,3448,3495,560
2018-03-13,3498,3498,3400,3400,2822
2018-03-14,3400,3495,3400,3495,8496
2018-03-15,3450,3493,3400,3493,1254
2018-03-16,3400,3445,3300,3445,5834
2018-03-19,3400,3450,3400,3448,382
2018-03-20,3250,3400,3200,3400,10602
2018-03-21,3253,3395,3200,3395,950
2018-03-22,3200,3250,3145,3200,3070
2018-03-23,3148,3148,3050,3145,398
2018-03-26,3050,3300,3000,3300,1874
2018-03-27,3150,3233,3100,3233,966
2018-03-28,3200,3348,3000,3348,8052
2018-03-29,3300,3300,3138,3298,2690
2018-03-30,3195,3450,3100,3450,9058
2018-04-03,3200,3348,3200,3295,7110
2018-04-04,3250,3250,3138,3250,1846
2018-04-05,3198,3198,3100,3150,7302
2018-04-06,3095,3125,3095,3123,2426
2018-04-09,3100,3170,3000,3050,5080
2018-04-10,3025,3170,3010,3170,2492
2018-04-11,3000,3000,2998,2998,2100
2018-04-12,2998,3000,2998,3000,636
2018-04-13,3000,3000,2995,2995,418
2018-04-16,2975,2990,2773,2773,1418
2018-04-17,2850,2948,2750,2938,2068
2018-04-18,2848,2900,2750,2900,2308
2018-04-19,2750,2900,2748,2900,5336
2018-04-20,2750,2925,2683,2925,2952
2018-04-23,2750,2925,2750,2925,422
2018-04-24,2750,2900,2750,2898,1134
2018-04-26,2800,2800,2750,2750,2932
2018-04-27,2703,2895,2700,2895,4724
2018-04-30,3100,3100,3100,3100,674
2018-05-02,2900,2900,2868,2898,200
2018-05-03,2700,2890,2700,2890,90
2018-05-04,2703,2875,2703,2798,1116
2018-05-07,2648,2750,2600,2750,1562
2018-05-08,2750,2750,2700,2700,238
2018-05-09,2650,2650,2498,2500,2594
2018-05-11,2500,2598,2498,2598,2060
2018-05-14,2500,2500,2450,2498,6640
2018-05-15,2450,2498,2400,2400,332
2018-05-16,2250,2400,2250,2400,3638
2018-05-17,2250,2398,2250,2398,756
2018-05-18,2250,2400,2250,2400,3368
2018-05-22,2250,2398,2250,2398,1618
2018-05-23,2250,2375,2225,2375,2548
2018-05-24,2250,2350,2198,2350,14704
2018-05-25,2203,2348,2175,2338,23244
2018-05-28,2175,2338,2175,2338,3574
2018-05-29,2348,2375,2300,2350,8396
2018-05-30,2305,2390,2305,2390,2192
2018-05-31,2348,2348,2253,2338,992
2018-06-01,2350,2350,2338,2348,286
2018-06-04,2350,2375,2325,2348,2736
2018-06-05,2350,2350,2345,2345,318
2018-06-06,2348,2350,2345,2350,22728
2018-06-07,2345,2345,2345,2345,1114
2018-06-08,2345,2350,2345,2348,12150
2018-06-12,2348,2348,2345,2348,1000
2018-06-13,2348,2375,2345,2375,6914
2018-06-15,2375,2375,2345,2375,4994
2018-06-18,2375,2375,2325,2375,1088
2018-06-19,2365,2375,2348,2375,3414
2018-06-20,2375,2375,2348,2375,4374
2018-06-21,2378,2400,2378,2400,10264
2018-06-22,2380,2498,2380,2450,9878
2018-06-25,2498,2498,2450,2450,1426
2018-06-26,2400,2448,2400,2448,1844
2018-06-27,2383,2450,2325,2325,4594
2018-06-28,2350,2445,2300,2445,11444
2018-06-29,2350,2445,2350,2445,5096
2018-07-02,2425,2425,2400,2400,504
2018-07-03,2403,2403,2398,2400,308
2018-07-04,2400,2400,2353,2398,1580
2018-07-05,2305,2395,2305,2393,2028
2018-07-06,2400,2425,2308,2425,3420
2018-07-09,2400,2443,2398,2443,5220
2018-07-10,2428,2445,2428,2445,380
2018-07-11,2445,2445,2435,2445,626
2018-07-12,2445,2450,2443,2443,4020
2018-07-13,2445,2445,2428,2428,1622
2018-07-16,2435,2445,2428,2445,1476
2018-07-17,2448,2450,2425,2448,786
2018-07-18,2448,2448,2428,2443,238
2018-07-19,2425,2445,2425,2445,108
2018-07-20,2425,2445,2425,2445,3734
2018-07-23,2445,2450,2425,2425,2750
2018-07-24,2445,2448,2425,2448,302
2018-07-25,2445,2450,2425,2450,2006
2018-07-26,2440,2448,2440,2448,728
2018-07-27,2445,2450,2445,2450,692
2018-07-30,2450,2450,2450,2450,354
2018-07-31,2445,2450,2425,2450,1108
2018-08-01,2450,2450,2428,2450,1636
2018-08-02,2450,2500,2450,2498,750
2018-08-03,2500,2600,2450,2600,1698
2018-08-08,2500,2500,2450,2450,3520
2018-08-09,2500,2500,2450,2450,2974
2018-08-10,2450,2450,2450,2450,120
2018-08-13,2450,2498,2400,2498,4586
2018-08-14,2450,2498,2450,2498,406
2018-08-16,2450,2450,2450,2450,110
2018-08-17,2495,2495,2448,2448,76
2018-08-22,2448,2448,2400,2400,72574
2018-08-23,2375,2398,2300,2398,612
2018-08-24,2395,2395,2303,2303,198
2018-08-27,2303,2400,2303,2350,782
2018-08-28,2350,2398,2313,2398,1444
2018-08-29,2398,2398,2350,2390,4844
2018-08-30,2350,2350,2300,2350,868
2018-08-31,2350,2400,2275,2400,3464
2018-09-03,2350,2350,2263,2345,386
2018-09-04,2265,2350,2250,2350,2994
2018-09-05,2350,2350,2298,2298,8098
2018-09-06,2300,2300,2298,2298,420
2018-09-07,2298,2298,2298,2298,110
2018-09-10,2250,2250,2250,2250,596
2018-09-11,2205,2250,2200,2243,622
2018-09-12,2225,2250,2225,2250,130
2018-09-13,2250,2250,2200,2200,90
2018-09-14,2150,2150,2150,2150,252
2018-09-17,2125,2125,2000,2003,562
2018-09-18,2000,2000,1950,1950,5416
2018-09-19,2000,2050,2000,2050,4786
2018-09-20,2050,2138,2050,2138,20
2018-09-21,2050,2050,2000,2048,408
2018-09-24,2093,2093,2093,2093,40
2018-09-25,2003,2090,2003,2090,368
2018-09-26,2090,2090,2050,2085,600
2018-09-27,2000,2000,1950,2000,1750
2018-09-28,2000,2100,1900,2100,6000
2018-10-01,2250,2250,2200,2200,50
2018-10-02,2150,2150,2108,2108,44762
2018-10-03,2095,2098,2045,2098,1186
2018-10-04,2000,2000,2000,2000,78
2018-10-05,2000,2000,1950,1950,2662
2018-10-08,1925,1988,1925,1988,580
2018-10-09,2000,2000,1925,1950,36966
2018-10-10,1928,2000,1900,2000,2960
2018-10-11,2000,2000,1850,1850,2880
2018-10-12,1925,1950,1925,1950,50
2018-10-15,1913,1975,1825,1975,1550
2018-10-16,1973,1975,1925,1925,22410
2018-10-17,1925,1970,1925,1970,284
2018-10-18,1950,2000,1950,2000,2410
2018-10-19,1990,1990,1950,1950,4950
2018-10-22,1988,1988,1950,1950,270
2018-10-23,1950,1950,1950,1950,280
2018-10-24,1925,2000,1878,2000,23404
2018-10-25,1925,1950,1878,1878,948
2018-10-26,1915,1915,1915,1915,370
2018-10-29,1900,1900,1850,1895,440
2018-10-30,1898,1898,1893,1893,1080
2018-10-31,1875,1890,1875,1890,2402
2018-11-02,1750,1850,1750,1850,928
2018-11-05,1850,1850,1800,1800,2782
2018-11-06,1800,1800,1760,1775,10318
2018-11-07,1750,1775,1750,1775,754
2018-11-08,1750,1750,1750,1750,2480
2018-11-09,1750,1750,1750,1750,1828
2018-11-12,1750,1750,1650,1700,8712
2018-11-13,1698,1698,1600,1600,198
2018-11-14,1598,1700,1598,1700,786
2018-11-16,1698,1698,1600,1655,2052
2018-11-19,1600,1625,1575,1625,596
2018-11-21,1625,1695,1575,1695,1400
2018-11-22,1660,1660,1570,1600,3024
2018-11-23,1600,1600,1500,1548,1696
2018-11-26,1520,1520,1500,1500,1338
2018-11-27,1500,1500,1450,1500,1122
2018-11-28,1500,1550,1500,1550,522
2018-11-29,1500,1500,1475,1495,754
2018-11-30,1475,1475,1400,1475,1054
2018-12-03,1400,1425,1400,1400,680
2018-12-04,1398,1398,1350,1373,1652
2018-12-05,1373,1400,1350,1400,1716
2018-12-06,1405,1405,1400,1400,7668
2018-12-07,1403,1500,1400,1403,5128
2018-12-10,1413,1450,1413,1450,3296
2018-12-11,1500,1500,1490,1490,36768
2018-12-12,1453,1500,1453,1498,1798
2018-12-13,1550,1550,1510,1550,2806
2018-12-14,1580,1665,1580,1665,3064
2018-12-17,1750,1750,1725,1750,2488
2018-12-18,1800,1800,1800,1800,200
2018-12-19,1803,1878,1803,1878,9506
2018-12-20,1903,2018,1903,2018,4756
2018-12-21,2020,2168,2020,2168,5218
2018-12-24,2168,2330,2168,2330,1690
2018-12-26,2350,2500,2350,2500,8152
2018-12-27,2500,2688,2500,2688,3624
2018-12-28,2685,2695,2685,2695,2044
2018-12-31,2600,2600,2600,2600,2800
2019-01-02,2580,2580,2580,2580,3360
2019-01-03,2575,2600,2575,2600,1842
2019-01-04,2425,2498,2425,2498,154
2019-01-07,2425,2450,2400,2400,692
2019-01-08,2400,2420,2400,2420,366
2019-01-09,2373,2373,2368,2368,120
2019-01-10,2350,2350,2348,2348,44
2019-01-11,2250,2300,2250,2250,312
2019-01-14,2150,2175,2083,2145,1110
2019-01-15,2098,2100,2083,2083,3790
2019-01-16,2025,2098,2000,2098,1318
2019-01-17,2000,2000,1950,1950,2866
2019-01-18,1950,2000,1950,2000,2480
2019-01-21,2075,2140,2075,2125,2364
2019-01-22,2075,2075,2075,2075,76
2019-01-23,2000,2050,2000,2050,662
2019-01-24,2003,2028,2000,2028,932
2019-01-25,2000,2000,2000,2000,90
2019-01-28,2025,2050,2025,2050,188
2019-01-29,2050,2100,2050,2098,252
2019-01-30,2093,2150,2093,2150,1882
2019-01-31,2150,2250,2150,2250,260
2019-02-01,2250,2250,2250,2250,100
2019-02-04,2248,2248,2248,2248,86
2019-02-05,2175,2203,2153,2200,62
2019-02-06,2175,2195,2150,2150,328
2019-02-07,2150,2195,2148,2195,3498
2019-02-08,2100,2195,2050,2195,610
2019-02-11,2198,2250,2100,2190,1398
2019-02-12,2175,2248,2175,2200,4778
2019-02-13,2195,2325,2195,2300,5288
2019-02-14,2200,2320,2195,2320,1026
2019-02-15,2298,2298,2250,2250,1590
2019-02-18,2250,2300,2250,2300,3038
2019-02-19,2250,2325,2250,2325,890
2019-02-20,2290,2498,2290,2498,3430
2019-02-21,2498,2683,2495,2680,5112
2019-02-22,2600,2675,2498,2498,2148
2019-02-25,2498,2500,2498,2500,1180
2019-02-26,2500,2500,2493,2493,260
2019-02-27,2450,2650,2400,2650,3222
2019-02-28,2493,2650,2493,2650,1014
2019-03-01,2495,2503,2495,2503,1012
2019-03-04,2503,2503,2500,2500,38
2019-03-05,2498,2500,2495,2500,1610
2019-03-06,2495,2495,2473,2473,792
2019-03-07,2450,2450,2450,2450,78
2019-03-08,2428,2430,2425,2425,1080
2019-03-11,2425,2425,2425,2425,190
2019-03-12,2425,2425,2400,2400,520
2019-03-13,2400,2400,2375,2375,1234
2019-03-14,2350,2350,2250,2290,8280
2019-03-15,2290,2290,2200,2290,6730
2019-03-18,2290,2290,2125,2170,5298
2019-03-19,2250,2250,2170,2250,6274
2019-03-20,2250,2418,2205,2418,10594
2019-03-21,2418,2500,2400,2500,19004
2019-03-22,2500,2500,2400,2475,1900
2019-03-25,2450,2450,2450,2450,80
2019-03-27,2350,2350,2268,2348,944
2019-03-28,2205,2205,2173,2198,1418
2019-03-29,2170,2198,2100,2198,1566
2019-04-01,2080,2080,2050,2080,576
2019-04-02,2075,2235,2075,2235,7016
2019-04-03,2150,2235,2150,2235,166
2019-04-04,2235,2235,2235,2235,22
2019-04-05,2150,2235,2150,2235,632
2019-04-08,2225,2235,2100,2205,5418
2019-04-09,2250,2350,2250,2350,2130
2019-04-10,2350,2400,2350,2350,2496
2019-04-11,2375,2375,2350,2375,3064
2019-04-12,2350,2400,2350,2400,786
2019-04-15,2425,2550,2425,2500,7064
2019-04-16,2500,2550,2500,2550,2022
2019-04-17,2500,2573,2500,2550,3588
2019-04-18,2553,2600,2550,2550,8450
2019-04-19,2550,2600,2550,2600,1374
2019-04-23,2593,2598,2588,2588,1198
2019-04-24,2575,2575,2550,2550,990
2019-04-25,2550,2575,2550,2550,5488
2019-04-26,2550,2550,2500,2500,2198
2019-04-29,2273,2315,2175,2175,1072
2019-04-30,2178,2315,2178,2315,30
2019-05-02,2250,2250,2250,2250,600
2019-05-03,2250,2275,2235,2235,1378
2019-05-06,2300,2300,2203,2250,1502
2019-05-07,2250,2250,2200,2200,344
2019-05-08,2203,2208,2200,2200,1968
2019-05-09,2200,2248,2200,2200,348
2019-05-10,2200,2200,2175,2175,1402
2019-05-13,2175,2175,2150,2150,178
2019-05-14,2100,2100,2100,2100,152
2019-05-15,2100,2125,2100,2125,16
2019-05-16,2100,2100,2100,2100,636
2019-05-17,2050,2050,2050,2050,140
2019-05-20,1995,1995,1975,1975,610
2019-05-21,1973,1973,1900,1900,510
2019-05-22,1898,1900,1845,1900,11688
2019-05-23,1900,1900,1850,1875,316
2019-05-24,1850,1875,1850,1875,5858
2019-05-27,1850,1873,1850,1873,174
2019-05-28,1853,1875,1850,1875,3198
2019-05-29,1875,1935,1853,1875,1990
2019-05-31,2015,2015,1875,1875,240
2019-06-03,1873,1875,1873,1873,724
2019-06-05,1860,1870,1858,1860,390
2019-06-06,1875,1875,1853,1858,2424
2019-06-07,1875,1875,1873,1875,2060
2019-06-11,1875,1875,1875,1875,2242
2019-06-12,1875,2000,1875,2000,4660
2019-06-13,1900,1950,1878,1950,1510
2019-06-14,1950,2000,1950,1950,4000
2019-06-17,1975,1998,1950,1950,2290
2019-06-18,1978,2000,1978,2000,1678
2019-06-19,2000,2000,1950,2000,806
2019-06-20,2000,2000,1950,2000,244
2019-06-21,1950,2000,1950,2000,26
2019-06-24,1975,2000,1875,2000,3104
2019-06-25,1875,1875,1875,1875,44
2019-06-26,1925,1950,1900,1950,222
2019-06-27,1950,1950,1950,1950,100
2019-06-28,1950,1990,1950,1975,306
2019-07-01,1975,1975,1975,1975,20
2019-07-02,1950,1950,1950,1950,3284
2019-07-03,1950,1998,1950,1998,574
2019-07-04,1950,2000,1950,1998,666
2019-07-05,2000,2000,2000,2000,2734
2019-07-08,1995,1995,1950,1950,350
2019-07-09,1950,1950,1950,1950,152
2019-07-10,1950,1950,1950,1950,68
2019-07-11,1950,1950,1950,1950,540
2019-07-12,1948,1950,1948,1950,480
2019-07-15,1900,1950,1900,1900,450
2019-07-16,1925,1925,1900,1900,520
2019-07-17,1925,1925,1900,1900,474
2019-07-18,1903,1903,1903,1903,10
2019-07-19,1900,1900,1900,1900,400
2019-07-22,1878,1878,1878,1878,80
2019-07-23,1878,1950,1878,1925,3846
2019-07-24,1900,1900,1900,1900,500
2019-07-25,1925,1928,1925,1925,916
2019-07-26,1925,1925,1923,1925,1002
2019-07-29,1923,1923,1923,1923,322
2019-07-30,1915,1915,1905,1905,586
2019-07-31,1905,1913,1905,1913,246
2019-08-01,1913,1913,1905,1905,278
2019-08-02,1913,1913,1875,1910,2260
2019-08-05,1913,1913,1875,1875,5792
2019-08-06,1873,1873,1848,1870,3444
2019-08-08,1868,1868,1850,1850,2312
2019-08-09,1850,1850,1815,1848,1286
2019-08-13,1850,1850,1800,1800,348
2019-08-14,1800,1850,1800,1850,1672
2019-08-16,1848,1850,1825,1825,2320
2019-08-19,1825,1825,1800,1825,526
2019-08-20,1825,1825,1825,1825,320
2019-08-21,1850,1850,1825,1850,6942
2019-08-22,1825,1865,1825,1865,956
2019-08-23,1863,1865,1825,1825,1480
2019-08-26,1850,1850,1848,1848,152
2019-08-27,1875,1875,1840,1840,276
2019-08-28,1840,1840,1840,1840,224
2019-08-29,1840,1900,1840,1900,9228
2019-08-30,1898,1900,1898,1900,6124
2019-09-02,1875,1875,1850,1850,3802
2019-09-03,1850,1875,1850,1850,3820
2019-09-04,1875,1875,1850,1850,13008
2019-09-05,1855,1905,1855,1905,4880
2019-09-06,1908,1910,1895,1895,350
2019-09-09,1855,1870,1855,1870,1220
2019-09-10,1853,1853,1850,1850,3482
2019-09-11,1828,1850,1828,1850,1108
2019-09-12,1830,1830,1825,1825,904
2019-09-13,1848,1848,1848,1848,6
2019-09-16,1828,1850,1825,1850,672
2019-09-17,1800,1800,1800,1800,4238
2019-09-18,1805,1805,1800,1800,942
2019-09-19,1803,1803,1803,1803,20
2019-09-20,1838,1850,1838,1850,260
2019-09-23,1850,1850,1850,1850,110
2019-09-24,1850,1850,1850,1850,100
2019-09-25,1848,1850,1803,1850,2506
2019-09-26,1850,1850,1850,1850,680
2019-09-27,1850,1850,1800,1800,732
2019-09-30,1803,1850,1800,1850,506
2019-10-01,1800,1803,1800,1803,248
2019-10-02,1803,1803,1800,1800,290
2019-10-03,1803,1803,1803,1803,86
2019-10-04,1800,1850,1800,1850,3080
2019-10-07,1825,1825,1775,1775,1802
2019-10-08,1755,1775,1753,1775,220
2019-10-09,1753,1753,1753,1753,234
2019-10-10,1755,1770,1755,1770,180
2019-10-11,1770,1800,1770,1773,1680
2019-10-14,1770,1775,1770,1775,346
2019-10-15,1770,1775,1770,1775,160
2019-10-16,1775,1775,1775,1775,154
2019-10-17,1825,1825,1825,1825,28
2019-10-18,1825,1825,1818,1820,246
2019-10-21,1823,1823,1775,1820,580
2019-10-22,1825,1825,1820,1820,292
2019-10-24,1820,1825,1820,1825,340
2019-10-25,1825,1825,1800,1800,2500
2019-10-28,1800,1800,1800,1800,3090
2019-10-30,1800,1825,1800,1800,378
2019-10-31,1825,1825,1825,1825,400
2019-11-04,1825,1825,1800,1800,530
2019-11-05,1800,1800,1800,1800,580
2019-11-06,1800,1800,1800,1800,420
2019-11-07,1825,1825,1800,1800,6024
2019-11-08,1798,1798,1750,1753,504
2019-11-11,1800,1800,1800,1800,160
2019-11-12,1800,1800,1798,1800,2400
2019-11-13,1750,1750,1745,1745,1360
2019-11-14,1690,1690,1678,1688,368
2019-11-18,1688,1688,1653,1653,11156
2019-11-19,1645,1645,1600,1600,2558
2019-11-20,1630,1645,1630,1645,1120
2019-11-21,1600,1600,1570,1570,330
2019-11-22,1570,1570,1548,1548,1330
2019-11-25,1548,1548,1500,1513,948
2019-11-26,1500,1518,1500,1518,2076
2019-11-27,1525,1525,1520,1520,850
2019-11-28,1525,1550,1525,1550,270
2019-11-29,1553,1600,1553,1600,12
2019-12-02,1600,1650,1600,1650,1604
2019-12-03,1650,1690,1650,1690,582
2019-12-04,1800,1800,1750,1750,1004
2019-12-05,1650,1750,1650,1750,1974
2019-12-06,1750,1775,1750,1775,324
2019-12-09,1750,1850,1750,1750,36612
2019-12-10,1775,1775,1700,1750,1592
2019-12-11,1750,1775,1750,1750,436
2019-12-12,1750,1750,1750,1750,6
2019-12-13,1750,1750,1700,1700,776
2019-12-16,1745,1745,1713,1725,608
2019-12-17,1728,1750,1725,1725,5720
2019-12-18,1750,1800,1750,1800,480
2019-12-19,1798,1925,1750,1925,10932
2019-12-20,1850,1900,1850,1900,1390
2019-12-23,1900,1900,1898,1900,2004
2019-12-24,1895,1895,1895,1895,140
2019-12-26,1895,1950,1888,1950,17344
2019-12-27,1925,1995,1925,1995,3870
2019-12-30,1950,1950,1848,1848,1028
2019-12-31,1850,1898,1850,1895,4346
2020-01-02,1848,1850,1848,1848,958
2020-01-03,1848,1848,1800,1800,3092
2020-01-06,1765,1875,1753,1875,1018
2020-01-07,1848,1850,1775,1775,802
2020-01-08,1850,1850,1813,1815,1498
2020-01-09,1800,1850,1800,1850,3540
2020-01-10,1845,1845,1753,1753,420
2020-01-13,1753,1765,1750,1758,1654
2020-01-14,1763,1800,1763,1800,870
2020-01-15,1850,1850,1825,1830,198
2020-01-16,1830,1873,1830,1873,278
2020-01-17,1873,1873,1850,1873,224
2020-01-20,1850,1873,1850,1868,1156
2020-01-21,1868,1875,1868,1870,688
2020-01-22,1853,1853,1853,1853,150
2020-01-23,1853,1870,1853,1858,620
2020-01-24,1870,1948,1858,1860,5390
2020-01-27,1865,1868,1865,1865,1220
2020-01-29,1868,1950,1865,1950,1596
2020-01-30,1913,1950,1913,1950,5148
2020-01-31,1950,1950,1925,1925,886
2020-02-03,1925,1950,1900,1900,1900
2020-02-04,1898,1898,1860,1860,5072
2020-02-05,1898,1898,1865,1865,464
2020-02-06,1865,1868,1860,1865,4518
2020-02-07,1865,1865,1860,1860,364
2020-02-10,1865,1865,1860,1860,5978
2020-02-11,1855,1860,1800,1800,9952
2020-02-12,1805,1805,1805,1805,1952
2020-02-13,1775,1775,1775,1775,1530
2020-02-14,1775,1775,1678,1700,3942
2020-02-17,1703,1725,1700,1725,364
2020-02-18,1725,1750,1725,1750,3050
2020-02-19,1750,1750,1750,1750,124
2020-02-20,1775,1860,1775,1860,574
2020-02-21,1860,1860,1778,1778,6
2020-02-24,1800,1800,1755,1755,802
2020-02-25,1775,1860,1755,1860,6042
2020-02-26,1778,1778,1778,1778,484
2020-02-27,1800,1800,1800,1800,32
2020-02-28,1860,1860,1850,1850,208
2020-03-02,1855,1855,1855,1855,120
2020-03-03,1850,1865,1850,1850,506
2020-03-04,1850,1850,1850,1850,514
2020-03-05,1850,1850,1850,1850,162
2020-03-06,1853,1853,1800,1800,418
2020-03-09,1803,1803,1803,1803,60
2020-03-10,1805,1805,1800,1800,3052
2020-03-11,1850,1850,1848,1850,798
2020-03-12,1850,1850,1825,1825,1476
2020-03-13,1825,1825,1800,1800,372
2020-03-16,1800,1825,1798,1825,5036
2020-03-17,1800,1800,1780,1780,1954
2020-03-18,1780,1780,1775,1775,206
2020-03-19,1783,1788,1780,1780,3368
2020-03-20,1780,1783,1780,1780,126
2020-03-23,1780,1783,1780,1780,752
2020-03-24,1750,1755,1750,1750,4850
2020-03-25,1750,1780,1750,1778,1602
2020-03-26,1780,1800,1780,1800,850
2020-03-27,1800,1800,1800,1800,60
2020-03-30,1778,1778,1775,1775,2700
2020-03-31,1750,1750,1708,1708,382
2020-04-01,1703,1703,1703,1703,4
2020-04-03,1703,1705,1703,1703,166
2020-04-06,1703,1703,1703,1703,96
2020-04-07,1703,1703,1703,1703,328
2020-04-08,1703,1705,1703,1705,630
2020-04-09,1778,1778,1778,1778,4
2020-04-10,1775,1775,1773,1773,10330
2020-04-14,1738,1778,1738,1778,1330
2020-04-15,1778,1780,1778,1778,576
2020-04-16,1780,1780,1778,1778,1500
2020-04-17,1800,1813,1780,1813,2596
2020-04-20,1813,1813,1780,1780,3518
2020-04-21,1780,1780,1750,1780,1836
2020-04-22,1783,1800,1783,1800,480
2020-04-23,1800,1800,1800,1800,1034
2020-04-24,1800,1850,1800,1850,5970
2020-04-27,1825,1838,1825,1838,160
2020-04-28,1825,1838,1823,1823,466
2020-04-29,1748,1750,1650,1650,154
2020-04-30,1650,1688,1650,1680,1750
2020-05-04,1713,1713,1625,1650,3632
2020-05-05,1635,1650,1600,1648,746
2020-05-06,1610,1610,1550,1605,2216
2020-05-07,1600,1600,1525,1525,786
2020-05-08,1530,1600,1530,1600,6374
2020-05-11,1600,1600,1600,1600,44
2020-05-12,1600,1600,1550,1600,1036
2020-05-13,1600,1600,1525,1600,1016
2020-05-14,1570,1570,1570,1570,304
2020-05-15,1585,1600,1585,1600,2224
2020-05-18,1570,1570,1548,1550,23326
2020-05-19,1553,1568,1553,1568,228
2020-05-22,1550,1580,1550,1575,628
2020-05-25,1578,1578,1550,1550,84
2020-05-26,1553,1553,1548,1550,1420
2020-05-27,1550,1550,1528,1550,1572
2020-05-28,1555,1600,1555,1600,6386
2020-05-29,1575,1600,1575,1600,810
2020-06-02,1600,1650,1575,1625,862
2020-06-03,1650,1650,1650,1650,2926
2020-06-04,1653,1653,1653,1653,164
2020-06-05,1655,1700,1655,1668,260
2020-06-08,1690,1690,1690,1690,790
2020-06-09,1700,1705,1700,1705,176
2020-06-10,1708,1725,1708,1725,594
2020-06-11,1705,1748,1705,1748,4590
2020-06-12,1748,1750,1748,1748,8134
2020-06-15,1725,1750,1725,1745,546
2020-06-16,1748,1748,1745,1748,7880
2020-06-17,1748,1875,1748,1875,6978
2020-06-18,1900,1950,1875,1875,3462
2020-06-19,1875,1875,1875,1875,10458
2020-06-22,1973,1973,1875,1875,2054
2020-06-23,1950,1950,1875,1875,1760
2020-06-24,1878,1900,1878,1900,142
2020-06-25,1900,1900,1800,1800,1164
2020-06-26,1750,1750,1725,1725,616
2020-06-29,1728,1728,1728,1728,704
2020-06-30,1730,1730,1725,1725,2090
2020-07-01,1725,1725,1700,1700,1060
2020-07-02,1670,1670,1650,1650,800
2020-07-03,1650,1675,1650,1650,804
2020-07-06,1650,1650,1650,1650,98
2020-07-07,1675,1675,1675,1675,8
2020-07-08,1653,1653,1650,1650,220
2020-07-09,1650,1650,1640,1640,962
2020-07-10,1653,1675,1653,1675,600
2020-07-13,1680,1680,1680,1680,100
2020-07-14,1700,1700,1665,1675,1980
2020-07-15,1675,1678,1665,1665,910
2020-07-16,1665,1665,1665,1665,420
2020-07-17,1650,1650,1625,1650,2200
2020-07-20,1650,1650,1640,1643,4054
2020-07-21,1628,1628,1600,1600,1012
2020-07-22,1600,1618,1598,1618,1490
2020-07-23,1578,1600,1578,1600,228
2020-07-24,1600,1600,1588,1588,708
2020-07-27,1580,1600,1580,1590,984
2020-07-28,1590,1590,1588,1588,3008
2020-07-29,1588,1588,1588,1588,3422
2020-07-30,1600,1600,1600,1600,1402
2020-08-03,1600,1600,1575,1588,1350
2020-08-04,1600,1600,1600,1600,688
2020-08-05,1600,1648,1600,1648,732
2020-08-06,1650,1650,1600,1600,1282
2020-08-10,1625,1625,1588,1595,574
2020-08-11,1593,1593,1593,1593,40
2020-08-12,1595,1600,1588,1600,1790
2020-08-13,1600,1600,1590,1590,420
2020-08-14,1588,1595,1588,1595,994
2020-08-17,1595,1595,1595,1595,438
2020-08-18,1603,1603,1600,1600,582
2020-08-19,1600,1600,1600,1600,2186
2020-08-20,1600,1600,1595,1600,1228
2020-08-21,1600,1600,1595,1595,2636
2020-08-24,1600,1600,1595,1600,1926
2020-08-25,1600,1600,1600,1600,670
2020-08-26,1600,1675,1600,1600,2446
2020-08-27,1675,1675,1675,1675,122
2020-08-28,1675,1675,1650,1650,100
2020-08-31,1650,1650,1600,1625,934
2020-09-01,1625,1625,1600,1625,34224
2020-09-02,1600,1625,1600,1625,238
2020-09-03,1625,1700,1625,1700,490
2020-09-04,1700,1700,1700,1700,100
2020-09-07,1630,1675,1630,1675,146
2020-09-08,1600,1615,1600,1613,2052
2020-09-09,1610,1610,1595,1595,3470
2020-09-10,1595,1600,1595,1600,1430
2020-09-11,1595,1600,1595,1600,728
2020-09-14,1595,1600,1595,1600,444
2020-09-15,1600,1600,1598,1600,1374
2020-09-16,1600,1600,1600,1600,162
2020-09-17,1600,1600,1590,1593,8900
2020-09-18,1675,1675,1590,1650,230
2020-09-21,1638,1638,1600,1600,688
2020-09-22,1600,1625,1600,1625,616
2020-09-23,1603,1603,1603,1603,110
2020-09-24,1623,1623,1623,1623,54
2020-09-25,1600,1675,1600,1675,1024
2020-09-28,1590,1590,1590,1590,58
2020-09-29,1590,1625,1590,1600,1590
2020-09-30,1600,1600,1590,1600,750
2020-10-01,1600,1600,1600,1600,92
2020-10-02,1625,1625,1600,1600,2208
2020-10-05,1600,1625,1590,1625,1300
2020-10-07,1625,1625,1600,1600,3206
2020-10-08,1600,1600,1600,1600,282
2020-10-09,1600,1600,1600,1600,56
2020-10-12,1600,1605,1595,1605,1872
2020-10-13,1615,1615,1615,1615,64
2020-10-14,1608,1615,1608,1615,54
2020-10-15,1615,1615,1600,1603,8228
2020-10-16,1610,1610,1603,1603,678
2020-10-19,1610,1610,1610,1610,50
2020-10-20,1610,1650,1605,1650,2242
2020-10-21,1650,1650,1650,1650,4122
2020-10-22,1650,1650,1610,1610,1304
2020-10-23,1610,1610,1603,1603,98
2020-10-26,1608,1608,1603,1603,980
2020-10-27,1605,1605,1603,1603,236
2020-10-28,1605,1605,1605,1605,252
2020-10-30,1605,1605,1605,1605,160
2020-11-02,1608,1608,1608,1608,22
2020-11-03,1613,1615,1608,1615,560
2020-11-04,1650,1650,1650,1650,204
2020-11-05,1625,1650,1625,1625,2120
2020-11-06,1650,1650,1650,1650,2100
2020-11-09,1658,1663,1658,1663,120
2020-11-10,1675,1675,1650,1675,2398
2020-11-11,1650,1650,1608,1608,23500
2020-11-12,1625,1625,1593,1625,37136
2020-11-13,1600,1625,1575,1625,2080
2020-11-16,1623,1625,1600,1600,5410
2020-11-17,1600,1625,1575,1625,2860
2020-11-18,1575,1625,1575,1625,7230
2020-11-19,1600,1625,1600,1625,48794
2020-11-20,1625,1653,1600,1600,11306
2020-11-23,1600,1675,1590,1675,8464
2020-11-24,1600,1600,1600,1600,9842
2020-11-25,1598,1600,1598,1600,5570
2020-11-26,1600,1600,1600,1600,3834
2020-11-27,1600,1700,1600,1700,5186
2020-11-30,1600,1650,1600,1650,9020
2020-12-01,1675,1700,1675,1700,20974
2020-12-02,1675,1750,1675,1750,94
2020-12-03,1750,1750,1725,1725,76
2020-12-04,1708,1708,1675,1680,20578
2020-12-07,1700,1703,1675,1700,11504
2020-12-08,1680,1680,1653,1653,4138
2020-12-09,1675,1740,1675,1675,418
2020-12-10,1653,1675,1653,1675,40
2020-12-11,1698,1700,1698,1700,100
2020-12-14,1675,1675,1675,1675,712
2020-12-15,1700,1725,1675,1678,3272
2020-12-16,1698,1700,1698,1700,1850
2020-12-17,1700,1725,1700,1725,200
2020-12-18,1725,1748,1680,1680,436
2020-12-21,1700,1725,1700,1725,404
2020-12-22,1750,1775,1725,1775,11322
2020-12-23,1775,1790,1773,1780,7262
2020-12-24,1780,1780,1780,1780,3142
2020-12-28,1780,1780,1775,1780,10924
2020-12-29,1780,1780,1775,1780,6364
2020-12-30,1780,1800,1780,1800,4926
2020-12-31,1775,1875,1775,1875,13060
2021-01-04,1750,1755,1750,1750,1598
2021-01-05,1753,1753,1750,1750,3520
2021-01-07,1775,1775,1753,1775,1862
2021-01-08,1775,1775,1775,1775,4044
2021-01-11,1775,1800,1773,1800,740
2021-01-13,1763,1800,1763,1800,3132
2021-01-14,1800,1800,1750,1800,10502
2021-01-15,1800,1800,1775,1775,60
2021-01-18,1775,1800,1775,1800,566
2021-01-19,1800,1800,1800,1800,3520
2021-01-21,1800,1820,1800,1800,456
2021-01-22,1800,1820,1800,1820,2122
2021-01-25,1800,1820,1800,1820,774
2021-01-26,1820,1825,1820,1825,42
2021-01-27,1820,1825,1820,1825,668
2021-01-28,1825,1825,1825,1825,1440
2021-01-29,1845,1845,1845,1845,622
2021-02-01,1828,1828,1825,1825,2030
2021-02-02,1875,1875,1845,1845,232
2021-02-03,1845,1850,1845,1850,590
2021-02-04,1828,1900,1828,1900,280
2021-02-05,1900,1900,1900,1900,228
2021-02-08,1903,1945,1903,1945,124
2021-02-09,1915,1945,1915,1935,244
2021-02-10,1900,1925,1900,1925,348
2021-02-11,1900,1900,1900,1900,126
2021-02-12,1863,1900,1863,1900,120
2021-02-15,1900,1900,1900,1900,30
2021-02-16,1848,1848,1848,1848,212
2021-02-17,1898,1898,1848,1850,24208
2021-02-18,1848,1900,1848,1900,17772
2021-02-19,1850,1900,1850,1900,268
2021-02-22,1900,1900,1863,1900,1494
2021-02-23,1900,1900,1865,1865,384
2021-02-24,1865,1865,1863,1865,284
2021-02-25,1865,1865,1865,1865,84
2021-02-26,1900,1900,1875,1900,214
2021-03-01,1900,1925,1888,1925,43000
2021-03-02,1900,1900,1875,1875,21950
2021-03-03,1875,1875,1805,1805,240
2021-03-04,1808,1808,1803,1808,356
2021-03-05,1875,1875,1838,1838,700
2021-03-09,1850,1875,1850,1875,144
2021-03-10,1875,1875,1865,1865,59932
2021-03-11,1875,1900,1868,1900,1122
2021-03-12,1868,1950,1865,1900,1364
2021-03-15,1900,1950,1865,1865,1364
2021-03-16,1865,1865,1865,1865,34
2021-03-18,1868,1898,1868,1898,102
2021-03-19,1900,1900,1875,1900,736
2021-03-22,1898,1898,1875,1898,706
2021-03-24,1878,1878,1875,1875,3920
2021-03-25,1898,1900,1898,1898,1112
2021-03-26,1898,1900,1898,1900,2290
2021-03-29,1890,1900,1890,1900,470
2021-03-30,1900,1900,1900,1900,3018
2021-03-31,1900,1900,1900,1900,160
2021-04-01,1900,1900,1900,1900,330
2021-04-06,1925,1925,1925,1925,2
2021-04-07,1925,1925,1925,1925,116
2021-04-08,1925,1950,1925,1950,2080
2021-04-09,1950,1950,1900,1950,3752
2021-04-12,1950,1950,1950,1950,1802
2021-04-13,1950,2000,1945,1998,1426
2021-04-14,1905,1905,1905,1905,320
2021-04-15,1950,1995,1950,1995,134
2021-04-16,1905,1955,1905,1955,736
2021-04-19,1955,1955,1955,1955,30
2021-04-20,1955,1998,1955,1955,2774
2021-04-21,1950,1950,1950,1950,2184
2021-04-22,1950,1950,1950,1950,338
2021-04-23,1950,1950,1950,1950,540
2021-04-26,1948,1950,1910,1950,232
2021-04-27,1948,1950,1915,1915,928
2021-04-28,1925,1950,1915,1950,284
2021-04-29,1765,1765,1765,1765,80
2021-04-30,1828,1875,1828,1875,344
2021-05-04,1890,1890,1750,1750,1406
2021-05-05,1875,1875,1750,1875,402
2021-05-06,1875,1895,1850,1850,14088
2021-05-07,1873,1873,1873,1873,48
2021-05-10,1895,1895,1873,1873,182
2021-05-11,1873,1873,1850,1873,6858
2021-05-14,1873,1873,1850,1850,590
2021-05-17,1850,1850,1850,1850,32
2021-05-18,1850,1875,1850,1875,200
2021-05-20,1850,1875,1850,1850,4248
2021-05-21,1873,1873,1850,1873,16778
2021-05-25,1873,1875,1873,1873,290
2021-05-26,1870,1875,1853,1875,1794
2021-05-27,1875,1875,1863,1863,222
2021-05-28,1855,1863,1855,1863,80
2021-05-31,1850,1875,1850,1863,762
2021-06-01,1863,1900,1863,1900,2174
2021-06-02,1900,1900,1863,1898,324
2021-06-03,1900,1900,1895,1900,510
2021-06-04,1900,1910,1900,1910,108
2021-06-07,1900,1900,1898,1898,2218
2021-06-08,1863,1900,1850,1900,4698
2021-06-09,1900,1900,1900,1900,380
2021-06-10,1905,1910,1905,1910,890
2021-06-11,1910,1925,1910,1925,276
2021-06-14,1925,1945,1925,1925,560
2021-06-15,1925,1925,1910,1910,454
2021-06-16,1925,1925,1910,1910,2878
2021-06-17,1915,1925,1915,1925,410
2021-06-18,1923,1925,1923,1925,206
2021-06-21,1925,1925,1900,1900,1964
2021-06-22,1900,1925,1900,1925,6446
2021-06-23,1925,1925,1925,1925,450
2021-06-24,1925,1925,1925,1925,20
2021-06-25,1945,1950,1945,1950,240
2021-06-28,1925,1950,1925,1950,118
2021-06-29,1950,2000,1925,2000,336
2021-06-30,1925,2000,1925,2000,208
2021-07-01,2000,2000,2000,2000,2
2021-07-02,1950,1950,1928,1928,42
2021-07-05,1928,1950,1928,1950,194
2021-07-06,1953,1953,1950,1950,200
2021-07-07,1950,1975,1950,1975,38
2021-07-08,2000,2000,2000,2000,200
2021-07-09,1980,2000,1975,1975,244
2021-07-12,1975,1975,1975,1975,188
2021-07-13,1978,1998,1950,1998,420
2021-07-15,2088,2088,2088,2088,500
2021-07-16,1998,2000,1950,2000,104
2021-07-21,2000,2000,2000,2000,460
2021-07-22,2000,2000,1950,1950,554
2021-07-23,1950,2000,1950,2000,148
2021-07-26,2000,2000,2000,2000,586
2021-07-27,2003,2003,1975,2000,3150
2021-07-28,2000,2000,2000,2000,1800
2021-07-29,2000,2003,2000,2003,3220
2021-08-02,2003,2008,2003,2008,2748
2021-08-03,2003,2003,2000,2000,3600
2021-08-04,2000,2075,2000,2075,332
2021-08-05,2050,2050,2050,2050,280
2021-08-06,2050,2050,2050,2050,2
2021-08-09,2050,2050,2050,2050,148
2021-08-10,2003,2003,2003,2003,344
2021-08-11,2005,2038,2005,2038,100
2021-08-12,2005,2038,2003,2038,6440
2021-08-13,2038,2050,2000,2050,2004
2021-08-16,2050,2090,2005,2090,1182
2021-08-17,2090,2245,2050,2173,436
2021-08-18,2170,2325,2150,2325,456
2021-08-19,2400,2400,2325,2325,834
2021-08-20,2328,2375,2325,2325,2270
2021-08-23,2325,2368,2325,2350,2624
2021-08-24,2348,2365,2250,2365,3048
2021-08-25,2368,2368,2325,2325,3690
2021-08-26,2325,2350,2325,2348,1972
2021-08-27,2348,2350,2348,2350,462
2021-08-30,2350,2398,2350,2398,1006
2021-08-31,2398,2398,2350,2353,960
2021-09-01,2398,2398,2388,2388,74
2021-09-02,2375,2398,2375,2375,2764
2021-09-03,2398,2425,2380,2425,522
2021-09-06,2425,2425,2375,2425,426
2021-09-07,2425,2425,2400,2423,7858
2021-09-08,2400,2425,2400,2425,3454
2021-09-09,2425,2425,2423,2423,884
2021-09-10,2425,2425,2425,2425,1174
2021-09-13,2425,2425,2425,2425,180
2021-09-14,2400,2423,2400,2420,186
2021-09-15,2425,2425,2400,2425,11950
2021-09-16,2425,2500,2425,2500,3324
2021-09-17,2450,2550,2450,2550,2540
2021-09-20,2548,2550,2548,2550,4476
2021-09-21,2550,2550,2550,2550,586
2021-09-22,2550,2740,2545,2740,960
2021-09-23,2600,2945,2600,2945,268
2021-09-24,2945,3000,2945,2950,794
2021-09-27,2900,2948,2900,2900,476
2021-09-28,2900,2943,2898,2898,146
2021-09-29,2895,2898,2895,2895,168
2021-09-30,2825,2825,2750,2750,148
2021-10-01,2750,2825,2750,2825,698
2021-10-04,2800,2800,2800,2800,90
2021-10-05,2823,2823,2800,2800,800
2021-10-06,2823,2823,2775,2775,1014
2021-10-07,2800,2800,2750,2800,1810
2021-10-08,2800,2800,2800,2800,200
2021-10-11,2800,2800,2800,2800,532
2021-10-12,2775,2775,2753,2775,158
2021-10-13,2753,2775,2750,2775,250
2021-10-14,2775,2775,2750,2750,1420
2021-10-15,2750,2750,2750,2750,200
2021-10-19,2603,2745,2600,2745,862
2021-10-20,2600,2745,2600,2745,1324
2021-10-21,2750,2750,2600,2700,122
2021-10-22,2700,2700,2648,2648,192
2021-10-25,2645,2645,2605,2645,1946
2021-10-26,2640,2640,2600,2600,988
2021-10-27,2600,2645,2575,2600,1950
2021-10-28,2550,2750,2550,2750,3168
2021-10-29,2750,2800,2700,2800,472
2021-11-03,2798,2800,2750,2790,1186
2021-11-04,2825,2900,2798,2900,396
2021-11-05,2900,2900,2900,2900,20
2021-11-08,2825,2900,2800,2900,2452
2021-11-09,2803,2803,2800,2800,308
2021-11-10,2800,2803,2800,2803,660
2021-11-11,2803,2900,2803,2808,340
2021-11-12,2808,2810,2803,2810,560
2021-11-16,2813,2813,2808,2808,1090
2021-11-17,2848,2850,2808,2808,1688
2021-11-18,2808,2808,2808,2808,224
2021-11-19,2808,2900,2808,2900,112
2021-11-22,2875,2925,2828,2925,14614
2021-11-23,2925,2925,2900,2925,3558
2021-11-24,2925,2945,2850,2945,6282
2021-11-25,2925,3150,2925,3150,4100
2021-11-26,3100,3100,2945,2945,420
2021-11-29,2925,2945,2925,2945,438
2021-11-30,3000,3075,2945,2948,76
2021-12-01,2945,3000,2945,3000,188
2021-12-02,2998,3000,2945,3000,1582
2021-12-03,3005,3008,3005,3005,692
2021-12-06,3005,3005,3003,3003,2474
2021-12-07,3008,3098,3008,3098,1732
2021-12-08,3053,3098,3053,3053,762
2021-12-09,3100,3100,3100,3100,1606
2021-12-10,3100,3105,3100,3100,3664
2021-12-13,3098,3098,3088,3088,2010
2021-12-14,3100,3130,3100,3130,1844
2021-12-15,3100,3150,3100,3150,1466
2021-12-16,3130,3150,3100,3130,982
2021-12-17,3133,3133,3100,3130,150
2021-12-20,3100,3150,3100,3130,780
2021-12-21,3130,3150,3075,3150,1224
2021-12-22,3150,3200,3150,3200,650
2021-12-23,3200,3200,3150,3200,2072
2021-12-24,3100,3100,3100,3100,100
2021-12-27,3100,3150,3100,3150,5452
2021-12-28,3150,3225,3125,3225,2940
2021-12-29,3150,3150,3150,3150,2568
2021-12-30,3150,3150,3150,3150,5092
2021-12-31,3100,3100,3100,3100,300
2022-01-03,3050,3100,3050,3100,770
2022-01-04,3150,3150,3125,3125,278
2022-01-05,3100,3100,3100,3100,138
2022-01-06,3100,3125,3100,3103,350
2022-01-07,3103,3103,3103,3103,20
2022-01-10,3325,3325,3325,3325,168
2022-01-11,3300,3300,3300,3300,128
2022-01-12,3103,3250,3100,3250,446
2022-01-13,3250,3250,3250,3250,724
2022-01-14,3103,3250,3103,3250,80
2022-01-17,3250,3250,3100,3100,2318
2022-01-18,3100,3110,3100,3110,2034
2022-01-19,3110,3150,3110,3110,6182
2022-01-20,3110,3250,3110,3250,3782
2022-01-21,3250,3250,3250,3250,210
2022-01-24,3113,3150,3113,3113,1610
2022-01-25,3050,3053,3050,3050,1118
2022-01-26,3000,3043,3000,3000,338
2022-01-27,3000,3000,2995,2995,872
2022-01-28,3000,3000,2993,2993,1232
2022-01-31,2973,2975,2953,2975,960
2022-02-01,2975,3103,2975,3103,202
2022-02-02,3050,3075,3000,3003,538
2022-02-03,3073,3075,3073,3073,620
2022-02-04,3073,3073,3050,3070,580
2022-02-08,3075,3075,3070,3070,1600
2022-02-09,3050,3050,3000,3050,252
2022-02-10,3070,3070,3055,3055,68
2022-02-11,3055,3055,2973,2973,1488
2022-02-14,2973,3050,2950,2973,8400
2022-02-15,3050,3050,2973,2973,4640
2022-02-16,2990,2990,2950,2950,130
2022-02-17,3000,3100,3000,3100,60
2022-02-18,3100,3103,3003,3003,610
2022-02-21,3100,3100,3100,3100,12
2022-02-22,3098,3100,3098,3100,234
2022-02-23,3100,3100,3100,3100,614
2022-02-24,3078,3078,3078,3078,6280
2022-02-25,3095,3100,3075,3100,612
2022-02-28,3100,3100,3003,3100,326
2022-03-01,3100,3100,3000,3100,2154
2022-03-03,3075,3300,3075,3300,948
2022-03-04,3235,3300,3235,3300,174
2022-03-07,3075,3090,3075,3090,234
2022-03-08,3300,3300,3100,3100,74
2022-03-09,3090,3090,3083,3090,1056
2022-03-10,3075,3075,3075,3075,40
2022-03-11,3000,3298,3000,3298,420
2022-03-14,3250,3295,3100,3105,404
2022-03-15,3298,3298,3105,3243,1034
2022-03-16,3243,3243,3178,3178,516
2022-03-17,3200,3200,3175,3200,242
2022-03-18,3175,3175,2960,3100,1146
2022-03-21,3098,3098,3098,3098,508
2022-03-22,3098,3098,3095,3098,1394
2022-03-23,3098,3098,3098,3098,344
2022-03-24,3100,3100,3053,3100,214
2022-03-25,3100,3100,3053,3100,818
2022-03-28,3040,3043,3040,3043,342
2022-03-29,3100,3100,3045,3050,466
2022-03-30,3060,3100,3050,3050,4396
2022-03-31,3050,3050,2950,2950,1952
2022-04-01,3000,3000,3000,3000,1184
2022-04-04,2998,3000,2950,3000,2030
2022-04-05,2950,3000,2950,3000,7112
2022-04-06,3000,3000,2975,3000,3986
2022-04-07,3000,3000,2950,2950,1864
2022-04-08,2950,2950,2948,2948,646
2022-04-11,2948,2950,2903,2950,1310
2022-04-12,2950,2950,2948,2950,588
2022-04-13,2950,2950,2908,2950,1946
2022-04-14,2953,3150,2950,3000,2464
2022-04-15,3150,3150,3150,3150,10
2022-04-19,3125,3125,3115,3115,760
2022-04-20,3050,3050,3050,3050,1044
2022-04-21,3050,3050,3050,3050,2
2022-04-22,3113,3125,3000,3125,406
2022-04-25,3100,3123,3100,3123,224
2022-04-26,3120,3120,3000,3000,1320
2022-04-27,3000,3000,2955,3000,5012
2022-04-29,2570,2950,2570,2950,11308
2022-05-03,2950,2950,2950,2950,50012
2022-05-04,2950,2950,2750,2925,532
2022-05-05,2750,2800,2750,2800,210
2022-05-06,2800,2898,2800,2800,1820
2022-05-09,2800,2800,2800,2800,992
2022-05-10,2800,2800,2750,2750,418
2022-05-11,2750,2798,2750,2798,70
2022-05-12,2798,2798,2798,2798,26
2022-05-13,2798,2798,2795,2795,32
2022-05-16,2790,2790,2750,2750,754
2022-05-17,2750,2798,2750,2750,158
2022-05-18,2790,2790,2790,2790,80
2022-05-19,2750,2750,2750,2750,578
2022-05-20,2730,2750,2730,2730,124
2022-05-23,2750,2750,2730,2730,100
2022-05-24,2730,2730,2600,2603,1344
2022-05-25,2603,2603,2575,2575,16230
2022-05-27,2575,2600,2575,2600,1080
2022-05-30,2600,2600,2590,2600,1794
2022-05-31,2605,2653,2605,2653,130
2022-06-01,2600,2750,2600,2750,3998
2022-06-02,2750,2750,2750,2750,310
2022-06-03,2745,2745,2655,2745,806
2022-06-07,2745,2745,2725,2725,656
2022-06-08,2725,2725,2725,2725,322
2022-06-09,2725,2745,2723,2723,7848
2022-06-10,2725,2725,2720,2725,516
2022-06-13,2700,2700,2675,2700,670
2022-06-14,2675,2700,2650,2650,1636
2022-06-15,2628,2650,2628,2650,1566
2022-06-16,2650,2650,2650,2650,994
2022-06-17,2650,2675,2650,2650,5168
2022-06-20,2675,2713,2675,2713,3886
2022-06-21,2713,2713,2510,2713,9418
2022-06-22,2713,2713,2713,2713,80
2022-06-23,2700,2700,2650,2650,96
2022-06-24,2650,2700,2650,2700,624
2022-06-27,2535,2700,2535,2700,6552
2022-06-28,2725,2725,2700,2700,16040
2022-06-29,2650,2650,2650,2650,20
2022-06-30,2653,2653,2653,2653,206
2022-07-01,2700,2800,2680,2800,628
2022-07-04,2775,2775,2775,2775,3240
2022-07-05,2775,2775,2725,2775,608
2022-07-06,2750,2925,2750,2925,2540
2022-07-07,2925,2925,2850,2850,130
2022-07-08,2925,2925,2805,2805,2660
2022-07-11,2925,2925,2825,2925,116
2022-07-12,2923,2923,2920,2920,160
2022-07-13,2835,2920,2835,2920,144
2022-07-14,2900,2900,2900,2900,534
2022-07-15,2860,2900,2860,2900,1200
2022-07-18,2850,2900,2850,2900,1126
2022-07-19,2900,2900,2900,2900,740
2022-07-20,2900,2900,2898,2900,280
2022-07-21,2900,2900,2900,2900,2
2022-07-22,2900,2900,2900,2900,636
2022-07-26,2900,2900,2875,2875,296
2022-07-27,2875,2875,2800,2803,910
2022-07-28,2803,2850,2803,2850,64
2022-07-29,2850,2850,2800,2850,640
2022-08-01,2875,2875,2875,2875,54
2022-08-02,2875,2875,2850,2850,180
2022-08-03,2875,2875,2850,2850,622
2022-08-04,2853,2853,2850,2850,478
2022-08-05,2850,2850,2850,2850,364
2022-08-09,2850,2875,2725,2850,2614
2022-08-10,2803,2850,2800,2850,108
2022-08-11,2850,2873,2845,2873,710
2022-08-12,2873,2873,2873,2873,30
2022-08-16,2750,2750,2750,2750,106
2022-08-17,2750,2750,2750,2750,524
2022-08-18,2755,2800,2700,2755,516
2022-08-19,2755,2775,2700,2775,108
2022-08-22,2800,2800,2775,2800,202
2022-08-23,2775,2873,2700,2750,4712
2022-08-24,2700,2800,2700,2750,1112
2022-08-25,2703,2800,2703,2800,1602
2022-08-26,2800,2800,2800,2800,214
2022-08-29,2800,2800,2725,2750,312
2022-08-30,2800,2800,2725,2725,13732
2022-08-31,2775,2775,2725,2725,4200
2022-09-01,2725,2725,2725,2725,294
2022-09-02,2725,2725,2700,2725,312
2022-09-05,2725,2725,2523,2725,1402
2022-09-06,2563,2725,2523,2550,1456
2022-09-07,2600,2698,2600,2600,524
2022-09-08,2575,2698,2575,2698,160
2022-09-09,2700,2700,2650,2698,238
2022-09-12,2693,2698,2693,2698,1266
2022-09-13,2725,2725,2695,2700,666
2022-09-14,2695,2695,2655,2655,718
2022-09-15,2600,2663,2600,2600,1668
2022-09-16,2610,2795,2610,2795,7250
2022-09-19,2675,2675,2618,2675,256
2022-09-20,2675,2675,2618,2618,788
2022-09-21,2650,2675,2625,2675,360
2022-09-22,2630,2675,2630,2675,242
2022-09-23,2650,2650,2650,2650,454
2022-09-26,2650,2650,2638,2650,3848
2022-09-27,2650,2650,2645,2645,8360
2022-09-28,2675,2843,2645,2645,4764
2022-09-29,2653,2675,2648,2648,980
2022-09-30,2650,2650,2550,2550,5586
2022-10-03,2650,2650,2550,2550,3374
2022-10-04,2650,2650,2650,2650,3666
2022-10-05,2650,2650,2583,2625,4250
2022-10-06,2650,2675,2650,2650,10588
2022-10-07,2675,2848,2675,2825,2852
2022-10-10,2850,2850,2653,2653,1150
2022-10-11,2675,2800,2675,2675,262
2022-10-12,2675,2675,2675,2675,170
2022-10-13,2798,2798,2798,2798,398
2022-10-14,2798,2800,2798,2798,194
2022-10-17,2795,2795,2675,2675,242
2022-10-18,2675,2678,2650,2650,12816
2022-10-19,2675,2675,2608,2650,900
2022-10-20,2600,2650,2600,2625,188
2022-10-21,2600,2625,2600,2625,300
2022-10-24,2625,2625,2625,2625,3818
2022-10-25,2600,2675,2600,2675,9444
2022-10-26,2675,2850,2600,2850,1248
2022-10-27,2800,2800,2675,2675,32494
2022-10-28,2700,2700,2675,2675,132
2022-10-31,2700,2700,2700,2700,224
2022-11-02,2675,2700,2675,2675,828
2022-11-03,2675,2675,2675,2675,236
2022-11-04,2673,2675,2600,2600,1318
2022-11-07,2600,2675,2600,2675,1994
2022-11-08,2675,2675,2650,2650,250
2022-11-09,2625,2675,2625,2675,3042
2022-11-10,2675,2675,2650,2675,360
2022-11-11,2670,2670,2650,2650,58
2022-11-14,2650,2650,2650,2650,110
2022-11-16,2670,2670,2650,2650,1290
2022-11-17,2650,2650,2650,2650,252
2022-11-18,2650,2650,2600,2650,1538
2022-11-21,2650,2650,2603,2603,11284
2022-11-22,2650,2650,2603,2603,162
2022-11-23,2575,2650,2575,2625,944
2022-11-24,2625,2645,2625,2645,640
2022-11-25,2645,2645,2645,2645,124
2022-11-28,2625,2643,2625,2625,2126
2022-11-29,2643,2643,2575,2600,8112
2022-12-01,2600,2600,2600,2600,84
2022-12-02,2600,2600,2600,2600,180
2022-12-05,2600,2600,2598,2598,3216
2022-12-06,2503,2573,2503,2573,3016
2022-12-07,2550,2598,2550,2598,1156
2022-12-08,2550,2598,2550,2550,100
2022-12-09,2505,2598,2503,2598,340
2022-12-12,2598,2598,2550,2598,72
2022-12-13,2598,2598,2478,2598,6678
2022-12-14,2595,2598,2595,2598,156
2022-12-15,2598,2598,2598,2598,6
2022-12-16,2485,2598,2485,2598,208
2022-12-19,2493,2598,2493,2598,414
2022-12-20,2590,2598,2503,2595,116
2022-12-21,2553,2595,2553,2595,1028
2022-12-22,2595,2598,2550,2598,2244
2022-12-23,2505,2598,2505,2598,250
2022-12-27,2505,2595,2505,2550,132
2022-12-28,2498,2648,2498,2648,2496
2022-12-29,2550,2648,2550,2648,86
2022-12-30,2648,2648,2550,2600,944
2023-01-02,2600,2600,2500,2500,118
2023-01-03,2495,2503,2495,2503,540
2023-01-04,2525,2525,2500,2500,250
2023-01-05,2645,2645,2505,2505,220
2023-01-06,2645,2645,2513,2513,104
2023-01-09,2525,2550,2525,2550,876
2023-01-10,2513,2550,2513,2550,834
2023-01-11,2548,2550,2525,2525,90
2023-01-12,2528,2675,2528,2675,750
2023-01-13,2650,2650,2650,2650,174
2023-01-17,2650,2650,2555,2555,40
2023-01-18,2650,2650,2650,2650,18
2023-01-19,2558,2650,2558,2650,306
2023-01-20,2650,2650,2558,2650,1698
2023-01-23,2650,2650,2560,2620,472
2023-01-24,2600,2600,2558,2600,422
2023-01-25,2600,2600,2600,2600,84
2023-01-26,2560,2600,2538,2600,1456
2023-01-27,2600,2600,2598,2600,2314
2023-01-30,2575,2593,2575,2575,3406
2023-01-31,2575,2600,2543,2575,4244
2023-02-01,2575,2675,2575,2675,132
2023-02-02,2698,2698,2638,2638,448
2023-02-03,2700,2700,2700,2700,452
2023-02-06,2558,2750,2558,2750,166
2023-02-07,2700,2750,2700,2750,894
2023-02-08,2698,2895,2698,2895,6404
2023-02-09,2895,2895,2895,2895,22
2023-02-10,2680,2850,2680,2850,180
2023-02-13,2680,2843,2650,2843,1220
2023-02-14,2645,2700,2645,2700,230
2023-02-15,2625,2625,2603,2605,2892
2023-02-16,2625,2700,2625,2675,2120
2023-02-17,2628,2675,2628,2675,130
2023-02-20,2675,2675,2580,2650,3982
2023-02-21,2650,2650,2503,2650,1252
2023-02-22,2600,2650,2598,2650,4570
2023-02-23,2645,2645,2600,2600,334
2023-02-24,2600,2700,2600,2653,16550
2023-02-27,2700,2838,2700,2825,2054
2023-02-28,2823,2895,2665,2813,446
2023-03-01,2813,2843,2813,2833,312
2023-03-02,2830,2833,2798,2830,340
2023-03-03,2825,2825,2700,2800,424
2023-03-06,2800,2825,2703,2825,4058
2023-03-07,2800,2815,2800,2815,4574
2023-03-08,2815,2850,2800,2815,186
2023-03-09,2860,2995,2860,2993,61944
2023-03-10,2993,3000,2935,2998,962
2023-03-13,2998,2998,2993,2995,242
2023-03-14,2988,2988,2903,2928,4098
2023-03-15,2950,2968,2923,2923,6550
2023-03-16,2925,2925,2900,2920,516
2023-03-17,2915,2915,2863,2863,1810
2023-03-20,2863,2885,2860,2860,1858
2023-03-21,2858,2858,2825,2850,1084
2023-03-22,2850,2850,2778,2800,1990
2023-03-23,2755,2850,2755,2850,3378
2023-03-24,2850,2850,2850,2850,26
2023-03-27,2848,2850,2848,2850,160
2023-03-28,2848,2848,2805,2805,1238
2023-03-29,2848,2848,2805,2805,1958
2023-03-30,2805,2843,2805,2843,6032
2023-03-31,2800,2848,2800,2848,382
2023-04-03,2848,2848,2843,2843,348
2023-04-04,2825,2825,2800,2800,598
2023-04-05,2800,2800,2800,2800,254
2023-04-06,2798,2800,2753,2800,502
2023-04-07,2800,2800,2750,2750,644
2023-04-11,2800,2843,2800,2843,698
2023-04-12,2753,2843,2753,2800,992
2023-04-13,2800,2800,2763,2763,480
2023-04-14,2765,2800,2765,2800,82
2023-04-17,2800,2848,2798,2848,286
2023-04-19,2825,2850,2825,2850,2070
2023-04-20,2900,2900,2900,2900,14
2023-04-24,2875,2875,2845,2850,2554
2023-04-25,2850,2865,2843,2850,3524
2023-04-26,2813,2850,2813,2850,1074
2023-04-27,2848,2850,2800,2850,5864
2023-04-28,2850,2900,2850,2900,4398
2023-05-02,2900,2900,2850,2900,7160
2023-05-03,2503,2800,2503,2800,626
2023-05-04,2775,2800,2763,2800,1348
2023-05-05,2798,2800,2750,2800,2424
2023-05-08,2800,2800,2700,2800,14396
2023-05-09,2798,2798,2700,2788,2194
2023-05-10,2748,2750,2648,2648,538
2023-05-11,2650,2785,2650,2650,6970
2023-05-12,2700,2700,2600,2675,16530
2023-05-15,2675,2675,2605,2675,12140
2023-05-16,2660,2675,2660,2660,15914
2023-05-17,2673,2673,2608,2660,12022
2023-05-19,2673,2673,2630,2660,714
2023-05-22,2658,2658,2650,2650,2238
2023-05-23,2660,2660,2625,2650,1894
2023-05-24,2625,2660,2625,2650,1300
2023-05-25,2670,2675,2670,2675,4910
2023-05-26,2700,2785,2700,2750,260
2023-05-30,2750,2750,2700,2748,156
2023-05-31,2748,2748,2748,2748,40
2023-06-01,2748,2750,2675,2748,3794
2023-06-02,2748,2790,2748,2790,4190
2023-06-05,2750,2788,2750,2775,304
2023-06-06,2755,2823,2755,2823,3916
2023-06-07,2800,2825,2755,2825,1966
2023-06-08,2800,2800,2755,2800,1778
2023-06-09,2800,2850,2800,2850,3874
2023-06-12,2850,2850,2840,2840,308
2023-06-13,2828,2850,2828,2845,7142
2023-06-14,2943,2965,2845,2965,4898
2023-06-15,2808,2950,2808,2950,576
2023-06-16,2950,2950,2810,2940,1412
2023-06-19,2940,2940,2845,2940,3168
2023-06-20,2940,2943,2940,2940,3508
2023-06-21,2845,2940,2845,2940,1388
2023-06-22,2940,3100,2940,3088,6760
2023-06-23,3000,3050,3000,3000,5984
2023-06-26,2950,3000,2940,3000,4996
2023-06-27,3050,3050,3000,3003,2714
2023-06-29,3000,3085,3000,3085,1474
2023-06-30,3093,3093,3000,3000,3674
2023-07-03,3003,3005,3003,3005,476
2023-07-04,3005,3085,3005,3050,104
2023-07-05,3000,3075,3000,3050,2414
2023-07-06,3025,3025,3000,3025,1740
2023-07-07,3025,3050,3003,3048,790
2023-07-10,3003,3023,3003,3003,414
2023-07-11,3040,3040,3013,3013,58
2023-07-12,3013,3045,3003,3008,396
2023-07-13,3013,3013,3008,3008,216
2023-07-14,3023,3023,3003,3003,524
2023-07-17,3003,3005,3003,3005,568
2023-07-18,3008,3050,3005,3050,1626
2023-07-19,3013,3050,3013,3050,550
2023-07-20,3050,3100,3050,3100,396
2023-07-21,3098,3098,3020,3020,2930
2023-07-24,3020,3048,3000,3048,3328
2023-07-25,3020,3050,3020,3050,462
2023-07-27,3028,3075,3025,3048,2040
2023-07-28,3050,3100,3050,3073,98
2023-07-31,3070,3100,3070,3100,1420
2023-08-01,3053,3203,3053,3203,1096
2023-08-02,3200,3200,3100,3200,140
2023-08-03,3200,3203,3198,3203,1656
2023-08-04,3195,3375,3050,3375,732
2023-08-08,3175,3325,3175,3325,1602
2023-08-09,3078,3298,3078,3298,204
2023-08-10,3200,3200,3055,3200,1608
2023-08-11,3225,3225,3200,3200,1712
2023-08-14,3150,3250,3050,3250,5668
2023-08-16,3200,3200,3050,3200,560
2023-08-17,3150,3200,3150,3200,758
2023-08-18,3200,3225,3150,3225,1862
2023-08-21,3200,3225,3125,3225,3112
2023-08-22,3225,3245,3225,3225,820
2023-08-23,3225,3245,3225,3225,730
2023-08-24,3245,3250,3225,3245,1822
2023-08-25,3245,3245,3245,3245,214
2023-08-28,3245,3250,3200,3250,4650
2023-08-29,3240,3250,3240,3250,640
2023-08-30,3250,3300,3250,3300,1348
2023-08-31,3300,3300,3278,3278,162
2023-09-01,3313,3500,3313,3490,4776
2023-09-04,3318,3490,3313,3490,460
2023-09-05,3233,3475,3233,3475,92
2023-09-06,3255,3473,3250,3473,1858
2023-09-07,3425,3425,3225,3350,3926
2023-09-08,3250,3350,3250,3350,50
2023-09-11,3350,3350,3203,3300,2096
2023-09-12,3300,3300,3208,3295,4628
2023-09-13,3210,3423,3210,3213,2796
2023-09-14,3408,3408,3250,3255,1754
2023-09-15,3303,3400,3303,3390,292
2023-09-18,3390,3398,3390,3395,234
2023-09-19,3400,3475,3398,3473,2054
2023-09-20,3490,3490,3400,3473,452
2023-09-21,3468,3468,3468,3468,80
2023-09-22,3450,3450,3350,3448,420
2023-09-25,3258,3445,3258,3445,640
2023-09-26,3445,3445,3440,3440,640
2023-09-28,3440,3440,3400,3435,516
2023-09-29,3265,3430,3258,3258,1158
2023-10-02,3435,3435,3258,3258,1086
2023-10-03,3258,3258,3250,3250,2476
2023-10-04,3250,3450,3250,3253,1046
2023-10-05,3255,3443,3250,3443,472
2023-10-06,3253,3440,3253,3440,50
2023-10-09,3450,3498,3443,3498,592
2023-10-10,3500,3758,3300,3498,616
2023-10-11,3448,3448,3308,3373,704
2023-10-12,3373,3373,3250,3250,3418
2023-10-13,3108,3248,3100,3238,1640
2023-10-16,3238,3250,3238,3238,882
2023-10-17,3240,3240,3200,3240,3328
2023-10-18,3240,3240,3200,3240,894
2023-10-19,3240,3240,3200,3238,366
2023-10-20,3240,3240,3100,3100,3800
2023-10-23,3100,3200,3100,3198,1608
2023-10-24,3100,3240,3100,3240,838
2023-10-25,3205,3450,3175,3400,190
2023-10-26,3400,3400,3145,3400,22
2023-10-27,3300,3375,3300,3375,340
2023-10-30,3275,3370,3150,3370,546
2023-10-31,3370,3400,3370,3370,396
2023-11-02,3370,3370,3300,3365,358
2023-11-03,3370,3575,3365,3575,626
2023-11-06,3575,3843,3350,3568,514
2023-11-07,3575,3575,3550,3550,304
2023-11-08,3550,3550,3540,3540,396
2023-11-09,3275,3530,3275,3530,488
2023-11-10,3530,3530,3300,3530,1834
2023-11-13,3400,3400,3280,3398,2212
2023-11-14,3390,3500,3153,3500,4178
2023-11-16,3500,3500,3250,3498,230
2023-11-17,3400,3498,3340,3498,1798
2023-11-20,3500,3525,3500,3525,3034
2023-11-21,3573,3750,3570,3750,492
2023-11-22,3550,3748,3500,3748,1402
2023-11-23,3748,3748,3668,3668,42
2023-11-24,3665,3668,3400,3668,2738
2023-11-27,3400,3498,3400,3498,1428
2023-11-28,3498,3498,3240,3250,10828
2023-11-29,3250,3250,3250,3250,4006
2023-11-30,3250,3250,3228,3250,2164
2023-12-01,3250,3440,3250,3440,786
2023-12-04,3445,3500,3255,3500,566
2023-12-05,3500,3625,3273,3625,1526
2023-12-06,3500,3618,3355,3613,274
2023-12-07,3450,3500,3425,3500,1260
2023-12-08,3500,3623,3450,3623,1762
2023-12-11,3500,3500,3450,3450,2672
2023-12-12,3400,3450,3358,3450,1614
2023-12-13,3450,3450,3400,3450,936
2023-12-14,3450,3450,3383,3450,1388
2023-12-15,3425,3425,3420,3425,1342
2023-12-18,3408,3423,3400,3423,2104
2023-12-19,3400,3400,3400,3400,390
2023-12-20,3400,3400,3398,3400,2316
2023-12-21,3388,3388,3325,3325,13368
2023-12-22,3388,3388,3383,3383,1374
2023-12-26,3385,3400,3325,3400,418
2023-12-27,3263,3425,3250,3400,6778
2023-12-28,3425,3450,3280,3450,3858
2023-12-29,3450,3490,3450,3490,12
2024-01-02,3470,3475,3468,3468,148
2024-01-03,3450,3465,3448,3450,1214
2024-01-04,3258,3400,3258,3400,1002
2024-01-05,3400,3425,3300,3425,1076
2024-01-08,3278,3423,3278,3423,208
2024-01-09,3300,3420,3300,3400,848
2024-01-10,3350,3445,3350,3445,682
2024-01-11,3498,3643,3498,3618,2630
2024-01-12,3600,3610,3600,3600,174
2024-01-15,3500,3500,3495,3498,468
2024-01-16,3450,3600,3450,3598,210
2024-01-17,3598,3598,3598,3598,82
2024-01-18,3590,3590,3450,3500,442
2024-01-19,3500,3595,3453,3500,50
2024-01-22,3525,3525,3450,3490,136
2024-01-23,3450,3495,3450,3450,1202
2024-01-24,3450,3450,3400,3450,280
2024-01-25,3450,3450,3450,3450,600
2024-01-26,3445,3450,3400,3450,768
2024-01-29,3400,3450,3300,3448,1536
2024-01-30,3445,3445,3425,3425,410
2024-01-31,3300,3400,3300,3395,544
2024-02-01,3393,3393,3300,3348,1324
2024-02-02,3348,3350,3325,3348,584
2024-02-05,3343,3343,3325,3343,1150
2024-02-06,3343,3350,3325,3325,338
2024-02-07,3313,3313,3300,3310,976
2024-02-08,3310,3310,3303,3310,644
2024-02-09,3300,3310,3253,3310,590
2024-02-13,3310,3310,3103,3310,1070
2024-02-14,3310,3343,3128,3343,2120
2024-02-15,3345,3345,3345,3345,60
2024-02-16,3343,3343,3343,3343,470
2024-02-19,3325,3325,3250,3300,210
2024-02-20,3325,3325,3250,3325,308
2024-02-21,3300,3300,3300,3300,166
2024-02-22,3325,3325,3250,3325,322
2024-02-23,3325,3325,3325,3325,2778
2024-02-26,3325,3325,3300,3325,742
2024-02-27,3315,3323,3300,3323,942
2024-02-28,3300,3325,3300,3325,238
2024-02-29,3325,3345,3325,3345,132
2024-03-01,3345,3345,3325,3325,600
2024-03-04,3328,3335,3323,3335,326
2024-03-05,3400,3400,3400,3400,948
2024-03-06,3400,3400,3335,3395,720
2024-03-07,3400,3500,3400,3500,3532
2024-03-08,3500,3598,3500,3598,1960
2024-03-11,3598,3598,3515,3525,872
2024-03-12,3525,3595,3525,3595,2398
2024-03-13,3550,3600,3550,3600,6368
2024-03-14,3650,3650,3650,3650,5404
2024-03-15,3600,3650,3600,3600,1534
2024-03-18,3600,3650,3600,3650,3416
2024-03-19,3600,3650,3600,3650,11182
2024-03-20,3648,3648,3600,3648,1356
2024-03-21,3600,3648,3503,3645,1028
2024-03-22,3645,3645,3600,3645,5344
2024-03-25,3645,3645,3575,3575,2344
2024-03-26,3575,3575,3313,3575,1548
2024-03-27,3575,3575,3550,3575,930
2024-03-28,3573,3575,3573,3575,624
2024-03-29,3575,3575,3308,3550,1712
2024-04-02,3575,3575,3333,3550,1014
2024-04-03,3553,3553,3350,3523,1420
2024-04-04,3525,3525,3370,3523,186
2024-04-05,3523,3523,3520,3520,116
2024-04-08,3520,3523,3520,3520,566
2024-04-09,3450,3523,3450,3523,1226
2024-04-11,3523,3548,3523,3548,1420
2024-04-12,3548,3548,3523,3548,968
2024-04-15,3548,3553,3543,3550,9634
2024-04-16,3550,3553,3550,3550,750
2024-04-17,3550,3555,3550,3555,2010
2024-04-18,3575,3645,3550,3645,2010
2024-04-19,3645,3645,3600,3600,158
2024-04-22,3600,3645,3600,3600,2626
2024-04-23,3600,3645,3548,3548,3432
2024-04-24,3553,3650,3553,3553,2850
2024-04-25,3553,3650,3553,3650,3222
2024-04-26,3650,3650,3650,3650,2122
2024-04-29,3650,3650,3648,3648,614
2024-04-30,3645,3650,3555,3650,3690
2024-05-02,3055,3348,3055,3250,1300
2024-05-03,3250,3330,3250,3325,690
2024-05-06,3298,3298,3225,3298,1514
2024-05-07,3298,3298,3250,3295,1014
2024-05-08,3295,3295,3248,3275,1164
2024-05-10,3200,3275,3200,3250,2398
2024-05-13,3203,3245,3200,3238,3834
2024-05-14,3205,3238,3110,3200,2178
2024-05-15,3200,3200,3115,3115,1470
2024-05-16,3175,3175,3120,3173,1062
2024-05-17,3173,3188,3170,3188,1586
2024-05-21,3188,3225,3188,3223,362
2024-05-22,3188,3223,3188,3223,586
2024-05-23,3223,3223,3175,3178,5306
2024-05-24,3178,3200,3178,3180,754
2024-05-27,3180,3250,3180,3250,4716
2024-05-28,3275,3275,3188,3250,1632
2024-05-29,3250,3250,3200,3248,448
2024-05-30,3250,3260,3250,3253,4390
2024-05-31,3255,3260,3255,3255,6976
2024-06-03,3275,3300,3275,3278,3024
2024-06-04,3280,3280,3278,3278,2246
2024-06-05,3278,3278,3275,3278,2114
2024-06-06,3265,3280,3265,3278,964
2024-06-07,3278,3278,3258,3278,12088
2024-06-10,3280,3280,3278,3278,3184
2024-06-11,3250,3250,3225,3248,910
2024-06-12,3225,3248,3225,3248,1088
2024-06-13,3250,3250,3175,3248,24340
2024-06-14,3250,3250,3248,3250,896
2024-06-18,3250,3250,3240,3240,2024
2024-06-19,3238,3275,3238,3250,42270
2024-06-20,3225,3280,3225,3280,1844
2024-06-21,3250,3250,3200,3200,1040
2024-06-24,3203,3250,3203,3250,868
2024-06-25,3225,3250,3225,3250,3152
2024-06-26,3300,3425,3250,3410,2760
2024-06-27,3400,3400,3400,3400,170
2024-06-28,3400,3400,3350,3350,2092
2024-07-01,3350,3400,3350,3400,314
2024-07-02,3350,3400,3350,3350,306
2024-07-03,3350,3373,3350,3373,520
2024-07-04,3373,3413,3373,3413,1148
2024-07-05,3378,3378,3300,3310,5288
2024-07-08,3410,3413,3410,3413,662
2024-07-09,3413,3425,3413,3413,502
2024-07-10,3413,3413,3310,3310,972
2024-07-11,3400,3400,3350,3375,246
2024-07-12,3350,3375,3350,3350,546
2024-07-15,3373,3375,3300,3300,4138
2024-07-16,3298,3300,3263,3298,1576
2024-07-17,3298,3300,3265,3300,1838
2024-07-18,3300,3300,3290,3300,552
2024-07-19,3253,3300,3223,3223,8880
2024-07-22,3225,3225,3200,3225,1982
2024-07-23,3200,3225,3200,3225,604
2024-07-24,3203,3225,3200,3200,1668
2024-07-25,3220,3225,3208,3208,1724
2024-07-26,3208,3225,3200,3200,5388
2024-07-29,3225,3225,3150,3200,1992
2024-07-30,3200,3225,3163,3200,3914
2024-07-31,3200,3250,3200,3250,2410
2024-08-01,3253,3275,3225,3275,9502
2024-08-02,3300,3300,3250,3300,22608
2024-08-05,3300,3300,3250,3250,9108
2024-08-06,3298,3348,3253,3295,2852
2024-08-08,3300,3300,3250,3253,13396
2024-08-09,3275,3275,3250,3250,13208
2024-08-12,3250,3255,3250,3255,15288
2024-08-13,3275,3400,3250,3400,25398
2024-08-14,3400,3400,3350,3350,1402
2024-08-16,3340,3400,3308,3350,13562
2024-08-19,3350,3500,3328,3415,4888
2024-08-20,3410,3415,3350,3410,2838
2024-08-21,3410,3410,3305,3305,1152
2024-08-22,3305,3350,3300,3350,4010
2024-08-23,3350,3415,3350,3415,3762
2024-08-26,3415,3445,3413,3445,11226
2024-08-27,3413,3413,3400,3400,4820
2024-08-28,3655,3655,3645,3655,3406
2024-08-29,3925,3925,3680,3900,3636
2024-08-30,3925,4000,3890,4000,4973
2024-09-02,4000,4175,4000,4175,2523
2024-09-03,4150,4150,3905,4095,3047
2024-09-04,4100,4130,4010,4095,4164
2024-09-05,4100,4100,3950,3950,2541
2024-09-06,3950,3950,3655,3900,6015
2024-09-09,3945,3945,3800,3800,1347
2024-09-10,3800,3800,3750,3800,1137
2024-09-11,3800,3800,3600,3800,2411
2024-09-12,3800,3900,3725,3895,4634
2024-09-13,3900,3900,3750,3795,1322
2024-09-16,3795,3795,3790,3790,1497
2024-09-17,3790,3790,3690,3700,930
2024-09-18,3700,3700,3425,3675,1819
2024-09-19,3660,3660,3400,3645,3589
2024-09-20,3620,3620,3425,3600,889
2024-09-23,3600,3600,3450,3450,2379
2024-09-24,3450,3500,3420,3500,6405
2024-09-25,3450,3700,3450,3500,1430
2024-09-26,3500,3500,3405,3495,4210
2024-09-27,3500,3700,3495,3550,2348
2024-09-30,3550,3700,3550,3700,327
2024-10-01,3700,3750,3700,3745,4316
2024-10-02,3500,3745,3495,3500,2800
2024-10-03,3745,3745,3495,3500,2377
2024-10-04,3500,3500,3450,3500,14227
2024-10-07,3500,3500,3400,3500,2242
2024-10-08,3495,3495,3420,3420,1062
2024-10-09,3500,3500,3420,3420,1561
2024-10-10,3495,3500,3450,3495,1796
2024-10-11,3450,3500,3420,3420,1261
2024-10-14,3500,3500,3420,3500,7573
2024-10-15,3500,3550,3500,3500,923
2024-10-16,3500,3500,3435,3500,876
2024-10-17,3500,3500,3460,3480,564
2024-10-18,3500,3500,3480,3500,1559
2024-10-21,3500,3500,3495,3500,3287
2024-10-22,3500,3500,3500,3500,1166
2024-10-23,3500,3500,3495,3500,968
2024-10-24,3500,3500,3480,3500,2080
2024-10-25,3435,3435,3240,3375,8991
2024-10-28,3375,3400,3375,3385,1269
2024-10-29,3390,3390,3385,3390,152
2024-10-30,3390,3400,3390,3400,208
2024-10-31,3400,3400,3390,3390,273
2024-11-04,3390,3400,3350,3350,905
2024-11-05,3345,3345,3295,3300,520
2024-11-06,3300,3340,3255,3305,316
2024-11-07,3310,3350,3300,3300,846
2024-11-08,3310,3350,3205,3210,666
2024-11-11,3210,3300,3200,3200,1721
2024-11-12,3200,3200,3000,3195,6148
2024-11-13,3185,3185,2990,3000,22918
2024-11-14,3000,3000,2960,2960,6624
2024-11-18,2970,3000,2970,3000,12983
2024-11-19,3000,3190,3000,3000,4498
2024-11-20,3000,3000,3000,3000,1337
2024-11-21,2980,3000,2975,2975,4304
2024-11-22,3000,3000,2975,2995,2983
2024-11-25,2985,2985,2950,2950,6129
2024-11-26,2955,2990,2950,2950,3841
2024-11-27,2990,2995,2955,2990,375
2024-11-28,3000,3095,2990,3095,640
2024-11-29,3095,3180,3095,3180,877
2024-12-02,3190,3200,3180,3180,616
2024-12-03,3180,3180,3000,3000,1226
2024-12-04,3000,3000,2905,2950,13074
2024-12-05,2950,2950,2910,2910,3005
2024-12-06,2950,3000,2900,2910,1124
2024-12-09,2905,3000,2905,3000,903
2024-12-10,3000,3000,2920,2955,1471
2024-12-11,2955,3000,2905,2995,1887
2024-12-12,2995,2995,2960,2990,608
2024-12-13,2955,2990,2890,2990,6776
2024-12-16,2990,2990,2905,2980,6217
2024-12-17,2950,2980,2910,2950,1107
2024-12-18,2980,3000,2910,2980,4253
2024-12-19,2980,3000,2950,2995,4292
2024-12-20,2955,2990,2950,2990,1542
2024-12-23,2990,3100,2900,2990,4874
2024-12-24,2990,3100,2950,3100,3250
2024-12-26,2990,3100,2990,3045,5261
2024-12-27,3045,3045,2990,3035,811
2024-12-30,3045,3045,3030,3035,1065
2024-12-31,3030,3035,3000,3035,843
2025-01-02,3035,3035,3030,3035,736
2025-01-03,3030,3035,3025,3025,1624
2025-01-06,3035,3035,2900,3005,4819
2025-01-07,3000,3005,3000,3005,1688
2025-01-08,3005,3005,3000,3000,518
2025-01-09,3000,3025,2905,3025,609
2025-01-10,3035,3035,2975,3035,1093
2025-01-13,3035,3035,3005,3035,3305
2025-01-14,3035,3035,2955,3035,1860
2025-01-15,3030,3035,2965,3035,600
2025-01-16,3035,3035,3025,3035,1482
2025-01-17,3020,3035,3020,3035,1100
2025-01-20,3035,3035,3000,3000,2933
2025-01-21,3000,3200,3000,3000,2038
2025-01-22,3185,3185,2975,3000,269
2025-01-23,3000,3000,3000,3000,889
2025-01-24,3000,3150,3000,3010,362
2025-01-27,3180,3195,3010,3185,190
2025-01-28,3015,3150,3015,3025,560
2025-01-29,3100,3150,3100,3150,430
2025-01-30,3180,3180,3030,3175,1339
2025-01-31,3175,3180,3040,3180,3626
2025-02-03,3180,3195,3180,3195,310
2025-02-04,3200,3200,3190,3200,900
2025-02-05,3180,3300,3180,3300,198
2025-02-06,3300,3350,3225,3350,1944
2025-02-07,3390,3390,3305,3390,2342
2025-02-10,3395,3400,3375,3375,4475
2025-02-11,3390,3395,3255,3340,2516
2025-02-12,3390,3395,3300,3380,1781
2025-02-13,3380,3400,3135,3400,3235
2025-02-14,3400,3485,3400,3400,3891
2025-02-17,3480,3480,3400,3475,1187
2025-02-18,3475,3495,3475,3490,3530
2025-02-19,3400,3480,3400,3470,2106
2025-02-20,3470,3495,3400,3495,9949
2025-02-21,3490,3500,3490,3495,2757
2025-02-24,3450,3525,3300,3525,5339
2025-02-25,3525,3525,3360,3445,12658
2025-02-26,3450,3495,3400,3455,559
2025-02-27,3495,3495,3430,3430,765
2025-02-28,3440,3450,3440,3450,490
2025-03-03,3500,3545,3450,3520,15679
2025-03-04,3780,3780,3780,3780,6971
2025-03-05,4060,4060,4060,4060,10725
2025-03-06,4360,4360,4105,4200,41933
2025-03-07,4205,4250,4205,4210,4393
2025-03-10,4215,4300,4215,4250,6889
2025-03-11,4300,4360,4260,4315,15668
2025-03-12,4350,4350,4315,4315,2874
2025-03-13,4305,4315,4280,4310,5425
2025-03-14,4345,4350,4255,4350,19409
2025-03-17,4350,4350,4255,4310,4380
2025-03-18,4325,4325,4255,4325,1931
2025-03-19,4325,4325,4285,4300,5781
2025-03-20,4305,4325,4305,4320,7686
2025-03-21,4315,4320,4300,4300,3797
2025-03-24,4300,4300,4255,4290,4938
2025-03-25,4285,4285,4200,4250,12303
2025-03-26,4250,4265,4205,4250,8040
2025-03-28,4250,4295,4200,4245,24422
2025-04-01,4245,4245,4100,4200,11285
2025-04-02,4245,4245,4200,4235,2447
2025-04-03,4200,4235,4200,4200,2557
2025-04-04,4200,4200,4100,4190,8503
2025-04-07,4195,4225,4195,4205,11160
2025-04-08,4225,4295,4215,4295,2710
2025-04-09,4295,4310,4280,4310,22878
2025-04-10,4305,4310,4250,4310,34487
2025-04-11,4310,4310,4300,4300,1509
2025-04-14,4310,4310,4200,4295,6812
2025-04-15,4295,4295,4220,4285,5295
2025-04-16,4285,4310,4220,4310,16666
2025-04-17,3900,4095,3800,4020,1369
2025-04-18,4020,4020,3955,3995,439
2025-04-22,3990,3990,3850,3895,862
2025-04-23,3885,3890,3810,3825,1366
2025-04-24,3820,3820,3700,3700,3334
2025-04-25,3595,3650,3585,3640,2460
2025-04-28,3640,3640,3600,3600,2196
2025-04-29,3605,3625,3505,3505,3935
2025-04-30,3245,3395,3245,3250,7037
2025-05-02,3250,3250,3100,3210,7142
2025-05-05,3150,3350,3100,3250,12803
2025-05-06,3265,3395,3260,3375,3156
2025-05-07,3375,3375,3250,3250,3301
2025-05-08,3250,3275,3225,3225,5902
2025-05-09,3225,3245,3200,3230,5421
2025-05-12,3250,3365,3230,3365,4601
2025-05-13,3375,3495,3370,3495,11230
2025-05-14,3495,3495,3380,3380,5783
2025-05-15,3380,3495,3380,3490,1602
2025-05-16,3490,3490,3485,3490,685
2025-05-19,3490,3600,3385,3590,6272
2025-05-20,3590,3600,3550,3600,1174
2025-05-21,3800,3800,3500,3595,1746
2025-05-22,3595,3645,3595,3645,1687
2025-05-23,3645,3645,3600,3605,555
2025-05-26,3600,3645,3500,3500,3516
2025-05-27,3605,3605,3500,3545,3340
2025-05-28,3550,3625,3500,3600,2804
2025-05-30,3600,3625,3600,3620,1258
2025-06-02,3620,3670,3550,3550,2958
2025-06-03,3555,3640,3555,3630,850
2025-06-04,3630,3745,3630,3735,6213
2025-06-05,3750,3750,3735,3735,297
2025-06-10,3700,3800,3640,3800,6982
2025-06-11,3800,3800,3790,3790,2613
2025-06-12,3700,3870,3700,3800,1735
2025-06-13,3870,3870,3640,3640,12822
2025-06-16,3780,3800,3630,3790,5613
2025-06-17,3630,3780,3630,3650,1460
2025-06-18,3650,3650,3650,3650,1033
2025-06-19,3640,3650,3600,3650,4283
2025-06-20,3650,3650,3635,3650,856
2025-06-23,3650,3750,3600,3750,1536
2025-06-24,3750,3750,3550,3550,17697
2025-06-25,3575,3735,3575,3600,992
2025-06-26,3600,3725,3330,3595,8896
2025-06-27,3595,3595,3480,3580,624
2025-06-30,3580,3580,3500,3500,2696
2025-07-01,3500,3500,3460,3500,6460
2025-07-02,3500,3510,3420,3425,2752
2025-07-03,3500,3500,3435,3500,1041
2025-07-04,3495,3500,3425,3500,6853
2025-07-07,3500,3500,3400,3400,1590
2025-07-08,3450,3450,3420,3420,1156
2025-07-09,3420,3480,3400,3480,9698
2025-07-10,3500,3500,3480,3500,1038
2025-07-11,3500,3500,3450,3475,3468
2025-07-14,3480,3480,3450,3475,4083
2025-07-15,3475,3510,3475,3495,4453
2025-07-16,3495,3500,3480,3495,2219
2025-07-17,3495,3500,3495,3495,1365
2025-07-18,3500,3500,3485,3490,673
2025-07-21,3490,3500,3475,3475,2659
2025-07-22,3475,3505,3415,3485,1810
2025-07-23,3590,3590,3570,3570,2052
2025-07-24,3585,3590,3500,3565,2130
2025-07-25,3500,3565,3420,3565,4909
2025-07-28,3565,3565,3400,3550,5131
2025-07-29,3550,3570,3500,3565,6694
2025-07-30,3565,3570,3500,3570,1298
2025-07-31,3590,3590,3510,3590,1309
2025-08-01,3590,3590,3475,3570,26812
2025-08-04,3480,3590,3480,3580,19381
2025-08-05,3590,3590,3550,3550,346
2025-08-06,3590,3590,3550,3550,333
2025-08-08,3550,3550,3520,3520,2355
2025-08-11,3520,3545,3510,3520,7488
2025-08-12,3520,3550,3520,3545,2063
2025-08-13,3550,3590,3550,3555,2068
2025-08-14,3555,3600,3555,3600,2843
2025-08-18,3600,3650,3555,3625,549
2025-08-19,3625,3625,3625,3625,6724
2025-08-20,3625,3685,3625,3685,3527
2025-08-21,3680,3725,3650,3695,3109
2025-08-22,3640,3740,3640,3740,2984
2025-08-25,3710,3850,3710,3830,486
2025-08-26,3820,3830,3750,3755,9739
2025-08-27,3755,3830,3755,3825,3136
2025-08-28,3825,3830,3755,3800,579
2025-08-29,3800,3800,3760,3760,1668
2025-09-01,3760,3900,3760,3900,2153
2025-09-02,3895,3905,3850,3905,2039
2025-09-03,3900,3910,3900,3910,3387
2025-09-05,3910,3950,3910,3950,388
2025-09-08,3910,3990,3910,3950,5338
2025-09-09,3990,3995,3960,3985,2989
2025-09-10,3985,4010,3900,4010,3426
2025-09-11,3960,4100,3960,4100,822
2025-09-12,4150,4150,4010,4050,2153
2025-09-15,4050,4135,4050,4135,2015
2025-09-16,4135,4150,4105,4145,2337
2025-09-17,4145,4150,4130,4150,9376
2025-09-18,4150,4200,4150,4200,349
2025-09-19,4200,4200,4105,4190,6273
2025-09-22,4195,4195,4130,4180,9880
2025-09-23,3905,3950,3870,3870,14102
2025-09-24,3850,3850,3600,3680,24924
2025-09-25,3690,3840,3690,3815,2985
2025-09-26,3815,4000,3815,4000,2338
2025-09-29,4000,4000,3910,3960,1997
2025-09-30,3900,3995,3825,3980,1185
2025-10-01,3945,3945,3900,3920,1226
2025-10-02,3900,3900,3685,3895,2925
2025-10-03,3800,3895,3800,3875,1317
2025-10-06,3875,3950,3800,3950,10827
2025-10-07,3950,3950,3875,3900,1981
2025-10-08,4155,4155,3875,3890,3199
2025-10-09,3950,3950,3890,3890,1668
2025-10-10,3890,3990,3850,3890,3071
2025-10-13,3885,3885,3880,3885,1640
2025-10-14,3880,3900,3880,3885,7058
2025-10-15,3885,3885,3805,3805,1209
2025-10-16,3805,3880,3805,3810,2260
2025-10-17,3805,3885,3805,3850,1484
2025-10-20,3850,3850,3805,3805,1725
2025-10-21,3850,3850,3750,3800,11968
2025-10-22,3800,3800,3795,3800,1426
2025-10-23,3800,3800,3750,3750,3183
2025-10-24,3750,3780,3700,3780,5906
2025-10-27,3780,3780,3525,3655,16356
2025-10-28,3665,3750,3650,3720,4079
2025-10-29,3720,3720,3700,3700,1197
2025-10-30,3670,3700,3670,3675,3498
2025-10-31,3670,3675,3500,3500,8833
2025-11-03,3500,3500,3410,3495,12440
2025-11-04,3495,3495,3435,3450,2171
2025-11-05,3495,3495,3450,3450,3721
2025-11-06,3450,3460,3450,3450,12129
2025-11-07,3460,3460,3450,3460,4586
2025-11-10,3460,3490,3460,3490,2502
2025-11-11,3500,3600,3500,3545,5567
2025-11-12,3550,3575,3545,3550,4188
2025-11-13,3550,3575,3500,3575,5813
2025-11-14,3540,3550,3500,3510,5841
2025-11-17,3540,3600,3500,3595,5923
2025-11-18,3595,3600,3550,3600,3054
2025-11-19,3610,3680,3605,3680,1873
2025-11-20,3680,3780,3680,3780,2040
2025-11-21,3750,3785,3750,3785,2844
2025-11-24,3785,3785,3770,3770,1687
2025-11-25,3785,3820,3785,3820,2220
2025-11-26,3800,3830,3800,3820,3711
2025-11-27,3820,3845,3800,3820,706
2025-11-28,3800,3840,3800,3840,839
2025-12-01,3840,4120,3840,3990,6212
2025-12-02,4100,4100,3990,3990,2050
2025-12-03,3990,3995,3975,3990,1354
2025-12-04,3990,3990,3985,3985,648
2025-12-05,3990,3990,3980,3990,1707
2025-12-08,3990,4000,3990,3995,739
2025-12-09,4000,4000,3990,4000,4263
2025-12-10,3995,4000,3925,4000,3722
2025-12-11,4000,4075,4000,4045,1096
2025-12-12,4080,4080,4015,4015,1124
2025-12-15,4000,4010,3960,4000,2589
2025-12-16,3995,4000,3975,4000,1856
2025-12-17,4000,4000,3980,4000,1586
2025-12-18,3990,4000,3990,4000,907
2025-12-19,4000,4000,3980,3990,1498
2025-12-22,3950,3985,3750,3805,3964
2025-12-23,3810,3945,3805,3945,1897
2025-12-24,3935,3935,3805,3805,1435
2025-12-26,3810,3990,3605,3990,24274
2025-12-29,3990,3990,3695,3750,4348
2025-12-30,3750,3975,3750,3760,1365
2025-12-31,3765,3950,3750,3750,4727
2026-01-02,3900,3940,3900,3940,439
2026-01-05,3900,3980,3890,3980,1060
2026-01-06,3975,3980,3970,3975,1287
2026-01-07,3900,3980,3900,3980,725
2026-01-08,3980,4000,3975,4000,6272
2026-01-09,4000,4200,3995,4100,6133
2026-01-12,4100,4150,4050,4150,2906
2026-01-13,4250,4300,4160,4295,3801
2026-01-14,4290,4290,4130,4145,2573
2026-01-15,4145,4295,4145,4290,909
2026-01-16,4285,4285,4215,4285,767
2026-01-19,4280,4285,4155,4280,3069
2026-01-20,4300,4390,4290,4350,5703
2026-01-21,4390,4405,4380,4390,5550
2026-01-22,4400,4500,4380,4500,3388
2026-01-23,4500,4595,4465,4595,2177
2026-01-26,4605,4700,4565,4690,2522
2026-01-27,4595,4685,4590,4645,2887
2026-01-28,4605,4810,4590,4745,11743
2026-01-29,4735,5000,4605,4900,8476
2026-01-30,4610,4800,4610,4615,7230
2026-02-02,4615,4795,4615,4795,7225
2026-02-03,4750,4800,4645,4695,3689
2026-02-04,4695,4750,4680,4680,2240
2026-02-05,4795,4795,4740,4740,1418
2026-02-06,4645,4800,4645,4650,6408
2026-02-09,4715,4720,4600,4650,11369
2026-02-10,4600,4650,4595,4595,3933
2026-02-11,4590,4600,4470,4470,3263
2026-02-12,4490,4550,4490,4530,3477
2026-02-13,4550,4635,4530,4550,1357
2026-02-16,4550,4550,4530,4550,2102
2026-02-17,4550,4640,4550,4560,1327
2026-02-18,4595,4700,4550,4700,8753
2026-02-19,4655,4750,4655,4655,7164
2026-02-20,4700,4700,4650,4650,2023
2026-02-23,4645,4650,4620,4625,2967
2026-02-24,4650,4660,4620,4660,1513
2026-02-25,4660,4750,4625,4700,5825
2026-02-26,4750,4790,4705,4790,5822
2026-02-27,4795,4795,4760,4785,1327
2026-03-02,4770,4770,4700,4700,6866
2026-03-03,4760,4760,4700,4725,3382
2026-03-04,4725,4725,4605,4700,5512
2026-03-05,4700,4720,4600,4655,5547
2026-03-06,4700,4720,4655,4720,5043
2026-03-09,5000,5070,5000,5070,9704
2026-03-10,5415,5415,5000,5200,27033
2026-03-11,5200,5200,5005,5005,17348
2026-03-12,5010,5200,5010,5200,13311
2026-03-13,5200,5295,5200,5290,5474
2026-03-17,5295,5350,5290,5300,11293
2026-03-18,5380,5420,5335,5420,3233
2026-03-19,5420,5420,5300,5395,3377
2026-03-23,5395,5400,5350,5400,4920
2026-03-24,5405,5450,5395,5415,3122
2026-03-25,5425,5445,5395,5445,7832
2026-03-26,5445,5450,5430,5445,2246
2026-03-27,5450,5550,5445,5510,11273
2026-03-30,5540,5550,5515,5550,3199
2026-03-31,5545,5575,5500,5540,5524
2026-04-01,5570,5570,5510,5550,2988
2026-04-02,5510,5600,5510,5600,3100
2026-04-03,5600,5600,5550,5590,1145
2026-04-07,5550,5655,5550,5650,6018
2026-04-08,5650,5680,5600,5675,4833
2026-04-09,5675,5685,5675,5685,2807
2026-04-10,5680,5685,5650,5680,2812
2026-04-13,5680,5685,5675,5680,4150
2026-04-14,5675,5680,5585,5645,3266
2026-04-15,5635,5635,5540,5630,2763
2026-04-16,5630,5630,5600,5630,8558
2026-04-17,5650,5650,5630,5630,3817
2026-04-20,5600,5645,5530,5645,8009
2026-04-21,5645,5645,5500,5630,8642
2026-04-22,5200,5450,5150,5420,16869
2026-04-23,5420,5420,5300,5400,12474
2026-04-24,5400,5450,5400,5400,5585
2026-04-27,5400,5450,5400,5450,20173
2026-04-28,5450,5470,5400,5450,6825
2026-04-29,5400,5680,5400,5500,9804
2026-04-30,5500,5650,5500,5650,1822
2026-05-04,5400,5550,5400,5460,28603
2026-05-05,5410,5410,5410,5410,3505
2026-05-06,5400,5410,5400,5405,4911
2026-05-07,5400,5445,5400,5400,4613
2026-05-08,5405,5435,5400,5400,1414
2026-05-11,5400,5435,5400,5410,3605
2026-05-12,5400,5410,5400,5410,5219
2026-05-13,5400,5410,5400,5405,2437
2026-05-15,5410,5410,5400,5400,1708
2026-05-18,5400,5410,5400,5400,1662
2026-05-19,5400,5420,5400,5400,3227
2026-05-20,5405,5415,5400,5415,2248
2026-05-21,5415,5415,5400,5415,4997
2026-05-22,5415,5440,5400,5440,11708
2026-05-26,5435,5600,5435,5500,1460
2026-05-28,5500,5600,5500,5600,2004
2026-05-29,5600,5600,5560,5600,1147
2026-06-01,5600,5600,5555,5585,3269
2026-06-02,5600,5600,5550,5590,5313
2026-06-03,5590,5595,5175,5580,21910
2026-06-04,5550,5590,5545,5590,1350
2026-06-05,5580,5590,5575,5590,3452
2026-06-08,5590,5590,5525,5550,3124
2026-06-09,5550,5600,5550,5595,5173
2026-06-10,5595,5600,5500,5550,4943
2026-06-11,5550,5550,5500,5550,3449
2026-06-12,5550,5595,5500,5585,8937
2026-06-15,5590,5590,5310,5400,6075
2026-06-16,5450,5450,5295,5300,5240
2026-06-17,5300,5400,5255,5380,3649
2026-06-18,5355,5415,5355,5395,2204
2026-06-19,5395,5600,5395,5555,6348
2026-06-22,5600,5640,5555,5595,7292
2026-06-23,5595,5595,5550,5565,2498
2026-06-24,5590,5600,5570,5600,1881
2026-06-25,5600,5600,5595,5600,5688
2026-06-26,5600,5700,5600,5695,10840
2026-06-29,5695,5700,5650,5700,9520
2026-06-30,5800,5850,5800,5850,6849
2026-07-01,5850,5945,5700,5900,30402
2026-07-02,5945,5945,5850,5940,5034
2026-07-03,5940,6000,5940,5945,3395
2026-07-06,5945,6000,5945,6000,2296
2026-07-07,6000,6000,5940,5945,8387
2026-07-08,5945,5970,5945,5970,4420
2026-07-09,5970,5995,5970,5970,5175
2026-07-10,5970,6050,5970,6050,2767
2026-07-13,6050,6100,6010,6100,3438
2026-07-14,6105,6350,6105,6350,2437
2026-07-15,6400,6825,6400,6825,10110
2026-07-16,7335,7335,7255,7255,3208
2026-07-17,7255,7335,7200,7200,3467
2026-07-20,7200,7200,6900,6950,1991
2026-07-21,6945,7200,6945,7200,10015
2026-07-22,7200,7200,7010,7200,3081
2026-07-23,7200,7255,7140,7150,2690
2026-07-24,7150,7200,7000,7150,7557
2026-07-27,7150,7150,6900,6900,5675
2026-07-28,6905,7150,6905,7145,1419
2026-07-29,7145,7150,7000,7100,2516
2026-07-30,7100,7100,7000,7100,3635
2026-07-31,7100,7200,7050,7100,6458
2026-08-03,7105,7200,7105,7200,3920
2026-08-04,7200,7200,6915,7200,3170
2026-08-05,7195,7200,7000,7200,4831
2026-08-06,7500,7700,7200,7230,14488
2026-08-10,7250,7350,7200,7325,11199
2026-08-11,7350,7390,7265,7350,5517
2026-08-12,7325,7350,7095,7100,8538
2026-08-13,7150,7250,7090,7100,3002
2026-08-14,7100,7200,7055,7100,11763
2026-08-17,7110,7300,7110,7300,10704
2026-08-18,7300,7350,7165,7350,3117
2026-08-19,7350,7395,7200,7300,6006
2026-08-20,7300,7700,7155,7500,20341
2026-08-21,7700,7800,7500,7600,1636
2026-08-24,7700,8170,7600,8000,10184
2026-08-26,8170,8600,8170,8600,12899
2026-08-27,9100,9245,8700,9090,13901
2026-08-28,9000,9100,8700,8900,6645
2026-08-31,8900,8900,8700,8800,54708
2026-09-01,8800,9000,8800,9000,2829
2026-09-02,9000,9050,8955,8990,3948
2026-09-03,8980,8980,8795,8950,8608
2026-09-04,8950,8950,8825,8880,3001
2026-09-07,8900,8930,8880,8900,2539
2026-09-08,8900,8950,8880,8950,4476
2026-09-09,8995,9000,8900,8990,5170
2026-09-10,8995,8995,8970,8995,2087
2026-09-11,8995,8995,8850,8990,2429
2026-09-14,8820,8950,8700,8700,7637
2026-09-15,8700,8700,8105,8495,5871
2026-09-16,8400,8495,8150,8150,4783
2026-09-17,8150,8150,7900,8000,6171
2026-09-18,8000,8100,7800,7800,2979
2026-09-21,7800,8000,7500,7800,13086
2026-09-22,7800,7900,7405,7405,3627
2026-09-23,7405,7405,7000,7400,6971
2026-09-24,7400,7950,7360,7950,5005
2026-09-25,7950,8300,7500,8100,26705
