Date,Open,High,Low,Close,Volume
1998-09-16,2719,2719,2719,2719,1280
1998-09-18,2719,2719,2719,2719,4907
1998-09-21,2813,2813,2813,2813,7573
1998-09-23,2813,2813,2813,2813,939
1998-09-25,2813,2813,2813,2813,533
1998-09-28,2813,2813,2813,2813,117
1998-10-02,3000,3000,3000,3000,992
1998-10-05,3225,3225,3225,3225,213
1998-10-07,3188,3188,3188,3188,1387
1998-10-09,3188,3188,3188,3188,373
1998-10-14,3188,3188,3188,3188,3648
1998-10-16,3375,3375,3375,3375,3072
1998-10-19,3467,3467,3467,3467,203
1998-10-21,3234,3234,3234,3234,11840
1998-10-23,3000,3000,3000,3000,1280
1998-10-26,2813,2813,2813,2813,11520
1998-10-28,2813,2813,2813,2813,7925
1998-10-30,2813,2813,2813,2813,907
1998-11-02,2813,2813,2813,2813,480
1998-11-04,2625,2625,2625,2625,1163
1998-11-06,2438,2438,2438,2438,1120
1998-11-09,2255,2255,2255,2255,2133
1998-11-11,2250,2250,2250,2250,2720
1998-11-13,2082,2082,2082,2082,2251
1998-11-16,2063,2063,2063,2063,555
1998-11-18,1969,1969,1969,1969,15712
1998-11-20,1969,1969,1969,1969,1173
1998-11-23,1821,1821,1821,1821,14315
1998-11-25,1821,1821,1821,1821,12821
1998-11-27,1958,1958,1958,1958,1621
1998-11-30,1958,1958,1958,1958,1845
1998-12-02,1958,1958,1958,1958,7627
1998-12-04,1958,1958,1958,1958,2080
1998-12-09,1958,1958,1958,1958,107
1998-12-11,1828,1828,1828,1828,49397
1998-12-14,1959,1959,1959,1959,2240
1998-12-16,1959,1959,1959,1959,1333
1998-12-18,1959,1959,1959,1959,640
1998-12-23,1959,1959,1959,1959,1067
1998-12-28,2063,2063,2063,2063,160
1998-12-30,2063,2063,2063,2063,12800
1999-01-08,2063,2063,2063,2063,4373
1999-01-11,2063,2063,2063,2063,160
1999-01-13,2063,2063,2063,2063,21
1999-01-20,2063,2063,2063,2063,53
1999-01-22,2063,2063,2063,2063,43
1999-01-27,2063,2063,2063,2063,789
1999-02-01,2250,2250,2250,2250,2795
1999-02-03,2250,2250,2250,2250,3819
1999-02-05,2250,2250,2250,2250,1077
1999-02-08,2156,2156,2156,2156,85
1999-02-10,2156,2156,2156,2156,1259
1999-02-12,2250,2250,2250,2250,11221
1999-02-15,2250,2250,2250,2250,363
1999-02-17,2250,2250,2250,2250,533
1999-02-19,2203,2203,2203,2203,533
1999-02-26,2108,2108,2108,2108,10709
1999-03-01,2108,2108,2108,2108,373
1999-03-03,2109,2109,2109,2109,2027
1999-03-05,2109,2109,2109,2109,8203
1999-03-08,2109,2109,2109,2109,64
1999-03-10,2109,2109,2109,2109,267
1999-03-12,2109,2109,2109,2109,139
1999-03-15,2109,2109,2109,2109,32
1999-03-17,2109,2109,2109,2109,256
1999-03-19,2109,2109,2109,2109,928
1999-03-24,2109,2109,2109,2109,4565
1999-03-26,2109,2109,2109,2109,1707
1999-03-31,2109,2109,2109,2109,53
1999-04-02,2109,2109,2109,2109,320
1999-04-07,2109,2109,2109,2109,320
1999-04-09,2091,2091,2091,2091,213
1999-04-14,2108,2108,2108,2108,10325
1999-04-16,2108,2108,2108,2108,3221
1999-04-19,2109,2109,2109,2109,5653
1999-04-21,2108,2108,2108,2108,1867
1999-04-28,2108,2108,2108,2108,267
1999-04-30,2108,2108,2108,2108,75
1999-05-10,2109,2109,2109,2109,1600
1999-05-19,1969,1969,1969,1969,533
1999-05-21,1969,1969,1969,1969,7083
1999-05-26,1969,1969,1969,1969,309
1999-05-28,1875,1875,1875,1875,107
1999-05-31,1969,1969,1969,1969,160
1999-06-02,1875,1875,1875,1875,1845
1999-06-04,1875,1875,1875,1875,1675
1999-06-07,1875,1875,1875,1875,9461
1999-06-09,1875,1875,1875,1875,267
1999-06-18,1875,1875,1875,1875,747
1999-06-21,1875,1875,1875,1875,53
1999-06-25,1875,1875,1875,1875,917
1999-06-30,1968,1968,1968,1968,533
1999-07-07,1968,1968,1968,1968,224
1999-07-09,1968,1968,1968,1968,2667
1999-07-12,2015,2015,2015,2015,213
1999-07-23,1968,1968,1968,1968,213
1999-08-06,1968,1968,1968,1968,1003
1999-08-11,1968,1968,1968,1968,21
1999-08-13,1923,1923,1923,1923,160
1999-08-18,1913,1913,1913,1913,213
1999-08-20,1875,1875,1875,1875,213
1999-08-23,1922,1922,1922,1922,235
1999-08-25,1922,1922,1922,1922,299
1999-09-08,1875,1875,1875,1875,107
1999-09-10,1874,1874,1874,1874,427
1999-10-01,1781,1781,1781,1781,85
1999-10-04,1688,1688,1688,1688,2133
1999-10-06,1813,1813,1813,1813,32000
1999-10-22,1781,1781,1781,1781,107
1999-11-19,1781,1781,1781,1781,9600
2000-01-07,1668,1668,1668,1668,640
2000-01-31,1594,1594,1594,1594,128
2000-02-09,1594,1594,1594,1594,21
2000-03-06,1406,1406,1406,1406,22293
2000-03-08,1406,1406,1406,1406,3776
2000-03-10,1406,1406,1406,1406,15936
2000-05-26,1313,1313,1313,1313,22336
2000-05-29,1313,1313,1313,1313,20331
2000-06-05,1313,1313,1313,1313,2155
2000-06-09,1313,1313,1313,1313,1045
2000-06-16,1313,1313,1313,1313,341
2000-06-23,1313,1313,1313,1313,352
2000-07-12,1313,1313,1313,1313,5099
2000-07-14,1313,1313,1313,1313,4267
2000-07-17,1406,1406,1406,1406,4267
2000-07-19,1406,1406,1406,1406,160
2000-07-21,1313,1313,1313,1313,640
2000-08-04,1313,1313,1313,1313,107
2000-08-09,1313,1313,1313,1313,53333
2000-08-11,1313,1313,1313,1313,107
2000-08-18,1359,1359,1359,1359,53333
2000-09-01,1359,1359,1359,1359,533
2000-09-04,1359,1359,1359,1359,533
2000-09-22,1331,1331,1331,1331,533
2000-09-25,1330,1330,1330,1330,213
2000-10-27,1313,1313,1313,1313,1067
2000-11-17,1313,1313,1313,1313,3296
2000-11-22,1313,1313,1313,1313,160
2000-11-24,1313,1313,1313,1313,875
2000-11-29,1313,1313,1313,1313,437
2000-12-01,1313,1313,1313,1313,1291
2000-12-08,1313,1313,1313,1313,640
2000-12-11,1313,1313,1313,1313,693
2000-12-15,1313,1313,1313,1313,1600
2000-12-18,1359,1359,1359,1359,288
2000-12-20,1350,1350,1350,1350,117
2000-12-22,1350,1350,1350,1350,2336
2001-01-12,1350,1350,1350,1350,533
2001-01-19,1350,1350,1350,1350,1397
2001-01-26,1266,1266,1266,1266,747
2001-01-29,1266,1266,1266,1266,320
2001-01-31,1266,1266,1266,1266,160
2001-02-09,1266,1266,1266,1266,43
2001-02-16,1266,1266,1266,1266,201013
2001-02-26,1266,1266,1266,1266,53
2001-03-21,1322,1322,1322,1322,1227
2001-03-26,1327,1327,1327,1327,1333
2001-03-30,1327,1327,1327,1327,640
2001-05-09,1406,1406,1406,1406,640
2001-05-11,1406,1406,1406,1406,64
2001-05-16,1453,1453,1453,1453,373
2001-05-23,1453,1453,1453,1453,853
2001-05-30,1500,1500,1500,1500,459
2001-06-13,1613,1613,1613,1613,1088
2001-06-18,1594,1594,1594,1594,6400
2001-06-22,1594,1594,1594,1594,5184
2001-06-27,1594,1594,1594,1594,160
2001-06-29,1594,1594,1594,1594,437
2001-07-04,1594,1594,1594,1594,533
2001-07-06,1594,1594,1594,1594,75
2001-07-09,1547,1547,1547,1547,320
2001-07-11,1547,1547,1547,1547,213
2001-07-18,1547,1547,1547,1547,160
2001-07-20,1547,1547,1547,1547,192
2001-08-03,1563,1563,1563,1563,120
2001-08-10,1563,1563,1563,1563,560
2001-08-29,1413,1413,1413,1413,2168
2001-09-03,1413,1413,1413,1413,16
2001-09-07,1413,1413,1413,1413,160
2001-09-17,1413,1413,1413,1413,1408
2001-10-01,1413,1413,1413,1413,40
2001-10-05,1413,1413,1413,1413,640
2001-10-10,1413,1413,1413,1413,56
2001-10-19,1413,1413,1413,1413,640
2001-10-24,1375,1375,1375,1375,176
2001-10-29,1375,1375,1375,1375,48
2001-11-05,1374,1374,1374,1374,96
2001-11-13,1374,1374,1374,1374,384
2001-11-29,1363,1363,1363,1363,96
2001-11-30,1356,1356,1356,1356,88
2001-12-04,1356,1356,1356,1356,272
2001-12-19,1457,1457,1457,1457,960
2001-12-20,1456,1456,1456,1456,800
2001-12-21,1564,1564,1564,1564,1600
2001-12-24,1681,1681,1681,1681,2000
2001-12-26,1806,1806,1806,1806,800
2001-12-27,1941,1941,1941,1941,1160
2001-12-28,2075,2075,2075,2075,5600
2002-01-04,2075,2075,2075,2075,201008
2002-01-25,1875,1875,1875,1875,576
2002-01-28,1875,1875,1875,1875,32
2002-02-06,1875,1875,1875,1875,3232
2002-02-08,1875,1875,1875,1875,6704
2002-02-11,1813,1813,1813,1813,1296
2002-02-12,1788,1788,1788,1788,4000
2002-02-13,1788,1788,1788,1788,1424
2002-02-25,1669,1669,1669,1669,6760
2002-02-26,1544,1544,1544,1544,4800
2002-03-06,1544,1544,1544,1544,8
2002-03-08,1544,1544,1544,1544,2088
2002-03-11,1538,1538,1538,1538,120
2002-03-15,1538,1538,1538,1538,960
2002-03-20,1423,1423,1423,1423,240
2002-03-21,1319,1319,1319,1319,800
2002-03-22,1250,1250,1250,1250,400
2002-03-25,1250,1250,1250,1250,80
2002-03-26,1250,1250,1250,1250,240
2002-04-02,1250,1250,1250,1250,240
2002-04-03,1250,1250,1250,1250,8
2002-04-05,1188,1188,1188,1188,200000
2002-04-09,1188,1188,1188,1188,1176
2002-04-10,1188,1188,1188,1188,80
2002-04-12,1313,1313,1313,1313,6120
2002-04-23,1124,1124,1124,1124,66656
2002-05-03,1313,1313,1313,1313,960
2002-05-06,1313,1313,1313,1313,344
2002-05-07,1313,1313,1313,1313,3624
2002-05-14,1313,1313,1313,1313,480
2002-05-17,1411,1411,1411,1411,2000
2002-05-23,1411,1411,1411,1411,23536
2002-05-28,1411,1411,1411,1411,80
2002-05-29,1451,1451,1451,1451,104
2002-05-30,1550,1550,1550,1550,280
2002-06-03,1500,1500,1500,1500,64
2002-06-05,1563,1563,1563,1563,200
2002-06-10,1413,1413,1413,1413,240
2002-06-12,1413,1413,1413,1413,40
2002-06-21,1413,1413,1413,1413,480
2002-06-24,1413,1413,1413,1413,1664
2002-07-01,1413,1413,1413,1413,80
2002-07-09,1413,1413,1413,1413,256
2002-07-12,1413,1413,1413,1413,304
2002-07-15,1416,1416,1416,1416,1024
2002-07-16,1438,1438,1438,1438,960
2002-07-17,1438,1438,1438,1438,24000
2002-07-18,1438,1438,1438,1438,8336
2002-07-19,1438,1438,1438,1438,3488
2002-07-23,1438,1438,1438,1438,20224
2002-07-25,1545,1545,1545,1545,2128
2002-08-01,1438,1438,1438,1438,83904
2002-08-06,1463,1463,1463,1463,2560
2002-08-08,1463,1463,1463,1463,5248
2002-08-13,1463,1463,1463,1463,800
2002-08-16,1463,1463,1463,1463,32
2002-08-20,1413,1413,1413,1413,800
2002-08-21,1413,1413,1413,1413,104
2002-08-23,1413,1413,1413,1413,40
2002-08-26,1438,1438,1438,1438,240160
2002-08-28,1438,1438,1438,1438,79840
2002-08-29,1437,1437,1437,1437,176
2002-08-30,1437,1437,1437,1437,240
2002-09-02,1437,1437,1437,1437,9560
2002-09-03,1437,1437,1437,1437,936
2002-09-09,1438,1438,1438,1438,80
2002-09-10,1438,1438,1438,1438,560
2002-09-16,1438,1438,1438,1438,1344
2002-09-23,1438,1438,1438,1438,128
2002-10-01,1463,1463,1463,1463,800
2002-10-08,1475,1475,1475,1475,528
2002-10-11,1506,1506,1506,1506,480
2002-10-16,1513,1513,1513,1513,592
2002-10-17,1525,1525,1525,1525,448
2002-10-18,1544,1544,1544,1544,640
2002-10-22,1544,1544,1544,1544,400
2002-10-24,1563,1563,1563,1563,1288
2002-10-28,1688,1688,1688,1688,80
2002-10-29,1700,1700,1700,1700,1240
2002-10-30,1700,1700,1700,1700,80
2002-10-31,1700,1700,1700,1700,240
2002-11-11,1826,1826,1826,1826,240
2002-11-12,1831,1831,1831,1831,520
2002-11-13,1834,1834,1834,1834,160
2002-11-14,1835,1835,1835,1835,160
2002-11-20,1963,1963,1963,1963,64
2002-11-21,2100,2100,2100,2100,80
2002-11-25,2106,2106,2106,2106,2368
2002-11-26,2106,2106,2106,2106,200
2002-11-27,2106,2106,2106,2106,3200
2002-11-28,2106,2106,2106,2106,4456
2002-11-29,2106,2106,2106,2106,200
2002-12-03,2106,2106,2106,2106,160
2002-12-04,2106,2106,2106,2106,8
2002-12-05,2106,2106,2106,2106,792
2002-12-09,2106,2106,2106,2106,720
2002-12-11,2110,2110,2110,2110,1040
2002-12-12,2113,2113,2113,2113,1120
2002-12-18,2113,2113,2113,2113,568
2002-12-19,2251,2251,2251,2251,80
2002-12-20,2419,2419,2419,2419,112
2002-12-24,2598,2598,2598,2598,240
2002-12-26,2788,2788,2788,2788,64
2002-12-27,2996,2996,2996,2996,112
2003-01-16,2996,2996,2996,2996,8
2003-01-23,2996,2996,2996,2996,1067
2003-01-24,2772,2772,2772,2772,117
2003-01-30,2772,2772,2772,2772,416
2003-02-04,2772,2772,2772,2772,21
2003-02-07,2772,2772,2772,2772,27
2003-03-21,2754,2754,2754,2754,43
2003-03-31,2747,2747,2747,2747,53
2003-04-04,2747,2747,2747,2747,5
2003-04-07,2747,2747,2747,2747,53
2003-04-08,2747,2747,2747,2747,27
2003-04-09,2747,2747,2747,2747,27
2003-04-10,2625,2625,2625,2625,5333
2003-04-11,2625,2625,2625,2625,123
2003-04-14,2531,2531,2531,2531,53333
2003-04-15,2531,2531,2531,2531,955
2003-04-18,2531,2531,2531,2531,373
2003-04-22,2530,2530,2530,2530,69
2003-04-24,2531,2531,2531,2531,53
2003-04-28,2531,2531,2531,2531,533
2003-04-29,2531,2531,2531,2531,640
2003-04-30,2531,2531,2531,2531,293
2003-05-06,2531,2531,2531,2531,293
2003-05-07,2513,2513,2513,2513,149
2003-05-08,2531,2531,2531,2531,555
2003-05-09,2531,2531,2531,2531,107
2003-05-12,2531,2531,2531,2531,1600
2003-05-21,2531,2531,2531,2531,107
2003-06-02,2344,2344,2344,2344,53
2003-06-03,2438,2438,2438,2438,43
2003-06-11,2438,2438,2438,2438,27
2003-06-24,2255,2255,2255,2255,464
2003-06-30,2255,2255,2255,2255,27
2003-07-01,2255,2255,2255,2255,53
2003-07-02,2254,2254,2254,2254,69
2003-07-08,2175,2175,2175,2175,53
2003-07-09,2086,2086,2086,2086,3589
2003-07-10,2203,2203,2203,2203,43
2003-07-14,2203,2203,2203,2203,96
2003-07-15,2203,2203,2203,2203,107
2003-07-16,2202,2202,2202,2202,107
2003-07-18,2202,2202,2202,2202,59
2003-07-21,2203,2203,2203,2203,53
2003-07-22,2203,2203,2203,2203,128
2003-07-24,2438,2438,2438,2438,13333
2003-07-25,2438,2438,2438,2438,11835
2003-07-29,2438,2438,2438,2438,16
2003-07-30,2438,2438,2438,2438,80
2003-07-31,2438,2438,2438,2438,811
2003-08-01,2494,2494,2494,2494,5333
2003-08-05,2625,2625,2625,2625,21339
2003-08-12,2636,2636,2636,2636,320
2003-08-19,2636,2636,2636,2636,27
2003-08-20,2636,2636,2636,2636,107
2003-08-27,2644,2644,2644,2644,277
2003-08-29,2644,2644,2644,2644,11
2003-09-01,2636,2636,2636,2636,757
2003-09-04,2636,2636,2636,2636,80
2003-09-11,2636,2636,2636,2636,133
2003-09-12,2625,2625,2625,2625,533
2003-09-22,2625,2625,2625,2625,16
2003-09-23,2625,2625,2625,2625,27
2003-09-25,2625,2625,2625,2625,213
2003-10-13,2438,2438,2438,2438,64
2003-10-14,2255,2255,2255,2255,1387
2003-10-15,2255,2255,2255,2255,2224
2003-10-22,2255,2255,2255,2255,2528
2003-10-24,2255,2255,2255,2255,1077
2003-10-29,2250,2250,2250,2250,2299
2003-10-31,2250,2250,2250,2250,2613
2003-11-13,2259,2259,2259,2259,101
2003-11-21,2269,2269,2269,2269,53
2003-11-26,2438,2438,2438,2438,1147
2003-11-27,2438,2438,2438,2438,533
2003-11-28,2438,2438,2438,2438,7616
2003-12-01,2442,2442,2442,2442,640
2003-12-08,2531,2531,2531,2531,43
2003-12-10,2626,2626,2626,2626,261
2003-12-12,2896,2896,2896,2896,843
2003-12-18,2475,2475,2475,2475,271675
2003-12-23,2812,2812,2812,2812,48
2003-12-24,2812,2812,2812,2812,1653
2003-12-29,2812,2812,2812,2812,197
2003-12-30,2812,2812,2812,2812,5
2004-01-05,2811,2811,2811,2811,920
2004-01-08,2811,2811,2811,2811,560
2004-01-12,3000,3000,3000,3000,772
2004-01-13,3000,3000,3000,3000,188
2004-01-16,2875,2875,2875,2875,88
2004-01-19,2988,2988,2988,2988,40
2004-01-23,2988,2988,2988,2988,8
2004-01-30,2988,2988,2988,2988,600
2004-02-04,2925,2925,2925,2925,116
2004-02-05,2875,2875,2875,2875,196
2004-02-09,2875,2875,2875,2875,56
2004-02-11,2873,2873,2873,2873,40
2004-02-12,2850,2850,2850,2850,80
2004-02-13,2825,2825,2825,2825,196
2004-02-16,2825,2825,2825,2825,40
2004-02-18,2825,2825,2825,2825,120
2004-02-19,2825,2825,2825,2825,1440
2004-02-20,2825,2825,2825,2825,60
2004-02-24,2825,2825,2825,2825,2400
2004-02-25,2825,2825,2825,2825,2136
2004-02-26,2825,2825,2825,2825,160
2004-02-27,2825,2825,2825,2825,864
2004-03-01,2825,2825,2825,2825,2220
2004-03-02,2750,2750,2750,2750,41164
2004-03-03,2749,2749,2749,2749,504
2004-03-04,2750,2750,2750,2750,200
2004-03-05,2750,2750,2750,2750,40
2004-03-08,2750,2750,2750,2750,200
2004-03-09,2736,2736,2736,2736,504
2004-03-10,2746,2746,2746,2746,304
2004-03-12,2749,2749,2749,2749,1040
2004-03-15,2746,2746,2746,2746,44
2004-03-16,2746,2746,2746,2746,36
2004-03-18,2746,2746,2746,2746,28
2004-03-19,2749,2749,2749,2749,116
2004-03-22,2749,2749,2749,2749,200
2004-03-23,2749,2749,2749,2749,748
2004-03-24,2749,2749,2749,2749,68
2004-03-30,2749,2749,2749,2749,340
2004-03-31,2749,2749,2749,2749,8
2004-04-02,2749,2749,2749,2749,140
2004-04-06,2738,2738,2738,2738,100
2004-04-07,2749,2749,2749,2749,132
2004-04-13,2736,2736,2736,2736,60
2004-04-14,2736,2736,2736,2736,88
2004-04-16,2735,2735,2735,2735,40
2004-04-19,2735,2735,2735,2735,76
2004-04-20,2735,2735,2735,2735,252
2004-04-21,2735,2735,2735,2735,112
2004-04-23,2625,2625,2625,2625,936
2004-04-26,2500,2500,2500,2500,39680
2004-04-27,2501,2501,2501,2501,1424
2004-04-29,2500,2500,2500,2500,3100
2004-05-03,2500,2500,2500,2500,1036
2004-05-04,2500,2500,2500,2500,524
2004-05-05,2500,2500,2500,2500,160
2004-05-06,2500,2500,2500,2500,76
2004-05-07,2500,2500,2500,2500,480
2004-05-10,2500,2500,2500,2500,120
2004-05-11,2500,2500,2500,2500,488
2004-05-12,2500,2500,2500,2500,4672
2004-05-13,2500,2500,2500,2500,600
2004-05-14,2500,2500,2500,2500,132
2004-05-17,2500,2500,2500,2500,332
2004-05-18,2500,2500,2500,2500,580
2004-05-19,2500,2500,2500,2500,440
2004-05-21,2500,2500,2500,2500,436
2004-05-24,2500,2500,2500,2500,2160
2004-05-25,2500,2500,2500,2500,448
2004-05-26,2500,2500,2500,2500,3308
2004-05-28,2500,2500,2500,2500,8
2004-06-02,2539,2539,2539,2539,392
2004-06-11,2625,2625,2625,2625,160
2004-06-15,2500,2500,2500,2500,104
2004-06-16,2500,2500,2500,2500,464
2004-06-17,2500,2500,2500,2500,324
2004-06-18,2500,2500,2500,2500,120
2004-06-21,2325,2325,2325,2325,92
2004-06-22,2250,2250,2250,2250,143144
2004-06-30,2500,2500,2500,2500,3060
2004-07-01,2499,2499,2499,2499,724
2004-07-02,2500,2500,2500,2500,200
2004-07-06,2313,2313,2313,2313,42844
2004-07-07,2485,2485,2485,2485,260
2004-07-08,2338,2338,2338,2338,37328
2004-07-09,2338,2338,2338,2338,320
2004-07-13,2338,2338,2338,2338,1436
2004-07-14,2485,2485,2485,2485,80
2004-07-15,2485,2485,2485,2485,840
2004-07-16,2339,2339,2339,2339,62080
2004-07-20,2480,2480,2480,2480,112
2004-07-23,2475,2475,2475,2475,640
2004-07-26,2475,2475,2475,2475,100
2004-07-27,2474,2474,2474,2474,200
2004-07-28,2471,2471,2471,2471,88
2004-07-29,2470,2470,2470,2470,60
2004-08-02,2471,2471,2471,2471,404
2004-08-03,2515,2515,2515,2515,1772
2004-08-04,2515,2515,2515,2515,200
2004-08-06,2515,2515,2515,2515,24
2004-08-09,2516,2516,2516,2516,180
2004-08-10,2516,2516,2516,2516,20
2004-08-24,2750,2750,2750,2750,1376
2004-08-25,2750,2750,2750,2750,492
2004-08-26,2750,2750,2750,2750,220
2004-08-30,2750,2750,2750,2750,400
2004-08-31,2750,2750,2750,2750,140
2004-09-03,2750,2750,2750,2750,452
2004-09-07,2750,2750,2750,2750,60
2004-09-08,2750,2750,2750,2750,52
2004-09-10,2544,2544,2544,2544,1052
2004-09-13,2544,2544,2544,2544,1320
2004-09-16,2545,2545,2545,2545,48
2004-09-24,2750,2750,2750,2750,60
2004-09-27,2625,2625,2625,2625,996
2004-09-28,2625,2625,2625,2625,548
2004-09-30,2750,2750,2750,2750,52
2004-10-05,2625,2625,2625,2625,1328
2004-10-06,2625,2625,2625,2625,200
2004-10-11,2821,2821,2821,2821,25884
2004-10-12,2821,2821,2821,2821,20
2004-10-13,2750,2750,2750,2750,740
2004-10-14,2750,2750,2750,2750,1180
2004-10-15,2750,2750,2750,2750,5480
2004-10-18,2749,2749,2749,2749,208
2004-10-19,2750,2750,2750,2750,144
2004-10-21,2750,2750,2750,2750,760
2004-10-22,2749,2749,2749,2749,60
2004-10-25,2749,2749,2749,2749,228
2004-10-27,2746,2746,2746,2746,452
2004-10-28,2746,2746,2746,2746,104
2004-11-03,2746,2746,2746,2746,100
2004-11-04,2545,2545,2545,2545,32
2004-11-17,2544,2544,2544,2544,2680
2004-11-18,2625,2625,2625,2625,224
2004-11-19,2544,2544,2544,2544,832
2004-11-22,2625,2625,2625,2625,200
2004-11-24,2544,2544,2544,2544,804
2004-11-30,2544,2544,2544,2544,40
2004-12-01,2544,2544,2544,2544,20
2004-12-02,2675,2675,2675,2675,22000
2004-12-03,2625,2625,2625,2625,60
2004-12-07,2625,2625,2625,2625,24
2004-12-09,2619,2619,2619,2619,40
2004-12-10,2625,2625,2625,2625,56
2004-12-13,2625,2625,2625,2625,624
2004-12-14,2815,2815,2815,2815,532
2004-12-15,2815,2815,2815,2815,240
2004-12-16,3000,3000,3000,3000,440
2004-12-17,3225,3225,3225,3225,660
2004-12-20,3225,3225,3225,3225,400
2004-12-21,3225,3225,3225,3225,44
2004-12-22,3225,3225,3225,3225,112
2004-12-28,3125,3125,3125,3125,80
2004-12-29,3225,3225,3225,3225,672
2004-12-30,3200,3200,3200,3200,120
2005-01-27,2550,2550,2550,2550,120
2005-01-28,2550,2550,2550,2550,532
2005-01-31,2500,2500,2500,2500,52
2005-02-01,2500,2500,2500,2500,796
2005-02-04,2500,2500,2500,2500,120
2005-02-09,2500,2500,2500,2500,240
2005-02-11,2500,2500,2500,2500,40
2005-02-14,2500,2500,2500,2500,1944
2005-02-16,2499,2499,2499,2499,60
2005-02-18,2500,2500,2500,2500,880
2005-02-24,2500,2500,2500,2500,72
2005-02-28,2500,2500,2500,2500,4
2005-03-01,2475,2475,2475,2475,164
2005-03-03,2475,2475,2475,2475,56
2005-03-04,2374,2374,2374,2374,1404
2005-03-10,2350,2350,2350,2350,1180
2005-03-11,2340,2340,2340,2340,1188
2005-03-15,2375,2375,2375,2375,40
2005-03-16,2375,2375,2375,2375,128
2005-03-17,2374,2374,2374,2374,128
2005-03-22,2371,2371,2371,2371,200
2005-03-25,2350,2350,2350,2350,88
2005-03-29,2350,2350,2350,2350,520
2005-03-31,2350,2350,2350,2350,200
2005-04-01,2350,2350,2350,2350,276
2005-04-05,2350,2350,2350,2350,56
2005-04-07,2350,2350,2350,2350,284180
2005-04-12,2350,2350,2350,2350,252
2005-04-13,2350,2350,2350,2350,32
2005-04-15,2349,2349,2349,2349,48
2005-04-20,2349,2349,2349,2349,84
2005-04-22,2348,2348,2348,2348,236
2005-04-26,2348,2348,2348,2348,60
2005-04-28,2348,2348,2348,2348,12
2005-04-29,2345,2345,2345,2345,108
2005-05-04,2320,2320,2320,2320,200
2005-05-09,2300,2300,2300,2300,68
2005-05-10,2138,2138,2138,2138,200
2005-05-11,1988,1988,1988,1988,3824
2005-05-12,1988,1988,1988,1988,1700
2005-05-13,2000,2000,2000,2000,52
2005-05-17,2150,2150,2150,2150,204
2005-05-19,2326,2326,2326,2326,200
2005-05-20,2500,2500,2500,2500,200
2005-05-23,2400,2400,2400,2400,5200
2005-05-24,2375,2375,2375,2375,1552
2005-05-25,2553,2553,2553,2553,800
2005-05-27,2875,2875,2875,2875,2000
2005-05-30,2875,2875,2875,2875,480
2005-05-31,2850,2850,2850,2850,8600
2005-06-02,2824,2824,2824,2824,400
2005-06-17,2800,2800,2800,2800,52
2005-06-29,2325,2325,2325,2325,48
2005-06-30,2499,2499,2499,2499,80
2005-07-01,2625,2625,2625,2625,80
2005-07-04,2625,2625,2625,2625,80
2005-07-05,2625,2625,2625,2625,80
2005-07-06,2625,2625,2625,2625,80
2005-07-11,2325,2325,2325,2325,200
2005-07-18,2325,2325,2325,2325,236
2005-07-19,2325,2325,2325,2325,20
2005-07-21,2325,2325,2325,2325,40
2005-08-01,2313,2313,2313,2313,128
2005-08-02,2300,2300,2300,2300,220
2005-08-03,2153,2153,2153,2153,40
2005-08-04,2025,2025,2025,2025,648
2005-08-11,2125,2125,2125,2125,200
2005-08-16,2125,2125,2125,2125,100
2005-08-17,2125,2125,2125,2125,500
2005-08-18,2126,2126,2126,2126,168
2005-08-19,2130,2130,2130,2130,608
2005-08-22,2130,2130,2130,2130,592
2005-08-23,2130,2130,2130,2130,628
2005-08-25,2131,2131,2131,2131,132
2005-08-26,2131,2131,2131,2131,48
2005-09-02,2133,2133,2133,2133,692
2005-09-07,2134,2134,2134,2134,44
2005-09-09,2134,2134,2134,2134,800
2005-09-12,2134,2134,2134,2134,12
2005-09-15,2134,2134,2134,2134,8
2005-09-16,2134,2134,2134,2134,180
2005-09-19,2134,2134,2134,2134,120
2005-09-20,2125,2125,2125,2125,236
2005-09-21,2124,2124,2124,2124,60
2005-09-22,2124,2124,2124,2124,440
2005-09-29,2124,2124,2124,2124,32
2005-10-05,2124,2124,2124,2124,28
2005-10-06,2100,2100,2100,2100,320
2005-10-07,2100,2100,2100,2100,156
2005-10-10,2100,2100,2100,2100,40
2005-10-11,2000,2000,2000,2000,44
2005-10-12,2000,2000,2000,2000,584
2005-10-13,2000,2000,2000,2000,1464
2005-10-14,2000,2000,2000,2000,220
2005-10-17,2000,2000,2000,2000,180
2005-10-18,2000,2000,2000,2000,168
2005-10-19,2000,2000,2000,2000,208
2005-10-20,2000,2000,2000,2000,248
2005-10-25,2000,2000,2000,2000,200
2005-10-28,2000,2000,2000,2000,160
2005-10-31,2000,2000,2000,2000,28
2005-11-02,2000,2000,2000,2000,120
2005-11-07,2000,2000,2000,2000,40
2005-11-09,1999,1999,1999,1999,120
2005-11-10,1999,1999,1999,1999,40
2005-11-14,1999,1999,1999,1999,120
2005-11-16,1996,1996,1996,1996,400
2005-11-17,1950,1950,1950,1950,436
2005-11-18,1948,1948,1948,1948,104
2005-11-21,1875,1875,1875,1875,36
2005-11-22,1873,1873,1873,1873,264
2005-11-25,1870,1870,1870,1870,128
2005-11-28,1863,1863,1863,1863,200
2005-12-01,2000,2000,2000,2000,340
2005-12-02,1875,1875,1875,1875,400
2005-12-05,1875,1875,1875,1875,236
2005-12-06,2000,2000,2000,2000,40
2005-12-07,2000,2000,2000,2000,220
2005-12-08,1999,1999,1999,1999,400
2005-12-14,1999,1999,1999,1999,4
2005-12-15,1999,1999,1999,1999,160
2005-12-20,1998,1998,1998,1998,1064
2005-12-23,1998,1998,1998,1998,400
2005-12-26,1998,1998,1998,1998,12
2005-12-28,1998,1998,1998,1998,56
2006-01-03,1875,1875,1875,1875,424
2006-01-04,1875,1875,1875,1875,120
2006-01-06,1875,1875,1875,1875,1596
2006-01-11,1750,1750,1750,1750,404
2006-01-16,1750,1750,1750,1750,4
2006-01-20,1875,1875,1875,1875,240
2006-01-26,1875,1875,1875,1875,184
2006-01-27,1874,1874,1874,1874,2012
2006-01-30,1874,1874,1874,1874,20
2006-02-01,1875,1875,1875,1875,1400
2006-02-02,1850,1850,1850,1850,1408
2006-02-06,1850,1850,1850,1850,12
2006-02-07,1850,1850,1850,1850,24
2006-02-16,1846,1846,1846,1846,200
2006-02-21,1825,1825,1825,1825,100
2006-02-23,1750,1750,1750,1750,220
2006-03-03,1725,1725,1725,1725,84
2006-03-07,1725,1725,1725,1725,8
2006-03-09,1725,1725,1725,1725,132
2006-03-13,1700,1700,1700,1700,128
2006-03-14,1699,1699,1699,1699,120
2006-03-16,1699,1699,1699,1699,40
2006-03-20,1699,1699,1699,1699,88
2006-03-21,1699,1699,1699,1699,400
2006-03-27,1699,1699,1699,1699,120
2006-04-18,1699,1699,1699,1699,20
2006-04-24,1699,1699,1699,1699,140
2006-04-25,1688,1688,1688,1688,320
2006-05-02,1688,1688,1688,1688,8
2006-05-10,1688,1688,1688,1688,272
2006-05-11,1680,1680,1680,1680,200
2006-05-17,1680,1680,1680,1680,200
2006-05-22,1675,1675,1675,1675,224
2006-05-26,1650,1650,1650,1650,160
2006-06-06,1649,1649,1649,1649,80012
2006-06-09,1625,1625,1625,1625,44
2006-06-12,1625,1625,1625,1625,1600
2006-06-14,1625,1625,1625,1625,88
2006-06-27,1504,1504,1504,1504,504
2006-06-28,1500,1500,1500,1500,200
2006-06-30,1500,1500,1500,1500,8
2006-07-03,1500,1500,1500,1500,600
2006-07-05,1328,1328,1328,1328,200
2006-07-06,1328,1328,1328,1328,60
2006-07-07,1375,1375,1375,1375,900
2006-07-10,1375,1375,1375,1375,6084
2006-07-11,1375,1375,1375,1375,20
2006-07-14,1350,1350,1350,1350,400
2006-07-18,1375,1375,1375,1375,5064
2006-07-19,1375,1375,1375,1375,60
2006-07-20,1375,1375,1375,1375,200
2006-07-21,1375,1375,1375,1375,180
2006-07-24,1375,1375,1375,1375,2440
2006-07-25,1376,1376,1376,1376,13040
2006-08-02,1428,1428,1428,1428,5200
2006-08-03,1425,1425,1425,1425,1180
2006-08-04,1375,1375,1375,1375,64
2006-08-08,1375,1375,1375,1375,104
2006-08-11,1375,1375,1375,1375,40
2006-08-17,1375,1375,1375,1375,856
2006-08-18,1375,1375,1375,1375,120
2006-08-22,1375,1375,1375,1375,6844
2006-08-23,1374,1374,1374,1374,240
2006-08-24,1375,1375,1375,1375,160
2006-08-25,1375,1375,1375,1375,96
2006-08-29,1375,1375,1375,1375,528
2006-09-05,1375,1375,1375,1375,296
2006-09-07,1375,1375,1375,1375,8
2006-09-08,1375,1375,1375,1375,240
2006-09-11,1375,1375,1375,1375,40
2006-09-18,1375,1375,1375,1375,48
2006-09-19,1388,1388,1388,1388,72
2006-09-20,1400,1400,1400,1400,32
2006-09-25,1413,1413,1413,1413,40
2006-10-04,1413,1413,1413,1413,640
2006-10-09,1413,1413,1413,1413,40
2006-10-11,1413,1413,1413,1413,40
2006-10-13,1413,1413,1413,1413,8
2006-10-17,1413,1413,1413,1413,20
2006-10-24,1413,1413,1413,1413,16
2006-10-31,1413,1413,1413,1413,4
2006-11-06,1415,1415,1415,1415,320
2006-11-08,1500,1500,1500,1500,120
2006-11-10,1500,1500,1500,1500,96
2006-11-14,1416,1416,1416,1416,44
2006-11-17,1415,1415,1415,1415,44
2006-11-20,1415,1415,1415,1415,4
2006-11-21,1400,1400,1400,1400,160
2006-11-22,1400,1400,1400,1400,40
2006-12-01,1398,1398,1398,1398,80
2006-12-06,1398,1398,1398,1398,80
2006-12-11,1398,1398,1398,1398,20
2006-12-18,1394,1394,1394,1394,40
2007-01-02,1394,1394,1394,1394,4
2007-01-10,1394,1394,1394,1394,428
2007-01-11,1400,1400,1400,1400,520
2007-01-12,1400,1400,1400,1400,8
2007-01-15,1400,1400,1400,1400,1852
2007-01-17,1400,1400,1400,1400,8
2007-01-25,1400,1400,1400,1400,72
2007-01-31,1394,1394,1394,1394,592
2007-02-06,1394,1394,1394,1394,420
2007-02-09,1394,1394,1394,1394,212
2007-02-12,1394,1394,1394,1394,184
2007-02-21,1450,1450,1450,1450,2800
2007-02-26,1450,1450,1450,1450,64
2007-03-05,1500,1500,1500,1500,32
2007-03-08,1500,1500,1500,1500,168
2007-03-09,1500,1500,1500,1500,232
2007-03-12,1500,1500,1500,1500,404
2007-03-13,1499,1499,1499,1499,920
2007-03-15,1500,1500,1500,1500,160
2007-03-16,1500,1500,1500,1500,8
2007-03-21,1451,1451,1451,1451,88
2007-03-22,1451,1451,1451,1451,1192
2007-03-26,1451,1451,1451,1451,8
2007-03-28,1394,1394,1394,1394,1112
2007-03-29,1450,1450,1450,1450,2068
2007-03-30,1450,1450,1450,1450,1000
2007-04-03,1450,1450,1450,1450,80
2007-04-06,1450,1450,1450,1450,1720
2007-04-17,1375,1375,1375,1375,692
2007-04-18,1374,1374,1374,1374,60
2007-04-19,1375,1375,1375,1375,20684
2007-04-24,1375,1375,1375,1375,28
2007-04-30,1500,1500,1500,1500,348
2007-05-02,1503,1503,1503,1503,348
2007-05-04,1504,1504,1504,1504,80
2007-05-08,1515,1515,1515,1515,640
2007-05-11,1550,1550,1550,1550,1428
2007-05-21,1625,1625,1625,1625,412
2007-05-22,1625,1625,1625,1625,308
2007-05-23,1650,1650,1650,1650,220
2007-05-24,1650,1650,1650,1650,2640
2007-05-25,1650,1650,1650,1650,4000
2007-05-29,1650,1650,1650,1650,852
2007-05-30,1650,1650,1650,1650,1340
2007-05-31,1650,1650,1650,1650,540
2007-06-01,1625,1625,1625,1625,400
2007-06-05,1625,1625,1625,1625,16
2007-06-06,1625,1625,1625,1625,120
2007-06-07,1625,1625,1625,1625,40
2007-06-11,1575,1575,1575,1575,64
2007-06-15,1624,1624,1624,1624,136
2007-06-19,1625,1625,1625,1625,400
2007-06-20,1565,1565,1565,1565,5040
2007-06-21,1625,1625,1625,1625,84
2007-06-22,1625,1625,1625,1625,20
2007-06-25,1625,1625,1625,1625,20
2007-06-26,1624,1624,1624,1624,380
2007-06-27,1565,1565,1565,1565,840
2007-06-28,1623,1623,1623,1623,2012
2007-06-29,1623,1623,1623,1623,16
2007-07-02,1623,1623,1623,1623,472
2007-07-03,1621,1621,1621,1621,300
2007-07-04,1624,1624,1624,1624,140
2007-07-05,1624,1624,1624,1624,8
2007-07-06,1623,1623,1623,1623,40
2007-07-09,1613,1613,1613,1613,88
2007-07-10,1575,1575,1575,1575,84
2007-07-11,1624,1624,1624,1624,568
2007-07-12,1624,1624,1624,1624,28
2007-07-16,1623,1623,1623,1623,2116
2007-07-17,1623,1623,1623,1623,680
2007-07-18,1625,1625,1625,1625,600
2007-07-20,1623,1623,1623,1623,48
2007-07-26,1623,1623,1623,1623,52
2007-07-31,1623,1623,1623,1623,4224
2007-08-01,1625,1625,1625,1625,32
2007-08-02,1625,1625,1625,1625,4544
2007-08-03,1625,1625,1625,1625,3652
2007-08-08,1625,1625,1625,1625,1444
2007-08-09,1625,1625,1625,1625,20504
2007-08-10,1625,1625,1625,1625,480
2007-08-13,1625,1625,1625,1625,560
2007-08-14,1625,1625,1625,1625,12
2007-08-17,1625,1625,1625,1625,720
2007-08-20,1625,1625,1625,1625,1564
2007-08-21,1626,1626,1626,1626,60
2007-08-22,1638,1638,1638,1638,748
2007-08-23,1638,1638,1638,1638,396
2007-08-28,1760,1760,1760,1760,100
2007-08-30,1776,1776,1776,1776,600
2007-09-05,2205,2205,2205,2205,500
2007-09-10,2738,2738,2738,2738,2196
2007-09-11,2943,2943,2943,2943,1656
2007-09-12,3163,3163,3163,3163,200
2007-09-13,3375,3375,3375,3375,2000
2007-09-14,3376,3376,3376,3376,1576
2007-09-17,3376,3376,3376,3376,3752
2007-09-18,3376,3376,3376,3376,460
2007-09-19,3375,3375,3375,3375,2304
2007-09-21,3375,3375,3375,3375,132
2007-09-24,3376,3376,3376,3376,96
2007-09-25,3376,3376,3376,3376,80
2007-09-26,3375,3375,3375,3375,272
2007-09-28,3125,3125,3125,3125,272
2007-10-01,3000,3000,3000,3000,60
2007-10-02,2988,2988,2988,2988,320
2007-10-05,2750,2750,2750,2750,288
2007-10-08,2750,2750,2750,2750,40
2007-10-10,2750,2750,2750,2750,9784
2007-10-15,2625,2625,2625,2625,88
2007-10-17,2623,2623,2623,2623,1324
2007-10-18,2623,2623,2623,2623,60
2007-10-19,2623,2623,2623,2623,360
2007-10-22,2623,2623,2623,2623,160
2007-10-24,2623,2623,2623,2623,160
2007-10-25,2500,2500,2500,2500,40
2007-10-26,2525,2525,2525,2525,160
2007-10-29,2524,2524,2524,2524,88
2007-10-31,2524,2524,2524,2524,8
2007-11-07,2450,2450,2450,2450,52
2007-11-16,2098,2098,2098,2098,8108
2007-11-19,2098,2098,2098,2098,20
2007-11-20,2098,2098,2098,2098,776
2007-11-21,2098,2098,2098,2098,384
2007-11-22,2250,2250,2250,2250,400
2007-11-27,2250,2250,2250,2250,40
2007-11-29,2500,2500,2500,2500,92
2007-12-03,2500,2500,2500,2500,436
2007-12-05,2688,2688,2688,2688,400
2007-12-06,2688,2688,2688,2688,1232
2007-12-10,2688,2688,2688,2688,212
2007-12-11,2688,2688,2688,2688,52
2007-12-13,2685,2685,2685,2685,80
2007-12-18,2500,2500,2500,2500,80
2007-12-20,2500,2500,2500,2500,40
2007-12-26,2500,2500,2500,2500,52
2007-12-28,2488,2488,2488,2488,400
2008-01-07,2488,2488,2488,2488,60
2008-01-08,2488,2488,2488,2488,32
2008-01-10,2488,2488,2488,2488,20
2008-01-15,2488,2488,2488,2488,76
2008-01-16,2488,2488,2488,2488,60
2008-01-17,2488,2488,2488,2488,12
2008-01-22,2475,2475,2475,2475,40
2008-01-30,2474,2474,2474,2474,32
2008-01-31,2474,2474,2474,2474,28
2008-02-04,2450,2450,2450,2450,36
2008-02-05,2375,2375,2375,2375,136
2008-02-18,2375,2375,2375,2375,20
2008-02-21,2375,2375,2375,2375,20
2008-02-26,2250,2250,2250,2250,120
2008-02-28,2249,2249,2249,2249,60
2008-03-03,2200,2200,2200,2200,40
2008-03-05,2249,2249,2249,2249,128
2008-03-06,2249,2249,2249,2249,16
2008-03-07,2249,2249,2249,2249,24
2008-03-12,2249,2249,2249,2249,4
2008-03-19,2251,2251,2251,2251,124
2008-03-26,2250,2250,2250,2250,452
2008-03-27,2250,2250,2250,2250,80
2008-03-28,2250,2250,2250,2250,400
2008-04-01,2250,2250,2250,2250,236
2008-04-08,2250,2250,2250,2250,236
2008-04-11,2250,2250,2250,2250,140
2008-04-14,2250,2250,2250,2250,140
2008-04-15,2150,2150,2150,2150,340
2008-04-16,2150,2150,2150,2150,272
2008-04-28,2250,2250,2250,2250,40
2008-04-29,2250,2250,2250,2250,92
2008-04-30,2250,2250,2250,2250,32
2008-05-02,2248,2248,2248,2248,80
2008-05-06,2248,2248,2248,2248,4
2008-05-14,2125,2125,2125,2125,420
2008-05-15,2125,2125,2125,2125,624
2008-05-16,2125,2125,2125,2125,40
2008-05-20,2113,2113,2113,2113,4132
2008-05-21,2000,2000,2000,2000,1000
2008-05-22,2000,2000,2000,2000,4048
2008-05-26,2000,2000,2000,2000,28
2008-05-29,2001,2001,2001,2001,1720
2008-05-30,2000,2000,2000,2000,860
2008-06-04,2000,2000,2000,2000,196
2008-06-09,2075,2075,2075,2075,804
2008-06-11,2100,2100,2100,2100,140
2008-06-12,2258,2258,2258,2258,36
2008-06-13,2426,2426,2426,2426,80
2008-06-16,2426,2426,2426,2426,144
2008-06-17,2426,2426,2426,2426,40
2008-06-18,2426,2426,2426,2426,20
2008-06-20,2426,2426,2426,2426,212
2008-06-23,2425,2425,2425,2425,216
2008-06-24,2425,2425,2425,2425,968
2008-06-25,2250,2250,2250,2250,440
2008-06-26,2254,2254,2254,2254,800
2008-06-27,2254,2254,2254,2254,1212
2008-07-02,2085,2085,2085,2085,80
2008-07-03,2025,2025,2025,2025,3192
2008-07-04,2025,2025,2025,2025,25420
2008-07-07,2025,2025,2025,2025,800
2008-07-08,2000,2000,2000,2000,2856
2008-07-09,2000,2000,2000,2000,4168
2008-07-10,2000,2000,2000,2000,1692
2008-07-11,2000,2000,2000,2000,1380
2008-07-16,2000,2000,2000,2000,256
2008-07-18,2001,2001,2001,2001,48
2008-07-22,2004,2004,2004,2004,356
2008-07-23,2019,2019,2019,2019,40
2008-07-24,2150,2150,2150,2150,32
2008-07-25,2250,2250,2250,2250,60
2008-07-28,2250,2250,2250,2250,812
2008-07-29,2250,2250,2250,2250,4220
2008-07-30,2250,2250,2250,2250,112
2008-08-01,2250,2250,2250,2250,112
2008-08-04,2250,2250,2250,2250,1084
2008-08-05,2250,2250,2250,2250,72
2008-08-06,2250,2250,2250,2250,20
2008-08-08,2250,2250,2250,2250,4296
2008-08-11,2250,2250,2250,2250,216
2008-08-12,2250,2250,2250,2250,400
2008-08-13,2250,2250,2250,2250,56
2008-08-14,2250,2250,2250,2250,40
2008-08-18,2250,2250,2250,2250,60
2008-08-19,2125,2125,2125,2125,1512
2008-08-20,2125,2125,2125,2125,800
2008-08-21,2000,2000,2000,2000,240
2008-08-22,2000,2000,2000,2000,6520
2008-08-25,1999,1999,1999,1999,2136
2008-08-26,2000,2000,2000,2000,2600
2008-08-27,2125,2125,2125,2125,80
2008-08-28,2125,2125,2125,2125,20
2008-09-01,2125,2125,2125,2125,5200
2008-09-02,2124,2124,2124,2124,200
2008-09-03,1975,1975,1975,1975,1492
2008-09-04,1975,1975,1975,1975,2828
2008-09-08,1974,1974,1974,1974,1632
2008-09-10,1974,1974,1974,1974,132
2008-09-12,2000,2000,2000,2000,832
2008-09-15,2000,2000,2000,2000,3028
2008-09-16,2000,2000,2000,2000,40
2008-09-17,2000,2000,2000,2000,280
2008-09-22,2000,2000,2000,2000,692
2008-09-24,1999,1999,1999,1999,168
2008-09-25,1998,1998,1998,1998,800
2008-09-29,2000,2000,2000,2000,72
2008-10-01,2000,2000,2000,2000,16
2008-10-02,2000,2000,2000,2000,472
2008-10-03,2000,2000,2000,2000,1060
2008-10-06,2000,2000,2000,2000,600
2008-10-08,1966,1966,1966,1966,92
2008-10-09,1966,1966,1966,1966,172
2008-10-10,1966,1966,1966,1966,448
2008-10-13,1925,1925,1925,1925,520
2008-10-14,1925,1925,1925,1925,1560
2008-10-15,1925,1925,1925,1925,84
2008-10-16,1925,1925,1925,1925,2448
2008-10-20,1875,1875,1875,1875,100
2008-10-21,1875,1875,1875,1875,656
2008-10-22,1875,1875,1875,1875,28
2008-10-23,1850,1850,1850,1850,40
2008-10-30,1850,1850,1850,1850,92
2008-11-04,1850,1850,1850,1850,40
2008-11-11,1848,1848,1848,1848,60
2008-11-26,1625,1625,1625,1625,92
2008-12-01,1499,1499,1499,1499,696
2008-12-04,1248,1248,1248,1248,756
2008-12-05,1248,1248,1248,1248,236
2008-12-10,1125,1125,1125,1125,25356
2008-12-11,1125,1125,1125,1125,980
2008-12-12,1100,1100,1100,1100,400
2008-12-15,1100,1100,1100,1100,240
2008-12-16,1183,1183,1183,1183,2000
2008-12-17,1270,1270,1270,1270,2000
2008-12-18,1365,1365,1365,1365,56
2008-12-19,1466,1466,1466,1466,2024
2008-12-22,1575,1575,1575,1575,2088
2008-12-23,1693,1693,1693,1693,2000
2008-12-24,1693,1693,1693,1693,676
2008-12-30,1558,1558,1558,1558,8028
2008-12-31,1674,1674,1674,1674,2000
2009-01-02,1674,1674,1674,1674,48
2009-01-05,1575,1575,1575,1575,440
2009-01-13,1575,1575,1575,1575,20
2009-01-20,1575,1575,1575,1575,80
2009-01-21,1500,1500,1500,1500,40
2009-01-27,1500,1500,1500,1500,20
2009-01-30,1475,1475,1475,1475,200
2009-02-13,1475,1475,1475,1475,420
2009-02-19,1250,1250,1250,1250,200
2009-02-20,1250,1250,1250,1250,996
2009-02-23,1250,1250,1250,1250,256
2009-02-27,1249,1249,1249,1249,40
2009-03-04,1138,1138,1138,1138,120
2009-03-05,1138,1138,1138,1138,400
2009-03-11,1138,1138,1138,1138,40
2009-03-12,1111,1111,1111,1111,600
2009-03-16,1110,1110,1110,1110,48
2009-03-17,1110,1110,1110,1110,240
2009-03-19,1109,1109,1109,1109,40
2009-03-30,1109,1109,1109,1109,48
2009-04-03,1108,1108,1108,1108,100
2009-04-06,1100,1100,1100,1100,32
2009-04-08,1000,1000,1000,1000,100
2009-04-10,1000,1000,1000,1000,52
2009-04-14,1000,1000,1000,1000,40
2009-04-17,1000,1000,1000,1000,68
2009-04-21,1000,1000,1000,1000,16
2009-04-27,1000,1000,1000,1000,480
2009-04-28,925,925,925,925,84
2009-04-30,925,925,925,925,680
2009-05-04,925,925,925,925,452
2009-05-05,856,856,856,856,548
2009-05-06,856,856,856,856,40
2009-05-07,854,854,854,854,176
2009-05-08,863,863,863,863,84
2009-05-11,850,850,850,850,800
2009-05-12,844,844,844,844,600
2009-05-15,841,841,841,841,616
2009-05-18,825,825,825,825,40
2009-05-19,821,821,821,821,1000
2009-05-20,821,821,821,821,4124
2009-05-22,778,778,778,778,320
2009-05-25,750,750,750,750,2156
2009-05-26,750,750,750,750,376
2009-05-27,750,750,750,750,84
2009-05-28,750,750,750,750,40
2009-06-02,750,750,750,750,1040
2009-06-04,750,750,750,750,636
2009-06-05,750,750,750,750,1452
2009-06-08,750,750,750,750,280
2009-06-09,750,750,750,750,652
2009-06-10,750,750,750,750,808
2009-06-11,750,750,750,750,800
2009-06-12,750,750,750,750,5664
2009-06-15,750,750,750,750,1148
2009-06-16,750,750,750,750,6576
2009-06-18,750,750,750,750,11432
2009-06-19,751,751,751,751,780
2009-06-22,808,808,808,808,3500
2009-06-23,809,809,809,809,1640
2009-06-24,813,813,813,813,1000
2009-06-25,813,813,813,813,28000
2009-07-07,1101,1101,1101,1101,4732
2009-07-09,1205,1205,1205,1205,3312
2009-07-10,1250,1250,1250,1250,4472
2009-07-13,1156,1156,1156,1156,964
2009-07-14,1074,1074,1074,1074,388
2009-07-17,1000,1000,1000,1000,200
2009-07-20,975,975,975,975,388
2009-07-21,975,975,975,975,40
2009-07-22,975,975,975,975,208
2009-07-23,1000,1000,1000,1000,200
2009-07-24,994,994,994,994,644
2009-07-27,986,986,986,986,824
2009-07-28,985,985,985,985,260
2009-07-29,1000,1000,1000,1000,388
2009-07-30,984,984,984,984,40
2009-07-31,1000,1000,1000,1000,372
2009-08-03,1000,1000,1000,1000,720
2009-08-04,975,975,975,975,84
2009-08-05,975,975,975,975,24
2009-08-06,975,975,975,975,76
2009-08-10,1000,1000,1000,1000,484
2009-08-11,1000,1000,1000,1000,1068
2009-08-12,1000,1000,1000,1000,372
2009-08-13,1000,1000,1000,1000,204
2009-08-14,1000,1000,1000,1000,212
2009-08-17,999,999,999,999,336
2009-08-19,999,999,999,999,204
2009-08-20,1000,1000,1000,1000,40
2009-08-21,1000,1000,1000,1000,44
2009-08-24,950,950,950,950,392
2009-08-25,1000,1000,1000,1000,80
2009-08-26,1000,1000,1000,1000,60
2009-08-27,950,950,950,950,136
2009-08-28,950,950,950,950,472
2009-08-31,951,951,951,951,88
2009-09-02,951,951,951,951,332
2009-09-03,951,951,951,951,252
2009-09-04,999,999,999,999,136
2009-09-07,999,999,999,999,8
2009-09-08,951,951,951,951,592
2009-09-09,951,951,951,951,800
2009-09-11,951,951,951,951,844
2009-09-14,951,951,951,951,540
2009-09-15,950,950,950,950,92
2009-09-18,875,875,875,875,504
2009-09-21,875,875,875,875,240
2009-09-22,810,810,810,810,744
2009-09-23,809,809,809,809,680
2009-09-24,800,800,800,800,620
2009-09-25,800,800,800,800,60
2009-09-28,800,800,800,800,4
2009-09-29,800,800,800,800,248
2009-09-30,800,800,800,800,96
2009-10-01,750,750,750,750,7420
2009-10-05,750,750,750,750,404
2009-10-06,750,750,750,750,1776
2009-10-07,744,744,744,744,5472
2009-10-08,750,750,750,750,68
2009-10-15,930,930,930,930,1064
2009-10-16,930,930,930,930,1616
2009-10-21,930,930,930,930,400
2009-10-22,930,930,930,930,360
2009-10-23,930,930,930,930,2016
2009-10-27,930,930,930,930,488
2009-10-28,925,925,925,925,252
2009-10-29,875,875,875,875,96
2009-10-30,883,883,883,883,428
2009-11-02,875,875,875,875,856
2009-11-03,875,875,875,875,40
2009-11-05,800,800,800,800,968
2009-11-09,800,800,800,800,20
2009-11-10,800,800,800,800,52
2009-11-25,875,875,875,875,56
2009-11-26,875,875,875,875,640
2009-11-30,875,875,875,875,24
2009-12-01,875,875,875,875,988
2009-12-03,875,875,875,875,612
2009-12-04,813,813,813,813,280
2009-12-08,875,875,875,875,520
2009-12-14,875,875,875,875,48
2009-12-15,850,850,850,850,36
2009-12-16,786,786,786,786,304
2009-12-17,728,728,728,728,400
2009-12-21,728,728,728,728,3356
2009-12-22,726,726,726,726,60
2009-12-23,780,780,780,780,100
2009-12-29,728,728,728,728,2420
2009-12-30,728,728,728,728,4008
2009-12-31,728,728,728,728,1004
2010-01-04,725,725,725,725,860
2010-01-05,750,750,750,750,40
2010-01-07,806,806,806,806,800
2010-01-08,806,806,806,806,1600
2010-01-12,800,800,800,800,84
2010-01-14,740,740,740,740,1332
2010-01-15,725,725,725,725,1120
2010-01-18,725,725,725,725,52
2010-01-19,671,671,671,671,396
2010-01-20,671,671,671,671,60
2010-01-21,673,673,673,673,1476
2010-01-22,673,673,673,673,1036
2010-01-25,675,675,675,675,192
2010-01-26,675,675,675,675,200
2010-01-28,725,725,725,725,4000
2010-02-03,779,779,779,779,120
2010-02-04,779,779,779,779,400
2010-02-05,779,779,779,779,172
2010-02-08,779,779,779,779,100
2010-02-09,750,750,750,750,1040
2010-02-10,750,750,750,750,120
2010-02-15,700,700,700,700,1600
2010-02-16,700,700,700,700,624
2010-02-17,675,675,675,675,1152
2010-02-22,725,725,725,725,280
2010-02-23,775,775,775,775,92
2010-03-08,775,775,775,775,200
2010-03-11,800,800,800,800,112
2010-03-12,800,800,800,800,200
2010-03-17,775,775,775,775,76
2010-03-18,775,775,775,775,60
2010-03-22,775,775,775,775,12
2010-03-23,775,775,775,775,20
2010-03-24,775,775,775,775,4216
2010-03-26,775,775,775,775,240
2010-04-07,800,800,800,800,6000
2010-04-09,800,800,800,800,8000
2010-04-12,800,800,800,800,4120
2010-04-13,800,800,800,800,2000
2010-04-14,775,775,775,775,140
2010-04-15,800,800,800,800,520
2010-04-16,800,800,800,800,1012
2010-04-19,775,775,775,775,1200
2010-04-20,776,776,776,776,600
2010-04-21,800,800,800,800,260
2010-04-22,800,800,800,800,216
2010-04-23,800,800,800,800,2400
2010-04-26,800,800,800,800,1272
2010-04-28,800,800,800,800,32
2010-04-29,800,800,800,800,2160
2010-04-30,800,800,800,800,4656
2010-05-03,801,801,801,801,4024
2010-05-04,800,800,800,800,4944
2010-05-05,800,800,800,800,2044
2010-05-06,800,800,800,800,3032
2010-05-07,800,800,800,800,4
2010-05-10,800,800,800,800,580
2010-05-11,800,800,800,800,1184
2010-05-12,800,800,800,800,160
2010-05-14,800,800,800,800,520
2010-05-18,799,799,799,799,104
2010-05-19,798,798,798,798,208
2010-05-20,795,795,795,795,44
2010-05-21,795,795,795,795,252
2010-05-25,800,800,800,800,300
2010-05-26,800,800,800,800,452
2010-05-27,800,800,800,800,800
2010-05-28,800,800,800,800,560
2010-06-01,800,800,800,800,132
2010-06-02,800,800,800,800,4
2010-06-03,800,800,800,800,4288
2010-06-07,800,800,800,800,120
2010-06-10,800,800,800,800,52
2010-06-14,850,850,850,850,892
2010-06-16,981,981,981,981,100
2010-06-17,981,981,981,981,516
2010-06-21,975,975,975,975,200
2010-06-23,975,975,975,975,120
2010-06-24,975,975,975,975,88
2010-06-25,969,969,969,969,124
2010-06-28,969,969,969,969,28
2010-06-29,968,968,968,968,48
2010-06-30,975,975,975,975,200
2010-07-01,913,913,913,913,580
2010-07-02,913,913,913,913,400
2010-07-05,900,900,900,900,1468
2010-07-06,888,888,888,888,40
2010-07-07,900,900,900,900,520
2010-07-08,900,900,900,900,2512
2010-07-12,900,900,900,900,392
2010-07-14,833,833,833,833,1620
2010-07-16,800,800,800,800,7428
2010-07-21,800,800,800,800,616
2010-07-22,800,800,800,800,4
2010-07-23,800,800,800,800,900
2010-07-26,800,800,800,800,1752
2010-07-27,800,800,800,800,600
2010-07-28,800,800,800,800,440
2010-07-29,800,800,800,800,340
2010-07-30,800,800,800,800,220
2010-08-02,825,825,825,825,832
2010-08-03,800,800,800,800,360
2010-08-04,800,800,800,800,408
2010-08-05,800,800,800,800,20
2010-08-09,825,825,825,825,1160
2010-08-11,800,800,800,800,1612
2010-08-12,800,800,800,800,28
2010-08-13,750,750,750,750,32
2010-08-17,800,800,800,800,11708
2010-08-18,800,800,800,800,500
2010-08-19,800,800,800,800,140
2010-08-20,800,800,800,800,188
2010-08-23,800,800,800,800,64
2010-08-25,800,800,800,800,800
2010-08-26,800,800,800,800,5740
2010-08-31,800,800,800,800,8460
2010-09-01,800,800,800,800,200
2010-09-02,750,750,750,750,176
2010-09-03,800,800,800,800,2840
2010-09-07,800,800,800,800,1092
2010-09-08,796,796,796,796,40
2010-09-09,796,796,796,796,192
2010-09-13,800,800,800,800,100
2010-09-15,799,799,799,799,1364
2010-09-16,825,825,825,825,1260
2010-09-17,875,875,875,875,2052
2010-09-20,875,875,875,875,1360
2010-09-21,876,876,876,876,712
2010-09-22,875,875,875,875,204
2010-09-23,875,875,875,875,464
2010-09-27,800,800,800,800,1016
2010-09-28,800,800,800,800,1804
2010-09-29,800,800,800,800,312
2010-09-30,800,800,800,800,480
2010-10-01,788,788,788,788,948
2010-10-08,875,875,875,875,2644
2010-10-11,875,875,875,875,332
2010-10-12,875,875,875,875,1056
2010-10-14,875,875,875,875,152
2010-10-15,875,875,875,875,80
2010-10-18,875,875,875,875,632
2010-10-19,875,875,875,875,272
2010-10-20,940,940,940,940,208
2010-10-21,888,888,888,888,720
2010-10-22,900,900,900,900,556
2010-10-25,875,875,875,875,300
2010-10-26,875,875,875,875,180
2010-10-27,875,875,875,875,220
2010-10-28,940,940,940,940,40
2010-10-29,1010,1010,1010,1010,60
2010-11-02,1009,1009,1009,1009,932
2010-11-03,1009,1009,1009,1009,308
2010-11-04,934,934,934,934,800
2010-11-09,875,875,875,875,4360
2010-11-10,875,875,875,875,140
2010-11-11,825,825,825,825,4268
2010-11-12,825,825,825,825,2216
2010-11-17,764,764,764,764,5464
2010-11-18,776,776,776,776,256
2010-11-22,799,799,799,799,2096
2010-11-23,803,803,803,803,868
2010-11-24,814,814,814,814,140
2010-11-26,814,814,814,814,1824
2010-11-29,873,873,873,873,2076
2010-11-30,874,874,874,874,820
2010-12-01,873,873,873,873,2296
2010-12-02,875,875,875,875,360
2010-12-06,825,825,825,825,140
2010-12-07,776,776,776,776,2520
2010-12-09,776,776,776,776,880
2010-12-16,813,813,813,813,60
2010-12-21,813,813,813,813,704
2010-12-22,813,813,813,813,1024
2010-12-23,825,825,825,825,5332
2010-12-28,874,874,874,874,800
2010-12-29,813,813,813,813,536
2011-01-03,813,813,813,813,24
2011-01-04,813,813,813,813,8
2011-01-05,813,813,813,813,712
2011-01-06,813,813,813,813,1088
2011-01-07,813,813,813,813,468
2011-01-10,800,800,800,800,248
2011-01-11,800,800,800,800,200
2011-01-12,800,800,800,800,116
2011-01-14,800,800,800,800,36
2011-01-17,800,800,800,800,544
2011-01-18,800,800,800,800,160
2011-01-21,800,800,800,800,496
2011-01-25,788,788,788,788,1080
2011-01-26,788,788,788,788,32
2011-01-27,788,788,788,788,800
2011-02-01,813,813,813,813,200
2011-02-02,813,813,813,813,188
2011-02-03,775,775,775,775,644
2011-02-08,813,813,813,813,300
2011-02-10,813,813,813,813,28
2011-02-11,813,813,813,813,1672
2011-03-03,800,800,800,800,200
2011-03-21,800,800,800,800,32
2011-04-13,800,800,800,800,40
2011-04-27,800,800,800,800,40
2011-05-04,800,800,800,800,72
2011-05-05,800,800,800,800,80
2011-05-13,800,800,800,800,180
2011-05-16,800,800,800,800,20
2011-05-17,775,775,775,775,52
2011-05-19,775,775,775,775,96
2011-05-20,750,750,750,750,252
2011-05-23,694,694,694,694,120
2011-05-26,750,750,750,750,164
2011-05-27,800,800,800,800,352
2011-05-30,800,800,800,800,176
2011-05-31,800,800,800,800,152
2011-06-03,800,800,800,800,552
2011-06-06,800,800,800,800,260
2011-06-07,800,800,800,800,12
2011-06-08,800,800,800,800,528
2011-06-09,799,799,799,799,184
2011-06-10,786,786,786,786,32
2011-06-14,800,800,800,800,1760
2011-06-15,800,800,800,800,84
2011-06-17,750,750,750,750,840
2011-06-21,643,643,643,643,160
2011-06-22,625,625,625,625,964
2011-06-30,688,688,688,688,244
2011-07-06,750,750,750,750,240
2011-07-07,700,700,700,700,40
2011-07-08,700,700,700,700,80
2011-07-13,753,753,753,753,48
2011-07-18,875,875,875,875,1060
2011-07-19,875,875,875,875,1000
2011-07-20,875,875,875,875,1568
2011-07-21,863,863,863,863,220
2011-07-22,850,850,850,850,400
2011-07-25,825,825,825,825,80
2011-07-26,838,838,838,838,120
2011-07-28,809,809,809,809,60
2011-07-29,838,838,838,838,380
2011-08-01,838,838,838,838,20
2011-08-02,838,838,838,838,24
2011-08-05,775,775,775,775,68
2011-08-10,718,718,718,718,252
2011-08-11,718,718,718,718,388
2011-08-12,719,719,719,719,1256
2011-08-17,751,751,751,751,1244
2011-08-19,800,800,800,800,160
2011-08-22,800,800,800,800,236
2011-08-23,850,850,850,850,1028
2011-08-25,800,800,800,800,1400
2011-08-26,850,850,850,850,1460
2011-08-29,864,864,864,864,400
2011-08-31,875,875,875,875,2100
2011-09-01,900,900,900,900,260
2011-09-02,900,900,900,900,1092
2011-09-05,938,938,938,938,1540
2011-09-06,950,950,950,950,60
2011-09-08,975,975,975,975,4244
2011-09-09,975,975,975,975,700
2011-09-13,975,975,975,975,3420
2011-09-14,975,975,975,975,156
2011-09-15,975,975,975,975,120
2011-09-16,903,903,903,903,500
2011-09-20,903,903,903,903,96
2011-09-21,903,903,903,903,136
2011-09-23,800,800,800,800,280
2011-09-27,915,915,915,915,252
2011-09-29,915,915,915,915,188
2011-10-04,915,915,915,915,316
2011-10-06,900,900,900,900,576
2011-10-10,875,875,875,875,80
2011-10-12,918,918,918,918,272
2011-10-14,950,950,950,950,168
2011-10-17,949,949,949,949,40
2011-10-19,950,950,950,950,772
2011-10-25,975,975,975,975,80
2011-10-26,975,975,975,975,240
2011-10-28,900,900,900,900,160
2011-11-02,798,798,798,798,1236
2011-11-03,850,850,850,850,160
2011-11-04,800,800,800,800,3400
2011-11-08,818,818,818,818,216
2011-11-09,818,818,818,818,132
2011-11-10,818,818,818,818,236
2011-11-11,800,800,800,800,672
2011-11-14,800,800,800,800,1028
2011-11-16,800,800,800,800,1904
2011-11-17,800,800,800,800,260
2011-11-18,800,800,800,800,2448
2011-11-21,800,800,800,800,900
2011-11-22,798,798,798,798,228
2011-11-23,750,750,750,750,1560
2011-11-24,750,750,750,750,1268
2011-11-25,800,800,800,800,144
2011-11-28,800,800,800,800,320
2011-11-29,750,750,750,750,800
2011-11-30,800,800,800,800,120
2011-12-01,763,763,763,763,796
2011-12-02,750,750,750,750,9680
2011-12-05,700,700,700,700,2568
2011-12-06,675,675,675,675,728
2011-12-07,675,675,675,675,7316
2011-12-08,675,675,675,675,1168
2011-12-09,675,675,675,675,692
2011-12-12,675,675,675,675,620
2011-12-13,675,675,675,675,1320
2011-12-14,675,675,675,675,1476
2011-12-15,675,675,675,675,10160
2011-12-16,675,675,675,675,1280
2011-12-19,675,675,675,675,800
2011-12-20,675,675,675,675,280
2011-12-21,675,675,675,675,4360
2011-12-22,675,675,675,675,1600
2011-12-23,675,675,675,675,228
2011-12-27,675,675,675,675,808
2011-12-28,675,675,675,675,8152
2011-12-29,675,675,675,675,2984
2012-01-03,675,675,675,675,1604
2012-01-04,675,675,675,675,1800
2012-01-05,675,675,675,675,2196
2012-01-06,675,675,675,675,560
2012-01-09,675,675,675,675,160
2012-01-10,663,663,663,663,160
2012-01-11,675,675,675,675,200
2012-01-12,675,675,675,675,336
2012-01-17,675,675,675,675,756
2012-01-19,663,663,663,663,140
2012-01-20,663,663,663,663,400
2012-01-25,675,675,675,675,1000
2012-01-26,663,663,663,663,160
2012-01-27,675,675,675,675,336
2012-01-30,675,675,675,675,280
2012-02-01,675,675,675,675,620
2012-02-02,663,663,663,663,396
2012-02-03,663,663,663,663,280
2012-02-07,663,663,663,663,80
2012-02-09,663,663,663,663,40
2012-02-14,663,663,663,663,8
2012-02-15,663,663,663,663,1052
2012-02-16,663,663,663,663,368
2012-02-17,663,663,663,663,152
2012-02-20,663,663,663,663,80
2012-02-21,663,663,663,663,1440
2012-02-22,625,625,625,625,220
2012-02-24,625,625,625,625,800
2012-02-27,633,633,633,633,672
2012-02-29,650,650,650,650,200
2012-03-01,663,663,663,663,940
2012-03-02,663,663,663,663,128
2012-03-05,651,651,651,651,800
2012-03-07,650,650,650,650,120
2012-03-08,663,663,663,663,120
2012-03-09,663,663,663,663,1244
2012-03-12,663,663,663,663,972
2012-03-13,663,663,663,663,380
2012-03-14,663,663,663,663,1044
2012-03-15,650,650,650,650,800
2012-03-16,650,650,650,650,96
2012-03-19,663,663,663,663,6116
2012-03-20,650,650,650,650,400
2012-03-21,650,650,650,650,600
2012-03-22,663,663,663,663,1696
2012-03-23,663,663,663,663,240
2012-03-26,663,663,663,663,4540
2012-03-27,663,663,663,663,1892
2012-03-28,675,675,675,675,72
2012-03-29,688,688,688,688,200
2012-04-02,700,700,700,700,60
2012-04-10,869,869,869,869,216
2012-04-11,869,869,869,869,5860
2012-04-12,870,870,870,870,800
2012-04-13,870,870,870,870,800
2012-04-16,871,871,871,871,640
2012-04-17,871,871,871,871,12
2012-04-20,850,850,850,850,360
2012-04-23,800,800,800,800,1800
2012-04-24,800,800,800,800,200
2012-04-26,775,775,775,775,264
2012-04-27,750,750,750,750,664
2012-04-30,775,775,775,775,800
2012-05-02,775,775,775,775,88
2012-05-03,775,775,775,775,80
2012-05-04,725,725,725,725,96
2012-05-07,675,675,675,675,148
2012-05-08,700,700,700,700,188
2012-05-09,700,700,700,700,16
2012-05-10,750,750,750,750,2160
2012-05-11,750,750,750,750,584
2012-05-14,750,750,750,750,80
2012-05-15,750,750,750,750,60
2012-05-16,750,750,750,750,96
2012-05-18,750,750,750,750,1256
2012-05-21,738,738,738,738,1800
2012-05-22,725,725,725,725,320
2012-05-23,725,725,725,725,456
2012-05-24,725,725,725,725,32
2012-05-25,725,725,725,725,92
2012-05-29,725,725,725,725,524
2012-05-30,725,725,725,725,176
2012-06-04,701,701,701,701,264
2012-06-05,701,701,701,701,216
2012-06-08,750,750,750,750,240
2012-06-11,700,700,700,700,304
2012-06-12,700,700,700,700,524
2012-06-13,700,700,700,700,272
2012-06-14,750,750,750,750,80
2012-06-15,750,750,750,750,2200
2012-06-18,694,694,694,694,600
2012-06-20,700,700,700,700,92
2012-06-21,750,750,750,750,5480
2012-06-22,750,750,750,750,7972
2012-06-25,750,750,750,750,6632
2012-06-26,750,750,750,750,5652
2012-06-27,750,750,750,750,9420
2012-06-28,775,775,775,775,152
2012-06-29,775,775,775,775,28
2012-07-02,800,800,800,800,4792
2012-07-03,860,860,860,860,480
2012-07-05,875,875,875,875,2120
2012-07-06,925,925,925,925,608
2012-07-09,975,975,975,975,848
2012-07-10,1000,1000,1000,1000,1104
2012-07-11,1075,1075,1075,1075,4188
2012-07-12,1155,1155,1155,1155,80
2012-07-13,1225,1225,1225,1225,6576
2012-07-16,1250,1250,1250,1250,6008
2012-07-17,1253,1253,1253,1253,12664
2012-07-18,1200,1200,1200,1200,756
2012-07-19,1120,1120,1120,1120,68
2012-07-20,1075,1075,1075,1075,56
2012-07-23,995,995,995,995,244
2012-07-24,995,995,995,995,4104
2012-07-25,995,995,995,995,220
2012-07-27,995,995,995,995,84
2012-07-30,995,995,995,995,12
2012-07-31,995,995,995,995,44
2012-08-01,995,995,995,995,656
2012-08-02,995,995,995,995,212
2012-08-03,995,995,995,995,272
2012-08-09,925,925,925,925,1880
2012-08-13,875,875,875,875,7448
2012-08-14,875,875,875,875,956
2012-08-16,826,826,826,826,292
2012-08-17,813,813,813,813,2100
2012-08-21,813,813,813,813,476
2012-08-22,815,815,815,815,80
2012-08-28,818,818,818,818,92
2012-09-03,800,800,800,800,6016
2012-09-04,825,825,825,825,120
2012-09-05,825,825,825,825,40
2012-09-07,826,826,826,826,160
2012-09-10,875,875,875,875,200
2012-09-11,900,900,900,900,88
2012-09-12,900,900,900,900,480
2012-09-14,901,901,901,901,2000
2012-09-18,950,950,950,950,1400
2012-09-19,975,975,975,975,80
2012-09-20,1000,1000,1000,1000,200
2012-09-21,1000,1000,1000,1000,372
2012-09-24,975,975,975,975,400
2012-09-25,975,975,975,975,456
2012-09-26,999,999,999,999,80
2012-09-27,988,988,988,988,200
2012-09-28,988,988,988,988,1112
2012-10-01,988,988,988,988,580
2012-10-02,988,988,988,988,968
2012-10-03,988,988,988,988,3032
2012-10-04,988,988,988,988,1220
2012-10-05,1060,1060,1060,1060,3312
2012-10-08,1050,1050,1050,1050,556
2012-10-10,975,975,975,975,3376
2012-10-11,1000,1000,1000,1000,1968
2012-10-12,1000,1000,1000,1000,828
2012-10-15,1000,1000,1000,1000,2000
2012-10-16,1000,1000,1000,1000,2048
2012-10-17,1075,1075,1075,1075,1700
2012-10-18,1155,1155,1155,1155,864
2012-10-19,1241,1241,1241,1241,348
2012-10-22,1334,1334,1334,1334,1460
2012-10-23,1434,1434,1434,1434,624
2012-10-24,1541,1541,1541,1541,3132
2012-10-25,1656,1656,1656,1656,500
2012-10-29,1655,1655,1655,1655,3216
2012-10-30,1540,1540,1540,1540,2924
2012-10-31,1425,1425,1425,1425,2776
2012-11-02,1425,1425,1425,1425,3536
2012-11-05,1475,1475,1475,1475,1280
2012-11-06,1474,1474,1474,1474,6032
2012-11-07,1473,1473,1473,1473,1612
2012-11-08,1425,1425,1425,1425,1032
2012-11-09,1425,1425,1425,1425,200
2012-11-12,1425,1425,1425,1425,160
2012-11-13,1425,1425,1425,1425,852
2012-11-14,1425,1425,1425,1425,600
2012-11-16,1531,1531,1531,1531,500
2012-11-19,1550,1550,1550,1550,144
2012-11-20,1500,1500,1500,1500,188
2012-11-21,1550,1550,1550,1550,700
2012-11-22,1435,1435,1435,1435,120
2012-11-23,1525,1525,1525,1525,1572
2012-11-26,1525,1525,1525,1525,788
2012-11-27,1525,1525,1525,1525,480
2012-11-29,1525,1525,1525,1525,1228
2012-12-03,1500,1500,1500,1500,840
2012-12-04,1500,1500,1500,1500,900
2012-12-05,1550,1550,1550,1550,92
2012-12-06,1500,1500,1500,1500,788
2012-12-07,1425,1425,1425,1425,408
2012-12-11,1425,1425,1425,1425,400
2012-12-12,1425,1425,1425,1425,508
2012-12-17,1425,1425,1425,1425,440
2012-12-18,1425,1425,1425,1425,1560
2012-12-19,1425,1425,1425,1425,128
2012-12-21,1425,1425,1425,1425,420
2012-12-24,1425,1425,1425,1425,100
2012-12-26,1525,1525,1525,1525,888
2012-12-27,1525,1525,1525,1525,856
2012-12-28,1525,1525,1525,1525,256
2012-12-31,1525,1525,1525,1525,4076
2013-01-02,1523,1523,1523,1523,176
2013-01-03,1520,1520,1520,1520,576
2013-01-04,1523,1523,1523,1523,380
2013-01-08,1513,1513,1513,1513,800
2013-01-09,1500,1500,1500,1500,444
2013-01-10,1500,1500,1500,1500,240
2013-01-11,1500,1500,1500,1500,208
2013-01-14,1500,1500,1500,1500,616
2013-01-15,1500,1500,1500,1500,144
2013-01-16,1500,1500,1500,1500,1044
2013-01-17,1500,1500,1500,1500,440
2013-01-18,1500,1500,1500,1500,760
2013-01-21,1500,1500,1500,1500,1228
2013-01-22,1500,1500,1500,1500,164
2013-01-23,1500,1500,1500,1500,80
2013-01-25,1499,1499,1499,1499,1788
2013-01-28,1499,1499,1499,1499,600
2013-01-29,1500,1500,1500,1500,3568
2013-01-30,1500,1500,1500,1500,1044
2013-02-04,1525,1525,1525,1525,260
2013-02-05,1525,1525,1525,1525,4860
2013-02-06,1538,1538,1538,1538,40
2013-02-07,1653,1653,1653,1653,240
2013-02-08,1776,1776,1776,1776,352
2013-02-11,1773,1773,1773,1773,1104
2013-02-12,1776,1776,1776,1776,80
2013-02-13,1800,1800,1800,1800,444
2013-02-14,1775,1775,1775,1775,912
2013-02-18,1750,1750,1750,1750,648
2013-02-19,1750,1750,1750,1750,432
2013-02-20,1750,1750,1750,1750,4
2013-02-21,1751,1751,1751,1751,164
2013-02-22,1800,1800,1800,1800,180
2013-02-25,1875,1875,1875,1875,500
2013-02-26,2000,2000,2000,2000,1204
2013-02-27,2150,2150,2150,2150,600
2013-02-28,2250,2250,2250,2250,260
2013-03-01,2248,2248,2248,2248,616
2013-03-04,2248,2248,2248,2248,232
2013-03-05,2250,2250,2250,2250,408
2013-03-06,2248,2248,2248,2248,76
2013-03-07,2223,2223,2223,2223,240
2013-03-08,2225,2225,2225,2225,4000
2013-03-11,2059,2059,2059,2059,472
2013-03-12,2059,2059,2059,2059,124
2013-03-13,1905,1905,1905,1905,4272
2013-03-14,1763,1763,1763,1763,3172
2013-03-15,1763,1763,1763,1763,384
2013-03-18,1874,1874,1874,1874,716
2013-03-19,1874,1874,1874,1874,688
2013-03-21,1850,1850,1850,1850,1772
2013-03-25,1850,1850,1850,1850,284
2013-03-26,1850,1850,1850,1850,1100
2013-03-27,1863,1863,1863,1863,540
2013-03-28,1875,1875,1875,1875,1680
2013-03-29,1775,1775,1775,1775,1660
2013-04-02,1908,1908,1908,1908,236
2013-04-03,1775,1775,1775,1775,3116
2013-04-04,1775,1775,1775,1775,316
2013-04-05,1775,1775,1775,1775,1644
2013-04-08,1825,1825,1825,1825,444
2013-04-09,1950,1950,1950,1950,1832
2013-04-10,1950,1950,1950,1950,1120
2013-04-11,1950,1950,1950,1950,892
2013-04-12,1950,1950,1950,1950,720
2013-04-15,1804,1804,1804,1804,600
2013-04-16,1875,1875,1875,1875,372
2013-04-17,1999,1999,1999,1999,324
2013-04-18,2000,2000,2000,2000,1980
2013-04-19,2000,2000,2000,2000,312
2013-04-22,2000,2000,2000,2000,288
2013-04-23,2000,2000,2000,2000,512
2013-04-24,2000,2000,2000,2000,328
2013-04-25,2000,2000,2000,2000,120
2013-04-26,2001,2001,2001,2001,440
2013-04-29,2000,2000,2000,2000,60
2013-04-30,1900,1900,1900,1900,680
2013-05-02,1900,1900,1900,1900,9440
2013-05-03,1764,1764,1764,1764,1032
2013-05-07,1700,1700,1700,1700,4284
2013-05-08,1700,1700,1700,1700,196
2013-05-10,1700,1700,1700,1700,4124
2013-05-13,1573,1573,1573,1573,7996
2013-05-14,1625,1625,1625,1625,8040
2013-05-15,1625,1625,1625,1625,3156
2013-05-17,1675,1675,1675,1675,6252
2013-05-21,1750,1750,1750,1750,5156
2013-05-22,1678,1678,1678,1678,280
2013-05-23,1750,1750,1750,1750,2376
2013-05-24,1750,1750,1750,1750,104
2013-05-28,1881,1881,1881,1881,32
2013-05-30,1881,1881,1881,1881,1724
2013-05-31,1875,1875,1875,1875,5656
2013-06-03,1825,1825,1825,1825,64
2013-06-04,1875,1875,1875,1875,1552
2013-06-05,1875,1875,1875,1875,3240
2013-06-06,2000,2000,2000,2000,68
2013-06-07,1875,1875,1875,1875,396
2013-06-10,2000,2000,2000,2000,300
2013-06-11,2000,2000,2000,2000,772
2013-06-12,2000,2000,2000,2000,152
2013-06-13,1875,1875,1875,1875,160
2013-06-14,1875,1875,1875,1875,100
2013-06-18,2000,2000,2000,2000,832
2013-06-19,2000,2000,2000,2000,248
2013-06-20,1876,1876,1876,1876,160
2013-06-21,1950,1950,1950,1950,100
2013-06-24,1950,1950,1950,1950,256
2013-06-25,1999,1999,1999,1999,488
2013-06-26,2000,2000,2000,2000,512
2013-06-27,2000,2000,2000,2000,2200
2013-06-28,1875,1875,1875,1875,400
2013-07-01,1875,1875,1875,1875,1040
2013-07-02,1875,1875,1875,1875,348
2013-07-03,1875,1875,1875,1875,228
2013-07-04,1875,1875,1875,1875,636
2013-07-05,1974,1974,1974,1974,92
2013-07-08,1905,1905,1905,1905,208
2013-07-10,1951,1951,1951,1951,3004
2013-07-11,1975,1975,1975,1975,252
2013-07-12,1975,1975,1975,1975,136
2013-07-15,1975,1975,1975,1975,456
2013-07-16,2000,2000,2000,2000,2584
2013-07-17,1999,1999,1999,1999,416
2013-07-18,1875,1875,1875,1875,208
2013-07-19,2000,2000,2000,2000,56
2013-07-23,2000,2000,2000,2000,396
2013-07-24,2150,2150,2150,2150,44
2013-07-25,2300,2300,2300,2300,172
2013-07-26,2128,2128,2128,2128,260
2013-07-29,2000,2000,2000,2000,260
2013-07-30,2000,2000,2000,2000,240
2013-07-31,2000,2000,2000,2000,200
2013-08-01,2124,2124,2124,2124,200
2013-08-02,2000,2000,2000,2000,400
2013-08-05,2125,2125,2125,2125,340
2013-08-06,2000,2000,2000,2000,520
2013-08-09,2000,2000,2000,2000,116
2013-08-12,2000,2000,2000,2000,68
2013-08-13,2000,2000,2000,2000,616
2013-08-14,1875,1875,1875,1875,220
2013-08-16,1875,1875,1875,1875,1116
2013-08-19,1875,1875,1875,1875,2048
2013-08-20,1875,1875,1875,1875,3088
2013-08-21,1875,1875,1875,1875,312
2013-08-22,1863,1863,1863,1863,80
2013-08-23,1863,1863,1863,1863,80
2013-08-26,1863,1863,1863,1863,68
2013-08-27,1863,1863,1863,1863,280
2013-08-28,1863,1863,1863,1863,192
2013-08-29,1863,1863,1863,1863,164
2013-09-02,1863,1863,1863,1863,296
2013-09-03,1750,1750,1750,1750,80
2013-09-04,1750,1750,1750,1750,100
2013-09-06,1750,1750,1750,1750,348
2013-09-09,1750,1750,1750,1750,320
2013-09-10,1750,1750,1750,1750,912
2013-09-11,1750,1750,1750,1750,412
2013-09-13,1750,1750,1750,1750,60
2013-09-16,1881,1881,1874,1874,68
2013-09-17,1850,1875,1850,1850,2420
2013-09-18,1875,1875,1750,1750,760
2013-09-19,1775,1875,1750,1750,580
2013-09-20,1750,1750,1750,1750,28
2013-09-23,1875,1875,1750,1750,64
2013-09-24,1750,1750,1749,1749,160
2013-09-25,1750,1750,1750,1750,96
2013-09-26,1750,1750,1750,1750,8
2013-09-27,1750,1750,1750,1750,56
2013-09-30,1750,1750,1735,1750,164
2013-10-01,1725,1725,1619,1619,52
2013-10-02,1513,1740,1513,1740,2944
2013-10-03,1750,1750,1630,1750,868
2013-10-04,1725,1725,1700,1700,388
2013-10-07,1750,1750,1700,1700,160
2013-10-08,1700,1700,1700,1700,20
2013-10-09,1700,1700,1700,1700,88
2013-10-10,1700,1700,1675,1700,556
2013-10-11,1828,1828,1700,1828,2400
2013-10-14,1828,1828,1700,1700,1080
2013-10-16,1700,1700,1700,1700,60
2013-10-17,1828,1828,1828,1828,2000
2013-10-18,1750,1750,1704,1704,840
2013-10-21,1750,1825,1714,1825,408
2013-10-24,1753,1863,1753,1863,264
2013-10-25,1825,1825,1825,1825,168
2013-10-28,1825,1950,1760,1875,6008
2013-10-29,1950,1950,1850,1950,6880
2013-10-30,1948,1948,1850,1850,1148
2013-10-31,1950,1950,1850,1938,856
2013-11-04,2000,2000,1825,1825,240
2013-11-05,1875,1948,1875,1948,344
2013-11-06,1925,1925,1925,1925,44
2013-11-07,1900,1900,1900,1900,100
2013-11-08,1899,1899,1899,1899,44
2013-11-11,1875,1875,1825,1825,184
2013-11-12,1825,1825,1825,1825,304
2013-11-13,1850,1850,1825,1828,1536
2013-11-14,1826,1826,1826,1826,172
2013-11-18,1923,1923,1826,1826,252
2013-11-19,1851,1923,1850,1923,84
2013-11-20,1923,1923,1876,1900,860
2013-11-21,1925,1938,1850,1850,732
2013-11-22,1945,1945,1945,1945,100
2013-11-25,1945,1945,1826,1826,580
2013-11-26,1826,1875,1826,1875,140
2013-11-27,1914,1914,1914,1914,380
2013-11-28,1875,1943,1875,1938,80
2013-11-29,1935,1935,1935,1935,1360
2013-12-02,1938,1938,1900,1900,300
2013-12-03,1935,1938,1900,1938,196
2013-12-05,1944,1944,1938,1938,752
2013-12-06,1938,1938,1938,1938,516
2013-12-09,1948,1948,1900,1900,1044
2013-12-10,1900,1938,1900,1938,124
2013-12-11,1900,1900,1900,1900,424
2013-12-12,1900,1925,1900,1925,252
2013-12-13,1925,1925,1925,1925,988
2013-12-17,1925,1925,1925,1925,3416
2013-12-18,1926,1926,1926,1926,40
2013-12-19,1938,1950,1938,1950,464
2013-12-20,1928,1928,1928,1928,40
2013-12-23,1928,1928,1928,1928,200
2013-12-26,1938,1938,1938,1938,16
2013-12-27,1950,1950,1925,1925,476
2013-12-30,1925,1925,1925,1925,5116
2013-12-31,1925,1925,1925,1925,20
2014-01-02,1900,1925,1900,1925,208
2014-01-03,1900,1924,1900,1924,120
2014-01-07,1895,1895,1895,1895,468
2014-01-08,1889,1900,1889,1899,120
2014-01-09,1900,1900,1888,1900,32
2014-01-10,1900,1900,1900,1900,80
2014-01-14,1925,1925,1925,1925,88
2014-01-15,1925,1925,1900,1900,2340
2014-01-16,1925,1925,1925,1925,1880
2014-01-17,1975,2000,1975,2000,576
2014-01-20,2000,2000,2000,2000,316
2014-01-21,2125,2125,2000,2125,48
2014-01-22,2038,2250,2038,2250,228
2014-01-23,2250,2325,2250,2325,420
2014-01-24,2325,2325,2313,2325,460
2014-01-27,2326,2375,2325,2375,900
2014-01-28,2353,2425,2353,2425,140
2014-01-29,2376,2550,2376,2499,1720
2014-01-30,2425,2550,2425,2550,1192
2014-01-31,2550,2550,2500,2500,1004
2014-02-03,2550,2625,2550,2625,700
2014-02-04,2575,2575,2549,2549,1052
2014-02-05,2549,2551,2505,2505,276
2014-02-06,2550,2550,2550,2550,624
2014-02-07,2500,2550,2500,2550,4276
2014-02-10,2624,2624,2550,2624,284
2014-02-11,2675,2675,2613,2613,492
2014-02-12,2625,2625,2625,2625,444
2014-02-13,2675,2675,2625,2675,5156
2014-02-14,2675,2875,2650,2875,3624
2014-02-17,3000,3090,3000,3090,1620
2014-02-18,3321,3321,3155,3321,2400
2014-02-19,3300,3570,3275,3300,3900
2014-02-20,3375,3499,3350,3499,2324
2014-02-21,3488,3488,3248,3248,928
2014-02-24,3238,3238,3238,3238,344
2014-02-25,3225,3225,2995,3225,800
2014-02-26,3150,3150,3149,3150,72
2014-02-27,2999,3000,2914,3000,2088
2014-02-28,3000,3000,2975,2975,148
2014-03-03,2875,2875,2875,2875,44
2014-03-04,2875,2875,2775,2875,440
2014-03-05,2750,2750,2750,2750,680
2014-03-06,2751,2875,2751,2875,9720
2014-03-07,2750,2750,2750,2750,1980
2014-03-10,2875,2875,2775,2875,336
2014-03-11,2875,2875,2875,2875,164
2014-03-12,2975,2975,2975,2975,148
2014-03-13,2975,2975,2975,2975,228
2014-03-17,3034,3188,3034,3125,2096
2014-03-18,3125,3128,3050,3125,392
2014-03-19,3125,3300,3125,3300,3312
2014-03-20,3250,3250,3250,3250,40
2014-03-21,3249,3300,3249,3300,2144
2014-03-25,3275,3275,3250,3250,1464
2014-03-26,3028,3125,3028,3124,144
2014-03-27,3124,3124,3124,3124,176
2014-03-28,3125,3125,3124,3125,280
2014-03-31,3250,3250,3125,3125,628
2014-04-01,3125,3125,3125,3125,480
2014-04-02,3125,3125,3125,3125,2104
2014-04-03,3125,3125,3124,3124,180
2014-04-04,3026,3026,3026,3026,160
2014-04-07,3026,3026,3000,3000,632
2014-04-08,3000,3000,2975,2975,60
2014-04-09,3000,3000,2975,2975,520
2014-04-10,2875,2875,2875,2875,80
2014-04-11,2875,2875,2750,2775,684
2014-04-14,2750,2750,2750,2750,256
2014-04-15,2750,2750,2750,2750,480
2014-04-16,2625,2750,2625,2625,308
2014-04-17,2750,2750,2738,2738,152
2014-04-18,2738,2738,2533,2533,336
2014-04-22,2720,2720,2719,2719,516
2014-04-23,2625,2625,2613,2613,412
2014-04-24,2625,2750,2613,2750,5064
2014-04-25,2751,2751,2751,2751,396
2014-04-28,2750,2750,2575,2575,5980
2014-04-29,2575,2625,2575,2625,68
2014-04-30,2600,2613,2576,2613,280
2014-05-02,2613,2613,2613,2613,36
2014-05-05,2501,2575,2500,2575,752
2014-05-06,2500,2500,2500,2500,1268
2014-05-07,2500,2500,2500,2500,276
2014-05-08,2500,2500,2500,2500,676
2014-05-09,2501,2501,2500,2500,112
2014-05-12,2688,2688,2688,2688,208
2014-05-13,2688,2688,2650,2650,148
2014-05-14,2650,2650,2500,2500,204
2014-05-15,2500,2688,2500,2500,4168
2014-05-16,2625,2675,2625,2675,456
2014-05-19,2750,2750,2750,2750,2628
2014-05-20,2750,2751,2750,2750,132
2014-05-21,2750,2750,2750,2750,4248
2014-05-22,2750,2750,2750,2750,416
2014-05-23,2750,2750,2750,2750,3344
2014-05-26,2956,2956,2956,2956,40
2014-05-27,2955,2956,2955,2956,1032
2014-05-28,2956,2956,2956,2956,356
2014-05-30,2956,2956,2950,2956,1304
2014-06-02,2958,3178,2958,3178,452
2014-06-03,3375,3415,3375,3415,3344
2014-06-04,3645,3670,3275,3670,7808
2014-06-05,3500,3945,3419,3945,13196
2014-06-06,4240,4240,3950,4240,7540
2014-06-10,4240,4558,4240,4500,3428
2014-06-11,4499,4500,4475,4500,1672
2014-06-12,4475,4475,4425,4448,680
2014-06-13,4425,4450,4250,4375,1864
2014-06-16,4374,4500,4063,4063,6704
2014-06-17,4125,4125,4000,4125,20360
2014-06-18,3945,4063,3945,4063,180
2014-06-19,4063,4250,4063,4063,440
2014-06-20,4125,4219,4063,4125,480
2014-06-23,4025,4025,4025,4025,20
2014-06-24,4125,4125,4050,4050,144
2014-06-25,4121,4125,4050,4050,456
2014-06-26,4050,4100,4050,4050,992
2014-06-27,4025,4100,4025,4075,3052
2014-07-01,4125,4125,4124,4124,356
2014-07-02,4123,4124,4123,4124,164
2014-07-03,4123,4125,4100,4125,3332
2014-07-04,4123,4123,4051,4051,300
2014-07-07,4063,4120,4063,4120,1544
2014-07-08,4063,4063,4050,4050,208
2014-07-09,4050,4050,4048,4050,240
2014-07-10,4000,4000,3970,4000,1776
2014-07-11,3975,4124,3975,4124,20844
2014-07-14,4123,4125,4123,4125,7864
2014-07-15,4125,4125,4050,4125,1844
2014-07-16,4250,4325,4250,4325,408
2014-07-17,4325,4500,4275,4275,272
2014-07-18,4500,4500,4500,4500,80
2014-07-21,4375,4600,4325,4325,7152
2014-07-22,4300,4300,4138,4138,560
2014-07-23,4150,4150,4125,4125,2012
2014-07-25,4125,4125,4125,4125,248
2014-07-29,4125,4125,4001,4125,20860
2014-07-30,4125,4125,4100,4125,744
2014-07-31,4100,4123,4075,4120,4136
2014-08-01,4075,4429,4000,4125,9856
2014-08-04,4125,4125,4100,4100,96
2014-08-05,4123,4123,4123,4123,160
2014-08-06,4100,4100,4100,4100,624
2014-08-08,4100,4125,4075,4075,1436
2014-08-11,4075,4075,3975,4075,844
2014-08-12,4088,4113,4088,4088,3140
2014-08-13,4123,4123,4075,4123,2044
2014-08-14,4125,4125,4075,4123,856
2014-08-18,4100,4123,4088,4088,8756
2014-08-19,4088,4250,4088,4088,9508
2014-08-20,4075,4088,4075,4088,412
2014-08-21,4088,4088,3788,3788,2596
2014-08-22,4063,4063,4063,4063,256
2014-08-25,4088,4088,3775,4075,8576
2014-08-26,4076,4375,4075,4375,15868
2014-08-27,4125,4375,4048,4375,11748
2014-08-28,4363,4375,4275,4375,80
2014-08-29,4375,4375,4048,4050,1528
2014-09-01,4350,4350,4275,4275,252
2014-09-02,4275,4275,4150,4150,6400
2014-09-03,4150,4250,3839,4250,17140
2014-09-04,4238,4238,4238,4238,44
2014-09-05,4224,4250,4200,4250,10940
2014-09-08,4250,4250,3950,4249,15044
2014-09-09,4248,4249,4248,4249,64
2014-09-10,4249,4249,4225,4249,856
2014-09-11,4249,4525,4249,4525,7756
2014-09-12,4575,4575,4575,4575,48
2014-09-15,4575,4775,4575,4775,2092
2014-09-16,5000,5000,4800,5000,164
2014-09-17,4999,5096,4999,5096,332
2014-09-18,5098,5478,5096,5478,4180
2014-09-19,5500,5625,5500,5625,9712
2014-09-22,5750,5750,5625,5625,8752
2014-09-23,5625,5748,5625,5748,352
2014-09-24,5625,5625,5500,5500,1460
2014-09-25,5500,5500,5100,5250,7012
2014-09-26,5250,5250,5250,5250,308
2014-09-29,5250,5500,4925,5500,14844
2014-09-30,5499,5499,5496,5498,252
2014-10-01,5375,5474,5146,5474,17008
2014-10-02,5473,5475,5473,5475,1804
2014-10-03,5475,5875,5475,5875,8648
2014-10-06,5500,5500,5500,5500,40
2014-10-07,5474,5475,5251,5475,340
2014-10-08,5475,5476,5475,5475,172
2014-10-09,5475,5475,5375,5450,428
2014-10-10,5375,5859,5041,5859,20148
2014-10-13,5743,5743,5743,5743,120
2014-10-14,5499,5499,5450,5450,48
2014-10-15,5450,5450,5250,5250,8432
2014-10-16,5250,5250,4903,4916,5268
2014-10-17,5004,5284,5003,5284,824
2014-10-20,5388,5389,5250,5250,204
2014-10-22,5248,5250,5248,5250,4080
2014-10-23,5244,5244,4918,4918,260
2014-10-24,5125,5125,4918,4918,20108
2014-10-27,4820,4820,4820,4820,48
2014-10-28,4820,4850,4459,4850,7588
2014-10-29,4946,5214,4946,5125,16132
2014-10-30,5000,5000,5000,5000,800
2014-10-31,5000,5000,4988,4988,300
2014-11-03,4988,5000,4750,4775,384
2014-11-04,4775,5000,4775,5000,544
2014-11-05,5000,5000,5000,5000,36
2014-11-06,5000,5000,5000,5000,60
2014-11-10,5000,5000,5000,5000,72
2014-11-11,5248,5248,5000,5000,96
2014-11-12,5000,5248,4904,5248,11452
2014-11-13,5245,5375,5245,5375,2012
2014-11-14,5375,5525,5375,5500,8196
2014-11-17,5500,5525,5500,5500,340
2014-11-18,5496,5496,5375,5375,532
2014-11-19,5358,5358,5358,5358,404
2014-11-20,5358,5375,5358,5375,252
2014-11-21,5370,5500,4973,5500,11860
2014-11-24,5500,5875,5500,5500,3240
2014-11-25,5500,5913,5500,5850,8248
2014-11-26,5850,6289,5850,6250,1960
2014-11-27,6125,6224,6125,6224,68
2014-11-28,6125,6125,6123,6123,248
2014-12-01,5664,5664,5664,5664,228
2014-12-02,5665,5875,5240,5664,7736
2014-12-03,5639,6088,5639,6088,3816
2014-12-04,5875,6088,5868,6088,2616
2014-12-05,6000,6000,5750,5750,6144
2014-12-08,5724,5724,5724,5724,4428
2014-12-09,5750,5750,5724,5724,12
2014-12-10,5724,6000,5723,6000,8140
2014-12-11,6000,6123,5875,5875,1568
2014-12-12,5875,5875,5875,5875,4432
2014-12-15,5875,5993,5875,5993,336
2014-12-16,5993,5993,5993,5993,400
2014-12-17,5925,5925,5925,5925,396
2014-12-18,6100,6121,6100,6121,600
2014-12-19,6000,6000,6000,6000,148
2014-12-22,6000,6450,5875,6000,3072
2014-12-23,6025,6450,5881,6450,2772
2014-12-24,6250,6934,6250,6934,1328
2014-12-26,6414,7000,6414,7000,10264
2014-12-29,6875,7450,6750,7450,4272
2014-12-30,6935,7375,6935,7375,108
2014-12-31,7375,7450,7375,7375,1316
2015-01-02,7425,7425,7375,7375,116
2015-01-05,7375,7450,7374,7425,10724
2015-01-06,7425,7425,7400,7425,652
2015-01-07,7250,7375,7250,7375,552
2015-01-08,7250,7250,6823,6823,1104
2015-01-09,6750,6750,6311,6750,708
2015-01-12,6250,6250,6244,6250,468
2015-01-13,6250,6250,6250,6250,336
2015-01-14,6250,6719,5781,6719,8936
2015-01-15,7223,7223,7223,7223,880
2015-01-16,7425,7764,7000,7500,5652
2015-01-19,7875,8063,7719,8063,2400
2015-01-20,8063,8063,7501,8000,380
2015-01-21,7500,7500,7400,7500,648
2015-01-22,6953,8063,6953,7500,1472
2015-01-23,7500,8049,7500,8049,892
2015-01-26,7500,8125,7446,7501,17284
2015-01-27,7751,7751,7751,7751,40
2015-01-28,7751,8333,7751,8333,1820
2015-01-29,8375,8375,8000,8001,668
2015-01-30,8003,8601,8003,8601,680
2015-02-02,8650,8650,8599,8600,600
2015-02-03,8500,8750,8500,8749,4132
2015-02-04,8500,8750,8475,8750,2672
2015-02-05,8749,8749,8625,8625,96
2015-02-06,8748,9125,8625,9125,4460
2015-02-10,9250,9250,8750,9250,1108
2015-02-11,9065,9065,8750,8890,508
2015-02-12,8750,9556,8750,9556,3904
2015-02-13,9750,9750,9569,9750,120
2015-02-16,9250,10000,9250,9748,1272
2015-02-17,9250,9250,9019,9250,244
2015-02-18,9225,9225,8750,8750,2000
2015-02-19,8750,9125,8625,9125,1216
2015-02-20,9000,9000,8476,8999,508
2015-02-23,8950,8950,8750,8750,36
2015-02-24,8738,8750,8375,8750,704
2015-02-25,8748,8749,8748,8749,264
2015-02-26,8748,8748,8575,8748,128
2015-02-27,8725,8725,8375,8375,464
2015-03-02,8250,8750,8250,8250,4632
2015-03-03,8250,8750,8000,8250,7596
2015-03-04,8250,8250,8225,8248,864
2015-03-05,8126,8250,8125,8125,4388
2015-03-06,8125,8125,8125,8125,4376
2015-03-09,8124,8125,7750,8125,2516
2015-03-10,7751,8125,7750,7750,876
2015-03-11,7750,7751,7250,7250,2900
2015-03-12,7250,7375,7125,7125,1548
2015-03-13,7125,7125,7000,7000,724
2015-03-16,7000,7250,7000,7250,4504
2015-03-17,7250,7250,7000,7250,4504
2015-03-18,7250,7250,7125,7250,25064
2015-03-19,7250,7794,7001,7794,912
2015-03-20,8248,8250,7275,7500,2652
2015-03-23,7500,8063,7288,8063,1300
2015-03-24,8249,8250,7751,8250,1460
2015-03-25,8750,8750,8750,8750,936
2015-03-26,8750,9250,8750,9250,1740
2015-03-27,9249,9625,9249,9250,1644
2015-03-30,9250,9749,9000,9749,4692
2015-03-31,9575,9575,9499,9499,48
2015-04-01,9500,9500,9250,9475,772
2015-04-02,9251,9375,9225,9225,284
2015-04-03,8750,8750,8575,8750,1196
2015-04-07,8500,8500,8499,8500,148
2015-04-08,8250,8250,8249,8250,2604
2015-04-09,8249,8249,7631,7738,268
2015-04-10,7633,7633,7499,7500,916
2015-04-13,7500,7500,7500,7500,3756
2015-04-14,7500,7500,7375,7500,968
2015-04-15,7500,7500,7375,7500,7132
2015-04-16,7500,7500,7250,7500,1980
2015-04-17,7350,7375,7250,7350,1952
2015-04-20,7349,7349,7250,7250,184
2015-04-21,7250,7250,7025,7230,1832
2015-04-22,7250,7250,7125,7125,328
2015-04-23,7126,7250,7125,7235,528
2015-04-24,6693,6693,6693,6693,732
2015-04-27,7125,7125,6750,7100,456
2015-04-28,6875,7100,6875,7100,136
2015-04-29,7100,7125,7000,7100,1956
2015-04-30,7000,7000,7000,7000,508
2015-05-04,7000,7000,7000,7000,6160
2015-05-05,6875,7125,6875,7125,2108
2015-05-06,7000,7243,7000,7125,7040
2015-05-07,7000,7125,7000,7125,2076
2015-05-08,7125,7125,7100,7125,660
2015-05-11,7125,7125,7025,7125,1056
2015-05-12,7000,7000,7000,7000,264
2015-05-13,7000,7000,7000,7000,2464
2015-05-15,7000,7113,7000,7113,4012
2015-05-18,7113,7113,7110,7113,468
2015-05-19,7113,7138,7113,7113,19940
2015-05-20,7125,7125,7113,7125,624
2015-05-21,7000,7003,7000,7003,1640
2015-05-22,7124,7125,7001,7113,472
2015-05-26,7075,7113,7000,7113,1336
2015-05-27,7100,7125,7100,7125,25920
2015-05-28,7004,7125,6750,6750,448
2015-05-29,7000,7000,6875,6999,8436
2015-06-01,6875,7125,6875,7125,8092
2015-06-02,7125,7125,6875,7000,2280
2015-06-03,7025,7125,6625,6750,1732
2015-06-04,6750,6750,6500,6500,3728
2015-06-05,6625,6625,6500,6624,240
2015-06-08,6550,6625,6491,6493,53480
2015-06-09,6500,6500,6375,6500,464
2015-06-10,6499,6500,6499,6500,3104
2015-06-11,6500,6500,6500,6500,920
2015-06-12,6375,6500,6375,6500,2428
2015-06-15,6625,6625,6625,6625,1224
2015-06-16,6625,6625,6575,6575,1528
2015-06-17,6575,6575,6250,6250,4168
2015-06-18,6275,6275,5875,5875,3568
2015-06-19,5750,6315,5750,6315,300228
2015-06-22,6500,6613,6499,6600,4592
2015-06-23,6613,6625,6500,6625,1544
2015-06-24,7000,7121,7000,7000,2852
2015-06-25,7100,7125,6875,7125,15156
2015-06-26,7125,7250,7000,7000,2968
2015-06-29,7125,7224,7124,7124,9088
2015-06-30,7250,7375,7250,7375,1988
2015-07-01,7500,7500,7375,7388,1848
2015-07-02,7464,7500,7438,7499,1668
2015-07-03,7499,7499,7438,7488,372
2015-07-06,7388,7388,7350,7363,612
2015-07-07,7375,7500,7275,7375,157312
2015-07-08,7375,7928,7375,7928,144
2015-07-09,7928,7928,7375,7375,1384
2015-07-10,7276,7501,7276,7501,1832
2015-07-13,7500,7500,7375,7375,468
2015-07-15,7363,7500,7250,7375,1288
2015-07-16,7375,7375,7375,7375,948
2015-07-20,7375,7375,7350,7350,148
2015-07-21,7350,7350,7175,7250,3576
2015-07-22,7253,7253,6750,7000,48160
2015-07-23,7125,7125,7000,7125,464
2015-07-24,7000,7125,7000,7125,1872
2015-07-27,7250,7250,6625,7125,1076
2015-07-28,7125,7375,7125,7250,1656
2015-07-29,7250,7500,7125,7125,8348
2015-07-30,7500,7500,7475,7499,480
2015-07-31,7500,7525,7475,7500,1432
2015-08-03,7500,7525,7500,7500,1040
2015-08-04,7875,8063,7750,7875,1472
2015-08-05,7775,7875,7775,7874,652
2015-08-06,7750,7750,7625,7750,1852
2015-08-10,7750,7875,7750,7875,720
2015-08-11,7875,7875,7500,7850,2056
2015-08-12,7850,8000,7500,7500,3224
2015-08-13,7750,7875,7500,7625,2236
2015-08-14,7500,7600,7500,7500,472
2015-08-17,7500,7625,7000,7500,24132
2015-08-18,7875,7875,7000,7500,6372
2015-08-19,8000,8000,7500,7500,1080
2015-08-20,7750,7750,7350,7500,4492
2015-08-21,7500,7500,7500,7500,276
2015-08-24,7500,7625,7500,7625,988
2015-08-25,7650,7750,7500,7500,952
2015-08-26,7500,7501,7500,7500,312
2015-08-27,7375,7375,6975,6975,8948
2015-08-28,7250,7375,7000,7000,12048
2015-08-31,7025,7025,6875,6875,3888
2015-09-01,6375,7250,6375,7250,24348
2015-09-02,7496,7500,7488,7500,14208
2015-09-03,7500,7500,7000,7000,2748
2015-09-04,7000,7000,6501,6501,2024
2015-09-07,6550,6989,6550,6989,412
2015-09-08,6999,7499,6751,7495,2332
2015-09-09,7496,7496,7495,7495,48
2015-09-10,7250,7250,7250,7250,108
2015-09-11,7263,7263,7001,7001,600
2015-09-14,6875,7375,6750,6875,28056
2015-09-15,6875,7000,6875,6875,1036
2015-09-16,6875,7000,6875,6900,508
2015-09-17,7000,7039,7000,7039,8108
2015-09-18,7110,7110,6513,6513,34000
2015-09-21,6625,6625,6501,6515,23372
2015-09-22,6653,7000,6516,6625,17888
2015-09-23,6628,7121,6628,7113,332
2015-09-25,7125,7125,6751,7000,2152
2015-09-28,6999,6999,6751,6875,224
2015-09-29,6999,7000,6750,6750,13092
2015-09-30,6775,7000,6629,6871,17696
2015-10-01,6900,6905,6875,6888,6148
2015-10-02,7000,7000,6951,7000,29448
2015-10-05,7025,7025,6951,7000,5352
2015-10-06,7250,7250,7000,7250,1928
2015-10-07,7125,7249,7125,7249,9748
2015-10-08,7250,7250,6763,6763,36628
2015-10-09,7000,7000,6850,7000,5480
2015-10-12,7250,7250,7000,7000,40124
2015-10-13,7125,7125,7075,7125,536
2015-10-14,7250,7500,7000,7500,11816
2015-10-15,7276,7276,7250,7276,5160
2015-10-16,7275,7275,7133,7133,41552
2015-10-19,7250,7500,7249,7500,8056
2015-10-20,7500,7500,7425,7425,40220
2015-10-21,7425,7975,7425,7974,13460
2015-10-22,7625,7925,7625,7625,1844
2015-10-23,7626,7750,7501,7750,852
2015-10-26,7628,7875,7624,7875,204
2015-10-27,7925,7925,7628,7875,812
2015-10-28,7875,7875,7750,7775,5136
2015-10-29,7750,7875,7500,7500,3984
2015-10-30,7525,7625,7500,7500,48
2015-11-02,7750,7750,7500,7500,1420
2015-11-03,7500,7625,7000,7000,52916
2015-11-04,7001,7126,6505,6505,157448
2015-11-05,6993,6993,6993,6993,400
2015-11-06,7500,7500,7500,7500,2616
2015-11-09,7550,7550,7500,7500,1788
2015-11-10,7500,7500,7251,7275,148568
2015-11-11,7275,7496,7175,7375,120724
2015-11-12,7498,7875,7026,7500,155552
2015-11-13,7275,7625,7050,7625,22260
2015-11-16,7500,7500,7251,7500,19520
2015-11-17,7475,7475,7453,7475,40680
2015-11-18,7150,7400,7150,7250,756
2015-11-19,7375,7621,7151,7621,22740
2015-11-20,7475,7475,7275,7475,652
2015-11-23,7475,7475,7375,7425,28312
2015-11-24,7325,7450,7113,7450,50568
2015-11-25,7450,7450,7375,7450,468
2015-11-26,7375,7450,7250,7450,8728
2015-11-27,7438,7438,7188,7425,40320
2015-11-30,7438,7438,7300,7438,196
2015-12-01,7425,7425,7425,7425,268
2015-12-02,7350,7425,7250,7375,3520
2015-12-03,7424,7424,7375,7400,400
2015-12-04,7400,7425,7375,7425,520
2015-12-07,7425,7450,7425,7450,800
2015-12-08,7450,7450,7375,7375,1000
2015-12-09,7350,7450,7350,7450,508
2015-12-10,7388,7473,7250,7250,2900
2015-12-11,7250,7250,7138,7250,684
2015-12-14,7250,7250,7138,7138,1356
2015-12-15,7249,7250,7025,7025,520
2015-12-16,7025,7138,6750,6753,1700
2015-12-17,6999,6999,6875,6875,1080
2015-12-18,6875,6875,6875,6875,8
2015-12-21,6875,7125,6875,7125,6560
2015-12-22,7000,7500,7000,7500,7872
2015-12-29,7350,8000,7125,8000,8868
2015-12-30,7600,7600,7400,7500,12072
2015-12-31,7499,7499,7499,7499,60
2016-01-04,7499,7500,7475,7500,4604
2016-01-05,7625,7625,7375,7376,224
2016-01-06,7400,7400,7140,7250,964
2016-01-07,7150,7275,7138,7250,300
2016-01-08,7250,7250,7250,7250,12
2016-01-11,7138,7250,7026,7026,440
2016-01-12,7250,7250,7249,7249,76
2016-01-13,7249,7249,7029,7029,44
2016-01-14,7124,7500,7124,7500,4856
2016-01-15,7375,7500,7375,7500,1020
2016-01-18,7500,7500,7126,7250,684
2016-01-19,7250,7251,7150,7150,816
2016-01-20,7375,7500,7250,7500,10112
2016-01-21,7500,7500,7500,7500,40
2016-01-22,7425,7500,7425,7500,4060
2016-01-25,7500,7500,7413,7500,4436
2016-01-26,7500,7501,7451,7451,1876
2016-01-27,7500,7600,7450,7600,115184
2016-01-28,7600,7751,7600,7751,115548
2016-01-29,7750,7750,7625,7625,268
2016-02-01,7501,7501,7500,7500,280
2016-02-02,7501,7875,7501,7875,6964
2016-02-03,7503,7999,7501,7999,2488
2016-02-05,7850,7850,7500,7750,4936
2016-02-08,7750,7750,7256,7258,6988
2016-02-09,7500,7801,7375,7801,1684
2016-02-10,7874,7874,7874,7874,100
2016-02-11,7874,7874,7748,7748,128
2016-02-12,7625,7750,7625,7750,784
2016-02-15,7750,7873,7750,7750,8408
2016-02-16,7750,7875,7750,7753,7784
2016-02-17,7755,7755,7526,7750,5848
2016-02-18,7750,7988,7508,7988,5008
2016-02-19,7875,7875,7501,7750,6200
2016-02-22,7750,7750,7625,7750,276
2016-02-23,7750,7870,7750,7870,8352
2016-02-24,7870,7870,7500,7500,3852
2016-02-25,7500,7500,7500,7500,256
2016-02-26,7750,7750,7506,7508,588
2016-02-29,7625,7750,7500,7500,3652
2016-03-01,7525,7750,7500,7501,496
2016-03-02,7503,7503,7503,7503,120
2016-03-03,7624,7750,7525,7750,2200
2016-03-04,7750,7750,7500,7500,5580
2016-03-07,7513,7625,7513,7625,260
2016-03-08,7625,7625,7625,7625,556
2016-03-09,7625,7749,7625,7625,796
2016-03-10,7749,7749,7625,7625,960
2016-03-11,7513,7625,7500,7500,1532
2016-03-14,7463,7871,7463,7625,21428
2016-03-15,7500,7625,7500,7500,3300
2016-03-16,7500,7501,7500,7501,160
2016-03-17,7503,7625,7503,7625,60
2016-03-18,7625,7870,7624,7870,376
2016-03-21,7871,7871,7750,7750,44
2016-03-22,7750,7750,7650,7650,160
2016-03-23,7650,7651,7375,7375,22928
2016-03-24,7400,7400,7400,7400,20
2016-03-25,7450,7450,7400,7400,120
2016-03-29,7500,7500,7425,7500,464
2016-03-30,7500,7525,7500,7500,3716
2016-03-31,7500,7750,7500,7725,484
2016-04-01,7750,7750,7400,7400,988
2016-04-04,7400,7500,7400,7500,2088
2016-04-05,7503,7526,7500,7525,160
2016-04-06,7625,7750,7400,7400,1712
2016-04-07,7500,7625,7500,7500,2736
2016-04-08,7500,7501,7425,7425,560
2016-04-11,7475,7850,6875,7850,448544
2016-04-12,7850,7850,7750,7750,80
2016-04-13,7750,8249,7621,8249,7036
2016-04-14,8225,8225,7750,7875,392
2016-04-15,8000,8000,8000,8000,44
2016-04-18,8000,8000,7875,7999,1032
2016-04-19,7775,7775,7500,7750,147288
2016-04-20,7749,7749,7374,7625,22260
2016-04-21,7624,7624,7600,7600,276
2016-04-22,7500,7561,7375,7561,13180
2016-04-25,7500,7625,7450,7500,10768
2016-04-26,7374,7625,7374,7625,5020
2016-04-28,7500,7500,7375,7375,412
2016-04-29,7363,7450,7279,7450,1292
2016-05-03,7463,7475,7000,7000,800
2016-05-04,7000,7375,7000,7374,252
2016-05-06,7250,7250,7200,7250,3944
2016-05-09,7125,7500,7125,7250,5936
2016-05-10,7253,7253,7250,7250,448
2016-05-11,7250,7250,7150,7150,428
2016-05-12,7248,7248,7128,7128,140
2016-05-13,7249,7250,7225,7225,160
2016-05-17,7188,7250,7125,7125,2652
2016-05-18,7128,7200,7125,7200,324
2016-05-19,7200,7294,7150,7294,208
2016-05-20,7126,7175,7126,7175,320
2016-05-23,7200,7250,7150,7175,888
2016-05-24,7188,7250,7151,7250,4584
2016-05-25,7250,7250,7125,7150,128
2016-05-26,7150,7238,7050,7238,796
2016-05-27,7150,7150,7125,7150,320
2016-05-30,7150,7250,7050,7250,844
2016-05-31,7125,7125,7000,7000,100
2016-06-01,7000,7000,6875,6875,944
2016-06-02,7000,7248,7000,7248,400
2016-06-03,7125,7125,7000,7125,252
2016-06-06,7001,7125,7001,7125,5700
2016-06-07,7100,7125,7100,7125,148
2016-06-08,7125,7125,7050,7100,264
2016-06-09,7000,7113,7000,7053,1400
2016-06-10,7051,7051,6751,6751,4844
2016-06-13,7113,7125,6826,6875,536
2016-06-14,7000,7000,6925,6926,64
2016-06-15,7000,7000,6925,6949,476
2016-06-16,7000,7000,6925,6925,1908
2016-06-17,6913,6926,6825,6825,2232
2016-06-20,6900,6900,6850,6850,148
2016-06-21,6838,6900,6838,6875,712
2016-06-22,6900,7125,6876,7125,7892
2016-06-23,6875,6875,6875,6875,1424
2016-06-24,6975,6975,6874,6874,1872
2016-06-27,6850,7000,6850,7000,5520
2016-06-28,6828,6875,6475,6875,5868
2016-06-29,6874,7325,6750,7325,11668
2016-06-30,7325,7500,7325,7500,3804
2016-07-01,7375,7375,6949,7000,644
2016-07-04,7000,7000,6749,6749,68
2016-07-05,6244,6748,6244,6748,2980
2016-07-07,6875,7000,6863,6875,3924
2016-07-08,6875,7000,6375,6924,1956
2016-07-11,6405,6750,6405,6750,1400
2016-07-12,6244,6875,6244,6875,11932
2016-07-13,6375,6738,6360,6360,460
2016-07-14,6499,6499,6375,6375,368
2016-07-15,6375,6375,6374,6375,124
2016-07-18,6250,6750,6250,6750,776
2016-07-19,6250,6250,6250,6250,420
2016-07-20,6250,6250,6250,6250,780
2016-07-21,6251,6251,6250,6250,764
2016-07-22,6250,6250,6249,6249,2132
2016-07-25,6250,6250,6025,6025,28
2016-07-26,6250,6250,6150,6250,9108
2016-07-27,6246,6719,6246,6719,2080
2016-07-28,6750,6750,6719,6750,236
2016-07-29,6725,6725,6725,6725,8
2016-08-01,6725,7000,6725,7000,1228
2016-08-02,6875,6875,6750,6750,116
2016-08-03,6750,7253,6750,7253,200504
2016-08-04,7250,7500,7250,7375,201220
2016-08-05,7375,7375,7375,7375,40
2016-08-09,6850,6850,6850,6850,48
2016-08-10,6850,7364,6850,7350,1356
2016-08-11,7363,7363,7250,7250,180
2016-08-12,7250,7250,7225,7225,48
2016-08-16,7225,7225,7081,7225,528
2016-08-17,7000,7000,7000,7000,176
2016-08-18,7000,7125,6750,7125,776
2016-08-19,7125,7125,7125,7125,52
2016-08-23,6983,7125,6983,7125,856
2016-08-24,7000,7124,6983,7124,176
2016-08-25,7000,7000,7000,7000,168
2016-08-26,7000,7000,6875,7000,132
2016-08-29,6998,6998,6875,6875,240
2016-08-30,6800,6863,6625,6625,1384
2016-08-31,6501,6863,6501,6863,284
2016-09-01,6750,6750,6688,6688,160
2016-09-02,6688,6688,6504,6504,308
2016-09-05,6504,6504,6500,6500,644
2016-09-06,6075,6699,6018,6699,940
2016-09-07,6699,6700,6501,6700,240
2016-09-08,6700,6863,6700,6863,64
2016-09-09,6863,7124,6863,7124,40
2016-09-13,6751,7000,6590,7000,80160
2016-09-14,6575,6576,6501,6576,392
2016-09-15,6625,6875,6579,6875,128
2016-09-16,6875,7000,6875,7000,264
2016-09-19,6875,6875,6875,6875,16
2016-09-20,6875,6875,6613,6614,672
2016-09-21,6614,6614,6614,6614,200
2016-09-22,6625,6625,6578,6578,480
2016-09-23,6578,6578,6500,6500,188
2016-09-26,6501,6501,6245,6500,708
2016-09-27,6500,6500,6250,6250,376
2016-09-28,6250,6250,6250,6250,204
2016-09-29,6249,6249,6249,6249,40
2016-09-30,6000,6000,6000,6000,2536
2016-10-03,6000,6000,5751,6000,588
2016-10-04,5750,6000,5750,6000,532
2016-10-05,6000,6000,5875,6000,220
2016-10-06,5875,5875,5873,5873,64
2016-10-07,5750,6250,5750,6250,1168
2016-10-10,6250,6600,6250,6600,360
2016-10-11,6105,6250,6105,6105,1024
2016-10-12,6000,6500,6000,6500,4288
2016-10-13,6013,6500,6013,6500,256
2016-10-14,6500,6600,6500,6600,1040
2016-10-18,6250,6500,6105,6500,464
2016-10-19,6105,6106,6025,6025,68
2016-10-20,6025,6025,5750,5750,1260
2016-10-21,5775,6099,5750,6099,240
2016-10-24,5700,6000,5643,6000,720
2016-10-25,5999,5999,5875,5875,204
2016-10-26,5999,5999,5500,5998,916
2016-10-27,5995,5995,5995,5995,224
2016-10-28,5750,5863,5750,5863,1192
2016-10-31,5500,5850,5500,5850,84
2016-11-02,5411,5411,5411,5411,240
2016-11-03,5363,5363,5006,5350,44
2016-11-04,4975,4975,4973,4973,6568
2016-11-07,5000,5000,4974,5000,372
2016-11-08,5025,5250,5000,5250,200
2016-11-09,5000,5125,5000,5125,184
2016-11-10,5000,5500,4856,5500,2792
2016-11-11,5500,5850,5500,5850,288
2016-11-14,5734,6250,5734,6250,904
2016-11-16,6249,6249,6224,6224,40
2016-11-18,5758,6125,5758,6125,276
2016-11-21,5750,6000,5750,6000,36
2016-11-22,6000,6250,6000,6250,1184
2016-11-23,5999,5999,5875,5875,2796
2016-11-24,5875,5875,5875,5875,12504
2016-11-25,6013,6315,6013,6200,3092
2016-11-28,6249,6250,6200,6200,728
2016-11-29,6200,6250,6200,6250,2524
2016-11-30,6125,6125,6125,6125,400
2016-12-01,6100,6100,6000,6000,1656
2016-12-02,6075,6075,6075,6075,1000
2016-12-05,6088,6100,6000,6000,436
2016-12-06,5876,5876,5876,5876,1620
2016-12-08,5875,5875,5874,5874,300
2016-12-09,5874,6100,5874,6100,212
2016-12-13,6000,6075,5875,6075,608
2016-12-14,6100,6125,5950,5950,532
2016-12-15,5950,6124,5625,6124,444
2016-12-19,6025,6025,5875,5875,168
2016-12-20,5750,5750,5749,5749,72
2016-12-21,5375,5375,5371,5373,392
2016-12-22,5363,5363,5360,5360,208
2016-12-23,5360,5360,5349,5349,2048
2016-12-27,5250,5363,5243,5363,1604
2016-12-28,5300,5500,5300,5500,544
2016-12-29,5375,5500,5251,5500,820
2016-12-30,5500,5875,5500,5875,392
2017-01-04,5625,5625,5625,5625,400
2017-01-05,5500,5525,5500,5501,44
2017-01-06,5725,5725,5725,5725,28
2017-01-09,5750,5750,5500,5650,604
2017-01-10,5650,5650,5650,5650,44
2017-01-11,5623,5623,5623,5623,32
2017-01-13,5600,5625,5201,5201,420
2017-01-16,5000,5250,5000,5249,324
2017-01-18,5249,5249,5014,5249,732
2017-01-19,5248,5249,5014,5249,300
2017-01-20,5050,5238,5000,5238,368
2017-01-23,5238,5238,4875,5238,204
2017-01-24,5225,5225,5125,5125,340
2017-01-25,5050,5075,5000,5000,1252
2017-01-26,4950,4950,4875,4875,1048
2017-01-27,4875,4875,4750,4875,1260
2017-01-30,4863,4874,4751,4751,608
2017-01-31,4750,4874,4749,4874,460
2017-02-01,4750,4874,4750,4750,4304
2017-02-02,4750,4750,4394,4750,3252
2017-02-03,4750,4750,4749,4749,220
2017-02-06,4750,4750,4700,4749,296
2017-02-07,4749,4749,4748,4748,184
2017-02-08,4725,4725,4654,4663,1172
2017-02-09,4650,4663,4500,4663,88
2017-02-10,4625,4750,4450,4750,3576
2017-02-13,4750,4750,4499,4499,360
2017-02-14,4500,4500,4450,4500,140
2017-02-15,4500,4500,4450,4500,128
2017-02-16,4499,4499,4499,4499,40
2017-02-17,4500,4750,4500,4750,348
2017-02-20,4500,4500,4500,4500,172
2017-02-21,4475,4475,4475,4475,184
2017-02-22,4500,4500,4375,4375,552
2017-02-23,4499,4499,4469,4499,112
2017-02-24,4475,4475,4475,4475,200
2017-02-27,4450,4450,4250,4438,244
2017-02-28,4250,4400,4250,4400,620
2017-03-01,4250,4399,4250,4399,72
2017-03-02,4363,4363,4363,4363,68
2017-03-03,4050,4250,4036,4250,1144
2017-03-06,4250,4250,4050,4250,952
2017-03-07,4250,4250,4000,4250,688
2017-03-08,4000,4250,4000,4250,204
2017-03-09,4076,4076,4000,4000,548
2017-03-10,4000,4000,3700,4000,3144
2017-03-13,3900,4000,3875,4000,340
2017-03-14,4000,4000,3750,4000,1976
2017-03-15,3750,4000,3750,4000,328
2017-03-16,4000,4000,3749,3749,744
2017-03-17,3749,3749,3640,3640,1764
2017-03-20,3625,3625,3375,3375,948
2017-03-21,3500,3600,3350,3400,5900
2017-03-22,3400,3550,3400,3550,3628
2017-03-23,3620,3750,3500,3749,6336
2017-03-24,3625,3750,3500,3750,584
2017-03-27,3750,4000,3470,4000,340
2017-03-28,4000,4250,3750,4250,452
2017-03-29,4225,4225,3950,4200,1064
2017-03-30,4125,4250,4000,4250,444
2017-03-31,4125,4499,3931,4499,1784
2017-04-03,4250,4475,4200,4475,320
2017-04-04,4140,4140,4140,4140,88
2017-04-05,4125,4125,3830,4000,576
2017-04-06,3750,3750,3700,3700,180
2017-04-07,3500,3700,3469,3500,876
2017-04-10,3475,3700,3450,3500,1116
2017-04-11,3700,3700,3450,3499,1704
2017-04-12,3500,3500,3350,3475,1364
2017-04-13,3500,3525,3488,3500,988
2017-04-14,3500,3500,3500,3500,884
2017-04-18,3500,3500,3475,3500,284
2017-04-19,3500,3500,3475,3475,496
2017-04-20,3500,3500,3350,3350,520
2017-04-21,3375,3471,3375,3471,236
2017-04-24,3375,3375,3350,3350,3228
2017-04-25,3350,3500,3250,3375,5016
2017-04-26,3375,3499,3375,3375,620
2017-04-27,3500,3625,3500,3625,684
2017-04-28,3525,3525,3525,3525,452
2017-05-02,3750,3750,3625,3750,2136
2017-05-03,4031,4031,4001,4031,9600
2017-05-04,4333,4333,4125,4325,5172
2017-05-05,4325,4500,4250,4500,4688
2017-05-08,4500,4625,4401,4625,216
2017-05-09,4501,4800,4450,4800,1064
2017-05-10,4700,4700,4688,4688,292
2017-05-11,4500,4500,4350,4350,512
2017-05-12,4374,4374,4025,4275,1640
2017-05-15,4025,4025,4025,4025,92
2017-05-16,4025,4250,4025,4250,80
2017-05-17,4125,4300,4125,4300,544
2017-05-18,4125,4325,4025,4325,2088
2017-05-19,4250,4325,4125,4325,4844
2017-05-22,4325,4375,4325,4375,2052
2017-05-23,4363,4375,4350,4375,1652
2017-05-24,4250,4503,4250,4503,912
2017-05-26,4501,4625,4500,4625,160
2017-05-29,4625,4625,4500,4625,11348
2017-05-30,4613,4625,4500,4500,1316
2017-05-31,4500,4500,4375,4500,116
2017-06-01,4500,4500,4375,4375,440
2017-06-02,4500,4500,4125,4500,21816
2017-06-06,4500,4500,4250,4250,32
2017-06-07,4250,4250,4125,4250,1684
2017-06-08,4250,4250,4250,4250,112
2017-06-09,4250,4250,4250,4250,60
2017-06-12,4250,4375,4000,4000,972
2017-06-13,4000,4000,3750,3750,1000
2017-06-14,4000,4031,4000,4031,52
2017-06-15,4050,4125,4000,4000,516
2017-06-16,4000,4123,3875,4123,680
2017-06-20,4121,4121,4121,4121,32
2017-06-21,4000,4100,3875,4100,1172
2017-06-23,4000,4250,3900,4250,1796
2017-06-27,3931,4249,3931,4249,80
2017-06-28,3931,4249,3931,4249,80
2017-06-29,3931,4375,3931,4125,4404
2017-06-30,4000,4434,3875,4434,1152
2017-07-03,4101,4101,4101,4101,4
2017-07-04,3794,4125,3794,4101,252
2017-07-05,4101,4250,4000,4250,668
2017-07-06,4125,4125,4000,4000,616
2017-07-07,4000,4250,4000,4250,140
2017-07-10,4000,4050,4000,4050,124
2017-07-11,3975,4250,3975,4250,16156
2017-07-12,4250,4250,3975,3975,808
2017-07-13,4000,4248,4000,4248,168
2017-07-14,4000,4250,3930,4250,504
2017-07-17,4248,4250,4248,4250,60
2017-07-18,4250,4250,4249,4249,208
2017-07-19,4248,4248,4125,4200,156
2017-07-20,3885,4250,3885,4250,1212
2017-07-21,4250,4250,4225,4225,180
2017-07-24,4250,4500,4250,4500,1556
2017-07-25,4550,4625,4499,4500,712
2017-07-26,4625,4625,4250,4600,324
2017-07-27,4250,4500,4014,4500,3704
2017-07-28,4499,4750,4499,4700,9964
2017-07-31,4500,4813,4500,4813,1824
2017-08-01,4750,4800,4500,4750,2020
2017-08-02,4500,4750,4500,4725,2272
2017-08-03,4750,4800,4725,4750,1196
2017-08-04,4750,4750,4750,4750,844
2017-08-08,4655,4655,4650,4650,188
2017-08-09,4650,4650,4500,4500,20
2017-08-10,4250,4250,4250,4250,164
2017-08-11,4238,4250,4238,4250,244
2017-08-14,4000,4000,4000,4000,756
2017-08-16,4000,4250,4000,4000,352
2017-08-17,3700,3875,3700,3875,1700
2017-08-18,3750,4000,3713,4000,1304
2017-08-21,3750,3998,3750,3998,200
2017-08-22,3975,4000,3975,4000,4004
2017-08-23,3750,3875,3750,3875,36
2017-08-24,3874,3874,3873,3874,300
2017-08-25,3753,3999,3750,3999,924
2017-08-28,3875,3875,3750,3825,352
2017-08-29,3825,3874,3539,3874,300
2017-08-30,3750,3874,3750,3850,108
2017-08-31,3875,3875,3874,3875,232
2017-09-04,3875,3875,3628,3750,444
2017-09-05,3750,3750,3750,3750,300
2017-09-06,3749,3850,3749,3750,312
2017-09-07,3500,3750,3500,3750,128
2017-09-08,3500,3850,3500,3850,732
2017-09-11,3750,3750,3561,3749,132
2017-09-12,3749,3749,3500,3500,184
2017-09-13,3504,3504,3504,3504,80
2017-09-14,3504,3725,3504,3725,100
2017-09-15,3500,3500,3500,3500,200
2017-09-18,3500,3625,3500,3625,132
2017-09-19,3500,3500,3375,3375,312
2017-09-20,3400,3400,3400,3400,28
2017-09-21,3500,3500,3400,3400,424
2017-09-22,3388,3388,3375,3375,716
2017-09-25,3375,3375,3374,3374,320
2017-09-26,3325,3500,3250,3500,1340
2017-09-27,3500,3625,3500,3625,228
2017-09-28,3375,3625,3375,3625,780
2017-09-29,3375,3725,3375,3725,808
2017-10-02,3500,3950,3500,3950,424
2017-10-03,3675,4025,3675,4025,236
2017-10-04,4000,4024,3750,4024,564
2017-10-05,3750,3750,3723,3723,620
2017-10-06,3675,3675,3500,3600,1408
2017-10-09,3611,3611,3450,3499,1136
2017-10-10,3499,3625,3499,3625,1580
2017-10-11,3539,3750,3500,3750,1204
2017-10-12,3626,3875,3626,3875,24
2017-10-13,3626,4000,3625,4000,91076
2017-10-16,3875,4000,3875,4000,328
2017-10-17,4000,4079,4000,4025,980
2017-10-18,4025,4025,4025,4025,900
2017-10-19,4025,4125,4025,4025,1364
2017-10-20,4025,4025,3750,3750,1352
2017-10-23,3750,3750,3501,3501,104
2017-10-24,3501,3749,3500,3749,788
2017-10-25,3750,3750,3625,3625,40
2017-10-26,3875,3875,3875,3875,8
2017-10-27,3873,3875,3625,3825,1260
2017-10-30,3751,3849,3750,3750,104
2017-10-31,3850,4000,3850,4000,336
2017-11-02,3998,4000,3998,4000,144
2017-11-03,4000,4000,3701,3701,432
2017-11-06,3713,3713,3600,3625,252
2017-11-07,3625,3675,3600,3674,16180
2017-11-08,3749,3749,3601,3749,288
2017-11-09,3749,3750,3625,3625,1820
2017-11-10,3698,3750,3553,3750,5412
2017-11-13,3750,3750,3625,3625,120
2017-11-14,3750,3750,3750,3750,8
2017-11-16,3750,4031,3525,4031,1792
2017-11-17,3750,3750,3750,3750,20
2017-11-20,3688,3875,3500,3875,1480
2017-11-21,3750,3999,3750,3750,336
2017-11-22,3750,3875,3750,3750,1040
2017-11-23,4000,4000,3875,3875,2604
2017-11-24,3875,3875,3813,3875,232
2017-11-27,3754,3875,3754,3875,680
2017-11-28,3875,3875,3875,3875,2808
2017-11-29,4000,4000,3850,3875,1096
2017-11-30,3875,3925,3788,3875,476
2017-12-04,3875,3900,3775,3900,1096
2017-12-05,3875,3925,3800,3925,1696
2017-12-06,3925,4125,3875,4125,1228
2017-12-07,4125,4375,4000,4375,32568
2017-12-08,4150,4703,4150,4703,2412
2017-12-11,4388,5000,4374,5000,11340
2017-12-12,4625,4625,4625,4625,152
2017-12-13,4625,4625,4625,4625,100
2017-12-14,4625,4625,4625,4625,400
2017-12-15,4575,4600,4575,4600,44
2017-12-19,4500,4500,4500,4500,4
2017-12-20,4500,4500,4500,4500,12
2017-12-21,4500,4500,4500,4500,1280
2017-12-22,4375,4375,4200,4375,96
2017-12-26,4375,4625,4375,4625,2256
2017-12-27,4623,4623,4499,4600,302732
2017-12-28,4600,4700,4500,4606,6352
2017-12-29,4606,4925,4575,4925,18100
2018-01-02,4925,4925,4875,4875,724
2018-01-03,4875,4925,4824,4824,3816
2018-01-05,4625,4625,4625,4625,16
2018-01-08,4525,4525,4525,4525,56
2018-01-09,4450,4450,4350,4350,740
2018-01-10,4350,4350,4175,4325,404
2018-01-11,4325,4325,4300,4300,60
2018-01-12,4198,4313,4175,4313,612
2018-01-15,4313,4313,4250,4300,680
2018-01-16,4313,4315,4275,4300,324
2018-01-17,4314,4325,4275,4300,428
2018-01-18,4275,4300,4275,4275,828
2018-01-19,4275,4275,4250,4250,568
2018-01-22,4250,4250,4124,4125,1136
2018-01-23,4125,4250,4125,4250,108
2018-01-24,4225,4225,4125,4125,168
2018-01-25,4250,4250,4175,4250,480
2018-01-26,4250,4325,4176,4250,3872
2018-01-29,4176,4176,4125,4125,4360
2018-01-30,4124,4125,3853,4125,1316
2018-01-31,4130,4400,4130,4400,6808
2018-02-01,4315,4400,4300,4400,4834
2018-02-02,4320,4400,4300,4350,968
2018-02-05,4350,4350,4300,4350,1489
2018-02-06,4350,4400,4210,4300,4277
2018-02-07,4210,4400,4210,4350,91
2018-02-08,4350,4395,4200,4350,685
2018-02-09,4375,4500,4300,4400,2568
2018-02-12,4500,4690,4495,4690,9035
2018-02-13,4600,4650,4550,4650,2345
2018-02-14,4500,4690,4495,4690,1272
2018-02-15,4650,4650,4350,4600,326
2018-02-16,4600,4600,4350,4595,301
2018-02-19,4600,4600,4450,4500,666
2018-02-20,4450,4690,4375,4690,1702
2018-02-21,4600,5000,4350,5000,1575
2018-02-22,4900,4900,4800,4800,916
2018-02-23,4800,4800,4790,4790,114
2018-02-26,4700,4890,4700,4890,608
2018-02-27,4880,5000,4790,5000,2955
2018-02-28,5000,5000,4900,4950,639
2018-03-01,4945,4945,4900,4940,68
2018-03-02,4890,4940,4890,4930,613
2018-03-05,4755,4930,4755,4925,73
2018-03-06,4925,4945,4560,4945,2478
2018-03-07,4925,4945,4575,4945,1109
2018-03-08,4945,4945,4945,4945,100
2018-03-09,4930,4930,4900,4930,43
2018-03-12,4585,4930,4565,4930,1013
2018-03-13,4935,5000,4925,5000,11428
2018-03-14,4800,4995,4800,4995,4716
2018-03-15,4895,4995,4890,4995,1008
2018-03-16,4850,5000,4800,4985,5174
2018-03-19,4995,4995,4990,4995,446
2018-03-20,4820,4995,4805,4995,4896
2018-03-21,4995,5200,4900,5200,3129
2018-03-22,5000,5000,4900,4995,1348
2018-03-23,4900,5200,4900,5200,666
2018-03-26,5200,5300,5195,5300,542
2018-03-27,5100,5295,5095,5295,340
2018-03-28,4900,5500,4900,5500,5875
2018-03-29,5400,5495,5090,5495,2732
2018-03-30,5400,5490,5400,5485,1407
2018-04-03,5380,5445,5380,5445,20
2018-04-04,5395,5480,5040,5480,1852
2018-04-05,5480,5480,5200,5290,669
2018-04-06,5290,5290,5200,5290,128
2018-04-09,5080,5180,5000,5180,296
2018-04-10,5000,5180,4850,5180,1298
2018-04-11,5000,5480,5000,5480,6052
2018-04-13,5095,5095,5070,5070,99
2018-04-16,4845,4940,4800,4940,912
2018-04-17,4845,4845,4830,4830,359
2018-04-18,4700,4950,4500,4950,3761
2018-04-19,4700,4995,4580,4995,83
2018-04-20,4995,5000,4950,4950,165
2018-04-23,4900,4900,4800,4800,300
2018-04-24,4440,4995,4440,4995,1845
2018-04-25,4900,4995,4900,4995,1325
2018-04-26,4900,4990,4700,4850,10061
2018-04-27,4895,4895,4895,4895,25
2018-04-30,4850,4900,4850,4900,240
2018-05-02,4805,4895,4600,4895,5952
2018-05-03,4895,4895,4895,4895,22
2018-05-04,4530,4900,4530,4900,110
2018-05-07,4800,4800,4700,4700,37
2018-05-08,4350,4600,4350,4600,99
2018-05-09,4300,4800,4255,4800,1347
2018-05-11,4500,4800,4440,4800,289
2018-05-14,4800,4800,4800,4800,5
2018-05-16,4600,4600,4600,4600,10
2018-05-17,4255,4590,4255,4590,32
2018-05-18,4250,4500,4250,4500,261
2018-05-22,4500,4500,4165,4450,47
2018-05-23,4120,4445,4120,4445,19
2018-05-24,4445,4445,4115,4385,190
2018-05-29,4060,4250,4060,4250,18
2018-05-30,4200,4200,4100,4100,501
2018-05-31,4065,4100,3795,4000,2210
2018-06-01,3900,3900,3900,3900,10
2018-06-04,3610,3885,3610,3885,120
2018-06-05,3895,3895,3810,3895,34
2018-06-06,3800,3895,3700,3895,69
2018-06-07,3895,3895,3650,3655,206
2018-06-08,3650,3650,3600,3600,731
2018-06-12,3600,3600,3375,3500,1347
2018-06-13,3395,3600,3250,3600,1852
2018-06-18,3550,3600,3500,3500,461
2018-06-19,3550,3550,3500,3500,74
2018-06-20,3500,3700,3500,3700,377
2018-06-21,3600,3700,3600,3700,464
2018-06-22,3700,3750,3700,3750,91
2018-06-25,3700,3750,3700,3740,411
2018-06-26,3710,3745,3705,3745,978
2018-06-27,3700,3750,3650,3750,539
2018-06-28,3600,4000,3600,4000,2459
2018-06-29,4000,4000,3800,4000,458
2018-07-02,3990,3990,3750,3990,533
2018-07-03,3695,3700,3695,3700,33
2018-07-04,3700,3950,3700,3950,139
2018-07-05,3775,3775,3700,3700,511
2018-07-06,3700,3700,3450,3695,239
2018-07-09,3685,3690,3685,3690,63
2018-07-10,3500,3650,3500,3650,140
2018-07-11,3455,3700,3380,3700,1507
2018-07-12,3500,3600,3480,3600,580
2018-07-13,3400,3600,3400,3450,227
2018-07-16,3300,3690,3210,3690,2391
2018-07-17,3690,3690,3500,3690,160
2018-07-18,3690,3690,3690,3690,5
2018-07-19,3500,3500,3450,3500,415
2018-07-20,3450,3450,3450,3450,713
2018-07-23,3425,3450,3300,3300,199
2018-07-24,3300,3300,3295,3300,159
2018-07-25,3295,3450,3200,3450,504
2018-07-26,3445,3450,3445,3450,454
2018-07-27,3300,3400,3300,3400,60
2018-07-30,3400,3650,3350,3650,865
2018-07-31,3450,3600,3450,3600,730
2018-08-01,3405,3600,3405,3600,576
2018-08-02,3600,3600,3600,3600,258
2018-08-03,3600,3600,3500,3500,1790
2018-08-08,3450,3550,3300,3300,1783
2018-08-09,3235,3295,3100,3295,1215
2018-08-10,3250,3500,3240,3500,155
2018-08-13,3300,3450,3300,3450,21
2018-08-14,3400,3450,3295,3450,1110
2018-08-16,3350,3350,3200,3200,7048
2018-08-17,3000,3150,3000,3150,239
2018-08-20,3145,3145,3145,3145,20
2018-08-22,3000,3000,2970,3000,32
2018-08-23,2995,3000,2850,2850,528
2018-08-24,2850,2850,2850,2850,96
2018-08-27,2700,2890,2655,2765,494
2018-08-28,2700,2700,2655,2700,499
2018-08-29,2700,2700,2600,2700,693
2018-08-30,2700,2850,2500,2850,3071
2018-08-31,2950,3000,2950,3000,392
2018-09-03,3000,3000,2990,2990,1095
2018-09-04,2995,3000,2995,3000,25
2018-09-06,2990,2990,2775,2775,16143
2018-09-07,2895,2895,2570,2795,9247
2018-09-10,2700,2700,2700,2700,45
2018-09-11,2610,2615,2610,2610,217
2018-09-12,2580,2600,2415,2600,410
2018-09-13,2560,2560,2560,2560,50
2018-09-14,2525,2525,2400,2500,1112
2018-09-17,2525,2525,2400,2500,44
2018-09-18,2400,2400,2320,2320,232
2018-09-19,2300,2300,2295,2300,80
2018-09-20,2320,2350,2300,2350,20114
2018-09-21,2300,2305,2295,2295,435
2018-09-24,2250,2300,2250,2250,160
2018-09-25,2250,2250,2200,2200,127
2018-09-26,2200,2200,2150,2150,272
2018-09-27,2150,2150,2000,2150,971
2018-09-28,2100,2135,2100,2135,91
2018-10-01,2125,2140,2095,2095,470
2018-10-02,2095,2095,2000,2075,2691
2018-10-03,2000,2075,2000,2075,162
2018-10-04,2005,2065,2005,2050,783
2018-10-05,2005,2050,1920,2000,5615
2018-10-08,2050,2050,2000,2000,421
2018-10-09,2000,2000,2000,2000,1057
2018-10-10,1995,2000,1900,2000,1570
2018-10-11,2000,2000,1960,2000,370
2018-10-12,2000,2000,2000,2000,32
2018-10-15,1995,1995,1975,1975,99
2018-10-16,1975,1975,1900,1900,147
2018-10-17,1900,1900,1900,1900,10
2018-10-18,1900,1990,1850,1990,427
2018-10-19,1990,1995,1850,1990,1307
2018-10-22,1990,1990,1990,1990,3517
2018-10-23,1990,1990,1950,1950,41
2018-10-24,1985,1985,1950,1950,50
2018-10-25,1950,1990,1950,1950,509
2018-10-26,1955,1955,1805,1900,375
2018-10-29,1925,1925,1920,1920,23
2018-10-30,1900,1900,1900,1900,42
2018-10-31,1895,1895,1895,1895,257
2018-11-02,1895,1900,1895,1900,55050
2018-11-05,1805,1900,1805,1900,272
2018-11-06,1850,1850,1800,1800,899
2018-11-07,1800,1800,1800,1800,253
2018-11-08,1830,1830,1780,1800,1067
2018-11-09,1750,1800,1750,1800,217
2018-11-12,1795,1800,1750,1750,558
2018-11-13,1750,1750,1665,1750,1493
2018-11-14,1665,1700,1665,1700,649
2018-11-16,1710,1710,1580,1695,1961
2018-11-19,1695,1700,1695,1695,34
2018-11-21,1700,1700,1600,1695,1803
2018-11-22,1695,1700,1695,1700,56
2018-11-23,1665,1665,1575,1600,69
2018-11-26,1600,1600,1480,1545,2490
2018-11-27,1545,1545,1500,1500,80
2018-11-28,1495,1495,1480,1480,132
2018-11-30,1475,1475,1475,1475,40
2018-12-03,1455,1455,1455,1455,120
2018-12-04,1475,1475,1400,1400,81
2018-12-05,1400,1440,1400,1400,1479
2018-12-06,1440,1440,1295,1440,31
2018-12-07,1335,1545,1335,1545,1635
2018-12-10,1545,1660,1450,1660,2877
2018-12-12,1660,1660,1660,1660,504
2018-12-13,1660,1780,1580,1780,15410
2018-12-14,1800,1800,1800,1800,5
2018-12-17,1780,1910,1775,1910,370
2018-12-18,1800,1915,1800,1915,221
2018-12-19,1915,1945,1915,1945,451
2018-12-21,1900,1935,1900,1935,1468
2018-12-24,1935,1950,1935,1950,1785
2018-12-26,1950,1950,1950,1950,1013
2018-12-27,1940,2000,1940,2000,388151
2018-12-28,2000,2080,2000,2080,540
2018-12-31,2050,2120,2050,2120,659
2019-01-02,2090,2275,2090,2275,1150
2019-01-03,2105,2200,2105,2200,6
2019-01-04,2190,2195,2160,2195,775
2019-01-08,2195,2195,2100,2140,128
2019-01-09,2000,2100,2000,2100,55
2019-01-10,2100,2100,2000,2090,9
2019-01-11,2000,2000,2000,2000,110
2019-01-14,2000,2000,1900,2000,298
2019-01-15,2000,2000,2000,2000,55
2019-01-16,1950,1950,1950,1950,20
2019-01-17,2000,2000,1980,1980,85
2019-01-18,2000,2000,1980,1990,73
2019-01-21,1980,1980,1980,1980,21
2019-01-22,1850,1850,1850,1850,80
2019-01-24,1715,1850,1715,1850,5
2019-01-25,1800,1800,1800,1800,25
2019-01-28,1800,1800,1715,1715,142
2019-01-29,1800,1800,1715,1715,104
2019-01-30,1700,1715,1700,1715,507
2019-01-31,1800,1800,1800,1800,64
2019-02-01,1800,1800,1715,1715,200
2019-02-04,1600,1700,1600,1700,391
2019-02-05,1600,1685,1600,1685,47
2019-02-06,1685,1685,1600,1600,170
2019-02-07,1600,1605,1480,1480,791
2019-02-08,1500,1590,1450,1590,1425
2019-02-12,1500,1645,1500,1645,43
2019-02-14,1600,1600,1600,1600,180
2019-02-19,1500,1500,1495,1500,251
2019-02-20,1500,1500,1500,1500,600
2019-02-21,1500,1500,1400,1400,404
2019-02-22,1400,1400,1295,1400,2447
2019-02-25,1400,1400,1395,1395,300
2019-02-26,1400,1400,1300,1395,505
2019-02-27,1295,1300,1295,1300,234
2019-02-28,1300,1390,1300,1390,906
2019-03-04,1390,1390,1300,1300,461
2019-03-05,1390,1390,1390,1390,160
2019-03-06,1325,1390,1325,1390,310
2019-03-07,1380,1390,1290,1290,633
2019-03-08,1290,1290,1250,1250,5939
2019-03-11,1300,1300,1290,1290,200
2019-03-12,1350,1350,1350,1350,40
2019-03-13,1375,1375,1300,1300,365
2019-03-14,1310,1325,1300,1325,3804
2019-03-15,1325,1365,1300,1365,59
2019-03-18,1350,1390,1350,1390,45
2019-03-19,1365,1365,1335,1335,173
2019-03-20,1330,1330,1275,1275,58485
2019-03-21,1275,1275,1250,1270,1211
2019-03-22,1275,1275,1270,1270,51
2019-03-25,1275,1275,1270,1270,147
2019-03-26,1275,1280,1250,1250,1845
2019-03-27,1235,1250,1235,1250,280
2019-03-28,1250,1285,1250,1285,378
2019-03-29,1285,1285,1285,1285,54
2019-04-01,1285,1285,1285,1285,10
2019-04-02,1275,1275,1250,1250,25
2019-04-03,1250,1270,1210,1210,857
2019-04-04,1285,1290,1285,1290,4255
2019-04-05,1290,1290,1215,1215,852
2019-04-08,1285,1290,1285,1290,231
2019-04-09,1285,1290,1230,1230,2230
2019-04-10,1230,1230,1215,1230,713
2019-04-11,1230,1230,1220,1230,2893
2019-04-12,1320,1320,1320,1320,1
2019-04-15,1385,1400,1385,1390,3293
2019-04-16,1345,1345,1345,1345,79
2019-04-17,1310,1350,1290,1350,2111
2019-04-18,1350,1450,1350,1450,445
2019-04-19,1345,1345,1345,1345,295
2019-04-23,1310,1340,1300,1340,1099
2019-04-24,1350,1350,1340,1340,47
2019-04-25,1300,1300,1255,1255,3008
2019-04-26,1290,1330,1290,1330,345
2019-04-29,1340,1340,1325,1325,930
2019-04-30,1325,1325,1325,1325,52
2019-05-02,1300,1300,1255,1255,1131
2019-05-03,1280,1300,1255,1300,888
2019-05-06,1325,1325,1210,1325,29656
2019-05-07,1335,1340,1335,1340,304
2019-05-08,1335,1340,1250,1340,12959
2019-05-10,1325,1345,1280,1345,874
2019-05-13,1350,1350,1345,1350,247
2019-05-14,1345,1350,1345,1350,77
2019-05-15,1305,1350,1305,1350,180
2019-05-16,1350,1350,1350,1350,2361
2019-05-17,1355,1355,1350,1350,3005
2019-05-20,1350,1350,1350,1350,30
2019-05-21,1400,1410,1400,1410,137
2019-05-22,1410,1410,1410,1410,196
2019-05-23,1410,1410,1410,1410,412
2019-05-24,1410,1435,1410,1425,23120
2019-05-27,1425,1425,1425,1425,337
2019-05-28,1410,1420,1410,1420,25713
2019-05-29,1400,1400,1400,1400,36
2019-05-31,1400,1445,1400,1445,271
2019-06-03,1445,1445,1400,1400,67
2019-06-05,1445,1445,1400,1400,190
2019-06-06,1400,1400,1400,1400,8
2019-06-07,1400,1420,1400,1420,2617
2019-06-11,1400,1410,1400,1410,845
2019-06-12,1400,1410,1400,1410,1501
2019-06-14,1410,1410,1400,1400,30
2019-06-17,1405,1405,1400,1400,418
2019-06-18,1400,1400,1340,1400,4598
2019-06-19,1395,1400,1395,1400,130
2019-06-20,1400,1400,1350,1350,130
2019-06-21,1350,1400,1350,1400,466
2019-06-24,1350,1350,1340,1350,365
2019-06-25,1355,1400,1355,1355,244
2019-06-26,1355,1400,1355,1400,467
2019-06-27,1400,1400,1400,1400,110
2019-06-28,1400,1400,1395,1395,37
2019-07-01,1360,1360,1360,1360,144
2019-07-02,1375,1400,1375,1400,20
2019-07-03,1380,1400,1380,1400,1730
2019-07-04,1400,1400,1400,1400,142
2019-07-05,1450,1450,1450,1450,295
2019-07-08,1450,1500,1450,1500,147
2019-07-09,1450,1450,1450,1450,672
2019-07-10,1445,1450,1445,1450,144
2019-07-11,1450,1450,1450,1450,1021
2019-07-12,1450,1455,1450,1450,439
2019-07-15,1400,1445,1400,1400,275
2019-07-16,1450,1450,1400,1400,565
2019-07-17,1400,1400,1400,1400,34
2019-07-18,1420,1450,1420,1420,59
2019-07-19,1450,1525,1450,1520,134
2019-07-22,1520,1545,1520,1545,480
2019-07-23,1525,1540,1430,1430,336
2019-07-24,1530,1530,1530,1530,500
2019-07-25,1500,1525,1500,1520,87
2019-07-26,1530,1530,1500,1500,298
2019-07-29,1490,1490,1490,1490,39
2019-07-30,1485,1485,1420,1420,96
2019-07-31,1400,1415,1400,1400,101
2019-08-02,1375,1375,1335,1335,16
2019-08-05,1250,1370,1250,1300,22
2019-08-08,1300,1300,1300,1300,88
2019-08-09,1300,1360,1300,1360,189
2019-08-13,1300,1300,1295,1295,330
2019-08-14,1275,1275,1230,1230,243
2019-08-16,1230,1250,1230,1250,48
2019-08-19,1250,1250,1210,1230,144
2019-08-20,1240,1240,1230,1230,90
2019-08-21,1230,1250,1230,1250,164
2019-08-22,1250,1250,1250,1250,26
2019-08-23,1250,1250,1250,1250,31
2019-08-26,1230,1230,1230,1230,5
2019-08-27,1230,1230,1230,1230,27
2019-08-28,1235,1250,1215,1215,435
2019-09-02,1225,1250,1220,1245,93
2019-09-03,1220,1220,1200,1200,2099
2019-09-04,1215,1215,1200,1200,31
2019-09-05,1200,1210,1200,1210,95
2019-09-06,1200,1200,1200,1200,20
2019-09-09,1200,1200,1110,1200,118
2019-09-10,1200,1200,1200,1200,31
2019-09-11,1195,1200,1150,1150,46
2019-09-12,1110,1150,1110,1150,72
2019-09-13,1110,1110,1090,1100,132
2019-09-16,1080,1180,1080,1180,1107
2019-09-17,1200,1200,1200,1200,1974
2019-09-18,1180,1180,1180,1180,26
2019-09-19,1180,1180,1100,1100,60
2019-09-20,1100,1155,1100,1155,45
2019-09-24,1075,1075,1075,1075,20
2019-09-25,1000,1070,1000,1070,89
2019-09-26,1000,1000,1000,1000,541
2019-09-27,1000,1000,1000,1000,534
2019-09-30,1000,1000,1000,1000,289
2019-10-01,1000,1000,950,950,60
2019-10-02,980,980,980,980,8
2019-10-03,980,990,980,990,291
2019-10-04,1000,1000,1000,1000,100
2019-10-07,1000,1000,980,980,713
2019-10-08,1000,1000,1000,1000,956
2019-10-09,1000,1000,980,980,215
2019-10-10,980,980,975,980,1268
2019-10-11,980,980,980,980,100
2019-10-14,975,975,970,970,120
2019-10-15,970,970,970,970,93
2019-10-16,970,970,950,950,44
2019-10-17,975,975,970,970,67
2019-10-18,975,975,975,975,446
2019-10-21,970,975,970,975,1330
2019-10-22,970,975,970,975,40
2019-10-23,975,975,970,975,938
2019-10-24,980,980,970,970,477
2019-10-25,975,975,975,975,10
2019-10-28,1000,1025,1000,1000,8927
2019-10-29,970,1025,970,1025,4863
2019-10-30,1000,1000,1000,1000,690
2019-11-04,1000,1000,1000,1000,1540
2019-11-06,1000,1000,1000,1000,21
2019-11-08,1000,1000,1000,1000,1016
2019-11-11,1000,1000,1000,1000,30
2019-11-12,1000,1000,1000,1000,20
2019-11-13,980,980,950,950,1537
2019-11-14,930,930,930,930,50
2019-11-18,930,930,930,930,93
2019-11-19,930,930,900,900,722
2019-11-20,900,900,835,890,434
2019-11-21,890,890,835,850,598
2019-11-22,835,850,795,850,5377
2019-11-25,850,850,800,800,5133
2019-11-26,800,800,800,800,2466
2019-11-27,800,800,800,800,2684
2019-11-28,800,800,800,800,2850
2019-11-29,800,800,800,800,225
2019-12-02,800,860,800,860,4027
2019-12-03,800,800,800,800,7949
2019-12-04,800,800,750,795,1228
2019-12-05,800,800,790,795,1988
2019-12-06,795,800,750,800,2317
2019-12-09,760,860,760,860,3470
2019-12-10,800,900,800,900,2950
2019-12-11,850,965,850,965,844
2019-12-12,1000,1035,900,1035,22435
2019-12-13,1015,1110,1015,1110,1784
2019-12-16,1110,1190,1090,1100,1773
2019-12-17,1020,1120,1020,1120,8849
2019-12-18,1100,1120,1100,1120,11152
2019-12-19,1120,1195,1120,1195,7696
2019-12-20,1190,1280,1190,1280,13010
2019-12-23,1300,1370,1300,1370,6721
2019-12-24,1300,1300,1280,1300,4500
2019-12-26,1300,1395,1300,1395,6461
2019-12-27,1375,1495,1370,1495,16900
2019-12-30,1485,1605,1485,1605,17648
2019-12-31,1725,1725,1725,1725,44697
2020-01-03,1695,1695,1695,1695,4
2020-01-06,1600,1600,1600,1600,17
2020-01-07,1500,1500,1495,1495,200
2020-01-09,1385,1395,1385,1395,30
2020-01-10,1295,1295,1295,1295,5
2020-01-14,1290,1290,1290,1290,120
2020-01-16,1200,1200,1200,1200,1050
2020-01-17,1200,1200,1200,1200,120
2020-01-20,1200,1200,1200,1200,6089
2020-01-21,1150,1290,1150,1290,144
2020-01-22,1290,1290,1290,1290,255
2020-01-24,1290,1290,1290,1290,206
2020-01-27,1200,1200,1200,1200,140
2020-01-28,1200,1200,1200,1200,1530
2020-01-29,1250,1250,1200,1200,378
2020-01-30,1200,1200,1200,1200,53
2020-01-31,1200,1200,1200,1200,2
2020-02-03,1200,1200,1200,1200,1342
2020-02-04,1200,1200,1200,1200,1534
2020-02-05,1200,1200,1200,1200,365
2020-02-06,1155,1155,1155,1155,100
2020-02-07,1200,1200,1200,1200,16
2020-02-10,1195,1195,1195,1195,20
2020-02-11,1200,1200,1195,1195,1232
2020-02-14,1190,1190,1190,1190,1
2020-02-17,1190,1190,1150,1150,213
2020-02-18,1150,1150,1150,1150,10
2020-02-19,1150,1150,1150,1150,214
2020-02-20,1150,1150,1150,1150,3
2020-02-21,1140,1140,1140,1140,17
2020-02-24,1140,1140,1140,1140,103
2020-02-25,1135,1135,1135,1135,7
2020-02-26,1095,1095,1095,1095,35
2020-02-28,1100,1135,1100,1135,103
2020-03-02,1135,1135,1050,1050,343
2020-03-03,1050,1125,1050,1125,264
2020-03-04,1160,1160,1160,1160,5
2020-03-05,1155,1160,1155,1160,15
2020-03-06,1155,1155,1155,1155,85
2020-03-09,1155,1155,1155,1155,65
2020-03-10,1100,1100,1100,1100,18
2020-03-11,1100,1160,1100,1100,740
2020-03-12,1100,1100,1100,1100,204
2020-03-13,1050,1100,1050,1100,157
2020-03-16,1080,1080,1080,1080,4
2020-03-17,1075,1080,1050,1050,67
2020-03-18,1050,1050,1050,1050,300
2020-03-19,1050,1050,1050,1050,40
2020-03-23,1050,1050,1050,1050,69
2020-03-24,1050,1050,1000,1000,163
2020-03-25,975,975,975,975,51
2020-03-27,995,995,975,975,7
2020-03-30,975,975,975,975,22
2020-03-31,1000,1000,1000,1000,10
2020-04-01,1000,1000,1000,1000,9
2020-04-02,975,975,975,975,40
2020-04-03,950,950,950,950,520
2020-04-07,950,950,950,950,5549
2020-04-08,995,995,995,995,65
2020-04-09,995,995,995,995,40
2020-04-14,995,995,995,995,13
2020-04-15,995,995,995,995,10
2020-04-16,995,995,995,995,100
2020-04-20,950,950,950,950,209
2020-04-21,950,950,950,950,133
2020-04-22,950,950,950,950,50
2020-04-23,950,950,950,950,272
2020-04-24,950,950,900,900,709
2020-04-27,895,895,850,850,66
2020-04-28,850,850,850,850,25
2020-04-29,800,800,795,800,2606
2020-04-30,850,855,790,800,28319
2020-05-04,860,860,860,860,8801
2020-05-05,920,920,920,920,8220
2020-05-06,985,985,955,955,6940
2020-05-07,980,1000,900,980,9388
2020-05-08,980,980,980,980,6372
2020-05-11,985,985,980,980,886
2020-05-12,980,995,980,980,1853
2020-05-13,1000,1000,975,990,390
2020-05-14,985,985,975,985,1763
2020-05-15,985,985,950,970,1194
2020-05-18,970,985,970,985,531
2020-05-19,980,980,980,980,30
2020-05-22,970,985,970,970,3358
2020-05-25,970,970,970,970,200
2020-05-26,975,975,970,970,5161
2020-05-27,970,970,900,950,2829
2020-05-28,975,975,970,975,4153
2020-05-29,975,975,975,975,150
2020-06-02,975,975,975,975,12328
2020-06-03,980,1010,980,1010,9536
2020-06-04,1055,1055,1050,1050,825
2020-06-05,1050,1080,1050,1080,2818
2020-06-08,1070,1070,1000,1055,2220
2020-06-09,1000,1080,1000,1075,2394
2020-06-10,1075,1075,1075,1075,420
2020-06-11,1075,1075,1070,1070,202
2020-06-12,1070,1070,1000,1000,5419
2020-06-15,1005,1010,1005,1010,72
2020-06-16,1015,1015,1015,1015,35
2020-06-17,1070,1090,1070,1090,4803
2020-06-18,1100,1170,1100,1110,4385
2020-06-19,1170,1190,1150,1190,840
2020-06-22,1200,1255,1200,1255,3465
2020-06-23,1255,1275,1255,1275,3305
2020-06-24,1255,1270,1200,1255,2499
2020-06-25,1255,1255,1205,1255,1014
2020-06-26,1255,1255,1255,1255,10
2020-06-29,1250,1315,1245,1315,1613
2020-06-30,1350,1400,1350,1400,2405
2020-07-01,1400,1400,1390,1395,1528
2020-07-02,1295,1295,1295,1295,6
2020-07-03,1250,1250,1200,1200,819
2020-07-06,1195,1195,1130,1195,915
2020-07-07,1195,1195,1110,1195,5787
2020-07-08,1115,1250,1110,1110,5132
2020-07-09,1150,1150,1150,1150,3963
2020-07-10,1210,1210,1200,1200,116
2020-07-13,1200,1200,1135,1200,901
2020-07-14,1200,1290,1200,1290,1013
2020-07-15,1290,1290,1195,1195,1160
2020-07-16,1195,1195,1195,1195,640
2020-07-17,1200,1280,1200,1280,346
2020-07-20,1270,1270,1200,1200,2533
2020-07-21,1270,1270,1270,1270,251
2020-07-22,1200,1270,1200,1270,2411
2020-07-23,1260,1260,1195,1195,2443
2020-07-24,1195,1270,1195,1270,436
2020-07-27,1250,1250,1250,1250,5450
2020-07-28,1250,1280,1250,1280,686
2020-07-29,1280,1280,1250,1270,2635
2020-07-30,1260,1270,1260,1270,7140
2020-08-03,1250,1250,1190,1190,1963
2020-08-04,1000,1010,990,990,2607
2020-08-05,980,1000,920,1000,925
2020-08-06,925,1000,925,1000,1257
2020-08-10,1000,1000,1000,1000,90
2020-08-11,990,1000,990,1000,143
2020-08-12,990,1000,990,995,133
2020-08-13,975,990,975,990,837
2020-08-14,975,990,950,950,1890
2020-08-17,955,955,950,950,2092
2020-08-18,950,1010,950,1010,10004
2020-08-19,1075,1075,1075,1075,21
2020-08-21,1070,1145,1070,1145,9091
2020-08-24,1145,1200,1145,1200,3261
2020-08-26,1195,1270,1195,1270,1988
2020-08-28,1195,1195,1195,1195,1567
2020-08-31,1185,1240,1110,1240,1236
2020-09-01,1200,1200,1200,1200,131
2020-09-03,1110,1110,1110,1110,10
2020-09-04,1110,1110,1050,1105,112
2020-09-09,1110,1185,1110,1185,600
2020-09-10,1165,1165,1165,1165,3
2020-09-11,1100,1150,1095,1150,203
2020-09-15,1145,1145,1145,1145,44
2020-09-16,1145,1145,1145,1145,10
2020-09-21,1060,1140,1060,1140,203
2020-09-22,1065,1070,1060,1060,7172
2020-09-23,1135,1135,1135,1135,17
2020-09-24,1060,1220,1060,1220,735
2020-09-29,1130,1130,1130,1130,25
2020-09-30,1120,1130,1120,1130,341
2020-10-02,1055,1135,1050,1130,6721
2020-10-06,1150,1150,1050,1050,1551
2020-10-07,1125,1125,1125,1125,20
2020-10-08,1050,1050,1050,1050,38
2020-10-09,1100,1100,1100,1100,1
2020-10-12,1125,1125,1055,1055,263
2020-10-13,1050,1055,1050,1055,706
2020-10-14,1000,1100,1000,1100,11236
2020-10-15,1100,1100,1095,1095,11
2020-10-16,1095,1095,1095,1095,10
2020-10-19,1095,1100,1020,1020,3413
2020-10-20,1020,1065,1000,1065,17175
2020-10-21,1065,1100,1000,1100,15554
2020-10-22,1080,1180,1065,1065,3253
2020-10-23,1065,1140,1000,1140,6566
2020-10-26,1140,1225,1140,1225,2140
2020-10-27,1225,1315,1145,1145,6723
2020-10-28,1220,1225,1200,1225,29965
2020-10-30,1225,1315,1220,1315,56156
2020-11-02,1315,1410,1315,1410,10787
2020-11-03,1325,1325,1315,1315,1340
2020-11-04,1300,1300,1300,1300,187
2020-11-05,1300,1395,1300,1395,2200
2020-11-06,1300,1495,1300,1495,3376
2020-11-09,1400,1595,1395,1595,10730
2020-11-10,1590,1590,1480,1480,1625
2020-11-11,1400,1410,1370,1410,5067
2020-11-12,1400,1445,1385,1410,1131
2020-11-13,1400,1495,1400,1410,11107
2020-11-16,1400,1515,1390,1515,2452
2020-11-17,1515,1515,1500,1500,324
2020-11-18,1420,1450,1420,1450,220
2020-11-19,1500,1500,1495,1495,16
2020-11-20,1490,1490,1400,1400,298
2020-11-23,1400,1400,1400,1400,170
2020-11-24,1400,1500,1400,1500,520
2020-11-26,1410,1450,1410,1450,12
2020-11-27,1400,1490,1400,1490,15006
2020-12-01,1450,1465,1450,1465,3189
2020-12-02,1460,1465,1460,1465,2211
2020-12-03,1460,1460,1420,1450,68
2020-12-04,1455,1455,1450,1450,54
2020-12-07,1440,1440,1420,1420,91
2020-12-08,1390,1420,1390,1420,205
2020-12-09,1400,1400,1390,1390,995
2020-12-10,1390,1440,1390,1440,3494
2020-12-11,1400,1465,1400,1465,1356
2020-12-14,1450,1450,1450,1450,115
2020-12-15,1390,1445,1390,1445,69
2020-12-16,1465,1465,1465,1465,2520
2020-12-17,1460,1495,1455,1495,27453
2020-12-18,1490,1490,1465,1465,110
2020-12-21,1400,1400,1400,1400,1205
2020-12-22,1400,1500,1400,1500,35163
2020-12-23,1495,1495,1450,1450,17054
2020-12-24,1445,1445,1445,1445,1970
2020-12-28,1400,1430,1350,1420,21755
2020-12-29,1350,1450,1350,1450,58004
2020-12-30,1400,1500,1400,1500,27060
2020-12-31,1610,1610,1610,1610,50000
2021-01-04,1605,1605,1605,1605,51
2021-01-06,1485,1485,1485,1485,3
2021-01-07,1450,1450,1450,1450,724
2021-01-08,1500,1500,1450,1450,30
2021-01-11,1400,1400,1345,1345,259
2021-01-12,1345,1445,1345,1445,66
2021-01-14,1445,1445,1445,1445,108
2021-01-15,1350,1350,1350,1350,455
2021-01-18,1345,1400,1345,1400,280
2021-01-19,1395,1395,1395,1395,223
2021-01-20,1350,1390,1320,1390,4150
2021-01-21,1395,1395,1395,1395,75
2021-01-22,1350,1360,1350,1355,452
2021-01-25,1350,1350,1305,1305,701
2021-01-26,1305,1350,1305,1305,321
2021-01-27,1310,1310,1310,1310,310
2021-01-28,1315,1350,1310,1350,1140
2021-01-29,1350,1400,1350,1400,948
2021-02-01,1505,1505,1505,1505,2
2021-02-02,1450,1450,1400,1405,158
2021-02-03,1485,1485,1425,1425,55
2021-02-04,1425,1425,1400,1400,233
2021-02-05,1400,1405,1400,1405,100
2021-02-08,1405,1405,1405,1405,127
2021-02-09,1425,1425,1410,1425,63
2021-02-10,1420,1425,1420,1425,370
2021-02-11,1425,1425,1410,1410,327
2021-02-12,1410,1420,1410,1420,21
2021-02-15,1420,1420,1400,1400,106
2021-02-16,1405,1405,1400,1400,407
2021-02-17,1400,1400,1400,1400,89
2021-02-18,1375,1375,1375,1375,62
2021-02-22,1400,1425,1400,1425,380
2021-02-23,1425,1425,1425,1425,252
2021-02-24,1405,1425,1405,1425,28
2021-02-25,1445,1445,1445,1445,10
2021-02-26,1450,1450,1450,1450,250
2021-03-01,1450,1450,1430,1430,69
2021-03-02,1440,1440,1410,1410,150
2021-03-03,1445,1445,1445,1445,400
2021-03-04,1445,1450,1445,1450,66
2021-03-05,1500,1500,1450,1450,335
2021-03-08,1450,1470,1380,1470,7499
2021-03-09,1410,1485,1410,1485,531
2021-03-10,1470,1485,1415,1485,668
2021-03-11,1485,1485,1485,1485,82
2021-03-12,1485,1485,1485,1485,201
2021-03-16,1485,1485,1450,1480,571
2021-03-17,1485,1485,1480,1480,257
2021-03-18,1470,1475,1470,1475,305
2021-03-19,1475,1475,1475,1475,118
2021-03-22,1450,1450,1450,1450,3120
2021-03-23,1450,1485,1450,1485,656
2021-03-24,1485,1485,1475,1475,603
2021-03-25,1480,1480,1475,1475,153
2021-03-26,1475,1480,1450,1480,684
2021-03-29,1450,1480,1450,1475,693
2021-03-30,1475,1475,1415,1415,405
2021-03-31,1420,1475,1415,1475,820
2021-04-01,1450,1450,1450,1450,280
2021-04-02,1400,1450,1390,1450,3081
2021-04-06,1400,1400,1400,1400,204
2021-04-07,1400,1400,1325,1390,727
2021-04-08,1390,1400,1390,1400,345
2021-04-09,1450,1450,1450,1450,25
2021-04-12,1400,1405,1400,1405,29
2021-04-13,1400,1450,1400,1450,148
2021-04-14,1400,1450,1400,1450,321
2021-04-15,1350,1450,1350,1450,440
2021-04-16,1350,1445,1350,1365,367
2021-04-19,1370,1450,1370,1450,696
2021-04-20,1450,1450,1405,1450,1962
2021-04-21,1450,1450,1450,1450,1026
2021-04-22,1490,1495,1455,1460,1104
2021-04-23,1555,1565,1525,1565,153796
2021-04-26,1680,1680,1680,1680,2433
2021-04-27,1805,1805,1805,1805,9138
2021-04-28,1890,1890,1700,1885,24414
2021-04-29,1750,1850,1750,1845,7560
2021-04-30,1850,1850,1840,1840,4438
2021-05-03,1830,1830,1780,1820,490
2021-05-04,1775,1820,1775,1820,3960
2021-05-05,1815,1815,1800,1815,9833
2021-05-06,1810,1810,1795,1795,1093
2021-05-07,1795,1795,1790,1795,150
2021-05-10,1715,1790,1715,1720,175
2021-05-11,1715,1770,1715,1770,741
2021-05-14,1750,1800,1730,1800,4092
2021-05-17,1750,1800,1750,1800,4057
2021-05-18,1795,1825,1795,1825,6387
2021-05-19,1825,1825,1800,1820,260
2021-05-20,1815,1820,1800,1820,2434
2021-05-21,1810,1810,1755,1800,4025
2021-05-25,1790,1850,1790,1850,2284
2021-05-26,1830,1850,1815,1850,1087
2021-05-27,1850,1900,1850,1900,6612
2021-05-28,1860,1950,1855,1855,10008
2021-05-31,1950,1985,1865,1985,20651
2021-06-01,1980,2000,1980,2000,1480
2021-06-02,1995,1995,1950,1990,261
2021-06-03,1985,1995,1850,1995,5330
2021-06-04,1990,1990,1850,1990,427
2021-06-07,1900,1990,1900,1990,760
2021-06-08,1990,1990,1950,1950,597
2021-06-09,1970,2000,1950,2000,10553
2021-06-10,1900,2050,1900,2000,15330
2021-06-11,1950,2000,1950,2000,33
2021-06-14,1995,2000,1995,2000,848
2021-06-15,2000,2000,2000,2000,93
2021-06-16,1925,1995,1900,1990,1659
2021-06-17,1990,1990,1900,1900,510
2021-06-18,1900,1900,1870,1900,1043
2021-06-21,1850,1950,1850,1950,2413
2021-06-22,1940,1940,1940,1940,16
2021-06-23,1940,1970,1900,1970,1649
2021-06-24,1940,1965,1900,1965,100
2021-06-25,1965,1980,1965,1980,710
2021-06-28,1900,2000,1900,2000,9038
2021-06-29,1960,2050,1960,2020,12304
2021-06-30,2000,2090,1910,2090,2305
2021-07-01,2100,2100,2080,2080,2416
2021-07-02,2100,2100,2080,2100,4426
2021-07-05,2100,2100,2045,2050,2824
2021-07-06,2050,2050,2000,2000,426
2021-07-07,2000,2045,1955,2045,1164
2021-07-08,2040,2050,2000,2050,3752
2021-07-09,2050,2050,2040,2040,316
2021-07-12,2040,2040,2040,2040,383
2021-07-13,2000,2040,2000,2035,2184
2021-07-14,2040,2040,2000,2000,3458
2021-07-15,2000,2040,2000,2040,169
2021-07-16,2030,2050,2020,2045,2670
2021-07-19,2050,2050,2040,2040,190
2021-07-21,2050,2050,2040,2045,3698
2021-07-22,2045,2050,2040,2045,2575
2021-07-23,2050,2085,2000,2085,14330
2021-07-26,2095,2195,2050,2195,4168
2021-07-27,2050,2100,2040,2040,14316
2021-07-28,1940,1940,1940,1940,1128
2021-07-29,2000,2000,1930,2000,518
2021-07-30,1995,1995,1900,1950,92
2021-08-02,1940,1940,1915,1930,361
2021-08-03,1925,1925,1900,1900,495
2021-08-04,1900,1900,1855,1900,2348
2021-08-05,1900,1900,1850,1850,1272
2021-08-06,1850,1890,1850,1890,293
2021-08-09,1890,1895,1890,1895,227
2021-08-10,1895,1895,1800,1890,11520
2021-08-11,1890,1890,1850,1855,455
2021-08-12,1855,1875,1855,1860,260
2021-08-13,1875,1995,1860,1860,5153
2021-08-16,1985,1990,1985,1990,57
2021-08-17,1985,1985,1985,1985,95
2021-08-18,1985,1985,1900,1985,218
2021-08-19,1900,1975,1900,1975,413
2021-08-20,1975,1975,1950,1975,1431
2021-08-23,1975,1975,1905,1975,520
2021-08-24,1975,1975,1925,1970,305
2021-08-25,1970,1970,1905,1905,2004
2021-08-26,1910,1945,1910,1910,3315
2021-08-27,1945,1945,1905,1945,2087
2021-08-30,1945,1970,1940,1940,588
2021-08-31,1940,1970,1910,1910,421
2021-09-01,1970,1970,1915,1915,130
2021-09-02,1970,1970,1945,1950,915
2021-09-03,1965,1970,1950,1950,1622
2021-09-06,1950,1950,1950,1950,643
2021-09-07,1970,1970,1925,1925,3071
2021-09-08,1930,1930,1930,1930,2005
2021-09-09,1930,1980,1900,1980,24467
2021-09-10,1980,1980,1930,1930,423
2021-09-13,1980,1980,1895,1895,4977
2021-09-14,1895,1900,1890,1900,2110
2021-09-15,1865,1865,1860,1865,8068
2021-09-16,1860,1900,1860,1895,903
2021-09-17,1900,1975,1900,1975,507
2021-09-20,1975,2000,1975,1975,2062
2021-09-21,1900,1990,1895,1990,8559
2021-09-22,1905,1985,1905,1985,420
2021-09-23,1900,1900,1895,1900,3480
2021-09-24,1900,1950,1880,1950,3780
2021-09-27,1950,1950,1950,1950,5
2021-09-28,1950,1950,1945,1945,166
2021-09-29,1900,1945,1875,1945,1817
2021-09-30,1900,1945,1900,1945,6388
2021-10-01,1940,1940,1900,1900,14528
2021-10-04,1900,1900,1850,1850,5248
2021-10-05,1900,1900,1850,1850,5893
2021-10-06,1850,1900,1850,1900,621
2021-10-07,1900,1900,1850,1900,6745
2021-10-08,1900,1900,1850,1850,8710
2021-10-11,1850,1850,1850,1850,4008
2021-10-12,1850,1855,1815,1855,517
2021-10-13,1900,1930,1855,1930,7
2021-10-14,1900,1900,1820,1860,6347
2021-10-15,1860,1860,1825,1845,611
2021-10-19,1800,1800,1750,1755,7502
2021-10-20,1750,1750,1730,1730,422
2021-10-21,1745,1745,1610,1700,1260
2021-10-22,1700,1800,1605,1605,2683
2021-10-25,1610,1725,1605,1620,3281
2021-10-26,1625,1740,1625,1630,2301
2021-10-27,1650,1740,1645,1740,680
2021-10-28,1790,1790,1630,1650,1842
2021-10-29,1700,1700,1665,1670,1084
2021-11-03,1795,1795,1700,1700,1060
2021-11-04,1700,1825,1700,1805,1363
2021-11-05,1800,1805,1700,1800,298
2021-11-08,1800,1805,1790,1800,2480
2021-11-09,1800,1800,1720,1780,635
2021-11-10,1800,1800,1700,1800,9174
2021-11-11,1800,1800,1795,1795,205
2021-11-12,1780,1800,1780,1800,531
2021-11-16,1800,1800,1700,1795,362
2021-11-17,1795,1850,1780,1850,2297
2021-11-18,1850,1860,1785,1800,3651
2021-11-19,1800,1850,1700,1700,10654
2021-11-22,1825,1825,1700,1705,1887
2021-11-23,1800,1800,1700,1710,174
2021-11-24,1705,1800,1700,1700,2001
2021-11-25,1775,1775,1700,1700,2168
2021-11-26,1700,1750,1700,1700,854
2021-11-29,1800,1800,1700,1700,2385
2021-11-30,1800,1800,1700,1700,182
2021-12-01,1700,1795,1700,1795,282
2021-12-02,1710,1795,1700,1790,1745
2021-12-03,1800,1800,1750,1750,447
2021-12-06,1795,1795,1650,1650,1571
2021-12-07,1650,1700,1650,1700,3291
2021-12-08,1700,1700,1650,1650,773
2021-12-09,1605,1700,1600,1700,909
2021-12-10,1700,1700,1615,1615,2110
2021-12-13,1700,1700,1645,1650,115
2021-12-14,1650,1700,1600,1600,3823
2021-12-15,1600,1690,1600,1690,2524
2021-12-16,1605,1685,1600,1685,12
2021-12-17,1610,1670,1610,1670,472
2021-12-20,1615,1650,1600,1650,1944
2021-12-21,1610,1610,1600,1600,1579
2021-12-22,1615,1620,1610,1620,469
2021-12-23,1615,1620,1615,1620,710
2021-12-24,1620,1680,1620,1675,147
2021-12-27,1610,1755,1610,1670,1368
2021-12-28,1650,1670,1600,1645,1899
2021-12-29,1600,1650,1525,1525,2957
2021-12-30,1500,1620,1470,1590,6034
2021-12-31,1590,1685,1570,1680,11738
2022-01-03,1650,1650,1600,1600,350
2022-01-04,1645,1645,1490,1500,1257
2022-01-05,1505,1590,1500,1500,376
2022-01-06,1500,1550,1500,1550,768
2022-01-07,1545,1550,1545,1550,1689
2022-01-10,1575,1575,1550,1575,377
2022-01-11,1570,1600,1500,1600,3460
2022-01-12,1510,1600,1510,1600,231
2022-01-13,1650,1700,1600,1700,1449
2022-01-14,1700,1700,1700,1700,791
2022-01-17,1575,1700,1575,1650,285
2022-01-18,1650,1650,1595,1595,388
2022-01-19,1580,1650,1580,1650,1027
2022-01-20,1630,1700,1550,1700,5994
2022-01-21,1700,1800,1700,1790,1982
2022-01-24,1780,1790,1780,1790,400
2022-01-25,1790,1790,1710,1710,186
2022-01-26,1710,1785,1710,1780,1251
2022-01-27,1750,1780,1710,1750,328
2022-01-28,1750,1750,1700,1700,782
2022-01-31,1700,1750,1700,1700,227
2022-02-01,1700,1700,1700,1700,345
2022-02-02,1610,1700,1610,1700,660
2022-02-03,1700,1700,1610,1685,475
2022-02-04,1700,1700,1700,1700,528
2022-02-07,1685,1750,1650,1745,2129
2022-02-08,1740,1740,1650,1740,640
2022-02-09,1700,1700,1630,1660,206
2022-02-10,1700,1700,1660,1700,770
2022-02-11,1690,1690,1640,1640,1957
2022-02-14,1645,1645,1640,1640,976
2022-02-15,1650,1650,1520,1600,2091
2022-02-16,1600,1600,1600,1600,140
2022-02-17,1600,1630,1600,1630,1982
2022-02-18,1630,1630,1630,1630,1413
2022-02-21,1600,1600,1515,1600,2487
2022-02-22,1600,1600,1560,1560,378
2022-02-23,1595,1600,1595,1600,840
2022-02-24,1595,1600,1595,1600,1050
2022-02-25,1595,1595,1590,1595,2000
2022-02-28,1595,1595,1590,1590,7441
2022-03-01,1590,1590,1580,1585,3460
2022-03-02,1585,1585,1500,1580,1240
2022-03-03,1580,1580,1550,1580,8483
2022-03-04,1580,1580,1550,1575,131
2022-03-07,1575,1575,1460,1460,7892
2022-03-08,1565,1565,1465,1470,2099
2022-03-09,1500,1580,1480,1500,945
2022-03-10,1535,1590,1500,1580,2358
2022-03-11,1580,1650,1580,1650,3326
2022-03-14,1580,1580,1540,1575,2138
2022-03-15,1580,1580,1540,1580,9025
2022-03-16,1570,1570,1545,1565,748
2022-03-17,1550,1560,1540,1540,1244
2022-03-18,1540,1540,1470,1470,1193
2022-03-21,1570,1575,1465,1465,2754
2022-03-22,1560,1560,1465,1475,1415
2022-03-23,1475,1560,1475,1475,1265
2022-03-24,1560,1560,1400,1415,7938
2022-03-25,1430,1520,1425,1520,93926
2022-03-28,1520,1540,1520,1540,1138
2022-03-29,1570,1650,1520,1545,708
2022-03-30,1540,1600,1540,1540,313
2022-03-31,1540,1550,1540,1550,941
2022-04-01,1600,1600,1540,1560,2511
2022-04-04,1590,1635,1500,1500,2480
2022-04-05,1545,1585,1390,1405,14966
2022-04-06,1450,1450,1300,1310,3067
2022-04-07,1405,1405,1335,1405,1161
2022-04-08,1510,1510,1405,1405,2183
2022-04-11,1405,1510,1405,1450,1003
2022-04-12,1450,1465,1450,1465,136
2022-04-13,1450,1570,1450,1570,2525
2022-04-14,1570,1570,1475,1475,460
2022-04-15,1475,1510,1475,1480,1051
2022-04-19,1485,1560,1485,1560,6526
2022-04-20,1480,1640,1480,1595,45220
2022-04-21,1600,1600,1480,1585,197
2022-04-22,1480,1585,1480,1585,1574
2022-04-25,1580,1580,1485,1485,696
2022-04-26,1450,1475,1450,1450,1724
2022-04-27,1405,1500,1405,1500,5628
2022-04-29,1575,1575,1500,1500,156
2022-05-03,1495,1495,1490,1490,218
2022-05-04,1480,1480,1415,1460,615
2022-05-05,1450,1450,1405,1405,1528
2022-05-06,1405,1490,1405,1405,148
2022-05-09,1300,1300,1300,1300,6486
2022-05-10,1205,1300,1205,1290,3979
2022-05-11,1290,1290,1215,1220,441
2022-05-12,1215,1280,1215,1280,1563
2022-05-13,1250,1280,1205,1250,1464
2022-05-16,1225,1225,1220,1225,2313
2022-05-17,1210,1250,1210,1250,2959
2022-05-18,1280,1290,1280,1290,377
2022-05-19,1290,1310,1290,1290,5262
2022-05-20,1300,1385,1300,1385,106
2022-05-23,1445,1445,1445,1445,229
2022-05-24,1380,1380,1345,1350,300
2022-05-25,1300,1395,1300,1300,4366
2022-05-27,1335,1395,1300,1390,1766
2022-05-30,1390,1390,1300,1340,2084
2022-05-31,1340,1390,1300,1390,1866
2022-06-01,1390,1390,1300,1390,3029
2022-06-02,1360,1360,1300,1300,315
2022-06-03,1300,1300,1295,1295,711
2022-06-07,1300,1300,1200,1200,4724
2022-06-08,1210,1210,1200,1205,22894
2022-06-09,1295,1295,1290,1295,503
2022-06-10,1300,1335,1300,1335,220
2022-06-13,1305,1340,1300,1340,504
2022-06-14,1340,1340,1300,1330,18
2022-06-15,1340,1340,1330,1330,151
2022-06-16,1345,1345,1300,1300,710
2022-06-17,1345,1345,1340,1340,657
2022-06-20,1340,1440,1250,1340,1990
2022-06-21,1250,1300,1250,1280,456
2022-06-22,1300,1300,1300,1300,140
2022-06-23,1300,1320,1300,1320,318
2022-06-24,1320,1320,1300,1320,309
2022-06-27,1300,1300,1300,1300,3
2022-06-28,1285,1300,1285,1285,71
2022-06-29,1280,1300,1200,1280,2624
2022-06-30,1280,1280,1200,1205,17425
2022-07-01,1205,1295,1205,1295,928
2022-07-04,1305,1305,1305,1305,727
2022-07-05,1305,1320,1305,1315,3283
2022-07-06,1315,1315,1305,1315,707
2022-07-07,1315,1395,1315,1395,5113
2022-07-08,1395,1395,1320,1395,50
2022-07-11,1395,1395,1350,1350,29
2022-07-12,1350,1395,1350,1395,5
2022-07-13,1345,1345,1320,1320,136
2022-07-14,1345,1345,1345,1345,271
2022-07-15,1325,1325,1320,1320,517
2022-07-18,1300,1345,1225,1345,5818
2022-07-19,1345,1345,1300,1300,44
2022-07-20,1300,1300,1300,1300,45
2022-07-21,1300,1300,1255,1300,203
2022-07-22,1300,1340,1300,1340,1010
2022-07-25,1340,1340,1340,1340,417
2022-07-26,1300,1345,1300,1345,1922
2022-07-27,1345,1345,1245,1300,2260
2022-07-28,1345,1345,1300,1300,4050
2022-07-29,1250,1300,1250,1300,158
2022-08-01,1300,1300,1300,1300,537
2022-08-02,1300,1300,1300,1300,105
2022-08-03,1300,1300,1255,1300,172
2022-08-04,1300,1300,1250,1300,2644
2022-08-05,1255,1300,1255,1300,1224
2022-08-09,1300,1340,1260,1340,776
2022-08-10,1340,1340,1260,1285,760
2022-08-11,1290,1340,1260,1340,5796
2022-08-12,1320,1320,1255,1320,2797
2022-08-16,1255,1320,1255,1320,171
2022-08-17,1320,1330,1255,1295,401
2022-08-18,1255,1295,1255,1295,390
2022-08-19,1255,1290,1255,1290,928
2022-08-22,1255,1290,1255,1290,666
2022-08-23,1270,1285,1270,1285,29
2022-08-24,1285,1295,1260,1260,486
2022-08-25,1295,1295,1255,1295,1350
2022-08-26,1255,1295,1255,1295,297
2022-08-29,1260,1295,1255,1295,1906
2022-08-30,1250,1275,1250,1250,853
2022-08-31,1275,1275,1275,1275,51
2022-09-01,1275,1290,1275,1290,237
2022-09-02,1290,1290,1285,1285,67
2022-09-05,1290,1290,1260,1285,560
2022-09-06,1285,1285,1285,1285,107
2022-09-07,1290,1290,1255,1255,238
2022-09-08,1255,1260,1255,1255,146
2022-09-09,1275,1275,1260,1275,2080
2022-09-12,1275,1275,1255,1275,372
2022-09-13,1255,1275,1250,1250,92
2022-09-14,1260,1260,1250,1250,173
2022-09-15,1250,1275,1250,1270,370
2022-09-16,1270,1290,1270,1275,2978
2022-09-19,1290,1290,1280,1290,1187
2022-09-20,1280,1295,1280,1295,659
2022-09-21,1295,1295,1280,1280,345
2022-09-22,1290,1290,1275,1275,6086
2022-09-23,1275,1275,1275,1275,165
2022-09-26,1275,1295,1275,1295,4826
2022-09-27,1295,1295,1275,1275,54
2022-09-28,1295,1295,1250,1250,897
2022-09-29,1250,1250,1250,1250,251
2022-09-30,1250,1250,1245,1245,886
2022-10-03,1245,1245,1225,1245,295
2022-10-04,1230,1250,1215,1215,806
2022-10-05,1220,1220,1220,1220,11
2022-10-06,1220,1220,1220,1220,308
2022-10-07,1250,1250,1220,1250,54
2022-10-10,1250,1250,1215,1215,157
2022-10-11,1215,1250,1215,1250,210
2022-10-12,1250,1340,1250,1310,1108
2022-10-13,1340,1390,1340,1380,1140
2022-10-14,1395,1395,1385,1385,505
2022-10-17,1380,1380,1340,1340,497
2022-10-18,1255,1340,1255,1340,682
2022-10-19,1340,1340,1240,1240,2295
2022-10-20,1240,1240,1150,1165,3406
2022-10-21,1170,1200,1170,1200,432
2022-10-24,1290,1290,1290,1290,228
2022-10-25,1290,1290,1210,1210,157
2022-10-26,1215,1215,1215,1215,12
2022-10-27,1300,1300,1275,1275,9
2022-10-28,1250,1275,1250,1270,153
2022-10-31,1270,1270,1270,1270,385
2022-11-02,1350,1350,1350,1350,68
2022-11-03,1350,1395,1305,1350,1234
2022-11-04,1350,1350,1300,1300,387
2022-11-07,1300,1300,1210,1300,2372
2022-11-08,1205,1295,1205,1295,4106
2022-11-09,1200,1290,1200,1200,7850
2022-11-10,1200,1275,1200,1275,3700
2022-11-11,1235,1275,1235,1235,125
2022-11-16,1230,1235,1160,1160,1432
2022-11-17,1165,1235,1160,1165,419
2022-11-18,1165,1230,1165,1225,99
2022-11-21,1200,1200,1200,1200,890
2022-11-22,1200,1235,1200,1235,923
2022-11-23,1150,1235,1150,1235,1001
2022-11-24,1235,1235,1235,1235,11
2022-11-25,1225,1225,1225,1225,42
2022-11-28,1220,1220,1200,1200,658
2022-11-29,1200,1200,1195,1195,925
2022-11-30,1195,1195,1195,1195,88
2022-12-01,1200,1200,1110,1110,1106
2022-12-02,1105,1105,1105,1105,165
2022-12-05,1080,1185,1080,1185,411
2022-12-06,1200,1200,1185,1185,67
2022-12-07,1200,1200,1200,1200,18
2022-12-09,1195,1250,1195,1250,4892
2022-12-12,1225,1295,1160,1290,1457
2022-12-13,1300,1300,1290,1290,58
2022-12-14,1350,1350,1350,1350,5974
2022-12-15,1250,1300,1250,1295,1475
2022-12-16,1290,1290,1205,1290,81
2022-12-19,1200,1200,1200,1200,677
2022-12-20,1200,1250,1110,1250,632
2022-12-21,1250,1250,1250,1250,25
2022-12-22,1245,1340,1245,1340,15285
2022-12-23,1335,1395,1335,1395,8088
2022-12-27,1300,1495,1300,1495,18461
2022-12-28,1430,1525,1430,1525,15451
2022-12-29,1520,1630,1505,1630,13643
2022-12-30,1600,1600,1585,1600,2011
2023-01-02,1480,1495,1480,1495,141
2023-01-03,1495,1495,1440,1440,233
2023-01-04,1440,1440,1435,1440,369
2023-01-05,1395,1395,1395,1395,41
2023-01-06,1395,1395,1390,1390,50
2023-01-10,1375,1375,1300,1300,7
2023-01-11,1295,1295,1295,1295,10
2023-01-12,1300,1300,1300,1300,1168
2023-01-13,1300,1300,1300,1300,355
2023-01-17,1300,1350,1300,1350,104
2023-01-18,1380,1380,1350,1350,568
2023-01-19,1350,1350,1350,1350,10
2023-01-20,1300,1350,1300,1350,76
2023-01-23,1350,1400,1290,1400,362
2023-01-25,1400,1400,1300,1400,65
2023-01-26,1395,1395,1340,1340,90
2023-01-27,1340,1340,1255,1280,253
2023-01-30,1255,1350,1185,1350,1971
2023-01-31,1300,1350,1280,1350,691
2023-02-02,1325,1325,1250,1250,451
2023-02-03,1205,1250,1205,1250,417
2023-02-06,1250,1250,1160,1250,539
2023-02-07,1245,1250,1160,1250,504
2023-02-08,1250,1250,1200,1200,39
2023-02-09,1250,1255,1250,1255,1521
2023-02-10,1255,1255,1250,1250,609
2023-02-13,1255,1255,1160,1160,6042
2023-02-14,1200,1200,1080,1080,5537
2023-02-16,1160,1160,1145,1145,90
2023-02-17,1200,1200,1200,1200,168
2023-02-20,1200,1200,1200,1200,500
2023-02-21,1280,1280,1280,1280,5
2023-02-22,1275,1275,1200,1200,126
2023-02-23,1205,1260,1200,1260,310
2023-02-24,1200,1250,1200,1250,542
2023-02-27,1200,1245,1200,1200,1021
2023-02-28,1200,1200,1190,1195,166
2023-03-02,1190,1200,1160,1200,752
2023-03-03,1200,1200,1200,1200,100078
2023-03-06,1200,1235,1165,1235,109
2023-03-07,1175,1200,1175,1200,17
2023-03-08,1200,1200,1195,1195,260
2023-03-10,1175,1175,1165,1165,366
2023-03-13,1170,1170,1165,1165,463
2023-03-14,1165,1170,1160,1160,1312
2023-03-15,1200,1200,1200,1200,1645
2023-03-16,1200,1200,1200,1200,23
2023-03-20,1200,1205,1200,1205,384
2023-03-21,1225,1225,1200,1200,373
2023-03-22,1200,1200,1180,1180,380
2023-03-23,1195,1200,1160,1200,240
2023-03-24,1220,1220,1200,1200,41
2023-03-27,1210,1225,1200,1225,139
2023-03-28,1225,1225,1200,1200,814
2023-03-29,1200,1200,1200,1200,88
2023-03-30,1150,1150,1150,1150,588
2023-03-31,1150,1195,1080,1195,546
2023-04-03,1200,1200,1110,1110,2567
2023-04-05,1110,1150,1110,1150,95
2023-04-06,1200,1200,1150,1150,271
2023-04-07,1200,1200,1200,1200,150
2023-04-11,1230,1230,1200,1200,400
2023-04-12,1115,1230,1110,1230,303
2023-04-13,1230,1230,1230,1230,88
2023-04-17,1225,1225,1225,1225,4
2023-04-19,1225,1225,1205,1205,36
2023-04-24,1185,1185,1185,1185,35
2023-04-25,1185,1185,1185,1185,70
2023-04-26,1180,1180,1100,1100,66
2023-04-27,1100,1180,1100,1180,80
2023-04-28,1175,1175,1100,1175,233
2023-05-02,1100,1100,1090,1090,145
2023-05-04,1170,1170,1170,1170,85
2023-05-05,1170,1170,1100,1170,170
2023-05-08,1175,1175,1175,1175,90
2023-05-09,1090,1175,1090,1175,1166
2023-05-10,1170,1185,1170,1185,1216
2023-05-11,1170,1185,1170,1185,435
2023-05-12,1185,1185,1175,1180,2999
2023-05-15,1185,1185,1180,1180,27
2023-05-16,1150,1150,1100,1140,332
2023-05-17,1100,1145,1100,1145,302
2023-05-19,1145,1180,1140,1150,1431
2023-05-22,1150,1170,1090,1170,1592
2023-05-23,1170,1180,1100,1175,2003
2023-05-25,1175,1175,1100,1170,206
2023-05-26,1175,1175,1090,1165,1135
2023-05-30,1165,1200,1165,1200,403
2023-05-31,1200,1200,1165,1185,1129
2023-06-01,1165,1170,1165,1170,20
2023-06-02,1170,1170,1165,1170,43
2023-06-05,1165,1185,1095,1180,1865
2023-06-06,1095,1095,1095,1095,929
2023-06-07,1100,1175,1100,1175,101
2023-06-08,1180,1180,1170,1170,83
2023-06-09,1100,1100,1100,1100,8
2023-06-12,1170,1170,1170,1170,3
2023-06-13,1150,1150,1150,1150,2
2023-06-14,1090,1100,1085,1100,5802
2023-06-15,1080,1145,1080,1100,202
2023-06-16,1100,1100,1100,1100,720
2023-06-19,1100,1100,1050,1100,1386
2023-06-20,1100,1100,1050,1100,170
2023-06-21,1100,1100,1100,1100,329
2023-06-22,1100,1100,1080,1100,1555
2023-06-23,1080,1100,1080,1100,664
2023-06-26,1100,1100,1080,1080,1825
2023-06-27,1100,1100,1100,1100,18
2023-06-29,1095,1095,1080,1095,165
2023-06-30,1100,1100,1100,1100,500
2023-07-03,1100,1170,1100,1170,2074
2023-07-04,1100,1170,1100,1100,6506
2023-07-05,1150,1150,1100,1100,170
2023-07-06,1100,1150,1100,1100,12301
2023-07-07,1100,1100,1100,1100,658
2023-07-10,1090,1100,1090,1100,223
2023-07-11,1100,1100,1100,1100,90
2023-07-12,1100,1150,1100,1150,14
2023-07-13,1145,1170,1100,1170,1518
2023-07-14,1100,1170,1100,1100,15423
2023-07-17,1170,1180,1100,1180,476
2023-07-18,1180,1180,1100,1100,24428
2023-07-19,1170,1170,1080,1080,1138
2023-07-20,1100,1150,1100,1105,7765
2023-07-21,1100,1150,1100,1110,272
2023-07-24,1130,1130,1080,1080,2795
2023-07-25,1090,1140,1030,1100,14587
2023-07-27,1120,1120,1120,1120,2
2023-07-28,1145,1145,1125,1125,142
2023-07-31,1120,1120,1115,1115,313
2023-08-01,1115,1120,1115,1115,474
2023-08-02,1125,1125,1100,1115,5067
2023-08-03,1110,1115,1100,1100,3426
2023-08-04,1100,1125,1100,1125,621
2023-08-08,1125,1125,1100,1125,46877
2023-08-09,1125,1125,1100,1100,201
2023-08-10,1125,1125,1100,1125,4647
2023-08-11,1125,1125,1100,1100,4016
2023-08-14,1080,1120,1080,1100,260
2023-08-16,1150,1175,1150,1175,1074
2023-08-17,1150,1150,1100,1120,1245
2023-08-18,1120,1120,1120,1120,5151
2023-08-21,1120,1120,1100,1100,1011
2023-08-22,1120,1120,1120,1120,600
2023-08-23,1120,1120,1105,1105,645
2023-08-24,1120,1120,1105,1110,900
2023-08-25,1110,1120,1110,1120,520
2023-08-28,1120,1120,1115,1115,13811
2023-08-29,1120,1120,1110,1110,6216
2023-08-30,1115,1115,1115,1115,136
2023-08-31,1115,1115,1110,1115,4833
2023-09-01,1120,1120,1120,1120,289
2023-09-04,1120,1120,1115,1120,421
2023-09-05,1120,1120,1115,1120,224
2023-09-06,1115,1120,1115,1120,868
2023-09-07,1115,1120,1115,1120,248
2023-09-08,1120,1120,1110,1120,9951
2023-09-11,1175,1175,1115,1115,890
2023-09-12,1115,1120,1115,1120,211
2023-09-13,1120,1120,1105,1115,5224
2023-09-14,1115,1115,1105,1115,3236
2023-09-15,1115,1115,1105,1115,354
2023-09-18,1115,1115,1110,1110,901
2023-09-19,1110,1115,1110,1115,1677
2023-09-20,1115,1175,1115,1175,596
2023-09-21,1175,1175,1175,1175,20
2023-09-22,1170,1170,1170,1170,30
2023-09-25,1170,1170,1170,1170,228
2023-09-26,1170,1170,1120,1120,8003
2023-09-28,1120,1120,1115,1120,1033
2023-09-29,1120,1120,1115,1115,45
2023-10-02,1115,1120,1115,1115,131
2023-10-03,1170,1170,1170,1170,42
2023-10-04,1115,1170,1085,1170,4529
2023-10-05,1100,1170,1100,1170,222
2023-10-06,1175,1175,1105,1175,171
2023-10-09,1170,1170,1170,1170,323
2023-10-10,1165,1165,1165,1165,6
2023-10-11,1115,1160,1115,1160,5159
2023-10-12,1150,1170,1115,1170,42528
2023-10-13,1160,1170,1115,1170,2101
2023-10-16,1170,1170,1115,1160,55323
2023-10-18,1140,1140,1075,1075,1665
2023-10-19,1085,1085,1075,1075,420
2023-10-20,1075,1075,1075,1075,3
2023-10-23,1100,1100,1100,1100,66
2023-10-24,1110,1110,1085,1100,5309
2023-10-25,1085,1100,1085,1100,113
2023-10-26,1075,1075,1075,1075,351
2023-10-27,1075,1080,1075,1080,126
2023-10-30,1100,1100,1075,1100,466
2023-10-31,1180,1180,1180,1180,22016
2023-11-02,1250,1260,1250,1260,1059
2023-11-03,1300,1350,1300,1350,3863
2023-11-06,1420,1450,1300,1420,11477
2023-11-07,1525,1525,1520,1525,2651
2023-11-08,1635,1635,1525,1525,8758
2023-11-09,1525,1595,1500,1500,1116
2023-11-10,1500,1500,1400,1420,12447
2023-11-13,1405,1475,1405,1470,6061
2023-11-14,1465,1580,1465,1580,8736
2023-11-16,1475,1580,1475,1570,2490
2023-11-17,1580,1580,1485,1570,766
2023-11-20,1510,1600,1510,1595,9164
2023-11-21,1595,1650,1480,1650,19957
2023-11-22,1550,1770,1550,1770,3763
2023-11-23,1770,1770,1640,1700,1066
2023-11-24,1650,1815,1650,1815,5219
2023-11-27,1750,1810,1700,1800,1500
2023-11-28,1780,1850,1780,1830,6879
2023-11-29,1700,1800,1700,1750,404
2023-11-30,1750,1750,1700,1745,1031
2023-12-01,1695,1745,1670,1745,359
2023-12-04,1720,1745,1720,1740,700
2023-12-05,1615,1740,1615,1740,7523
2023-12-06,1610,1740,1610,1740,7972
2023-12-07,1735,1820,1735,1820,21741
2023-12-08,1800,1850,1685,1845,23149
2023-12-11,1840,1845,1840,1845,20898
2023-12-12,1800,1810,1800,1800,1433
2023-12-13,1710,1795,1710,1795,1050
2023-12-14,1750,1750,1680,1685,2787
2023-12-15,1685,1810,1665,1810,11488
2023-12-18,1800,1800,1680,1800,3187
2023-12-19,1680,1800,1670,1800,3060
2023-12-20,1680,1925,1680,1925,36796
2023-12-21,1785,2000,1785,2000,11649
2023-12-22,1925,2085,1850,2085,40330
2023-12-26,2075,2085,1980,2070,1284
2023-12-27,2070,2070,1970,2025,446
2023-12-28,1910,1995,1885,1985,3011
2023-12-29,1900,1970,1840,1840,554
2024-01-02,1800,1800,1765,1800,2275
2024-01-03,1710,1720,1680,1710,944
2024-01-04,1710,1790,1685,1790,1064
2024-01-05,1790,1800,1790,1795,10610
2024-01-08,1750,1750,1700,1700,250
2024-01-09,1700,1745,1700,1745,864
2024-01-10,1700,1700,1700,1700,10
2024-01-11,1690,1745,1610,1745,1204
2024-01-12,1745,1745,1700,1745,232
2024-01-15,1675,1745,1675,1735,50
2024-01-16,1735,1735,1675,1735,173
2024-01-17,1735,1740,1630,1630,1332
2024-01-18,1650,1745,1650,1745,169
2024-01-22,1750,1750,1745,1750,4673
2024-01-23,1740,1750,1740,1750,500
2024-01-24,1750,1750,1705,1705,7
2024-01-25,1750,1750,1700,1750,978
2024-01-26,1750,1750,1700,1750,168
2024-01-29,1685,1750,1685,1750,105
2024-01-30,1750,1750,1700,1740,688
2024-01-31,1675,1750,1675,1750,120
2024-02-01,1740,1740,1675,1740,250
2024-02-02,1720,1720,1715,1715,173
2024-02-05,1700,1740,1700,1740,66
2024-02-06,1740,1740,1655,1730,434
2024-02-07,1700,1700,1650,1700,209
2024-02-08,1740,1740,1705,1705,8909
2024-02-09,1800,1800,1740,1800,3080
2024-02-13,1750,1900,1750,1800,1262
2024-02-14,1890,1935,1800,1935,17417
2024-02-15,1820,1995,1820,1950,1394
2024-02-16,1950,1950,1805,1930,4602
2024-02-19,1805,1950,1805,1950,4860
2024-02-20,1930,1930,1815,1930,562
2024-02-21,1995,1995,1920,1995,139
2024-02-22,2000,2000,1855,1995,459
2024-02-23,1995,1995,1865,1990,439
2024-02-26,1875,1995,1875,1890,2918
2024-02-27,1890,1995,1890,1995,97
2024-02-28,2000,2000,1990,1990,110
2024-02-29,1985,1985,1895,1985,64
2024-03-01,1985,1985,1900,1900,627
2024-03-04,1895,1900,1875,1900,520
2024-03-05,1900,1975,1900,1975,1690
2024-03-06,1950,1950,1865,1950,1994
2024-03-07,1975,1975,1905,1955,837
2024-03-08,1900,1945,1900,1945,128
2024-03-11,1850,1945,1850,1940,73
2024-03-12,1870,1940,1870,1940,235
2024-03-13,1945,1945,1940,1940,250
2024-03-14,1900,1900,1900,1900,910
2024-03-15,1935,1940,1870,1900,4041
2024-03-18,1900,1940,1900,1940,2012
2024-03-19,1900,1940,1900,1940,3086
2024-03-20,1940,1940,1850,1900,289
2024-03-21,1940,1940,1900,1900,1778
2024-03-22,1900,1940,1900,1940,214
2024-03-25,1940,1940,1905,1940,1397
2024-03-26,1910,1940,1910,1940,93
2024-03-27,1935,1935,1900,1935,2430
2024-03-28,1935,1940,1900,1940,46
2024-03-29,1930,1930,1930,1930,125
2024-04-02,1930,1930,1900,1930,7481
2024-04-03,1930,1930,1880,1930,1649
2024-04-04,1930,1930,1930,1930,51
2024-04-05,1930,1930,1925,1930,165
2024-04-08,1925,1925,1925,1925,312
2024-04-09,1920,1920,1920,1920,265
2024-04-11,1920,1930,1900,1925,2260
2024-04-12,1930,1930,1915,1915,760
2024-04-15,1925,1930,1925,1930,682
2024-04-16,1930,1930,1900,1930,291
2024-04-17,1905,1930,1905,1930,629
2024-04-18,1930,2000,1850,2000,19413
2024-04-19,1995,1995,1855,1855,208
2024-04-22,1935,1935,1935,1935,23
2024-04-23,1875,1935,1860,1930,1026
2024-04-24,1930,2000,1865,2000,3487
2024-04-25,2000,2000,1990,1990,30
2024-04-26,1990,1995,1990,1995,1264
2024-04-29,1990,1995,1990,1995,320
2024-04-30,1995,1995,1995,1995,288
2024-05-02,1995,2000,1990,2000,1969
2024-05-03,1965,1965,1935,1965,2660
2024-05-06,1965,1965,1935,1965,700
2024-05-07,1950,1950,1950,1950,119
2024-05-08,1960,1960,1810,1910,4370
2024-05-10,1910,1950,1820,1950,1617
2024-05-13,1910,1910,1875,1900,529
2024-05-14,1760,1760,1760,1760,152
2024-05-15,1650,1650,1630,1630,43
2024-05-16,1510,1510,1510,1510,1104
2024-05-17,1400,1400,1400,1400,1651
2024-05-21,1295,1395,1295,1340,17712
2024-05-22,1300,1325,1300,1325,5566
2024-05-23,1320,1390,1300,1390,11463
2024-05-24,1350,1390,1300,1385,19073
2024-05-27,1380,1380,1320,1380,5630
2024-05-28,1370,1375,1370,1375,635
2024-05-29,1380,1380,1280,1350,8868
2024-05-30,1350,1380,1275,1350,10312
2024-05-31,1350,1350,1290,1350,936
2024-06-03,1350,1350,1300,1350,5605
2024-06-04,1320,1350,1280,1280,12034
2024-06-05,1285,1345,1285,1345,1155
2024-06-06,1340,1350,1340,1350,908
2024-06-07,1350,1350,1305,1350,1151
2024-06-10,1350,1350,1300,1345,8698
2024-06-11,1345,1350,1345,1345,1466
2024-06-12,1350,1370,1350,1370,8669
2024-06-13,1370,1370,1365,1370,292
2024-06-14,1360,1370,1350,1365,5876
2024-06-18,1365,1365,1360,1360,844
2024-06-19,1345,1345,1310,1340,917
2024-06-20,1310,1330,1310,1325,1111
2024-06-21,1325,1325,1300,1300,1128
2024-06-24,1325,1330,1305,1330,3959
2024-06-25,1335,1350,1330,1350,341
2024-06-26,1330,1345,1330,1345,178
2024-06-27,1345,1355,1345,1355,3497
2024-06-28,1355,1380,1355,1380,5318
2024-07-01,1380,1390,1380,1390,5565
2024-07-02,1390,1400,1390,1400,556
2024-07-03,1400,1400,1370,1370,5572
2024-07-04,1370,1390,1370,1375,557
2024-07-05,1375,1375,1375,1375,5963
2024-07-08,1370,1385,1350,1385,271
2024-07-09,1350,1390,1350,1390,2216
2024-07-10,1390,1400,1380,1400,2655
2024-07-11,1400,1400,1400,1400,670
2024-07-12,1390,1400,1390,1390,5834
2024-07-15,1395,1395,1380,1395,435
2024-07-16,1390,1390,1355,1375,799
2024-07-17,1375,1385,1355,1355,205
2024-07-18,1375,1395,1355,1395,365
2024-07-19,1395,1395,1395,1395,258
2024-07-22,1395,1400,1365,1395,11166
2024-07-23,1400,1400,1390,1395,1934
2024-07-24,1395,1395,1385,1390,1036
2024-07-25,1390,1390,1390,1390,1827
2024-07-26,1390,1390,1390,1390,343
2024-07-29,1390,1395,1390,1395,516
2024-07-30,1395,1400,1390,1400,6061
2024-07-31,1400,1400,1390,1395,407
2024-08-01,1390,1450,1390,1450,1117
2024-08-02,1550,1555,1450,1520,613
2024-08-05,1510,1510,1450,1490,70
2024-08-06,1450,1490,1450,1490,261
2024-08-08,1490,1490,1485,1485,265
2024-08-09,1485,1490,1450,1490,1145
2024-08-12,1510,1510,1490,1510,865
2024-08-13,1500,1500,1485,1485,332
2024-08-14,1390,1485,1375,1485,911
2024-08-16,1375,1485,1375,1475,152
2024-08-19,1410,1475,1410,1475,229
2024-08-20,1410,1455,1410,1455,1148
2024-08-21,1410,1455,1410,1455,269
2024-08-22,1455,1455,1410,1450,623
2024-08-23,1455,1460,1415,1445,373
2024-08-26,1450,1450,1445,1445,534
2024-08-27,1430,1445,1430,1445,234
2024-08-28,1445,1445,1445,1445,2
2024-08-29,1410,1445,1410,1445,433
2024-08-30,1460,1490,1440,1490,5883
2024-09-02,1485,1500,1460,1500,2541
2024-09-03,1485,1500,1485,1500,135
2024-09-04,1485,1500,1475,1475,1111
2024-09-05,1495,1500,1495,1500,3315
2024-09-06,1500,1510,1480,1500,3969
2024-09-09,1500,1520,1450,1510,618
2024-09-10,1450,1450,1450,1450,1351
2024-09-11,1495,1495,1410,1415,481
2024-09-12,1410,1450,1410,1415,2739
2024-09-13,1415,1495,1415,1490,5748
2024-09-16,1490,1495,1490,1490,1581
2024-09-17,1500,1510,1500,1510,4701
2024-09-18,1530,1530,1415,1500,3028
2024-09-19,1490,1500,1400,1500,6313
2024-09-20,1510,1510,1500,1500,952
2024-09-23,1510,1510,1400,1410,5529
2024-09-24,1500,1515,1500,1500,2313
2024-09-25,1500,1530,1500,1530,3734
2024-09-26,1305,1480,1300,1450,1342
2024-09-27,1450,1530,1345,1345,3168
2024-09-30,1345,1440,1345,1440,162
2024-10-01,1440,1450,1345,1440,863
2024-10-02,1435,1440,1335,1335,2048
2024-10-03,1435,1435,1235,1430,8514
2024-10-04,1425,1430,1335,1430,671
2024-10-07,1425,1430,1325,1430,330
2024-10-08,1405,1430,1325,1430,1385
2024-10-09,1430,1430,1325,1400,7253
2024-10-10,1350,1395,1350,1395,5230
2024-10-11,1375,1395,1350,1390,1326
2024-10-14,1390,1450,1390,1440,1009
2024-10-15,1430,1430,1350,1425,1502
2024-10-16,1420,1420,1360,1410,142
2024-10-17,1410,1450,1410,1445,6555
2024-10-18,1440,1440,1440,1440,72
2024-10-21,1360,1435,1360,1425,782
2024-10-22,1350,1425,1350,1425,295
2024-10-23,1425,1425,1420,1420,227
2024-10-24,1355,1420,1355,1400,179
2024-10-25,1400,1400,1360,1360,191
2024-10-28,1395,1400,1365,1400,1055
2024-10-29,1360,1400,1360,1400,1153
2024-10-30,1365,1400,1365,1395,241
2024-10-31,1365,1395,1365,1395,930
2024-11-04,1425,1445,1350,1395,10723
2024-11-05,1395,1395,1355,1380,2686
2024-11-06,1385,1400,1380,1400,1128
2024-11-07,1400,1440,1400,1440,1963
2024-11-08,1445,1470,1445,1470,2253
2024-11-11,1500,1550,1500,1515,24504
2024-11-12,1545,1550,1480,1550,21617
2024-11-13,1550,1600,1550,1590,9846
2024-11-14,1590,1590,1570,1570,3016
2024-11-18,1575,1580,1570,1575,8999
2024-11-19,1575,1590,1575,1590,7678
2024-11-20,1590,1600,1585,1600,1480
2024-11-21,1600,1600,1580,1600,13591
2024-11-22,1600,1600,1570,1570,3313
2024-11-25,1570,1685,1570,1670,8464
2024-11-26,1680,1680,1625,1660,3203
2024-11-27,1670,1695,1660,1695,4927
2024-11-28,1700,1700,1695,1695,4245
2024-11-29,1720,1800,1680,1800,27969
2024-12-02,1800,1850,1800,1820,9589
2024-12-03,1830,1850,1800,1845,5997
2024-12-04,1850,1850,1810,1845,2531
2024-12-05,1850,1860,1840,1840,3230
2024-12-06,1840,1840,1805,1805,850
2024-12-09,1805,1805,1760,1760,1226
2024-12-10,1760,1760,1700,1745,1311
2024-12-11,1710,1745,1655,1745,2154
2024-12-12,1730,1730,1700,1730,1615
2024-12-13,1730,1730,1650,1700,3873
2024-12-16,1700,1720,1680,1720,3080
2024-12-17,1720,1725,1700,1725,2090
2024-12-18,1725,1745,1720,1745,32213
2024-12-19,1700,1745,1670,1730,1409
2024-12-20,1680,1730,1680,1730,419
2024-12-23,1700,1745,1690,1745,2202
2024-12-24,1725,1725,1700,1700,109
2024-12-26,1700,1730,1685,1730,843
2024-12-27,1740,1740,1680,1730,652
2024-12-30,1750,1855,1700,1855,29458
2024-12-31,1855,1855,1850,1850,3385
2025-01-02,1850,1900,1845,1895,2363
2025-01-03,1890,1900,1885,1885,877
2025-01-06,1880,1880,1810,1875,325
2025-01-07,1865,1870,1830,1835,2437
2025-01-08,1875,1875,1820,1820,3353
2025-01-09,1810,1820,1810,1815,544
2025-01-10,1810,1810,1770,1805,3115
2025-01-13,1805,1805,1805,1805,1387
2025-01-14,1800,1805,1780,1805,3523
2025-01-15,1800,1840,1800,1840,4565
2025-01-16,1840,1840,1815,1840,1578
2025-01-17,1840,1850,1815,1850,5225
2025-01-20,1825,1850,1805,1840,2298
2025-01-21,1840,1925,1840,1905,16160
2025-01-22,1925,1985,1880,1945,5658
2025-01-23,1945,1945,1910,1910,688
2025-01-24,1910,1930,1910,1925,1042
2025-01-27,1925,1925,1900,1920,955
2025-01-28,1920,1935,1905,1920,5886
2025-01-29,1915,1915,1910,1910,4679
2025-01-30,1905,1910,1875,1875,7866
2025-01-31,1900,1910,1875,1910,1964
2025-02-03,1880,1910,1880,1895,850
2025-02-04,1880,1905,1880,1885,2902
2025-02-05,1900,1905,1900,1900,592
2025-02-06,1905,1935,1905,1925,8248
2025-02-07,1925,1950,1925,1950,947
2025-02-10,1950,1985,1950,1985,1048
2025-02-11,1985,1995,1950,1985,3429
2025-02-12,1980,1995,1950,1985,4714
2025-02-13,1955,1995,1955,1995,2044
2025-02-14,1995,2000,1980,1980,508
2025-02-17,1985,1990,1955,1990,4385
2025-02-18,1965,1990,1950,1960,10302
2025-02-19,1980,2000,1980,1980,1759
2025-02-20,2000,2015,1980,2015,4993
2025-02-21,2160,2165,2160,2165,3355
2025-02-24,2250,2325,2250,2300,14937
2025-02-25,2280,2400,2280,2300,17783
2025-02-26,2295,2440,2265,2385,19391
2025-02-27,2325,2420,2325,2325,3089
2025-02-28,2325,2440,2325,2400,1985
2025-03-03,2445,2450,2380,2450,27213
2025-03-04,2460,2500,2450,2500,11011
2025-03-05,2500,2565,2495,2555,5258
2025-03-06,2570,2745,2500,2745,14555
2025-03-07,2950,2950,2950,2950,9903
2025-03-10,3170,3170,3165,3165,4620
2025-03-11,3255,3370,3165,3170,19607
2025-03-12,3170,3200,3050,3050,4634
2025-03-13,3050,3050,2995,3005,10334
2025-03-14,2995,3175,2995,3175,8259
2025-03-17,3200,3355,3200,3355,12254
2025-03-18,3295,3390,3295,3375,12037
2025-03-19,3310,3375,3125,3125,25119
2025-03-20,3150,3300,3150,3300,2187
2025-03-21,3300,3300,3200,3295,3445
2025-03-24,3295,3300,3205,3300,4889
2025-03-25,3295,3300,3155,3200,7420
2025-03-26,3050,3285,2965,3200,16498
2025-03-28,3200,3280,3085,3280,6514
2025-04-01,3280,3280,3095,3095,1709
2025-04-02,3100,3200,3000,3100,96446
2025-04-03,3100,3200,3100,3100,14792
2025-04-04,3070,3200,3060,3200,8780
2025-04-07,3190,3200,3045,3100,6788
2025-04-08,3055,3095,3040,3095,8625
2025-04-09,3150,3320,3150,3300,52102
2025-04-10,3320,3380,3250,3300,55370
2025-04-11,3400,3400,3360,3375,50359
2025-04-14,3380,3400,3380,3400,46503
2025-04-15,3400,3400,3345,3400,21795
2025-04-16,3405,3405,3345,3390,16194
2025-04-17,3390,3390,3340,3350,12192
2025-04-18,3345,3350,3300,3350,5123
2025-04-22,3350,3375,3300,3305,10893
2025-04-23,3350,3350,3290,3290,7732
2025-04-24,3295,3295,3225,3250,10221
2025-04-25,3250,3295,3180,3240,43172
2025-04-28,3250,3250,3225,3225,14555
2025-04-29,3225,3250,3190,3225,31274
2025-04-30,3250,3290,3225,3225,15499
2025-05-02,3220,3220,3050,3150,14953
2025-05-05,3100,3150,3010,3080,18414
2025-05-06,3080,3080,3000,3000,23456
2025-05-07,3010,3225,3010,3225,56287
2025-05-08,3465,3465,3465,3465,665833
2025-05-09,3720,3720,3465,3720,29938
2025-05-12,3770,3985,3535,3975,20089
2025-05-13,3965,3985,3745,3950,19384
2025-05-14,3900,4195,3855,4145,28880
2025-05-15,4095,4150,4050,4150,31293
2025-05-16,4115,4115,3840,3995,31783
2025-05-19,4000,4050,3830,3990,15748
2025-05-20,3990,4000,3900,3990,25155
2025-05-21,3990,3995,3890,3985,16873
2025-05-22,3945,4000,3900,3940,36369
2025-05-23,4000,4235,3940,4235,64613
2025-05-26,4550,4550,4550,4550,11214
2025-05-27,4890,4890,4890,4890,5813
2025-05-28,5255,5255,5255,5255,1950
2025-05-30,5645,5645,5645,5645,2867
2025-06-02,6065,6065,6065,6065,16953
2025-06-03,6515,6515,6490,6515,221698
2025-06-04,6520,6845,6400,6400,65857
2025-06-05,6350,6350,6200,6200,31292
2025-06-10,6110,6110,5735,5735,41972
2025-06-11,5305,6000,5305,5735,86835
2025-06-12,5795,5800,5700,5795,13995
2025-06-13,5805,5815,5740,5780,23873
2025-06-16,5800,5800,5600,5670,30778
2025-06-17,5670,5750,5670,5700,7186
2025-06-18,5700,5700,5680,5695,5208
2025-06-19,5695,5695,5565,5565,9844
2025-06-20,5510,5510,5490,5495,15614
2025-06-23,5480,5480,5285,5300,40245
2025-06-24,5295,5300,4915,5000,41195
2025-06-25,5000,5000,4800,4890,20379
2025-06-26,4895,4895,4525,4525,21359
2025-06-27,4190,4190,4190,4190,9370
2025-06-30,3880,3880,3880,3880,11512
2025-07-01,3590,3800,3590,3800,56568
2025-07-02,3805,4085,3805,4085,33660
2025-07-03,4390,4390,4390,4390,5895
2025-07-04,4715,4715,4090,4495,46607
2025-07-07,4475,4600,4475,4550,18873
2025-07-08,4550,4590,4480,4590,15272
2025-07-09,4500,4590,4400,4475,8907
2025-07-10,4565,4575,4250,4475,9088
2025-07-11,4140,4450,4140,4395,11662
2025-07-14,4400,4400,4255,4325,16322
2025-07-15,4385,4395,4200,4325,8022
2025-07-16,4335,4440,4300,4360,22677
2025-07-17,4395,4400,4300,4300,7743
2025-07-18,4385,4395,4360,4370,3803
2025-07-21,4395,4550,4390,4500,42771
2025-07-22,4500,4695,4500,4695,31889
2025-07-23,4800,5045,4800,5045,21754
2025-07-24,5345,5350,5045,5145,42660
2025-07-25,5145,5145,4860,4860,4554
2025-07-28,4840,4840,4615,4690,5288
2025-07-29,4775,4800,4670,4800,2750
2025-07-30,4800,4850,4800,4850,9003
2025-07-31,4800,4990,4800,4990,2294
2025-08-01,4865,4980,4850,4950,3215
2025-08-04,4950,4950,4900,4905,2380
2025-08-05,4880,4900,4860,4875,2715
2025-08-06,4860,4900,4860,4900,2567
2025-08-08,4870,4895,4800,4810,11785
2025-08-11,4850,4875,4820,4825,4503
2025-08-12,4845,4845,4750,4815,2806
2025-08-13,4810,4815,4740,4805,3507
2025-08-14,4790,4805,4750,4750,1362
2025-08-18,4795,4795,4705,4705,10317
2025-08-19,4790,4790,4710,4785,4780
2025-08-20,4700,4790,4700,4780,5518
2025-08-21,4790,4800,4780,4800,8716
2025-08-22,4800,4900,4800,4850,2899
2025-08-25,4905,4945,4850,4920,7632
2025-08-26,4900,4950,4850,4875,6877
2025-08-27,4870,4885,4830,4885,11617
2025-08-28,4885,4900,4850,4850,6214
2025-08-29,4850,4895,4755,4790,9349
2025-09-01,4750,4790,4720,4790,9712
2025-09-02,4700,4725,4625,4710,8291
2025-09-03,4710,4725,4705,4715,6590
2025-09-05,4725,4785,4725,4760,9334
2025-09-08,4760,4790,4760,4775,7755
2025-09-09,4775,4785,4760,4785,14513
2025-09-10,4775,4790,4775,4790,10825
2025-09-11,4790,4840,4720,4790,25046
2025-09-12,4795,4800,4750,4790,8261
2025-09-15,4790,4800,4750,4760,12752
2025-09-16,4765,4770,4600,4600,13827
2025-09-17,4775,4775,4520,4610,22467
2025-09-18,4500,4690,4500,4635,12053
2025-09-19,4685,4700,4600,4600,31021
2025-09-22,4600,4635,4590,4605,24606
2025-09-23,4605,4605,4385,4385,30878
2025-09-24,4370,4370,4060,4060,17681
2025-09-25,3760,3790,3760,3760,28165
2025-09-26,1885,2185,1885,2185,31731
2025-09-29,2185,2345,2185,2345,25841
2025-09-30,2370,2520,2350,2520,20862
2025-10-01,2600,2705,2600,2705,26223
2025-10-02,2905,2905,2905,2905,11254
2025-10-03,3120,3120,3120,3120,9038
2025-10-06,3350,3350,3350,3350,35374
2025-10-07,3395,3395,3100,3100,29241
2025-10-08,2870,2870,2870,2870,31234
2025-10-09,2655,2705,2655,2705,24431
2025-10-10,2705,2905,2705,2905,8760
2025-10-13,3100,3100,2950,3095,28363
2025-10-14,3080,3080,2920,3000,10456
2025-10-15,2800,2995,2800,2995,8691
2025-10-16,2995,2995,2930,2935,3336
2025-10-17,2930,2935,2800,2920,7726
2025-10-20,2900,2900,2850,2890,3870
2025-10-21,2900,2935,2900,2930,8822
2025-10-22,2920,2920,2855,2855,7533
2025-10-23,2800,2945,2800,2880,8112
2025-10-24,2885,2920,2885,2920,2337
2025-10-27,2910,2920,2880,2885,10004
2025-10-28,2885,2885,2780,2795,6323
2025-10-29,2800,2840,2795,2800,5067
2025-10-30,2800,2850,2600,2600,18517
2025-10-31,2405,2405,2405,2405,15458
2025-11-03,2230,2230,2225,2225,8749
2025-11-04,2060,2060,2060,2060,9792
2025-11-05,1910,1910,1910,1910,25620
2025-11-06,1780,2050,1780,2050,8590
2025-11-07,2200,2200,2100,2200,1313
2025-11-10,2350,2365,2350,2365,2455
2025-11-11,2540,2540,2450,2540,13073
2025-11-12,2600,2600,2500,2500,4389
2025-11-13,2595,2595,2420,2420,2122
2025-11-14,2415,2435,2350,2350,5546
2025-11-17,2350,2350,2325,2325,8264
2025-11-18,2325,2325,2295,2300,2311
2025-11-19,2300,2300,2250,2250,2403
2025-11-20,2295,2295,2250,2295,2828
2025-11-21,2295,2300,2280,2290,3128
2025-11-24,2290,2300,2200,2250,2208
2025-11-25,2250,2295,2250,2290,6083
2025-11-26,2300,2300,2250,2250,6541
2025-11-27,2250,2290,2085,2085,10228
2025-11-28,2240,2240,2090,2240,10104
2025-12-01,2240,2350,2200,2300,2142
2025-12-02,2290,2300,2240,2280,5448
2025-12-03,2300,2300,2280,2300,3458
2025-12-04,2300,2300,2295,2300,3173
2025-12-05,2300,2300,2255,2295,2247
2025-12-08,2295,2300,2260,2290,1793
2025-12-09,2250,2305,2250,2305,2858
2025-12-10,2300,2300,2270,2270,2588
2025-12-11,2270,2280,2250,2270,1483
2025-12-12,2295,2295,2240,2295,948
2025-12-15,2300,2350,2230,2230,8331
2025-12-16,2230,2295,2230,2295,20982
2025-12-17,2290,2295,2230,2285,1975
2025-12-18,2230,2300,2230,2300,2046
2025-12-19,2235,2300,2235,2300,2772
2025-12-22,2300,2300,2230,2265,10257
2025-12-23,2295,2295,2135,2290,1646
2025-12-24,2265,2290,2265,2280,567
2025-12-26,2285,2300,2135,2295,4457
2025-12-29,2295,2295,2210,2265,1525
2025-12-30,2255,2255,2135,2200,3335
2025-12-31,2235,2235,2220,2220,1823
2026-01-02,2210,2210,2195,2195,4132
2026-01-05,2035,2155,2035,2080,13366
2026-01-06,1925,1950,1925,1925,16020
2026-01-07,1800,2065,1800,2065,10131
2026-01-08,2065,2215,2065,2215,3840
2026-01-09,2215,2215,2125,2155,2864
2026-01-12,2155,2155,2130,2130,2779
2026-01-13,2155,2170,2130,2155,1888
2026-01-14,2155,2160,2135,2150,1737
2026-01-15,2135,2160,2135,2150,1943
2026-01-16,2160,2180,2135,2135,18245
2026-01-19,2135,2185,2135,2180,9030
2026-01-20,2175,2180,2100,2100,3996
2026-01-21,2100,2150,2100,2100,3150
2026-01-22,2050,2100,2040,2100,3662
2026-01-23,2050,2090,2040,2040,4215
2026-01-26,2100,2150,2060,2115,2571
2026-01-27,2120,2120,2055,2100,3305
2026-01-28,2095,2100,2060,2065,3996
2026-01-29,2065,2100,2065,2095,4155
2026-01-30,2180,2180,2080,2155,3880
2026-02-02,2175,2175,2100,2100,3568
2026-02-03,2110,2175,2110,2155,2403
2026-02-04,2150,2155,2100,2155,3774
2026-02-05,2155,2160,2100,2155,3355
2026-02-06,2155,2315,2155,2300,11273
2026-02-09,2155,2470,2155,2455,2757
2026-02-10,2475,2500,2460,2480,5004
2026-02-11,2480,2490,2295,2300,13185
2026-02-12,2290,2300,2255,2260,4064
2026-02-13,2260,2260,2250,2255,2719
2026-02-16,2245,2255,2200,2245,3105
2026-02-17,2245,2290,2245,2290,2847
2026-02-18,2120,2290,2120,2250,11439
2026-02-19,2250,2300,2215,2250,4621
2026-02-20,2250,2280,2225,2225,5650
2026-02-23,2250,2300,2240,2285,2266
2026-02-24,2285,2285,2250,2270,2999
2026-02-25,2250,2300,2250,2280,6416
2026-02-26,2290,2300,2275,2300,6787
2026-02-27,2350,2400,2300,2395,4598
2026-03-02,2395,2400,2385,2400,6268
2026-03-03,2430,2450,2390,2450,3212
2026-03-04,2430,2450,2305,2405,3275
2026-03-05,2450,2480,2405,2465,5785
2026-03-06,2465,2480,2405,2480,4152
2026-03-09,2480,2480,2405,2420,2700
2026-03-10,2420,2420,2395,2410,2262
2026-03-11,2450,2450,2410,2425,3920
2026-03-12,2400,2460,2400,2420,2388
2026-03-13,2420,2420,2350,2390,1568
2026-03-17,2390,2390,2280,2290,1576
2026-03-18,2275,2335,2275,2315,1769
2026-03-19,2320,2400,2315,2320,1263
2026-03-23,2350,2350,2290,2290,1349
2026-03-24,2300,2300,2275,2295,2936
2026-03-25,2295,2345,2295,2345,758
2026-03-26,2400,2400,2345,2355,1824
2026-03-27,2355,2480,2355,2410,6664
2026-03-30,2350,2400,2305,2305,2407
2026-03-31,2350,2350,2325,2345,206
2026-04-01,2350,2350,2300,2300,2657
2026-04-02,2310,2315,2300,2300,810
2026-04-03,2300,2400,2300,2350,1859
2026-04-07,2355,2385,2305,2305,1585
2026-04-08,2305,2385,2305,2375,1903
2026-04-09,2375,2375,2305,2305,4069
2026-04-10,2305,2305,2290,2305,3205
2026-04-13,2305,2305,2285,2295,1511
2026-04-14,2285,2300,2200,2220,5137
2026-04-15,2220,2260,2200,2260,8359
2026-04-16,2220,2305,2180,2180,1797
2026-04-17,2180,2200,2100,2200,2628
2026-04-20,2100,2200,2100,2195,1376
2026-04-21,2195,2305,2170,2220,1532
2026-04-22,2220,2280,2210,2220,2875
2026-04-23,2270,2270,2180,2265,1568
2026-04-24,2265,2280,2105,2105,3186
2026-04-27,2105,2250,2105,2250,2020
2026-04-28,2245,2250,2235,2240,883
2026-04-29,2245,2245,2200,2200,887
2026-04-30,2200,2200,2115,2195,1308
2026-05-04,2195,2225,2115,2195,1589
2026-05-05,2195,2220,2195,2220,1196
2026-05-06,2220,2250,2195,2200,1352
2026-05-07,2200,2200,2190,2200,939
2026-05-08,2200,2250,2200,2220,952
2026-05-11,2240,2240,2200,2200,3063
2026-05-12,2200,2240,2200,2240,1798
2026-05-13,2240,2250,2205,2250,2187
2026-05-15,2250,2300,2205,2250,2808
2026-05-18,2295,2400,2085,2360,8299
2026-05-19,2350,2350,2250,2250,1776
2026-05-20,2300,2300,2250,2300,1327
2026-05-21,2300,2300,2275,2300,1090
2026-05-22,2300,2300,2280,2280,579
2026-05-26,2300,2330,2290,2300,665
2026-05-28,2300,2300,2250,2255,1056
2026-05-29,2300,2345,2300,2340,2004
2026-06-01,2340,2400,2325,2340,4061
2026-06-02,2400,2400,2305,2335,5095
2026-06-03,2325,2420,2325,2415,3758
2026-06-04,2420,2420,2410,2410,4403
2026-06-05,2410,2440,2410,2430,2709
2026-06-08,2250,2300,2250,2295,5119
2026-06-09,2295,2295,2275,2275,1872
2026-06-10,2285,2290,2275,2290,2636
2026-06-11,2275,2275,2155,2220,8198
2026-06-12,2200,2235,2200,2230,5948
2026-06-15,2220,2230,2200,2215,5040
2026-06-16,2220,2220,2180,2190,5118
2026-06-17,2200,2200,2155,2175,5592
2026-06-18,2175,2180,2100,2100,13292
2026-06-19,2100,2170,2100,2160,3957
2026-06-22,2150,2160,2100,2150,3573
2026-06-23,2155,2160,2080,2080,18815
2026-06-24,2000,2030,1925,1955,12530
2026-06-25,1950,2000,1905,1955,9086
2026-06-26,2000,2000,1960,1965,9459
2026-06-29,1975,2000,1965,1970,8950
2026-06-30,1970,2000,1900,2000,11281
2026-07-01,2000,2080,1985,2000,3930
2026-07-02,2020,2095,2020,2050,4211
2026-07-03,2055,2080,2020,2020,3246
2026-07-06,2000,2050,1980,1985,5008
2026-07-07,1985,2000,1985,1985,4877
2026-07-08,1995,2000,1985,1990,2554
2026-07-09,1985,2000,1985,2000,3581
2026-07-10,1995,1995,1960,1975,5115
2026-07-13,1975,2000,1965,1990,5597
2026-07-14,1995,1995,1975,1990,3986
2026-07-15,1985,1985,1960,1975,4183
2026-07-16,1990,2000,1990,1995,4858
2026-07-17,2000,2100,1990,1990,7223
2026-07-20,1990,1990,1955,1985,3810
2026-07-21,1985,1990,1960,1990,1606
2026-07-22,1990,1990,1965,1985,1583
2026-07-23,1985,1990,1970,1970,2259
2026-07-24,1985,1990,1975,1985,4188
2026-07-27,1980,1990,1975,1975,6628
2026-07-28,1970,1975,1900,1950,4613
2026-07-29,1975,1975,1965,1970,2169
2026-07-30,1980,1980,1900,1910,3898
2026-07-31,1980,1980,1915,1970,861
2026-08-03,1970,1980,1910,1910,3008
2026-08-04,1920,1970,1910,1970,3316
2026-08-05,1970,1990,1965,1990,6025
2026-08-06,1990,2000,1990,2000,10905
2026-08-10,2100,2135,2000,2135,5553
2026-08-11,2135,2200,2135,2185,3214
2026-08-12,2200,2225,2190,2190,8724
2026-08-13,2200,2200,2190,2190,5011
2026-08-14,2190,2190,2190,2190,698
2026-08-17,2190,2190,2150,2150,1826
2026-08-18,2150,2150,2080,2120,1395
2026-08-19,2030,2160,2030,2150,4375
2026-08-20,2080,2200,2080,2180,1713
2026-08-21,2185,2200,2155,2180,2890
2026-08-24,2180,2180,2150,2150,3024
2026-08-26,2180,2190,2150,2150,4228
2026-08-27,2150,2185,2150,2155,7448
2026-08-28,2155,2170,2150,2160,1038
2026-08-31,2130,2160,2105,2155,1864
2026-09-01,2155,2160,2090,2090,4481
2026-09-02,2090,2180,2080,2180,1934
2026-09-03,2180,2180,2150,2155,3242
2026-09-04,2155,2155,2100,2150,2531
2026-09-07,2150,2150,2110,2130,3565
2026-09-08,2100,2130,2090,2100,3188
2026-09-09,2100,2125,2090,2100,2644
2026-09-10,2100,2125,2085,2100,3648
2026-09-11,2100,2120,2070,2120,6002
2026-09-14,2120,2120,2095,2120,4122
2026-09-15,2110,2110,2050,2100,2191
2026-09-16,2095,2095,2055,2090,1211
2026-09-17,2100,2160,2095,2095,2478
2026-09-18,2090,2095,2055,2090,3022
2026-09-21,2070,2090,2050,2050,1311
2026-09-22,2045,2045,1900,1910,5836
2026-09-23,1955,2035,1920,2000,2176
2026-09-24,2000,2015,1985,2000,3176
2026-09-25,2000,2010,1990,2000,1559
