Date,Open,High,Low,Close,Volume
1999-04-19,1000,1000,1000,1000,8720
1999-04-21,1074,1074,1074,1074,8750
1999-04-23,1155,1155,1155,1155,80870
1999-04-26,1199,1199,1199,1199,10570
1999-04-28,1110,1110,1110,1110,4630
1999-05-03,950,950,950,950,13100
1999-05-05,879,879,879,879,3680
1999-05-07,814,814,814,814,4790
1999-05-10,875,875,875,875,15380
1999-05-12,940,940,940,940,1300
1999-05-14,1011,1011,1011,1011,1660
1999-05-17,1000,1000,1000,1000,680
1999-05-19,998,998,998,998,710
1999-05-21,950,950,950,950,340
1999-05-26,950,950,950,950,5420
1999-05-28,949,949,949,949,250
1999-05-31,900,900,900,900,560
1999-06-02,850,850,850,850,9100
1999-06-04,900,900,900,900,1990
1999-06-07,893,893,893,893,600
1999-06-09,850,850,850,850,3930
1999-06-11,870,870,870,870,2100
1999-06-14,810,810,810,810,1600
1999-06-16,812,812,812,812,300
1999-06-18,855,855,855,855,1800
1999-06-21,856,856,856,856,800
1999-06-23,850,850,850,850,7000
1999-06-30,851,851,851,851,1490
1999-07-02,850,850,850,850,500
1999-07-05,850,850,850,850,1350
1999-07-07,850,850,850,850,7600
1999-07-09,851,851,851,851,500
1999-07-12,850,850,850,850,1530
1999-07-14,850,850,850,850,3670
1999-07-16,861,861,861,861,1000
1999-07-19,860,860,860,860,270
1999-07-21,849,849,849,849,560
1999-07-23,850,850,850,850,7820
1999-07-26,850,850,850,850,70
1999-07-28,850,850,850,850,4650
1999-07-30,850,850,850,850,18190
1999-08-02,844,844,844,844,1140
1999-08-06,844,844,844,844,100
1999-08-11,820,820,820,820,1300
1999-08-13,800,800,800,800,1700
1999-08-16,800,800,800,800,1950
1999-08-18,801,801,801,801,1540
1999-08-20,840,840,840,840,1000
1999-08-23,850,850,850,850,250
1999-08-30,849,849,849,849,300
1999-09-01,849,849,849,849,80
1999-09-08,825,825,825,825,5570
1999-09-10,823,823,823,823,40
1999-09-17,800,800,800,800,120
1999-09-22,800,800,800,800,10000
1999-09-24,750,750,750,750,2150
1999-09-27,750,750,750,750,1520
1999-09-29,750,750,750,750,1200
1999-10-01,750,750,750,750,700
1999-10-06,750,750,750,750,400
1999-10-11,721,721,721,721,4430
1999-10-13,721,721,721,721,900
1999-10-15,715,715,715,715,7400
1999-10-18,725,725,725,725,80
1999-10-20,721,721,721,721,4090
1999-10-22,741,741,741,741,480
1999-10-25,750,750,750,750,130
1999-10-27,721,721,721,721,410
1999-10-29,721,721,721,721,1000
1999-11-05,700,700,700,700,1000
1999-11-08,740,740,740,740,360
1999-11-10,740,740,740,740,350
1999-11-19,730,730,730,730,100
1999-11-22,720,720,720,720,2050
1999-11-24,720,720,720,720,660
1999-11-26,719,719,719,719,500
1999-11-29,719,719,719,719,280
1999-12-01,719,719,719,719,130
1999-12-03,720,720,720,720,3490
1999-12-06,740,740,740,740,100
1999-12-08,740,740,740,740,450
1999-12-10,720,720,720,720,15550
1999-12-13,720,720,720,720,500
1999-12-15,720,720,720,720,650
1999-12-17,715,715,715,715,550
1999-12-20,720,720,720,720,3550
1999-12-22,720,720,720,720,70
1999-12-27,720,720,720,720,70
1999-12-29,700,700,700,700,900
1999-12-31,720,720,720,720,1800
2000-01-05,720,720,720,720,340
2000-01-07,720,720,720,720,800
2000-01-10,719,719,719,719,500
2000-01-12,705,705,705,705,1830
2000-01-14,703,703,703,703,2000
2000-01-17,703,703,703,703,1500
2000-01-19,756,756,756,756,3320
2000-01-21,750,750,750,750,6680
2000-01-24,750,750,750,750,680
2000-01-26,740,740,740,740,520
2000-02-02,740,740,740,740,500
2000-02-04,720,720,720,720,350
2000-02-07,720,720,720,720,40
2000-02-11,700,700,700,700,1000
2000-02-14,700,700,700,700,8010
2000-02-16,699,699,699,699,1990
2000-02-21,700,700,700,700,820
2000-02-23,690,690,690,690,3160
2000-02-25,700,700,700,700,500
2000-02-28,700,700,700,700,60
2000-03-01,700,700,700,700,4350
2000-03-03,700,700,700,700,1340
2000-03-06,700,700,700,700,300
2000-03-08,699,699,699,699,250
2000-03-10,699,699,699,699,300
2000-03-13,699,699,699,699,1000
2000-03-15,699,699,699,699,340
2000-03-22,699,699,699,699,510
2000-03-24,698,698,698,698,1080
2000-03-27,698,698,698,698,1650
2000-03-29,698,698,698,698,600
2000-04-10,690,690,690,690,300
2000-04-12,650,650,650,650,1760
2000-04-14,650,650,650,650,1380
2000-04-17,625,625,625,625,140
2000-04-19,625,625,625,625,1950
2000-04-21,625,625,625,625,2210
2000-04-26,625,625,625,625,160
2000-04-28,625,625,625,625,480
2000-05-03,672,672,672,672,2580
2000-05-10,672,672,672,672,190
2000-05-12,672,672,672,672,1900
2000-05-15,640,640,640,640,1070
2000-05-19,640,640,640,640,30
2000-05-29,640,640,640,640,300
2000-05-31,635,635,635,635,100
2000-06-02,635,635,635,635,130
2000-06-07,630,630,630,630,290
2000-06-09,635,635,635,635,5270
2000-06-16,635,635,635,635,100
2000-06-19,635,635,635,635,1600
2000-06-23,634,634,634,634,3130
2000-06-28,634,634,634,634,40
2000-06-30,631,631,631,631,650
2000-07-07,631,631,631,631,80
2000-07-12,600,600,600,600,100
2000-07-14,600,600,600,600,4200
2000-07-17,600,600,600,600,60
2000-07-19,631,631,631,631,220
2000-07-21,631,631,631,631,510
2000-07-26,631,631,631,631,120
2000-07-28,631,631,631,631,70
2000-07-31,631,631,631,631,2290
2000-08-02,631,631,631,631,570
2000-08-09,631,631,631,631,1730
2000-08-11,635,635,635,635,570
2000-08-18,635,635,635,635,1000
2000-08-23,635,635,635,635,600
2000-08-25,635,635,635,635,200
2000-08-30,635,635,635,635,20
2000-09-01,635,635,635,635,1240
2000-09-04,635,635,635,635,240
2000-09-06,635,635,635,635,600
2000-09-08,638,638,638,638,100
2000-09-11,638,638,638,638,100
2000-09-13,633,633,633,633,580
2000-09-15,633,633,633,633,200
2000-09-22,615,615,615,615,220
2000-09-27,600,600,600,600,520
2000-10-02,599,599,599,599,1920
2000-10-04,599,599,599,599,30
2000-10-11,598,598,598,598,380
2000-10-13,590,590,590,590,360
2000-10-16,587,587,587,587,360
2000-10-20,570,570,570,570,590
2000-10-30,569,569,569,569,180
2000-11-03,565,565,565,565,1590
2000-11-06,550,550,550,550,6730
2000-11-08,550,550,550,550,400
2000-11-10,590,590,590,590,300
2000-11-16,590,590,590,590,1020
2000-11-22,590,590,590,590,80
2000-11-27,570,570,570,570,1000
2000-11-29,570,570,570,570,2100
2000-12-01,570,570,570,570,330
2000-12-06,570,570,570,570,90
2000-12-08,570,570,570,570,30
2000-12-11,570,570,570,570,70
2000-12-13,570,570,570,570,250
2000-12-15,570,570,570,570,80
2000-12-20,550,550,550,550,1110
2000-12-22,550,550,550,550,80
2000-12-26,550,550,550,550,20
2001-01-02,520,520,520,520,14310
2001-01-05,520,520,520,520,160
2001-01-22,520,520,520,520,500
2001-01-29,500,500,500,500,1130
2001-01-31,500,500,500,500,5180
2001-02-02,480,480,480,480,180
2001-02-05,480,480,480,480,1780
2001-02-07,480,480,480,480,1800
2001-02-09,500,500,500,500,450
2001-02-14,500,500,500,500,100
2001-02-16,500,500,500,500,30
2001-02-21,500,500,500,500,100
2001-02-23,500,500,500,500,250
2001-03-09,470,470,470,470,1410
2001-03-12,470,470,470,470,2490
2001-03-14,470,470,470,470,600
2001-03-16,470,470,470,470,4630
2001-03-19,470,470,470,470,500
2001-03-21,470,470,470,470,1250
2001-03-23,470,470,470,470,3450
2001-03-26,470,470,470,470,500
2001-03-28,470,470,470,470,2100
2001-03-30,502,502,502,502,2130
2001-04-04,502,502,502,502,5530
2001-04-09,505,505,505,505,3060
2001-04-13,575,575,575,575,12720
2001-04-17,600,600,600,600,4700
2001-04-18,600,600,600,600,1650
2001-04-20,600,600,600,600,500
2001-04-23,605,605,605,605,10300
2001-04-25,605,605,605,605,5700
2001-04-27,610,610,610,610,500
2001-05-02,610,610,610,610,440
2001-05-07,580,580,580,580,620
2001-05-09,623,623,623,623,200
2001-05-11,623,623,623,623,220
2001-05-14,623,623,623,623,510
2001-05-16,600,600,600,600,210
2001-05-18,600,600,600,600,2400
2001-05-23,600,600,600,600,10
2001-06-01,600,600,600,600,2460
2001-06-06,600,600,600,600,200
2001-06-29,600,600,600,600,150
2001-07-02,600,600,600,600,500
2001-07-06,590,590,590,590,1000
2001-07-18,580,580,580,580,2850
2001-07-20,580,580,580,580,360
2001-07-23,580,580,580,580,500
2001-07-25,580,580,580,580,100
2001-07-27,580,580,580,580,50
2001-08-17,570,570,570,570,340
2001-08-22,530,530,530,530,860
2001-08-24,530,530,530,530,20
2001-08-27,530,530,530,530,500
2001-08-29,515,515,515,515,710
2001-09-07,515,515,515,515,20
2001-09-24,500,500,500,500,1000
2001-10-03,500,500,500,500,70
2001-10-08,500,500,500,500,1000
2001-10-15,500,500,500,500,100
2001-10-17,500,500,500,500,50
2001-10-24,500,500,500,500,100
2001-10-29,500,500,500,500,10
2001-11-12,495,495,495,495,500
2001-11-28,490,490,490,490,720
2001-12-17,479,479,479,479,190
2001-12-18,479,479,479,479,810
2001-12-20,444,444,444,444,1780
2001-12-28,444,444,444,444,5000
2001-12-31,420,420,420,420,700
2002-01-03,420,420,420,420,1000
2002-01-04,415,415,415,415,500
2002-01-07,389,389,389,389,1000
2002-01-08,380,380,380,380,1000
2002-01-09,370,370,370,370,12070
2002-01-10,381,381,381,381,950
2002-01-14,400,400,400,400,180
2002-01-16,401,401,401,401,1210
2002-01-17,431,431,431,431,2000
2002-01-21,450,450,450,450,500
2002-01-22,450,450,450,450,2000
2002-01-25,380,380,380,380,700
2002-01-28,380,380,380,380,500
2002-01-31,380,380,380,380,1850
2002-02-01,380,380,380,380,150
2002-02-12,370,370,370,370,1000
2002-02-21,370,370,370,370,800
2002-02-26,370,370,370,370,410
2002-02-27,370,370,370,370,310
2002-03-04,370,370,370,370,30
2002-03-06,375,375,375,375,240
2002-03-13,391,391,391,391,390
2002-03-15,391,391,391,391,250
2002-03-18,391,391,391,391,50
2002-03-19,391,391,391,391,140
2002-03-21,391,391,391,391,3000
2002-04-02,391,391,391,391,160
2002-04-05,395,395,395,395,460
2002-04-11,395,395,395,395,1550
2002-04-16,395,395,395,395,340
2002-04-18,395,395,395,395,300
2002-04-22,395,395,395,395,1000
2002-04-29,395,395,395,395,300
2002-05-03,390,390,390,390,820
2002-05-07,390,390,390,390,3950
2002-05-30,390,390,390,390,1500
2002-05-31,391,391,391,391,500
2002-06-04,391,391,391,391,270
2002-07-01,321,321,321,321,530
2002-07-02,321,321,321,321,1200
2002-07-03,321,321,321,321,620
2002-07-05,321,321,321,321,500
2002-07-10,321,321,321,321,220
2002-07-11,330,330,330,330,430
2002-07-15,335,335,335,335,200
2002-07-16,350,350,350,350,3100
2002-07-17,350,350,350,350,300
2002-07-22,350,350,350,350,50
2002-07-23,350,350,350,350,100
2002-07-24,350,350,350,350,400
2002-07-25,350,350,350,350,1490
2002-07-26,350,350,350,350,280
2002-07-30,350,350,350,350,200
2002-07-31,350,350,350,350,700
2002-08-01,350,350,350,350,320
2002-08-14,350,350,350,350,4580
2002-08-19,350,350,350,350,70
2002-08-20,360,360,360,360,2200
2002-08-28,360,360,360,360,150
2002-08-29,350,350,350,350,1030
2002-09-02,350,350,350,350,20
2002-09-06,355,355,355,355,500
2002-09-18,355,355,355,355,460
2002-09-20,355,355,355,355,30
2002-10-02,355,355,355,355,400
2002-10-08,355,355,355,355,1900
2002-10-09,355,355,355,355,100
2002-10-10,355,355,355,355,550
2002-10-11,355,355,355,355,1200
2002-10-14,355,355,355,355,450
2002-10-16,355,355,355,355,300
2002-10-17,355,355,355,355,13000
2002-10-21,355,355,355,355,300
2002-10-23,355,355,355,355,400
2002-11-05,355,355,355,355,18000
2002-11-07,350,350,350,350,200
2002-11-20,320,320,320,320,1400
2002-11-21,320,320,320,320,2200
2002-11-22,320,320,320,320,1060
2002-11-26,320,320,320,320,50
2002-12-03,325,325,325,325,690
2002-12-30,349,349,349,349,700
2003-01-07,326,326,326,326,130
2003-01-13,326,326,326,326,200
2003-01-15,326,326,326,326,170
2003-01-16,326,326,326,326,500
2003-01-21,330,330,330,330,250
2003-01-23,326,326,326,326,150
2003-01-24,326,326,326,326,680
2003-01-30,324,324,324,324,520
2003-01-31,324,324,324,324,500
2003-02-12,300,300,300,300,360
2003-02-13,278,278,278,278,250
2003-02-14,280,280,280,280,2230
2003-02-17,300,300,300,300,200
2003-02-19,324,324,324,324,300
2003-03-06,300,300,300,300,510
2003-03-07,300,300,300,300,90
2003-03-11,300,300,300,300,460
2003-03-14,320,320,320,320,200
2003-03-20,320,320,320,320,700
2003-03-21,320,320,320,320,300
2003-03-24,320,320,320,320,250
2003-03-27,310,310,310,310,110
2003-04-07,320,320,320,320,160
2003-04-11,320,320,320,320,1000
2003-04-28,320,320,320,320,50
2003-05-22,321,321,321,321,1350
2003-05-27,321,321,321,321,580
2003-05-30,321,321,321,321,100
2003-06-19,330,330,330,330,520
2003-06-26,335,335,335,335,350
2003-06-27,335,335,335,335,50
2003-07-02,330,330,330,330,150
2003-07-10,321,321,321,321,340
2003-07-14,321,321,321,321,160
2003-07-15,321,321,321,321,200
2003-07-24,321,321,321,321,50
2003-07-29,325,325,325,325,2500
2003-07-31,340,340,340,340,1000
2003-08-04,350,350,350,350,590
2003-08-06,370,370,370,370,410
2003-08-08,370,370,370,370,250
2003-08-12,380,380,380,380,1060
2003-08-13,400,400,400,400,720
2003-08-14,400,400,400,400,120
2003-08-18,400,400,400,400,670
2003-08-19,400,400,400,400,1160
2003-08-20,400,400,400,400,1410
2003-08-21,400,400,400,400,50
2003-08-26,400,400,400,400,160
2003-09-05,410,410,410,410,1000
2003-09-08,420,420,420,420,500
2003-09-10,420,420,420,420,540
2003-09-12,427,427,427,427,360
2003-09-25,427,427,427,427,440
2003-09-29,427,427,427,427,200
2003-10-09,450,450,450,450,250
2003-10-14,476,476,476,476,100
2003-10-16,476,476,476,476,20
2003-10-23,476,476,476,476,1210
2003-10-29,476,476,476,476,50
2003-10-31,500,500,500,500,1000
2003-11-07,500,500,500,500,450
2003-11-28,465,465,465,465,1000
2003-12-01,465,465,465,465,80
2003-12-23,465,465,465,465,670
2003-12-26,500,500,500,500,240
2004-01-06,500,500,500,500,210
2004-01-09,500,500,500,500,40
2004-01-23,500,500,500,500,40
2004-01-29,500,500,500,500,60
2004-02-03,500,500,500,500,320
2004-02-12,500,500,500,500,30
2004-02-13,500,500,500,500,200
2004-04-22,450,450,450,450,80
2004-04-28,420,420,420,420,1000
2004-04-29,420,420,420,420,2330
2004-05-04,420,420,420,420,200
2004-05-06,450,450,450,450,200
2004-05-10,451,451,451,451,80
2004-05-11,451,451,451,451,200
2004-05-13,500,500,500,500,190
2004-05-19,500,500,500,500,930
2004-05-26,500,500,500,500,100
2004-06-01,500,500,500,500,1000
2004-06-02,500,500,500,500,300
2004-06-04,500,500,500,500,50
2004-06-15,500,500,500,500,1780
2004-07-05,500,500,500,500,160
2004-07-06,500,500,500,500,750
2004-07-12,450,450,450,450,200
2004-07-13,450,450,450,450,560
2004-07-15,450,450,450,450,60
2004-07-19,450,450,450,450,180
2004-07-22,450,450,450,450,60
2004-07-27,450,450,450,450,150
2004-07-29,440,440,440,440,840
2004-08-04,500,500,500,500,1100
2004-08-06,480,480,480,480,390
2004-08-09,480,480,480,480,30
2004-08-10,500,500,500,500,100
2004-08-16,480,480,480,480,170
2004-08-17,480,480,480,480,200
2004-08-23,500,500,500,500,520
2004-08-24,500,500,500,500,100
2004-08-26,500,500,500,500,520
2004-09-03,500,500,500,500,1600
2004-09-07,500,500,500,500,40
2004-09-09,500,500,500,500,60
2004-09-13,500,500,500,500,500
2004-09-14,500,500,500,500,100
2004-09-15,500,500,500,500,7120
2004-09-16,500,500,500,500,560
2004-09-17,501,501,501,501,440
2004-09-21,500,500,500,500,3500
2004-09-22,500,500,500,500,10
2004-09-29,500,500,500,500,70
2004-10-08,450,450,450,450,200
2004-10-11,450,450,450,450,510
2004-10-12,450,450,450,450,100
2004-10-15,450,450,450,450,1000
2004-10-20,450,450,450,450,360
2004-10-21,480,480,480,480,1000
2004-10-22,480,480,480,480,400
2004-10-25,480,480,480,480,10
2004-10-26,480,480,480,480,30
2004-10-27,480,480,480,480,1000
2004-11-03,480,480,480,480,450
2004-11-04,450,450,450,450,300
2004-11-12,480,480,480,480,100
2004-11-24,480,480,480,480,20
2004-11-25,480,480,480,480,10
2004-12-01,480,480,480,480,30
2004-12-02,451,451,451,451,530
2004-12-03,480,480,480,480,100
2004-12-06,480,480,480,480,200
2004-12-13,500,500,500,500,220
2004-12-15,500,500,500,500,50
2004-12-17,500,500,500,500,10
2004-12-23,450,450,450,450,180
2005-01-06,500,500,500,500,390
2005-01-11,500,500,500,500,410
2005-02-07,500,500,500,500,400
2005-02-11,450,450,450,450,710
2005-02-14,450,450,450,450,310
2005-02-17,450,450,450,450,190
2005-02-18,450,450,450,450,40
2005-03-01,450,450,450,450,10
2005-03-02,450,450,450,450,460
2005-03-08,420,420,420,420,1240
2005-03-09,420,420,420,420,260
2005-03-15,420,420,420,420,500
2005-03-21,420,420,420,420,120
2005-03-23,450,450,450,450,9420
2005-04-07,450,450,450,450,1010
2005-04-15,430,430,430,430,600
2005-04-18,430,430,430,430,1060
2005-04-29,431,431,431,431,200
2005-05-04,455,455,455,455,500
2005-05-20,460,460,460,460,210
2005-05-24,476,476,476,476,1200
2005-05-31,480,480,480,480,100
2005-06-16,491,491,491,491,90
2005-06-24,511,511,511,511,310
2005-07-26,495,495,495,495,640
2005-07-27,485,485,485,485,100
2005-07-28,485,485,485,485,360
2005-08-02,480,480,480,480,400
2005-08-10,480,480,480,480,110
2005-08-11,480,480,480,480,760
2005-08-17,480,480,480,480,240
2005-08-19,480,480,480,480,1800
2005-08-22,480,480,480,480,600
2005-08-23,480,480,480,480,250
2005-08-24,484,484,484,484,100
2005-08-25,484,484,484,484,200
2005-09-08,484,484,484,484,10
2005-09-15,484,484,484,484,40
2005-09-16,484,484,484,484,1000
2005-09-21,485,485,485,485,500
2005-09-22,484,484,484,484,130
2005-09-28,470,470,470,470,1000
2005-10-07,505,505,505,505,300
2005-10-19,500,500,500,500,100
2005-10-28,500,500,500,500,20
2005-11-02,484,484,484,484,480
2005-11-14,484,484,484,484,50
2005-11-16,484,484,484,484,560
2005-11-17,470,470,470,470,500
2005-11-18,470,470,470,470,500
2005-11-28,470,470,470,470,350
2005-11-30,471,471,471,471,1440
2005-12-05,470,470,470,470,150
2005-12-20,470,470,470,470,470
2005-12-23,450,450,450,450,200
2005-12-29,420,420,420,420,2080
2006-01-09,420,420,420,420,10200
2006-01-12,421,421,421,421,100
2006-01-16,420,420,420,420,400
2006-01-20,420,420,420,420,600
2006-01-25,420,420,420,420,110
2006-02-01,420,420,420,420,420
2006-02-02,430,430,430,430,800
2006-02-07,430,430,430,430,2000
2006-02-09,430,430,430,430,300
2006-02-14,450,450,450,450,550
2006-02-15,450,450,450,450,810
2006-02-16,420,420,420,420,1010
2006-02-17,420,420,420,420,720
2006-02-20,420,420,420,420,100
2006-02-21,400,400,400,400,260
2006-02-22,420,420,420,420,480
2006-02-23,420,420,420,420,3510
2006-02-28,420,420,420,420,1230
2006-03-03,420,420,420,420,450
2006-03-07,420,420,420,420,530
2006-03-14,450,450,450,450,1300
2006-03-16,450,450,450,450,20
2006-03-17,450,450,450,450,230
2006-03-20,450,450,450,450,650
2006-03-21,450,450,450,450,300
2006-03-22,450,450,450,450,10
2006-03-24,451,451,451,451,500
2006-03-28,451,451,451,451,640
2006-03-30,451,451,451,451,800
2006-04-14,450,450,450,450,90
2006-04-24,451,451,451,451,340
2006-05-09,462,462,462,462,1820
2006-05-16,452,452,452,452,300
2006-05-17,460,460,460,460,1000
2006-05-18,450,450,450,450,5000
2006-05-22,450,450,450,450,500
2006-05-23,450,450,450,450,360
2006-05-24,450,450,450,450,500
2006-06-02,450,450,450,450,990
2006-06-06,450,450,450,450,260
2006-06-09,450,450,450,450,300
2006-06-13,450,450,450,450,840
2006-06-14,450,450,450,450,250
2006-07-05,450,450,450,450,250
2006-07-06,470,470,470,470,1140
2006-07-11,450,450,450,450,580
2006-07-12,470,470,470,470,1000
2006-07-17,470,470,470,470,2000
2006-07-20,470,470,470,470,100
2006-07-24,470,470,470,470,100
2006-07-31,465,465,465,465,470
2006-08-01,465,465,465,465,690
2006-08-02,470,470,470,470,230
2006-08-04,435,435,435,435,900
2006-08-09,450,450,450,450,600
2006-08-10,451,451,451,451,460
2006-08-14,465,465,465,465,210
2006-08-17,465,465,465,465,600
2006-08-23,500,500,500,500,1540
2006-08-29,500,500,500,500,1540
2006-09-08,500,500,500,500,1200
2006-09-11,500,500,500,500,200
2006-09-14,500,500,500,500,320
2006-09-15,500,500,500,500,620
2006-09-19,500,500,500,500,30
2006-09-21,500,500,500,500,6940
2006-09-25,500,500,500,500,100
2006-10-09,500,500,500,500,200
2006-10-13,500,500,500,500,110
2006-10-16,500,500,500,500,800
2006-10-18,500,500,500,500,1100
2006-10-20,500,500,500,500,250
2006-10-24,500,500,500,500,500
2006-10-25,500,500,500,500,550
2006-10-30,490,490,490,490,170
2006-10-31,490,490,490,490,100
2006-11-02,500,500,500,500,500
2006-11-03,499,499,499,499,100
2006-11-13,498,498,498,498,200
2006-11-20,498,498,498,498,4000
2006-11-22,498,498,498,498,100
2006-11-23,500,500,500,500,500
2006-11-24,500,500,500,500,310
2006-11-28,500,500,500,500,250
2006-11-30,538,538,538,538,150
2006-12-01,500,500,500,500,3950
2006-12-04,500,500,500,500,180
2006-12-05,500,500,500,500,200
2006-12-14,498,498,498,498,2480
2006-12-15,498,498,498,498,830
2006-12-18,463,463,463,463,5000
2006-12-21,463,463,463,463,290
2006-12-27,463,463,463,463,170
2006-12-28,463,463,463,463,800
2007-01-18,463,463,463,463,300
2007-01-25,463,463,463,463,10
2007-02-06,463,463,463,463,600
2007-02-12,463,463,463,463,350
2007-02-13,463,463,463,463,280
2007-02-16,463,463,463,463,1320
2007-02-27,470,470,470,470,210
2007-03-05,471,471,471,471,230
2007-03-06,471,471,471,471,320
2007-03-07,471,471,471,471,50
2007-03-08,475,475,475,475,500
2007-03-15,475,475,475,475,300
2007-03-26,475,475,475,475,970
2007-04-02,475,475,475,475,10
2007-04-13,475,475,475,475,100
2007-04-17,475,475,475,475,2500
2007-05-03,475,475,475,475,10
2007-05-07,500,500,500,500,90
2007-05-11,500,500,500,500,1000
2007-05-24,550,550,550,550,390
2007-05-30,580,580,580,580,100
2007-06-19,624,624,624,624,600
2007-06-20,670,670,670,670,200
2007-06-21,700,700,700,700,200
2007-06-22,750,750,750,750,950
2007-06-25,800,800,800,800,300
2007-06-26,800,800,800,800,590
2007-06-27,800,800,800,800,160
2007-07-02,800,800,800,800,3690
2007-07-03,800,800,800,800,3230
2007-07-04,860,860,860,860,440
2007-07-06,800,800,800,800,6920
2007-07-09,800,800,800,800,2010
2007-07-10,800,800,800,800,2220
2007-07-11,800,800,800,800,50
2007-07-12,800,800,800,800,1370
2007-07-13,750,750,750,750,150
2007-07-16,710,710,710,710,3000
2007-07-18,710,710,710,710,630
2007-07-19,711,711,711,711,3680
2007-07-20,750,750,750,750,1500
2007-07-23,750,750,750,750,2900
2007-07-24,750,750,750,750,1320
2007-07-31,750,750,750,750,1800
2007-08-09,760,760,760,760,200
2007-08-14,762,762,762,762,1000
2007-08-17,762,762,762,762,1000
2007-08-20,765,765,765,765,3000
2007-08-21,766,766,766,766,1150
2007-08-22,823,823,823,823,300
2007-08-23,823,823,823,823,100
2007-08-24,830,830,830,830,100
2007-08-27,831,831,831,831,430
2007-08-29,850,850,850,850,100
2007-09-03,921,921,921,921,2000
2007-09-04,927,927,927,927,550
2007-09-05,914,914,914,914,1000
2007-09-06,966,966,966,966,1000
2007-09-10,966,966,966,966,3350
2007-09-11,966,966,966,966,390
2007-09-13,967,967,967,967,200
2007-09-17,970,970,970,970,1050
2007-09-18,970,970,970,970,650
2007-09-19,971,971,971,971,1200
2007-09-21,1100,1100,1100,1100,500
2007-09-24,1100,1100,1100,1100,270
2007-09-25,1100,1100,1100,1100,100
2007-09-27,1050,1050,1050,1050,1070
2007-09-28,1030,1030,1030,1030,280
2007-10-01,1030,1030,1030,1030,700
2007-10-03,1030,1030,1030,1030,100
2007-10-04,1030,1030,1030,1030,510
2007-10-05,1030,1030,1030,1030,80
2007-10-08,1030,1030,1030,1030,410
2007-10-10,1030,1030,1030,1030,290
2007-10-11,1030,1030,1030,1030,480
2007-10-15,1030,1030,1030,1030,120
2007-10-16,1030,1030,1030,1030,2840
2007-10-19,999,999,999,999,300
2007-10-22,999,999,999,999,150
2007-10-24,990,990,990,990,250
2007-10-26,900,900,900,900,180
2007-10-30,850,850,850,850,450
2007-11-02,800,800,800,800,270
2007-11-05,820,820,820,820,4550
2007-11-06,800,800,800,800,200
2007-11-07,800,800,800,800,50
2007-11-08,800,800,800,800,30
2007-11-12,800,800,800,800,20
2007-11-13,750,750,750,750,180
2007-11-14,750,750,750,750,750
2007-11-16,751,751,751,751,2990
2007-11-19,800,800,800,800,200
2007-11-20,800,800,800,800,100
2007-11-21,800,800,800,800,120
2007-11-26,800,800,800,800,4050
2007-11-27,800,800,800,800,1280
2007-11-28,800,800,800,800,1140
2007-11-29,800,800,800,800,110
2007-12-03,850,850,850,850,640
2007-12-04,800,800,800,800,1150
2007-12-05,800,800,800,800,340
2007-12-07,800,800,800,800,40
2007-12-14,841,841,841,841,200
2007-12-17,840,840,840,840,460
2007-12-20,840,840,840,840,300
2007-12-24,820,820,820,820,670
2007-12-26,820,820,820,820,400
2007-12-27,820,820,820,820,2750
2007-12-28,800,800,800,800,220
2007-12-31,800,800,800,800,250
2008-01-02,800,800,800,800,210
2008-01-04,800,800,800,800,390
2008-01-07,800,800,800,800,820
2008-01-08,800,800,800,800,80
2008-01-11,801,801,801,801,300
2008-01-15,800,800,800,800,1030
2008-01-17,801,801,801,801,100
2008-01-18,801,801,801,801,750
2008-01-21,801,801,801,801,200
2008-01-22,810,810,810,810,210
2008-01-23,811,811,811,811,290
2008-01-25,811,811,811,811,170
2008-02-04,811,811,811,811,320
2008-02-05,811,811,811,811,50
2008-02-19,811,811,811,811,500
2008-02-20,813,813,813,813,500
2008-02-21,820,820,820,820,500
2008-02-28,1000,1000,1000,1000,330
2008-02-29,999,999,999,999,380
2008-03-03,925,925,925,925,4590
2008-03-04,925,925,925,925,950
2008-03-06,920,920,920,920,200
2008-03-07,920,920,920,920,200
2008-03-11,920,920,920,920,250
2008-03-12,920,920,920,920,1650
2008-03-13,920,920,920,920,100
2008-03-17,920,920,920,920,200
2008-03-18,920,920,920,920,40
2008-04-02,950,950,950,950,1510
2008-04-10,1050,1050,1050,1050,230
2008-04-11,1120,1120,1120,1120,730
2008-04-14,1120,1120,1120,1120,1700
2008-04-15,1120,1120,1120,1120,170
2008-04-17,1120,1120,1120,1120,200
2008-04-18,1120,1120,1120,1120,800
2008-04-23,1120,1120,1120,1120,220
2008-04-25,1120,1120,1120,1120,1900
2008-04-28,1120,1120,1120,1120,370
2008-04-30,1100,1100,1100,1100,290
2008-05-05,1125,1125,1125,1125,1040
2008-05-07,1125,1125,1125,1125,2190
2008-05-13,1125,1125,1125,1125,3090
2008-05-15,1125,1125,1125,1125,150
2008-05-16,1125,1125,1125,1125,160
2008-05-19,1125,1125,1125,1125,2050
2008-05-20,1125,1125,1125,1125,260
2008-05-21,1125,1125,1125,1125,170
2008-06-03,1150,1150,1150,1150,370
2008-06-09,1200,1200,1200,1200,950
2008-06-10,1220,1220,1220,1220,540
2008-06-11,1220,1220,1220,1220,710
2008-06-13,1220,1220,1220,1220,1000
2008-06-16,1220,1220,1220,1220,100
2008-06-17,1129,1129,1129,1129,2300
2008-06-18,1100,1100,1100,1100,2350
2008-06-19,1103,1103,1103,1103,2560
2008-06-20,1104,1104,1104,1104,1000
2008-06-23,1104,1104,1104,1104,800
2008-06-25,1160,1160,1160,1160,150
2008-06-26,1200,1200,1200,1200,150
2008-07-01,1220,1220,1220,1220,300
2008-07-04,1220,1220,1220,1220,30
2008-07-07,1221,1221,1221,1221,3310
2008-07-10,1100,1100,1100,1100,950
2008-07-11,1100,1100,1100,1100,600
2008-07-14,1090,1090,1090,1090,200
2008-07-15,1100,1100,1100,1100,600
2008-07-17,1100,1100,1100,1100,1070
2008-07-21,1100,1100,1100,1100,3350
2008-07-23,1099,1099,1099,1099,3200
2008-07-24,1099,1099,1099,1099,100
2008-07-25,1100,1100,1100,1100,650
2008-07-28,1099,1099,1099,1099,310
2008-07-29,1090,1090,1090,1090,2060
2008-07-30,1100,1100,1100,1100,4230
2008-07-31,1100,1100,1100,1100,2980
2008-08-01,1090,1090,1090,1090,270
2008-08-04,1090,1090,1090,1090,140
2008-08-06,1090,1090,1090,1090,600
2008-08-08,1080,1080,1080,1080,240
2008-08-11,1081,1081,1081,1081,450
2008-08-12,1081,1081,1081,1081,150
2008-08-13,1100,1100,1100,1100,5610
2008-08-14,1100,1100,1100,1100,6100
2008-08-18,1150,1150,1150,1150,110
2008-08-19,1160,1160,1160,1160,770
2008-08-20,1160,1160,1160,1160,510
2008-08-22,1162,1162,1162,1162,200
2008-08-26,1171,1171,1171,1171,500
2008-08-29,1200,1200,1200,1200,360
2008-09-01,1201,1201,1201,1201,3020
2008-09-02,1200,1200,1200,1200,6820
2008-09-05,1160,1160,1160,1160,790
2008-09-08,1160,1160,1160,1160,120
2008-09-09,1160,1160,1160,1160,90
2008-09-10,1160,1160,1160,1160,800
2008-09-11,1160,1160,1160,1160,440
2008-09-12,1150,1150,1150,1150,800
2008-09-16,1150,1150,1150,1150,370
2008-09-17,1150,1150,1150,1150,180
2008-09-19,1149,1149,1149,1149,100
2008-09-22,1100,1100,1100,1100,600
2008-09-23,1100,1100,1100,1100,300
2008-09-24,1100,1100,1100,1100,880
2008-09-25,1100,1100,1100,1100,30
2008-09-26,1100,1100,1100,1100,400
2008-10-01,1100,1100,1100,1100,100
2008-10-02,1100,1100,1100,1100,2810
2008-10-06,1050,1050,1050,1050,2250
2008-10-07,1050,1050,1050,1050,110
2008-10-09,1001,1001,1001,1001,1000
2008-10-10,1000,1000,1000,1000,170
2008-10-13,1001,1001,1001,1001,210
2008-10-15,1000,1000,1000,1000,250
2008-10-16,1000,1000,1000,1000,10
2008-10-17,1000,1000,1000,1000,200
2008-10-20,1000,1000,1000,1000,200
2008-10-21,1001,1001,1001,1001,270
2008-10-22,1001,1001,1001,1001,100
2008-10-23,1001,1001,1001,1001,10
2008-10-27,1001,1001,1001,1001,10
2008-10-28,1000,1000,1000,1000,610
2008-10-30,1000,1000,1000,1000,140
2008-10-31,1000,1000,1000,1000,150
2008-11-04,1000,1000,1000,1000,30
2008-11-05,1000,1000,1000,1000,150
2008-11-06,1000,1000,1000,1000,20
2008-11-11,950,950,950,950,1020
2008-11-12,950,950,950,950,20
2008-11-13,950,950,950,950,90
2008-11-21,950,950,950,950,100
2008-11-24,950,950,950,950,50
2008-11-25,900,900,900,900,150
2008-11-27,910,910,910,910,100
2008-11-28,910,910,910,910,240
2008-12-02,910,910,910,910,200
2008-12-05,842,842,842,842,2200
2008-12-09,851,851,851,851,600
2008-12-10,851,851,851,851,640
2008-12-11,851,851,851,851,500
2008-12-15,851,851,851,851,250
2008-12-22,851,851,851,851,60
2008-12-24,851,851,851,851,190
2008-12-26,851,851,851,851,50
2008-12-30,801,801,801,801,90
2008-12-31,800,800,800,800,400
2009-01-02,800,800,800,800,100
2009-01-07,750,750,750,750,500
2009-01-09,700,700,700,700,670
2009-01-12,690,690,690,690,3060
2009-01-13,690,690,690,690,100
2009-01-15,640,640,640,640,1600
2009-01-19,640,640,640,640,2620
2009-01-20,640,640,640,640,1780
2009-01-21,640,640,640,640,30
2009-01-22,640,640,640,640,120
2009-01-23,644,644,644,644,100
2009-01-26,644,644,644,644,50
2009-02-02,650,650,650,650,210
2009-02-03,650,650,650,650,780
2009-02-04,650,650,650,650,40
2009-02-05,650,650,650,650,3170
2009-02-06,650,650,650,650,200
2009-02-10,650,650,650,650,420
2009-02-12,650,650,650,650,90
2009-02-13,650,650,650,650,20
2009-03-04,680,680,680,680,200
2009-03-05,680,680,680,680,40
2009-03-10,700,700,700,700,540
2009-03-11,700,700,700,700,10
2009-03-13,701,701,701,701,260
2009-03-17,715,715,715,715,510
2009-03-19,715,715,715,715,200
2009-03-23,715,715,715,715,210
2009-03-24,700,700,700,700,650
2009-03-27,700,700,700,700,280
2009-03-30,700,700,700,700,380
2009-03-31,700,700,700,700,420
2009-04-02,700,700,700,700,230
2009-04-06,700,700,700,700,30
2009-04-14,701,701,701,701,340
2009-04-17,701,701,701,701,1150
2009-04-21,701,701,701,701,170
2009-04-22,701,701,701,701,50
2009-04-28,700,700,700,700,130
2009-04-29,700,700,700,700,900
2009-05-18,700,700,700,700,50
2009-05-19,700,700,700,700,10
2009-05-28,753,753,753,753,310
2009-06-09,760,760,760,760,130
2009-06-11,817,817,817,817,260
2009-06-16,819,819,819,819,100
2009-06-17,880,880,880,880,150
2009-07-03,1050,1050,1050,1050,330
2009-07-07,1100,1100,1100,1100,250
2009-07-08,1040,1040,1040,1040,950
2009-07-09,1040,1040,1040,1040,20
2009-07-13,970,970,970,970,690
2009-07-14,950,950,950,950,420
2009-07-16,950,950,950,950,100
2009-07-21,900,900,900,900,200
2009-07-22,900,900,900,900,70
2009-07-23,940,940,940,940,100
2009-07-27,880,880,880,880,100
2009-07-28,880,880,880,880,50
2009-07-29,880,880,880,880,1000
2009-08-04,880,880,880,880,2110
2009-08-11,880,880,880,880,60
2009-08-12,880,880,880,880,70
2009-08-14,875,875,875,875,200
2009-08-19,875,875,875,875,140
2009-08-25,870,870,870,870,250
2009-08-27,870,870,870,870,500
2009-08-28,870,870,870,870,120
2009-08-31,870,870,870,870,30
2009-09-01,870,870,870,870,480
2009-09-02,870,870,870,870,520
2009-09-03,870,870,870,870,300
2009-09-08,870,870,870,870,500
2009-09-09,870,870,870,870,10
2009-09-10,870,870,870,870,130
2009-09-11,870,870,870,870,1150
2009-09-14,870,870,870,870,250
2009-09-18,930,930,930,930,140
2009-09-21,930,930,930,930,100
2009-09-22,930,930,930,930,600
2009-09-23,930,930,930,930,240
2009-09-25,900,900,900,900,150
2009-09-28,900,900,900,900,550
2009-09-30,855,855,855,855,1880
2009-10-01,844,844,844,844,2730
2009-10-02,844,844,844,844,500
2009-10-05,844,844,844,844,590
2009-10-07,830,830,830,830,180
2009-10-08,800,800,800,800,3930
2009-10-12,820,820,820,820,90
2009-10-13,820,820,820,820,3300
2009-10-14,820,820,820,820,1450
2009-10-15,820,820,820,820,160
2009-10-16,820,820,820,820,8300
2009-10-19,821,821,821,821,100
2009-10-21,821,821,821,821,280
2009-10-22,821,821,821,821,170
2009-10-23,821,821,821,821,510
2009-10-26,820,820,820,820,1000
2009-10-27,820,820,820,820,4200
2009-10-28,820,820,820,820,1210
2009-11-02,820,820,820,820,5000
2009-11-04,820,820,820,820,7370
2009-11-05,820,820,820,820,970
2009-11-10,820,820,820,820,160
2009-11-13,820,820,820,820,1220
2009-11-16,820,820,820,820,100
2009-11-17,840,840,840,840,530
2009-11-18,840,840,840,840,100
2009-11-19,861,861,861,861,1500
2009-11-23,920,920,920,920,3680
2009-11-24,920,920,920,920,860
2009-11-25,960,960,960,960,90
2009-11-26,960,960,960,960,190
2009-11-30,1032,1032,1032,1032,230
2009-12-01,1032,1032,1032,1032,150
2009-12-02,1000,1000,1000,1000,870
2009-12-03,925,925,925,925,90
2009-12-09,900,900,900,900,200
2009-12-10,900,900,900,900,100
2009-12-11,900,900,900,900,1970
2009-12-15,900,900,900,900,3530
2009-12-16,900,900,900,900,3960
2009-12-17,900,900,900,900,2000
2009-12-18,968,968,968,968,100
2009-12-21,968,968,968,968,460
2009-12-22,968,968,968,968,160
2009-12-24,1040,1040,1040,1040,7140
2009-12-29,1030,1030,1030,1030,180
2009-12-30,1030,1030,1030,1030,40
2009-12-31,1000,1000,1000,1000,150
2010-01-05,920,920,920,920,700
2010-01-06,920,920,920,920,100
2010-01-07,920,920,920,920,190
2010-01-15,1000,1000,1000,1000,630
2010-01-18,990,990,990,990,350
2010-01-19,1050,1050,1050,1050,300
2010-01-21,1000,1000,1000,1000,950
2010-01-22,1001,1001,1001,1001,900
2010-01-25,1000,1000,1000,1000,2900
2010-01-27,1000,1000,1000,1000,200
2010-01-28,1000,1000,1000,1000,880
2010-01-29,953,953,953,953,690
2010-02-01,1000,1000,1000,1000,1260
2010-02-02,1000,1000,1000,1000,550
2010-02-03,1000,1000,1000,1000,200
2010-02-04,1000,1000,1000,1000,250
2010-02-05,1000,1000,1000,1000,200
2010-02-08,1000,1000,1000,1000,420
2010-02-09,1000,1000,1000,1000,1040
2010-02-11,972,972,972,972,1650
2010-02-12,950,950,950,950,500
2010-02-17,960,960,960,960,370
2010-02-18,950,950,950,950,2500
2010-02-19,952,952,952,952,220
2010-02-23,981,981,981,981,400
2010-02-25,1000,1000,1000,1000,100
2010-03-01,1000,1000,1000,1000,150
2010-03-02,990,990,990,990,100
2010-03-03,990,990,990,990,400
2010-03-08,950,950,950,950,2000
2010-03-09,950,950,950,950,3070
2010-03-12,1000,1000,1000,1000,550
2010-03-15,1000,1000,1000,1000,250
2010-03-16,1000,1000,1000,1000,700
2010-03-17,1000,1000,1000,1000,90
2010-03-18,1000,1000,1000,1000,160
2010-03-19,1000,1000,1000,1000,500
2010-03-22,1000,1000,1000,1000,140
2010-03-24,981,981,981,981,520
2010-03-25,1000,1000,1000,1000,1870
2010-03-26,1000,1000,1000,1000,200
2010-03-29,1001,1001,1001,1001,800
2010-03-30,999,999,999,999,530
2010-04-01,999,999,999,999,100
2010-04-02,999,999,999,999,80
2010-04-06,1000,1000,1000,1000,2480
2010-04-07,1000,1000,1000,1000,620
2010-04-14,1050,1050,1050,1050,500
2010-04-15,1000,1000,1000,1000,2230
2010-04-19,1001,1001,1001,1001,790
2010-04-20,1003,1003,1003,1003,150
2010-04-21,1004,1004,1004,1004,760
2010-04-22,1010,1010,1010,1010,380
2010-04-23,1010,1010,1010,1010,200
2010-04-26,1003,1003,1003,1003,4420
2010-04-27,1003,1003,1003,1003,1000
2010-04-28,1030,1030,1030,1030,580
2010-04-29,1050,1050,1050,1050,1000
2010-04-30,1050,1050,1050,1050,740
2010-05-03,1050,1050,1050,1050,670
2010-05-04,1050,1050,1050,1050,310
2010-05-06,1051,1051,1051,1051,150
2010-05-07,1053,1053,1053,1053,2000
2010-05-10,1053,1053,1053,1053,50
2010-05-11,1100,1100,1100,1100,300
2010-05-12,1100,1100,1100,1100,110
2010-05-14,1100,1100,1100,1100,100
2010-05-17,1100,1100,1100,1100,300
2010-05-18,1098,1098,1098,1098,2030
2010-05-21,1050,1050,1050,1050,100
2010-05-27,1000,1000,1000,1000,430
2010-05-28,1000,1000,1000,1000,20
2010-06-01,958,958,958,958,100
2010-06-02,958,958,958,958,20
2010-06-03,958,958,958,958,1280
2010-06-04,950,950,950,950,150
2010-06-07,950,950,950,950,30
2010-06-09,940,940,940,940,770
2010-06-11,940,940,940,940,10
2010-06-14,880,880,880,880,80
2010-06-15,870,870,870,870,1450
2010-06-17,850,850,850,850,2620
2010-06-18,861,861,861,861,2330
2010-06-21,870,870,870,870,110
2010-06-22,900,900,900,900,600
2010-06-23,901,901,901,901,100
2010-06-24,950,950,950,950,2710
2010-06-25,990,990,990,990,490
2010-06-28,990,990,990,990,960
2010-07-01,981,981,981,981,1100
2010-07-05,989,989,989,989,500
2010-07-06,980,980,980,980,230
2010-07-07,989,989,989,989,1150
2010-07-09,989,989,989,989,150
2010-07-14,950,950,950,950,250
2010-07-16,950,950,950,950,250
2010-07-19,990,990,990,990,2980
2010-07-23,900,900,900,900,450
2010-07-27,850,850,850,850,600
2010-07-30,850,850,850,850,5060
2010-08-02,850,850,850,850,310
2010-08-03,850,850,850,850,590
2010-08-04,900,900,900,900,180
2010-08-05,850,850,850,850,140
2010-08-11,900,900,900,900,2600
2010-08-12,900,900,900,900,400
2010-08-13,900,900,900,900,20
2010-08-16,900,900,900,900,20
2010-08-17,850,850,850,850,500
2010-08-18,900,900,900,900,160
2010-08-19,900,900,900,900,690
2010-08-20,900,900,900,900,260
2010-08-23,850,850,850,850,240
2010-08-26,900,900,900,900,440
2010-08-27,850,850,850,850,500
2010-08-30,850,850,850,850,710
2010-08-31,801,801,801,801,1220
2010-09-01,801,801,801,801,6310
2010-09-02,850,850,850,850,240
2010-09-03,850,850,850,850,380
2010-09-07,850,850,850,850,110
2010-09-13,900,900,900,900,430
2010-09-14,850,850,850,850,500
2010-09-15,901,901,901,901,690
2010-09-16,890,890,890,890,500
2010-09-17,890,890,890,890,2190
2010-09-20,890,890,890,890,1200
2010-09-21,850,850,850,850,170
2010-09-22,850,850,850,850,80
2010-09-28,890,890,890,890,210
2010-09-29,850,850,850,850,1490
2010-09-30,890,890,890,890,300
2010-10-01,890,890,890,890,200
2010-10-04,898,898,898,898,1710
2010-10-05,900,900,900,900,200
2010-10-08,1000,1000,1000,1000,1590
2010-10-11,950,950,950,950,220
2010-10-15,960,960,960,960,150
2010-10-18,960,960,960,960,600
2010-10-19,960,960,960,960,150
2010-10-25,950,950,950,950,100
2010-11-02,890,890,890,890,120
2010-11-03,890,890,890,890,80
2010-11-05,900,900,900,900,620
2010-11-08,900,900,900,900,350
2010-11-09,900,900,900,900,300
2010-11-11,900,900,900,900,400
2010-11-12,900,900,900,900,270
2010-11-17,900,900,900,900,90
2010-11-18,900,900,900,900,160
2010-11-19,900,900,900,900,600
2010-11-23,850,850,850,850,1060
2010-11-24,850,850,850,850,1100
2010-11-25,850,850,850,850,20
2010-11-26,800,800,800,800,2500
2010-11-29,800,800,800,800,30
2010-11-30,801,801,801,801,350
2010-12-06,800,800,800,800,1320
2010-12-07,801,801,801,801,100
2010-12-08,801,801,801,801,3860
2010-12-09,801,801,801,801,30
2010-12-10,810,810,810,810,240
2010-12-15,936,936,936,936,2880
2010-12-21,936,936,936,936,50
2010-12-24,936,936,936,936,1600
2010-12-30,811,811,811,811,100
2010-12-31,811,811,811,811,100
2011-01-04,811,811,811,811,2720
2011-01-05,811,811,811,811,680
2011-01-07,811,811,811,811,3030
2011-01-14,860,860,860,860,100
2011-01-17,870,870,870,870,300
2011-01-18,900,900,900,900,210
2011-01-19,900,900,900,900,380
2011-01-20,833,833,833,833,200
2011-01-25,860,860,860,860,120
2011-01-31,870,870,870,870,120
2011-02-02,870,870,870,870,100
2011-02-07,850,850,850,850,180
2011-02-08,840,840,840,840,90
2011-02-10,800,800,800,800,820
2011-02-11,800,800,800,800,110
2011-03-01,840,840,840,840,200
2011-03-29,800,800,800,800,200
2011-05-04,800,800,800,800,50
2011-05-05,800,800,800,800,100
2011-05-06,800,800,800,800,100
2011-05-19,740,740,740,740,100
2011-05-24,700,700,700,700,500
2011-05-25,700,700,700,700,620
2011-05-26,700,700,700,700,3910
2011-05-27,700,700,700,700,1860
2011-05-30,700,700,700,700,1490
2011-05-31,715,715,715,715,590
2011-06-08,715,715,715,715,440
2011-06-09,722,722,722,722,800
2011-06-14,724,724,724,724,100
2011-06-17,724,724,724,724,350
2011-06-22,724,724,724,724,300
2011-06-27,724,724,724,724,450
2011-06-29,750,750,750,750,480
2011-07-04,800,800,800,800,600
2011-07-05,860,860,860,860,540
2011-07-07,900,900,900,900,190
2011-07-08,900,900,900,900,720
2011-07-12,900,900,900,900,270
2011-07-13,900,900,900,900,600
2011-07-14,900,900,900,900,820
2011-07-15,900,900,900,900,80
2011-07-18,900,900,900,900,150
2011-07-19,900,900,900,900,10
2011-07-20,900,900,900,900,20
2011-07-22,850,850,850,850,200
2011-07-25,850,850,850,850,120
2011-07-26,850,850,850,850,500
2011-07-28,850,850,850,850,2490
2011-07-29,850,850,850,850,920
2011-08-02,850,850,850,850,3980
2011-08-04,825,825,825,825,1500
2011-08-05,825,825,825,825,30
2011-08-09,825,825,825,825,180
2011-08-10,825,825,825,825,340
2011-08-11,825,825,825,825,300
2011-08-16,825,825,825,825,20
2011-08-19,825,825,825,825,100
2011-08-22,800,800,800,800,110
2011-08-24,750,750,750,750,600
2011-08-26,800,800,800,800,1060
2011-08-29,800,800,800,800,240
2011-08-31,800,800,800,800,110
2011-09-01,800,800,800,800,250
2011-09-06,800,800,800,800,130
2011-09-07,800,800,800,800,130
2011-09-08,800,800,800,800,500
2011-09-15,750,750,750,750,400
2011-09-16,750,750,750,750,1800
2011-09-19,800,800,800,800,350
2011-09-20,750,750,750,750,590
2011-09-22,730,730,730,730,150
2011-10-04,750,750,750,750,260
2011-10-05,751,751,751,751,1180
2011-10-06,760,760,760,760,900
2011-10-07,800,800,800,800,2090
2011-10-10,750,750,750,750,150
2011-10-11,750,750,750,750,30
2011-10-12,750,750,750,750,100
2011-10-13,800,800,800,800,2000
2011-10-14,800,800,800,800,50
2011-10-17,750,750,750,750,2220
2011-10-25,800,800,800,800,1610
2011-10-28,800,800,800,800,500
2011-10-31,750,750,750,750,1000
2011-11-04,751,751,751,751,100
2011-11-08,750,750,750,750,1010
2011-11-10,740,740,740,740,270
2011-11-11,775,775,775,775,120
2011-11-21,730,730,730,730,200
2011-11-22,720,720,720,720,230
2011-12-06,701,701,701,701,290
2011-12-07,701,701,701,701,580
2011-12-08,700,700,700,700,250
2011-12-09,700,700,700,700,100
2011-12-12,700,700,700,700,500
2011-12-13,700,700,700,700,220
2011-12-15,700,700,700,700,300
2011-12-16,700,700,700,700,560
2011-12-22,700,700,700,700,840
2011-12-23,670,670,670,670,100
2011-12-28,671,671,671,671,120
2012-01-03,699,699,699,699,400
2012-01-05,700,700,700,700,100
2012-01-06,680,680,680,680,260
2012-01-10,670,670,670,670,80
2012-01-18,720,720,720,720,1500
2012-01-19,670,670,670,670,140
2012-01-23,720,720,720,720,990
2012-01-24,720,720,720,720,1480
2012-01-25,720,720,720,720,10
2012-01-27,720,720,720,720,12010
2012-01-30,720,720,720,720,9030
2012-02-03,720,720,720,720,300
2012-02-06,720,720,720,720,100
2012-02-07,720,720,720,720,300
2012-02-08,720,720,720,720,750
2012-02-14,720,720,720,720,170
2012-02-15,720,720,720,720,350
2012-02-16,720,720,720,720,60
2012-02-17,719,719,719,719,400
2012-02-23,700,700,700,700,400
2012-02-24,720,720,720,720,590
2012-02-27,700,700,700,700,490
2012-02-28,700,700,700,700,50
2012-02-29,700,700,700,700,80
2012-03-01,700,700,700,700,50
2012-03-02,700,700,700,700,130
2012-03-05,670,670,670,670,530
2012-03-06,649,649,649,649,1430
2012-03-07,649,649,649,649,700
2012-03-08,620,620,620,620,190
2012-03-09,650,650,650,650,1170
2012-03-12,650,650,650,650,1770
2012-03-13,650,650,650,650,440
2012-03-14,650,650,650,650,60
2012-03-15,650,650,650,650,500
2012-03-16,650,650,650,650,700
2012-03-19,650,650,650,650,360
2012-03-20,650,650,650,650,150
2012-03-21,650,650,650,650,100
2012-03-26,650,650,650,650,420
2012-03-27,665,665,665,665,2250
2012-03-28,675,675,675,675,140
2012-03-29,690,690,690,690,1850
2012-03-30,740,740,740,740,530
2012-04-02,790,790,790,790,400
2012-04-03,849,849,849,849,390
2012-04-04,849,849,849,849,160
2012-04-05,820,820,820,820,890
2012-04-06,825,825,825,825,120
2012-04-10,820,820,820,820,400
2012-04-11,826,826,826,826,9950
2012-04-12,826,826,826,826,590
2012-04-13,831,831,831,831,1170
2012-04-16,820,820,820,820,11170
2012-04-18,750,750,750,750,5830
2012-04-19,750,750,750,750,5020
2012-04-20,740,740,740,740,320
2012-04-23,730,730,730,730,230
2012-04-24,730,730,730,730,210
2012-04-25,700,700,700,700,520
2012-04-26,690,690,690,690,630
2012-04-30,690,690,690,690,800
2012-05-03,680,680,680,680,250
2012-05-04,680,680,680,680,390
2012-05-07,680,680,680,680,160
2012-05-21,695,695,695,695,1200
2012-05-22,680,680,680,680,80
2012-05-23,680,680,680,680,50
2012-05-24,680,680,680,680,50
2012-05-25,680,680,680,680,200
2012-05-31,680,680,680,680,460
2012-06-04,680,680,680,680,850
2012-06-05,690,690,690,690,700
2012-06-06,690,690,690,690,5710
2012-06-12,700,700,700,700,300
2012-06-13,753,753,753,753,1700
2012-06-14,809,809,809,809,100
2012-06-15,809,809,809,809,650
2012-06-19,809,809,809,809,50
2012-06-20,809,809,809,809,150
2012-06-21,800,800,800,800,370
2012-06-22,800,800,800,800,300
2012-06-26,750,750,750,750,100
2012-06-27,694,694,694,694,1090
2012-06-28,700,700,700,700,200
2012-06-29,740,740,740,740,280
2012-07-02,740,740,740,740,2690
2012-07-03,740,740,740,740,740
2012-07-05,740,740,740,740,750
2012-07-06,740,740,740,740,1500
2012-07-09,740,740,740,740,250
2012-07-10,740,740,740,740,120
2012-07-11,740,740,740,740,180
2012-07-13,740,740,740,740,20
2012-07-18,740,740,740,740,130
2012-07-20,740,740,740,740,90
2012-07-24,740,740,740,740,550
2012-07-25,740,740,740,740,200
2012-07-27,740,740,740,740,50
2012-07-30,700,700,700,700,170
2012-08-01,700,700,700,700,1050
2012-08-09,701,701,701,701,200
2012-08-10,720,720,720,720,300
2012-08-14,720,720,720,720,500
2012-08-16,720,720,720,720,200
2012-08-28,720,720,720,720,250
2012-08-29,720,720,720,720,90
2012-08-30,720,720,720,720,110
2012-08-31,720,720,720,720,1550
2012-09-04,721,721,721,721,500
2012-09-05,725,725,725,725,80
2012-09-06,725,725,725,725,310
2012-09-07,735,735,735,735,1490
2012-09-10,721,721,721,721,400
2012-09-11,722,722,722,722,500
2012-09-12,730,730,730,730,100
2012-09-13,730,730,730,730,1210
2012-09-21,780,780,780,780,200
2012-09-24,800,800,800,800,180
2012-09-25,800,800,800,800,190
2012-09-27,740,740,740,740,1500
2012-09-28,740,740,740,740,180
2012-10-01,740,740,740,740,50
2012-10-02,740,740,740,740,10
2012-10-03,740,740,740,740,50
2012-10-04,740,740,740,740,1800
2012-10-08,750,750,750,750,570
2012-10-09,700,700,700,700,450
2012-10-10,700,700,700,700,60
2012-10-11,700,700,700,700,550
2012-10-18,750,750,750,750,250
2012-10-19,800,800,800,800,570
2012-10-23,800,800,800,800,90
2012-10-24,800,800,800,800,970
2012-10-25,860,860,860,860,12870
2012-10-29,925,925,925,925,9730
2012-10-30,900,900,900,900,35330
2012-10-31,905,905,905,905,8060
2012-11-02,905,905,905,905,5340
2012-11-05,973,973,973,973,460
2012-11-06,980,980,980,980,9000
2012-11-07,1000,1000,1000,1000,1930
2012-11-08,1075,1075,1075,1075,2660
2012-11-09,1100,1100,1100,1100,2630
2012-11-12,1100,1100,1100,1100,660
2012-11-13,1050,1050,1050,1050,340
2012-11-14,1051,1051,1051,1051,2750
2012-11-16,1080,1080,1080,1080,4910
2012-11-19,1050,1050,1050,1050,3530
2012-11-20,1050,1050,1050,1050,200
2012-11-21,1000,1000,1000,1000,550
2012-11-23,1000,1000,1000,1000,100
2012-11-26,1050,1050,1050,1050,350
2012-11-27,1050,1050,1050,1050,790
2012-11-30,1000,1000,1000,1000,1340
2012-12-04,1000,1000,1000,1000,1090
2012-12-05,1000,1000,1000,1000,630
2012-12-06,995,995,995,995,2520
2012-12-11,950,950,950,950,160
2012-12-12,950,950,950,950,550
2012-12-13,995,995,995,995,810
2012-12-14,950,950,950,950,440
2012-12-17,950,950,950,950,350
2012-12-18,950,950,950,950,750
2012-12-19,950,950,950,950,440
2012-12-24,950,950,950,950,70
2012-12-27,900,900,900,900,1090
2012-12-28,900,900,900,900,100
2012-12-31,900,900,900,900,530
2013-01-02,900,900,900,900,1160
2013-01-03,900,900,900,900,900
2013-01-04,900,900,900,900,940
2013-01-07,900,900,900,900,680
2013-01-08,833,833,833,833,1090
2013-01-09,800,800,800,800,860
2013-01-10,860,860,860,860,450
2013-01-11,870,870,870,870,1540
2013-01-14,900,900,900,900,1120
2013-01-15,968,968,968,968,980
2013-01-16,920,920,920,920,2390
2013-01-17,900,900,900,900,560
2013-01-18,900,900,900,900,500
2013-01-23,968,968,968,968,130
2013-01-25,1040,1040,1040,1040,190
2013-01-28,1000,1000,1000,1000,1170
2013-01-29,1000,1000,1000,1000,490
2013-01-31,950,950,950,950,10000
2013-02-01,1000,1000,1000,1000,250
2013-02-06,1000,1000,1000,1000,10
2013-02-07,1075,1075,1075,1075,290
2013-02-08,1100,1100,1100,1100,1250
2013-02-11,1070,1070,1070,1070,600
2013-02-12,1099,1099,1099,1099,100
2013-02-14,1090,1090,1090,1090,390
2013-02-18,1010,1010,1010,1010,310
2013-02-19,1010,1010,1010,1010,250
2013-02-20,1050,1050,1050,1050,1430
2013-02-21,1100,1100,1100,1100,710
2013-02-25,1100,1100,1100,1100,220
2013-02-26,1070,1070,1070,1070,1170
2013-02-27,1100,1100,1100,1100,880
2013-02-28,1150,1150,1150,1150,600
2013-03-01,1100,1100,1100,1100,530
2013-03-04,1060,1060,1060,1060,120
2013-03-05,1100,1100,1100,1100,510
2013-03-07,1150,1150,1150,1150,1560
2013-03-08,1130,1130,1130,1130,400
2013-03-11,1100,1100,1100,1100,1200
2013-03-12,1100,1100,1100,1100,820
2013-03-13,1065,1065,1065,1065,100
2013-03-15,1065,1065,1065,1065,500
2013-03-19,1140,1140,1140,1140,200
2013-03-21,1065,1065,1065,1065,80
2013-03-22,1060,1060,1060,1060,320
2013-03-25,1060,1060,1060,1060,2030
2013-03-26,1060,1060,1060,1060,2790
2013-03-27,1060,1060,1060,1060,800
2013-03-28,1060,1060,1060,1060,1090
2013-03-29,1062,1062,1062,1062,3300
2013-04-02,1061,1061,1061,1061,1000
2013-04-03,1061,1061,1061,1061,2000
2013-04-04,1061,1061,1061,1061,880
2013-04-05,1060,1060,1060,1060,1640
2013-04-08,1000,1000,1000,1000,4450
2013-04-09,1040,1040,1040,1040,910
2013-04-15,1080,1080,1080,1080,940
2013-04-26,1090,1090,1090,1090,1080
2013-04-29,1090,1090,1090,1090,300
2013-04-30,1090,1090,1090,1090,250
2013-05-06,1172,1172,1172,1172,450
2013-05-07,1172,1172,1172,1172,920
2013-05-08,1200,1200,1200,1200,1230
2013-05-10,1190,1190,1190,1190,770
2013-05-14,1190,1190,1190,1190,630
2013-05-15,1120,1120,1120,1120,300
2013-05-17,1204,1204,1204,1204,1460
2013-05-21,1200,1200,1200,1200,470
2013-05-22,1200,1200,1200,1200,3930
2013-05-23,1210,1210,1210,1210,5800
2013-05-24,1300,1300,1300,1300,400
2013-05-27,1398,1398,1398,1398,7780
2013-05-28,1395,1395,1395,1395,1550
2013-05-29,1490,1490,1490,1490,3160
2013-05-30,1490,1490,1490,1490,460
2013-05-31,1490,1490,1490,1490,250
2013-06-06,1378,1378,1378,1378,340
2013-06-07,1378,1378,1378,1378,830
2013-06-10,1301,1301,1301,1301,150
2013-06-11,1301,1301,1301,1301,50
2013-06-12,1300,1300,1300,1300,480
2013-06-13,1300,1300,1300,1300,50
2013-06-14,1300,1300,1300,1300,10
2013-06-18,1275,1275,1275,1275,360
2013-06-19,1300,1300,1300,1300,1690
2013-06-20,1300,1300,1300,1300,300
2013-06-21,1300,1300,1300,1300,1340
2013-06-24,1300,1300,1300,1300,360
2013-06-25,1300,1300,1300,1300,330
2013-06-27,1300,1300,1300,1300,350
2013-07-02,1203,1203,1203,1203,600
2013-07-04,1205,1205,1205,1205,600
2013-07-05,1205,1205,1205,1205,1110
2013-07-08,1200,1200,1200,1200,250
2013-07-09,1200,1200,1200,1200,1150
2013-07-10,1200,1200,1200,1200,160
2013-07-11,1200,1200,1200,1200,1990
2013-07-12,1290,1290,1290,1290,3890
2013-07-15,1201,1201,1201,1201,400
2013-07-16,1202,1202,1202,1202,250
2013-07-18,1202,1202,1202,1202,560
2013-07-19,1290,1290,1290,1290,370
2013-07-22,1250,1250,1250,1250,1810
2013-07-23,1250,1250,1250,1250,180
2013-07-25,1200,1200,1200,1200,2280
2013-07-29,1200,1200,1200,1200,20
2013-07-30,1200,1200,1200,1200,620
2013-07-31,1200,1200,1200,1200,400
2013-08-02,1201,1201,1201,1201,180
2013-08-05,1201,1201,1201,1201,130
2013-08-06,1201,1201,1201,1201,770
2013-08-09,1250,1250,1250,1250,580
2013-08-13,1200,1200,1200,1200,710
2013-08-14,1200,1200,1200,1200,1140
2013-08-16,1200,1200,1200,1200,2130
2013-08-19,1220,1220,1220,1220,1200
2013-08-20,1219,1219,1219,1219,610
2013-08-21,1200,1200,1200,1200,590
2013-08-22,1220,1220,1220,1220,120
2013-08-23,1200,1200,1200,1200,2250
2013-08-26,1220,1220,1220,1220,400
2013-08-27,1221,1221,1221,1221,200
2013-08-28,1200,1200,1200,1200,800
2013-08-29,1250,1250,1250,1250,100
2013-09-02,1251,1251,1251,1251,520
2013-09-03,1251,1251,1251,1251,190
2013-09-05,1251,1251,1251,1251,120
2013-09-06,1253,1253,1253,1253,500
2013-09-10,1300,1300,1300,1300,1100
2013-09-11,1300,1300,1300,1300,760
2013-09-12,1300,1300,1300,1300,300
2013-09-13,1300,1300,1300,1300,510
2013-09-16,1203,1300,1203,1300,1170
2013-09-17,1251,1251,1251,1251,300
2013-09-18,1253,1253,1250,1250,250
2013-09-19,1299,1299,1250,1250,3590
2013-09-23,1300,1300,1251,1251,1430
2013-09-24,1299,1299,1251,1251,710
2013-09-25,1270,1299,1270,1299,530
2013-09-26,1299,1299,1270,1270,920
2013-09-27,1270,1270,1270,1270,10
2013-09-30,1270,1299,1270,1299,180
2013-10-01,1270,1270,1270,1270,30
2013-10-03,1270,1299,1270,1299,600
2013-10-04,1280,1299,1280,1299,80
2013-10-07,1300,1300,1300,1300,2000
2013-10-08,1300,1300,1300,1300,10
2013-10-09,1300,1300,1300,1300,250
2013-10-10,1275,1300,1275,1300,450
2013-10-14,1300,1300,1290,1290,840
2013-10-16,1300,1300,1270,1270,340
2013-10-17,1300,1300,1270,1300,300
2013-10-18,1300,1310,1261,1261,330
2013-10-21,1300,1300,1270,1270,340
2013-10-22,1270,1270,1270,1270,520
2013-10-24,1350,1350,1350,1350,120
2013-10-25,1350,1350,1301,1301,480
2013-10-28,1350,1350,1350,1350,140
2013-10-29,1302,1302,1302,1302,240
2013-10-30,1310,1310,1310,1310,30
2013-10-31,1315,1350,1310,1310,920
2013-11-04,1300,1300,1250,1300,360
2013-11-05,1299,1300,1285,1285,260
2013-11-06,1280,1280,1251,1251,180
2013-11-07,1250,1250,1245,1245,510
2013-11-08,1245,1245,1245,1245,110
2013-11-11,1200,1300,1200,1300,7070
2013-11-12,1300,1301,1300,1300,20440
2013-11-13,1300,1301,1300,1301,1520
2013-11-18,1350,1350,1301,1301,2050
2013-11-19,1301,1301,1301,1301,200
2013-11-20,1302,1302,1301,1301,180
2013-11-21,1350,1350,1301,1301,140
2013-11-25,1310,1310,1310,1310,20
2013-11-27,1321,1321,1300,1300,13900
2013-11-28,1326,1326,1300,1300,4300
2013-11-29,1300,1300,1300,1300,30
2013-12-02,1300,1300,1300,1300,1230
2013-12-03,1300,1300,1300,1300,470
2013-12-04,1300,1300,1300,1300,540
2013-12-05,1300,1300,1280,1280,7970
2013-12-06,1275,1300,1275,1300,60
2013-12-09,1300,1300,1300,1300,420
2013-12-10,1290,1290,1290,1290,270
2013-12-11,1300,1380,1300,1380,520
2013-12-12,1484,1484,1454,1484,1950
2013-12-13,1590,1595,1590,1595,60
2013-12-16,1595,1595,1595,1595,1000
2013-12-17,1595,1595,1595,1595,330
2013-12-19,1600,1600,1600,1600,280
2013-12-20,1480,1600,1480,1600,670
2013-12-30,1600,1600,1595,1595,130
2013-12-31,1595,1595,1595,1595,250
2014-01-03,1595,1595,1595,1595,80
2014-01-07,1596,1714,1596,1700,930
2014-01-08,1700,1700,1700,1700,30
2014-01-09,1700,1700,1700,1700,220
2014-01-10,1700,1700,1700,1700,10290
2014-01-14,1828,1828,1800,1800,2170
2014-01-16,1800,1800,1800,1800,400
2014-01-17,1828,1828,1828,1828,280
2014-01-20,1850,1850,1850,1850,140
2014-01-21,1989,1989,1989,1989,270
2014-01-22,1989,1989,1861,1989,650
2014-01-23,1989,1989,1989,1989,250
2014-01-24,1989,2100,1989,2100,50
2014-01-27,2100,2100,2000,2000,150
2014-01-28,2000,2000,2000,2000,550
2014-01-29,2000,2100,2000,2100,870
2014-01-31,2050,2050,2050,2050,20
2014-02-03,2051,2051,2000,2000,930
2014-02-05,2000,2050,2000,2050,580
2014-02-07,2050,2100,2050,2100,550
2014-02-10,2100,2100,2100,2100,100
2014-02-11,2100,2100,2100,2100,450
2014-02-12,2100,2100,2100,2100,440
2014-02-14,2100,2142,2100,2142,300
2014-02-17,2142,2142,2050,2050,2260
2014-02-18,2100,2100,2100,2100,440
2014-02-19,2150,2150,2150,2150,170
2014-02-20,2150,2200,2100,2192,700
2014-02-21,2200,2200,2150,2150,120
2014-02-24,2150,2150,2150,2150,510
2014-02-25,2150,2150,2145,2145,50
2014-02-26,2145,2145,2100,2100,250
2014-03-03,2150,2150,2100,2100,270
2014-03-04,2135,2135,2100,2100,180
2014-03-05,2100,2100,2100,2100,440
2014-03-06,2100,2100,2100,2100,300
2014-03-10,2100,2100,2100,2100,120
2014-03-11,2100,2100,2050,2050,160
2014-03-14,2050,2050,2050,2050,350
2014-03-17,2050,2050,2050,2050,100
2014-03-18,2090,2090,2050,2050,550
2014-03-19,2035,2050,2035,2050,250
2014-03-20,2050,2050,2050,2050,90
2014-03-24,2050,2050,2050,2050,2600
2014-03-26,2000,2000,2000,2000,270
2014-03-27,2000,2000,2000,2000,400
2014-03-28,1999,2000,1999,2000,350
2014-03-31,1999,1999,1999,1999,150
2014-04-01,1990,2000,1990,2000,400
2014-04-03,1950,1950,1950,1950,50
2014-04-04,1955,1955,1955,1955,150
2014-04-07,1900,1900,1900,1900,40
2014-04-08,1950,1950,1950,1950,2180
2014-04-11,1950,1950,1950,1950,1020
2014-04-14,1950,1950,1950,1950,170
2014-04-15,1950,1950,1950,1950,50
2014-04-16,1910,1910,1910,1910,100
2014-04-17,1910,1910,1910,1910,100
2014-04-22,1945,1945,1945,1945,50
2014-04-23,1900,1900,1900,1900,20
2014-04-24,1900,1900,1900,1900,80
2014-04-25,1900,1900,1900,1900,640
2014-04-28,1900,1900,1900,1900,200
2014-04-29,1900,1900,1850,1850,400
2014-04-30,1850,1850,1850,1850,250
2014-05-02,1820,1820,1820,1820,170
2014-05-06,1790,1790,1700,1700,520
2014-05-07,1700,1700,1700,1700,330
2014-05-08,1700,1700,1700,1700,560
2014-05-09,1700,1700,1700,1700,70
2014-05-12,1700,1700,1700,1700,10
2014-05-13,1650,1650,1650,1650,100
2014-05-14,1645,1645,1641,1641,390
2014-05-15,1700,1700,1700,1700,150
2014-05-16,1700,1700,1700,1700,10
2014-05-19,1650,1650,1650,1650,100
2014-05-20,1700,1700,1700,1700,250
2014-05-21,1690,1690,1689,1690,450
2014-05-23,1689,1689,1689,1689,420
2014-05-27,1689,1689,1688,1688,1270
2014-05-28,1689,1689,1689,1689,250
2014-05-30,1689,1689,1688,1689,1380
2014-06-02,1689,1689,1689,1689,20
2014-06-03,1680,1680,1680,1680,140
2014-06-04,1689,1689,1680,1680,150
2014-06-05,1670,1670,1670,1670,1020
2014-06-06,1670,1670,1670,1670,10
2014-06-10,1670,1670,1670,1670,330
2014-06-11,1680,1750,1680,1750,7060
2014-06-12,1700,1800,1700,1800,130
2014-06-16,1935,1935,1935,1935,40
2014-06-17,1950,1950,1950,1950,160
2014-06-18,1950,1950,1804,1804,1440
2014-06-19,1804,1804,1804,1804,870
2014-06-20,1805,1805,1804,1804,300
2014-06-23,1900,1900,1850,1850,50
2014-06-24,1900,1900,1900,1900,280
2014-06-25,1900,1950,1900,1950,1130
2014-06-26,1950,1950,1950,1950,20
2014-06-30,1950,1950,1950,1950,1560
2014-07-01,2000,2000,1950,1950,500
2014-07-04,1879,1880,1879,1880,130
2014-07-07,1780,1780,1780,1780,100
2014-07-08,1780,1845,1780,1845,220
2014-07-09,1845,1845,1845,1845,10
2014-07-10,1808,1840,1808,1840,100
2014-07-15,1780,1780,1780,1780,350
2014-07-16,1800,1800,1800,1800,540
2014-07-17,1800,1800,1800,1800,360
2014-07-18,1799,1800,1799,1800,80
2014-07-21,1800,1800,1799,1799,70
2014-07-22,1780,1780,1780,1780,60
2014-07-25,1740,1740,1740,1740,210
2014-07-29,1740,1740,1610,1610,1030
2014-07-30,1600,1600,1600,1600,250
2014-07-31,1600,1600,1600,1600,850
2014-08-01,1600,1600,1600,1600,4200
2014-08-04,1601,1601,1601,1601,880
2014-08-08,1650,1650,1650,1650,150
2014-08-11,1650,1650,1650,1650,500
2014-08-13,1700,1735,1700,1735,570
2014-08-14,1750,1750,1735,1735,40
2014-08-18,1780,1780,1780,1780,4000
2014-08-19,1750,1800,1725,1750,2300
2014-08-20,1781,1781,1781,1781,150
2014-08-21,1781,1781,1780,1780,1200
2014-08-25,1850,1900,1850,1900,280
2014-08-26,1950,1950,1950,1950,5180
2014-08-27,1900,1950,1900,1950,35130
2014-08-28,1950,1950,1950,1950,50
2014-08-29,1950,1950,1950,1950,220
2014-09-01,1900,1900,1900,1900,190
2014-09-02,1800,1900,1800,1900,1380
2014-09-03,1900,1900,1900,1900,380
2014-09-04,1890,1890,1850,1850,500
2014-09-05,1850,1890,1850,1890,680
2014-09-08,1900,1900,1800,1800,200
2014-09-09,1800,1800,1781,1781,240
2014-09-10,1800,1800,1781,1800,260
2014-09-11,1781,1781,1700,1700,460
2014-09-12,1750,1750,1750,1750,2000
2014-09-15,1750,1750,1750,1750,520
2014-09-16,1750,1750,1750,1750,590
2014-09-17,1760,1760,1750,1750,1000
2014-09-18,1760,1800,1750,1800,2070
2014-09-19,1800,1800,1800,1800,350
2014-09-22,1800,1801,1800,1801,1400
2014-09-23,1900,1900,1900,1900,150
2014-09-24,1850,1850,1850,1850,450
2014-09-25,1840,1840,1800,1810,1700
2014-09-26,1880,1900,1880,1900,200
2014-09-29,1830,1830,1800,1800,150
2014-09-30,1800,1800,1800,1800,50
2014-10-01,1830,1830,1815,1815,100
2014-10-02,1816,1816,1800,1800,2010
2014-10-03,1800,1800,1800,1800,2260
2014-10-06,1810,1810,1800,1800,160
2014-10-08,1836,1836,1820,1836,140
2014-10-09,1836,1836,1800,1800,1180
2014-10-10,1800,1800,1760,1760,440
2014-10-13,1750,1750,1730,1730,220
2014-10-15,1701,1730,1700,1700,730
2014-10-17,1730,1731,1700,1700,950
2014-10-21,1700,1700,1700,1700,100
2014-10-22,1700,1700,1690,1690,80
2014-10-23,1699,1699,1564,1564,80
2014-10-27,1565,1565,1565,1565,1000
2014-10-29,1550,1565,1550,1565,480
2014-10-30,1565,1565,1565,1565,730
2014-10-31,1565,1565,1565,1565,500
2014-11-03,1565,1565,1565,1565,100
2014-11-04,1682,1682,1682,1682,2570
2014-11-07,1680,1680,1680,1680,50
2014-11-11,1680,1700,1680,1700,320
2014-11-12,1700,1700,1700,1700,200
2014-11-13,1701,1750,1700,1750,1010
2014-11-14,1700,1750,1700,1750,120
2014-11-18,1740,1740,1740,1740,120
2014-11-20,1750,1750,1750,1750,810
2014-11-21,1830,1830,1830,1830,200
2014-11-26,1755,1755,1755,1755,250
2014-11-27,1751,1751,1750,1750,360
2014-11-28,1750,1751,1750,1751,620
2014-12-01,1751,1751,1751,1751,300
2014-12-02,1752,1752,1751,1751,650
2014-12-03,1800,1800,1752,1752,290
2014-12-04,1752,1752,1752,1752,220
2014-12-09,1760,1760,1760,1760,1240
2014-12-10,1760,1760,1760,1760,60
2014-12-11,1760,1760,1760,1760,500
2014-12-12,1760,1760,1760,1760,700
2014-12-15,1760,1760,1750,1760,450
2014-12-16,1750,1750,1750,1750,10
2014-12-17,1760,1760,1760,1760,130
2014-12-18,1760,1760,1750,1750,830
2014-12-22,1750,1750,1700,1700,320
2014-12-23,1700,1700,1700,1700,50
2014-12-24,1700,1701,1700,1701,20
2014-12-26,1760,1760,1760,1760,60
2014-12-30,1750,1750,1700,1700,260
2015-01-02,1700,1700,1700,1700,110
2015-01-06,1666,1666,1666,1666,50
2015-01-07,1700,1750,1700,1700,700
2015-01-08,1695,1760,1670,1670,5690
2015-01-09,1700,1700,1670,1670,1680
2015-01-12,1672,1675,1672,1675,150
2015-01-13,1675,1676,1675,1676,2170
2015-01-14,1800,1800,1800,1800,30
2015-01-15,1764,1935,1764,1935,1930
2015-01-16,1900,2080,1900,2080,270
2015-01-19,2080,2111,2080,2111,4210
2015-01-20,2080,2080,2080,2080,140
2015-01-22,2080,2080,2000,2000,420
2015-01-23,1960,2000,1960,2000,220
2015-01-26,1999,1999,1935,1950,330
2015-01-27,1935,1960,1935,1960,1240
2015-01-28,1960,2100,1960,2079,4630
2015-01-29,2079,2235,2079,2235,3050
2015-01-30,2200,2400,2200,2400,4930
2015-02-02,2350,2500,2350,2500,2370
2015-02-03,2500,2500,2500,2500,860
2015-02-04,2500,2500,2400,2500,3500
2015-02-06,2400,2445,2400,2445,8670
2015-02-10,2450,2450,2450,2450,1310
2015-02-12,2450,2450,2450,2450,4790
2015-02-13,2450,2450,2450,2450,210
2015-02-16,2400,2400,2400,2400,510
2015-02-17,2400,2440,2400,2440,330
2015-02-18,2440,2440,2440,2440,40
2015-02-19,2400,2400,2400,2400,640
2015-02-20,2430,2430,2400,2400,60
2015-02-23,2440,2440,2290,2300,1080
2015-02-24,2300,2300,2300,2300,430
2015-02-25,2400,2450,2400,2450,920
2015-02-26,2410,2634,2410,2634,1700
2015-02-27,2600,2600,2600,2600,100
2015-03-02,2600,2634,2451,2451,420
2015-03-03,2451,2451,2451,2451,530
2015-03-04,2451,2451,2450,2450,220
2015-03-05,2450,2450,2450,2450,130
2015-03-06,2634,2634,2450,2450,840
2015-03-11,2630,2630,2630,2630,50
2015-03-12,2450,2450,2440,2440,150
2015-03-13,2440,2440,2350,2351,31680
2015-03-16,2350,2350,2350,2350,1290
2015-03-17,2350,2350,2340,2350,270
2015-03-18,2350,2350,2350,2350,130
2015-03-19,2400,2400,2400,2400,80
2015-03-20,2390,2390,2350,2350,260
2015-03-24,2299,2299,2299,2299,250
2015-03-25,2250,2250,2250,2250,530
2015-03-26,2250,2250,2250,2250,130
2015-03-27,2210,2289,2210,2289,390
2015-03-30,2290,2300,2290,2300,2180
2015-03-31,2300,2300,2293,2293,150
2015-04-01,2290,2290,2290,2290,770
2015-04-02,2280,2280,2280,2280,1600
2015-04-03,2250,2280,2250,2280,510
2015-04-07,2280,2280,2280,2280,920
2015-04-08,2280,2280,2280,2280,60
2015-04-09,2280,2280,2270,2270,1200
2015-04-10,2260,2270,2260,2265,380
2015-04-13,2268,2268,2265,2268,560
2015-04-14,2268,2270,2265,2265,17690
2015-04-15,2300,2300,2300,2300,200
2015-04-16,2300,2300,2300,2300,420
2015-04-21,2316,2316,2316,2316,150
2015-04-23,2351,2351,2320,2320,150
2015-04-24,2350,2350,2350,2350,1000
2015-04-27,2350,2350,2350,2350,2470
2015-04-29,2300,2350,2300,2350,390
2015-04-30,2350,2350,2350,2350,200
2015-05-05,2351,2351,2350,2350,100
2015-05-06,2350,2350,2350,2350,390
2015-05-07,2355,2355,2350,2350,1840
2015-05-11,2270,2305,2270,2305,210
2015-05-12,2270,2270,2270,2270,500
2015-05-13,2280,2280,2280,2280,500
2015-05-15,2293,2293,2293,2293,2430
2015-05-18,2290,2290,2290,2290,390
2015-05-19,2270,2270,2270,2270,650
2015-05-20,2268,2268,2263,2263,30
2015-05-26,2250,2250,2250,2250,820
2015-05-27,2082,2082,2082,2082,420
2015-05-28,2080,2080,2080,2080,270
2015-05-29,2080,2080,2000,2000,640
2015-06-01,1950,1950,1950,1950,30
2015-06-02,1940,1950,1940,1950,1050
2015-06-04,1940,1940,1940,1940,500
2015-06-05,1940,1940,1900,1900,100
2015-06-10,1900,1900,1900,1900,500
2015-06-11,1900,1900,1900,1900,340
2015-06-12,1900,1900,1900,1900,500
2015-06-15,1940,1940,1940,1940,580
2015-06-16,1940,1940,1900,1940,1130
2015-06-17,1940,1940,1940,1940,10
2015-06-18,1900,1900,1900,1900,7530
2015-06-19,1760,1760,1758,1760,7640
2015-06-22,1760,1760,1760,1760,50
2015-06-23,1760,1760,1760,1760,250
2015-06-24,1760,1761,1760,1760,500
2015-06-25,1760,1760,1760,1760,70
2015-06-26,1850,1850,1760,1760,170
2015-06-29,1850,1850,1850,1850,1070
2015-06-30,1900,1901,1900,1901,270
2015-07-01,1930,1930,1920,1930,1670
2015-07-02,1930,1930,1930,1930,250
2015-07-03,1930,1930,1930,1930,550
2015-07-06,1930,1930,1930,1930,320
2015-07-07,1900,2040,1900,1900,5220
2015-07-08,1890,1900,1890,1900,850
2015-07-09,1901,1901,1900,1900,80
2015-07-10,1910,1911,1910,1911,370
2015-07-13,1910,1950,1910,1911,1390
2015-07-16,1926,2040,1926,2040,2600
2015-07-20,2000,2000,2000,2000,900
2015-07-21,2000,2001,2000,2001,550
2015-07-22,2010,2010,2010,2010,350
2015-07-23,2000,2000,2000,2000,120
2015-07-24,1951,2000,1951,2000,110
2015-07-27,2000,2028,2000,2028,250
2015-07-28,2150,2150,2150,2150,100
2015-07-29,2310,2310,2028,2028,1370
2015-07-30,2100,2100,2100,2100,340
2015-07-31,2200,2258,2200,2258,130
2015-08-03,2200,2300,2200,2300,510
2015-08-04,2250,2310,2250,2310,960
2015-08-05,2300,2310,2300,2300,430
2015-08-06,2300,2310,2280,2280,1290
2015-08-10,2250,2280,2250,2280,55050
2015-08-12,2200,2200,2200,2200,40
2015-08-13,2100,2100,2100,2100,220
2015-08-14,2050,2050,2050,2050,60
2015-08-17,2050,2050,2050,2050,70
2015-08-19,2050,2050,2050,2050,270
2015-08-20,2050,2050,2050,2050,1000
2015-08-21,2050,2050,2050,2050,1310
2015-08-24,2050,2050,2001,2001,690
2015-08-25,2050,2050,2010,2050,1770
2015-08-26,2050,2050,2000,2050,1130
2015-08-27,2050,2050,1920,1920,8770
2015-08-31,2000,2000,1920,2000,1130
2015-09-01,1900,2000,1900,2000,710
2015-09-02,2050,2050,2000,2050,910
2015-09-03,1990,2050,1990,2050,2220
2015-09-04,2050,2050,2050,2050,200
2015-09-07,1950,2050,1950,2050,1020
2015-09-08,1950,2050,1950,2050,200
2015-09-09,2050,2050,2050,2050,600
2015-09-10,2050,2050,2050,2050,650
2015-09-14,2100,2160,2100,2160,760
2015-09-15,2050,2050,2050,2050,90
2015-09-16,2100,2160,2100,2160,340
2015-09-17,2150,2150,2150,2150,30
2015-09-22,2200,2200,2150,2150,40
2015-09-23,2050,2050,2050,2050,120
2015-09-25,2050,2050,2050,2050,100
2015-09-28,2050,2050,1950,1950,1270
2015-09-29,2050,2050,2050,2050,100
2015-09-30,1950,2050,1950,2050,1950
2015-10-01,2050,2050,2050,2050,100
2015-10-02,2050,2050,2050,2050,270
2015-10-05,2001,2050,2001,2050,2140
2015-10-06,2050,2100,2050,2100,280
2015-10-07,2050,2100,2050,2100,500
2015-10-09,2050,2100,2050,2100,1130
2015-10-12,2100,2100,2100,2100,200
2015-10-13,2100,2100,2050,2050,1490
2015-10-14,2040,2100,2040,2100,1400
2015-10-16,2050,2100,2050,2100,3160
2015-10-19,2050,2100,2050,2100,100
2015-10-21,2100,2200,2100,2200,1170
2015-10-22,2200,2200,2190,2190,700
2015-10-23,2100,2200,2100,2200,90
2015-10-26,2200,2200,2200,2200,30
2015-10-27,2035,2035,2035,2035,60
2015-10-28,2035,2035,2035,2035,10
2015-10-29,2010,2010,2010,2010,1110
2015-11-02,2010,2010,1940,1940,90
2015-11-03,1960,1960,1960,1960,600
2015-11-04,1941,1941,1940,1940,550
2015-11-06,1950,2000,1950,2000,840
2015-11-09,2000,2000,2000,2000,160
2015-11-10,2000,2000,2000,2000,240
2015-11-11,2001,2001,2000,2000,50
2015-11-12,2000,2000,2000,2000,20
2015-11-13,1950,1950,1940,1940,1000
2015-11-16,2000,2000,2000,2000,500
2015-11-17,2000,2000,2000,2000,1010
2015-11-18,2000,2000,2000,2000,30
2015-11-19,2000,2000,2000,2000,920
2015-11-20,2000,2000,2000,2000,720
2015-11-23,2000,2000,2000,2000,50
2015-11-24,2000,2000,2000,2000,20
2015-11-25,2050,2050,2050,2050,80
2015-11-27,2200,2200,2200,2200,170
2015-11-30,2200,2200,2100,2100,40
2015-12-01,2100,2100,2050,2050,1440
2015-12-02,2000,2000,2000,2000,1270
2015-12-03,2100,2100,2100,2100,20
2015-12-04,2000,2000,2000,2000,50
2015-12-07,1950,1950,1950,1950,140
2015-12-08,1950,2000,1950,2000,140
2015-12-09,1950,1950,1950,1950,50
2015-12-10,1940,1940,1940,1940,400
2015-12-11,1950,2000,1940,2000,4830
2015-12-14,1950,1950,1950,1950,170
2015-12-15,1940,1950,1940,1940,5400
2015-12-16,1940,1940,1940,1940,1240
2015-12-18,1940,1940,1940,1940,20
2015-12-21,1950,1950,1940,1940,510
2015-12-22,1950,1950,1950,1950,500
2015-12-23,1940,1940,1940,1940,4330
2015-12-28,1960,1961,1950,1950,170
2015-12-29,1940,1950,1940,1950,1070
2015-12-30,2000,2000,2000,2000,100
2016-01-04,1950,1950,1950,1950,320
2016-01-05,2000,2000,1950,1950,1300
2016-01-06,1950,1950,1950,1950,100
2016-01-07,1951,1951,1951,1951,40
2016-01-08,1951,1951,1950,1950,90
2016-01-11,1950,1950,1950,1950,50
2016-01-14,1950,2000,1950,1950,530
2016-01-15,1950,1950,1950,1950,30
2016-01-18,1940,2000,1940,2000,16150
2016-01-19,1940,1940,1940,1940,20
2016-01-20,2000,2000,2000,2000,200
2016-01-21,2000,2000,2000,2000,550
2016-01-22,2000,2000,2000,2000,90
2016-01-25,2000,2000,2000,2000,30
2016-01-26,2000,2001,2000,2000,5950
2016-01-27,2000,2000,2000,2000,80
2016-01-28,2150,2150,2000,2001,550
2016-02-01,2001,2001,2001,2001,20
2016-02-02,2010,2010,2000,2000,2750
2016-02-03,2000,2000,2000,2000,1870
2016-02-04,2000,2000,2000,2000,8530
2016-02-05,2000,2000,1999,1999,490
2016-02-08,1990,2000,1990,2000,60
2016-02-09,2000,2000,1999,2000,190
2016-02-10,1950,2000,1950,2000,320
2016-02-11,2000,2000,2000,2000,510
2016-02-12,1965,1965,1965,1965,30
2016-02-15,2000,2000,2000,2000,50
2016-02-16,2000,2000,2000,2000,3730
2016-02-17,2000,2001,2000,2001,80
2016-02-18,2001,2001,2001,2001,510
2016-02-19,2001,2001,2001,2001,50
2016-02-22,2001,2001,2001,2001,250
2016-02-23,2001,2001,2000,2000,500
2016-02-25,2002,2002,2001,2001,130
2016-02-26,2041,2041,2010,2020,3890
2016-03-01,2025,2025,2010,2010,80
2016-03-02,2000,2001,2000,2001,390
2016-03-03,2100,2100,2001,2100,350
2016-03-04,2100,2100,2061,2061,200
2016-03-07,2050,2050,2030,2030,20900
2016-03-08,2010,2010,2010,2010,340
2016-03-09,2000,2000,2000,2000,100
2016-03-10,1990,1990,1990,1990,570
2016-03-11,1980,1980,1900,1900,1640
2016-03-14,1940,2000,1940,1950,1180
2016-03-15,1950,1950,1920,1920,3010
2016-03-16,1920,1920,1920,1920,200
2016-03-17,1930,1930,1920,1920,400
2016-03-18,1920,1920,1920,1920,200
2016-03-22,1922,1922,1922,1922,70
2016-03-23,1922,1922,1922,1922,200
2016-03-24,1950,1950,1950,1950,60
2016-03-25,2000,2000,2000,2000,70
2016-03-29,2000,2000,2000,2000,20
2016-03-30,2000,2000,1954,1960,770
2016-03-31,1960,2000,1960,2000,2930
2016-04-01,2010,2010,2010,2010,340
2016-04-04,2050,2100,2050,2100,610
2016-04-05,2100,2112,2100,2112,150
2016-04-06,2112,2112,2050,2112,2990
2016-04-07,2101,2101,2101,2101,80
2016-04-08,2100,2100,2100,2100,90
2016-04-11,2100,2100,2055,2056,420
2016-04-12,2050,2051,2050,2051,1580
2016-04-13,2100,2100,2100,2100,310
2016-04-14,2112,2112,2112,2112,380
2016-04-15,2120,2120,2113,2113,100
2016-04-18,2250,2250,2250,2250,620
2016-04-19,2200,2200,2100,2100,20620
2016-04-21,2100,2100,2100,2100,1150
2016-04-22,2089,2090,2010,2010,1010
2016-04-25,2000,2000,1910,1950,280
2016-04-26,2000,2000,1950,2000,10120
2016-04-28,2100,2100,2100,2100,5380
2016-04-29,2100,2100,2100,2100,3620
2016-05-03,2100,2200,2100,2200,510
2016-05-04,2200,2200,2190,2190,2040
2016-05-06,2150,2150,2100,2100,170
2016-05-10,2050,2050,2049,2049,110
2016-05-12,1900,1902,1900,1902,980
2016-05-13,1901,1901,1901,1901,230
2016-05-17,1910,1915,1900,1900,1700
2016-05-18,1910,1920,1910,1920,180
2016-05-19,1920,1920,1920,1920,1040
2016-05-20,1920,1920,1920,1920,20
2016-05-23,1930,1930,1930,1930,70
2016-05-24,1930,2000,1930,2000,3310
2016-05-25,1999,2000,1999,2000,30
2016-05-26,1950,1950,1950,1950,10
2016-05-27,1920,1920,1900,1900,140
2016-05-30,1900,1900,1900,1900,70
2016-06-01,1900,1900,1900,1900,250
2016-06-03,1805,2000,1805,1900,180
2016-06-06,1900,2040,1805,1805,2290
2016-06-08,1900,1900,1900,1900,300
2016-06-10,1900,1900,1900,1900,810
2016-06-14,1900,2000,1900,2000,160
2016-06-15,2000,2000,1960,1960,100
2016-06-16,1960,1960,1960,1960,530
2016-06-17,2001,2001,2000,2000,720
2016-06-20,1950,1950,1950,1950,150
2016-06-21,1820,1950,1820,1950,220
2016-06-22,1820,1820,1820,1820,400
2016-06-23,1822,1822,1822,1822,50
2016-06-24,1822,1822,1822,1822,220
2016-06-27,1822,1825,1822,1825,2650
2016-06-28,1825,1900,1821,1900,8830
2016-06-29,1900,1900,1900,1900,150
2016-07-01,1900,1900,1835,1835,700
2016-07-04,1850,1850,1850,1850,230
2016-07-05,1850,1850,1850,1850,80
2016-07-07,1871,1871,1870,1870,1760
2016-07-08,1900,1900,1851,1851,1810
2016-07-11,1850,1850,1850,1850,1740
2016-07-12,1850,1880,1831,1831,2320
2016-07-13,1831,1851,1831,1851,940
2016-07-14,1880,1880,1831,1831,310
2016-07-15,1831,1849,1831,1849,110
2016-07-18,1849,1851,1831,1831,1120
2016-07-19,1851,1851,1831,1835,220
2016-07-20,1835,1851,1831,1851,5180
2016-07-21,1836,1836,1836,1836,200
2016-07-22,1836,1836,1831,1831,1100
2016-07-25,1832,1832,1832,1832,770
2016-07-26,1831,1831,1831,1831,330
2016-07-27,1831,1831,1831,1831,150
2016-07-28,1832,1832,1832,1832,110
2016-07-29,1832,1832,1832,1832,200
2016-08-01,1832,1832,1832,1832,1430
2016-08-02,1832,1849,1832,1849,70
2016-08-05,1849,1945,1849,1945,1500
2016-08-09,1945,1945,1945,1945,50
2016-08-10,1900,1900,1900,1900,30
2016-08-11,1845,1900,1845,1845,280
2016-08-12,1840,1840,1830,1830,290
2016-08-16,1840,1840,1830,1830,3040
2016-08-17,1830,1830,1830,1830,130
2016-08-18,1820,1820,1700,1800,5070
2016-08-26,1800,1800,1800,1800,50
2016-08-29,1800,1800,1800,1800,100
2016-08-30,1700,1710,1700,1705,2150
2016-09-01,1700,1700,1695,1700,5030
2016-09-02,1700,1700,1680,1680,110
2016-09-05,1680,1680,1680,1680,4270
2016-09-06,1650,1650,1650,1650,1000
2016-09-07,1670,1670,1650,1650,65880
2016-09-08,1650,1650,1650,1650,5100
2016-09-09,1640,1650,1640,1650,4410
2016-09-13,1650,1650,1650,1650,290
2016-09-14,1610,1610,1610,1610,5710
2016-09-15,1610,1610,1601,1610,940
2016-09-16,1610,1610,1610,1610,4440
2016-09-20,1616,1650,1612,1612,1480
2016-09-21,1640,1640,1640,1640,280
2016-09-22,1640,1650,1611,1611,5240
2016-09-23,1613,1613,1613,1613,100
2016-09-26,1645,1645,1620,1620,780
2016-09-27,1650,1650,1620,1620,1060
2016-09-28,1621,1650,1620,1620,6100
2016-09-29,1600,1620,1600,1620,210
2016-10-05,1600,1600,1600,1600,250
2016-10-06,1600,1600,1600,1600,50
2016-10-07,1600,1600,1600,1600,610
2016-10-10,1600,1600,1520,1520,1760
2016-10-11,1500,1500,1500,1500,30
2016-10-12,1501,1600,1388,1388,1790
2016-10-13,1492,1492,1345,1400,14880
2016-10-14,1388,1388,1388,1388,100
2016-10-17,1360,1450,1360,1400,2870
2016-10-18,1388,1400,1388,1400,470
2016-10-19,1400,1410,1400,1401,550
2016-10-20,1506,1506,1506,1506,100
2016-10-21,1506,1506,1506,1506,100
2016-10-24,1400,1400,1400,1400,300
2016-10-25,1400,1480,1400,1480,8950
2016-10-27,1450,1480,1450,1480,310
2016-10-28,1500,1500,1480,1480,80
2016-10-31,1480,1480,1480,1480,1130
2016-11-02,1480,1481,1480,1480,740
2016-11-04,1480,1481,1480,1480,990
2016-11-07,1480,1480,1480,1480,340
2016-11-08,1400,1400,1400,1400,240
2016-11-09,1400,1400,1400,1400,70
2016-11-10,1480,1480,1450,1450,300
2016-11-11,1450,1450,1450,1450,280
2016-11-14,1342,1342,1342,1342,100
2016-11-16,1342,1342,1342,1342,350
2016-11-18,1320,1320,1250,1250,250
2016-11-21,1342,1342,1342,1342,40
2016-11-22,1342,1342,1250,1250,750
2016-11-23,1200,1200,1200,1200,620
2016-11-24,1200,1200,1200,1200,100
2016-11-25,1200,1200,1200,1200,690
2016-11-28,1190,1190,1190,1190,150
2016-11-29,1190,1190,1190,1190,100
2016-11-30,1188,1188,1188,1188,720
2016-12-01,1188,1190,1101,1101,18470
2016-12-02,1110,1110,1105,1105,250
2016-12-05,1110,1110,1110,1110,1070
2016-12-06,1111,1111,1105,1105,1990
2016-12-07,1105,1106,1105,1106,1430
2016-12-08,1105,1105,1105,1105,770
2016-12-13,1126,1126,1110,1110,180
2016-12-14,1100,1100,1100,1100,30
2016-12-15,1100,1100,1090,1100,3700
2016-12-16,1110,1110,1090,1090,190
2016-12-21,1050,1100,1050,1100,1030
2016-12-22,1090,1099,1090,1099,1030
2016-12-23,1050,1099,1050,1099,140
2016-12-27,1099,1099,1099,1099,50
2016-12-28,1099,1099,1099,1099,250
2016-12-29,1090,1090,1090,1090,1100
2016-12-30,1080,1100,1080,1100,1150
2017-01-02,1100,1100,1090,1090,550
2017-01-03,1091,1091,1090,1090,660
2017-01-04,1080,1100,1080,1100,3500
2017-01-05,1100,1100,1090,1090,460
2017-01-06,1080,1080,1080,1080,2000
2017-01-09,1080,1080,1080,1080,880
2017-01-10,1081,1081,1081,1081,770
2017-01-11,1081,1081,1081,1081,30
2017-01-12,1110,1110,1110,1110,60
2017-01-16,1111,1111,1111,1111,40
2017-01-17,1121,1121,1120,1120,730
2017-01-19,1200,1200,1130,1130,320
2017-01-20,1120,1120,1110,1110,100
2017-01-23,1110,1193,1110,1193,330
2017-01-24,1193,1193,1150,1150,1350
2017-01-25,1110,1110,1100,1100,500
2017-01-26,1150,1150,1150,1150,390
2017-01-27,1140,1150,1101,1150,1870
2017-01-30,1100,1100,1100,1100,20
2017-01-31,1100,1100,1100,1100,230
2017-02-01,1120,1150,1100,1150,320
2017-02-02,1151,1151,1150,1150,200
2017-02-03,1150,1150,1100,1100,340
2017-02-07,1100,1100,1018,1018,220
2017-02-08,1018,1030,1018,1030,120
2017-02-09,1100,1100,1000,1000,1370
2017-02-10,1001,1001,1001,1001,210
2017-02-13,1050,1050,1050,1050,580
2017-02-14,1100,1100,1080,1100,1460
2017-02-15,1100,1100,1100,1100,4410
2017-02-16,1120,1120,1120,1120,50
2017-02-17,1100,1100,1100,1100,550
2017-02-20,1050,1100,1050,1100,1550
2017-02-21,1100,1100,1100,1100,440
2017-02-22,1100,1100,1100,1100,10
2017-02-23,1100,1100,1080,1080,250
2017-02-24,1100,1100,1100,1100,1170
2017-02-27,1100,1100,1100,1100,250
2017-02-28,1099,1100,1099,1100,100
2017-03-01,1100,1100,1100,1100,10
2017-03-02,1060,1060,1060,1060,100
2017-03-03,1063,1100,1063,1100,250
2017-03-06,1099,1100,1063,1063,900
2017-03-07,1020,1050,1020,1050,1000
2017-03-08,1020,1020,1020,1020,170
2017-03-09,1050,1050,950,950,3730
2017-03-10,950,1000,950,1000,980
2017-03-13,1000,1000,998,998,1100
2017-03-14,990,990,990,990,100
2017-03-15,995,995,995,995,120
2017-03-16,970,970,921,921,7300
2017-03-17,900,900,880,880,3250
2017-03-21,900,900,900,900,460
2017-03-22,880,880,879,879,90
2017-03-23,880,880,814,814,2330
2017-03-24,810,810,800,800,1560
2017-03-27,800,800,789,790,11570
2017-03-28,785,789,785,789,270
2017-03-29,787,787,747,747,1650
2017-03-30,747,747,747,747,360
2017-03-31,700,700,699,699,220
2017-04-03,700,700,660,660,11390
2017-04-04,660,700,615,660,6930
2017-04-05,650,650,650,650,1970
2017-04-06,660,660,620,660,2020
2017-04-07,660,660,660,660,790
2017-04-10,660,660,611,611,1300
2017-04-11,650,650,650,650,40
2017-04-12,610,611,610,610,1560
2017-04-13,610,610,565,565,1740
2017-04-14,600,600,600,600,100
2017-04-18,600,600,600,600,210
2017-04-19,601,640,600,600,3250
2017-04-20,605,605,600,600,2100
2017-04-21,600,600,600,600,800
2017-04-24,600,600,600,600,560
2017-04-25,600,600,600,600,1110
2017-04-26,575,575,575,575,2450
2017-04-27,560,600,560,575,2070
2017-04-28,585,600,580,600,3050
2017-05-02,600,600,600,600,4500
2017-05-03,600,600,600,600,3940
2017-05-04,600,605,600,605,5260
2017-05-05,605,605,600,605,520
2017-05-08,605,605,605,605,80
2017-05-09,605,606,605,606,2380
2017-05-10,610,610,600,600,1470
2017-05-11,610,610,606,606,660
2017-05-15,610,610,610,610,450
2017-05-17,620,620,620,620,2520
2017-05-18,620,620,620,620,100
2017-05-22,630,650,630,650,680
2017-05-23,650,650,650,650,2050
2017-05-24,651,651,651,651,90
2017-05-26,664,699,664,699,2650
2017-05-29,699,751,699,700,1160
2017-05-30,700,752,700,752,700
2017-05-31,800,808,800,808,130
2017-06-01,766,800,766,800,410
2017-06-02,800,860,800,800,3760
2017-06-06,807,807,800,800,150
2017-06-07,800,860,800,850,920
2017-06-08,800,860,800,860,320
2017-06-09,860,860,859,860,750
2017-06-12,850,859,850,859,240
2017-06-13,800,800,800,800,610
2017-06-14,800,800,800,800,230
2017-06-15,800,800,800,800,750
2017-06-16,801,850,801,850,1600
2017-06-19,800,850,800,850,1420
2017-06-20,850,859,850,859,1450
2017-06-21,859,859,859,859,200
2017-06-23,800,820,800,820,90
2017-06-27,820,855,820,855,160
2017-06-28,859,860,791,791,690
2017-06-29,801,801,768,768,470
2017-06-30,767,791,767,780,340
2017-07-03,780,795,780,795,60
2017-07-04,800,800,800,800,100
2017-07-05,800,800,800,800,50
2017-07-06,800,820,800,820,1750
2017-07-10,880,880,880,880,1700
2017-07-11,820,820,820,820,200
2017-07-12,800,800,800,800,360
2017-07-13,800,800,800,800,580
2017-07-14,760,760,750,760,940
2017-07-17,760,800,760,800,800
2017-07-19,760,800,760,800,800
2017-07-20,800,800,800,800,820
2017-07-21,800,800,760,760,60
2017-07-24,760,760,760,760,400
2017-07-25,760,760,760,760,930
2017-07-26,760,800,760,800,320
2017-07-28,790,790,790,790,30
2017-07-31,760,800,760,800,510
2017-08-01,800,800,790,790,310
2017-08-02,799,800,790,790,400
2017-08-03,790,790,790,790,80
2017-08-04,760,760,760,760,10
2017-08-09,750,790,750,750,260
2017-08-10,750,750,750,750,90
2017-08-11,700,770,700,770,420
2017-08-16,800,800,800,800,750
2017-08-17,740,740,740,740,400
2017-08-21,685,685,685,685,390
2017-08-22,685,685,634,634,110
2017-08-23,634,634,634,634,20
2017-08-24,634,634,600,600,110
2017-08-25,600,600,600,600,10
2017-08-28,600,600,600,600,120
2017-08-29,600,600,600,600,570
2017-08-30,600,630,600,630,650
2017-08-31,630,630,630,630,100
2017-09-04,645,645,600,600,140
2017-09-05,600,600,580,600,820
2017-09-06,600,600,580,580,370
2017-09-07,600,600,600,600,220
2017-09-08,601,630,601,630,60
2017-09-11,601,630,601,630,180
2017-09-12,630,630,630,630,90
2017-09-13,630,630,630,630,350
2017-09-14,630,630,630,630,30
2017-09-15,600,600,600,600,1630
2017-09-18,620,620,620,620,350
2017-09-19,620,620,620,620,2800
2017-09-20,630,630,625,625,680
2017-09-21,631,660,631,631,850
2017-09-22,631,631,631,631,3800
2017-09-26,678,678,678,678,90
2017-09-28,615,615,615,615,70
2017-09-29,610,615,590,615,70
2017-10-02,615,650,615,650,100
2017-10-03,615,615,615,615,60
2017-10-04,650,650,590,590,90
2017-10-05,600,600,590,590,340
2017-10-06,600,600,600,600,720
2017-10-09,590,600,590,600,140
2017-10-10,600,600,600,600,330
2017-10-11,600,600,590,590,450
2017-10-12,590,590,590,590,180
2017-10-16,590,600,590,600,980
2017-10-17,590,590,590,590,590
2017-10-18,570,570,570,570,2130
2017-10-20,572,572,571,571,2250
2017-10-24,571,571,571,571,20
2017-10-25,590,590,571,571,70
2017-10-27,600,600,600,600,40
2017-10-30,600,645,600,645,230
2017-10-31,600,600,600,600,1430
2017-11-02,600,600,580,580,3740
2017-11-03,537,540,537,540,600
2017-11-06,570,570,570,570,600
2017-11-07,540,540,540,540,670
2017-11-08,540,540,540,540,380
2017-11-09,500,500,500,500,50
2017-11-10,463,463,463,463,100
2017-11-13,465,465,463,465,1290
2017-11-14,465,465,442,442,4070
2017-11-16,442,442,442,442,3160
2017-11-17,421,421,421,421,170
2017-11-20,422,422,420,420,5580
2017-11-21,420,420,411,420,190
2017-11-22,420,420,420,420,950
2017-11-23,420,420,420,420,50
2017-11-27,420,420,420,420,130
2017-11-28,430,430,430,430,100
2017-11-29,430,430,430,430,30
2017-12-04,430,430,430,430,70
2017-12-05,430,430,430,430,20
2017-12-06,430,430,420,420,60
2017-12-07,425,425,425,425,150
2017-12-08,425,425,420,420,2870
2017-12-11,411,411,411,411,70
2017-12-12,425,430,420,430,3510
2017-12-13,430,430,430,430,600
2017-12-14,430,430,430,430,110
2017-12-15,430,430,430,430,160
2017-12-20,430,430,430,430,30
2017-12-22,430,430,430,430,77
2017-12-26,430,430,430,430,1333
2017-12-27,430,430,410,410,258
2017-12-28,410,430,410,420,1442
2017-12-29,400,400,400,400,100
2018-01-02,420,420,420,420,310
2018-01-03,420,420,415,420,472
2018-01-04,420,420,415,415,688
2018-01-05,415,415,410,410,305
2018-01-08,415,415,400,410,1073
2018-01-09,410,410,410,410,242
2018-01-10,400,410,400,410,1493
2018-01-11,410,410,410,410,134
2018-01-12,395,420,395,420,367
2018-01-16,410,420,410,420,1200
2018-01-17,420,420,395,420,2544
2018-01-18,420,420,410,420,367
2018-01-19,420,420,400,400,1984
2018-01-22,420,420,420,420,16
2018-01-23,420,420,420,420,564
2018-01-24,430,430,430,430,1000
2018-01-25,425,430,425,430,674
2018-01-26,460,460,460,460,137
2018-01-29,430,430,430,430,1142
2018-01-30,430,430,430,430,170
2018-01-31,430,430,430,430,200
2018-02-01,430,430,425,425,509
2018-02-02,425,455,425,455,208
2018-02-05,460,460,430,455,354
2018-02-06,455,460,450,455,280
2018-02-07,455,455,450,455,170
2018-02-08,430,435,430,435,1108
2018-02-09,455,455,430,430,559
2018-02-12,435,435,430,430,190
2018-02-13,450,450,450,450,270
2018-02-14,450,450,450,450,400
2018-02-15,450,450,430,445,427
2018-02-16,450,455,425,425,1470
2018-02-19,445,445,400,440,1090
2018-02-20,450,450,430,430,215
2018-02-21,440,440,430,440,102
2018-02-22,440,440,440,440,10
2018-02-23,440,440,440,440,25
2018-02-26,440,450,440,440,627
2018-02-27,440,455,440,455,448
2018-02-28,455,455,455,455,150
2018-03-01,450,455,450,455,2517
2018-03-02,460,460,455,455,1026
2018-03-05,485,485,485,485,130
2018-03-06,520,520,520,520,311
2018-03-07,555,555,550,550,350
2018-03-08,590,590,590,590,160
2018-03-09,630,630,555,555,3719
2018-03-12,550,550,545,545,4424
2018-03-13,550,560,550,550,3036
2018-03-14,550,585,550,585,361
2018-03-15,585,600,580,600,2021
2018-03-16,625,640,625,640,758
2018-03-19,650,660,650,660,105
2018-03-20,660,665,645,645,467
2018-03-21,650,665,645,645,339
2018-03-22,655,665,655,660,455
2018-03-23,665,705,660,705,1619
2018-03-26,710,710,700,700,271
2018-03-27,700,700,700,700,160
2018-03-28,700,700,700,700,800
2018-03-29,695,695,695,695,2
2018-03-30,695,695,645,650,805
2018-04-03,695,695,690,695,305
2018-04-04,700,700,695,695,750
2018-04-05,645,645,645,645,150
2018-04-06,690,690,690,690,60
2018-04-09,675,675,640,640,457
2018-04-10,635,635,630,630,425
2018-04-11,630,640,600,630,1442
2018-04-13,630,630,600,620,394
2018-04-16,620,620,615,620,140
2018-04-17,620,620,600,600,1180
2018-04-18,595,595,595,595,340
2018-04-19,570,570,570,570,146
2018-04-20,530,530,530,530,50
2018-04-23,530,530,530,530,222
2018-04-24,500,560,500,555,217
2018-04-25,530,545,530,545,105
2018-04-26,545,545,535,535,189
2018-04-27,535,535,525,525,1650
2018-05-02,550,550,550,550,107
2018-05-03,530,530,530,530,54
2018-05-04,520,525,510,510,4150
2018-05-07,510,510,475,475,80
2018-05-08,440,440,440,440,300
2018-05-09,420,420,420,420,520
2018-05-11,420,420,390,420,2945
2018-05-14,390,450,390,400,1090
2018-05-15,400,430,400,430,4055
2018-05-16,460,460,400,450,1805
2018-05-17,450,450,430,430,303
2018-05-18,450,450,400,400,397
2018-05-22,425,425,395,395,2200
2018-05-23,390,420,385,400,1517
2018-05-24,400,425,395,425,730
2018-05-25,420,450,400,450,1280
2018-05-28,450,450,450,450,10
2018-05-29,425,450,420,450,95
2018-05-30,470,470,460,460,7
2018-05-31,460,460,440,440,340
2018-06-01,450,450,450,450,50
2018-06-04,425,425,425,425,255
2018-06-05,425,425,400,400,2466
2018-06-06,400,415,380,415,10194
2018-06-07,400,415,400,410,5117
2018-06-08,415,415,405,415,1074
2018-06-12,385,385,385,385,710
2018-06-13,380,380,370,370,1365
2018-06-15,375,380,370,375,6245
2018-06-18,380,380,350,350,1155
2018-06-19,350,375,330,375,1192
2018-06-20,375,375,350,350,3490
2018-06-21,350,350,350,350,550
2018-06-22,355,360,350,360,3615
2018-06-25,350,370,350,370,2343
2018-06-26,365,365,355,355,2852
2018-06-27,375,380,340,340,9701
2018-06-28,340,360,340,360,3740
2018-06-29,360,360,335,350,3065
2018-07-02,350,350,345,350,2170
2018-07-03,350,350,350,350,16039
2018-07-04,375,375,375,375,11360
2018-07-05,400,400,400,400,130
2018-07-06,400,410,400,410,396
2018-07-09,410,435,410,435,2134
2018-07-10,455,455,450,450,110
2018-07-11,465,480,435,480,1377
2018-07-12,480,490,480,490,4500
2018-07-13,485,485,475,475,2674
2018-07-16,475,485,475,485,3130
2018-07-17,485,490,480,480,274
2018-07-18,485,485,485,485,168
2018-07-19,485,490,485,490,179
2018-07-20,485,490,485,490,334
2018-07-23,475,490,455,490,11662
2018-07-24,490,490,480,480,2073
2018-07-25,480,480,480,480,10
2018-07-26,485,485,485,485,1850
2018-07-27,480,480,470,470,320
2018-07-31,460,480,460,480,21383
2018-08-02,480,480,475,475,72
2018-08-03,480,495,480,495,14757
2018-08-08,495,495,475,475,208
2018-08-09,475,475,470,475,6772
2018-08-10,470,470,470,470,30
2018-08-13,480,495,480,495,600
2018-08-16,490,490,490,490,13205
2018-08-17,495,495,490,490,327
2018-08-22,490,500,490,500,659
2018-08-23,500,500,475,475,118
2018-08-24,475,475,475,475,50
2018-08-27,500,500,500,500,415
2018-08-28,495,495,490,490,270
2018-08-29,490,490,490,490,1510
2018-08-30,490,490,490,490,210
2018-08-31,490,490,490,490,10
2018-09-03,480,490,480,490,510
2018-09-04,490,490,490,490,114
2018-09-05,480,480,475,480,50
2018-09-06,470,470,470,470,36
2018-09-10,470,470,470,470,80
2018-09-11,465,470,450,470,3408
2018-09-12,470,470,470,470,700
2018-09-13,500,500,470,470,210
2018-09-17,470,470,470,470,34
2018-09-18,470,470,470,470,19
2018-09-20,470,470,450,470,1761
2018-09-24,470,470,470,470,50
2018-09-25,470,470,460,465,95
2018-09-26,455,455,455,455,12
2018-09-27,450,470,450,470,1060
2018-09-28,470,470,470,470,20
2018-10-01,470,470,470,470,250
2018-10-02,475,475,475,475,5
2018-10-03,470,470,465,465,270
2018-10-05,465,465,465,465,201
2018-10-08,465,465,465,465,40
2018-10-09,465,470,460,470,4755
2018-10-11,480,480,480,480,80
2018-10-12,480,480,470,470,2021
2018-10-16,440,440,440,440,60
2018-10-17,465,465,465,465,40
2018-10-18,465,465,465,465,50
2018-10-19,450,450,450,450,20
2018-10-22,440,470,440,470,412
2018-10-23,465,470,440,440,25008
2018-10-24,445,445,445,445,100
2018-10-25,470,470,470,470,5242
2018-10-29,470,470,450,450,80
2018-10-30,450,450,450,450,200
2018-10-31,450,450,450,450,4
2018-11-05,450,450,445,445,203
2018-11-06,440,440,440,440,980
2018-11-07,440,440,440,440,36
2018-11-08,470,470,470,470,4000
2018-11-09,470,470,470,470,298
2018-11-12,470,470,470,470,250
2018-11-13,470,470,470,470,1921
2018-11-14,470,470,470,470,1069
2018-11-16,465,465,465,465,78
2018-11-19,465,465,465,465,108
2018-11-21,450,450,450,450,3
2018-11-23,445,450,445,450,460
2018-11-27,450,450,450,450,10
2018-11-29,450,450,450,450,98
2018-11-30,450,450,450,450,4
2018-12-03,445,445,445,445,3
2018-12-04,415,415,415,415,8
2018-12-05,400,400,400,400,29
2018-12-06,400,400,400,400,50
2018-12-07,430,430,430,430,6
2018-12-10,430,440,430,440,51
2018-12-11,440,465,440,465,73
2018-12-14,460,465,440,465,122
2018-12-17,460,460,460,460,100
2018-12-18,460,460,460,460,711
2018-12-19,460,460,460,460,290
2018-12-20,460,465,440,465,1240
2018-12-24,460,465,460,465,202
2018-12-26,460,495,460,495,925
2018-12-27,495,500,495,500,1200
2018-12-28,500,500,500,500,200
2018-12-31,490,535,490,535,2210
2019-01-02,525,525,525,525,4
2019-01-03,525,525,500,500,113
2019-01-04,500,500,500,500,10
2019-01-08,500,500,500,500,35
2019-01-09,490,490,490,490,20
2019-01-11,490,490,490,490,2
2019-01-15,500,500,500,500,600
2019-01-16,490,490,490,490,10
2019-01-17,495,495,495,495,50
2019-01-18,495,495,495,495,36
2019-01-21,490,490,490,490,289
2019-01-23,490,490,490,490,45
2019-01-24,490,490,490,490,254
2019-01-25,490,490,490,490,10
2019-01-29,490,490,490,490,100
2019-01-30,500,500,500,500,2
2019-01-31,500,510,500,505,1001
2019-02-04,505,505,505,505,10
2019-02-05,505,505,505,505,50
2019-02-07,500,500,500,500,29
2019-02-11,490,490,485,485,20
2019-02-12,450,450,450,450,310
2019-02-18,445,445,445,445,115
2019-02-19,440,440,440,440,1
2019-02-20,430,430,430,430,395
2019-02-21,425,425,425,425,25
2019-02-22,400,400,400,400,1000
2019-02-25,400,400,400,400,750
2019-02-26,400,400,400,400,233
2019-02-27,400,400,400,400,49
2019-02-28,395,395,395,395,40
2019-03-01,400,400,400,400,35
2019-03-04,400,400,380,395,562
2019-03-05,385,385,385,385,53
2019-03-06,370,410,370,410,2327
2019-03-07,410,410,410,410,510
2019-03-08,410,410,410,410,556
2019-03-11,440,440,440,440,39
2019-03-12,440,465,440,465,186
2019-03-13,495,495,490,490,284
2019-03-14,490,495,490,490,322
2019-03-15,490,490,490,490,125
2019-03-18,490,490,490,490,100
2019-03-19,490,490,490,490,11
2019-03-21,485,485,485,485,50
2019-03-22,450,450,450,450,1
2019-03-26,420,420,420,420,55
2019-03-28,400,415,400,415,140
2019-03-29,400,400,400,400,119
2019-04-01,400,400,400,400,158
2019-04-03,410,410,400,410,421
2019-04-04,410,430,410,430,1154
2019-04-05,450,450,430,430,7620
2019-04-08,430,430,430,430,1307
2019-04-09,415,425,415,425,65
2019-04-10,415,415,415,415,57
2019-04-11,415,415,415,415,144
2019-04-12,415,415,385,385,70
2019-04-15,385,385,385,385,204
2019-04-17,410,410,410,410,129
2019-04-18,410,410,410,410,5
2019-04-19,410,410,410,410,27
2019-04-23,410,410,400,410,34
2019-04-24,410,410,410,410,604
2019-04-25,410,410,410,410,20
2019-04-26,410,430,410,430,1765
2019-04-29,430,430,430,430,20
2019-04-30,430,430,430,430,193
2019-05-02,450,450,430,430,1005
2019-05-03,450,450,430,450,169
2019-05-06,430,445,430,445,669
2019-05-07,445,450,435,450,1800
2019-05-10,420,420,420,420,21
2019-05-13,400,405,390,405,5640
2019-05-14,400,400,400,400,200
2019-05-15,390,390,380,380,183
2019-05-16,380,380,380,380,785
2019-05-17,390,390,390,390,6
2019-05-20,380,380,380,380,402
2019-05-21,380,400,380,400,732
2019-05-22,390,390,380,380,2000
2019-05-23,405,405,405,405,1
2019-05-24,400,405,400,400,10094
2019-05-28,400,420,400,420,21
2019-05-31,415,420,415,420,429
2019-06-03,425,425,425,425,332
2019-06-05,425,425,425,425,554
2019-06-06,425,425,425,425,11
2019-06-07,425,425,425,425,400
2019-06-11,425,430,425,430,74
2019-06-12,425,425,425,425,144
2019-06-17,425,425,425,425,260
2019-06-19,430,430,430,430,30
2019-06-20,425,425,425,425,50
2019-06-21,425,425,425,425,8
2019-06-24,425,425,425,425,876
2019-06-27,420,420,410,410,53
2019-06-28,410,410,410,410,15
2019-07-02,400,400,400,400,2
2019-07-03,400,400,400,400,500
2019-07-04,395,395,395,395,75
2019-07-10,390,390,390,390,14
2019-07-15,375,375,375,375,19
2019-07-16,350,375,350,375,522
2019-07-18,360,360,350,350,1562
2019-07-22,350,350,350,350,1
2019-07-25,375,375,325,375,538
2019-07-26,350,350,350,350,373
2019-07-29,325,330,325,330,2814
2019-07-30,350,350,350,350,30
2019-07-31,375,375,375,375,736
2019-08-01,375,375,375,375,10
2019-08-08,375,375,375,375,22
2019-08-09,375,375,375,375,750
2019-08-13,370,390,370,390,38
2019-08-14,375,375,375,375,255
2019-08-16,350,365,350,365,252
2019-08-19,350,350,345,345,550
2019-08-20,320,350,320,350,1308
2019-08-21,370,370,370,370,3
2019-08-22,370,370,370,370,3
2019-08-23,370,370,370,370,8
2019-08-28,370,370,365,365,12
2019-09-02,360,360,360,360,280
2019-09-03,350,350,350,350,1000
2019-09-11,325,325,325,325,1057
2019-09-12,325,325,325,325,214
2019-09-13,305,305,305,305,20
2019-09-16,305,305,300,300,566
2019-09-17,305,305,305,305,810
2019-09-18,305,325,305,325,1045
2019-09-19,345,345,305,310,368
2019-09-20,310,315,310,315,1402
2019-09-25,315,315,315,315,180
2019-09-26,310,310,310,310,800
2019-09-27,310,310,310,310,1245
2019-10-01,310,310,310,310,374
2019-10-07,305,305,305,305,100
2019-10-08,300,300,300,300,270
2019-10-10,300,300,300,300,380
2019-10-14,300,300,300,300,4000
2019-10-15,300,300,300,300,30
2019-10-16,300,300,300,300,45
2019-10-17,315,315,315,315,60
2019-10-18,315,315,300,300,1742
2019-10-22,305,315,305,315,5
2019-10-24,300,300,300,300,70
2019-10-25,300,300,300,300,462
2019-10-28,300,300,300,300,400
2019-10-30,300,300,300,300,23
2019-11-04,300,300,290,290,552
2019-11-05,290,290,290,290,50
2019-11-07,290,290,290,290,2
2019-11-08,300,300,300,300,321
2019-11-11,300,300,290,290,70
2019-11-12,290,290,290,290,160
2019-11-13,290,290,290,290,3
2019-11-18,290,290,290,290,10
2019-11-19,270,280,270,270,1540
2019-11-20,270,270,270,270,650
2019-11-21,260,260,260,260,500
2019-11-25,260,260,250,250,857
2019-11-26,250,250,250,250,4
2019-11-27,250,250,250,250,5835
2019-11-28,245,245,245,245,586
2019-12-02,250,250,250,250,1579
2019-12-03,245,250,245,250,80
2019-12-04,245,245,245,245,5
2019-12-05,245,245,230,230,255
2019-12-06,225,225,215,215,232
2019-12-09,225,225,200,205,470
2019-12-10,205,220,205,220,1429
2019-12-11,210,215,210,215,1200
2019-12-12,215,215,200,200,306
2019-12-17,200,205,200,205,207
2019-12-18,205,205,200,200,500
2019-12-19,210,210,210,210,7
2019-12-20,200,200,200,200,500
2019-12-23,200,200,200,200,1000
2019-12-27,185,185,185,185,346
2019-12-30,185,185,180,180,173
2019-12-31,185,185,185,185,77
2020-01-03,190,195,190,195,7
2020-01-06,195,200,195,200,884
2020-01-08,215,215,215,215,100
2020-01-09,230,230,225,225,425
2020-01-10,225,225,225,225,387
2020-01-13,225,225,225,225,176
2020-01-14,230,230,225,225,608
2020-01-15,230,230,225,225,767
2020-01-16,230,230,210,210,7184
2020-01-17,210,225,210,210,301
2020-01-20,210,210,210,210,407
2020-01-21,225,225,225,225,284
2020-01-22,225,225,225,225,30
2020-01-23,240,240,240,240,2
2020-01-24,255,255,255,255,50
2020-01-27,240,245,240,245,324
2020-01-28,245,245,245,245,300
2020-01-29,245,245,240,240,146
2020-01-30,240,240,240,240,797
2020-01-31,240,240,240,240,142
2020-02-03,235,235,235,235,630
2020-02-04,235,235,235,235,901
2020-02-05,230,230,230,230,1207
2020-02-06,240,240,240,240,5
2020-02-07,230,230,230,230,225
2020-02-10,240,240,230,230,44
2020-02-11,240,240,240,240,170
2020-02-17,230,230,230,230,520
2020-02-20,230,230,230,230,187
2020-02-28,230,230,230,230,145
2020-03-02,230,230,230,230,75
2020-03-03,235,235,230,230,151
2020-03-04,230,230,225,225,185
2020-03-05,225,225,225,225,58
2020-03-06,225,225,225,225,4
2020-03-09,210,210,210,210,200
2020-03-10,210,210,210,210,504
2020-03-11,210,210,210,210,462
2020-03-12,210,210,210,210,5
2020-03-13,200,200,200,200,650
2020-03-16,200,200,200,200,969
2020-03-17,210,210,210,210,489
2020-03-18,210,225,210,225,89
2020-03-19,230,230,210,210,386
2020-03-23,210,210,200,210,525
2020-03-24,215,215,210,210,1723
2020-03-25,215,215,215,215,412
2020-03-26,220,220,220,220,25
2020-03-30,220,220,215,220,970
2020-03-31,220,235,220,235,293
2020-04-01,235,250,235,240,2410
2020-04-02,250,250,240,240,114
2020-04-03,240,240,225,225,320
2020-04-06,240,240,240,240,305
2020-04-07,240,240,240,240,225
2020-04-08,245,245,240,240,215
2020-04-09,240,250,240,250,221
2020-04-10,250,250,250,250,530
2020-04-14,265,265,265,265,1005
2020-04-16,270,275,260,275,135
2020-04-20,280,285,280,285,225
2020-04-21,285,285,285,285,328
2020-04-22,285,285,285,285,500
2020-04-24,285,285,285,285,15
2020-04-28,280,280,280,280,40
2020-04-29,275,275,265,265,2025
2020-05-04,250,250,250,250,139
2020-05-05,235,235,235,235,70
2020-05-07,225,225,225,225,450
2020-05-08,215,215,210,210,354
2020-05-11,205,205,195,195,1975
2020-05-12,195,195,190,195,391
2020-05-15,200,200,200,200,9
2020-05-19,205,205,205,205,300
2020-05-26,200,200,200,200,100
2020-05-29,210,210,210,210,2
2020-06-02,200,200,195,200,1150
2020-06-03,200,200,200,200,1962
2020-06-04,200,200,200,200,1638
2020-06-08,210,215,200,200,2480
2020-06-09,215,215,215,215,1
2020-06-10,230,230,230,230,1
2020-06-11,245,245,245,245,1
2020-06-12,250,250,245,245,28
2020-06-15,245,245,245,245,60
2020-06-16,245,245,240,240,60
2020-06-17,245,245,240,240,973
2020-06-18,240,240,240,240,2938
2020-06-19,240,240,225,240,932
2020-06-22,240,240,240,240,3071
2020-06-23,245,245,245,245,1374
2020-06-24,250,250,250,250,367
2020-06-25,250,250,250,250,601
2020-06-26,250,250,250,250,3388
2020-06-29,235,250,235,235,43
2020-06-30,250,250,235,235,201
2020-07-01,235,235,235,235,1
2020-07-03,235,235,235,235,1
2020-07-06,235,235,220,220,59
2020-07-07,225,225,220,220,98
2020-07-08,220,220,220,220,302
2020-07-13,210,210,210,210,1
2020-07-15,215,215,210,210,18949
2020-07-16,210,210,210,210,1200
2020-07-17,195,195,195,195,28
2020-07-20,200,200,200,200,801
2020-07-21,215,215,215,215,2
2020-07-23,230,230,230,230,5
2020-07-24,245,245,245,245,41
2020-07-27,230,230,230,230,40
2020-07-28,215,215,215,215,72
2020-07-29,220,220,220,220,120
2020-07-30,225,225,225,225,15
2020-08-03,225,225,220,220,140
2020-08-04,220,220,220,220,2743
2020-08-05,210,210,210,210,49
2020-08-10,200,200,200,200,35
2020-08-11,215,215,215,215,1
2020-08-12,220,220,215,215,81
2020-08-13,215,215,200,200,300
2020-08-18,200,200,200,200,230
2020-08-21,210,210,210,210,3080
2020-08-25,210,210,210,210,5
2020-08-26,195,195,195,195,100
2020-08-28,185,185,185,185,1807
2020-08-31,175,175,175,175,2393
2020-09-02,165,165,165,165,137
2020-09-04,175,175,175,175,1200
2020-09-07,165,185,165,175,333
2020-09-08,175,175,175,175,212
2020-09-10,175,175,175,175,35
2020-09-14,185,185,185,185,10
2020-09-15,185,185,185,185,171
2020-09-17,180,180,180,180,2
2020-09-18,180,185,180,185,508
2020-09-21,180,195,180,195,601
2020-09-23,195,195,195,195,10
2020-09-24,200,200,195,195,355
2020-09-29,195,205,195,205,12
2020-10-02,210,210,210,210,190
2020-10-05,210,210,210,210,6
2020-10-06,210,210,205,210,207
2020-10-07,210,210,210,210,85
2020-10-08,210,225,210,225,517
2020-10-09,225,225,225,225,200
2020-10-12,220,220,220,220,776
2020-10-14,220,220,220,220,1
2020-10-15,220,220,220,220,10
2020-10-19,215,215,215,215,60
2020-10-20,215,215,215,215,44
2020-10-22,210,210,210,210,167
2020-10-23,195,195,195,195,200
2020-10-26,195,195,195,195,107
2020-10-27,195,195,195,195,48
2020-10-28,185,185,185,185,75
2020-10-30,185,185,185,185,153
2020-11-03,185,185,185,185,101
2020-11-04,185,185,185,185,1167
2020-11-05,185,185,185,185,301
2020-11-09,175,175,175,175,637
2020-11-11,175,175,175,175,94
2020-11-12,175,175,175,175,506
2020-11-13,175,175,175,175,150
2020-11-19,185,185,185,185,1
2020-11-20,195,195,195,195,4
2020-11-23,205,205,205,205,1
2020-11-24,195,195,195,195,50
2020-11-25,205,205,205,205,6
2020-11-27,200,200,200,200,83
2020-11-30,200,200,200,200,17
2020-12-01,200,205,200,205,14943
2020-12-02,190,190,190,190,60
2020-12-15,195,195,195,195,15
2020-12-16,200,200,200,200,5514
2020-12-17,200,200,200,200,154
2020-12-18,200,200,200,200,66011
2020-12-23,215,215,215,215,3
2020-12-24,200,210,200,200,453
2020-12-28,200,200,185,185,693
2020-12-29,185,195,185,195,3404
2020-12-30,195,195,195,195,25
2020-12-31,185,185,185,185,15
2021-01-05,185,185,185,185,840
2021-01-06,180,185,180,185,2336
2021-01-07,190,190,190,190,100
2021-01-11,200,200,200,200,35
2021-01-12,200,200,200,200,1
2021-01-13,200,200,200,200,1464
2021-01-14,200,200,200,200,52
2021-01-18,200,200,200,200,245
2021-01-19,200,200,200,200,15
2021-01-20,200,200,200,200,135
2021-01-21,195,195,195,195,165
2021-01-22,195,200,195,200,580
2021-01-26,200,215,200,200,2528
2021-01-27,200,200,185,200,3086
2021-01-28,200,200,200,200,605
2021-01-29,205,205,205,205,200
2021-02-01,215,215,215,215,30
2021-02-02,215,220,205,205,746
2021-02-03,205,205,205,205,2821
2021-02-04,205,205,205,205,326
2021-02-05,205,205,205,205,100
2021-02-08,205,205,205,205,45
2021-02-09,200,200,200,200,250
2021-02-10,205,205,205,205,10
2021-02-11,205,205,200,200,78
2021-02-12,205,205,205,205,30
2021-02-15,205,205,200,200,146
2021-02-16,200,205,200,200,1926
2021-02-17,205,205,205,205,1
2021-02-18,205,205,200,200,289
2021-02-19,205,205,205,205,100
2021-02-22,200,200,200,200,200
2021-02-24,200,205,200,205,40
2021-02-26,205,205,205,205,1
2021-03-02,205,205,205,205,230
2021-03-03,200,200,200,200,200
2021-03-04,200,200,200,200,140
2021-03-05,205,205,205,205,500
2021-03-09,205,205,205,205,12
2021-03-10,200,200,200,200,40
2021-03-11,205,205,205,205,58
2021-03-12,210,210,210,210,40
2021-03-15,210,210,210,210,15
2021-03-16,210,210,210,210,65
2021-03-17,210,210,210,210,10
2021-03-18,210,210,210,210,4
2021-03-19,205,210,205,210,478
2021-03-22,210,210,210,210,839
2021-03-24,210,210,210,210,235
2021-03-26,210,210,210,210,300
2021-03-31,210,210,210,210,170
2021-04-01,210,210,210,210,110
2021-04-06,210,210,210,210,100
2021-04-07,210,210,210,210,281
2021-04-08,215,215,210,210,7
2021-04-09,210,210,210,210,15
2021-04-12,210,210,210,210,719
2021-04-13,210,210,210,210,52
2021-04-14,210,210,210,210,18
2021-04-15,210,210,205,205,202
2021-04-16,205,205,200,200,7655
2021-04-19,200,200,200,200,10
2021-04-20,200,200,200,200,100
2021-04-22,200,200,200,200,1383
2021-04-23,200,200,200,200,250
2021-04-26,200,215,200,215,1785
2021-04-27,210,220,210,220,407
2021-04-28,210,220,210,220,1228
2021-04-29,220,220,220,220,1100
2021-04-30,220,220,215,215,104
2021-05-03,215,215,215,215,637
2021-05-04,220,220,220,220,3
2021-05-05,220,235,220,220,135
2021-05-07,235,235,220,220,251
2021-05-10,235,235,235,235,104
2021-05-11,250,250,250,250,149
2021-05-14,265,265,265,265,5
2021-05-17,265,280,265,280,66
2021-05-18,260,300,260,300,885
2021-05-19,300,320,300,320,3184
2021-05-20,340,340,340,340,360
2021-05-21,345,365,345,365,83
2021-05-25,365,390,365,390,1183
2021-05-26,390,390,390,390,860
2021-05-27,390,415,390,410,1655
2021-05-28,435,435,410,435,440
2021-05-31,440,440,435,435,516
2021-06-01,435,435,435,435,114
2021-06-02,435,435,425,425,287
2021-06-03,395,395,395,395,749
2021-06-04,390,390,370,370,4109
2021-06-07,365,365,345,345,1115
2021-06-08,320,365,320,320,696
2021-06-09,320,325,320,325,1617
2021-06-10,325,335,325,335,152
2021-06-11,335,345,335,345,1383
2021-06-14,360,370,360,370,1201
2021-06-15,370,370,370,370,821
2021-06-16,370,390,370,370,717
2021-06-18,350,395,350,395,9032
2021-06-21,420,420,395,420,252
2021-06-22,435,450,420,450,1312
2021-06-23,480,480,450,480,10420
2021-06-24,480,480,470,480,371
2021-06-25,480,480,470,470,240
2021-06-28,450,450,435,435,251
2021-06-29,435,435,410,410,422
2021-06-30,380,410,380,410,520
2021-07-01,390,420,380,420,3455
2021-07-02,435,450,435,450,903
2021-07-05,450,450,435,435,498
2021-07-06,435,435,435,435,50
2021-07-07,450,450,435,435,123
2021-07-08,440,440,435,435,78
2021-07-09,450,450,425,425,202
2021-07-12,425,455,425,455,997
2021-07-13,470,470,470,470,155
2021-07-14,455,470,455,470,21
2021-07-15,470,470,470,470,1070
2021-07-16,470,470,455,470,328
2021-07-19,465,465,465,465,137
2021-07-21,465,470,465,465,379
2021-07-22,465,470,450,465,758
2021-07-23,465,465,465,465,137
2021-07-26,465,465,465,465,152
2021-07-27,465,470,465,470,1044
2021-07-28,470,470,465,465,4149
2021-07-29,470,470,465,465,136
2021-07-30,465,465,450,450,1587
2021-08-02,450,465,425,465,413
2021-08-03,450,450,445,445,49
2021-08-04,425,445,425,445,1355
2021-08-05,465,465,430,465,356
2021-08-09,465,465,460,465,285
2021-08-10,460,465,450,450,115
2021-08-11,455,460,450,450,596
2021-08-12,435,455,435,455,72
2021-08-13,455,465,455,460,240
2021-08-16,460,460,450,450,150
2021-08-17,460,460,450,450,97
2021-08-18,455,455,455,455,95
2021-08-19,455,455,450,450,530
2021-08-20,460,460,455,455,513
2021-08-23,460,465,455,455,508
2021-08-24,455,465,455,455,771
2021-08-25,455,455,450,455,452
2021-08-26,465,465,465,465,315
2021-08-27,465,465,455,460,1046
2021-08-30,460,465,460,465,4
2021-08-31,460,460,460,460,170
2021-09-01,465,465,460,460,30
2021-09-03,460,460,460,460,1384
2021-09-06,455,460,455,455,558
2021-09-07,455,455,440,455,1191
2021-09-08,455,455,450,450,351
2021-09-09,455,455,455,455,100
2021-09-10,450,455,450,455,686
2021-09-13,455,455,455,455,260
2021-09-14,455,455,455,455,50
2021-09-15,455,455,455,455,35
2021-09-16,455,455,455,455,78
2021-09-20,460,460,460,460,5868
2021-09-21,460,460,460,460,646
2021-09-22,465,465,460,460,747
2021-09-23,470,490,470,490,3135
2021-09-24,500,500,500,500,5148
2021-09-27,535,535,535,535,51
2021-09-28,575,575,540,545,6889
2021-09-29,570,585,570,585,268
2021-09-30,585,625,585,625,1263
2021-10-01,625,670,625,670,345
2021-10-04,670,670,625,665,1011
2021-10-05,665,665,630,660,492
2021-10-06,660,660,650,650,219
2021-10-07,650,650,615,615,785
2021-10-08,600,615,600,615,1185
2021-10-11,610,610,605,610,1300
2021-10-12,610,610,600,600,1258
2021-10-13,600,645,600,645,2602
2021-10-14,645,645,645,645,12
2021-10-15,645,645,615,635,176
2021-10-19,615,640,615,635,644
2021-10-20,615,615,615,615,110
2021-10-21,615,635,610,635,867
2021-10-22,640,640,610,610,214
2021-10-25,600,600,600,600,250
2021-10-26,600,635,600,630,522
2021-10-27,615,615,615,615,50
2021-10-28,600,620,600,620,64
2021-10-29,620,620,615,615,296
2021-11-03,615,615,600,600,119
2021-11-04,605,615,605,605,310
2021-11-05,615,615,610,615,265
2021-11-08,610,610,600,600,2087
2021-11-09,615,615,600,615,2392
2021-11-10,615,615,600,610,827
2021-11-11,610,610,600,610,1418
2021-11-12,605,615,605,615,135
2021-11-16,605,615,605,605,1302
2021-11-17,605,615,605,615,1914
2021-11-18,605,605,600,605,705
2021-11-19,605,605,600,600,788
2021-11-22,600,600,600,600,4
2021-11-23,615,615,600,615,1836
2021-11-24,615,615,610,615,5635
2021-11-25,615,615,615,615,679
2021-11-26,615,615,610,610,443
2021-11-29,605,605,605,605,257
2021-11-30,600,600,600,600,150
2021-12-01,600,600,600,600,51
2021-12-02,580,595,570,595,547
2021-12-03,580,610,580,610,179
2021-12-06,600,615,600,615,1868
2021-12-07,600,615,590,600,3146
2021-12-08,600,600,595,595,1472
2021-12-09,595,595,595,595,93
2021-12-10,590,595,580,580,140
2021-12-13,585,585,585,585,100
2021-12-14,585,585,580,585,68
2021-12-15,580,580,580,580,103
2021-12-16,580,580,580,580,80
2021-12-17,580,580,580,580,145
2021-12-20,585,620,585,620,75278
2021-12-21,600,665,600,665,12933
2021-12-22,665,710,665,710,2163
2021-12-23,710,760,700,760,1196
2021-12-24,750,815,750,815,139
2021-12-27,815,875,815,875,840
2021-12-28,810,900,810,900,6313
2021-12-29,840,840,835,835,474
2021-12-30,850,895,775,835,77977
2021-12-31,835,895,835,895,3516
2022-01-03,895,960,845,960,1289
2022-01-04,895,950,890,950,2281
2022-01-05,900,900,900,900,395
2022-01-06,875,875,835,875,1290
2022-01-07,835,880,835,880,355
2022-01-10,880,880,835,835,55
2022-01-11,835,880,775,775,2276
2022-01-12,775,830,775,830,302
2022-01-13,830,880,830,880,202
2022-01-14,830,925,815,830,612
2022-01-17,815,815,815,815,150
2022-01-18,830,830,780,780,147
2022-01-19,780,815,780,815,198
2022-01-20,815,875,780,875,1639
2022-01-21,850,875,850,875,510
2022-01-24,875,875,875,875,645
2022-01-25,875,925,875,875,764
2022-01-26,875,875,875,875,371
2022-01-27,875,875,855,875,298
2022-01-28,875,925,875,925,286
2022-01-31,925,925,875,875,428
2022-02-01,875,900,875,875,230
2022-02-02,875,900,875,900,941
2022-02-03,875,900,875,900,401
2022-02-07,835,900,835,900,1730
2022-02-08,900,920,835,835,359
2022-02-09,840,895,775,775,2846
2022-02-10,775,775,720,720,83356
2022-02-11,770,770,720,770,8838
2022-02-14,825,825,800,825,228
2022-02-15,885,885,765,875,84996
2022-02-16,875,940,830,940,8116
2022-02-17,940,940,935,940,1667
2022-02-18,940,1000,935,1000,79766
2022-02-21,960,1000,925,925,8242
2022-02-22,900,990,860,860,485
2022-02-23,850,900,800,800,1549
2022-02-24,860,860,740,740,2408
2022-02-25,740,795,695,695,2675
2022-02-28,745,745,700,700,4378
2022-03-01,750,750,650,750,71493
2022-03-02,805,805,805,805,759
2022-03-03,865,865,805,860,9103
2022-03-04,865,920,860,920,3967
2022-03-07,910,920,855,855,63505
2022-03-08,850,855,850,850,1571
2022-03-09,850,850,840,840,11074
2022-03-10,860,900,840,840,4515
2022-03-11,835,840,780,835,993
2022-03-14,840,850,780,850,871
2022-03-15,850,895,790,790,530
2022-03-16,790,790,780,790,214
2022-03-17,750,835,750,770,1161
2022-03-18,760,825,760,805,1447
2022-03-21,805,805,770,805,164
2022-03-22,805,805,800,800,530
2022-03-23,800,800,765,795,1673
2022-03-24,795,795,795,795,380
2022-03-25,770,795,770,795,208
2022-03-28,795,850,795,850,758
2022-03-29,845,845,840,840,332
2022-03-30,840,840,800,835,110
2022-03-31,835,890,800,890,9694
2022-04-01,890,890,840,840,1138
2022-04-04,840,840,840,840,1035
2022-04-05,835,835,800,835,487
2022-04-06,800,805,800,800,9262
2022-04-07,800,815,800,800,1070
2022-04-08,845,845,840,840,741
2022-04-11,845,845,800,830,877
2022-04-12,830,830,830,830,106
2022-04-13,825,825,825,825,27
2022-04-14,825,825,780,825,652
2022-04-15,825,825,825,825,50
2022-04-19,825,825,820,820,112
2022-04-20,815,815,775,775,274
2022-04-21,775,775,770,770,3456
2022-04-22,770,810,770,810,1187
2022-04-25,800,830,800,825,13566
2022-04-26,885,885,825,875,2682
2022-04-27,850,870,830,840,1990
2022-04-29,840,840,840,840,100
2022-05-03,830,840,830,830,1485
2022-05-04,830,870,825,825,3530
2022-05-05,825,870,825,825,1876
2022-05-06,825,885,825,885,3817
2022-05-09,885,885,840,880,706
2022-05-10,880,880,830,830,362
2022-05-11,885,885,825,830,1887
2022-05-12,830,880,830,880,60
2022-05-13,825,880,825,880,227
2022-05-16,830,830,830,830,1030
2022-05-17,830,850,830,850,173
2022-05-18,830,830,825,825,217
2022-05-19,825,825,825,825,180
2022-05-20,825,825,825,825,1513
2022-05-23,850,850,845,845,327
2022-05-24,845,845,825,825,882
2022-05-27,825,825,825,825,1203
2022-05-30,825,870,825,870,545
2022-05-31,825,825,825,825,910
2022-06-01,825,825,825,825,1360
2022-06-02,825,865,825,865,539
2022-06-03,860,860,855,855,103
2022-06-07,850,850,825,825,456
2022-06-08,825,825,825,825,1165
2022-06-09,825,825,825,825,1008
2022-06-10,825,850,825,825,2247
2022-06-13,825,850,825,850,103
2022-06-14,845,850,825,850,1417
2022-06-15,850,850,825,825,292
2022-06-16,845,845,845,845,1
2022-06-17,845,850,845,850,392
2022-06-20,850,850,845,845,650
2022-06-21,845,845,845,845,7
2022-06-22,845,845,845,845,100
2022-06-23,845,845,825,825,500
2022-06-24,845,845,845,845,10
2022-06-27,850,850,850,850,520
2022-06-28,830,850,830,830,470
2022-06-29,830,850,830,850,225
2022-06-30,850,850,850,850,16
2022-07-01,850,850,850,850,45
2022-07-04,850,850,850,850,38
2022-07-05,850,850,850,850,64
2022-07-06,835,850,835,850,188
2022-07-07,850,850,850,850,110
2022-07-08,850,850,835,835,101
2022-07-11,835,850,830,835,335
2022-07-13,835,835,830,830,125
2022-07-14,830,835,830,835,213
2022-07-18,830,835,830,835,1256
2022-07-19,830,835,830,830,238
2022-07-20,830,830,825,825,309
2022-07-21,830,830,825,825,2015
2022-07-22,825,845,825,845,25
2022-07-25,840,840,825,825,1099
2022-07-26,825,825,825,825,110
2022-07-27,825,830,825,830,381
2022-07-28,830,830,830,830,318
2022-07-29,825,830,825,830,258
2022-08-01,830,840,825,840,87
2022-08-02,840,840,835,835,27
2022-08-03,835,835,825,825,929
2022-08-04,840,840,840,840,39
2022-08-05,840,840,825,840,85
2022-08-09,835,840,835,840,143
2022-08-10,835,835,835,835,16
2022-08-11,835,835,825,825,1096
2022-08-12,825,825,825,825,72
2022-08-16,820,820,810,810,330
2022-08-17,810,810,750,810,1140
2022-08-18,810,830,810,830,4181
2022-08-22,825,825,825,825,53
2022-08-23,815,815,815,815,5
2022-08-25,820,820,810,810,1041
2022-08-26,810,810,810,810,56
2022-08-29,810,810,810,810,45
2022-08-30,790,810,750,750,1373
2022-08-31,750,750,750,750,1044
2022-09-01,750,800,750,800,1727
2022-09-02,750,750,750,750,50
2022-09-05,780,780,755,780,57
2022-09-06,750,755,750,755,460
2022-09-07,755,755,755,755,100
2022-09-08,780,780,780,780,659
2022-09-09,765,780,765,770,345
2022-09-12,770,770,730,730,796
2022-09-13,765,765,730,730,43
2022-09-14,750,750,680,680,408
2022-09-15,680,730,680,730,214
2022-09-16,770,770,680,770,226
2022-09-19,770,770,750,750,1156
2022-09-20,750,750,750,750,126
2022-09-21,745,745,695,695,755
2022-09-22,695,745,645,745,72035
2022-09-23,750,800,700,800,6163
2022-09-26,740,850,740,850,5237
2022-09-27,850,910,805,910,3445
2022-09-28,900,975,845,975,7660
2022-09-29,975,975,910,910,788
2022-09-30,845,845,845,845,577
2022-10-03,845,865,790,840,837
2022-10-04,790,835,785,835,351
2022-10-05,835,895,835,895,2345
2022-10-06,895,895,835,895,2659
2022-10-07,835,895,835,895,18
2022-10-10,835,895,835,895,266
2022-10-11,895,950,840,950,8935
2022-10-12,945,945,930,930,284
2022-10-13,880,920,865,865,1072
2022-10-14,865,865,865,865,103
2022-10-17,860,860,860,860,313
2022-10-18,850,860,840,840,105
2022-10-19,840,840,840,840,65
2022-10-20,845,845,845,845,3710
2022-10-21,860,860,860,860,100
2022-10-24,835,835,820,820,219
2022-10-25,860,860,860,860,1
2022-10-26,800,860,800,800,243
2022-10-27,860,860,860,860,46
2022-10-28,860,860,800,800,103
2022-11-02,855,855,840,840,63
2022-11-03,835,865,835,860,3226
2022-11-04,800,860,800,800,1190
2022-11-08,800,800,800,800,88
2022-11-09,800,800,800,800,308
2022-11-10,800,800,800,800,21
2022-11-11,795,795,795,795,7
2022-11-14,795,800,795,800,169
2022-11-16,800,860,800,860,722
2022-11-17,800,860,800,860,16
2022-11-21,860,860,860,860,10
2022-11-22,860,860,860,860,30
2022-11-23,800,800,800,800,119
2022-11-24,800,800,790,800,116
2022-11-25,785,785,740,785,221
2022-11-28,785,785,785,785,8
2022-11-29,745,745,745,745,284
2022-11-30,730,730,730,730,896
2022-12-01,730,730,700,700,460
2022-12-02,700,700,700,700,494
2022-12-05,700,700,700,700,728
2022-12-06,750,750,750,750,20
2022-12-08,740,740,740,740,15
2022-12-09,760,760,740,740,23
2022-12-12,730,730,730,730,12
2022-12-13,720,720,720,720,98
2022-12-14,720,720,700,700,221
2022-12-15,700,730,700,700,1162
2022-12-16,695,695,695,695,841
2022-12-19,695,695,690,690,486
2022-12-20,690,690,650,650,115
2022-12-22,655,695,655,695,3915
2022-12-23,695,695,695,695,135
2022-12-27,695,715,695,715,428
2022-12-29,715,715,675,675,566
2022-12-30,680,680,625,675,429
2023-01-02,675,675,625,675,40
2023-01-03,625,675,625,675,1765
2023-01-04,675,675,625,625,2231
2023-01-05,625,625,625,625,109
2023-01-06,670,670,610,625,22
2023-01-09,625,670,625,670,175
2023-01-10,670,670,620,620,2148
2023-01-11,620,665,620,665,3383
2023-01-12,665,665,665,665,338
2023-01-13,660,665,620,620,1488
2023-01-16,620,665,600,620,12265
2023-01-17,620,620,600,620,3262
2023-01-18,610,620,610,620,252
2023-01-19,665,665,660,660,44
2023-01-20,660,700,660,700,745
2023-01-23,650,715,650,715,660
2023-01-24,695,715,695,715,170
2023-01-26,715,715,665,710,120
2023-01-27,710,715,660,710,715
2023-01-31,700,710,695,710,1066
2023-02-01,700,700,660,700,101
2023-02-02,700,700,700,700,10
2023-02-03,700,720,700,720,3326
2023-02-06,750,750,750,750,10
2023-02-07,740,740,720,740,162
2023-02-08,740,740,735,740,612
2023-02-09,735,735,735,735,17
2023-02-10,725,740,725,735,753
2023-02-13,740,740,730,730,29
2023-02-14,680,730,680,730,3079
2023-02-15,730,730,730,730,310
2023-02-16,730,730,730,730,66
2023-02-17,730,730,730,730,20
2023-02-20,730,730,720,720,180
2023-02-21,670,720,670,720,21
2023-02-22,720,720,670,720,554
2023-02-24,715,715,710,710,135
2023-02-28,700,700,700,700,51
2023-03-01,655,700,655,700,634
2023-03-03,700,700,700,700,60
2023-03-06,650,710,650,710,6708
2023-03-08,700,700,700,700,107
2023-03-09,695,695,690,690,821
2023-03-13,685,690,680,680,602
2023-03-14,675,675,665,670,73
2023-03-15,620,665,620,665,2214
2023-03-16,645,645,630,645,226
2023-03-17,645,645,620,640,1011
2023-03-20,635,640,620,640,901
2023-03-21,600,640,600,640,818
2023-03-22,640,640,600,640,1352
2023-03-23,635,635,635,635,230
2023-03-24,625,635,625,635,55
2023-03-27,615,635,615,635,226
2023-03-28,635,635,635,635,384
2023-03-29,620,635,620,635,613
2023-03-30,600,630,600,605,650
2023-03-31,610,625,605,625,4002
2023-04-03,625,635,625,635,260
2023-04-04,625,630,600,630,829
2023-04-05,635,635,635,635,24
2023-04-06,635,635,630,630,51
2023-04-11,630,630,610,630,306
2023-04-13,630,630,630,630,100
2023-04-14,625,625,625,625,198
2023-04-17,605,625,605,625,493
2023-04-19,605,625,605,625,3
2023-04-20,605,625,605,625,290
2023-04-24,625,625,625,625,7
2023-04-25,605,620,605,620,707
2023-04-26,620,630,585,630,7197
2023-04-27,630,635,630,630,2012
2023-04-28,625,630,585,630,132
2023-05-02,600,630,600,630,945
2023-05-03,605,620,605,620,16
2023-05-04,600,600,595,600,3278
2023-05-05,600,620,600,620,5910
2023-05-08,615,615,610,610,210
2023-05-09,610,610,600,600,512
2023-05-10,590,610,590,610,258
2023-05-11,610,610,600,600,288
2023-05-12,600,605,600,605,212
2023-05-15,605,605,600,600,10
2023-05-16,600,605,600,605,84
2023-05-17,605,605,560,565,205
2023-05-19,550,550,550,550,75
2023-05-22,565,565,565,565,93
2023-05-23,600,600,600,600,32
2023-05-24,565,600,565,600,392
2023-05-25,600,600,600,600,140
2023-05-26,605,605,600,600,120
2023-05-30,600,600,600,600,106
2023-05-31,600,600,600,600,10
2023-06-01,600,600,590,590,397
2023-06-02,550,600,550,600,1549
2023-06-05,600,605,600,605,60
2023-06-06,600,605,600,605,46
2023-06-07,605,605,600,600,9351
2023-06-08,600,600,600,600,143
2023-06-09,605,605,600,600,43
2023-06-12,600,600,600,600,17
2023-06-13,600,600,600,600,2
2023-06-15,600,600,600,600,87
2023-06-16,600,600,600,600,2
2023-06-19,600,600,590,600,53
2023-06-20,600,600,600,600,1
2023-06-21,600,600,600,600,193
2023-06-22,600,600,600,600,3
2023-06-23,600,600,590,600,219
2023-06-27,585,585,585,585,80
2023-06-29,585,585,585,585,95
2023-06-30,600,600,600,600,400
2023-07-03,585,585,580,580,855
2023-07-04,550,580,550,580,252
2023-07-05,580,580,580,580,50
2023-07-06,580,580,580,580,189
2023-07-07,570,580,570,575,530
2023-07-10,580,580,570,570,487
2023-07-11,555,560,555,560,128
2023-07-13,570,580,570,575,209
2023-07-14,575,575,550,550,1028
2023-07-17,550,570,550,570,357
2023-07-18,570,570,550,550,79
2023-07-19,550,570,550,570,51
2023-07-20,570,570,570,570,130
2023-07-21,570,580,550,580,451
2023-07-24,580,580,580,580,156
2023-07-25,580,580,550,550,112
2023-07-26,570,570,570,570,145
2023-07-27,570,570,570,570,135
2023-07-28,570,570,550,570,98
2023-07-31,570,570,550,570,1555
2023-08-01,570,570,545,545,58
2023-08-02,545,565,545,545,416
2023-08-03,545,560,545,560,212
2023-08-04,560,560,560,560,91
2023-08-08,560,560,560,560,32
2023-08-09,560,560,560,560,69
2023-08-10,560,560,550,560,165
2023-08-11,560,560,520,520,150
2023-08-14,550,550,550,550,535
2023-08-16,560,560,550,560,300
2023-08-17,560,560,550,560,435
2023-08-18,560,560,550,550,381
2023-08-21,550,550,550,550,495
2023-08-22,550,550,550,550,33
2023-08-23,560,560,560,560,2
2023-08-24,550,550,530,550,425
2023-08-25,550,550,550,550,411
2023-08-28,550,550,520,550,1114
2023-08-29,550,550,550,550,51
2023-08-30,550,550,550,550,13
2023-08-31,550,550,510,550,111
2023-09-01,510,550,510,550,230
2023-09-04,510,515,510,515,1550
2023-09-05,550,550,515,515,198
2023-09-06,515,515,515,515,690
2023-09-07,515,515,515,515,1758
2023-09-11,515,515,515,515,127
2023-09-12,515,525,510,525,147
2023-09-13,525,525,525,525,205
2023-09-14,525,525,525,525,120
2023-09-15,525,525,525,525,276
2023-09-18,550,550,515,515,207
2023-09-19,525,525,525,525,10
2023-09-20,545,545,515,515,319
2023-09-21,515,535,515,525,340
2023-09-22,545,545,545,545,10
2023-09-25,545,545,545,545,903
2023-09-26,545,545,505,505,306
2023-09-28,500,505,500,505,514
2023-09-29,500,500,500,500,834
2023-10-02,500,535,500,535,283
2023-10-03,535,535,495,495,474
2023-10-04,500,530,500,525,104
2023-10-05,530,530,510,530,193
2023-10-06,530,530,530,530,564
2023-10-09,495,495,495,495,15
2023-10-10,510,510,510,510,333
2023-10-11,495,530,495,530,80
2023-10-12,530,565,530,565,7761
2023-10-13,550,565,550,565,35
2023-10-16,560,560,560,560,20
2023-10-17,555,555,525,525,147
2023-10-18,555,560,555,555,1191
2023-10-19,555,595,555,595,1516
2023-10-20,595,635,595,635,5114
2023-10-23,635,635,595,595,125
2023-10-24,615,615,595,615,229
2023-10-25,615,615,615,615,53
2023-10-26,615,615,615,615,10
2023-10-27,600,615,600,615,996
2023-10-30,605,605,605,605,200
2023-10-31,615,615,600,600,350
2023-11-02,600,600,555,555,107
2023-11-03,555,555,555,555,7
2023-11-06,515,595,515,595,548
2023-11-07,595,600,595,600,83
2023-11-09,595,595,595,595,100
2023-11-13,590,595,590,595,3
2023-11-14,585,620,585,620,61812
2023-11-16,595,665,595,665,4496
2023-11-17,665,700,655,680,6972
2023-11-20,680,725,680,720,3334
2023-11-21,680,750,680,750,5543
2023-11-22,725,800,695,800,1137
2023-11-23,795,840,740,840,1060
2023-11-24,800,900,800,900,2216
2023-11-27,840,925,840,895,96240
2023-11-28,855,890,855,890,1340
2023-11-29,855,885,855,885,377
2023-11-30,820,820,820,820,922
2023-12-01,820,820,820,820,6
2023-12-04,760,790,760,790,122
2023-12-05,750,750,750,750,752
2023-12-06,700,700,695,700,485
2023-12-07,695,695,650,695,541
2023-12-08,695,720,695,720,3534
2023-12-11,720,750,720,750,69840
2023-12-12,750,755,750,755,1870
2023-12-13,700,755,700,755,1080
2023-12-14,755,810,700,810,864
2023-12-15,755,850,755,850,1714
2023-12-19,845,850,845,850,83620
2023-12-22,790,790,790,790,1
2023-12-26,840,840,840,840,2
2023-12-27,800,840,780,840,135
2023-12-28,840,840,780,830,20530
2023-12-29,790,830,790,830,192
2024-01-02,830,830,830,830,14
2024-01-03,820,820,820,820,162
2024-01-04,825,825,760,825,68008
2024-01-05,765,830,765,830,12
2024-01-08,825,830,820,830,17644
2024-01-09,830,845,830,845,177
2024-01-10,845,845,785,845,141
2024-01-11,785,830,785,830,87
2024-01-12,825,825,825,825,30
2024-01-15,825,830,825,825,230
2024-01-16,770,820,765,820,105
2024-01-17,760,820,760,820,6568
2024-01-18,820,825,760,825,179
2024-01-19,825,825,825,825,150
2024-01-22,825,825,825,825,105
2024-01-24,820,820,820,820,20
2024-01-25,760,820,760,820,715
2024-01-26,820,820,820,820,20
2024-01-29,760,820,760,820,1891
2024-01-30,810,820,810,820,513
2024-01-31,820,820,820,820,8
2024-02-01,810,820,810,820,620
2024-02-02,820,820,760,815,74
2024-02-05,760,820,755,820,2354
2024-02-06,815,820,810,820,361
2024-02-07,805,820,800,815,1493
2024-02-09,815,815,815,815,20
2024-02-13,810,820,810,820,179
2024-02-14,820,820,820,820,10
2024-02-16,800,820,800,820,861
2024-02-19,815,815,815,815,28
2024-02-20,815,815,815,815,27
2024-02-21,810,815,810,815,150
2024-02-22,815,815,815,815,10
2024-02-23,815,815,755,815,192
2024-02-26,815,815,815,815,60
2024-02-27,815,815,815,815,50
2024-02-28,815,815,815,815,50
2024-03-01,760,815,755,815,901
2024-03-05,800,800,800,800,10
2024-03-06,800,800,800,800,35
2024-03-07,800,800,800,800,33
2024-03-08,795,800,795,800,67
2024-03-11,755,800,755,800,152
2024-03-12,790,800,755,800,478
2024-03-13,800,800,755,800,69
2024-03-14,800,800,800,800,5
2024-03-18,800,800,800,800,300
2024-03-19,755,800,755,800,356
2024-03-21,795,795,750,790,608
2024-03-22,790,790,790,790,39
2024-03-26,780,790,780,785,473
2024-03-28,780,810,780,810,1842
2024-03-29,805,805,805,805,136
2024-04-02,800,805,800,800,122
2024-04-03,800,800,800,800,6
2024-04-04,800,800,800,800,130
2024-04-08,800,800,800,800,5142
2024-04-09,740,800,740,800,56
2024-04-11,800,800,800,800,5
2024-04-12,800,800,750,800,264
2024-04-15,750,800,750,800,33
2024-04-16,800,800,800,800,73
2024-04-17,750,800,750,800,341
2024-04-19,740,800,740,800,142
2024-04-22,800,800,800,800,1
2024-04-23,800,800,800,800,102
2024-04-24,750,800,750,800,102
2024-04-25,800,800,800,800,21
2024-04-29,740,750,740,750,9
2024-04-30,740,740,740,740,7
2024-05-02,740,740,740,740,109
2024-05-03,740,740,685,685,21
2024-05-06,685,685,685,685,75
2024-05-07,675,675,675,675,50
2024-05-08,650,650,650,650,100
2024-05-10,675,675,675,675,144
2024-05-14,675,700,675,700,266
2024-05-15,700,700,700,700,143
2024-05-16,650,650,650,650,151
2024-05-17,650,650,650,650,597
2024-05-21,650,650,605,650,401
2024-05-22,605,605,605,605,8
2024-05-23,605,605,605,605,22
2024-05-24,645,645,605,605,155
2024-05-27,650,650,650,650,486
2024-05-29,650,650,605,605,27
2024-05-30,600,645,600,645,90
2024-05-31,645,645,645,645,154
2024-06-03,600,635,600,600,114
2024-06-04,600,640,555,640,963
2024-06-05,640,640,595,595,191
2024-06-06,555,580,555,580,312
2024-06-07,580,580,580,580,206
2024-06-10,580,580,575,575,18
2024-06-11,575,575,575,575,26
2024-06-12,575,580,575,575,1204
2024-06-13,575,575,535,575,853
2024-06-14,575,575,575,575,105
2024-06-18,570,570,560,560,590
2024-06-19,560,560,525,525,1116
2024-06-20,550,550,500,500,23062
2024-06-21,500,500,500,500,1474
2024-06-24,500,500,490,490,104
2024-06-25,500,500,455,455,1334
2024-06-26,480,485,480,480,177
2024-06-27,500,500,500,500,373
2024-06-28,500,500,500,500,1125
2024-07-01,500,500,485,500,51
2024-07-02,500,500,500,500,11
2024-07-03,500,500,495,495,26
2024-07-04,495,495,490,490,730
2024-07-05,490,490,490,490,139
2024-07-08,490,490,465,465,259
2024-07-09,490,490,485,490,788
2024-07-10,490,490,455,490,1218
2024-07-11,490,490,490,490,103
2024-07-12,490,490,490,490,812
2024-07-15,490,490,490,490,67
2024-07-16,490,490,485,490,4952
2024-07-17,490,500,490,500,462
2024-07-18,500,535,500,500,33071
2024-07-19,500,500,470,470,11081
2024-07-22,470,495,465,495,33362
2024-07-23,495,495,470,490,24357
2024-07-24,490,495,490,495,1621
2024-07-25,495,500,490,500,2439
2024-07-26,510,510,490,495,1602
2024-07-29,495,500,495,495,1023
2024-07-30,495,530,495,510,5875
2024-07-31,510,545,510,545,454
2024-08-01,545,575,545,575,1052
2024-08-02,575,575,545,575,20756
2024-08-05,575,575,550,565,509
2024-08-06,570,570,555,565,52
2024-08-08,570,575,565,570,3211
2024-08-09,550,560,550,560,378
2024-08-12,555,570,555,570,196
2024-08-13,570,610,560,605,1655
2024-08-14,650,650,650,650,163
2024-08-16,655,695,655,695,1143
2024-08-19,720,720,645,645,8097
2024-08-20,600,600,600,600,1591
2024-08-21,590,600,555,600,17458
2024-08-22,600,600,600,600,53
2024-08-23,645,645,600,640,282
2024-08-26,640,640,640,640,102
2024-08-27,600,675,600,670,193
2024-08-28,660,660,660,660,144
2024-08-29,660,705,660,700,766
2024-08-30,690,690,650,650,295
2024-09-02,650,650,605,650,363
2024-09-03,650,650,625,625,1677
2024-09-04,650,650,595,645,1021
2024-09-05,625,645,600,640,206
2024-09-06,640,640,595,595,520
2024-09-09,590,590,585,585,920
2024-09-10,595,595,595,595,333
2024-09-11,555,595,555,595,11772
2024-09-12,595,595,555,555,2996
2024-09-13,555,555,555,555,1407
2024-09-16,565,565,520,565,490
2024-09-17,555,565,525,565,6195
2024-09-18,565,565,525,525,4891
2024-09-19,525,555,500,555,24168
2024-09-20,555,555,515,555,2930
2024-09-23,555,555,555,555,832
2024-09-24,560,560,515,560,2981
2024-09-25,555,555,520,520,923
2024-09-26,520,555,500,500,2264
2024-09-27,505,535,500,535,3107
2024-09-30,555,555,500,535,10648
2024-10-01,560,560,500,525,2301
2024-10-02,535,535,500,520,2781
2024-10-03,520,540,500,540,15791
2024-10-04,540,540,500,535,6933
2024-10-07,535,535,500,500,5244
2024-10-08,535,535,495,500,1191
2024-10-09,505,525,500,500,6082
2024-10-10,530,530,475,475,1876
2024-10-11,475,510,475,505,4084
2024-10-14,510,510,500,505,3181
2024-10-15,505,525,505,520,1305
2024-10-16,520,525,510,510,981
2024-10-17,510,525,510,525,358
2024-10-18,525,525,510,525,2532
2024-10-21,525,525,525,525,10686
2024-10-22,495,525,495,525,2192
2024-10-23,525,525,500,525,152
2024-10-24,525,530,525,530,977
2024-10-25,530,540,520,520,389
2024-10-28,520,520,520,520,66
2024-10-29,520,520,505,520,857
2024-10-30,520,520,520,520,17
2024-10-31,520,520,520,520,24
2024-11-04,520,520,500,520,5180
2024-11-05,500,540,490,535,2536
2024-11-06,535,535,520,530,866
2024-11-07,525,525,500,520,1627
2024-11-08,520,520,495,520,263
2024-11-11,490,500,485,485,7783
2024-11-12,490,500,490,500,794
2024-11-13,520,520,500,500,986
2024-11-14,500,500,490,500,1109
2024-11-18,500,500,490,495,2472
2024-11-19,485,510,485,510,2327
2024-11-20,495,510,495,510,5044
2024-11-21,495,510,490,510,588
2024-11-22,510,510,510,510,117
2024-11-25,510,510,510,510,66
2024-11-26,510,510,510,510,7
2024-11-27,510,510,510,510,5
2024-11-28,510,510,510,510,193
2024-11-29,510,515,510,515,492
2024-12-02,515,515,495,495,294
2024-12-03,530,530,495,500,2151
2024-12-04,495,510,495,510,940
2024-12-05,530,530,500,500,2375
2024-12-06,500,515,500,515,778
2024-12-09,515,515,500,510,1423
2024-12-10,515,515,510,510,267
2024-12-11,515,515,500,510,41
2024-12-12,510,510,510,510,28
2024-12-13,510,510,500,500,254
2024-12-16,520,520,500,500,332
2024-12-17,520,520,480,515,464
2024-12-18,520,520,480,515,512
2024-12-19,520,520,480,510,4763
2024-12-20,510,510,510,510,51
2024-12-23,515,515,500,500,589
2024-12-26,480,510,480,485,84
2024-12-27,485,510,485,510,21
2024-12-30,500,500,475,475,331
2024-12-31,500,500,500,500,141
2025-01-02,500,500,500,500,58
2025-01-03,495,500,495,495,90
2025-01-06,495,495,485,495,216
2025-01-07,495,510,490,510,171
2025-01-08,495,510,495,510,27
2025-01-09,510,510,500,510,145
2025-01-10,500,510,500,510,76
2025-01-13,510,510,485,500,102
2025-01-14,500,500,475,500,131
2025-01-15,495,495,475,475,145
2025-01-16,500,500,450,450,4633
2025-01-17,450,480,450,475,829
2025-01-20,475,500,475,495,115
2025-01-21,495,495,485,485,145
2025-01-22,485,485,450,450,27
2025-01-23,455,455,455,455,91
2025-01-24,485,485,480,480,197
2025-01-27,485,485,455,480,171
2025-01-28,495,495,475,475,61
2025-01-29,450,485,450,485,163
2025-01-30,485,485,455,480,634
2025-01-31,480,480,480,480,81
2025-02-03,495,495,465,490,617
2025-02-04,490,490,480,480,401
2025-02-05,490,490,485,485,144
2025-02-06,490,490,455,455,920
2025-02-07,460,485,460,485,142
2025-02-10,485,490,485,490,811
2025-02-11,490,490,490,490,624
2025-02-12,490,495,490,495,53
2025-02-13,495,495,490,490,130
2025-02-14,490,490,485,490,430
2025-02-17,490,495,490,490,199
2025-02-18,490,490,455,490,3734
2025-02-19,460,490,460,490,171
2025-02-20,490,495,490,495,356
2025-02-21,495,500,490,500,1841
2025-02-24,500,500,490,500,196
2025-02-25,500,500,500,500,683
2025-02-26,500,500,495,500,3649
2025-02-27,500,510,500,510,43
2025-02-28,510,510,510,510,85
2025-03-03,510,510,500,510,328
2025-03-04,510,510,500,510,262
2025-03-05,505,505,490,505,834
2025-03-06,500,500,490,500,222
2025-03-07,495,505,495,500,1373
2025-03-10,500,500,500,500,255
2025-03-11,500,500,495,495,290
2025-03-12,495,510,495,510,782
2025-03-13,520,520,500,500,1018
2025-03-14,500,510,480,505,4329
2025-03-17,510,510,500,505,4974
2025-03-18,505,510,500,505,17364
2025-03-19,490,515,490,505,6762
2025-03-20,505,505,475,475,5821
2025-03-21,475,510,475,510,3192
2025-03-24,510,510,510,510,175
2025-03-25,510,510,505,510,156
2025-03-26,510,510,480,500,4328
2025-03-28,510,510,505,510,503
2025-04-01,505,505,490,500,1207
2025-04-02,500,505,500,505,2581
2025-04-03,505,510,500,500,331
2025-04-04,510,510,500,500,1127
2025-04-07,500,505,500,505,13
2025-04-08,500,505,500,500,1576
2025-04-09,500,505,490,505,20746
2025-04-10,500,500,485,495,17925
2025-04-11,495,495,495,495,1978
2025-04-14,500,500,460,460,2228
2025-04-15,465,490,460,460,10770
2025-04-16,465,475,460,465,25853
2025-04-17,470,470,465,470,3672
2025-04-18,505,505,465,465,1091
2025-04-22,465,495,465,495,3090
2025-04-23,495,505,495,505,5861
2025-04-24,505,505,495,505,317
2025-04-25,505,505,500,505,204
2025-04-28,480,505,480,505,55
2025-04-29,490,505,480,505,8543
2025-04-30,505,505,500,500,164
2025-05-02,500,505,480,505,788
2025-05-05,505,505,500,505,50
2025-05-06,505,540,500,505,3940
2025-05-07,520,540,500,540,17552
2025-05-08,515,580,500,575,1746
2025-05-09,570,610,570,595,1248
2025-05-12,595,595,575,585,5743
2025-05-13,565,565,545,560,14885
2025-05-14,545,545,520,535,4699
2025-05-15,535,535,520,535,1557
2025-05-16,535,535,525,530,512
2025-05-19,530,550,530,550,955
2025-05-20,550,550,530,550,853
2025-05-21,520,520,510,520,822
2025-05-22,520,520,500,510,971
2025-05-23,515,520,510,520,2343
2025-05-26,515,515,500,515,646
2025-05-27,515,520,500,520,3961
2025-05-28,520,550,485,545,31571
2025-05-30,545,550,545,545,893
2025-06-02,530,550,530,550,618
2025-06-03,545,550,530,535,764
2025-06-04,545,545,530,530,875
2025-06-05,520,535,520,535,222
2025-06-10,525,565,520,565,4992
2025-06-11,565,565,550,555,1314
2025-06-12,550,555,550,550,197
2025-06-13,550,550,510,510,5362
2025-06-16,515,545,515,545,1896
2025-06-17,545,545,505,505,2876
2025-06-18,540,540,540,540,1005
2025-06-19,545,550,540,550,1580
2025-06-20,545,550,520,545,732
2025-06-23,545,545,510,540,3202
2025-06-24,540,540,540,540,426
2025-06-25,540,545,510,535,1711
2025-06-26,545,545,515,535,461
2025-06-27,540,540,515,535,438
2025-06-30,535,540,535,535,2796
2025-07-01,535,540,525,525,265
2025-07-02,540,540,510,530,328
2025-07-03,540,540,530,530,318
2025-07-04,540,540,530,530,173
2025-07-07,530,535,500,530,1407
2025-07-08,535,535,525,530,261
2025-07-09,530,530,530,530,118
2025-07-10,530,530,520,525,229
2025-07-11,525,530,500,525,19251
2025-07-14,525,530,500,510,688
2025-07-15,520,520,510,510,1989
2025-07-16,515,530,505,530,4619
2025-07-17,530,530,505,525,961
2025-07-18,520,530,510,510,399
2025-07-21,530,530,515,525,303
2025-07-22,530,530,510,510,761
2025-07-23,525,525,520,520,124
2025-07-24,520,520,510,510,1156
2025-07-25,520,525,505,525,1985
2025-07-28,525,525,505,525,1569
2025-07-29,505,530,505,525,478
2025-07-30,525,525,525,525,722
2025-07-31,505,510,505,510,6312
2025-08-01,525,525,510,520,242
2025-08-04,520,525,520,525,426
2025-08-05,525,550,525,550,1738
2025-08-06,545,550,540,540,222
2025-08-08,540,540,540,540,113
2025-08-11,540,550,540,550,945
2025-08-12,550,550,535,545,568
2025-08-13,550,550,540,545,15562
2025-08-14,545,545,540,545,370
2025-08-18,545,550,540,540,3689
2025-08-19,545,550,545,550,3146
2025-08-20,550,590,545,590,1767
2025-08-21,590,600,555,590,6652
2025-08-22,590,600,580,590,2556
2025-08-25,590,595,590,595,1670
2025-08-26,590,590,570,585,949
2025-08-27,585,585,575,575,2797
2025-08-28,585,595,570,595,3113
2025-08-29,595,600,580,600,5348
2025-09-01,600,600,590,600,5170
2025-09-02,600,600,595,595,1173
2025-09-03,595,600,585,585,3852
2025-09-05,590,600,590,600,18574
2025-09-08,600,600,600,600,4068
2025-09-09,590,625,590,625,6201
2025-09-10,625,670,615,670,3818
2025-09-11,715,720,675,705,2772
2025-09-12,700,705,695,695,2377
2025-09-15,700,700,695,695,1781
2025-09-16,695,705,695,695,11131
2025-09-17,690,700,690,695,1386
2025-09-18,690,695,690,695,1117
2025-09-19,695,695,685,685,1628
2025-09-22,695,695,685,690,1351
2025-09-23,690,690,675,685,4167
2025-09-24,685,685,670,685,10528
2025-09-25,685,700,680,700,6582
2025-09-26,700,700,690,690,9219
2025-09-29,690,690,680,680,11169
2025-09-30,680,680,675,680,2523
2025-10-01,690,690,680,680,10497
2025-10-02,680,680,630,630,12844
2025-10-03,625,630,600,630,8884
2025-10-06,650,675,650,665,12629
2025-10-07,670,670,660,670,5540
2025-10-08,670,670,665,665,11777
2025-10-09,665,675,665,675,3267
2025-10-10,675,675,665,670,2298
2025-10-13,675,675,655,655,6383
2025-10-14,670,680,660,680,16294
2025-10-15,700,720,695,715,15733
2025-10-16,720,720,690,690,10469
2025-10-17,715,720,700,700,4025
2025-10-20,700,720,695,715,4073
2025-10-21,715,715,665,670,4981
2025-10-22,710,710,665,680,32309
2025-10-23,675,710,675,710,5518
2025-10-24,710,710,670,670,14636
2025-10-27,710,710,670,705,1824
2025-10-28,700,715,695,710,6934
2025-10-29,710,715,685,710,23117
2025-10-30,710,710,675,700,18697
2025-10-31,700,700,670,700,5019
2025-11-03,695,695,680,690,1250
2025-11-04,690,690,680,680,5522
2025-11-05,690,690,680,680,2007
2025-11-06,700,700,695,695,2814
2025-11-07,695,700,695,695,3316
2025-11-10,715,715,695,700,5078
2025-11-11,700,710,700,705,515
2025-11-12,705,705,700,700,1799
2025-11-13,700,700,685,685,22943
2025-11-14,700,700,660,695,3776
2025-11-17,695,700,695,700,1839
2025-11-18,700,700,685,685,788
2025-11-19,685,700,675,700,1734
2025-11-20,700,700,685,695,681
2025-11-21,695,695,690,690,1107
2025-11-24,685,700,680,695,4578
2025-11-25,680,700,680,700,3607
2025-11-26,700,700,695,695,2952
2025-11-27,700,720,700,720,5601
2025-11-28,720,720,700,715,3076
2025-12-01,665,680,665,665,10877
2025-12-02,665,710,660,700,16510
2025-12-03,700,710,700,705,3029
2025-12-04,700,705,675,705,10144
2025-12-05,705,755,705,755,50981
2025-12-08,810,810,800,810,2459
2025-12-09,870,870,810,870,1191
2025-12-10,935,935,935,935,3233
2025-12-11,1005,1005,1005,1005,6010
2025-12-12,1080,1080,1080,1080,3408
2025-12-15,1160,1160,1080,1160,42373
2025-12-16,1245,1245,1245,1245,5283
2025-12-17,1335,1335,1335,1335,1073
2025-12-18,1435,1435,1435,1435,4680
2025-12-19,1540,1540,1540,1540,5495
2025-12-22,1655,1655,1655,1655,1951
2025-12-23,1660,1775,1655,1775,86341
2025-12-24,1805,1870,1775,1775,22277
2025-12-26,1780,1800,1650,1720,41200
2025-12-29,1680,1680,1595,1600,14051
2025-12-30,1485,1520,1480,1500,37047
2025-12-31,1505,1610,1505,1580,11592
2026-01-02,1695,1695,1680,1680,10948
2026-01-05,1700,1720,1695,1715,8529
2026-01-06,1700,1715,1590,1695,6255
2026-01-07,1700,1700,1575,1665,13220
2026-01-08,1665,1670,1600,1600,4725
2026-01-09,1670,1670,1650,1660,1782
2026-01-12,1660,1660,1650,1650,1996
2026-01-13,1670,1695,1660,1670,660
2026-01-14,1675,1690,1670,1685,6478
2026-01-15,1690,1700,1690,1695,4357
2026-01-16,1685,1700,1685,1700,9648
2026-01-19,1700,1700,1690,1700,8753
2026-01-20,1700,1700,1685,1695,2467
2026-01-21,1695,1720,1695,1710,24319
2026-01-22,1700,1710,1700,1710,10071
2026-01-23,1720,1750,1710,1750,1478
2026-01-26,1730,1800,1730,1800,16099
2026-01-27,1800,1800,1775,1800,7930
2026-01-28,1815,1935,1815,1935,3874
2026-01-29,2000,2080,2000,2050,13523
2026-01-30,2200,2200,2060,2150,8184
2026-02-02,2150,2150,2040,2050,7964
2026-02-03,2050,2145,2050,2100,5491
2026-02-04,2100,2150,2050,2120,4701
2026-02-05,2125,2150,2100,2150,8970
2026-02-06,2150,2310,2150,2310,16767
2026-02-09,2480,2480,2375,2480,17410
2026-02-10,2480,2665,2480,2665,11987
2026-02-11,2850,2860,2800,2850,10556
2026-02-12,2850,2995,2640,2640,8185
2026-02-13,2445,2445,2445,2445,8337
2026-02-16,2290,2550,2290,2550,25804
2026-02-17,2570,2740,2550,2740,7148
2026-02-18,2740,2830,2625,2695,7149
2026-02-19,2690,2740,2655,2695,8945
2026-02-20,2720,2815,2650,2790,8253
2026-02-23,2790,2900,2790,2850,18542
2026-02-24,2850,2950,2850,2950,3830
2026-02-25,2945,3000,2945,3000,4636
2026-02-26,2995,3010,2915,3000,13127
2026-02-27,3010,3040,2775,3000,14177
2026-03-02,2995,3020,2900,2900,15368
2026-03-03,2900,2900,2685,2685,36289
2026-03-04,2500,2680,2500,2500,27960
2026-03-05,2525,2685,2500,2685,24845
2026-03-06,2650,2885,2645,2800,16941
2026-03-09,2800,2925,2600,2850,4347
2026-03-10,2840,2845,2800,2835,1631
2026-03-11,2835,2835,2655,2710,2302
2026-03-12,2700,2700,2575,2620,18763
2026-03-13,2620,2650,2600,2650,6275
2026-03-17,2650,2700,2605,2695,5832
2026-03-18,2695,2695,2650,2690,2260
2026-03-19,2655,2695,2650,2675,3696
2026-03-23,2670,2675,2655,2675,1826
2026-03-24,2700,2830,2700,2775,4633
2026-03-25,2775,2840,2775,2835,3708
2026-03-26,2830,2835,2785,2800,3490
2026-03-27,2800,3000,2800,2995,20624
2026-03-30,2995,2995,2905,2975,4432
2026-03-31,2975,2975,2905,2950,4727
2026-04-01,2950,2950,2905,2920,2322
2026-04-02,2920,2945,2920,2930,2937
2026-04-03,2935,2940,2920,2940,747
2026-04-07,2930,2935,2925,2935,3480
2026-04-08,2935,2935,2925,2935,866
2026-04-09,2935,3005,2925,3005,8414
2026-04-10,3005,3200,3005,3060,14544
2026-04-13,3080,3215,3080,3215,3388
2026-04-14,3215,3215,3160,3160,3365
2026-04-15,3160,3160,2925,2925,6359
2026-04-16,2800,2920,2800,2800,9421
2026-04-17,2750,2800,2700,2700,3270
2026-04-20,2700,2800,2665,2695,4506
2026-04-21,2695,2700,2660,2695,4529
2026-04-22,2700,2700,2650,2700,1187
2026-04-23,2700,2765,2700,2760,2527
2026-04-24,2765,2800,2760,2800,2534
2026-04-27,2810,2810,2775,2810,1454
2026-04-28,2775,2775,2760,2760,1136
2026-04-29,2765,2800,2760,2765,2119
2026-04-30,2750,2785,2750,2785,1017
2026-05-04,2780,2785,2760,2775,3324
2026-05-05,2775,2775,2720,2720,2266
2026-05-06,2700,2810,2700,2810,13395
2026-05-07,2810,2850,2800,2850,10754
2026-05-08,2845,2845,2800,2845,2079
2026-05-11,2800,2865,2790,2855,8733
2026-05-12,2865,2900,2855,2860,4743
2026-05-13,2860,2860,2650,2860,4274
2026-05-15,2860,2860,2650,2850,3423
2026-05-18,2845,2845,2800,2845,1138
2026-05-19,2800,2850,2800,2850,1778
2026-05-20,2850,2860,2805,2860,5040
2026-05-21,2895,2900,2855,2855,2109
2026-05-22,2855,2855,2850,2855,735
2026-05-26,2900,2900,2875,2875,1098
2026-05-28,2875,2880,2850,2875,1109
2026-05-29,2875,2880,2700,2875,4323
2026-06-01,2875,2875,2755,2860,1696
2026-06-02,2855,2855,2750,2845,1572
2026-06-03,2700,2840,2645,2685,6639
2026-06-04,2695,2820,2485,2820,21546
2026-06-05,2800,2830,2800,2830,1856
2026-06-08,2870,2875,2830,2840,2193
2026-06-09,2840,2845,2780,2845,1185
2026-06-10,2665,2845,2655,2840,10409
2026-06-11,2840,2840,2700,2835,691
2026-06-12,2835,2835,2710,2830,2645
2026-06-15,2815,2830,2700,2800,9571
2026-06-16,2800,2800,2700,2795,2314
2026-06-17,2790,2795,2705,2795,3492
2026-06-18,2795,2795,2750,2795,3406
2026-06-19,2770,2770,2635,2640,24152
2026-06-22,2445,2445,2445,2445,11613
2026-06-23,2305,2625,2305,2625,25768
2026-06-24,2790,2810,2700,2730,4008
2026-06-25,2730,2730,2565,2650,5894
2026-06-26,2640,2650,2610,2625,2305
2026-06-29,2600,2620,2575,2575,8096
2026-06-30,2575,2575,2430,2500,6817
2026-07-01,2500,2540,2455,2455,6010
2026-07-02,2455,2460,2355,2430,6980
2026-07-03,2400,2430,2355,2355,4866
2026-07-06,2355,2355,2195,2335,9970
2026-07-07,2305,2305,2160,2160,11552
2026-07-08,2000,2000,2000,2000,6010
2026-07-09,1850,1985,1850,1920,22833
2026-07-10,1900,2060,1900,2060,15169
2026-07-13,2210,2210,2210,2210,2714
2026-07-14,2375,2375,2375,2375,13087
2026-07-15,2550,2550,2495,2530,10595
2026-07-16,2520,2520,2345,2345,6261
2026-07-17,2170,2520,2170,2400,16842
2026-07-20,2250,2400,2250,2300,2943
2026-07-21,2300,2300,2135,2160,11976
2026-07-22,2170,2295,2170,2250,1340
2026-07-23,2295,2295,2200,2250,2394
2026-07-24,2250,2250,2190,2250,4484
2026-07-27,2250,2250,2200,2240,2348
2026-07-28,2235,2235,2145,2185,2614
2026-07-29,2190,2235,2190,2200,5018
2026-07-30,2200,2200,2185,2195,1750
2026-07-31,2200,2235,2190,2200,5877
2026-08-03,2200,2200,2100,2200,3414
2026-08-04,2200,2200,2105,2150,2266
2026-08-05,2150,2150,2075,2075,4894
2026-08-06,2075,2125,2075,2125,4737
2026-08-10,2195,2280,2190,2280,8372
2026-08-11,2450,2450,2300,2430,6068
2026-08-12,2430,2455,2355,2400,1713
2026-08-13,2400,2455,2400,2410,2912
2026-08-14,2430,2450,2430,2430,910
2026-08-17,2430,2430,2400,2410,3162
2026-08-18,2410,2425,2235,2390,1573
2026-08-19,2255,2390,2255,2350,1185
2026-08-20,2390,2390,2260,2380,2800
2026-08-21,2270,2370,2270,2370,1122
2026-08-24,2370,2380,2345,2380,3837
2026-08-26,2380,2380,2325,2365,2475
2026-08-27,2365,2365,2280,2365,8795
2026-08-28,2305,2355,2300,2310,906
2026-08-31,2310,2350,2300,2330,2649
2026-09-01,2350,2400,2350,2385,4502
2026-09-02,2390,2460,2390,2425,3891
2026-09-03,2450,2500,2400,2400,16264
2026-09-04,2400,2400,2310,2330,5112
2026-09-07,2330,2395,2285,2395,12721
2026-09-08,2395,2395,2335,2335,1393
2026-09-09,2335,2340,2305,2305,1342
2026-09-10,2305,2310,2285,2300,6711
2026-09-11,2330,2400,2200,2400,3670
2026-09-14,2400,2400,2255,2265,6672
2026-09-15,2265,2325,2265,2300,868
2026-09-16,2260,2310,2260,2270,2783
2026-09-17,2270,2280,2215,2215,4431
2026-09-18,2215,2215,2125,2175,1872
2026-09-21,2125,2175,2015,2030,5755
2026-09-22,2000,2010,1955,2000,7642
2026-09-23,1995,2000,1985,2000,2659
2026-09-24,1975,2090,1960,2090,1839
2026-09-25,2090,2180,1990,2000,8052
