Date,Open,High,Low,Close,Volume
1998-09-18,3480,3480,3480,3480,125
1998-09-23,3741,3741,3741,3741,400
1998-09-28,3751,3751,3751,3751,275
1998-10-02,4032,4032,4032,4032,10250
1998-10-05,4032,4032,4032,4032,3675
1998-10-07,4232,4232,4232,4232,100
1998-10-09,4000,4000,4000,4000,150
1998-10-14,4000,4000,4000,4000,25
1998-10-16,3720,3720,3720,3720,500
1998-10-19,3720,3720,3720,3720,125
1998-10-21,3720,3720,3720,3720,2250
1998-10-23,3600,3600,3600,3600,1450
1998-10-26,3600,3600,3600,3600,250
1998-10-28,3360,3360,3360,3360,1400
1998-10-30,3108,3108,3108,3108,175
1998-11-02,2875,2875,2875,2875,50
1998-11-04,2659,2659,2659,2659,125
1998-11-06,2600,2600,2600,2600,1375
1998-11-11,2405,2405,2405,2405,625
1998-11-20,2600,2600,2600,2600,200
1998-11-27,2795,2795,2795,2795,400
1998-12-16,2800,2800,2800,2800,375
1998-12-21,2880,2880,2880,2880,300
1998-12-23,2880,2880,2880,2880,19950
1998-12-30,2880,2880,2880,2880,1450
1999-01-13,2880,2880,2880,2880,750
1999-01-18,2880,2880,2880,2880,250
1999-01-22,2880,2880,2880,2880,550
1999-01-25,2880,2880,2880,2880,375
1999-02-03,2880,2880,2880,2880,3950
1999-02-05,2880,2880,2880,2880,1075
1999-02-10,2880,2880,2880,2880,475
1999-02-12,2880,2880,2880,2880,1875
1999-02-17,2880,2880,2880,2880,125
1999-02-24,3080,3080,3080,3080,775
1999-03-05,3080,3080,3080,3080,375
1999-03-19,3080,3080,3080,3080,200
1999-03-24,3080,3080,3080,3080,2000
1999-03-26,3200,3200,3200,3200,750
1999-04-02,3200,3200,3200,3200,350
1999-04-07,3200,3200,3200,3200,275
1999-04-21,3169,3169,3169,3169,200
1999-04-28,3120,3120,3120,3120,1950
1999-04-30,3100,3100,3100,3100,300
1999-05-26,2868,2868,2868,2868,4925
1999-05-28,2868,2868,2868,2868,75
1999-06-02,2858,2858,2858,2858,2500
1999-06-23,2752,2752,2752,2752,1750
1999-06-25,2740,2740,2740,2740,500
1999-06-30,2740,2740,2740,2740,125
1999-07-02,2740,2740,2740,2740,1250
1999-07-07,2740,2740,2740,2740,50
1999-07-12,2752,2752,2752,2752,675
1999-07-14,2800,2800,2800,2800,250
1999-07-16,2744,2744,2744,2744,375
1999-07-19,2720,2720,2720,2720,2500
1999-07-21,2712,2712,2712,2712,2500
1999-07-23,2720,2720,2720,2720,400
1999-07-26,2720,2720,2720,2720,4950
1999-08-06,2640,2640,2640,2640,200
1999-08-27,2600,2600,2600,2600,1250
1999-09-10,2560,2560,2560,2560,250
1999-09-17,2560,2560,2560,2560,100
1999-09-20,2560,2560,2560,2560,175
1999-10-01,2540,2540,2540,2540,200
1999-10-06,2540,2540,2540,2540,650
1999-10-08,2540,2540,2540,2540,100
1999-10-13,2540,2540,2540,2540,250
1999-10-15,2400,2400,2400,2400,1075
1999-10-20,2480,2480,2480,2480,625
1999-10-25,2520,2520,2520,2520,250
1999-10-27,2520,2520,2520,2520,1000
1999-10-29,2500,2500,2500,2500,2500
1999-11-03,2500,2500,2500,2500,225
1999-11-05,2480,2480,2480,2480,2075
1999-11-12,2480,2480,2480,2480,50
1999-11-17,2480,2480,2480,2480,400
1999-11-19,2480,2480,2480,2480,1500
1999-11-22,2480,2480,2480,2480,50
1999-11-26,2480,2480,2480,2480,150
1999-12-03,2404,2404,2404,2404,750
1999-12-10,2404,2404,2404,2404,275
1999-12-15,2440,2440,2440,2440,250
1999-12-17,2440,2440,2440,2440,625
1999-12-20,2440,2440,2440,2440,625
1999-12-29,2440,2440,2440,2440,1700
2000-01-05,2440,2440,2440,2440,125
2000-01-10,2440,2440,2440,2440,1225
2000-01-12,2440,2440,2440,2440,800
2000-01-14,2440,2440,2440,2440,500
2000-01-19,2440,2440,2440,2440,625
2000-01-21,2440,2440,2440,2440,250
2000-01-26,2420,2420,2420,2420,250
2000-02-04,2400,2400,2400,2400,225
2000-02-07,2400,2400,2400,2400,500
2000-02-09,2400,2400,2400,2400,1275
2000-02-11,2400,2400,2400,2400,500
2000-02-14,2400,2400,2400,2400,175
2000-02-18,2400,2400,2400,2400,50
2000-02-23,2400,2400,2400,2400,25
2000-02-25,2400,2400,2400,2400,375
2000-04-14,2300,2300,2300,2300,375
2000-04-28,2300,2300,2300,2300,50
2000-05-08,2300,2300,2300,2300,300
2000-05-12,2300,2300,2300,2300,500
2000-05-17,2300,2300,2300,2300,500
2000-05-22,2280,2280,2280,2280,1050
2000-05-24,2260,2260,2260,2260,200
2000-06-07,2300,2300,2300,2300,2850
2000-06-09,2300,2300,2300,2300,600
2000-06-30,2300,2300,2300,2300,500
2000-07-07,2300,2300,2300,2300,125
2000-07-10,2300,2300,2300,2300,275
2000-07-17,2120,2120,2120,2120,200
2000-07-19,2120,2120,2120,2120,750
2000-08-16,2000,2000,2000,2000,500
2000-08-18,2000,2000,2000,2000,625
2000-09-01,2000,2000,2000,2000,25
2000-09-06,2000,2000,2000,2000,50
2000-09-25,1992,1992,1992,1992,250
2000-10-20,1936,1936,1936,1936,400
2000-10-30,1936,1936,1936,1936,375
2000-11-03,1916,1916,1916,1916,1125
2000-11-06,1916,1916,1916,1916,100
2000-12-20,1916,1916,1916,1916,75
2001-01-10,1916,1916,1916,1916,200
2001-01-26,1880,1880,1880,1880,2500
2001-01-31,1860,1860,1860,1860,750
2001-02-09,1860,1860,1860,1860,100
2001-02-16,1856,1856,1856,1856,850
2001-03-26,1800,1800,1800,1800,200
2001-04-04,1800,1800,1800,1800,50
2001-07-23,1800,1800,1800,1800,125
2001-08-01,1780,1780,1780,1780,500
2001-08-03,1780,1780,1780,1780,50
2001-08-10,1780,1780,1780,1780,150
2001-08-17,1780,1780,1780,1780,225
2001-08-29,1780,1780,1780,1780,100
2001-09-26,1646,1646,1646,1646,450
2001-10-19,1600,1600,1600,1600,475
2001-10-24,1598,1598,1598,1598,250
2001-11-02,1598,1598,1598,1598,250
2001-11-05,1597,1597,1597,1597,250
2001-12-28,1597,1597,1597,1597,2000
2002-01-08,1478,1478,1478,1478,4375
2002-01-11,1478,1478,1478,1478,50
2002-03-06,1478,1478,1478,1478,25
2002-06-07,1367,1367,1367,1367,2500
2002-08-01,1264,1264,1264,1264,700
2002-08-05,1170,1170,1170,1170,4325
2002-08-06,1083,1083,1083,1083,775
2002-09-23,1060,1060,1060,1060,1250
2002-09-25,1020,1020,1020,1020,1000
2002-11-06,1000,1000,1000,1000,275
2003-06-16,980,980,980,980,200
2003-07-31,939,939,939,939,1250
2003-08-05,869,869,869,869,1675
2003-08-14,869,869,869,869,150
2003-08-22,869,869,869,869,1850
2003-08-25,868,868,868,868,3200
2003-09-08,868,868,868,868,1200
2003-09-26,868,868,868,868,3200
2003-09-29,868,868,868,868,1225
2003-09-30,868,868,868,868,475
2003-10-02,868,868,868,868,525
2003-10-09,868,868,868,868,225
2003-10-13,868,868,868,868,25
2003-10-24,860,860,860,860,250
2003-12-05,800,800,800,800,200
2004-01-14,740,740,740,740,7500
2004-01-15,690,690,690,690,1250
2004-01-16,690,690,690,690,3250
2004-01-19,690,690,690,690,1025
2004-01-23,690,690,690,690,400
2004-01-29,690,690,690,690,50
2004-02-09,690,690,690,690,200
2004-02-10,690,690,690,690,100
2004-02-23,690,690,690,690,1100
2004-02-24,690,690,690,690,1050
2004-03-09,690,690,690,690,300
2004-03-16,690,690,690,690,2175
2004-04-13,690,690,690,690,50
2004-04-16,690,690,690,690,450
2004-04-22,690,690,690,690,75
2004-04-29,690,690,690,690,150
2004-04-30,690,690,690,690,100
2004-05-10,690,690,690,690,25
2004-05-11,690,690,690,690,25
2004-05-14,690,690,690,690,175
2004-05-17,690,690,690,690,50
2004-05-19,690,690,690,690,50
2004-05-21,690,690,690,690,25
2004-05-28,690,690,690,690,25
2004-06-01,690,690,690,690,1450
2004-06-28,690,690,690,690,2225
2004-07-01,690,690,690,690,25
2004-07-12,690,690,690,690,250
2004-07-29,690,690,690,690,50
2004-08-16,680,680,680,680,500
2004-09-29,679,679,679,679,225
2005-10-18,640,640,640,640,525
2005-11-18,640,640,640,640,100
2006-04-20,640,640,640,640,25
2006-06-14,576,576,576,576,300
2007-01-18,576,576,576,576,50
2007-06-28,480,480,480,480,1900
2007-06-29,480,480,480,480,50
2007-07-13,480,480,480,480,50
2007-07-19,480,480,480,480,125
2007-07-23,480,480,480,480,5300
2007-07-24,480,480,480,480,500
2007-08-20,476,476,476,476,375
2007-08-22,460,460,460,460,225
2007-08-29,426,426,426,426,1000
2007-09-11,400,400,400,400,575
2007-09-12,400,400,400,400,12500
2007-09-13,400,400,400,400,2325
2007-09-19,400,400,400,400,725
2007-09-20,400,400,400,400,825
2007-09-24,400,400,400,400,375
2007-10-01,400,400,400,400,125
2007-12-05,400,400,400,400,9150
2007-12-10,420,420,420,420,500
2007-12-11,420,420,420,420,25
2007-12-13,420,420,420,420,100
2007-12-14,420,420,420,420,250
2007-12-21,440,440,440,440,500
2007-12-24,440,440,440,440,100
2007-12-26,440,440,440,440,750
2007-12-31,440,440,440,440,125
2008-01-04,441,441,441,441,1250
2008-01-10,472,472,472,472,3625
2008-01-14,507,507,507,507,1250
2008-01-16,545,545,545,545,2500
2008-01-17,584,584,584,584,1050
2008-01-18,624,624,624,624,875
2008-01-21,624,624,624,624,100
2008-01-23,624,624,624,624,375
2008-01-25,625,625,625,625,250
2008-01-29,672,672,672,672,1300
2008-01-30,720,720,720,720,625
2008-01-31,768,768,768,768,1250
2008-02-01,826,826,826,826,875
2008-02-04,880,880,880,880,825
2008-02-05,880,880,880,880,89675
2008-02-06,880,880,880,880,425
2008-03-13,814,814,814,814,1250
2008-04-30,696,696,696,696,250
2008-05-29,696,696,696,696,6450
2008-05-30,696,696,696,696,375
2008-06-03,696,696,696,696,500
2008-06-11,724,724,724,724,200
2008-06-17,724,724,724,724,35375
2008-06-18,724,724,724,724,57300
2008-06-19,778,778,778,778,2800
2008-06-20,836,836,836,836,250
2008-06-23,896,896,896,896,375
2008-06-24,896,896,896,896,1250
2008-06-25,896,896,896,896,75
2008-06-27,880,880,880,880,275
2008-07-01,944,944,944,944,300
2008-07-07,1015,1015,1015,1015,200
2008-07-09,1090,1090,1090,1090,1275
2008-07-10,1140,1140,1140,1140,250
2008-07-11,1160,1160,1160,1160,2750
2008-07-15,1208,1208,1208,1208,12125
2008-07-17,1208,1208,1208,1208,125
2008-07-22,1208,1208,1208,1208,1375
2008-08-01,1120,1120,1120,1120,225
2008-08-21,1112,1112,1112,1112,450
2008-08-22,1160,1160,1160,1160,1075
2008-08-25,1160,1160,1160,1160,175
2008-08-26,1160,1160,1160,1160,225
2008-08-28,1160,1160,1160,1160,250
2008-08-29,1160,1160,1160,1160,850
2008-09-09,1073,1073,1073,1073,250
2008-09-10,1040,1040,1040,1040,650
2008-09-12,1040,1040,1040,1040,300
2008-09-16,1000,1000,1000,1000,875
2008-09-22,1000,1000,1000,1000,500
2008-09-23,1000,1000,1000,1000,175
2008-09-24,1020,1020,1020,1020,575
2008-09-25,1000,1000,1000,1000,3800
2008-10-02,1000,1000,1000,1000,250
2008-10-15,1000,1000,1000,1000,250
2008-10-17,960,960,960,960,250
2008-10-28,960,960,960,960,525
2008-10-30,960,960,960,960,250
2008-11-04,960,960,960,960,100
2009-01-27,919,919,919,919,300
2009-02-04,916,916,916,916,250
2009-06-03,916,916,916,916,50
2009-06-26,916,916,916,916,50
2009-07-01,880,880,880,880,200
2009-07-16,880,880,880,880,50
2009-07-23,880,880,880,880,125
2009-08-12,796,796,796,796,300
2009-08-17,736,736,736,736,425
2009-09-10,720,720,720,720,225
2009-09-23,720,720,720,720,125
2009-09-25,720,720,720,720,25
2010-01-21,600,600,600,600,825
2010-01-22,592,592,592,592,725
2010-03-05,469,469,469,469,200
2010-03-10,468,468,468,468,500
2010-03-18,468,468,468,468,200
2010-04-16,468,468,468,468,50
2010-04-27,468,468,468,468,25
2010-05-05,468,468,468,468,50
2010-05-07,468,468,468,468,25
2010-05-11,468,468,468,468,50
2010-05-19,468,468,468,468,25
2010-05-21,468,468,468,468,25
2010-05-26,468,468,468,468,25
2010-06-01,468,468,468,468,750
2010-06-02,468,468,468,468,200
2010-06-04,468,468,468,468,75
2010-06-15,468,468,468,468,50
2010-06-16,468,468,468,468,775
2010-06-22,468,468,468,468,25
2010-06-24,468,468,468,468,125
2010-06-28,468,468,468,468,100
2010-07-01,468,468,468,468,250
2010-07-14,468,468,468,468,25
2010-07-29,433,433,433,433,250
2010-08-16,420,420,420,420,2375
2010-08-18,420,420,420,420,22500
2010-09-07,400,400,400,400,750
2010-09-09,370,370,370,370,250
2010-09-28,370,370,370,370,175
2010-09-30,370,370,370,370,300
2010-10-05,370,370,370,370,175
2010-10-21,400,400,400,400,250
2010-10-29,370,370,370,370,850
2010-11-12,370,370,370,370,375
2010-12-10,370,370,370,370,750
2010-12-22,370,370,370,370,25
2011-01-27,370,370,370,370,50
2011-07-12,370,370,370,370,75
2011-07-14,370,370,370,370,175
2011-07-26,370,370,370,370,75
2011-08-02,370,370,370,370,50
2011-08-03,370,370,370,370,25
2011-08-04,370,370,370,370,125
2011-08-05,370,370,370,370,250
2011-08-16,370,370,370,370,75
2011-08-22,370,370,370,370,50
2011-09-06,342,342,342,342,8775
2011-09-14,317,317,317,317,250
2011-09-23,300,300,300,300,1000
2011-09-30,280,280,280,280,1125
2011-10-03,280,280,280,280,2650
2011-10-05,280,280,280,280,2750
2011-10-07,280,280,280,280,825
2011-10-27,280,280,280,280,375
2011-10-28,296,296,296,296,250
2011-11-04,296,296,296,296,50
2011-11-11,296,296,296,296,675
2011-11-18,280,280,280,280,225
2011-11-28,276,276,276,276,400
2011-12-07,296,296,296,296,725
2011-12-09,296,296,296,296,1400
2011-12-12,296,296,296,296,350
2011-12-14,296,296,296,296,425
2011-12-27,318,318,318,318,1600
2012-01-11,360,360,360,360,275
2012-01-18,387,387,387,387,575
2012-01-19,387,387,387,387,875
2012-01-27,387,387,387,387,1250
2012-01-30,387,387,387,387,1375
2012-02-03,378,378,378,378,325
2012-02-07,350,350,350,350,450
2012-02-08,324,324,324,324,350
2012-02-10,320,320,320,320,500
2012-02-14,320,320,320,320,125
2012-02-15,320,320,320,320,100
2012-02-20,296,296,296,296,250
2012-02-22,296,296,296,296,125
2012-02-28,280,280,280,280,1000
2012-03-01,280,280,280,280,675
2012-03-02,280,280,280,280,100
2012-03-07,280,280,280,280,1500
2012-03-13,259,259,259,259,200
2012-03-15,259,259,259,259,1300
2012-03-21,259,259,259,259,800
2012-03-27,259,259,259,259,1625
2012-03-28,258,258,258,258,500
2012-03-29,258,258,258,258,750
2012-04-02,259,259,259,259,775
2012-04-03,259,259,259,259,775
2012-04-04,259,259,259,259,1250
2012-05-15,299,299,299,299,750
2012-05-18,300,300,300,300,750
2012-05-30,300,300,300,300,75
2012-05-31,300,300,300,300,1750
2012-06-01,300,300,300,300,25
2012-06-04,300,300,300,300,750
2012-06-05,280,280,280,280,200
2012-06-07,300,300,300,300,1250
2012-06-08,300,300,300,300,250
2012-06-11,300,300,300,300,75
2012-06-13,300,300,300,300,275
2012-06-14,300,300,300,300,525
2012-06-21,320,320,320,320,250
2012-06-25,320,320,320,320,175
2012-06-26,320,320,320,320,250
2012-06-28,320,320,320,320,100
2012-06-29,320,320,320,320,75
2012-07-06,300,300,300,300,1750
2012-07-09,300,300,300,300,500
2012-07-11,300,300,300,300,250
2012-07-12,280,280,280,280,1725
2012-07-16,259,259,259,259,250
2012-07-23,278,278,278,278,275
2012-07-24,278,278,278,278,500
2012-07-26,298,298,298,298,300
2012-07-27,298,298,298,298,1000
2012-07-30,298,298,298,298,525
2012-08-01,298,298,298,298,75
2012-08-09,298,298,298,298,425
2012-08-10,298,298,298,298,75
2012-08-28,298,298,298,298,25
2012-08-29,298,298,298,298,250
2012-08-30,298,298,298,298,50
2012-09-04,298,298,298,298,250
2012-09-12,276,276,276,276,425
2012-09-19,276,276,276,276,50
2012-09-21,288,288,288,288,400
2012-09-24,276,276,276,276,375
2012-10-02,276,276,276,276,250
2012-10-05,276,276,276,276,275
2012-10-10,280,280,280,280,400
2012-10-11,280,280,280,280,600
2012-10-19,280,280,280,280,250
2012-10-22,276,276,276,276,500
2012-10-24,276,276,276,276,1250
2012-10-25,276,276,276,276,25
2012-10-30,276,276,276,276,125
2012-10-31,276,276,276,276,600
2012-11-05,256,256,256,256,250
2012-11-06,256,256,256,256,75
2012-11-08,256,256,256,256,325
2012-11-14,256,256,256,256,8975
2012-11-16,275,275,275,275,950
2012-11-19,280,280,280,280,1100
2012-11-20,280,280,280,280,1000
2012-11-27,280,280,280,280,750
2012-11-28,280,280,280,280,1000
2012-12-04,280,280,280,280,250
2012-12-07,280,280,280,280,1000
2012-12-17,259,259,259,259,325
2012-12-18,240,240,240,240,2200
2012-12-21,240,240,240,240,1325
2013-01-10,240,240,240,240,25
2013-01-16,240,240,240,240,200
2013-01-17,240,240,240,240,1050
2013-01-21,240,240,240,240,1000
2013-01-22,240,240,240,240,4300
2013-01-28,240,240,240,240,175
2013-01-30,240,240,240,240,875
2013-03-26,258,258,258,258,200
2013-03-29,277,277,277,277,200
2013-04-11,280,280,280,280,250
2013-05-07,301,301,301,301,250
2013-05-08,322,322,322,322,250
2013-05-10,346,346,346,346,2150
2013-05-13,372,372,372,372,250
2013-05-14,400,400,400,400,1375
2013-05-15,400,400,400,400,975
2013-05-16,400,400,400,400,150
2013-05-17,428,428,428,428,2500
2013-05-22,460,460,460,460,250
2013-05-23,460,460,460,460,8425
2013-05-24,494,494,494,494,250
2013-05-28,530,530,530,530,250
2013-05-29,570,570,570,570,800
2013-05-30,612,612,612,612,300
2013-05-31,658,658,658,658,250
2013-06-03,707,707,707,707,1825
2013-06-04,760,760,760,760,250
2013-06-05,817,817,817,817,200
2013-06-06,878,878,878,878,250
2013-06-07,944,944,944,944,450
2013-06-10,1014,1014,1014,1014,7775
2013-06-11,1090,1090,1090,1090,700
2013-06-12,1172,1172,1172,1172,10750
2013-06-13,1196,1196,1196,1196,250
2013-06-18,1106,1106,1106,1106,1375
2013-06-19,1080,1080,1080,1080,500
2013-06-20,999,999,999,999,2650
2013-06-21,999,999,999,999,25
2013-06-25,999,999,999,999,75
2013-06-26,960,960,960,960,1075
2013-06-28,888,888,888,888,250
2013-07-01,880,880,880,880,1550
2013-07-02,814,814,814,814,1800
2013-07-03,753,753,753,753,575
2013-07-05,809,809,809,809,325
2013-07-08,870,870,870,870,2200
2013-07-15,899,899,899,899,225
2013-07-16,966,966,966,966,2425
2013-07-22,968,968,968,968,1250
2013-07-23,968,968,968,968,25
2013-07-25,968,968,968,968,25
2013-07-26,968,968,968,968,175
2013-08-05,1040,1040,1040,1040,250
2013-08-16,1118,1118,1118,1118,250
2013-08-19,1160,1160,1160,1160,1350
2013-08-20,1160,1160,1160,1160,1325
2013-08-21,1160,1160,1160,1160,125
2013-08-22,1160,1160,1160,1160,7400
2013-08-23,1160,1160,1160,1160,5275
2013-08-26,1160,1160,1160,1160,1850
2013-08-27,1160,1160,1160,1160,5575
2013-08-28,1160,1160,1160,1160,5000
2013-08-30,1160,1160,1160,1160,2750
2013-09-03,1160,1160,1160,1160,1625
2013-09-04,1160,1160,1160,1160,875
2013-09-06,1160,1160,1160,1160,5000
2013-09-09,1160,1160,1160,1160,600
2013-09-11,1200,1200,1200,1200,250
2013-09-12,1200,1200,1200,1200,250
2013-09-13,1200,1200,1200,1200,250
2013-09-18,1160,1160,1110,1110,50
2013-09-20,1160,1160,1160,1160,100
2013-09-23,1160,1160,1160,1160,175
2013-09-25,1160,1160,1160,1160,75
2013-09-26,1200,1200,1200,1200,1050
2013-09-30,1200,1200,1200,1200,100
2013-10-02,1200,1200,1200,1200,1500
2013-10-03,1200,1200,1200,1200,75
2013-10-08,1200,1200,1160,1160,2950
2013-10-11,1160,1160,1160,1160,4525
2013-10-14,1240,1240,1240,1240,475
2013-10-16,1280,1280,1280,1280,2200
2013-10-17,1280,1280,1280,1280,75
2013-10-21,1200,1200,1200,1200,200
2013-10-22,1280,1280,1280,1280,1750
2013-10-25,1200,1360,1200,1360,500
2013-10-28,1280,1280,1280,1280,100
2013-11-04,1184,1184,1184,1184,1175
2013-11-05,1184,1184,1184,1184,75
2013-11-06,1184,1200,1184,1200,350
2013-11-08,1184,1184,1184,1184,250
2013-11-14,1184,1184,1184,1184,700
2013-11-18,1200,1272,1200,1272,1125
2013-11-21,1280,1367,1280,1367,1975
2013-11-22,1470,1470,1367,1367,500
2013-11-25,1367,1440,1340,1440,2750
2013-11-27,1440,1440,1440,1440,400
2013-11-28,1440,1440,1440,1440,175
2013-12-02,1440,1440,1440,1440,200
2013-12-03,1360,1360,1360,1360,500
2013-12-04,1440,1440,1440,1440,25
2013-12-05,1440,1440,1440,1440,625
2013-12-06,1420,1420,1420,1420,5025
2013-12-10,1440,1441,1440,1440,10125
2013-12-11,1440,1440,1440,1440,275
2013-12-12,1440,1440,1440,1440,725
2013-12-16,1480,1480,1480,1480,125
2013-12-17,1420,1420,1420,1420,375
2013-12-18,1420,1490,1420,1490,150
2013-12-23,1484,1484,1484,1484,725
2013-12-26,1520,1520,1520,1520,500
2013-12-27,1560,1560,1560,1560,750
2014-01-02,1580,1580,1580,1580,475
2014-01-03,1576,1576,1576,1576,1125
2014-01-06,1576,1576,1576,1576,50
2014-01-08,1576,1680,1576,1680,6500
2014-01-10,1660,1660,1660,1660,1000
2014-01-14,1680,1680,1660,1660,675
2014-01-16,1660,1660,1660,1660,125
2014-01-20,1660,1660,1660,1660,300
2014-01-21,1660,1660,1660,1660,10100
2014-01-24,1640,1660,1640,1660,1400
2014-01-27,1660,1660,1660,1660,1150
2014-01-28,1660,1660,1660,1660,100
2014-01-29,1660,1660,1660,1660,11800
2014-01-30,1660,1660,1660,1660,100
2014-02-05,1582,1582,1560,1560,125
2014-02-10,1660,1660,1660,1660,50
2014-02-11,1660,1660,1660,1660,75
2014-02-14,1660,1660,1627,1640,23850
2014-02-20,1700,1700,1700,1700,25
2014-02-21,1640,1640,1640,1640,25
2014-02-24,1700,1700,1700,1700,225
2014-03-13,1680,1680,1680,1680,25
2014-03-14,1680,1680,1680,1680,25
2014-03-20,1560,1640,1560,1640,400
2014-03-27,1640,1640,1640,1640,250
2014-03-31,1640,1680,1640,1680,4000
2014-04-03,1680,1680,1680,1680,75
2014-04-04,1560,1560,1560,1560,125
2014-04-07,1560,1560,1560,1560,50
2014-04-09,1640,1640,1640,1640,7475
2014-04-10,1680,1680,1680,1680,625
2014-04-14,1680,1720,1680,1720,1250
2014-04-15,1686,1720,1686,1720,550
2014-04-16,1720,1720,1720,1720,575
2014-04-22,1640,1640,1591,1591,2525
2014-04-23,1591,1680,1591,1680,1225
2014-04-24,1554,1554,1554,1554,1275
2014-04-25,1438,1438,1438,1438,1250
2014-04-28,1330,1330,1330,1330,1375
2014-04-29,1230,1230,1230,1230,1325
2014-04-30,1230,1230,1230,1230,75
2014-05-02,1240,1240,1240,1240,550
2014-05-05,1240,1260,1240,1240,900
2014-05-07,1240,1240,1240,1240,250
2014-05-08,1240,1240,1240,1240,75
2014-05-09,1240,1240,1240,1240,3750
2014-05-12,1330,1330,1330,1330,125
2014-05-13,1240,1240,1240,1240,2150
2014-05-14,1244,1244,1240,1240,200
2014-05-16,1332,1332,1332,1332,50
2014-05-19,1332,1332,1332,1332,1125
2014-05-20,1332,1428,1332,1428,1325
2014-05-22,1520,1535,1520,1535,8500
2014-05-23,1640,1640,1640,1640,750
2014-05-26,1640,1640,1640,1640,3225
2014-05-27,1640,1640,1640,1640,125
2014-05-30,1640,1640,1640,1640,500
2014-06-02,1600,1600,1600,1600,50
2014-06-03,1600,1600,1600,1600,25
2014-06-05,1600,1600,1600,1600,250
2014-06-06,1600,1600,1600,1600,375
2014-06-11,1568,1568,1568,1568,50
2014-06-17,1568,1568,1568,1568,575
2014-06-18,1580,1580,1580,1580,50
2014-06-20,1600,1600,1600,1600,100
2014-06-23,1600,1600,1600,1600,100
2014-06-25,1568,1568,1568,1568,175
2014-06-26,1568,1568,1568,1568,25
2014-06-30,1560,1560,1560,1560,75
2014-07-07,1520,1520,1520,1520,125
2014-07-08,1406,1406,1406,1406,1500
2014-07-17,1302,1400,1302,1400,3925
2014-07-18,1400,1400,1300,1320,1125
2014-07-21,1280,1280,1280,1280,450
2014-07-22,1280,1280,1280,1280,600
2014-07-29,1376,1376,1376,1376,2425
2014-07-30,1479,1479,1479,1479,10075
2014-07-31,1380,1500,1380,1500,1875
2014-08-01,1500,1500,1500,1500,1575
2014-08-04,1500,1500,1500,1500,2750
2014-08-06,1440,1440,1440,1440,100
2014-08-08,1440,1480,1440,1480,275
2014-08-12,1480,1500,1480,1500,125
2014-08-14,1480,1500,1480,1500,3000
2014-08-18,1480,1480,1480,1480,250
2014-08-19,1480,1480,1480,1480,250
2014-08-21,1498,1498,1488,1488,75
2014-08-28,1400,1400,1400,1400,50
2014-09-01,1400,1400,1400,1400,125
2014-09-05,1498,1498,1400,1400,875
2014-09-08,1500,1500,1500,1500,1000
2014-09-09,1500,1500,1500,1500,1450
2014-09-16,1440,1440,1400,1400,125
2014-09-17,1400,1400,1400,1400,50
2014-09-18,1400,1400,1400,1400,2500
2014-09-19,1504,1504,1504,1504,25
2014-09-23,1500,1500,1500,1500,25
2014-09-24,1500,1500,1500,1500,25
2014-09-26,1500,1500,1420,1420,1175
2014-09-29,1424,1424,1420,1420,950
2014-10-02,1448,1448,1448,1448,25
2014-10-07,1448,1448,1448,1448,1150
2014-10-08,1452,1452,1452,1452,25
2014-10-09,1452,1452,1408,1408,350
2014-10-16,1340,1340,1340,1340,50
2014-10-17,1340,1340,1340,1340,325
2014-10-20,1340,1340,1340,1340,25
2014-10-21,1340,1340,1340,1340,250
2014-10-22,1340,1340,1340,1340,75
2014-10-23,1340,1340,1340,1340,25
2014-10-27,1320,1320,1316,1316,8275
2014-10-30,1414,1414,1400,1414,24625
2014-10-31,1520,1520,1520,1520,5000
2014-11-04,1520,1560,1520,1560,2525
2014-11-05,1520,1520,1520,1520,25
2014-11-07,1550,1550,1550,1550,1450
2014-11-11,1581,1581,1581,1581,750
2014-11-12,1581,1581,1581,1581,200
2014-11-13,1600,1600,1600,1600,7500
2014-11-14,1520,1520,1520,1520,50
2014-11-17,1600,1600,1600,1600,5150
2014-11-19,1600,1600,1600,1600,300
2014-11-24,1640,1640,1640,1640,7825
2014-11-25,1640,1640,1640,1640,75
2014-11-26,1640,1640,1640,1640,1725
2014-11-28,1600,1640,1600,1640,50
2014-12-02,1640,1640,1640,1640,50
2014-12-03,1600,1600,1600,1600,125
2014-12-04,1600,1600,1600,1600,1125
2014-12-05,1600,1600,1600,1600,125
2014-12-08,1600,1600,1600,1600,10025
2014-12-09,1600,1600,1600,1600,375
2014-12-10,1520,1600,1520,1600,1625
2014-12-11,1520,1520,1520,1520,275
2014-12-12,1520,1620,1520,1620,500
2014-12-15,1600,1620,1600,1620,300
2014-12-19,1600,1600,1600,1600,125
2014-12-22,1600,1620,1600,1600,800
2014-12-23,1600,1600,1600,1600,50
2014-12-26,1600,1600,1600,1600,125
2014-12-29,1600,1620,1600,1620,875
2014-12-30,1600,1600,1600,1600,500
2015-01-05,1620,1620,1620,1620,375
2015-01-06,1600,1600,1600,1600,425
2015-01-08,1620,1620,1600,1600,1075
2015-01-13,1600,1600,1600,1600,1325
2015-01-14,1600,1600,1600,1600,850
2015-01-16,1600,1600,1600,1600,1150
2015-01-19,1480,1480,1480,1480,625
2015-01-20,1480,1480,1480,1480,25
2015-01-21,1480,1480,1480,1480,50
2015-01-29,1520,1520,1520,1520,25
2015-01-30,1600,1600,1600,1600,300
2015-02-04,1640,1680,1640,1680,75
2015-02-06,1700,1700,1700,1700,250
2015-02-10,1640,1640,1640,1640,50
2015-02-11,1640,1640,1640,1640,1250
2015-02-13,1620,1640,1620,1640,12750
2015-02-16,1700,1700,1700,1700,75
2015-02-17,1700,1700,1700,1700,150
2015-02-19,1700,1700,1700,1700,1250
2015-02-23,1700,1700,1700,1700,775
2015-02-24,1640,1640,1620,1640,3800
2015-02-25,1640,1700,1640,1700,475
2015-02-26,1640,1640,1640,1640,75
2015-02-27,1640,1640,1640,1640,325
2015-03-02,1640,1700,1640,1700,525
2015-03-03,1827,1827,1827,1827,250
2015-03-04,1964,1964,1964,1964,250
2015-03-05,2112,2112,2112,2112,250
2015-03-06,2270,2270,2270,2270,21375
2015-03-09,2440,2440,2440,2440,5700
2015-03-10,2391,2623,2391,2623,8375
2015-03-11,2820,2820,2780,2820,50750
2015-03-12,2800,2800,2608,2608,300
2015-03-13,2800,2800,2800,2800,1075
2015-03-16,2800,2800,2800,2800,1725
2015-03-17,2800,2800,2800,2800,150
2015-03-18,2800,2800,2800,2800,15850
2015-03-19,2800,2800,2800,2800,325
2015-03-20,2960,2960,2900,2900,625
2015-03-23,2900,2900,2804,2804,2350
2015-03-24,2808,2808,2800,2800,7075
2015-03-25,2800,2800,2800,2800,100
2015-03-26,2800,2800,2800,2800,1150
2015-03-27,2800,2800,2800,2800,375
2015-03-30,2800,2800,2800,2800,2025
2015-03-31,2800,2800,2798,2798,2400
2015-04-01,2780,2796,2780,2796,7675
2015-04-02,2800,2800,2796,2800,2775
2015-04-03,2800,2800,2760,2760,4800
2015-04-08,2774,2774,2774,2774,250
2015-04-09,2566,2566,2566,2566,2150
2015-04-10,2566,2566,2566,2566,175
2015-04-13,2566,2566,2566,2566,75
2015-04-16,2488,2488,2400,2400,100625
2015-04-17,2580,2580,2580,2580,250
2015-04-20,2580,2772,2580,2772,200
2015-04-21,2760,2760,2756,2756,16200
2015-04-22,2756,2800,2756,2800,4900
2015-04-23,2920,2920,2920,2920,325
2015-04-24,2920,2960,2920,2960,5100
2015-04-27,3000,3120,2966,3060,18450
2015-04-28,3000,3080,3000,3000,16725
2015-04-29,3060,3120,3060,3080,14025
2015-04-30,3300,3311,3300,3311,17335
2015-05-04,3559,3559,3500,3500,4810
2015-05-05,3762,3762,3762,3762,17315
2015-05-06,4044,4044,3826,3920,6970
2015-05-07,4000,4000,3900,3990,10725
2015-05-08,4000,4000,3918,3918,4280
2015-05-11,3918,3920,3800,3800,11475
2015-05-12,3700,3700,3600,3600,1905
2015-05-13,3540,3600,3540,3540,6720
2015-05-15,3510,3690,3500,3680,3360
2015-05-18,3700,3700,3600,3600,820
2015-05-19,3500,3501,3500,3500,3465
2015-05-20,3762,3762,3700,3700,2890
2015-05-21,3700,3800,3700,3800,425
2015-05-22,3910,4000,3802,4000,5735
2015-05-26,3800,4001,3800,4000,1980
2015-05-27,4000,4300,4000,4300,9940
2015-05-28,4400,4622,4100,4620,57410
2015-05-29,4966,4966,4960,4966,12030
2015-06-01,5020,5200,4966,4966,28710
2015-06-02,4980,5338,4980,5200,1285
2015-06-03,5300,5320,5200,5200,2000
2015-06-04,5200,5338,5200,5338,2095
2015-06-05,5338,5338,5338,5338,1850
2015-06-08,5400,5500,5131,5131,1150
2015-06-09,5233,5515,5233,5515,1135
2015-06-10,5515,5928,5515,5928,53770
2015-06-11,5927,6280,5927,6200,38425
2015-06-12,6360,6360,6200,6200,1835
2015-06-15,6390,6665,6361,6650,33315
2015-06-16,7000,7000,6800,6800,1515
2015-06-17,6720,6720,6360,6360,1005
2015-06-18,6200,6200,5883,5883,27095
2015-06-19,5442,6000,5442,5700,12760
2015-06-22,5400,5600,5400,5600,390
2015-06-23,5580,5712,5400,5400,12170
2015-06-24,5400,5450,5300,5400,5495
2015-06-25,5299,5400,5299,5400,2715
2015-06-26,5400,5400,5300,5400,3855
2015-06-29,5400,5400,5300,5400,475
2015-06-30,5400,5400,5200,5200,1300
2015-07-01,5300,5300,5200,5298,715
2015-07-02,5298,5400,5297,5400,2080
2015-07-03,5400,5400,5298,5400,470
2015-07-06,5400,5400,5400,5400,1930
2015-07-07,5400,5500,5400,5500,530
2015-07-08,5500,5500,5400,5400,400
2015-07-09,5400,5500,5400,5500,475
2015-07-10,5500,5500,5400,5500,2900
2015-07-13,5500,5500,5480,5500,1405
2015-07-15,5500,5500,5300,5400,1475
2015-07-16,5499,5500,5499,5500,285
2015-07-20,5600,5800,5600,5600,2700
2015-07-21,5600,5600,5503,5600,2615
2015-07-22,5700,5700,5420,5500,4505
2015-07-23,5460,5600,5400,5500,390
2015-07-24,5500,5500,5220,5400,4290
2015-07-27,5400,5400,5000,5400,122390
2015-07-28,5400,5400,5300,5400,730
2015-07-29,5300,5400,5000,5400,43885
2015-07-30,5400,5400,5200,5200,2375
2015-07-31,5000,5300,5000,5000,18000
2015-08-03,5100,5200,5100,5200,4275
2015-08-04,5200,5400,5200,5200,3080
2015-08-05,5400,5400,5200,5400,1915
2015-08-06,5400,5700,5400,5500,625
2015-08-10,5600,5600,5400,5490,1980
2015-08-11,5490,5490,5420,5490,555
2015-08-12,5490,5580,5200,5580,87960
2015-08-13,5570,5580,5560,5580,1090
2015-08-14,5560,5580,5520,5520,900
2015-08-17,5580,5580,5540,5540,425
2015-08-18,5570,5580,5500,5500,3285
2015-08-19,5520,5520,5500,5520,480
2015-08-20,5520,5520,5502,5502,735
2015-08-21,5520,5520,5519,5520,1655
2015-08-24,5520,5520,5500,5520,950
2015-08-25,5520,5520,5500,5500,985
2015-08-26,5500,5510,5200,5500,92755
2015-08-27,5500,5500,5440,5440,315
2015-08-28,5440,5440,5420,5420,510
2015-08-31,5440,5520,5440,5520,3865
2015-09-01,5441,5500,5440,5500,240
2015-09-02,5520,5520,5520,5520,115
2015-09-03,5520,5520,5520,5520,355
2015-09-04,5500,5500,5500,5500,450
2015-09-07,5500,5500,5500,5500,1230
2015-09-08,5440,5440,5400,5400,2870
2015-09-09,5439,5440,5401,5440,405
2015-09-10,5419,5500,5419,5440,790
2015-09-11,5441,5441,5300,5440,50140
2015-09-14,5440,5500,5440,5500,450
2015-09-15,5450,5500,5440,5500,320
2015-09-16,5401,5900,5401,5900,29125
2015-09-17,5700,5700,5458,5458,89850
2015-09-18,5500,5860,5458,5860,70020
2015-09-21,5800,5800,5800,5800,500
2015-09-22,5790,6060,5790,6060,3500
2015-09-23,5900,5900,5606,5900,129225
2015-09-25,5541,5541,5500,5500,62725
2015-09-28,5800,5900,5500,5600,12525
2015-09-29,5890,5890,5701,5701,210
2015-09-30,6128,6128,6128,6128,62075
2015-10-01,6587,6587,6200,6587,57755
2015-10-02,7081,7081,6590,6600,16530
2015-10-05,6600,6600,6399,6399,3565
2015-10-06,6378,6379,6000,6000,370
2015-10-07,6200,6200,6000,6178,4095
2015-10-08,6178,6180,6000,6000,400
2015-10-09,6000,6000,5799,5799,555
2015-10-12,5799,5799,5600,5759,2580
2015-10-13,5700,5800,5700,5800,20550
2015-10-14,5800,5900,5799,5900,1000
2015-10-15,5880,5880,5600,5880,15395
2015-10-16,5800,5800,5600,5700,6680
2015-10-19,5720,5799,5700,5700,245
2015-10-21,5700,5799,5700,5799,1360
2015-10-22,5799,5899,5799,5800,21160
2015-10-23,5900,5900,5800,5900,8025
2015-10-26,5900,5900,5800,5800,875
2015-10-27,5801,5900,5800,5900,4550
2015-10-28,5898,5898,5710,5710,5995
2015-10-29,5700,5800,5700,5800,1925
2015-10-30,5740,5740,5720,5720,50
2015-11-02,5700,5800,5620,5621,155
2015-11-03,5640,5799,5640,5799,4660
2015-11-04,5800,5800,5800,5800,1770
2015-11-05,5800,5800,5800,5800,1655
2015-11-06,5720,5800,5640,5800,405
2015-11-09,5800,5800,5700,5701,925
2015-11-10,5780,5780,5701,5720,415
2015-11-11,5780,5780,5701,5701,4345
2015-11-12,5779,5779,5760,5779,150
2015-11-13,5700,5700,5600,5640,3950
2015-11-16,5640,5640,5401,5401,1525
2015-11-17,5400,5700,5400,5700,3490
2015-11-18,5690,5690,5501,5600,840
2015-11-19,5600,5665,5600,5600,1260
2015-11-20,5660,5660,5500,5500,755
2015-11-23,5600,5600,5500,5500,8895
2015-11-24,5460,5500,5460,5500,125
2015-11-25,5600,5600,5500,5500,885
2015-11-26,5500,5500,5440,5500,495
2015-11-27,5500,5500,5400,5400,2245
2015-11-30,5400,5480,5340,5400,33975
2015-12-01,5420,5420,5360,5400,1850
2015-12-02,5400,5600,5400,5600,715
2015-12-03,5600,5600,5300,5300,6115
2015-12-04,5600,5600,5500,5600,70
2015-12-07,5600,5600,5480,5480,400
2015-12-08,5480,5480,5480,5480,35
2015-12-09,5400,5480,5400,5480,1385
2015-12-10,5400,5400,5280,5280,91950
2015-12-11,5280,5340,5279,5280,2035
2015-12-14,5280,5320,5200,5320,4790
2015-12-15,5320,5320,5320,5320,310
2015-12-16,5320,5600,5280,5600,3020
2015-12-17,5600,5600,5420,5598,535
2015-12-18,5600,5601,5600,5600,1065
2015-12-21,5280,5280,5280,5280,250
2015-12-22,5300,5660,5300,5660,675
2015-12-28,5660,5660,5600,5600,730
2015-12-29,5600,5660,5440,5600,200
2015-12-30,5600,5780,5600,5779,2075
2015-12-31,5720,5720,5720,5720,555
2016-01-04,5780,5780,5700,5700,265
2016-01-05,5700,5700,5600,5700,785
2016-01-06,5600,5600,5500,5500,560
2016-01-07,5500,5500,5400,5499,5235
2016-01-08,5499,5499,5400,5400,295
2016-01-11,5599,5600,5400,5400,510
2016-01-12,5440,5700,5400,5400,3330
2016-01-13,5500,5500,5400,5420,395
2016-01-14,5401,5500,5401,5500,780
2016-01-15,5500,5540,5400,5401,6165
2016-01-18,5500,5500,5300,5400,1820
2016-01-19,5420,5500,5400,5500,725
2016-01-20,5490,5500,5420,5500,360
2016-01-21,5421,5500,5420,5500,3920
2016-01-22,5500,5500,5500,5500,4735
2016-01-25,5420,5600,5400,5600,3570
2016-01-26,5511,5600,5511,5600,340
2016-01-27,5600,5601,5500,5601,183145
2016-01-28,5601,5720,5600,5720,65450
2016-01-29,5700,5700,5700,5700,150
2016-02-01,5700,5700,5630,5630,12995
2016-02-02,5620,5720,5620,5630,1640
2016-02-03,5630,5630,5603,5630,1605
2016-02-04,5610,5610,5402,5402,70105
2016-02-05,5629,5640,5629,5629,85
2016-02-08,5700,5720,5629,5629,65
2016-02-09,5720,5720,5700,5720,945
2016-02-10,5700,5720,5600,5720,3375
2016-02-11,5720,5720,5720,5720,1200
2016-02-12,5800,5800,5600,5600,138315
2016-02-15,5700,5700,5690,5700,470
2016-02-16,5700,5700,5600,5620,1795
2016-02-17,5620,5699,5620,5699,410
2016-02-18,5700,5700,5690,5690,2410
2016-02-19,5671,5680,5600,5602,1195
2016-02-22,5602,5670,5602,5612,510
2016-02-23,5650,5670,5620,5670,805
2016-02-24,5670,5700,5620,5699,7190
2016-02-25,5670,5699,5670,5699,135
2016-02-26,5700,5700,5700,5700,12760
2016-02-29,5700,5700,5620,5699,6565
2016-03-01,5799,5799,5660,5699,455
2016-03-02,5700,5700,5600,5700,39325
2016-03-03,5700,5800,5699,5699,1225
2016-03-04,5700,5700,5680,5700,570
2016-03-07,5700,5700,5700,5700,170
2016-03-08,5800,5800,5700,5700,920
2016-03-09,5681,5800,5681,5700,225
2016-03-10,5700,5700,5700,5700,1595
2016-03-11,5700,5740,5700,5740,725
2016-03-14,5702,5702,5700,5700,975
2016-03-15,5720,5720,5701,5701,80
2016-03-16,6100,6100,5702,5720,795
2016-03-17,5720,6099,5720,6099,1490
2016-03-18,5800,5802,5800,5800,380
2016-03-21,6100,6100,5800,5800,1820
2016-03-22,5800,6080,5800,6080,270
2016-03-23,6000,6000,6000,6000,70
2016-03-24,6010,6100,5899,5899,9830
2016-03-25,5798,5900,5798,5800,46455
2016-03-29,5800,5800,5700,5700,6245
2016-03-30,5700,5700,5600,5700,4835
2016-03-31,5600,5760,5600,5700,4280
2016-04-01,5700,5700,5700,5700,11665
2016-04-04,5700,5760,5700,5750,5955
2016-04-05,5750,5800,5750,5800,8380
2016-04-06,5800,5800,5700,5800,2470
2016-04-07,5780,5780,5779,5780,3075
2016-04-08,5742,5970,5742,5970,4780
2016-04-11,5800,5970,5800,5970,8295
2016-04-12,6000,6000,5800,5800,1285
2016-04-13,5801,5801,5799,5799,1410
2016-04-14,5781,5950,5781,5949,280
2016-04-15,5802,5940,5801,5900,1480
2016-04-18,5900,5900,5782,5782,3010
2016-04-19,5799,5820,5799,5800,210
2016-04-20,5801,5900,5800,5800,895
2016-04-21,5801,5801,5601,5700,13040
2016-04-22,5799,5799,5600,5600,26265
2016-04-25,5700,5700,5640,5640,3550
2016-04-26,5640,5700,5600,5680,6505
2016-04-27,5678,5679,5567,5679,185
2016-04-28,5600,5600,5410,5410,2400
2016-04-29,5500,5599,5500,5599,1135
2016-05-03,5600,5600,5500,5590,105
2016-05-04,5500,5500,5500,5500,290
2016-05-06,5500,5501,5500,5500,3630
2016-05-09,5500,5500,5410,5410,4240
2016-05-10,5460,5460,5302,5302,8985
2016-05-11,5400,5400,5300,5400,9495
2016-05-12,5460,5600,5400,5580,8695
2016-05-13,5500,5600,5402,5600,385
2016-05-17,5600,5600,5500,5500,180
2016-05-18,5600,5600,5500,5500,1445
2016-05-19,5500,5500,5400,5490,435
2016-05-20,5600,5800,5600,5800,49785
2016-05-23,5900,5900,5600,5620,8145
2016-05-24,5800,5800,5600,5620,1835
2016-05-25,5700,5700,5620,5620,3660
2016-05-26,5700,5700,5600,5620,1775
2016-05-27,5620,5620,5600,5600,1675
2016-05-30,5140,5500,5140,5301,6760
2016-05-31,5300,5400,5300,5400,5400
2016-06-01,5399,5598,5300,5300,4720
2016-06-02,5350,5401,5340,5401,1650
2016-06-03,5400,5400,5350,5400,285
2016-06-06,5399,5399,5200,5200,1740
2016-06-07,5200,5399,5200,5201,845
2016-06-08,5399,5590,5398,5590,305
2016-06-09,5440,5440,5440,5440,100
2016-06-10,5590,5600,5463,5600,7260
2016-06-13,5600,5600,5488,5600,1855
2016-06-14,5600,5600,5400,5461,2105
2016-06-15,5461,5500,5461,5500,730
2016-06-16,5480,5480,5400,5400,205
2016-06-17,5400,5400,5399,5399,545
2016-06-20,5398,5398,5300,5398,2590
2016-06-21,5398,5398,5340,5397,635
2016-06-22,5399,5399,5340,5397,1790
2016-06-23,5300,5398,5300,5398,52275
2016-06-24,5398,5398,5222,5379,1040
2016-06-27,5358,5359,5222,5222,570
2016-06-28,5320,5358,5210,5210,21040
2016-06-29,5358,5358,5300,5300,895
2016-06-30,5212,5358,5212,5300,4810
2016-07-01,5350,5350,5211,5280,170
2016-07-04,5280,5280,5100,5260,6390
2016-07-05,5180,5279,5180,5279,250
2016-07-07,5300,5300,5202,5260,5765
2016-07-08,5279,5279,5202,5279,1960
2016-07-11,5200,5200,5200,5200,250
2016-07-12,4940,5100,4940,5100,350
2016-07-13,4940,5000,4900,5000,215
2016-07-14,5000,5000,5000,5000,140
2016-07-15,5000,5000,4800,4800,710
2016-07-18,5000,5000,4800,4800,310
2016-07-19,4980,5080,4830,4830,1730
2016-07-20,5000,5000,4800,5000,1725
2016-07-21,5100,5100,4800,4800,10190
2016-07-22,4801,4801,4700,4700,950
2016-07-25,4721,5000,4700,4700,545
2016-07-26,4700,4700,4700,4700,5650
2016-07-27,5000,5000,4740,4740,505
2016-07-28,4800,4800,4740,4740,175
2016-07-29,4800,4900,4761,4900,440
2016-08-01,4900,4900,4900,4900,170
2016-08-02,4900,4901,4890,4901,1015
2016-08-03,4998,5100,4998,5100,490
2016-08-04,5100,5100,5000,5000,185
2016-08-05,5100,5268,5000,5268,655
2016-08-09,5200,5200,5200,5200,45
2016-08-10,5200,5400,5200,5400,375
2016-08-11,5300,5300,5200,5200,3285
2016-08-12,5259,5400,5200,5400,10155
2016-08-17,5350,5380,5350,5380,635
2016-08-18,5399,5400,5350,5360,1790
2016-08-19,5400,5400,5380,5400,6085
2016-08-22,5400,5400,5400,5400,1125
2016-08-23,5390,5390,5390,5390,485
2016-08-24,5390,5390,5380,5380,9030
2016-08-25,5380,5400,5350,5400,1075
2016-08-26,5400,5400,5350,5400,3425
2016-08-29,5400,5420,5400,5400,305
2016-08-30,5400,5400,5400,5400,240
2016-08-31,5480,5480,5400,5400,1995
2016-09-01,5400,5480,5320,5400,915
2016-09-02,5400,5480,5300,5400,5670
2016-09-05,5340,5340,5200,5200,3830
2016-09-06,5200,5340,5200,5340,335
2016-09-07,5270,5340,5248,5340,790
2016-09-08,5249,5400,5248,5400,16435
2016-09-09,5400,5400,5370,5370,16870
2016-09-13,5370,5370,5360,5360,175
2016-09-14,5300,5300,5218,5218,465
2016-09-15,5218,5300,5218,5300,75
2016-09-16,5260,5360,5260,5360,6285
2016-09-19,5320,5320,5320,5320,100
2016-09-20,5280,5280,5217,5217,380
2016-09-21,5217,5217,5217,5217,460
2016-09-22,5196,5196,4900,5000,1365
2016-09-23,5000,5360,4700,5360,35630
2016-09-26,5200,5200,5200,5200,300
2016-09-27,5300,5300,5000,5000,195
2016-09-29,4900,5200,4900,5200,4185
2016-10-03,5060,5061,5060,5061,70
2016-10-04,5060,5060,4940,4940,325
2016-10-05,4990,4990,4958,4958,180
2016-10-06,4880,4881,4880,4880,500
2016-10-07,4900,4900,4900,4900,95
2016-10-10,4920,4920,4900,4900,270
2016-10-11,4900,4940,4882,4882,805
2016-10-12,4881,4900,4881,4900,830
2016-10-13,4881,4881,4840,4880,340
2016-10-14,4800,4900,4800,4900,214580
2016-10-17,4840,4840,4800,4800,540
2016-10-18,4800,4880,4800,4880,1065
2016-10-19,4800,4880,4800,4800,860
2016-10-20,4879,4879,4800,4800,695
2016-10-21,4880,5061,4880,5061,1850
2016-10-24,5000,5000,5000,5000,150
2016-10-25,4900,4900,4900,4900,155
2016-10-26,4900,4900,4800,4800,1235
2016-10-27,4800,4800,4800,4800,1475
2016-10-28,4780,4780,4780,4780,15
2016-10-31,4780,5000,4780,5000,500
2016-11-02,4840,5000,4840,5000,820
2016-11-03,4999,4999,4999,4999,20
2016-11-04,4999,4999,4999,4999,50
2016-11-07,4900,4980,4900,4940,125
2016-11-09,4801,4889,4801,4889,1000
2016-11-10,4800,4880,4800,4880,190
2016-11-11,4800,4800,4800,4800,25
2016-11-14,4840,4840,4440,4440,215
2016-11-16,4500,4770,4500,4770,785
2016-11-17,4800,4800,4798,4799,345
2016-11-18,4779,4779,4578,4760,95
2016-11-21,4700,4700,4600,4600,80
2016-11-22,4700,4800,4600,4800,1905
2016-11-23,4798,5000,4798,4800,1035
2016-11-25,4800,4800,4800,4800,25
2016-11-28,4600,4600,4600,4600,85
2016-11-29,4600,4900,4600,4900,1220
2016-11-30,4900,5267,4900,5267,890
2016-12-01,4898,4898,4872,4872,570
2016-12-02,4600,5200,4600,5200,345
2016-12-06,4998,5099,4899,5099,130
2016-12-07,5100,5460,4800,5460,5135
2016-12-08,5460,5460,5460,5460,25
2016-12-13,5200,5200,5200,5200,10
2016-12-14,5200,5300,5000,5300,3275
2016-12-15,5400,5400,5200,5200,125
2016-12-16,5000,5000,5000,5000,50
2016-12-19,5000,5200,5000,5200,710
2016-12-20,5200,5200,5180,5200,40
2016-12-21,5199,5400,5000,5400,9770
2016-12-22,5000,5000,5000,5000,150
2016-12-23,5000,5280,5000,5280,210
2016-12-27,5000,5200,5000,5200,145
2016-12-28,5000,5398,5000,5398,4630
2016-12-29,5398,5398,5000,5299,2415
2016-12-30,5300,5300,5300,5300,650
2017-01-02,5200,5200,5100,5100,50
2017-01-03,5199,5200,5199,5200,15
2017-01-04,5100,5100,4900,4900,1780
2017-01-05,4900,4900,4800,4800,1200
2017-01-06,4800,4800,4600,4600,350
2017-01-09,4800,4800,4799,4800,245
2017-01-10,4800,4800,4800,4800,35
2017-01-11,4610,4700,4610,4699,205
2017-01-12,4610,4800,4610,4800,715
2017-01-13,4800,4800,4610,4620,505
2017-01-16,4800,4800,4799,4799,115
2017-01-17,4700,4700,4600,4600,585
2017-01-18,4600,4600,4500,4500,820
2017-01-19,4520,4700,4520,4700,155
2017-01-20,4500,4800,4500,4800,490
2017-01-23,4800,4800,4700,4700,470
2017-01-24,4600,4600,4400,4400,225
2017-01-25,4340,4598,4340,4341,385
2017-01-26,4400,4400,4399,4400,2170
2017-01-27,4400,4400,4341,4400,995
2017-01-30,4400,4400,4340,4400,1605
2017-01-31,4399,4400,4340,4400,480
2017-02-01,4400,4401,4400,4400,6420
2017-02-02,4401,4598,4401,4598,1130
2017-02-03,4500,4598,4401,4598,240
2017-02-06,4402,4598,4402,4598,190
2017-02-07,4598,4600,4598,4600,3835
2017-02-08,4600,4600,4600,4600,2720
2017-02-09,4779,4779,4600,4600,515
2017-02-10,4600,4779,4600,4779,10070
2017-02-13,4600,4600,4500,4600,5975
2017-02-14,4600,4601,4600,4600,6075
2017-02-15,4600,4600,4600,4600,105
2017-02-16,4600,4600,4500,4500,430
2017-02-17,4500,4579,4500,4579,625
2017-02-20,4500,4579,4500,4500,215
2017-02-21,4500,4580,4500,4580,220
2017-02-22,4500,4600,4500,4600,125
2017-02-23,4500,4580,4500,4540,1210
2017-02-24,4580,4580,4500,4500,335
2017-02-27,4500,4600,4500,4600,1465
2017-02-28,4500,4600,4500,4600,930
2017-03-01,4599,4800,4580,4800,1030
2017-03-02,4501,4700,4501,4700,260
2017-03-03,4700,4700,4500,4599,530
2017-03-06,4600,4600,4501,4501,435
2017-03-07,4679,4679,4500,4500,740
2017-03-08,4500,4600,4500,4500,3040
2017-03-09,4600,4600,4500,4598,265
2017-03-10,4598,4700,4500,4598,760
2017-03-13,4598,4700,4598,4700,120
2017-03-14,4660,4800,4660,4702,495
2017-03-15,4702,4800,4701,4800,880
2017-03-16,4701,5000,4701,4800,500
2017-03-17,5000,5160,4500,5160,885
2017-03-20,5160,5160,4800,4800,160
2017-03-21,4798,4800,4600,4600,360
2017-03-22,4800,4800,4770,4800,365
2017-03-23,5000,5000,4699,4699,110
2017-03-24,4799,4900,4501,4900,545
2017-03-27,4860,4860,4860,4860,5
2017-03-28,4520,4520,4500,4500,645
2017-03-29,4500,4800,4500,4800,445
2017-03-31,4700,4800,4600,4800,2310
2017-04-03,4800,4800,4700,4800,275
2017-04-04,4704,4704,4640,4704,355
2017-04-05,4800,4800,4800,4800,690
2017-04-06,4800,4800,4732,4732,510
2017-04-07,4740,4800,4730,4730,1000
2017-04-10,4732,4732,4680,4680,585
2017-04-11,4700,4700,4601,4601,350
2017-04-12,4600,4600,4500,4500,885
2017-04-13,4600,4600,4600,4600,450
2017-04-14,4680,4680,4680,4680,100
2017-04-18,4600,4800,4600,4800,570
2017-04-19,4799,5000,4661,4999,945
2017-04-20,5000,5099,4800,4800,470
2017-04-21,5000,5100,4800,4800,925
2017-04-24,5099,5099,5000,5000,1365
2017-04-25,5000,5000,4900,4900,1365
2017-04-26,4802,4802,4600,4600,145
2017-04-27,4800,4800,4800,4800,405
2017-04-28,4800,4800,4600,4600,225
2017-05-02,4800,4800,4799,4800,350
2017-05-03,5000,5000,4800,5000,345
2017-05-04,4800,4800,4800,4800,55
2017-05-05,4840,4840,4800,4800,60
2017-05-08,4700,4700,4600,4600,105
2017-05-09,4600,4800,4400,4800,4625
2017-05-10,4800,4800,4800,4800,1000
2017-05-11,4799,4799,4799,4799,200
2017-05-12,4799,4800,4440,4800,1700
2017-05-16,4790,4790,4790,4790,5
2017-05-18,4500,4600,4499,4500,2130
2017-05-19,4450,4499,4200,4499,660
2017-05-22,4499,4499,4499,4499,50
2017-05-23,4478,4699,4400,4699,4850
2017-05-24,4600,5000,4600,5000,6090
2017-05-26,4899,4899,4899,4899,155
2017-05-29,4898,4899,4532,4798,225
2017-05-30,4799,4900,4499,4900,1985
2017-05-31,4800,5200,4799,5200,16825
2017-06-01,5199,5199,5000,5000,145
2017-06-02,4800,4800,4625,4798,425
2017-06-06,4600,4879,4599,4879,3700
2017-06-07,4799,5200,4799,5200,6795
2017-06-08,5099,5099,4900,4900,25
2017-06-09,5000,5000,4798,4798,185
2017-06-12,4700,4700,4500,4500,795
2017-06-13,4501,4800,4500,4800,1310
2017-06-14,4800,5000,4500,5000,22810
2017-06-15,4990,4990,4800,4979,245
2017-06-16,4900,4990,4700,4800,1475
2017-06-19,4990,4990,4601,4700,585
2017-06-20,4600,4990,4600,4990,12855
2017-06-21,4990,5200,4900,5200,9670
2017-06-23,5100,5200,5100,5179,785
2017-06-27,5179,5179,5099,5170,11405
2017-06-28,4999,5100,4800,5100,28055
2017-06-29,4998,4998,4998,4998,125
2017-06-30,4900,4999,4624,4999,1675
2017-07-04,4640,4999,4640,4999,1050
2017-07-05,4998,5200,4800,5200,29590
2017-07-06,5027,5100,4650,4650,1645
2017-07-07,4700,4700,4500,4500,4175
2017-07-10,4590,4590,4400,4400,1050
2017-07-11,4730,4730,4400,4400,1290
2017-07-12,4400,4730,4300,4730,680
2017-07-13,4599,4601,4599,4600,410
2017-07-14,4400,4400,4400,4400,265
2017-07-17,4400,4400,4200,4200,115
2017-07-18,4400,4500,4200,4500,455
2017-07-19,4500,4599,4199,4599,1805
2017-07-20,4599,4600,4255,4600,885
2017-07-21,4599,4600,4255,4499,475
2017-07-24,4500,4598,4300,4598,1105
2017-07-25,4300,4598,4255,4598,11985
2017-07-26,4596,4799,4596,4799,14335
2017-07-27,4780,4790,4780,4790,7060
2017-07-28,4759,4760,4759,4760,500
2017-07-31,4718,4790,4718,4790,20000
2017-08-02,4500,4500,4479,4479,5265
2017-08-03,4480,4480,4144,4144,890
2017-08-04,4070,4439,3900,4439,6455
2017-08-08,4439,4560,4200,4560,6515
2017-08-09,4400,4740,4218,4218,15525
2017-08-10,4400,4400,4218,4218,425
2017-08-11,4300,4300,4220,4220,89
2017-08-14,4200,4200,4200,4200,9
2017-08-16,4300,4515,4200,4500,1503
2017-08-17,4350,4350,4165,4200,307
2017-08-18,3900,4000,3885,4000,798
2017-08-21,3795,3795,3700,3795,122
2017-08-22,3990,3995,3600,3600,173
2017-08-23,3600,3600,3600,3600,144
2017-08-24,3600,3600,3400,3400,103
2017-08-25,3400,3590,3145,3590,1336
2017-08-28,3600,3650,3500,3600,198
2017-08-29,3600,3650,3500,3600,3704
2017-08-30,3550,3870,3500,3870,600
2017-08-31,3600,3600,3600,3600,260
2017-09-04,3850,3850,3595,3600,437
2017-09-05,3750,3800,3600,3600,155
2017-09-06,3795,3870,3600,3870,511
2017-09-07,4000,4000,3650,3870,18785
2017-09-08,3605,3700,3605,3700,188
2017-09-11,3750,3750,3650,3700,7247
2017-09-12,3700,3855,3610,3855,278
2017-09-13,3990,4100,3910,4100,2568
2017-09-14,4100,4100,3855,3855,240
2017-09-15,4000,4000,3600,3880,3076
2017-09-18,3590,4000,3590,4000,249
2017-09-19,4000,4000,3700,3700,57
2017-09-20,3505,3900,3500,3900,863
2017-09-21,3900,3900,3610,3610,982
2017-09-22,3680,3680,3400,3600,3163
2017-09-25,3500,3500,3405,3405,101
2017-09-26,3300,3500,3300,3500,605
2017-09-27,3600,3760,3600,3760,70
2017-09-28,3600,3995,3600,3995,2266
2017-09-29,3990,3990,3975,3990,905
2017-10-02,3990,4000,3700,4000,482
2017-10-03,4000,4000,3700,3995,158
2017-10-04,3990,4200,3700,4200,2099
2017-10-05,4000,4200,3885,4200,835
2017-10-06,4210,4210,4200,4200,13
2017-10-09,4200,4200,4200,4200,86
2017-10-10,4000,4200,3885,3885,668
2017-10-11,3885,4175,3885,4175,517
2017-10-12,3900,4200,3885,4200,737
2017-10-13,4000,4000,4000,4000,5030
2017-10-16,4000,4000,3900,4000,30
2017-10-17,4000,4300,3705,4300,3651
2017-10-18,4000,4500,4000,4500,717
2017-10-19,4500,4500,4500,4500,17
2017-10-20,4200,4400,4200,4400,660
2017-10-23,4400,4400,4175,4300,131
2017-10-24,4175,4350,4000,4350,241
2017-10-25,4300,4400,4300,4350,2488
2017-10-26,4495,4500,4300,4300,271
2017-10-27,4350,4350,3990,4250,2119
2017-10-30,4245,4245,3935,3935,460
2017-10-31,4000,4000,3640,4000,3813
2017-11-02,3920,4300,3895,4300,3734
2017-11-03,4250,4250,4250,4250,12
2017-11-06,4000,4000,4000,4000,265
2017-11-07,3900,4300,3900,4300,2855
2017-11-08,4000,4450,3980,4450,6035
2017-11-09,4350,4350,4200,4200,10
2017-11-10,3980,4120,3980,3980,141
2017-11-13,3995,3995,3700,3700,578
2017-11-14,3795,3795,3795,3795,34
2017-11-16,3605,4000,3600,4000,1603
2017-11-17,3720,3995,3720,3995,60
2017-11-20,3895,3895,3700,3700,2107
2017-11-21,3700,3900,3450,3900,5134
2017-11-22,4000,4190,3995,4190,1299
2017-11-24,3900,3900,3900,3900,25
2017-11-27,3800,3800,3610,3610,210
2017-11-28,3500,3850,3500,3850,1226
2017-11-29,3800,4135,3800,4135,13357
2017-11-30,4000,4000,4000,4000,140
2017-12-04,4145,4145,4095,4095,94
2017-12-05,4095,4250,4000,4000,1452
2017-12-06,3990,4200,3700,4200,15691
2017-12-07,4000,4000,3885,3885,382
2017-12-08,3700,3900,3700,3900,621
2017-12-11,4100,4100,3750,4100,267
2017-12-12,4100,4195,4100,4195,64
2017-12-13,4100,4300,4100,4300,1365
2017-12-14,4000,4000,3980,3980,127
2017-12-15,4000,4000,4000,4000,25
2017-12-18,3980,4200,3980,4200,459
2017-12-19,4200,4200,3980,4200,118
2017-12-20,4200,4275,4200,4275,1380
2017-12-21,4000,4005,4000,4005,555
2017-12-22,4200,4275,4100,4275,759
2017-12-26,4275,4275,4000,4275,2083
2017-12-27,4275,4275,4210,4270,537
2017-12-28,4250,4250,4250,4250,21
2017-12-29,4250,4270,4250,4270,24
2018-01-02,4145,4200,4145,4200,140
2018-01-03,4200,4250,4200,4250,511
2018-01-04,4200,4200,4200,4200,9
2018-01-05,4200,4245,4200,4200,285
2018-01-08,4200,4200,4000,4000,1054
2018-01-09,4050,4100,4050,4100,510
2018-01-10,4050,4200,4050,4100,126
2018-01-11,4200,4200,4050,4200,130
2018-01-12,4050,4150,4050,4150,60
2018-01-15,4200,4200,4000,4200,2526
2018-01-16,4000,4000,4000,4000,3
2018-01-17,4195,4195,4150,4150,27
2018-01-18,3900,3900,3895,3900,400
2018-01-19,3900,4000,3800,4000,676
2018-01-22,3900,3975,3900,3975,1518
2018-01-23,4000,4000,3800,3800,617
2018-01-24,3800,3900,3700,3850,2195
2018-01-25,3720,3750,3700,3750,1842
2018-01-26,3720,3720,3480,3480,255
2018-01-29,3480,3505,3400,3480,408
2018-01-30,3500,3500,3300,3300,1351
2018-01-31,3300,3545,3250,3545,1531
2018-02-01,3300,3500,3300,3400,427
2018-02-02,3400,3400,3300,3300,518
2018-02-05,3400,3400,3250,3300,607
2018-02-06,3235,3290,3220,3290,957
2018-02-07,3290,3390,3235,3390,2814
2018-02-08,3240,3250,3230,3235,1152
2018-02-09,3250,3250,3230,3235,1796
2018-02-12,3235,3250,3235,3250,340
2018-02-13,3235,3240,3200,3235,1337
2018-02-14,3235,3400,3055,3400,7154
2018-02-15,3235,3235,3200,3200,1115
2018-02-16,3200,3200,3100,3200,502
2018-02-19,3210,3210,3100,3100,1429
2018-02-20,3100,3300,3070,3300,465
2018-02-21,3300,3440,3200,3440,326
2018-02-22,3440,3440,3350,3350,3765
2018-02-23,3430,3430,3430,3430,341
2018-02-26,3400,3400,3235,3400,449
2018-02-27,3400,3440,3300,3440,290
2018-02-28,3440,3550,3405,3550,3017
2018-03-01,3400,3400,3350,3350,596
2018-03-02,3500,3500,3150,3305,1300
2018-03-05,3450,3450,3250,3450,748
2018-03-06,3450,3550,3405,3550,1095
2018-03-07,3305,3500,3300,3300,4736
2018-03-08,3300,3400,3300,3400,3727
2018-03-09,3330,3550,3300,3550,101
2018-03-12,3400,3400,3300,3400,645
2018-03-13,3400,3400,3200,3350,463
2018-03-14,3350,3510,3300,3510,3607
2018-03-15,3510,3510,3250,3440,2152
2018-03-16,3440,3440,3185,3185,1509
2018-03-19,3260,3300,3000,3300,1607
2018-03-20,3500,3500,3185,3185,987
2018-03-21,3200,3200,2995,3200,4881
2018-03-22,3200,3200,2960,3150,2745
2018-03-23,2960,3000,2915,2915,350
2018-03-26,3005,3050,2700,3050,6197
2018-03-27,3000,3200,2900,3200,1798
2018-03-28,2970,3400,2960,3400,1903
2018-03-29,3200,3350,3160,3350,1854
2018-03-30,3200,3400,3200,3400,2382
2018-04-03,3400,3400,3200,3385,1341
2018-04-04,3385,3385,3385,3385,25
2018-04-05,3200,3295,3200,3205,20
2018-04-06,3300,3300,3150,3150,184
2018-04-09,3290,3290,3000,3290,184
2018-04-10,3045,3300,3045,3300,16464
2018-04-11,3300,3300,3200,3290,1941
2018-04-12,3250,3250,3250,3250,1801
2018-04-13,3100,3100,3015,3100,911
2018-04-16,3015,3250,3015,3250,1369
2018-04-17,3240,3240,3120,3200,265
2018-04-18,3195,3200,3065,3200,4550
2018-04-19,3200,3200,3050,3200,121
2018-04-20,3195,3200,3100,3200,196
2018-04-23,3200,3200,3200,3200,90
2018-04-24,3200,3200,3195,3200,1411
2018-04-25,3185,3200,3185,3200,445
2018-04-26,3100,3100,3000,3000,52
2018-04-27,3000,3000,2900,2900,5140
2018-04-30,2900,3050,2900,3050,438
2018-05-02,3190,3190,3190,3190,50
2018-05-03,3100,3200,3050,3050,2032
2018-05-04,3195,3195,3195,3195,40
2018-05-07,3100,3200,3090,3150,766
2018-05-08,3200,3200,3200,3200,4
2018-05-09,3200,3200,3200,3200,10
2018-05-11,3200,3200,3160,3160,1353
2018-05-14,3200,3200,3000,3000,3134
2018-05-15,3200,3200,3000,3200,970
2018-05-16,3000,3200,3000,3000,571
2018-05-17,3200,3200,3200,3200,15
2018-05-18,3010,3185,2965,3185,2242
2018-05-22,3100,3185,3000,3185,33
2018-05-23,3185,3200,3000,3200,3034
2018-05-24,3000,3200,3000,3200,43
2018-05-25,3185,3185,3100,3100,8867
2018-05-28,3050,3200,3050,3200,558
2018-05-29,3050,3200,3050,3190,95
2018-05-30,3185,3200,3100,3200,2668
2018-05-31,3065,3195,3000,3195,14018
2018-06-01,3190,3195,3150,3150,182
2018-06-04,3150,3150,3100,3150,910
2018-06-05,3105,3150,3105,3150,110
2018-06-06,3100,3150,3000,3150,1186
2018-06-07,3150,3150,3050,3150,586
2018-06-12,3150,3150,3050,3150,721
2018-06-13,3105,3150,3100,3100,306
2018-06-15,3100,3150,3100,3150,246
2018-06-18,3100,3120,3100,3100,1699
2018-06-19,3090,3150,3060,3150,2736
2018-06-20,3110,3150,3100,3150,647
2018-06-21,3105,3105,3060,3060,971
2018-06-22,3100,3150,3100,3150,513
2018-06-25,3100,3100,3100,3100,105
2018-06-26,3100,3150,3050,3100,2531
2018-06-27,3100,3150,3000,3150,2277
2018-06-28,3100,3150,3100,3150,65
2018-06-29,3150,3150,3150,3150,16552
2018-07-02,3100,3150,3100,3100,337
2018-07-03,3100,3150,3050,3150,2396
2018-07-04,3100,3200,3100,3150,839
2018-07-05,3150,3150,3150,3150,281
2018-07-06,3200,3200,3100,3195,493
2018-07-09,3195,3195,3150,3190,257
2018-07-10,3195,3195,3150,3150,224
2018-07-11,3200,3200,3050,3200,4211
2018-07-12,3195,3200,3100,3100,1227
2018-07-13,3100,3100,3050,3050,1191
2018-07-16,3100,3200,3050,3050,1230
2018-07-17,3150,3150,3055,3150,242
2018-07-18,3145,3200,3145,3200,635
2018-07-19,3200,3200,3050,3200,298
2018-07-20,3195,3195,3150,3150,37
2018-07-23,3150,3150,3100,3100,110
2018-07-24,3100,3100,3050,3055,370
2018-07-25,3050,3200,3000,3200,3942
2018-07-26,3200,3200,3100,3100,70
2018-07-27,3000,3200,2900,3200,244
2018-07-30,3200,3400,3000,3400,3850
2018-07-31,3350,3395,3350,3395,81
2018-08-01,3400,3400,3150,3390,1973
2018-08-02,3300,3300,3295,3295,35
2018-08-03,3250,3250,3140,3195,1479
2018-08-08,3195,3395,3050,3395,6374
2018-08-09,3295,3295,3145,3145,20
2018-08-10,3145,3145,3000,3100,1284
2018-08-13,3100,3200,3000,3150,203
2018-08-14,3150,3200,2990,3200,3670
2018-08-16,3010,3020,3000,3000,1273
2018-08-17,2900,2900,2895,2895,838
2018-08-20,2845,2890,2845,2880,121
2018-08-22,2850,3095,2825,3095,1348
2018-08-23,3095,3095,2995,2995,707
2018-08-24,2995,2995,2870,2905,4005
2018-08-27,2880,3100,2850,3100,1216
2018-08-28,3195,3200,3185,3200,127
2018-08-29,3200,3200,3140,3195,507
2018-08-30,3195,3195,3000,3195,379
2018-08-31,3150,3195,3005,3195,488
2018-09-03,3105,3105,3000,3000,310
2018-09-04,3000,3100,2900,3100,1700
2018-09-05,3000,3100,3000,3090,230
2018-09-06,2910,3000,2910,3000,141
2018-09-07,2995,2995,2995,2995,8
2018-09-10,2995,2995,2890,2910,2214
2018-09-11,2895,2915,2895,2910,148
2018-09-12,2965,2965,2965,2965,3003
2018-09-13,2960,2960,2910,2950,78
2018-09-14,2870,3000,2750,3000,12452
2018-09-17,2910,2910,2910,2910,325
2018-09-18,2915,2995,2910,2985,56
2018-09-19,2985,2990,2850,2990,130
2018-09-20,2985,3000,2800,3000,4723
2018-09-24,2990,3000,2990,3000,149
2018-09-25,2900,2990,2800,2990,2600
2018-09-26,2800,2990,2800,2990,52
2018-09-27,2990,2990,2770,2985,355
2018-09-28,2985,2985,2950,2950,183
2018-10-01,2950,2950,2905,2905,247
2018-10-02,2905,2950,2905,2950,1617
2018-10-03,2950,2950,2900,2950,1784
2018-10-04,2900,2950,2770,2900,2927
2018-10-05,2780,2900,2750,2900,958
2018-10-08,2895,2895,2750,2895,613
2018-10-09,2895,2895,2890,2895,71
2018-10-10,2890,2890,2800,2800,451
2018-10-11,2680,2800,2680,2785,564
2018-10-12,2700,2785,2680,2785,855
2018-10-15,2700,2700,2680,2680,152
2018-10-16,2680,2680,2680,2680,67
2018-10-17,2650,2650,2500,2500,164
2018-10-18,2490,2490,2400,2480,501
2018-10-19,2400,2400,2355,2355,170
2018-10-22,2300,2300,2300,2300,49
2018-10-23,2350,2400,2200,2400,3093
2018-10-24,2440,2475,2400,2475,22082
2018-10-25,2475,2500,2450,2500,891
2018-10-26,2600,2600,2450,2500,839
2018-10-29,2500,2500,2400,2400,342
2018-10-30,2400,2450,2355,2355,910
2018-10-31,2440,2450,2440,2450,77
2018-11-05,2450,2450,2450,2450,155
2018-11-06,2400,2400,2300,2400,3536
2018-11-07,2395,2395,2310,2310,29
2018-11-08,2355,2395,2200,2395,2854
2018-11-09,2350,2350,2350,2350,20
2018-11-12,2200,2390,2200,2390,125
2018-11-13,2390,2400,2380,2380,630
2018-11-14,2380,2380,2380,2380,10
2018-11-16,2350,2350,2350,2350,216
2018-11-19,2380,2380,2300,2300,197
2018-11-21,2300,2300,2280,2295,95
2018-11-22,2295,2295,2200,2200,127
2018-11-23,2200,2200,2145,2150,127
2018-11-26,2150,2150,2000,2145,2953
2018-11-27,2150,2185,2135,2135,83
2018-11-28,2125,2125,2125,2125,30
2018-11-29,2110,2130,2000,2100,647
2018-11-30,2050,2050,2005,2045,475
2018-12-03,2130,2135,2010,2010,133
2018-12-04,2045,2130,2010,2125,303
2018-12-05,2050,2050,2010,2010,108
2018-12-06,2045,2045,2000,2000,20
2018-12-07,2000,2000,1950,1950,21
2018-12-10,2000,2000,1900,1900,326
2018-12-11,2000,2000,1900,1900,917
2018-12-12,1950,1950,1895,1895,376
2018-12-13,1920,1925,1800,1800,2209
2018-12-14,1900,1930,1900,1930,22140
2018-12-17,1925,1925,1850,1850,120
2018-12-18,1850,1850,1760,1850,740
2018-12-19,1800,1835,1715,1835,3605
2018-12-20,1800,1825,1700,1820,2597
2018-12-21,1795,1955,1795,1955,1520
2018-12-26,2010,2010,1960,2010,1014
2018-12-27,2005,2045,2000,2045,2338
2018-12-28,2000,2030,2000,2030,960
2018-12-31,2030,2030,2030,2030,25
2019-01-02,1915,2000,1915,2000,948
2019-01-03,2000,2000,2000,2000,110
2019-01-04,1975,2000,1975,2000,150
2019-01-07,1995,2000,1900,2000,365
2019-01-08,2000,2000,1960,1960,20
2019-01-09,1960,1960,1900,1950,2384
2019-01-10,1950,1950,1945,1945,624
2019-01-11,1945,1945,1870,1870,18260
2019-01-14,1870,1870,1870,1870,304
2019-01-15,1900,1900,1900,1900,25
2019-01-16,1900,1900,1900,1900,4
2019-01-17,1900,1900,1865,1900,992
2019-01-18,1900,1900,1900,1900,15
2019-01-21,1895,1895,1870,1870,236
2019-01-22,1895,1900,1850,1900,1247
2019-01-23,1900,1900,1850,1850,185
2019-01-24,1900,1900,1820,1900,862
2019-01-25,1850,1850,1830,1830,290
2019-01-28,1880,1900,1830,1900,200
2019-01-29,1900,1900,1900,1900,10
2019-01-30,1895,1895,1890,1890,9
2019-01-31,1895,2030,1805,2030,2105
2019-02-01,2030,2030,2030,2030,1627
2019-02-04,2030,2100,2000,2030,1242
2019-02-06,2000,2025,1880,2025,2246
2019-02-07,2020,2030,2000,2030,5090
2019-02-08,2030,2180,1880,2180,20148
2019-02-12,2180,2300,2020,2300,18504
2019-02-13,2180,2250,2180,2250,1976
2019-02-14,2250,2250,2205,2240,1107
2019-02-15,2085,2250,2085,2200,15936
2019-02-18,2100,2100,2100,2100,44
2019-02-19,2100,2200,2000,2000,1421
2019-02-20,2000,2050,2000,2050,370
2019-02-21,2150,2150,2000,2150,1108
2019-02-22,2100,2100,2000,2100,680
2019-02-25,2100,2250,2050,2250,2444
2019-02-26,2200,2200,2100,2200,43
2019-02-27,2200,2200,2200,2200,50
2019-02-28,2150,2200,2150,2200,28
2019-03-01,2200,2200,2200,2200,420
2019-03-04,2195,2195,2150,2185,677
2019-03-05,2145,2150,2050,2150,4618
2019-03-06,2150,2150,2145,2145,442
2019-03-07,2100,2145,2100,2145,520
2019-03-08,2145,2145,2100,2100,245
2019-03-11,2100,2140,2000,2140,1321
2019-03-12,2140,2140,2140,2140,119
2019-03-13,2135,2140,2000,2050,5450
2019-03-14,2045,2045,2010,2010,151
2019-03-15,2015,2015,2010,2015,150
2019-03-18,2015,2055,1910,2055,1236
2019-03-19,2015,2015,2015,2015,10
2019-03-20,2055,2055,1925,1925,555
2019-03-21,2010,2010,1910,2000,538
2019-03-22,1980,2000,1905,1925,3976
2019-03-25,2000,2000,1910,1995,2004
2019-03-26,1995,2000,1850,2000,3479
2019-03-27,2000,2000,1850,2000,1080
2019-03-28,1995,2000,1995,2000,176
2019-03-29,1995,1995,1900,1900,7433
2019-04-01,1855,1900,1760,1760,6102
2019-04-02,1800,1800,1780,1780,3583
2019-04-03,1780,1795,1780,1795,827
2019-04-04,1795,1850,1785,1850,1881
2019-04-05,1850,1855,1850,1855,377
2019-04-08,1865,1950,1865,1950,200
2019-04-09,1950,2050,1950,2000,4926
2019-04-10,2000,2095,2000,2095,3058
2019-04-11,2050,2250,2050,2250,2107
2019-04-12,2415,2415,2290,2300,7117
2019-04-15,2470,2470,2400,2445,2706
2019-04-16,2445,2625,2445,2455,8423
2019-04-17,2465,2480,2450,2480,1214
2019-04-18,2480,2500,2445,2495,6048
2019-04-19,2450,2500,2450,2500,5759
2019-04-23,2500,2590,2445,2445,2428
2019-04-24,2450,2500,2445,2500,14324
2019-04-25,2500,2500,2450,2450,528
2019-04-26,2450,2500,2400,2500,1019
2019-04-29,2450,2500,2450,2500,2105
2019-04-30,2550,2550,2500,2550,77
2019-05-02,2500,2500,2400,2500,2521
2019-05-03,2500,2500,2450,2450,1325
2019-05-06,2400,2500,2275,2450,2203
2019-05-07,2450,2450,2300,2450,2444
2019-05-08,2300,2425,2300,2425,249
2019-05-09,2400,2425,2355,2355,812
2019-05-10,2400,2400,2400,2400,237
2019-05-13,2400,2400,2300,2310,5217
2019-05-14,2310,2310,2310,2310,20
2019-05-15,2310,2450,2310,2445,557
2019-05-16,2450,2450,2325,2445,475
2019-05-17,2500,2500,2475,2500,5558
2019-05-20,2445,2475,2445,2475,1549
2019-05-21,2475,2475,2450,2470,1450
2019-05-22,2465,2465,2450,2450,503
2019-05-23,2450,2475,2450,2475,2094
2019-05-24,2455,2455,2455,2455,211
2019-05-27,2450,2475,2430,2430,353
2019-05-28,2455,2475,2430,2430,225
2019-05-29,2430,2430,2430,2430,230
2019-05-31,2470,2470,2470,2470,36
2019-06-03,2470,2470,2450,2450,410
2019-06-05,2430,2445,2405,2440,1854
2019-06-06,2440,2440,2400,2435,135
2019-06-07,2420,2435,2420,2435,55
2019-06-11,2435,2435,2400,2400,968
2019-06-12,2400,2400,2395,2400,2245
2019-06-13,2400,2400,2365,2365,970
2019-06-14,2375,2400,2375,2400,367
2019-06-17,2400,2400,2375,2375,74
2019-06-18,2400,2400,2365,2365,1945
2019-06-19,2365,2365,2300,2345,291
2019-06-20,2320,2340,2300,2340,2094
2019-06-21,2340,2400,2340,2400,16117
2019-06-24,2425,2425,2340,2340,175
2019-06-25,2350,2350,2300,2345,876
2019-06-26,2345,2345,2340,2340,140
2019-06-27,2340,2340,2300,2340,197
2019-06-28,2340,2350,2340,2345,512
2019-07-01,2345,2425,2305,2425,206
2019-07-02,2400,2400,2400,2400,1195
2019-07-03,2350,2400,2350,2400,263
2019-07-04,2355,2395,2300,2300,2442
2019-07-05,2290,2290,2290,2290,35
2019-07-08,2260,2300,2220,2290,918
2019-07-10,2110,2150,2110,2150,35
2019-07-11,2120,2195,2100,2195,1104
2019-07-12,2195,2195,2195,2195,1789
2019-07-15,2195,2195,2180,2190,164
2019-07-16,2185,2185,2100,2175,1768
2019-07-17,2175,2175,2015,2015,332
2019-07-18,2010,2010,2000,2000,175
2019-07-19,2000,2000,1980,2000,953
2019-07-22,2000,2110,2000,2015,3648
2019-07-23,2015,2150,2000,2015,4979
2019-07-24,2025,2150,2000,2050,1159
2019-07-25,2050,2180,2000,2180,925
2019-07-26,2175,2175,2140,2140,105
2019-07-29,2140,2140,2130,2130,510
2019-07-30,2125,2125,2085,2125,215
2019-07-31,2100,2125,2005,2100,2724
2019-08-01,2125,2125,2000,2010,1451
2019-08-02,2010,2095,2000,2095,1497
2019-08-05,2095,2100,2000,2100,4091
2019-08-06,2100,2100,2095,2095,85
2019-08-08,2075,2075,2000,2000,1597
2019-08-09,2050,2050,2000,2000,368
2019-08-13,2050,2050,2000,2000,253
2019-08-14,2000,2000,1980,1980,1275
2019-08-16,2000,2025,2000,2025,1228
2019-08-19,2000,2020,2000,2020,323
2019-08-20,2015,2025,2000,2000,507
2019-08-21,2000,2040,2000,2025,109
2019-08-22,2025,2050,2000,2000,923
2019-08-23,2000,2015,2000,2005,319
2019-08-26,2010,2020,1990,1990,1480
2019-08-27,2020,2020,2000,2000,696
2019-08-28,2000,2015,1980,2000,7250
2019-08-29,1995,2015,1980,2015,3652
2019-08-30,2015,2015,2000,2015,112
2019-09-02,2010,2015,2000,2000,424
2019-09-03,2000,2000,1900,1900,893
2019-09-04,1970,1970,1965,1970,17087
2019-09-05,1970,1970,1920,1920,270
2019-09-06,1960,1960,1960,1960,125
2019-09-09,1960,1970,1950,1970,155
2019-09-10,1970,1970,1900,1970,2954
2019-09-11,1970,1970,1960,1960,455
2019-09-12,1960,1960,1950,1960,410
2019-09-13,1955,1960,1950,1960,350
2019-09-16,1960,1960,1815,1815,1642
2019-09-17,1815,1815,1800,1800,3840
2019-09-18,1825,1825,1750,1800,3762
2019-09-19,1800,1800,1700,1800,13683
2019-09-20,1850,1850,1800,1800,25291
2019-09-23,1800,1800,1800,1800,1562
2019-09-24,1800,1820,1800,1820,1365
2019-09-25,1820,1820,1760,1800,1757
2019-09-26,1800,1800,1760,1790,1106
2019-09-27,1715,1720,1700,1715,1762
2019-09-30,1775,1775,1595,1700,5423
2019-10-01,1700,1700,1695,1700,1207
2019-10-02,1700,1700,1695,1700,709
2019-10-03,1700,1720,1595,1695,41060
2019-10-04,1670,1695,1670,1690,251
2019-10-07,1690,1690,1670,1670,416
2019-10-08,1670,1670,1665,1670,618
2019-10-09,1670,1670,1615,1615,2609
2019-10-10,1615,1650,1615,1645,1045
2019-10-11,1650,1675,1620,1620,2265
2019-10-14,1645,1670,1595,1670,1773
2019-10-15,1650,1650,1620,1620,804
2019-10-16,1620,1620,1590,1590,1638
2019-10-17,1585,1600,1505,1505,1159
2019-10-18,1575,1600,1550,1600,2296
2019-10-21,1525,1620,1525,1620,470
2019-10-22,1635,1635,1550,1600,2330
2019-10-23,1620,1620,1600,1600,406
2019-10-24,1600,1615,1590,1600,12475
2019-10-25,1600,1600,1580,1580,605
2019-10-28,1510,1675,1510,1675,4299
2019-10-29,1550,1550,1550,1550,1460
2019-10-30,1500,1500,1495,1500,17516
2019-10-31,1600,1600,1600,1600,20
2019-11-04,1600,1675,1550,1600,36450
2019-11-05,1600,1600,1500,1600,1140
2019-11-06,1500,1500,1500,1500,315
2019-11-07,1500,1500,1495,1495,180
2019-11-08,1505,1510,1450,1450,2055
2019-11-12,1545,1545,1545,1545,250
2019-11-13,1550,1600,1530,1530,524
2019-11-14,1600,1600,1500,1500,434
2019-11-18,1500,1600,1495,1600,1375
2019-11-19,1595,1600,1480,1480,2070
2019-11-20,1480,1480,1450,1450,2391
2019-11-21,1450,1450,1425,1425,218
2019-11-22,1450,1450,1425,1430,321
2019-11-25,1425,1425,1405,1420,1103
2019-11-26,1415,1415,1400,1400,1774
2019-11-27,1425,1425,1400,1400,1629
2019-11-28,1420,1420,1420,1420,138
2019-11-29,1420,1450,1420,1450,103
2019-12-02,1450,1500,1450,1500,1495
2019-12-03,1500,1500,1500,1500,50
2019-12-04,1500,1500,1460,1460,2615
2019-12-05,1500,1500,1490,1490,15151
2019-12-06,1490,1500,1490,1500,5320
2019-12-09,1500,1500,1450,1490,2793
2019-12-10,1490,1500,1490,1500,370
2019-12-11,1490,1500,1490,1500,200
2019-12-12,1505,1505,1450,1500,1164
2019-12-13,1500,1500,1500,1500,150
2019-12-16,1490,1500,1490,1500,311
2019-12-17,1450,1500,1450,1500,2329
2019-12-18,1500,1500,1500,1500,270
2019-12-19,1500,1500,1480,1500,520
2019-12-20,1485,1500,1485,1495,1297
2019-12-23,1495,1500,1495,1500,485
2019-12-24,1500,1500,1485,1495,667
2019-12-26,1500,1605,1500,1550,12420
2019-12-27,1550,1550,1500,1500,2246
2019-12-30,1550,1610,1500,1610,95539
2019-12-31,1500,1725,1500,1725,21355
2020-01-02,1750,1750,1695,1695,1210
2020-01-03,1705,1705,1700,1700,22
2020-01-06,1700,1725,1700,1700,1755
2020-01-07,1695,1695,1605,1605,1265
2020-01-08,1605,1605,1550,1600,482
2020-01-09,1685,1685,1600,1685,12860
2020-01-10,1680,1680,1600,1680,930
2020-01-13,1680,1680,1680,1680,736
2020-01-14,1680,1695,1650,1695,2036
2020-01-16,1700,1725,1700,1700,446
2020-01-17,1720,1725,1700,1720,1223
2020-01-20,1720,1725,1700,1725,599
2020-01-21,1720,1750,1720,1750,1240
2020-01-22,1750,1880,1750,1880,4110
2020-01-23,2020,2020,1885,2000,4083
2020-01-24,2030,2030,1950,2000,2895
2020-01-27,2000,2000,1950,1965,3507
2020-01-28,1965,1970,1950,1965,1923
2020-01-29,1945,2000,1940,2000,13408
2020-01-30,2000,2000,1995,1995,2946
2020-01-31,1950,1990,1950,1950,3291
2020-02-03,1950,1950,1945,1945,1367
2020-02-04,1945,1945,1915,1915,15811
2020-02-05,1915,1915,1800,1800,53075
2020-02-06,1800,1800,1795,1795,90
2020-02-07,1750,1750,1740,1740,1374
2020-02-10,1750,1750,1740,1740,166
2020-02-11,1740,1740,1695,1695,1024
2020-02-12,1695,1695,1695,1695,1548
2020-02-13,1590,1590,1590,1590,962
2020-02-14,1590,1590,1500,1500,11470
2020-02-17,1500,1500,1490,1490,8743
2020-02-18,1490,1490,1480,1480,1492
2020-02-19,1470,1480,1420,1450,9028
2020-02-20,1480,1480,1390,1390,8791
2020-02-21,1395,1490,1390,1390,4207
2020-02-24,1400,1405,1370,1375,6405
2020-02-25,1370,1375,1305,1305,5178
2020-02-26,1320,1350,1300,1305,5377
2020-02-27,1380,1380,1300,1380,4545
2020-02-28,1380,1480,1380,1480,975
2020-03-02,1480,1500,1480,1485,1089
2020-03-03,1555,1580,1555,1580,742
2020-03-04,1580,1580,1495,1580,778
2020-03-05,1580,1580,1495,1580,145
2020-03-06,1580,1580,1580,1580,800
2020-03-09,1580,1580,1555,1580,145
2020-03-10,1580,1580,1575,1580,59
2020-03-11,1580,1580,1550,1580,935
2020-03-12,1580,1580,1580,1580,397
2020-03-13,1575,1580,1575,1580,90
2020-03-16,1575,1575,1570,1570,66
2020-03-17,1570,1575,1570,1575,1048
2020-03-18,1565,1565,1505,1505,188
2020-03-19,1560,1560,1550,1550,41
2020-03-20,1550,1550,1515,1515,321
2020-03-23,1550,1550,1500,1500,1426
2020-03-24,1495,1495,1485,1485,140
2020-03-25,1485,1500,1485,1485,1269
2020-03-26,1475,1475,1450,1460,109
2020-03-27,1450,1450,1400,1425,189
2020-03-30,1445,1445,1375,1375,264
2020-03-31,1370,1370,1355,1355,206
2020-04-01,1370,1370,1350,1350,912
2020-04-02,1345,1345,1305,1335,3313
2020-04-03,1335,1335,1235,1335,1489
2020-04-06,1330,1330,1330,1330,55
2020-04-07,1335,1335,1330,1335,3742
2020-04-08,1335,1335,1330,1330,300
2020-04-09,1330,1335,1250,1250,378
2020-04-10,1330,1335,1320,1320,6116
2020-04-14,1305,1305,1295,1295,274
2020-04-15,1300,1300,1280,1300,483
2020-04-16,1310,1320,1300,1300,175
2020-04-17,1300,1300,1255,1255,1595
2020-04-20,1300,1300,1300,1300,351
2020-04-21,1300,1300,1300,1300,95
2020-04-23,1300,1300,1255,1300,2120
2020-04-24,1295,1295,1295,1295,126
2020-04-27,1295,1300,1255,1260,6186
2020-04-28,1255,1260,1255,1260,1424
2020-04-29,1300,1300,1270,1275,905
2020-04-30,1275,1275,1260,1260,2796
2020-05-04,1300,1300,1255,1300,3148
2020-05-05,1300,1300,1260,1260,75
2020-05-06,1260,1260,1170,1170,4076
2020-05-07,1160,1250,1160,1195,722
2020-05-08,1195,1245,1195,1235,550
2020-05-11,1260,1260,1235,1235,323
2020-05-12,1145,1235,1145,1145,4328
2020-05-13,1230,1230,1145,1145,287
2020-05-14,1150,1150,1110,1125,1629
2020-05-15,1125,1125,1110,1120,409
2020-05-18,1120,1120,1110,1120,391
2020-05-19,1120,1120,1110,1115,1978
2020-05-22,1110,1110,1100,1100,1124
2020-05-25,1050,1050,1040,1050,1622
2020-05-26,1000,1050,1000,1050,788
2020-05-27,1050,1090,1000,1090,5205
2020-05-28,1090,1090,1050,1090,256
2020-05-29,1090,1140,1050,1140,1786
2020-06-02,1090,1140,1090,1140,496
2020-06-03,1140,1140,1090,1135,3271
2020-06-04,1135,1135,1080,1130,2169
2020-06-05,1135,1135,1130,1130,321
2020-06-08,1130,1130,1125,1125,569
2020-06-09,1100,1100,1080,1095,3783
2020-06-10,1100,1120,1100,1100,3216
2020-06-11,1120,1120,1100,1100,2956
2020-06-12,1020,1075,1020,1055,4405
2020-06-15,1050,1050,1020,1050,1202
2020-06-16,1025,1055,1000,1055,9378
2020-06-17,1045,1045,1040,1040,450
2020-06-18,1050,1050,1040,1040,2949
2020-06-19,1040,1040,1040,1040,896
2020-06-22,1035,1050,1020,1050,3133
2020-06-23,1050,1050,1045,1050,341
2020-06-24,1050,1050,1045,1050,636
2020-06-25,1050,1050,1050,1050,641
2020-06-26,1050,1100,1050,1095,496
2020-06-29,1075,1075,1055,1055,314
2020-06-30,1055,1055,1000,1000,9852
2020-07-01,995,1000,995,995,864
2020-07-02,1065,1065,990,1000,6120
2020-07-03,1000,1040,990,990,3173
2020-07-06,990,1000,990,990,1193
2020-07-07,990,990,990,990,931
2020-07-08,990,990,980,990,365
2020-07-09,980,990,980,990,937
2020-07-10,990,990,980,990,761
2020-07-13,1000,1000,985,990,505
2020-07-14,990,990,980,980,1291
2020-07-15,980,980,970,970,2183
2020-07-16,970,970,930,955,1126
2020-07-17,955,970,955,970,1701
2020-07-20,970,970,950,950,770
2020-07-21,960,965,950,950,870
2020-07-22,960,960,950,950,1348
2020-07-23,950,950,945,950,1024
2020-07-24,950,950,950,950,7
2020-07-27,920,940,920,940,1290
2020-07-28,940,950,925,925,2247
2020-07-29,930,950,920,950,2986
2020-07-30,950,950,940,940,2269
2020-08-03,940,940,905,905,673
2020-08-04,905,940,900,940,179
2020-08-05,940,940,900,900,682
2020-08-06,900,900,900,900,655
2020-08-10,900,900,895,900,2686
2020-08-11,895,900,890,900,2070
2020-08-12,900,900,900,900,1080
2020-08-13,900,910,900,910,850
2020-08-14,900,900,885,885,1419
2020-08-17,880,890,880,890,1162
2020-08-18,885,885,850,850,1394
2020-08-19,865,885,865,865,319
2020-08-20,860,860,805,860,659
2020-08-21,860,860,825,825,30322
2020-08-24,825,825,825,825,325
2020-08-25,825,825,820,820,11942
2020-08-26,820,880,815,880,430
2020-08-27,880,900,835,900,2642
2020-08-28,900,965,880,965,4725
2020-08-31,965,970,900,970,16947
2020-09-01,900,900,900,900,126
2020-09-02,850,850,850,850,10351
2020-09-03,850,850,815,815,1165
2020-09-04,815,850,800,810,4620
2020-09-07,870,870,810,815,1310
2020-09-08,815,815,815,815,761
2020-09-09,815,815,810,815,537
2020-09-10,815,815,800,815,579
2020-09-11,820,875,810,810,2855
2020-09-14,810,810,800,800,14297
2020-09-15,805,805,800,800,565
2020-09-16,800,800,795,800,1327
2020-09-17,800,810,800,810,3484
2020-09-18,800,810,760,810,530
2020-09-21,870,870,820,820,22727
2020-09-22,820,820,810,810,1811
2020-09-23,800,800,800,800,238
2020-09-24,800,810,800,810,290
2020-09-25,800,855,800,855,1479
2020-09-28,810,810,800,800,3067
2020-09-29,815,815,760,800,1187
2020-09-30,750,785,750,785,175
2020-10-01,785,785,755,785,725
2020-10-02,785,800,785,800,406
2020-10-05,785,815,785,800,634
2020-10-06,800,800,800,800,12
2020-10-07,795,800,750,790,513
2020-10-08,790,790,790,790,180
2020-10-09,790,815,790,800,2454
2020-10-12,800,800,750,790,2341
2020-10-13,800,800,790,790,43058
2020-10-14,790,810,790,810,850
2020-10-15,810,810,800,810,1501
2020-10-16,810,815,810,815,2056
2020-10-19,815,820,800,820,1655
2020-10-20,820,820,820,820,172
2020-10-21,820,820,820,820,318
2020-10-22,820,820,820,820,870
2020-10-23,820,820,820,820,70
2020-10-26,820,820,805,820,9985
2020-10-27,820,820,790,820,12312
2020-10-28,820,820,800,800,5100
2020-10-30,800,860,800,860,5468
2020-11-02,845,895,800,895,23274
2020-11-03,860,860,860,860,2
2020-11-04,850,850,800,800,700
2020-11-05,800,860,790,860,423
2020-11-06,800,890,800,890,3000
2020-11-09,860,860,860,860,30
2020-11-10,860,890,860,890,1454
2020-11-11,890,890,860,885,380
2020-11-12,890,890,820,890,13452
2020-11-13,885,955,885,955,9690
2020-11-16,955,1000,900,1000,48670
2020-11-17,1000,1075,1000,1070,6449
2020-11-18,1070,1100,1000,1100,5986
2020-11-19,1070,1095,1070,1095,487
2020-11-20,1075,1150,1075,1150,11722
2020-11-23,1150,1200,1150,1200,9811
2020-11-24,1230,1230,1200,1200,861
2020-11-25,1185,1185,1150,1150,870
2020-11-26,1150,1160,1065,1065,4045
2020-11-27,1000,1140,1000,1140,50363
2020-11-30,1070,1070,1055,1055,440
2020-12-01,1050,1050,1000,1000,12678
2020-12-02,1000,1000,1000,1000,1634
2020-12-03,1000,1000,950,950,6781
2020-12-04,950,950,950,950,5
2020-12-07,955,955,955,955,900
2020-12-08,1000,1000,995,995,10
2020-12-09,995,1000,995,995,245
2020-12-10,995,1050,995,1050,3
2020-12-11,1050,1050,1050,1050,10
2020-12-14,1045,1045,1000,1000,663
2020-12-15,1000,1000,955,995,595
2020-12-16,1000,1000,995,995,120
2020-12-17,995,995,990,990,230
2020-12-18,995,1030,950,1030,23807
2020-12-21,1030,1050,1025,1050,4495
2020-12-22,1050,1075,1050,1075,8284
2020-12-23,1100,1100,1055,1075,15842
2020-12-24,1075,1075,1070,1070,4657
2020-12-28,1070,1070,1000,1000,1294
2020-12-29,1000,1050,980,1050,3981
2020-12-30,1045,1070,1000,1000,8089
2020-12-31,1000,1000,1000,1000,157
2021-01-04,1000,1050,1000,1050,303
2021-01-05,1050,1050,1000,1050,248
2021-01-06,1050,1050,1045,1045,53
2021-01-07,1045,1050,1045,1045,690
2021-01-08,1045,1100,1045,1045,1715
2021-01-11,1000,1090,1000,1090,271
2021-01-12,1090,1100,1045,1100,1420
2021-01-13,1055,1055,1055,1055,225
2021-01-14,1060,1060,1055,1055,1442
2021-01-15,1055,1055,1000,1055,19
2021-01-18,1055,1055,1055,1055,400
2021-01-19,1055,1100,1055,1095,1420
2021-01-20,1095,1100,1090,1100,1439
2021-01-21,1090,1100,1090,1100,1437
2021-01-22,1090,1090,1055,1055,160
2021-01-25,1080,1095,1050,1080,1170
2021-01-26,1095,1095,1080,1080,249
2021-01-27,1080,1080,1045,1050,3905
2021-01-28,1080,1080,1045,1045,388
2021-01-29,1045,1050,1045,1050,302
2021-02-01,1050,1070,1050,1070,955
2021-02-02,1050,1080,1050,1050,3684
2021-02-03,1050,1050,1050,1050,598
2021-02-04,1050,1050,1010,1010,20
2021-02-05,1010,1010,1000,1000,450
2021-02-08,1050,1050,1050,1050,5
2021-02-09,1050,1050,1000,1045,3551
2021-02-10,1000,1045,1000,1025,20363
2021-02-11,1005,1040,1000,1040,1004
2021-02-12,1040,1040,1000,1040,24372
2021-02-15,1040,1040,1040,1040,86
2021-02-16,1040,1040,1040,1040,64
2021-02-17,1005,1040,1005,1040,91
2021-02-18,1045,1045,1005,1040,6224
2021-02-19,1000,1040,1000,1040,710
2021-02-22,1040,1040,1040,1040,2410
2021-02-23,1040,1040,1035,1035,55
2021-02-24,1005,1040,1000,1000,4683
2021-02-25,1000,1000,945,1000,15130
2021-02-26,1000,1035,1000,1035,2100
2021-03-01,1035,1035,1000,1000,150
2021-03-02,1000,1000,995,1000,951
2021-03-03,1000,1000,995,1000,2230
2021-03-04,1000,1025,995,995,1759
2021-03-05,995,995,995,995,1292
2021-03-08,1000,1000,995,995,573
2021-03-09,995,995,990,995,2497
2021-03-10,990,990,985,990,1045
2021-03-11,995,995,955,955,850
2021-03-12,955,1000,955,1000,355
2021-03-15,995,1000,955,955,990
2021-03-16,1000,1000,995,995,236
2021-03-17,990,990,990,990,50
2021-03-18,990,995,990,995,146
2021-03-19,995,995,995,995,203
2021-03-22,995,995,995,995,170
2021-03-23,995,995,990,995,598
2021-03-24,995,995,985,985,403
2021-03-25,985,985,985,985,118
2021-03-26,985,985,985,985,218
2021-03-29,970,985,970,970,1093
2021-03-30,970,970,960,960,836
2021-03-31,970,995,950,960,2045
2021-04-01,1000,1000,960,960,2026
2021-04-02,1000,1000,970,970,550
2021-04-06,1000,1000,970,970,1336
2021-04-07,970,1000,970,1000,1257
2021-04-08,1000,1000,990,990,3125
2021-04-09,990,990,990,990,183
2021-04-12,965,1000,965,965,623
2021-04-13,990,990,985,990,560
2021-04-14,990,1000,990,1000,597
2021-04-15,990,990,990,990,474
2021-04-16,990,990,980,980,312
2021-04-19,990,990,990,990,325
2021-04-20,990,1000,990,1000,2923
2021-04-21,1000,1000,960,990,1127
2021-04-22,995,1030,980,1030,3350
2021-04-23,1030,1030,1030,1030,84
2021-04-26,1030,1030,1015,1015,244
2021-04-27,1015,1015,1015,1015,2500
2021-04-28,1015,1015,1000,1005,1282
2021-04-29,1015,1035,1010,1035,1322
2021-04-30,1035,1035,1020,1035,4057
2021-05-03,1035,1040,1025,1040,4341
2021-05-04,1095,1100,1060,1100,2147
2021-05-05,1020,1100,1020,1100,8833
2021-05-06,1100,1100,1030,1050,1626
2021-05-07,1040,1050,1040,1050,2169
2021-05-10,1050,1070,1050,1060,5485
2021-05-11,1065,1100,1065,1065,8220
2021-05-14,1075,1135,1075,1110,282
2021-05-17,1130,1150,1100,1150,7994
2021-05-18,1130,1150,1130,1130,1501
2021-05-19,1130,1150,1130,1150,2273
2021-05-20,1195,1200,1175,1200,5620
2021-05-21,1280,1280,1175,1180,3217
2021-05-25,1180,1200,1155,1180,2016
2021-05-26,1180,1265,1175,1265,2120
2021-05-27,1355,1355,1270,1350,6166
2021-05-28,1350,1440,1350,1390,2529
2021-05-31,1350,1390,1330,1345,2639
2021-06-01,1345,1345,1340,1340,884
2021-06-02,1300,1330,1300,1300,8988
2021-06-03,1280,1280,1265,1270,2614
2021-06-04,1250,1270,1250,1250,533
2021-06-07,1250,1270,1250,1250,2701
2021-06-08,1215,1250,1200,1200,35785
2021-06-09,1200,1290,1200,1290,3229
2021-06-10,1250,1345,1250,1345,2719
2021-06-11,1330,1400,1330,1390,1621
2021-06-14,1350,1350,1345,1350,765
2021-06-15,1350,1350,1350,1350,3218
2021-06-16,1345,1350,1310,1345,2836
2021-06-17,1345,1345,1345,1345,182
2021-06-18,1320,1350,1320,1345,1703
2021-06-21,1340,1360,1340,1360,4070
2021-06-22,1350,1380,1350,1370,16546
2021-06-23,1380,1395,1370,1390,1023
2021-06-24,1390,1390,1380,1380,281
2021-06-25,1380,1385,1370,1380,2550
2021-06-28,1380,1400,1370,1390,6922
2021-06-29,1395,1395,1385,1390,1342
2021-06-30,1400,1490,1400,1490,3905
2021-07-01,1510,1600,1500,1600,1815
2021-07-02,1575,1700,1500,1610,6111
2021-07-05,1600,1610,1600,1610,3338
2021-07-06,1610,1610,1580,1595,4695
2021-07-07,1500,1570,1500,1570,3130
2021-07-08,1570,1570,1500,1505,1434
2021-07-09,1520,1570,1490,1510,2734
2021-07-12,1500,1510,1500,1500,1120
2021-07-13,1500,1500,1490,1500,528
2021-07-14,1550,1595,1500,1595,1569
2021-07-15,1505,1595,1500,1595,1277
2021-07-16,1595,1595,1500,1595,802
2021-07-19,1595,1595,1550,1590,187
2021-07-21,1595,1595,1550,1590,313
2021-07-22,1585,1595,1580,1580,3262
2021-07-23,1590,1590,1570,1575,253
2021-07-26,1585,1600,1510,1510,3791
2021-07-27,1515,1580,1515,1580,1129
2021-07-28,1580,1580,1520,1580,618
2021-07-29,1580,1600,1525,1595,2370
2021-07-30,1600,1620,1600,1615,192
2021-08-02,1615,1625,1600,1600,447
2021-08-03,1580,1600,1525,1580,2622
2021-08-04,1560,1590,1560,1590,646
2021-08-05,1580,1590,1575,1575,1887
2021-08-06,1560,1560,1535,1550,1856
2021-08-09,1550,1550,1520,1520,3797
2021-08-10,1550,1550,1520,1520,130
2021-08-11,1550,1550,1520,1550,1534
2021-08-12,1550,1550,1520,1520,3120
2021-08-13,1550,1600,1520,1600,866
2021-08-16,1595,1595,1550,1550,150
2021-08-17,1525,1600,1525,1550,2331
2021-08-18,1600,1665,1600,1665,902
2021-08-19,1665,1665,1600,1600,273
2021-08-20,1615,1720,1615,1720,691
2021-08-23,1700,1750,1695,1700,570
2021-08-24,1720,1795,1700,1795,137
2021-08-25,1795,1925,1700,1900,3885
2021-08-26,1925,1925,1850,1875,6891
2021-08-27,1900,2000,1875,2000,851
2021-08-30,2000,2000,1900,1900,610
2021-08-31,2000,2000,1895,1895,584
2021-09-01,1950,2000,1950,1960,2548
2021-09-02,1995,2000,1955,1955,4061
2021-09-03,1955,2000,1955,1955,20540
2021-09-06,2000,2000,1995,2000,13306
2021-09-07,1995,2000,1950,1985,2488
2021-09-08,1950,1995,1950,1985,3325
2021-09-09,1990,1990,1945,1950,2351
2021-09-10,1990,1990,1950,1970,7935
2021-09-13,1985,2000,1985,2000,17123
2021-09-14,2000,2000,2000,2000,2367
2021-09-15,2000,2000,1980,2000,12249
2021-09-16,2045,2050,1990,2050,7968
2021-09-17,2010,2050,2010,2015,11265
2021-09-20,2025,2050,2020,2050,4505
2021-09-21,2050,2050,2040,2040,12620
2021-09-22,2040,2040,2015,2015,2197
2021-09-23,2020,2035,2020,2035,1344
2021-09-24,2050,2050,2035,2035,8674
2021-09-27,2040,2050,2035,2045,2694
2021-09-28,2050,2185,2050,2185,10785
2021-09-29,2185,2185,2185,2185,2510
2021-09-30,2185,2185,2180,2180,3844
2021-10-01,2150,2150,2100,2100,1416
2021-10-04,2100,2100,2050,2060,2591
2021-10-05,2075,2075,2060,2065,477
2021-10-06,2060,2060,2050,2050,2914
2021-10-07,2050,2060,2050,2060,1852
2021-10-08,2050,2060,2050,2050,2278
2021-10-11,2050,2050,2050,2050,1924
2021-10-12,2050,2050,2005,2005,371
2021-10-13,2005,2005,2005,2005,433
2021-10-14,2000,2000,1950,2000,2519
2021-10-15,2000,2000,1980,1980,339
2021-10-19,1900,1900,1900,1900,1214
2021-10-20,1900,1900,1890,1900,784
2021-10-21,1950,1950,1900,1905,854
2021-10-22,1900,1940,1900,1940,535
2021-10-25,1940,1950,1920,1920,1425
2021-10-26,1915,2035,1915,2035,6584
2021-10-27,1995,2035,1925,2035,766
2021-10-28,2035,2035,2025,2030,1025
2021-10-29,2035,2060,2035,2060,5504
2021-11-03,2050,2060,2040,2060,4316
2021-11-04,2045,2140,2045,2140,21596
2021-11-05,2140,2160,2080,2160,16068
2021-11-08,2160,2185,2100,2160,14686
2021-11-09,2160,2165,2100,2165,1120
2021-11-10,2160,2165,2100,2165,725
2021-11-11,2160,2165,2100,2165,1170
2021-11-12,2160,2165,2160,2160,121
2021-11-16,2105,2165,2075,2155,866
2021-11-17,2160,2160,2100,2155,1970
2021-11-18,2140,2150,2140,2150,3801
2021-11-19,2075,2150,2075,2150,58
2021-11-22,2145,2150,2100,2100,226
2021-11-23,2095,2145,2000,2080,3894
2021-11-24,2070,2070,1930,1995,1342
2021-11-25,1995,1995,1930,1995,4681
2021-11-26,1995,1995,1935,1995,1493
2021-11-29,1980,2140,1980,2130,3483
2021-11-30,2065,2130,2060,2125,14914
2021-12-01,2125,2125,2060,2060,1222
2021-12-02,2055,2055,2000,2055,2923
2021-12-03,2020,2055,2020,2055,812
2021-12-06,2045,2055,2015,2050,648
2021-12-07,2000,2050,2000,2045,1568
2021-12-08,2045,2050,2010,2010,883
2021-12-09,2035,2045,2010,2010,1733
2021-12-10,2030,2030,2010,2030,968
2021-12-13,2030,2050,1950,2045,54965
2021-12-14,2050,2050,2000,2005,960
2021-12-15,2010,2045,2000,2045,1277
2021-12-16,2000,2045,2000,2045,1132
2021-12-17,2045,2050,2045,2045,347
2021-12-20,2045,2050,2010,2050,2534
2021-12-21,2050,2050,2045,2045,1867
2021-12-22,2045,2050,2030,2030,1292
2021-12-23,2030,2030,1995,2000,3342
2021-12-24,2000,2000,2000,2000,954
2021-12-27,1980,2000,1980,2000,12867
2021-12-28,1990,1995,1980,1980,540
2021-12-29,1990,2010,1990,1995,7997
2021-12-30,1990,2035,1980,2000,57179
2021-12-31,1985,2000,1985,2000,985
2022-01-03,2050,2050,1950,2040,3528
2022-01-04,2040,2040,2010,2010,2367
2022-01-05,2010,2040,2000,2000,440
2022-01-06,2000,2000,1950,1950,1404
2022-01-07,1950,1950,1935,1950,1007
2022-01-10,1945,1945,1905,1905,485
2022-01-11,1940,1940,1905,1930,14369
2022-01-12,1930,2000,1930,2000,7586
2022-01-13,2010,2010,2000,2000,844
2022-01-14,2000,2010,2000,2010,466
2022-01-17,2035,2035,2000,2000,98
2022-01-18,2000,2020,1975,2000,630
2022-01-19,1990,2000,1975,1975,228
2022-01-20,1970,2015,1970,2015,1722
2022-01-21,2005,2020,2005,2020,81
2022-01-24,2010,2010,2000,2000,100
2022-01-25,2000,2030,2000,2005,604
2022-01-26,2010,2050,2010,2015,541
2022-01-27,2020,2020,2005,2015,6111
2022-01-28,2015,2025,2010,2025,6022
2022-01-31,2020,2025,2020,2025,2238
2022-02-01,2025,2025,2015,2025,23672
2022-02-02,2020,2040,2005,2005,52667
2022-02-03,2015,2055,2015,2050,28816
2022-02-04,2070,2075,2050,2075,10122
2022-02-07,2050,2060,2050,2055,1521
2022-02-08,2075,2080,2050,2050,10615
2022-02-09,2055,2080,2050,2075,1065
2022-02-10,2055,2090,2010,2085,7598
2022-02-11,2080,2080,2050,2055,2393
2022-02-14,2055,2080,2050,2080,1011
2022-02-15,2080,2085,2050,2085,1143
2022-02-16,2085,2095,2085,2085,516
2022-02-17,2090,2090,2090,2090,1357
2022-02-18,2090,2090,2085,2090,920
2022-02-21,2090,2090,2075,2090,3971
2022-02-22,2090,2090,2080,2085,336
2022-02-23,2085,2085,2080,2085,808
2022-02-24,2085,2090,2080,2090,445
2022-02-25,2085,2085,2075,2075,2179
2022-02-28,2075,2075,2005,2070,1295
2022-03-01,2080,2080,2075,2075,300
2022-03-02,2080,2090,2070,2070,831
2022-03-03,2070,2080,2070,2080,1036
2022-03-04,2050,2080,2050,2080,2594
2022-03-07,2045,2085,2045,2085,2101
2022-03-08,2060,2080,2060,2080,976
2022-03-09,2085,2085,2080,2080,1003
2022-03-10,2085,2085,2050,2050,12280
2022-03-11,2050,2050,2040,2040,1498
2022-03-14,2050,2050,2040,2040,711
2022-03-15,2040,2050,2040,2050,1817
2022-03-16,2040,2040,2035,2035,16679
2022-03-17,2040,2040,2020,2040,1804
2022-03-18,2035,2035,2015,2015,918
2022-03-21,2015,2030,2010,2030,3082
2022-03-22,2020,2030,2020,2020,371
2022-03-23,2035,2035,2020,2020,2260
2022-03-24,2020,2030,2010,2020,1666
2022-03-25,2010,2010,1990,2000,8221
2022-03-28,2000,2000,2000,2000,1079
2022-03-29,2000,2000,1990,1995,2407
2022-03-30,1985,2000,1985,1995,1416
2022-03-31,2000,2000,1995,2000,2523
2022-04-01,2000,2000,1990,1990,1485
2022-04-04,1985,1985,1980,1985,1045
2022-04-05,2000,2000,1995,2000,740
2022-04-06,2000,2000,1990,2000,1327
2022-04-07,2000,2000,2000,2000,320
2022-04-08,2000,2000,1995,2000,597
2022-04-11,1995,2000,1995,2000,5273
2022-04-12,1995,2000,1995,2000,364
2022-04-13,1995,2000,1995,1995,2645
2022-04-14,1995,2000,1995,2000,167
2022-04-15,2000,2000,2000,2000,397
2022-04-19,2000,2000,2000,2000,1469
2022-04-20,2000,2000,1990,1990,1860
2022-04-21,2000,2000,1990,1990,831
2022-04-22,1985,2000,1985,1985,1551
2022-04-25,1995,2000,1980,2000,602
2022-04-26,1990,2000,1975,1975,1829
2022-04-27,1975,1975,1900,1965,3631
2022-04-29,1965,2000,1960,2000,571
2022-05-03,1850,1850,1850,1850,115
2022-05-04,1720,1720,1715,1715,1114
2022-05-05,1590,1680,1590,1590,1921
2022-05-06,1475,1495,1475,1475,3472
2022-05-09,1400,1500,1400,1500,2068
2022-05-10,1505,1545,1445,1445,5506
2022-05-11,1500,1500,1400,1400,1052
2022-05-12,1500,1500,1400,1400,1290
2022-05-13,1400,1500,1390,1450,892
2022-05-16,1450,1450,1400,1400,1267
2022-05-17,1400,1400,1350,1380,1527
2022-05-18,1400,1400,1380,1400,1301
2022-05-19,1310,1395,1310,1395,417
2022-05-20,1395,1400,1395,1400,1033
2022-05-23,1400,1410,1400,1400,1615
2022-05-24,1395,1500,1395,1395,1274
2022-05-25,1410,1410,1395,1395,1500
2022-05-27,1420,1445,1395,1400,1306
2022-05-30,1500,1500,1395,1420,925
2022-05-31,1420,1430,1420,1420,560
2022-06-01,1420,1460,1400,1400,2503
2022-06-02,1400,1400,1350,1400,787
2022-06-03,1405,1500,1405,1500,443
2022-06-07,1500,1500,1410,1500,688
2022-06-08,1410,1410,1400,1405,2246
2022-06-09,1405,1405,1400,1405,730
2022-06-10,1405,1405,1395,1395,1475
2022-06-13,1400,1405,1395,1400,662
2022-06-14,1400,1405,1400,1400,564
2022-06-15,1400,1400,1400,1400,925
2022-06-16,1400,1400,1395,1395,601
2022-06-17,1395,1395,1395,1395,702
2022-06-20,1395,1395,1390,1395,974
2022-06-21,1395,1395,1395,1395,1282
2022-06-22,1395,1395,1350,1395,742
2022-06-23,1395,1395,1370,1395,264
2022-06-24,1395,1395,1350,1370,411
2022-06-27,1370,1370,1355,1360,603
2022-06-28,1360,1365,1355,1365,437
2022-06-29,1365,1370,1365,1365,468
2022-06-30,1370,1370,1305,1365,1980
2022-07-01,1360,1360,1360,1360,225
2022-07-04,1300,1355,1300,1350,1719
2022-07-05,1350,1350,1315,1315,330
2022-07-06,1350,1350,1310,1350,18996
2022-07-07,1350,1350,1350,1350,194
2022-07-08,1350,1350,1340,1340,445
2022-07-11,1340,1350,1340,1340,550
2022-07-12,1350,1350,1340,1340,141
2022-07-13,1340,1350,1335,1345,654
2022-07-14,1345,1345,1335,1340,1537
2022-07-15,1350,1350,1340,1340,1342
2022-07-18,1315,1345,1315,1325,1010
2022-07-19,1325,1345,1325,1340,949
2022-07-20,1345,1350,1345,1350,251
2022-07-21,1350,1350,1350,1350,189
2022-07-22,1350,1350,1350,1350,105
2022-07-25,1350,1350,1350,1350,308
2022-07-26,1350,1350,1345,1350,555
2022-07-27,1350,1350,1340,1350,841
2022-07-28,1350,1450,1350,1450,1842
2022-07-29,1440,1440,1350,1435,726
2022-08-01,1435,1435,1355,1360,446
2022-08-02,1360,1435,1355,1425,168
2022-08-03,1425,1425,1365,1400,226
2022-08-04,1400,1400,1400,1400,27
2022-08-05,1400,1400,1350,1350,552
2022-08-09,1350,1350,1340,1350,2419
2022-08-10,1340,1350,1325,1325,568
2022-08-11,1320,1395,1255,1395,469
2022-08-12,1390,1390,1320,1350,371
2022-08-16,1350,1355,1260,1350,1198
2022-08-17,1255,1325,1255,1325,145
2022-08-18,1340,1340,1260,1260,76
2022-08-19,1260,1300,1260,1300,509
2022-08-22,1340,1340,1265,1300,990
2022-08-23,1300,1300,1300,1300,1351
2022-08-24,1300,1300,1290,1300,5243
2022-08-25,1300,1300,1290,1300,1297
2022-08-26,1300,1300,1300,1300,229
2022-08-29,1300,1300,1290,1300,795
2022-08-30,1300,1300,1280,1280,470
2022-08-31,1300,1300,1280,1295,3934
2022-09-01,1295,1300,1290,1300,1536
2022-09-02,1300,1300,1290,1300,436
2022-09-05,1300,1300,1275,1295,1175
2022-09-06,1295,1295,1275,1275,700
2022-09-07,1275,1275,1205,1215,2297
2022-09-08,1215,1215,1200,1205,2522
2022-09-09,1210,1215,1210,1210,4825
2022-09-12,1210,1210,1205,1210,2766
2022-09-13,1210,1215,1210,1215,2630
2022-09-14,1215,1215,1200,1215,14039
2022-09-15,1250,1250,1225,1225,53
2022-09-16,1225,1250,1220,1250,562
2022-09-19,1250,1250,1250,1250,375
2022-09-20,1250,1250,1215,1250,1140
2022-09-21,1250,1250,1250,1250,40
2022-09-22,1220,1250,1220,1250,1322
2022-09-23,1250,1250,1250,1250,74
2022-09-26,1250,1250,1220,1250,614
2022-09-27,1250,1250,1220,1250,136
2022-09-28,1250,1250,1225,1250,272
2022-09-29,1250,1250,1220,1220,501
2022-09-30,1220,1220,1215,1220,960
2022-10-03,1220,1220,1220,1220,122
2022-10-04,1220,1220,1205,1205,401
2022-10-05,1215,1215,1210,1215,416
2022-10-06,1210,1210,1205,1210,556
2022-10-07,1210,1215,1205,1210,713
2022-10-10,1210,1215,1200,1200,477
2022-10-11,1180,1200,1180,1200,158
2022-10-12,1210,1210,1205,1205,235
2022-10-13,1215,1215,1200,1205,1565
2022-10-14,1200,1205,1200,1205,1137
2022-10-17,1200,1205,1190,1190,905
2022-10-18,1185,1185,1185,1185,67
2022-10-19,1185,1185,1180,1185,430
2022-10-20,1100,1205,1100,1100,7276
2022-10-21,1100,1150,1100,1150,135
2022-10-24,1205,1205,1165,1165,2541
2022-10-25,1185,1195,1160,1165,713
2022-10-26,1100,1165,1100,1150,491
2022-10-27,1165,1190,1165,1190,117
2022-10-28,1165,1165,1150,1160,1181
2022-10-31,1100,1100,1100,1100,1095
2022-11-02,1100,1100,1020,1030,954
2022-11-03,1030,1100,1020,1090,1257
2022-11-04,1030,1095,1030,1095,907
2022-11-07,1090,1095,1090,1095,1322
2022-11-08,1095,1095,1045,1045,5240
2022-11-09,1030,1045,1020,1020,7103
2022-11-10,1030,1030,945,1000,6890
2022-11-11,1000,1020,1000,1000,466
2022-11-14,1020,1020,1000,1010,2208
2022-11-16,1010,1030,990,990,3238
2022-11-17,1000,1000,1000,1000,453
2022-11-18,1000,1000,950,950,6627
2022-11-21,950,1000,950,950,1139
2022-11-22,950,1005,950,1005,10384
2022-11-23,1005,1005,955,1000,1381
2022-11-24,955,995,950,950,6923
2022-11-25,950,1000,930,1000,2272
2022-11-28,930,950,930,950,31
2022-11-29,950,1000,950,950,2532
2022-11-30,900,905,900,905,4644
2022-12-01,905,905,850,850,1629
2022-12-02,850,850,835,835,455
2022-12-05,805,805,800,800,3859
2022-12-06,850,850,800,800,8243
2022-12-07,800,800,785,785,1422
2022-12-08,785,785,785,785,140
2022-12-09,800,800,795,800,3708
2022-12-12,800,800,800,800,4939
2022-12-13,800,860,800,860,8673
2022-12-14,845,845,800,800,12973
2022-12-15,800,800,785,790,12488
2022-12-16,790,790,790,790,1860
2022-12-19,790,790,785,790,2035
2022-12-20,790,790,735,750,20734
2022-12-21,790,790,775,790,1277
2022-12-22,790,790,750,750,8204
2022-12-23,755,760,750,750,20839
2022-12-27,755,790,740,790,3872
2022-12-28,790,790,750,750,11341
2022-12-29,790,790,720,720,3174
2022-12-30,750,770,720,770,2988
2023-01-02,775,775,775,775,1529
2023-01-03,790,790,785,785,9544
2023-01-04,785,800,785,800,555
2023-01-05,840,860,805,850,1354
2023-01-06,850,860,815,815,3106
2023-01-09,850,860,800,805,3011
2023-01-10,800,800,795,800,3854
2023-01-11,795,800,785,795,635
2023-01-12,800,800,780,780,1955
2023-01-13,780,780,775,780,1963
2023-01-16,750,780,740,780,806
2023-01-17,725,780,725,780,1628
2023-01-18,780,780,750,750,751
2023-01-19,790,800,790,800,465
2023-01-20,800,800,780,795,981
2023-01-23,795,800,795,800,696
2023-01-24,795,795,795,795,455
2023-01-25,795,800,785,800,1445
2023-01-26,810,810,790,790,1151
2023-01-27,790,790,785,790,829
2023-01-30,785,790,765,785,1395
2023-01-31,790,790,775,775,275
2023-02-01,790,790,790,790,1050
2023-02-02,790,790,775,790,228
2023-02-03,790,795,790,795,369
2023-02-06,790,790,785,790,2593
2023-02-07,780,795,735,795,13054
2023-02-08,795,800,755,755,3940
2023-02-09,755,755,755,755,1923
2023-02-10,755,795,755,795,1273
2023-02-13,750,795,750,790,913
2023-02-14,790,795,760,795,1346
2023-02-15,795,795,755,795,1922
2023-02-16,795,795,755,755,434
2023-02-17,795,800,780,780,1365
2023-02-20,765,780,750,780,24550
2023-02-21,760,780,735,780,4487
2023-02-22,735,780,725,780,4082
2023-02-23,725,780,725,780,1189
2023-02-24,780,800,750,795,891
2023-02-27,800,800,750,780,5369
2023-02-28,735,780,725,775,820
2023-03-01,775,780,730,730,4843
2023-03-02,735,765,730,765,8918
2023-03-03,765,765,750,760,236
2023-03-06,730,775,730,755,998
2023-03-07,765,765,765,765,78
2023-03-08,775,775,730,740,2001
2023-03-09,740,770,740,770,565
2023-03-10,750,770,740,770,855
2023-03-13,770,770,745,770,2479
2023-03-14,750,775,750,770,3663
2023-03-15,750,770,745,770,3619
2023-03-16,765,770,745,745,1806
2023-03-17,770,770,750,750,2046
2023-03-20,750,780,740,780,10703
2023-03-21,780,780,770,770,6160
2023-03-22,770,775,765,775,2013
2023-03-23,775,775,765,770,742
2023-03-24,740,770,735,770,3014
2023-03-27,740,780,740,775,1159
2023-03-28,790,790,735,740,9425
2023-03-29,740,780,735,735,1170
2023-03-30,735,775,735,775,853
2023-03-31,770,775,750,770,977
2023-04-03,750,770,730,730,2054
2023-04-04,770,770,745,745,450
2023-04-05,740,770,735,765,351
2023-04-06,765,765,750,750,200
2023-04-07,765,765,750,750,305
2023-04-11,755,755,755,755,10
2023-04-12,755,770,755,770,180
2023-04-13,770,770,755,755,1891
2023-04-14,765,765,750,760,251
2023-04-17,760,775,750,760,1647
2023-04-19,760,760,750,755,1422
2023-04-20,755,765,755,755,1186
2023-04-24,755,755,755,755,425
2023-04-25,760,760,760,760,2015
2023-04-26,755,760,750,760,421
2023-04-27,755,760,750,750,1128
2023-04-28,750,750,750,750,153
2023-05-02,695,750,695,695,2542
2023-05-03,650,650,645,645,111
2023-05-04,600,645,600,600,2955
2023-05-05,605,645,605,630,1529
2023-05-08,635,675,635,665,794
2023-05-09,670,685,640,685,1006
2023-05-10,685,695,675,675,505
2023-05-11,685,685,660,660,667
2023-05-12,675,685,620,620,1222
2023-05-15,630,665,630,665,742
2023-05-16,680,680,650,665,569
2023-05-17,655,665,650,650,586
2023-05-19,670,670,650,660,768
2023-05-22,685,685,650,650,1954
2023-05-23,680,680,645,650,544
2023-05-24,640,640,620,625,230
2023-05-25,650,650,610,650,2678
2023-05-26,660,660,605,620,4838
2023-05-30,620,650,620,620,1152
2023-05-31,620,640,600,635,3999
2023-06-01,635,635,605,620,3926
2023-06-02,635,635,625,625,756
2023-06-05,635,635,625,635,2205
2023-06-06,635,635,625,630,2656
2023-06-07,635,640,635,640,5926
2023-06-08,640,685,630,685,1723
2023-06-09,695,695,680,680,2068
2023-06-12,685,725,685,700,1944
2023-06-13,700,700,655,685,11114
2023-06-14,695,695,685,685,161
2023-06-15,685,695,685,690,698
2023-06-16,685,685,675,675,39
2023-06-19,725,725,690,725,88011
2023-06-20,775,775,775,775,9268
2023-06-21,830,830,830,830,7081
2023-06-22,890,890,890,890,1973
2023-06-23,890,890,825,825,3118
2023-06-26,775,775,765,765,1707
2023-06-27,770,775,745,745,2898
2023-06-29,745,745,700,740,3824
2023-06-30,730,740,730,740,488
2023-07-03,740,740,690,735,501
2023-07-04,740,740,695,720,872
2023-07-05,720,730,720,730,939
2023-07-06,735,735,695,730,1406
2023-07-07,720,730,720,725,361
2023-07-10,730,750,730,750,144
2023-07-11,750,750,720,720,445
2023-07-12,720,720,705,705,558
2023-07-13,700,700,690,700,1994
2023-07-14,700,705,700,705,875
2023-07-17,705,720,705,720,254
2023-07-18,720,725,720,725,436
2023-07-19,720,720,705,705,215
2023-07-20,715,725,715,725,2522
2023-07-21,750,750,715,715,31
2023-07-24,715,740,705,725,4539
2023-07-25,750,750,700,715,3792
2023-07-26,720,725,700,700,5082
2023-07-27,720,750,720,750,335
2023-07-28,750,780,750,770,742
2023-07-31,770,780,715,765,1140
2023-08-01,770,780,770,770,196
2023-08-02,765,770,765,770,262
2023-08-03,715,755,715,715,3700
2023-08-04,715,750,715,750,194
2023-08-08,750,750,745,750,1792
2023-08-09,740,750,720,725,633
2023-08-10,720,745,720,745,626
2023-08-11,725,770,725,770,1842
2023-08-14,765,770,715,760,454
2023-08-16,760,760,750,750,63
2023-08-17,750,750,710,710,5965
2023-08-18,750,750,745,750,4616
2023-08-21,750,750,725,740,2142
2023-08-22,740,750,715,750,1964
2023-08-23,750,805,740,805,2602
2023-08-24,800,850,790,850,4447
2023-08-25,850,850,845,845,660
2023-08-28,840,840,830,830,226
2023-08-29,835,835,770,770,376
2023-08-30,750,770,720,725,3050
2023-08-31,770,770,765,765,88
2023-09-01,770,770,750,750,725
2023-09-04,750,750,750,750,762
2023-09-05,750,770,735,770,1134
2023-09-06,770,780,750,770,1423
2023-09-07,765,765,750,760,1405
2023-09-08,770,770,740,765,1154
2023-09-11,765,775,760,760,559
2023-09-12,755,770,755,770,161
2023-09-13,775,820,775,820,1747
2023-09-14,825,825,795,795,3291
2023-09-15,795,795,760,795,1496
2023-09-18,795,820,760,800,2480
2023-09-19,760,800,760,800,584
2023-09-20,800,800,795,800,2148
2023-09-21,800,800,800,800,352
2023-09-22,800,800,800,800,239
2023-09-25,780,800,780,800,4252
2023-09-26,800,800,800,800,107
2023-09-28,800,800,790,790,699
2023-09-29,795,795,780,790,91
2023-10-02,790,805,790,800,154
2023-10-03,790,800,760,800,9028
2023-10-04,740,795,740,750,6540
2023-10-05,775,775,750,750,200
2023-10-06,750,775,750,770,374
2023-10-09,770,770,760,760,259
2023-10-10,775,775,760,760,257
2023-10-11,760,760,750,750,43243
2023-10-12,760,760,715,750,1890
2023-10-13,750,750,715,745,410
2023-10-16,750,750,735,735,182
2023-10-17,705,750,705,750,691
2023-10-18,735,750,735,750,230
2023-10-19,735,735,700,715,3945
2023-10-20,715,715,700,700,3468
2023-10-23,695,700,695,700,1026
2023-10-24,700,705,700,700,878
2023-10-25,700,700,695,700,87
2023-10-26,700,700,700,700,275
2023-10-27,700,700,680,700,888
2023-10-30,705,740,700,740,1484
2023-10-31,730,730,730,730,74
2023-11-02,680,680,680,680,1673
2023-11-03,630,650,630,650,21451
2023-11-06,655,695,650,650,651
2023-11-07,650,650,605,650,3201
2023-11-08,610,640,610,640,23223
2023-11-09,650,650,630,630,123
2023-11-10,625,625,600,625,1863
2023-11-13,625,625,620,620,331
2023-11-14,625,625,600,600,907
2023-11-16,600,600,595,595,1895
2023-11-17,595,595,580,580,4440
2023-11-20,540,600,540,600,1630
2023-11-21,595,600,580,580,3690
2023-11-22,600,600,580,580,1602
2023-11-23,580,590,580,580,2145
2023-11-24,585,585,585,585,3
2023-11-27,585,625,585,605,1985
2023-11-28,560,625,560,625,5612
2023-11-29,625,625,615,620,992
2023-11-30,620,620,600,600,271
2023-12-01,600,615,595,615,458
2023-12-04,615,615,610,610,773
2023-12-05,610,610,600,610,922
2023-12-06,620,620,605,605,635
2023-12-07,565,605,560,560,5400
2023-12-08,565,600,525,600,7101
2023-12-11,600,600,600,600,5211
2023-12-12,595,595,555,590,5252
2023-12-13,590,590,550,550,3883
2023-12-14,585,585,510,580,11770
2023-12-15,580,580,540,540,2596
2023-12-18,540,580,500,580,10115
2023-12-19,540,540,540,540,223
2023-12-20,540,560,500,560,5492
2023-12-21,520,550,520,540,342
2023-12-22,540,550,540,540,584
2023-12-26,540,550,540,550,1540
2023-12-27,545,550,540,550,1722
2023-12-28,575,575,575,575,198
2023-12-29,550,570,535,535,12074
2024-01-02,535,570,535,570,287
2024-01-03,570,570,550,560,1779
2024-01-04,555,560,555,560,672
2024-01-05,560,560,555,555,993
2024-01-08,560,570,560,570,83
2024-01-09,575,575,560,575,700
2024-01-10,575,590,575,575,712
2024-01-11,575,575,570,570,1235
2024-01-12,575,575,575,575,565
2024-01-15,575,575,575,575,562
2024-01-16,575,575,570,570,2224
2024-01-17,575,575,550,550,2443
2024-01-18,550,550,530,535,2121
2024-01-19,540,545,530,545,3732
2024-01-22,540,545,535,545,2091
2024-01-23,545,545,540,540,591
2024-01-24,545,580,545,580,1294
2024-01-25,585,585,585,585,811
2024-01-26,580,585,550,580,217
2024-01-29,580,580,540,540,1274
2024-01-30,540,540,540,540,272
2024-01-31,530,530,530,530,29
2024-02-01,530,530,530,530,1119
2024-02-02,550,550,520,520,587
2024-02-05,520,520,515,520,998
2024-02-06,520,550,520,530,9390
2024-02-07,545,545,530,545,811
2024-02-08,545,545,545,545,145
2024-02-09,530,545,530,545,2878
2024-02-13,530,570,525,545,7870
2024-02-14,545,545,530,545,1069
2024-02-15,540,545,530,545,456
2024-02-16,545,550,530,550,13583
2024-02-19,550,550,550,550,30
2024-02-20,550,550,540,550,865
2024-02-21,530,550,520,550,2618
2024-02-22,550,550,530,550,16432
2024-02-23,545,545,530,530,7743
2024-02-26,550,550,530,530,25
2024-02-27,530,540,530,540,9125
2024-02-28,540,540,530,530,7676
2024-02-29,550,550,530,530,394
2024-03-01,550,550,505,505,1114
2024-03-04,540,540,540,540,1
2024-03-05,550,550,530,530,1265
2024-03-06,520,525,515,525,593
2024-03-07,525,525,505,515,858
2024-03-08,510,550,510,550,5552
2024-03-11,550,590,550,590,461
2024-03-12,590,590,580,580,33
2024-03-13,575,575,565,575,491
2024-03-14,575,575,575,575,491
2024-03-15,570,570,535,535,181
2024-03-18,535,535,510,530,11081
2024-03-19,530,535,530,535,607
2024-03-20,535,535,530,535,389
2024-03-21,535,535,525,535,188
2024-03-22,535,535,510,515,9739
2024-03-25,515,515,515,515,1880
2024-03-26,510,530,510,530,773
2024-03-27,530,530,510,530,462
2024-03-28,530,530,530,530,35
2024-03-29,530,530,530,530,78
2024-04-02,530,545,530,535,402
2024-04-03,515,535,515,535,2281
2024-04-04,535,535,515,535,1346
2024-04-05,535,535,510,530,259
2024-04-08,525,525,525,525,1200
2024-04-09,525,525,520,520,1983
2024-04-11,530,530,530,530,122
2024-04-12,530,530,525,530,1616
2024-04-15,530,530,520,520,426
2024-04-16,530,530,510,520,2505
2024-04-17,520,520,515,515,391
2024-04-18,515,520,500,500,13769
2024-04-19,515,515,500,500,4322
2024-04-22,500,515,500,515,795
2024-04-23,515,515,515,515,517
2024-04-24,510,510,500,500,2500
2024-04-25,515,515,500,500,63
2024-04-26,515,515,505,515,466
2024-04-29,500,515,500,515,1060
2024-04-30,500,505,500,505,1025
2024-05-02,500,500,470,470,5062
2024-05-03,450,450,435,435,4387
2024-05-06,425,425,405,405,2363
2024-05-07,405,420,375,400,10684
2024-05-08,370,370,370,370,6923
2024-05-10,375,395,375,395,654
2024-05-13,400,420,395,420,3115
2024-05-14,420,435,390,410,4501
2024-05-15,390,410,380,410,1583
2024-05-16,410,420,410,410,3535
2024-05-17,410,420,410,420,6046
2024-05-21,390,430,390,430,3026
2024-05-22,430,430,400,430,1534
2024-05-23,430,450,430,430,1327
2024-05-24,430,450,430,450,753
2024-05-27,430,430,420,425,1028
2024-05-28,430,450,430,430,2314
2024-05-29,430,430,400,400,5828
2024-05-30,400,430,400,400,1759
2024-05-31,420,420,370,375,10677
2024-06-03,400,400,375,380,14554
2024-06-04,380,400,380,400,8056
2024-06-05,380,395,380,380,5956
2024-06-06,380,395,380,395,878
2024-06-07,395,400,380,400,3598
2024-06-10,400,400,385,400,3945
2024-06-11,400,400,400,400,2718
2024-06-12,400,405,370,400,7350
2024-06-13,400,400,375,400,721
2024-06-14,415,415,380,405,5157
2024-06-18,390,390,390,390,4526
2024-06-19,400,400,380,395,3300
2024-06-20,395,395,390,390,423
2024-06-21,400,410,400,410,681
2024-06-24,400,410,400,410,2034
2024-06-25,410,410,380,390,4435
2024-06-26,400,400,395,395,1049
2024-06-27,400,420,395,395,2851
2024-06-28,415,415,395,415,1499
2024-07-01,415,420,415,420,1651
2024-07-02,415,450,400,450,3029
2024-07-03,445,450,420,420,7788
2024-07-04,415,420,390,420,9244
2024-07-05,450,450,435,440,3774
2024-07-08,420,435,410,430,3567
2024-07-09,430,430,420,430,1554
2024-07-10,430,430,410,410,3559
2024-07-11,420,420,405,420,5819
2024-07-12,420,420,405,420,728
2024-07-15,420,420,420,420,990
2024-07-16,420,420,420,420,1876
2024-07-17,420,420,415,415,845
2024-07-18,415,415,405,405,253
2024-07-19,405,405,405,405,2901
2024-07-22,405,425,400,425,3814
2024-07-23,425,425,405,420,179
2024-07-24,420,425,420,425,836
2024-07-25,425,425,410,410,1713
2024-07-26,410,410,405,410,5130
2024-07-29,405,405,400,405,1248
2024-07-30,410,410,400,410,4333
2024-07-31,405,420,400,420,1393
2024-08-01,425,430,420,430,1284
2024-08-02,430,430,425,430,3500
2024-08-05,435,435,410,410,476
2024-08-06,410,410,400,400,7044
2024-08-08,410,425,410,425,557
2024-08-09,425,435,410,435,6716
2024-08-12,405,435,405,435,550
2024-08-13,435,435,405,435,1986
2024-08-14,415,415,415,415,252
2024-08-16,415,420,400,420,2630
2024-08-19,420,420,415,420,817
2024-08-20,435,435,420,420,2733
2024-08-21,410,420,410,420,549
2024-08-22,420,420,410,420,648
2024-08-23,420,435,420,430,607
2024-08-26,430,430,410,430,1145
2024-08-27,430,430,415,415,2663
2024-08-28,430,435,400,425,9680
2024-08-29,425,425,425,425,202
2024-08-30,420,425,410,410,5201
2024-09-02,420,420,405,420,1262
2024-09-03,420,430,400,400,7724
2024-09-04,405,420,405,420,511
2024-09-05,420,420,405,420,571
2024-09-06,415,420,410,420,10151
2024-09-09,425,425,405,405,14020
2024-09-10,425,425,405,425,11612
2024-09-11,425,425,405,425,12200
2024-09-12,425,425,410,425,266
2024-09-13,425,425,400,405,9953
2024-09-16,425,425,400,405,7316
2024-09-17,410,425,410,415,301
2024-09-18,415,425,405,415,3815
2024-09-19,425,425,415,415,1625
2024-09-20,425,425,415,415,1948
2024-09-23,425,425,415,420,2319
2024-09-24,420,420,410,420,4012
2024-09-25,425,425,425,425,219
2024-09-26,420,425,410,410,986
2024-09-27,410,420,410,420,1016
2024-09-30,420,420,420,420,5665
2024-10-01,420,420,410,420,356
2024-10-02,420,420,420,420,174
2024-10-03,420,420,410,420,4346
2024-10-04,415,420,415,420,4592
2024-10-07,430,445,425,430,8195
2024-10-08,425,450,420,425,1275
2024-10-09,425,450,425,440,4218
2024-10-10,440,470,440,470,4533
2024-10-11,500,505,500,505,5187
2024-10-14,505,505,470,495,3792
2024-10-15,500,500,475,480,4852
2024-10-16,480,480,465,465,5237
2024-10-17,460,465,460,465,815
2024-10-18,465,465,460,460,833
2024-10-21,460,460,445,445,888
2024-10-22,450,475,450,455,3848
2024-10-23,455,455,450,450,2255
2024-10-24,450,455,445,445,1584
2024-10-25,450,460,450,460,7812
2024-10-28,460,460,455,455,1110
2024-10-29,455,460,450,450,1042
2024-10-30,455,455,445,450,1592
2024-10-31,440,445,440,440,2589
2024-11-04,410,410,410,410,5778
2024-11-05,405,410,390,390,8393
2024-11-06,390,410,390,410,1900
2024-11-07,440,440,395,435,2703
2024-11-08,420,420,405,405,1629
2024-11-11,405,420,405,405,464
2024-11-12,400,410,400,400,2090
2024-11-13,400,410,395,410,5165
2024-11-14,410,410,400,400,360
2024-11-18,400,400,395,400,2500
2024-11-19,380,395,380,395,3150
2024-11-20,400,410,400,410,3686
2024-11-21,400,440,400,440,3352
2024-11-22,430,430,410,420,2267
2024-11-25,420,420,420,420,401
2024-11-26,420,420,415,415,2188
2024-11-27,415,415,410,415,3815
2024-11-28,415,420,400,420,2820
2024-11-29,400,410,400,400,475
2024-12-02,400,405,390,390,2979
2024-12-03,395,415,390,415,2692
2024-12-04,415,420,405,420,1521
2024-12-05,420,420,420,420,505
2024-12-06,405,410,400,400,5389
2024-12-09,400,410,400,410,1031
2024-12-10,410,410,385,400,4498
2024-12-11,410,410,405,405,124
2024-12-12,405,405,400,400,784
2024-12-13,395,400,395,400,436
2024-12-16,400,405,400,405,1050
2024-12-17,405,405,400,400,34
2024-12-18,410,410,390,390,271
2024-12-19,400,400,380,385,6469
2024-12-20,385,400,385,390,1028
2024-12-23,390,400,390,390,779
2024-12-24,390,390,390,390,570
2024-12-26,385,400,385,400,3802
2024-12-27,400,405,400,405,243
2024-12-30,400,410,395,395,2230
2024-12-31,415,415,410,410,151
2025-01-02,415,415,400,400,33
2025-01-03,400,400,400,400,88
2025-01-06,400,410,400,410,1046
2025-01-07,415,420,400,410,2171
2025-01-08,400,400,400,400,5247
2025-01-09,420,420,400,410,336
2025-01-10,415,415,390,415,249
2025-01-13,415,415,390,390,378
2025-01-14,395,400,395,400,78
2025-01-15,400,415,395,395,801
2025-01-16,415,415,400,400,1067
2025-01-17,415,415,395,400,1165
2025-01-20,400,400,390,390,1874
2025-01-21,390,400,390,400,3255
2025-01-22,400,400,380,400,580
2025-01-23,385,385,380,380,3003
2025-01-24,380,390,380,390,1827
2025-01-27,390,395,380,380,1043
2025-01-28,375,380,370,380,4152
2025-01-29,380,390,380,390,1163
2025-01-30,390,395,390,395,1395
2025-01-31,385,395,385,395,1944
2025-02-03,385,385,380,385,873
2025-02-04,385,410,385,410,1885
2025-02-05,415,415,390,415,1212
2025-02-06,410,410,400,400,263
2025-02-07,410,410,390,390,3566
2025-02-10,385,400,385,400,1560
2025-02-11,380,395,380,395,819
2025-02-12,400,400,395,400,2368
2025-02-13,395,400,390,400,1951
2025-02-14,400,400,395,400,510
2025-02-17,400,400,380,400,2313
2025-02-18,400,410,380,385,20056
2025-02-19,385,410,380,390,865
2025-02-20,415,415,410,410,9251
2025-02-21,410,410,390,400,4983
2025-02-24,395,400,385,400,6468
2025-02-25,400,400,385,395,817
2025-02-26,395,410,385,385,3518
2025-02-27,390,390,385,385,2741
2025-02-28,385,400,385,400,3172
2025-03-03,400,410,390,410,4450
2025-03-04,410,410,400,405,1722
2025-03-05,405,410,395,410,5366
2025-03-06,410,410,400,410,2605
2025-03-07,410,410,390,410,5892
2025-03-10,410,410,385,405,8390
2025-03-11,405,415,405,415,10006
2025-03-12,410,410,410,410,32376
2025-03-13,410,415,405,415,5100
2025-03-14,415,420,415,415,2399
2025-03-17,390,415,390,415,1917
2025-03-18,415,415,390,410,6710
2025-03-19,415,415,400,415,5958
2025-03-20,400,415,400,410,1344
2025-03-21,410,410,400,410,185
2025-03-24,410,410,400,400,5972
2025-03-25,405,405,395,395,7269
2025-03-26,410,410,405,405,1550
2025-03-28,405,410,395,410,1498
2025-04-01,410,410,400,400,3837
2025-04-02,405,405,395,395,1240
2025-04-03,395,395,390,395,8329
2025-04-04,395,400,390,400,2052
2025-04-07,400,400,395,395,2882
2025-04-08,395,410,395,395,2716
2025-04-09,395,400,395,395,2662
2025-04-10,395,395,385,385,1437
2025-04-11,400,400,385,385,7205
2025-04-14,385,390,385,390,931
2025-04-15,390,390,390,390,619
2025-04-16,390,390,385,390,200
2025-04-17,390,395,380,395,2252
2025-04-18,400,400,395,400,561
2025-04-22,400,400,380,395,947
2025-04-23,395,405,385,395,5041
2025-04-24,395,410,395,405,1338
2025-04-25,400,400,385,395,4428
2025-04-28,395,395,395,395,3964
2025-04-29,390,400,390,395,992
2025-04-30,420,420,420,420,11457
2025-05-02,450,450,450,450,19130
2025-05-05,480,480,480,480,5720
2025-05-06,500,515,500,515,11317
2025-05-07,515,535,510,535,9963
2025-05-08,530,575,530,575,10315
2025-05-09,615,615,615,615,2512
2025-05-12,660,660,620,660,12160
2025-05-13,660,705,660,705,26213
2025-05-14,715,745,715,715,13449
2025-05-15,710,710,665,665,5378
2025-05-16,625,625,620,620,3671
2025-05-19,575,575,575,575,4051
2025-05-20,535,550,535,535,3697
2025-05-21,515,520,500,505,10112
2025-05-22,510,520,505,515,4933
2025-05-23,520,520,490,510,16069
2025-05-26,510,510,475,475,2882
2025-05-27,510,510,500,510,1490
2025-05-28,525,540,525,525,2944
2025-05-30,520,520,500,515,4576
2025-06-02,510,525,500,505,5983
2025-06-03,500,520,495,515,4146
2025-06-04,515,525,500,525,6481
2025-06-05,525,555,520,555,704
2025-06-10,550,550,515,550,3909
2025-06-11,545,555,535,550,3211
2025-06-12,555,555,510,510,11193
2025-06-13,545,545,530,530,4603
2025-06-16,545,565,510,560,6723
2025-06-17,560,600,560,585,9838
2025-06-18,620,620,600,600,3796
2025-06-19,600,600,570,590,4330
2025-06-20,590,600,570,600,6913
2025-06-23,600,615,570,590,6717
2025-06-24,590,590,550,590,8093
2025-06-25,590,600,555,590,32424
2025-06-26,590,610,560,600,2214
2025-06-27,600,600,555,590,7423
2025-06-30,585,595,550,595,18511
2025-07-01,590,590,580,580,541
2025-07-02,580,600,580,585,4170
2025-07-03,585,590,580,585,3300
2025-07-04,585,595,545,580,15315
2025-07-07,580,600,580,580,836
2025-07-08,595,595,540,540,12514
2025-07-09,580,580,505,580,13556
2025-07-10,575,575,540,575,4693
2025-07-11,580,580,550,550,1315
2025-07-14,575,580,525,525,5345
2025-07-15,550,560,550,560,994
2025-07-16,570,570,550,565,4654
2025-07-17,565,565,550,560,685
2025-07-18,565,565,560,560,1313
2025-07-21,560,590,560,585,1006
2025-07-22,585,590,580,580,2420
2025-07-23,580,600,550,550,15855
2025-07-24,585,590,585,590,3347
2025-07-25,590,590,550,580,1755
2025-07-28,580,580,550,580,717
2025-07-29,550,580,550,555,361
2025-07-30,555,580,555,575,539
2025-07-31,575,575,560,565,937
2025-08-01,575,575,555,570,1255
2025-08-04,570,585,565,580,771
2025-08-05,575,585,560,580,1302
2025-08-06,580,585,580,580,1468
2025-08-08,585,590,550,550,16840
2025-08-11,550,580,540,550,3364
2025-08-12,575,585,575,580,3003
2025-08-13,580,580,575,580,1796
2025-08-14,580,580,580,580,2136
2025-08-18,620,620,620,620,11874
2025-08-19,665,665,665,665,4746
2025-08-20,710,710,700,710,27241
2025-08-21,745,745,710,740,55731
2025-08-22,730,740,690,710,7826
2025-08-25,730,745,720,745,41033
2025-08-26,745,745,725,725,22785
2025-08-27,725,760,725,760,13836
2025-08-28,765,815,765,815,47494
2025-08-29,830,875,830,875,13809
2025-09-01,915,915,885,915,25272
2025-09-02,915,945,915,930,18085
2025-09-03,930,930,870,870,19088
2025-09-05,805,820,805,805,21574
2025-09-08,810,865,805,865,20398
2025-09-09,900,925,900,925,19184
2025-09-10,925,945,925,945,33895
2025-09-11,945,945,905,905,7876
2025-09-12,960,970,910,970,5851
2025-09-15,970,1010,970,1000,13541
2025-09-16,1000,1000,980,995,18934
2025-09-17,990,995,975,990,37900
2025-09-18,990,1060,990,1060,12867
2025-09-19,1135,1135,1135,1135,6409
2025-09-22,1220,1220,1220,1220,10893
2025-09-23,1290,1300,1220,1300,83450
2025-09-24,1285,1395,1285,1360,77838
2025-09-25,1385,1385,1360,1360,12437
2025-09-26,1360,1360,1280,1315,25481
2025-09-29,1270,1300,1240,1275,50502
2025-09-30,1270,1270,1230,1270,49904
2025-10-01,1265,1265,1175,1175,33310
2025-10-02,1180,1260,1180,1260,14339
2025-10-03,1270,1345,1270,1345,16674
2025-10-06,1355,1435,1355,1425,72494
2025-10-07,1430,1445,1425,1425,11814
2025-10-08,1435,1475,1425,1425,36116
2025-10-09,1450,1475,1450,1475,37132
2025-10-10,1480,1485,1460,1480,27144
2025-10-13,1485,1550,1460,1550,56306
2025-10-14,1560,1665,1560,1665,36075
2025-10-15,1715,1785,1715,1785,19984
2025-10-16,1785,1875,1780,1785,18303
2025-10-17,1745,1750,1665,1700,27006
2025-10-20,1700,1735,1650,1700,19553
2025-10-21,1700,1800,1700,1800,34703
2025-10-22,1800,1900,1800,1890,59006
2025-10-23,1890,1990,1810,1970,24289
2025-10-24,1970,1970,1840,1870,5404
2025-10-27,1870,1900,1835,1895,16183
2025-10-28,1860,1870,1850,1870,6165
2025-10-29,1850,1850,1835,1850,2849
2025-10-30,1850,1850,1830,1830,10714
2025-10-31,1800,1810,1695,1695,92094
2025-11-03,1570,1590,1570,1570,49853
2025-11-04,1455,1455,1455,1455,1611
2025-11-05,1350,1380,1350,1360,66815
2025-11-06,1310,1460,1275,1460,10099
2025-11-07,1565,1565,1440,1565,5515
2025-11-10,1575,1680,1575,1680,14495
2025-11-11,1750,1750,1575,1595,10435
2025-11-12,1500,1550,1480,1480,8880
2025-11-13,1370,1470,1370,1470,36172
2025-11-14,1470,1470,1450,1450,1817
2025-11-17,1450,1450,1405,1450,1231
2025-11-18,1445,1445,1400,1445,14348
2025-11-19,1445,1445,1350,1385,7284
2025-11-20,1435,1450,1385,1430,6499
2025-11-21,1430,1470,1420,1470,2270
2025-11-24,1430,1575,1390,1575,7509
2025-11-25,1560,1560,1500,1560,3243
2025-11-26,1500,1570,1490,1545,5701
2025-11-27,1505,1505,1495,1495,2040
2025-11-28,1500,1500,1390,1490,8896
2025-12-01,1390,1450,1390,1450,1476
2025-12-02,1450,1450,1440,1450,1507
2025-12-03,1450,1450,1405,1445,1927
2025-12-04,1435,1445,1400,1400,11150
2025-12-05,1390,1400,1380,1400,11932
2025-12-08,1400,1445,1380,1400,6355
2025-12-09,1400,1450,1380,1450,13627
2025-12-10,1440,1445,1430,1440,1304
2025-12-11,1440,1440,1435,1440,2436
2025-12-12,1440,1440,1430,1430,1192
2025-12-15,1430,1430,1390,1430,2086
2025-12-16,1430,1430,1405,1425,1827
2025-12-17,1430,1435,1400,1425,5012
2025-12-18,1445,1445,1425,1435,821
2025-12-19,1435,1445,1435,1440,1939
2025-12-22,1400,1425,1370,1400,32491
2025-12-23,1400,1400,1370,1395,13334
2025-12-24,1395,1395,1370,1385,5402
2025-12-26,1395,1400,1380,1390,4270
2025-12-29,1390,1400,1390,1400,2019
2025-12-30,1400,1415,1365,1405,14136
2025-12-31,1420,1425,1400,1400,2066
2026-01-02,1400,1410,1400,1410,5488
2026-01-05,1395,1410,1350,1410,2482
2026-01-06,1390,1400,1355,1380,2807
2026-01-07,1380,1395,1355,1395,3774
2026-01-08,1395,1400,1380,1395,2954
2026-01-09,1385,1400,1385,1395,1319
2026-01-12,1395,1420,1395,1395,7157
2026-01-13,1395,1425,1395,1425,2083
2026-01-14,1425,1455,1400,1455,4486
2026-01-15,1450,1460,1400,1455,3567
2026-01-16,1455,1460,1450,1455,2119
2026-01-19,1455,1485,1455,1485,3448
2026-01-20,1485,1490,1455,1490,3273
2026-01-21,1480,1490,1455,1490,5898
2026-01-22,1500,1515,1490,1515,9371
2026-01-23,1525,1625,1525,1625,10766
2026-01-26,1620,1735,1605,1715,20739
2026-01-27,1710,1710,1600,1650,5948
2026-01-28,1650,1650,1580,1635,4905
2026-01-29,1635,1645,1515,1515,8807
2026-01-30,1590,1600,1590,1600,4296
2026-02-02,1600,1625,1600,1600,5021
2026-02-03,1625,1625,1600,1610,5884
2026-02-04,1655,1695,1640,1650,15818
2026-02-05,1675,1770,1675,1770,36678
2026-02-06,1790,1900,1790,1900,18041
2026-02-09,1995,2000,1900,1980,27103
2026-02-10,2000,2125,2000,2125,43605
2026-02-11,2280,2280,2270,2280,209102
2026-02-12,2395,2395,2110,2110,91867
2026-02-13,1955,2200,1955,2200,74972
2026-02-16,2205,2295,2205,2240,59498
2026-02-17,2250,2300,2245,2300,34510
2026-02-18,2300,2400,2300,2395,37507
2026-02-19,2400,2400,2310,2355,15321
2026-02-20,2355,2355,2285,2295,20878
2026-02-23,2305,2345,2295,2345,26366
2026-02-24,2340,2400,2340,2400,12989
2026-02-25,2400,2400,2345,2350,12078
2026-02-26,2350,2385,2350,2375,9625
2026-02-27,2385,2385,2355,2355,8538
2026-03-02,2355,2360,2305,2305,9132
2026-03-03,2295,2295,2135,2135,27100
2026-03-04,1975,2125,1975,1995,28464
2026-03-05,1990,2140,1990,2140,16737
2026-03-06,2150,2295,2150,2250,14012
2026-03-09,2245,2245,2085,2100,19823
2026-03-10,2100,2135,2000,2100,20530
2026-03-11,2100,2100,1990,2000,17067
2026-03-12,2000,2045,1990,2000,21385
2026-03-13,2000,2000,1975,1980,10085
2026-03-17,1985,1990,1965,1965,9556
2026-03-18,1965,2000,1965,2000,10968
2026-03-19,2000,2100,1995,2000,12656
2026-03-23,2000,2100,2000,2095,9584
2026-03-24,2095,2100,2090,2095,11296
2026-03-25,2100,2100,2070,2075,10793
2026-03-26,2075,2080,2065,2065,4750
2026-03-27,2050,2095,2050,2095,6011
2026-03-30,2095,2095,2000,2000,8542
2026-03-31,2005,2090,1990,2000,16780
2026-04-01,1980,2000,1960,1975,7885
2026-04-02,1990,1990,1935,1980,14297
2026-04-03,1985,1985,1925,1925,13859
2026-04-07,1975,1990,1950,1980,15121
2026-04-08,1980,1980,1935,1935,8828
2026-04-09,1935,1945,1920,1945,10292
2026-04-10,1950,1995,1950,1960,6066
2026-04-13,1980,1995,1950,1975,4591
2026-04-14,1970,1975,1940,1955,8374
2026-04-15,1950,1950,1850,1855,14246
2026-04-16,1900,1930,1870,1870,6871
2026-04-17,1860,1875,1860,1875,6800
2026-04-20,1855,1900,1850,1875,8755
2026-04-21,1875,1900,1850,1875,5219
2026-04-22,1980,1980,1900,1950,1735
2026-04-23,1895,1970,1890,1940,11469
2026-04-24,1940,2085,1940,2085,36739
2026-04-27,2095,2095,1940,2090,13763
2026-04-28,1950,2090,1950,1975,1787
2026-04-29,1975,1975,1950,1975,4321
2026-04-30,1875,1975,1875,1900,3013
2026-05-04,1895,1895,1860,1880,9963
2026-05-05,1880,1885,1880,1885,6859
2026-05-06,1880,1885,1800,1865,10519
2026-05-07,1870,1875,1815,1815,6987
2026-05-08,1805,1850,1800,1805,8086
2026-05-11,1805,1850,1805,1835,10131
2026-05-12,1835,1850,1815,1825,9600
2026-05-13,1825,1845,1800,1840,16098
2026-05-15,1840,1850,1815,1835,4943
2026-05-18,1850,1850,1800,1830,7326
2026-05-19,1830,1830,1795,1795,4795
2026-05-20,1800,1800,1760,1760,7402
2026-05-21,1790,1800,1760,1760,12251
2026-05-22,1760,1800,1760,1795,6592
2026-05-26,1785,1795,1780,1780,5051
2026-05-28,1770,1780,1765,1770,4703
2026-05-29,1780,1800,1765,1790,10475
2026-06-01,1790,1795,1780,1780,5379
2026-06-02,1785,1800,1785,1790,9037
2026-06-03,1850,1850,1660,1800,50120
2026-06-04,1805,1875,1805,1865,20726
2026-06-05,1875,1885,1865,1880,8740
2026-06-08,1885,1895,1880,1890,6821
2026-06-09,1890,1925,1890,1905,6758
2026-06-10,1915,1950,1915,1950,5607
2026-06-11,1945,1975,1945,1970,4571
2026-06-12,1975,1980,1970,1970,5986
2026-06-15,1980,1990,1970,1980,6086
2026-06-16,1980,1990,1960,1970,5252
2026-06-17,1970,1975,1940,1945,6212
2026-06-18,1945,1970,1945,1950,3346
2026-06-19,1940,1940,1900,1930,11392
2026-06-22,1930,1940,1925,1940,5398
2026-06-23,1925,1945,1905,1945,12327
2026-06-24,1950,1970,1945,1965,8885
2026-06-25,1965,1980,1965,1980,7959
2026-06-26,1985,1995,1980,1985,7371
2026-06-29,1950,1980,1950,1970,6705
2026-06-30,1825,1825,1825,1825,9324
2026-07-01,1690,1690,1690,1690,10132
2026-07-02,1565,1565,1565,1565,19449
2026-07-03,1450,1555,1450,1535,111753
2026-07-06,1505,1530,1475,1475,48842
2026-07-07,1475,1475,1380,1385,37170
2026-07-08,1300,1325,1285,1285,28170
2026-07-09,1200,1270,1200,1250,49795
2026-07-10,1260,1340,1260,1340,9655
2026-07-13,1440,1440,1440,1440,3018
2026-07-14,1545,1545,1545,1545,6701
2026-07-15,1660,1660,1660,1660,4612
2026-07-16,1780,1780,1780,1780,9984
2026-07-17,1910,1910,1800,1845,40295
2026-07-20,1870,1890,1855,1870,17654
2026-07-21,1880,1900,1875,1875,11470
2026-07-22,1880,1900,1875,1890,10268
2026-07-23,1890,1895,1830,1830,10251
2026-07-24,1800,1900,1750,1850,11983
2026-07-27,1850,1970,1850,1970,25581
2026-07-28,1970,1975,1825,1950,10900
2026-07-29,1945,1950,1865,1905,3225
2026-07-30,1905,1905,1875,1900,4076
2026-07-31,1895,1945,1875,1945,10059
2026-08-03,1950,1950,1900,1900,6968
2026-08-04,1860,1900,1850,1890,7041
2026-08-05,1835,1895,1835,1895,5591
2026-08-06,1835,1940,1835,1900,5463
2026-08-10,1905,1950,1900,1935,5238
2026-08-11,1935,1940,1900,1900,12601
2026-08-12,1900,1930,1870,1925,11948
2026-08-13,1930,1950,1925,1940,10478
2026-08-14,1960,2000,1960,2000,21795
2026-08-17,2050,2105,2050,2105,12858
2026-08-18,2260,2260,2260,2260,21352
2026-08-19,2425,2425,2385,2425,34846
2026-08-20,2500,2500,2425,2470,22803
2026-08-21,2470,2475,2415,2465,10893
2026-08-24,2470,2495,2360,2495,47040
2026-08-26,2495,2500,2400,2400,14884
2026-08-27,2410,2455,2400,2415,12398
2026-08-28,2415,2460,2400,2455,11244
2026-08-31,2405,2455,2405,2440,3554
2026-09-01,2445,2450,2420,2450,9291
2026-09-02,2450,2450,2400,2450,23294
2026-09-03,2450,2460,2420,2425,10691
2026-09-04,2420,2430,2400,2405,10224
2026-09-07,2405,2430,2335,2340,10416
2026-09-08,2345,2385,2335,2340,6177
2026-09-09,2320,2380,2320,2350,11627
2026-09-10,2380,2410,2355,2400,8415
2026-09-11,2405,2415,2400,2400,5986
2026-09-14,2400,2400,2385,2400,4434
2026-09-15,2400,2400,2350,2380,7922
2026-09-16,2380,2385,2300,2340,8652
2026-09-17,2345,2345,2200,2320,4518
2026-09-18,2300,2350,2210,2320,21240
2026-09-21,2350,2360,2325,2330,12207
2026-09-22,2330,2350,2200,2325,30697
2026-09-23,2325,2325,2155,2200,29168
2026-09-24,2190,2200,2100,2200,10792
2026-09-25,2200,2350,2200,2350,9912
