Date,Open,High,Low,Close,Volume
2001-06-20,36000,36000,36000,36000,10
2001-07-30,36000,36000,36000,36000,10
2001-08-01,36000,36000,36000,36000,30
2001-08-03,36000,36000,36000,36000,101
2001-08-08,36000,36000,36000,36000,56
2001-08-10,36000,36000,36000,36000,58
2001-08-16,36050,36050,36050,36050,10
2001-08-17,36100,36100,36100,36100,21
2001-08-22,36105,36105,36105,36105,56
2001-08-24,36200,36200,36200,36200,132
2001-08-29,36200,36200,36200,36200,100
2001-08-31,36500,36500,36500,36500,59
2001-09-03,36500,36500,36500,36500,63
2001-09-05,37100,37100,37100,37100,20
2001-09-07,37500,37500,37500,37500,44
2001-09-12,37800,37800,37800,37800,12
2001-09-17,39500,39500,39500,39500,63
2001-09-19,41000,41000,41000,41000,61
2001-09-24,42000,42000,42000,42000,650
2001-09-26,42000,42000,42000,42000,126
2001-09-28,42000,42000,42000,42000,37
2001-10-01,40995,40995,40995,40995,22
2001-10-03,40995,40995,40995,40995,28
2001-10-05,40000,40000,40000,40000,44
2001-10-10,40000,40000,40000,40000,8
2001-10-12,40000,40000,40000,40000,100
2001-10-17,40000,40000,40000,40000,10
2001-10-26,40000,40000,40000,40000,25
2001-10-31,39995,39995,39995,39995,17
2001-11-02,40000,40000,40000,40000,267
2001-11-05,40000,40000,40000,40000,31
2001-11-07,40000,40000,40000,40000,329
2001-11-09,40000,40000,40000,40000,466
2001-11-12,40000,40000,40000,40000,3
2001-11-13,40000,40000,40000,40000,10
2001-11-14,40000,40000,40000,40000,5
2001-11-16,39500,39500,39500,39500,113
2001-11-19,39500,39500,39500,39500,190
2001-11-20,40000,40000,40000,40000,95
2001-11-22,40000,40000,40000,40000,552
2001-11-23,40000,40000,40000,40000,284
2001-11-26,40000,40000,40000,40000,5
2001-11-28,40000,40000,40000,40000,24
2001-12-04,40000,40000,40000,40000,422
2001-12-05,40000,40000,40000,40000,52
2001-12-06,40000,40000,40000,40000,3
2001-12-07,40000,40000,40000,40000,5
2001-12-10,39500,39500,39500,39500,39
2001-12-13,39500,39500,39500,39500,306
2001-12-14,39500,39500,39500,39500,7
2001-12-17,39500,39500,39500,39500,1
2001-12-18,39500,39500,39500,39500,33
2001-12-19,40000,40000,40000,40000,25
2001-12-20,40000,40000,40000,40000,175
2001-12-21,40000,40000,40000,40000,13
2001-12-24,40000,40000,40000,40000,20
2001-12-26,40000,40000,40000,40000,1
2001-12-27,40000,40000,40000,40000,47
2001-12-28,40000,40000,40000,40000,158
2002-01-03,39500,39500,39500,39500,54
2002-01-07,40000,40000,40000,40000,15
2002-01-10,40000,40000,40000,40000,80
2002-01-11,40000,40000,40000,40000,24
2002-01-14,40000,40000,40000,40000,303
2002-01-15,40000,40000,40000,40000,8
2002-01-21,39500,39500,39500,39500,36
2002-01-22,39500,39500,39500,39500,32
2002-01-24,39500,39500,39500,39500,59
2002-01-25,39500,39500,39500,39500,62
2002-01-30,36540,36540,36540,36540,15
2002-01-31,36540,36540,36540,36540,58
2002-02-01,36540,36540,36540,36540,10
2002-02-07,36540,36540,36540,36540,5
2002-02-08,37000,37000,37000,37000,46
2002-02-11,37000,37000,37000,37000,1
2002-02-12,38000,38000,38000,38000,39
2002-02-13,38550,38550,38550,38550,9
2002-02-14,38550,38550,38550,38550,33
2002-02-18,38550,38550,38550,38550,12
2002-02-20,40000,40000,40000,40000,89
2002-02-26,40000,40000,40000,40000,10
2002-02-27,40000,40000,40000,40000,9
2002-03-01,40000,40000,40000,40000,1
2002-03-04,40000,40000,40000,40000,13
2002-03-05,40000,40000,40000,40000,21
2002-03-06,39995,39995,39995,39995,232
2002-03-12,39995,39995,39995,39995,27
2002-03-13,39995,39995,39995,39995,14
2002-03-14,38000,38000,38000,38000,90
2002-03-15,38000,38000,38000,38000,151
2002-03-18,38000,38000,38000,38000,13
2002-03-20,38000,38000,38000,38000,2
2002-03-21,38000,38000,38000,38000,58
2002-03-22,38000,38000,38000,38000,10
2002-03-25,38000,38000,38000,38000,21
2002-03-26,38000,38000,38000,38000,93
2002-03-27,38000,38000,38000,38000,2
2002-04-02,38000,38000,38000,38000,51
2002-04-03,38000,38000,38000,38000,1
2002-04-05,38000,38000,38000,38000,14
2002-04-08,38000,38000,38000,38000,16
2002-04-09,38000,38000,38000,38000,15
2002-04-11,38000,38000,38000,38000,23
2002-04-16,38000,38000,38000,38000,5
2002-04-17,38000,38000,38000,38000,108
2002-04-18,38000,38000,38000,38000,4
2002-04-22,38000,38000,38000,38000,77
2002-04-24,38000,38000,38000,38000,56
2002-04-29,37500,37500,37500,37500,11
2002-04-30,37500,37500,37500,37500,29
2002-05-02,37200,37200,37200,37200,41
2002-05-03,37000,37000,37000,37000,125
2002-05-10,37550,37550,37550,37550,12
2002-05-13,37550,37550,37550,37550,27
2002-05-14,37650,37650,37650,37650,8
2002-05-22,38100,38100,38100,38100,10
2002-05-23,38120,38120,38120,38120,10
2002-05-27,38700,38700,38700,38700,76
2002-05-29,38900,38900,38900,38900,24
2002-06-05,38905,38905,38905,38905,10
2002-06-06,38910,38910,38910,38910,53
2002-06-13,39000,39000,39000,39000,28
2002-06-24,39500,39500,39500,39500,100
2002-06-25,39510,39510,39510,39510,9
2002-06-27,40000,40000,40000,40000,28
2002-06-28,40005,40005,40005,40005,31
2002-07-03,40000,40000,40000,40000,65
2002-07-04,39000,39000,39000,39000,10
2002-07-05,39000,39000,39000,39000,36
2002-07-09,39000,39000,39000,39000,5
2002-07-10,39000,39000,39000,39000,1
2002-07-12,39150,39150,39150,39150,141
2002-07-15,39150,39150,39150,39150,36
2002-07-18,38995,38995,38995,38995,10
2002-07-19,39000,39000,39000,39000,15
2002-07-23,39000,39000,39000,39000,29
2002-07-24,39000,39000,39000,39000,17
2002-07-30,39000,39000,39000,39000,363
2002-08-01,39000,39000,39000,39000,25
2002-08-02,39000,39000,39000,39000,96
2002-08-09,39000,39000,39000,39000,3
2002-08-13,39000,39000,39000,39000,8
2002-08-14,39000,39000,39000,39000,50
2002-08-16,39000,39000,39000,39000,7
2002-08-19,39000,39000,39000,39000,13
2002-08-20,39000,39000,39000,39000,64
2002-08-23,39000,39000,39000,39000,3
2002-08-26,39000,39000,39000,39000,17
2002-08-27,39000,39000,39000,39000,18
2002-08-28,39005,39005,39005,39005,45
2002-08-29,39000,39000,39000,39000,32
2002-09-02,39000,39000,39000,39000,6
2002-09-03,39000,39000,39000,39000,42
2002-09-04,39000,39000,39000,39000,11
2002-09-05,39000,39000,39000,39000,9
2002-09-06,39000,39000,39000,39000,29
2002-09-09,39000,39000,39000,39000,25
2002-09-11,39000,39000,39000,39000,364
2002-09-16,39000,39000,39000,39000,13
2002-09-17,39000,39000,39000,39000,12
2002-09-18,39000,39000,39000,39000,50
2002-09-24,39000,39000,39000,39000,10
2002-09-25,39000,39000,39000,39000,20
2002-09-26,39000,39000,39000,39000,11
2002-09-27,39000,39000,39000,39000,9
2002-10-02,39000,39000,39000,39000,25
2002-10-14,39000,39000,39000,39000,17
2002-10-22,38990,38990,38990,38990,15
2002-10-24,38990,38990,38990,38990,22
2002-10-29,38990,38990,38990,38990,5
2002-12-12,38000,38000,38000,38000,10
2002-12-23,38000,38000,38000,38000,8
2002-12-27,38900,38900,38900,38900,35
2002-12-31,40000,40000,40000,40000,70
2003-01-09,38000,38000,38000,38000,12
2003-01-10,38000,38000,38000,38000,19
2003-01-20,37000,37000,37000,37000,10
2003-02-14,36000,36000,36000,36000,23
2003-02-17,34000,34000,34000,34000,25
2003-03-06,34000,34000,34000,34000,4
2003-03-12,31450,31450,31450,31450,18
2003-03-14,30000,30000,30000,30000,12
2003-03-21,29500,29500,29500,29500,232
2003-03-24,28995,28995,28995,28995,13
2003-03-25,28995,28995,28995,28995,40
2003-03-26,27750,27750,27750,27750,58
2003-04-01,27000,27000,27000,27000,50
2003-04-02,27000,27000,27000,27000,10
2003-04-04,27000,27000,27000,27000,10
2003-04-07,27000,27000,27000,27000,510
2003-04-08,27000,27000,27000,27000,73
2003-04-09,27000,27000,27000,27000,5
2003-04-10,27000,27000,27000,27000,11
2003-04-11,27000,27000,27000,27000,50
2003-04-15,27000,27000,27000,27000,36
2003-04-16,27000,27000,27000,27000,3
2003-04-17,27000,27000,27000,27000,32
2003-04-23,27000,27000,27000,27000,5
2003-04-24,27000,27000,27000,27000,50
2003-04-25,27000,27000,27000,27000,50
2003-04-28,27000,27000,27000,27000,10
2003-04-30,27000,27000,27000,27000,100
2003-05-02,27000,27000,27000,27000,29
2003-05-07,27000,27000,27000,27000,8
2003-05-08,26000,26000,26000,26000,20
2003-05-09,26000,26000,26000,26000,42
2003-05-14,25700,25700,25700,25700,55
2003-05-15,25700,25700,25700,25700,14
2003-05-16,25700,25700,25700,25700,85
2003-05-19,25700,25700,25700,25700,60
2003-05-20,25800,25800,25800,25800,997
2003-05-21,25800,25800,25800,25800,243
2003-06-03,26000,26000,26000,26000,9
2003-06-04,26000,26000,26000,26000,150
2003-06-11,26000,26000,26000,26000,51
2003-06-16,31000,31000,31000,31000,10
2003-06-20,28500,28500,28500,28500,15
2003-06-23,28450,28450,28450,28450,17
2003-06-24,28400,28400,28400,28400,10
2003-06-30,26500,26500,26500,26500,35
2003-07-02,26000,26000,26000,26000,141
2003-07-03,26000,26000,26000,26000,172
2003-07-08,26000,26000,26000,26000,19
2003-07-15,26200,26200,26200,26200,29
2003-07-17,26200,26200,26200,26200,53
2003-07-18,26200,26200,26200,26200,4
2003-07-25,26100,26100,26100,26100,76
2003-07-29,26000,26000,26000,26000,364
2003-07-30,27900,27900,27900,27900,12
2003-07-31,29950,29950,29950,29950,18
2003-08-05,29000,29000,29000,29000,8
2003-08-13,26700,26700,26700,26700,100
2003-08-14,26700,26700,26700,26700,4
2003-08-19,26800,26800,26800,26800,10
2003-08-21,26800,26800,26800,26800,37
2003-08-22,26800,26800,26800,26800,6
2003-08-26,30000,30000,30000,30000,10
2003-08-28,30000,30000,30000,30000,1
2003-08-29,28000,28000,28000,28000,10
2003-09-01,27500,27500,27500,27500,89
2003-09-02,27500,27500,27500,27500,7
2003-09-11,27500,27500,27500,27500,15
2003-09-17,27500,27500,27500,27500,20
2003-09-18,27500,27500,27500,27500,100
2003-09-19,27000,27000,27000,27000,170
2003-09-22,27500,27500,27500,27500,10
2003-09-24,26700,26700,26700,26700,94
2003-09-25,26700,26700,26700,26700,15
2003-09-26,26700,26700,26700,26700,130
2003-10-02,26695,26695,26695,26695,105
2003-10-03,26695,26695,26695,26695,38
2003-10-08,26695,26695,26695,26695,37
2003-10-14,27500,27500,27500,27500,19
2003-10-15,27500,27500,27500,27500,20
2003-10-16,27500,27500,27500,27500,5
2003-10-17,27500,27500,27500,27500,19
2003-10-21,27500,27500,27500,27500,1050
2003-10-23,27500,27500,27500,27500,10
2003-10-27,27500,27500,27500,27500,20
2003-10-28,27495,27495,27495,27495,20
2003-10-29,28000,28000,28000,28000,12
2003-10-30,30000,30000,30000,30000,12
2003-11-21,25800,25800,25800,25800,49
2003-11-24,25800,25800,25800,25800,10
2003-12-01,25790,25790,25790,25790,10
2003-12-04,25790,25790,25790,25790,50
2003-12-05,25790,25790,25790,25790,54
2003-12-09,27700,27700,27700,27700,21
2003-12-10,29600,29600,29600,29600,30
2003-12-11,30000,30000,30000,30000,49
2003-12-17,32250,32250,32250,32250,52
2003-12-18,34600,34600,34600,34600,45
2003-12-19,37000,37000,37000,37000,90
2003-12-26,37000,37000,37000,37000,150
2003-12-29,34495,34495,34495,34495,20
2003-12-31,37000,37000,37000,37000,365
2004-01-19,34490,34490,34490,34490,10
2004-01-30,31950,31950,31950,31950,100
2004-02-02,31950,31950,31950,31950,10
2004-02-10,31890,31890,31890,31890,108
2004-02-11,31890,31890,31890,31890,1
2004-02-12,29600,29600,29600,29600,9
2004-02-13,29000,29000,29000,29000,59
2004-02-16,29000,29000,29000,29000,20
2004-02-19,29000,29000,29000,29000,56
2004-02-20,29000,29000,29000,29000,12
2004-02-24,29000,29000,29000,29000,8
2004-02-25,29000,29000,29000,29000,105
2004-02-27,29000,29000,29000,29000,61
2004-03-01,29000,29000,29000,29000,45
2004-03-02,29000,29000,29000,29000,10
2004-03-03,29000,29000,29000,29000,1
2004-03-04,29000,29000,29000,29000,9
2004-03-08,29000,29000,29000,29000,15
2004-03-09,29000,29000,29000,29000,13
2004-03-10,29000,29000,29000,29000,100
2004-03-15,29000,29000,29000,29000,15
2004-03-19,29000,29000,29000,29000,30
2004-03-23,30000,30000,30000,30000,67
2004-03-24,30000,30000,30000,30000,10
2004-03-31,30000,30000,30000,30000,40
2004-04-02,30000,30000,30000,30000,23
2004-04-08,30000,30000,30000,30000,5
2004-04-14,30000,30000,30000,30000,20
2004-04-20,30000,30000,30000,30000,22
2004-04-23,30000,30000,30000,30000,95
2004-04-27,30000,30000,30000,30000,50
2004-04-28,30000,30000,30000,30000,10
2004-04-30,30000,30000,30000,30000,75
2004-05-04,30000,30000,30000,30000,2
2004-05-05,30000,30000,30000,30000,50
2004-05-10,30000,30000,30000,30000,9
2004-05-12,30000,30000,30000,30000,3
2004-05-13,30000,30000,30000,30000,100
2004-05-14,29000,29000,29000,29000,20
2004-05-17,28895,28895,28895,28895,10
2004-05-19,28895,28895,28895,28895,2
2004-05-27,28000,28000,28000,28000,50
2004-05-28,28000,28000,28000,28000,3
2004-06-01,27000,27000,27000,27000,145
2004-06-02,27000,27000,27000,27000,1
2004-06-04,27000,27000,27000,27000,11
2004-06-17,26000,26000,26000,26000,61
2004-06-18,26000,26000,26000,26000,24
2004-06-21,26000,26000,26000,26000,24
2004-06-24,26000,26000,26000,26000,5
2004-07-01,26000,26000,26000,26000,55
2004-07-02,26000,26000,26000,26000,13
2004-07-05,26000,26000,26000,26000,3
2004-07-07,26000,26000,26000,26000,10
2004-07-08,26000,26000,26000,26000,9
2004-07-12,26000,26000,26000,26000,41
2004-07-13,26000,26000,26000,26000,30
2004-07-14,26000,26000,26000,26000,1
2004-07-15,26000,26000,26000,26000,2
2004-07-20,26000,26000,26000,26000,1
2004-07-22,26000,26000,26000,26000,1
2004-07-27,26000,26000,26000,26000,263
2004-07-29,26000,26000,26000,26000,5
2004-08-03,26000,26000,26000,26000,6
2004-08-05,26000,26000,26000,26000,6
2004-08-12,26000,26000,26000,26000,2
2004-08-18,26000,26000,26000,26000,2
2004-08-19,27000,27000,27000,27000,28
2004-08-24,27000,27000,27000,27000,13
2004-08-26,27000,27000,27000,27000,1
2004-08-27,27000,27000,27000,27000,16
2004-08-30,27000,27000,27000,27000,1
2004-08-31,27000,27000,27000,27000,5
2004-09-08,28000,28000,28000,28000,8
2004-09-10,28000,28000,28000,28000,3
2004-09-16,28000,28000,28000,28000,76
2004-09-17,28010,28010,28010,28010,50
2004-09-20,28010,28010,28010,28010,6
2004-09-21,28000,28000,28000,28000,18
2004-09-24,26000,26000,26000,26000,11
2004-09-29,26000,26000,26000,26000,2
2004-09-30,26000,26000,26000,26000,10
2004-10-04,26000,26000,26000,26000,75
2004-10-05,26000,26000,26000,26000,20
2004-10-06,25000,25000,25000,25000,15
2004-10-07,24990,24990,24990,24990,25
2004-10-12,24990,24990,24990,24990,15
2004-10-14,24990,24990,24990,24990,1
2004-10-18,24990,24990,24990,24990,10
2004-10-19,23120,23120,23120,23120,50
2004-10-20,23120,23120,23120,23120,95
2004-10-21,23120,23120,23120,23120,44
2004-10-22,23120,23120,23120,23120,190
2004-10-28,21390,21390,21390,21390,12
2004-10-29,22000,22000,22000,22000,12
2004-11-04,22050,22050,22050,22050,38
2004-11-05,22050,22050,22050,22050,10
2004-11-16,22000,22000,22000,22000,26
2004-11-18,22000,22000,22000,22000,10
2004-11-19,22000,22000,22000,22000,8
2004-11-26,22000,22000,22000,22000,79
2004-11-30,22000,22000,22000,22000,10
2004-12-01,22000,22000,22000,22000,5
2004-12-03,22000,22000,22000,22000,25
2004-12-06,22000,22000,22000,22000,13
2004-12-07,22000,22000,22000,22000,6
2004-12-15,22000,22000,22000,22000,3
2004-12-16,22000,22000,22000,22000,98
2004-12-17,22000,22000,22000,22000,2
2004-12-22,27300,27300,27300,27300,41
2004-12-28,27300,27300,27300,27300,2
2004-12-31,27300,27300,27300,27300,1
2005-01-05,27300,27300,27300,27300,1
2005-02-04,25300,25300,25300,25300,10
2005-02-08,25300,25300,25300,25300,66
2005-04-01,25000,25000,25000,25000,31
2005-04-07,24000,24000,24000,24000,56
2005-04-13,24000,24000,24000,24000,16
2005-04-15,22200,22200,22200,22200,373
2005-04-18,22200,22200,22200,22200,207
2005-04-27,22200,22200,22200,22200,4
2005-04-28,22200,22200,22200,22200,12
2005-04-29,22200,22200,22200,22200,10
2005-05-03,22200,22200,22200,22200,2
2005-05-10,19000,19000,19000,19000,47
2005-05-12,19000,19000,19000,19000,6
2005-05-13,19000,19000,19000,19000,21
2005-05-18,20425,20425,20425,20425,12
2005-05-19,20425,20425,20425,20425,4
2005-05-20,20450,20450,20450,20450,8
2005-05-25,20000,20000,20000,20000,352
2005-05-26,20000,20000,20000,20000,10
2005-06-01,20455,20455,20455,20455,40
2005-06-02,20000,20000,20000,20000,10
2005-06-06,20300,20300,20300,20300,36
2005-06-10,20000,20000,20000,20000,15
2005-06-14,20000,20000,20000,20000,141
2005-06-15,19000,19000,19000,19000,59
2005-06-16,19000,19000,19000,19000,13
2005-06-17,19000,19000,19000,19000,10
2005-06-20,19000,19000,19000,19000,14
2005-06-21,19000,19000,19000,19000,60
2005-06-23,19000,19000,19000,19000,15
2005-06-24,19000,19000,19000,19000,1
2005-06-29,19000,19000,19000,19000,70
2005-07-04,18995,18995,18995,18995,56
2005-07-08,19000,19000,19000,19000,74
2005-07-12,19000,19000,19000,19000,10
2005-07-14,19000,19000,19000,19000,2
2005-07-18,19000,19000,19000,19000,1
2005-07-19,19000,19000,19000,19000,93
2005-07-21,19000,19000,19000,19000,7
2005-07-26,18995,18995,18995,18995,60
2005-07-29,18995,18995,18995,18995,5
2005-08-01,18000,18000,18000,18000,75
2005-08-02,18000,18000,18000,18000,112
2005-08-04,18000,18000,18000,18000,2
2005-08-09,18200,18200,18200,18200,28
2005-08-10,18200,18200,18200,18200,34
2005-08-11,18200,18200,18200,18200,4
2005-08-12,18200,18200,18200,18200,92
2005-08-17,18200,18200,18200,18200,2
2005-08-19,18200,18200,18200,18200,8
2005-08-23,18500,18500,18500,18500,71
2005-08-25,18500,18500,18500,18500,111
2005-08-26,18500,18500,18500,18500,227
2005-08-31,18500,18500,18500,18500,11
2005-09-01,18500,18500,18500,18500,66
2005-09-02,18500,18500,18500,18500,26
2005-09-05,18500,18500,18500,18500,37
2005-09-07,18500,18500,18500,18500,10
2005-09-08,18500,18500,18500,18500,45
2005-09-12,18500,18500,18500,18500,43
2005-09-14,18500,18500,18500,18500,60
2005-09-16,18000,18000,18000,18000,212
2005-09-19,18000,18000,18000,18000,10
2005-09-22,17995,17995,17995,17995,35
2005-09-28,18000,18000,18000,18000,10
2005-10-05,18000,18000,18000,18000,6
2005-10-06,17890,17890,17890,17890,20
2005-10-10,17000,17000,17000,17000,160
2005-10-11,17000,17000,17000,17000,151
2005-10-12,17000,17000,17000,17000,10
2005-10-13,16000,16000,16000,16000,93
2005-10-14,16000,16000,16000,16000,25
2005-10-19,15900,15900,15900,15900,10
2005-10-20,15500,15500,15500,15500,10
2005-10-21,15510,15510,15510,15510,10
2005-10-25,15510,15510,15510,15510,5
2005-10-31,15510,15510,15510,15510,6
2005-11-04,14400,14400,14400,14400,15
2005-11-09,14350,14350,14350,14350,15
2005-11-11,14350,14350,14350,14350,20
2005-11-14,14295,14295,14295,14295,15
2005-11-21,14280,14280,14280,14280,15
2005-11-23,14200,14200,14200,14200,27
2005-11-24,14200,14200,14200,14200,10
2005-11-28,13500,13500,13500,13500,65
2005-11-29,13500,13500,13500,13500,44
2005-12-01,14300,14300,14300,14300,10
2005-12-13,14300,14300,14300,14300,1
2005-12-20,14300,14300,14300,14300,1
2005-12-28,13500,13500,13500,13500,167
2006-01-09,13300,13300,13300,13300,36
2006-01-20,13000,13000,13000,13000,265
2006-01-27,12500,12500,12500,12500,1
2006-01-30,12500,12500,12500,12500,9
2006-02-01,12500,12500,12500,12500,100
2006-02-03,12395,12395,12395,12395,200
2006-02-06,12000,12000,12000,12000,28
2006-02-07,12000,12000,12000,12000,152
2006-02-09,12000,12000,12000,12000,15
2006-02-13,12000,12000,12000,12000,5
2006-02-14,12000,12000,12000,12000,186
2006-02-15,12000,12000,12000,12000,33
2006-02-16,12000,12000,12000,12000,1
2006-02-17,12050,12050,12050,12050,32
2006-02-20,12000,12000,12000,12000,25
2006-02-21,12000,12000,12000,12000,50
2006-02-22,12000,12000,12000,12000,3
2006-02-23,12050,12050,12050,12050,207
2006-02-27,12050,12050,12050,12050,35
2006-02-28,12050,12050,12050,12050,194
2006-03-01,12050,12050,12050,12050,22
2006-03-03,12050,12050,12050,12050,133
2006-03-07,12000,12000,12000,12000,68
2006-03-09,12000,12000,12000,12000,2
2006-03-10,12000,12000,12000,12000,1
2006-03-20,13000,13000,13000,13000,103
2006-03-24,13000,13000,13000,13000,2
2006-03-28,13000,13000,13000,13000,21
2006-03-30,13000,13000,13000,13000,318
2006-04-03,13105,13105,13105,13105,94
2006-04-04,13805,13805,13805,13805,75
2006-04-05,13800,13800,13800,13800,15
2006-04-06,14000,14000,14000,14000,35
2006-04-10,14000,14000,14000,14000,15
2006-04-12,14000,14000,14000,14000,18
2006-04-13,14000,14000,14000,14000,11
2006-04-14,14000,14000,14000,14000,60
2006-04-20,14000,14000,14000,14000,50
2006-04-24,13800,13800,13800,13800,36
2006-04-25,13800,13800,13800,13800,224
2006-05-02,13800,13800,13800,13800,5
2006-05-03,13000,13000,13000,13000,171
2006-05-04,13000,13000,13000,13000,75
2006-05-09,13000,13000,13000,13000,2
2006-05-15,12000,12000,12000,12000,76
2006-05-16,12000,12000,12000,12000,33
2006-05-18,12500,12500,12500,12500,52
2006-05-22,12000,12000,12000,12000,26
2006-05-24,12000,12000,12000,12000,53
2006-05-26,12500,12500,12500,12500,30
2006-05-30,12000,12000,12000,12000,51
2006-06-01,12000,12000,12000,12000,3
2006-06-30,10000,10000,10000,10000,13
2006-07-04,10000,10000,10000,10000,30
2006-07-06,10000,10000,10000,10000,40
2006-07-07,10000,10000,10000,10000,20
2006-07-10,10000,10000,10000,10000,81
2006-07-11,10000,10000,10000,10000,11
2006-07-13,10000,10000,10000,10000,7
2006-07-14,10000,10000,10000,10000,100
2006-07-17,10000,10000,10000,10000,30
2006-07-20,10000,10000,10000,10000,2
2006-07-24,10000,10000,10000,10000,1
2006-08-01,12000,12000,12000,12000,126
2006-08-04,11995,11995,11995,11995,10
2006-08-08,12000,12000,12000,12000,70
2006-08-09,12000,12000,12000,12000,50
2006-08-16,12000,12000,12000,12000,5
2006-08-17,12000,12000,12000,12000,39
2006-08-22,12000,12000,12000,12000,110
2006-08-24,12000,12000,12000,12000,150
2006-08-25,12000,12000,12000,12000,11
2006-08-29,12000,12000,12000,12000,7
2006-08-30,12000,12000,12000,12000,3
2006-08-31,12000,12000,12000,12000,35
2006-09-05,12000,12000,12000,12000,1
2006-09-06,12000,12000,12000,12000,2
2006-09-27,12000,12000,12000,12000,1
2006-10-03,12000,12000,12000,12000,10
2006-10-16,12000,12000,12000,12000,1
2006-10-31,12000,12000,12000,12000,9
2006-11-02,12000,12000,12000,12000,32
2006-11-03,12000,12000,12000,12000,46
2006-11-06,12000,12000,12000,12000,8
2006-11-07,12000,12000,12000,12000,51
2006-11-08,12000,12000,12000,12000,50
2006-11-13,11900,11900,11900,11900,17
2006-11-14,11900,11900,11900,11900,8
2006-11-20,11900,11900,11900,11900,75
2006-11-23,11900,11900,11900,11900,40
2006-11-27,11900,11900,11900,11900,49
2006-11-29,11900,11900,11900,11900,80
2006-11-30,11900,11900,11900,11900,50
2006-12-01,11900,11900,11900,11900,10
2006-12-04,11900,11900,11900,11900,20
2006-12-05,11800,11800,11800,11800,19
2006-12-06,11800,11800,11800,11800,15
2006-12-13,11800,11800,11800,11800,1
2006-12-14,11800,11800,11800,11800,34
2006-12-15,11800,11800,11800,11800,30
2006-12-19,11800,11800,11800,11800,130
2006-12-20,11800,11800,11800,11800,30
2006-12-27,11800,11800,11800,11800,93
2006-12-28,11800,11800,11800,11800,12
2007-01-03,11800,11800,11800,11800,38
2007-01-05,11800,11800,11800,11800,7
2007-01-09,11800,11800,11800,11800,30
2007-01-10,11800,11800,11800,11800,18
2007-01-11,11800,11800,11800,11800,30
2007-01-12,11800,11800,11800,11800,1
2007-01-18,11795,11795,11795,11795,100
2007-02-08,11800,11800,11800,11800,50
2007-02-23,11500,11500,11500,11500,54
2007-02-27,11500,11500,11500,11500,62
2007-02-28,11500,11500,11500,11500,1
2007-03-02,11500,11500,11500,11500,8
2007-03-05,11500,11500,11500,11500,13
2007-03-13,11500,11500,11500,11500,1
2007-03-14,11500,11500,11500,11500,9
2007-03-15,11500,11500,11500,11500,10
2007-03-16,11500,11500,11500,11500,1
2007-03-26,11500,11500,11500,11500,46
2007-03-30,12000,12000,12000,12000,100
2007-04-05,12505,12505,12505,12505,15
2007-04-06,12505,12505,12505,12505,2
2007-04-12,12600,12600,12600,12600,8
2007-04-13,12600,12600,12600,12600,26
2007-04-18,13500,13500,13500,13500,50
2007-04-19,13500,13500,13500,13500,5
2007-05-03,14000,14000,14000,14000,108
2007-05-08,14250,14250,14250,14250,204
2007-05-23,17000,17000,17000,17000,17
2007-05-24,17000,17000,17000,17000,205
2007-05-25,17000,17000,17000,17000,65
2007-05-30,18000,18000,18000,18000,8
2007-06-05,18500,18500,18500,18500,36
2007-06-08,18500,18500,18500,18500,198
2007-06-13,19885,19885,19885,19885,15
2007-06-14,21375,21375,21375,21375,65
2007-06-15,21410,21410,21410,21410,61
2007-06-18,21410,21410,21410,21410,1
2007-06-20,22000,22000,22000,22000,17
2007-06-21,23000,23000,23000,23000,15
2007-06-27,22000,22000,22000,22000,140
2007-06-28,22000,22000,22000,22000,78
2007-06-29,22000,22000,22000,22000,9
2007-07-04,22000,22000,22000,22000,37
2007-07-09,22000,22000,22000,22000,18
2007-07-16,22060,22060,22060,22060,93
2007-07-18,22060,22060,22060,22060,16
2007-07-19,22600,22600,22600,22600,9
2007-07-27,25000,25000,25000,25000,25
2007-07-31,25150,25150,25150,25150,34
2007-08-08,31235,31235,31235,31235,106
2007-08-09,32500,32500,32500,32500,103
2007-08-10,33200,33200,33200,33200,46
2007-08-24,43005,43005,43005,43005,238
2007-08-27,44010,44010,44010,44010,22
2007-08-28,44010,44010,44010,44010,217
2007-08-29,44010,44010,44010,44010,45
2007-08-30,45000,45000,45000,45000,83
2007-08-31,45900,45900,45900,45900,30
2007-09-03,45000,45000,45000,45000,11
2007-09-06,45000,45000,45000,45000,49
2007-09-07,45000,45000,45000,45000,27
2007-09-25,41495,41495,41495,41495,85
2007-09-26,41495,41495,41495,41495,35
2007-09-27,40495,40495,40495,40495,33
2007-09-28,38000,38000,38000,38000,45
2007-10-01,38000,38000,38000,38000,5
2007-10-17,36000,36000,36000,36000,13
2007-10-18,36000,36000,36000,36000,114
2007-10-19,36000,36000,36000,36000,10
2007-10-25,38000,38000,38000,38000,10000
2007-10-26,36500,36500,36500,36500,12
2007-10-29,36500,36500,36500,36500,32
2007-11-02,36500,36500,36500,36500,40
2007-11-08,36500,36500,36500,36500,8
2007-11-12,34000,34000,34000,34000,79
2007-11-13,34000,34000,34000,34000,5
2007-11-14,34000,34000,34000,34000,20
2007-11-16,34000,34000,34000,34000,88
2007-11-20,34000,34000,34000,34000,39
2007-11-21,34000,34000,34000,34000,1048
2007-11-22,34000,34000,34000,34000,1
2007-11-26,35000,35000,35000,35000,90
2007-11-27,35000,35000,35000,35000,10
2007-11-29,35000,35000,35000,35000,78
2007-12-03,35150,35150,35150,35150,128
2007-12-04,35000,35000,35000,35000,71
2007-12-05,36000,36000,36000,36000,14
2007-12-10,36500,36500,36500,36500,115
2007-12-12,38700,38700,38700,38700,1000
2007-12-13,38700,38700,38700,38700,9
2007-12-14,38700,38700,38700,38700,1000
2007-12-17,38700,38700,38700,38700,1
2007-12-21,38700,38700,38700,38700,79
2007-12-24,38700,38700,38700,38700,3
2007-12-26,38700,38700,38700,38700,20
2007-12-28,38700,38700,38700,38700,158
2007-12-31,38700,38700,38700,38700,3
2008-01-02,38700,38700,38700,38700,10
2008-01-03,38700,38700,38700,38700,14
2008-01-08,38700,38700,38700,38700,39
2008-01-09,38700,38700,38700,38700,3010
2008-01-10,38700,38700,38700,38700,463
2008-01-16,39505,39505,39505,39505,171
2008-01-17,39505,39505,39505,39505,29
2008-01-18,39505,39505,39505,39505,5
2008-01-21,39505,39505,39505,39505,14
2008-01-23,39500,39500,39500,39500,9
2008-01-25,39505,39505,39505,39505,31
2008-02-04,39505,39505,39505,39505,110
2008-02-05,39505,39505,39505,39505,20
2008-02-06,39505,39505,39505,39505,2
2008-02-07,39505,39505,39505,39505,5
2008-02-11,39505,39505,39505,39505,4
2008-02-21,39505,39505,39505,39505,4
2008-02-26,39505,39505,39505,39505,6
2008-02-28,39505,39505,39505,39505,10
2008-02-29,39505,39505,39505,39505,6
2008-03-04,39520,39520,39520,39520,218
2008-03-05,39520,39520,39520,39520,5
2008-03-07,39520,39520,39520,39520,9
2008-03-10,39520,39520,39520,39520,70
2008-03-11,39520,39520,39520,39520,12
2008-03-12,39520,39520,39520,39520,18
2008-03-14,39520,39520,39520,39520,36
2008-03-17,39520,39520,39520,39520,16
2008-03-18,39600,39600,39600,39600,31
2008-03-25,39600,39600,39600,39600,5
2008-03-27,39600,39600,39600,39600,20
2008-04-01,39600,39600,39600,39600,316
2008-04-02,39600,39600,39600,39600,41
2008-04-04,39600,39600,39600,39600,5
2008-04-07,39600,39600,39600,39600,10
2008-04-08,39600,39600,39600,39600,115
2008-04-14,39600,39600,39600,39600,19
2008-04-16,39600,39600,39600,39600,64
2008-04-21,39600,39600,39600,39600,16
2008-04-22,39600,39600,39600,39600,14
2008-04-24,39600,39600,39600,39600,32
2008-05-07,49190,49190,49190,49190,120
2008-05-09,56840,56840,56840,56840,110
2008-05-14,65680,65680,65680,65680,45
2008-05-19,81590,81590,81590,81590,44
2008-05-21,87700,87700,87700,87700,25
2008-05-23,86995,86995,86995,86995,148
2008-05-28,86995,86995,86995,86995,891
2008-05-29,86995,86995,86995,86995,711
2008-05-30,89995,89995,89995,89995,58
2008-06-02,91000,91000,91000,91000,94
2008-06-03,91000,91000,91000,91000,143
2008-06-04,91000,91000,91000,91000,1225
2008-06-05,91000,91000,91000,91000,133
2008-06-06,91000,91000,91000,91000,932
2008-06-10,91000,91000,91000,91000,41
2008-06-11,91000,91000,91000,91000,21
2008-06-12,91000,91000,91000,91000,63
2008-06-13,91000,91000,91000,91000,5
2008-06-16,91000,91000,91000,91000,5
2008-06-17,91000,91000,91000,91000,21
2008-06-18,94000,94000,94000,94000,60
2008-06-19,94505,94505,94505,94505,177
2008-06-20,94510,94510,94510,94510,37
2008-06-23,92000,92000,92000,92000,25
2008-06-24,92000,92000,92000,92000,33
2008-06-25,92000,92000,92000,92000,7
2008-06-26,95000,95000,95000,95000,8
2008-06-27,95100,95100,95100,95100,76
2008-07-01,96000,96000,96000,96000,46
2008-07-02,100000,100000,100000,100000,57
2008-07-03,100800,100800,100800,100800,285
2008-07-04,101050,101050,101050,101050,17
2008-07-07,105000,105000,105000,105000,91
2008-07-08,105000,105000,105000,105000,50
2008-07-10,105010,105010,105010,105010,45
2008-07-11,105010,105010,105010,105010,15
2008-07-14,105015,105015,105015,105015,100
2008-07-17,104000,104000,104000,104000,177
2008-07-18,100000,100000,100000,100000,72
2008-07-22,100000,100000,100000,100000,119
2008-07-23,100000,100000,100000,100000,4
2008-07-24,105000,105000,105000,105000,1155
2008-07-28,105000,105000,105000,105000,35
2008-07-30,105015,105015,105015,105015,36
2008-08-04,105100,105100,105100,105100,20
2008-08-05,105205,105205,105205,105205,55
2008-08-06,106005,106005,106005,106005,15
2008-08-08,106000,106000,106000,106000,31
2008-08-11,113950,113950,113950,113950,45
2008-08-12,115000,115000,115000,115000,144
2008-08-13,116005,116005,116005,116005,10
2008-08-14,118100,118100,118100,118100,19
2008-08-19,118100,118100,118100,118100,7
2008-08-20,118100,118100,118100,118100,7
2008-08-21,120000,120000,120000,120000,127
2008-08-22,126000,126000,126000,126000,42
2008-08-25,126000,126000,126000,126000,3
2008-08-27,125000,125000,125000,125000,13
2008-08-29,125000,125000,125000,125000,240
2008-09-03,122000,122000,122000,122000,9
2008-09-04,120000,120000,120000,120000,30
2008-09-05,120000,120000,120000,120000,67
2008-09-16,111000,111000,111000,111000,26
2008-09-17,111000,111000,111000,111000,10
2008-09-18,110000,110000,110000,110000,45
2008-09-23,109000,109000,109000,109000,18
2008-09-24,108990,108990,108990,108990,10
2008-09-26,108000,108000,108000,108000,10
2008-09-29,108000,108000,108000,108000,3
2008-10-01,106000,106000,106000,106000,46
2008-10-02,106000,106000,106000,106000,5
2008-10-06,99900,99900,99900,99900,26
2008-10-07,95000,95000,95000,95000,19
2008-10-08,95000,95000,95000,95000,14
2008-10-10,95000,95000,95000,95000,395
2008-10-13,94900,94900,94900,94900,21
2008-10-16,94500,94500,94500,94500,65
2008-10-22,85000,85000,85000,85000,241
2008-10-23,85000,85000,85000,85000,129
2008-10-28,84500,84500,84500,84500,14
2008-10-29,84300,84300,84300,84300,22
2008-11-05,72135,72135,72135,72135,32
2008-11-06,72135,72135,72135,72135,7
2008-11-07,71990,71990,71990,71990,14
2008-11-10,66725,66725,66725,66725,30
2008-11-11,67000,67000,67000,67000,70
2008-11-12,70005,70005,70005,70005,11
2008-11-13,73000,73000,73000,73000,26
2008-11-17,76500,76500,76500,76500,101
2008-11-18,80000,80000,80000,80000,11
2008-11-19,80000,80000,80000,80000,263
2008-11-20,79995,79995,79995,79995,100
2008-11-21,80000,80000,80000,80000,31
2008-11-24,80000,80000,80000,80000,3
2008-11-25,81000,81000,81000,81000,59
2008-11-26,82000,82000,82000,82000,212
2008-11-27,80000,80000,80000,80000,119
2008-12-01,82000,82000,82000,82000,105
2008-12-03,80000,80000,80000,80000,200
2008-12-04,80000,80000,80000,80000,63
2008-12-05,80000,80000,80000,80000,30
2008-12-10,78000,78000,78000,78000,9
2008-12-11,77495,77495,77495,77495,50
2008-12-12,72000,72000,72000,72000,38
2008-12-15,72000,72000,72000,72000,1111
2008-12-16,72000,72000,72000,72000,54
2008-12-19,77400,77400,77400,77400,11
2008-12-22,80000,80000,80000,80000,87
2008-12-24,79000,79000,79000,79000,44
2008-12-29,77500,77500,77500,77500,17
2008-12-30,74000,74000,74000,74000,102
2008-12-31,73500,73500,73500,73500,1083
2009-01-02,73500,73500,73500,73500,115
2009-01-05,74000,74000,74000,74000,70
2009-01-06,74000,74000,74000,74000,36
2009-01-07,73900,73900,73900,73900,11
2009-01-08,74010,74010,74010,74010,14
2009-01-09,73010,73010,73010,73010,216
2009-01-12,75000,75000,75000,75000,25
2009-01-13,74900,74900,74900,74900,15
2009-01-14,74900,74900,74900,74900,41
2009-01-15,75000,75000,75000,75000,132
2009-01-16,75000,75000,75000,75000,8
2009-01-20,75000,75000,75000,75000,40
2009-01-22,75505,75505,75505,75505,10
2009-01-23,75510,75510,75510,75510,250
2009-01-26,75510,75510,75510,75510,16
2009-01-27,75000,75000,75000,75000,87
2009-01-28,75005,75005,75005,75005,33
2009-01-29,75000,75000,75000,75000,28
2009-01-30,75000,75000,75000,75000,7
2009-02-02,75000,75000,75000,75000,2
2009-02-03,75000,75000,75000,75000,24
2009-02-04,75000,75000,75000,75000,30
2009-02-05,75000,75000,75000,75000,4
2009-02-06,75010,75010,75010,75010,59
2009-02-10,75000,75000,75000,75000,21
2009-02-12,75000,75000,75000,75000,205
2009-02-16,75000,75000,75000,75000,45
2009-02-17,75000,75000,75000,75000,20
2009-02-18,75000,75000,75000,75000,35
2009-02-20,75000,75000,75000,75000,42
2009-02-24,74000,74000,74000,74000,10
2009-02-25,74000,74000,74000,74000,99
2009-02-27,74550,74550,74550,74550,300
2009-03-02,74000,74000,74000,74000,247
2009-03-03,72990,72990,72990,72990,66
2009-03-04,72985,72985,72985,72985,16
2009-03-10,72985,72985,72985,72985,4
2009-03-12,72985,72985,72985,72985,72
2009-03-16,74000,74000,74000,74000,23
2009-03-17,74000,74000,74000,74000,21
2009-03-23,74000,74000,74000,74000,21
2009-03-24,74000,74000,74000,74000,9
2009-03-25,74000,74000,74000,74000,28
2009-03-26,74000,74000,74000,74000,1
2009-03-27,74000,74000,74000,74000,16
2009-03-31,73000,73000,73000,73000,47
2009-04-01,73000,73000,73000,73000,16
2009-04-03,72050,72050,72050,72050,22
2009-04-06,72050,72050,72050,72050,30
2009-04-07,72000,72000,72000,72000,26
2009-04-09,72000,72000,72000,72000,20
2009-04-10,72000,72000,72000,72000,143
2009-04-14,72000,72000,72000,72000,15
2009-04-15,72000,72000,72000,72000,29
2009-04-17,72000,72000,72000,72000,114
2009-04-20,72000,72000,72000,72000,12
2009-04-21,72000,72000,72000,72000,4
2009-04-24,72000,72000,72000,72000,66
2009-04-27,72000,72000,72000,72000,50
2009-04-28,74000,74000,74000,74000,475
2009-04-29,79550,79550,79550,79550,2067
2009-05-05,98815,98815,98815,98815,291
2009-05-06,98815,98815,98815,98815,797
2009-05-07,99000,99000,99000,99000,203
2009-05-08,106000,106000,106000,106000,95
2009-05-11,108500,108500,108500,108500,170
2009-05-12,107995,107995,107995,107995,90
2009-05-13,104000,104000,104000,104000,36
2009-05-14,100000,100000,100000,100000,165
2009-05-15,100000,100000,100000,100000,55
2009-05-18,99500,99500,99500,99500,28
2009-05-20,99495,99495,99495,99495,136
2009-05-22,95000,95000,95000,95000,217
2009-05-25,90000,90000,90000,90000,163
2009-05-26,83250,83250,83250,83250,117
2009-05-27,83245,83245,83245,83245,283
2009-05-28,83250,83250,83250,83250,283
2009-05-29,83250,83250,83250,83250,541
2009-06-02,83000,83000,83000,83000,125
2009-06-03,83000,83000,83000,83000,70
2009-06-05,52460,52460,52460,52460,8
2009-06-08,50000,50000,50000,50000,232
2009-06-09,50000,50000,50000,50000,1
2009-06-10,50000,50000,50000,50000,11
2009-06-11,46500,46500,46500,46500,34
2009-06-12,49900,49900,49900,49900,33
2009-06-15,50005,50005,50005,50005,27
2009-06-16,51000,51000,51000,51000,36
2009-06-22,63355,63355,63355,63355,22
2009-06-23,68105,68105,68105,68105,185
2009-06-24,70215,70215,70215,70215,223
2009-06-25,70715,70715,70715,70715,294
2009-06-26,70000,70000,70000,70000,68
2009-06-29,70000,70000,70000,70000,62
2009-06-30,70000,70000,70000,70000,58
2009-07-02,70000,70000,70000,70000,18
2009-07-03,70000,70000,70000,70000,90
2009-07-06,69995,69995,69995,69995,30
2009-07-07,71500,71500,71500,71500,180
2009-07-09,70000,70000,70000,70000,38
2009-07-10,70000,70000,70000,70000,7
2009-07-13,69985,69985,69985,69985,16
2009-07-15,68995,68995,68995,68995,14
2009-07-20,68000,68000,68000,68000,26
2009-07-21,63500,63500,63500,63500,143
2009-07-22,60000,60000,60000,60000,144
2009-07-23,59000,59000,59000,59000,80
2009-07-27,58000,58000,58000,58000,13
2009-07-28,55995,55995,55995,55995,151
2009-07-29,55995,55995,55995,55995,20
2009-07-30,57000,57000,57000,57000,27
2009-07-31,58000,58000,58000,58000,12
2009-08-03,56800,56800,56800,56800,163
2009-08-10,57015,57015,57015,57015,18
2009-08-11,57000,57000,57000,57000,55
2009-08-13,55000,55000,55000,55000,11
2009-08-14,55005,55005,55005,55005,61
2009-08-17,59130,59130,59130,59130,155
2009-08-18,59130,59130,59130,59130,132
2009-08-21,61000,61000,61000,61000,11
2009-08-24,61000,61000,61000,61000,32
2009-08-26,61000,61000,61000,61000,227
2009-08-27,61000,61000,61000,61000,47
2009-09-01,63000,63000,63000,63000,11
2009-09-02,63560,63560,63560,63560,12
2009-09-03,63560,63560,63560,63560,17
2009-09-04,63010,63010,63010,63010,16
2009-09-07,65000,65000,65000,65000,23
2009-09-08,62005,62005,62005,62005,30
2009-09-09,61800,61800,61800,61800,493
2009-09-11,62000,62000,62000,62000,16
2009-09-14,62000,62000,62000,62000,3503
2009-09-21,65000,65000,65000,65000,368
2009-09-22,66000,66000,66000,66000,74
2009-09-23,66000,66000,66000,66000,62
2009-09-25,66000,66000,66000,66000,21
2009-09-28,66000,66000,66000,66000,58
2009-09-29,66000,66000,66000,66000,15
2009-10-02,65995,65995,65995,65995,14
2009-10-05,65995,65995,65995,65995,5
2009-10-06,65995,65995,65995,65995,4
2009-10-07,65995,65995,65995,65995,10
2009-10-08,65995,65995,65995,65995,40
2009-10-09,66000,66000,66000,66000,119
2009-10-13,67000,67000,67000,67000,25
2009-10-14,67000,67000,67000,67000,15
2009-10-15,67000,67000,67000,67000,192
2009-10-16,67000,67000,67000,67000,96
2009-10-20,67000,67000,67000,67000,7
2009-10-21,67000,67000,67000,67000,561
2009-10-23,67000,67000,67000,67000,20
2009-10-26,67000,67000,67000,67000,4
2009-10-28,67000,67000,67000,67000,96
2009-11-02,67000,67000,67000,67000,3
2009-11-03,67000,67000,67000,67000,8
2009-11-04,70000,70000,70000,70000,171
2009-11-05,70000,70000,70000,70000,5
2009-11-06,70000,70000,70000,70000,424
2009-11-09,70000,70000,70000,70000,8
2009-11-10,70000,70000,70000,70000,320
2009-11-11,70000,70000,70000,70000,760
2009-11-12,70000,70000,70000,70000,14
2009-11-13,70000,70000,70000,70000,5
2009-11-16,69995,69995,69995,69995,24
2009-11-17,70000,70000,70000,70000,75
2009-11-20,70000,70000,70000,70000,1
2009-11-23,71000,71000,71000,71000,100
2009-11-24,71000,71000,71000,71000,61
2009-11-26,71000,71000,71000,71000,29
2009-12-03,70000,70000,70000,70000,181
2009-12-07,70005,70005,70005,70005,20
2009-12-08,70005,70005,70005,70005,11
2009-12-09,70005,70005,70005,70005,9
2009-12-10,70005,70005,70005,70005,10
2009-12-11,70005,70005,70005,70005,2
2009-12-15,70005,70005,70005,70005,11
2009-12-16,70000,70000,70000,70000,80
2009-12-17,70010,70010,70010,70010,29
2009-12-22,69995,69995,69995,69995,641
2009-12-23,69955,69955,69955,69955,20
2009-12-24,69955,69955,69955,69955,50
2009-12-29,69955,69955,69955,69955,5
2009-12-30,69955,69955,69955,69955,1
2010-01-04,65000,65000,65000,65000,300
2010-01-05,65000,65000,65000,65000,871
2010-01-11,69000,69000,69000,69000,13
2010-01-12,69000,69000,69000,69000,14
2010-01-13,70000,70000,70000,70000,188
2010-01-19,70000,70000,70000,70000,57
2010-01-20,69000,69000,69000,69000,199
2010-01-22,69000,69000,69000,69000,4
2010-01-26,69400,69400,69400,69400,8
2010-01-29,69005,69005,69005,69005,15
2010-02-04,69005,69005,69005,69005,22
2010-02-08,69005,69005,69005,69005,5
2010-02-09,70000,70000,70000,70000,25
2010-02-10,69950,69950,69950,69950,16
2010-02-11,69005,69005,69005,69005,44
2010-02-12,69005,69005,69005,69005,27
2010-02-17,69000,69000,69000,69000,26
2010-02-18,65000,65000,65000,65000,114
2010-02-24,69875,69875,69875,69875,20
2010-02-25,70000,70000,70000,70000,11
2010-03-01,70000,70000,70000,70000,6
2010-03-03,70000,70000,70000,70000,29
2010-03-04,70000,70000,70000,70000,19
2010-03-05,70000,70000,70000,70000,1798
2010-03-10,70000,70000,70000,70000,17
2010-03-12,71000,71000,71000,71000,30
2010-03-16,71000,71000,71000,71000,26
2010-03-18,71000,71000,71000,71000,4
2010-03-22,75000,75000,75000,75000,21
2010-03-24,75000,75000,75000,75000,708
2010-03-25,75000,75000,75000,75000,205
2010-03-26,75000,75000,75000,75000,20
2010-03-30,75000,75000,75000,75000,27
2010-04-01,75000,75000,75000,75000,437
2010-04-15,70005,70005,70005,70005,14
2010-04-16,70005,70005,70005,70005,2
2010-04-19,70005,70005,70005,70005,3
2010-04-22,72500,72500,72500,72500,8
2010-05-03,72500,72500,72500,72500,29
2010-05-04,72500,72500,72500,72500,75
2010-05-06,72505,72505,72505,72505,12
2010-05-11,72505,72505,72505,72505,8
2010-05-14,72505,72505,72505,72505,10
2010-05-19,72600,72600,72600,72600,17
2010-05-20,73000,73000,73000,73000,30
2010-05-21,73000,73000,73000,73000,5
2010-05-25,73000,73000,73000,73000,3
2010-05-26,73000,73000,73000,73000,2
2010-05-27,73000,73000,73000,73000,4
2010-05-28,73000,73000,73000,73000,30
2010-05-31,73000,73000,73000,73000,25
2010-06-02,72995,72995,72995,72995,145
2010-06-09,67145,67145,67145,67145,3100
2010-06-16,61900,61900,61900,61900,15
2010-06-23,57260,57260,57260,57260,10
2010-07-06,50730,50730,50730,50730,52
2010-07-14,40160,40160,40160,40160,123
2010-07-15,37150,37150,37150,37150,160
2010-07-22,42000,42000,42000,42000,11
2010-07-23,45150,45150,45150,45150,20
2010-07-26,48000,48000,48000,48000,171
2010-07-27,48500,48500,48500,48500,10
2010-07-28,48500,48500,48500,48500,55
2010-07-29,48160,48160,48160,48160,89
2010-07-30,47500,47500,47500,47500,60
2010-08-02,47500,47500,47500,47500,113
2010-08-03,47500,47500,47500,47500,35
2010-08-05,47500,47500,47500,47500,9
2010-08-06,47000,47000,47000,47000,16
2010-08-09,47000,47000,47000,47000,30
2010-08-11,48000,48000,48000,48000,13
2010-08-12,48000,48000,48000,48000,2
2010-08-13,48000,48000,48000,48000,24
2010-08-17,48000,48000,48000,48000,48
2010-08-18,48000,48000,48000,48000,5
2010-08-19,48000,48000,48000,48000,20
2010-08-23,47000,47000,47000,47000,14
2010-08-26,50525,50525,50525,50525,19
2010-08-27,50400,50400,50400,50400,16
2010-08-30,47000,47000,47000,47000,27
2010-08-31,47000,47000,47000,47000,8
2010-09-02,47000,47000,47000,47000,43
2010-09-03,47000,47000,47000,47000,9
2010-09-07,46000,46000,46000,46000,34
2010-09-08,46000,46000,46000,46000,16
2010-09-09,46020,46020,46020,46020,12
2010-09-17,46020,46020,46020,46020,5
2010-09-28,50000,50000,50000,50000,13
2010-09-29,50000,50000,50000,50000,17
2010-10-04,51000,51000,51000,51000,34
2010-10-05,51000,51000,51000,51000,2
2010-10-08,58935,58935,58935,58935,49
2010-10-11,60000,60000,60000,60000,1000
2010-10-12,60000,60000,60000,60000,292
2010-10-13,60000,60000,60000,60000,16
2010-10-14,60000,60000,60000,60000,10
2010-10-15,60000,60000,60000,60000,18
2010-10-18,60000,60000,60000,60000,12
2010-10-20,60000,60000,60000,60000,4
2010-10-25,60000,60000,60000,60000,51
2010-10-27,60000,60000,60000,60000,16
2010-10-28,60000,60000,60000,60000,1
2010-10-29,60000,60000,60000,60000,9
2010-11-04,60000,60000,60000,60000,172
2010-11-05,60000,60000,60000,60000,547
2010-11-17,60000,60000,60000,60000,1179
2010-11-18,60000,60000,60000,60000,22
2010-11-19,60000,60000,60000,60000,1
2010-11-22,60000,60000,60000,60000,4
2010-11-23,60000,60000,60000,60000,189
2010-11-24,60000,60000,60000,60000,72
2010-11-25,60000,60000,60000,60000,35
2010-11-29,60000,60000,60000,60000,145
2010-12-01,60000,60000,60000,60000,20
2010-12-02,60000,60000,60000,60000,40
2010-12-08,60000,60000,60000,60000,17
2010-12-09,60000,60000,60000,60000,3176
2010-12-10,60000,60000,60000,60000,60
2010-12-29,60000,60000,60000,60000,1
2011-01-13,58400,58400,58400,58400,53
2011-01-25,57000,57000,57000,57000,13
2011-01-28,52725,52725,52725,52725,10
2011-05-30,45120,45120,45120,45120,11
2011-06-01,41740,41740,41740,41740,28
2011-06-06,38500,38500,38500,38500,21
2011-06-08,38500,38500,38500,38500,45
2011-06-09,38500,38500,38500,38500,54
2011-06-14,38500,38500,38500,38500,5
2011-06-15,38500,38500,38500,38500,30
2011-06-17,38000,38000,38000,38000,90
2011-06-20,38000,38000,38000,38000,1
2011-06-23,38000,38000,38000,38000,49
2011-06-24,38000,38000,38000,38000,15
2011-06-27,40850,40850,40850,40850,8
2011-06-29,41000,41000,41000,41000,30
2011-07-04,41000,41000,41000,41000,4
2011-07-06,41000,41000,41000,41000,91
2011-07-08,41000,41000,41000,41000,9
2011-07-11,41000,41000,41000,41000,11
2011-07-15,35085,35085,35085,35085,21
2011-07-19,35085,35085,35085,35085,121
2011-07-20,35085,35085,35085,35085,5
2011-07-21,35085,35085,35085,35085,5
2011-07-27,37715,37715,37715,37715,18
2011-08-02,40000,40000,40000,40000,20
2011-08-03,40000,40000,40000,40000,20
2011-08-10,40000,40000,40000,40000,75
2011-08-11,40000,40000,40000,40000,52
2011-08-12,40000,40000,40000,40000,54
2011-08-16,40000,40000,40000,40000,1
2011-08-19,41000,41000,41000,41000,17
2011-08-22,41000,41000,41000,41000,22
2011-08-25,42500,42500,42500,42500,13
2011-08-26,40000,40000,40000,40000,52
2011-08-29,39315,39315,39315,39315,32
2011-08-31,40000,40000,40000,40000,44
2011-09-01,43000,43000,43000,43000,14
2011-09-05,40000,40000,40000,40000,18
2011-09-06,39950,39950,39950,39950,12
2011-09-07,36955,36955,36955,36955,10
2011-09-08,37000,37000,37000,37000,93
2011-09-09,37000,37000,37000,37000,15
2011-09-12,37000,37000,37000,37000,11
2011-09-13,37000,37000,37000,37000,1
2011-09-28,37000,37000,37000,37000,12
2011-10-03,38000,38000,38000,38000,12
2011-10-05,38000,38000,38000,38000,6
2011-10-06,38000,38000,38000,38000,2
2011-10-11,38000,38000,38000,38000,50
2011-10-17,38000,38000,38000,38000,27
2011-10-20,38000,38000,38000,38000,17
2011-10-21,38000,38000,38000,38000,55
2011-11-03,40000,40000,40000,40000,14
2011-11-09,38000,38000,38000,38000,62
2011-11-14,38000,38000,38000,38000,3
2011-11-16,38000,38000,38000,38000,38
2011-11-21,38000,38000,38000,38000,20
2011-11-23,38000,38000,38000,38000,100
2011-11-29,38000,38000,38000,38000,84
2011-12-01,40000,40000,40000,40000,45
2011-12-02,40000,40000,40000,40000,3
2011-12-06,41000,41000,41000,41000,9
2011-12-09,38000,38000,38000,38000,13
2011-12-12,38000,38000,38000,38000,13
2011-12-20,38000,38000,38000,38000,10
2012-01-04,38040,38040,38040,38040,11
2012-01-09,38040,38040,38040,38040,1
2012-01-16,38040,38040,38040,38040,3
2012-01-17,38040,38040,38040,38040,2
2012-01-18,38005,38005,38005,38005,40
2012-01-19,38005,38005,38005,38005,71
2012-01-20,38005,38005,38005,38005,10
2012-01-23,38005,38005,38005,38005,5
2012-01-27,38005,38005,38005,38005,55
2012-02-03,38000,38000,38000,38000,10
2012-02-08,38005,38005,38005,38005,10
2012-02-09,38015,38015,38015,38015,51
2012-02-15,38505,38505,38505,38505,54
2012-02-17,38505,38505,38505,38505,12
2012-02-20,38505,38505,38505,38505,1
2012-02-21,38515,38515,38515,38515,53
2012-02-22,38505,38505,38505,38505,13
2012-02-27,38505,38505,38505,38505,1
2012-03-05,38000,38000,38000,38000,27
2012-03-07,38000,38000,38000,38000,1
2012-03-08,38005,38005,38005,38005,13
2012-03-12,38000,38000,38000,38000,89
2012-03-20,38000,38000,38000,38000,1
2012-03-21,38000,38000,38000,38000,61
2012-03-23,38000,38000,38000,38000,200
2012-03-28,38000,38000,38000,38000,4
2012-03-30,38000,38000,38000,38000,4
2012-04-03,38000,38000,38000,38000,1
2012-04-04,38000,38000,38000,38000,43
2012-04-17,38000,38000,38000,38000,9
2012-04-24,38000,38000,38000,38000,61
2012-04-26,38000,38000,38000,38000,18
2012-04-30,38000,38000,38000,38000,34
2012-05-02,38000,38000,38000,38000,10
2012-05-04,38000,38000,38000,38000,1
2012-05-14,40005,40005,40005,40005,11
2012-05-15,40000,40000,40000,40000,10
2012-05-18,40000,40000,40000,40000,6
2012-05-21,40000,40000,40000,40000,35
2012-05-23,40000,40000,40000,40000,10
2012-05-29,40000,40000,40000,40000,1
2012-05-31,40000,40000,40000,40000,14
2012-06-04,40000,40000,40000,40000,3
2012-06-06,40000,40000,40000,40000,3
2012-06-07,40000,40000,40000,40000,3
2012-06-11,40000,40000,40000,40000,6
2012-06-13,40000,40000,40000,40000,12
2012-06-14,40000,40000,40000,40000,8
2012-06-19,40000,40000,40000,40000,10
2012-06-25,40100,40100,40100,40100,10
2012-06-28,40100,40100,40100,40100,6
2012-07-03,40100,40100,40100,40100,4
2012-07-06,40100,40100,40100,40100,12
2012-07-09,40100,40100,40100,40100,4
2012-07-11,40100,40100,40100,40100,5
2012-07-24,40100,40100,40100,40100,116
2012-07-26,40000,40000,40000,40000,59
2012-07-27,40000,40000,40000,40000,7
2012-07-30,40000,40000,40000,40000,35
2012-08-08,40020,40020,40020,40020,18
2012-08-13,40000,40000,40000,40000,25
2012-08-14,37000,37000,37000,37000,16
2012-08-16,36500,36500,36500,36500,116
2012-08-21,37005,37005,37005,37005,18
2012-08-22,37100,37100,37100,37100,10
2012-08-23,38000,38000,38000,38000,11
2012-08-24,38000,38000,38000,38000,25
2012-08-29,38000,38000,38000,38000,13
2012-09-04,39000,39000,39000,39000,22
2012-09-07,39000,39000,39000,39000,9
2012-09-10,39000,39000,39000,39000,8
2012-09-12,39000,39000,39000,39000,3
2012-09-18,39000,39000,39000,39000,50
2012-09-19,39000,39000,39000,39000,2
2012-09-20,36075,36075,36075,36075,23
2012-09-25,35450,35450,35450,35450,12
2012-10-08,35500,35500,35500,35500,30
2012-10-16,35500,35500,35500,35500,17
2012-10-17,35000,35000,35000,35000,137
2012-10-18,34990,34990,34990,34990,23
2012-10-19,35000,35000,35000,35000,11
2012-10-23,32375,32375,32375,32375,29
2012-10-24,32380,32380,32380,32380,53
2012-10-31,34805,34805,34805,34805,36
2012-11-06,35400,35400,35400,35400,56
2012-11-07,34000,34000,34000,34000,83
2012-11-08,34000,34000,34000,34000,17
2012-11-09,34000,34000,34000,34000,1
2012-11-13,35400,35400,35400,35400,24
2012-11-16,35400,35400,35400,35400,1
2012-11-21,35400,35400,35400,35400,54
2012-11-23,36000,36000,36000,36000,30
2012-12-04,38000,38000,38000,38000,24
2012-12-10,38000,38000,38000,38000,2
2012-12-11,38000,38000,38000,38000,1
2012-12-12,38000,38000,38000,38000,15
2012-12-18,38000,38000,38000,38000,8
2012-12-21,38000,38000,38000,38000,20
2012-12-24,38000,38000,38000,38000,26
2012-12-26,38000,38000,38000,38000,2
2012-12-28,40000,40000,40000,40000,50
2012-12-31,40000,40000,40000,40000,9
2013-01-02,40000,40000,40000,40000,50
2013-01-07,40000,40000,40000,40000,7
2013-01-11,40000,40000,40000,40000,3
2013-01-14,40000,40000,40000,40000,3
2013-01-15,40000,40000,40000,40000,10
2013-01-18,41500,41500,41500,41500,25
2013-01-21,41500,41500,41500,41500,11
2013-01-22,41500,41500,41500,41500,22
2013-01-28,41500,41500,41500,41500,7
2013-02-06,41500,41500,41500,41500,2
2013-02-07,42000,42000,42000,42000,15
2013-02-14,42000,42000,42000,42000,6
2013-02-15,42000,42000,42000,42000,951
2013-02-19,42000,42000,42000,42000,3
2013-02-25,42000,42000,42000,42000,3
2013-02-27,42000,42000,42000,42000,2
2013-03-04,42000,42000,42000,42000,10
2013-03-14,42000,42000,42000,42000,124
2013-03-19,42000,42000,42000,42000,1
2013-03-21,40000,40000,40000,40000,8
2013-03-22,40005,40005,40005,40005,56
2013-04-04,40000,40000,40000,40000,15
2013-04-09,40000,40000,40000,40000,16
2013-04-11,40000,40000,40000,40000,5
2013-04-12,40000,40000,40000,40000,3
2013-04-16,40000,40000,40000,40000,40
2013-05-07,40250,40250,40250,40250,10
2013-05-10,40005,40005,40005,40005,42
2013-05-22,40000,40000,40000,40000,167
2013-05-29,40000,40000,40000,40000,1048
2013-05-30,40000,40000,40000,40000,10
2013-06-03,40000,40000,40000,40000,34
2013-06-04,37000,37000,37000,37000,22
2013-06-05,37000,37000,37000,37000,2
2013-06-06,37000,37000,37000,37000,1
2013-06-11,37000,37000,37000,37000,100
2013-06-14,37005,37005,37005,37005,20
2013-06-17,37005,37005,37005,37005,7
2013-06-20,37000,37000,37000,37000,40
2013-07-01,39500,39500,39500,39500,346
2013-07-03,39500,39500,39500,39500,1
2013-07-04,39500,39500,39500,39500,3
2013-07-05,41000,41000,41000,41000,39
2013-07-11,38000,38000,38000,38000,8
2013-07-12,38000,38000,38000,38000,2
2013-07-18,38000,38000,38000,38000,5
2013-07-19,38000,38000,38000,38000,26
2013-07-22,38000,38000,38000,38000,1
2013-07-23,38000,38000,38000,38000,5
2013-07-29,40000,40000,40000,40000,115
2013-07-31,40000,40000,40000,40000,10
2013-08-02,40000,40000,40000,40000,5
2013-08-14,37000,37000,37000,37000,13
2013-08-21,37000,37000,37000,37000,25
2013-08-22,37000,37000,37000,37000,1
2013-08-23,34225,34225,34225,34225,8
2013-08-29,31660,31660,31660,31660,11
2013-08-30,34000,34000,34000,34000,8
2013-09-02,34000,34000,34000,34000,30
2013-09-05,34000,34000,34000,34000,45
2013-09-06,34000,34000,34000,34000,2
2013-09-09,34000,34000,34000,34000,2
2013-09-10,34000,34000,34000,34000,3
2013-09-16,34000,34000,34000,34000,8
2013-09-17,31450,31450,31450,31450,10
2013-09-18,31450,31450,31450,31450,1
2013-09-24,31450,31450,31450,31450,4
2013-09-27,31500,31500,31500,31500,22
2013-09-30,32000,32000,32000,32000,10
2013-10-02,31000,31500,31000,31500,82
2013-10-03,31500,31500,31500,31500,20
2013-10-09,32000,32000,32000,32000,5
2013-10-10,32640,32640,31500,31500,21
2013-10-22,31500,31500,31500,31500,2
2013-10-25,32100,32100,31500,31500,12
2013-10-30,31000,31000,31000,31000,25
2013-11-06,32000,32000,32000,32000,5
2013-11-07,33005,33005,33005,33005,3
2013-11-11,33005,33005,33005,33005,11
2013-11-12,33005,33005,33005,33005,30
2013-11-25,33005,33005,33005,33005,25
2013-11-26,33010,33010,33010,33010,1
2013-12-02,33020,33020,33020,33020,3
2013-12-03,33025,33025,33020,33020,15
2013-12-05,33025,33025,33025,33025,2
2013-12-11,35500,35500,35500,35500,1
2013-12-12,35500,35500,35500,35500,7
2013-12-16,38160,38160,38160,38160,5
2013-12-18,38000,38000,38000,38000,200
2013-12-20,38000,38000,38000,38000,17
2013-12-23,38160,38160,38160,38160,5
2013-12-26,39000,41000,39000,41000,182
2013-12-27,41000,41000,41000,41000,41
2013-12-30,41500,41500,41500,41500,20
2013-12-31,41500,42000,41500,41500,29
2014-01-02,41500,41500,41500,41500,8
2014-01-03,41000,41500,41000,41500,25
2014-01-06,43000,43000,41500,41500,53
2014-01-08,41500,44000,41500,44000,40
2014-01-09,44000,44000,44000,44000,51
2014-01-14,46000,46000,46000,46000,1
2014-01-16,46000,46000,46000,46000,5
2014-01-17,46000,46000,46000,46000,27
2014-01-20,49450,49450,49450,49450,23
2014-01-21,50000,50000,49450,49450,96
2014-01-23,50000,53000,50000,53000,34
2014-01-24,53000,53000,53000,53000,2
2014-01-27,52995,53000,52995,53000,27
2014-01-29,54000,54000,52000,52000,89
2014-01-30,52995,52995,52000,52000,8
2014-02-03,52000,52000,52000,52000,10
2014-02-05,51000,51000,51000,51000,7
2014-02-06,51000,51000,51000,51000,2
2014-02-10,52000,52000,51000,52000,22
2014-02-11,51000,51000,51000,51000,8
2014-02-14,50500,50500,50500,50500,2
2014-02-19,50000,50000,50000,50000,22
2014-02-20,50000,50000,50000,50000,1
2014-03-03,49500,49500,49000,49000,77
2014-03-04,49000,49000,49000,49000,8
2014-03-06,49000,49000,49000,49000,2
2014-03-13,48000,48000,48000,48000,1
2014-03-20,44400,44400,44400,44400,10
2014-03-21,41070,41070,41070,41070,2
2014-03-24,38000,38000,38000,38000,2
2014-03-25,38000,38000,38000,38000,5
2014-03-27,38000,38000,38000,38000,20
2014-03-31,38000,38000,38000,38000,196
2014-04-01,38000,38000,38000,38000,27
2014-04-02,38200,38200,38000,38000,11
2014-04-04,38100,38100,38100,38100,5
2014-04-07,38100,38100,38100,38100,1
2014-04-09,38010,38010,38000,38000,33
2014-04-14,39000,39000,39000,39000,1
2014-04-15,39005,39005,39005,39005,200
2014-04-16,41930,41930,41930,41930,29
2014-04-17,45070,45070,45070,45070,14
2014-04-18,48450,48450,48450,48450,108
2014-04-22,51500,52080,51500,52080,368
2014-04-23,52080,52080,52080,52080,2
2014-04-24,52000,52000,52000,52000,7
2014-04-25,53000,53000,53000,53000,13
2014-04-28,54000,54000,54000,54000,9
2014-04-29,54000,54000,54000,54000,24
2014-05-02,54000,54000,54000,54000,30
2014-05-14,52500,52500,52500,52500,1
2014-05-16,51900,51900,51900,51900,9
2014-05-19,51500,51500,50000,50000,178
2014-05-20,50000,53000,50000,53000,53
2014-05-21,54945,54945,54945,54945,4
2014-05-22,54940,54940,54940,54940,1
2014-05-23,54940,54940,54940,54940,10
2014-05-26,53500,53500,53500,53500,1
2014-05-27,53000,53500,53000,53500,67
2014-05-30,53400,55000,53400,55000,192
2014-06-02,55000,59000,55000,59000,138
2014-06-04,54575,54575,54575,54575,2
2014-06-06,50485,50485,50485,50485,1
2014-06-10,49480,49480,46700,46700,7
2014-06-11,45770,45770,45770,45770,5
2014-06-12,44000,44000,44000,44000,3
2014-06-13,40700,40700,40700,40700,2
2014-06-18,39500,39500,39495,39500,11
2014-06-20,37700,38000,37700,38000,222
2014-06-23,37100,37100,37100,37100,25
2014-06-24,37105,37105,37000,37000,334
2014-06-26,38000,38500,38000,38500,4
2014-06-27,38500,38500,38500,38500,25
2014-06-30,37000,38500,37000,38500,55
2014-07-02,37020,37020,37020,37020,1
2014-07-07,38000,38000,38000,38000,1
2014-07-08,37020,37020,37020,37020,10
2014-07-09,38000,38000,37500,37500,7
2014-07-10,37500,37500,37500,37500,4
2014-07-11,37500,37500,37500,37500,201
2014-07-14,38000,38000,38000,38000,1
2014-07-16,37520,37520,37520,37520,1
2014-07-17,38000,38000,37520,37520,57
2014-07-18,37520,37520,37520,37520,1
2014-07-21,38000,38000,38000,38000,100
2014-07-23,38000,38000,38000,38000,2203
2014-07-25,38000,38000,38000,38000,500
2014-07-29,38000,38000,38000,38000,1306
2014-07-31,38000,38000,38000,38000,1
2014-08-01,37600,38900,37600,38900,20
2014-08-04,37610,37610,37610,37610,10
2014-08-06,37620,37620,37620,37620,15
2014-08-08,37650,37650,37620,37620,6
2014-08-11,38000,38000,37620,37620,79
2014-08-13,37620,37620,37620,37620,3
2014-08-14,38900,39000,38900,39000,7
2014-08-18,39000,39000,37700,37700,30
2014-08-20,38000,39000,38000,39000,13
2014-08-26,39100,39100,39100,39100,9
2014-08-27,39100,39100,39100,39100,31
2014-09-04,39600,39600,39500,39500,73
2014-09-05,39500,39500,39500,39500,11
2014-09-09,39505,39505,39500,39500,8
2014-09-11,39505,39505,39505,39505,1674
2014-09-19,39600,39600,39505,39505,30
2014-09-24,39600,39600,39600,39600,7
2014-09-26,39505,39505,39505,39505,2
2014-10-07,40000,40000,40000,40000,40
2014-10-13,40005,40005,39500,39500,151
2014-10-14,41000,41000,41000,41000,45
2014-10-17,40010,41000,39505,41000,571
2014-10-20,40500,40500,40500,40500,25
2014-10-22,39990,39990,39990,39990,6
2014-10-23,39500,39500,39500,39500,3
2014-10-24,38000,38000,38000,38000,28
2014-10-27,38005,38005,38005,38005,25
2014-10-29,38000,38050,38000,38050,8
2014-10-30,38000,38050,38000,38050,12
2014-10-31,39000,39285,39000,39285,39
2014-11-03,39285,39285,39285,39285,2
2014-11-04,38000,38000,38000,38000,5
2014-11-05,38000,38000,38000,38000,2
2014-11-07,38000,38000,38000,38000,2
2014-11-10,38000,38000,38000,38000,1
2014-11-11,38000,38000,38000,38000,103
2014-11-13,38000,38000,38000,38000,15
2014-11-17,38000,38000,38000,38000,10
2014-11-18,38000,38000,38000,38000,1
2014-11-19,37000,37000,37000,37000,15
2014-11-21,37000,37000,37000,37000,80
2014-11-24,37000,37000,37000,37000,1
2014-11-25,37000,37000,37000,37000,160
2014-11-26,37000,37000,37000,37000,14
2014-11-27,37000,37000,37000,37000,3
2014-12-02,37000,37000,37000,37000,5
2014-12-05,36000,37000,36000,37000,112
2014-12-08,37000,37000,37000,37000,74
2014-12-09,37000,37000,37000,37000,12
2014-12-10,37000,37000,37000,37000,400
2014-12-11,37000,37000,37000,37000,6
2014-12-12,37000,37000,37000,37000,50
2014-12-16,37000,37000,37000,37000,23
2014-12-17,37000,37000,37000,37000,30
2014-12-18,37000,37000,37000,37000,20
2014-12-22,37000,37000,36900,37000,21
2014-12-23,37000,37000,37000,37000,1
2014-12-24,37000,37000,37000,37000,1
2014-12-26,34225,37000,34225,37000,8
2014-12-29,36000,36000,36000,36000,75
2014-12-30,36000,36000,36000,36000,10
2014-12-31,37000,37000,37000,37000,18
2015-01-02,37000,37000,37000,37000,2
2015-01-06,37000,37000,37000,37000,44
2015-01-07,36000,36000,36000,36000,5
2015-01-09,36050,36050,36050,36050,3
2015-01-13,36990,36990,36990,36990,1
2015-01-14,36100,36990,36100,36990,17
2015-01-15,36990,36990,36990,36990,68
2015-01-19,36100,36100,36100,36100,10
2015-01-21,36100,36990,36100,36990,22
2015-01-27,36900,36900,36900,36900,10
2015-01-28,36100,36100,36050,36050,8
2015-01-29,36050,36050,36050,36050,12
2015-01-30,36000,36000,36000,36000,10
2015-02-03,36050,36050,36000,36000,22
2015-02-04,36000,36000,36000,36000,132
2015-02-06,36000,36000,36000,36000,90
2015-02-13,36000,36000,36000,36000,25
2015-02-16,36000,36000,36000,36000,2
2015-02-17,36000,36000,36000,36000,1
2015-02-19,36000,36000,36000,36000,5
2015-02-23,36000,36000,36000,36000,2
2015-02-25,36000,36000,36000,36000,1
2015-03-02,36000,36000,36000,36000,21
2015-03-03,38200,38200,38200,38200,1
2015-03-05,38200,38200,36000,36000,89
2015-03-06,36000,36000,36000,36000,12
2015-03-09,36000,36000,36000,36000,8
2015-03-11,38250,38250,38250,38250,1
2015-03-13,38250,38250,38250,38250,2
2015-03-16,36000,36000,36000,36000,22
2015-03-17,38250,38250,38250,38250,6
2015-03-18,38000,38000,38000,38000,1
2015-03-19,37000,38000,37000,38000,4
2015-03-20,37500,37500,37500,37500,6
2015-03-24,37500,37500,37500,37500,2
2015-03-25,37495,37495,37000,37000,10
2015-03-26,37005,38000,37005,38000,30
2015-03-30,37900,37900,37900,37900,25
2015-04-01,37800,37800,37800,37800,16
2015-04-02,37000,37000,37000,37000,3
2015-04-03,37000,37000,37000,37000,3
2015-04-08,37000,37000,37000,37000,6
2015-04-09,36500,36500,36500,36500,2
2015-04-13,36500,36500,36500,36500,5
2015-04-14,36500,36500,36500,36500,1
2015-04-15,36500,36500,36500,36500,4
2015-04-16,37000,37000,37000,37000,40
2015-04-17,37000,37000,37000,37000,10
2015-04-20,36000,36000,36000,36000,1
2015-04-21,37000,37000,37000,37000,14
2015-04-22,37000,37000,37000,37000,1
2015-04-27,37000,37000,37000,37000,7
2015-04-28,36000,36000,36000,36000,2
2015-04-29,36000,36000,36000,36000,267
2015-05-05,35000,35000,35000,35000,2
2015-05-06,36000,36000,36000,36000,14
2015-05-07,36000,36000,36000,36000,5
2015-05-08,36000,36000,35000,35000,8
2015-05-12,35000,35000,35000,35000,36
2015-05-20,35000,35000,35000,35000,25
2015-05-22,34000,34000,34000,34000,2
2015-05-26,33995,33995,33995,33995,3
2015-05-28,32500,34000,32500,34000,153
2015-06-01,34000,34000,34000,34000,1
2015-06-02,32505,32505,32505,32505,285
2015-06-03,32600,32600,32600,32600,7
2015-06-04,32600,32600,32600,32600,3
2015-06-05,32600,32600,32600,32600,240
2015-06-08,32595,32595,30155,30155,31
2015-06-09,27895,32415,27895,32415,62
2015-06-16,32000,32000,32000,32000,2
2015-06-26,29600,29600,29600,29600,20
2015-06-29,29990,29990,29990,29990,23
2015-06-30,27745,27745,27745,27745,20
2015-07-01,27745,27745,27745,27745,13
2015-07-03,27500,27500,27500,27500,1
2015-07-06,27000,27500,27000,27000,71
2015-07-07,25000,25000,25000,25000,28
2015-07-08,23125,25000,23125,23125,28
2015-07-09,23125,23125,23125,23125,2
2015-07-10,23130,23130,23130,23130,47
2015-07-13,23125,23130,23125,23130,12
2015-07-15,23100,23130,23100,23130,26
2015-07-16,23130,23135,23130,23135,5
2015-07-21,23150,24870,23150,24870,41
2015-07-23,26735,26735,26735,26735,13
2015-07-24,26735,26735,26735,26735,5
2015-07-27,26735,26735,26735,26735,8
2015-07-28,26735,26735,26735,26735,2
2015-07-29,25000,25000,24870,24890,1053
2015-07-31,25000,25000,25000,25000,10
2015-08-03,25000,25000,25000,25000,2
2015-08-05,25000,25000,25000,25000,223
2015-08-06,25000,25000,25000,25000,3
2015-08-10,25000,26875,25000,26875,1256
2015-08-11,27000,27000,26500,26500,6
2015-08-12,26400,26500,26400,26500,722
2015-08-13,27500,27500,27500,27500,14
2015-08-18,27505,27505,27500,27500,69
2015-08-20,26500,26500,26000,26000,105
2015-08-21,26110,26110,26105,26105,15
2015-08-24,26110,26110,26105,26105,14
2015-08-27,26105,26105,26105,26105,24
2015-08-31,27000,27000,27000,27000,13
2015-09-03,26500,26500,26500,26500,2
2015-09-04,26000,26000,26000,26000,3
2015-09-07,26000,26000,26000,26000,13
2015-09-08,26000,26000,26000,26000,24
2015-09-09,26000,26000,26000,26000,21
2015-09-10,26000,26000,25050,25050,7
2015-09-14,25100,26400,25050,25050,728
2015-09-15,25100,25100,25100,25100,30
2015-09-16,25300,25300,25300,25300,10
2015-09-17,25300,25500,25300,25500,10
2015-09-18,26000,26000,26000,26000,24
2015-09-21,25500,25500,25500,25500,10
2015-09-22,25325,25325,25325,25325,1
2015-09-23,25325,25500,25325,25500,189
2015-09-28,25500,25500,25325,25325,44
2015-09-29,25500,25500,25500,25500,23
2015-09-30,25500,25500,25500,25500,5
2015-10-02,25500,25500,25500,25500,17
2015-10-06,25500,25500,25500,25500,1
2015-10-07,25000,25000,25000,25000,13
2015-10-08,25595,25595,25595,25595,2
2015-10-09,25500,25600,25500,25600,8
2015-10-14,24000,24000,24000,24000,48
2015-10-15,24500,24500,24500,24500,1
2015-10-16,25000,25000,25000,25000,1
2015-10-19,25000,25000,24200,24200,28
2015-10-21,24200,24495,24200,24495,22
2015-10-23,24500,24500,24500,24500,58
2015-10-26,24500,24500,24500,24500,25
2015-10-27,25000,26000,25000,26000,28
2015-10-28,25500,25500,25500,25500,23
2015-10-29,24500,24500,24500,24500,917
2015-11-02,24500,24500,24500,24500,50
2015-11-03,24500,24500,24500,24500,23
2015-11-04,24200,24200,24200,24200,193
2015-11-10,24300,24300,24200,24200,505
2015-11-11,24200,24200,24000,24000,50
2015-11-12,23500,23500,23500,23500,49
2015-11-13,23505,23505,23500,23500,12
2015-11-16,23500,23500,23500,23500,50
2015-11-18,24100,24100,24100,24100,1
2015-11-19,24100,24100,24100,24100,2
2015-11-24,25000,25000,25000,25000,26
2015-11-25,25000,25000,25000,25000,5
2015-12-01,26050,26050,26000,26000,7
2015-12-02,26000,26000,26000,26000,2
2015-12-04,25500,25500,25500,25500,36
2015-12-07,25995,26000,25995,26000,24
2015-12-09,25900,25900,25900,25900,1
2015-12-10,26000,26500,26000,26000,8
2015-12-11,26000,26000,26000,26000,1
2015-12-17,24800,24800,24800,24800,5
2015-12-18,24800,24800,24800,24800,8
2015-12-21,25895,25895,25895,25895,3
2015-12-28,25895,25895,25895,25895,1
2015-12-30,24800,24800,24800,24800,60
2015-12-31,25000,25000,25000,25000,1
2016-01-04,25005,25005,25005,25005,1
2016-01-06,25500,25500,25500,25500,2
2016-01-07,26000,26000,26000,26000,1
2016-01-11,26000,26000,26000,26000,6
2016-01-13,25500,25500,25005,25005,27
2016-01-14,25005,25005,25005,25005,5
2016-01-19,25005,25005,25005,25005,1
2016-01-22,25010,25010,25010,25010,1
2016-01-25,25010,25500,25010,25500,2
2016-01-26,25010,25010,25010,25010,21
2016-01-28,25010,25010,25010,25010,4
2016-01-29,25010,25010,25005,25005,35
2016-02-02,26000,26000,26000,26000,5
2016-02-03,26000,26000,26000,26000,23
2016-02-04,25000,25000,25000,25000,91
2016-02-08,24805,24805,24805,24805,4
2016-02-11,24500,25000,24500,25000,123
2016-02-15,24500,24500,24500,24500,1
2016-02-16,24600,24600,24500,24500,302
2016-02-18,24000,24000,24000,24000,1
2016-02-22,24000,24000,24000,24000,50
2016-02-23,24000,24000,24000,24000,58
2016-02-24,24000,24000,24000,24000,7
2016-02-25,23000,23000,23000,23000,25
2016-02-26,22800,22805,22800,22800,282
2016-02-29,23700,23700,23700,23700,2
2016-03-01,23000,23000,22800,22800,58
2016-03-10,23500,23500,23500,23500,5
2016-03-11,25260,25260,23500,23500,15
2016-03-14,23500,23500,23005,23500,48
2016-03-15,23500,23500,23500,23500,10
2016-03-17,23505,23505,23505,23505,15
2016-03-18,23600,23600,23505,23505,5
2016-03-22,23515,23515,23515,23515,3
2016-03-23,23500,23500,22800,22800,150
2016-03-24,22795,22800,22795,22800,22
2016-03-29,22800,22800,22800,22800,12
2016-03-31,22800,22800,22800,22800,530
2016-04-06,23500,23500,23500,23500,1
2016-04-07,24000,24000,24000,24000,2
2016-04-11,25000,25005,24955,25005,102
2016-04-12,25005,25005,25005,25005,6
2016-04-15,25600,25600,25600,25600,4
2016-04-18,26000,26500,26000,26500,11
2016-04-19,26500,27500,26500,27500,54
2016-04-20,27500,27500,27500,27500,1
2016-04-21,27500,27500,27500,27500,8
2016-04-22,28500,28500,28500,28500,10
2016-04-25,28500,28500,28500,28500,6
2016-04-26,28550,28550,28550,28550,1
2016-04-27,28500,28500,28500,28500,226
2016-04-28,28500,28500,28500,28500,63
2016-05-03,26365,26365,26365,26365,58
2016-05-04,26365,26365,26365,26365,28
2016-05-06,26365,26365,26365,26365,4
2016-05-09,26370,26370,26370,26370,5
2016-05-12,27000,27000,27000,27000,1
2016-05-13,27000,27000,27000,27000,14
2016-05-18,28550,28550,28550,28550,10
2016-05-23,27500,27500,27200,27200,2
2016-05-24,28000,28000,28000,28000,2
2016-05-25,27440,27440,27440,27440,42
2016-05-26,29000,29495,28500,29495,19
2016-05-31,28000,28000,28000,28000,12
2016-06-01,27200,27200,27200,27200,428
2016-06-07,27500,28000,27500,28000,8
2016-06-08,28000,28000,28000,28000,5
2016-06-09,27200,27500,27200,27500,57
2016-06-10,27500,27500,27500,27500,292
2016-06-13,27200,27450,27200,27450,312
2016-06-14,27450,27450,27450,27450,1
2016-06-15,27200,27450,27200,27450,4
2016-06-17,27450,27900,27000,27000,86
2016-06-20,27000,27000,27000,27000,58
2016-06-21,28500,28500,28500,28500,5
2016-06-22,28500,28500,28500,28500,7
2016-06-24,28500,28500,28000,28000,6
2016-06-27,28000,28000,28000,28000,3
2016-06-28,27500,27500,27500,27500,2
2016-06-29,27995,28000,27995,28000,253
2016-06-30,28000,28000,28000,28000,320
2016-07-05,28000,28000,27010,27010,11
2016-07-07,27010,27300,27010,27300,18
2016-07-08,28000,28000,28000,28000,1
2016-07-11,27500,28000,27500,28000,2
2016-07-12,28000,28000,28000,28000,4
2016-07-13,28000,28000,28000,28000,2
2016-07-14,28000,28000,28000,28000,2
2016-07-15,28500,28500,28000,28000,9
2016-07-18,28000,28000,28000,28000,6
2016-07-20,28500,28500,28500,28500,4
2016-07-21,28000,28000,28000,28000,4
2016-07-25,28005,28005,28000,28000,11
2016-07-26,28500,28500,28500,28500,9
2016-07-27,28500,28500,28000,28500,38
2016-07-28,28600,28600,28600,28600,1
2016-07-29,28600,28600,28600,28600,6
2016-08-02,29000,29000,27990,28000,398
2016-08-03,28000,28000,28000,28000,10
2016-08-04,27500,27500,27500,27500,4
2016-08-10,27500,27500,27500,27500,5
2016-08-12,27495,27495,27495,27495,10
2016-08-16,26900,26900,26900,26900,109
2016-08-18,26500,27000,26500,27000,49
2016-08-19,26995,27000,26995,27000,9
2016-08-22,27000,27000,27000,27000,10
2016-08-23,27000,27000,27000,27000,7
2016-08-26,27000,27000,26370,26370,4
2016-08-29,26000,26000,26000,26000,16
2016-08-31,26000,26000,26000,26000,18
2016-09-01,25500,25995,24050,25995,26
2016-09-02,25000,25000,25000,25000,48
2016-09-06,25000,25000,25000,25000,2
2016-09-07,25000,25000,23125,23970,57
2016-09-14,23965,24000,23965,24000,960
2016-09-15,24000,24000,24000,24000,720
2016-09-16,24000,24000,24000,24000,45
2016-09-19,24000,24000,24000,24000,21
2016-09-20,22500,22500,22500,22500,15
2016-09-21,22500,23995,22500,23995,8
2016-09-22,22500,23995,22500,23995,40
2016-09-23,23995,23995,23995,23995,1
2016-09-26,23990,23990,23990,23990,2
2016-09-27,23985,23985,23985,23985,16
2016-09-28,23985,23985,23985,23985,1
2016-09-29,23500,23500,23500,23500,501
2016-09-30,23500,23500,23500,23500,2
2016-10-03,23000,23000,23000,23000,3
2016-10-05,22500,22500,22500,22500,1
2016-10-06,22500,22500,22500,22500,20
2016-10-07,22500,22500,22500,22500,17
2016-10-11,22250,22250,22250,22250,855
2016-10-14,21000,21000,21000,21000,2
2016-10-18,21000,21000,21000,21000,1
2016-10-19,20995,20995,20995,20995,1
2016-10-21,20995,20995,20500,20500,48
2016-10-24,20990,20990,20500,20500,11
2016-10-25,20500,20500,20500,20500,100
2016-10-26,20000,20000,20000,20000,41
2016-10-27,20500,20990,20500,20990,187
2016-10-28,22000,22000,21995,21995,16
2016-10-31,21995,21995,21995,21995,2
2016-11-02,21995,22000,21995,22000,9
2016-11-03,21995,21995,21995,21995,1
2016-11-04,21995,21995,21995,21995,2
2016-11-07,21995,21995,21900,21900,5
2016-11-08,21900,21990,21900,21990,3
2016-11-09,21000,21000,21000,21000,1
2016-11-14,21000,21000,21000,21000,33
2016-11-16,20800,20800,20000,20000,129
2016-11-17,20000,20000,20000,20000,2
2016-11-18,20000,20000,20000,20000,177
2016-11-21,20000,20000,20000,20000,25
2016-11-22,19900,19900,19895,19895,5
2016-11-25,19895,19900,19895,19900,4
2016-11-30,19850,19850,19850,19850,4
2016-12-05,19800,19800,19800,19800,1
2016-12-07,19800,19800,19800,19800,12
2016-12-08,19800,19800,19000,19000,359
2016-12-09,19000,19000,19000,19000,20
2016-12-13,19000,19000,19000,19000,14
2016-12-14,19800,19800,19800,19800,1
2016-12-19,19500,19500,19495,19495,7
2016-12-21,19490,19490,19400,19490,25
2016-12-22,19200,19200,19200,19200,1
2016-12-23,19200,19490,19200,19490,9
2016-12-27,19490,19490,19490,19490,11
2016-12-28,19490,19490,19490,19490,1
2016-12-29,19000,19000,19000,19000,5
2017-01-02,18500,18500,18500,18500,10
2017-01-03,18000,18000,18000,18000,1
2017-01-05,18000,18000,18000,18000,8
2017-01-06,18000,18000,18000,18000,6
2017-01-10,18000,18000,18000,18000,4
2017-01-11,16700,18000,16650,18000,18
2017-01-13,18000,18000,18000,18000,29
2017-01-16,18000,18000,18000,18000,18
2017-01-17,16750,16750,16750,16750,8
2017-01-18,17990,17990,17985,17985,62
2017-01-19,17985,17985,17985,17985,3
2017-01-20,17985,17990,17985,17990,50
2017-01-23,17990,17990,16755,16755,20
2017-01-25,17990,17990,17990,17990,5
2017-01-27,17795,17795,17795,17795,1
2017-01-30,17795,17795,17795,17795,3
2017-02-01,16755,16755,16755,16755,8
2017-02-03,16500,16500,16500,16500,4
2017-02-08,16420,16495,16000,16000,39
2017-02-09,16000,16000,16000,16000,5
2017-02-13,16000,17200,16000,16995,242
2017-02-14,17200,17200,17200,17200,36
2017-02-16,17200,17200,17200,17200,8
2017-02-17,17200,17200,17200,17200,1
2017-02-20,18000,18000,18000,18000,4
2017-02-21,17995,17995,17995,17995,4
2017-02-22,17700,17700,17700,17700,4
2017-02-23,16375,17000,16375,17000,4
2017-02-27,17000,17000,17000,17000,1
2017-03-01,16000,16000,16000,16000,15
2017-03-03,16000,16000,16000,16000,24
2017-03-07,15500,15500,15500,15500,2
2017-03-08,15500,15505,15500,15500,28
2017-03-09,15500,15500,15500,15500,2
2017-03-10,15400,15400,15400,15400,1
2017-03-13,15000,15000,15000,15000,3
2017-03-14,15000,15500,15000,15500,9
2017-03-15,15500,15500,15400,15400,17
2017-03-20,15300,15300,15295,15295,5
2017-03-22,15300,15300,15300,15300,7
2017-03-23,15300,15400,15000,15000,14
2017-03-24,15400,15400,15000,15000,2
2017-03-27,14500,15395,14500,15395,8
2017-03-30,15300,15300,15300,15300,3
2017-03-31,15000,15000,14995,14995,6
2017-04-04,14995,14995,14995,14995,1
2017-04-05,14990,14990,14000,14000,13
2017-04-06,14000,15000,14000,15000,59
2017-04-07,15000,15000,15000,15000,50
2017-04-10,14900,14990,14900,14990,2
2017-04-11,14995,14995,14995,14995,50
2017-04-12,14900,14900,14900,14900,100
2017-04-19,14800,14900,14800,14900,30
2017-04-20,15000,15000,15000,15000,1
2017-04-21,14995,15000,14995,15000,2
2017-04-24,14985,15000,14985,14995,81
2017-04-26,14990,14995,14990,14995,10
2017-04-28,14900,14900,14900,14900,3
2017-05-03,14900,14900,14900,14900,200
2017-05-04,14605,14910,14605,14700,314
2017-05-05,14700,14700,14700,14700,2
2017-05-08,14910,14910,14910,14910,150
2017-05-09,16000,16025,14910,14910,65
2017-05-11,14700,14700,14700,14700,42
2017-05-12,14500,14500,14500,14500,4
2017-05-16,14500,15000,14500,15000,401
2017-05-17,14995,14995,14995,14995,11
2017-05-19,14990,14990,14990,14990,4
2017-05-22,14500,14500,14500,14500,17
2017-05-23,14500,14500,14500,14500,41
2017-05-29,14200,14200,14200,14200,15
2017-05-30,14200,14200,14100,14100,13
2017-05-31,14100,14100,14000,14000,24
2017-06-01,14000,14000,14000,14000,10
2017-06-02,14000,14000,14000,14000,17
2017-06-06,14000,14000,13995,14000,47
2017-06-07,14000,14000,14000,14000,37
2017-06-08,14000,14000,14000,14000,16
2017-06-09,14000,15000,14000,15000,57
2017-06-12,15000,15000,15000,15000,2
2017-06-13,15000,15000,15000,15000,23
2017-06-15,15000,15000,15000,15000,15
2017-06-19,14000,14000,14000,14000,23
2017-06-20,14500,14500,14500,14500,7
2017-06-23,14500,15000,14500,15000,23
2017-06-27,14900,14900,14500,14500,11
2017-06-28,14495,14500,14495,14500,16
2017-06-30,14500,14500,14500,14500,2
2017-07-03,14500,14500,14500,14500,1
2017-07-05,14500,14500,14500,14500,1
2017-07-06,14500,14500,14500,14500,38
2017-07-11,14450,14450,14450,14450,3
2017-07-12,14490,14490,14490,14490,3
2017-07-13,14490,14490,14490,14490,10
2017-07-14,14000,14000,14000,14000,1
2017-07-18,13995,13995,13995,13995,5
2017-07-19,13995,13995,13995,13995,10
2017-07-20,13995,13995,13995,13995,2
2017-07-21,13995,13995,13995,13995,2
2017-07-26,13990,13995,13990,13995,12
2017-07-31,13895,13895,13895,13895,1
2017-08-03,13400,13400,13400,13400,2
2017-08-08,14000,14280,14000,14280,60
2017-08-09,13210,13210,13210,13210,35
2017-08-10,14000,14000,14000,14000,20
2017-08-21,14000,14100,14000,14100,25
2017-08-23,13100,13100,13100,13100,3
2017-08-25,13000,13000,13000,13000,2
2017-08-30,12990,12990,12025,12025,41
2017-08-31,12000,12000,12000,12000,1
2017-09-05,12900,12900,12900,12900,10
2017-09-06,13000,13000,13000,13000,1
2017-09-11,12500,12500,12500,12500,5
2017-09-13,12500,12500,12500,12500,1
2017-09-18,13000,13000,13000,13000,4
2017-09-20,13000,13950,13000,13950,200
2017-09-21,14000,14000,14000,14000,8
2017-10-05,12950,12950,12950,12950,1
2017-10-09,12500,12500,12500,12500,1
2017-10-10,11990,11990,11990,11990,10
2017-10-11,12000,12000,11990,11990,34
2017-10-12,11990,11990,11300,11300,13
2017-10-17,11300,11300,11300,11300,1
2017-10-18,11300,11300,11300,11300,5
2017-10-19,11000,11000,11000,11000,56
2017-11-02,11000,11000,11000,11000,3
2017-11-09,10895,10900,10895,10900,3
2017-11-16,10400,10400,10400,10400,10
2017-11-21,9625,9625,9625,9625,15
2017-11-24,9000,9000,9000,9000,5
2017-11-28,9625,9625,9625,9625,5
2017-11-30,9625,9625,9625,9625,2
2017-12-08,8905,8905,8905,8905,13
2017-12-12,8500,8500,8500,8500,2
2017-12-14,8500,8500,8500,8500,11
2017-12-15,8500,8500,8500,8500,104
2017-12-18,8500,8500,8500,8500,1
2017-12-19,8500,8500,8500,8500,5
2017-12-20,8500,8500,8500,8500,33
2017-12-22,8500,8500,8500,8500,10
2017-12-26,8500,8500,8500,8500,5
2017-12-29,8500,8500,8500,8500,75
2018-01-02,8500,8500,8500,8500,2
2018-01-08,8330,8330,8330,8330,1
2018-01-09,8330,8330,8330,8330,21
2018-01-10,8330,8330,8330,8330,23
2018-01-11,8330,8500,8330,8500,35
2018-01-18,7865,7865,7865,7865,40
2018-01-19,8250,8250,8250,8250,100
2018-01-22,7800,7800,7800,7800,25
2018-01-24,7500,7500,7500,7500,10
2018-01-25,6940,6950,6940,6940,537
2018-01-30,6940,6940,6940,6940,2
2018-02-02,6940,6940,6940,6940,16
2018-02-05,6940,6940,6940,6940,5
2018-02-06,6940,6940,6500,6500,80
2018-02-07,6800,6800,6800,6800,6
2018-02-08,6800,7000,6800,7000,45
2018-02-19,6950,7000,6950,7000,819
2018-02-20,7000,7000,7000,7000,94
2018-02-26,7000,7000,7000,7000,30
2018-02-27,7100,7100,7100,7100,378
2018-03-15,7500,7500,7500,7500,10
2018-03-16,7600,7600,7600,7600,2
2018-03-19,7600,7600,7600,7600,58
2018-03-20,7600,7600,7600,7600,5
2018-03-29,7610,7610,7610,7610,12
2018-04-06,8000,8000,8000,8000,23
2018-04-09,8000,8000,8000,8000,11
2018-04-10,8000,8300,8000,8300,15
2018-04-11,8300,8300,8300,8300,31
2018-04-16,8500,8500,8500,8500,3
2018-04-17,8300,8300,8300,8300,10
2018-04-18,8300,8500,8300,8500,268
2018-04-19,8000,8000,8000,8000,41
2018-04-24,8600,8600,8600,8600,10
2018-04-26,8600,8600,8600,8600,1
2018-04-30,8610,8610,8600,8600,32
2018-05-02,8600,8600,8600,8600,10
2018-05-04,8495,8500,8495,8500,9
2018-05-09,8500,8500,8500,8500,50
2018-05-11,8000,8000,8000,8000,10
2018-05-15,8000,8000,8000,8000,5
2018-05-16,8250,8250,8250,8250,20
2018-05-18,8150,8200,8150,8200,10
2018-05-23,8000,8000,8000,8000,42
2018-05-24,8000,8000,8000,8000,22
2018-05-30,8250,8250,8250,8250,2
2018-05-31,8200,8200,8200,8200,85
2018-06-01,8200,8200,8200,8200,10
2018-06-04,8200,8200,8200,8200,8
2018-06-05,8200,8200,8200,8200,2
2018-06-06,8195,8200,8040,8040,25
2018-06-07,8200,8200,8200,8200,11
2018-06-08,8000,8000,8000,8000,1
2018-06-12,8200,8200,8000,8000,18
2018-06-28,8000,8600,8000,8600,316
2018-07-02,9245,9245,9245,9245,10
2018-07-05,9935,9935,9935,9935,5
2018-07-06,10680,10680,10680,10680,20
2018-07-09,11480,11480,11480,11480,10
2018-07-13,12340,12340,12340,12340,19
2018-07-16,13200,13200,13200,13200,50
2018-07-17,14190,14190,13500,13500,102
2018-07-19,14510,14510,14510,14510,10
2018-07-20,14800,14800,14800,14800,13
2018-07-23,14600,14600,13690,13690,7
2018-07-24,13205,13205,13200,13200,164
2018-07-25,13200,13200,13200,13200,108
2018-07-26,12800,12800,12800,12800,12
2018-07-27,12500,12500,12500,12500,57
2018-07-30,12800,12800,12795,12800,104
2018-08-02,12450,12795,12450,12795,390
2018-08-03,12800,13000,12800,12800,28
2018-08-08,12800,12800,12800,12800,7
2018-08-09,12800,12800,12795,12795,12
2018-08-13,12790,12790,11840,11840,81
2018-08-14,11840,11840,11840,11840,32
2018-08-16,11795,11800,10955,10955,563
2018-08-17,10955,11000,10955,11000,402
2018-08-20,10995,10995,10955,10955,9
2018-08-22,10955,10955,10955,10955,70
2018-08-24,11000,11000,11000,11000,16
2018-08-27,11000,11000,11000,11000,32
2018-08-28,11500,11500,11500,11500,1
2018-08-29,11500,11500,11500,11500,9
2018-08-30,11500,11500,11500,11500,21
2018-08-31,11500,11500,11500,11500,61
2018-09-03,11500,11500,11500,11500,16
2018-09-04,11495,11500,11495,11500,10
2018-09-05,11500,12360,11500,12360,24
2018-09-07,12365,12800,12365,12800,24
2018-09-10,12800,12800,12800,12800,9
2018-09-11,12800,12800,12800,12800,9
2018-09-12,12900,12980,12900,12980,5
2018-09-14,12010,12010,12010,12010,50
2018-09-17,11110,11110,11110,11110,15
2018-09-18,11110,11780,11110,11780,130
2018-09-24,11110,11110,11110,11110,2
2018-09-25,11110,11110,11110,11110,3
2018-10-01,11105,11110,11105,11110,25
2018-10-02,11000,11000,11000,11000,5
2018-10-03,11000,11000,11000,11000,27
2018-10-04,10950,10995,10950,10995,3
2018-10-05,10960,10960,10175,10175,17
2018-10-08,9415,9415,9415,9415,15
2018-10-10,9415,9415,9415,9415,4
2018-10-12,9415,9415,9415,9415,117
2018-10-17,9105,9105,9000,9000,3
2018-10-18,9345,9345,9345,9345,40
2018-10-23,9300,9345,8645,9345,256
2018-10-24,8645,8645,8645,8645,15
2018-10-25,8000,8000,8000,8000,5
2018-10-29,8000,8000,8000,8000,3
2018-10-30,8000,8000,8000,8000,16
2018-10-31,8160,8160,8160,8160,5
2018-11-02,8160,8160,8160,8160,31
2018-11-06,8160,8160,7550,7550,22
2018-11-08,7550,7550,7550,7550,10
2018-11-14,7550,7550,7550,7550,2
2018-11-16,6985,6985,6985,6985,1
2018-11-19,6465,6465,6465,6465,5
2018-11-21,6465,6465,6465,6465,3
2018-11-29,6350,6350,6350,6350,100
2018-12-06,6340,6340,6340,6340,36
2018-12-13,6340,6340,6340,6340,21
2019-01-09,6000,6000,6000,6000,3
2019-01-16,6000,6000,6000,6000,25
2019-01-18,5900,5900,5900,5900,10
2019-01-21,5900,5900,5900,5900,15
2019-01-29,5700,5700,5700,5700,1
2019-02-04,5695,5700,5695,5700,12
2019-02-06,5690,5690,5690,5690,5
2019-02-07,5680,5680,5265,5265,14
2019-02-12,5150,5150,5135,5135,50
2019-02-25,5135,5135,5135,5135,6
2019-02-26,5135,5135,5135,5135,10
2019-03-12,4750,4750,4750,4750,42
2019-03-22,4750,4750,4750,4750,1
2019-03-27,4690,4690,4690,4690,9
2019-04-04,4690,4690,4690,4690,4
2019-04-09,4600,4600,4600,4600,1
2019-05-02,4600,4600,4580,4580,86
2019-05-03,4490,4490,4490,4490,65
2019-05-06,4485,4485,4485,4485,2
2019-05-09,4485,4495,4400,4400,300
2019-05-13,4460,4460,4460,4460,4
2019-05-15,4485,4485,4480,4480,250
2019-05-17,4565,4565,4565,4565,1
2019-05-20,4595,4595,4595,4595,1
2019-05-21,4565,4565,4565,4565,10
2019-05-22,4500,4500,4500,4500,21
2019-05-27,4500,4500,4500,4500,25
2019-05-31,4500,4500,4500,4500,8
2019-06-12,4400,4400,4400,4400,5
2019-06-13,4170,4170,4170,4170,10
2019-06-19,4000,4000,4000,4000,2
2019-06-21,4000,4000,4000,4000,4
2019-06-24,4170,4170,4170,4170,10
2019-06-25,4090,4090,4090,4090,4
2019-06-26,4010,4010,4010,4010,1
2019-07-03,3930,3930,3900,3900,7
2019-07-04,3900,3925,3900,3925,42
2019-07-10,4215,4215,3925,3925,22
2019-07-11,3780,3780,3780,3780,1
2019-07-15,3780,3780,3780,3780,6
2019-07-19,3780,3780,3780,3780,1
2019-07-23,3500,3500,3500,3500,10
2020-06-02,4775,4775,4775,4775,1
2020-07-03,4775,4775,4775,4775,5
2020-09-21,5130,5130,5130,5130,10
2020-10-15,4750,4750,4750,4750,1
2020-10-16,4500,4500,4500,4500,5
2020-11-13,4165,4165,4165,4165,24
2020-11-18,4165,4165,4165,4165,6
2020-11-23,4165,4165,4165,4165,2
2020-11-27,4165,4165,4165,4165,5
2021-01-20,4165,4165,4165,4165,3
2021-01-28,4165,4165,4165,4165,8
2021-02-22,4165,4165,4165,4165,4
2021-02-25,4085,4085,4085,4085,2
2021-03-09,4085,4085,4085,4085,9
2021-03-16,4085,4085,4085,4085,5
2021-03-17,4085,4085,4085,4085,15
2021-03-30,4085,4085,4085,4085,1
2021-04-19,4085,4085,4085,4085,5
2021-04-23,4085,4085,4085,4085,15
2021-05-03,4390,4390,4390,4390,10
2021-05-14,4390,4390,4390,4390,10
2021-05-18,4400,4400,4400,4400,9
2021-06-23,4550,4550,4550,4550,25
2021-06-30,4550,4550,4550,4550,70
2021-07-08,4550,4550,4550,4550,3
2021-08-04,4550,4550,4550,4550,16
2021-08-05,4550,4550,4550,4550,2
2021-08-17,4550,4550,4550,4550,15
2021-08-18,4550,4550,4550,4550,17
2021-08-19,4550,4550,4550,4550,10
2021-08-20,4550,4550,4550,4550,12
2021-08-25,4550,4550,4400,4400,30
2021-09-02,4400,4400,4400,4400,10
2021-09-13,4550,4550,4550,4550,2
2021-09-16,4550,4550,4550,4550,9
2021-10-20,4850,4850,4850,4850,2
2021-10-21,4900,4900,4900,4900,10
2021-10-22,4850,4850,4550,4550,17
2021-10-28,4550,4550,4550,4550,9
2021-11-19,4550,4550,4550,4550,12
2021-12-03,4550,4550,4550,4550,5
2021-12-16,4550,4550,4550,4550,3
2021-12-23,4550,4550,4550,4550,1
2021-12-28,4560,4560,4560,4560,7
2021-12-30,4890,4890,4890,4890,12
2021-12-31,4890,4890,4890,4890,23
2022-01-07,4890,4890,4890,4890,3
2022-01-10,4890,4890,4890,4890,2
2022-01-14,4890,4890,4800,4800,10
2022-01-21,4850,4850,4850,4850,45
2022-02-14,4850,4850,4850,4850,7
2022-02-15,4850,4850,4850,4850,14
2022-07-13,5010,5010,5010,5010,10
2022-07-15,5385,5385,5385,5385,1
2022-07-20,5700,5700,5700,5700,10
2022-07-22,5780,5780,5780,5780,5
2022-08-04,5800,5800,5800,5800,300
2022-08-05,5805,5805,5800,5800,31
2022-08-09,5800,5800,5800,5800,127
2022-08-30,6200,6200,6200,6200,5
2022-08-31,6200,6200,6200,6200,42
2022-09-01,6235,6235,6235,6235,25
2022-09-05,6235,6235,6235,6235,11
2022-09-06,6235,6235,6235,6235,214
2022-09-07,6700,6700,6700,6700,370
2022-09-09,6700,6700,6700,6700,1
2022-09-19,7035,7035,7000,7000,59
2022-09-20,7000,7000,7000,7000,2
2022-09-22,7000,7000,7000,7000,12
2022-09-28,7000,7035,7000,7035,5
2022-09-30,7035,7035,7035,7035,11
2022-10-04,7035,7035,7035,7035,21
2022-10-05,7030,7030,7000,7000,14
2022-10-06,7000,7030,7000,7030,39
2022-10-07,7030,7030,7000,7000,102
2022-10-10,7000,7000,7000,7000,3
2022-10-11,7030,7030,7030,7030,4
2022-10-14,7030,7030,7000,7000,18
2022-10-18,7000,7000,7000,7000,101
2022-10-19,7030,7030,7030,7030,3
2022-10-25,7030,7030,7030,7030,1
2022-10-26,7030,7030,7030,7030,10
2022-10-27,7030,7030,7030,7030,1
2022-11-24,7030,7030,7030,7030,6
2022-12-02,7030,7030,7030,7030,2
2022-12-07,7105,7105,7030,7030,51
2022-12-08,7030,7030,7030,7030,10
2022-12-09,7030,7030,7030,7030,5
2022-12-14,7000,7030,7000,7030,10
2022-12-23,7030,7030,7030,7030,1
2022-12-27,7025,7025,7025,7025,2
2022-12-30,7025,7025,7025,7025,42
2023-01-06,7020,7020,7020,7020,1
2023-01-09,7020,7020,7020,7020,100
2023-01-18,7020,7020,7020,7020,48
2023-01-24,7020,7020,7020,7020,15
2023-02-13,7020,7020,7020,7020,5
2023-02-17,7020,7020,7020,7020,513
2023-02-23,7020,7020,7020,7020,23
2023-03-08,7025,7025,7025,7025,5
2023-03-28,7550,7550,7550,7550,5
2023-03-29,7550,7550,7550,7550,1
2023-03-30,7550,7550,7550,7550,1
2023-03-31,7395,7395,7020,7020,227
2023-04-03,6800,6800,6800,6800,5
2023-04-12,6800,6800,6800,6800,406
2023-04-26,6790,6790,6790,6790,22
2023-04-28,6790,6790,6790,6790,8
2023-05-16,6645,6645,6645,6645,1
2023-05-17,6645,6645,6645,6645,31
2023-06-01,6640,6640,6640,6640,10
2023-06-09,6645,6645,6645,6645,6
2023-06-14,6645,6645,6645,6645,10
2023-06-30,6645,6645,6645,6645,5
2023-07-03,6600,6600,6600,6600,10
2023-07-04,6600,6600,6550,6550,52
2023-07-11,6420,6420,6420,6420,12
2023-07-14,5940,6420,5940,6420,11
2023-07-20,6420,6420,6420,6420,10
2023-07-21,6415,6420,6415,6420,15
2023-07-24,5940,5940,5940,5940,100
2023-07-26,5940,5940,5940,5940,20
2023-07-31,5895,5895,5895,5895,33
2023-08-01,5895,5895,5895,5895,5
2023-08-16,5895,5895,5895,5895,4
2023-08-17,5800,5800,5800,5800,23
2023-08-18,5800,5800,5800,5800,20
2023-08-25,5365,5365,5365,5365,6
2023-09-01,5200,5200,5200,5200,14
2023-09-04,5200,5200,5200,5200,31
2023-09-05,5200,5300,5200,5300,5
2023-09-06,5300,5300,5300,5300,13
2023-09-20,5300,5300,5300,5300,20
2023-09-21,5300,5300,5300,5300,10
2023-09-22,5300,5300,5300,5300,10
2023-09-26,5300,5300,5300,5300,1
2023-10-02,5300,5300,5300,5300,2
2023-10-11,5305,5305,5300,5300,13
2023-10-16,5000,5000,5000,5000,3
2023-10-17,5300,5300,5300,5300,1
2023-10-18,5000,5000,5000,5000,122
2023-10-19,4995,5000,4995,5000,65
2023-10-24,5000,5000,5000,5000,20
2023-10-27,5000,5000,5000,5000,16
2023-10-30,5000,5000,5000,5000,80
2023-10-31,5000,5000,5000,5000,16
2023-11-03,5000,5000,5000,5000,10
2023-11-06,5000,5000,5000,5000,45
2023-11-10,5000,5000,5000,5000,20
2023-11-13,5000,5000,5000,5000,2
2023-11-21,5000,5000,5000,5000,1
2023-11-23,5000,5000,5000,5000,10
2023-11-27,5000,5000,5000,5000,20
2023-11-28,5000,5000,5000,5000,10
2023-11-29,5000,5000,5000,5000,3
2023-12-01,5000,5000,5000,5000,2
2023-12-07,5000,5000,5000,5000,2
2023-12-15,5000,5000,5000,5000,1
2023-12-27,5000,5000,5000,5000,10
2024-01-03,5000,5000,5000,5000,30
2024-01-09,5000,5000,5000,5000,2
2024-01-16,5000,5000,5000,5000,3
2024-01-18,5000,5000,5000,5000,25
2024-01-23,5000,5000,5000,5000,20
2024-01-24,5000,5000,5000,5000,8
2024-01-26,5350,5350,5350,5350,1
2024-01-29,5325,5350,5325,5350,63
2024-02-01,5750,5750,5750,5750,1
2024-02-02,6180,6180,6180,6180,13
2024-02-05,6640,6640,6640,6640,7
2024-02-06,6150,6150,6150,6150,1
2024-02-08,6150,6150,6150,6150,3
2024-02-23,6250,6250,6250,6250,10
2024-02-26,6250,6250,6150,6150,22
2024-02-28,6000,6000,6000,6000,1
2024-03-06,6000,6000,6000,6000,4
2024-03-15,6000,6000,6000,6000,3
2024-03-19,6000,6000,6000,6000,2
2024-03-21,6000,6000,6000,6000,1
2024-03-25,6000,6000,6000,6000,10
2024-03-26,5995,6000,5995,6000,20
2024-03-28,6000,6000,6000,6000,1
2024-04-16,6000,6000,6000,6000,1
2024-04-24,6000,6000,6000,6000,1
2024-05-03,6000,6000,6000,6000,17
2024-05-13,5900,5900,5900,5900,15
2024-05-21,5900,5900,5900,5900,3
2024-05-28,5900,5900,5900,5900,2
2024-05-30,6000,6000,6000,6000,1
2024-05-31,6000,6450,6000,6450,10
2024-06-03,6450,6450,6450,6450,13
2024-06-06,6500,6500,6500,6500,15
2024-06-10,6450,6450,6450,6450,4
2024-06-11,6505,6505,6505,6505,5
2024-06-12,6505,6505,6505,6505,1
2024-06-13,6500,6500,6500,6500,2
2024-06-18,6500,6500,6500,6500,1
2024-06-19,6500,6500,6500,6500,1
2024-06-25,6500,6500,6500,6500,6
2024-07-03,6500,6500,6500,6500,5
2024-07-04,6505,6505,6500,6500,9
2024-07-08,6500,6500,6500,6500,2
2024-07-22,6500,6500,6500,6500,2
2024-07-29,6500,6500,6500,6500,2
2024-08-01,6500,6500,6500,6500,4
2024-08-05,6015,6015,6015,6015,1
2024-08-13,6015,6015,6015,6015,5
2024-08-22,6015,6015,5565,5565,7
2024-08-23,5150,5565,5150,5565,10
2024-08-27,5600,5960,5600,5960,5
2024-08-28,5965,5965,5960,5960,20
2024-08-29,5960,5960,5960,5960,1
2024-08-30,6405,6405,6405,6405,6
2024-09-04,6885,6885,6405,6405,2
2024-09-05,6885,6885,6885,6885,3
2024-09-06,7400,7400,7300,7300,21
2024-09-11,7305,7305,7270,7270,20
2024-09-12,7300,7300,7300,7300,8
2024-09-13,7300,7300,7300,7300,4
2024-09-16,7300,7300,7300,7300,6
2024-09-17,7300,7300,7300,7300,1
2024-09-18,7300,7300,7300,7300,1
2024-09-23,7845,7845,7845,7845,1
2024-10-03,7845,7845,7845,7845,4
2024-10-04,7800,7800,7800,7800,1
2024-10-10,7850,7850,7845,7845,22
2024-10-15,7840,7840,7840,7840,3
2024-10-16,7840,7840,7840,7840,5
2024-10-17,7840,7840,7840,7840,3
2024-10-22,7820,7820,7820,7820,3
2024-10-23,7820,7820,7820,7820,4
2024-10-24,7820,7820,7820,7820,10
2024-10-25,7820,7820,7820,7820,34
2024-10-28,7850,7850,7850,7850,5
2024-10-29,7850,7850,7850,7850,18
2024-10-30,7850,7850,7850,7850,4
2024-11-05,7850,7850,7850,7850,3
2024-11-07,7850,7850,7850,7850,2
2024-11-08,7850,7850,7850,7850,1
2024-11-13,7850,7850,7850,7850,1
2024-11-21,7850,7850,7850,7850,30
2024-11-22,7850,7850,7850,7850,6
2024-11-28,7850,7850,7850,7850,1
2024-11-29,7850,7850,7850,7850,2
2024-12-02,7850,7850,7850,7850,2
2024-12-05,7850,7850,7850,7850,5
2024-12-06,7850,7850,7850,7850,3
2024-12-09,7850,7850,7850,7850,1
2024-12-16,7700,7700,7700,7700,2
2024-12-17,7695,7695,7250,7250,6
2024-12-18,7000,7000,7000,7000,25
2024-12-19,7000,7000,7000,7000,38
2024-12-23,7000,7000,7000,7000,3
2024-12-26,6475,6475,6475,6475,2
2024-12-27,6475,6475,6475,6475,1
2025-01-02,6395,6400,6395,6400,15
2025-01-03,6400,6400,6400,6400,20
2025-01-06,6470,6475,6470,6475,10
2025-01-07,6475,6475,6475,6475,26
2025-01-08,6475,6475,6475,6475,2
2025-01-09,5990,6475,5990,6475,5
2025-01-10,6475,6475,6475,6475,1
2025-01-13,6475,6475,6475,6475,5
2025-01-14,6475,6475,6475,6475,1
2025-01-15,6475,6475,6475,6475,8
2025-01-20,6450,6450,6450,6450,2
2025-01-21,6450,6450,6450,6450,15
2025-01-27,6450,6450,6450,6450,3
2025-01-31,6450,6450,6450,6450,1
2025-02-03,6450,6450,6450,6450,2
2025-02-07,6450,6450,6450,6450,3
2025-02-11,6495,6495,6495,6495,10
2025-02-14,6930,6930,6930,6930,10
2025-02-17,7000,7000,7000,7000,4
2025-02-18,7000,7000,7000,7000,13
2025-02-19,7000,7000,7000,7000,5
2025-02-20,7000,7000,7000,7000,11
2025-02-24,7000,7000,7000,7000,3
2025-02-25,7000,7000,7000,7000,2
2025-02-26,7000,7000,7000,7000,10
2025-03-06,6995,6995,6995,6995,8
2025-03-07,6995,6995,6475,6475,7
2025-03-10,6475,6475,6475,6475,30
2025-03-11,5990,6475,5990,6475,32
2025-03-13,6960,6960,6960,6960,1
2025-03-14,6960,7000,6960,7000,14
2025-03-17,7000,7000,7000,7000,1
2025-03-18,7000,7000,7000,7000,12
2025-03-19,7025,7025,7025,7025,5
2025-03-20,7550,7550,7550,7550,3
2025-03-25,7550,7550,7105,7105,4
2025-03-26,7105,7105,6575,6575,16
2025-03-28,6575,6575,6575,6575,5
2025-04-08,6575,6575,6575,6575,1
2025-04-09,7065,7065,7065,7065,13
2025-04-10,7590,7590,7590,7590,8
2025-04-11,7590,7590,7590,7590,1
2025-04-14,7600,7600,7600,7600,1
2025-04-16,7600,7700,7600,7700,12
2025-04-17,7700,8275,7700,8275,2
2025-04-18,8895,8895,8895,8895,1
2025-04-22,8900,9560,8900,9560,2
2025-04-23,10275,10275,10275,10275,1
2025-04-24,11045,11045,11045,11045,1
2025-04-25,10275,11870,10275,11045,4
2025-04-29,10275,10275,10275,10275,9
2025-04-30,10275,10275,10275,10275,5
2025-05-02,10275,11000,10275,11000,11
2025-05-05,11000,11000,11000,11000,5
2025-05-06,11000,11000,11000,11000,13
2025-05-07,10500,10710,10500,10710,5
2025-05-08,10700,11000,10700,11000,8
2025-05-09,11200,11825,10175,10175,22
2025-05-12,10175,10175,10175,10175,3
2025-05-13,10175,10175,10175,10175,6
2025-05-15,10500,10500,10500,10500,5
2025-05-19,10500,10500,10500,10500,13
2025-05-21,10500,10500,10500,10500,15
2025-05-22,10500,10500,10500,10500,36
2025-05-23,10500,10500,10200,10200,11
2025-05-26,10200,10200,10200,10200,3
2025-05-27,10200,10200,10175,10175,94
2025-05-28,10935,10935,10935,10935,1
2025-05-30,11265,11265,11265,11265,1
2025-06-03,11265,11265,11265,11265,2
2025-06-04,11265,11265,11265,11265,9
2025-06-05,11600,11600,11600,11600,9
2025-06-10,11950,12470,11950,12470,4
2025-06-11,12470,12845,12470,12845,4
2025-06-13,12845,12845,12845,12845,13
2025-06-16,12845,12845,12845,12845,1
2025-06-17,12000,12000,12000,12000,12
2025-06-18,12000,12400,12000,12400,221
2025-06-19,12400,12400,12400,12400,5
2025-06-20,12850,12850,12845,12845,2
2025-06-23,12850,12855,12850,12855,8
2025-06-24,13815,13815,13815,13815,1
2025-06-25,14850,14850,14850,14850,1
2025-06-26,15295,15960,15295,15960,2
2025-06-27,17155,17155,17155,17155,1
2025-06-30,17900,18440,17900,18440,5
2025-07-01,18180,18180,18180,18180,23
2025-07-02,18440,18440,18440,18440,5
2025-07-03,18440,18440,18440,18440,8
2025-07-09,18440,18440,18440,18440,9
2025-07-10,18995,18995,18995,18995,3
2025-07-11,18000,18995,18000,18995,21
2025-07-14,20415,20415,20415,20415,1
2025-07-15,20600,20600,20600,20600,10
2025-07-16,22145,22145,22145,22145,1
2025-07-17,23680,23800,23680,23800,11
2025-07-18,25585,25585,25585,25585,5
2025-07-21,27500,27500,27500,27500,7
2025-07-22,29560,29560,29560,29560,1
2025-07-23,31775,31775,31775,31775,46
2025-07-24,34155,34155,32000,34155,19
2025-07-25,36715,36715,36715,36715,6
2025-07-28,39465,39465,39465,39465,1
2025-07-29,39465,42420,39465,42420,9
2025-07-30,45550,45555,45550,45555,14
2025-07-31,45700,48970,45700,48970,11
2025-08-01,52640,52640,52640,52640,6
2025-09-01,52640,52640,48970,48970,9
2025-09-02,45300,45300,45300,45300,1
2025-09-03,42000,45000,42000,45000,6
2025-09-05,42000,42000,42000,42000,1
2025-09-08,40000,40000,38850,38850,4
2025-09-09,36715,36715,35940,35940,29
2025-09-10,33245,33245,33245,33245,3
2025-09-11,30755,35000,30755,30755,130
2025-09-12,30000,30000,29995,29995,13
2025-09-15,28000,28000,27750,27750,2
2025-09-16,25670,25670,25670,25670,2
2025-09-17,25160,25160,23745,23745,18
2025-09-18,22000,22000,21995,21995,11
2025-09-19,20350,20350,20350,20350,1
2025-09-22,19995,19995,18825,18825,82
2025-09-23,19000,19000,19000,19000,15
2025-09-24,18825,18825,18825,18825,13
2025-09-25,17500,19000,17500,19000,18
2025-09-26,20000,20000,20000,20000,47
2025-09-29,20000,20000,18500,18500,36
2025-09-30,18500,18500,18500,18500,15
2025-10-01,18500,18500,18500,18500,36
2025-10-02,18505,18505,18505,18505,5
2025-10-06,18510,18510,18510,18510,1
2025-10-09,18515,18515,18510,18510,30
2025-10-15,18510,18510,18510,18510,7
2025-10-20,18605,18605,18605,18605,32
2025-10-28,20000,20000,20000,20000,15
2025-10-29,21500,21500,21500,21500,11
2025-10-30,23000,23000,23000,23000,10
2025-11-06,23005,23005,23005,23005,7
2025-11-07,23020,23020,23005,23020,58
2025-11-10,23020,23100,23020,23100,4
2025-11-11,24830,24830,24830,24830,1
2025-11-12,26690,26690,26690,26690,1
2025-11-13,26700,28690,26700,28690,12
2025-11-14,30840,30840,30840,30840,6
2025-11-17,32000,33150,32000,33150,6
2025-11-18,35635,35635,34000,35635,5
2025-11-19,38305,38305,38305,38305,1
2025-11-20,38305,38305,38300,38300,8
2025-11-21,38295,38300,36000,38000,38
2025-11-24,38000,40850,38000,40850,13
2025-11-25,40850,43900,40850,43900,14
2025-11-26,43495,43495,43395,43395,7
2025-11-27,40850,43400,40850,43400,12
2025-12-01,43400,43400,43400,43400,22
2025-12-03,43300,43390,43300,43390,7
2025-12-04,43390,43390,43390,43390,1
2025-12-05,43385,43390,43385,43390,2
2025-12-08,43290,43290,43290,43290,5
2025-12-09,43200,43290,43200,43200,1
2025-12-10,43200,43200,43200,43200,2
2025-12-11,43200,43200,43200,43200,10
2025-12-12,43000,43000,42995,42995,6
2025-12-15,40000,40000,40000,40000,9
2025-12-18,40000,40000,40000,40000,5
2025-12-19,40000,40000,37000,37000,10
2025-12-22,34225,34225,34225,34225,96
2025-12-23,34225,34225,34225,34225,21
2025-12-26,34225,34225,34225,34225,37
2025-12-29,34225,34225,34225,34225,7
2025-12-30,34225,34225,34225,34225,4
2025-12-31,34225,34225,34225,34225,1
2026-01-02,35000,35000,35000,35000,7
2026-01-05,35000,35000,35000,35000,7
2026-01-06,35000,35000,35000,35000,5
2026-01-07,37500,37500,37500,37500,1
2026-01-08,37500,37500,37500,37500,13
2026-01-09,35000,35000,35000,35000,57
2026-01-12,35005,37625,35005,37625,7
2026-01-13,40000,40445,40000,40445,29
2026-01-14,43400,43400,40445,40445,55
2026-01-15,40445,43475,40445,43475,24
2026-01-16,43475,46445,43475,46445,35
2026-01-19,46445,46445,46400,46400,2
2026-01-20,46450,46700,43500,43500,34
2026-01-21,46760,46760,46760,46760,26
2026-01-22,46700,46700,46445,46445,3
2026-01-23,46760,47000,46445,46500,16
2026-01-26,46500,49500,43020,43020,208
2026-01-27,43025,46245,43025,43250,26
2026-01-28,46000,46000,46000,46000,5
2026-01-29,46000,46400,46000,46400,40
2026-01-30,46400,46400,46400,46400,1
2026-02-02,46400,46900,46400,46900,23
2026-02-03,47995,50415,47990,50415,27
2026-02-04,50410,54145,50000,54145,23
2026-02-05,54145,54200,54145,54200,24
2026-02-06,58265,58265,58265,58265,25
2026-02-09,62630,62630,62500,62500,64
2026-02-10,65000,67185,65000,65650,22
2026-02-11,70570,70570,65660,70570,30
2026-02-12,75800,75805,75500,75805,62
2026-02-13,75800,81250,70120,80000,138
2026-02-16,79900,86000,79900,85500,61
2026-02-17,82000,85500,82000,85495,44
2026-02-18,85495,85495,80000,80005,58
2026-02-19,80000,80000,74040,79995,143
2026-02-20,79995,80000,74505,74505,11
2026-02-23,74005,78000,74005,74910,29
2026-02-24,74000,74910,69295,74800,102
2026-02-25,74800,74800,69190,69200,107
2026-02-26,69015,74390,69015,74300,59
2026-02-27,79870,79870,69060,74300,178
2026-03-02,74300,74300,70005,70010,51
2026-03-03,70000,74500,70000,70000,112
2026-03-04,70000,73995,64750,73995,42
2026-03-05,70000,70000,68500,68500,99
2026-03-06,68600,70000,68455,70000,28
2026-03-09,68000,68000,68000,68000,11
2026-03-10,70000,73100,70000,72000,15
2026-03-11,72000,72000,72000,72000,23
2026-03-12,71600,74300,70000,70000,26
2026-03-13,70000,70000,68605,70000,148
2026-03-17,68750,68750,65000,65000,128
2026-03-18,65000,65000,60125,60130,138
2026-03-19,60125,61900,59000,59000,139
2026-03-23,54575,59000,54575,54580,148
2026-03-24,50490,58000,50490,58000,82
2026-03-25,58000,60000,53650,53650,16
2026-03-26,49630,49630,49630,49630,90
2026-03-27,53350,53350,53105,53105,21
2026-03-30,49635,57085,49635,57085,58
2026-03-31,57100,61365,57100,60000,35
2026-04-01,64500,64500,64480,64500,55
2026-04-02,69000,69000,64500,65000,55
2026-04-03,66000,69005,66000,69005,16
2026-04-07,69005,69005,63830,65000,65
2026-04-08,64995,65000,60125,60125,50
2026-04-09,60125,60125,58000,58000,22
2026-04-10,58000,58000,58000,58000,7
2026-04-13,58000,61995,58000,61995,21
2026-04-14,61995,66640,61995,61995,13
2026-04-15,57505,62000,57505,62000,27
2026-04-16,65000,65000,57500,57500,21
2026-04-17,57500,57500,57500,57500,37
2026-04-20,61810,61810,57500,57500,41
2026-04-21,57505,61500,57200,57200,39
2026-04-22,57200,57200,55500,55500,23
2026-04-23,55600,55600,55500,55500,3
2026-04-24,58000,59000,56000,59000,12
2026-04-27,63400,63400,63345,63345,13
2026-04-28,63345,63345,59000,59000,6
2026-04-29,59200,63000,59200,63000,5
2026-04-30,63000,63000,60500,60500,8
2026-05-04,62995,62995,60500,60500,22
2026-05-05,60500,60500,60500,60500,6
2026-05-06,59000,60500,59000,59000,19
2026-05-07,59000,59000,59000,59000,11
2026-05-08,60500,60500,56000,56000,14
2026-05-11,56000,60200,56000,59900,9
2026-05-12,59890,59890,56100,56100,21
2026-05-13,57000,60295,56125,60295,48
2026-05-15,59900,59950,56000,59950,72
2026-05-18,56100,56500,56000,56000,37
2026-05-19,56100,56100,56100,56100,10
2026-05-20,58000,58000,57900,58000,4
2026-05-21,60000,60000,59900,59900,6
2026-05-22,59900,59900,59000,59000,9
2026-05-26,56205,56205,56205,56205,17
2026-05-28,56215,56300,56215,56300,9
2026-05-29,56300,59895,56300,59750,21
2026-06-01,59750,59750,57000,57100,40
2026-06-02,55000,55000,55000,55000,17
2026-06-03,55105,55200,55105,55200,19
2026-06-04,56200,58000,55250,58000,3
2026-06-05,58000,58000,58000,58000,11
2026-06-08,58000,58000,58000,58000,5
2026-06-09,59350,59350,59100,59300,5
2026-06-10,59345,59345,59300,59345,18
2026-06-11,59300,59300,55505,58000,11
2026-06-12,55255,58000,55255,58000,17
2026-06-15,58000,58000,55500,55600,22
2026-06-16,55700,55800,55700,55800,8
2026-06-17,55800,56000,55800,56000,9
2026-06-18,56010,57000,56000,57000,20
2026-06-19,56000,56000,56000,56000,2
2026-06-22,56500,58000,56500,57950,12
2026-06-23,57950,57950,57950,57950,7
2026-06-24,57950,57950,57000,57000,25
2026-06-26,57000,57000,57000,57000,5
2026-06-29,56000,56020,56000,56020,11
2026-06-30,56020,56020,55600,55600,6
2026-07-01,55600,59600,55600,55600,56
2026-07-02,55600,55600,55555,55555,9
2026-07-03,51395,51395,51395,51395,209
2026-07-06,51395,51395,50000,50000,54
2026-07-07,50005,53750,50000,53735,37
2026-07-08,53735,53735,50000,53735,39
2026-07-09,53735,53735,53735,53735,7
2026-07-10,53735,53735,50500,50500,20
2026-07-13,50505,53735,50500,53735,23
2026-07-14,53735,53735,53735,53735,55
2026-07-15,53735,53735,53735,53735,4
2026-07-16,50500,55000,50500,55000,11
2026-07-17,54500,54500,54495,54495,4
2026-07-20,50500,52000,50500,52000,12
2026-07-21,52000,52000,50500,50500,5
2026-07-22,50520,52000,50520,52000,18
2026-07-23,52000,52000,52000,52000,4
2026-07-24,52000,52000,50000,52000,8
2026-07-27,51000,51000,51000,51000,6
2026-07-28,51000,51980,51000,51980,14
2026-07-29,51980,55875,51980,55875,28
2026-07-30,54900,55000,51685,54000,4
2026-07-31,54000,54000,51000,51000,4
2026-08-03,51035,54825,51020,51020,37
2026-08-04,51050,54845,51050,54700,12
2026-08-05,51055,54595,51055,54595,33
2026-08-06,57500,57500,51070,54595,21
2026-08-10,54595,54595,54595,54595,19
2026-08-11,56495,56495,56300,56300,15
2026-08-12,57500,58000,57000,58000,60
2026-08-13,58000,58000,58000,58000,13
2026-08-17,58000,58000,57990,57990,3
2026-08-18,53650,54000,53650,54000,26
2026-08-19,54000,56500,54000,54000,40
2026-08-20,54000,57000,52000,52000,55
2026-08-21,52200,52200,52200,52200,1
2026-08-26,52500,56115,52500,56115,15
2026-08-27,52000,52200,52000,52200,43
2026-08-28,55900,55900,52200,52200,27
2026-08-31,54800,54800,54800,54800,2
2026-09-01,54700,54700,54600,54600,2
2026-09-02,54600,54600,54000,54000,19
2026-09-03,54100,54100,54000,54000,16
2026-09-04,54000,54350,54000,54350,13
2026-09-07,51000,51000,51000,51000,4
2026-09-08,51100,51100,51100,51100,5
2026-09-09,54350,54350,51100,53000,17
2026-09-10,54300,54300,54300,54300,2
2026-09-11,54000,54000,54000,54000,3
2026-09-14,54000,54000,50000,54000,18
2026-09-15,50000,53495,50000,53000,16
2026-09-16,50000,50000,49025,49025,152
2026-09-17,49025,52700,49025,52700,33
2026-09-18,52500,52500,49025,52380,10
2026-09-21,51995,51995,49025,51995,34
2026-09-22,52000,52000,51995,51995,5
2026-09-23,51995,51995,49000,49000,14
2026-09-24,49000,51000,49000,51000,9
2026-09-25,51000,51000,51000,51000,3
