Date,Open,High,Low,Close,Volume
1999-06-16,100,100,100,100,0
1999-06-18,100,100,100,100,0
1999-06-21,100,100,100,100,0
1999-06-23,100,100,100,100,0
1999-06-25,95.96,95.96,95.96,95.96,0
1999-06-28,95.96,95.96,95.96,95.96,0
1999-06-30,95.96,95.96,95.96,95.96,0
1999-07-02,95.96,95.96,95.96,95.96,0
1999-07-05,95.27,95.27,95.27,95.27,0
1999-07-07,94.73,94.73,94.73,94.73,0
1999-07-09,94.18,94.18,94.18,94.18,0
1999-07-12,87.83,87.83,87.83,87.83,0
1999-07-14,85.53,85.53,85.53,85.53,0
1999-07-16,85.36,85.36,85.36,85.36,0
1999-07-19,84.95,84.95,84.95,84.95,0
1999-07-21,84.95,84.95,84.95,84.95,0
1999-07-23,84.95,84.95,84.95,84.95,0
1999-07-26,84.67,84.67,84.67,84.67,0
1999-07-28,84.67,84.67,84.67,84.67,0
1999-07-30,84.67,84.67,84.67,84.67,0
1999-08-02,84.67,84.67,84.67,84.67,0
1999-08-04,84.54,84.54,84.54,84.54,0
1999-08-06,84.54,84.54,84.54,84.54,0
1999-08-09,84.54,84.54,84.54,84.54,0
1999-08-11,84.54,84.54,84.54,84.54,0
1999-08-13,84.54,84.54,84.54,84.54,0
1999-08-16,84.54,84.54,84.54,84.54,0
1999-08-18,84.66,84.66,84.66,84.66,0
1999-08-20,84.54,84.54,84.54,84.54,0
1999-08-23,84.54,84.54,84.54,84.54,0
1999-08-25,84.54,84.54,84.54,84.54,0
1999-08-27,84.54,84.54,84.54,84.54,0
1999-08-30,84.54,84.54,84.54,84.54,0
1999-09-01,84.52,84.52,84.52,84.52,0
1999-09-03,84.54,84.54,84.54,84.54,0
1999-09-06,84.54,84.54,84.54,84.54,0
1999-09-08,84.95,84.95,84.95,84.95,0
1999-09-10,84.95,84.95,84.95,84.95,0
1999-09-13,84.95,84.95,84.95,84.95,0
1999-09-15,84.95,84.95,84.95,84.95,0
1999-09-17,84.95,84.95,84.95,84.95,0
1999-09-20,83,83,83,83,0
1999-09-22,83,83,83,83,0
1999-09-24,83,83,83,83,0
1999-09-27,81.64,81.64,81.64,81.64,0
1999-09-29,81.64,81.64,81.64,81.64,0
1999-10-01,81.64,81.64,81.64,81.64,0
1999-10-06,81.64,81.64,81.64,81.64,0
1999-10-08,81.64,81.64,81.64,81.64,0
1999-10-11,81.64,81.64,81.64,81.64,0
1999-10-13,81.64,81.64,81.64,81.64,0
1999-10-15,81.64,81.64,81.64,81.64,0
1999-10-18,83.16,83.16,83.16,83.16,0
1999-10-20,81.8,81.8,81.8,81.8,0
1999-10-22,80.57,80.57,80.57,80.57,0
1999-10-25,80.57,80.57,80.57,80.57,0
1999-10-27,81.25,81.25,81.25,81.25,0
1999-10-29,81.25,81.25,81.25,81.25,0
1999-11-03,81.53,81.53,81.53,81.53,0
1999-11-05,81.53,81.53,81.53,81.53,0
1999-11-08,81.53,81.53,81.53,81.53,0
1999-11-10,81.53,81.53,81.53,81.53,0
1999-11-12,81.53,81.53,81.53,81.53,0
1999-11-17,82.35,82.35,82.35,82.35,0
1999-11-19,82.35,82.35,82.35,82.35,0
1999-11-22,82.35,82.35,82.35,82.35,0
1999-11-24,82.63,82.63,82.63,82.63,0
1999-11-26,82.63,82.63,82.63,82.63,0
1999-11-29,82.63,82.63,82.63,82.63,0
1999-12-01,82.63,82.63,82.63,82.63,0
1999-12-03,82.63,82.63,82.63,82.63,0
1999-12-06,82.63,82.63,82.63,82.63,0
1999-12-08,81.29,81.29,81.29,81.29,0
1999-12-10,81.29,81.29,81.29,81.29,0
1999-12-13,81.29,81.29,81.29,81.29,0
1999-12-15,81.29,81.29,81.29,81.29,0
1999-12-17,81.29,81.29,81.29,81.29,0
1999-12-20,81.29,81.29,81.29,81.29,0
1999-12-22,81.29,81.29,81.29,81.29,0
1999-12-27,81.29,81.29,81.29,81.29,0
1999-12-29,81.29,81.29,81.29,81.29,0
1999-12-31,81.29,81.29,81.29,81.29,0
2000-01-05,81.29,81.29,81.29,81.29,0
2000-01-07,81.02,81.02,81.02,81.02,0
2000-01-10,81.02,81.02,81.02,81.02,0
2000-01-12,81.02,81.02,81.02,81.02,0
2000-01-14,81.02,81.02,81.02,81.02,0
2000-01-17,81.02,81.02,81.02,81.02,0
2000-01-19,81.02,81.02,81.02,81.02,0
2000-01-21,81.02,81.02,81.02,81.02,0
2000-01-24,81.02,81.02,81.02,81.02,0
2000-01-26,81.02,81.02,81.02,81.02,0
2000-01-28,81.02,81.02,81.02,81.02,0
2000-01-31,81.02,81.02,81.02,81.02,0
2000-02-02,81.02,81.02,81.02,81.02,0
2000-02-04,81.02,81.02,81.02,81.02,0
2000-02-07,81.02,81.02,81.02,81.02,0
2000-02-09,79.11,79.11,79.11,79.11,0
2000-02-11,77.45,77.45,77.45,77.45,0
2000-02-14,77.45,77.45,77.45,77.45,0
2000-02-16,77.45,77.45,77.45,77.45,0
2000-02-18,77.45,77.45,77.45,77.45,0
2000-02-21,77.45,77.45,77.45,77.45,0
2000-02-23,77.45,77.45,77.45,77.45,0
2000-02-25,77.45,77.45,77.45,77.45,0
2000-02-28,77.45,77.45,77.45,77.45,0
2000-03-01,77.45,77.45,77.45,77.45,0
2000-03-03,77.45,77.45,77.45,77.45,0
2000-03-06,77.45,77.45,77.45,77.45,0
2000-03-08,77.45,77.45,77.45,77.45,0
2000-03-10,77.45,77.45,77.45,77.45,0
2000-03-13,77.45,77.45,77.45,77.45,0
2000-03-15,77.45,77.45,77.45,77.45,0
2000-03-17,77.45,77.45,77.45,77.45,0
2000-03-20,77.45,77.45,77.45,77.45,0
2000-03-22,77.45,77.45,77.45,77.45,0
2000-03-24,77.36,77.36,77.36,77.36,0
2000-03-27,77.36,77.36,77.36,77.36,0
2000-03-29,77.36,77.36,77.36,77.36,0
2000-03-31,77.36,77.36,77.36,77.36,0
2000-04-03,76.35,76.35,76.35,76.35,0
2000-04-05,76.35,76.35,76.35,76.35,0
2000-04-07,76.35,76.35,76.35,76.35,0
2000-04-10,76.07,76.07,76.07,76.07,0
2000-04-12,76.07,76.07,76.07,76.07,0
2000-04-14,76.07,76.07,76.07,76.07,0
2000-04-17,74.97,74.97,74.97,74.97,0
2000-04-19,74.97,74.97,74.97,74.97,0
2000-04-21,74.96,74.96,74.96,74.96,0
2000-04-26,74.96,74.96,74.96,74.96,0
2000-04-28,74.96,74.96,74.96,74.96,0
2000-05-03,74.96,74.96,74.96,74.96,0
2000-05-05,74.96,74.96,74.96,74.96,0
2000-05-08,74.96,74.96,74.96,74.96,0
2000-05-10,73.6,73.6,73.6,73.6,0
2000-05-12,73.6,73.6,73.6,73.6,0
2000-05-15,73.6,73.6,73.6,73.6,0
2000-05-17,73.6,73.6,73.6,73.6,0
2000-05-19,73.6,73.6,73.6,73.6,0
2000-05-22,73.6,73.6,73.6,73.6,0
2000-05-24,73.6,73.6,73.6,73.6,0
2000-05-26,73.6,73.6,73.6,73.6,0
2000-05-29,73.56,73.56,73.56,73.56,0
2000-05-31,73.56,73.56,73.56,73.56,0
2000-06-02,73.56,73.56,73.56,73.56,0
2000-06-05,73.56,73.56,73.56,73.56,0
2000-06-07,73.56,73.56,73.56,73.56,0
2000-06-09,74.93,74.93,74.93,74.93,0
2000-06-16,76.31,76.31,76.31,76.31,0
2000-06-19,77.95,77.95,77.95,77.95,0
2000-06-21,78.77,78.77,78.77,78.77,0
2000-06-23,78.77,78.77,78.77,78.77,0
2000-06-26,78.77,78.77,78.77,78.77,0
2000-06-28,78.98,78.98,78.98,78.98,0
2000-06-30,78.98,78.98,78.98,78.98,0
2000-07-03,79.98,79.98,79.98,79.98,0
2000-07-07,78.98,78.98,78.98,78.98,0
2000-07-10,79.05,79.05,79.05,79.05,0
2000-07-12,79.05,79.05,79.05,79.05,0
2000-07-14,79.05,79.05,79.05,79.05,0
2000-07-17,80.43,80.43,80.43,80.43,0
2000-07-19,80.43,80.43,80.43,80.43,0
2000-07-21,80.43,80.43,80.43,80.43,0
2000-07-26,77.76,77.76,77.76,77.76,0
2000-07-31,77.76,77.76,77.76,77.76,0
2000-08-04,77.76,77.76,77.76,77.76,0
2000-08-09,76.38,76.38,76.38,76.38,0
2000-08-11,76.38,76.38,76.38,76.38,0
2000-08-14,76.38,76.38,76.38,76.38,0
2000-08-16,76.38,76.38,76.38,76.38,0
2000-08-18,76.38,76.38,76.38,76.38,0
2000-08-21,76.38,76.38,76.38,76.38,0
2000-08-28,76.38,76.38,76.38,76.38,0
2000-08-30,76.38,76.38,76.38,76.38,0
2000-09-01,75.01,75.01,75.01,75.01,0
2000-09-04,75.01,75.01,75.01,75.01,0
2000-09-06,75.01,75.01,75.01,75.01,0
2000-09-08,75.01,75.01,75.01,75.01,0
2000-09-11,75.01,75.01,75.01,75.01,0
2000-09-13,75.01,75.01,75.01,75.01,0
2000-09-15,75.01,75.01,75.01,75.01,0
2000-09-20,74.45,74.45,74.45,74.45,0
2000-09-22,75.01,75.01,75.01,75.01,0
2000-09-27,75.01,75.01,75.01,75.01,0
2000-09-29,75,75,75,75,0
2000-10-02,75,75,75,75,0
2000-10-09,75,75,75,75,0
2000-10-11,75,75,75,75,0
2000-10-13,75,75,75,75,0
2000-10-16,75,75,75,75,0
2000-10-18,75,75,75,75,0
2000-10-20,75,75,75,75,0
2000-10-27,75,75,75,75,0
2000-10-30,75,75,75,75,0
2000-11-02,74.72,74.72,74.72,74.72,0
2000-11-03,74.72,74.72,74.72,74.72,0
2000-11-06,74.72,74.72,74.72,74.72,0
2000-11-08,74.45,74.45,74.45,74.45,0
2000-11-10,74.45,74.45,74.45,74.45,0
2000-11-13,74.45,74.45,74.45,74.45,0
2000-11-16,74.45,74.45,74.45,74.45,0
2000-11-17,74.45,74.45,74.45,74.45,0
2000-11-20,74.45,74.45,74.45,74.45,0
2000-11-22,74.45,74.45,74.45,74.45,0
2000-11-24,74.45,74.45,74.45,74.45,0
2000-11-27,74.45,74.45,74.45,74.45,0
2000-11-29,74.45,74.45,74.45,74.45,0
2000-12-01,74.45,74.45,74.45,74.45,0
2000-12-04,74.45,74.45,74.45,74.45,0
2000-12-06,74.45,74.45,74.45,74.45,0
2000-12-08,74.16,74.16,74.16,74.16,0
2000-12-11,74.16,74.16,74.16,74.16,0
2000-12-13,74.16,74.16,74.16,74.16,0
2000-12-15,74.16,74.16,74.16,74.16,0
2000-12-18,74.16,74.16,74.16,74.16,0
2000-12-20,74.16,74.16,74.16,74.16,0
2000-12-22,74.16,74.16,74.16,74.16,0
2000-12-26,74.13,74.13,74.13,74.13,0
2000-12-28,74.13,74.13,74.13,74.13,0
2000-12-29,74.13,74.13,74.13,74.13,0
2001-01-02,74.13,74.13,74.13,74.13,0
2001-01-03,73.92,73.92,73.92,73.92,0
2001-01-05,74.05,74.05,74.05,74.05,0
2001-01-08,74.05,74.05,74.05,74.05,0
2001-01-10,74.05,74.05,74.05,74.05,0
2001-01-12,74.05,74.05,74.05,74.05,0
2001-01-15,74.05,74.05,74.05,74.05,0
2001-01-17,74.05,74.05,74.05,74.05,0
2001-01-19,74.05,74.05,74.05,74.05,0
2001-01-22,74.05,74.05,74.05,74.05,0
2001-01-24,74.05,74.05,74.05,74.05,0
2001-01-26,74.05,74.05,74.05,74.05,0
2001-01-29,74.05,74.05,74.05,74.05,0
2001-01-31,74.05,74.05,74.05,74.05,0
2001-02-02,74.05,74.05,74.05,74.05,0
2001-02-05,74.05,74.05,74.05,74.05,0
2001-02-07,74.05,74.05,74.05,74.05,0
2001-02-09,74.05,74.05,74.05,74.05,0
2001-02-12,74.05,74.05,74.05,74.05,0
2001-02-14,74.89,74.89,74.89,74.89,0
2001-02-16,74.89,74.89,74.89,74.89,0
2001-02-19,74.89,74.89,74.89,74.89,0
2001-02-21,74.89,74.89,74.89,74.89,0
2001-02-23,75.44,75.44,75.44,75.44,0
2001-02-26,75.44,75.44,75.44,75.44,0
2001-02-28,75.44,75.44,75.44,75.44,0
2001-03-02,74.89,74.89,74.89,74.89,0
2001-03-06,75.44,75.44,75.44,75.44,0
2001-03-07,75.44,75.44,75.44,75.44,0
2001-03-09,75.44,75.44,75.44,75.44,0
2001-03-12,75.71,75.71,75.71,75.71,0
2001-03-14,75.71,75.71,75.71,75.71,0
2001-03-16,75.71,75.71,75.71,75.71,0
2001-03-19,75.99,75.99,75.99,75.99,0
2001-03-21,75.99,75.99,75.99,75.99,0
2001-03-23,75.99,75.99,75.99,75.99,0
2001-03-26,75.99,75.99,75.99,75.99,0
2001-03-28,75.99,75.99,75.99,75.99,0
2001-03-30,74.64,74.64,74.64,74.64,0
2001-04-02,74.64,74.64,74.64,74.64,0
2001-04-04,74.64,74.64,74.64,74.64,0
2001-04-06,74.64,74.64,74.64,74.64,0
2001-04-09,74.64,74.64,74.64,74.64,0
2001-04-11,74.64,74.64,74.64,74.64,0
2001-04-13,74.09,74.09,74.09,74.09,0
2001-04-17,74.09,74.09,74.09,74.09,0
2001-04-18,74.09,74.09,74.09,74.09,0
2001-04-20,74.08,74.08,74.08,74.08,0
2001-04-23,74.21,74.21,74.21,74.21,0
2001-04-25,74.21,74.21,74.21,74.21,0
2001-04-27,74.2,74.2,74.2,74.2,0
2001-04-30,74.2,74.2,74.2,74.2,0
2001-05-02,74.2,74.2,74.2,74.2,0
2001-05-04,74.2,74.2,74.2,74.2,0
2001-05-07,74.2,74.2,74.2,74.2,0
2001-05-09,74.2,74.2,74.2,74.2,0
2001-05-11,74.21,74.21,74.21,74.21,0
2001-05-14,74.21,74.21,74.21,74.21,0
2001-05-16,74.21,74.21,74.21,74.21,0
2001-05-18,74.21,74.21,74.21,74.21,0
2001-05-21,74.21,74.21,74.21,74.21,0
2001-05-23,73.02,73.02,73.02,73.02,0
2001-05-25,73.02,73.02,73.02,73.02,0
2001-05-28,72.33,72.33,72.33,72.33,0
2001-05-30,73.02,73.02,73.02,73.02,0
2001-06-01,73.02,73.02,73.02,73.02,0
2001-06-05,73.02,73.02,73.02,73.02,0
2001-06-06,73.02,73.02,73.02,73.02,0
2001-06-08,73.02,73.02,73.02,73.02,0
2001-06-11,73.02,73.02,73.02,73.02,0
2001-06-13,73.02,73.02,73.02,73.02,0
2001-06-15,73.02,73.02,73.02,73.02,0
2001-06-18,73.02,73.02,73.02,73.02,0
2001-06-20,73.02,73.02,73.02,73.02,0
2001-06-22,73.02,73.02,73.02,73.02,0
2001-06-25,73.02,73.02,73.02,73.02,0
2001-06-27,73.02,73.02,73.02,73.02,0
2001-06-29,73.02,73.02,73.02,73.02,0
2001-07-02,74.81,74.81,74.81,74.81,0
2001-07-04,74.94,74.94,74.94,74.94,0
2001-07-06,74.94,74.94,74.94,74.94,0
2001-07-09,75.08,75.08,75.08,75.08,0
2001-07-11,75.08,75.08,75.08,75.08,0
2001-07-13,75.08,75.08,75.08,75.08,0
2001-07-16,75.08,75.08,75.08,75.08,0
2001-07-18,73.71,73.71,73.71,73.71,0
2001-07-20,73.71,73.71,73.71,73.71,0
2001-07-23,72.73,72.73,72.73,72.73,0
2001-07-25,72.73,72.73,72.73,72.73,0
2001-07-27,72.73,72.73,72.73,72.73,0
2001-07-30,72.73,72.73,72.73,72.73,0
2001-08-01,72.73,72.73,72.73,72.73,0
2001-08-03,73,73,73,73,0
2001-08-08,73,73,73,73,0
2001-08-10,73,73,73,73,0
2001-08-13,73,73,73,73,0
2001-08-16,73,73,73,73,0
2001-08-17,73,73,73,73,0
2001-08-20,73,73,73,73,0
2001-08-22,73,73,73,73,0
2001-08-24,72.9,72.9,72.9,72.9,0
2001-08-27,72.9,72.9,72.9,72.9,0
2001-08-29,72.9,72.9,72.9,72.9,0
2001-08-31,72.9,72.9,72.9,72.9,0
2001-09-03,72.9,72.9,72.9,72.9,0
2001-09-05,72.9,72.9,72.9,72.9,0
2001-09-07,72.9,72.9,72.9,72.9,0
2001-09-10,72.9,72.9,72.9,72.9,0
2001-09-12,72.9,72.9,72.9,72.9,0
2001-09-14,72.9,72.9,72.9,72.9,0
2001-09-17,72.9,72.9,72.9,72.9,0
2001-09-19,72.9,72.9,72.9,72.9,0
2001-09-21,70.22,70.22,70.22,70.22,0
2001-09-24,70.22,70.22,70.22,70.22,0
2001-09-26,70.22,70.22,70.22,70.22,0
2001-09-28,70.22,70.22,70.22,70.22,0
2001-10-01,70.22,70.22,70.22,70.22,0
2001-10-03,70.22,70.22,70.22,70.22,0
2001-10-05,70.22,70.22,70.22,70.22,0
2001-10-08,70.22,70.22,70.22,70.22,0
2001-10-10,70.22,70.22,70.22,70.22,0
2001-10-12,70.22,70.22,70.22,70.22,0
2001-10-15,70.22,70.22,70.22,70.22,0
2001-10-17,70.22,70.22,70.22,70.22,0
2001-10-19,70.22,70.22,70.22,70.22,0
2001-10-22,70.22,70.22,70.22,70.22,0
2001-10-24,70.22,70.22,70.22,70.22,0
2001-10-26,70.22,70.22,70.22,70.22,0
2001-10-29,70.22,70.22,70.22,70.22,0
2001-10-31,70.22,70.22,70.22,70.22,0
2001-11-02,70.22,70.22,70.22,70.22,0
2001-11-05,70.22,70.22,70.22,70.22,0
2001-11-07,70.22,70.22,70.22,70.22,0
2001-11-09,70.22,70.22,70.22,70.22,0
2001-11-12,70.22,70.22,70.22,70.22,0
2001-11-13,70.22,70.22,70.22,70.22,0
2001-11-14,70.22,70.22,70.22,70.22,0
2001-11-16,70.22,70.22,70.22,70.22,0
2001-11-19,70.22,70.22,70.22,70.22,0
2001-11-20,70.22,70.22,70.22,70.22,0
2001-11-21,70.22,70.22,70.22,70.22,0
2001-11-22,70.22,70.22,70.22,70.22,0
2001-11-23,70.49,70.49,70.49,70.49,0
2001-11-26,70.49,70.49,70.49,70.49,0
2001-11-27,70.49,70.49,70.49,70.49,0
2001-11-28,70.49,70.49,70.49,70.49,0
2001-11-29,70.49,70.49,70.49,70.49,0
2001-11-30,70.49,70.49,70.49,70.49,0
2001-12-03,70.49,70.49,70.49,70.49,0
2001-12-04,70.49,70.49,70.49,70.49,0
2001-12-05,70.49,70.49,70.49,70.49,0
2001-12-06,70.49,70.49,70.49,70.49,0
2001-12-07,70.49,70.49,70.49,70.49,0
2001-12-10,70.49,70.49,70.49,70.49,0
2001-12-11,70.49,70.49,70.49,70.49,0
2001-12-13,70.49,70.49,70.49,70.49,0
2001-12-14,70.49,70.49,70.49,70.49,0
2001-12-17,72.72,72.72,72.72,72.72,0
2001-12-18,75.1,75.1,75.1,75.1,0
2001-12-19,77.66,77.66,77.66,77.66,0
2001-12-20,80.41,80.41,80.41,80.41,0
2001-12-21,80.41,80.41,80.41,80.41,0
2001-12-24,80.41,80.41,80.41,80.41,0
2001-12-26,86.56,86.56,86.56,86.56,0
2001-12-27,86.56,86.56,86.56,86.56,0
2001-12-28,86.56,86.56,86.56,86.56,0
2001-12-31,86.56,86.56,86.56,86.56,0
2002-01-02,86.56,86.56,86.56,86.56,0
2002-01-03,86.56,86.56,86.56,86.56,0
2002-01-04,86.56,86.56,86.56,86.56,0
2002-01-07,86.56,86.56,86.56,86.56,0
2002-01-08,86.56,86.56,86.56,86.56,0
2002-01-09,86.56,86.56,86.56,86.56,0
2002-01-10,86.56,86.56,86.56,86.56,0
2002-01-11,86.56,86.56,86.56,86.56,0
2002-01-14,86.56,86.56,86.56,86.56,0
2002-01-15,86.56,86.56,86.56,86.56,0
2002-01-16,86.56,86.56,86.56,86.56,0
2002-01-17,86.56,86.56,86.56,86.56,0
2002-01-18,86.56,86.56,86.56,86.56,0
2002-01-21,86.56,86.56,86.56,86.56,0
2002-01-22,86.56,86.56,86.56,86.56,0
2002-01-23,86.56,86.56,86.56,86.56,0
2002-01-24,86.56,86.56,86.56,86.56,0
2002-01-25,86.56,86.56,86.56,86.56,0
2002-01-28,86.56,86.56,86.56,86.56,0
2002-01-29,86.56,86.56,86.56,86.56,0
2002-01-30,86.56,86.56,86.56,86.56,0
2002-01-31,86.56,86.56,86.56,86.56,0
2002-02-01,86.56,86.56,86.56,86.56,0
2002-02-04,86.56,86.56,86.56,86.56,0
2002-02-05,86.56,86.56,86.56,86.56,0
2002-02-06,86.56,86.56,86.56,86.56,0
2002-02-07,86.56,86.56,86.56,86.56,0
2002-02-08,86.56,86.56,86.56,86.56,0
2002-02-12,86.56,86.56,86.56,86.56,0
2002-02-13,86.56,86.56,86.56,86.56,0
2002-02-14,86.56,86.56,86.56,86.56,0
2002-02-15,86.56,86.56,86.56,86.56,0
2002-02-18,86.56,86.56,86.56,86.56,0
2002-02-19,86.56,86.56,86.56,86.56,0
2002-02-20,86.56,86.56,86.56,86.56,0
2002-02-21,86.56,86.56,86.56,86.56,0
2002-02-25,86.56,86.56,86.56,86.56,0
2002-02-26,86.56,86.56,86.56,86.56,0
2002-02-27,86.56,86.56,86.56,86.56,0
2002-02-28,86.56,86.56,86.56,86.56,0
2002-03-01,86.56,86.56,86.56,86.56,0
2002-03-04,86.56,86.56,86.56,86.56,0
2002-03-05,86.56,86.56,86.56,86.56,0
2002-03-06,86.56,86.56,86.56,86.56,0
2002-03-07,86.56,86.56,86.56,86.56,0
2002-03-08,86.39,86.39,86.39,86.39,0
2002-03-11,86.39,86.39,86.39,86.39,0
2002-03-12,76.87,76.87,76.87,76.87,0
2002-03-13,76.87,76.87,76.87,76.87,0
2002-03-14,76.87,76.87,76.87,76.87,0
2002-03-15,76.87,76.87,76.87,76.87,0
2002-03-18,76.87,76.87,76.87,76.87,0
2002-03-19,74.37,74.37,74.37,74.37,0
2002-03-20,74.37,74.37,74.37,74.37,0
2002-03-22,74.37,74.37,74.37,74.37,0
2002-03-25,74.37,74.37,74.37,74.37,0
2002-03-26,74.37,74.37,74.37,74.37,0
2002-03-27,74.37,74.37,74.37,74.37,0
2002-03-28,74.37,74.37,74.37,74.37,0
2002-03-29,74.37,74.37,74.37,74.37,0
2002-04-03,74.37,74.37,74.37,74.37,0
2002-04-05,74.37,74.37,74.37,74.37,0
2002-04-08,74.37,74.37,74.37,74.37,0
2002-04-09,74.37,74.37,74.37,74.37,0
2002-04-10,74.37,74.37,74.37,74.37,0
2002-04-11,74.37,74.37,74.37,74.37,0
2002-04-12,74.37,74.37,74.37,74.37,0
2002-04-15,74.37,74.37,74.37,74.37,0
2002-04-16,74.37,74.37,74.37,74.37,0
2002-04-17,74.37,74.37,74.37,74.37,0
2002-04-18,74.37,74.37,74.37,74.37,0
2002-04-19,74.37,74.37,74.37,74.37,0
2002-04-22,74.37,74.37,74.37,74.37,0
2002-04-23,74.37,74.37,74.37,74.37,0
2002-04-24,74.37,74.37,74.37,74.37,0
2002-04-25,74.37,74.37,74.37,74.37,0
2002-04-26,74.37,74.37,74.37,74.37,0
2002-04-29,74.37,74.37,74.37,74.37,0
2002-04-30,74.37,74.37,74.37,74.37,0
2002-05-02,74.37,74.37,74.37,74.37,0
2002-05-03,74.37,74.37,74.37,74.37,0
2002-05-06,74.37,74.37,74.37,74.37,0
2002-05-07,74.37,74.37,74.37,74.37,0
2002-05-08,74.37,74.37,74.37,74.37,0
2002-05-10,74.37,74.37,74.37,74.37,0
2002-05-13,74.37,74.37,74.37,74.37,0
2002-05-14,74.37,74.37,74.37,74.37,0
2002-05-15,74.37,74.37,74.37,74.37,0
2002-05-16,74.37,74.37,74.37,74.37,0
2002-05-17,73.67,73.67,73.67,73.67,0
2002-05-21,73.67,73.67,73.67,73.67,0
2002-05-22,73.67,73.67,73.67,73.67,0
2002-05-23,73.67,73.67,73.67,73.67,0
2002-05-27,73.67,73.67,73.67,73.67,0
2002-05-28,73.67,73.67,73.67,73.67,0
2002-05-29,73.67,73.67,73.67,73.67,0
2002-05-30,73.67,73.67,73.67,73.67,0
2002-05-31,73.67,73.67,73.67,73.67,0
2002-06-03,73.57,73.57,73.57,73.57,0
2002-06-04,73.67,73.67,73.67,73.67,0
2002-06-05,73.67,73.67,73.67,73.67,0
2002-06-06,73.67,73.67,73.67,73.67,0
2002-06-07,72.67,72.67,72.67,72.67,0
2002-06-10,73.67,73.67,73.67,73.67,0
2002-06-11,73.67,73.67,73.67,73.67,0
2002-06-12,73.67,73.67,73.67,73.67,0
2002-06-14,73.67,73.67,73.67,73.67,0
2002-06-17,73.67,73.67,73.67,73.67,0
2002-06-18,72.57,72.57,72.57,72.57,0
2002-06-19,72.57,72.57,72.57,72.57,0
2002-06-20,72.57,72.57,72.57,72.57,0
2002-06-21,72.57,72.57,72.57,72.57,0
2002-06-24,72.57,72.57,72.57,72.57,0
2002-06-25,72.57,72.57,72.57,72.57,0
2002-06-26,72.57,72.57,72.57,72.57,0
2002-06-27,72.57,72.57,72.57,72.57,0
2002-06-28,72.57,72.57,72.57,72.57,0
2002-07-01,72.57,72.57,72.57,72.57,0
2002-07-02,72.57,72.57,72.57,72.57,0
2002-07-03,73.67,73.67,73.67,73.67,0
2002-07-04,73.67,73.67,73.67,73.67,0
2002-07-05,73.67,73.67,73.67,73.67,0
2002-07-08,73.67,73.67,73.67,73.67,0
2002-07-09,73.67,73.67,73.67,73.67,0
2002-07-10,73.67,73.67,73.67,73.67,0
2002-07-11,73.67,73.67,73.67,73.67,0
2002-07-12,73.67,73.67,73.67,73.67,0
2002-07-15,73.67,73.67,73.67,73.67,0
2002-07-16,73.67,73.67,73.67,73.67,0
2002-07-17,73.66,73.66,73.66,73.66,0
2002-07-18,73.66,73.66,73.66,73.66,0
2002-07-19,73.66,73.66,73.66,73.66,0
2002-07-22,73.66,73.66,73.66,73.66,0
2002-07-23,73.66,73.66,73.66,73.66,0
2002-07-24,73.66,73.66,73.66,73.66,0
2002-07-25,73.66,73.66,73.66,73.66,0
2002-07-26,73.66,73.66,73.66,73.66,0
2002-07-29,73.66,73.66,73.66,73.66,0
2002-07-30,73.66,73.66,73.66,73.66,0
2002-07-31,73.66,73.66,73.66,73.66,0
2002-08-01,71.82,71.82,71.82,71.82,0
2002-08-02,71.82,71.82,71.82,71.82,0
2002-08-05,71.82,71.82,71.82,71.82,0
2002-08-06,71.82,71.82,71.82,71.82,0
2002-08-08,71.82,71.82,71.82,71.82,0
2002-08-09,71.82,71.82,71.82,71.82,0
2002-08-12,71.82,71.82,71.82,71.82,0
2002-08-13,71.82,71.82,71.82,71.82,0
2002-08-14,71.82,71.82,71.82,71.82,0
2002-08-16,71.82,71.82,71.82,71.82,0
2002-08-19,71.82,71.82,71.82,71.82,0
2002-08-20,71.82,71.82,71.82,71.82,0
2002-08-22,71.82,71.82,71.82,71.82,0
2002-08-23,71.82,71.82,71.82,71.82,0
2002-08-26,71.82,71.82,71.82,71.82,0
2002-08-28,71.82,71.82,71.82,71.82,0
2002-08-29,71.82,71.82,71.82,71.82,0
2002-08-30,71.82,71.82,71.82,71.82,0
2002-09-02,71.82,71.82,71.82,71.82,0
2002-09-03,71.82,71.82,71.82,71.82,0
2002-09-04,71.82,71.82,71.82,71.82,0
2002-09-05,71.82,71.82,71.82,71.82,0
2002-09-06,71.82,71.82,71.82,71.82,0
2002-09-09,71.82,71.82,71.82,71.82,0
2002-09-10,71.82,71.82,71.82,71.82,0
2002-09-11,71.82,71.82,71.82,71.82,0
2002-09-12,71.84,71.84,71.84,71.84,0
2002-09-13,71.84,71.84,71.84,71.84,0
2002-09-16,71.82,71.82,71.82,71.82,0
2002-09-17,71.82,71.82,71.82,71.82,0
2002-09-18,71.82,71.82,71.82,71.82,0
2002-09-19,71.82,71.82,71.82,71.82,0
2002-09-20,71.82,71.82,71.82,71.82,0
2002-09-23,71.82,71.82,71.82,71.82,0
2002-09-24,71.82,71.82,71.82,71.82,0
2002-09-25,71.82,71.82,71.82,71.82,0
2002-09-26,71.82,71.82,71.82,71.82,0
2002-09-27,71.82,71.82,71.82,71.82,0
2002-09-30,71.82,71.82,71.82,71.82,0
2002-10-01,71.82,71.82,71.82,71.82,0
2002-10-02,71.82,71.82,71.82,71.82,0
2002-10-03,71.82,71.82,71.82,71.82,0
2002-10-04,71.82,71.82,71.82,71.82,0
2002-10-07,71.82,71.82,71.82,71.82,0
2002-10-08,71.82,71.82,71.82,71.82,0
2002-10-09,71.82,71.82,71.82,71.82,0
2002-10-10,71.82,71.82,71.82,71.82,0
2002-10-11,71.82,71.82,71.82,71.82,0
2002-10-14,71.82,71.82,71.82,71.82,0
2002-10-15,71.82,71.82,71.82,71.82,0
2002-10-16,71.82,71.82,71.82,71.82,0
2002-10-17,71.82,71.82,71.82,71.82,0
2002-10-18,71.82,71.82,71.82,71.82,0
2002-10-21,71.82,71.82,71.82,71.82,0
2002-10-22,71.82,71.82,71.82,71.82,0
2002-10-23,71.82,71.82,71.82,71.82,0
2002-10-24,71.82,71.82,71.82,71.82,0
2002-10-25,71.83,71.83,71.83,71.83,0
2002-10-28,71.83,71.83,71.83,71.83,0
2002-10-29,71.82,71.82,71.82,71.82,0
2002-10-30,71.82,71.82,71.82,71.82,0
2002-10-31,71.82,71.82,71.82,71.82,0
2002-11-04,71.82,71.82,71.82,71.82,0
2002-11-05,71.82,71.82,71.82,71.82,0
2002-11-06,71.82,71.82,71.82,71.82,0
2002-11-07,71.82,71.82,71.82,71.82,0
2002-11-08,71.82,71.82,71.82,71.82,0
2002-11-11,71.82,71.82,71.82,71.82,0
2002-11-12,71.82,71.82,71.82,71.82,0
2002-11-13,71.82,71.82,71.82,71.82,0
2002-11-14,71.82,71.82,71.82,71.82,0
2002-11-18,71.82,71.82,71.82,71.82,0
2002-11-19,71.82,71.82,71.82,71.82,0
2002-11-20,71.82,71.82,71.82,71.82,0
2002-11-21,71.82,71.82,71.82,71.82,0
2002-11-22,71.82,71.82,71.82,71.82,0
2002-11-25,71.82,71.82,71.82,71.82,0
2002-11-26,71.82,71.82,71.82,71.82,0
2002-11-27,71.82,71.82,71.82,71.82,0
2002-11-28,71.82,71.82,71.82,71.82,0
2002-11-29,71.82,71.82,71.82,71.82,0
2002-12-03,71.82,71.82,71.82,71.82,0
2002-12-04,71.82,71.82,71.82,71.82,0
2002-12-05,71.1,71.1,71.1,71.1,0
2002-12-09,71.1,71.1,71.1,71.1,0
2002-12-10,71.1,71.1,71.1,71.1,0
2002-12-11,71.1,71.1,71.1,71.1,0
2002-12-12,71.1,71.1,71.1,71.1,0
2002-12-13,71.1,71.1,71.1,71.1,0
2002-12-16,71.1,71.1,71.1,71.1,0
2002-12-17,71.1,71.1,71.1,71.1,0
2002-12-18,71.1,71.1,71.1,71.1,0
2002-12-19,71.1,71.1,71.1,71.1,0
2002-12-20,71.1,71.1,71.1,71.1,0
2002-12-23,71.1,71.1,71.1,71.1,0
2002-12-24,71.1,71.1,71.1,71.1,0
2002-12-26,71.1,71.1,71.1,71.1,0
2002-12-27,71.58,71.58,71.58,71.58,0
2002-12-30,71.58,71.58,71.58,71.58,0
2002-12-31,74.01,74.01,74.01,74.01,0
2003-01-02,74.01,74.01,74.01,74.01,0
2003-01-03,74.01,74.01,74.01,74.01,0
2003-01-06,74.01,74.01,74.01,74.01,0
2003-01-07,74.01,74.01,74.01,74.01,0
2003-01-08,74.01,74.01,74.01,74.01,0
2003-01-09,74.01,74.01,74.01,74.01,0
2003-01-10,74.01,74.01,74.01,74.01,0
2003-01-13,74.01,74.01,74.01,74.01,0
2003-01-14,74.01,74.01,74.01,74.01,0
2003-01-15,74.01,74.01,74.01,74.01,0
2003-01-16,74.01,74.01,74.01,74.01,0
2003-01-17,74.01,74.01,74.01,74.01,0
2003-01-20,74.01,74.01,74.01,74.01,0
2003-01-21,74.01,74.01,74.01,74.01,0
2003-01-22,74.01,74.01,74.01,74.01,0
2003-01-23,74.01,74.01,74.01,74.01,0
2003-01-24,74.01,74.01,74.01,74.01,0
2003-01-28,74.01,74.01,74.01,74.01,0
2003-01-29,74.01,74.01,74.01,74.01,0
2003-01-30,74.01,74.01,74.01,74.01,0
2003-01-31,74.01,74.01,74.01,74.01,0
2003-02-03,74.01,74.01,74.01,74.01,0
2003-02-04,74.01,74.01,74.01,74.01,0
2003-02-05,74.01,74.01,74.01,74.01,0
2003-02-06,74.01,74.01,74.01,74.01,0
2003-02-07,74.01,74.01,74.01,74.01,0
2003-02-10,74.01,74.01,74.01,74.01,0
2003-02-12,74.01,74.01,74.01,74.01,0
2003-02-13,74.01,74.01,74.01,74.01,0
2003-02-14,74.05,74.05,74.05,74.05,0
2003-02-17,74.05,74.05,74.05,74.05,0
2003-02-18,74.05,74.05,74.05,74.05,0
2003-02-19,74.05,74.05,74.05,74.05,0
2003-02-20,74.05,74.05,74.05,74.05,0
2003-02-21,74.05,74.05,74.05,74.05,0
2003-02-24,74.05,74.05,74.05,74.05,0
2003-02-25,74.05,74.05,74.05,74.05,0
2003-02-26,74.01,74.01,74.01,74.01,0
2003-02-27,74.01,74.01,74.01,74.01,0
2003-02-28,74.01,74.01,74.01,74.01,0
2003-03-03,74.01,74.01,74.01,74.01,0
2003-03-04,74.01,74.01,74.01,74.01,0
2003-03-05,74.01,74.01,74.01,74.01,0
2003-03-06,74.01,74.01,74.01,74.01,0
2003-03-07,74.01,74.01,74.01,74.01,0
2003-03-10,74.01,74.01,74.01,74.01,0
2003-03-11,74.01,74.01,74.01,74.01,0
2003-03-12,74.01,74.01,74.01,74.01,0
2003-03-13,74.01,74.01,74.01,74.01,0
2003-03-14,74.01,74.01,74.01,74.01,0
2003-03-17,74.01,74.01,74.01,74.01,0
2003-03-18,74.01,74.01,74.01,74.01,0
2003-03-19,74.01,74.01,74.01,74.01,0
2003-03-20,74.01,74.01,74.01,74.01,0
2003-03-21,74.01,74.01,74.01,74.01,0
2003-03-24,74.01,74.01,74.01,74.01,0
2003-03-25,74.01,74.01,74.01,74.01,0
2003-03-26,74.01,74.01,74.01,74.01,0
2003-03-27,74.01,74.01,74.01,74.01,0
2003-03-28,74.01,74.01,74.01,74.01,0
2003-03-31,74.01,74.01,74.01,74.01,0
2003-04-01,74.01,74.01,74.01,74.01,0
2003-04-02,74.01,74.01,74.01,74.01,0
2003-04-03,74.01,74.01,74.01,74.01,0
2003-04-04,74.01,74.01,74.01,74.01,0
2003-04-07,74.01,74.01,74.01,74.01,0
2003-04-08,74.01,74.01,74.01,74.01,0
2003-04-09,74.01,74.01,74.01,74.01,0
2003-04-10,74.01,74.01,74.01,74.01,0
2003-04-11,74.01,74.01,74.01,74.01,0
2003-04-14,74.01,74.01,74.01,74.01,0
2003-04-15,74.01,74.01,74.01,74.01,0
2003-04-16,74.01,74.01,74.01,74.01,0
2003-04-17,74.01,74.01,74.01,74.01,0
2003-04-18,74.01,74.01,74.01,74.01,0
2003-04-22,74.01,74.01,74.01,74.01,0
2003-04-23,74.01,74.01,74.01,74.01,0
2003-04-24,74.01,74.01,74.01,74.01,0
2003-04-25,74.01,74.01,74.01,74.01,0
2003-04-28,74.01,74.01,74.01,74.01,0
2003-04-29,74.01,74.01,74.01,74.01,0
2003-04-30,74.01,74.01,74.01,74.01,0
2003-05-02,74.01,74.01,74.01,74.01,0
2003-05-05,74.01,74.01,74.01,74.01,0
2003-05-06,74.01,74.01,74.01,74.01,0
2003-05-07,74.01,74.01,74.01,74.01,0
2003-05-08,74.01,74.01,74.01,74.01,0
2003-05-09,74.01,74.01,74.01,74.01,0
2003-05-12,74.01,74.01,74.01,74.01,0
2003-05-14,76,76,76,76,0
2003-05-15,78.13,78.13,78.13,78.13,0
2003-05-16,78.13,78.13,78.13,78.13,0
2003-05-19,78.13,78.13,78.13,78.13,0
2003-05-20,78.13,78.13,78.13,78.13,0
2003-05-21,78.13,78.13,78.13,78.13,0
2003-05-22,78.13,78.13,78.13,78.13,0
2003-05-23,76.2,76.2,76.2,76.2,0
2003-05-26,76.2,76.2,76.2,76.2,0
2003-05-27,76.2,76.2,76.2,76.2,0
2003-05-28,74.14,74.14,74.14,74.14,0
2003-05-30,76.01,76.01,76.01,76.01,0
2003-06-02,76.02,76.02,76.02,76.02,0
2003-06-03,76.01,76.01,76.01,76.01,0
2003-06-04,78.13,78.13,78.13,78.13,0
2003-06-05,78.13,78.13,78.13,78.13,0
2003-06-06,80.33,80.33,80.33,80.33,0
2003-06-10,80.33,80.33,80.33,80.33,0
2003-06-11,80.33,80.33,80.33,80.33,0
2003-06-12,80.33,80.33,80.33,80.33,0
2003-06-16,80.33,80.33,80.33,80.33,0
2003-06-17,74.01,74.01,74.01,74.01,0
2003-06-18,74.01,74.01,74.01,74.01,0
2003-06-19,74.01,74.01,74.01,74.01,0
2003-06-20,74.01,74.01,74.01,74.01,0
2003-06-23,74.01,74.01,74.01,74.01,0
2003-06-24,74.01,74.01,74.01,74.01,0
2003-06-25,74.01,74.01,74.01,74.01,0
2003-06-26,74.01,74.01,74.01,74.01,0
2003-06-27,74.01,74.01,74.01,74.01,0
2003-06-30,74.01,74.01,74.01,74.01,0
2003-07-01,74.01,74.01,74.01,74.01,0
2003-07-02,76,76,76,76,0
2003-07-03,76,76,76,76,0
2003-07-04,76,76,76,76,0
2003-07-07,76,76,76,76,0
2003-07-08,76,76,76,76,0
2003-07-09,76,76,76,76,0
2003-07-10,76,76,76,76,0
2003-07-11,76,76,76,76,0
2003-07-14,76,76,76,76,0
2003-07-15,76,76,76,76,0
2003-07-16,76,76,76,76,0
2003-07-17,76,76,76,76,0
2003-07-18,73.57,73.57,73.57,73.57,0
2003-07-21,73.57,73.57,73.57,73.57,0
2003-07-22,73.57,73.57,73.57,73.57,0
2003-07-23,73.78,73.78,73.78,73.78,0
2003-07-24,75.84,75.84,75.84,75.84,0
2003-07-25,75.84,75.84,75.84,75.84,0
2003-07-28,75.84,75.84,75.84,75.84,0
2003-07-29,78.15,78.15,78.15,78.15,0
2003-07-30,78.15,78.15,78.15,78.15,0
2003-07-31,78.15,78.15,78.15,78.15,0
2003-08-01,78.15,78.15,78.15,78.15,0
2003-08-04,78.15,78.15,78.15,78.15,0
2003-08-05,78.15,78.15,78.15,78.15,0
2003-08-06,78.15,78.15,78.15,78.15,0
2003-08-08,78.15,78.15,78.15,78.15,0
2003-08-11,78.15,78.15,78.15,78.15,0
2003-08-12,78.15,78.15,78.15,78.15,0
2003-08-13,78.15,78.15,78.15,78.15,0
2003-08-14,78.15,78.15,78.15,78.15,0
2003-08-18,78.15,78.15,78.15,78.15,0
2003-08-19,78.15,78.15,78.15,78.15,0
2003-08-20,78.15,78.15,78.15,78.15,0
2003-08-21,80.63,80.63,80.63,80.63,0
2003-08-22,80.63,80.63,80.63,80.63,0
2003-08-25,80.63,80.63,80.63,80.63,0
2003-08-26,80.63,80.63,80.63,80.63,0
2003-08-27,80.63,80.63,80.63,80.63,0
2003-08-28,80.63,80.63,80.63,80.63,0
2003-08-29,80.63,80.63,80.63,80.63,0
2003-09-01,80.63,80.63,80.63,80.63,0
2003-09-02,80.63,80.63,80.63,80.63,0
2003-09-03,80.63,80.63,80.63,80.63,0
2003-09-04,80.63,80.63,80.63,80.63,0
2003-09-05,80.63,80.63,80.63,80.63,0
2003-09-08,80.63,80.63,80.63,80.63,0
2003-09-09,80.63,80.63,80.63,80.63,0
2003-09-10,80.63,80.63,80.63,80.63,0
2003-09-11,80.63,80.63,80.63,80.63,0
2003-09-12,80.63,80.63,80.63,80.63,0
2003-09-15,80.63,80.63,80.63,80.63,0
2003-09-16,80.62,80.62,80.62,80.62,0
2003-09-17,80.62,80.62,80.62,80.62,0
2003-09-18,80.62,80.62,80.62,80.62,0
2003-09-19,80.62,80.62,80.62,80.62,0
2003-09-22,80.62,80.62,80.62,80.62,0
2003-09-23,80.62,80.62,80.62,80.62,0
2003-09-24,80.62,80.62,80.62,80.62,0
2003-09-25,80.61,80.61,80.61,80.61,0
2003-09-26,80.61,80.61,80.61,80.61,0
2003-09-29,80.61,80.61,80.61,80.61,0
2003-09-30,80.61,80.61,80.61,80.61,0
2003-10-01,80.61,80.61,80.61,80.61,0
2003-10-02,80.61,80.61,80.61,80.61,0
2003-10-03,80.61,80.61,80.61,80.61,0
2003-10-06,80.61,80.61,80.61,80.61,0
2003-10-07,80.61,80.61,80.61,80.61,0
2003-10-08,80.61,80.61,80.61,80.61,0
2003-10-09,80.61,80.61,80.61,80.61,0
2003-10-10,80.61,80.61,80.61,80.61,0
2003-10-13,80.61,80.61,80.61,80.61,0
2003-10-14,79.66,79.66,79.66,79.66,0
2003-10-15,79.66,79.66,79.66,79.66,0
2003-10-16,79.66,79.66,79.66,79.66,0
2003-10-17,79.66,79.66,79.66,79.66,0
2003-10-20,79.66,79.66,79.66,79.66,0
2003-10-21,79.66,79.66,79.66,79.66,0
2003-10-22,79.66,79.66,79.66,79.66,0
2003-10-23,78.33,78.33,78.33,78.33,0
2003-10-24,78.33,78.33,78.33,78.33,0
2003-10-27,78.33,78.33,78.33,78.33,0
2003-10-28,78.29,78.29,78.29,78.29,0
2003-10-29,78.29,78.29,78.29,78.29,0
2003-10-30,78.29,78.29,78.29,78.29,0
2003-10-31,78.29,78.29,78.29,78.29,0
2003-11-03,78.29,78.29,78.29,78.29,0
2003-11-04,78.29,78.29,78.29,78.29,0
2003-11-05,78.29,78.29,78.29,78.29,0
2003-11-06,78.29,78.29,78.29,78.29,0
2003-11-07,78.29,78.29,78.29,78.29,0
2003-11-10,78.29,78.29,78.29,78.29,0
2003-11-11,78.29,78.29,78.29,78.29,0
2003-11-12,78.29,78.29,78.29,78.29,0
2003-11-13,78.29,78.29,78.29,78.29,0
2003-11-14,78.29,78.29,78.29,78.29,0
2003-11-17,78.29,78.29,78.29,78.29,0
2003-11-18,78.29,78.29,78.29,78.29,0
2003-11-19,78.29,78.29,78.29,78.29,0
2003-11-20,78.29,78.29,78.29,78.29,0
2003-11-21,78.29,78.29,78.29,78.29,0
2003-11-24,78.29,78.29,78.29,78.29,0
2003-11-26,78.29,78.29,78.29,78.29,0
2003-11-27,78.29,78.29,78.29,78.29,0
2003-11-28,78.29,78.29,78.29,78.29,0
2003-12-01,78.29,78.29,78.29,78.29,0
2003-12-02,78.29,78.29,78.29,78.29,0
2003-12-03,78.29,78.29,78.29,78.29,0
2003-12-04,78.29,78.29,78.29,78.29,0
2003-12-05,78.29,78.29,78.29,78.29,0
2003-12-08,78.29,78.29,78.29,78.29,0
2003-12-09,78.29,78.29,78.29,78.29,0
2003-12-10,78.29,78.29,78.29,78.29,0
2003-12-11,78.29,78.29,78.29,78.29,0
2003-12-12,78.29,78.29,78.29,78.29,0
2003-12-15,78.29,78.29,78.29,78.29,0
2003-12-16,78.29,78.29,78.29,78.29,0
2003-12-17,78.29,78.29,78.29,78.29,0
2003-12-18,78.29,78.29,78.29,78.29,0
2003-12-19,78.29,78.29,78.29,78.29,0
2003-12-22,78.29,78.29,78.29,78.29,0
2003-12-23,78.29,78.29,78.29,78.29,0
2003-12-24,78.29,78.29,78.29,78.29,0
2003-12-26,78.29,78.29,78.29,78.29,0
2003-12-29,78.29,78.29,78.29,78.29,0
2003-12-30,78.29,78.29,78.29,78.29,0
2003-12-31,88.63,88.63,88.63,88.63,0
2004-01-02,88.63,88.63,88.63,88.63,0
2004-01-05,88.63,88.63,88.63,88.63,0
2004-01-06,88.63,88.63,88.63,88.63,0
2004-01-07,88.63,88.63,88.63,88.63,0
2004-01-08,88.63,88.63,88.63,88.63,0
2004-01-09,88.63,88.63,88.63,88.63,0
2004-01-12,88.63,88.63,88.63,88.63,0
2004-01-13,88.63,88.63,88.63,88.63,0
2004-01-14,88.63,88.63,88.63,88.63,0
2004-01-15,88.63,88.63,88.63,88.63,0
2004-01-16,88.63,88.63,88.63,88.63,0
2004-01-19,88.63,88.63,88.63,88.63,0
2004-01-20,88.63,88.63,88.63,88.63,0
2004-01-21,88.63,88.63,88.63,88.63,0
2004-01-22,88.63,88.63,88.63,88.63,0
2004-01-23,88.63,88.63,88.63,88.63,0
2004-01-26,76.47,76.47,76.47,76.47,0
2004-01-27,76.47,76.47,76.47,76.47,0
2004-01-28,76.47,76.47,76.47,76.47,0
2004-01-29,76.47,76.47,76.47,76.47,0
2004-01-30,76.47,76.47,76.47,76.47,0
2004-02-02,76.47,76.47,76.47,76.47,0
2004-02-03,76.47,76.47,76.47,76.47,0
2004-02-04,76.47,76.47,76.47,76.47,0
2004-02-05,76.47,76.47,76.47,76.47,0
2004-02-06,76.47,76.47,76.47,76.47,0
2004-02-09,76.47,76.47,76.47,76.47,0
2004-02-10,76.47,76.47,76.47,76.47,0
2004-02-11,76.47,76.47,76.47,76.47,0
2004-02-12,76.75,76.75,76.75,76.75,0
2004-02-13,76.75,76.75,76.75,76.75,0
2004-02-16,76.75,76.75,76.75,76.75,0
2004-02-17,76.75,76.75,76.75,76.75,0
2004-02-18,76.75,76.75,76.75,76.75,0
2004-02-19,76.75,76.75,76.75,76.75,0
2004-02-20,76.75,76.75,76.75,76.75,0
2004-02-23,77.85,77.85,77.85,77.85,0
2004-02-24,77.85,77.85,77.85,77.85,0
2004-02-25,77.85,77.85,77.85,77.85,0
2004-02-26,77.85,77.85,77.85,77.85,0
2004-02-27,77.85,77.85,77.85,77.85,0
2004-03-01,77.85,77.85,77.85,77.85,0
2004-03-02,77.85,77.85,77.85,77.85,0
2004-03-03,78.67,78.67,78.67,78.67,0
2004-03-04,78.67,78.67,78.67,78.67,0
2004-03-05,79.22,79.22,79.22,79.22,0
2004-03-08,79.22,79.22,79.22,79.22,0
2004-03-09,79.22,79.22,79.22,79.22,0
2004-03-10,79.22,79.22,79.22,79.22,0
2004-03-11,79.22,79.22,79.22,79.22,0
2004-03-12,79.22,79.22,79.22,79.22,0
2004-03-15,79.25,79.25,79.25,79.25,0
2004-03-16,79.25,79.25,79.25,79.25,0
2004-03-17,79.36,79.36,79.36,79.36,0
2004-03-18,79.36,79.36,79.36,79.36,0
2004-03-19,79.36,79.36,79.36,79.36,0
2004-03-22,79.36,79.36,79.36,79.36,0
2004-03-23,79.36,79.36,79.36,79.36,0
2004-03-24,79.36,79.36,79.36,79.36,0
2004-03-26,79.36,79.36,79.36,79.36,0
2004-03-29,79.36,79.36,79.36,79.36,0
2004-03-30,79.36,79.36,79.36,79.36,0
2004-03-31,76.37,76.37,76.37,76.37,0
2004-04-01,79.37,79.37,79.37,79.37,0
2004-04-02,79.37,79.37,79.37,79.37,0
2004-04-05,79.37,79.37,79.37,79.37,0
2004-04-06,79.37,79.37,79.37,79.37,0
2004-04-07,79.37,79.37,79.37,79.37,0
2004-04-08,79.37,79.37,79.37,79.37,0
2004-04-09,79.37,79.37,79.37,79.37,0
2004-04-13,79.37,79.37,79.37,79.37,0
2004-04-14,79.37,79.37,79.37,79.37,0
2004-04-15,79.37,79.37,79.37,79.37,0
2004-04-16,79.37,79.37,79.37,79.37,0
2004-04-19,79.37,79.37,79.37,79.37,0
2004-04-20,79.37,79.37,79.37,79.37,0
2004-04-21,79.37,79.37,79.37,79.37,0
2004-04-22,79.5,79.5,79.5,79.5,0
2004-04-23,79.5,79.5,79.5,79.5,0
2004-04-26,79.5,79.5,79.5,79.5,0
2004-04-27,79.5,79.5,79.5,79.5,0
2004-04-28,79.5,79.5,79.5,79.5,0
2004-04-29,79.5,79.5,79.5,79.5,0
2004-04-30,79.5,79.5,79.5,79.5,0
2004-05-03,79.5,79.5,79.5,79.5,0
2004-05-04,79.5,79.5,79.5,79.5,0
2004-05-05,79.5,79.5,79.5,79.5,0
2004-05-06,79.5,79.5,79.5,79.5,0
2004-05-07,79.5,79.5,79.5,79.5,0
2004-05-10,79.5,79.5,79.5,79.5,0
2004-05-11,79.5,79.5,79.5,79.5,0
2004-05-12,79.22,79.22,79.22,79.22,0
2004-05-13,79.22,79.22,79.22,79.22,0
2004-05-14,79.22,79.22,79.22,79.22,0
2004-05-17,79.22,79.22,79.22,79.22,0
2004-05-18,79.22,79.22,79.22,79.22,0
2004-05-19,79.22,79.22,79.22,79.22,0
2004-05-21,79.22,79.22,79.22,79.22,0
2004-05-24,79.22,79.22,79.22,79.22,0
2004-05-25,79.22,79.22,79.22,79.22,0
2004-05-26,79.22,79.22,79.22,79.22,0
2004-05-27,79.22,79.22,79.22,79.22,0
2004-05-28,79.22,79.22,79.22,79.22,0
2004-06-01,79.22,79.22,79.22,79.22,0
2004-06-02,79.22,79.22,79.22,79.22,0
2004-06-03,79.22,79.22,79.22,79.22,0
2004-06-04,79.22,79.22,79.22,79.22,0
2004-06-07,79.22,79.22,79.22,79.22,0
2004-06-08,79.22,79.22,79.22,79.22,0
2004-06-09,79.22,79.22,79.22,79.22,0
2004-06-10,79.22,79.22,79.22,79.22,0
2004-06-11,79.22,79.22,79.22,79.22,0
2004-06-14,79.22,79.22,79.22,79.22,0
2004-06-15,79.22,79.22,79.22,79.22,0
2004-06-16,79.22,79.22,79.22,79.22,0
2004-06-17,79.22,79.22,79.22,79.22,0
2004-06-18,80.6,80.6,80.6,80.6,0
2004-06-21,80.6,80.6,80.6,80.6,0
2004-06-22,80.6,80.6,80.6,80.6,0
2004-06-23,80.6,80.6,80.6,80.6,0
2004-06-24,80.6,80.6,80.6,80.6,0
2004-06-25,77.81,77.81,77.81,77.81,0
2004-06-28,77.81,77.81,77.81,77.81,0
2004-06-29,80.17,80.17,80.17,80.17,0
2004-06-30,80.55,80.55,80.55,80.55,0
2004-07-01,75.63,75.63,75.63,75.63,0
2004-07-02,75.63,75.63,75.63,75.63,0
2004-07-05,75.63,75.63,75.63,75.63,0
2004-07-06,78.2,78.2,78.2,78.2,0
2004-07-07,78.2,78.2,78.2,78.2,0
2004-07-08,78.2,78.2,78.2,78.2,0
2004-07-09,80.03,80.03,80.03,80.03,0
2004-07-12,78.61,78.61,78.61,78.61,0
2004-07-13,80.81,80.81,80.81,80.81,0
2004-07-14,80.81,80.81,80.81,80.81,0
2004-07-15,80.81,80.81,80.81,80.81,0
2004-07-16,80.81,80.81,80.81,80.81,0
2004-07-19,80.81,80.81,80.81,80.81,0
2004-07-20,80.81,80.81,80.81,80.81,0
2004-07-22,80.81,80.81,80.81,80.81,0
2004-07-23,80.81,80.81,80.81,80.81,0
2004-07-26,80.81,80.81,80.81,80.81,0
2004-07-27,80.81,80.81,80.81,80.81,0
2004-07-28,80.81,80.81,80.81,80.81,0
2004-07-29,80.81,80.81,80.81,80.81,0
2004-07-30,80.81,80.81,80.81,80.81,0
2004-08-02,80.81,80.81,80.81,80.81,0
2004-08-03,79.71,79.71,79.71,79.71,0
2004-08-04,79.71,79.71,79.71,79.71,0
2004-08-05,79.71,79.71,79.71,79.71,0
2004-08-06,79.71,79.71,79.71,79.71,0
2004-08-10,78.34,78.34,78.34,78.34,0
2004-08-11,78.34,78.34,78.34,78.34,0
2004-08-12,78.34,78.34,78.34,78.34,0
2004-08-13,78.34,78.34,78.34,78.34,0
2004-08-16,78.34,78.34,78.34,78.34,0
2004-08-17,78.34,78.34,78.34,78.34,0
2004-08-18,78.34,78.34,78.34,78.34,0
2004-08-19,78.34,78.34,78.34,78.34,0
2004-08-20,78.34,78.34,78.34,78.34,0
2004-08-24,78.34,78.34,78.34,78.34,0
2004-08-25,78.34,78.34,78.34,78.34,0
2004-08-26,78.34,78.34,78.34,78.34,0
2004-08-27,78.34,78.34,78.34,78.34,0
2004-08-30,76.96,76.96,76.96,76.96,0
2004-08-31,76.41,76.41,76.41,76.41,0
2004-09-01,76.41,76.41,76.41,76.41,0
2004-09-02,76.41,76.41,76.41,76.41,0
2004-09-03,75.59,75.59,75.59,75.59,0
2004-09-06,75.59,75.59,75.59,75.59,0
2004-09-07,75.59,75.59,75.59,75.59,0
2004-09-08,75.59,75.59,75.59,75.59,0
2004-09-09,75.59,75.59,75.59,75.59,0
2004-09-10,75.59,75.59,75.59,75.59,0
2004-09-13,75.59,75.59,75.59,75.59,0
2004-09-14,75.59,75.59,75.59,75.59,0
2004-09-15,75.59,75.59,75.59,75.59,0
2004-09-16,75.59,75.59,75.59,75.59,0
2004-09-17,75.73,75.73,75.73,75.73,0
2004-09-20,75.73,75.73,75.73,75.73,0
2004-09-21,75.73,75.73,75.73,75.73,0
2004-09-22,75.59,75.59,75.59,75.59,0
2004-09-23,75.59,75.59,75.59,75.59,0
2004-09-24,75.59,75.59,75.59,75.59,0
2004-09-27,72.89,72.89,72.89,72.89,0
2004-09-28,72.89,72.89,72.89,72.89,0
2004-09-29,72.89,72.89,72.89,72.89,0
2004-09-30,72.89,72.89,72.89,72.89,0
2004-10-01,72.89,72.89,72.89,72.89,0
2004-10-04,72.89,72.89,72.89,72.89,0
2004-10-05,72.89,72.89,72.89,72.89,0
2004-10-06,72.89,72.89,72.89,72.89,0
2004-10-07,72.92,72.92,72.92,72.92,0
2004-10-08,72.92,72.92,72.92,72.92,0
2004-10-11,72.92,72.92,72.92,72.92,0
2004-10-12,72.92,72.92,72.92,72.92,0
2004-10-13,72.92,72.92,72.92,72.92,0
2004-10-14,72.92,72.92,72.92,72.92,0
2004-10-15,72.92,72.92,72.92,72.92,0
2004-10-18,72.93,72.93,72.93,72.93,0
2004-10-19,72.93,72.93,72.93,72.93,0
2004-10-20,73.18,73.18,73.18,73.18,0
2004-10-21,73.18,73.18,73.18,73.18,0
2004-10-22,73.18,73.18,73.18,73.18,0
2004-10-25,73.18,73.18,73.18,73.18,0
2004-10-26,73.18,73.18,73.18,73.18,0
2004-10-27,75.63,75.63,75.63,75.63,0
2004-10-28,75.63,75.63,75.63,75.63,0
2004-10-29,75.36,75.36,75.36,75.36,0
2004-11-02,75.36,75.36,75.36,75.36,0
2004-11-03,75.36,75.36,75.36,75.36,0
2004-11-04,75.36,75.36,75.36,75.36,0
2004-11-05,75.36,75.36,75.36,75.36,0
2004-11-08,75.36,75.36,75.36,75.36,0
2004-11-09,75.36,75.36,75.36,75.36,0
2004-11-11,75.36,75.36,75.36,75.36,0
2004-11-12,75.36,75.36,75.36,75.36,0
2004-11-16,72.89,72.89,72.89,72.89,0
2004-11-17,75.36,75.36,75.36,75.36,0
2004-11-18,75.36,75.36,75.36,75.36,0
2004-11-19,75.36,75.36,75.36,75.36,0
2004-11-22,75.36,75.36,75.36,75.36,0
2004-11-23,75.36,75.36,75.36,75.36,0
2004-11-24,75.36,75.36,75.36,75.36,0
2004-11-25,75.36,75.36,75.36,75.36,0
2004-11-26,75.36,75.36,75.36,75.36,0
2004-11-29,75.36,75.36,75.36,75.36,0
2004-11-30,75.36,75.36,75.36,75.36,0
2004-12-01,75.36,75.36,75.36,75.36,0
2004-12-02,75.36,75.36,75.36,75.36,0
2004-12-03,75.36,75.36,75.36,75.36,0
2004-12-06,75.36,75.36,75.36,75.36,0
2004-12-07,75.36,75.36,75.36,75.36,0
2004-12-08,77.39,77.39,77.39,77.39,0
2004-12-09,77.39,77.39,77.39,77.39,0
2004-12-10,74.98,74.98,74.98,74.98,0
2004-12-13,77.39,77.39,77.39,77.39,0
2004-12-14,77.39,77.39,77.39,77.39,0
2004-12-15,85.28,85.28,85.28,85.28,0
2004-12-16,87.56,87.56,87.56,87.56,0
2004-12-17,87.56,87.56,87.56,87.56,0
2004-12-20,87.56,87.56,87.56,87.56,0
2004-12-21,87.56,87.56,87.56,87.56,0
2004-12-22,89.18,89.18,89.18,89.18,0
2004-12-23,89.18,89.18,89.18,89.18,0
2004-12-24,89.18,89.18,89.18,89.18,0
2004-12-27,89.18,89.18,89.18,89.18,0
2004-12-28,89.18,89.18,89.18,89.18,0
2004-12-29,89.18,89.18,89.18,89.18,0
2004-12-30,89.18,89.18,89.18,89.18,0
2004-12-31,89.18,89.18,89.18,89.18,0
2005-01-03,89.18,89.18,89.18,89.18,0
2005-01-04,89.18,89.18,89.18,89.18,0
2005-01-05,89.18,89.18,89.18,89.18,0
2005-01-06,89.18,89.18,89.18,89.18,0
2005-01-07,89.18,89.18,89.18,89.18,0
2005-01-10,89.18,89.18,89.18,89.18,0
2005-01-11,87.85,87.85,87.85,87.85,0
2005-01-12,87.85,87.85,87.85,87.85,0
2005-01-13,87.85,87.85,87.85,87.85,0
2005-01-14,87.85,87.85,87.85,87.85,0
2005-01-17,87.85,87.85,87.85,87.85,0
2005-01-18,80.98,80.98,80.98,80.98,0
2005-01-19,80.98,80.98,80.98,80.98,0
2005-01-21,80.98,80.98,80.98,80.98,0
2005-01-24,78.42,78.42,78.42,78.42,0
2005-01-25,78.42,78.42,78.42,78.42,0
2005-01-26,78.42,78.42,78.42,78.42,0
2005-01-27,78.42,78.42,78.42,78.42,0
2005-01-28,78.42,78.42,78.42,78.42,0
2005-01-31,78.42,78.42,78.42,78.42,0
2005-02-01,78.42,78.42,78.42,78.42,0
2005-02-02,78.42,78.42,78.42,78.42,0
2005-02-03,74.2,74.2,74.2,74.2,0
2005-02-04,74.2,74.2,74.2,74.2,0
2005-02-07,74.2,74.2,74.2,74.2,0
2005-02-08,72.89,72.89,72.89,72.89,0
2005-02-09,72.89,72.89,72.89,72.89,0
2005-02-10,72.89,72.89,72.89,72.89,0
2005-02-11,72.88,72.88,72.88,72.88,0
2005-02-14,72.88,72.88,72.88,72.88,0
2005-02-15,72.88,72.88,72.88,72.88,0
2005-02-16,72.88,72.88,72.88,72.88,0
2005-02-17,72.89,72.89,72.89,72.89,0
2005-02-18,72.74,72.74,72.74,72.74,0
2005-02-21,72.74,72.74,72.74,72.74,0
2005-02-22,72.74,72.74,72.74,72.74,0
2005-02-23,72.74,72.74,72.74,72.74,0
2005-02-24,72.74,72.74,72.74,72.74,0
2005-02-25,72.88,72.88,72.88,72.88,0
2005-02-28,72.88,72.88,72.88,72.88,0
2005-03-01,72.88,72.88,72.88,72.88,0
2005-03-02,72.88,72.88,72.88,72.88,0
2005-03-03,72.88,72.88,72.88,72.88,0
2005-03-04,73.16,73.16,73.16,73.16,0
2005-03-07,73.16,73.16,73.16,73.16,0
2005-03-08,73.16,73.16,73.16,73.16,0
2005-03-09,73.16,73.16,73.16,73.16,0
2005-03-10,73.16,73.16,73.16,73.16,0
2005-03-11,73.16,73.16,73.16,73.16,0
2005-03-14,73.16,73.16,73.16,73.16,0
2005-03-15,73.16,73.16,73.16,73.16,0
2005-03-16,73.16,73.16,73.16,73.16,0
2005-03-17,73.45,73.45,73.45,73.45,0
2005-03-18,74,74,74,74,0
2005-03-21,74,74,74,74,0
2005-03-22,74,74,74,74,0
2005-03-23,74,74,74,74,0
2005-03-24,70.73,70.73,70.73,70.73,0
2005-03-25,73.36,73.36,73.36,73.36,0
2005-03-29,73.36,73.36,73.36,73.36,0
2005-03-30,73.36,73.36,73.36,73.36,0
2005-03-31,75.4,75.4,75.4,75.4,0
2005-04-01,75.4,75.4,75.4,75.4,0
2005-04-04,75.4,75.4,75.4,75.4,0
2005-04-05,75.4,75.4,75.4,75.4,0
2005-04-06,75.4,75.4,75.4,75.4,0
2005-04-07,75.4,75.4,75.4,75.4,0
2005-04-08,75.4,75.4,75.4,75.4,0
2005-04-11,75.51,75.51,75.51,75.51,0
2005-04-12,75.51,75.51,75.51,75.51,0
2005-04-13,78.58,78.58,78.58,78.58,0
2005-04-14,78.58,78.58,78.58,78.58,0
2005-04-15,78.58,78.58,78.58,78.58,0
2005-04-18,78.58,78.58,78.58,78.58,0
2005-04-19,79.93,79.93,79.93,79.93,0
2005-04-20,81.29,81.29,81.29,81.29,0
2005-04-22,81.29,81.29,81.29,81.29,0
2005-04-25,81.29,81.29,81.29,81.29,0
2005-04-26,87.18,87.18,87.18,87.18,0
2005-04-27,90.11,90.11,90.11,90.11,0
2005-04-28,90.11,90.11,90.11,90.11,0
2005-04-29,98.2,98.2,98.2,98.2,0
2005-05-03,98.18,98.18,98.18,98.18,0
2005-05-04,98.16,98.16,98.16,98.16,0
2005-05-06,98.16,98.16,98.16,98.16,0
2005-05-09,98.16,98.16,98.16,98.16,0
2005-05-10,101.39,101.39,101.39,101.39,0
2005-05-11,101.39,101.39,101.39,101.39,0
2005-05-12,101.39,101.39,101.39,101.39,0
2005-05-13,101.39,101.39,101.39,101.39,0
2005-05-17,100.77,100.77,100.77,100.77,0
2005-05-18,101.04,101.04,101.04,101.04,0
2005-05-19,101.04,101.04,101.04,101.04,0
2005-05-20,101.04,101.04,101.04,101.04,0
2005-05-23,104.41,104.41,104.41,104.41,0
2005-05-24,104.41,104.41,104.41,104.41,0
2005-05-25,104.41,104.41,104.41,104.41,0
2005-05-26,105.76,105.76,105.76,105.76,0
2005-05-27,105.76,105.76,105.76,105.76,0
2005-05-30,105.76,105.76,105.76,105.76,0
2005-05-31,105.79,105.79,105.79,105.79,0
2005-06-01,105.79,105.79,105.79,105.79,0
2005-06-02,105.79,105.79,105.79,105.79,0
2005-06-03,107.11,107.11,107.11,107.11,0
2005-06-06,107.11,107.11,107.11,107.11,0
2005-06-07,107.11,107.11,107.11,107.11,0
2005-06-08,107.11,107.11,107.11,107.11,0
2005-06-09,107.11,107.11,107.11,107.11,0
2005-06-10,107.11,107.11,107.11,107.11,0
2005-06-13,107.12,107.12,107.12,107.12,0
2005-06-14,106.59,106.59,106.59,106.59,0
2005-06-15,106.59,106.59,106.59,106.59,0
2005-06-16,106.59,106.59,106.59,106.59,0
2005-06-17,106.59,106.59,106.59,106.59,0
2005-06-20,100.9,100.9,100.9,100.9,0
2005-06-21,103.13,103.13,103.13,103.13,0
2005-06-22,103.13,103.13,103.13,103.13,0
2005-06-23,103.13,103.13,103.13,103.13,0
2005-06-24,103.13,103.13,103.13,103.13,0
2005-06-27,103.02,103.02,103.02,103.02,0
2005-06-28,103.02,103.02,103.02,103.02,0
2005-06-29,103.02,103.02,103.02,103.02,0
2005-06-30,103.16,103.16,103.16,103.16,0
2005-07-01,103.16,103.16,103.16,103.16,0
2005-07-04,103.16,103.16,103.16,103.16,0
2005-07-05,103.16,103.16,103.16,103.16,0
2005-07-06,102.99,102.99,102.99,102.99,0
2005-07-07,102.99,102.99,102.99,102.99,0
2005-07-08,102.98,102.98,102.98,102.98,0
2005-07-11,102.98,102.98,102.98,102.98,0
2005-07-12,100.25,100.25,100.25,100.25,0
2005-07-13,100.25,100.25,100.25,100.25,0
2005-07-14,100.25,100.25,100.25,100.25,0
2005-07-15,100.25,100.25,100.25,100.25,0
2005-07-18,100.25,100.25,100.25,100.25,0
2005-07-19,100.52,100.52,100.52,100.52,0
2005-07-20,100.52,100.52,100.52,100.52,0
2005-07-21,100.52,100.52,100.52,100.52,0
2005-07-22,100.52,100.52,100.52,100.52,0
2005-07-25,100.52,100.52,100.52,100.52,0
2005-07-26,100.52,100.52,100.52,100.52,0
2005-07-27,100.52,100.52,100.52,100.52,0
2005-07-28,100.52,100.52,100.52,100.52,0
2005-07-29,100.52,100.52,100.52,100.52,0
2005-08-01,100.55,100.55,100.55,100.55,0
2005-08-02,101.62,101.62,101.62,101.62,0
2005-08-03,101.62,101.62,101.62,101.62,0
2005-08-04,101.62,101.62,101.62,101.62,0
2005-08-05,101.62,101.62,101.62,101.62,0
2005-08-09,101.65,101.65,101.65,101.65,0
2005-08-10,101.65,101.65,101.65,101.65,0
2005-08-11,101.65,101.65,101.65,101.65,0
2005-08-12,101.65,101.65,101.65,101.65,0
2005-08-16,101.65,101.65,101.65,101.65,0
2005-08-17,101.65,101.65,101.65,101.65,0
2005-08-18,101.65,101.65,101.65,101.65,0
2005-08-19,101.65,101.65,101.65,101.65,0
2005-08-22,101.65,101.65,101.65,101.65,0
2005-08-23,101.66,101.66,101.66,101.66,0
2005-08-24,101.66,101.66,101.66,101.66,0
2005-08-25,101.66,101.66,101.66,101.66,0
2005-08-26,100.97,100.97,100.97,100.97,0
2005-08-29,100.97,100.97,100.97,100.97,0
2005-08-30,100.97,100.97,100.97,100.97,0
2005-08-31,100.97,100.97,100.97,100.97,0
2005-09-02,100.97,100.97,100.97,100.97,0
2005-09-05,100.97,100.97,100.97,100.97,0
2005-09-06,100.97,100.97,100.97,100.97,0
2005-09-08,101.12,101.12,101.12,101.12,0
2005-09-09,101.12,101.12,101.12,101.12,0
2005-09-12,101.12,101.12,101.12,101.12,0
2005-09-13,101.12,101.12,101.12,101.12,0
2005-09-14,102.44,102.44,102.44,102.44,0
2005-09-15,102.44,102.44,102.44,102.44,0
2005-09-16,102.36,102.36,102.36,102.36,0
2005-09-19,102.36,102.36,102.36,102.36,0
2005-09-20,102.36,102.36,102.36,102.36,0
2005-09-21,102.33,102.33,102.33,102.33,0
2005-09-22,102.35,102.35,102.35,102.35,0
2005-09-23,102.02,102.02,102.02,102.02,0
2005-09-26,101.93,101.93,101.93,101.93,0
2005-09-27,101.93,101.93,101.93,101.93,0
2005-09-28,101.93,101.93,101.93,101.93,0
2005-09-29,101.56,101.56,101.56,101.56,0
2005-09-30,101.21,101.21,101.21,101.21,0
2005-10-03,100.88,100.88,100.88,100.88,0
2005-10-04,100.59,100.59,100.59,100.59,0
2005-10-05,100.59,100.59,100.59,100.59,0
2005-10-06,100.59,100.59,100.59,100.59,0
2005-10-07,100.59,100.59,100.59,100.59,0
2005-10-10,100.59,100.59,100.59,100.59,0
2005-10-11,100.59,100.59,100.59,100.59,0
2005-10-12,100.59,100.59,100.59,100.59,0
2005-10-13,100.59,100.59,100.59,100.59,0
2005-10-14,99.24,99.24,99.24,99.24,0
2005-10-17,99.35,99.35,99.35,99.35,0
2005-10-18,99.6,99.6,99.6,99.6,0
2005-10-19,99.6,99.6,99.6,99.6,0
2005-10-24,100.68,100.68,100.68,100.68,0
2005-10-25,100.68,100.68,100.68,100.68,0
2005-10-26,100.68,100.68,100.68,100.68,0
2005-10-27,100.41,100.41,100.41,100.41,0
2005-10-28,100.41,100.41,100.41,100.41,0
2005-10-31,100.41,100.41,100.41,100.41,0
2005-11-02,100.41,100.41,100.41,100.41,0
2005-11-04,100.7,100.7,100.7,100.7,0
2005-11-07,100.7,100.7,100.7,100.7,0
2005-11-08,100.7,100.7,100.7,100.7,0
2005-11-09,100.7,100.7,100.7,100.7,0
2005-11-10,100.7,100.7,100.7,100.7,0
2005-11-11,100.71,100.71,100.71,100.71,0
2005-11-14,100.71,100.71,100.71,100.71,0
2005-11-16,100.71,100.71,100.71,100.71,0
2005-11-17,100.71,100.71,100.71,100.71,0
2005-11-18,100.71,100.71,100.71,100.71,0
2005-11-21,100.71,100.71,100.71,100.71,0
2005-11-22,100.75,100.75,100.75,100.75,0
2005-11-23,100.85,100.85,100.85,100.85,0
2005-11-24,100.59,100.59,100.59,100.59,0
2005-11-25,100.99,100.99,100.99,100.99,0
2005-11-28,101.25,101.25,101.25,101.25,0
2005-11-29,103.93,103.93,103.93,103.93,0
2005-11-30,104.19,104.19,104.19,104.19,0
2005-12-01,101.63,101.63,101.63,101.63,0
2005-12-02,101.63,101.63,101.63,101.63,0
2005-12-05,101.63,101.63,101.63,101.63,0
2005-12-06,101.63,101.63,101.63,101.63,0
2005-12-07,101.63,101.63,101.63,101.63,0
2005-12-08,101.64,101.64,101.64,101.64,0
2005-12-09,101.64,101.64,101.64,101.64,0
2005-12-12,101.64,101.64,101.64,101.64,0
2005-12-13,101.64,101.64,101.64,101.64,0
2005-12-14,101.64,101.64,101.64,101.64,0
2005-12-15,101.64,101.64,101.64,101.64,0
2005-12-16,101.87,101.87,101.87,101.87,0
2005-12-19,102.74,102.74,102.74,102.74,0
2005-12-20,102.74,102.74,102.74,102.74,0
2005-12-21,102.74,102.74,102.74,102.74,0
2005-12-22,102.74,102.74,102.74,102.74,0
2005-12-23,102.74,102.74,102.74,102.74,0
2005-12-26,103.67,103.67,103.67,103.67,0
2005-12-27,103.67,103.67,103.67,103.67,0
2005-12-28,103.67,103.67,103.67,103.67,0
2005-12-29,103.81,103.81,103.81,103.81,0
2005-12-30,103.81,103.81,103.81,103.81,0
2006-01-02,103.81,103.81,103.81,103.81,0
2006-01-03,103.81,103.81,103.81,103.81,0
2006-01-04,103.81,103.81,103.81,103.81,0
2006-01-06,104.93,104.93,104.93,104.93,0
2006-01-09,105.59,105.59,105.59,105.59,0
2006-01-11,108.29,108.29,108.29,108.29,0
2006-01-12,108.29,108.29,108.29,108.29,0
2006-01-16,108.29,108.29,108.29,108.29,0
2006-01-17,108.29,108.29,108.29,108.29,0
2006-01-18,108.29,108.29,108.29,108.29,0
2006-01-19,108.29,108.29,108.29,108.29,0
2006-01-20,108.29,108.29,108.29,108.29,0
2006-01-23,108.29,108.29,108.29,108.29,0
2006-01-24,108.97,108.97,108.97,108.97,0
2006-01-26,109.25,109.25,109.25,109.25,0
2006-01-27,109.52,109.52,109.52,109.52,0
2006-01-30,109.52,109.52,109.52,109.52,0
2006-01-31,109.52,109.52,109.52,109.52,0
2006-02-01,109.52,109.52,109.52,109.52,0
2006-02-02,109.52,109.52,109.52,109.52,0
2006-02-03,109.52,109.52,109.52,109.52,0
2006-02-06,109.52,109.52,109.52,109.52,0
2006-02-07,109.52,109.52,109.52,109.52,0
2006-02-08,109.52,109.52,109.52,109.52,0
2006-02-09,111.35,111.35,111.35,111.35,0
2006-02-10,111.35,111.35,111.35,111.35,0
2006-02-13,111.35,111.35,111.35,111.35,0
2006-02-14,111.35,111.35,111.35,111.35,0
2006-02-15,111.35,111.35,111.35,111.35,0
2006-02-16,113.24,113.24,113.24,113.24,0
2006-02-17,113.24,113.24,113.24,113.24,0
2006-02-20,113.24,113.24,113.24,113.24,0
2006-02-21,113.24,113.24,113.24,113.24,0
2006-02-22,113.24,113.24,113.24,113.24,0
2006-02-23,113.24,113.24,113.24,113.24,0
2006-02-24,116,116,116,116,0
2006-02-27,125.31,125.31,125.31,125.31,0
2006-02-28,125.31,125.31,125.31,125.31,0
2006-03-01,125.31,125.31,125.31,125.31,0
2006-03-02,125.31,125.31,125.31,125.31,0
2006-03-03,125.31,125.31,125.31,125.31,0
2006-03-06,125.31,125.31,125.31,125.31,0
2006-03-07,125.31,125.31,125.31,125.31,0
2006-03-08,125.31,125.31,125.31,125.31,0
2006-03-10,125.31,125.31,125.31,125.31,0
2006-03-13,125.31,125.31,125.31,125.31,0
2006-03-14,125.57,125.57,125.57,125.57,0
2006-03-15,125.57,125.57,125.57,125.57,0
2006-03-16,125.57,125.57,125.57,125.57,0
2006-03-17,125.83,125.83,125.83,125.83,0
2006-03-20,125.83,125.83,125.83,125.83,0
2006-03-21,125.83,125.83,125.83,125.83,0
2006-03-22,125.83,125.83,125.83,125.83,0
2006-03-23,125.83,125.83,125.83,125.83,0
2006-03-24,125.83,125.83,125.83,125.83,0
2006-03-27,128.3,128.3,128.3,128.3,0
2006-03-28,128.3,128.3,128.3,128.3,0
2006-03-29,128.3,128.3,128.3,128.3,0
2006-03-30,128.3,128.3,128.3,128.3,0
2006-03-31,129.53,129.53,129.53,129.53,0
2006-04-03,129.53,129.53,129.53,129.53,0
2006-04-04,129.53,129.53,129.53,129.53,0
2006-04-05,129.53,129.53,129.53,129.53,0
2006-04-06,129.53,129.53,129.53,129.53,0
2006-04-07,129.53,129.53,129.53,129.53,0
2006-04-10,129.53,129.53,129.53,129.53,0
2006-04-12,129.53,129.53,129.53,129.53,0
2006-04-13,130.88,130.88,130.88,130.88,0
2006-04-14,130.89,130.89,130.89,130.89,0
2006-04-18,135,135,135,135,0
2006-04-19,135,135,135,135,0
2006-04-20,135,135,135,135,0
2006-04-21,135,135,135,135,0
2006-04-24,135,135,135,135,0
2006-04-25,135,135,135,135,0
2006-04-26,135,135,135,135,0
2006-04-27,135,135,135,135,0
2006-04-28,135,135,135,135,0
2006-05-02,135,135,135,135,0
2006-05-03,135,135,135,135,0
2006-05-04,136.33,136.33,136.33,136.33,0
2006-05-05,136.33,136.33,136.33,136.33,0
2006-05-08,136.33,136.33,136.33,136.33,0
2006-05-09,145.51,145.51,145.51,145.51,0
2006-05-10,145.56,145.56,145.56,145.56,0
2006-05-11,145.56,145.56,145.56,145.56,0
2006-05-12,145.56,145.56,145.56,145.56,0
2006-05-15,145.56,145.56,145.56,145.56,0
2006-05-16,148.76,148.76,148.76,148.76,0
2006-05-17,150.14,150.14,150.14,150.14,0
2006-05-18,146,146,146,146,0
2006-05-19,146,146,146,146,0
2006-05-22,146,146,146,146,0
2006-05-23,146,146,146,146,0
2006-05-24,146,146,146,146,0
2006-05-26,146,146,146,146,0
2006-05-29,148.75,148.75,148.75,148.75,0
2006-05-30,148.58,148.58,148.58,148.58,0
2006-05-31,152.7,152.7,152.7,152.7,0
2006-06-01,154.07,154.07,154.07,154.07,0
2006-06-02,154.07,154.07,154.07,154.07,0
2006-06-06,154.07,154.07,154.07,154.07,0
2006-06-07,153.75,153.75,153.75,153.75,0
2006-06-08,153.75,153.75,153.75,153.75,0
2006-06-09,153.76,153.76,153.76,153.76,0
2006-06-12,156.51,156.51,156.51,156.51,0
2006-06-13,158.16,158.16,158.16,158.16,0
2006-06-14,158.16,158.16,158.16,158.16,0
2006-06-15,157.94,157.94,157.94,157.94,0
2006-06-16,157.94,157.94,157.94,157.94,0
2006-06-19,157.94,157.94,157.94,157.94,0
2006-06-20,158.08,158.08,158.08,158.08,0
2006-06-21,158.08,158.08,158.08,158.08,0
2006-06-22,158.08,158.08,158.08,158.08,0
2006-06-23,156.29,156.29,156.29,156.29,0
2006-06-26,156.29,156.29,156.29,156.29,0
2006-06-27,156.29,156.29,156.29,156.29,0
2006-06-28,156.23,156.23,156.23,156.23,0
2006-06-29,156.23,156.23,156.23,156.23,0
2006-06-30,153.48,153.48,153.48,153.48,0
2006-07-03,153.48,153.48,153.48,153.48,0
2006-07-04,153.48,153.48,153.48,153.48,0
2006-07-05,153.48,153.48,153.48,153.48,0
2006-07-06,153.48,153.48,153.48,153.48,0
2006-07-07,153.48,153.48,153.48,153.48,0
2006-07-10,153.48,153.48,153.48,153.48,0
2006-07-11,153.48,153.48,153.48,153.48,0
2006-07-12,153.48,153.48,153.48,153.48,0
2006-07-13,153.48,153.48,153.48,153.48,0
2006-07-14,153.48,153.48,153.48,153.48,0
2006-07-17,153.48,153.48,153.48,153.48,0
2006-07-18,153.48,153.48,153.48,153.48,0
2006-07-19,153.48,153.48,153.48,153.48,0
2006-07-20,153.47,153.47,153.47,153.47,0
2006-07-21,153.51,153.51,153.51,153.51,0
2006-07-24,153.52,153.52,153.52,153.52,0
2006-07-25,153.52,153.52,153.52,153.52,0
2006-07-26,153.51,153.51,153.51,153.51,0
2006-07-27,153.51,153.51,153.51,153.51,0
2006-07-28,145.32,145.32,145.32,145.32,0
2006-07-31,145.32,145.32,145.32,145.32,0
2006-08-01,145.41,145.41,145.41,145.41,0
2006-08-02,145.41,145.41,145.41,145.41,0
2006-08-03,145.32,145.32,145.32,145.32,0
2006-08-04,145.32,145.32,145.32,145.32,0
2006-08-08,145.31,145.31,145.31,145.31,0
2006-08-09,145.32,145.32,145.32,145.32,0
2006-08-10,149.44,149.44,149.44,149.44,0
2006-08-11,149.44,149.44,149.44,149.44,0
2006-08-14,149.44,149.44,149.44,149.44,0
2006-08-16,149.44,149.44,149.44,149.44,0
2006-08-17,145.32,145.32,145.32,145.32,0
2006-08-18,145.32,145.32,145.32,145.32,0
2006-08-21,145.32,145.32,145.32,145.32,0
2006-08-22,145.32,145.32,145.32,145.32,0
2006-08-23,146.14,146.14,146.14,146.14,0
2006-08-24,146.14,146.14,146.14,146.14,0
2006-08-25,145.87,145.87,145.87,145.87,0
2006-08-28,147.56,147.56,147.56,147.56,0
2006-08-29,147.56,147.56,147.56,147.56,0
2006-08-30,147.56,147.56,147.56,147.56,0
2006-08-31,147.7,147.7,147.7,147.7,0
2006-09-01,147.7,147.7,147.7,147.7,0
2006-09-04,147.15,147.15,147.15,147.15,0
2006-09-06,147.15,147.15,147.15,147.15,0
2006-09-07,147.42,147.42,147.42,147.42,0
2006-09-08,147.41,147.41,147.41,147.41,0
2006-09-11,148.74,148.74,148.74,148.74,0
2006-09-12,148.74,148.74,148.74,148.74,0
2006-09-13,148.74,148.74,148.74,148.74,0
2006-09-14,148.74,148.74,148.74,148.74,0
2006-09-15,148.74,148.74,148.74,148.74,0
2006-09-18,148.74,148.74,148.74,148.74,0
2006-09-19,148.76,148.76,148.76,148.76,0
2006-09-20,148.76,148.76,148.76,148.76,0
2006-09-21,148.73,148.73,148.73,148.73,0
2006-09-22,148.73,148.73,148.73,148.73,0
2006-09-25,148.73,148.73,148.73,148.73,0
2006-09-26,148.73,148.73,148.73,148.73,0
2006-09-27,148.73,148.73,148.73,148.73,0
2006-09-28,148.73,148.73,148.73,148.73,0
2006-10-02,148.73,148.73,148.73,148.73,0
2006-10-03,147.93,147.93,147.93,147.93,0
2006-10-04,147.93,147.93,147.93,147.93,0
2006-10-05,149.28,149.28,149.28,149.28,0
2006-10-06,149.28,149.28,149.28,149.28,0
2006-10-09,149.28,149.28,149.28,149.28,0
2006-10-10,149.28,149.28,149.28,149.28,0
2006-10-12,149.29,149.29,149.29,149.29,0
2006-10-13,150.08,150.08,150.08,150.08,0
2006-10-16,149.9,149.9,149.9,149.9,0
2006-10-17,149.9,149.9,149.9,149.9,0
2006-10-18,149.9,149.9,149.9,149.9,0
2006-10-20,149.9,149.9,149.9,149.9,0
2006-10-24,149.9,149.9,149.9,149.9,0
2006-10-25,149.9,149.9,149.9,149.9,0
2006-10-26,149.91,149.91,149.91,149.91,0
2006-10-27,149.91,149.91,149.91,149.91,0
2006-10-30,149.91,149.91,149.91,149.91,0
2006-10-31,150.49,150.49,150.49,150.49,0
2006-11-02,150.49,150.49,150.49,150.49,0
2006-11-03,150.49,150.49,150.49,150.49,0
2006-11-06,150.49,150.49,150.49,150.49,0
2006-11-07,150.5,150.5,150.5,150.5,0
2006-11-08,150.5,150.5,150.5,150.5,0
2006-11-09,150.5,150.5,150.5,150.5,0
2006-11-10,150.5,150.5,150.5,150.5,0
2006-11-13,151.88,151.88,151.88,151.88,0
2006-11-14,151.88,151.88,151.88,151.88,0
2006-11-16,151.88,151.88,151.88,151.88,0
2006-11-17,151.88,151.88,151.88,151.88,0
2006-11-20,151.88,151.88,151.88,151.88,0
2006-11-21,151.86,151.86,151.86,151.86,0
2006-11-22,151.88,151.88,151.88,151.88,0
2006-11-23,151.88,151.88,151.88,151.88,0
2006-11-24,151.88,151.88,151.88,151.88,0
2006-11-27,151.88,151.88,151.88,151.88,0
2006-11-28,151.88,151.88,151.88,151.88,0
2006-11-29,151.88,151.88,151.88,151.88,0
2006-11-30,151.88,151.88,151.88,151.88,0
2006-12-01,151.89,151.89,151.89,151.89,0
2006-12-04,151.89,151.89,151.89,151.89,0
2006-12-05,149.16,149.16,149.16,149.16,0
2006-12-06,149.16,149.16,149.16,149.16,0
2006-12-07,149.16,149.16,149.16,149.16,0
2006-12-08,149.16,149.16,149.16,149.16,0
2006-12-11,149.16,149.16,149.16,149.16,0
2006-12-12,151.89,151.89,151.89,151.89,0
2006-12-13,151.89,151.89,151.89,151.89,0
2006-12-14,151.62,151.62,151.62,151.62,0
2006-12-15,151.62,151.62,151.62,151.62,0
2006-12-18,151.62,151.62,151.62,151.62,0
2006-12-19,151.62,151.62,151.62,151.62,0
2006-12-20,151.62,151.62,151.62,151.62,0
2006-12-21,151.62,151.62,151.62,151.62,0
2006-12-22,151.17,151.17,151.17,151.17,0
2006-12-26,150.99,150.99,150.99,150.99,0
2006-12-27,150.99,150.99,150.99,150.99,0
2006-12-28,152.31,152.31,152.31,152.31,0
2006-12-29,152.57,152.57,152.57,152.57,0
2007-01-02,152.57,152.57,152.57,152.57,0
2007-01-03,152.57,152.57,152.57,152.57,0
2007-01-04,152.57,152.57,152.57,152.57,0
2007-01-05,152.57,152.57,152.57,152.57,0
2007-01-08,152.57,152.57,152.57,152.57,0
2007-01-09,152.57,152.57,152.57,152.57,0
2007-01-10,152.57,152.57,152.57,152.57,0
2007-01-11,152.57,152.57,152.57,152.57,0
2007-01-12,152.62,152.62,152.62,152.62,0
2007-01-15,152.62,152.62,152.62,152.62,0
2007-01-16,149.87,149.87,149.87,149.87,0
2007-01-17,149.87,149.87,149.87,149.87,0
2007-01-18,149.87,149.87,149.87,149.87,0
2007-01-19,149.87,149.87,149.87,149.87,0
2007-01-22,149.87,149.87,149.87,149.87,0
2007-01-23,149.86,149.86,149.86,149.86,0
2007-01-24,149.86,149.86,149.86,149.86,0
2007-01-25,149.86,149.86,149.86,149.86,0
2007-01-26,149.86,149.86,149.86,149.86,0
2007-01-30,149.86,149.86,149.86,149.86,0
2007-01-31,149.86,149.86,149.86,149.86,0
2007-02-01,149.86,149.86,149.86,149.86,0
2007-02-02,149.87,149.87,149.87,149.87,0
2007-02-05,149.87,149.87,149.87,149.87,0
2007-02-06,149.87,149.87,149.87,149.87,0
2007-02-07,149.87,149.87,149.87,149.87,0
2007-02-08,149.87,149.87,149.87,149.87,0
2007-02-09,149.87,149.87,149.87,149.87,0
2007-02-12,149.87,149.87,149.87,149.87,0
2007-02-13,149.87,149.87,149.87,149.87,0
2007-02-14,149.87,149.87,149.87,149.87,0
2007-02-15,149.87,149.87,149.87,149.87,0
2007-02-19,149.87,149.87,149.87,149.87,0
2007-02-20,149.87,149.87,149.87,149.87,0
2007-02-21,149.87,149.87,149.87,149.87,0
2007-02-22,149.87,149.87,149.87,149.87,0
2007-02-23,149.87,149.87,149.87,149.87,0
2007-02-26,149.87,149.87,149.87,149.87,0
2007-02-27,149.87,149.87,149.87,149.87,0
2007-02-28,149.87,149.87,149.87,149.87,0
2007-03-01,149.87,149.87,149.87,149.87,0
2007-03-02,149.87,149.87,149.87,149.87,0
2007-03-05,149.87,149.87,149.87,149.87,0
2007-03-06,149.87,149.87,149.87,149.87,0
2007-03-07,149.87,149.87,149.87,149.87,0
2007-03-08,149.87,149.87,149.87,149.87,0
2007-03-09,150.77,150.77,150.77,150.77,0
2007-03-12,149.87,149.87,149.87,149.87,0
2007-03-13,148.59,148.59,148.59,148.59,0
2007-03-14,148.59,148.59,148.59,148.59,0
2007-03-15,148.59,148.59,148.59,148.59,0
2007-03-16,148.59,148.59,148.59,148.59,0
2007-03-19,148.59,148.59,148.59,148.59,0
2007-03-20,148.59,148.59,148.59,148.59,0
2007-03-21,148.59,148.59,148.59,148.59,0
2007-03-22,148.59,148.59,148.59,148.59,0
2007-03-26,148.62,148.62,148.62,148.62,0
2007-03-27,148.62,148.62,148.62,148.62,0
2007-03-28,148.62,148.62,148.62,148.62,0
2007-03-29,148.62,148.62,148.62,148.62,0
2007-03-30,148.64,148.64,148.64,148.64,0
2007-04-02,148.64,148.64,148.64,148.64,0
2007-04-03,148.64,148.64,148.64,148.64,0
2007-04-04,148.64,148.64,148.64,148.64,0
2007-04-05,148.64,148.64,148.64,148.64,0
2007-04-06,153.02,153.02,153.02,153.02,0
2007-04-10,153.02,153.02,153.02,153.02,0
2007-04-11,153.02,153.02,153.02,153.02,0
2007-04-12,153.02,153.02,153.02,153.02,0
2007-04-13,153.02,153.02,153.02,153.02,0
2007-04-16,153.02,153.02,153.02,153.02,0
2007-04-17,153.02,153.02,153.02,153.02,0
2007-04-18,153.02,153.02,153.02,153.02,0
2007-04-20,153.05,153.05,153.05,153.05,0
2007-04-23,153.05,153.05,153.05,153.05,0
2007-04-24,153.07,153.07,153.07,153.07,0
2007-04-25,158.13,158.13,158.13,158.13,0
2007-04-26,160.76,160.76,160.76,160.76,0
2007-04-27,160.76,160.76,160.76,160.76,0
2007-04-30,160.76,160.76,160.76,160.76,0
2007-05-02,163.04,163.04,163.04,163.04,0
2007-05-03,163.04,163.04,163.04,163.04,0
2007-05-04,173.03,173.03,173.03,173.03,0
2007-05-07,173.03,173.03,173.03,173.03,0
2007-05-08,178.04,178.04,178.04,178.04,0
2007-05-09,178.04,178.04,178.04,178.04,0
2007-05-10,178.04,178.04,178.04,178.04,0
2007-05-11,178.04,178.04,178.04,178.04,0
2007-05-14,178.04,178.04,178.04,178.04,0
2007-05-15,178.04,178.04,178.04,178.04,0
2007-05-16,178.06,178.06,178.06,178.06,0
2007-05-18,178.06,178.06,178.06,178.06,0
2007-05-21,178.06,178.06,178.06,178.06,0
2007-05-22,179.06,179.06,179.06,179.06,0
2007-05-23,178.06,178.06,178.06,178.06,0
2007-05-24,178.06,178.06,178.06,178.06,0
2007-05-25,178.06,178.06,178.06,178.06,0
2007-05-29,183.1,183.1,183.1,183.1,0
2007-05-30,191.18,191.18,191.18,191.18,0
2007-05-31,191.18,191.18,191.18,191.18,0
2007-06-01,191.18,191.18,191.18,191.18,0
2007-06-04,191.18,191.18,191.18,191.18,0
2007-06-05,191.18,191.18,191.18,191.18,0
2007-06-06,191.18,191.18,191.18,191.18,0
2007-06-07,193.59,193.59,193.59,193.59,0
2007-06-08,193.59,193.59,193.59,193.59,0
2007-06-11,193.59,193.59,193.59,193.59,0
2007-06-12,194.06,194.06,194.06,194.06,0
2007-06-13,194.06,194.06,194.06,194.06,0
2007-06-14,196.07,196.07,196.07,196.07,0
2007-06-15,196.07,196.07,196.07,196.07,0
2007-06-18,196.07,196.07,196.07,196.07,0
2007-06-19,196.07,196.07,196.07,196.07,0
2007-06-20,196.07,196.07,196.07,196.07,0
2007-06-21,196.07,196.07,196.07,196.07,0
2007-06-22,196.07,196.07,196.07,196.07,0
2007-06-25,196.07,196.07,196.07,196.07,0
2007-06-26,198.07,198.07,198.07,198.07,0
2007-06-27,198.07,198.07,198.07,198.07,0
2007-06-28,198.07,198.07,198.07,198.07,0
2007-06-29,198.07,198.07,198.07,198.07,0
2007-07-02,193.06,193.06,193.06,193.06,0
2007-07-03,193.36,193.36,193.36,193.36,0
2007-07-04,193.36,193.36,193.36,193.36,0
2007-07-05,188.37,188.37,188.37,188.37,0
2007-07-06,182.84,182.84,182.84,182.84,0
2007-07-09,182.84,182.84,182.84,182.84,0
2007-07-10,173.32,173.32,173.32,173.32,0
2007-07-11,173.32,173.32,173.32,173.32,0
2007-07-12,173.32,173.32,173.32,173.32,0
2007-07-13,173.32,173.32,173.32,173.32,0
2007-07-16,173.32,173.32,173.32,173.32,0
2007-07-17,173.32,173.32,173.32,173.32,0
2007-07-18,173.32,173.32,173.32,173.32,0
2007-07-19,173.32,173.32,173.32,173.32,0
2007-07-20,173.32,173.32,173.32,173.32,0
2007-07-23,173.4,173.4,173.4,173.4,0
2007-07-24,173.86,173.86,173.86,173.86,0
2007-07-25,173.86,173.86,173.86,173.86,0
2007-07-26,173.86,173.86,173.86,173.86,0
2007-07-27,173.86,173.86,173.86,173.86,0
2007-07-31,173.86,173.86,173.86,173.86,0
2007-08-01,173.86,173.86,173.86,173.86,0
2007-08-02,173.86,173.86,173.86,173.86,0
2007-08-03,173.86,173.86,173.86,173.86,0
2007-08-08,173.86,173.86,173.86,173.86,0
2007-08-09,176.41,176.41,176.41,176.41,0
2007-08-10,186.83,186.83,186.83,186.83,0
2007-08-13,191.34,191.34,191.34,191.34,0
2007-08-14,191.34,191.34,191.34,191.34,0
2007-08-16,206.86,206.86,206.86,206.86,0
2007-08-17,206.86,206.86,206.86,206.86,0
2007-08-20,238.49,238.49,238.49,238.49,0
2007-08-21,238.64,238.64,238.64,238.64,0
2007-08-22,256.27,256.27,256.27,256.27,0
2007-08-23,256.42,256.42,256.42,256.42,0
2007-08-24,256.42,256.42,256.42,256.42,0
2007-08-27,256.42,256.42,256.42,256.42,0
2007-08-28,275.37,275.37,275.37,275.37,0
2007-08-29,275.37,275.37,275.37,275.37,0
2007-08-30,275.37,275.37,275.37,275.37,0
2007-08-31,275.37,275.37,275.37,275.37,0
2007-09-03,275.37,275.37,275.37,275.37,0
2007-09-04,275.35,275.35,275.35,275.35,0
2007-09-05,275.35,275.35,275.35,275.35,0
2007-09-06,275.35,275.35,275.35,275.35,0
2007-09-07,253.96,253.96,253.96,253.96,0
2007-09-10,253.96,253.96,253.96,253.96,0
2007-09-11,253.96,253.96,253.96,253.96,0
2007-09-12,253.96,253.96,253.96,253.96,0
2007-09-13,253.96,253.96,253.96,253.96,0
2007-09-14,254.5,254.5,254.5,254.5,0
2007-09-17,254.5,254.5,254.5,254.5,0
2007-09-18,254.5,254.5,254.5,254.5,0
2007-09-19,244.76,244.76,244.76,244.76,0
2007-09-20,244.76,244.76,244.76,244.76,0
2007-09-21,244.76,244.76,244.76,244.76,0
2007-09-24,244.76,244.76,244.76,244.76,0
2007-09-25,244.76,244.76,244.76,244.76,0
2007-09-26,244.76,244.76,244.76,244.76,0
2007-09-27,244.76,244.76,244.76,244.76,0
2007-09-28,245.43,245.43,245.43,245.43,0
2007-10-01,255.42,255.42,255.42,255.42,0
2007-10-02,255.4,255.4,255.4,255.4,0
2007-10-03,255.4,255.4,255.4,255.4,0
2007-10-04,255.4,255.4,255.4,255.4,0
2007-10-05,240.4,240.4,240.4,240.4,0
2007-10-08,244.9,244.9,244.9,244.9,0
2007-10-10,244.9,244.9,244.9,244.9,0
2007-10-11,240.77,240.77,240.77,240.77,0
2007-10-15,240.77,240.77,240.77,240.77,0
2007-10-16,241.16,241.16,241.16,241.16,0
2007-10-17,241.35,241.35,241.35,241.35,0
2007-10-18,241.35,241.35,241.35,241.35,0
2007-10-19,241.4,241.4,241.4,241.4,0
2007-10-22,256.38,256.38,256.38,256.38,0
2007-10-23,256.38,256.38,256.38,256.38,0
2007-10-24,256.38,256.38,256.38,256.38,0
2007-10-25,256.38,256.38,256.38,256.38,0
2007-10-26,241.33,241.33,241.33,241.33,0
2007-10-29,241.35,241.35,241.35,241.35,0
2007-10-30,241.38,241.38,241.38,241.38,0
2007-10-31,241.35,241.35,241.35,241.35,0
2007-11-02,242.02,242.02,242.02,242.02,0
2007-11-05,242.02,242.02,242.02,242.02,0
2007-11-06,242.02,242.02,242.02,242.02,0
2007-11-07,243.07,243.07,243.07,243.07,0
2007-11-08,243.07,243.07,243.07,243.07,0
2007-11-09,244.26,244.26,244.26,244.26,0
2007-11-12,244.28,244.28,244.28,244.28,0
2007-11-13,244.28,244.28,244.28,244.28,0
2007-11-14,244.28,244.28,244.28,244.28,0
2007-11-16,244.28,244.28,244.28,244.28,0
2007-11-19,244.23,244.23,244.23,244.23,0
2007-11-20,244.23,244.23,244.23,244.23,0
2007-11-21,259.26,259.26,259.26,259.26,0
2007-11-22,259.26,259.26,259.26,259.26,0
2007-11-23,259.26,259.26,259.26,259.26,0
2007-11-26,259.26,259.26,259.26,259.26,0
2007-11-27,246.18,246.18,246.18,246.18,0
2007-11-30,247.42,247.42,247.42,247.42,0
2007-12-03,247.42,247.42,247.42,247.42,0
2007-12-04,247.47,247.47,247.47,247.47,0
2007-12-05,247.47,247.47,247.47,247.47,0
2007-12-06,247.1,247.1,247.1,247.1,0
2007-12-07,247.28,247.28,247.28,247.28,0
2007-12-10,246.73,246.73,246.73,246.73,0
2007-12-11,248.92,248.92,248.92,248.92,0
2007-12-12,248.97,248.97,248.97,248.97,0
2007-12-13,248.97,248.97,248.97,248.97,0
2007-12-14,248.97,248.97,248.97,248.97,0
2007-12-17,248.97,248.97,248.97,248.97,0
2007-12-18,248.97,248.97,248.97,248.97,0
2007-12-20,248.97,248.97,248.97,248.97,0
2007-12-21,248.97,248.97,248.97,248.97,0
2007-12-24,248.67,248.67,248.67,248.67,0
2007-12-26,248.92,248.92,248.92,248.92,0
2007-12-27,248.92,248.92,248.92,248.92,0
2007-12-28,248.92,248.92,248.92,248.92,0
2007-12-31,248.92,248.92,248.92,248.92,0
2008-01-02,248.92,248.92,248.92,248.92,0
2008-01-03,248.92,248.92,248.92,248.92,0
2008-01-04,248.92,248.92,248.92,248.92,0
2008-01-07,248.92,248.92,248.92,248.92,0
2008-01-09,248.92,248.92,248.92,248.92,0
2008-01-10,246.41,246.41,246.41,246.41,0
2008-01-11,246.41,246.41,246.41,246.41,0
2008-01-14,246.41,246.41,246.41,246.41,0
2008-01-15,246.41,246.41,246.41,246.41,0
2008-01-16,246.41,246.41,246.41,246.41,0
2008-01-17,246.41,246.41,246.41,246.41,0
2008-01-18,246.41,246.41,246.41,246.41,0
2008-01-21,246.41,246.41,246.41,246.41,0
2008-01-22,246.41,246.41,246.41,246.41,0
2008-01-23,246.41,246.41,246.41,246.41,0
2008-01-24,240.9,240.9,240.9,240.9,0
2008-01-25,240.9,240.9,240.9,240.9,0
2008-01-28,241.41,241.41,241.41,241.41,0
2008-01-29,240.58,240.58,240.58,240.58,0
2008-01-30,240.58,240.58,240.58,240.58,0
2008-01-31,240.58,240.58,240.58,240.58,0
2008-02-01,240.55,240.55,240.55,240.55,0
2008-02-04,240.64,240.64,240.64,240.64,0
2008-02-05,240.64,240.64,240.64,240.64,0
2008-02-06,241.29,241.29,241.29,241.29,0
2008-02-07,236.26,236.26,236.26,236.26,0
2008-02-08,231.3,231.3,231.3,231.3,0
2008-02-11,231.27,231.27,231.27,231.27,0
2008-02-12,230.22,230.22,230.22,230.22,0
2008-02-13,226.29,226.29,226.29,226.29,0
2008-02-14,226.29,226.29,226.29,226.29,0
2008-02-15,226.29,226.29,226.29,226.29,0
2008-02-18,241.21,241.21,241.21,241.21,0
2008-02-19,241.21,241.21,241.21,241.21,0
2008-02-20,241.31,241.31,241.31,241.31,0
2008-02-21,241.31,241.31,241.31,241.31,0
2008-02-22,241.31,241.31,241.31,241.31,0
2008-02-25,241.06,241.06,241.06,241.06,0
2008-02-26,241.31,241.31,241.31,241.31,0
2008-02-27,241.31,241.31,241.31,241.31,0
2008-02-28,241.31,241.31,241.31,241.31,0
2008-02-29,241.31,241.31,241.31,241.31,0
2008-03-03,236.31,236.31,236.31,236.31,0
2008-03-04,236.31,236.31,236.31,236.31,0
2008-03-05,236.31,236.31,236.31,236.31,0
2008-03-06,236.31,236.31,236.31,236.31,0
2008-03-07,236.31,236.31,236.31,236.31,0
2008-03-10,236.31,236.31,236.31,236.31,0
2008-03-11,236.31,236.31,236.31,236.31,0
2008-03-12,236.41,236.41,236.41,236.41,0
2008-03-13,236.39,236.39,236.39,236.39,0
2008-03-14,236.41,236.41,236.41,236.41,0
2008-03-17,236.41,236.41,236.41,236.41,0
2008-03-18,236.41,236.41,236.41,236.41,0
2008-03-19,236.41,236.41,236.41,236.41,0
2008-03-21,236.41,236.41,236.41,236.41,0
2008-03-25,236.41,236.41,236.41,236.41,0
2008-03-26,236.41,236.41,236.41,236.41,0
2008-03-27,236.41,236.41,236.41,236.41,0
2008-03-28,253.31,253.31,253.31,253.31,0
2008-03-31,253.31,253.31,253.31,253.31,0
2008-04-01,253.31,253.31,253.31,253.31,0
2008-04-02,253.93,253.93,253.93,253.93,0
2008-04-03,253.93,253.93,253.93,253.93,0
2008-04-04,253.93,253.93,253.93,253.93,0
2008-04-07,257.7,257.7,257.7,257.7,0
2008-04-08,257.7,257.7,257.7,257.7,0
2008-04-09,271.97,271.97,271.97,271.97,0
2008-04-10,271.97,271.97,271.97,271.97,0
2008-04-11,272,272,272,272,0
2008-04-14,272,272,272,272,0
2008-04-15,272,272,272,272,0
2008-04-16,272,272,272,272,0
2008-04-17,272,272,272,272,0
2008-04-18,272,272,272,272,0
2008-04-21,272,272,272,272,0
2008-04-22,272,272,272,272,0
2008-04-23,272.9,272.9,272.9,272.9,0
2008-04-24,272.9,272.9,272.9,272.9,0
2008-04-25,272.07,272.07,272.07,272.07,0
2008-04-28,274.23,274.23,274.23,274.23,0
2008-04-29,274.23,274.23,274.23,274.23,0
2008-04-30,274.23,274.23,274.23,274.23,0
2008-05-02,274.23,274.23,274.23,274.23,0
2008-05-05,274.25,274.25,274.25,274.25,0
2008-05-06,274.23,274.23,274.23,274.23,0
2008-05-07,274.23,274.23,274.23,274.23,0
2008-05-08,274.23,274.23,274.23,274.23,0
2008-05-09,274.23,274.23,274.23,274.23,0
2008-05-13,274.22,274.22,274.22,274.22,0
2008-05-14,274.22,274.22,274.22,274.22,0
2008-05-15,251.43,251.43,251.43,251.43,0
2008-05-16,251.43,251.43,251.43,251.43,0
2008-05-19,251.43,251.43,251.43,251.43,0
2008-05-20,246.42,246.42,246.42,246.42,0
2008-05-21,246.42,246.42,246.42,246.42,0
2008-05-22,240.67,240.67,240.67,240.67,0
2008-05-23,250.69,250.69,250.69,250.69,0
2008-05-26,240.67,240.67,240.67,240.67,0
2008-05-27,240.49,240.49,240.49,240.49,0
2008-05-28,240.49,240.49,240.49,240.49,0
2008-05-29,240.49,240.49,240.49,240.49,0
2008-06-02,240.49,240.49,240.49,240.49,0
2008-06-03,235.5,235.5,235.5,235.5,0
2008-06-04,235.19,235.19,235.19,235.19,0
2008-06-05,235.19,235.19,235.19,235.19,0
2008-06-06,240.2,240.2,240.2,240.2,0
2008-06-09,240.2,240.2,240.2,240.2,0
2008-06-10,240.2,240.2,240.2,240.2,0
2008-06-11,240.2,240.2,240.2,240.2,0
2008-06-12,241.65,241.65,241.65,241.65,0
2008-06-13,242.67,242.67,242.67,242.67,0
2008-06-16,242.66,242.66,242.66,242.66,0
2008-06-17,242.7,242.7,242.7,242.7,0
2008-06-18,242.7,242.7,242.7,242.7,0
2008-06-19,260.15,260.15,260.15,260.15,0
2008-06-20,260.15,260.15,260.15,260.15,0
2008-06-23,278.93,278.93,278.93,278.93,0
2008-06-24,299.11,299.11,299.11,299.11,0
2008-06-25,310.23,310.23,310.23,310.23,0
2008-06-26,332.76,332.76,332.76,332.76,0
2008-06-27,334.77,334.77,334.77,334.77,0
2008-06-30,359.13,359.13,359.13,359.13,0
2008-07-01,335.27,335.27,335.27,335.27,0
2008-07-02,335.64,335.64,335.64,335.64,0
2008-07-03,335.64,335.64,335.64,335.64,0
2008-07-04,335.64,335.64,335.64,335.64,0
2008-07-07,385.72,385.72,385.72,385.72,0
2008-07-08,385.72,385.72,385.72,385.72,0
2008-07-09,335.64,335.64,335.64,335.64,0
2008-07-10,335.64,335.64,335.64,335.64,0
2008-07-11,335.91,335.91,335.91,335.91,0
2008-07-14,335.94,335.94,335.94,335.94,0
2008-07-15,355.94,355.94,355.94,355.94,0
2008-07-16,355.94,355.94,355.94,355.94,0
2008-07-17,355.94,355.94,355.94,355.94,0
2008-07-18,355.94,355.94,355.94,355.94,0
2008-07-21,355.94,355.94,355.94,355.94,0
2008-07-22,355.94,355.94,355.94,355.94,0
2008-07-23,355.94,355.94,355.94,355.94,0
2008-07-24,358.45,358.45,358.45,358.45,0
2008-07-25,358.45,358.45,358.45,358.45,0
2008-07-28,359.95,359.95,359.95,359.95,0
2008-07-29,360.45,360.45,360.45,360.45,0
2008-07-30,358.45,358.45,358.45,358.45,0
2008-07-31,358.45,358.45,358.45,358.45,0
2008-08-01,360.95,360.95,360.95,360.95,0
2008-08-05,361.8,361.8,361.8,361.8,0
2008-08-06,362.89,362.89,362.89,362.89,0
2008-08-08,362.89,362.89,362.89,362.89,0
2008-08-11,362.52,362.52,362.52,362.52,0
2008-08-12,362.53,362.53,362.53,362.53,0
2008-08-13,362.55,362.55,362.55,362.55,0
2008-08-14,362.55,362.55,362.55,362.55,0
2008-08-18,362.55,362.55,362.55,362.55,0
2008-08-19,365.53,365.53,365.53,365.53,0
2008-08-20,366.53,366.53,366.53,366.53,0
2008-08-21,362.53,362.53,362.53,362.53,0
2008-08-22,362.53,362.53,362.53,362.53,0
2008-08-25,362.53,362.53,362.53,362.53,0
2008-08-26,362.53,362.53,362.53,362.53,0
2008-08-28,362.53,362.53,362.53,362.53,0
2008-08-29,362.53,362.53,362.53,362.53,0
2008-09-01,362.7,362.7,362.7,362.7,0
2008-09-02,362.7,362.7,362.7,362.7,0
2008-09-03,352.68,352.68,352.68,352.68,0
2008-09-04,357.51,357.51,357.51,357.51,0
2008-09-05,362.52,362.52,362.52,362.52,0
2008-09-08,362.52,362.52,362.52,362.52,0
2008-09-09,362.52,362.52,362.52,362.52,0
2008-09-10,347.49,347.49,347.49,347.49,0
2008-09-11,347.49,347.49,347.49,347.49,0
2008-09-12,347.49,347.49,347.49,347.49,0
2008-09-15,347.49,347.49,347.49,347.49,0
2008-09-16,347.49,347.49,347.49,347.49,0
2008-09-17,347.52,347.52,347.52,347.52,0
2008-09-18,347.54,347.54,347.54,347.54,0
2008-09-19,356.01,356.01,356.01,356.01,0
2008-09-22,356.03,356.03,356.03,356.03,0
2008-09-23,356.03,356.03,356.03,356.03,0
2008-09-24,356.06,356.06,356.06,356.06,0
2008-09-25,356.06,356.06,356.06,356.06,0
2008-09-26,356.06,356.06,356.06,356.06,0
2008-09-29,356.06,356.06,356.06,356.06,0
2008-10-01,356.06,356.06,356.06,356.06,0
2008-10-02,356.15,356.15,356.15,356.15,0
2008-10-03,356.15,356.15,356.15,356.15,0
2008-10-06,356.15,356.15,356.15,356.15,0
2008-10-07,356.36,356.36,356.36,356.36,0
2008-10-08,356.38,356.38,356.38,356.38,0
2008-10-09,356.38,356.38,356.38,356.38,0
2008-10-10,356.39,356.39,356.39,356.39,0
2008-10-13,356.39,356.39,356.39,356.39,0
2008-10-14,357.62,357.62,357.62,357.62,0
2008-10-15,357.62,357.62,357.62,357.62,0
2008-10-16,357.62,357.62,357.62,357.62,0
2008-10-17,357.62,357.62,357.62,357.62,0
2008-10-20,356.12,356.12,356.12,356.12,0
2008-10-21,351.08,351.08,351.08,351.08,0
2008-10-22,351.08,351.08,351.08,351.08,0
2008-10-23,327.07,327.07,327.07,327.07,0
2008-10-24,327.07,327.07,327.07,327.07,0
2008-10-27,312.55,312.55,312.55,312.55,0
2008-10-28,312.55,312.55,312.55,312.55,0
2008-10-29,272.48,272.48,272.48,272.48,0
2008-10-30,272.48,272.48,272.48,272.48,0
2008-10-31,272.48,272.48,272.48,272.48,0
2008-11-03,272.56,272.56,272.56,272.56,0
2008-11-04,272.56,272.56,272.56,272.56,0
2008-11-05,271.08,271.08,271.08,271.08,0
2008-11-06,271.08,271.08,271.08,271.08,0
2008-11-07,271.08,271.08,271.08,271.08,0
2008-11-10,271.08,271.08,271.08,271.08,0
2008-11-11,271.08,271.08,271.08,271.08,0
2008-11-12,262.54,262.54,262.54,262.54,0
2008-11-13,262.54,262.54,262.54,262.54,0
2008-11-14,257.53,257.53,257.53,257.53,0
2008-11-17,257.53,257.53,257.53,257.53,0
2008-11-18,257.53,257.53,257.53,257.53,0
2008-11-19,257.53,257.53,257.53,257.53,0
2008-11-20,257.53,257.53,257.53,257.53,0
2008-11-21,257.53,257.53,257.53,257.53,0
2008-11-24,257.53,257.53,257.53,257.53,0
2008-11-25,257.78,257.78,257.78,257.78,0
2008-11-26,258.03,258.03,258.03,258.03,0
2008-11-27,258.03,258.03,258.03,258.03,0
2008-11-28,258.03,258.03,258.03,258.03,0
2008-12-01,258.56,258.56,258.56,258.56,0
2008-12-02,258.56,258.56,258.56,258.56,0
2008-12-03,259.04,259.04,259.04,259.04,0
2008-12-05,260.09,260.09,260.09,260.09,0
2008-12-09,262.59,262.59,262.59,262.59,0
2008-12-10,262.59,262.59,262.59,262.59,0
2008-12-11,262.59,262.59,262.59,262.59,0
2008-12-12,262.59,262.59,262.59,262.59,0
2008-12-15,262.59,262.59,262.59,262.59,0
2008-12-16,262.59,262.59,262.59,262.59,0
2008-12-17,297.6,297.6,297.6,297.6,0
2008-12-18,297.6,297.6,297.6,297.6,0
2008-12-19,297.6,297.6,297.6,297.6,0
2008-12-22,297.6,297.6,297.6,297.6,0
2008-12-23,297.6,297.6,297.6,297.6,0
2008-12-24,297.57,297.57,297.57,297.57,0
2008-12-26,297.57,297.57,297.57,297.57,0
2008-12-29,276.19,276.19,276.19,276.19,0
2008-12-30,276.01,276.01,276.01,276.01,0
2008-12-31,295.79,295.79,295.79,295.79,0
2009-01-02,274.54,274.54,274.54,274.54,0
2009-01-05,275.09,275.09,275.09,275.09,0
2009-01-06,275.09,275.09,275.09,275.09,0
2009-01-07,275.09,275.09,275.09,275.09,0
2009-01-08,277.62,277.62,277.62,277.62,0
2009-01-09,295.84,295.84,295.84,295.84,0
2009-01-12,295.84,295.84,295.84,295.84,0
2009-01-13,295.79,295.79,295.79,295.79,0
2009-01-14,295.79,295.79,295.79,295.79,0
2009-01-15,295.79,295.79,295.79,295.79,0
2009-01-16,295.79,295.79,295.79,295.79,0
2009-01-19,295.79,295.79,295.79,295.79,0
2009-01-20,295.79,295.79,295.79,295.79,0
2009-01-21,287.58,287.58,287.58,287.58,0
2009-01-22,287.58,287.58,287.58,287.58,0
2009-01-23,287.58,287.58,287.58,287.58,0
2009-01-26,287.58,287.58,287.58,287.58,0
2009-01-27,287.58,287.58,287.58,287.58,0
2009-01-28,287.58,287.58,287.58,287.58,0
2009-01-29,287.58,287.58,287.58,287.58,0
2009-01-30,287.58,287.58,287.58,287.58,0
2009-02-02,287.58,287.58,287.58,287.58,0
2009-02-03,287.58,287.58,287.58,287.58,0
2009-02-04,287.61,287.61,287.61,287.61,0
2009-02-05,277.57,277.57,277.57,277.57,0
2009-02-06,277.57,277.57,277.57,277.57,0
2009-02-09,277.57,277.57,277.57,277.57,0
2009-02-10,277.57,277.57,277.57,277.57,0
2009-02-11,277.57,277.57,277.57,277.57,0
2009-02-12,277.57,277.57,277.57,277.57,0
2009-02-13,277.57,277.57,277.57,277.57,0
2009-02-16,277.54,277.54,277.54,277.54,0
2009-02-17,277.54,277.54,277.54,277.54,0
2009-02-18,277.54,277.54,277.54,277.54,0
2009-02-19,277.54,277.54,277.54,277.54,0
2009-02-20,275.06,275.06,275.06,275.06,0
2009-02-23,275.06,275.06,275.06,275.06,0
2009-02-24,275.06,275.06,275.06,275.06,0
2009-02-25,275.06,275.06,275.06,275.06,0
2009-02-26,275.06,275.06,275.06,275.06,0
2009-02-27,275.06,275.06,275.06,275.06,0
2009-03-02,275.56,275.56,275.56,275.56,0
2009-03-03,275.56,275.56,275.56,275.56,0
2009-03-04,275.06,275.06,275.06,275.06,0
2009-03-05,275.06,275.06,275.06,275.06,0
2009-03-06,275.06,275.06,275.06,275.06,0
2009-03-10,275.06,275.06,275.06,275.06,0
2009-03-11,275.06,275.06,275.06,275.06,0
2009-03-12,277.57,277.57,277.57,277.57,0
2009-03-16,277.57,277.57,277.57,277.57,0
2009-03-17,277.57,277.57,277.57,277.57,0
2009-03-18,277.57,277.57,277.57,277.57,0
2009-03-19,277.57,277.57,277.57,277.57,0
2009-03-20,277.57,277.57,277.57,277.57,0
2009-03-23,277.57,277.57,277.57,277.57,0
2009-03-24,277.57,277.57,277.57,277.57,0
2009-03-25,277.57,277.57,277.57,277.57,0
2009-03-26,277.57,277.57,277.57,277.57,0
2009-03-27,274.56,274.56,274.56,274.56,0
2009-03-30,274.56,274.56,274.56,274.56,0
2009-03-31,274.56,274.56,274.56,274.56,0
2009-04-01,274.06,274.06,274.06,274.06,0
2009-04-02,274.06,274.06,274.06,274.06,0
2009-04-03,274.06,274.06,274.06,274.06,0
2009-04-06,274.06,274.06,274.06,274.06,0
2009-04-07,272.53,272.53,272.53,272.53,0
2009-04-08,272.53,272.53,272.53,272.53,0
2009-04-09,262.54,262.54,262.54,262.54,0
2009-04-10,262.54,262.54,262.54,262.54,0
2009-04-14,262.54,262.54,262.54,262.54,0
2009-04-15,262.54,262.54,262.54,262.54,0
2009-04-16,262.54,262.54,262.54,262.54,0
2009-04-17,262.54,262.54,262.54,262.54,0
2009-04-20,252.53,252.53,252.53,252.53,0
2009-04-21,252.53,252.53,252.53,252.53,0
2009-04-22,252.53,252.53,252.53,252.53,0
2009-04-23,252.53,252.53,252.53,252.53,0
2009-04-24,252.53,252.53,252.53,252.53,0
2009-04-27,252.53,252.53,252.53,252.53,0
2009-04-28,252.53,252.53,252.53,252.53,0
2009-04-29,252.53,252.53,252.53,252.53,0
2009-04-30,262.54,262.54,262.54,262.54,0
2009-05-04,262.54,262.54,262.54,262.54,0
2009-05-05,262.54,262.54,262.54,262.54,0
2009-05-06,262.54,262.54,262.54,262.54,0
2009-05-07,262.54,262.54,262.54,262.54,0
2009-05-08,262.54,262.54,262.54,262.54,0
2009-05-11,247.52,247.52,247.52,247.52,0
2009-05-12,247.52,247.52,247.52,247.52,0
2009-05-13,247.52,247.52,247.52,247.52,0
2009-05-14,247.52,247.52,247.52,247.52,0
2009-05-15,247.52,247.52,247.52,247.52,0
2009-05-18,247.52,247.52,247.52,247.52,0
2009-05-19,247.52,247.52,247.52,247.52,0
2009-05-20,247.52,247.52,247.52,247.52,0
2009-05-22,247.52,247.52,247.52,247.52,0
2009-05-25,247.52,247.52,247.52,247.52,0
2009-05-26,247.52,247.52,247.52,247.52,0
2009-05-27,247.52,247.52,247.52,247.52,0
2009-05-28,247.52,247.52,247.52,247.52,0
2009-05-29,247.52,247.52,247.52,247.52,0
2009-06-02,229.86,229.86,229.86,229.86,0
2009-06-03,229.86,229.86,229.86,229.86,0
2009-06-04,229.86,229.86,229.86,229.86,0
2009-06-05,229.86,229.86,229.86,229.86,0
2009-06-08,229.86,229.86,229.86,229.86,0
2009-06-09,229.86,229.86,229.86,229.86,0
2009-06-10,227.49,227.49,227.49,227.49,0
2009-06-11,227.49,227.49,227.49,227.49,0
2009-06-12,227.49,227.49,227.49,227.49,0
2009-06-15,227.49,227.49,227.49,227.49,0
2009-06-16,227.49,227.49,227.49,227.49,0
2009-06-17,227.49,227.49,227.49,227.49,0
2009-06-18,227.49,227.49,227.49,227.49,0
2009-06-19,227.54,227.54,227.54,227.54,0
2009-06-23,227.54,227.54,227.54,227.54,0
2009-06-24,227.54,227.54,227.54,227.54,0
2009-06-25,227.74,227.74,227.74,227.74,0
2009-06-26,227.74,227.74,227.74,227.74,0
2009-06-29,227.74,227.74,227.74,227.74,0
2009-06-30,227.74,227.74,227.74,227.74,0
2009-07-01,229.99,229.99,229.99,229.99,0
2009-07-02,230.06,230.06,230.06,230.06,0
2009-07-03,230.06,230.06,230.06,230.06,0
2009-07-06,230.06,230.06,230.06,230.06,0
2009-07-07,230.06,230.06,230.06,230.06,0
2009-07-08,230.09,230.09,230.09,230.09,0
2009-07-09,230.09,230.09,230.09,230.09,0
2009-07-10,232.99,232.99,232.99,232.99,0
2009-07-13,232.99,232.99,232.99,232.99,0
2009-07-14,232.99,232.99,232.99,232.99,0
2009-07-15,232.99,232.99,232.99,232.99,0
2009-07-16,232.99,232.99,232.99,232.99,0
2009-07-17,239,239,239,239,0
2009-07-20,239,239,239,239,0
2009-07-22,252.53,252.53,252.53,252.53,0
2009-07-23,252.52,252.52,252.52,252.52,0
2009-07-24,252.52,252.52,252.52,252.52,0
2009-07-27,252.52,252.52,252.52,252.52,0
2009-07-28,262.53,262.53,262.53,262.53,0
2009-07-30,262.53,262.53,262.53,262.53,0
2009-07-31,262.53,262.53,262.53,262.53,0
2009-08-03,262.61,262.61,262.61,262.61,0
2009-08-04,262.61,262.61,262.61,262.61,0
2009-08-05,262.61,262.61,262.61,262.61,0
2009-08-06,262.61,262.61,262.61,262.61,0
2009-08-10,262.61,262.61,262.61,262.61,0
2009-08-11,252.59,252.59,252.59,252.59,0
2009-08-12,252.59,252.59,252.59,252.59,0
2009-08-13,247.51,247.51,247.51,247.51,0
2009-08-14,247.51,247.51,247.51,247.51,0
2009-08-17,247.51,247.51,247.51,247.51,0
2009-08-18,247.51,247.51,247.51,247.51,0
2009-08-19,247.51,247.51,247.51,247.51,0
2009-08-20,247.51,247.51,247.51,247.51,0
2009-08-21,247.51,247.51,247.51,247.51,0
2009-08-24,247.51,247.51,247.51,247.51,0
2009-08-25,247.51,247.51,247.51,247.51,0
2009-08-26,247.51,247.51,247.51,247.51,0
2009-08-27,250.04,250.04,250.04,250.04,0
2009-08-28,250.04,250.04,250.04,250.04,0
2009-08-31,250.04,250.04,250.04,250.04,0
2009-09-01,249.86,249.86,249.86,249.86,0
2009-09-02,249.86,249.86,249.86,249.86,0
2009-09-03,249.86,249.86,249.86,249.86,0
2009-09-07,250.34,250.34,250.34,250.34,0
2009-09-08,250.34,250.34,250.34,250.34,0
2009-09-09,250.34,250.34,250.34,250.34,0
2009-09-10,250.39,250.39,250.39,250.39,0
2009-09-11,250.39,250.39,250.39,250.39,0
2009-09-14,247.33,247.33,247.33,247.33,0
2009-09-15,247.33,247.33,247.33,247.33,0
2009-09-16,246.83,246.83,246.83,246.83,0
2009-09-18,246.83,246.83,246.83,246.83,0
2009-09-21,246.83,246.83,246.83,246.83,0
2009-09-22,246.83,246.83,246.83,246.83,0
2009-09-23,246.83,246.83,246.83,246.83,0
2009-09-24,246.83,246.83,246.83,246.83,0
2009-09-25,246.83,246.83,246.83,246.83,0
2009-09-28,246.83,246.83,246.83,246.83,0
2009-09-29,246.83,246.83,246.83,246.83,0
2009-09-30,246.83,246.83,246.83,246.83,0
2009-10-01,246.83,246.83,246.83,246.83,0
2009-10-02,246.83,246.83,246.83,246.83,0
2009-10-05,246.83,246.83,246.83,246.83,0
2009-10-06,246.83,246.83,246.83,246.83,0
2009-10-07,246.83,246.83,246.83,246.83,0
2009-10-08,247.33,247.33,247.33,247.33,0
2009-10-12,246.83,246.83,246.83,246.83,0
2009-10-13,246.83,246.83,246.83,246.83,0
2009-10-14,246.83,246.83,246.83,246.83,0
2009-10-15,246.83,246.83,246.83,246.83,0
2009-10-16,246.83,246.83,246.83,246.83,0
2009-10-19,246.83,246.83,246.83,246.83,0
2009-10-20,246.83,246.83,246.83,246.83,0
2009-10-21,246.83,246.83,246.83,246.83,0
2009-10-22,246.83,246.83,246.83,246.83,0
2009-10-23,246.83,246.83,246.83,246.83,0
2009-10-26,246.83,246.83,246.83,246.83,0
2009-10-27,246.83,246.83,246.83,246.83,0
2009-10-29,246.83,246.83,246.83,246.83,0
2009-10-30,246.83,246.83,246.83,246.83,0
2009-11-02,246.83,246.83,246.83,246.83,0
2009-11-03,246.83,246.83,246.83,246.83,0
2009-11-04,246.83,246.83,246.83,246.83,0
2009-11-05,244.83,244.83,244.83,244.83,0
2009-11-06,244.83,244.83,244.83,244.83,0
2009-11-09,244.83,244.83,244.83,244.83,0
2009-11-10,242.33,242.33,242.33,242.33,0
2009-11-11,241.82,241.82,241.82,241.82,0
2009-11-12,241.82,241.82,241.82,241.82,0
2009-11-13,242.33,242.33,242.33,242.33,0
2009-11-16,242.33,242.33,242.33,242.33,0
2009-11-17,242.33,242.33,242.33,242.33,0
2009-11-18,242.33,242.33,242.33,242.33,0
2009-11-19,242.33,242.33,242.33,242.33,0
2009-11-23,242.33,242.33,242.33,242.33,0
2009-11-24,242.33,242.33,242.33,242.33,0
2009-11-25,242.33,242.33,242.33,242.33,0
2009-11-26,242.33,242.33,242.33,242.33,0
2009-11-30,242.33,242.33,242.33,242.33,0
2009-12-01,242.33,242.33,242.33,242.33,0
2009-12-02,242.33,242.33,242.33,242.33,0
2009-12-03,242.33,242.33,242.33,242.33,0
2009-12-04,246.83,246.83,246.83,246.83,0
2009-12-07,246.83,246.83,246.83,246.83,0
2009-12-08,246.83,246.83,246.83,246.83,0
2009-12-09,246.83,246.83,246.83,246.83,0
2009-12-10,246.83,246.83,246.83,246.83,0
2009-12-11,246.83,246.83,246.83,246.83,0
2009-12-14,246.83,246.83,246.83,246.83,0
2009-12-15,246.83,246.83,246.83,246.83,0
2009-12-16,246.83,246.83,246.83,246.83,0
2009-12-17,246.83,246.83,246.83,246.83,0
2009-12-18,246.82,246.82,246.82,246.82,0
2009-12-21,246.82,246.82,246.82,246.82,0
2009-12-22,236.78,236.78,236.78,236.78,0
2009-12-23,236.78,236.78,236.78,236.78,0
2009-12-24,236.31,236.31,236.31,236.31,0
2009-12-28,236.31,236.31,236.31,236.31,0
2009-12-29,236.31,236.31,236.31,236.31,0
2009-12-30,236.31,236.31,236.31,236.31,0
2009-12-31,236.31,236.31,236.31,236.31,0
2010-01-04,236.31,236.31,236.31,236.31,0
2010-01-05,234.83,234.83,234.83,234.83,0
2010-01-06,235.32,235.32,235.32,235.32,0
2010-01-07,235.32,235.32,235.32,235.32,0
2010-01-08,235.8,235.8,235.8,235.8,0
2010-01-11,235.8,235.8,235.8,235.8,0
2010-01-12,223.69,223.69,223.69,223.69,0
2010-01-13,223.69,223.69,223.69,223.69,0
2010-01-14,223.69,223.69,223.69,223.69,0
2010-01-15,223.69,223.69,223.69,223.69,0
2010-01-18,223.69,223.69,223.69,223.69,0
2010-01-19,223.69,223.69,223.69,223.69,0
2010-01-20,223.69,223.69,223.69,223.69,0
2010-01-21,223.69,223.69,223.69,223.69,0
2010-01-22,223.69,223.69,223.69,223.69,0
2010-01-25,223.69,223.69,223.69,223.69,0
2010-01-26,223.69,223.69,223.69,223.69,0
2010-01-27,223.69,223.69,223.69,223.69,0
2010-01-28,223.69,223.69,223.69,223.69,0
2010-01-29,223.77,223.77,223.77,223.77,0
2010-02-01,223.77,223.77,223.77,223.77,0
2010-02-02,223.77,223.77,223.77,223.77,0
2010-02-03,223.79,223.79,223.79,223.79,0
2010-02-04,223.79,223.79,223.79,223.79,0
2010-02-05,223.79,223.79,223.79,223.79,0
2010-02-08,223.79,223.79,223.79,223.79,0
2010-02-09,223.79,223.79,223.79,223.79,0
2010-02-10,223.79,223.79,223.79,223.79,0
2010-02-11,223.79,223.79,223.79,223.79,0
2010-02-12,223.79,223.79,223.79,223.79,0
2010-02-15,223.79,223.79,223.79,223.79,0
2010-02-16,223.79,223.79,223.79,223.79,0
2010-02-17,223.79,223.79,223.79,223.79,0
2010-02-18,223.79,223.79,223.79,223.79,0
2010-02-22,245.01,245.01,245.01,245.01,0
2010-02-23,245.01,245.01,245.01,245.01,0
2010-02-24,244.2,244.2,244.2,244.2,0
2010-02-25,244.2,244.2,244.2,244.2,0
2010-03-01,244.2,244.2,244.2,244.2,0
2010-03-02,244.2,244.2,244.2,244.2,0
2010-03-03,244.2,244.2,244.2,244.2,0
2010-03-04,244.2,244.2,244.2,244.2,0
2010-03-05,244.2,244.2,244.2,244.2,0
2010-03-08,244.2,244.2,244.2,244.2,0
2010-03-09,244.2,244.2,244.2,244.2,0
2010-03-10,244.2,244.2,244.2,244.2,0
2010-03-11,244.23,244.23,244.23,244.23,0
2010-03-12,244.23,244.23,244.23,244.23,0
2010-03-15,244.23,244.23,244.23,244.23,0
2010-03-16,244.25,244.25,244.25,244.25,0
2010-03-17,244.25,244.25,244.25,244.25,0
2010-03-18,244.25,244.25,244.25,244.25,0
2010-03-19,244.23,244.23,244.23,244.23,0
2010-03-22,236.89,236.89,236.89,236.89,0
2010-03-23,236.89,236.89,236.89,236.89,0
2010-03-24,237.59,237.59,237.59,237.59,0
2010-03-25,237.59,237.59,237.59,237.59,0
2010-03-26,237.59,237.59,237.59,237.59,0
2010-03-29,237.47,237.47,237.47,237.47,0
2010-03-30,237.47,237.47,237.47,237.47,0
2010-03-31,237.47,237.47,237.47,237.47,0
2010-04-01,237.47,237.47,237.47,237.47,0
2010-04-06,239.36,239.36,239.36,239.36,0
2010-04-07,239.36,239.36,239.36,239.36,0
2010-04-08,239.36,239.36,239.36,239.36,0
2010-04-09,239.36,239.36,239.36,239.36,0
2010-04-12,239.36,239.36,239.36,239.36,0
2010-04-13,249,249,249,249,0
2010-04-14,249,249,249,249,0
2010-04-15,240.28,240.28,240.28,240.28,0
2010-04-16,240.28,240.28,240.28,240.28,0
2010-04-19,240.28,240.28,240.28,240.28,0
2010-04-20,244.15,244.15,244.15,244.15,0
2010-04-21,244.15,244.15,244.15,244.15,0
2010-04-23,244.15,244.15,244.15,244.15,0
2010-04-26,244.15,244.15,244.15,244.15,0
2010-04-27,244.15,244.15,244.15,244.15,0
2010-04-29,244.15,244.15,244.15,244.15,0
2010-04-30,244.15,244.15,244.15,244.15,0
2010-05-03,244.15,244.15,244.15,244.15,0
2010-05-04,244.15,244.15,244.15,244.15,0
2010-05-05,244.15,244.15,244.15,244.15,0
2010-05-06,244.15,244.15,244.15,244.15,0
2010-05-07,244.15,244.15,244.15,244.15,0
2010-05-10,244.15,244.15,244.15,244.15,0
2010-05-11,244.15,244.15,244.15,244.15,0
2010-05-12,244.15,244.15,244.15,244.15,0
2010-05-14,244.15,244.15,244.15,244.15,0
2010-05-17,244.15,244.15,244.15,244.15,0
2010-05-18,244.15,244.15,244.15,244.15,0
2010-05-19,244.15,244.15,244.15,244.15,0
2010-05-20,258.68,258.68,258.68,258.68,0
2010-05-21,244.39,244.39,244.39,244.39,0
2010-05-25,244.39,244.39,244.39,244.39,0
2010-05-26,244.39,244.39,244.39,244.39,0
2010-05-27,244.39,244.39,244.39,244.39,0
2010-05-28,253.84,253.84,253.84,253.84,0
2010-05-31,253.84,253.84,253.84,253.84,0
2010-06-01,253.84,253.84,253.84,253.84,0
2010-06-02,253.84,253.84,253.84,253.84,0
2010-06-03,253.84,253.84,253.84,253.84,0
2010-06-04,253.84,253.84,253.84,253.84,0
2010-06-07,253.84,253.84,253.84,253.84,0
2010-06-08,253.84,253.84,253.84,253.84,0
2010-06-09,253.84,253.84,253.84,253.84,0
2010-06-10,253.84,253.84,253.84,253.84,0
2010-06-11,253.84,253.84,253.84,253.84,0
2010-06-14,253.84,253.84,253.84,253.84,0
2010-06-15,253.84,253.84,253.84,253.84,0
2010-06-16,232.04,232.04,232.04,232.04,0
2010-06-17,248.2,248.2,248.2,248.2,0
2010-06-18,248.2,248.2,248.2,248.2,0
2010-06-21,256.26,256.26,256.26,256.26,0
2010-06-22,256.26,256.26,256.26,256.26,0
2010-06-23,256.26,256.26,256.26,256.26,0
2010-06-24,256.26,256.26,256.26,256.26,0
2010-06-25,256.26,256.26,256.26,256.26,0
2010-06-28,256.26,256.26,256.26,256.26,0
2010-06-29,256.26,256.26,256.26,256.26,0
2010-06-30,256.26,256.26,256.26,256.26,0
2010-07-01,256.26,256.26,256.26,256.26,0
2010-07-02,249,249,249,249,0
2010-07-05,254.01,254.01,254.01,254.01,0
2010-07-06,253.84,253.84,253.84,253.84,0
2010-07-07,253.84,253.84,253.84,253.84,0
2010-07-08,252.2,252.2,252.2,252.2,0
2010-07-09,252.2,252.2,252.2,252.2,0
2010-07-12,252.2,252.2,252.2,252.2,0
2010-07-13,252.2,252.2,252.2,252.2,0
2010-07-14,252.2,252.2,252.2,252.2,0
2010-07-15,252.2,252.2,252.2,252.2,0
2010-07-16,252.2,252.2,252.2,252.2,0
2010-07-19,252.2,252.2,252.2,252.2,0
2010-07-20,252.2,252.2,252.2,252.2,0
2010-07-21,247.36,247.36,247.36,247.36,0
2010-07-22,247.36,247.36,247.36,247.36,0
2010-07-23,247.36,247.36,247.36,247.36,0
2010-07-26,247.36,247.36,247.36,247.36,0
2010-07-27,244.99,244.99,244.99,244.99,0
2010-07-28,257.05,257.05,257.05,257.05,0
2010-07-29,257.03,257.03,257.03,257.03,0
2010-07-30,252.2,252.2,252.2,252.2,0
2010-08-02,252.2,252.2,252.2,252.2,0
2010-08-03,252.2,252.2,252.2,252.2,0
2010-08-04,252.2,252.2,252.2,252.2,0
2010-08-05,252.2,252.2,252.2,252.2,0
2010-08-06,252.2,252.2,252.2,252.2,0
2010-08-09,252.2,252.2,252.2,252.2,0
2010-08-10,252.2,252.2,252.2,252.2,0
2010-08-11,252.2,252.2,252.2,252.2,0
2010-08-12,252.2,252.2,252.2,252.2,0
2010-08-13,252.2,252.2,252.2,252.2,0
2010-08-16,252.2,252.2,252.2,252.2,0
2010-08-17,252.2,252.2,252.2,252.2,0
2010-08-18,252.2,252.2,252.2,252.2,0
2010-08-19,257.05,257.05,257.05,257.05,0
2010-08-20,257.05,257.05,257.05,257.05,0
2010-08-23,257.05,257.05,257.05,257.05,0
2010-08-24,252.2,252.2,252.2,252.2,0
2010-08-25,252.2,252.2,252.2,252.2,0
2010-08-26,252.2,252.2,252.2,252.2,0
2010-08-27,252.2,252.2,252.2,252.2,0
2010-08-30,252.2,252.2,252.2,252.2,0
2010-08-31,252.2,252.2,252.2,252.2,0
2010-09-01,252.2,252.2,252.2,252.2,0
2010-09-02,252.2,252.2,252.2,252.2,0
2010-09-03,256.98,256.98,256.98,256.98,0
2010-09-07,256.98,256.98,256.98,256.98,0
2010-09-08,256.98,256.98,256.98,256.98,0
2010-09-09,255.64,255.64,255.64,255.64,0
2010-09-13,255.64,255.64,255.64,255.64,0
2010-09-14,255.64,255.64,255.64,255.64,0
2010-09-15,250.87,250.87,250.87,250.87,0
2010-09-16,250.87,250.87,250.87,250.87,0
2010-09-17,250.87,250.87,250.87,250.87,0
2010-09-20,250.87,250.87,250.87,250.87,0
2010-09-21,250.87,250.87,250.87,250.87,0
2010-09-22,250.87,250.87,250.87,250.87,0
2010-09-23,250.87,250.87,250.87,250.87,0
2010-09-24,250.87,250.87,250.87,250.87,0
2010-09-27,250.87,250.87,250.87,250.87,0
2010-09-28,250.87,250.87,250.87,250.87,0
2010-09-29,250.87,250.87,250.87,250.87,0
2010-09-30,250.87,250.87,250.87,250.87,0
2010-10-01,250.87,250.87,250.87,250.87,0
2010-10-04,250.87,250.87,250.87,250.87,0
2010-10-05,250.87,250.87,250.87,250.87,0
2010-10-06,250.87,250.87,250.87,250.87,0
2010-10-07,250.87,250.87,250.87,250.87,0
2010-10-08,250.87,250.87,250.87,250.87,0
2010-10-11,250.87,250.87,250.87,250.87,0
2010-10-12,249.6,249.6,249.6,249.6,0
2010-10-13,249.6,249.6,249.6,249.6,0
2010-10-14,249.6,249.6,249.6,249.6,0
2010-10-15,249.6,249.6,249.6,249.6,0
2010-10-18,249.6,249.6,249.6,249.6,0
2010-10-19,250.56,250.56,250.56,250.56,0
2010-10-20,249.6,249.6,249.6,249.6,0
2010-10-21,248.54,248.54,248.54,248.54,0
2010-10-22,248.54,248.54,248.54,248.54,0
2010-10-25,248.54,248.54,248.54,248.54,0
2010-10-26,248.54,248.54,248.54,248.54,0
2010-10-27,231,231,231,231,0
2010-10-28,231,231,231,231,0
2010-10-29,231,231,231,231,0
2010-11-02,231,231,231,231,0
2010-11-03,234.22,234.22,234.22,234.22,0
2010-11-04,234.22,234.22,234.22,234.22,0
2010-11-05,234.22,234.22,234.22,234.22,0
2010-11-08,234.22,234.22,234.22,234.22,0
2010-11-09,234.22,234.22,234.22,234.22,0
2010-11-10,234.22,234.22,234.22,234.22,0
2010-11-11,236.61,236.61,236.61,236.61,0
2010-11-12,236.61,236.61,236.61,236.61,0
2010-11-17,236.61,236.61,236.61,236.61,0
2010-11-18,236.61,236.61,236.61,236.61,0
2010-11-19,236.61,236.61,236.61,236.61,0
2010-11-22,238.99,238.99,238.99,238.99,0
2010-11-23,238.99,238.99,238.99,238.99,0
2010-11-24,238.99,238.99,238.99,238.99,0
2010-11-25,239.02,239.02,239.02,239.02,0
2010-11-26,238.99,238.99,238.99,238.99,0
2010-11-29,238.99,238.99,238.99,238.99,0
2010-11-30,238.99,238.99,238.99,238.99,0
2010-12-01,238.99,238.99,238.99,238.99,0
2010-12-02,238.99,238.99,238.99,238.99,0
2010-12-03,238.99,238.99,238.99,238.99,0
2010-12-06,238.99,238.99,238.99,238.99,0
2010-12-07,238.99,238.99,238.99,238.99,0
2010-12-08,238.99,238.99,238.99,238.99,0
2010-12-09,238.99,238.99,238.99,238.99,0
2010-12-10,239.47,239.47,239.47,239.47,0
2010-12-13,239.47,239.47,239.47,239.47,0
2010-12-14,237.64,237.64,237.64,237.64,0
2010-12-15,237.19,237.19,237.19,237.19,0
2010-12-16,237.19,237.19,237.19,237.19,0
2010-12-17,237.19,237.19,237.19,237.19,0
2010-12-20,237.66,237.66,237.66,237.66,0
2010-12-21,237.66,237.66,237.66,237.66,0
2010-12-22,237.66,237.66,237.66,237.66,0
2010-12-23,237.66,237.66,237.66,237.66,0
2010-12-24,237.66,237.66,237.66,237.66,0
2010-12-27,238.12,238.12,238.12,238.12,0
2010-12-28,238.12,238.12,238.12,238.12,0
2010-12-29,238.12,238.12,238.12,238.12,0
2010-12-30,238.12,238.12,238.12,238.12,0
2010-12-31,238.14,238.14,238.14,238.14,0
2011-01-03,238.14,238.14,238.14,238.14,0
2011-01-04,238.14,238.14,238.14,238.14,0
2011-01-05,241.96,241.96,241.96,241.96,0
2011-01-06,241.01,241.01,241.01,241.01,0
2011-01-07,240.98,240.98,240.98,240.98,0
2011-01-10,238.6,238.6,238.6,238.6,0
2011-01-11,238.6,238.6,238.6,238.6,0
2011-01-12,238.6,238.6,238.6,238.6,0
2011-01-13,238.6,238.6,238.6,238.6,0
2011-01-14,238.6,238.6,238.6,238.6,0
2011-01-17,240.98,240.98,240.98,240.98,0
2011-01-18,240.98,240.98,240.98,240.98,0
2011-01-19,240.98,240.98,240.98,240.98,0
2011-01-20,240.98,240.98,240.98,240.98,0
2011-01-21,240.98,240.98,240.98,240.98,0
2011-01-24,240.98,240.98,240.98,240.98,0
2011-01-25,240.98,240.98,240.98,240.98,0
2011-01-26,240.93,240.93,240.93,240.93,0
2011-01-27,240.91,240.91,240.91,240.91,0
2011-01-28,240.91,240.91,240.91,240.91,0
2011-01-31,240.91,240.91,240.91,240.91,0
2011-02-01,240.91,240.91,240.91,240.91,0
2011-02-02,240.91,240.91,240.91,240.91,0
2011-02-07,240.91,240.91,240.91,240.91,0
2011-02-08,240.91,240.91,240.91,240.91,0
2011-02-10,240.43,240.43,240.43,240.43,0
2011-02-11,240.43,240.43,240.43,240.43,0
2011-03-01,240.44,240.44,240.44,240.44,0
2011-03-02,240.44,240.44,240.44,240.44,0
2011-03-03,240.44,240.44,240.44,240.44,0
2011-03-07,240.44,240.44,240.44,240.44,0
2011-03-08,240.44,240.44,240.44,240.44,0
2011-03-09,240.44,240.44,240.44,240.44,0
2011-03-10,240.44,240.44,240.44,240.44,0
2011-03-11,240.44,240.44,240.44,240.44,0
2011-03-14,240.44,240.44,240.44,240.44,0
2011-03-15,240.44,240.44,240.44,240.44,0
2011-03-16,240.44,240.44,240.44,240.44,0
2011-03-17,240.44,240.44,240.44,240.44,0
2011-03-18,240.44,240.44,240.44,240.44,0
2011-03-21,240.44,240.44,240.44,240.44,0
2011-03-22,240.44,240.44,240.44,240.44,0
2011-03-23,240.44,240.44,240.44,240.44,0
2011-03-24,240.44,240.44,240.44,240.44,0
2011-03-25,240.44,240.44,240.44,240.44,0
2011-03-28,240.44,240.44,240.44,240.44,0
2011-03-29,240.44,240.44,240.44,240.44,0
2011-03-30,240.44,240.44,240.44,240.44,0
2011-03-31,240.44,240.44,240.44,240.44,0
2011-04-01,240.44,240.44,240.44,240.44,0
2011-04-04,240.44,240.44,240.44,240.44,0
2011-04-05,240.44,240.44,240.44,240.44,0
2011-04-06,240.44,240.44,240.44,240.44,0
2011-04-07,240.44,240.44,240.44,240.44,0
2011-04-08,240.44,240.44,240.44,240.44,0
2011-04-11,240.44,240.44,240.44,240.44,0
2011-04-12,240.44,240.44,240.44,240.44,0
2011-04-13,240.44,240.44,240.44,240.44,0
2011-04-14,240.44,240.44,240.44,240.44,0
2011-04-15,240.44,240.44,240.44,240.44,0
2011-04-18,240.44,240.44,240.44,240.44,0
2011-04-19,240.44,240.44,240.44,240.44,0
2011-04-20,240.44,240.44,240.44,240.44,0
2011-04-21,240.44,240.44,240.44,240.44,0
2011-04-22,240.44,240.44,240.44,240.44,0
2011-04-26,240.44,240.44,240.44,240.44,0
2011-04-27,240.44,240.44,240.44,240.44,0
2011-04-28,240.44,240.44,240.44,240.44,0
2011-04-29,240.44,240.44,240.44,240.44,0
2011-05-03,240.44,240.44,240.44,240.44,0
2011-05-04,240.44,240.44,240.44,240.44,0
2011-05-05,240.44,240.44,240.44,240.44,0
2011-05-06,240.44,240.44,240.44,240.44,0
2011-05-09,240.44,240.44,240.44,240.44,0
2011-05-10,235.19,235.19,235.19,235.19,0
2011-05-11,240.92,240.92,240.92,240.92,0
2011-05-12,240.92,240.92,240.92,240.92,0
2011-05-13,224.21,224.21,224.21,224.21,0
2011-05-16,224.21,224.21,224.21,224.21,0
2011-05-17,224.21,224.21,224.21,224.21,0
2011-05-18,208.29,208.29,208.29,208.29,0
2011-05-19,208.29,208.29,208.29,208.29,0
2011-05-20,208.29,208.29,208.29,208.29,0
2011-05-23,207.98,207.98,207.98,207.98,0
2011-05-24,207.98,207.98,207.98,207.98,0
2011-05-25,207.98,207.98,207.98,207.98,0
2011-05-26,207.98,207.98,207.98,207.98,0
2011-05-27,207.98,207.98,207.98,207.98,0
2011-05-30,207.98,207.98,207.98,207.98,0
2011-05-31,207.98,207.98,207.98,207.98,0
2011-06-01,207.98,207.98,207.98,207.98,0
2011-06-03,205,205,205,205,0
2011-06-06,204.99,204.99,204.99,204.99,0
2011-06-07,204.99,204.99,204.99,204.99,0
2011-06-08,204.99,204.99,204.99,204.99,0
2011-06-09,204.11,204.11,204.11,204.11,0
2011-06-10,204.11,204.11,204.11,204.11,0
2011-06-14,204.11,204.11,204.11,204.11,0
2011-06-15,204.11,204.11,204.11,204.11,0
2011-06-16,215.23,215.23,215.23,215.23,0
2011-06-17,230.19,230.19,230.19,230.19,0
2011-06-20,230.19,230.19,230.19,230.19,0
2011-06-21,230.19,230.19,230.19,230.19,0
2011-06-22,230.19,230.19,230.19,230.19,0
2011-06-23,230.19,230.19,230.19,230.19,0
2011-06-24,230.19,230.19,230.19,230.19,0
2011-06-27,230.19,230.19,230.19,230.19,0
2011-06-28,230.19,230.19,230.19,230.19,0
2011-06-29,230.19,230.19,230.19,230.19,0
2011-06-30,230.19,230.19,230.19,230.19,0
2011-07-01,230.19,230.19,230.19,230.19,0
2011-07-04,230.19,230.19,230.19,230.19,0
2011-07-05,230.19,230.19,230.19,230.19,0
2011-07-06,228.26,228.26,228.26,228.26,0
2011-07-07,228.26,228.26,228.26,228.26,0
2011-07-08,230.19,230.19,230.19,230.19,0
2011-07-11,230.19,230.19,230.19,230.19,0
2011-07-12,234.96,234.96,234.96,234.96,0
2011-07-13,234.49,234.49,234.49,234.49,0
2011-07-14,234.49,234.49,234.49,234.49,0
2011-07-15,234.49,234.49,234.49,234.49,0
2011-07-18,234.49,234.49,234.49,234.49,0
2011-07-19,234.49,234.49,234.49,234.49,0
2011-07-20,234.49,234.49,234.49,234.49,0
2011-07-21,234.49,234.49,234.49,234.49,0
2011-07-22,234.49,234.49,234.49,234.49,0
2011-07-25,230.19,230.19,230.19,230.19,0
2011-07-26,230.19,230.19,230.19,230.19,0
2011-07-27,230.19,230.19,230.19,230.19,0
2011-07-28,230.19,230.19,230.19,230.19,0
2011-07-29,230.19,230.19,230.19,230.19,0
2011-08-01,230.19,230.19,230.19,230.19,0
2011-08-02,229.49,229.49,229.49,229.49,0
2011-08-03,229.49,229.49,229.49,229.49,0
2011-08-04,229.49,229.49,229.49,229.49,0
2011-08-05,229.52,229.52,229.52,229.52,0
2011-08-09,229.52,229.52,229.52,229.52,0
2011-08-10,229.49,229.49,229.49,229.49,0
2011-08-11,229.49,229.49,229.49,229.49,0
2011-08-12,229.49,229.49,229.49,229.49,0
2011-08-16,229.49,229.49,229.49,229.49,0
2011-08-17,229.09,229.09,229.09,229.09,0
2011-08-18,229.09,229.09,229.09,229.09,0
2011-08-19,216.61,216.61,216.61,216.61,0
2011-08-22,216.61,216.61,216.61,216.61,0
2011-08-23,216.61,216.61,216.61,216.61,0
2011-08-24,216.61,216.61,216.61,216.61,0
2011-08-25,216.61,216.61,216.61,216.61,0
2011-08-26,216.61,216.61,216.61,216.61,0
2011-08-29,216.61,216.61,216.61,216.61,0
2011-08-31,216.61,216.61,216.61,216.61,0
2011-09-01,216.61,216.61,216.61,216.61,0
2011-09-02,216.61,216.61,216.61,216.61,0
2011-09-05,216.61,216.61,216.61,216.61,0
2011-09-06,216.61,216.61,216.61,216.61,0
2011-09-07,216.61,216.61,216.61,216.61,0
2011-09-08,216.61,216.61,216.61,216.61,0
2011-09-09,216.61,216.61,216.61,216.61,0
2011-09-12,216.61,216.61,216.61,216.61,0
2011-09-13,216.61,216.61,216.61,216.61,0
2011-09-14,216.61,216.61,216.61,216.61,0
2011-09-15,216.61,216.61,216.61,216.61,0
2011-09-16,216.61,216.61,216.61,216.61,0
2011-09-19,216.61,216.61,216.61,216.61,0
2011-09-20,216.61,216.61,216.61,216.61,0
2011-09-21,216.98,216.98,216.98,216.98,0
2011-09-22,216.98,216.98,216.98,216.98,0
2011-09-23,216.98,216.98,216.98,216.98,0
2011-09-26,216.98,216.98,216.98,216.98,0
2011-09-27,216.98,216.98,216.98,216.98,0
2011-09-28,216.98,216.98,216.98,216.98,0
2011-09-29,216.98,216.98,216.98,216.98,0
2011-09-30,232.49,232.49,232.49,232.49,0
2011-10-03,232.49,232.49,232.49,232.49,0
2011-10-04,232.49,232.49,232.49,232.49,0
2011-10-05,232.49,232.49,232.49,232.49,0
2011-10-06,249.17,249.17,249.17,249.17,0
2011-10-07,249.17,249.17,249.17,249.17,0
2011-10-10,248.55,248.55,248.55,248.55,0
2011-10-11,248.55,248.55,248.55,248.55,0
2011-10-12,230.65,230.65,230.65,230.65,0
2011-10-13,230.65,230.65,230.65,230.65,0
2011-10-14,230.65,230.65,230.65,230.65,0
2011-10-17,224.68,224.68,224.68,224.68,0
2011-10-18,224.68,224.68,224.68,224.68,0
2011-10-19,224.68,224.68,224.68,224.68,0
2011-10-20,224.68,224.68,224.68,224.68,0
2011-10-21,224.68,224.68,224.68,224.68,0
2011-10-24,224.68,224.68,224.68,224.68,0
2011-10-25,224.68,224.68,224.68,224.68,0
2011-10-26,224.68,224.68,224.68,224.68,0
2011-10-27,240.79,240.79,240.79,240.79,0
2011-10-28,240.44,240.44,240.44,240.44,0
2011-10-31,240.44,240.44,240.44,240.44,0
2011-11-02,240.44,240.44,240.44,240.44,0
2011-11-03,240.44,240.44,240.44,240.44,0
2011-11-04,240.44,240.44,240.44,240.44,0
2011-11-08,240.44,240.44,240.44,240.44,0
2011-11-09,240.44,240.44,240.44,240.44,0
2011-11-10,240.44,240.44,240.44,240.44,0
2011-11-11,240.44,240.44,240.44,240.44,0
2011-11-14,240.44,240.44,240.44,240.44,0
2011-11-16,240.44,240.44,240.44,240.44,0
2011-11-17,240.44,240.44,240.44,240.44,0
2011-11-18,240.44,240.44,240.44,240.44,0
2011-11-21,240.44,240.44,240.44,240.44,0
2011-11-22,240.44,240.44,240.44,240.44,0
2011-11-23,240.44,240.44,240.44,240.44,0
2011-11-24,240.44,240.44,240.44,240.44,0
2011-11-25,240.44,240.44,240.44,240.44,0
2011-11-28,240.44,240.44,240.44,240.44,0
2011-11-29,239,239,239,239,0
2011-11-30,239,239,239,239,0
2011-12-01,239,239,239,239,0
2011-12-02,239,239,239,239,0
2011-12-05,239,239,239,239,0
2011-12-06,239,239,239,239,0
2011-12-07,239,239,239,239,0
2011-12-08,239,239,239,239,0
2011-12-09,239,239,239,239,0
2011-12-12,239,239,239,239,0
2011-12-13,239,239,239,239,0
2011-12-14,239,239,239,239,0
2011-12-15,239,239,239,239,0
2011-12-16,239,239,239,239,0
2011-12-19,239,239,239,239,0
2011-12-20,239,239,239,239,0
2011-12-21,239,239,239,239,0
2011-12-22,239,239,239,239,0
2011-12-23,239,239,239,239,0
2011-12-27,239,239,239,239,0
2011-12-28,239,239,239,239,0
2011-12-29,239,239,239,239,0
2011-12-30,239,239,239,239,0
2012-01-03,239,239,239,239,0
2012-01-04,239,239,239,239,0
2012-01-05,236.62,236.62,236.62,236.62,0
2012-01-06,236.62,236.62,236.62,236.62,0
2012-01-09,236.62,236.62,236.62,236.62,0
2012-01-10,236.62,236.62,236.62,236.62,0
2012-01-11,224.21,224.21,224.21,224.21,0
2012-01-12,224.21,224.21,224.21,224.21,0
2012-01-13,210.37,210.37,210.37,210.37,0
2012-01-16,210.37,210.37,210.37,210.37,0
2012-01-17,210.37,210.37,210.37,210.37,0
2012-01-18,210.37,210.37,210.37,210.37,0
2012-01-19,210.37,210.37,210.37,210.37,0
2012-01-20,210.37,210.37,210.37,210.37,0
2012-01-23,200.84,200.84,200.84,200.84,0
2012-01-24,200.84,200.84,200.84,200.84,0
2012-01-25,202.25,202.25,202.25,202.25,0
2012-01-26,202.25,202.25,202.25,202.25,0
2012-01-27,201.3,201.3,201.3,201.3,0
2012-01-30,201.3,201.3,201.3,201.3,0
2012-01-31,201.3,201.3,201.3,201.3,0
2012-02-01,201.3,201.3,201.3,201.3,0
2012-02-02,201.3,201.3,201.3,201.3,0
2012-02-03,201.3,201.3,201.3,201.3,0
2012-02-06,201.3,201.3,201.3,201.3,0
2012-02-07,201.3,201.3,201.3,201.3,0
2012-02-08,201.3,201.3,201.3,201.3,0
2012-02-09,201.3,201.3,201.3,201.3,0
2012-02-10,201.3,201.3,201.3,201.3,0
2012-02-14,201.3,201.3,201.3,201.3,0
2012-02-15,201.3,201.3,201.3,201.3,0
2012-02-16,200.82,200.82,200.82,200.82,0
2012-02-17,200.82,200.82,200.82,200.82,0
2012-02-20,201.3,201.3,201.3,201.3,0
2012-02-21,200.82,200.82,200.82,200.82,0
2012-02-22,200.82,200.82,200.82,200.82,0
2012-02-23,200.82,200.82,200.82,200.82,0
2012-02-24,200.82,200.82,200.82,200.82,0
2012-02-27,200.87,200.87,200.87,200.87,0
2012-02-28,200.87,200.87,200.87,200.87,0
2012-02-29,200.82,200.82,200.82,200.82,0
2012-03-01,201.55,201.55,201.55,201.55,0
2012-03-02,201.55,201.55,201.55,201.55,0
2012-03-05,201.55,201.55,201.55,201.55,0
2012-03-06,201.55,201.55,201.55,201.55,0
2012-03-07,201.55,201.55,201.55,201.55,0
2012-03-08,201.55,201.55,201.55,201.55,0
2012-03-09,201.55,201.55,201.55,201.55,0
2012-03-12,201.55,201.55,201.55,201.55,0
2012-03-13,201.55,201.55,201.55,201.55,0
2012-03-14,201.07,201.07,201.07,201.07,0
2012-03-15,201.55,201.55,201.55,201.55,0
2012-03-16,202.51,202.51,202.51,202.51,0
2012-03-19,202.51,202.51,202.51,202.51,0
2012-03-20,202.51,202.51,202.51,202.51,0
2012-03-21,202.51,202.51,202.51,202.51,0
2012-03-22,202.51,202.51,202.51,202.51,0
2012-03-23,202.51,202.51,202.51,202.51,0
2012-03-26,202.51,202.51,202.51,202.51,0
2012-03-27,206.69,206.69,206.69,206.69,0
2012-03-28,217.26,217.26,217.26,217.26,0
2012-03-29,217.26,217.26,217.26,217.26,0
2012-04-02,218.62,218.62,218.62,218.62,0
2012-04-03,218.62,218.62,218.62,218.62,0
2012-04-04,218.62,218.62,218.62,218.62,0
2012-04-05,216.24,216.24,216.24,216.24,0
2012-04-06,216.24,216.24,216.24,216.24,0
2012-04-10,218.62,218.62,218.62,218.62,0
2012-04-11,218.62,218.62,218.62,218.62,0
2012-04-12,228.17,228.17,228.17,228.17,0
2012-04-13,228.17,228.17,228.17,228.17,0
2012-04-16,228.17,228.17,228.17,228.17,0
2012-04-17,228.17,228.17,228.17,228.17,0
2012-04-18,240.1,240.1,240.1,240.1,0
2012-04-19,240.1,240.1,240.1,240.1,0
2012-04-20,240.1,240.1,240.1,240.1,0
2012-04-23,240.1,240.1,240.1,240.1,0
2012-04-24,239.63,239.63,239.63,239.63,0
2012-04-25,239.63,239.63,239.63,239.63,0
2012-04-26,239.63,239.63,239.63,239.63,0
2012-04-27,239.63,239.63,239.63,239.63,0
2012-04-30,239.63,239.63,239.63,239.63,0
2012-05-02,239.63,239.63,239.63,239.63,0
2012-05-03,239.63,239.63,239.63,239.63,0
2012-05-04,240.45,240.45,240.45,240.45,0
2012-05-07,240.45,240.45,240.45,240.45,0
2012-05-08,240.45,240.45,240.45,240.45,0
2012-05-09,240.45,240.45,240.45,240.45,0
2012-05-10,240.45,240.45,240.45,240.45,0
2012-05-11,240.45,240.45,240.45,240.45,0
2012-05-14,240.93,240.93,240.93,240.93,0
2012-05-15,241.02,241.02,241.02,241.02,0
2012-05-16,241.02,241.02,241.02,241.02,0
2012-05-18,241.02,241.02,241.02,241.02,0
2012-05-21,231.47,231.47,231.47,231.47,0
2012-05-22,231.4,231.4,231.4,231.4,0
2012-05-23,231.44,231.44,231.44,231.44,0
2012-05-24,231.44,231.44,231.44,231.44,0
2012-05-25,202.8,202.8,202.8,202.8,0
2012-05-29,205.18,205.18,205.18,205.18,0
2012-05-30,207.57,207.57,207.57,207.57,0
2012-05-31,207.57,207.57,207.57,207.57,0
2012-06-01,202.8,202.8,202.8,202.8,0
2012-06-04,202.8,202.8,202.8,202.8,0
2012-06-05,203.75,203.75,203.75,203.75,0
2012-06-06,218.07,218.07,218.07,218.07,0
2012-06-07,218.07,218.07,218.07,218.07,0
2012-06-08,233.71,233.71,233.71,233.71,0
2012-06-11,249.88,249.88,249.88,249.88,0
2012-06-12,249.88,249.88,249.88,249.88,0
2012-06-13,250.25,250.25,250.25,250.25,0
2012-06-14,250.25,250.25,250.25,250.25,0
2012-06-15,247.07,247.07,247.07,247.07,0
2012-06-18,247.07,247.07,247.07,247.07,0
2012-06-19,229.56,229.56,229.56,229.56,0
2012-06-20,229.56,229.56,229.56,229.56,0
2012-06-21,229.56,229.56,229.56,229.56,0
2012-06-22,232.76,232.76,232.76,232.76,0
2012-06-25,232.76,232.76,232.76,232.76,0
2012-06-26,232.76,232.76,232.76,232.76,0
2012-06-27,232.76,232.76,232.76,232.76,0
2012-06-28,232.76,232.76,232.76,232.76,0
2012-06-29,233.14,233.14,233.14,233.14,0
2012-07-02,233.14,233.14,233.14,233.14,0
2012-07-03,233.14,233.14,233.14,233.14,0
2012-07-04,242.69,242.69,242.69,242.69,0
2012-07-05,233.14,233.14,233.14,233.14,0
2012-07-06,233.14,233.14,233.14,233.14,0
2012-07-09,233.14,233.14,233.14,233.14,0
2012-07-10,233.14,233.14,233.14,233.14,0
2012-07-11,233.14,233.14,233.14,233.14,0
2012-07-12,233.14,233.14,233.14,233.14,0
2012-07-13,233.14,233.14,233.14,233.14,0
2012-07-16,235.53,235.53,235.53,235.53,0
2012-07-17,235.53,235.53,235.53,235.53,0
2012-07-18,235.53,235.53,235.53,235.53,0
2012-07-19,242.69,242.69,242.69,242.69,0
2012-07-20,242.69,242.69,242.69,242.69,0
2012-07-23,242.69,242.69,242.69,242.69,0
2012-07-24,235.53,235.53,235.53,235.53,0
2012-07-25,235.53,235.53,235.53,235.53,0
2012-07-26,235.53,235.53,235.53,235.53,0
2012-07-27,235.53,235.53,235.53,235.53,0
2012-07-30,237.91,237.91,237.91,237.91,0
2012-07-31,237.91,237.91,237.91,237.91,0
2012-08-01,237.91,237.91,237.91,237.91,0
2012-08-02,237.91,237.91,237.91,237.91,0
2012-08-03,242.69,242.69,242.69,242.69,0
2012-08-08,242.69,242.69,242.69,242.69,0
2012-08-09,237.91,237.91,237.91,237.91,0
2012-08-10,235.53,235.53,235.53,235.53,0
2012-08-13,235.53,235.53,235.53,235.53,0
2012-08-14,235.53,235.53,235.53,235.53,0
2012-08-16,235.53,235.53,235.53,235.53,0
2012-08-17,235.53,235.53,235.53,235.53,0
2012-08-21,242.69,242.69,242.69,242.69,0
2012-08-22,235.53,235.53,235.53,235.53,0
2012-08-23,235.53,235.53,235.53,235.53,0
2012-08-24,235.53,235.53,235.53,235.53,0
2012-08-27,242.69,242.69,242.69,242.69,0
2012-08-28,242.69,242.69,242.69,242.69,0
2012-08-29,242.69,242.69,242.69,242.69,0
2012-08-30,237.91,237.91,237.91,237.91,0
2012-08-31,237.91,237.91,237.91,237.91,0
2012-09-03,237.91,237.91,237.91,237.91,0
2012-09-04,237.91,237.91,237.91,237.91,0
2012-09-05,242.69,242.69,242.69,242.69,0
2012-09-06,242.69,242.69,242.69,242.69,0
2012-09-07,242.69,242.69,242.69,242.69,0
2012-09-10,242.69,242.69,242.69,242.69,0
2012-09-11,237.91,237.91,237.91,237.91,0
2012-09-12,237.91,237.91,237.91,237.91,0
2012-09-13,237.91,237.91,237.91,237.91,0
2012-09-14,237.94,237.94,237.94,237.94,0
2012-09-17,254.76,254.76,254.76,254.76,0
2012-09-18,238.39,238.39,238.39,238.39,0
2012-09-19,238.39,238.39,238.39,238.39,0
2012-09-20,238.39,238.39,238.39,238.39,0
2012-09-21,238.39,238.39,238.39,238.39,0
2012-09-24,238.39,238.39,238.39,238.39,0
2012-09-25,238.39,238.39,238.39,238.39,0
2012-09-26,240.3,240.3,240.3,240.3,0
2012-09-27,240.3,240.3,240.3,240.3,0
2012-09-28,240.32,240.32,240.32,240.32,0
2012-10-01,240.32,240.32,240.32,240.32,0
2012-10-02,240.32,240.32,240.32,240.32,0
2012-10-03,240.67,240.67,240.67,240.67,0
2012-10-04,240.67,240.67,240.67,240.67,0
2012-10-05,243.03,243.03,243.03,243.03,0
2012-10-08,243.03,243.03,243.03,243.03,0
2012-10-09,243.03,243.03,243.03,243.03,0
2012-10-10,242.69,242.69,242.69,242.69,0
2012-10-11,242.73,242.73,242.73,242.73,0
2012-10-12,245.07,245.07,245.07,245.07,0
2012-10-15,245.07,245.07,245.07,245.07,0
2012-10-16,245.07,245.07,245.07,245.07,0
2012-10-17,245.07,245.07,245.07,245.07,0
2012-10-18,245.07,245.07,245.07,245.07,0
2012-10-19,262.42,262.42,262.42,262.42,0
2012-10-22,262.42,262.42,262.42,262.42,0
2012-10-23,266.55,266.55,266.55,266.55,0
2012-10-24,267.56,267.56,267.56,267.56,0
2012-10-25,272.33,272.33,272.33,272.33,0
2012-10-29,272.33,272.33,272.33,272.33,0
2012-10-30,291.43,291.43,291.43,291.43,0
2012-10-31,312.19,312.19,312.19,312.19,0
2012-11-02,315.29,315.29,315.29,315.29,0
2012-11-05,336.77,336.77,336.77,336.77,0
2012-11-06,315.32,315.32,315.32,315.32,0
2012-11-07,324.84,324.84,324.84,324.84,0
2012-11-08,336.77,336.77,336.77,336.77,0
2012-11-09,339.16,339.16,339.16,339.16,0
2012-11-12,339.16,339.16,339.16,339.16,0
2012-11-13,348.7,348.7,348.7,348.7,0
2012-11-14,348.7,348.7,348.7,348.7,0
2012-11-16,348.7,348.7,348.7,348.7,0
2012-11-19,332,332,332,332,0
2012-11-20,332,332,332,332,0
2012-11-21,341.57,341.57,341.57,341.57,0
2012-11-22,341.57,341.57,341.57,341.57,0
2012-11-23,340.52,340.52,340.52,340.52,0
2012-11-26,340.52,340.52,340.52,340.52,0
2012-11-27,323.84,323.84,323.84,323.84,0
2012-11-28,323.86,323.86,323.86,323.86,0
2012-11-29,328.58,328.58,328.58,328.58,0
2012-11-30,329.59,329.59,329.59,329.59,0
2012-12-03,329.59,329.59,329.59,329.59,0
2012-12-04,329.59,329.59,329.59,329.59,0
2012-12-05,329.59,329.59,329.59,329.59,0
2012-12-06,329.59,329.59,329.59,329.59,0
2012-12-07,330.67,330.67,330.67,330.67,0
2012-12-10,342.13,342.13,342.13,342.13,0
2012-12-11,341.62,341.62,341.62,341.62,0
2012-12-12,341.62,341.62,341.62,341.62,0
2012-12-13,329.71,329.71,329.71,329.71,0
2012-12-14,341.62,341.62,341.62,341.62,0
2012-12-17,339.23,339.23,339.23,339.23,0
2012-12-18,339.23,339.23,339.23,339.23,0
2012-12-19,341.62,341.62,341.62,341.62,0
2012-12-20,341.62,341.62,341.62,341.62,0
2012-12-21,341.62,341.62,341.62,341.62,0
2012-12-24,341.62,341.62,341.62,341.62,0
2012-12-26,339.23,339.23,339.23,339.23,0
2012-12-27,329.68,329.68,329.68,329.68,0
2012-12-28,339.23,339.23,339.23,339.23,0
2012-12-31,348.78,348.78,348.78,348.78,0
2013-01-02,348.78,348.78,348.78,348.78,0
2013-01-03,348.78,348.78,348.78,348.78,0
2013-01-04,348.78,348.78,348.78,348.78,0
2013-01-07,348.78,348.78,348.78,348.78,0
2013-01-08,348.78,348.78,348.78,348.78,0
2013-01-09,348.8,348.8,348.8,348.8,0
2013-01-10,348.8,348.8,348.8,348.8,0
2013-01-11,348.78,348.78,348.78,348.78,0
2013-01-14,348.78,348.78,348.78,348.78,0
2013-01-15,348.78,348.78,348.78,348.78,0
2013-01-16,339.23,339.23,339.23,339.23,0
2013-01-17,344,344,344,344,0
2013-01-18,344,344,344,344,0
2013-01-21,344.05,344.05,344.05,344.05,0
2013-01-22,344,344,344,344,0
2013-01-23,339.3,339.3,339.3,339.3,0
2013-01-25,339.3,339.3,339.3,339.3,0
2013-01-28,339.3,339.3,339.3,339.3,0
2013-01-29,339.3,339.3,339.3,339.3,0
2013-01-30,339.3,339.3,339.3,339.3,0
2013-01-31,348.78,348.78,348.78,348.78,0
2013-02-01,348.78,348.78,348.78,348.78,0
2013-02-04,348.82,348.82,348.82,348.82,0
2013-02-05,348.82,348.82,348.82,348.82,0
2013-02-06,349.92,349.92,349.92,349.92,0
2013-02-07,351.1,351.1,351.1,351.1,0
2013-02-08,376.16,376.16,376.16,376.16,0
2013-02-11,398.78,398.78,398.78,398.78,0
2013-02-12,389.23,389.23,389.23,389.23,0
2013-02-13,389.23,389.23,389.23,389.23,0
2013-02-14,398.78,398.78,398.78,398.78,0
2013-02-15,400.03,400.03,400.03,400.03,0
2013-02-18,401.38,401.38,401.38,401.38,0
2013-02-19,430.02,430.02,430.02,430.02,0
2013-02-20,431.47,431.47,431.47,431.47,0
2013-02-21,452.12,452.12,452.12,452.12,0
2013-02-22,447.34,447.34,447.34,447.34,0
2013-02-25,449.03,449.03,449.03,449.03,0
2013-02-26,449.03,449.03,449.03,449.03,0
2013-02-27,450.84,450.84,450.84,450.84,0
2013-02-28,450.84,450.84,450.84,450.84,0
2013-03-01,422.2,422.2,422.2,422.2,0
2013-03-04,424.15,424.15,424.15,424.15,0
2013-03-05,426.23,426.23,426.23,426.23,0
2013-03-06,433.26,433.26,433.26,433.26,0
2013-03-07,433.26,433.26,433.26,433.26,0
2013-03-08,442.81,442.81,442.81,442.81,0
2013-03-11,442.81,442.81,442.81,442.81,0
2013-03-12,442.81,442.81,442.81,442.81,0
2013-03-13,438.03,438.03,438.03,438.03,0
2013-03-14,414.83,414.83,414.83,414.83,0
2013-03-15,407.3,407.3,407.3,407.3,0
2013-03-18,407.3,407.3,407.3,407.3,0
2013-03-19,407.3,407.3,407.3,407.3,0
2013-03-20,437.81,437.81,437.81,437.81,0
2013-03-21,440.74,440.74,440.74,440.74,0
2013-03-22,440.74,440.74,440.74,440.74,0
2013-03-25,440.74,440.74,440.74,440.74,0
2013-03-26,442.36,442.36,442.36,442.36,0
2013-03-27,442.36,442.36,442.36,442.36,0
2013-03-28,442.36,442.36,442.36,442.36,0
2013-03-29,442.36,442.36,442.36,442.36,0
2013-04-02,447.13,447.13,447.13,447.13,0
2013-04-03,447.15,447.15,447.15,447.15,0
2013-04-04,447.15,447.15,447.15,447.15,0
2013-04-05,442.36,442.36,442.36,442.36,0
2013-04-08,439.97,439.97,439.97,439.97,0
2013-04-09,441.8,441.8,441.8,441.8,0
2013-04-10,441.8,441.8,441.8,441.8,0
2013-04-11,453.73,453.73,453.73,453.73,0
2013-04-12,446.57,446.57,446.57,446.57,0
2013-04-15,446.57,446.57,446.57,446.57,0
2013-04-16,446.57,446.57,446.57,446.57,0
2013-04-17,446.57,446.57,446.57,446.57,0
2013-04-18,444.19,444.19,444.19,444.19,0
2013-04-19,468.79,468.79,468.79,468.79,0
2013-04-22,468.79,468.79,468.79,468.79,0
2013-04-23,468.79,468.79,468.79,468.79,0
2013-04-24,469.89,469.89,469.89,469.89,0
2013-04-25,469.89,469.89,469.89,469.89,0
2013-04-26,455.57,455.57,455.57,455.57,0
2013-04-29,470.12,470.12,470.12,470.12,0
2013-04-30,493.75,493.75,493.75,493.75,0
2013-05-02,493.78,493.78,493.78,493.78,0
2013-05-03,493.78,493.78,493.78,493.78,0
2013-05-06,493.78,493.78,493.78,493.78,0
2013-05-07,494.71,494.71,494.71,494.71,0
2013-05-08,494.23,494.23,494.23,494.23,0
2013-05-10,494.23,494.23,494.23,494.23,0
2013-05-13,494.23,494.23,494.23,494.23,0
2013-05-14,517.62,517.62,517.62,517.62,0
2013-05-15,517.62,517.62,517.62,517.62,0
2013-05-16,517.62,517.62,517.62,517.62,0
2013-05-17,519.45,519.45,519.45,519.45,0
2013-05-21,519.45,519.45,519.45,519.45,0
2013-05-22,519.45,519.45,519.45,519.45,0
2013-05-23,519.45,519.45,519.45,519.45,0
2013-05-24,519.45,519.45,519.45,519.45,0
2013-05-27,519.45,519.45,519.45,519.45,0
2013-05-28,519.45,519.45,519.45,519.45,0
2013-05-29,519.45,519.45,519.45,519.45,0
2013-05-30,519.43,519.43,519.43,519.43,0
2013-05-31,519.45,519.45,519.45,519.45,0
2013-06-03,519.45,519.45,519.45,519.45,0
2013-06-04,514.68,514.68,514.68,514.68,0
2013-06-05,512.84,512.84,512.84,512.84,0
2013-06-06,512.84,512.84,512.84,512.84,0
2013-06-07,512.84,512.84,512.84,512.84,0
2013-06-10,512.84,512.84,512.84,512.84,0
2013-06-11,512.84,512.84,512.84,512.84,0
2013-06-12,512.84,512.84,512.84,512.84,0
2013-06-13,512.84,512.84,512.84,512.84,0
2013-06-14,512.84,512.84,512.84,512.84,0
2013-06-17,512.84,512.84,512.84,512.84,0
2013-06-18,493.75,493.75,493.75,493.75,0
2013-06-19,494.71,494.71,494.71,494.71,0
2013-06-20,494.71,494.71,494.71,494.71,0
2013-06-21,494.71,494.71,494.71,494.71,0
2013-06-24,517.64,517.64,517.64,517.64,0
2013-06-25,517.88,517.88,517.88,517.88,0
2013-06-26,517.88,517.88,517.88,517.88,0
2013-06-27,517.62,517.62,517.62,517.62,0
2013-06-28,517.62,517.62,517.62,517.62,0
2013-07-01,514.59,514.59,514.59,514.59,0
2013-07-02,514.59,514.59,514.59,514.59,0
2013-07-03,514.59,514.59,514.59,514.59,0
2013-07-04,514.62,514.62,514.62,514.62,0
2013-07-05,514.62,514.62,514.62,514.62,0
2013-07-08,514.62,514.62,514.62,514.62,0
2013-07-09,514.64,514.64,514.64,514.64,0
2013-07-10,514.64,514.64,514.64,514.64,0
2013-07-11,514.64,514.64,514.64,514.64,0
2013-07-12,514.69,514.69,514.69,514.69,0
2013-07-15,511.86,511.86,511.86,511.86,0
2013-07-16,509.3,509.3,509.3,509.3,0
2013-07-17,509.3,509.3,509.3,509.3,0
2013-07-18,509.3,509.3,509.3,509.3,0
2013-07-19,509.23,509.23,509.23,509.23,0
2013-07-22,509.23,509.23,509.23,509.23,0
2013-07-23,509.23,509.23,509.23,509.23,0
2013-07-24,509.23,509.23,509.23,509.23,0
2013-07-25,509.23,509.23,509.23,509.23,0
2013-07-26,509.23,509.23,509.23,509.23,0
2013-07-29,509.23,509.23,509.23,509.23,0
2013-07-30,509.28,509.28,509.28,509.28,0
2013-07-31,509.28,509.28,509.28,509.28,0
2013-08-01,511.61,511.61,511.61,511.61,0
2013-08-02,511.61,511.61,511.61,511.61,0
2013-08-05,511.61,511.61,511.61,511.61,0
2013-08-06,511.61,511.61,511.61,511.61,0
2013-08-09,512.09,512.09,512.09,512.09,0
2013-08-12,511.61,511.61,511.61,511.61,0
2013-08-13,511.61,511.61,511.61,511.61,0
2013-08-14,511.61,511.61,511.61,511.61,0
2013-08-16,511.61,511.61,511.61,511.61,0
2013-08-19,511.64,511.64,511.64,511.64,0
2013-08-20,511.64,511.64,511.64,511.64,0
2013-08-21,511.71,511.71,511.71,511.71,0
2013-08-22,511.71,511.71,511.71,511.71,0
2013-08-23,511.71,511.71,511.71,511.71,0
2013-08-26,511.71,511.71,511.71,511.71,0
2013-08-27,511.71,511.71,511.71,511.71,0
2013-08-28,511.71,511.71,511.71,511.71,0
2013-08-29,510.94,510.94,510.94,510.94,0
2013-08-30,510.94,510.94,510.94,510.94,0
2013-09-02,510.94,510.94,510.94,510.94,0
2013-09-03,546.91,546.91,546.91,546.91,0
2013-09-04,508.46,508.46,508.46,508.46,0
2013-09-05,508.46,508.46,508.46,508.46,0
2013-09-06,508.48,508.48,508.48,508.48,0
2013-09-09,513.23,513.23,513.23,513.23,0
2013-09-10,513.23,513.23,513.23,513.23,0
2013-09-11,513.26,513.26,513.26,513.26,0
2013-09-12,513.26,513.26,513.26,513.26,0
2013-09-13,513.26,513.26,513.26,513.26,0
2013-09-16,513.26,513.26,513.26,513.26,0
2013-09-17,513.26,513.26,513.26,513.26,0
2013-09-18,508.46,508.46,508.46,508.46,0
2013-09-19,506.13,506.13,506.13,506.13,0
2013-09-20,506.13,506.13,506.13,506.13,0
2013-09-23,506.13,506.13,506.13,506.13,0
2013-09-24,506.13,506.13,506.13,506.13,0
2013-09-25,506.13,506.13,506.13,506.13,0
2013-09-26,508.28,508.28,508.28,508.28,0
2013-09-27,508.28,508.28,508.28,508.28,0
2013-09-30,510.74,510.74,510.74,510.74,0
2013-10-01,510.74,510.74,510.74,510.74,0
2013-10-02,506.44,506.44,506.44,506.44,0
2013-10-03,513.13,513.13,513.13,513.13,0
2013-10-04,513.13,513.13,513.13,513.13,0
2013-10-07,513.13,513.13,513.13,513.13,0
2013-10-08,513.13,513.13,513.13,513.13,0
2013-10-09,527.92,527.92,527.92,527.92,0
2013-10-10,527.95,527.95,527.95,527.95,0
2013-10-11,528.97,528.97,528.97,528.97,0
2013-10-14,535.65,535.65,535.65,535.65,0
2013-10-16,535.65,535.65,535.65,535.65,0
2013-10-17,542.83,542.83,542.83,542.83,0
2013-10-18,538.07,538.07,538.07,538.07,0
2013-10-21,538.07,538.07,538.07,538.07,0
2013-10-22,538.07,538.07,538.07,538.07,0
2013-10-23,538.07,538.07,538.07,538.07,0
2013-10-24,538.52,538.52,538.52,538.52,0
2013-10-25,545.18,545.18,545.18,545.18,0
2013-10-28,545.2,545.2,545.2,545.2,0
2013-10-29,545.23,545.23,545.23,545.23,0
2013-10-30,545.23,545.23,545.23,545.23,0
2013-10-31,545.23,545.23,545.23,545.23,0
2013-11-04,583.36,583.36,583.36,583.36,0
2013-11-05,547.56,547.56,547.56,547.56,0
2013-11-06,586.39,586.39,586.39,586.39,0
2013-11-07,586.23,586.23,586.23,586.23,0
2013-11-08,592.91,592.91,592.91,592.91,0
2013-11-11,630.73,630.73,630.73,630.73,0
2013-11-12,649.82,649.82,649.82,649.82,0
2013-11-13,693.17,693.17,693.17,693.17,0
2013-11-14,740.88,740.88,740.88,740.88,0
2013-11-18,693.15,693.15,693.15,693.15,0
2013-11-19,721.79,721.79,721.79,721.79,0
2013-11-20,742.91,742.91,742.91,742.91,0
2013-11-21,742.91,742.91,742.91,742.91,0
2013-11-22,693.39,693.39,693.39,693.39,0
2013-11-25,697.54,697.54,697.54,697.54,0
2013-11-26,721.4,721.4,721.4,721.4,0
2013-11-27,721.4,721.4,721.4,721.4,0
2013-11-28,719.22,719.22,719.22,719.22,0
2013-11-29,719.22,719.22,719.22,719.22,0
2013-12-02,691,691,691,691,0
2013-12-03,691,691,691,691,0
2013-12-04,691,691,691,691,0
2013-12-05,691,691,691,691,0
2013-12-06,691.02,691.02,691.02,691.02,0
2013-12-09,691.02,691.02,691.02,691.02,0
2013-12-10,691,691,691,691,0
2013-12-11,740.76,740.76,740.76,740.76,0
2013-12-12,740.76,740.76,740.76,740.76,0
2013-12-13,794.24,794.24,794.24,794.24,0
2013-12-16,790.82,790.82,790.82,790.82,0
2013-12-17,790.82,790.82,790.82,790.82,0
2013-12-18,790.82,790.82,790.82,790.82,0
2013-12-19,790.82,790.82,790.82,790.82,0
2013-12-20,790.82,790.82,790.82,790.82,0
2013-12-23,740.8,740.8,740.8,740.8,0
2013-12-24,740.75,740.75,740.75,740.75,0
2013-12-26,788.99,788.99,788.99,788.99,0
2013-12-27,788.99,788.99,788.99,788.99,0
2013-12-30,788.99,788.99,788.99,788.99,0
2013-12-31,788.99,788.99,788.99,788.99,0
2014-01-02,788.99,788.99,788.99,788.99,0
2014-01-03,788.99,788.99,788.99,788.99,0
2014-01-06,791.37,791.37,791.37,791.37,0
2014-01-07,788.99,788.99,788.99,788.99,0
2014-01-08,789.48,789.48,789.48,789.48,0
2014-01-09,789.48,789.48,789.48,789.48,0
2014-01-10,789.48,789.48,789.48,789.48,0
2014-01-14,789.48,789.48,789.48,789.48,0
2014-01-15,789.48,789.48,789.48,789.48,0
2014-01-16,789.48,789.48,789.48,789.48,0
2014-01-17,789.54,789.54,789.54,789.54,0
2014-01-20,789.54,789.54,789.54,789.54,0
2014-01-21,789.54,789.54,789.54,789.54,0
2014-01-22,789.54,789.54,789.54,789.54,0
2014-01-23,789.54,789.54,789.54,789.54,0
2014-01-24,784.76,784.76,784.76,784.76,0
2014-01-27,786.69,786.69,786.69,786.69,0
2014-01-28,786.69,786.69,786.69,786.69,0
2014-01-29,789.9,789.9,789.9,789.9,0
2014-01-30,789.9,789.9,789.9,789.9,0
2014-01-31,789.9,789.9,789.9,789.9,0
2014-02-03,789.9,789.9,789.9,789.9,0
2014-02-04,813.77,813.77,813.77,813.77,0
2014-02-05,789.9,789.9,789.9,789.9,0
2014-02-06,789.9,789.9,789.9,789.9,0
2014-02-07,791.19,791.19,791.19,791.19,0
2014-02-10,790.45,790.45,790.45,790.45,0
2014-02-11,790.45,790.45,790.45,790.45,0
2014-02-12,785.68,785.68,785.68,785.68,0
2014-02-13,785.68,785.68,785.68,785.68,0
2014-02-14,785.68,785.68,785.68,785.68,0
2014-02-17,785.68,785.68,785.68,785.68,0
2014-02-18,785.68,785.68,785.68,785.68,0
2014-02-19,728.88,728.88,728.88,728.88,0
2014-02-20,676.23,676.23,676.23,676.23,0
2014-02-21,726.94,726.94,726.94,726.94,0
2014-02-24,779.3,779.3,779.3,779.3,0
2014-02-25,835.41,835.41,835.41,835.41,0
2014-02-26,835.41,835.41,835.41,835.41,0
2014-02-27,847.34,847.34,847.34,847.34,0
2014-02-28,847.1,847.1,847.1,847.1,0
2014-03-03,848.04,848.04,848.04,848.04,0
2014-03-10,848.06,848.06,848.06,848.06,0
2014-03-11,848.06,848.06,848.06,848.06,0
2014-03-12,848.06,848.06,848.06,848.06,0
2014-03-13,848.06,848.06,848.06,848.06,0
2014-03-14,848.06,848.06,848.06,848.06,0
2014-03-17,848.06,848.06,848.06,848.06,0
2014-03-18,848.06,848.06,848.06,848.06,0
2014-03-19,909.37,909.37,909.37,909.37,0
2014-03-20,909.37,909.37,909.37,909.37,0
2014-03-21,898.39,898.39,898.39,898.39,0
2014-03-24,912.71,912.71,912.71,912.71,0
2014-03-25,912.71,912.71,912.71,912.71,0
2014-03-26,886.46,886.46,886.46,886.46,0
2014-03-27,886.46,886.46,886.46,886.46,0
2014-03-28,886.46,886.46,886.46,886.46,0
2014-03-31,886.46,886.46,886.46,886.46,0
2014-04-01,886.46,886.46,886.46,886.46,0
2014-04-02,886.46,886.46,886.46,886.46,0
2014-04-03,886.46,886.46,886.46,886.46,0
2014-04-04,912.71,912.71,912.71,912.71,0
2014-04-07,912.71,912.71,912.71,912.71,0
2014-04-08,886.46,886.46,886.46,886.46,0
2014-04-09,886.46,886.46,886.46,886.46,0
2014-04-10,886.46,886.46,886.46,886.46,0
2014-04-11,886.46,886.46,886.46,886.46,0
2014-04-14,788.99,788.99,788.99,788.99,0
2014-04-15,888.85,888.85,888.85,888.85,0
2014-04-16,888.85,888.85,888.85,888.85,0
2014-04-17,888.85,888.85,888.85,888.85,0
2014-04-18,888.85,888.85,888.85,888.85,0
2014-04-22,912.71,912.71,912.71,912.71,0
2014-04-23,912.71,912.71,912.71,912.71,0
2014-04-24,974.76,974.76,974.76,974.76,0
2014-04-25,984.31,984.31,984.31,984.31,0
2014-04-28,984.31,984.31,984.31,984.31,0
2014-04-29,984.31,984.31,984.31,984.31,0
2014-04-30,984.31,984.31,984.31,984.31,0
2014-05-02,984.31,984.31,984.31,984.31,0
2014-05-05,984.31,984.31,984.31,984.31,0
2014-05-06,984.31,984.31,984.31,984.31,0
2014-05-07,979.54,979.54,979.54,979.54,0
2014-05-08,979.54,979.54,979.54,979.54,0
2014-05-09,979.54,979.54,979.54,979.54,0
2014-05-13,979.54,979.54,979.54,979.54,0
2014-05-14,979.56,979.56,979.56,979.56,0
2014-05-15,979.56,979.56,979.56,979.56,0
2014-05-16,979.56,979.56,979.56,979.56,0
2014-05-19,909.76,909.76,909.76,909.76,0
2014-05-20,958.09,958.09,958.09,958.09,0
2014-05-21,960.48,960.48,960.48,960.48,0
2014-05-22,960.48,960.48,960.48,960.48,0
2014-05-23,960.48,960.48,960.48,960.48,0
2014-05-26,960.48,960.48,960.48,960.48,0
2014-05-27,960.48,960.48,960.48,960.48,0
2014-05-28,960.48,960.48,960.48,960.48,0
2014-05-30,960.46,960.46,960.46,960.46,0
2014-06-02,960.46,960.46,960.46,960.46,0
2014-06-03,960.46,960.46,960.46,960.46,0
2014-06-04,960.46,960.46,960.46,960.46,0
2014-06-05,960.46,960.46,960.46,960.46,0
2014-06-06,960.46,960.46,960.46,960.46,0
2014-06-10,961.91,961.91,961.91,961.91,0
2014-06-11,985.8,985.8,985.8,985.8,0
2014-06-12,985.8,985.8,985.8,985.8,0
2014-06-13,985.8,985.8,985.8,985.8,0
2014-06-16,1053.55,1053.55,1053.55,1053.55,0
2014-06-17,1053.55,1053.55,1053.55,1053.55,0
2014-06-18,1053.55,1053.55,1053.55,1053.55,0
2014-06-19,1053.55,1053.55,1053.55,1053.55,0
2014-06-20,1053.55,1053.55,1053.55,1053.55,0
2014-06-23,1009.69,1009.69,1009.69,1009.69,0
2014-06-24,1009.69,1009.69,1009.69,1009.69,0
2014-06-25,1009.64,1009.64,1009.64,1009.64,0
2014-06-26,1009.64,1009.64,1009.64,1009.64,0
2014-06-27,1007.26,1007.26,1007.26,1007.26,0
2014-06-30,1007.07,1007.07,1007.07,1007.07,0
2014-07-01,1007.07,1007.07,1007.07,1007.07,0
2014-07-02,1007.07,1007.07,1007.07,1007.07,0
2014-07-03,1007.07,1007.07,1007.07,1007.07,0
2014-07-04,1007.07,1007.07,1007.07,1007.07,0
2014-07-07,1007.07,1007.07,1007.07,1007.07,0
2014-07-08,1004.69,1004.69,1004.69,1004.69,0
2014-07-09,1004.69,1004.69,1004.69,1004.69,0
2014-07-10,961.73,961.73,961.73,961.73,0
2014-07-11,961.73,961.73,961.73,961.73,0
2014-07-14,985.57,985.57,985.57,985.57,0
2014-07-15,985.59,985.59,985.59,985.59,0
2014-07-16,985.59,985.59,985.59,985.59,0
2014-07-17,1004.5,1004.5,1004.5,1004.5,0
2014-07-18,1004.5,1004.5,1004.5,1004.5,0
2014-07-21,1004.5,1004.5,1004.5,1004.5,0
2014-07-22,1004.5,1004.5,1004.5,1004.5,0
2014-07-23,1004.5,1004.5,1004.5,1004.5,0
2014-07-25,1061.78,1061.78,1061.78,1061.78,0
2014-07-29,1061.78,1061.78,1061.78,1061.78,0
2014-07-30,1061.78,1061.78,1061.78,1061.78,0
2014-07-31,1061.76,1061.76,1061.76,1061.76,0
2014-08-01,1061.76,1061.76,1061.76,1061.76,0
2014-08-04,1009.23,1009.23,1009.23,1009.23,0
2014-08-05,984.79,984.79,984.79,984.79,0
2014-08-06,1027.75,1027.75,1027.75,1027.75,0
2014-08-08,1027.75,1027.75,1027.75,1027.75,0
2014-08-11,1051.61,1051.61,1051.61,1051.61,0
2014-08-12,1051.61,1051.61,1051.61,1051.61,0
2014-08-13,1008.65,1008.65,1008.65,1008.65,0
2014-08-14,1008.65,1008.65,1008.65,1008.65,0
2014-08-18,1008.65,1008.65,1008.65,1008.65,0
2014-08-19,1008.65,1008.65,1008.65,1008.65,0
2014-08-20,994.33,994.33,994.33,994.33,0
2014-08-21,994.33,994.33,994.33,994.33,0
2014-08-22,984.79,984.79,984.79,984.79,0
2014-08-25,984.79,984.79,984.79,984.79,0
2014-08-26,1003.88,1003.88,1003.88,1003.88,0
2014-08-27,1003.88,1003.88,1003.88,1003.88,0
2014-08-28,1003.88,1003.88,1003.88,1003.88,0
2014-08-29,984.79,984.79,984.79,984.79,0
2014-09-01,984.79,984.79,984.79,984.79,0
2014-09-02,984.79,984.79,984.79,984.79,0
2014-09-03,965.69,965.69,965.69,965.69,0
2014-09-04,984.74,984.74,984.74,984.74,0
2014-09-05,984.74,984.74,984.74,984.74,0
2014-09-08,970.47,970.47,970.47,970.47,0
2014-09-09,970.47,970.47,970.47,970.47,0
2014-09-10,970.47,970.47,970.47,970.47,0
2014-09-11,970.47,970.47,970.47,970.47,0
2014-09-12,960.92,960.92,960.92,960.92,0
2014-09-15,960.92,960.92,960.92,960.92,0
2014-09-16,960.92,960.92,960.92,960.92,0
2014-09-17,960.92,960.92,960.92,960.92,0
2014-09-18,945.76,945.76,945.76,945.76,0
2014-09-19,945.76,945.76,945.76,945.76,0
2014-09-22,983.94,983.94,983.94,983.94,0
2014-09-23,1003.04,1003.04,1003.04,1003.04,0
2014-09-24,1003.04,1003.04,1003.04,1003.04,0
2014-09-25,1003.04,1003.04,1003.04,1003.04,0
2014-09-26,1003.04,1003.04,1003.04,1003.04,0
2014-09-29,1003.04,1003.04,1003.04,1003.04,0
2014-09-30,998.24,998.24,998.24,998.24,0
2014-10-01,998.24,998.24,998.24,998.24,0
2014-10-02,998.24,998.24,998.24,998.24,0
2014-10-03,998.24,998.24,998.24,998.24,0
2014-10-06,998.24,998.24,998.24,998.24,0
2014-10-07,988.72,988.72,988.72,988.72,0
2014-10-08,988.72,988.72,988.72,988.72,0
2014-10-09,988.72,988.72,988.72,988.72,0
2014-10-10,988.72,988.72,988.72,988.72,0
2014-10-13,988.72,988.72,988.72,988.72,0
2014-10-14,988.72,988.72,988.72,988.72,0
2014-10-15,988.72,988.72,988.72,988.72,0
2014-10-16,988.72,988.72,988.72,988.72,0
2014-10-17,988.72,988.72,988.72,988.72,0
2014-10-20,935.73,935.73,935.73,935.73,0
2014-10-21,935.73,935.73,935.73,935.73,0
2014-10-22,935.73,935.73,935.73,935.73,0
2014-10-23,935.73,935.73,935.73,935.73,0
2014-10-24,935.73,935.73,935.73,935.73,0
2014-10-27,867.76,867.76,867.76,867.76,0
2014-10-28,804.9,804.9,804.9,804.9,0
2014-10-29,804.9,804.9,804.9,804.9,0
2014-10-30,746.74,746.74,746.74,746.74,0
2014-10-31,769.13,769.13,769.13,769.13,0
2014-11-03,764.38,764.38,764.38,764.38,0
2014-11-04,709.25,709.25,709.25,709.25,0
2014-11-05,697.55,697.55,697.55,697.55,0
2014-11-06,647.44,647.44,647.44,647.44,0
2014-11-07,601.14,601.14,601.14,601.14,0
2014-11-10,644.02,644.02,644.02,644.02,0
2014-11-11,689.92,689.92,689.92,689.92,0
2014-11-12,739.46,739.46,739.46,739.46,0
2014-11-13,753.66,753.66,753.66,753.66,0
2014-11-14,807.98,807.98,807.98,807.98,0
2014-11-17,840.75,840.75,840.75,840.75,0
2014-11-18,840.75,840.75,840.75,840.75,0
2014-11-19,840.75,840.75,840.75,840.75,0
2014-11-20,840.75,840.75,840.75,840.75,0
2014-11-21,835.5,835.5,835.5,835.5,0
2014-11-24,835.5,835.5,835.5,835.5,0
2014-11-25,793.02,793.02,793.02,793.02,0
2014-11-26,831.17,831.17,831.17,831.17,0
2014-11-27,828.78,828.78,828.78,828.78,0
2014-11-28,828.78,828.78,828.78,828.78,0
2014-12-01,840.71,840.71,840.71,840.71,0
2014-12-02,840.71,840.71,840.71,840.71,0
2014-12-03,840.71,840.71,840.71,840.71,0
2014-12-04,864.58,864.58,864.58,864.58,0
2014-12-05,888.44,888.44,888.44,888.44,0
2014-12-08,936.18,936.18,936.18,936.18,0
2014-12-09,936.18,936.18,936.18,936.18,0
2014-12-10,936.18,936.18,936.18,936.18,0
2014-12-11,936.18,936.18,936.18,936.18,0
2014-12-12,926.63,926.63,926.63,926.63,0
2014-12-15,926.63,926.63,926.63,926.63,0
2014-12-16,926.63,926.63,926.63,926.63,0
2014-12-17,983.91,983.91,983.91,983.91,0
2014-12-18,1055.51,1055.51,1055.51,1055.51,0
2014-12-19,1127.1,1127.1,1127.1,1127.1,0
2014-12-22,1127.1,1127.1,1127.1,1127.1,0
2014-12-23,1124.92,1124.92,1124.92,1124.92,0
2014-12-24,1124.92,1124.92,1124.92,1124.92,0
2014-12-26,1144.86,1144.86,1144.86,1144.86,0
2014-12-29,1167.25,1167.25,1167.25,1167.25,0
2014-12-30,1190.09,1190.09,1190.09,1190.09,0
2014-12-31,1213.38,1213.38,1213.38,1213.38,0
2015-01-02,1213.38,1213.38,1213.38,1213.38,0
2015-01-05,1213.38,1213.38,1213.38,1213.38,0
2015-01-06,1127.68,1127.68,1127.68,1127.68,0
2015-01-07,1127.68,1127.68,1127.68,1127.68,0
2015-01-08,1044.99,1044.99,1044.99,1044.99,0
2015-01-09,1044.99,1044.99,1044.99,1044.99,0
2015-01-12,968.44,968.44,968.44,968.44,0
2015-01-13,897.7,897.7,897.7,897.7,0
2015-01-14,832.15,832.15,832.15,832.15,0
2015-01-15,836.38,836.38,836.38,836.38,0
2015-01-16,836.38,836.38,836.38,836.38,0
2015-01-19,836.33,836.33,836.33,836.33,0
2015-01-20,836.33,836.33,836.33,836.33,0
2015-01-21,845.88,845.88,845.88,845.88,0
2015-01-22,836.33,836.33,836.33,836.33,0
2015-01-23,836.33,836.33,836.33,836.33,0
2015-01-26,835.99,835.99,835.99,835.99,0
2015-01-27,846.01,846.01,846.01,846.01,0
2015-01-28,858.02,858.02,858.02,858.02,0
2015-01-29,842,842,842,842,0
2015-01-30,842,842,842,842,0
2015-02-02,842.05,842.05,842.05,842.05,0
2015-02-03,851.6,851.6,851.6,851.6,0
2015-02-04,875.28,875.28,875.28,875.28,0
2015-02-05,875.28,875.28,875.28,875.28,0
2015-02-06,875.28,875.28,875.28,875.28,0
2015-02-10,856.19,856.19,856.19,856.19,0
2015-02-11,856.19,856.19,856.19,856.19,0
2015-02-12,855.46,855.46,855.46,855.46,0
2015-02-13,855.46,855.46,855.46,855.46,0
2015-02-16,850.68,850.68,850.68,850.68,0
2015-02-17,841.14,841.14,841.14,841.14,0
2015-02-18,842.6,842.6,842.6,842.6,0
2015-02-19,842.6,842.6,842.6,842.6,0
2015-02-20,833.06,833.06,833.06,833.06,0
2015-02-23,833.06,833.06,833.06,833.06,0
2015-02-24,833.06,833.06,833.06,833.06,0
2015-02-25,855.46,855.46,855.46,855.46,0
2015-02-26,845.91,845.91,845.91,845.91,0
2015-02-27,855.46,855.46,855.46,855.46,0
2015-03-02,855.82,855.82,855.82,855.82,0
2015-03-03,843.89,843.89,843.89,843.89,0
2015-03-04,855.82,855.82,855.82,855.82,0
2015-03-05,855.46,855.46,855.46,855.46,0
2015-03-06,845.91,845.91,845.91,845.91,0
2015-03-09,845.91,845.91,845.91,845.91,0
2015-03-10,845.91,845.91,845.91,845.91,0
2015-03-11,845.91,845.91,845.91,845.91,0
2015-03-12,845.91,845.91,845.91,845.91,0
2015-03-13,855.46,855.46,855.46,855.46,0
2015-03-16,860.23,860.23,860.23,860.23,0
2015-03-17,850.68,850.68,850.68,850.68,0
2015-03-18,849.18,849.18,849.18,849.18,0
2015-03-19,839.63,839.63,839.63,839.63,0
2015-03-20,825.31,825.31,825.31,825.31,0
2015-03-23,825.31,825.31,825.31,825.31,0
2015-03-24,825.31,825.31,825.31,825.31,0
2015-03-25,825.31,825.31,825.31,825.31,0
2015-03-26,822.93,822.93,822.93,822.93,0
2015-03-27,820.54,820.54,820.54,820.54,0
2015-03-30,820.54,820.54,820.54,820.54,0
2015-03-31,820.54,820.54,820.54,820.54,0
2015-04-01,820.06,820.06,820.06,820.06,0
2015-04-02,820.06,820.06,820.06,820.06,0
2015-04-03,819.73,819.73,819.73,819.73,0
2015-04-07,819.73,819.73,819.73,819.73,0
2015-04-08,759.64,759.64,759.64,759.64,0
2015-04-09,704.06,704.06,704.06,704.06,0
2015-04-10,710.06,710.06,710.06,710.06,0
2015-04-13,705.29,705.29,705.29,705.29,0
2015-04-14,705.29,705.29,705.29,705.29,0
2015-04-15,663.29,663.29,663.29,663.29,0
2015-04-16,652.81,652.81,652.81,652.81,0
2015-04-17,686.2,686.2,686.2,686.2,0
2015-04-20,686.2,686.2,686.2,686.2,0
2015-04-21,686.01,686.01,686.01,686.01,0
2015-04-22,664.35,664.35,664.35,664.35,0
2015-04-23,685.83,685.83,685.83,685.83,0
2015-04-24,681.06,681.06,681.06,681.06,0
2015-04-27,685.83,685.83,685.83,685.83,0
2015-04-28,685.83,685.83,685.83,685.83,0
2015-04-29,685.83,685.83,685.83,685.83,0
2015-04-30,685.83,685.83,685.83,685.83,0
2015-05-04,685.83,685.83,685.83,685.83,0
2015-05-05,676.1,676.1,676.1,676.1,0
2015-05-06,676.34,676.34,676.34,676.34,0
2015-05-07,675.42,675.42,675.42,675.42,0
2015-05-08,684.73,684.73,684.73,684.73,0
2015-05-11,684.78,684.78,684.78,684.78,0
2015-05-12,684.73,684.73,684.73,684.73,0
2015-05-13,684.73,684.73,684.73,684.73,0
2015-05-15,684.73,684.73,684.73,684.73,0
2015-05-18,684.73,684.73,684.73,684.73,0
2015-05-19,684.36,684.36,684.36,684.36,0
2015-05-20,689.16,689.16,689.16,689.16,0
2015-05-21,717.78,717.78,717.78,717.78,0
2015-05-22,732.1,732.1,732.1,732.1,0
2015-05-26,732.1,732.1,732.1,732.1,0
2015-05-27,732.14,732.14,732.14,732.14,0
2015-05-28,736.87,736.87,736.87,736.87,0
2015-05-29,784.6,784.6,784.6,784.6,0
2015-06-01,784.6,784.6,784.6,784.6,0
2015-06-02,803.69,803.69,803.69,803.69,0
2015-06-03,860.97,860.97,860.97,860.97,0
2015-06-04,860.97,860.97,860.97,860.97,0
2015-06-05,865.77,865.77,865.77,865.77,0
2015-06-08,875.66,875.66,875.66,875.66,0
2015-06-09,940.1,940.1,940.1,940.1,0
2015-06-10,940.1,940.1,940.1,940.1,0
2015-06-11,939.75,939.75,939.75,939.75,0
2015-06-12,961.21,961.21,961.21,961.21,0
2015-06-15,1030.36,1030.36,1030.36,1030.36,0
2015-06-16,980.29,980.29,980.29,980.29,0
2015-06-17,980.67,980.67,980.67,980.67,0
2015-06-18,980.67,980.67,980.67,980.67,0
2015-06-19,952.14,952.14,952.14,952.14,0
2015-06-22,952.14,952.14,952.14,952.14,0
2015-06-23,955,955,955,955,0
2015-06-24,842.83,842.83,842.83,842.83,0
2015-06-25,842.83,842.83,842.83,842.83,0
2015-06-26,827.56,827.56,827.56,827.56,0
2015-06-29,832.33,832.33,832.33,832.33,0
2015-06-30,892.45,892.45,892.45,892.45,0
2015-07-01,946.16,946.16,946.16,946.16,0
2015-07-02,969.66,969.66,969.66,969.66,0
2015-07-03,970.36,970.36,970.36,970.36,0
2015-07-06,969.91,969.91,969.91,969.91,0
2015-07-07,968,968,968,968,0
2015-07-08,967.82,967.82,967.82,967.82,0
2015-07-09,960.66,960.66,960.66,960.66,0
2015-07-10,946.16,946.16,946.16,946.16,0
2015-07-13,945.97,945.97,945.97,945.97,0
2015-07-15,922.29,922.29,922.29,922.29,0
2015-07-16,898.45,898.45,898.45,898.45,0
2015-07-20,900.81,900.81,900.81,900.81,0
2015-07-21,901.91,901.91,901.91,901.91,0
2015-07-22,901.91,901.91,901.91,901.91,0
2015-07-23,901.91,901.91,901.91,901.91,0
2015-07-24,961.58,961.58,961.58,961.58,0
2015-07-27,899.52,899.52,899.52,899.52,0
2015-07-28,899.52,899.52,899.52,899.52,0
2015-07-29,899.52,899.52,899.52,899.52,0
2015-07-30,899.52,899.52,899.52,899.52,0
2015-07-31,899.55,899.55,899.55,899.55,0
2015-08-03,900.75,900.75,900.75,900.75,0
2015-08-04,900.75,900.75,900.75,900.75,0
2015-08-05,901.36,901.36,901.36,901.36,0
2015-08-06,901.36,901.36,901.36,901.36,0
2015-08-10,901.36,901.36,901.36,901.36,0
2015-08-11,901.36,901.36,901.36,901.36,0
2015-08-12,877.47,877.47,877.47,877.47,0
2015-08-13,877.49,877.49,877.49,877.49,0
2015-08-14,901.36,901.36,901.36,901.36,0
2015-08-17,901.36,901.36,901.36,901.36,0
2015-08-18,963.41,963.41,963.41,963.41,0
2015-08-19,901.36,901.36,901.36,901.36,0
2015-08-20,901.36,901.36,901.36,901.36,0
2015-08-21,907.5,907.5,907.5,907.5,0
2015-08-24,926.6,926.6,926.6,926.6,0
2015-08-25,926.6,926.6,926.6,926.6,0
2015-08-26,926.62,926.62,926.62,926.62,0
2015-08-27,926.62,926.62,926.62,926.62,0
2015-08-28,926.6,926.6,926.6,926.6,0
2015-08-31,903.74,903.74,903.74,903.74,0
2015-09-01,925.22,925.22,925.22,925.22,0
2015-09-02,925.22,925.22,925.22,925.22,0
2015-09-03,925.22,925.22,925.22,925.22,0
2015-09-04,925.22,925.22,925.22,925.22,0
2015-09-07,925.22,925.22,925.22,925.22,0
2015-09-08,903.74,903.74,903.74,903.74,0
2015-09-09,925.22,925.22,925.22,925.22,0
2015-09-10,924.31,924.31,924.31,924.31,0
2015-09-11,924.31,924.31,924.31,924.31,0
2015-09-14,929.99,929.99,929.99,929.99,0
2015-09-15,949.09,949.09,949.09,949.09,0
2015-09-16,937.15,937.15,937.15,937.15,0
2015-09-17,939.54,939.54,939.54,939.54,0
2015-09-18,949.09,949.09,949.09,949.09,0
2015-09-21,949.09,949.09,949.09,949.09,0
2015-09-22,949.07,949.07,949.07,949.07,0
2015-09-23,949.12,949.12,949.12,949.12,0
2015-09-25,948.7,948.7,948.7,948.7,0
2015-09-28,972.57,972.57,972.57,972.57,0
2015-09-29,948.7,948.7,948.7,948.7,0
2015-09-30,948.54,948.54,948.54,948.54,0
2015-10-01,947.26,947.26,947.26,947.26,0
2015-10-02,947.05,947.05,947.05,947.05,0
2015-10-05,947.05,947.05,947.05,947.05,0
2015-10-06,946.87,946.87,946.87,946.87,0
2015-10-07,925.22,925.22,925.22,925.22,0
2015-10-08,951.11,951.11,951.11,951.11,0
2015-10-09,946.33,946.33,946.33,946.33,0
2015-10-12,946.8,946.8,946.8,946.8,0
2015-10-13,969.29,969.29,969.29,969.29,0
2015-10-14,950.2,950.2,950.2,950.2,0
2015-10-15,950.2,950.2,950.2,950.2,0
2015-10-16,950.2,950.2,950.2,950.2,0
2015-10-19,1012.25,1012.25,1012.25,1012.25,0
2015-10-20,1074.3,1074.3,1074.3,1074.3,0
2015-10-21,1017.02,1017.02,1017.02,1017.02,0
2015-10-22,1019.41,1019.41,1019.41,1019.41,0
2015-10-23,1019.41,1019.41,1019.41,1019.41,0
2015-10-26,1026.57,1026.57,1026.57,1026.57,0
2015-10-27,1026.62,1026.62,1026.62,1026.62,0
2015-10-28,1065.63,1065.63,1065.63,1065.63,0
2015-10-30,1056.09,1056.09,1056.09,1056.09,0
2015-11-02,1089.74,1089.74,1089.74,1089.74,0
2015-11-03,1130.07,1130.07,1130.07,1130.07,0
2015-11-04,1113.36,1113.36,1113.36,1113.36,0
2015-11-05,1161.1,1161.1,1161.1,1161.1,0
2015-11-06,1161.1,1161.1,1161.1,1161.1,0
2015-11-09,1247.21,1247.21,1247.21,1247.21,0
2015-11-10,1214.55,1214.55,1214.55,1214.55,0
2015-11-11,1246.68,1246.68,1246.68,1246.68,0
2015-11-12,1249.43,1249.43,1249.43,1249.43,0
2015-11-13,1243.22,1243.22,1243.22,1243.22,0
2015-11-16,1245.02,1245.02,1245.02,1245.02,0
2015-11-17,1259.34,1259.34,1259.34,1259.34,0
2015-11-18,1250.16,1250.16,1250.16,1250.16,0
2015-11-19,1283.58,1283.58,1283.58,1283.58,0
2015-11-20,1259.71,1259.71,1259.71,1259.71,0
2015-11-23,1259.71,1259.71,1259.71,1259.71,0
2015-11-24,1283.58,1283.58,1283.58,1283.58,0
2015-11-25,1283.58,1283.58,1283.58,1283.58,0
2015-11-26,1283.56,1283.56,1283.56,1283.56,0
2015-11-27,1283.58,1283.58,1283.58,1283.58,0
2015-11-30,1235.84,1235.84,1235.84,1235.84,0
2015-12-01,1259.71,1259.71,1259.71,1259.71,0
2015-12-02,1340.49,1340.49,1340.49,1340.49,0
2015-12-03,1307.44,1307.44,1307.44,1307.44,0
2015-12-04,1307.44,1307.44,1307.44,1307.44,0
2015-12-07,1307.05,1307.05,1307.05,1307.05,0
2015-12-08,1307.42,1307.42,1307.42,1307.42,0
2015-12-09,1307.42,1307.42,1307.42,1307.42,0
2015-12-10,1283.19,1283.19,1283.19,1283.19,0
2015-12-11,1258.98,1258.98,1258.98,1258.98,0
2015-12-14,1211.25,1211.25,1211.25,1211.25,0
2015-12-15,1196.93,1196.93,1196.93,1196.93,0
2015-12-16,1258.98,1258.98,1258.98,1258.98,0
2015-12-17,1304.32,1304.32,1304.32,1304.32,0
2015-12-18,1304.32,1304.32,1304.32,1304.32,0
2015-12-21,1306.69,1306.69,1306.69,1306.69,0
2015-12-22,1306.71,1306.71,1306.71,1306.71,0
2015-12-23,1344.87,1344.87,1344.87,1344.87,0
2015-12-28,1421.27,1421.27,1421.27,1421.27,0
2015-12-29,1426.38,1426.38,1426.38,1426.38,0
2015-12-30,1419.61,1419.61,1419.61,1419.61,0
2015-12-31,1524.65,1524.65,1524.65,1524.65,0
2016-01-04,1524.65,1524.65,1524.65,1524.65,0
2016-01-05,1411.71,1411.71,1411.71,1411.71,0
2016-01-06,1354.81,1354.81,1354.81,1354.81,0
2016-01-07,1340.49,1340.49,1340.49,1340.49,0
2016-01-08,1340.49,1340.49,1340.49,1340.49,0
2016-01-11,1326.17,1326.17,1326.17,1326.17,0
2016-01-12,1326.17,1326.17,1326.17,1326.17,0
2016-01-13,1307.08,1307.08,1307.08,1307.08,0
2016-01-14,1403.37,1403.37,1403.37,1403.37,0
2016-01-15,1306.71,1306.71,1306.71,1306.71,0
2016-01-18,1306.71,1306.71,1306.71,1306.71,0
2016-01-19,1306.71,1306.71,1306.71,1306.71,0
2016-01-20,1306.71,1306.71,1306.71,1306.71,0
2016-01-21,1306.71,1306.71,1306.71,1306.71,0
2016-01-22,1292.41,1292.41,1292.41,1292.41,0
2016-01-25,1306.32,1306.32,1306.32,1306.32,0
2016-01-26,1292.5,1292.5,1292.5,1292.5,0
2016-01-27,1292.5,1292.5,1292.5,1292.5,0
2016-01-28,1292.5,1292.5,1292.5,1292.5,0
2016-01-29,1292.05,1292.05,1292.05,1292.05,0
2016-02-01,1292.05,1292.05,1292.05,1292.05,0
2016-02-02,1292.05,1292.05,1292.05,1292.05,0
2016-02-03,1306.34,1306.34,1306.34,1306.34,0
2016-02-04,1307.08,1307.08,1307.08,1307.08,0
2016-02-05,1307.08,1307.08,1307.08,1307.08,0
2016-02-08,1307.1,1307.1,1307.1,1307.1,0
2016-02-09,1302.32,1302.32,1302.32,1302.32,0
2016-02-10,1308.45,1308.45,1308.45,1308.45,0
2016-02-11,1287.98,1287.98,1287.98,1287.98,0
2016-02-12,1297.53,1297.53,1297.53,1297.53,0
2016-02-15,1297.53,1297.53,1297.53,1297.53,0
2016-02-16,1302.3,1302.3,1302.3,1302.3,0
2016-02-17,1307.08,1307.08,1307.08,1307.08,0
2016-02-18,1307.04,1307.04,1307.04,1307.04,0
2016-02-19,1234.47,1234.47,1234.47,1234.47,0
2016-02-22,1307.02,1307.02,1307.02,1307.02,0
2016-02-23,1307.02,1307.02,1307.02,1307.02,0
2016-02-24,1307.04,1307.04,1307.04,1307.04,0
2016-02-25,1340.45,1340.45,1340.45,1340.45,0
2016-02-26,1314.01,1314.01,1314.01,1314.01,0
2016-02-29,1378.64,1378.64,1378.64,1378.64,0
2016-03-01,1377.94,1377.94,1377.94,1377.94,0
2016-03-02,1392.57,1392.57,1392.57,1392.57,0
2016-03-03,1449.85,1449.85,1449.85,1449.85,0
2016-03-04,1461.45,1461.45,1461.45,1461.45,0
2016-03-07,1449.54,1449.54,1449.54,1449.54,0
2016-03-08,1449.54,1449.54,1449.54,1449.54,0
2016-03-09,1449.54,1449.54,1449.54,1449.54,0
2016-03-10,1449.54,1449.54,1449.54,1449.54,0
2016-03-11,1425.67,1425.67,1425.67,1425.67,0
2016-03-14,1425.63,1425.63,1425.63,1425.63,0
2016-03-15,1380.31,1380.31,1380.31,1380.31,0
2016-03-16,1377.95,1377.95,1377.95,1377.95,0
2016-03-17,1377.92,1377.92,1377.92,1377.92,0
2016-03-18,1423.24,1423.24,1423.24,1423.24,0
2016-03-21,1420.9,1420.9,1420.9,1420.9,0
2016-03-22,1420.9,1420.9,1420.9,1420.9,0
2016-03-23,1423.29,1423.29,1423.29,1423.29,0
2016-03-24,1425.67,1425.67,1425.67,1425.67,0
2016-03-25,1418.54,1418.54,1418.54,1418.54,0
2016-03-29,1418.51,1418.51,1418.51,1418.51,0
2016-03-30,1400.49,1400.49,1400.49,1400.49,0
2016-03-31,1424.35,1424.35,1424.35,1424.35,0
2016-04-01,1401.7,1401.7,1401.7,1401.7,0
2016-04-04,1412.09,1412.09,1412.09,1412.09,0
2016-04-05,1402.54,1402.54,1402.54,1402.54,0
2016-04-06,1426.41,1426.41,1426.41,1426.41,0
2016-04-07,1426.41,1426.41,1426.41,1426.41,0
2016-04-08,1402.54,1402.54,1402.54,1402.54,0
2016-04-11,1402.54,1402.54,1402.54,1402.54,0
2016-04-12,1402.54,1402.54,1402.54,1402.54,0
2016-04-13,1407.68,1407.68,1407.68,1407.68,0
2016-04-14,1402.91,1402.91,1402.91,1402.91,0
2016-04-15,1402.91,1402.91,1402.91,1402.91,0
2016-04-18,1359.97,1359.97,1359.97,1359.97,0
2016-04-19,1426.77,1426.77,1426.77,1426.77,0
2016-04-20,1403.75,1403.75,1403.75,1403.75,0
2016-04-21,1427.14,1427.14,1427.14,1427.14,0
2016-04-22,1472.48,1472.48,1472.48,1472.48,0
2016-04-25,1427.19,1427.19,1427.19,1427.19,0
2016-04-26,1426.77,1426.77,1426.77,1426.77,0
2016-04-27,1450.64,1450.64,1450.64,1450.64,0
2016-04-28,1498,1498,1498,1498,0
2016-04-29,1498.74,1498.74,1498.74,1498.74,0
2016-05-03,1498.74,1498.74,1498.74,1498.74,0
2016-05-04,1498.74,1498.74,1498.74,1498.74,0
2016-05-06,1403.27,1403.27,1403.27,1403.27,0
2016-05-09,1403.27,1403.27,1403.27,1403.27,0
2016-05-10,1388.95,1388.95,1388.95,1388.95,0
2016-05-11,1427.14,1427.14,1427.14,1427.14,0
2016-05-12,1428.61,1428.61,1428.61,1428.61,0
2016-05-13,1430.13,1430.13,1430.13,1430.13,0
2016-05-17,1431.58,1431.58,1431.58,1431.58,0
2016-05-18,1474.47,1474.47,1474.47,1474.47,0
2016-05-19,1431.53,1431.53,1431.53,1431.53,0
2016-05-20,1503.13,1503.13,1503.13,1503.13,0
2016-05-23,1455.4,1455.4,1455.4,1455.4,0
2016-05-24,1455.4,1455.4,1455.4,1455.4,0
2016-05-25,1479.27,1479.27,1479.27,1479.27,0
2016-05-26,1455.03,1455.03,1455.03,1455.03,0
2016-05-27,1455.03,1455.03,1455.03,1455.03,0
2016-05-30,1431.17,1431.17,1431.17,1431.17,0
2016-05-31,1502.77,1502.77,1502.77,1502.77,0
2016-06-01,1502.77,1502.77,1502.77,1502.77,0
2016-06-02,1502.77,1502.77,1502.77,1502.77,0
2016-06-03,1477.75,1477.75,1477.75,1477.75,0
2016-06-06,1477.75,1477.75,1477.75,1477.75,0
2016-06-07,1501.61,1501.61,1501.61,1501.61,0
2016-06-08,1502.77,1502.77,1502.77,1502.77,0
2016-06-09,1502.77,1502.77,1502.77,1502.77,0
2016-06-10,1502.77,1502.77,1502.77,1502.77,0
2016-06-13,1502.77,1502.77,1502.77,1502.77,0
2016-06-14,1455.06,1455.06,1455.06,1455.06,0
2016-06-15,1478.9,1478.9,1478.9,1478.9,0
2016-06-16,1502.74,1502.74,1502.74,1502.74,0
2016-06-17,1478.53,1478.53,1478.53,1478.53,0
2016-06-20,1478.53,1478.53,1478.53,1478.53,0
2016-06-21,1454.67,1454.67,1454.67,1454.67,0
2016-06-22,1454.67,1454.67,1454.67,1454.67,0
2016-06-23,1454.67,1454.67,1454.67,1454.67,0
2016-06-24,1454.67,1454.67,1454.67,1454.67,0
2016-06-27,1455.03,1455.03,1455.03,1455.03,0
2016-06-28,1433.63,1433.63,1433.63,1433.63,0
2016-06-29,1454.67,1454.67,1454.67,1454.67,0
2016-06-30,1433.19,1433.19,1433.19,1433.19,0
2016-07-01,1406.96,1406.96,1406.96,1406.96,0
2016-07-04,1406.96,1406.96,1406.96,1406.96,0
2016-07-05,1406.96,1406.96,1406.96,1406.96,0
2016-07-07,1406.94,1406.94,1406.94,1406.94,0
2016-07-08,1406.94,1406.94,1406.94,1406.94,0
2016-07-11,1302.75,1302.75,1302.75,1302.75,0
2016-07-12,1215.66,1215.66,1215.66,1215.66,0
2016-07-13,1263.37,1263.37,1263.37,1263.37,0
2016-07-14,1215.88,1215.88,1215.88,1215.88,0
2016-07-15,1220.42,1220.42,1220.42,1220.42,0
2016-07-18,1220.42,1220.42,1220.42,1220.42,0
2016-07-19,1287.24,1287.24,1287.24,1287.24,0
2016-07-20,1267.8,1267.8,1267.8,1267.8,0
2016-07-21,1286.87,1286.87,1286.87,1286.87,0
2016-07-22,1286.87,1286.87,1286.87,1286.87,0
2016-07-25,1218.08,1218.08,1218.08,1218.08,0
2016-07-26,1287.24,1287.24,1287.24,1287.24,0
2016-07-27,1263.37,1263.37,1263.37,1263.37,0
2016-07-28,1263.01,1263.01,1263.01,1263.01,0
2016-07-29,1263.01,1263.01,1263.01,1263.01,0
2016-08-01,1263.01,1263.01,1263.01,1263.01,0
2016-08-02,1263.01,1263.01,1263.01,1263.01,0
2016-08-03,1263.53,1263.53,1263.53,1263.53,0
2016-08-04,1263.51,1263.51,1263.51,1263.51,0
2016-08-05,1263.06,1263.06,1263.06,1263.06,0
2016-08-09,1262.99,1262.99,1262.99,1262.99,0
2016-08-10,1285.22,1285.22,1285.22,1285.22,0
2016-08-11,1261.36,1261.36,1261.36,1261.36,0
2016-08-12,1261.84,1261.84,1261.84,1261.84,0
2016-08-16,1261.86,1261.86,1261.86,1261.86,0
2016-08-17,1288.09,1288.09,1288.09,1288.09,0
2016-08-18,1260.34,1260.34,1260.34,1260.34,0
2016-08-19,1286.51,1286.51,1286.51,1286.51,0
2016-08-22,1259.34,1259.34,1259.34,1259.34,0
2016-08-23,1259.34,1259.34,1259.34,1259.34,0
2016-08-24,1282.29,1282.29,1282.29,1282.29,0
2016-08-25,1282.29,1282.29,1282.29,1282.29,0
2016-08-26,1285.6,1285.6,1285.6,1285.6,0
2016-08-29,1286.33,1286.33,1286.33,1286.33,0
2016-08-30,1283.94,1283.94,1283.94,1283.94,0
2016-08-31,1282.51,1282.51,1282.51,1282.51,0
2016-09-01,1285.38,1285.38,1285.38,1285.38,0
2016-09-02,1285.38,1285.38,1285.38,1285.38,0
2016-09-05,1287.79,1287.79,1287.79,1287.79,0
2016-09-06,1287.84,1287.84,1287.84,1287.84,0
2016-09-07,1306.38,1306.38,1306.38,1306.38,0
2016-09-08,1330.25,1330.25,1330.25,1330.25,0
2016-09-09,1330.25,1330.25,1330.25,1330.25,0
2016-09-13,1425.71,1425.71,1425.71,1425.71,0
2016-09-14,1425.71,1425.71,1425.71,1425.71,0
2016-09-15,1331.56,1331.56,1331.56,1331.56,0
2016-09-16,1234.43,1234.43,1234.43,1234.43,0
2016-09-19,1234.43,1234.43,1234.43,1234.43,0
2016-09-20,1293.38,1293.38,1293.38,1293.38,0
2016-09-21,1293.38,1293.38,1293.38,1293.38,0
2016-09-22,1239.56,1239.56,1239.56,1239.56,0
2016-09-23,1240.87,1240.87,1240.87,1240.87,0
2016-09-26,1240.87,1240.87,1240.87,1240.87,0
2016-09-27,1236.1,1236.1,1236.1,1236.1,0
2016-09-28,1307.7,1307.7,1307.7,1307.7,0
2016-09-29,1307.7,1307.7,1307.7,1307.7,0
2016-09-30,1307.7,1307.7,1307.7,1307.7,0
2016-10-03,1283.83,1283.83,1283.83,1283.83,0
2016-10-04,1240.92,1240.92,1240.92,1240.92,0
2016-10-05,1307.7,1307.7,1307.7,1307.7,0
2016-10-06,1307.7,1307.7,1307.7,1307.7,0
2016-10-07,1379.3,1379.3,1379.3,1379.3,0
2016-10-10,1355.43,1355.43,1355.43,1355.43,0
2016-10-11,1355.43,1355.43,1355.43,1355.43,0
2016-10-12,1317.24,1317.24,1317.24,1317.24,0
2016-10-13,1307.7,1307.7,1307.7,1307.7,0
2016-10-14,1307.7,1307.7,1307.7,1307.7,0
2016-10-17,1307.02,1307.02,1307.02,1307.02,0
2016-10-18,1307.02,1307.02,1307.02,1307.02,0
2016-10-19,1306.98,1306.98,1306.98,1306.98,0
2016-10-20,1302.21,1302.21,1302.21,1302.21,0
2016-10-21,1354.24,1354.24,1354.24,1354.24,0
2016-10-24,1354.22,1354.22,1354.22,1354.22,0
2016-10-25,1354.7,1354.7,1354.7,1354.7,0
2016-10-26,1354.7,1354.7,1354.7,1354.7,0
2016-10-27,1354.7,1354.7,1354.7,1354.7,0
2016-10-28,1450.16,1450.16,1450.16,1450.16,0
2016-10-31,1450.16,1450.16,1450.16,1450.16,0
2016-11-02,1450.16,1450.16,1450.16,1450.16,0
2016-11-03,1450.16,1450.16,1450.16,1450.16,0
2016-11-04,1450.16,1450.16,1450.16,1450.16,0
2016-11-07,1450.16,1450.16,1450.16,1450.16,0
2016-11-08,1440.59,1440.59,1440.59,1440.59,0
2016-11-09,1342.76,1342.76,1342.76,1342.76,0
2016-11-10,1440.14,1440.14,1440.14,1440.14,0
2016-11-11,1445.36,1445.36,1445.36,1445.36,0
2016-11-14,1445.36,1445.36,1445.36,1445.36,0
2016-11-16,1445.36,1445.36,1445.36,1445.36,0
2016-11-17,1445.36,1445.36,1445.36,1445.36,0
2016-11-18,1445.36,1445.36,1445.36,1445.36,0
2016-11-21,1445.36,1445.36,1445.36,1445.36,0
2016-11-22,1402.43,1402.43,1402.43,1402.43,0
2016-11-23,1401.07,1401.07,1401.07,1401.07,0
2016-11-24,1401.07,1401.07,1401.07,1401.07,0
2016-11-25,1401.07,1401.07,1401.07,1401.07,0
2016-11-28,1394.58,1394.58,1394.58,1394.58,0
2016-11-29,1375.96,1375.96,1375.96,1375.96,0
2016-11-30,1442.76,1442.76,1442.76,1442.76,0
2016-12-01,1398.67,1398.67,1398.67,1398.67,0
2016-12-02,1441.59,1441.59,1441.59,1441.59,0
2016-12-05,1427.29,1427.29,1427.29,1427.29,0
2016-12-06,1427.29,1427.29,1427.29,1427.29,0
2016-12-07,1427.29,1427.29,1427.29,1427.29,0
2016-12-08,1374.79,1374.79,1374.79,1374.79,0
2016-12-09,1374.64,1374.64,1374.64,1374.64,0
2016-12-13,1374.64,1374.64,1374.64,1374.64,0
2016-12-14,1441.47,1441.47,1441.47,1441.47,0
2016-12-15,1436.69,1436.69,1436.69,1436.69,0
2016-12-16,1436.69,1436.69,1436.69,1436.69,0
2016-12-19,1336.46,1336.46,1336.46,1336.46,0
2016-12-20,1422.38,1422.38,1422.38,1422.38,0
2016-12-21,1441.47,1441.47,1441.47,1441.47,0
2016-12-22,1336.46,1336.46,1336.46,1336.46,0
2016-12-23,1374.64,1374.64,1374.64,1374.64,0
2016-12-27,1374.62,1374.62,1374.62,1374.62,0
2016-12-28,1431.92,1431.92,1431.92,1431.92,0
2016-12-29,1431.92,1431.92,1431.92,1431.92,0
2016-12-30,1431.92,1431.92,1431.92,1431.92,0
2017-01-02,1241.73,1241.73,1241.73,1241.73,0
2017-01-03,1431.92,1431.92,1431.92,1431.92,0
2017-01-04,1431.9,1431.9,1431.9,1431.9,0
2017-01-05,1431.92,1431.92,1431.92,1431.92,0
2017-01-06,1432.98,1432.98,1432.98,1432.98,0
2017-01-09,1432.98,1432.98,1432.98,1432.98,0
2017-01-10,1432.98,1432.98,1432.98,1432.98,0
2017-01-11,1432.98,1432.98,1432.98,1432.98,0
2017-01-12,1325.97,1325.97,1325.97,1325.97,0
2017-01-13,1227.64,1227.64,1227.64,1227.64,0
2017-01-16,1303.41,1303.41,1303.41,1303.41,0
2017-01-17,1303.41,1303.41,1303.41,1303.41,0
2017-01-18,1303.41,1303.41,1303.41,1303.41,0
2017-01-19,1302.93,1302.93,1302.93,1302.93,0
2017-01-20,1302.93,1302.93,1302.93,1302.93,0
2017-01-23,1301.03,1301.03,1301.03,1301.03,0
2017-01-24,1301.03,1301.03,1301.03,1301.03,0
2017-01-25,1301.03,1301.03,1301.03,1301.03,0
2017-01-26,1301.03,1301.03,1301.03,1301.03,0
2017-01-27,1298.64,1298.64,1298.64,1298.64,0
2017-01-30,1299.01,1299.01,1299.01,1299.01,0
2017-01-31,1299.01,1299.01,1299.01,1299.01,0
2017-02-01,1246.5,1246.5,1246.5,1246.5,0
2017-02-02,1241.73,1241.73,1241.73,1241.73,0
2017-02-03,1246.5,1246.5,1246.5,1246.5,0
2017-02-06,1246.5,1246.5,1246.5,1246.5,0
2017-02-07,1246.5,1246.5,1246.5,1246.5,0
2017-02-08,1245.55,1245.55,1245.55,1245.55,0
2017-02-09,1245.55,1245.55,1245.55,1245.55,0
2017-02-10,1241.73,1241.73,1241.73,1241.73,0
2017-02-13,1241.73,1241.73,1241.73,1241.73,0
2017-02-14,1241.36,1241.36,1241.36,1241.36,0
2017-02-15,1241.73,1241.73,1241.73,1241.73,0
2017-02-16,1241.73,1241.73,1241.73,1241.73,0
2017-02-17,1208.31,1208.31,1208.31,1208.31,0
2017-02-20,1207.85,1207.85,1207.85,1207.85,0
2017-02-21,1160.22,1160.22,1160.22,1160.22,0
2017-02-22,1160.22,1160.22,1160.22,1160.22,0
2017-02-23,1136.35,1136.35,1136.35,1136.35,0
2017-02-24,1136.35,1136.35,1136.35,1136.35,0
2017-02-27,1135.98,1135.98,1135.98,1135.98,0
2017-02-28,1133.6,1133.6,1133.6,1133.6,0
2017-03-01,1112.46,1112.46,1112.46,1112.46,0
2017-03-02,1112.46,1112.46,1112.46,1112.46,0
2017-03-03,1107.71,1107.71,1107.71,1107.71,0
2017-03-06,1133.6,1133.6,1133.6,1133.6,0
2017-03-07,1133.6,1133.6,1133.6,1133.6,0
2017-03-08,1133.6,1133.6,1133.6,1133.6,0
2017-03-09,1131.21,1131.21,1131.21,1131.21,0
2017-03-10,1112.12,1112.12,1112.12,1112.12,0
2017-03-13,1102.57,1102.57,1102.57,1102.57,0
2017-03-14,1112.09,1112.09,1112.09,1112.09,0
2017-03-15,1107.35,1107.35,1107.35,1107.35,0
2017-03-16,1064.39,1064.39,1064.39,1064.39,0
2017-03-17,1112.12,1112.12,1112.12,1112.12,0
2017-03-20,1112.12,1112.12,1112.12,1112.12,0
2017-03-21,1112.09,1112.09,1112.09,1112.09,0
2017-03-22,1112.12,1112.12,1112.12,1112.12,0
2017-03-23,1102.55,1102.55,1102.55,1102.55,0
2017-03-24,1102.57,1102.57,1102.57,1102.57,0
2017-03-27,1097.78,1097.78,1097.78,1097.78,0
2017-03-28,1097.78,1097.78,1097.78,1097.78,0
2017-03-29,1063.65,1063.65,1063.65,1063.65,0
2017-03-30,1042.65,1042.65,1042.65,1042.65,0
2017-03-31,1111.39,1111.39,1111.39,1111.39,0
2017-04-03,1111.39,1111.39,1111.39,1111.39,0
2017-04-04,1063.61,1063.61,1063.61,1063.61,0
2017-04-05,1058.88,1058.88,1058.88,1058.88,0
2017-04-06,1058.88,1058.88,1058.88,1058.88,0
2017-04-07,1058.88,1058.88,1058.88,1058.88,0
2017-04-10,1015.92,1015.92,1015.92,1015.92,0
2017-04-11,1015.92,1015.92,1015.92,1015.92,0
2017-04-12,982.51,982.51,982.51,982.51,0
2017-04-13,982.51,982.51,982.51,982.51,0
2017-04-14,977.74,977.74,977.74,977.74,0
2017-04-18,977.55,977.55,977.55,977.55,0
2017-04-19,967.98,967.98,967.98,967.98,0
2017-04-20,968.01,968.01,968.01,968.01,0
2017-04-21,1010.97,1010.97,1010.97,1010.97,0
2017-04-24,1006.19,1006.19,1006.19,1006.19,0
2017-04-25,984.71,984.71,984.71,984.71,0
2017-04-26,984.71,984.71,984.71,984.71,0
2017-04-27,982.3,982.3,982.3,982.3,0
2017-04-28,968.01,968.01,968.01,968.01,0
2017-05-02,991.92,991.92,991.92,991.92,0
2017-05-03,994.28,994.28,994.28,994.28,0
2017-05-04,968.01,968.01,968.01,968.01,0
2017-05-05,991.87,991.87,991.87,991.87,0
2017-05-08,994.26,994.26,994.26,994.26,0
2017-05-09,994.26,994.26,994.26,994.26,0
2017-05-10,977.58,977.58,977.58,977.58,0
2017-05-11,1049.7,1049.7,1049.7,1049.7,0
2017-05-12,1059.25,1059.25,1059.25,1059.25,0
2017-05-15,1059.25,1059.25,1059.25,1059.25,0
2017-05-16,1049.7,1049.7,1049.7,1049.7,0
2017-05-17,1006.77,1006.77,1006.77,1006.77,0
2017-05-18,1006.74,1006.74,1006.74,1006.74,0
2017-05-19,1006.74,1006.74,1006.74,1006.74,0
2017-05-22,1006.79,1006.79,1006.79,1006.79,0
2017-05-23,1064.02,1064.02,1064.02,1064.02,0
2017-05-24,1064.02,1064.02,1064.02,1064.02,0
2017-05-26,1006.74,1006.74,1006.74,1006.74,0
2017-05-29,1006.74,1006.74,1006.74,1006.74,0
2017-05-30,1006.74,1006.74,1006.74,1006.74,0
2017-05-31,1068.79,1068.79,1068.79,1068.79,0
2017-06-01,1006.74,1006.74,1006.74,1006.74,0
2017-06-02,1025.84,1025.84,1025.84,1025.84,0
2017-06-06,1025.84,1025.84,1025.84,1025.84,0
2017-06-07,1040.15,1040.15,1040.15,1040.15,0
2017-06-08,1040.15,1040.15,1040.15,1040.15,0
2017-06-09,1026.57,1026.57,1026.57,1026.57,0
2017-06-12,1026.57,1026.57,1026.57,1026.57,0
2017-06-13,1016.29,1016.29,1016.29,1016.29,0
2017-06-14,1068.79,1068.79,1068.79,1068.79,0
2017-06-15,1068.79,1068.79,1068.79,1068.79,0
2017-06-16,1068.79,1068.79,1068.79,1068.79,0
2017-06-19,989.68,989.68,989.68,989.68,0
2017-06-20,1059.25,1059.25,1059.25,1059.25,0
2017-06-21,1068.79,1068.79,1068.79,1068.79,0
2017-06-23,1061.63,1061.63,1061.63,1061.63,0
2017-06-27,1061.63,1061.63,1061.63,1061.63,0
2017-06-28,1061.63,1061.63,1061.63,1061.63,0
2017-06-29,1062.37,1062.37,1062.37,1062.37,0
2017-06-30,1040.86,1040.86,1040.86,1040.86,0
2017-07-03,963.92,963.92,963.92,963.92,0
2017-07-04,969.29,969.29,969.29,969.29,0
2017-07-05,963.74,963.74,963.74,963.74,0
2017-07-06,892.52,892.52,892.52,892.52,0
2017-07-07,957.33,957.33,957.33,957.33,0
2017-07-10,938.5,938.5,938.5,938.5,0
2017-07-11,937.77,937.77,937.77,937.77,0
2017-07-12,938.14,938.14,938.14,938.14,0
2017-07-13,937.9,937.9,937.9,937.9,0
2017-07-14,937.9,937.9,937.9,937.9,0
2017-07-17,937.9,937.9,937.9,937.9,0
2017-07-18,905.16,905.16,905.16,905.16,0
2017-07-19,969.6,969.6,969.6,969.6,0
2017-07-20,940.96,940.96,940.96,940.96,0
2017-07-21,936.19,936.19,936.19,936.19,0
2017-07-24,936.19,936.19,936.19,936.19,0
2017-07-25,921.87,921.87,921.87,921.87,0
2017-07-26,916.78,916.78,916.78,916.78,0
2017-07-27,912.01,912.01,912.01,912.01,0
2017-07-28,897.69,897.69,897.69,897.69,0
2017-07-31,962.13,962.13,962.13,962.13,0
2017-08-01,967.73,967.73,967.73,967.73,0
2017-08-02,939.09,939.09,939.09,939.09,0
2017-08-03,945.06,945.06,945.06,945.06,0
2017-08-04,1004.72,1004.72,1004.72,1004.72,0
2017-08-08,1016.65,1016.65,1016.65,1016.65,0
2017-08-09,1016.65,1016.65,1016.65,1016.65,0
2017-08-10,1064.38,1064.38,1064.38,1064.38,0
2017-08-11,1076.32,1076.32,1076.32,1076.32,0
2017-08-14,1064.02,1064.02,1064.02,1064.02,0
2017-08-16,1061.27,1061.27,1061.27,1061.27,0
2017-08-17,1061.27,1061.27,1061.27,1061.27,0
2017-08-18,1061.27,1061.27,1061.27,1061.27,0
2017-08-21,1039.79,1039.79,1039.79,1039.79,0
2017-08-22,1063.65,1063.65,1063.65,1063.65,0
2017-08-23,1015.92,1015.92,1015.92,1015.92,0
2017-08-24,1015.66,1015.66,1015.66,1015.66,0
2017-08-25,967.93,967.93,967.93,967.93,0
2017-08-28,1039.79,1039.79,1039.79,1039.79,0
2017-08-29,968.19,968.19,968.19,968.19,0
2017-08-30,1039.79,1039.79,1039.79,1039.79,0
2017-08-31,1039.79,1039.79,1039.79,1039.79,0
2017-09-04,1039.79,1039.79,1039.79,1039.79,0
2017-09-05,1039.79,1039.79,1039.79,1039.79,0
2017-09-06,963.78,963.78,963.78,963.78,0
2017-09-07,968.55,968.55,968.55,968.55,0
2017-09-08,968.19,968.19,968.19,968.19,0
2017-09-11,968.19,968.19,968.19,968.19,0
2017-09-12,968.19,968.19,968.19,968.19,0
2017-09-13,968.19,968.19,968.19,968.19,0
2017-09-14,968.19,968.19,968.19,968.19,0
2017-09-15,921.63,921.63,921.63,921.63,0
2017-09-18,919.25,919.25,919.25,919.25,0
2017-09-19,919.25,919.25,919.25,919.25,0
2017-09-20,968.17,968.17,968.17,968.17,0
2017-09-21,916.86,916.86,916.86,916.86,0
2017-09-22,965.78,965.78,965.78,965.78,0
2017-09-25,896.57,896.57,896.57,896.57,0
2017-10-02,910.89,910.89,910.89,910.89,0
2017-10-03,896.57,896.57,896.57,896.57,0
2017-10-04,896.57,896.57,896.57,896.57,0
2017-10-05,896.57,896.57,896.57,896.57,0
2017-10-06,872.71,872.71,872.71,872.71,0
2017-10-09,848.84,848.84,848.84,848.84,0
2017-10-10,907.79,907.79,907.79,907.79,0
2017-10-11,967.46,967.46,967.46,967.46,0
2017-10-12,895.86,895.86,895.86,895.86,0
2017-10-13,846.93,846.93,846.93,846.93,0
2017-10-16,831.42,831.42,831.42,831.42,0
2017-10-17,824.26,824.26,824.26,824.26,0
2017-10-18,847.76,847.76,847.76,847.76,0
2017-10-19,909.81,909.81,909.81,909.81,0
2017-10-20,843.17,843.17,843.17,843.17,0
2017-10-23,824.08,824.08,824.08,824.08,0
2017-10-24,764.41,764.41,764.41,764.41,0
2017-10-25,820.5,820.5,820.5,820.5,0
2017-10-26,880.16,880.16,880.16,880.16,0
2017-10-27,895.68,895.68,895.68,895.68,0
2017-10-30,943.44,943.44,943.44,943.44,0
2017-10-31,967.31,967.31,967.31,967.31,0
2017-11-02,955.38,955.38,955.38,955.38,0
2017-11-03,943.44,943.44,943.44,943.44,0
2017-11-06,967.31,967.31,967.31,967.31,0
2017-11-07,967.31,967.31,967.31,967.31,0
2017-11-08,1013.85,1013.85,1013.85,1013.85,0
2017-11-09,967.31,967.31,967.31,967.31,0
2017-11-10,943.44,943.44,943.44,943.44,0
2017-11-13,967.31,967.31,967.31,967.31,0
2017-11-14,967.31,967.31,967.31,967.31,0
2017-11-16,1038.91,1038.91,1038.91,1038.91,0
2017-11-17,962.54,962.54,962.54,962.54,0
2017-11-20,919.58,919.58,919.58,919.58,0
2017-11-21,967.31,967.31,967.31,967.31,0
2017-11-22,942.25,942.25,942.25,942.25,0
2017-11-23,895.71,895.71,895.71,895.71,0
2017-11-24,871.85,871.85,871.85,871.85,0
2017-11-27,895.71,895.71,895.71,895.71,0
2017-11-28,883.78,883.78,883.78,883.78,0
2017-11-29,943.44,943.44,943.44,943.44,0
2017-11-30,919.58,919.58,919.58,919.58,0
2017-12-04,894.52,894.52,894.52,894.52,0
2017-12-05,943.44,943.44,943.44,943.44,0
2017-12-06,1012.65,1012.65,1012.65,1012.65,0
2017-12-07,989.98,989.98,989.98,989.98,0
2017-12-08,931.51,931.51,931.51,931.51,0
2017-12-11,964.92,964.92,964.92,964.92,0
2017-12-12,991.17,991.17,991.17,991.17,0
2017-12-13,1050.84,1050.84,1050.84,1050.84,0
2017-12-14,1037.71,1037.71,1037.71,1037.71,0
2017-12-15,966.37,966.37,966.37,966.37,0
2017-12-18,1026.04,1026.04,1026.04,1026.04,0
2017-12-19,1037.97,1037.97,1037.97,1037.97,0
2017-12-20,1061.84,1061.84,1061.84,1061.84,0
2017-12-21,1060.64,1060.64,1060.64,1060.64,0
2017-12-22,1138.21,1138.21,1138.21,1138.21,0
2017-12-26,1137.02,1137.02,1137.02,1137.02,0
2017-12-27,1132.24,1132.24,1132.24,1132.24,0
2017-12-28,1202.65,1202.65,1202.65,1202.65,0
2017-12-29,1202.65,1202.65,1202.65,1202.65,0
2018-01-02,1114.34,1114.34,1114.34,1114.34,0
2018-01-03,1193.1,1193.1,1193.1,1193.1,0
2018-01-04,1179.77,1179.77,1179.77,1179.77,0
2018-01-05,1157.1,1157.1,1157.1,1157.1,0
2018-01-08,1132.04,1132.04,1132.04,1132.04,0
2018-01-09,1062.83,1062.83,1062.83,1062.83,0
2018-01-10,1109.37,1109.37,1109.37,1109.37,0
2018-01-11,1109.37,1109.37,1109.37,1109.37,0
2018-01-12,1109.37,1109.37,1109.37,1109.37,0
2018-01-15,1062.83,1062.83,1062.83,1062.83,0
2018-01-16,1062.83,1062.83,1062.83,1062.83,0
2018-01-17,1109.37,1109.37,1109.37,1109.37,0
2018-01-18,1085.5,1085.5,1085.5,1085.5,0
2018-01-19,1062.83,1062.83,1062.83,1062.83,0
2018-01-22,1085.5,1085.5,1085.5,1085.5,0
2018-01-23,1084.31,1084.31,1084.31,1084.31,0
2018-01-24,1081.92,1081.92,1081.92,1081.92,0
2018-01-25,1072.38,1072.38,1072.38,1072.38,0
2018-01-26,1052.09,1052.09,1052.09,1052.09,0
2018-01-29,1052.09,1052.09,1052.09,1052.09,0
2018-01-30,1061.64,1061.64,1061.64,1061.64,0
2018-01-31,1049.7,1049.7,1049.7,1049.7,0
2018-02-01,1001.97,1001.97,1001.97,1001.97,0
2018-02-02,966.17,966.17,966.17,966.17,0
2018-02-05,979.94,979.94,979.94,979.94,0
2018-02-06,1025.84,1025.84,1025.84,1025.84,0
2018-02-07,1061.64,1061.64,1061.64,1061.64,0
2018-02-08,1060.44,1060.44,1060.44,1060.44,0
2018-02-09,1049.7,1049.7,1049.7,1049.7,0
2018-02-12,1025.84,1025.84,1025.84,1025.84,0
2018-02-13,1015.1,1015.1,1015.1,1015.1,0
2018-02-14,1084.31,1084.31,1084.31,1084.31,0
2018-02-15,1037.77,1037.77,1037.77,1037.77,0
2018-02-16,1084.31,1084.31,1084.31,1084.31,0
2018-02-19,1084.31,1084.31,1084.31,1084.31,0
2018-02-20,1084.31,1084.31,1084.31,1084.31,0
2018-02-21,1133.23,1133.23,1133.23,1133.23,0
2018-02-22,1085.5,1085.5,1085.5,1085.5,0
2018-02-23,1085.5,1085.5,1085.5,1085.5,0
2018-02-26,1085.32,1085.32,1085.32,1085.32,0
2018-02-27,1084.95,1084.95,1084.95,1084.95,0
2018-02-28,1084.95,1084.95,1084.95,1084.95,0
2018-03-01,1037.22,1037.22,1037.22,1037.22,0
2018-03-02,1062.28,1062.28,1062.28,1062.28,0
2018-03-05,1063.47,1063.47,1063.47,1063.47,0
2018-03-06,1083.76,1083.76,1083.76,1083.76,0
2018-03-07,1132.68,1132.68,1132.68,1132.68,0
2018-03-08,1156.55,1156.55,1156.55,1156.55,0
2018-03-09,1131.49,1131.49,1131.49,1131.49,0
2018-03-12,1129.93,1129.93,1129.93,1129.93,0
2018-03-13,1084.13,1084.13,1084.13,1084.13,0
2018-03-14,1155.82,1155.82,1155.82,1155.82,0
2018-03-15,1148.66,1148.66,1148.66,1148.66,0
2018-03-16,1143.88,1143.88,1143.88,1143.88,0
2018-03-19,1132.72,1132.72,1132.72,1132.72,0
2018-03-20,1145.48,1145.48,1145.48,1145.48,0
2018-03-21,1181.28,1181.28,1181.28,1181.28,0
2018-03-22,1112.07,1112.07,1112.07,1112.07,0
2018-03-23,1085.81,1085.81,1085.81,1085.81,0
2018-03-26,1157.41,1157.41,1157.41,1157.41,0
2018-03-27,1180.42,1180.42,1180.42,1180.42,0
2018-03-28,1161.32,1161.32,1161.32,1161.32,0
2018-03-29,1150.58,1150.58,1150.58,1150.58,0
2018-03-30,1108.82,1108.82,1108.82,1108.82,0
2018-04-03,1108.82,1108.82,1108.82,1108.82,0
2018-04-04,1108.82,1108.82,1108.82,1108.82,0
2018-04-05,1073.02,1073.02,1073.02,1073.02,0
2018-04-06,1106.43,1106.43,1106.43,1106.43,0
2018-04-09,1104.05,1104.05,1104.05,1104.05,0
2018-04-10,1108.82,1108.82,1108.82,1108.82,0
2018-04-11,1108.82,1108.82,1108.82,1108.82,0
2018-04-12,1100.93,1100.93,1100.93,1100.93,0
2018-04-13,1031.25,1031.25,1031.25,1031.25,0
2018-04-16,1083.03,1083.03,1083.03,1083.03,0
2018-04-17,1083.03,1083.03,1083.03,1083.03,0
2018-04-18,1024.56,1024.56,1024.56,1024.56,0
2018-04-19,989.53,989.53,989.53,989.53,0
2018-04-20,1041.17,1041.17,1041.17,1041.17,0
2018-04-23,1060.26,1060.26,1060.26,1060.26,0
2018-04-24,1014.56,1014.56,1014.56,1014.56,0
2018-04-25,1013.37,1013.37,1013.37,1013.37,0
2018-04-26,966.83,966.83,966.83,966.83,0
2018-04-27,941.77,941.77,941.77,941.77,0
2018-04-30,989.51,989.51,989.51,989.51,0
2018-05-02,916.71,916.71,916.71,916.71,0
2018-05-03,916.71,916.71,916.71,916.71,0
2018-05-04,894.04,894.04,894.04,894.04,0
2018-05-07,895.24,895.24,895.24,895.24,0
2018-05-08,895.24,895.24,895.24,895.24,0
2018-05-09,895.24,895.24,895.24,895.24,0
2018-05-11,869.28,869.28,869.28,869.28,0
2018-05-14,834.67,834.67,834.67,834.67,0
2018-05-15,834.67,834.67,834.67,834.67,0
2018-05-16,775.01,775.01,775.01,775.01,0
2018-05-17,750.76,750.76,750.76,750.76,0
2018-05-18,726.89,726.89,726.89,726.89,0
2018-05-22,780.59,780.59,780.59,780.59,0
2018-05-23,786.56,786.56,786.56,786.56,0
2018-05-24,786.56,786.56,786.56,786.56,0
2018-05-25,798.49,798.49,798.49,798.49,0
2018-05-28,797.3,797.3,797.3,797.3,0
2018-05-29,779.4,779.4,779.4,779.4,0
2018-05-30,726.89,726.89,726.89,726.89,0
2018-05-31,774.62,774.62,774.62,774.62,0
2018-06-01,750.76,750.76,750.76,750.76,0
2018-06-04,755.53,755.53,755.53,755.53,0
2018-06-05,774.62,774.62,774.62,774.62,0
2018-06-06,774.62,774.62,774.62,774.62,0
2018-06-07,774.33,774.33,774.33,774.33,0
2018-06-08,795.81,795.81,795.81,795.81,0
2018-06-12,798.2,798.2,798.2,798.2,0
2018-06-13,845.93,845.93,845.93,845.93,0
2018-06-15,845.93,845.93,845.93,845.93,0
2018-06-18,834,834,834,834,0
2018-06-19,845.93,845.93,845.93,845.93,0
2018-06-20,857.86,857.86,857.86,857.86,0
2018-06-21,845.93,845.93,845.93,845.93,0
2018-06-22,857.86,857.86,857.86,857.86,0
2018-06-25,921.11,921.11,921.11,921.11,0
2018-06-26,989.12,989.12,989.12,989.12,0
2018-06-27,986.74,986.74,986.74,986.74,0
2018-06-28,965.26,965.26,965.26,965.26,0
2018-06-29,965.26,965.26,965.26,965.26,0
2018-07-02,917.53,917.53,917.53,917.53,0
2018-07-03,917.53,917.53,917.53,917.53,0
2018-07-04,917.53,917.53,917.53,917.53,0
2018-07-05,917.53,917.53,917.53,917.53,0
2018-07-06,905.59,905.59,905.59,905.59,0
2018-07-09,881.73,881.73,881.73,881.73,0
2018-07-10,869.79,869.79,869.79,869.79,0
2018-07-11,845.93,845.93,845.93,845.93,0
2018-07-12,794.62,794.62,794.62,794.62,0
2018-07-13,853.09,853.09,853.09,853.09,0
2018-07-16,881.73,881.73,881.73,881.73,0
2018-07-17,845.93,845.93,845.93,845.93,0
2018-07-18,845.93,845.93,845.93,845.93,0
2018-07-19,822.06,822.06,822.06,822.06,0
2018-07-20,798.2,798.2,798.2,798.2,0
2018-07-23,798.2,798.2,798.2,798.2,0
2018-07-24,786.26,786.26,786.26,786.26,0
2018-07-25,810.13,810.13,810.13,810.13,0
2018-07-26,810.13,810.13,810.13,810.13,0
2018-07-27,785.07,785.07,785.07,785.07,0
2018-07-30,749.27,749.27,749.27,749.27,0
2018-07-31,798.2,798.2,798.2,798.2,0
2018-08-01,774.11,774.11,774.11,774.11,0
2018-08-02,774.11,774.11,774.11,774.11,0
2018-08-03,774.11,774.11,774.11,774.11,0
2018-08-08,809.91,809.91,809.91,809.91,0
2018-08-09,796.78,796.78,796.78,796.78,0
2018-08-10,786.04,786.04,786.04,786.04,0
2018-08-13,795.59,795.59,795.59,795.59,0
2018-08-14,797.98,797.98,797.98,797.98,0
2018-08-16,749.71,749.71,749.71,749.71,0
2018-08-17,749.71,749.71,749.71,749.71,0
2018-08-20,747.33,747.33,747.33,747.33,0
2018-08-22,725.85,725.85,725.85,725.85,0
2018-08-23,725.85,725.85,725.85,725.85,0
2018-08-24,725.85,725.85,725.85,725.85,0
2018-08-27,724.65,724.65,724.65,724.65,0
2018-08-28,723.46,723.46,723.46,723.46,0
2018-08-29,725.85,725.85,725.85,725.85,0
2018-08-30,747.33,747.33,747.33,747.33,0
2018-08-31,743.75,743.75,743.75,743.75,0
2018-09-03,725.85,725.85,725.85,725.85,0
2018-09-04,725.85,725.85,725.85,725.85,0
2018-09-05,743.58,743.58,743.58,743.58,0
2018-09-06,743.58,743.58,743.58,743.58,0
2018-09-07,725.68,725.68,725.68,725.68,0
2018-09-10,725.68,725.68,725.68,725.68,0
2018-09-11,725.68,725.68,725.68,725.68,0
2018-09-12,749.55,749.55,749.55,749.55,0
2018-09-13,708.98,708.98,708.98,708.98,0
2018-09-14,701.82,701.82,701.82,701.82,0
2018-09-17,677.95,677.95,677.95,677.95,0
2018-09-18,700.62,700.62,700.62,700.62,0
2018-09-19,701.82,701.82,701.82,701.82,0
2018-09-20,701.82,701.82,701.82,701.82,0
2018-09-21,701.82,701.82,701.82,701.82,0
2018-09-24,701.82,701.82,701.82,701.82,0
2018-09-25,699.43,699.43,699.43,699.43,0
2018-09-26,725.68,725.68,725.68,725.68,0
2018-09-27,749.35,749.35,749.35,749.35,0
2018-09-28,748.15,748.15,748.15,748.15,0
2018-10-01,749.35,749.35,749.35,749.35,0
2018-10-02,725.48,725.48,725.48,725.48,0
2018-10-03,737.41,737.41,737.41,737.41,0
2018-10-04,736.22,736.22,736.22,736.22,0
2018-10-05,725.48,725.48,725.48,725.48,0
2018-10-08,677.75,677.75,677.75,677.75,0
2018-10-09,721.9,721.9,721.9,721.9,0
2018-10-10,699.23,699.23,699.23,699.23,0
2018-10-11,693.26,693.26,693.26,693.26,0
2018-10-12,643.14,643.14,643.14,643.14,0
2018-10-15,641.95,641.95,641.95,641.95,0
2018-10-16,630.02,630.02,630.02,630.02,0
2018-10-17,606.15,606.15,606.15,606.15,0
2018-10-18,602.57,602.57,602.57,602.57,0
2018-10-19,602.57,602.57,602.57,602.57,0
2018-10-22,602.55,602.55,602.55,602.55,0
2018-10-23,600.17,600.17,600.17,600.17,0
2018-10-24,598.97,598.97,598.97,598.97,0
2018-10-25,598.97,598.97,598.97,598.97,0
2018-10-26,570.34,570.34,570.34,570.34,0
2018-10-29,570.19,570.19,570.19,570.19,0
2018-10-30,591.67,591.67,591.67,591.67,0
2018-10-31,591.67,591.67,591.67,591.67,0
2018-11-02,592.86,592.86,592.86,592.86,0
2018-11-05,582.12,582.12,582.12,582.12,0
2018-11-06,590.48,590.48,590.48,590.48,0
2018-11-07,591.67,591.67,591.67,591.67,0
2018-11-08,558.18,558.18,558.18,558.18,0
2018-11-09,577.28,577.28,577.28,577.28,0
2018-11-12,572.5,572.5,572.5,572.5,0
2018-11-13,568.92,568.92,568.92,568.92,0
2018-11-14,568.92,568.92,568.92,568.92,0
2018-11-16,567.73,567.73,567.73,567.73,0
2018-11-19,556.99,556.99,556.99,556.99,0
2018-11-21,556.99,556.99,556.99,556.99,0
2018-11-22,550.91,550.91,550.91,550.91,0
2018-11-23,510.34,510.34,510.34,510.34,0
2018-11-26,485.28,485.28,485.28,485.28,0
2018-11-27,484.09,484.09,484.09,484.09,0
2018-11-28,481.7,481.7,481.7,481.7,0
2018-11-29,481.7,481.7,481.7,481.7,0
2018-11-30,476.93,476.93,476.93,476.93,0
2018-12-03,474.54,474.54,474.54,474.54,0
2018-12-04,474.54,474.54,474.54,474.54,0
2018-12-05,474.54,474.54,474.54,474.54,0
2018-12-06,439.94,439.94,439.94,439.94,0
2018-12-07,472.16,472.16,472.16,472.16,0
2018-12-10,472.16,472.16,472.16,472.16,0
2018-12-11,486.48,486.48,486.48,486.48,0
2018-12-12,486.48,486.48,486.48,486.48,0
2018-12-13,486.48,486.48,486.48,486.48,0
2018-12-14,486.48,486.48,486.48,486.48,0
2018-12-17,486.48,486.48,486.48,486.48,0
2018-12-18,485.28,485.28,485.28,485.28,0
2018-12-19,485.28,485.28,485.28,485.28,0
2018-12-20,486.48,486.48,486.48,486.48,0
2018-12-21,486.48,486.48,486.48,486.48,0
2018-12-24,486.48,486.48,486.48,486.48,0
2018-12-26,484.09,484.09,484.09,484.09,0
2018-12-27,486.48,486.48,486.48,486.48,0
2018-12-28,486.48,486.48,486.48,486.48,0
2018-12-31,486.48,486.48,486.48,486.48,0
2019-01-02,484.07,484.07,484.07,484.07,0
2019-01-03,482.88,482.88,482.88,482.88,0
2019-01-04,486.46,486.46,486.46,486.46,0
2019-01-07,486.46,486.46,486.46,486.46,0
2019-01-08,451.85,451.85,451.85,451.85,0
2019-01-09,460.2,460.2,460.2,460.2,0
2019-01-10,486.46,486.46,486.46,486.46,0
2019-01-11,522.26,522.26,522.26,522.26,0
2019-01-14,555.67,555.67,555.67,555.67,0
2019-01-15,515.1,515.1,515.1,515.1,0
2019-01-16,485.26,485.26,485.26,485.26,0
2019-01-17,484.07,484.07,484.07,484.07,0
2019-01-18,484.07,484.07,484.07,484.07,0
2019-01-21,486.46,486.46,486.46,486.46,0
2019-01-22,486.46,486.46,486.46,486.46,0
2019-01-23,484.07,484.07,484.07,484.07,0
2019-01-24,484.07,484.07,484.07,484.07,0
2019-01-25,486.46,486.46,486.46,486.46,0
2019-01-28,485.26,485.26,485.26,485.26,0
2019-01-29,483.91,483.91,483.91,483.91,0
2019-01-30,483.91,483.91,483.91,483.91,0
2019-01-31,483.91,483.91,483.91,483.91,0
2019-02-01,462.43,462.43,462.43,462.43,0
2019-02-04,454.07,454.07,454.07,454.07,0
2019-02-05,452.88,452.88,452.88,452.88,0
2019-02-06,452.88,452.88,452.88,452.88,0
2019-02-07,452.88,452.88,452.88,452.88,0
2019-02-08,452.88,452.88,452.88,452.88,0
2019-02-11,449.3,449.3,449.3,449.3,0
2019-02-12,452.88,452.88,452.88,452.88,0
2019-02-13,460.04,460.04,460.04,460.04,0
2019-02-14,452.88,452.88,452.88,452.88,0
2019-02-15,449.3,449.3,449.3,449.3,0
2019-02-18,426.63,426.63,426.63,426.63,0
2019-02-19,450.49,450.49,450.49,450.49,0
2019-02-20,450.49,450.49,450.49,450.49,0
2019-02-21,418.27,418.27,418.27,418.27,0
2019-02-22,444.53,444.53,444.53,444.53,0
2019-02-25,462.43,462.43,462.43,462.43,0
2019-02-26,474.36,474.36,474.36,474.36,0
2019-02-27,462.43,462.43,462.43,462.43,0
2019-02-28,458.85,458.85,458.85,458.85,0
2019-03-01,456.46,456.46,456.46,456.46,0
2019-03-04,458.85,458.85,458.85,458.85,0
2019-03-05,438.56,438.56,438.56,438.56,0
2019-03-06,432.59,432.59,432.59,432.59,0
2019-03-07,438.56,438.56,438.56,438.56,0
2019-03-08,448.11,448.11,448.11,448.11,0
2019-03-11,439.57,439.57,439.57,439.57,0
2019-03-12,438.38,438.38,438.38,438.38,0
2019-03-13,438.38,438.38,438.38,438.38,0
2019-03-14,461.05,461.05,461.05,461.05,0
2019-03-15,450.31,450.31,450.31,450.31,0
2019-03-18,450.31,450.31,450.31,450.31,0
2019-03-19,450.31,450.31,450.31,450.31,0
2019-03-20,450.31,450.31,450.31,450.31,0
2019-03-21,461.05,461.05,461.05,461.05,0
2019-03-22,450.31,450.31,450.31,450.31,0
2019-03-25,450.31,450.31,450.31,450.31,0
2019-03-26,450.31,450.31,450.31,450.31,0
2019-03-27,450.31,450.31,450.31,450.31,0
2019-03-28,461.03,461.03,461.03,461.03,0
2019-03-29,450.29,450.29,450.29,450.29,0
2019-04-01,450.29,450.29,450.29,450.29,0
2019-04-02,450.29,450.29,450.29,450.29,0
2019-04-03,439.55,439.55,439.55,439.55,0
2019-04-04,458.65,458.65,458.65,458.65,0
2019-04-05,458.65,458.65,458.65,458.65,0
2019-04-08,438.36,438.36,438.36,438.36,0
2019-04-09,416.88,416.88,416.88,416.88,0
2019-04-10,426.43,426.43,426.43,426.43,0
2019-04-11,426.43,426.43,426.43,426.43,0
2019-04-12,414.49,414.49,414.49,414.49,0
2019-04-15,415.69,415.69,415.69,415.69,0
2019-04-16,415.69,415.69,415.69,415.69,0
2019-04-17,414.49,414.49,414.49,414.49,0
2019-04-18,422.85,422.85,422.85,422.85,0
2019-04-19,422.85,422.85,422.85,422.85,0
2019-04-23,420.46,420.46,420.46,420.46,0
2019-04-24,438.36,438.36,438.36,438.36,0
2019-04-25,438.36,438.36,438.36,438.36,0
2019-04-26,445.52,445.52,445.52,445.52,0
2019-04-29,433.59,433.59,433.59,433.59,0
2019-04-30,444.33,444.33,444.33,444.33,0
2019-05-02,433.59,433.59,433.59,433.59,0
2019-05-03,433.59,433.59,433.59,433.59,0
2019-05-06,431.2,431.2,431.2,431.2,0
2019-05-07,419.27,419.27,419.27,419.27,0
2019-05-08,424.04,424.04,424.04,424.04,0
2019-05-09,421.65,421.65,421.65,421.65,0
2019-05-10,421.65,421.65,421.65,421.65,0
2019-05-13,420.46,420.46,420.46,420.46,0
2019-05-14,420.46,420.46,420.46,420.46,0
2019-05-15,420.46,420.46,420.46,420.46,0
2019-05-16,438.36,438.36,438.36,438.36,0
2019-05-17,438.36,438.36,438.36,438.36,0
2019-05-20,450.29,450.29,450.29,450.29,0
2019-05-21,462.23,462.23,462.23,462.23,0
2019-05-22,462.23,462.23,462.23,462.23,0
2019-05-23,456.26,456.26,456.26,456.26,0
2019-05-24,459.84,459.84,459.84,459.84,0
2019-05-27,438.36,438.36,438.36,438.36,0
2019-05-28,452.68,452.68,452.68,452.68,0
2019-05-29,450.29,450.29,450.29,450.29,0
2019-05-31,450.29,450.29,450.29,450.29,0
2019-06-03,402.56,402.56,402.56,402.56,0
2019-06-05,409.72,409.72,409.72,409.72,0
2019-06-06,413.3,413.3,413.3,413.3,0
2019-06-07,413.3,413.3,413.3,413.3,0
2019-06-11,428.81,428.81,428.81,428.81,0
2019-06-12,428.81,428.81,428.81,428.81,0
2019-06-13,409.72,409.72,409.72,409.72,0
2019-06-14,409.72,409.72,409.72,409.72,0
2019-06-17,393.01,393.01,393.01,393.01,0
2019-06-18,390.63,390.63,390.63,390.63,0
2019-06-19,393.01,393.01,393.01,393.01,0
2019-06-20,387.05,387.05,387.05,387.05,0
2019-06-21,383.47,383.47,383.47,383.47,0
2019-06-24,366.76,366.76,366.76,366.76,0
2019-06-25,359.6,359.6,359.6,359.6,0
2019-06-26,360.8,360.8,360.8,360.8,0
2019-06-27,365.57,365.57,365.57,365.57,0
2019-06-28,342.9,342.9,342.9,342.9,0
2019-07-01,359.6,359.6,359.6,359.6,0
2019-07-02,342.9,342.9,342.9,342.9,0
2019-07-03,342.9,342.9,342.9,342.9,0
2019-07-04,319.03,319.03,319.03,319.03,0
2019-07-05,330.96,330.96,330.96,330.96,0
2019-07-08,330.96,330.96,330.96,330.96,0
2019-07-09,330.96,330.96,330.96,330.96,0
2019-07-10,330.96,330.96,330.96,330.96,0
2019-07-11,325,325,325,325,0
2019-07-12,325,325,325,325,0
2019-07-15,310.68,310.68,310.68,310.68,0
2019-07-16,314.26,314.26,314.26,314.26,0
2019-07-17,319.03,319.03,319.03,319.03,0
2019-07-18,313.06,313.06,313.06,313.06,0
2019-07-19,332.16,332.16,332.16,332.16,0
2019-07-22,356.02,356.02,356.02,356.02,0
2019-07-23,354.83,354.83,354.83,354.83,0
2019-07-24,342.9,342.9,342.9,342.9,0
2019-07-25,364.38,364.38,364.38,364.38,0
2019-07-26,364.38,364.38,364.38,364.38,0
2019-07-29,363.18,363.18,363.18,363.18,0
2019-07-30,354.83,354.83,354.83,354.83,0
2019-07-31,353.64,353.64,353.64,353.64,0
2019-08-01,353.64,353.64,353.64,353.64,0
2019-08-02,353.64,353.64,353.64,353.64,0
2019-08-05,354.83,354.83,354.83,354.83,0
2019-08-06,353.64,353.64,353.64,353.64,0
2019-08-08,353.64,353.64,353.64,353.64,0
2019-08-09,378.69,378.69,378.69,378.69,0
2019-08-13,390.63,390.63,390.63,390.63,0
2019-08-14,366.76,366.76,366.76,366.76,0
2019-08-16,353.64,353.64,353.64,353.64,0
2019-08-19,353.64,353.64,353.64,353.64,0
2019-08-20,353.64,353.64,353.64,353.64,0
2019-08-21,354.83,354.83,354.83,354.83,0
2019-08-22,353.64,353.64,353.64,353.64,0
2019-08-23,364.38,364.38,364.38,364.38,0
2019-08-26,354.83,354.83,354.83,354.83,0
2019-08-27,366.76,366.76,366.76,366.76,0
2019-08-28,366.76,366.76,366.76,366.76,0
2019-08-29,378.69,378.69,378.69,378.69,0
2019-08-30,366.76,366.76,366.76,366.76,0
2019-09-02,365.57,365.57,365.57,365.57,0
2019-09-03,365.57,365.57,365.57,365.57,0
2019-09-04,365.57,365.57,365.57,365.57,0
2019-09-05,366.76,366.76,366.76,366.76,0
2019-09-06,366.76,366.76,366.76,366.76,0
2019-09-09,366.76,366.76,366.76,366.76,0
2019-09-10,366.76,366.76,366.76,366.76,0
2019-09-11,369.15,369.15,369.15,369.15,0
2019-09-12,366.76,366.76,366.76,366.76,0
2019-09-13,366.76,366.76,366.76,366.76,0
2019-09-16,366.76,366.76,366.76,366.76,0
2019-09-17,369.15,369.15,369.15,369.15,0
2019-09-18,366.76,366.76,366.76,366.76,0
2019-09-19,366.76,366.76,366.76,366.76,0
2019-09-20,366.76,366.76,366.76,366.76,0
2019-09-23,340.51,340.51,340.51,340.51,0
2019-09-24,338.12,338.12,338.12,338.12,0
2019-09-25,330.96,330.96,330.96,330.96,0
2019-09-26,326.19,326.19,326.19,326.19,0
2019-09-27,348.86,348.86,348.86,348.86,0
2019-09-30,342.9,342.9,342.9,342.9,0
2019-10-01,366.76,366.76,366.76,366.76,0
2019-10-02,342.9,342.9,342.9,342.9,0
2019-10-03,365.57,365.57,365.57,365.57,0
2019-10-04,354.83,354.83,354.83,354.83,0
2019-10-07,340.51,340.51,340.51,340.51,0
2019-10-08,340.51,340.51,340.51,340.51,0
2019-10-09,364.38,364.38,364.38,364.38,0
2019-10-10,364.38,364.38,364.38,364.38,0
2019-10-11,342.9,342.9,342.9,342.9,0
2019-10-14,342.9,342.9,342.9,342.9,0
2019-10-15,354.83,354.83,354.83,354.83,0
2019-10-16,366.76,366.76,366.76,366.76,0
2019-10-17,342.9,342.9,342.9,342.9,0
2019-10-18,342.9,342.9,342.9,342.9,0
2019-10-21,332.16,332.16,332.16,332.16,0
2019-10-22,332.16,332.16,332.16,332.16,0
2019-10-23,342.9,342.9,342.9,342.9,0
2019-10-24,338.12,338.12,338.12,338.12,0
2019-10-25,342.9,342.9,342.9,342.9,0
2019-10-28,342.9,342.9,342.9,342.9,0
2019-10-29,341.7,341.7,341.7,341.7,0
2019-10-30,342.9,342.9,342.9,342.9,0
2019-10-31,354.83,354.83,354.83,354.83,0
2019-11-04,340.51,340.51,340.51,340.51,0
2019-11-05,340.51,340.51,340.51,340.51,0
2019-11-06,332.16,332.16,332.16,332.16,0
2019-11-07,340.51,340.51,340.51,340.51,0
2019-11-08,340.51,340.51,340.51,340.51,0
2019-11-11,340.51,340.51,340.51,340.51,0
2019-11-12,338.12,338.12,338.12,338.12,0
2019-11-13,335.74,335.74,335.74,335.74,0
2019-11-14,332.16,332.16,332.16,332.16,0
2019-11-18,319.03,319.03,319.03,319.03,0
2019-11-19,319.03,319.03,319.03,319.03,0
2019-11-20,330.96,330.96,330.96,330.96,0
2019-11-21,340.51,340.51,340.51,340.51,0
2019-11-22,340.51,340.51,340.51,340.51,0
2019-11-25,340.51,340.51,340.51,340.51,0
2019-11-26,340.51,340.51,340.51,340.51,0
2019-11-27,339.32,339.32,339.32,339.32,0
2019-11-28,340.51,340.51,340.51,340.51,0
2019-11-29,340.51,340.51,340.51,340.51,0
2019-12-02,340.51,340.51,340.51,340.51,0
2019-12-03,340.51,340.51,340.51,340.51,0
2019-12-04,345.28,345.28,345.28,345.28,0
2019-12-05,366.76,366.76,366.76,366.76,0
2019-12-06,393.01,393.01,393.01,393.01,0
2019-12-09,391.82,391.82,391.82,391.82,0
2019-12-10,390.63,390.63,390.63,390.63,0
2019-12-11,389.43,389.43,389.43,389.43,0
2019-12-12,393.01,393.01,393.01,393.01,0
2019-12-13,385.85,385.85,385.85,385.85,0
2019-12-16,366.76,366.76,366.76,366.76,0
2019-12-17,384.66,384.66,384.66,384.66,0
2019-12-18,387.05,387.05,387.05,387.05,0
2019-12-19,385.85,385.85,385.85,385.85,0
2019-12-20,364.38,364.38,364.38,364.38,0
2019-12-23,366.76,366.76,366.76,366.76,0
2019-12-24,366.76,366.76,366.76,366.76,0
2019-12-26,366.76,366.76,366.76,366.76,0
2019-12-27,357.22,357.22,357.22,357.22,0
2019-12-30,365.57,365.57,365.57,365.57,0
2019-12-31,366.76,366.76,366.76,366.76,0
2020-01-02,366.76,366.76,366.76,366.76,0
2020-01-03,366.76,366.76,366.76,366.76,0
2020-01-06,365.57,365.57,365.57,365.57,0
2020-01-07,353.64,353.64,353.64,353.64,0
2020-01-08,353.64,353.64,353.64,353.64,0
2020-01-09,365.57,365.57,365.57,365.57,0
2020-01-10,366.76,366.76,366.76,366.76,0
2020-01-13,365.57,365.57,365.57,365.57,0
2020-01-14,366.76,366.76,366.76,366.76,0
2020-01-15,387.05,387.05,387.05,387.05,0
2020-01-16,393.01,393.01,393.01,393.01,0
2020-01-17,402.56,402.56,402.56,402.56,0
2020-01-20,396.59,396.59,396.59,396.59,0
2020-01-21,403.75,403.75,403.75,403.75,0
2020-01-22,414.49,414.49,414.49,414.49,0
2020-01-23,438.36,438.36,438.36,438.36,0
2020-01-24,438.36,438.36,438.36,438.36,0
2020-01-27,456.26,456.26,456.26,456.26,0
2020-01-28,462.23,462.23,462.23,462.23,0
2020-01-29,464.61,464.61,464.61,464.61,0
2020-01-30,462.23,462.23,462.23,462.23,0
2020-01-31,462.23,462.23,462.23,462.23,0
2020-02-03,465.8,465.8,465.8,465.8,0
2020-02-04,474.16,474.16,474.16,474.16,0
2020-02-05,475.35,475.35,475.35,475.35,0
2020-02-06,474.16,474.16,474.16,474.16,0
2020-02-07,462.23,462.23,462.23,462.23,0
2020-02-10,462.23,462.23,462.23,462.23,0
2020-02-11,462.23,462.23,462.23,462.23,0
2020-02-12,472.96,472.96,472.96,472.96,0
2020-02-13,462.23,462.23,462.23,462.23,0
2020-02-14,462.23,462.23,462.23,462.23,0
2020-02-17,463.42,463.42,463.42,463.42,0
2020-02-18,465.8,465.8,465.8,465.8,0
2020-02-19,468.19,468.19,468.19,468.19,0
2020-02-20,465.8,465.8,465.8,465.8,0
2020-02-21,469.38,469.38,469.38,469.38,0
2020-02-24,465.8,465.8,465.8,465.8,0
2020-02-25,465.8,465.8,465.8,465.8,0
2020-02-26,469.38,469.38,469.38,469.38,0
2020-02-27,474.16,474.16,474.16,474.16,0
2020-02-28,467,467,467,467,0
2020-03-02,464.61,464.61,464.61,464.61,0
2020-03-03,462.23,462.23,462.23,462.23,0
2020-03-04,462.23,462.23,462.23,462.23,0
2020-03-05,462.23,462.23,462.23,462.23,0
2020-03-06,462.23,462.23,462.23,462.23,0
2020-03-09,461.03,461.03,461.03,461.03,0
2020-03-10,461.03,461.03,461.03,461.03,0
2020-03-11,461.03,461.03,461.03,461.03,0
2020-03-12,462.23,462.23,462.23,462.23,0
2020-03-13,459.84,459.84,459.84,459.84,0
2020-03-16,452.68,452.68,452.68,452.68,0
2020-03-17,443.13,443.13,443.13,443.13,0
2020-03-18,433.59,433.59,433.59,433.59,0
2020-03-19,402.56,402.56,402.56,402.56,0
2020-03-20,396.59,396.59,396.59,396.59,0
2020-03-23,389.43,389.43,389.43,389.43,0
2020-03-24,361.99,361.99,361.99,361.99,0
2020-03-25,340.51,340.51,340.51,340.51,0
2020-03-26,342.9,342.9,342.9,342.9,0
2020-03-27,354.83,354.83,354.83,354.83,0
2020-03-30,342.9,342.9,342.9,342.9,0
2020-03-31,345.28,345.28,345.28,345.28,0
2020-04-01,345.28,345.28,345.28,345.28,0
2020-04-02,342.9,342.9,342.9,342.9,0
2020-04-03,342.9,342.9,342.9,342.9,0
2020-04-06,342.9,342.9,342.9,342.9,0
2020-04-07,342.9,342.9,342.9,342.9,0
2020-04-08,332.16,332.16,332.16,332.16,0
2020-04-09,340.51,340.51,340.51,340.51,0
2020-04-10,342.9,342.9,342.9,342.9,0
2020-04-14,342.9,342.9,342.9,342.9,0
2020-04-15,336.93,336.93,336.93,336.93,0
2020-04-16,330.96,330.96,330.96,330.96,0
2020-04-17,319.03,319.03,319.03,319.03,0
2020-04-20,319.03,319.03,319.03,319.03,0
2020-04-21,319.03,319.03,319.03,319.03,0
2020-04-22,319.03,319.03,319.03,319.03,0
2020-04-23,341.7,341.7,341.7,341.7,0
2020-04-24,365.57,365.57,365.57,365.57,0
2020-04-27,390.63,390.63,390.63,390.63,0
2020-04-28,407.33,407.33,407.33,407.33,0
2020-04-29,407.33,407.33,407.33,407.33,0
2020-04-30,407.33,407.33,407.33,407.33,0
2020-05-04,407.33,407.33,407.33,407.33,0
2020-05-05,407.33,407.33,407.33,407.33,0
2020-05-06,406.14,406.14,406.14,406.14,0
2020-05-07,414.49,414.49,414.49,414.49,0
2020-05-08,413.3,413.3,413.3,413.3,0
2020-05-11,413.3,413.3,413.3,413.3,0
2020-05-12,383.47,383.47,383.47,383.47,0
2020-05-13,366.76,366.76,366.76,366.76,0
2020-05-14,340.51,340.51,340.51,340.51,0
2020-05-15,335.74,335.74,335.74,335.74,0
2020-05-18,335.74,335.74,335.74,335.74,0
2020-05-19,340.51,340.51,340.51,340.51,0
2020-05-22,339.32,339.32,339.32,339.32,0
2020-05-25,335.74,335.74,335.74,335.74,0
2020-05-26,335.74,335.74,335.74,335.74,0
2020-05-27,335.74,335.74,335.74,335.74,0
2020-05-28,333.35,333.35,333.35,333.35,0
2020-05-29,342.9,342.9,342.9,342.9,0
2020-06-02,342.9,342.9,342.9,342.9,0
2020-06-03,341.7,341.7,341.7,341.7,0
2020-06-04,319.03,319.03,319.03,319.03,0
2020-06-05,319.03,319.03,319.03,319.03,0
2020-06-08,339.32,339.32,339.32,339.32,0
2020-06-09,333.35,333.35,333.35,333.35,0
2020-06-10,333.35,333.35,333.35,333.35,0
2020-06-11,334.54,334.54,334.54,334.54,0
2020-06-12,340.51,340.51,340.51,340.51,0
2020-06-15,340.51,340.51,340.51,340.51,0
2020-06-16,340.51,340.51,340.51,340.51,0
2020-06-17,341.7,341.7,341.7,341.7,0
2020-06-18,340.51,340.51,340.51,340.51,0
2020-06-19,342.9,342.9,342.9,342.9,0
2020-06-22,342.9,342.9,342.9,342.9,0
2020-06-23,342.9,342.9,342.9,342.9,0
2020-06-24,342.9,342.9,342.9,342.9,0
2020-06-25,342.9,342.9,342.9,342.9,0
2020-06-26,341.7,341.7,341.7,341.7,0
2020-06-29,323.8,323.8,323.8,323.8,0
2020-06-30,323.8,323.8,323.8,323.8,0
2020-07-01,342.9,342.9,342.9,342.9,0
2020-07-02,338.12,338.12,338.12,338.12,0
2020-07-03,338.12,338.12,338.12,338.12,0
2020-07-06,338.12,338.12,338.12,338.12,0
2020-07-07,321.42,321.42,321.42,321.42,0
2020-07-08,322.61,322.61,322.61,322.61,0
2020-07-09,319.03,319.03,319.03,319.03,0
2020-07-10,341.7,341.7,341.7,341.7,0
2020-07-13,338.12,338.12,338.12,338.12,0
2020-07-14,338.12,338.12,338.12,338.12,0
2020-07-15,338.12,338.12,338.12,338.12,0
2020-07-16,338.12,338.12,338.12,338.12,0
2020-07-17,330.96,330.96,330.96,330.96,0
2020-07-20,329.77,329.77,329.77,329.77,0
2020-07-21,329.77,329.77,329.77,329.77,0
2020-07-22,326.19,326.19,326.19,326.19,0
2020-07-23,319.03,319.03,319.03,319.03,0
2020-07-24,319.03,319.03,319.03,319.03,0
2020-07-27,319.03,319.03,319.03,319.03,0
2020-07-28,319.03,319.03,319.03,319.03,0
2020-07-29,319.03,319.03,319.03,319.03,0
2020-07-30,319.03,319.03,319.03,319.03,0
2020-08-03,319.03,319.03,319.03,319.03,0
2020-08-04,313.06,313.06,313.06,313.06,0
2020-08-05,296.36,296.36,296.36,296.36,0
2020-08-06,314.26,314.26,314.26,314.26,0
2020-08-10,307.1,307.1,307.1,307.1,0
2020-08-11,304.71,304.71,304.71,304.71,0
2020-08-12,307.1,307.1,307.1,307.1,0
2020-08-13,307.1,307.1,307.1,307.1,0
2020-08-14,328.58,328.58,328.58,328.58,0
2020-08-17,308.29,308.29,308.29,308.29,0
2020-08-18,297.55,297.55,297.55,297.55,0
2020-08-19,301.13,301.13,301.13,301.13,0
2020-08-20,301.13,301.13,301.13,301.13,0
2020-08-21,295.16,295.16,295.16,295.16,0
2020-08-24,316.64,316.64,316.64,316.64,0
2020-08-25,316.64,316.64,316.64,316.64,0
2020-08-26,339.32,339.32,339.32,339.32,0
2020-08-27,328.58,328.58,328.58,328.58,0
2020-08-28,307.1,307.1,307.1,307.1,0
2020-08-31,328.58,328.58,328.58,328.58,0
2020-09-01,338.12,338.12,338.12,338.12,0
2020-09-02,314.26,314.26,314.26,314.26,0
2020-09-03,295.16,295.16,295.16,295.16,0
2020-09-04,314.26,314.26,314.26,314.26,0
2020-09-07,295.16,295.16,295.16,295.16,0
2020-09-08,307.1,307.1,307.1,307.1,0
2020-09-09,314.26,314.26,314.26,314.26,0
2020-09-10,314.26,314.26,314.26,314.26,0
2020-09-11,314.26,314.26,314.26,314.26,0
2020-09-14,315.45,315.45,315.45,315.45,0
2020-09-15,314.26,314.26,314.26,314.26,0
2020-09-16,314.26,314.26,314.26,314.26,0
2020-09-17,314.26,314.26,314.26,314.26,0
2020-09-18,314.26,314.26,314.26,314.26,0
2020-09-21,307.1,307.1,307.1,307.1,0
2020-09-22,307.1,307.1,307.1,307.1,0
2020-09-23,305.9,305.9,305.9,305.9,0
2020-09-24,304.71,304.71,304.71,304.71,0
2020-09-25,291.58,291.58,291.58,291.58,0
2020-09-28,291.58,291.58,291.58,291.58,0
2020-09-29,307.1,307.1,307.1,307.1,0
2020-09-30,291.58,291.58,291.58,291.58,0
2020-10-01,291.58,291.58,291.58,291.58,0
2020-10-02,309.48,309.48,309.48,309.48,0
2020-10-05,309.48,309.48,309.48,309.48,0
2020-10-06,309.48,309.48,309.48,309.48,0
2020-10-07,309.48,309.48,309.48,309.48,0
2020-10-08,309.48,309.48,309.48,309.48,0
2020-10-09,309.48,309.48,309.48,309.48,0
2020-10-12,308.29,308.29,308.29,308.29,0
2020-10-13,307.1,307.1,307.1,307.1,0
2020-10-14,291.58,291.58,291.58,291.58,0
2020-10-15,307.1,307.1,307.1,307.1,0
2020-10-16,309.48,309.48,309.48,309.48,0
2020-10-19,311.87,311.87,311.87,311.87,0
2020-10-20,310.68,310.68,310.68,310.68,0
2020-10-21,309.48,309.48,309.48,309.48,0
2020-10-22,309.48,309.48,309.48,309.48,0
2020-10-23,307.1,307.1,307.1,307.1,0
2020-10-26,309.48,309.48,309.48,309.48,0
2020-10-27,309.48,309.48,309.48,309.48,0
2020-10-28,311.87,311.87,311.87,311.87,0
2020-10-30,311.87,311.87,311.87,311.87,0
2020-11-02,304.71,304.71,304.71,304.71,0
2020-11-03,304.71,304.71,304.71,304.71,0
2020-11-04,309.48,309.48,309.48,309.48,0
2020-11-05,309.48,309.48,309.48,309.48,0
2020-11-06,309.48,309.48,309.48,309.48,0
2020-11-09,309.48,309.48,309.48,309.48,0
2020-11-10,304.71,304.71,304.71,304.71,0
2020-11-11,309.48,309.48,309.48,309.48,0
2020-11-12,309.48,309.48,309.48,309.48,0
2020-11-13,297.55,297.55,297.55,297.55,0
2020-11-16,313.06,313.06,313.06,313.06,0
2020-11-17,313.06,313.06,313.06,313.06,0
2020-11-18,313.06,313.06,313.06,313.06,0
2020-11-19,311.87,311.87,311.87,311.87,0
2020-11-20,313.06,313.06,313.06,313.06,0
2020-11-23,329.77,329.77,329.77,329.77,0
2020-11-24,319.03,319.03,319.03,319.03,0
2020-11-25,319.03,319.03,319.03,319.03,0
2020-11-26,313.06,313.06,313.06,313.06,0
2020-11-27,313.06,313.06,313.06,313.06,0
2020-11-30,313.06,313.06,313.06,313.06,0
2020-12-01,295.16,295.16,295.16,295.16,0
2020-12-02,311.87,311.87,311.87,311.87,0
2020-12-03,311.87,311.87,311.87,311.87,0
2020-12-04,311.87,311.87,311.87,311.87,0
2020-12-07,307.1,307.1,307.1,307.1,0
2020-12-08,307.1,307.1,307.1,307.1,0
2020-12-09,304.71,304.71,304.71,304.71,0
2020-12-10,304.71,304.71,304.71,304.71,0
2020-12-11,307.1,307.1,307.1,307.1,0
2020-12-14,326.19,326.19,326.19,326.19,0
2020-12-15,319.03,319.03,319.03,319.03,0
2020-12-16,299.94,299.94,299.94,299.94,0
2020-12-17,319.03,319.03,319.03,319.03,0
2020-12-18,330.96,330.96,330.96,330.96,0
2020-12-21,354.83,354.83,354.83,354.83,0
2020-12-22,354.83,354.83,354.83,354.83,0
2020-12-23,354.83,354.83,354.83,354.83,0
2020-12-24,354.83,354.83,354.83,354.83,0
2020-12-28,379.89,379.89,379.89,379.89,0
2020-12-29,378.69,378.69,378.69,378.69,0
2020-12-30,376.31,376.31,376.31,376.31,0
2020-12-31,378.69,378.69,378.69,378.69,0
2021-01-04,376.31,376.31,376.31,376.31,0
2021-01-05,376.31,376.31,376.31,376.31,0
2021-01-06,370.34,370.34,370.34,370.34,0
2021-01-07,361.99,361.99,361.99,361.99,0
2021-01-08,361.99,361.99,361.99,361.99,0
2021-01-11,351.25,351.25,351.25,351.25,0
2021-01-12,361.99,361.99,361.99,361.99,0
2021-01-13,351.25,351.25,351.25,351.25,0
2021-01-14,365.57,365.57,365.57,365.57,0
2021-01-15,361.99,361.99,361.99,361.99,0
2021-01-18,360.8,360.8,360.8,360.8,0
2021-01-19,360.8,360.8,360.8,360.8,0
2021-01-20,360.8,360.8,360.8,360.8,0
2021-01-21,359.6,359.6,359.6,359.6,0
2021-01-22,336.93,336.93,336.93,336.93,0
2021-01-25,330.96,330.96,330.96,330.96,0
2021-01-26,330.96,330.96,330.96,330.96,0
2021-01-27,326.19,326.19,326.19,326.19,0
2021-01-28,326.19,326.19,326.19,326.19,0
2021-01-29,325,325,325,325,0
2021-02-01,325,325,325,325,0
2021-02-02,325,325,325,325,0
2021-02-03,330.96,330.96,330.96,330.96,0
2021-02-04,329.77,329.77,329.77,329.77,0
2021-02-05,329.77,329.77,329.77,329.77,0
2021-02-08,330.96,330.96,330.96,330.96,0
2021-02-09,330.96,330.96,330.96,330.96,0
2021-02-10,342.9,342.9,342.9,342.9,0
2021-02-11,345.28,345.28,345.28,345.28,0
2021-02-12,342.9,342.9,342.9,342.9,0
2021-02-15,342.9,342.9,342.9,342.9,0
2021-02-16,346.48,346.48,346.48,346.48,0
2021-02-17,354.83,354.83,354.83,354.83,0
2021-02-18,353.64,353.64,353.64,353.64,0
2021-02-19,353.64,353.64,353.64,353.64,0
2021-02-22,354.83,354.83,354.83,354.83,0
2021-02-23,354.83,354.83,354.83,354.83,0
2021-02-24,342.9,342.9,342.9,342.9,0
2021-02-25,353.64,353.64,353.64,353.64,0
2021-02-26,342.9,342.9,342.9,342.9,0
2021-03-01,342.9,342.9,342.9,342.9,0
2021-03-02,342.9,342.9,342.9,342.9,0
2021-03-03,342.9,342.9,342.9,342.9,0
2021-03-04,345.28,345.28,345.28,345.28,0
2021-03-05,345.28,345.28,345.28,345.28,0
2021-03-08,345.28,345.28,345.28,345.28,0
2021-03-09,345.28,345.28,345.28,345.28,0
2021-03-10,354.83,354.83,354.83,354.83,0
2021-03-11,354.83,354.83,354.83,354.83,0
2021-03-12,354.83,354.83,354.83,354.83,0
2021-03-15,354.83,354.83,354.83,354.83,0
2021-03-16,354.83,354.83,354.83,354.83,0
2021-03-17,354.83,354.83,354.83,354.83,0
2021-03-18,354.83,354.83,354.83,354.83,0
2021-03-19,354.83,354.83,354.83,354.83,0
2021-03-22,354.83,354.83,354.83,354.83,0
2021-03-23,345.28,345.28,345.28,345.28,0
2021-03-24,354.83,354.83,354.83,354.83,0
2021-03-25,354.83,354.83,354.83,354.83,0
2021-03-26,344.09,344.09,344.09,344.09,0
2021-03-29,359.6,359.6,359.6,359.6,0
2021-03-30,344.09,344.09,344.09,344.09,0
2021-03-31,354.83,354.83,354.83,354.83,0
2021-04-01,354.83,354.83,354.83,354.83,0
2021-04-02,354.83,354.83,354.83,354.83,0
2021-04-06,342.9,342.9,342.9,342.9,0
2021-04-07,350.06,350.06,350.06,350.06,0
2021-04-08,341.7,341.7,341.7,341.7,0
2021-04-09,342.9,342.9,342.9,342.9,0
2021-04-12,342.9,342.9,342.9,342.9,0
2021-04-13,330.96,330.96,330.96,330.96,0
2021-04-14,342.9,342.9,342.9,342.9,0
2021-04-15,354.83,354.83,354.83,354.83,0
2021-04-16,353.64,353.64,353.64,353.64,0
2021-04-19,345.28,345.28,345.28,345.28,0
2021-04-20,344.09,344.09,344.09,344.09,0
2021-04-21,342.9,342.9,342.9,342.9,0
2021-04-22,342.9,342.9,342.9,342.9,0
2021-04-23,339.32,339.32,339.32,339.32,0
2021-04-26,342.9,342.9,342.9,342.9,0
2021-04-27,342.9,342.9,342.9,342.9,0
2021-04-28,366.76,366.76,366.76,366.76,0
2021-04-29,353.64,353.64,353.64,353.64,0
2021-04-30,330.96,330.96,330.96,330.96,0
2021-05-03,329.77,329.77,329.77,329.77,0
2021-05-04,330.96,330.96,330.96,330.96,0
2021-05-05,351.25,351.25,351.25,351.25,0
2021-05-06,351.25,351.25,351.25,351.25,0
2021-05-07,364.38,364.38,364.38,364.38,0
2021-05-10,364.38,364.38,364.38,364.38,0
2021-05-11,365.57,365.57,365.57,365.57,0
2021-05-14,352.44,352.44,352.44,352.44,0
2021-05-17,365.57,365.57,365.57,365.57,0
2021-05-18,359.6,359.6,359.6,359.6,0
2021-05-19,359.6,359.6,359.6,359.6,0
2021-05-20,344.09,344.09,344.09,344.09,0
2021-05-21,356.02,356.02,356.02,356.02,0
2021-05-25,345.28,345.28,345.28,345.28,0
2021-05-26,348.86,348.86,348.86,348.86,0
2021-05-27,347.67,347.67,347.67,347.67,0
2021-05-28,357.22,357.22,357.22,357.22,0
2021-05-31,356.02,356.02,356.02,356.02,0
2021-06-01,357.22,357.22,357.22,357.22,0
2021-06-02,364.38,364.38,364.38,364.38,0
2021-06-03,379.89,379.89,379.89,379.89,0
2021-06-04,407.33,407.33,407.33,407.33,0
2021-06-07,435.97,435.97,435.97,435.97,0
2021-06-08,434.78,434.78,434.78,434.78,0
2021-06-09,433.59,433.59,433.59,433.59,0
2021-06-10,440.75,440.75,440.75,440.75,0
2021-06-11,440.75,440.75,440.75,440.75,0
2021-06-14,440.75,440.75,440.75,440.75,0
2021-06-15,438.36,438.36,438.36,438.36,0
2021-06-16,435.97,435.97,435.97,435.97,0
2021-06-17,434.78,434.78,434.78,434.78,0
2021-06-18,433.59,433.59,433.59,433.59,0
2021-06-21,426.43,426.43,426.43,426.43,0
2021-06-22,438.36,438.36,438.36,438.36,0
2021-06-23,426.43,426.43,426.43,426.43,0
2021-06-24,438.36,438.36,438.36,438.36,0
2021-06-25,435.97,435.97,435.97,435.97,0
2021-06-28,404.95,404.95,404.95,404.95,0
2021-06-29,394.21,394.21,394.21,394.21,0
2021-06-30,389.43,389.43,389.43,389.43,0
2021-07-01,389.43,389.43,389.43,389.43,0
2021-07-02,389.43,389.43,389.43,389.43,0
2021-07-05,416.88,416.88,416.88,416.88,0
2021-07-06,416.88,416.88,416.88,416.88,0
2021-07-07,402.56,402.56,402.56,402.56,0
2021-07-08,390.63,390.63,390.63,390.63,0
2021-07-09,418.07,418.07,418.07,418.07,0
2021-07-12,416.88,416.88,416.88,416.88,0
2021-07-13,414.49,414.49,414.49,414.49,0
2021-07-14,414.49,414.49,414.49,414.49,0
2021-07-15,407.33,407.33,407.33,407.33,0
2021-07-16,414.49,414.49,414.49,414.49,0
2021-07-19,409.72,409.72,409.72,409.72,0
2021-07-21,438.36,438.36,438.36,438.36,0
2021-07-22,415.69,415.69,415.69,415.69,0
2021-07-23,433.59,433.59,433.59,433.59,0
2021-07-26,438.36,438.36,438.36,438.36,0
2021-07-27,421.65,421.65,421.65,421.65,0
2021-07-28,446.71,446.71,446.71,446.71,0
2021-07-29,456.26,456.26,456.26,456.26,0
2021-07-30,456.26,456.26,456.26,456.26,0
2021-08-02,456.26,456.26,456.26,456.26,0
2021-08-03,450.29,450.29,450.29,450.29,0
2021-08-04,458.65,458.65,458.65,458.65,0
2021-08-05,456.26,456.26,456.26,456.26,0
2021-08-06,472.96,472.96,472.96,472.96,0
2021-08-09,449.1,449.1,449.1,449.1,0
2021-08-10,462.23,462.23,462.23,462.23,0
2021-08-11,461.03,461.03,461.03,461.03,0
2021-08-12,452.68,452.68,452.68,452.68,0
2021-08-13,452.68,452.68,452.68,452.68,0
2021-08-16,452.68,452.68,452.68,452.68,0
2021-08-17,456.26,456.26,456.26,456.26,0
2021-08-18,438.36,438.36,438.36,438.36,0
2021-08-19,438.36,438.36,438.36,438.36,0
2021-08-20,455.07,455.07,455.07,455.07,0
2021-08-23,455.07,455.07,455.07,455.07,0
2021-08-24,455.07,455.07,455.07,455.07,0
2021-08-25,455.07,455.07,455.07,455.07,0
2021-08-26,455.07,455.07,455.07,455.07,0
2021-08-27,487.28,487.28,487.28,487.28,0
2021-08-30,523.08,523.08,523.08,523.08,0
2021-08-31,561.27,561.27,561.27,561.27,0
2021-09-01,561.27,561.27,561.27,561.27,0
2021-09-02,580.36,580.36,580.36,580.36,0
2021-09-03,581.55,581.55,581.55,581.55,0
2021-09-06,580.36,580.36,580.36,580.36,0
2021-09-07,580.36,580.36,580.36,580.36,0
2021-09-08,557.69,557.69,557.69,557.69,0
2021-09-09,540.98,540.98,540.98,540.98,0
2021-09-10,540.98,540.98,540.98,540.98,0
2021-09-13,539.79,539.79,539.79,539.79,0
2021-09-14,539.79,539.79,539.79,539.79,0
2021-09-15,531.44,531.44,531.44,531.44,0
2021-09-16,531.44,531.44,531.44,531.44,0
2021-09-17,520.7,520.7,520.7,520.7,0
2021-09-20,509.96,509.96,509.96,509.96,0
2021-09-21,521.89,521.89,521.89,521.89,0
2021-09-22,533.82,533.82,533.82,533.82,0
2021-09-23,498.02,498.02,498.02,498.02,0
2021-09-24,509.96,509.96,509.96,509.96,0
2021-09-27,498.02,498.02,498.02,498.02,0
2021-09-28,509.96,509.96,509.96,509.96,0
2021-09-29,546.95,546.95,546.95,546.95,0
2021-09-30,568.43,568.43,568.43,568.43,0
2021-10-01,557.69,557.69,557.69,557.69,0
2021-10-04,555.3,555.3,555.3,555.3,0
2021-10-05,557.69,557.69,557.69,557.69,0
2021-10-06,555.3,555.3,555.3,555.3,0
2021-10-07,555.3,555.3,555.3,555.3,0
2021-10-08,555.3,555.3,555.3,555.3,0
2021-10-11,555.3,555.3,555.3,555.3,0
2021-10-12,552.92,552.92,552.92,552.92,0
2021-10-13,552.92,552.92,552.92,552.92,0
2021-10-14,552.92,552.92,552.92,552.92,0
2021-10-15,551.72,551.72,551.72,551.72,0
2021-10-19,592.29,592.29,592.29,592.29,0
2021-10-20,591.1,591.1,591.1,591.1,0
2021-10-21,588.71,588.71,588.71,588.71,0
2021-10-22,588.71,588.71,588.71,588.71,0
2021-10-25,586.33,586.33,586.33,586.33,0
2021-10-26,587.52,587.52,587.52,587.52,0
2021-10-27,544.56,544.56,544.56,544.56,0
2021-10-28,557.69,557.69,557.69,557.69,0
2021-10-29,557.69,557.69,557.69,557.69,0
2021-11-03,533.82,533.82,533.82,533.82,0
2021-11-04,533.82,533.82,533.82,533.82,0
2021-11-05,498.02,498.02,498.02,498.02,0
2021-11-08,498.02,498.02,498.02,498.02,0
2021-11-09,509.96,509.96,509.96,509.96,0
2021-11-10,533.82,533.82,533.82,533.82,0
2021-11-11,532.63,532.63,532.63,532.63,0
2021-11-12,533.82,533.82,533.82,533.82,0
2021-11-16,552.92,552.92,552.92,552.92,0
2021-11-17,583.94,583.94,583.94,583.94,0
2021-11-18,569.62,569.62,569.62,569.62,0
2021-11-19,569.62,569.62,569.62,569.62,0
2021-11-22,533.82,533.82,533.82,533.82,0
2021-11-23,567.23,567.23,567.23,567.23,0
2021-11-24,588.71,588.71,588.71,588.71,0
2021-11-25,588.71,588.71,588.71,588.71,0
2021-11-26,588.71,588.71,588.71,588.71,0
2021-11-29,605.42,605.42,605.42,605.42,0
2021-11-30,593.49,593.49,593.49,593.49,0
2021-12-01,593.49,593.49,593.49,593.49,0
2021-12-02,593.49,593.49,593.49,593.49,0
2021-12-03,550.53,550.53,550.53,550.53,0
2021-12-06,579.17,579.17,579.17,579.17,0
2021-12-07,557.69,557.69,557.69,557.69,0
2021-12-08,569.62,569.62,569.62,569.62,0
2021-12-09,569.62,569.62,569.62,569.62,0
2021-12-10,581.55,581.55,581.55,581.55,0
2021-12-13,577.97,577.97,577.97,577.97,0
2021-12-14,577.97,577.97,577.97,577.97,0
2021-12-15,593.49,593.49,593.49,593.49,0
2021-12-16,592.29,592.29,592.29,592.29,0
2021-12-17,592.29,592.29,592.29,592.29,0
2021-12-20,592.29,592.29,592.29,592.29,0
2021-12-21,591.1,591.1,591.1,591.1,0
2021-12-22,592.29,592.29,592.29,592.29,0
2021-12-23,589.91,589.91,589.91,589.91,0
2021-12-24,575.59,575.59,575.59,575.59,0
2021-12-27,581.55,581.55,581.55,581.55,0
2021-12-28,591.1,591.1,591.1,591.1,0
2021-12-29,591.1,591.1,591.1,591.1,0
2021-12-30,580.36,580.36,580.36,580.36,0
2021-12-31,622.13,622.13,622.13,622.13,0
2022-01-03,667.47,667.47,667.47,667.47,0
2022-01-04,623.32,623.32,623.32,623.32,0
2022-01-05,620.93,620.93,620.93,620.93,0
2022-01-06,619.74,619.74,619.74,619.74,0
2022-01-07,574.39,574.39,574.39,574.39,0
2022-01-10,612.58,612.58,612.58,612.58,0
2022-01-11,600.65,600.65,600.65,600.65,0
2022-01-12,599.45,599.45,599.45,599.45,0
2022-01-13,581.55,581.55,581.55,581.55,0
2022-01-14,568.43,568.43,568.43,568.43,0
2022-01-17,567.23,567.23,567.23,567.23,0
2022-01-18,557.69,557.69,557.69,557.69,0
2022-01-19,568.43,568.43,568.43,568.43,0
2022-01-20,549.34,549.34,549.34,549.34,0
2022-01-21,509.96,509.96,509.96,509.96,0
2022-01-24,509.96,509.96,509.96,509.96,0
2022-01-25,546.95,546.95,546.95,546.95,0
2022-01-26,546.95,546.95,546.95,546.95,0
2022-01-27,569.62,569.62,569.62,569.62,0
2022-01-28,568.43,568.43,568.43,568.43,0
2022-01-31,557.69,557.69,557.69,557.69,0
2022-02-01,557.69,557.69,557.69,557.69,0
2022-02-02,593.49,593.49,593.49,593.49,0
2022-02-03,605.42,605.42,605.42,605.42,0
2022-02-04,605.42,605.42,605.42,605.42,0
2022-02-07,605.42,605.42,605.42,605.42,0
2022-02-08,593.49,593.49,593.49,593.49,0
2022-02-09,623.32,623.32,623.32,623.32,0
2022-02-10,617.35,617.35,617.35,617.35,0
2022-02-11,619.74,619.74,619.74,619.74,0
2022-02-14,617.35,617.35,617.35,617.35,0
2022-02-15,617.35,617.35,617.35,617.35,0
2022-02-16,617.35,617.35,617.35,617.35,0
2022-02-17,617.35,617.35,617.35,617.35,0
2022-02-18,619.74,619.74,619.74,619.74,0
2022-02-21,605.42,605.42,605.42,605.42,0
2022-02-22,605.42,605.42,605.42,605.42,0
2022-02-23,605.42,605.42,605.42,605.42,0
2022-02-24,605.42,605.42,605.42,605.42,0
2022-02-25,605.42,605.42,605.42,605.42,0
2022-02-28,605.42,605.42,605.42,605.42,0
2022-03-01,593.49,593.49,593.49,593.49,0
2022-03-02,581.55,581.55,581.55,581.55,0
2022-03-03,562.46,562.46,562.46,562.46,0
2022-03-04,523.08,523.08,523.08,523.08,0
2022-03-07,561.27,561.27,561.27,561.27,0
2022-03-08,532.63,532.63,532.63,532.63,0
2022-03-09,569.62,569.62,569.62,569.62,0
2022-03-10,593.49,593.49,593.49,593.49,0
2022-03-11,589.91,589.91,589.91,589.91,0
2022-03-14,569.62,569.62,569.62,569.62,0
2022-03-15,581.55,581.55,581.55,581.55,0
2022-03-16,574.39,574.39,574.39,574.39,0
2022-03-17,573.2,573.2,573.2,573.2,0
2022-03-18,533.82,533.82,533.82,533.82,0
2022-03-21,538.6,538.6,538.6,538.6,0
2022-03-22,573.2,573.2,573.2,573.2,0
2022-03-23,573.2,573.2,573.2,573.2,0
2022-03-24,574.39,574.39,574.39,574.39,0
2022-03-25,581.55,581.55,581.55,581.55,0
2022-03-28,581.55,581.55,581.55,581.55,0
2022-03-29,581.55,581.55,581.55,581.55,0
2022-03-30,581.55,581.55,581.55,581.55,0
2022-03-31,581.55,581.55,581.55,581.55,0
2022-04-01,557.69,557.69,557.69,557.69,0
2022-04-04,533.82,533.82,533.82,533.82,0
2022-04-05,533.82,533.82,533.82,533.82,0
2022-04-06,536.21,536.21,536.21,536.21,0
2022-04-07,545.76,545.76,545.76,545.76,0
2022-04-08,557.69,557.69,557.69,557.69,0
2022-04-11,598.26,598.26,598.26,598.26,0
2022-04-12,581.55,581.55,581.55,581.55,0
2022-04-13,576.78,576.78,576.78,576.78,0
2022-04-14,581.55,581.55,581.55,581.55,0
2022-04-15,581.55,581.55,581.55,581.55,0
2022-04-19,581.55,581.55,581.55,581.55,0
2022-04-20,576.78,576.78,576.78,576.78,0
2022-04-21,581.55,581.55,581.55,581.55,0
2022-04-22,581.55,581.55,581.55,581.55,0
2022-04-25,579.17,579.17,579.17,579.17,0
2022-04-26,581.55,581.55,581.55,581.55,0
2022-04-27,581.55,581.55,581.55,581.55,0
2022-04-29,581.55,581.55,581.55,581.55,0
2022-05-03,580.36,580.36,580.36,580.36,0
2022-05-04,545.76,545.76,545.76,545.76,0
2022-05-05,509.96,509.96,509.96,509.96,0
2022-05-06,509.96,509.96,509.96,509.96,0
2022-05-09,509.96,509.96,509.96,509.96,0
2022-05-10,498.02,498.02,498.02,498.02,0
2022-05-11,495.64,495.64,495.64,495.64,0
2022-05-12,493.25,493.25,493.25,493.25,0
2022-05-13,493.25,493.25,493.25,493.25,0
2022-05-16,493.25,493.25,493.25,493.25,0
2022-05-17,490.86,490.86,490.86,490.86,0
2022-05-18,490.86,490.86,490.86,490.86,0
2022-05-19,455.07,455.07,455.07,455.07,0
2022-05-20,455.07,455.07,455.07,455.07,0
2022-05-23,462.23,462.23,462.23,462.23,0
2022-05-24,438.36,438.36,438.36,438.36,0
2022-05-25,406.14,406.14,406.14,406.14,0
2022-05-27,409.72,409.72,409.72,409.72,0
2022-05-30,439.55,439.55,439.55,439.55,0
2022-05-31,471.77,471.77,471.77,471.77,0
2022-06-01,471.77,471.77,471.77,471.77,0
2022-06-02,438.36,438.36,438.36,438.36,0
2022-06-03,407.33,407.33,407.33,407.33,0
2022-06-07,415.69,415.69,415.69,415.69,0
2022-06-08,438.36,438.36,438.36,438.36,0
2022-06-09,438.36,438.36,438.36,438.36,0
2022-06-10,438.36,438.36,438.36,438.36,0
2022-06-13,459.84,459.84,459.84,459.84,0
2022-06-14,457.45,457.45,457.45,457.45,0
2022-06-15,457.45,457.45,457.45,457.45,0
2022-06-16,462.23,462.23,462.23,462.23,0
2022-06-17,461.03,461.03,461.03,461.03,0
2022-06-20,438.36,438.36,438.36,438.36,0
2022-06-21,437.17,437.17,437.17,437.17,0
2022-06-22,438.36,438.36,438.36,438.36,0
2022-06-23,438.36,438.36,438.36,438.36,0
2022-06-24,407.33,407.33,407.33,407.33,0
2022-06-27,414.49,414.49,414.49,414.49,0
2022-06-28,414.49,414.49,414.49,414.49,0
2022-06-29,406.14,406.14,406.14,406.14,0
2022-06-30,402.56,402.56,402.56,402.56,0
2022-07-01,401.37,401.37,401.37,401.37,0
2022-07-04,402.56,402.56,402.56,402.56,0
2022-07-05,402.56,402.56,402.56,402.56,0
2022-07-06,402.56,402.56,402.56,402.56,0
2022-07-07,430.01,430.01,430.01,430.01,0
2022-07-08,422.85,422.85,422.85,422.85,0
2022-07-11,424.04,424.04,424.04,424.04,0
2022-07-12,421.65,421.65,421.65,421.65,0
2022-07-13,416.88,416.88,416.88,416.88,0
2022-07-14,413.3,413.3,413.3,413.3,0
2022-07-15,413.3,413.3,413.3,413.3,0
2022-07-18,413.3,413.3,413.3,413.3,0
2022-07-19,412.11,412.11,412.11,412.11,0
2022-07-20,412.11,412.11,412.11,412.11,0
2022-07-21,414.49,414.49,414.49,414.49,0
2022-07-22,414.49,414.49,414.49,414.49,0
2022-07-25,414.49,414.49,414.49,414.49,0
2022-07-26,444.33,444.33,444.33,444.33,0
2022-07-27,462.23,462.23,462.23,462.23,0
2022-07-28,486.09,486.09,486.09,486.09,0
2022-07-29,486.09,486.09,486.09,486.09,0
2022-08-01,486.09,486.09,486.09,486.09,0
2022-08-02,483.7,483.7,483.7,483.7,0
2022-08-03,480.12,480.12,480.12,480.12,0
2022-08-03,480.12,480.12,480.12,480.12,0
2022-08-04,461.03,461.03,461.03,461.03,0
2022-08-05,462.23,462.23,462.23,462.23,0
2022-08-09,462.23,462.23,462.23,462.23,0
2022-08-10,462.23,462.23,462.23,462.23,0
2022-08-11,462.23,462.23,462.23,462.23,0
2022-08-12,462.23,462.23,462.23,462.23,0
2022-08-16,461.03,461.03,461.03,461.03,0
2022-08-17,459.84,459.84,459.84,459.84,0
2022-08-18,438.36,438.36,438.36,438.36,0
2022-08-19,438.36,438.36,438.36,438.36,0
2022-08-22,438.36,438.36,438.36,438.36,0
2022-08-23,438.36,438.36,438.36,438.36,0
2022-08-24,438.36,438.36,438.36,438.36,0
2022-08-25,438.36,438.36,438.36,438.36,0
2022-08-26,435.97,435.97,435.97,435.97,0
2022-08-29,432.39,432.39,432.39,432.39,0
2022-08-30,433.59,433.59,433.59,433.59,0
2022-08-31,461.03,461.03,461.03,461.03,0
2022-09-01,428.81,428.81,428.81,428.81,0
2022-09-02,428.81,428.81,428.81,428.81,0
2022-09-05,428.81,428.81,428.81,428.81,0
2022-09-06,455.07,455.07,455.07,455.07,0
2022-09-07,455.07,455.07,455.07,455.07,0
2022-09-08,430.01,430.01,430.01,430.01,0
2022-09-09,431.2,431.2,431.2,431.2,0
2022-09-12,431.2,431.2,431.2,431.2,0
2022-09-13,450.29,450.29,450.29,450.29,0
2022-09-14,449.1,449.1,449.1,449.1,0
2022-09-15,430.01,430.01,430.01,430.01,0
2022-09-16,449.1,449.1,449.1,449.1,0
2022-09-19,447.91,447.91,447.91,447.91,0
2022-09-20,449.1,449.1,449.1,449.1,0
2022-09-21,449.1,449.1,449.1,449.1,0
2022-09-22,449.1,449.1,449.1,449.1,0
2022-09-23,449.1,449.1,449.1,449.1,0
2022-09-26,449.1,449.1,449.1,449.1,0
2022-09-27,422.85,422.85,422.85,422.85,0
2022-09-28,446.71,446.71,446.71,446.71,0
2022-09-29,441.94,441.94,441.94,441.94,0
2022-09-30,441.94,441.94,441.94,441.94,0
2022-10-03,440.75,440.75,440.75,440.75,0
2022-10-04,438.36,438.36,438.36,438.36,0
2022-10-05,426.43,426.43,426.43,426.43,0
2022-10-06,433.59,433.59,433.59,433.59,0
2022-10-07,433.59,433.59,433.59,433.59,0
2022-10-10,410.91,410.91,410.91,410.91,0
2022-10-11,410.91,410.91,410.91,410.91,0
2022-10-12,381.08,381.08,381.08,381.08,0
2022-10-13,366.76,366.76,366.76,366.76,0
2022-10-14,390.63,390.63,390.63,390.63,0
2022-10-17,390.63,390.63,390.63,390.63,0
2022-10-18,364.38,364.38,364.38,364.38,0
2022-10-19,388.24,388.24,388.24,388.24,0
2022-10-20,384.66,384.66,384.66,384.66,0
2022-10-21,366.76,366.76,366.76,366.76,0
2022-10-24,366.76,366.76,366.76,366.76,0
2022-10-25,387.05,387.05,387.05,387.05,0
2022-10-26,410.91,410.91,410.91,410.91,0
2022-10-27,391.82,391.82,391.82,391.82,0
2022-10-28,418.07,418.07,418.07,418.07,0
2022-10-31,419.27,419.27,419.27,419.27,0
2022-11-02,414.49,414.49,414.49,414.49,0
2022-11-03,413.3,413.3,413.3,413.3,0
2022-11-04,390.63,390.63,390.63,390.63,0
2022-11-07,413.3,413.3,413.3,413.3,0
2022-11-08,402.56,402.56,402.56,402.56,0
2022-11-09,390.63,390.63,390.63,390.63,0
2022-11-10,388.24,388.24,388.24,388.24,0
2022-11-11,388.24,388.24,388.24,388.24,0
2022-11-14,388.24,388.24,388.24,388.24,0
2022-11-16,377.5,377.5,377.5,377.5,0
2022-11-17,377.5,377.5,377.5,377.5,0
2022-11-18,377.5,377.5,377.5,377.5,0
2022-11-21,375.11,375.11,375.11,375.11,0
2022-11-22,366.76,366.76,366.76,366.76,0
2022-11-23,342.9,342.9,342.9,342.9,0
2022-11-24,341.7,341.7,341.7,341.7,0
2022-11-25,341.7,341.7,341.7,341.7,0
2022-11-28,317.84,317.84,317.84,317.84,0
2022-11-29,299.94,299.94,299.94,299.94,0
2022-11-30,307.1,307.1,307.1,307.1,0
2022-12-01,307.1,307.1,307.1,307.1,0
2022-12-02,295.16,295.16,295.16,295.16,0
2022-12-05,304.71,304.71,304.71,304.71,0
2022-12-06,319.03,319.03,319.03,319.03,0
2022-12-07,305.9,305.9,305.9,305.9,0
2022-12-08,296.36,296.36,296.36,296.36,0
2022-12-09,317.84,317.84,317.84,317.84,0
2022-12-12,340.51,340.51,340.51,340.51,0
2022-12-13,364.38,364.38,364.38,364.38,0
2022-12-14,363.18,363.18,363.18,363.18,0
2022-12-15,364.38,364.38,364.38,364.38,0
2022-12-16,364.38,364.38,364.38,364.38,0
2022-12-19,361.99,361.99,361.99,361.99,0
2022-12-20,359.6,359.6,359.6,359.6,0
2022-12-21,354.83,354.83,354.83,354.83,0
2022-12-22,352.44,352.44,352.44,352.44,0
2022-12-23,359.6,359.6,359.6,359.6,0
2022-12-27,358.41,358.41,358.41,358.41,0
2022-12-28,342.9,342.9,342.9,342.9,0
2022-12-29,340.51,340.51,340.51,340.51,0
2022-12-30,341.7,341.7,341.7,341.7,0
2023-01-02,340.51,340.51,340.51,340.51,0
2023-01-03,336.93,336.93,336.93,336.93,0
2023-01-04,317.84,317.84,317.84,317.84,0
2023-01-05,336.93,336.93,336.93,336.93,0
2023-01-06,317.84,317.84,317.84,317.84,0
2023-01-09,329.77,329.77,329.77,329.77,0
2023-01-10,317.84,317.84,317.84,317.84,0
2023-01-11,317.84,317.84,317.84,317.84,0
2023-01-12,319.03,319.03,319.03,319.03,0
2023-01-13,319.03,319.03,319.03,319.03,0
2023-01-16,313.06,313.06,313.06,313.06,0
2023-01-17,313.06,313.06,313.06,313.06,0
2023-01-18,319.03,319.03,319.03,319.03,0
2023-01-19,319.03,319.03,319.03,319.03,0
2023-01-20,329.77,329.77,329.77,329.77,0
2023-01-23,319.03,319.03,319.03,319.03,0
2023-01-24,319.03,319.03,319.03,319.03,0
2023-01-25,319.03,319.03,319.03,319.03,0
2023-01-26,316.64,316.64,316.64,316.64,0
2023-01-27,317.84,317.84,317.84,317.84,0
2023-01-30,316.64,316.64,316.64,316.64,0
2023-01-31,308.29,308.29,308.29,308.29,0
2023-02-01,317.84,317.84,317.84,317.84,0
2023-02-02,330.96,330.96,330.96,330.96,0
2023-02-03,330.96,330.96,330.96,330.96,0
2023-02-06,330.96,330.96,330.96,330.96,0
2023-02-07,329.77,329.77,329.77,329.77,0
2023-02-08,307.1,307.1,307.1,307.1,0
2023-02-09,307.1,307.1,307.1,307.1,0
2023-02-10,307.1,307.1,307.1,307.1,0
2023-02-13,307.1,307.1,307.1,307.1,0
2023-02-14,328.58,328.58,328.58,328.58,0
2023-02-15,307.1,307.1,307.1,307.1,0
2023-02-16,328.58,328.58,328.58,328.58,0
2023-02-17,319.03,319.03,319.03,319.03,0
2023-02-20,329.77,329.77,329.77,329.77,0
2023-02-21,328.58,328.58,328.58,328.58,0
2023-02-22,319.03,319.03,319.03,319.03,0
2023-02-23,328.58,328.58,328.58,328.58,0
2023-02-24,329.77,329.77,329.77,329.77,0
2023-02-27,319.03,319.03,319.03,319.03,0
2023-02-28,330.96,330.96,330.96,330.96,0
2023-03-01,329.77,329.77,329.77,329.77,0
2023-03-02,330.96,330.96,330.96,330.96,0
2023-03-03,330.96,330.96,330.96,330.96,0
2023-03-06,328.58,328.58,328.58,328.58,0
2023-03-07,333.35,333.35,333.35,333.35,0
2023-03-08,333.35,333.35,333.35,333.35,0
2023-03-09,333.35,333.35,333.35,333.35,0
2023-03-10,333.35,333.35,333.35,333.35,0
2023-03-13,338.12,338.12,338.12,338.12,0
2023-03-14,338.12,338.12,338.12,338.12,0
2023-03-15,341.7,341.7,341.7,341.7,0
2023-03-16,361.99,361.99,361.99,361.99,0
2023-03-17,361.99,361.99,361.99,361.99,0
2023-03-20,361.99,361.99,361.99,361.99,0
2023-03-21,357.22,357.22,357.22,357.22,0
2023-03-22,357.22,357.22,357.22,357.22,0
2023-03-23,357.22,357.22,357.22,357.22,0
2023-03-24,356.02,356.02,356.02,356.02,0
2023-03-27,356.02,356.02,356.02,356.02,0
2023-03-28,354.83,354.83,354.83,354.83,0
2023-03-29,333.35,333.35,333.35,333.35,0
2023-03-30,353.64,353.64,353.64,353.64,0
2023-03-31,354.83,354.83,354.83,354.83,0
2023-04-03,353.64,353.64,353.64,353.64,0
2023-04-04,350.06,350.06,350.06,350.06,0
2023-04-05,345.28,345.28,345.28,345.28,0
2023-04-06,356.02,356.02,356.02,356.02,0
2023-04-07,342.9,342.9,342.9,342.9,0
2023-04-11,354.83,354.83,354.83,354.83,0
2023-04-12,342.9,342.9,342.9,342.9,0
2023-04-13,342.9,342.9,342.9,342.9,0
2023-04-14,341.7,341.7,341.7,341.7,0
2023-04-17,352.44,352.44,352.44,352.44,0
2023-04-19,345.28,345.28,345.28,345.28,0
2023-04-20,342.9,342.9,342.9,342.9,0
2023-04-24,340.51,340.51,340.51,340.51,0
2023-04-25,341.7,341.7,341.7,341.7,0
2023-04-26,341.7,341.7,341.7,341.7,0
2023-04-27,335.74,335.74,335.74,335.74,0
2023-04-28,335.74,335.74,335.74,335.74,0
2023-05-02,354.83,354.83,354.83,354.83,0
2023-05-03,335.74,335.74,335.74,335.74,0
2023-05-04,342.9,342.9,342.9,342.9,0
2023-05-05,342.9,342.9,342.9,342.9,0
2023-05-08,342.9,342.9,342.9,342.9,0
2023-05-09,341.7,341.7,341.7,341.7,0
2023-05-10,335.74,335.74,335.74,335.74,0
2023-05-11,335.74,335.74,335.74,335.74,0
2023-05-12,330.96,330.96,330.96,330.96,0
2023-05-15,330.96,330.96,330.96,330.96,0
2023-05-16,330.96,330.96,330.96,330.96,0
2023-05-17,330.96,330.96,330.96,330.96,0
2023-05-19,330.96,330.96,330.96,330.96,0
2023-05-22,341.7,341.7,341.7,341.7,0
2023-05-23,330.96,330.96,330.96,330.96,0
2023-05-24,341.7,341.7,341.7,341.7,0
2023-05-25,341.7,341.7,341.7,341.7,0
2023-05-26,342.9,342.9,342.9,342.9,0
2023-05-30,330.96,330.96,330.96,330.96,0
2023-05-31,340.51,340.51,340.51,340.51,0
2023-06-01,330.96,330.96,330.96,330.96,0
2023-06-02,330.96,330.96,330.96,330.96,0
2023-06-05,326.19,326.19,326.19,326.19,0
2023-06-06,329.77,329.77,329.77,329.77,0
2023-06-07,329.77,329.77,329.77,329.77,0
2023-06-08,330.96,330.96,330.96,330.96,0
2023-06-09,328.58,328.58,328.58,328.58,0
2023-06-12,325,325,325,325,0
2023-06-13,319.03,319.03,319.03,319.03,0
2023-06-14,323.8,323.8,323.8,323.8,0
2023-06-15,314.26,314.26,314.26,314.26,0
2023-06-16,314.26,314.26,314.26,314.26,0
2023-06-19,314.26,314.26,314.26,314.26,0
2023-06-20,314.26,314.26,314.26,314.26,0
2023-06-21,313.06,313.06,313.06,313.06,0
2023-06-22,322.61,322.61,322.61,322.61,0
2023-06-23,328.58,328.58,328.58,328.58,0
2023-06-26,330.96,330.96,330.96,330.96,0
2023-06-27,329.77,329.77,329.77,329.77,0
2023-06-29,352.44,352.44,352.44,352.44,0
2023-06-30,377.5,377.5,377.5,377.5,0
2023-07-03,373.92,373.92,373.92,373.92,0
2023-07-04,370.34,370.34,370.34,370.34,0
2023-07-05,373.92,373.92,373.92,373.92,0
2023-07-06,375.11,375.11,375.11,375.11,0
2023-07-07,376.31,376.31,376.31,376.31,0
2023-07-10,375.11,375.11,375.11,375.11,0
2023-07-11,378.69,378.69,378.69,378.69,0
2023-07-12,371.53,371.53,371.53,371.53,0
2023-07-13,395.4,395.4,395.4,395.4,0
2023-07-14,395.4,395.4,395.4,395.4,0
2023-07-17,414.49,414.49,414.49,414.49,0
2023-07-18,412.11,412.11,412.11,412.11,0
2023-07-19,394.21,394.21,394.21,394.21,0
2023-07-20,412.11,412.11,412.11,412.11,0
2023-07-21,402.56,402.56,402.56,402.56,0
2023-07-24,389.43,389.43,389.43,389.43,0
2023-07-25,385.85,385.85,385.85,385.85,0
2023-07-26,401.37,401.37,401.37,401.37,0
2023-07-27,390.63,390.63,390.63,390.63,0
2023-07-28,390.63,390.63,390.63,390.63,0
2023-07-31,412.11,412.11,412.11,412.11,0
2023-08-01,410.91,410.91,410.91,410.91,0
2023-08-02,401.37,401.37,401.37,401.37,0
2023-08-03,408.53,408.53,408.53,408.53,0
2023-08-04,402.56,402.56,402.56,402.56,0
2023-08-08,402.56,402.56,402.56,402.56,0
2023-08-09,389.43,389.43,389.43,389.43,0
2023-08-10,389.43,389.43,389.43,389.43,0
2023-08-11,366.76,366.76,366.76,366.76,0
2023-08-14,378.69,378.69,378.69,378.69,0
2023-08-16,379.89,379.89,379.89,379.89,0
2023-08-17,377.5,377.5,377.5,377.5,0
2023-08-18,365.57,365.57,365.57,365.57,0
2023-08-21,365.57,365.57,365.57,365.57,0
2023-08-22,378.69,378.69,378.69,378.69,0
2023-08-23,377.5,377.5,377.5,377.5,0
2023-08-24,359.6,359.6,359.6,359.6,0
2023-08-25,366.76,366.76,366.76,366.76,0
2023-08-28,376.31,376.31,376.31,376.31,0
2023-08-29,376.31,376.31,376.31,376.31,0
2023-08-30,354.83,354.83,354.83,354.83,0
2023-08-31,354.83,354.83,354.83,354.83,0
2023-09-01,356.02,356.02,356.02,356.02,0
2023-09-04,359.6,359.6,359.6,359.6,0
2023-09-05,359.6,359.6,359.6,359.6,0
2023-09-06,361.99,361.99,361.99,361.99,0
2023-09-07,361.99,361.99,361.99,361.99,0
2023-09-08,359.6,359.6,359.6,359.6,0
2023-09-11,360.8,360.8,360.8,360.8,0
2023-09-12,361.99,361.99,361.99,361.99,0
2023-09-13,361.99,361.99,361.99,361.99,0
2023-09-14,359.6,359.6,359.6,359.6,0
2023-09-15,360.8,360.8,360.8,360.8,0
2023-09-18,366.76,366.76,366.76,366.76,0
2023-09-19,360.8,360.8,360.8,360.8,0
2023-09-20,359.6,359.6,359.6,359.6,0
2023-09-21,359.6,359.6,359.6,359.6,0
2023-09-22,347.67,347.67,347.67,347.67,0
2023-09-25,354.83,354.83,354.83,354.83,0
2023-09-26,359.6,359.6,359.6,359.6,0
2023-09-28,366.76,366.76,366.76,366.76,0
2023-09-29,393.01,393.01,393.01,393.01,0
2023-10-02,388.24,388.24,388.24,388.24,0
2023-10-03,390.63,390.63,390.63,390.63,0
2023-10-04,385.85,385.85,385.85,385.85,0
2023-10-05,378.69,378.69,378.69,378.69,0
2023-10-06,384.66,384.66,384.66,384.66,0
2023-10-09,384.66,384.66,384.66,384.66,0
2023-10-10,383.47,383.47,383.47,383.47,0
2023-10-11,382.27,382.27,382.27,382.27,0
2023-10-12,381.08,381.08,381.08,381.08,0
2023-10-13,381.08,381.08,381.08,381.08,0
2023-10-16,381.08,381.08,381.08,381.08,0
2023-10-17,366.76,366.76,366.76,366.76,0
2023-10-18,340.51,340.51,340.51,340.51,0
2023-10-19,364.38,364.38,364.38,364.38,0
2023-10-20,364.38,364.38,364.38,364.38,0
2023-10-23,364.38,364.38,364.38,364.38,0
2023-10-24,361.99,361.99,361.99,361.99,0
2023-10-25,361.99,361.99,361.99,361.99,0
2023-10-26,342.9,342.9,342.9,342.9,0
2023-10-27,340.51,340.51,340.51,340.51,0
2023-10-30,342.9,342.9,342.9,342.9,0
2023-10-31,342.9,342.9,342.9,342.9,0
2023-11-02,336.93,336.93,336.93,336.93,0
2023-11-03,342.9,342.9,342.9,342.9,0
2023-11-06,342.9,342.9,342.9,342.9,0
2023-11-07,341.7,341.7,341.7,341.7,0
2023-11-08,341.7,341.7,341.7,341.7,0
2023-11-09,354.83,354.83,354.83,354.83,0
2023-11-10,379.89,379.89,379.89,379.89,0
2023-11-13,403.75,403.75,403.75,403.75,0
2023-11-14,398.98,398.98,398.98,398.98,0
2023-11-16,389.43,389.43,389.43,389.43,0
2023-11-17,364.38,364.38,364.38,364.38,0
2023-11-20,390.63,390.63,390.63,390.63,0
2023-11-21,361.99,361.99,361.99,361.99,0
2023-11-22,388.24,388.24,388.24,388.24,0
2023-11-23,366.76,366.76,366.76,366.76,0
2023-11-24,366.76,366.76,366.76,366.76,0
2023-11-27,371.53,371.53,371.53,371.53,0
2023-11-28,363.18,363.18,363.18,363.18,0
2023-11-29,359.6,359.6,359.6,359.6,0
2023-11-30,366.76,366.76,366.76,366.76,0
2023-12-01,366.76,366.76,366.76,366.76,0
2023-12-04,364.38,364.38,364.38,364.38,0
2023-12-05,365.57,365.57,365.57,365.57,0
2023-12-06,382.27,382.27,382.27,382.27,0
2023-12-07,378.69,378.69,378.69,378.69,0
2023-12-08,366.76,366.76,366.76,366.76,0
2023-12-11,366.76,366.76,366.76,366.76,0
2023-12-12,360.8,360.8,360.8,360.8,0
2023-12-13,365.57,365.57,365.57,365.57,0
2023-12-14,365.57,365.57,365.57,365.57,0
2023-12-15,364.38,364.38,364.38,364.38,0
2023-12-18,339.32,339.32,339.32,339.32,0
2023-12-19,363.18,363.18,363.18,363.18,0
2023-12-20,342.9,342.9,342.9,342.9,0
2023-12-21,354.83,354.83,354.83,354.83,0
2023-12-22,354.83,354.83,354.83,354.83,0
2023-12-26,354.83,354.83,354.83,354.83,0
2023-12-27,354.83,354.83,354.83,354.83,0
2023-12-28,342.9,342.9,342.9,342.9,0
2023-12-29,330.96,330.96,330.96,330.96,0
2024-01-02,342.9,342.9,342.9,342.9,0
2024-01-03,342.9,342.9,342.9,342.9,0
2024-01-04,366.76,366.76,366.76,366.76,0
2024-01-05,342.9,342.9,342.9,342.9,0
2024-01-08,336.93,336.93,336.93,336.93,0
2024-01-09,336.93,336.93,336.93,336.93,0
2024-01-10,342.9,342.9,342.9,342.9,0
2024-01-11,342.9,342.9,342.9,342.9,0
2024-01-12,342.9,342.9,342.9,342.9,0
2024-01-15,336.93,336.93,336.93,336.93,0
2024-01-16,336.93,336.93,336.93,336.93,0
2024-01-17,336.93,336.93,336.93,336.93,0
2024-01-18,334.54,334.54,334.54,334.54,0
2024-01-19,342.9,342.9,342.9,342.9,0
2024-01-22,342.9,342.9,342.9,342.9,0
2024-01-23,340.51,340.51,340.51,340.51,0
2024-01-24,340.51,340.51,340.51,340.51,0
2024-01-25,342.9,342.9,342.9,342.9,0
2024-01-26,341.7,341.7,341.7,341.7,0
2024-01-29,359.6,359.6,359.6,359.6,0
2024-01-30,357.22,357.22,357.22,357.22,0
2024-01-31,357.22,357.22,357.22,357.22,0
2024-02-01,357.22,357.22,357.22,357.22,0
2024-02-02,357.22,357.22,357.22,357.22,0
2024-02-05,356.02,356.02,356.02,356.02,0
2024-02-06,354.83,354.83,354.83,354.83,0
2024-02-07,359.6,359.6,359.6,359.6,0
2024-02-08,359.6,359.6,359.6,359.6,0
2024-02-09,359.6,359.6,359.6,359.6,0
2024-02-13,364.38,364.38,364.38,364.38,0
2024-02-14,365.57,365.57,365.57,365.57,0
2024-02-15,365.57,365.57,365.57,365.57,0
2024-02-16,377.5,377.5,377.5,377.5,0
2024-02-19,366.76,366.76,366.76,366.76,0
2024-02-20,366.76,366.76,366.76,366.76,0
2024-02-21,365.57,365.57,365.57,365.57,0
2024-02-22,365.57,365.57,365.57,365.57,0
2024-02-23,360.8,360.8,360.8,360.8,0
2024-02-26,366.76,366.76,366.76,366.76,0
2024-02-27,366.76,366.76,366.76,366.76,0
2024-02-28,387.05,387.05,387.05,387.05,0
2024-02-29,387.05,387.05,387.05,387.05,0
2024-03-01,383.47,383.47,383.47,383.47,0
2024-03-04,377.5,377.5,377.5,377.5,0
2024-03-05,365.57,365.57,365.57,365.57,0
2024-03-06,373.92,373.92,373.92,373.92,0
2024-03-07,363.18,363.18,363.18,363.18,0
2024-03-08,365.57,365.57,365.57,365.57,0
2024-03-11,365.57,365.57,365.57,365.57,0
2024-03-12,372.73,372.73,372.73,372.73,0
2024-03-13,371.53,371.53,371.53,371.53,0
2024-03-14,366.76,366.76,366.76,366.76,0
2024-03-15,372.73,372.73,372.73,372.73,0
2024-03-18,372.73,372.73,372.73,372.73,0
2024-03-19,372.73,372.73,372.73,372.73,0
2024-03-20,373.92,373.92,373.92,373.92,0
2024-03-21,377.5,377.5,377.5,377.5,0
2024-03-22,379.89,379.89,379.89,379.89,0
2024-03-25,378.69,378.69,378.69,378.69,0
2024-03-26,376.31,376.31,376.31,376.31,0
2024-03-27,377.5,377.5,377.5,377.5,0
2024-03-28,384.66,384.66,384.66,384.66,0
2024-03-29,390.63,390.63,390.63,390.63,0
2024-04-02,390.63,390.63,390.63,390.63,0
2024-04-03,394.21,394.21,394.21,394.21,0
2024-04-04,395.4,395.4,395.4,395.4,0
2024-04-05,393.01,393.01,393.01,393.01,0
2024-04-08,394.21,394.21,394.21,394.21,0
2024-04-09,390.63,390.63,390.63,390.63,0
2024-04-11,390.63,390.63,390.63,390.63,0
2024-04-12,402.56,402.56,402.56,402.56,0
2024-04-15,398.98,398.98,398.98,398.98,0
2024-04-16,398.98,398.98,398.98,398.98,0
2024-04-17,398.98,398.98,398.98,398.98,0
2024-04-18,390.63,390.63,390.63,390.63,0
2024-04-19,404.95,404.95,404.95,404.95,0
2024-04-22,404.95,404.95,404.95,404.95,0
2024-04-23,412.11,412.11,412.11,412.11,0
2024-04-24,409.72,409.72,409.72,409.72,0
2024-04-25,410.91,410.91,410.91,410.91,0
2024-04-26,400.17,400.17,400.17,400.17,0
2024-04-29,400.17,400.17,400.17,400.17,0
2024-04-30,410.91,410.91,410.91,410.91,0
2024-05-02,414.49,414.49,414.49,414.49,0
2024-05-03,384.66,384.66,384.66,384.66,0
2024-05-06,357.22,357.22,357.22,357.22,0
2024-05-07,332.16,332.16,332.16,332.16,0
2024-05-08,356.02,356.02,356.02,356.02,0
2024-05-10,352.44,352.44,352.44,352.44,0
2024-05-13,364.38,364.38,364.38,364.38,0
2024-05-14,363.18,363.18,363.18,363.18,0
2024-05-15,361.99,361.99,361.99,361.99,0
2024-05-16,348.86,348.86,348.86,348.86,0
2024-05-17,342.9,342.9,342.9,342.9,0
2024-05-21,340.51,340.51,340.51,340.51,0
2024-05-22,340.51,340.51,340.51,340.51,0
2024-05-23,339.32,339.32,339.32,339.32,0
2024-05-24,350.06,350.06,350.06,350.06,0
2024-05-27,354.83,354.83,354.83,354.83,0
2024-05-28,359.6,359.6,359.6,359.6,0
2024-05-29,354.83,354.83,354.83,354.83,0
2024-05-30,352.44,352.44,352.44,352.44,0
2024-05-31,350.06,350.06,350.06,350.06,0
2024-06-03,330.96,330.96,330.96,330.96,0
2024-06-04,341.7,341.7,341.7,341.7,0
2024-06-05,330.96,330.96,330.96,330.96,0
2024-06-06,330.96,330.96,330.96,330.96,0
2024-06-07,336.93,336.93,336.93,336.93,0
2024-06-10,330.96,330.96,330.96,330.96,0
2024-06-11,329.77,329.77,329.77,329.77,0
2024-06-12,336.93,336.93,336.93,336.93,0
2024-06-13,340.51,340.51,340.51,340.51,0
2024-06-14,330.96,330.96,330.96,330.96,0
2024-06-18,321.42,321.42,321.42,321.42,0
2024-06-19,315.45,315.45,315.45,315.45,0
2024-06-20,314.26,314.26,314.26,314.26,0
2024-06-21,313.06,313.06,313.06,313.06,0
2024-06-24,302.32,302.32,302.32,302.32,0
2024-06-25,310.68,310.68,310.68,310.68,0
2024-06-26,310.68,310.68,310.68,310.68,0
2024-06-27,310.68,310.68,310.68,310.68,0
2024-06-28,313.06,313.06,313.06,313.06,0
2024-07-01,313.06,313.06,313.06,313.06,0
2024-07-02,309.48,309.48,309.48,309.48,0
2024-07-03,317.84,317.84,317.84,317.84,0
2024-07-04,317.84,317.84,317.84,317.84,0
2024-07-05,317.84,317.84,317.84,317.84,0
2024-07-08,307.1,307.1,307.1,307.1,0
2024-07-09,307.1,307.1,307.1,307.1,0
2024-07-10,319.03,319.03,319.03,319.03,0
2024-07-11,314.26,314.26,314.26,314.26,0
2024-07-12,322.61,322.61,322.61,322.61,0
2024-07-15,321.42,321.42,321.42,321.42,0
2024-07-16,319.03,319.03,319.03,319.03,0
2024-07-17,321.42,321.42,321.42,321.42,0
2024-07-18,320.22,320.22,320.22,320.22,0
2024-07-19,316.64,316.64,316.64,316.64,0
2024-07-22,326.19,326.19,326.19,326.19,0
2024-07-23,322.61,322.61,322.61,322.61,0
2024-07-24,323.8,323.8,323.8,323.8,0
2024-07-25,321.42,321.42,321.42,321.42,0
2024-07-26,323.8,323.8,323.8,323.8,0
2024-07-29,319.03,319.03,319.03,319.03,0
2024-07-30,319.03,319.03,319.03,319.03,0
2024-07-31,319.03,319.03,319.03,319.03,0
2024-08-01,317.84,317.84,317.84,317.84,0
2024-08-02,317.84,317.84,317.84,317.84,0
2024-08-05,316.64,316.64,316.64,316.64,0
2024-08-06,316.64,316.64,316.64,316.64,0
2024-08-08,310.68,310.68,310.68,310.68,0
2024-08-09,315.45,315.45,315.45,315.45,0
2024-08-12,316.64,316.64,316.64,316.64,0
2024-08-13,316.64,316.64,316.64,316.64,0
2024-08-14,314.26,314.26,314.26,314.26,0
2024-08-16,323.8,323.8,323.8,323.8,0
2024-08-19,322.61,322.61,322.61,322.61,0
2024-08-20,322.61,322.61,322.61,322.61,0
2024-08-21,325,325,325,325,0
2024-08-22,321.42,321.42,321.42,321.42,0
2024-08-23,322.61,322.61,322.61,322.61,0
2024-08-26,323.8,323.8,323.8,323.8,0
2024-08-27,320.22,320.22,320.22,320.22,0
2024-08-28,321.42,321.42,321.42,321.42,0
2024-08-29,319.03,319.03,319.03,319.03,0
2024-08-30,339.32,339.32,339.32,339.32,0
2024-09-02,340.51,340.51,340.51,340.51,0
2024-09-03,340.51,340.51,340.51,340.51,0
2024-09-04,346.48,346.48,346.48,346.48,0
2024-09-05,341.7,341.7,341.7,341.7,0
2024-09-06,339.32,339.32,339.32,339.32,0
2024-09-09,336.93,336.93,336.93,336.93,0
2024-09-10,340.51,340.51,340.51,340.51,0
2024-09-11,328.58,328.58,328.58,328.58,0
2024-09-12,340.51,340.51,340.51,340.51,0
2024-09-13,323.8,323.8,323.8,323.8,0
2024-09-16,338.12,338.12,338.12,338.12,0
2024-09-17,338.12,338.12,338.12,338.12,0
2024-09-18,335.74,335.74,335.74,335.74,0
2024-09-19,335.74,335.74,335.74,335.74,0
2024-09-20,335.74,335.74,335.74,335.74,0
2024-09-23,330.96,330.96,330.96,330.96,0
2024-09-24,330.96,330.96,330.96,330.96,0
2024-09-25,330.96,330.96,330.96,330.96,0
2024-09-26,354.83,354.83,354.83,354.83,0
2024-09-27,353.64,353.64,353.64,353.64,0
2024-09-30,363.18,363.18,363.18,363.18,0
2024-10-01,364.38,364.38,364.38,364.38,0
2024-10-02,365.57,365.57,365.57,365.57,0
2024-10-03,367.96,367.96,367.96,367.96,0
2024-10-04,367.96,367.96,367.96,367.96,0
2024-10-07,356.02,356.02,356.02,356.02,0
2024-10-08,360.8,360.8,360.8,360.8,0
2024-10-09,354.83,354.83,354.83,354.83,0
2024-10-10,354.83,354.83,354.83,354.83,0
2024-10-11,366.76,366.76,366.76,366.76,0
2024-10-14,354.83,354.83,354.83,354.83,0
2024-10-15,354.83,354.83,354.83,354.83,0
2024-10-16,352.44,352.44,352.44,352.44,0
2024-10-17,353.64,353.64,353.64,353.64,0
2024-10-18,353.64,353.64,353.64,353.64,0
2024-10-21,353.64,353.64,353.64,353.64,0
2024-10-22,353.64,353.64,353.64,353.64,0
2024-10-23,352.44,352.44,352.44,352.44,0
2024-10-24,354.83,354.83,354.83,354.83,0
2024-10-25,338.12,338.12,338.12,338.12,0
2024-10-28,352.44,352.44,352.44,352.44,0
2024-10-29,352.44,352.44,352.44,352.44,0
2024-10-30,342.9,342.9,342.9,342.9,0
2024-10-31,342.9,342.9,342.9,342.9,0
2024-11-04,342.9,342.9,342.9,342.9,0
2024-11-05,341.7,341.7,341.7,341.7,0
2024-11-06,342.9,342.9,342.9,342.9,0
2024-11-07,351.25,351.25,351.25,351.25,0
2024-11-08,342.9,342.9,342.9,342.9,0
2024-11-11,341.7,341.7,341.7,341.7,0
2024-11-12,329.77,329.77,329.77,329.77,0
2024-11-13,330.96,330.96,330.96,330.96,0
2024-11-14,342.9,342.9,342.9,342.9,0
2024-11-18,336.93,336.93,336.93,336.93,0
2024-11-19,335.74,335.74,335.74,335.74,0
2024-11-20,335.74,335.74,335.74,335.74,0
2024-11-21,333.35,333.35,333.35,333.35,0
2024-11-22,323.8,323.8,323.8,323.8,0
2024-11-25,326.19,326.19,326.19,326.19,0
2024-11-26,326.19,326.19,326.19,326.19,0
2024-11-27,326.19,326.19,326.19,326.19,0
2024-11-28,341.7,341.7,341.7,341.7,0
2024-11-29,340.51,340.51,340.51,340.51,0
2024-12-02,339.32,339.32,339.32,339.32,0
2024-12-03,352.44,352.44,352.44,352.44,0
2024-12-04,352.44,352.44,352.44,352.44,0
2024-12-05,342.9,342.9,342.9,342.9,0
2024-12-06,342.9,342.9,342.9,342.9,0
2024-12-09,342.9,342.9,342.9,342.9,0
2024-12-10,328.58,328.58,328.58,328.58,0
2024-12-11,326.19,326.19,326.19,326.19,0
2024-12-12,325,325,325,325,0
2024-12-13,328.58,328.58,328.58,328.58,0
2024-12-16,325,325,325,325,0
2024-12-17,308.29,308.29,308.29,308.29,0
2024-12-18,325,325,325,325,0
2024-12-19,323.8,323.8,323.8,323.8,0
2024-12-20,323.8,323.8,323.8,323.8,0
2024-12-23,319.03,319.03,319.03,319.03,0
2024-12-24,319.03,319.03,319.03,319.03,0
2024-12-26,319.03,319.03,319.03,319.03,0
2024-12-27,326.19,326.19,326.19,326.19,0
2024-12-30,326.19,326.19,326.19,326.19,0
2025-01-02,319.03,319.03,319.03,319.03,0
2025-01-03,319.03,319.03,319.03,319.03,0
2025-01-06,327.38,327.38,327.38,327.38,0
2025-01-07,319.03,319.03,319.03,319.03,0
2025-01-08,323.8,323.8,323.8,323.8,0
2025-01-09,319.03,319.03,319.03,319.03,0
2025-01-10,322.61,322.61,322.61,322.61,0
2025-01-13,319.03,319.03,319.03,319.03,0
2025-01-14,316.64,316.64,316.64,316.64,0
2025-01-15,313.06,313.06,313.06,313.06,0
2025-01-16,308.29,308.29,308.29,308.29,0
2025-01-17,319.03,319.03,319.03,319.03,0
2025-01-20,319.03,319.03,319.03,319.03,0
2025-01-21,319.03,319.03,319.03,319.03,0
2025-01-22,319.03,319.03,319.03,319.03,0
2025-01-23,319.03,319.03,319.03,319.03,0
2025-01-24,319.03,319.03,319.03,319.03,0
2025-01-27,319.03,319.03,319.03,319.03,0
2025-01-28,308.29,308.29,308.29,308.29,0
2025-01-29,309.48,309.48,309.48,309.48,0
2025-01-30,314.26,314.26,314.26,314.26,0
2025-01-31,313.06,313.06,313.06,313.06,0
2025-02-03,311.87,311.87,311.87,311.87,0
2025-02-04,313.06,313.06,313.06,313.06,0
2025-02-05,313.06,313.06,313.06,313.06,0
2025-02-06,314.26,314.26,314.26,314.26,0
2025-02-07,321.42,321.42,321.42,321.42,0
2025-02-10,342.9,342.9,342.9,342.9,0
2025-02-11,334.54,334.54,334.54,334.54,0
2025-02-12,336.93,336.93,336.93,336.93,0
2025-02-13,336.93,336.93,336.93,336.93,0
2025-02-14,333.35,333.35,333.35,333.35,0
2025-02-17,333.35,333.35,333.35,333.35,0
2025-02-18,333.35,333.35,333.35,333.35,0
2025-02-19,333.35,333.35,333.35,333.35,0
2025-02-20,330.96,330.96,330.96,330.96,0
2025-02-21,329.77,329.77,329.77,329.77,0
2025-02-24,328.58,328.58,328.58,328.58,0
2025-02-25,328.58,328.58,328.58,328.58,0
2025-02-26,319.03,319.03,319.03,319.03,0
2025-02-27,321.42,321.42,321.42,321.42,0
2025-02-28,320.22,320.22,320.22,320.22,0
2025-03-03,323.8,323.8,323.8,323.8,0
2025-03-04,328.58,328.58,328.58,328.58,0
2025-03-05,341.7,341.7,341.7,341.7,0
2025-03-06,341.7,341.7,341.7,341.7,0
2025-03-07,330.96,330.96,330.96,330.96,0
2025-03-10,329.77,329.77,329.77,329.77,0
2025-03-11,329.77,329.77,329.77,329.77,0
2025-03-12,329.77,329.77,329.77,329.77,0
2025-03-13,338.12,338.12,338.12,338.12,0
2025-03-14,335.74,335.74,335.74,335.74,0
2025-03-17,335.74,335.74,335.74,335.74,0
2025-03-18,335.74,335.74,335.74,335.74,0
2025-03-19,339.32,339.32,339.32,339.32,0
2025-03-20,339.32,339.32,339.32,339.32,0
2025-03-21,340.51,340.51,340.51,340.51,0
2025-03-24,336.93,336.93,336.93,336.93,0
2025-03-25,336.93,336.93,336.93,336.93,0
2025-03-26,339.32,339.32,339.32,339.32,0
2025-03-28,340.51,340.51,340.51,340.51,0
2025-04-01,340.51,340.51,340.51,340.51,0
2025-04-02,339.32,339.32,339.32,339.32,0
2025-04-03,338.12,338.12,338.12,338.12,0
2025-04-04,335.74,335.74,335.74,335.74,0
2025-04-07,335.74,335.74,335.74,335.74,0
2025-04-08,330.96,330.96,330.96,330.96,0
2025-04-09,325,325,325,325,0
2025-04-10,320.22,320.22,320.22,320.22,0
2025-04-11,321.42,321.42,321.42,321.42,0
2025-04-14,328.58,328.58,328.58,328.58,0
2025-04-15,326.19,326.19,326.19,326.19,0
2025-04-16,328.58,328.58,328.58,328.58,0
2025-04-17,328.58,328.58,328.58,328.58,0
2025-04-18,326.19,326.19,326.19,326.19,0
2025-04-22,329.77,329.77,329.77,329.77,0
2025-04-23,323.8,323.8,323.8,323.8,0
2025-04-24,328.58,328.58,328.58,328.58,0
2025-04-25,323.8,323.8,323.8,323.8,0
2025-04-28,327.38,327.38,327.38,327.38,0
2025-04-29,328.58,328.58,328.58,328.58,0
2025-04-30,334.54,334.54,334.54,334.54,0
2025-05-02,333.35,333.35,333.35,333.35,0
2025-05-05,334.54,334.54,334.54,334.54,0
2025-05-06,354.83,354.83,354.83,354.83,0
2025-05-07,345.28,345.28,345.28,345.28,0
2025-05-08,344.09,344.09,344.09,344.09,0
2025-05-09,347.67,347.67,347.67,347.67,0
2025-05-12,350.06,350.06,350.06,350.06,0
2025-05-13,347.67,347.67,347.67,347.67,0
2025-05-14,340.51,340.51,340.51,340.51,0
2025-05-15,346.48,346.48,346.48,346.48,0
2025-05-16,364.38,364.38,364.38,364.38,0
2025-05-19,366.76,366.76,366.76,366.76,0
2025-05-20,364.38,364.38,364.38,364.38,0
2025-05-21,354.83,354.83,354.83,354.83,0
2025-05-22,361.99,361.99,361.99,361.99,0
2025-05-23,360.8,360.8,360.8,360.8,0
2025-05-26,366.76,366.76,366.76,366.76,0
2025-05-27,370.34,370.34,370.34,370.34,0
2025-05-28,390.63,390.63,390.63,390.63,0
2025-05-30,414.49,414.49,414.49,414.49,0
2025-06-02,402.56,402.56,402.56,402.56,0
2025-06-03,402.56,402.56,402.56,402.56,0
2025-06-04,389.43,389.43,389.43,389.43,0
2025-06-05,382.27,382.27,382.27,382.27,0
2025-06-10,389.43,389.43,389.43,389.43,0
2025-06-11,390.63,390.63,390.63,390.63,0
2025-06-12,390.63,390.63,390.63,390.63,0
2025-06-13,407.33,407.33,407.33,407.33,0
2025-06-16,400.17,400.17,400.17,400.17,0
2025-06-17,406.14,406.14,406.14,406.14,0
2025-06-18,404.95,404.95,404.95,404.95,0
2025-06-19,390.63,390.63,390.63,390.63,0
2025-06-20,403.75,403.75,403.75,403.75,0
2025-06-23,397.79,397.79,397.79,397.79,0
2025-06-24,382.27,382.27,382.27,382.27,0
2025-06-25,378.69,378.69,378.69,378.69,0
2025-06-26,351.25,351.25,351.25,351.25,0
2025-06-27,348.8,348.8,348.8,348.8,0
2025-06-30,348.8,348.8,348.8,348.8,0
2025-07-01,351.25,351.25,351.25,351.25,0
2025-07-02,350.03,350.03,350.03,350.03,0
2025-07-03,345.13,345.13,345.13,345.13,0
2025-07-04,350.03,350.03,350.03,350.03,0
2025-07-07,348.8,348.8,348.8,348.8,0
2025-07-08,353.7,353.7,353.7,353.7,0
2025-07-09,348.8,348.8,348.8,348.8,0
2025-07-10,341.46,341.46,341.46,341.46,0
2025-07-11,348.8,348.8,348.8,348.8,0
2025-07-14,345.13,345.13,345.13,345.13,0
2025-07-15,347.58,347.58,347.58,347.58,0
2025-07-16,353.7,353.7,353.7,353.7,0
2025-07-17,353.7,353.7,353.7,353.7,0
2025-07-18,348.8,348.8,348.8,348.8,0
2025-07-21,348.8,348.8,348.8,348.8,0
2025-07-22,345.13,345.13,345.13,345.13,0
2025-07-23,345.13,345.13,345.13,345.13,0
2025-07-24,347.58,347.58,347.58,347.58,0
2025-07-25,345.13,345.13,345.13,345.13,0
2025-07-28,345.13,345.13,345.13,345.13,0
2025-07-29,346.35,346.35,346.35,346.35,0
2025-07-30,342.68,342.68,342.68,342.68,0
2025-07-31,352.47,352.47,352.47,352.47,0
2025-08-01,352.47,352.47,352.47,352.47,0
2025-08-04,345.13,345.13,345.13,345.13,0
2025-08-05,352.47,352.47,352.47,352.47,0
2025-08-06,352.47,352.47,352.47,352.47,0
2025-08-08,352.47,352.47,352.47,352.47,0
2025-08-11,350.03,350.03,350.03,350.03,0
2025-08-12,343.91,343.91,343.91,343.91,0
2025-08-13,348.8,348.8,348.8,348.8,0
2025-08-14,353.7,353.7,353.7,353.7,0
2025-08-18,367.16,367.16,367.16,367.16,0
2025-08-19,367.16,367.16,367.16,367.16,0
2025-08-20,373.28,373.28,373.28,373.28,0
2025-08-21,372.06,372.06,372.06,372.06,0
2025-08-22,375.73,375.73,375.73,375.73,0
2025-08-25,376.95,376.95,376.95,376.95,0
2025-08-26,367.16,367.16,367.16,367.16,0
2025-08-27,342.68,342.68,342.68,342.68,0
2025-08-28,346.35,346.35,346.35,346.35,0
2025-08-29,342.68,342.68,342.68,342.68,0
2025-09-01,348.8,348.8,348.8,348.8,0
2025-09-02,348.8,348.8,348.8,348.8,0
2025-09-03,342.68,342.68,342.68,342.68,0
2025-09-05,348.8,348.8,348.8,348.8,0
2025-09-08,348.8,348.8,348.8,348.8,0
2025-09-09,347.58,347.58,347.58,347.58,0
2025-09-10,347.58,347.58,347.58,347.58,0
2025-09-11,350.03,350.03,350.03,350.03,0
2025-09-12,351.25,351.25,351.25,351.25,0
2025-09-15,356.15,356.15,356.15,356.15,0
2025-09-16,362.26,362.26,362.26,362.26,0
2025-09-17,356.15,356.15,356.15,356.15,0
2025-09-18,362.26,362.26,362.26,362.26,0
2025-09-19,364.71,364.71,364.71,364.71,0
2025-09-22,367.16,367.16,367.16,367.16,0
2025-09-23,369.61,369.61,369.61,369.61,0
2025-09-24,367.16,367.16,367.16,367.16,0
2025-09-25,367.16,367.16,367.16,367.16,0
2025-09-26,364.71,364.71,364.71,364.71,0
2025-09-29,362.26,362.26,362.26,362.26,0
2025-09-30,364.71,364.71,364.71,364.71,0
2025-10-01,358.59,358.59,358.59,358.59,0
2025-10-02,359.82,359.82,359.82,359.82,0
2025-10-03,356.15,356.15,356.15,356.15,0
2025-10-06,364.71,364.71,364.71,364.71,0
2025-10-07,362.26,362.26,362.26,362.26,0
2025-10-08,358.59,358.59,358.59,358.59,0
2025-10-09,362.26,362.26,362.26,362.26,0
2025-10-10,364.71,364.71,364.71,364.71,0
2025-10-13,364.71,364.71,364.71,364.71,0
2025-10-14,353.7,353.7,353.7,353.7,0
2025-10-15,362.26,362.26,362.26,362.26,0
2025-10-16,354.92,354.92,354.92,354.92,0
2025-10-17,357.37,357.37,357.37,357.37,0
2025-10-20,364.71,364.71,364.71,364.71,0
2025-10-21,363.49,363.49,363.49,363.49,0
2025-10-22,364.71,364.71,364.71,364.71,0
2025-10-23,354.92,354.92,354.92,354.92,0
2025-10-24,354.92,354.92,354.92,354.92,0
2025-10-27,354.92,354.92,354.92,354.92,0
2025-10-28,364.71,364.71,364.71,364.71,0
2025-10-29,357.37,357.37,357.37,357.37,0
2025-10-30,354.92,354.92,354.92,354.92,0
2025-10-31,359.82,359.82,359.82,359.82,0
2025-11-03,364.71,364.71,364.71,364.71,0
2025-11-04,373.28,373.28,373.28,373.28,0
2025-11-05,396.53,396.53,396.53,396.53,0
2025-11-06,406.32,406.32,406.32,406.32,0
2025-11-07,406.32,406.32,406.32,406.32,0
2025-11-10,416.11,416.11,416.11,416.11,0
2025-11-11,416.11,416.11,416.11,416.11,0
2025-11-12,385.52,385.52,385.52,385.52,0
2025-11-13,357.37,357.37,357.37,357.37,0
2025-11-14,354.92,354.92,354.92,354.92,0
2025-11-17,362.26,362.26,362.26,362.26,0
2025-11-18,354.92,354.92,354.92,354.92,0
2025-11-19,365.94,365.94,365.94,365.94,0
2025-11-20,367.16,367.16,367.16,367.16,0
2025-11-21,361.04,361.04,361.04,361.04,0
2025-11-24,364.71,364.71,364.71,364.71,0
2025-11-25,361.04,361.04,361.04,361.04,0
2025-11-26,354.92,354.92,354.92,354.92,0
2025-11-27,362.26,362.26,362.26,362.26,0
2025-11-28,359.82,359.82,359.82,359.82,0
2025-12-01,358.59,358.59,358.59,358.59,0
2025-12-02,352.47,352.47,352.47,352.47,0
2025-12-03,354.92,354.92,354.92,354.92,0
2025-12-04,356.15,356.15,356.15,356.15,0
2025-12-05,354.92,354.92,354.92,354.92,0
2025-12-08,342.68,342.68,342.68,342.68,0
2025-12-09,357.37,357.37,357.37,357.37,0
2025-12-10,354.92,354.92,354.92,354.92,0
2025-12-11,362.26,362.26,362.26,362.26,0
2025-12-12,361.04,361.04,361.04,361.04,0
2025-12-15,359.82,359.82,359.82,359.82,0
2025-12-16,354.92,354.92,354.92,354.92,0
2025-12-17,354.92,354.92,354.92,354.92,0
2025-12-18,364.71,364.71,364.71,364.71,0
2025-12-19,362.26,362.26,362.26,362.26,0
2025-12-22,347.58,347.58,347.58,347.58,0
2025-12-23,351.25,351.25,351.25,351.25,0
2025-12-24,354.92,354.92,354.92,354.92,0
2025-12-26,357.37,357.37,357.37,357.37,0
2025-12-29,357.37,357.37,357.37,357.37,0
2025-12-30,369.61,369.61,369.61,369.61,0
2025-12-31,370.83,370.83,370.83,370.83,0
