Date,Open,High,Low,Close,Volume
2014-12-10,1075,1075,1075,1075,1350
2014-12-11,1156,1156,1156,1156,150
2014-12-12,1242,1242,1242,1242,60
2014-12-15,1335,1335,1335,1335,90
2014-12-16,1435,1435,1435,1435,60
2014-12-17,1543,1543,1543,1543,16440
2014-12-18,1658,1658,1650,1658,169140
2014-12-19,1700,1782,1667,1782,74520
2014-12-22,1916,1916,1900,1916,29400
2014-12-23,2000,2060,2000,2033,99690
2014-12-24,2067,2067,2000,2017,25920
2014-12-26,2067,2168,2033,2033,51360
2014-12-29,2167,2167,2067,2067,17760
2014-12-30,2067,2117,2067,2117,2400
2014-12-31,2150,2250,2150,2150,45390
2015-01-02,2247,2247,2247,2247,1890
2015-01-05,2233,2233,2213,2217,4410
2015-01-06,2167,2233,2150,2167,6900
2015-01-07,2167,2233,2004,2167,38190
2015-01-08,2123,2123,2025,2067,82920
2015-01-09,2067,2167,2034,2167,13350
2015-01-12,2133,2133,2070,2070,1320
2015-01-13,2067,2067,2017,2033,5970
2015-01-14,2000,2133,1983,2100,29460
2015-01-15,2000,2002,2000,2000,32760
2015-01-16,2033,2033,1857,2000,14400
2015-01-19,2000,2000,2000,2000,5160
2015-01-20,1983,2000,1983,2000,1110
2015-01-21,2000,2000,2000,2000,14430
2015-01-22,2000,2000,2000,2000,4680
2015-01-23,2000,2000,2000,2000,6990
2015-01-26,1967,2000,1867,1967,8340
2015-01-27,1997,2000,1933,1933,3660
2015-01-28,1934,2000,1933,2000,14010
2015-01-29,2000,2150,2000,2100,154350
2015-01-30,2100,2167,2100,2167,11670
2015-02-02,2163,2167,2100,2100,3600
2015-02-03,2100,2233,2100,2167,59550
2015-02-04,2167,2233,2167,2233,5040
2015-02-05,2167,2230,2167,2167,1530
2015-02-06,2167,2167,2137,2137,3360
2015-02-10,2137,2233,2133,2233,8670
2015-02-11,2200,2265,2167,2200,6360
2015-02-12,2200,2217,2184,2217,2130
2015-02-13,2217,2267,2200,2267,3360
2015-02-16,2233,2267,2233,2267,2400
2015-02-17,2260,2260,2217,2217,1320
2015-02-18,2250,2250,2200,2233,3690
2015-02-19,2200,2233,2200,2217,3930
2015-02-20,2217,2217,2207,2207,4500
2015-02-23,2170,2196,2170,2173,17700
2015-02-24,2170,2173,2170,2173,450
2015-02-25,2200,2267,2177,2267,2220
2015-02-26,2204,2210,2200,2200,8220
2015-02-27,2200,2200,2200,2200,1710
2015-03-02,2200,2233,2200,2200,2100
2015-03-03,2200,2267,2183,2267,7800
2015-03-04,2234,2300,2234,2300,2220
2015-03-06,2300,2333,2284,2300,3810
2015-03-09,2283,2467,2267,2334,13470
2015-03-10,2334,2500,2334,2500,9090
2015-03-11,2493,2500,2450,2500,5820
2015-03-12,2497,2500,2497,2500,11040
2015-03-13,2498,2498,2450,2450,3600
2015-03-16,2467,2467,2350,2433,2490
2015-03-17,2433,2500,2400,2500,4170
2015-03-18,2417,2417,2417,2417,2790
2015-03-19,2417,2450,2417,2450,390
2015-03-20,2467,2467,2433,2450,3540
2015-03-23,2450,2467,2433,2433,19590
2015-03-24,2433,2467,2400,2467,2400
2015-03-25,2483,2483,2467,2467,150
2015-03-26,2433,2434,2433,2434,3510
2015-03-27,2463,2467,2434,2434,2820
2015-03-30,2467,2467,2433,2467,4320
2015-03-31,2483,2483,2434,2467,4920
2015-04-01,2467,2483,2367,2467,4110
2015-04-02,2467,2467,2467,2467,60
2015-04-03,2467,2483,2467,2483,9450
2015-04-07,2500,2500,2467,2500,21180
2015-04-08,2500,2500,2500,2500,4110
2015-04-09,2333,2333,2333,2333,1980
2015-04-10,2158,2158,2158,2158,690
2015-04-13,2000,2000,2000,2000,1410
2015-04-14,2017,2133,1850,2067,12900
2015-04-15,1921,2000,1921,2000,1560
2015-04-16,2000,2000,2000,2000,1620
2015-04-17,2000,2033,2000,2033,720
2015-04-20,2050,2067,2050,2067,180
2015-04-21,2067,2067,2034,2034,1830
2015-04-22,2033,2067,2033,2067,3480
2015-04-23,2067,2067,2067,2067,2070
2015-04-24,2067,2067,2067,2067,17100
2015-04-27,2067,2067,2067,2067,2580
2015-04-28,2067,2150,2067,2137,840
2015-04-29,2133,2150,2133,2150,1860
2015-04-30,2167,2167,2133,2133,1350
2015-05-04,2167,2167,2167,2167,1050
2015-05-05,2183,2187,2183,2187,4260
2015-05-06,2200,2200,2167,2167,14880
2015-05-07,2167,2233,2133,2233,11010
2015-05-08,2200,2200,2200,2200,660
2015-05-11,2183,2183,2167,2167,5490
2015-05-12,2167,2233,2167,2167,5040
2015-05-13,2200,2200,2167,2183,8280
2015-05-15,2200,2217,2200,2217,1080
2015-05-18,2217,2217,2167,2167,11820
2015-05-19,2133,2167,2133,2167,2040
2015-05-20,2167,2167,2167,2167,600
2015-05-21,2200,2200,2167,2167,5430
2015-05-22,2200,2200,2167,2167,3360
2015-05-26,2217,2217,2173,2173,28890
2015-05-27,2167,2200,2167,2200,3690
2015-05-28,2183,2233,2167,2233,8310
2015-05-29,2233,2233,2167,2167,16080
2015-06-01,2167,2250,2167,2250,15810
2015-06-02,2167,2183,2167,2167,870
2015-06-03,2167,2167,2167,2167,1620
2015-06-04,2167,2167,2167,2167,150
2015-06-05,2233,2233,2200,2200,1080
2015-06-08,2198,2233,2167,2200,5010
2015-06-09,2167,2233,2167,2233,3900
2015-06-10,2200,2233,2200,2233,4620
2015-06-11,2233,2233,2200,2233,1140
2015-06-12,2233,2233,2233,2233,1710
2015-06-15,2233,2247,2233,2247,1320
2015-06-16,2247,2247,2233,2233,9330
2015-06-17,2217,2217,2217,2217,180
2015-06-18,2200,2233,2200,2233,12150
2015-06-19,2233,2234,2233,2233,12000
2015-06-22,2267,2267,2233,2233,2250
2015-06-23,2233,2238,2233,2238,5670
2015-06-24,2233,2240,2233,2234,3630
2015-06-25,2250,2267,2250,2267,5340
2015-06-26,2283,2300,2252,2300,15030
2015-06-29,2327,2327,2307,2307,2100
2015-06-30,2334,2480,2334,2480,390
2015-07-01,2330,2333,2330,2333,720
2015-07-02,2333,2333,2333,2333,3150
2015-07-03,2367,2367,2333,2334,810
2015-07-06,2509,2509,2334,2334,6090
2015-07-07,2467,2467,2467,2467,7050
2015-07-08,2367,2467,2350,2367,10860
2015-07-10,2414,2467,2414,2467,9210
2015-07-13,2467,2500,2467,2500,21840
2015-07-15,2467,2500,2467,2467,8100
2015-07-16,2467,2500,2467,2500,2610
2015-07-20,2500,2667,2483,2533,20550
2015-07-21,2533,2534,2533,2533,2610
2015-07-22,2557,2557,2533,2533,23100
2015-07-23,2533,2537,2533,2533,28320
2015-07-24,2537,2550,2534,2534,5430
2015-07-27,2534,2534,2534,2534,35130
2015-07-28,2533,2550,2533,2550,1230
2015-07-29,2534,2567,2534,2534,6060
2015-07-30,2534,2534,2534,2534,4170
2015-07-31,2500,2550,2500,2550,1890
2015-08-03,2533,2534,2533,2534,1170
2015-08-04,2533,2724,2533,2724,9450
2015-08-05,2600,2723,2567,2567,21840
2015-08-06,2584,2584,2567,2567,960
2015-08-10,2567,2700,2567,2700,8940
2015-08-11,2700,2767,2633,2633,15570
2015-08-12,2633,2634,2603,2634,3420
2015-08-13,2633,2724,2633,2723,5430
2015-08-14,2700,2883,2700,2778,22200
2015-08-17,2733,2833,2733,2733,6240
2015-08-18,2700,2700,2700,2700,300
2015-08-19,2717,2833,2667,2833,9690
2015-08-20,2833,2833,2833,2833,30
2015-08-21,2750,2750,2750,2750,1500
2015-08-24,2733,2767,2733,2767,9840
2015-08-25,2767,2767,2733,2767,2640
2015-08-26,2767,2900,2767,2784,4110
2015-08-27,2770,2800,2767,2800,2040
2015-08-28,2770,2817,2770,2817,15300
2015-08-31,2817,2833,2817,2833,1260
2015-09-01,2833,2833,2800,2800,57780
2015-09-02,2817,2833,2817,2817,5190
2015-09-03,2800,2817,2800,2800,1860
2015-09-04,2818,2850,2817,2850,16530
2015-09-07,2833,2833,2817,2817,2250
2015-09-08,2800,2850,2800,2850,4410
2015-09-09,2800,2800,2800,2800,450
2015-09-10,2833,2850,2833,2850,600
2015-09-11,2837,2850,2837,2837,1770
2015-09-14,2837,2870,2837,2867,4320
2015-09-15,2834,2867,2800,2800,5760
2015-09-16,2817,2833,2800,2800,1200
2015-09-17,2833,2867,2833,2833,1290
2015-09-18,2833,2833,2833,2833,90
2015-09-21,2833,2833,2800,2800,4560
2015-09-22,2800,2800,2733,2733,600
2015-09-23,2700,2700,2700,2700,300
2015-09-25,2667,2667,2667,2667,300
2015-09-28,2673,2700,2667,2700,5790
2015-09-29,2650,2700,2650,2700,4860
2015-09-30,2700,2717,2700,2700,3300
2015-10-01,2700,2733,2667,2700,79440
2015-10-02,2733,2734,2733,2734,3990
2015-10-05,2733,2733,2717,2733,32370
2015-10-06,2733,2733,2733,2733,37440
2015-10-07,2733,2733,2718,2733,5520
2015-10-08,2733,2767,2720,2733,75450
2015-10-09,2717,2732,2717,2732,17970
2015-10-12,2717,2717,2717,2717,1260
2015-10-13,2717,2733,2717,2733,1800
2015-10-14,2733,2733,2727,2733,18510
2015-10-15,2733,2733,2730,2733,5370
2015-10-16,2733,2833,2727,2727,52770
2015-10-19,2733,2733,2727,2728,18000
2015-10-20,2728,2728,2725,2725,420
2015-10-21,2725,2900,2725,2725,12570
2015-10-22,2733,2733,2725,2725,77700
2015-10-23,2723,2723,2723,2723,630
2015-10-26,2727,2733,2723,2723,630
2015-10-27,2733,2833,2725,2833,13230
2015-10-28,2726,2733,2726,2733,2730
2015-10-29,2733,2733,2725,2725,750
2015-10-30,2733,2733,2723,2723,13530
2015-11-02,2723,2733,2723,2724,3240
2015-11-03,2723,2733,2700,2700,6150
2015-11-04,2700,2723,2670,2720,2280
2015-11-05,2667,2667,2667,2667,1440
2015-11-09,2667,2667,2667,2667,300
2015-11-10,2633,2633,2583,2583,1500
2015-11-11,2600,2600,2550,2583,14340
2015-11-12,2533,2533,2500,2500,6810
2015-11-13,2500,2500,2500,2500,16470
2015-11-16,2500,2500,2500,2500,6000
2015-11-17,2483,2483,2367,2367,2820
2015-11-18,2367,2367,2367,2367,5880
2015-11-19,2200,2317,2200,2217,3300
2015-11-20,2217,2217,2200,2217,3840
2015-11-23,2217,2267,2217,2267,10770
2015-11-24,2267,2267,2233,2267,6000
2015-11-25,2250,2267,2250,2267,4530
2015-11-26,2267,2333,2267,2333,5340
2015-11-27,2267,2267,2267,2267,2100
2015-11-30,2283,2283,2267,2267,2130
2015-12-01,2267,2267,2267,2267,39090
2015-12-02,2267,2283,2267,2283,3030
2015-12-03,2267,2283,2267,2267,6180
2015-12-04,2267,2283,2267,2283,1650
2015-12-07,2267,2400,2267,2400,5280
2015-12-08,2267,2267,2267,2267,630
2015-12-09,2267,2400,2267,2400,2310
2015-12-10,2333,2333,2283,2283,1890
2015-12-11,2267,2284,2267,2284,2130
2015-12-14,2277,2277,2267,2267,1500
2015-12-15,2267,2267,2233,2233,6300
2015-12-16,2200,2267,2200,2233,5670
2015-12-17,2183,2183,2183,2183,1680
2015-12-18,2167,2233,2167,2233,19080
2015-12-21,2233,2233,2200,2233,3420
2015-12-22,2217,2233,2200,2233,4710
2015-12-23,2267,2333,2267,2333,3810
2015-12-28,2203,2203,2173,2173,1260
2015-12-29,2188,2333,2188,2333,9120
2015-12-30,2200,2467,2173,2467,2970
2015-12-31,2463,2633,2463,2633,5160
2016-01-04,2467,2467,2467,2467,750
2016-01-06,2400,2400,2367,2367,900
2016-01-08,2333,2347,2333,2333,1680
2016-01-11,2333,2333,2333,2333,2190
2016-01-12,2300,2300,2267,2297,3930
2016-01-13,2267,2267,2217,2217,3990
2016-01-14,2217,2217,2207,2217,11580
2016-01-15,2267,2333,2267,2333,2700
2016-01-18,2333,2333,2300,2333,570
2016-01-19,2333,2333,2333,2333,210
2016-01-20,2333,2333,2333,2333,900
2016-01-21,2333,2333,2283,2283,840
2016-01-22,2267,2267,2267,2267,2070
2016-01-25,2267,2267,2260,2267,1500
2016-01-26,2267,2267,2263,2265,6030
2016-01-27,2267,2267,2267,2267,3000
2016-01-29,2300,2300,2267,2267,6180
2016-02-01,2267,2267,2267,2267,11970
2016-02-02,2333,2333,2300,2333,2940
2016-02-03,2300,2300,2300,2300,480
2016-02-04,2317,2333,2300,2333,9990
2016-02-05,2333,2350,2333,2350,11340
2016-02-08,2367,2383,2367,2383,1320
2016-02-09,2400,2400,2400,2400,2190
2016-02-10,2400,2437,2400,2437,330
2016-02-11,2463,2500,2463,2467,15930
2016-02-12,2467,2467,2333,2417,45390
2016-02-15,2368,2368,2333,2333,7170
2016-02-16,2367,2417,2367,2400,19860
2016-02-17,2400,2417,2400,2417,2880
2016-02-18,2433,2500,2433,2500,4110
2016-02-19,2500,2500,2500,2500,25530
2016-02-22,2500,2500,2500,2500,3750
2016-02-23,2517,2517,2517,2517,5550
2016-02-24,2517,2517,2517,2517,1620
2016-02-25,2550,2687,2550,2687,900
2016-02-26,2667,2687,2667,2687,5250
2016-02-29,2800,2800,2690,2700,15450
2016-03-01,2690,2690,2667,2667,540
2016-03-02,2672,2687,2672,2687,1260
2016-03-03,2683,2700,2667,2700,41460
2016-03-04,2700,2767,2700,2733,2460
2016-03-07,2733,2733,2717,2733,68400
2016-03-08,2700,2733,2700,2717,3060
2016-03-09,2733,2733,2717,2733,13590
2016-03-10,2733,2767,2733,2733,11010
2016-03-11,2733,2734,2733,2734,2280
2016-03-14,2734,2734,2733,2733,7050
2016-03-15,2734,2734,2733,2733,37020
2016-03-16,2733,2767,2733,2733,4170
2016-03-17,2683,2717,2667,2667,750
2016-03-18,2700,2733,2700,2700,2040
2016-03-21,2667,2717,2667,2717,2160
2016-03-22,2700,2715,2668,2715,1920
2016-03-23,2667,2667,2667,2667,1350
2016-03-24,2667,2667,2667,2667,3450
2016-03-25,2667,2667,2660,2667,1440
2016-03-30,2467,2600,2467,2600,570
2016-03-31,2600,2600,2483,2483,2850
2016-04-01,2567,2567,2500,2500,120570
2016-04-04,2500,2633,2500,2633,8130
2016-04-05,2633,2667,2633,2650,14310
2016-04-06,2667,2667,2667,2667,300
2016-04-07,2667,2667,2667,2667,17430
2016-04-08,2633,2667,2633,2633,1350
2016-04-11,2633,2633,2567,2567,3420
2016-04-12,2567,2583,2567,2567,2040
2016-04-13,2567,2567,2567,2567,390
2016-04-14,2533,2567,2533,2567,1680
2016-04-15,2567,2567,2567,2567,870
2016-04-18,2567,2567,2533,2533,930
2016-04-19,2567,2570,2567,2570,1350
2016-04-20,2570,2570,2567,2567,8100
2016-04-21,2567,2567,2533,2567,5430
2016-04-22,2567,2567,2567,2567,1620
2016-04-25,2567,2567,2500,2500,1740
2016-04-26,2500,2533,2480,2500,6900
2016-04-27,2533,2533,2533,2533,630
2016-04-28,2533,2533,2533,2533,1800
2016-04-29,2527,2533,2527,2533,660
2016-05-03,2533,2534,2450,2467,5130
2016-05-04,2500,2517,2500,2517,2130
2016-05-06,2550,2550,2500,2500,8490
2016-05-09,2533,2533,2467,2467,2460
2016-05-10,2500,2500,2483,2483,1170
2016-05-11,2482,2482,2467,2467,1470
2016-05-12,2467,2467,2467,2467,10410
2016-05-13,2470,2500,2470,2500,1410
2016-05-17,2467,2467,2367,2367,10410
2016-05-18,2433,2433,2367,2367,660
2016-05-19,2400,2400,2300,2300,2370
2016-05-20,2300,2300,2267,2267,2070
2016-05-23,2267,2267,2267,2267,6510
2016-05-24,2267,2300,2267,2267,5610
2016-05-25,2283,2283,2267,2280,3780
2016-05-26,2280,2280,2280,2280,660
2016-05-27,2300,2300,2267,2280,450
2016-05-30,2267,2267,2250,2250,7530
2016-05-31,2233,2233,2170,2170,2130
2016-06-01,2233,2233,2170,2170,6480
2016-06-03,2200,2200,2167,2167,13770
2016-06-06,2167,2167,2133,2133,2190
2016-06-07,2167,2167,2117,2117,2730
2016-06-08,2163,2167,2133,2133,1230
2016-06-09,2167,2167,2133,2133,5130
2016-06-10,2140,2140,2117,2117,4320
2016-06-13,2133,2200,2133,2200,2760
2016-06-14,2167,2167,2150,2167,10110
2016-06-15,2167,2167,2167,2167,4050
2016-06-16,2200,2200,2167,2200,13920
2016-06-17,2200,2200,2197,2200,16530
2016-06-20,2167,2200,2167,2200,11640
2016-06-21,2200,2200,2183,2183,1800
2016-06-22,2167,2200,2167,2200,60300
2016-06-23,2200,2200,2183,2200,25290
2016-06-24,2180,2200,2180,2200,18180
2016-06-27,2200,2200,2183,2197,2580
2016-06-28,2197,2200,2197,2200,9270
2016-06-29,2200,2233,2200,2200,1500
2016-06-30,2200,2200,2167,2167,20760
2016-07-01,2167,2200,2167,2200,2640
2016-07-04,2200,2200,2167,2167,2700
2016-07-05,2167,2167,2167,2167,6870
2016-07-07,2167,2200,2167,2200,18870
2016-07-08,2200,2200,2200,2200,4710
2016-07-11,2173,2173,2167,2167,3510
2016-07-12,2150,2167,2150,2150,10530
2016-07-13,2150,2167,2133,2133,3840
2016-07-14,2133,2133,2100,2100,3030
2016-07-19,2033,2033,1967,1967,930
2016-07-20,1967,1970,1967,1967,3960
2016-07-21,1967,1967,1967,1967,3570
2016-07-22,1967,1967,1933,1967,3210
2016-07-25,1967,1967,1967,1967,240
2016-07-26,1967,1967,1967,1967,480
2016-07-27,1970,1983,1967,1970,2700
2016-07-28,1945,2017,1945,2017,5100
2016-07-29,2000,2033,2000,2033,3270
2016-08-01,2033,2033,2033,2033,870
2016-08-02,2017,2017,2005,2005,2520
2016-08-03,2003,2003,2003,2003,2670
2016-08-04,2000,2003,2000,2003,2580
2016-08-05,2003,2003,2000,2000,2220
2016-08-09,2000,2000,2000,2000,2100
2016-08-10,2000,2000,2000,2000,810
2016-08-11,2000,2000,1983,2000,3540
2016-08-12,1984,1984,1984,1984,1410
2016-08-16,2033,2034,2033,2033,4230
2016-08-17,2000,2033,2000,2000,1320
2016-08-18,2000,2000,2000,2000,480
2016-08-19,2000,2000,2000,2000,450
2016-08-22,2000,2000,2000,2000,210
2016-08-23,2000,2000,2000,2000,3630
2016-08-24,2000,2000,2000,2000,2700
2016-08-25,2000,2000,1967,1967,1530
2016-08-26,2000,2000,2000,2000,180
2016-08-29,2000,2007,2000,2007,3930
2016-08-30,2007,2007,2007,2007,1740
2016-08-31,2157,2157,2157,2157,30
2016-09-01,2133,2133,2133,2133,570
2016-09-02,2167,2167,2167,2167,270
2016-09-05,2167,2317,2160,2317,3000
2016-09-06,2160,2160,2158,2158,2400
2016-09-07,2157,2158,2137,2137,1620
2016-09-08,2136,2158,2136,2158,450
2016-09-09,2137,2158,2133,2158,2190
2016-09-13,2133,2133,2100,2100,1170
2016-09-14,2100,2158,2100,2133,2400
2016-09-15,2133,2133,2133,2133,30
2016-09-16,2133,2133,2083,2083,1050
2016-09-19,2100,2100,2100,2100,3120
2016-09-20,2117,2117,2083,2083,1350
2016-09-21,2083,2083,2067,2067,6510
2016-09-22,2033,2033,1967,1967,2670
2016-09-23,1963,1963,1833,1833,4170
2016-09-26,1833,1833,1833,1833,2790
2016-09-27,1833,1833,1817,1817,1350
2016-09-28,1833,1833,1733,1733,1890
2016-09-29,1820,1820,1816,1816,960
2016-09-30,1800,1818,1800,1800,5700
2016-10-03,1800,1800,1767,1767,960
2016-10-04,1800,1800,1800,1800,1050
2016-10-05,1770,1833,1770,1800,2520
2016-10-06,1770,1833,1770,1833,2520
2016-10-07,1837,1837,1833,1833,2610
2016-10-10,1833,1833,1833,1833,300
2016-10-11,1833,1833,1833,1833,1470
2016-10-12,1833,1833,1833,1833,1830
2016-10-13,1833,1833,1833,1833,2460
2016-10-17,1817,1817,1767,1767,690
2016-10-18,1767,1767,1767,1767,390
2016-10-20,1733,1733,1667,1667,1530
2016-10-21,1667,1667,1667,1667,1950
2016-10-24,1667,1667,1667,1667,300
2016-10-25,1667,1667,1667,1667,6420
2016-10-26,1667,1667,1667,1667,300
2016-10-27,1667,1667,1667,1667,1680
2016-10-31,1667,1667,1667,1667,150
2016-11-02,1542,1667,1542,1667,1050
2016-11-03,1567,1600,1567,1584,2160
2016-11-04,1667,1667,1667,1667,6000
2016-11-07,1650,1650,1650,1650,1200
2016-11-08,1650,1650,1567,1567,570
2016-11-09,1533,1533,1449,1449,600
2016-11-10,1341,1341,1341,1341,2520
2016-11-11,1341,1417,1333,1417,3840
2016-11-14,1433,1433,1433,1433,270
2016-11-16,1433,1433,1341,1341,2490
2016-11-17,1350,1367,1350,1367,750
2016-11-18,1400,1400,1333,1397,3540
2016-11-21,1383,1383,1333,1333,390
2016-11-22,1383,1383,1367,1367,3420
2016-11-23,1367,1367,1367,1367,7110
2016-11-24,1367,1433,1367,1433,1620
2016-11-28,1433,1433,1433,1433,3630
2016-11-29,1541,1541,1541,1541,960
2016-11-30,1541,1541,1541,1541,3060
2016-12-01,1533,1550,1533,1533,2820
2016-12-02,1533,1617,1533,1617,2160
2016-12-05,1633,1633,1633,1633,2820
2016-12-06,1600,1600,1543,1543,6120
2016-12-07,1500,1517,1500,1500,2760
2016-12-08,1500,1500,1500,1500,990
2016-12-09,1500,1533,1500,1533,690
2016-12-13,1533,1648,1500,1648,810
2016-12-14,1617,1617,1600,1600,1050
2016-12-15,1593,1593,1593,1593,150
2016-12-16,1597,1597,1567,1567,1830
2016-12-19,1567,1567,1567,1567,570
2016-12-20,1533,1534,1530,1533,570
2016-12-21,1567,1567,1567,1567,210
2016-12-22,1567,1583,1567,1567,5340
2016-12-23,1533,1567,1533,1567,1860
2016-12-27,1567,1567,1567,1567,510
2016-12-28,1570,1583,1567,1583,510
2016-12-29,1567,1583,1567,1583,3300
2016-12-30,1583,1583,1567,1567,870
2017-01-02,1583,1583,1550,1550,390
2017-01-03,1567,1567,1567,1567,9300
2017-01-04,1600,1600,1600,1600,180
2017-01-05,1600,1600,1600,1600,1560
2017-01-06,1617,1720,1600,1720,2580
2017-01-09,1667,1667,1667,1667,750
2017-01-10,1667,1667,1667,1667,660
2017-01-11,1650,1650,1634,1634,2670
2017-01-12,1637,1637,1637,1637,390
2017-01-13,1645,1647,1637,1647,1410
2017-01-16,1642,1643,1633,1633,6660
2017-01-17,1633,1650,1633,1650,450
2017-01-18,1650,1650,1634,1650,2400
2017-01-19,1667,1667,1650,1650,1170
2017-01-20,1667,1667,1667,1667,2520
2017-01-23,1667,1667,1650,1650,1320
2017-01-24,1667,1667,1650,1650,900
2017-01-25,1633,1633,1600,1600,12000
2017-01-26,1600,1600,1583,1600,2010
2017-01-27,1617,1617,1617,1617,30
2017-01-30,1617,1633,1617,1633,1170
2017-01-31,1633,1634,1633,1634,360
2017-02-01,1634,1634,1633,1633,2250
2017-02-02,1663,1663,1633,1633,1620
2017-02-03,1633,1633,1600,1600,1740
2017-02-06,1617,1633,1617,1633,1080
2017-02-07,1653,1654,1634,1634,1050
2017-02-08,1637,1637,1633,1633,3000
2017-02-09,1660,1660,1653,1660,4230
2017-02-10,1667,1667,1663,1663,600
2017-02-13,1660,1667,1660,1667,1800
2017-02-14,1667,1667,1667,1667,1290
2017-02-15,1667,1667,1667,1667,990
2017-02-16,1667,1667,1633,1650,38100
2017-02-17,1683,1683,1650,1650,5340
2017-02-20,1650,1650,1650,1650,2040
2017-02-21,1633,1633,1600,1600,2700
2017-02-22,1600,1600,1600,1600,900
2017-02-23,1600,1600,1567,1600,1740
2017-02-24,1640,1720,1640,1720,5970
2017-02-27,1700,1718,1700,1718,6750
2017-02-28,1733,1733,1718,1733,14940
2017-03-01,1733,1733,1671,1671,10740
2017-03-02,1667,1700,1667,1667,5550
2017-03-03,1667,1667,1633,1633,2100
2017-03-06,1633,1633,1633,1633,1020
2017-03-07,1617,1633,1617,1617,2700
2017-03-08,1630,1633,1630,1633,1320
2017-03-09,1630,1630,1620,1620,2460
2017-03-10,1633,1634,1620,1634,2190
2017-03-13,1637,1637,1637,1637,1380
2017-03-14,1633,1750,1633,1633,15480
2017-03-15,1633,1750,1633,1750,14220
2017-03-16,1765,1881,1765,1881,28530
2017-03-17,2022,2022,1900,1900,26880
2017-03-20,2043,2043,1797,2043,149070
2017-03-21,2196,2196,2196,2196,18210
2017-03-22,2360,2360,2360,2360,2910
2017-03-23,2537,2537,2360,2537,75120
2017-03-24,2633,2633,2501,2583,16530
2017-03-27,2573,2573,2467,2500,9150
2017-03-28,2400,2495,2333,2334,5880
2017-03-29,2400,2400,2367,2367,4950
2017-03-30,2400,2494,2367,2400,4650
2017-03-31,2400,2482,2400,2482,9090
2017-04-03,2480,2483,2467,2483,2880
2017-04-04,2484,2567,2467,2467,13950
2017-04-05,2500,2583,2467,2467,23730
2017-04-06,2500,2500,2483,2500,3540
2017-04-07,2470,2501,2467,2501,15090
2017-04-10,2502,2505,2502,2505,2610
2017-04-11,2507,2510,2507,2510,2580
2017-04-12,2517,2550,2507,2550,9240
2017-04-13,2550,2550,2500,2550,16050
2017-04-14,2533,2533,2500,2500,3000
2017-04-18,2467,2500,2467,2467,8670
2017-04-19,2467,2467,2467,2467,5220
2017-04-20,2467,2500,2467,2500,6840
2017-04-21,2500,2500,2467,2470,12570
2017-04-24,2470,2483,2470,2470,1080
2017-04-25,2483,2500,2474,2500,7980
2017-04-26,2500,2517,2500,2517,3600
2017-04-27,2517,2517,2483,2500,15780
2017-04-28,2500,2500,2470,2470,9090
2017-05-02,2470,2500,2470,2473,1800
2017-05-03,2500,2500,2473,2484,5550
2017-05-04,2484,2500,2483,2500,9270
2017-05-05,2487,2500,2485,2500,5130
2017-05-08,2484,2500,2400,2500,6420
2017-05-09,2467,2467,2467,2467,24480
2017-05-10,2467,2483,2467,2467,4170
2017-05-11,2467,2473,2434,2467,10980
2017-05-12,2483,2484,2483,2483,750
2017-05-15,2467,2467,2467,2467,2400
2017-05-16,2467,2497,2467,2484,1740
2017-05-17,2484,2497,2484,2497,3450
2017-05-18,2500,2500,2497,2497,6570
2017-05-19,2497,2500,2492,2500,6780
2017-05-22,2484,2497,2483,2483,3450
2017-05-23,2483,2497,2468,2468,5820
2017-05-24,2483,2500,2469,2497,6810
2017-05-26,2500,2500,2483,2500,3750
2017-05-29,2484,2500,2483,2500,6810
2017-05-30,2483,2500,2483,2500,6330
2017-05-31,2484,2500,2484,2487,3300
2017-06-01,2487,2490,2487,2490,3810
2017-06-02,2490,2490,2470,2474,3000
2017-06-06,2473,2483,2460,2467,6810
2017-06-07,2433,2433,2333,2350,10710
2017-06-08,2367,2367,2333,2367,13530
2017-06-09,2467,2467,2433,2433,14520
2017-06-12,2333,2483,2333,2483,4680
2017-06-13,2400,2483,2400,2417,1170
2017-06-14,2467,2467,2433,2433,1140
2017-06-15,2467,2475,2467,2475,4590
2017-06-16,2483,2500,2467,2500,21090
2017-06-19,2500,2500,2487,2500,6900
2017-06-20,2500,2500,2483,2483,19980
2017-06-21,2483,2483,2465,2465,14550
2017-06-23,2467,2467,2367,2367,5070
2017-06-27,2333,2367,2333,2367,270
2017-06-28,2367,2367,2367,2367,270
2017-06-29,2366,2367,2333,2334,6720
2017-06-30,2159,2160,2159,2159,1275
2017-07-03,1997,1997,1997,1997,2745
2017-07-04,2000,2103,2000,2000,1635
2017-07-05,2000,2100,2000,2000,5640
2017-07-06,2000,2000,2000,2000,570
2017-07-07,2001,2127,2000,2127,4590
2017-07-10,2132,2286,2067,2200,1425
2017-07-11,2134,2134,2067,2100,720
2017-07-12,2067,2067,2000,2000,3420
2017-07-13,2000,2133,2000,2000,1710
2017-07-14,2000,2000,2000,2000,2580
2017-07-17,2000,2000,2000,2000,1395
2017-07-18,2000,2067,2000,2067,1140
2017-07-19,2000,2067,2000,2067,255
2017-07-20,2067,2067,2000,2000,4995
2017-07-21,2000,2067,2000,2067,825
2017-07-24,2000,2000,2000,2000,495
2017-07-25,2000,2007,2000,2007,60
2017-07-26,2000,2067,2000,2067,1965
2017-07-27,2067,2067,2013,2013,180
2017-07-28,2013,2066,2001,2066,330
2017-07-31,2060,2060,2013,2013,705
2017-08-01,2033,2033,2033,2033,150
2017-08-02,2034,2034,2033,2034,255
2017-08-03,2034,2067,2034,2067,495
2017-08-04,2067,2067,2014,2067,2370
2017-08-08,2067,2067,2013,2013,7155
2017-08-09,2033,2033,2014,2033,1290
2017-08-10,2067,2067,2033,2067,1185
2017-08-11,2033,2033,2033,2033,90
2017-08-14,2033,2067,2033,2033,5250
2017-08-16,2033,2033,2000,2000,4155
2017-08-17,2000,2033,2000,2000,3075
2017-08-18,2033,2033,2000,2000,165
2017-08-21,2000,2014,2000,2000,600
2017-08-22,2000,2000,2000,2000,3285
2017-08-23,2000,2000,2000,2000,1995
2017-08-24,2000,2000,2000,2000,1830
2017-08-25,2000,2000,1993,2000,1230
2017-08-28,2003,2007,2000,2000,15540
2017-08-29,2000,2033,2000,2007,7620
2017-08-30,2067,2067,2067,2067,150
2017-08-31,2007,2067,2000,2067,2070
2017-09-04,2067,2067,2033,2033,2070
2017-09-05,2033,2033,2007,2007,6060
2017-09-06,2007,2066,2007,2007,5235
2017-09-07,2033,2033,2007,2007,6855
2017-09-08,2007,2033,2007,2007,1905
2017-09-11,2033,2033,2007,2008,4965
2017-09-12,2008,2033,2007,2008,5550
2017-09-13,2008,2008,2000,2000,7035
2017-09-14,2000,2000,2000,2000,12555
2017-09-15,2000,2000,1999,1999,630
2017-09-18,2000,2007,2000,2000,5295
2017-09-19,2000,2000,2000,2000,9105
2017-09-20,2000,2000,1999,2000,13515
2017-09-21,2000,2034,2000,2033,17130
2017-09-22,1992,1992,1992,1992,150
2017-09-25,1867,1867,1867,1867,6870
2017-09-26,1867,2000,1867,2000,3105
2017-09-27,1887,1933,1887,1933,135
2017-09-28,1933,1933,1933,1933,900
2017-09-29,1934,2067,1933,2067,7560
2017-10-02,2000,2067,2000,2067,1050
2017-10-03,1950,2067,1950,2067,2760
2017-10-04,2000,2067,2000,2067,9210
2017-10-05,2000,2113,2000,2113,10650
2017-10-06,2100,2167,2100,2167,11355
2017-10-09,2133,2167,2067,2167,2085
2017-10-10,2133,2133,2034,2126,16350
2017-10-11,2033,2120,2033,2120,1110
2017-10-12,2067,2100,2067,2100,1515
2017-10-13,2067,2100,2067,2100,7590
2017-10-16,2067,2100,2058,2067,9435
2017-10-17,2067,2100,2033,2033,10320
2017-10-18,2033,2087,2033,2087,1185
2017-10-19,2033,2087,2033,2067,960
2017-10-20,2067,2087,2067,2087,2715
2017-10-23,2067,2067,2067,2067,15015
2017-10-24,2068,2100,2068,2100,4350
2017-10-25,2100,2133,2067,2067,2775
2017-10-26,2067,2067,2067,2067,1335
2017-10-27,2034,2067,2033,2033,360
2017-10-30,1883,2000,1883,2000,45
2017-10-31,2000,2000,1933,1933,270
2017-11-02,1867,1867,1830,1830,98
2017-11-03,1833,1870,1833,1833,3263
2017-11-06,1863,1863,1800,1800,1227
2017-11-07,1830,1840,1800,1800,2712
2017-11-08,1827,1830,1667,1667,2520
2017-11-09,1667,1667,1543,1543,1083
2017-11-10,1430,1543,1430,1533,4068
2017-11-13,1420,1530,1420,1467,4460
2017-11-14,1357,1357,1357,1357,1200
2017-11-16,1373,1433,1370,1407,7034
2017-11-17,1420,1433,1420,1433,203
2017-11-20,1540,1540,1510,1533,2130
2017-11-21,1543,1633,1533,1533,2546
2017-11-22,1633,1633,1567,1600,2549
2017-11-23,1647,1647,1567,1567,3134
2017-11-24,1647,1647,1600,1600,453
2017-11-27,1567,1647,1567,1647,1538
2017-11-28,1600,1600,1537,1540,1794
2017-11-29,1540,1600,1467,1467,3863
2017-11-30,1467,1467,1467,1467,612
2017-12-04,1467,1467,1433,1433,1559
2017-12-05,1467,1467,1467,1467,615
2017-12-06,1500,1567,1500,1560,971
2017-12-07,1560,1667,1560,1667,569
2017-12-08,1667,1667,1607,1607,647
2017-12-11,1663,1663,1600,1600,366
2017-12-12,1533,1600,1533,1600,2558
2017-12-13,1600,1600,1533,1563,3291
2017-12-14,1563,1563,1500,1500,591
2017-12-15,1503,1563,1500,1563,1629
2017-12-18,1563,1633,1563,1633,1245
2017-12-19,1563,1563,1533,1563,995
2017-12-20,1563,1627,1563,1627,765
2017-12-21,1627,1630,1627,1630,210
2017-12-22,1630,1630,1570,1600,1394
2017-12-26,1570,1667,1570,1583,4367
2017-12-27,1573,1667,1573,1667,1301
2017-12-28,1667,1667,1597,1667,1971
2017-12-29,1663,1667,1603,1667,1596
2018-01-02,1667,1667,1600,1600,2955
2018-01-03,1603,1667,1600,1600,1028
2018-01-04,1600,1667,1600,1600,4037
2018-01-05,1667,1667,1667,1667,78
2018-01-08,1633,1667,1603,1667,842
2018-01-09,1663,1663,1603,1657,375
2018-01-10,1657,1657,1607,1657,2217
2018-01-11,1657,1667,1603,1603,4358
2018-01-12,1647,1650,1603,1650,2525
2018-01-15,1657,1657,1650,1653,839
2018-01-16,1653,1667,1653,1667,1683
2018-01-17,1667,1667,1653,1653,2102
2018-01-18,1667,1700,1657,1657,188
2018-01-19,1653,1700,1653,1700,318
2018-01-22,1667,1700,1667,1700,2955
2018-01-23,1700,1827,1667,1667,2834
2018-01-24,1697,1697,1667,1670,4241
2018-01-25,1667,1667,1660,1660,3443
2018-01-26,1667,1667,1653,1653,1763
2018-01-29,1653,1697,1653,1697,10415
2018-01-30,1670,1697,1667,1667,1854
2018-01-31,1667,1697,1667,1697,3018
2018-02-01,1697,1697,1660,1660,885
2018-02-02,1697,1697,1697,1697,15
2018-02-05,1697,1697,1660,1697,4365
2018-02-06,1697,1823,1697,1823,2814
2018-02-07,1960,1960,1933,1960,1590
2018-02-08,1933,2107,1933,2107,638
2018-02-09,2133,2167,1967,1967,6788
2018-02-12,1943,2000,1930,1930,3666
2018-02-13,1930,1930,1787,1787,1608
2018-02-14,1800,1863,1787,1790,1121
2018-02-15,1797,1867,1767,1867,51624
2018-02-16,1830,1870,1793,1870,3915
2018-02-19,1867,1867,1860,1860,2787
2018-02-20,1867,1870,1867,1867,5186
2018-02-21,1867,1867,1860,1867,3567
2018-02-22,1833,1867,1830,1867,5921
2018-02-23,1863,1867,1863,1867,1515
2018-02-26,1867,1867,1833,1867,1851
2018-02-27,1863,1930,1860,1867,5063
2018-02-28,1930,2000,1867,1933,2846
2018-03-01,2077,2077,2000,2077,10722
2018-03-02,2080,2230,2080,2133,4719
2018-03-05,2197,2200,2167,2167,3125
2018-03-06,2167,2167,2007,2007,17573
2018-03-07,1933,2000,1933,1933,5879
2018-03-08,1930,1933,1790,1933,5130
2018-03-09,1930,1930,1863,1863,1737
2018-03-12,1867,1927,1847,1927,3338
2018-03-13,1923,2067,1893,2067,39534
2018-03-14,2000,2033,1933,1967,14543
2018-03-15,1997,2000,1967,1970,761
2018-03-16,1970,2067,1967,2067,8924
2018-03-19,2000,2067,1997,2000,21687
2018-03-20,2000,2000,1987,1993,1917
2018-03-21,2000,2000,1967,1967,1403
2018-03-22,1967,1967,1960,1963,2022
2018-03-23,1937,1963,1867,1963,2292
2018-03-26,1957,1960,1933,1933,284
2018-03-27,1933,1960,1867,1930,7662
2018-03-28,1933,1960,1927,1960,1397
2018-03-29,1930,1967,1833,1967,1419
2018-03-30,1943,1943,1933,1933,318
2018-04-03,1933,1967,1800,1967,5915
2018-04-04,1867,1867,1833,1833,347
2018-04-05,1807,1810,1733,1733,2582
2018-04-06,1733,1733,1667,1730,2462
2018-04-09,1733,1733,1667,1733,722
2018-04-10,1733,1733,1707,1707,623
2018-04-11,1707,1733,1700,1700,2598
2018-04-12,1700,1730,1667,1667,4742
2018-04-13,1667,1667,1600,1630,1734
2018-04-16,1667,1667,1540,1633,1233
2018-04-17,1600,1630,1567,1630,548
2018-04-18,1603,1613,1600,1600,1347
2018-04-19,1630,1630,1593,1593,3711
2018-04-20,1600,1657,1600,1600,852
2018-04-23,1567,1627,1540,1540,1826
2018-04-24,1653,1653,1540,1540,924
2018-04-25,1567,1630,1543,1543,1784
2018-04-26,1600,1637,1567,1567,5189
2018-04-27,1530,1550,1353,1467,3750
2018-04-30,1567,1567,1567,1567,272
2018-05-02,1467,1567,1467,1567,930
2018-05-03,1467,1497,1467,1497,1698
2018-05-04,1467,1467,1397,1457,716
2018-05-07,1457,1460,1433,1433,5711
2018-05-08,1460,1460,1433,1433,1395
2018-05-09,1433,1433,1333,1333,2889
2018-05-11,1333,1433,1333,1333,4604
2018-05-14,1430,1430,1400,1430,2093
2018-05-15,1403,1533,1400,1400,5345
2018-05-16,1400,1467,1400,1463,2093
2018-05-17,1467,1467,1400,1403,4169
2018-05-18,1403,1433,1400,1400,3428
2018-05-22,1400,1500,1400,1500,1095
2018-05-23,1500,1533,1500,1533,9327
2018-05-24,1540,1540,1503,1533,2490
2018-05-25,1533,1567,1533,1560,8729
2018-05-28,1540,1600,1540,1567,2087
2018-05-29,1600,1680,1600,1670,10415
2018-05-30,1707,1793,1707,1733,4500
2018-05-31,1750,1797,1733,1790,1454
2018-06-01,1767,1797,1717,1717,1769
2018-06-04,1763,1763,1717,1730,464
2018-06-05,1717,1727,1603,1727,2135
2018-06-06,1667,1733,1667,1733,5400
2018-06-07,1733,1747,1733,1733,1230
2018-06-08,1733,1733,1733,1733,134
2018-06-12,1733,1733,1627,1720,1077
2018-06-13,1667,1733,1667,1733,2447
2018-06-15,1720,1733,1713,1733,2133
2018-06-18,1730,1730,1670,1720,1935
2018-06-19,1720,1720,1613,1713,1796
2018-06-20,1680,1833,1667,1833,12143
2018-06-21,1797,1813,1763,1763,525
2018-06-22,1670,1800,1670,1800,2880
2018-06-25,1800,1800,1673,1763,1794
2018-06-26,1730,1730,1673,1673,842
2018-06-27,1673,1793,1673,1793,5558
2018-06-28,1670,1793,1670,1793,1427
2018-06-29,1793,1793,1767,1787,1929
2018-07-02,1780,1780,1730,1730,147
2018-07-03,1680,1777,1667,1777,3927
2018-07-04,1667,1767,1667,1767,900
2018-07-05,1640,1733,1640,1733,1077
2018-07-06,1667,1733,1640,1667,1038
2018-07-09,1667,1667,1600,1600,711
2018-07-10,1603,1700,1567,1567,4236
2018-07-11,1567,1683,1567,1683,2597
2018-07-12,1653,1653,1600,1600,491
2018-07-13,1653,1653,1600,1600,575
2018-07-16,1600,1667,1600,1667,1515
2018-07-17,1633,1633,1600,1600,695
2018-07-18,1600,1667,1573,1667,6069
2018-07-19,1663,1663,1663,1663,75
2018-07-20,1633,1633,1633,1633,186
2018-07-23,1603,1603,1603,1603,300
2018-07-24,1627,1630,1600,1630,1290
2018-07-25,1603,1663,1600,1663,6638
2018-07-26,1600,1630,1600,1630,9
2018-07-27,1603,1627,1600,1627,806
2018-07-30,1627,1660,1577,1660,6429
2018-07-31,1650,1667,1600,1663,11583
2018-08-01,1653,1663,1653,1663,120
2018-08-02,1633,1633,1603,1603,362
2018-08-03,1603,1633,1600,1633,5499
2018-08-08,1603,1630,1573,1630,3612
2018-08-09,1573,1633,1573,1577,348
2018-08-10,1627,1633,1600,1600,963
2018-08-13,1577,1600,1573,1600,2541
2018-08-14,1600,1600,1577,1600,600
2018-08-16,1600,1600,1583,1583,837
2018-08-17,1597,1597,1583,1583,582
2018-08-20,1587,1587,1583,1583,381
2018-08-22,1583,1600,1533,1600,9602
2018-08-23,1583,1583,1533,1543,285
2018-08-24,1567,1567,1543,1543,410
2018-08-27,1540,1563,1540,1563,239
2018-08-28,1540,1563,1540,1563,2244
2018-08-29,1540,1600,1533,1600,8432
2018-08-30,1563,1563,1533,1560,942
2018-08-31,1560,1667,1533,1667,9179
2018-09-03,1630,1630,1627,1627,45
2018-09-04,1600,1627,1533,1627,2252
2018-09-05,1533,1627,1507,1627,4841
2018-09-06,1633,1633,1600,1600,75
2018-09-07,1533,1533,1510,1513,1226
2018-09-10,1533,1533,1520,1520,164
2018-09-11,1533,1567,1520,1567,2063
2018-09-12,1533,1533,1467,1467,1778
2018-09-13,1473,1473,1467,1470,2727
2018-09-14,1470,1493,1467,1467,863
2018-09-17,1467,1470,1467,1470,1125
2018-09-18,1470,1530,1467,1530,207
2018-09-19,1527,1527,1517,1517,242
2018-09-20,1517,1517,1467,1467,2967
2018-09-21,1467,1467,1433,1433,78
2018-09-24,1500,1500,1433,1467,1460
2018-09-25,1433,1527,1400,1400,10647
2018-09-26,1503,1503,1503,1503,3
2018-09-27,1467,1600,1393,1600,25200
2018-09-28,1600,1600,1600,1600,1533
2018-10-01,1480,1533,1480,1483,404
2018-10-02,1483,1483,1430,1433,4982
2018-10-03,1467,1467,1337,1467,9596
2018-10-04,1457,1457,1367,1367,660
2018-10-05,1340,1400,1333,1333,3911
2018-10-08,1337,1400,1333,1333,10206
2018-10-09,1400,1400,1333,1400,3074
2018-10-10,1367,1367,1333,1333,8187
2018-10-11,1333,1333,1330,1333,3414
2018-10-12,1333,1333,1323,1327,1092
2018-10-15,1333,1333,1330,1333,3515
2018-10-16,1333,1333,1330,1333,48164
2018-10-17,1333,1363,1320,1333,1881
2018-10-18,1300,1333,1300,1333,3876
2018-10-19,1333,1333,1267,1333,8640
2018-10-22,1283,1333,1283,1333,1616
2018-10-23,1333,1333,1320,1333,986
2018-10-24,1330,1333,1330,1333,1463
2018-10-25,1333,1333,1327,1333,3096
2018-10-26,1333,1333,1320,1320,2985
2018-10-29,1320,1320,1300,1300,1434
2018-10-30,1327,1327,1300,1300,3513
2018-10-31,1300,1327,1300,1327,4199
2018-11-02,1330,1330,1300,1327,3089
2018-11-05,1333,1333,1330,1330,3713
2018-11-06,1333,1333,1330,1330,1241
2018-11-07,1327,1330,1320,1330,2291
2018-11-08,1327,1327,1287,1287,6606
2018-11-09,1270,1330,1267,1267,3594
2018-11-12,1287,1287,1233,1233,3377
2018-11-13,1233,1233,1230,1230,95
2018-11-14,1217,1320,1200,1320,969
2018-11-16,1317,1317,1223,1287,1464
2018-11-19,1283,1283,1237,1273,426
2018-11-21,1267,1327,1217,1283,4220
2018-11-22,1267,1320,1200,1267,3219
2018-11-23,1260,1300,1260,1260,2294
2018-11-26,1263,1267,1167,1167,2679
2018-11-27,1253,1253,1167,1253,1188
2018-11-28,1250,1267,1247,1267,2708
2018-11-29,1260,1267,1260,1267,308
2018-11-30,1260,1260,1260,1260,668
2018-12-03,1257,1260,1167,1200,2469
2018-12-04,1133,1260,1133,1197,4137
2018-12-05,1137,1200,1133,1200,3165
2018-12-06,1190,1190,1150,1150,114
2018-12-07,1130,1193,1067,1193,3705
2018-12-10,1193,1197,1150,1197,2514
2018-12-11,1130,1197,1123,1197,1613
2018-12-12,1197,1200,1197,1197,3008
2018-12-13,1197,1200,1133,1133,3936
2018-12-14,1200,1200,1200,1200,9
2018-12-17,1193,1193,1193,1193,570
2018-12-18,1193,1263,1193,1263,2802
2018-12-19,1260,1260,1170,1190,1431
2018-12-20,1167,1167,1130,1133,1652
2018-12-21,1127,1167,1080,1167,17684
2018-12-24,1193,1193,1167,1193,12018
2018-12-26,1193,1267,1107,1267,12131
2018-12-27,1260,1360,1260,1333,2531
2018-12-28,1340,1353,1300,1353,3971
2018-12-31,1350,1350,1333,1347,4494
2019-01-02,1263,1267,1260,1267,4545
2019-01-03,1263,1263,1177,1177,1353
2019-01-04,1163,1263,1163,1233,1241
2019-01-07,1200,1200,1183,1183,518
2019-01-08,1200,1207,1133,1133,2886
2019-01-09,1137,1137,1127,1133,5103
2019-01-10,1137,1150,1127,1127,1637
2019-01-11,1133,1177,1127,1177,420
2019-01-14,1197,1197,1133,1183,878
2019-01-15,1133,1153,1133,1133,2312
2019-01-16,1153,1153,1133,1133,255
2019-01-17,1130,1130,1130,1130,1275
2019-01-18,1130,1133,1130,1133,24
2019-01-21,1133,1163,1130,1163,1466
2019-01-22,1167,1167,1167,1167,90
2019-01-23,1153,1153,1153,1153,45
2019-01-24,1167,1170,1167,1167,420
2019-01-25,1167,1167,1167,1167,419
2019-01-28,1170,1170,1153,1153,1568
2019-01-29,1150,1167,1127,1163,4142
2019-01-30,1153,1173,1153,1173,1026
2019-01-31,1153,1193,1153,1190,1949
2019-02-01,1193,1200,1193,1200,2145
2019-02-04,1167,1167,1153,1167,110
2019-02-05,1187,1190,1187,1187,179
2019-02-06,1167,1200,1153,1153,2160
2019-02-07,1167,1200,1150,1150,584
2019-02-08,1150,1167,1143,1143,288
2019-02-11,1140,1167,1133,1167,1095
2019-02-12,1167,1167,1127,1127,3045
2019-02-13,1127,1137,1107,1137,2145
2019-02-14,1140,1167,1053,1057,21353
2019-02-15,1000,1133,980,1057,19025
2019-02-18,1067,1067,1057,1060,1353
2019-02-19,1067,1133,1067,1133,2856
2019-02-20,1140,1200,1133,1190,3815
2019-02-21,1200,1200,1170,1200,4356
2019-02-22,1200,1200,1190,1200,2513
2019-02-25,1190,1190,1133,1190,2624
2019-02-26,1190,1200,1190,1197,1845
2019-02-27,1133,1200,1133,1200,1238
2019-02-28,1133,1133,1133,1133,60
2019-03-01,1133,1200,1067,1133,4379
2019-03-04,1167,1197,1133,1133,516
2019-03-05,1133,1197,1113,1113,21516
2019-03-06,1100,1110,1100,1103,606
2019-03-07,1103,1130,1103,1120,1778
2019-03-08,1123,1123,1120,1120,1218
2019-03-11,1067,1133,1067,1133,809
2019-03-12,1133,1133,1133,1133,150
2019-03-13,1067,1130,1067,1130,323
2019-03-14,1073,1130,1073,1130,506
2019-03-15,1130,1133,1130,1133,2378
2019-03-18,1167,1193,1133,1160,165
2019-03-19,1133,1160,1113,1153,15636
2019-03-20,1120,1133,1077,1133,9587
2019-03-21,1133,1160,1057,1150,5555
2019-03-22,1150,1160,1067,1160,28928
2019-03-25,1160,1160,1100,1100,3360
2019-03-26,1067,1100,1020,1100,6900
2019-03-27,1100,1100,1067,1100,2216
2019-03-28,1080,1100,1080,1100,2070
2019-03-29,1100,1100,1063,1100,1307
2019-04-01,1067,1100,1067,1100,3218
2019-04-02,1100,1100,1067,1100,1038
2019-04-03,1100,1133,1100,1100,1868
2019-04-04,1140,1167,1140,1167,5072
2019-04-05,1167,1253,1167,1253,3534
2019-04-08,1327,1333,1303,1333,12263
2019-04-09,1313,1330,1297,1323,7364
2019-04-10,1310,1310,1227,1300,347
2019-04-11,1277,1287,1233,1233,701
2019-04-12,1263,1263,1167,1167,296
2019-04-15,1167,1167,1143,1143,803
2019-04-16,1153,1167,1143,1167,1982
2019-04-17,1200,1200,1167,1200,185
2019-04-18,1197,1197,1197,1197,167
2019-04-19,1193,1200,1167,1167,2681
2019-04-23,1167,1200,1167,1167,620
2019-04-24,1167,1190,1167,1167,1268
2019-04-25,1167,1193,1167,1167,1883
2019-04-26,1200,1200,1167,1200,3233
2019-04-29,1200,1200,1187,1193,2382
2019-04-30,1200,1200,1170,1183,8247
2019-05-02,1200,1200,1167,1167,11060
2019-05-03,1170,1197,1170,1197,282
2019-05-06,1197,1197,1193,1193,2162
2019-05-07,1193,1193,1187,1193,1128
2019-05-08,1193,1253,1193,1253,1532
2019-05-09,1253,1253,1230,1230,5360
2019-05-10,1233,1233,1217,1233,923
2019-05-13,1233,1233,1230,1233,4226
2019-05-14,1233,1233,1217,1217,2168
2019-05-15,1207,1250,1200,1250,554
2019-05-16,1243,1247,1243,1247,368
2019-05-17,1250,1250,1237,1247,3336
2019-05-20,1237,1253,1233,1247,4854
2019-05-21,1243,1267,1233,1240,2817
2019-05-22,1233,1233,1233,1233,1572
2019-05-23,1227,1227,1193,1193,16004
2019-05-24,1193,1193,1167,1167,1749
2019-05-27,1193,1197,1193,1197,333
2019-05-28,1193,1193,1133,1133,635
2019-05-29,1103,1103,1067,1067,402
2019-05-31,1033,1133,1027,1133,5607
2019-06-03,1133,1167,1133,1133,1814
2019-06-05,1133,1167,1133,1133,5423
2019-06-06,1130,1133,1120,1120,1364
2019-06-07,1107,1133,1107,1130,1343
2019-06-11,1120,1127,1120,1127,1335
2019-06-12,1120,1133,1100,1100,1041
2019-06-13,1100,1100,1090,1090,1097
2019-06-14,1073,1073,1067,1067,1053
2019-06-17,1090,1090,1070,1070,873
2019-06-18,1100,1100,1077,1077,600
2019-06-19,1080,1107,1080,1100,1035
2019-06-20,1107,1107,1100,1100,6128
2019-06-21,1103,1133,1100,1133,3870
2019-06-24,1050,1130,1050,1127,2279
2019-06-25,1053,1117,1053,1067,2036
2019-06-26,1067,1067,1067,1067,1241
2019-06-27,1083,1083,1083,1083,8
2019-06-28,1083,1120,1070,1120,1767
2019-07-01,1100,1120,1100,1100,75
2019-07-02,1100,1100,1070,1100,1343
2019-07-03,1100,1100,1100,1100,68
2019-07-04,1100,1100,1067,1097,4052
2019-07-05,1100,1100,1070,1097,4665
2019-07-08,1067,1117,1067,1100,2051
2019-07-09,1100,1100,1093,1097,824
2019-07-10,1100,1100,1093,1093,660
2019-07-11,1097,1117,1097,1117,4301
2019-07-12,1100,1107,1090,1100,1457
2019-07-15,1103,1107,1100,1100,284
2019-07-16,1100,1103,1090,1100,7610
2019-07-17,1103,1103,1100,1103,552
2019-07-18,1100,1107,1100,1103,3750
2019-07-19,1110,1110,1103,1103,1071
2019-07-22,1103,1113,1103,1113,1068
2019-07-23,1113,1113,1103,1113,3203
2019-07-24,1117,1117,1103,1103,1770
2019-07-25,1103,1117,1103,1107,372
2019-07-26,1120,1120,1107,1107,2372
2019-07-29,1107,1120,1103,1120,639
2019-07-30,1113,1120,1113,1120,1347
2019-07-31,1117,1117,1107,1113,971
2019-08-01,1113,1113,1113,1113,29
2019-08-02,1103,1107,1103,1103,1058
2019-08-05,1107,1130,1103,1120,11199
2019-08-06,1103,1103,1100,1100,129
2019-08-08,1103,1113,1100,1113,1977
2019-08-09,1100,1107,1100,1100,1046
2019-08-13,1100,1130,1100,1117,3383
2019-08-14,1113,1113,1113,1113,60
2019-08-16,1110,1130,1110,1110,3365
2019-08-19,1107,1113,1107,1110,3075
2019-08-20,1133,1133,1113,1113,962
2019-08-21,1113,1113,1110,1113,3167
2019-08-22,1110,1113,1107,1107,8022
2019-08-23,1110,1110,1107,1107,1643
2019-08-26,1107,1107,1103,1107,3237
2019-08-27,1107,1133,1103,1133,2954
2019-08-28,1133,1133,1130,1133,1139
2019-08-29,1130,1160,1127,1133,2654
2019-08-30,1133,1133,1133,1133,1092
2019-09-02,1133,1133,1100,1100,6029
2019-09-03,1100,1100,1067,1093,863
2019-09-04,1093,1100,1090,1100,7923
2019-09-05,1130,1130,1097,1113,4254
2019-09-06,1107,1107,1067,1097,944
2019-09-09,1100,1133,1097,1113,1005
2019-09-10,1100,1133,1100,1133,240
2019-09-11,1133,1150,1133,1150,168
2019-09-12,1133,1143,1133,1143,2547
2019-09-13,1133,1147,1133,1147,1973
2019-09-16,1133,1133,1113,1133,1395
2019-09-17,1133,1147,1133,1133,2811
2019-09-18,1133,1133,1113,1130,2855
2019-09-19,1133,1133,1113,1127,2409
2019-09-20,1100,1130,1100,1113,1899
2019-09-23,1100,1113,1100,1113,1646
2019-09-24,1117,1133,1097,1097,2901
2019-09-25,1100,1100,1093,1093,1599
2019-09-26,1073,1073,1067,1067,2550
2019-09-27,1067,1073,1067,1067,2726
2019-09-30,1067,1090,1053,1090,1800
2019-10-01,1100,1100,1053,1067,2838
2019-10-02,1067,1080,1067,1073,2108
2019-10-03,1067,1073,1067,1073,2043
2019-10-04,1080,1080,1073,1073,1556
2019-10-07,1077,1077,1070,1070,1707
2019-10-08,1067,1067,1053,1053,417
2019-10-09,1060,1060,1040,1040,696
2019-10-10,1040,1040,997,1000,290
2019-10-11,1033,1033,1033,1033,1029
2019-10-14,1033,1033,1033,1033,675
2019-10-15,1033,1037,1000,1037,647
2019-10-16,1037,1037,1003,1033,567
2019-10-17,1033,1033,1003,1003,35
2019-10-18,1020,1020,1000,1000,495
2019-10-21,1000,1037,1000,1033,6630
2019-10-22,1040,1040,1033,1040,1707
2019-10-23,1040,1040,1033,1033,923
2019-10-24,1033,1040,1033,1033,915
2019-10-25,1033,1040,1033,1040,1770
2019-10-28,1050,1050,1033,1050,1533
2019-10-29,1033,1067,1033,1067,1016
2019-10-30,1047,1067,1047,1067,773
2019-10-31,1067,1067,1060,1067,450
2019-11-04,1060,1067,1047,1067,245
2019-11-05,1047,1067,1047,1067,227
2019-11-06,1067,1067,1067,1067,1760
2019-11-07,1067,1067,1067,1067,815
2019-11-08,1067,1067,1050,1067,486
2019-11-12,1067,1067,1067,1067,260
2019-11-13,1067,1067,1067,1067,1524
2019-11-14,1067,1067,1067,1067,1500
2019-11-18,1047,1067,1047,1067,6026
2019-11-19,1067,1067,1067,1067,6750
2019-11-20,1067,1067,1050,1050,17027
2019-11-21,1063,1067,1050,1067,6915
2019-11-22,1050,1050,1047,1050,7418
2019-11-25,1050,1050,1007,1007,6314
2019-11-27,1010,1050,1010,1050,450
2019-11-28,1027,1050,1027,1050,2664
2019-11-29,1050,1050,1017,1017,2129
2019-12-02,1063,1063,1020,1050,944
2019-12-03,1033,1033,1027,1027,1472
2019-12-04,1030,1030,1027,1030,921
2019-12-05,1030,1030,1027,1030,2489
2019-12-06,1030,1030,1000,1007,4548
2019-12-09,1007,1033,1000,1007,12207
2019-12-10,1033,1050,1027,1030,39431
2019-12-11,1033,1033,1000,1027,6456
2019-12-12,1027,1027,1013,1013,4392
2019-12-13,1013,1013,1000,1000,3888
2019-12-16,1000,1027,1000,1023,1896
2019-12-17,1027,1027,1003,1013,2747
2019-12-18,1013,1013,1003,1003,1259
2019-12-19,1000,1020,1000,1010,2295
2019-12-20,1010,1030,1003,1010,3060
2019-12-23,1010,1033,1007,1007,1382
2019-12-24,1003,1010,1003,1010,4574
2019-12-26,1033,1033,1010,1010,7268
2019-12-27,1013,1033,1013,1033,12564
2019-12-30,1033,1033,1007,1030,10439
2019-12-31,1033,1033,1030,1030,8337
2020-01-02,1033,1033,1033,1033,345
2020-01-03,1030,1033,1030,1030,2445
2020-01-06,1030,1033,1030,1030,1092
2020-01-07,1020,1020,1017,1017,443
2020-01-08,1017,1020,1013,1017,1115
2020-01-09,1013,1013,1000,1000,4902
2020-01-10,1013,1023,1003,1003,3653
2020-01-13,1003,1007,1003,1007,18903
2020-01-14,1007,1023,1007,1023,605
2020-01-15,1020,1033,1017,1017,1911
2020-01-16,1023,1040,1023,1033,5988
2020-01-17,1033,1040,1033,1033,2655
2020-01-20,1033,1040,1033,1040,8027
2020-01-21,1040,1067,1040,1067,2169
2020-01-22,1067,1107,1067,1100,1422
2020-01-23,1133,1180,1127,1127,3255
2020-01-24,1127,1127,1067,1117,5628
2020-01-27,1117,1123,1113,1113,266
2020-01-28,1113,1123,1113,1123,446
2020-01-29,1120,1127,1117,1123,3680
2020-01-30,1107,1110,1107,1107,9093
2020-01-31,1113,1120,1110,1117,27293
2020-02-03,1123,1123,1067,1107,5925
2020-02-04,1067,1070,1067,1067,9284
2020-02-05,1070,1093,1070,1087,54594
2020-02-06,1087,1087,1070,1087,6344
2020-02-07,1087,1087,1083,1083,3942
2020-02-10,1077,1077,1077,1077,4290
2020-02-11,1067,1067,1033,1053,7050
2020-02-12,1053,1053,1053,1053,396
2020-02-13,1060,1060,1060,1060,3467
2020-02-14,1033,1033,1023,1023,1271
2020-02-17,1033,1040,1000,1033,9531
2020-02-18,1033,1033,1007,1033,8210
2020-02-19,1033,1033,1007,1007,5220
2020-02-20,1010,1033,1010,1017,300660
2020-02-21,1033,1033,1020,1033,4256
2020-02-24,1033,1033,1020,1020,1400
2020-02-25,1033,1053,1033,1053,2759
2020-02-26,1053,1053,1023,1033,1478
2020-02-27,1033,1033,1027,1027,158
2020-02-28,1027,1030,1020,1020,672
2020-03-02,1027,1067,1020,1067,3615
2020-03-03,1020,1087,1020,1067,7314
2020-03-04,1067,1067,1053,1060,2366
2020-03-05,1033,1053,1033,1053,1082
2020-03-06,1040,1040,1033,1033,623
2020-03-09,1033,1033,1013,1013,5003
2020-03-10,1033,1033,1027,1030,468
2020-03-11,1013,1030,1013,1017,1398
2020-03-12,1013,1030,1013,1027,3234
2020-03-13,1027,1057,1023,1057,15660
2020-03-16,1037,1037,1027,1027,128
2020-03-17,1037,1037,1007,1007,1178
2020-03-18,1020,1050,1010,1050,3669
2020-03-19,1050,1057,1050,1053,87
2020-03-20,1053,1053,1010,1010,1487
2020-03-23,1053,1053,1013,1033,750
2020-03-24,1013,1033,1010,1010,1493
2020-03-25,1010,1010,1000,1000,1760
2020-03-26,1000,1010,1000,1000,653
2020-03-27,1000,1010,1000,1010,432
2020-03-30,1010,1010,1000,1000,3098
2020-03-31,1003,1003,987,1000,2204
2020-04-01,1003,1003,987,987,2330
2020-04-02,987,997,980,997,1013
2020-04-03,1000,1000,933,967,297
2020-04-06,967,967,967,967,212
2020-04-07,967,967,963,967,915
2020-04-08,960,967,957,957,494
2020-04-09,967,967,960,960,804
2020-04-10,963,967,963,967,138
2020-04-14,960,960,960,960,321
2020-04-15,960,960,950,950,420
2020-04-16,960,970,953,970,4835
2020-04-17,973,977,967,973,5451
2020-04-20,970,970,970,970,545
2020-04-21,967,970,967,970,5493
2020-04-22,970,973,967,973,1103
2020-04-23,973,973,970,973,471
2020-04-24,967,977,963,977,1848
2020-04-27,1000,1000,1000,1000,30
2020-04-28,1043,1043,1000,1040,1311
2020-04-29,1033,1040,1033,1033,5762
2020-04-30,1033,1033,1033,1033,5258
2020-05-04,1033,1033,1033,1033,8318
2020-05-05,1027,1030,1027,1030,165
2020-05-06,1030,1030,1000,1030,519
2020-05-07,1000,1000,1000,1000,104
2020-05-08,1003,1030,1000,1030,105
2020-05-11,1033,1033,1027,1027,171
2020-05-12,1027,1027,1000,1000,5364
2020-05-13,993,1027,993,1027,10206
2020-05-14,1027,1027,1027,1027,278
2020-05-15,1027,1027,1000,1000,5064
2020-05-18,1027,1027,1000,1000,150
2020-05-19,1000,1000,1000,1000,707
2020-05-22,1030,1030,1000,1030,6860
2020-05-25,1027,1027,1023,1023,38
2020-05-26,1013,1027,1010,1010,678
2020-05-27,1013,1027,1013,1027,2027
2020-05-28,1027,1033,1027,1027,3650
2020-05-29,1027,1040,1013,1013,13023
2020-06-02,1027,1027,1010,1010,2415
2020-06-03,1027,1033,1013,1027,3060
2020-06-04,1033,1033,1027,1033,554
2020-06-05,1033,1033,1033,1033,128
2020-06-08,1033,1040,1033,1040,3161
2020-06-09,1040,1067,1040,1067,2162
2020-06-10,1087,1100,1067,1067,1929
2020-06-11,1067,1133,1067,1070,7107
2020-06-12,1100,1100,1100,1100,68
2020-06-15,1083,1100,1080,1080,1910
2020-06-16,1067,1097,1067,1097,1754
2020-06-17,980,980,947,977,407
2020-06-18,980,980,973,973,2099
2020-06-19,973,997,973,997,1904
2020-06-22,993,997,990,990,255
2020-06-23,980,990,933,983,2801
2020-06-24,937,983,937,977,6702
2020-06-25,983,983,977,977,848
2020-06-26,977,983,947,983,1740
2020-06-29,987,1010,983,1010,3608
2020-06-30,1000,1000,990,990,8903
2020-07-01,997,997,997,997,1379
2020-07-02,987,987,937,983,4428
2020-07-03,967,967,963,963,450
2020-07-06,967,967,967,967,563
2020-07-07,967,967,947,947,323
2020-07-08,963,963,947,947,1761
2020-07-09,950,950,947,947,210
2020-07-10,940,943,940,943,828
2020-07-13,947,947,940,940,125
2020-07-14,937,943,933,933,11090
2020-07-15,933,933,933,933,599
2020-07-16,900,900,863,900,2312
2020-07-17,900,933,867,917,854
2020-07-20,900,900,867,883,1733
2020-07-21,867,883,860,883,630
2020-07-22,883,887,883,883,867
2020-07-23,877,883,863,863,4004
2020-07-24,867,867,867,867,3786
2020-07-27,870,873,870,873,506
2020-07-28,873,930,873,930,91742
2020-07-29,930,930,900,900,3227
2020-07-30,930,937,930,937,594
2020-08-03,933,943,933,933,236
2020-08-04,900,903,900,903,996
2020-08-05,907,933,900,913,1130
2020-08-06,913,913,900,900,327
2020-08-10,907,907,900,907,3633
2020-08-11,907,907,883,883,1943
2020-08-12,913,913,913,913,8
2020-08-13,900,900,867,867,4050
2020-08-14,870,913,870,900,263
2020-08-17,900,913,867,867,2010
2020-08-18,870,913,867,913,243
2020-08-19,913,913,900,900,152
2020-08-20,867,900,867,900,2333
2020-08-21,883,883,867,867,8291
2020-08-24,900,900,900,900,20
2020-08-25,893,900,873,900,4433
2020-08-26,913,913,893,893,132
2020-08-27,900,913,900,900,2900
2020-08-28,900,900,887,900,14712
2020-08-31,900,900,867,900,5189
2020-09-01,900,900,867,897,1577
2020-09-02,870,870,870,870,375
2020-09-03,900,900,897,900,24860
2020-09-04,910,910,900,900,1577
2020-09-07,900,910,900,910,114
2020-09-08,900,900,893,893,2883
2020-09-09,893,893,883,893,765
2020-09-10,893,893,893,893,681
2020-09-11,887,893,887,893,417
2020-09-14,907,910,893,893,105
2020-09-15,907,907,900,900,11574
2020-09-16,893,900,893,900,5460
2020-09-17,897,900,873,873,4989
2020-09-18,900,900,873,900,225
2020-09-21,897,900,877,877,10340
2020-09-22,877,877,877,877,203
2020-09-23,877,877,877,877,345
2020-09-24,880,880,880,880,41
2020-09-25,877,933,877,933,2765
2020-09-28,930,947,930,947,557
2020-09-29,900,943,900,943,360
2020-09-30,940,1013,873,1013,5765
2020-10-01,1000,1000,1000,1000,113
2020-10-02,997,1000,997,1000,9677
2020-10-05,1000,1000,1000,1000,23
2020-10-06,963,963,963,963,138
2020-10-07,957,967,957,963,2873
2020-10-08,963,963,963,963,2
2020-10-09,933,933,933,933,35
2020-10-12,927,937,927,933,5250
2020-10-13,933,933,873,873,1899
2020-10-14,877,877,877,877,330
2020-10-15,880,880,867,867,1425
2020-10-16,930,930,930,930,2
2020-10-19,930,930,867,923,2375
2020-10-20,917,923,873,873,581
2020-10-21,937,937,887,887,53
2020-10-22,877,887,877,877,653
2020-10-23,877,887,877,880,699
2020-10-26,877,877,870,877,2430
2020-10-27,873,873,870,873,3525
2020-10-28,873,930,870,873,1797
2020-10-30,900,900,900,900,300
2020-11-02,900,900,900,900,57
2020-11-03,927,927,900,900,182
2020-11-05,900,900,900,900,15
2020-11-06,900,923,900,923,5
2020-11-09,933,933,923,923,263
2020-11-10,927,927,900,900,368
2020-11-11,900,900,893,893,39228
2020-11-12,893,897,870,893,21714
2020-11-13,870,880,870,880,1248
2020-11-16,880,880,870,870,1010
2020-11-17,873,877,873,877,84
2020-11-18,873,877,873,877,104
2020-11-19,930,930,930,930,147
2020-11-20,880,923,880,880,825
2020-11-23,880,900,880,883,4724
2020-11-24,887,897,883,897,950
2020-11-25,897,897,897,897,215
2020-11-26,867,883,867,873,5867
2020-11-27,887,900,887,887,11444
2020-11-30,900,900,887,887,899
2020-12-01,887,887,867,867,44694
2020-12-02,890,890,887,887,470
2020-12-03,890,890,870,880,4094
2020-12-04,880,880,877,877,9854
2020-12-07,873,880,873,880,1065
2020-12-08,877,880,873,873,474
2020-12-09,870,880,870,880,7220
2020-12-10,880,880,877,880,4497
2020-12-11,880,880,873,880,1364
2020-12-14,880,880,880,880,4088
2020-12-15,877,877,870,877,696
2020-12-16,880,893,877,880,11498
2020-12-18,877,880,877,880,846
2020-12-21,887,893,887,893,56
2020-12-22,900,930,893,930,291
2020-12-23,893,990,893,900,10574
2020-12-24,930,963,930,963,3680
2020-12-28,963,1000,933,1000,5825
2020-12-29,963,993,963,993,16760
2020-12-30,977,977,933,960,1097
2020-12-31,960,997,893,997,30465
2021-01-04,987,993,950,977,2706
2021-01-05,950,967,907,947,279
2021-01-06,933,933,907,933,2183
2021-01-07,933,933,910,933,1665
2021-01-08,933,933,933,933,42024
2021-01-11,910,930,910,930,563
2021-01-12,930,967,917,967,2957
2021-01-13,967,967,933,933,708
2021-01-14,933,963,933,933,2828
2021-01-15,933,937,933,933,1014
2021-01-18,933,950,933,947,1157
2021-01-19,947,950,947,950,575
2021-01-20,950,967,950,967,47454
2021-01-21,967,970,967,970,131
2021-01-22,970,973,970,970,195
2021-01-25,973,973,967,970,999
2021-01-26,970,970,970,970,2060
2021-01-27,997,997,997,997,75
2021-01-28,997,997,997,997,2780
2021-01-29,997,1000,997,1000,1125
2021-02-01,1000,1000,937,937,77
2021-02-02,967,1000,947,947,9749
2021-02-03,947,997,947,997,143
2021-02-04,950,997,950,997,305
2021-02-05,997,997,997,997,357
2021-02-08,993,993,993,993,575
2021-02-09,993,993,967,967,2603
2021-02-10,987,987,967,967,255
2021-02-11,967,967,957,960,1230
2021-02-12,947,953,933,933,11481
2021-02-15,933,933,900,900,2678
2021-02-16,933,933,930,930,158
2021-02-17,930,933,930,930,453
2021-02-18,930,930,907,930,68
2021-02-19,930,930,927,930,731
2021-02-22,930,933,930,930,1193
2021-02-23,927,927,900,900,3659
2021-02-24,907,967,893,893,2175
2021-02-25,900,933,893,933,1493
2021-02-26,967,967,967,967,2
2021-03-01,950,967,950,967,683
2021-03-02,967,967,950,950,1299
2021-03-03,953,967,950,950,515
2021-03-04,950,950,903,903,897
2021-03-05,967,967,953,953,173
2021-03-08,967,967,953,967,506
2021-03-09,967,967,967,967,153
2021-03-10,967,967,963,967,1337
2021-03-11,967,1037,967,1020,5565
2021-03-12,1000,1000,1000,1000,3570
2021-03-15,1000,1000,973,1000,4277
2021-03-16,1000,1000,1000,1000,1895
2021-03-17,1000,1007,1000,1000,1386
2021-03-18,1000,1027,1000,1027,9150
2021-03-19,1027,1033,1027,1033,75
2021-03-22,1033,1033,1013,1013,840
2021-03-23,1013,1030,1013,1030,2286
2021-03-24,1030,1030,1013,1013,950
2021-03-25,1030,1033,1013,1013,1829
2021-03-26,1013,1013,1003,1003,315
2021-03-30,1013,1013,1007,1007,536
2021-03-31,1020,1020,1010,1013,1149
2021-04-01,1013,1033,1010,1010,1295
2021-04-02,1013,1033,1013,1033,3155
2021-04-06,1033,1033,1033,1033,3222
2021-04-07,1033,1053,1030,1033,1341
2021-04-08,1033,1033,1033,1033,30
2021-04-09,1033,1047,1033,1047,765
2021-04-12,1050,1053,1050,1050,2409
2021-04-13,1050,1050,1033,1050,419
2021-04-14,1047,1050,1047,1050,1605
2021-04-15,1033,1047,1033,1033,5819
2021-04-16,1033,1043,1033,1033,2828
2021-04-19,1033,1033,1033,1033,428
2021-04-20,1033,1033,1033,1033,3602
2021-04-21,1033,1037,1033,1033,747
2021-04-22,1037,1043,1033,1033,3392
2021-04-23,1043,1047,1043,1047,17
2021-04-26,1047,1047,1037,1047,855
2021-04-27,1047,1047,1037,1037,458
2021-04-28,1040,1047,1040,1047,263
2021-04-29,1050,1053,1047,1047,4293
2021-04-30,1050,1050,1050,1050,482
2021-05-03,1050,1050,1047,1050,761
2021-05-04,1050,1057,1040,1057,5438
2021-05-05,1067,1067,1067,1067,323
2021-05-06,1070,1070,1067,1067,2175
2021-05-07,1070,1077,1070,1077,150
2021-05-10,1077,1077,1067,1067,36092
2021-05-11,1060,1077,1060,1070,1715
2021-05-14,1083,1083,1073,1083,615
2021-05-17,1083,1087,1070,1070,2813
2021-05-18,1070,1100,1070,1100,3185
2021-05-19,1120,1120,1080,1107,6404
2021-05-20,1107,1120,1100,1120,2066
2021-05-21,1120,1123,1120,1120,756
2021-05-25,1127,1203,1127,1140,6377
2021-05-26,1140,1220,1140,1150,8469
2021-05-27,1210,1210,1150,1197,1382
2021-05-28,1067,1100,1067,1100,4190
2021-05-31,1097,1133,1087,1097,6357
2021-06-01,1097,1100,1080,1080,2084
2021-06-02,1087,1087,1083,1083,13736
2021-06-03,1080,1083,1067,1067,11688
2021-06-04,1067,1093,1003,1093,6369
2021-06-07,1013,1093,1013,1093,2261
2021-06-08,1040,1100,1040,1100,5153
2021-06-09,1100,1130,1100,1127,917
2021-06-10,1130,1133,1103,1133,3545
2021-06-11,1103,1133,1103,1133,870
2021-06-14,1133,1133,1107,1107,267
2021-06-15,1123,1123,1120,1120,377
2021-06-16,1120,1133,1120,1133,1778
2021-06-17,1133,1133,1133,1133,33
2021-06-18,1130,1130,1120,1120,1034
2021-06-21,1130,1133,1120,1127,3626
2021-06-22,1127,1133,1120,1120,3488
2021-06-23,1127,1133,1127,1127,990
2021-06-24,1127,1140,1127,1137,4427
2021-06-25,1140,1170,1140,1170,5826
2021-06-28,1163,1163,1133,1163,2715
2021-06-29,1157,1170,1140,1167,3258
2021-06-30,1167,1167,1167,1167,2028
2021-07-01,1163,1167,1147,1147,1751
2021-07-02,1160,1160,1133,1133,4757
2021-07-05,1133,1167,1133,1167,1748
2021-07-06,1167,1167,1160,1167,1283
2021-07-07,1167,1167,1160,1167,1383
2021-07-08,1167,1167,1167,1167,413
2021-07-09,1167,1167,1163,1163,1055
2021-07-12,1167,1170,1167,1170,1332
2021-07-13,1170,1170,1167,1167,3209
2021-07-14,1167,1183,1167,1183,1847
2021-07-15,1180,1183,1180,1183,2757
2021-07-16,1183,1187,1177,1187,2295
2021-07-19,1187,1200,1183,1200,3168
2021-07-21,1200,1233,1200,1233,1943
2021-07-22,1233,1323,1233,1267,9768
2021-07-23,1267,1333,1267,1300,1599
2021-07-26,1300,1333,1300,1333,2961
2021-07-27,1300,1327,1300,1300,2118
2021-07-28,1300,1330,1300,1323,6836
2021-07-29,1323,1330,1307,1327,4818
2021-07-30,1327,1330,1327,1327,3081
2021-08-02,1327,1327,1303,1327,408
2021-08-03,1323,1327,1300,1317,5054
2021-08-04,1300,1327,1300,1327,1988
2021-08-05,1303,1333,1303,1333,13583
2021-08-06,1333,1333,1317,1330,440
2021-08-09,1333,1427,1333,1427,218
2021-08-10,1400,1427,1333,1400,1470
2021-08-11,1427,1457,1427,1453,1197
2021-08-12,1453,1457,1400,1453,998
2021-08-13,1453,1463,1427,1463,402
2021-08-16,1463,1570,1453,1570,770
2021-08-17,1597,1597,1567,1567,1080
2021-08-18,1570,1613,1567,1593,1173
2021-08-19,1600,1600,1567,1597,1505
2021-08-20,1597,1597,1567,1583,1070
2021-08-23,1567,1593,1567,1593,1023
2021-08-24,1597,1597,1580,1580,1725
2021-08-25,1580,1580,1467,1467,1316
2021-08-26,1520,1520,1467,1467,1730
2021-08-27,1467,1470,1467,1467,2286
2021-08-30,1513,1533,1467,1533,713
2021-08-31,1533,1533,1470,1530,1002
2021-09-01,1530,1530,1467,1480,1137
2021-09-02,1480,1480,1433,1467,2901
2021-09-03,1527,1527,1467,1477,458
2021-09-06,1477,1477,1467,1467,872
2021-09-07,1467,1500,1437,1470,4229
2021-09-08,1470,1500,1470,1500,2382
2021-09-09,1500,1533,1470,1533,10532
2021-09-10,1500,1500,1500,1500,1166
2021-09-13,1500,1500,1473,1487,4166
2021-09-14,1500,1533,1487,1530,1892
2021-09-15,1530,1530,1500,1500,276
2021-09-16,1527,1527,1500,1527,977
2021-09-17,1527,1527,1523,1523,719
2021-09-20,1507,1523,1507,1507,381
2021-09-21,1523,1533,1507,1533,16836
2021-09-22,1510,1540,1510,1540,5942
2021-09-23,1540,1567,1540,1550,683
2021-09-24,1550,1593,1550,1587,1829
2021-09-27,1577,1590,1577,1590,162
2021-09-28,1507,1593,1507,1590,7011
2021-09-29,1590,1590,1580,1580,4775
2021-09-30,1520,1567,1520,1520,3122
2021-10-01,1520,1567,1513,1567,6755
2021-10-04,1563,1563,1507,1527,3810
2021-10-05,1533,1567,1510,1563,5429
2021-10-06,1567,1567,1533,1563,1614
2021-10-07,1560,1580,1560,1580,2319
2021-10-08,1593,1593,1593,1593,1694
2021-10-11,1593,1667,1593,1633,5367
2021-10-12,1633,1633,1600,1633,1233
2021-10-13,1630,1630,1593,1600,599
2021-10-14,1600,1600,1600,1600,393
2021-10-15,1633,1633,1600,1600,930
2021-10-19,1600,1633,1567,1633,12504
2021-10-20,1633,1633,1630,1633,1440
2021-10-21,1600,1627,1600,1627,8241
2021-10-22,1600,1617,1600,1600,8270
2021-10-25,1633,1633,1617,1633,23831
2021-10-26,1637,1667,1633,1667,807
2021-10-27,1667,1727,1667,1717,2769
2021-10-28,1717,1727,1670,1670,765
2021-10-29,1767,1793,1717,1793,1250
2021-11-03,1800,1833,1800,1803,1733
2021-11-04,1820,1830,1733,1733,11642
2021-11-05,1733,1747,1700,1733,10301
2021-11-08,1667,1733,1667,1667,8735
2021-11-09,1663,1667,1600,1660,2169
2021-11-10,1600,1633,1600,1633,1310
2021-11-11,1633,1633,1630,1633,1403
2021-11-12,1630,1633,1630,1633,152
2021-11-16,1667,1667,1633,1660,429
2021-11-17,1660,1667,1660,1663,1728
2021-11-18,1663,1737,1660,1737,9839
2021-11-19,1733,1737,1667,1733,8960
2021-11-22,1667,1667,1633,1667,218
2021-11-23,1667,1667,1633,1633,1199
2021-11-24,1633,1633,1603,1633,17025
2021-11-25,1633,1640,1633,1633,2865
2021-11-26,1640,1667,1613,1667,2667
2021-11-29,1667,1700,1663,1700,2711
2021-11-30,1700,1733,1670,1733,1541
2021-12-01,1733,1733,1687,1733,3081
2021-12-02,1727,1750,1727,1750,4800
2021-12-03,1750,1750,1733,1733,3378
2021-12-06,1673,1733,1633,1663,7745
2021-12-07,1630,1630,1613,1613,1473
2021-12-08,1610,1630,1600,1600,9677
2021-12-09,1600,1600,1580,1583,7844
2021-12-10,1600,1600,1600,1600,2055
2021-12-13,1600,1600,1583,1583,5961
2021-12-14,1583,1600,1583,1600,2586
2021-12-15,1583,1600,1583,1600,1313
2021-12-16,1600,1600,1587,1600,1754
2021-12-17,1600,1600,1593,1600,854
2021-12-20,1600,1600,1597,1600,411
2021-12-21,1600,1600,1587,1600,83463
2021-12-22,1590,1600,1590,1593,1251
2021-12-23,1587,1600,1587,1593,2810
2021-12-24,1593,1593,1593,1593,32
2021-12-27,1593,1593,1573,1573,620
2021-12-28,1567,1580,1567,1573,3563
2021-12-29,1570,1590,1563,1567,5318
2021-12-30,1553,1567,1533,1563,12276
2021-12-31,1533,1567,1533,1567,3972
2022-01-03,1567,1573,1567,1567,383
2022-01-04,1567,1567,1533,1533,1973
2022-01-05,1533,1540,1533,1540,653
2022-01-06,1600,1600,1533,1567,7193
2022-01-07,1567,1567,1567,1567,1980
2022-01-10,1567,1600,1533,1600,1980
2022-01-11,1593,1600,1593,1600,954
2022-01-12,1567,1600,1567,1600,2792
2022-01-13,1600,1600,1533,1533,6422
2022-01-14,1533,1533,1533,1533,360
2022-01-17,1560,1560,1533,1533,1817
2022-01-18,1533,1533,1527,1527,1646
2022-01-19,1527,1560,1507,1560,846
2022-01-20,1560,1560,1557,1557,89
2022-01-21,1550,1567,1550,1567,10692
2022-01-24,1600,1600,1517,1533,4323
2022-01-25,1533,1533,1520,1520,1688
2022-01-26,1527,1600,1527,1600,2246
2022-01-27,1600,1600,1567,1567,2765
2022-01-28,1600,1667,1600,1667,3146
2022-01-31,1667,1673,1663,1663,1752
2022-02-01,1663,1663,1607,1660,1356
2022-02-02,1650,1670,1650,1670,2010
2022-02-03,1670,1727,1667,1670,9836
2022-02-04,1700,1713,1693,1713,792
2022-02-07,1720,1733,1713,1720,1938
2022-02-08,1720,1720,1713,1713,1322
2022-02-09,1713,1713,1670,1713,914
2022-02-10,1667,1667,1600,1667,9090
2022-02-11,1600,1600,1567,1600,7500
2022-02-14,1587,1600,1570,1570,2637
2022-02-15,1600,1633,1533,1537,11160
2022-02-16,1537,1650,1537,1650,3390
2022-02-17,1650,1650,1600,1600,1349
2022-02-18,1613,1647,1613,1647,3852
2022-02-21,1633,1667,1633,1647,8624
2022-02-22,1650,1667,1647,1650,4130
2022-02-23,1650,1650,1650,1650,1301
2022-02-24,1647,1650,1640,1650,12396
2022-02-25,1650,1650,1627,1650,1673
2022-02-28,1650,1650,1633,1647,1905
2022-03-01,1643,1643,1600,1617,1451
2022-03-02,1617,1633,1567,1600,2469
2022-03-03,1600,1640,1600,1640,4418
2022-03-04,1640,1643,1600,1643,2501
2022-03-07,1643,1643,1633,1637,5847
2022-03-08,1633,1637,1633,1637,2717
2022-03-09,1637,1667,1637,1667,747
2022-03-10,1633,1667,1633,1667,398
2022-03-11,1660,1750,1637,1747,5978
2022-03-14,1667,1733,1633,1733,2408
2022-03-15,1673,1733,1673,1733,3212
2022-03-16,1700,1733,1673,1700,7835
2022-03-17,1733,1733,1700,1700,1029
2022-03-18,1700,1733,1700,1730,1326
2022-03-21,1733,1733,1700,1727,4019
2022-03-22,1733,1733,1730,1733,6642
2022-03-23,1740,1750,1733,1737,9485
2022-03-24,1737,1737,1727,1733,665
2022-03-25,1703,1747,1700,1733,2208
2022-03-28,1733,1800,1733,1750,2259
2022-03-29,1830,1833,1830,1833,1698
2022-03-30,1833,1853,1833,1853,2927
2022-03-31,1733,1747,1717,1717,13356
2022-04-01,1727,1727,1667,1667,4508
2022-04-04,1667,1700,1667,1667,6171
2022-04-05,1670,1713,1670,1713,2358
2022-04-06,1713,1730,1713,1713,5462
2022-04-07,1723,1723,1670,1670,5561
2022-04-08,1673,1673,1673,1673,1425
2022-04-11,1673,1673,1633,1673,1052
2022-04-12,1673,1673,1643,1667,7472
2022-04-13,1667,1667,1633,1633,438
2022-04-14,1633,1633,1633,1633,1838
2022-04-15,1663,1663,1633,1633,1175
2022-04-19,1633,1637,1633,1633,7400
2022-04-20,1633,1667,1603,1617,774
2022-04-21,1617,1633,1600,1633,8525
2022-04-22,1633,1633,1617,1630,473
2022-04-25,1600,1600,1597,1597,975
2022-04-26,1630,1630,1600,1600,206
2022-04-27,1597,1600,1527,1533,7653
2022-04-29,1533,1533,1503,1533,1571
2022-05-03,1517,1517,1517,1517,15
2022-05-04,1467,1510,1467,1467,3305
2022-05-05,1467,1467,1467,1467,1904
2022-05-06,1467,1467,1467,1467,1986
2022-05-09,1500,1563,1467,1563,3201
2022-05-10,1533,1563,1533,1533,2936
2022-05-11,1533,1533,1533,1533,7635
2022-05-12,1567,1567,1567,1567,120
2022-05-13,1540,1567,1540,1567,3413
2022-05-16,1620,1620,1537,1543,7581
2022-05-17,1567,1627,1567,1567,19244
2022-05-18,1570,1633,1567,1633,233
2022-05-19,1567,1657,1550,1657,191
2022-05-20,1657,1657,1657,1657,180
2022-05-23,1660,1700,1657,1657,1830
2022-05-24,1660,1660,1657,1657,3080
2022-05-25,1657,1657,1657,1657,210
2022-05-27,1657,1657,1653,1653,95
2022-05-30,1600,1643,1433,1533,422
2022-05-31,1533,1567,1467,1567,12710
2022-06-01,1567,1647,1533,1647,665
2022-06-02,1567,1667,1533,1647,16964
2022-06-03,1633,1633,1533,1597,2427
2022-06-07,1500,1567,1500,1567,4457
2022-06-08,1537,1567,1533,1567,4122
2022-06-09,1567,1567,1533,1540,129
2022-06-10,1540,1600,1540,1600,1544
2022-06-13,1540,1600,1540,1543,1493
2022-06-14,1597,1597,1583,1583,71
2022-06-15,1583,1583,1540,1580,1206
2022-06-16,1577,1580,1547,1580,6437
2022-06-17,1550,1600,1540,1600,1374
2022-06-20,1600,1600,1583,1600,218
2022-06-21,1600,1603,1600,1600,1671
2022-06-22,1600,1600,1600,1600,203
2022-06-23,1580,1600,1580,1600,1461
2022-06-24,1600,1600,1580,1580,803
2022-06-27,1600,1600,1543,1593,945
2022-06-29,1600,1600,1563,1600,720
2022-06-30,1600,1600,1580,1580,176
2022-07-01,1580,1580,1570,1580,528
2022-07-04,1580,1600,1580,1580,12759
2022-07-05,1580,1667,1570,1667,2660
2022-07-06,1667,1667,1613,1613,17
2022-07-07,1613,1613,1603,1603,957
2022-07-08,1633,1667,1633,1667,2856
2022-07-11,1667,1667,1667,1667,165
2022-07-12,1667,1667,1600,1600,150
2022-07-13,1663,1663,1600,1633,63552
2022-07-14,1633,1633,1600,1600,1362
2022-07-15,1600,1600,1593,1600,459
2022-07-18,1603,1663,1600,1663,774
2022-07-19,1663,1663,1663,1663,468
2022-07-20,1600,1663,1600,1663,2423
2022-07-21,1663,1663,1600,1663,98
2022-07-22,1663,1663,1600,1660,4421
2022-07-25,1660,1663,1600,1633,204
2022-07-26,1627,1633,1600,1633,1118
2022-07-27,1633,1633,1600,1623,2661
2022-07-28,1623,1623,1600,1623,201
2022-07-29,1623,1623,1600,1600,674
2022-08-01,1623,1630,1623,1623,2949
2022-08-02,1630,1663,1603,1603,9305
2022-08-03,1663,1663,1633,1663,467
2022-08-04,1663,1663,1633,1633,354
2022-08-05,1627,1627,1627,1627,5657
2022-08-09,1627,1663,1627,1633,3704
2022-08-10,1633,1660,1607,1660,1562
2022-08-11,1663,1663,1633,1660,3069
2022-08-12,1633,1663,1633,1660,797
2022-08-16,1663,1663,1607,1607,888
2022-08-17,1607,1607,1607,1607,4092
2022-08-18,1607,1633,1607,1607,501
2022-08-19,1653,1653,1607,1637,1053
2022-08-22,1637,1637,1607,1620,17306
2022-08-23,1613,1620,1613,1620,2007
2022-08-24,1633,1633,1620,1630,233
2022-08-25,1663,1663,1663,1663,1359
2022-08-26,1633,1633,1610,1633,552
2022-08-29,1633,1633,1627,1627,375
2022-08-30,1627,1633,1627,1633,3552
2022-08-31,1663,1663,1610,1653,989
2022-09-01,1653,1667,1633,1633,3267
2022-09-02,1633,1653,1610,1610,950
2022-09-05,1653,1653,1613,1613,51
2022-09-06,1613,1613,1610,1610,1004
2022-09-07,1653,1653,1613,1613,507
2022-09-09,1667,1667,1653,1667,4505
2022-09-12,1667,1693,1667,1693,728
2022-09-13,1653,1667,1653,1653,407
2022-09-14,1643,1643,1613,1637,1733
2022-09-15,1633,1633,1620,1620,135
2022-09-16,1620,1667,1613,1667,28236
2022-09-19,1633,1693,1613,1693,1148
2022-09-20,1693,1693,1690,1690,53
2022-09-21,1673,1690,1667,1667,252
2022-09-22,1613,1667,1613,1667,441
2022-09-23,1613,1613,1613,1613,150
2022-09-26,1613,1633,1613,1633,1442
2022-09-27,1613,1667,1613,1667,2652
2022-09-28,1633,1667,1633,1667,656
2022-09-29,1687,1687,1667,1667,3833
2022-09-30,1670,1670,1610,1610,36284
2022-10-03,1610,1693,1610,1693,647
2022-10-04,1693,1693,1680,1680,2796
2022-10-05,1610,1680,1610,1667,246
2022-10-06,1667,1667,1610,1610,165
2022-10-07,1667,1680,1610,1613,15300
2022-10-10,1680,1680,1613,1620,2580
2022-10-11,1620,1620,1617,1620,182
2022-10-12,1620,1620,1620,1620,180
2022-10-13,1620,1620,1613,1613,6420
2022-10-14,1680,1680,1613,1613,117
2022-10-17,1667,1667,1550,1593,19700
2022-10-18,1600,1600,1593,1593,99
2022-10-19,1593,1593,1580,1583,5600
2022-10-20,1583,1583,1527,1527,2927
2022-10-21,1533,1533,1533,1533,360
2022-10-24,1593,1593,1533,1533,318
2022-10-25,1533,1593,1533,1533,77
2022-10-26,1533,1567,1533,1567,74
2022-10-27,1567,1567,1567,1567,296
2022-10-28,1567,1567,1533,1567,627
2022-11-02,1567,1593,1533,1593,395
2022-11-03,1567,1567,1567,1567,153
2022-11-04,1540,1567,1533,1533,11855
2022-11-07,1567,1567,1567,1567,5547
2022-11-08,1593,1593,1567,1567,3255
2022-11-09,1567,1600,1567,1600,6953
2022-11-10,1567,1567,1567,1567,1398
2022-11-11,1567,1567,1567,1567,4332
2022-11-14,1567,1567,1567,1567,689
2022-11-16,1567,1600,1533,1600,9762
2022-11-17,1600,1600,1540,1600,153
2022-11-18,1600,1667,1600,1667,792
2022-11-21,1607,1667,1607,1667,92
2022-11-22,1667,1733,1667,1667,3897
2022-11-23,1613,1667,1613,1667,1757
2022-11-24,1660,1660,1613,1613,818
2022-11-25,1613,1643,1600,1643,2484
2022-11-28,1643,1643,1643,1643,761
2022-11-29,1620,1643,1613,1613,1062
2022-11-30,1600,1613,1600,1613,1044
2022-12-01,1610,1613,1610,1613,5781
2022-12-02,1600,1600,1597,1597,8832
2022-12-05,1597,1597,1597,1597,369
2022-12-06,1597,1600,1597,1600,476
2022-12-07,1600,1600,1600,1600,159
2022-12-08,1533,1600,1533,1600,15
2022-12-09,1540,1657,1540,1600,950
2022-12-12,1660,1660,1567,1660,75
2022-12-13,1733,1733,1633,1633,1745
2022-12-14,1633,1730,1633,1700,3038
2022-12-15,1700,1720,1700,1720,1500
2022-12-16,1727,1727,1633,1713,2705
2022-12-19,1713,1720,1587,1720,2466
2022-12-20,1700,1707,1700,1707,105
2022-12-21,1700,1727,1700,1727,1743
2022-12-22,1600,1600,1600,1600,315
2022-12-23,1597,1600,1567,1600,750
2022-12-27,1600,1717,1533,1717,5589
2022-12-28,1713,1727,1700,1727,10020
2022-12-29,1727,1733,1727,1727,22853
2022-12-30,1723,1723,1600,1633,480
2023-01-02,1720,1720,1720,1720,47
2023-01-03,1593,1713,1593,1713,105
2023-01-04,1600,1600,1600,1600,2
2023-01-05,1600,1600,1600,1600,2
2023-01-06,1600,1600,1483,1483,200
2023-01-09,1483,1483,1467,1483,16982
2023-01-10,1483,1533,1483,1483,8348
2023-01-11,1567,1567,1567,1567,504
2023-01-12,1567,1567,1503,1503,489
2023-01-13,1533,1533,1507,1533,729
2023-01-16,1533,1533,1533,1533,1647
2023-01-17,1507,1533,1507,1533,5840
2023-01-18,1517,1533,1510,1533,2702
2023-01-19,1567,1567,1567,1567,150
2023-01-20,1570,1663,1520,1663,3216
2023-01-23,1540,1633,1540,1633,3038
2023-01-24,1603,1603,1603,1603,47
2023-01-25,1533,1533,1533,1533,419
2023-01-26,1533,1597,1533,1597,345
2023-01-27,1533,1713,1520,1693,5706
2023-01-30,1693,1693,1600,1693,317
2023-01-31,1667,1667,1567,1667,3311
2023-02-01,1603,1663,1600,1663,287
2023-02-02,1633,1653,1633,1653,152
2023-02-03,1653,1653,1653,1653,60
2023-02-06,1600,1653,1600,1653,444
2023-02-07,1600,1647,1600,1647,453
2023-02-08,1647,1647,1600,1647,107
2023-02-09,1643,1643,1617,1617,3305
2023-02-10,1617,1617,1600,1600,1145
2023-02-13,1627,1630,1607,1620,1185
2023-02-14,1607,1620,1607,1620,3213
2023-02-15,1607,1667,1603,1667,2250
2023-02-16,1667,1693,1667,1693,13547
2023-02-17,1667,1693,1667,1693,3399
2023-02-20,1693,1693,1693,1693,150
2023-02-21,1687,1687,1600,1687,6321
2023-02-22,1687,1723,1687,1723,2615
2023-02-23,1720,1723,1647,1723,3321
2023-02-24,1723,1723,1667,1717,170
2023-02-27,1697,1700,1697,1700,15
2023-02-28,1600,1700,1600,1600,7565
2023-03-01,1600,1667,1597,1600,11835
2023-03-02,1600,1667,1517,1663,3599
2023-03-03,1540,1663,1540,1663,752
2023-03-06,1663,1663,1547,1663,167
2023-03-07,1660,1660,1567,1633,8259
2023-03-08,1633,1660,1600,1660,254
2023-03-09,1603,1663,1593,1663,9996
2023-03-10,1660,1660,1540,1660,13824
2023-03-13,1540,1540,1537,1537,3575
2023-03-14,1533,1537,1510,1510,15417
2023-03-15,1510,1537,1467,1500,4853
2023-03-16,1487,1510,1487,1493,4425
2023-03-17,1500,1500,1467,1500,1383
2023-03-20,1497,1497,1493,1497,525
2023-03-21,1497,1500,1467,1500,4242
2023-03-22,1500,1500,1453,1463,1239
2023-03-23,1467,1493,1450,1450,12681
2023-03-24,1450,1453,1450,1450,3927
2023-03-27,1450,1510,1443,1510,8652
2023-03-28,1500,1510,1467,1510,1586
2023-03-29,1510,1510,1507,1510,1787
2023-03-30,1507,1510,1507,1510,765
2023-03-31,1500,1500,1463,1463,2379
2023-04-03,1467,1500,1450,1467,8183
2023-04-04,1453,1510,1453,1510,222
2023-04-05,1467,1467,1450,1450,821
2023-04-06,1453,1510,1453,1510,170
2023-04-07,1510,1510,1507,1507,26
2023-04-11,1510,1510,1467,1507,644
2023-04-12,1507,1573,1507,1533,17501
2023-04-13,1563,1567,1563,1567,5871
2023-04-14,1567,1600,1533,1600,6249
2023-04-17,1600,1627,1567,1627,2093
2023-04-19,1627,1633,1533,1597,5415
2023-04-20,1600,1600,1597,1597,41
2023-04-24,1593,1593,1593,1593,896
2023-04-25,1593,1593,1477,1593,15065
2023-04-26,1510,1593,1510,1593,1838
2023-04-27,1593,1623,1593,1623,1530
2023-04-28,1593,1623,1583,1620,1274
2023-05-02,1620,1667,1620,1667,1908
2023-05-03,1663,1663,1663,1663,47
2023-05-04,1663,1667,1663,1663,1802
2023-05-05,1577,1667,1577,1667,3845
2023-05-08,1663,1667,1600,1667,7517
2023-05-09,1667,1667,1587,1667,2598
2023-05-10,1663,1663,1633,1633,330
2023-05-11,1633,1667,1633,1667,13035
2023-05-12,1667,1683,1667,1667,4778
2023-05-15,1723,1733,1710,1733,4205
2023-05-16,1733,1750,1733,1750,674
2023-05-17,1750,1750,1737,1750,674
2023-05-19,1750,1767,1737,1767,2871
2023-05-22,1760,1770,1743,1770,1131
2023-05-23,1783,1797,1733,1797,11642
2023-05-24,1797,1800,1733,1797,5726
2023-05-25,1797,1800,1767,1797,6959
2023-05-26,1797,1817,1780,1793,9074
2023-05-30,1670,1670,1547,1670,1200
2023-05-31,1670,1717,1667,1717,204
2023-06-01,1717,1717,1717,1717,209
2023-06-02,1637,1713,1637,1703,9492
2023-06-05,1673,1733,1667,1730,13376
2023-06-06,1670,1727,1670,1727,13284
2023-06-07,1727,1727,1700,1700,3342
2023-06-08,1700,1720,1670,1700,51348
2023-06-09,1720,1730,1700,1730,2792
2023-06-12,1700,1733,1700,1733,1935
2023-06-13,1733,1810,1733,1800,11850
2023-06-14,1737,1803,1737,1800,666
2023-06-15,1800,1800,1767,1783,1965
2023-06-16,1800,1800,1800,1800,270
2023-06-19,1800,1800,1783,1800,2514
2023-06-20,1800,1833,1800,1803,1002
2023-06-21,1803,1833,1800,1833,5525
2023-06-22,1820,1860,1817,1860,891
2023-06-23,1860,1927,1857,1860,2079
2023-06-26,1867,1867,1860,1860,2498
2023-06-27,1867,1900,1867,1900,993
2023-06-29,1867,1933,1860,1923,2450
2023-06-30,1900,1900,1867,1867,1568
2023-07-03,1867,1867,1860,1860,4049
2023-07-04,1860,1900,1860,1900,1454
2023-07-05,1900,1923,1867,1923,1494
2023-07-06,1883,1893,1883,1893,1484
2023-07-07,1923,1923,1880,1893,381
2023-07-10,1870,1890,1867,1883,1835
2023-07-11,1867,1880,1867,1880,2559
2023-07-12,1880,1883,1867,1867,4739
2023-07-13,1867,1880,1867,1867,3384
2023-07-14,1867,1867,1867,1867,1308
2023-07-17,1867,1867,1850,1867,1883
2023-07-18,1867,1867,1833,1867,3506
2023-07-19,1867,1867,1800,1867,1919
2023-07-20,1867,1867,1800,1867,1538
2023-07-21,1867,1880,1803,1867,9198
2023-07-24,1867,1867,1800,1867,765
2023-07-25,1867,1867,1833,1867,821
2023-07-26,1867,1867,1867,1867,857
2023-07-27,1887,1887,1867,1867,5991
2023-07-28,1893,1923,1867,1923,2097
2023-07-31,1920,1923,1917,1923,1530
2023-08-01,1923,1923,1920,1920,129
2023-08-02,1923,1933,1870,1933,1851
2023-08-03,1933,1933,1873,1930,117
2023-08-04,1930,1933,1900,1933,2162
2023-08-08,1933,1933,1873,1923,4751
2023-08-09,1900,1933,1800,1933,10371
2023-08-10,1933,1933,1933,1933,129
2023-08-11,1933,1933,1927,1927,1143
2023-08-14,1927,1927,1920,1927,357
2023-08-16,1920,1933,1920,1933,1004
2023-08-17,1920,1933,1900,1933,2252
2023-08-18,1933,1933,1900,1933,1902
2023-08-21,1927,1933,1927,1933,2537
2023-08-22,1980,1980,1920,1980,446
2023-08-23,1980,2067,1933,2067,957
2023-08-24,2133,2133,1980,2133,137
2023-08-25,2133,2133,2133,2133,5006
2023-08-28,2133,2133,2067,2067,45
2023-08-29,2067,2067,1980,2063,1203
2023-08-30,1980,2063,1980,2063,123
2023-08-31,1933,2063,1933,2063,837
2023-09-01,2063,2063,2063,2063,125
2023-09-04,2063,2063,2060,2060,233
2023-09-05,2033,2063,1983,2033,429
2023-09-06,1933,2070,1933,2070,9756
2023-09-07,2003,2133,2003,2133,17130
2023-09-08,2100,2133,2067,2133,122
2023-09-11,2160,2160,2007,2127,489
2023-09-12,2093,2133,2067,2100,5483
2023-09-13,2100,2100,2090,2090,213
2023-09-14,2090,2090,1933,2090,516
2023-09-15,2087,2100,1940,2067,4010
2023-09-18,2067,2067,1940,2067,270
2023-09-19,2130,2130,2117,2130,6477
2023-09-20,2133,2133,2120,2133,8459
2023-09-21,2133,2133,2100,2133,552
2023-09-22,2133,2133,2103,2133,2561
2023-09-25,2103,2133,2077,2133,8765
2023-09-26,2133,2133,2100,2100,384
2023-09-28,2100,2167,2077,2077,786
2023-09-29,2200,2200,2200,2200,809
2023-10-02,2133,2183,2100,2183,281
2023-10-03,2183,2183,2130,2183,1235
2023-10-04,2197,2197,2183,2183,272
2023-10-05,2183,2200,2180,2200,758
2023-10-06,2200,2200,2187,2187,159
2023-10-09,2200,2333,2200,2333,1349
2023-10-10,2333,2333,2167,2173,4251
2023-10-11,2147,2147,2067,2067,9080
2023-10-12,2007,2067,1913,1933,5691
2023-10-13,1933,2077,1933,2077,305
2023-10-16,2000,2200,2000,2197,18276
2023-10-17,2193,2197,2133,2197,212
2023-10-18,2133,2133,2133,2133,1202
2023-10-19,2133,2197,2067,2197,912
2023-10-20,2197,2197,2033,2077,900
2023-10-23,2067,2067,1933,2063,5225
2023-10-24,2063,2133,2063,2097,2018
2023-10-25,2133,2133,2067,2067,183
2023-10-26,2063,2100,2063,2100,969
2023-10-27,2067,2130,2063,2100,386
2023-10-30,2100,2100,2067,2100,855
2023-10-31,2100,2100,2100,2100,669
2023-11-02,2100,2133,2100,2133,330
2023-11-03,2133,2293,2133,2293,5109
2023-11-06,2293,2293,2167,2293,1058
2023-11-07,2293,2333,2133,2333,3528
2023-11-08,2327,2327,2170,2327,1368
2023-11-09,2327,2327,2167,2327,16574
2023-11-10,2327,2433,2203,2433,1977
2023-11-13,2327,2400,2327,2400,531
2023-11-14,2400,2400,2230,2300,1668
2023-11-16,2200,2200,2130,2130,9551
2023-11-17,2130,2130,2090,2127,1589
2023-11-20,2127,2127,2100,2127,1242
2023-11-21,2123,2123,2000,2100,4196
2023-11-22,2067,2083,1953,2083,1805
2023-11-23,2083,2083,2067,2083,372
2023-11-24,2083,2130,2083,2130,435
2023-11-27,2067,2067,2033,2033,740
2023-11-28,2033,2033,2027,2033,1083
2023-11-29,2033,2067,2033,2067,767
2023-11-30,2067,2067,2033,2067,1302
2023-12-01,2033,2067,2000,2000,2831
2023-12-04,2000,2000,1970,2000,2420
2023-12-05,2000,2083,2000,2083,4922
2023-12-06,2083,2133,2083,2130,800
2023-12-07,2117,2133,2117,2133,1710
2023-12-08,2133,2200,2007,2200,1085
2023-12-11,2083,2297,2083,2297,434
2023-12-12,2267,2400,2150,2150,876
2023-12-13,2147,2150,2133,2150,491
2023-12-14,2150,2150,2133,2147,203
2023-12-15,2070,2133,2007,2133,6398
2023-12-18,2133,2133,2033,2133,23097
2023-12-19,2100,2130,2067,2130,1085
2023-12-20,2130,2130,2010,2130,717
2023-12-21,2067,2200,2067,2200,68439
2023-12-22,2133,2133,2067,2133,1394
2023-12-26,2133,2133,2073,2130,1781
2023-12-27,2130,2133,2130,2133,1418
2023-12-28,2133,2133,2077,2133,648
2023-12-29,2133,2133,2033,2133,1376
2024-01-02,2130,2133,2120,2120,264
2024-01-03,2130,2133,2120,2130,263
2024-01-04,2127,2127,2033,2120,1374
2024-01-05,2127,2127,2000,2117,5436
2024-01-08,2033,2117,2033,2033,1083
2024-01-09,2033,2113,2033,2113,191
2024-01-10,2007,2113,2000,2113,6819
2024-01-11,2003,2113,2003,2110,1434
2024-01-12,2110,2110,2000,2110,1404
2024-01-15,2100,2100,1983,2097,2339
2024-01-16,2097,2097,2000,2093,1824
2024-01-17,2097,2100,2000,2100,3227
2024-01-18,2000,2100,2000,2100,143
2024-01-19,2067,2093,2007,2093,1749
2024-01-22,2093,2100,2093,2100,848
2024-01-23,2033,2093,2033,2093,191
2024-01-24,2100,2100,2023,2100,1376
2024-01-25,2100,2110,2000,2110,2688
2024-01-26,2003,2110,2003,2110,713
2024-01-29,2100,2110,2100,2110,179
2024-01-30,2053,2110,2053,2110,381
2024-01-31,2110,2267,2000,2267,503
2024-02-01,2133,2233,2133,2167,984
2024-02-02,2137,2167,2133,2167,1173
2024-02-05,2140,2200,2133,2200,2955
2024-02-06,2133,2187,2133,2187,1598
2024-02-07,2187,2187,2033,2167,318
2024-02-08,2167,2200,2133,2200,650
2024-02-09,2067,2193,2067,2193,954
2024-02-13,2193,2193,2033,2033,3599
2024-02-14,2067,2153,2000,2153,4011
2024-02-15,2003,2153,2003,2133,198
2024-02-16,2133,2133,2033,2130,1802
2024-02-19,2100,2100,2007,2097,2028
2024-02-20,2000,2000,1997,2000,4266
2024-02-21,2000,2067,1970,2067,5216
2024-02-22,2067,2067,2067,2067,776
2024-02-23,2000,2000,1997,2000,1859
2024-02-26,2067,2067,2000,2000,1596
2024-02-27,2003,2003,2000,2000,3080
2024-02-28,2000,2050,2000,2047,1038
2024-02-29,2047,2047,2000,2047,34655
2024-03-01,2003,2030,1987,2030,9177
2024-03-04,2000,2000,1983,2000,5343
2024-03-05,2000,2000,2000,2000,1271
2024-03-06,2003,2003,2003,2003,12474
2024-03-07,2007,2050,2007,2050,3759
2024-03-08,2063,2133,2063,2130,34905
2024-03-11,2073,2127,2073,2127,2771
2024-03-12,2120,2130,2120,2120,671
2024-03-13,2123,2123,2123,2123,641
2024-03-14,2103,2103,2103,2103,987
2024-03-15,2133,2133,2103,2130,3162
2024-03-18,2133,2133,2107,2133,393
2024-03-19,2107,2167,2107,2167,1941
2024-03-20,2133,2197,2133,2197,2400
2024-03-21,2140,2193,2053,2057,7118
2024-03-22,2100,2167,2100,2167,215
2024-03-25,2200,2200,2103,2167,4122
2024-03-26,2197,2200,2167,2200,2468
2024-03-27,2203,2267,2200,2260,2252
2024-03-28,2260,2267,2200,2267,1016
2024-03-29,2263,2267,2263,2267,239
2024-04-02,2267,2330,2267,2317,3407
2024-04-03,2307,2330,2307,2323,495
2024-04-04,2320,2323,2260,2260,2945
2024-04-05,2260,2260,2247,2250,1290
2024-04-08,2250,2250,2200,2200,2211
2024-04-09,2247,2253,2247,2253,1158
2024-04-11,2260,2260,2233,2233,2609
2024-04-12,2260,2330,2200,2233,1968
2024-04-15,2267,2330,2237,2330,935
2024-04-16,2320,2333,2237,2333,2447
2024-04-17,2333,2393,2300,2333,40497
2024-04-18,2400,2400,2333,2383,950
2024-04-19,2383,2383,2337,2337,528
2024-04-22,2333,2333,2300,2333,3720
2024-04-23,2400,2400,2400,2400,213
2024-04-24,2400,2400,2333,2400,1278
2024-04-25,2363,2400,2363,2373,5766
2024-04-26,2373,2433,2373,2433,23022
2024-04-29,2400,2467,2390,2390,2124
2024-04-30,2413,2413,2390,2400,3237
2024-05-02,2400,2433,2363,2433,2207
2024-05-03,2433,2500,2433,2433,3447
2024-05-06,2500,2567,2433,2500,1172
2024-05-07,2500,2653,2500,2567,2045
2024-05-08,2537,2600,2537,2600,624
2024-05-10,2600,2667,2600,2667,474
2024-05-13,2657,2657,2533,2533,8328
2024-05-14,2533,2667,2533,2567,797
2024-05-15,2567,2627,2567,2567,482
2024-05-16,2533,2533,2500,2533,1877
2024-05-17,2500,2567,2500,2567,5264
2024-05-21,2570,2600,2570,2570,455
2024-05-22,2600,2600,2567,2600,722
2024-05-23,2573,2600,2573,2573,387
2024-05-24,2573,2630,2567,2617,1388
2024-05-27,2617,2630,2617,2630,851
2024-05-28,2663,2667,2570,2570,563
2024-05-29,2597,2663,2570,2617,764
2024-05-30,2657,2663,2633,2633,9603
2024-05-31,2633,2637,2600,2600,2082
2024-06-03,2600,2660,2600,2660,2187
2024-06-04,2667,2667,2633,2637,2583
2024-06-05,2637,2667,2633,2640,1724
2024-06-06,2640,2667,2640,2653,1328
2024-06-07,2650,2667,2650,2653,758
2024-06-10,2667,2667,2633,2653,7764
2024-06-11,2653,2667,2653,2667,1832
2024-06-12,2667,2667,2667,2667,332
2024-06-13,2670,2670,2630,2653,9933
2024-06-14,2667,2700,2667,2700,102
2024-06-18,2700,2800,2607,2800,9447
2024-06-19,2830,2830,2597,2673,3213
2024-06-20,2667,2867,2580,2850,4521
2024-06-21,2860,2860,2800,2800,860
2024-06-24,2850,2853,2733,2733,425
2024-06-25,2667,2720,2540,2540,1376
2024-06-26,2543,2550,2533,2547,2310
2024-06-27,2643,2643,2567,2567,444
2024-06-28,2633,2640,2580,2583,1376
2024-07-01,2593,2633,2593,2593,641
2024-07-02,2593,2593,2550,2567,2571
2024-07-03,2567,2567,2553,2567,792
2024-07-04,2567,2567,2567,2567,2228
2024-07-05,2567,2567,2540,2567,654
2024-07-08,2593,2593,2540,2567,11114
2024-07-09,2567,2567,2567,2567,2427
2024-07-10,2567,2663,2567,2663,3714
2024-07-11,2663,2733,2663,2667,1037
2024-07-12,2757,2757,2667,2670,1844
2024-07-15,2673,2673,2670,2670,3531
2024-07-16,2670,2670,2670,2670,203
2024-07-17,2670,2757,2670,2670,1695
2024-07-18,2753,2753,2733,2733,216
2024-07-19,2750,2750,2670,2673,2487
2024-07-22,2677,2747,2677,2687,744
2024-07-23,2687,2743,2667,2743,12534
2024-07-24,2687,2750,2667,2733,1824
2024-07-25,2733,2733,2700,2733,1205
2024-07-26,2733,2757,2733,2740,9167
2024-07-29,2833,2943,2833,2930,4920
2024-07-30,2933,3147,2933,3133,4754
2024-07-31,3140,3233,3133,3233,17273
2024-08-01,3267,3267,3167,3227,3774
2024-08-02,3167,3263,3150,3227,4067
2024-08-05,3257,3267,3163,3167,1329
2024-08-06,3167,3173,3167,3173,816
2024-08-08,3227,3267,3167,3200,6575
2024-08-09,3330,3330,3207,3267,974
2024-08-12,3267,3300,3267,3267,3075
2024-08-13,3267,3367,3233,3367,6609
2024-08-14,3367,3617,3367,3617,5151
2024-08-16,3597,3667,3400,3660,10208
2024-08-19,3647,3647,3473,3477,833
2024-08-20,3467,3467,3217,3283,3018
2024-08-21,3220,3267,3167,3267,4898
2024-08-22,3267,3270,3260,3267,1686
2024-08-23,3267,3300,3263,3263,1301
2024-08-26,3267,3267,3200,3200,1259
2024-08-27,3260,3260,3067,3067,3851
2024-08-28,3070,3127,3070,3127,1151
2024-08-29,3135,3135,3135,3135,1
2024-08-30,3370,3370,3370,3370,215
2024-09-02,3600,3620,3600,3620,326
2024-09-03,3890,3890,3890,3890,511
2024-09-04,4175,4180,3900,3900,4431
2024-09-05,4170,4170,3970,3970,5408
2024-09-06,4155,4155,4000,4000,3981
2024-09-09,4000,4000,3700,3895,4737
2024-09-10,3800,3900,3800,3800,2159
2024-09-11,3800,3890,3700,3705,29950
2024-09-12,3880,3880,3865,3865,625
2024-09-13,3865,3900,3790,3900,5314
2024-09-16,3900,3900,3895,3900,1011
2024-09-17,3900,3900,3850,3900,577
2024-09-18,3855,3855,3795,3795,952
2024-09-19,3790,3800,3790,3790,454
2024-09-20,3800,3800,3745,3750,521
2024-09-23,3800,3800,3700,3750,1015
2024-09-24,3750,3750,3690,3750,729
2024-09-25,3750,3750,3600,3750,426
2024-09-26,3745,3745,3470,3650,224
2024-09-27,3600,3750,3380,3750,2199
2024-09-30,3750,3755,3470,3750,776
2024-10-01,3800,3800,3750,3800,575
2024-10-02,3850,3850,3515,3800,772
2024-10-03,3800,3900,3515,3900,910
2024-10-04,3800,4140,3795,4140,413
2024-10-07,4135,4135,3855,4125,348
2024-10-08,4125,4125,4100,4100,616
2024-10-09,4100,4100,3900,3900,1254
2024-10-10,4000,4000,3950,4000,2484
2024-10-11,4000,4000,3900,3975,2618
2024-10-14,3975,3975,3950,3975,1666
2024-10-15,3975,4000,3900,4000,873
2024-10-16,3950,3975,3805,3975,953
2024-10-17,3950,3950,3850,3900,2125
2024-10-18,3900,3900,3890,3895,572
2024-10-21,3895,3895,3605,3845,1474
2024-10-22,3845,3850,3845,3850,847
2024-10-23,3850,3950,3850,3850,3546
2024-10-24,3950,3950,3895,3950,1096
2024-10-25,3900,3950,3875,3950,1184
2024-10-28,3850,3950,3850,3900,1197
2024-10-29,3900,3900,3850,3900,2607
2024-10-30,3900,3900,3900,3900,1874
2024-10-31,3900,3900,3855,3900,138
2024-11-04,3900,3900,3855,3900,2068
2024-11-05,3900,3900,3890,3890,526
2024-11-06,3860,3900,3860,3875,111
2024-11-07,3860,3900,3860,3900,1322
2024-11-08,3850,3900,3825,3900,762
2024-11-11,3850,3900,3800,3800,2424
2024-11-12,3825,3900,3825,3900,755
2024-11-13,3895,3900,3825,3900,432
2024-11-14,3900,3900,3755,3900,1244
2024-11-18,3900,3900,3610,3795,1670
2024-11-19,3750,3750,3600,3700,325
2024-11-20,3600,3600,3425,3600,7165
2024-11-21,3550,3600,3500,3500,628
2024-11-22,3400,3400,3300,3395,2375
2024-11-25,3390,3390,3200,3200,3642
2024-11-26,2975,3175,2965,3095,4676
2024-11-27,3090,3095,3045,3050,949
2024-11-28,3100,3250,3050,3250,2076
2024-11-29,3250,3490,3010,3445,2512
2024-12-02,3445,3445,3190,3200,684
2024-12-03,3025,3225,3025,3200,347
2024-12-04,3200,3205,3200,3205,382
2024-12-05,3200,3200,3035,3190,707
2024-12-06,2955,3400,2955,3400,2516
2024-12-09,3400,3400,3145,3180,5344
2024-12-10,3130,3200,3000,3200,3366
2024-12-11,3200,3200,3155,3200,976
2024-12-12,3195,3200,3050,3200,1103
2024-12-13,3200,3395,3150,3395,2580
2024-12-16,3365,3365,3200,3300,17213
2024-12-17,3295,3300,3200,3300,1082
2024-12-18,3300,3300,3060,3300,1001
2024-12-19,3300,3300,3200,3205,6507
2024-12-20,3230,3230,3190,3190,8318
2024-12-23,3190,3295,3160,3290,16211
2024-12-24,3200,3300,3200,3300,2550
2024-12-26,3200,3200,3195,3200,1088
2024-12-27,3200,3200,3165,3170,1482
2024-12-30,3170,3170,3030,3150,1009
2024-12-31,3150,3150,3025,3150,886
2025-01-02,3150,3150,3100,3150,64
2025-01-03,3145,3150,3100,3150,64
2025-01-06,3145,3150,3100,3100,428
2025-01-07,3095,3095,2950,2950,8193
2025-01-08,2900,2940,2900,2940,1279
2025-01-09,2900,2915,2850,2905,1225
2025-01-10,2940,2940,2910,2940,1064
2025-01-13,2940,2940,2905,2925,368
2025-01-14,2905,3000,2900,2900,1323
2025-01-15,2925,2950,2900,2900,1722
2025-01-16,2900,2900,2750,2900,1960
2025-01-17,2900,3000,2685,3000,5656
2025-01-20,2900,2970,2775,2900,2350
2025-01-21,2995,2995,2685,2900,5276
2025-01-22,2900,2900,2685,2890,2411
2025-01-23,2850,2850,2675,2675,4221
2025-01-24,2700,2875,2700,2850,355
2025-01-27,2845,2845,2800,2800,215
2025-01-28,2800,2800,2700,2750,2115
2025-01-29,2750,2750,2740,2740,2300
2025-01-30,2750,2750,2650,2730,3192
2025-01-31,2730,2730,2700,2725,276
2025-02-03,2725,2750,2670,2740,688
2025-02-04,2800,2800,2700,2700,1193
2025-02-05,2700,2700,2690,2700,714
2025-02-06,2700,2700,2700,2700,9161
2025-02-07,2700,2700,2690,2700,3216
2025-02-10,2700,2700,2685,2700,7983
2025-02-11,2700,2700,2550,2550,12897
2025-02-12,2700,2700,2600,2700,5369
2025-02-13,2700,2800,2605,2800,4047
2025-02-14,2800,2800,2600,2800,8242
2025-02-17,2800,2800,2755,2800,215
2025-02-18,2800,2800,2750,2750,3776
2025-02-19,2780,2780,2705,2705,590
2025-02-20,2700,2780,2700,2780,1688
2025-02-21,2780,2845,2780,2780,4327
2025-02-24,2780,2780,2755,2780,1462
2025-02-25,2780,2930,2780,2805,2024
2025-02-26,2810,2930,2810,2885,1788
2025-02-27,2890,2920,2885,2920,2544
2025-02-28,2920,2945,2915,2945,1545
2025-03-03,2945,2945,2805,2930,3415
2025-03-04,2955,3050,2800,3045,9918
2025-03-05,3050,3265,3050,3260,1431
2025-03-06,3300,3420,3290,3290,1310
2025-03-07,3300,3420,3300,3400,4003
2025-03-10,3400,3415,3350,3350,1967
2025-03-11,3400,3400,3100,3300,6449
2025-03-12,3295,3300,3250,3300,1435
2025-03-13,3300,3405,3250,3405,15678
2025-03-14,3490,3490,3400,3405,1431
2025-03-17,3405,3405,3400,3400,1380
2025-03-18,3400,3475,3350,3465,2613
2025-03-19,3500,3500,3350,3465,7721
2025-03-20,3720,3720,3505,3720,13617
2025-03-21,3750,3995,3750,3995,9922
2025-03-24,3995,4025,3950,4025,7818
2025-03-25,4000,4020,3950,3950,3185
2025-03-26,3950,4000,3830,3995,3334
2025-03-28,3995,3995,3950,3950,4040
2025-04-01,3950,3950,3765,3935,3599
2025-04-02,3935,3935,3930,3930,3661
2025-04-03,3935,3950,3925,3950,1069
2025-04-04,4000,4190,4000,4105,9618
2025-04-07,4105,4255,4105,4245,7605
2025-04-08,4250,4280,4250,4280,4725
2025-04-09,4280,4325,4275,4280,2989
2025-04-10,4280,4280,4245,4270,5431
2025-04-11,4270,4270,4020,4100,7275
2025-04-14,4100,4255,4100,4100,5109
2025-04-15,4100,4200,4000,4200,12012
2025-04-16,4200,4255,4200,4255,3474
2025-04-17,4255,4265,4250,4265,2911
2025-04-18,4250,4260,4210,4210,5225
2025-04-22,4260,4265,3995,4265,157976
2025-04-23,4270,4335,4260,4300,13482
2025-04-24,4300,4300,4250,4250,3271
2025-04-25,4250,4260,4220,4260,2840
2025-04-28,4260,4260,4200,4200,21956
2025-04-29,4200,4200,4135,4150,5147
2025-04-30,4150,4200,4150,4150,1543
2025-05-02,4165,4200,4150,4200,21513
2025-05-05,4200,4200,4100,4200,6052
2025-05-06,4200,4225,4170,4170,3257
2025-05-07,4155,4200,4155,4200,2237
2025-05-08,4200,4250,4150,4195,9400
2025-05-09,4250,4250,4195,4200,12764
2025-05-12,4200,4250,4195,4210,6991
2025-05-13,4250,4250,4195,4200,10508
2025-05-14,4200,4200,4195,4200,2999
2025-05-15,4200,4200,4195,4200,16524
2025-05-16,4200,4250,4200,4245,5248
2025-05-19,4290,4300,4200,4200,24704
2025-05-20,4200,4200,4100,4200,16577
2025-05-21,4200,4200,4195,4200,4195
2025-05-22,4200,4200,4195,4200,14484
2025-05-23,4200,4250,4200,4250,6813
2025-05-26,4250,4250,4190,4200,4412
2025-05-27,4205,4300,4200,4200,10702
2025-05-28,4135,4135,3800,4090,11971
2025-05-30,4090,4090,3950,3950,4917
2025-06-02,3950,4045,3950,3990,3009
2025-06-03,4050,4050,4000,4020,3584
2025-06-04,4000,4050,3995,4050,3084
2025-06-05,4045,4045,4045,4045,1474
2025-06-10,4050,4200,4050,4195,8672
2025-06-11,4195,4195,4090,4145,12803
2025-06-12,4190,4195,4100,4100,11494
2025-06-13,4105,4150,4100,4100,7204
2025-06-16,4150,4150,4105,4150,3714
2025-06-17,4150,4150,4125,4145,2998
2025-06-18,4150,4155,4090,4155,16938
2025-06-19,4155,4155,4080,4150,7671
2025-06-20,4150,4150,4100,4150,5957
2025-06-23,4145,4145,4100,4140,10578
2025-06-24,4145,4150,4100,4100,57980
2025-06-25,4100,4140,4000,4140,20064
2025-06-26,4135,4135,4000,4100,17020
2025-06-27,4100,4100,4085,4100,11454
2025-06-30,4100,4150,4100,4140,11206
2025-07-01,4140,4280,4140,4280,14247
2025-07-02,4290,4295,4245,4250,6970
2025-07-03,4190,4200,4150,4200,12686
2025-07-04,4200,4200,4145,4200,12200
2025-07-07,4145,4200,4140,4200,13809
2025-07-08,4200,4250,4150,4200,11133
2025-07-09,4200,4200,4145,4145,11374
2025-07-10,4200,4200,4150,4150,5532
2025-07-11,4150,4200,4000,4010,25218
2025-07-14,4150,4260,4150,4250,5345
2025-07-15,4250,4290,4205,4290,3915
2025-07-16,4290,4375,4205,4340,5106
2025-07-17,4350,4450,4340,4440,3306
2025-07-18,4435,4500,4400,4470,7218
2025-07-21,4495,4495,4420,4465,6639
2025-07-22,4470,4500,4400,4400,10236
2025-07-23,4400,4400,4300,4400,6999
2025-07-24,4400,4400,4300,4350,6190
2025-07-25,4345,4345,4200,4290,8110
2025-07-28,4290,4300,4290,4300,15504
2025-07-29,4300,4500,4295,4500,11780
2025-07-30,4500,4500,4400,4400,2451
2025-07-31,4400,4400,4340,4400,3046
2025-08-01,4400,4450,4355,4445,9752
2025-08-04,4445,4445,4400,4400,2376
2025-08-05,4440,4500,4400,4500,15421
2025-08-06,4500,4500,4470,4500,756
2025-08-08,4520,4615,4520,4550,4560
2025-08-11,4580,4650,4550,4650,9226
2025-08-12,4650,4695,4620,4650,9323
2025-08-13,4650,4650,4625,4650,2857
2025-08-14,4600,4650,4600,4650,2971
2025-08-18,4620,4650,4620,4650,8884
2025-08-19,4655,4700,4650,4700,9867
2025-08-20,4700,4740,4700,4715,4169
2025-08-21,4715,4750,4695,4695,7417
2025-08-22,4715,4715,4700,4705,4817
2025-08-25,4705,4750,4700,4700,9189
2025-08-26,4700,4730,4700,4715,4121
2025-08-27,4720,4720,4715,4720,2065
2025-08-28,4720,4720,4700,4710,2864
2025-08-29,4710,4710,4700,4710,6217
2025-09-01,4710,4715,4700,4715,10697
2025-09-02,4715,4725,4715,4725,3338
2025-09-03,4725,4725,4715,4720,8020
2025-09-05,4720,4850,4720,4845,3239
2025-09-08,4850,4900,4840,4900,2628
2025-09-09,4900,5100,4900,5095,4658
2025-09-10,5100,5270,5000,5095,7176
2025-09-11,5100,5250,5095,5100,4995
2025-09-12,5100,5200,5100,5200,2164
2025-09-15,5195,5250,5195,5250,4952
2025-09-16,5295,5295,5200,5250,2410
2025-09-17,5300,5350,5200,5350,7813
2025-09-18,5350,5350,5250,5295,2749
2025-09-19,5305,5400,5305,5400,5160
2025-09-22,5400,5400,5200,5200,7079
2025-09-23,5205,5400,5205,5350,8859
2025-09-24,5300,5400,5300,5300,12167
2025-09-25,5300,5385,5300,5330,5653
2025-09-26,5340,5495,5340,5450,6203
2025-09-29,5460,5600,5460,5500,8796
2025-09-30,5600,5600,5500,5600,3680
2025-10-01,5600,5600,5595,5595,1580
2025-10-02,5590,5595,5500,5500,4022
2025-10-03,5570,5590,5500,5570,3853
2025-10-06,5550,5550,5350,5500,10040
2025-10-07,5500,5500,5350,5500,3554
2025-10-08,5500,5550,5350,5545,8202
2025-10-09,5545,5800,5545,5800,6126
2025-10-10,5795,5800,5700,5795,4638
2025-10-13,5800,5895,5700,5890,6077
2025-10-14,5885,5890,5695,5850,9257
2025-10-15,5845,5850,5600,5830,15266
2025-10-16,5875,5875,5600,5650,5091
2025-10-17,5650,5650,5590,5650,4660
2025-10-20,5605,5700,5545,5645,13631
2025-10-21,5650,5650,5495,5500,9023
2025-10-22,5500,5700,5500,5600,2549
2025-10-23,5550,5600,5450,5480,11540
2025-10-24,5465,5465,5365,5365,6761
2025-10-27,5365,5400,5365,5400,4231
2025-10-28,5400,5400,5385,5390,3280
2025-10-29,5400,5600,5400,5600,13438
2025-10-30,5500,5700,5455,5530,5272
2025-10-31,5600,5600,5455,5505,2231
2025-11-03,5405,5405,5100,5300,4362
2025-11-04,5150,5210,5050,5210,4588
2025-11-05,5250,5300,5150,5200,6831
2025-11-06,5200,5250,5200,5250,3596
2025-11-07,5300,5300,5250,5300,2897
2025-11-10,5290,5300,5290,5295,7449
2025-11-11,5300,5300,5255,5300,3236
2025-11-12,5300,5300,5295,5300,2262
2025-11-13,5200,5300,5200,5295,4851
2025-11-14,5295,5295,5255,5290,1007
2025-11-17,5285,5285,5250,5265,1726
2025-11-18,5270,5470,5270,5470,6210
2025-11-19,5470,5700,5460,5600,3486
2025-11-20,5600,5600,5505,5505,5884
2025-11-21,5600,5600,5275,5500,2763
2025-11-24,5500,5500,5300,5310,4597
2025-11-25,5500,5500,5300,5500,9403
2025-11-26,5500,5500,5425,5500,2096
2025-11-27,5500,5500,5485,5485,2686
2025-11-28,5500,5550,5485,5550,1454
2025-12-01,5525,5590,5495,5505,3811
2025-12-02,5550,5550,5400,5550,5258
2025-12-03,5550,5550,5450,5495,1868
2025-12-04,5495,5495,5450,5490,1741
2025-12-05,5495,5495,5385,5385,1899
2025-12-08,5385,5495,5385,5480,1921
2025-12-09,5480,5480,5390,5480,4142
2025-12-10,5480,5490,5400,5400,4015
2025-12-11,5485,5490,5455,5485,863
2025-12-12,5450,5475,5405,5475,2732
2025-12-15,5475,5480,5405,5450,5948
2025-12-16,5390,5400,5300,5395,4777
2025-12-17,5395,5395,5275,5300,3774
2025-12-18,5300,5300,5150,5300,7810
2025-12-19,5300,5300,5275,5290,1120
2025-12-22,5250,5270,5200,5240,2931
2025-12-23,5240,5250,5230,5235,1923
2025-12-24,5235,5250,5200,5200,3113
2025-12-26,5200,5200,5170,5195,1450
2025-12-29,5200,5200,5150,5185,2877
2025-12-30,5190,5245,5150,5150,2503
2025-12-31,5185,5245,5185,5240,3468
2026-01-02,5240,5240,5235,5235,2052
2026-01-05,5240,5240,5205,5230,1301
2026-01-06,5240,5240,5225,5230,2121
2026-01-07,5230,5240,5225,5240,2236
2026-01-08,5240,5240,5235,5240,1298
2026-01-09,5240,5240,5200,5240,4441
2026-01-12,5240,5270,5240,5270,3454
2026-01-13,5270,5400,5265,5400,7437
2026-01-14,5450,5450,5300,5380,2957
2026-01-15,5390,5400,5300,5400,3465
2026-01-16,5400,5500,5310,5450,2891
2026-01-19,5450,5650,5450,5620,1846
2026-01-20,5645,5700,5620,5680,2616
2026-01-21,5670,5695,5480,5650,8828
2026-01-22,5650,5650,5630,5650,1606
2026-01-23,5650,5650,5620,5635,1637
2026-01-26,5640,5640,5630,5635,3047
2026-01-27,5635,5635,5600,5600,2925
2026-01-28,5635,5650,5635,5640,7890
2026-01-29,5750,5750,5655,5710,6347
2026-01-30,5745,5750,5710,5750,2260
2026-02-02,5750,5830,5745,5800,6048
2026-02-03,5810,5825,5725,5740,3208
2026-02-04,5740,5830,5740,5800,2543
2026-02-05,5800,5830,5780,5830,1233
2026-02-06,5830,6000,5790,6000,5735
2026-02-09,5995,5995,5960,5980,4301
2026-02-10,5980,5980,5830,5885,17499
2026-02-11,5885,5900,5600,5900,11446
2026-02-12,5895,5895,5810,5890,3430
2026-02-13,5900,5960,5785,5955,12241
2026-02-16,5955,6000,5955,6000,4734
2026-02-17,6000,6000,5990,6000,1192
2026-02-18,5995,6025,5990,6025,7314
2026-02-19,6050,6100,6025,6030,3254
2026-02-20,6050,6100,6050,6100,1723
2026-02-23,6100,6500,6100,6300,9509
2026-02-24,6300,6325,6100,6300,4551
2026-02-25,6295,6420,6295,6400,2411
2026-02-26,6405,6600,6350,6600,4330
2026-02-27,6605,6605,6550,6600,2975
2026-03-02,6600,7095,6600,7000,6885
2026-03-03,7100,7200,7000,7200,3919
2026-03-04,7100,7100,6700,6840,6101
2026-03-05,6840,6840,6665,6750,7537
2026-03-06,6800,6900,6600,6600,5042
2026-03-09,6600,6800,6550,6800,6918
2026-03-10,6820,7010,6800,7000,9954
2026-03-11,7000,7000,6950,6995,4129
2026-03-12,6900,7000,6850,7000,9144
2026-03-13,7000,7000,6870,6890,2844
2026-03-17,6850,6855,6680,6820,5203
2026-03-18,6880,6990,6850,6900,17974
2026-03-19,6905,6905,6800,6900,4316
2026-03-23,6895,6900,6875,6890,6519
2026-03-24,6870,6890,6700,6720,7712
2026-03-25,6695,6700,6300,6400,62000
2026-03-26,6600,6600,6400,6550,14395
2026-03-27,6550,6590,6550,6590,6647
2026-03-30,6500,6595,6500,6590,11551
2026-03-31,6590,6600,6550,6600,10438
2026-04-01,6650,6800,6640,6785,3205
2026-04-02,6785,6850,6760,6850,2300
2026-04-03,6850,6880,6800,6800,1853
2026-04-07,6850,6850,6800,6800,6053
2026-04-08,6790,6800,6675,6685,5126
2026-04-09,6750,6750,6685,6700,2658
2026-04-10,6700,6700,6685,6690,3243
2026-04-13,6690,6740,6690,6730,1902
2026-04-14,6730,6785,6730,6750,4732
2026-04-15,6750,6785,6255,6750,9884
2026-04-16,6750,6795,6750,6750,7225
2026-04-17,6750,6795,6750,6795,5682
2026-04-20,6795,6800,6750,6750,7563
2026-04-21,6750,6795,6735,6790,2017
2026-04-22,6800,6840,6735,6735,9256
2026-04-23,6850,6900,6795,6800,3346
2026-04-24,6895,6900,6800,6900,2852
2026-04-27,6900,6950,6800,6950,4311
2026-04-28,6950,6950,6930,6940,1475
2026-04-29,6940,7030,6900,7000,17603
2026-04-30,7100,7100,7000,7045,6792
2026-05-04,7050,7100,7045,7100,7204
2026-05-05,7100,7225,7100,7225,12057
2026-05-06,7240,7250,7225,7225,3508
2026-05-07,7300,7385,7245,7265,4142
2026-05-08,7385,7400,7270,7390,4296
2026-05-11,7400,7450,7400,7450,9390
2026-05-12,7460,7500,7450,7500,8857
2026-05-13,7400,7555,7400,7555,11661
2026-05-15,7555,7595,7500,7595,10007
2026-05-18,7590,7700,7585,7700,17111
2026-05-19,7700,8000,7700,7900,5012
2026-05-20,7900,8050,7900,8050,3024
2026-05-21,8050,8200,8000,8000,3977
2026-05-22,8000,8000,7900,7990,4065
2026-05-26,7950,7970,7600,7745,25990
2026-05-28,7745,7750,7600,7700,13650
2026-05-29,7500,7595,7500,7545,6128
2026-06-01,7700,7700,7550,7565,6425
2026-06-02,7500,7500,7290,7290,19999
2026-06-03,7290,7550,7290,7500,6838
2026-06-04,7500,7535,7400,7450,4331
2026-06-05,7440,7440,7385,7420,4398
2026-06-08,7500,7500,7400,7450,6181
2026-06-09,7450,7450,7350,7400,10052
2026-06-10,7400,7400,7305,7350,9896
2026-06-11,7345,7350,7300,7340,10552
2026-06-12,7300,7325,7250,7325,19592
2026-06-15,7325,7325,7280,7285,6490
2026-06-16,7285,7325,7255,7285,4543
2026-06-17,7285,7400,7280,7350,37276
2026-06-18,7400,7445,7350,7400,17075
2026-06-19,7400,7445,7350,7445,8517
2026-06-22,7445,7445,7355,7395,5871
2026-06-23,7395,7440,7300,7305,11842
2026-06-24,7345,7350,7285,7300,11789
2026-06-25,7300,7350,7295,7345,7347
2026-06-26,7345,7345,7295,7295,5419
2026-06-29,7300,7350,7295,7350,6224
2026-06-30,7350,7440,7350,7440,2766
2026-07-01,7440,7450,7350,7440,5262
2026-07-02,7440,7440,7305,7305,7563
2026-07-03,7300,7350,7295,7350,10809
2026-07-06,7200,7320,7200,7300,8926
2026-07-07,7300,7300,7250,7260,7095
2026-07-08,7300,7300,7260,7290,9012
2026-07-09,7290,7300,7290,7300,13097
2026-07-10,7300,7300,7290,7300,18585
2026-07-13,7300,7320,7285,7300,49637
2026-07-14,7310,7320,7250,7315,15479
2026-07-15,7315,7320,7270,7320,18796
2026-07-16,7325,7500,7315,7400,19109
2026-07-17,7500,7800,7495,7700,4057
2026-07-20,7695,7695,7500,7550,4016
2026-07-21,7545,7545,7435,7485,2239
2026-07-22,7485,7595,7480,7495,2831
2026-07-23,7495,7600,7495,7580,2123
2026-07-24,7580,7845,7500,7845,8145
2026-07-27,7845,7900,7845,7900,4860
2026-07-28,7900,7980,7900,7945,1869
2026-07-29,7995,7995,7900,7965,3983
2026-07-30,7915,7945,7600,7700,7928
2026-07-31,7850,7850,7700,7790,3612
2026-08-03,7790,7790,7660,7685,3389
2026-08-04,7685,7700,7600,7700,6650
2026-08-05,7685,7685,7590,7600,7230
2026-08-06,7600,7710,7600,7710,1166
2026-08-10,7710,7900,7700,7750,10641
2026-08-11,7700,7750,7600,7700,10967
2026-08-12,7450,7750,7450,7690,19422
2026-08-13,7690,7740,7540,7690,11833
2026-08-14,7690,7700,7680,7700,4989
2026-08-17,7700,7800,7600,7800,18443
2026-08-18,7800,7800,7690,7800,24039
2026-08-19,7800,7900,7700,7800,26316
2026-08-20,7800,8000,7755,8000,16276
2026-08-21,8095,8290,7800,8000,23281
2026-08-24,8020,8500,8020,8500,5658
2026-08-26,8695,8750,8500,8500,7081
2026-08-27,8500,8650,8300,8445,18254
2026-08-28,8400,8400,8220,8300,11342
2026-08-31,8300,8350,8200,8295,11876
2026-09-01,8295,8300,8200,8250,26600
2026-09-02,8250,8300,8200,8240,19506
2026-09-03,8250,8300,8185,8300,12574
2026-09-04,8300,8300,8195,8240,15705
2026-09-07,8240,8290,8200,8265,9149
2026-09-08,8265,8300,8205,8275,8912
2026-09-09,8275,8300,8195,8200,16541
2026-09-10,8200,8300,8200,8300,13213
2026-09-11,8300,8300,8200,8200,7918
2026-09-14,8300,8350,8250,8350,3036
2026-09-15,8350,8350,8185,8300,21475
2026-09-16,8330,8330,8200,8250,9271
2026-09-17,8260,8260,8100,8190,19110
2026-09-18,8110,8200,8000,8050,16495
2026-09-21,8050,8050,7855,7995,9676
2026-09-22,8055,8055,7870,7990,14434
2026-09-23,7995,7995,7650,7650,13919
2026-09-24,7650,7760,7600,7760,12428
2026-09-25,7800,8100,7800,8100,24194
