Date,Open,High,Low,Close,Volume
1998-09-18,5365,5365,5365,5365,180
1998-09-21,5635,5635,5635,5635,1520
1998-09-23,5500,5500,5500,5500,1440
1998-09-25,5513,5513,5513,5513,2480
1998-09-28,5513,5513,5513,5513,80
1998-10-02,5513,5513,5513,5513,1080
1998-10-09,5800,5800,5800,5800,80
1998-10-12,5800,5800,5800,5800,20
1998-10-14,5800,5800,5800,5800,20
1998-10-16,5500,5500,5500,5500,520
1998-10-19,5900,5900,5900,5900,100
1998-10-23,5900,5900,5900,5900,200
1998-11-02,5900,5900,5900,5900,20
1998-11-04,5900,5900,5900,5900,100
1998-11-13,5458,5458,5458,5458,780
1998-11-20,5048,5048,5048,5048,820
1998-11-27,4750,4750,4750,4750,200
1998-12-02,4750,4750,4750,4750,80
1998-12-09,4750,4750,4750,4750,80
1998-12-11,4500,4500,4500,4500,140
1998-12-14,4500,4500,4500,4500,2000
1998-12-16,4500,4500,4500,4500,460
1998-12-18,4500,4500,4500,4500,160
1998-12-21,4500,4500,4500,4500,200
1998-12-23,4163,4163,4163,4163,160
1998-12-28,4163,4163,4163,4163,100
1998-12-30,4162,4162,4162,4162,4080
1999-01-08,4000,4000,4000,4000,340
1999-01-20,3925,3925,3925,3925,2000
1999-01-22,3925,3925,3925,3925,8720
1999-01-27,3925,3925,3925,3925,8780
1999-02-03,3900,3900,3900,3900,7760
1999-02-05,3900,3900,3900,3900,7280
1999-02-10,3900,3900,3900,3900,3780
1999-02-12,3900,3900,3900,3900,420
1999-02-19,3750,3750,3750,3750,480
1999-02-24,3800,3800,3800,3800,2000
1999-02-26,3800,3800,3800,3800,1520
1999-03-03,3800,3800,3800,3800,200
1999-03-05,3900,3900,3900,3900,200
1999-03-10,3800,3800,3800,3800,1000
1999-03-12,3800,3800,3800,3800,340
1999-03-17,3800,3800,3800,3800,340
1999-03-19,3800,3800,3800,3800,3340
1999-03-24,3900,3900,3900,3900,860
1999-03-26,4000,4000,4000,4000,540
1999-03-31,3900,3900,3900,3900,1100
1999-04-09,4050,4050,4050,4050,240
1999-04-12,4000,4000,4000,4000,18800
1999-04-14,3900,3900,3900,3900,3200
1999-04-16,3800,3800,3800,3800,6600
1999-04-19,3800,3800,3800,3800,8580
1999-04-21,3800,3800,3800,3800,25460
1999-04-23,3801,3801,3801,3801,1040
1999-04-26,3801,3801,3801,3801,800
1999-04-30,3805,3805,3805,3805,600
1999-05-03,3808,3808,3808,3808,600
1999-05-07,3810,3810,3810,3810,220
1999-05-10,3810,3810,3810,3810,100
1999-05-14,3900,3900,3900,3900,200
1999-05-17,4005,4005,4005,4005,640
1999-05-19,4005,4005,4005,4005,600
1999-05-21,4004,4004,4004,4004,220
1999-05-26,4005,4005,4005,4005,3660
1999-05-28,4200,4200,4200,4200,640
1999-05-31,4200,4200,4200,4200,660
1999-06-02,4250,4250,4250,4250,60000
1999-06-04,4250,4250,4250,4250,900
1999-06-07,4250,4250,4250,4250,800
1999-06-09,4300,4300,4300,4300,4300
1999-06-11,4300,4300,4300,4300,5100
1999-06-14,4500,4500,4500,4500,1094000
1999-06-18,4500,4500,4500,4500,106000
1999-06-23,4500,4500,4500,4500,880
1999-06-25,4500,4500,4500,4500,14920
1999-07-02,3900,3900,3900,3900,340
1999-07-05,3850,3850,3850,3850,200
1999-07-09,4300,4300,4300,4300,9160
1999-07-12,4500,4500,4500,4500,46800
1999-07-14,4250,4250,4250,4250,600
1999-07-16,4250,4250,4250,4250,800
1999-07-19,4250,4250,4250,4250,720
1999-07-21,4075,4075,4075,4075,800
1999-07-23,4250,4250,4250,4250,2000
1999-07-28,4300,4300,4300,4300,5080
1999-07-30,4300,4300,4300,4300,1680
1999-08-06,4500,4500,4500,4500,40000
1999-08-11,4301,4301,4301,4301,420
1999-08-13,4301,4301,4301,4301,100
1999-08-16,4335,4335,4335,4335,340
1999-08-18,4335,4335,4335,4335,200
1999-08-20,4325,4325,4325,4325,740
1999-08-27,4330,4330,4330,4330,1000
1999-09-01,4350,4350,4350,4350,580
1999-09-03,4350,4350,4350,4350,460
1999-09-06,4420,4420,4420,4420,14780
1999-09-08,4420,4420,4420,4420,4040
1999-09-10,4400,4400,4400,4400,600
1999-09-13,4405,4405,4405,4405,1880
1999-09-15,4400,4400,4400,4400,300
1999-09-17,4400,4400,4400,4400,600
1999-09-24,4400,4400,4400,4400,140
1999-09-27,4400,4400,4400,4400,1160
1999-09-29,4400,4400,4400,4400,1620
1999-10-01,4400,4400,4400,4400,2160
1999-10-04,4400,4400,4400,4400,3500
1999-10-06,4400,4400,4400,4400,4180
1999-10-08,4400,4400,4400,4400,5000
1999-10-15,4400,4400,4400,4400,140
1999-10-18,4400,4400,4400,4400,100
1999-10-20,4400,4400,4400,4400,80
1999-11-05,4300,4300,4300,4300,160
1999-11-17,4200,4200,4200,4200,640
1999-11-19,4200,4200,4200,4200,820
1999-11-22,4200,4200,4200,4200,200
1999-11-24,4200,4200,4200,4200,520
1999-11-29,4200,4200,4200,4200,100
1999-12-01,4200,4200,4200,4200,300
1999-12-17,4150,4150,4150,4150,1940
1999-12-29,4150,4150,4150,4150,40
2000-01-12,4050,4050,4050,4050,420
2000-01-17,4000,4000,4000,4000,760
2000-01-19,4000,4000,4000,4000,34000
2000-01-21,3925,3925,3925,3925,380
2000-01-24,3925,3925,3925,3925,100
2000-01-26,3631,3631,3631,3631,1340
2000-02-02,3375,3375,3375,3375,700
2000-02-04,3450,3450,3450,3450,12000
2000-02-07,3375,3375,3375,3375,3040
2000-02-09,3375,3375,3375,3375,2200
2000-02-11,3375,3375,3375,3375,780
2000-02-14,3375,3375,3375,3375,100
2000-02-16,3400,3400,3400,3400,1800
2000-02-18,3375,3375,3375,3375,740
2000-02-23,3375,3375,3375,3375,140
2000-02-28,3390,3390,3390,3390,3480
2000-03-01,3450,3450,3450,3450,2320
2000-03-06,3450,3450,3450,3450,280
2000-03-08,3460,3460,3460,3460,240
2000-03-10,3450,3450,3450,3450,1180
2000-03-13,3450,3450,3450,3450,20
2000-03-15,3450,3450,3450,3450,420
2000-03-17,3450,3450,3450,3450,27160
2000-03-20,3500,3500,3500,3500,6400
2000-03-22,3750,3750,3750,3750,5020
2000-03-29,3600,3600,3600,3600,26900
2000-03-31,3600,3600,3600,3600,171820
2000-04-03,3800,3800,3800,3800,8000
2000-04-07,3775,3775,3775,3775,3840
2000-04-10,3790,3790,3790,3790,800
2000-04-14,3790,3790,3790,3790,560
2000-04-19,3790,3790,3790,3790,3200
2000-04-21,3791,3791,3791,3791,360
2000-04-28,3800,3800,3800,3800,640
2000-05-03,3800,3800,3800,3800,120
2000-05-05,3800,3800,3800,3800,1280
2000-05-08,3800,3800,3800,3800,360
2000-05-10,3800,3800,3800,3800,1240
2000-05-12,3791,3791,3791,3791,900
2000-05-15,3791,3791,3791,3791,2240
2000-05-17,3791,3791,3791,3791,100
2000-05-19,3791,3791,3791,3791,2920
2000-05-22,3791,3791,3791,3791,20
2000-05-24,3791,3791,3791,3791,20
2000-06-09,3791,3791,3791,3791,100
2000-07-03,3800,3800,3800,3800,8000
2000-07-07,3650,3650,3650,3650,260
2000-07-10,3650,3650,3650,3650,96200
2000-07-12,3800,3800,3800,3800,108000
2000-07-14,3825,3825,3825,3825,700
2000-07-17,3825,3825,3825,3825,211360
2000-07-19,3650,3650,3650,3650,10000
2000-07-21,3600,3600,3600,3600,980
2000-07-26,3625,3625,3625,3625,36680
2000-07-28,3896,3896,3896,3896,110480
2000-07-31,3925,3925,3925,3925,2320
2000-08-04,3653,3653,3653,3653,1240
2000-08-09,3653,3653,3653,3653,1000
2000-08-11,3650,3650,3650,3650,7320
2000-08-14,3650,3650,3650,3650,960
2000-08-18,3650,3650,3650,3650,2360
2000-08-21,3650,3650,3650,3650,240
2000-08-23,3650,3650,3650,3650,7600
2000-08-28,3924,3924,3924,3924,49500
2000-08-30,3900,3900,3900,3900,400
2000-09-01,3925,3925,3925,3925,62420
2000-09-08,3850,3850,3850,3850,360
2000-09-15,3925,3925,3925,3925,88700
2000-09-20,3925,3925,3925,3925,100
2000-09-22,3925,3925,3925,3925,140
2000-09-29,3750,3750,3750,3750,260
2000-10-02,3680,3680,3680,3680,240
2000-10-04,3650,3650,3650,3650,2380
2000-10-06,3651,3651,3651,3651,740
2000-10-09,3650,3650,3650,3650,820
2000-10-11,3650,3650,3650,3650,5120
2000-10-13,3750,3750,3750,3750,105760
2000-10-16,3750,3750,3750,3750,40
2000-10-20,3750,3750,3750,3750,260
2000-10-30,3749,3749,3749,3749,1100
2000-11-02,3749,3749,3749,3749,60
2000-11-03,3749,3749,3749,3749,880
2000-11-13,3950,3950,3950,3950,41920
2000-11-27,3950,3950,3950,3950,52860
2000-12-11,3945,3945,3945,3945,300
2000-12-13,3950,3950,3950,3950,34100
2000-12-20,3950,3950,3950,3950,280
2000-12-22,3950,3950,3950,3950,200
2000-12-26,3950,3950,3950,3950,80
2001-01-12,3950,3950,3950,3950,17900
2001-01-26,3750,3750,3750,3750,640
2001-01-29,3750,3750,3750,3750,620
2001-02-02,3750,3750,3750,3750,1100
2001-02-05,3750,3750,3750,3750,1200
2001-02-07,3750,3750,3750,3750,240
2001-02-09,3750,3750,3750,3750,60
2001-02-19,3750,3750,3750,3750,100
2001-02-21,3850,3850,3850,3850,4020
2001-02-26,3850,3850,3850,3850,60
2001-02-28,3850,3850,3850,3850,200
2001-03-02,3850,3850,3850,3850,260
2001-03-06,3850,3850,3850,3850,800
2001-03-09,3850,3850,3850,3850,9300
2001-03-14,3925,3925,3925,3925,2980
2001-03-19,3925,3925,3925,3925,400
2001-03-21,3925,3925,3925,3925,460
2001-03-23,3925,3925,3925,3925,140
2001-03-28,3925,3925,3925,3925,880
2001-03-30,3925,3925,3925,3925,1780
2001-04-06,3900,3900,3900,3900,1000
2001-04-09,3900,3900,3900,3900,720
2001-04-13,3900,3900,3900,3900,2800
2001-04-18,3900,3900,3900,3900,280
2001-04-20,3900,3900,3900,3900,200
2001-04-27,3901,3901,3901,3901,6780
2001-05-02,3900,3900,3900,3900,780
2001-05-04,3900,3900,3900,3900,100
2001-05-07,3900,3900,3900,3900,100
2001-05-09,3900,3900,3900,3900,140
2001-05-11,3900,3900,3900,3900,840
2001-05-16,3900,3900,3900,3900,400
2001-05-18,3900,3900,3900,3900,200
2001-05-21,3900,3900,3900,3900,2180
2001-05-28,3900,3900,3900,3900,60
2001-05-30,3900,3900,3900,3900,260
2001-06-01,3900,3900,3900,3900,480
2001-06-06,3900,3900,3900,3900,40
2001-06-08,3900,3900,3900,3900,320
2001-06-11,3900,3900,3900,3900,100
2001-06-13,3900,3900,3900,3900,1220
2001-06-15,3900,3900,3900,3900,680
2001-06-20,3900,3900,3900,3900,1200
2001-06-22,3900,3900,3900,3900,520
2001-06-25,3625,3625,3625,3625,300
2001-06-29,3625,3625,3625,3625,40
2001-07-06,3625,3625,3625,3625,140
2001-07-09,3625,3625,3625,3625,340
2001-07-11,3625,3625,3625,3625,3540
2001-07-18,3625,3625,3625,3625,1180
2001-07-20,3625,3625,3625,3625,220
2001-07-23,3625,3625,3625,3625,240
2001-07-25,3625,3625,3625,3625,200
2001-07-27,3625,3625,3625,3625,320
2001-08-01,3625,3625,3625,3625,2000
2001-08-03,3625,3625,3625,3625,200
2001-08-08,3625,3625,3625,3625,2180
2001-08-10,3625,3625,3625,3625,1920
2001-08-17,3625,3625,3625,3625,300
2001-08-22,3625,3625,3625,3625,100
2001-08-29,3625,3625,3625,3625,4460
2001-08-31,3625,3625,3625,3625,280
2001-09-03,3625,3625,3625,3625,80
2001-09-07,3625,3625,3625,3625,340
2001-09-10,3625,3625,3625,3625,740
2001-09-12,3625,3625,3625,3625,740
2001-09-14,3625,3625,3625,3625,600
2001-09-19,3625,3625,3625,3625,900
2001-09-26,3625,3625,3625,3625,980
2001-10-03,3625,3625,3625,3625,500
2001-10-05,3625,3625,3625,3625,620
2001-10-10,3625,3625,3625,3625,160
2001-10-12,3625,3625,3625,3625,1140
2001-10-15,3625,3625,3625,3625,960
2001-10-17,3625,3625,3625,3625,2000
2001-10-19,3625,3625,3625,3625,600
2001-10-24,3625,3625,3625,3625,600
2001-10-26,3625,3625,3625,3625,560
2001-10-31,3625,3625,3625,3625,980
2001-11-05,3625,3625,3625,3625,760
2001-11-07,3625,3625,3625,3625,200
2001-11-12,3625,3625,3625,3625,2120
2001-11-14,3625,3625,3625,3625,200
2001-11-19,3625,3625,3625,3625,300
2001-11-21,3625,3625,3625,3625,200
2001-11-23,3625,3625,3625,3625,260
2001-11-28,3625,3625,3625,3625,500
2001-12-10,3625,3625,3625,3625,6580
2001-12-11,3625,3625,3625,3625,420
2001-12-14,3625,3625,3625,3625,400
2001-12-17,3625,3625,3625,3625,300
2001-12-19,3625,3625,3625,3625,280
2001-12-21,3625,3625,3625,3625,200
2001-12-24,3625,3625,3625,3625,200
2001-12-28,3625,3625,3625,3625,3860
2001-12-31,3625,3625,3625,3625,260
2002-01-02,3625,3625,3625,3625,100
2002-01-04,3625,3625,3625,3625,220
2002-01-08,3625,3625,3625,3625,300
2002-01-15,3625,3625,3625,3625,200
2002-01-16,3625,3625,3625,3625,420
2002-01-18,3625,3625,3625,3625,1000
2002-01-21,3625,3625,3625,3625,120
2002-01-22,3625,3625,3625,3625,120
2002-01-23,3625,3625,3625,3625,120
2002-01-24,3625,3625,3625,3625,1540
2002-01-25,3625,3625,3625,3625,660
2002-01-29,3625,3625,3625,3625,400
2002-01-31,3625,3625,3625,3625,640
2002-02-05,3625,3625,3625,3625,600
2002-02-06,3625,3625,3625,3625,1000
2002-02-07,3650,3650,3650,3650,7000
2002-02-08,3650,3650,3650,3650,480
2002-02-12,3650,3650,3650,3650,220
2002-02-13,3650,3650,3650,3650,200
2002-02-14,3650,3650,3650,3650,400
2002-02-20,3650,3650,3650,3650,200
2002-02-25,3650,3650,3650,3650,60
2002-02-27,3650,3650,3650,3650,400
2002-02-28,3650,3650,3650,3650,120
2002-03-04,3650,3650,3650,3650,200
2002-03-05,3650,3650,3650,3650,300
2002-03-06,3650,3650,3650,3650,200
2002-03-08,3650,3650,3650,3650,660
2002-03-19,3650,3650,3650,3650,20
2002-03-20,3650,3650,3650,3650,100
2002-03-25,3650,3650,3650,3650,100
2002-03-28,3650,3650,3650,3650,4000
2002-04-05,3650,3650,3650,3650,60
2002-04-23,3650,3650,3650,3650,420
2002-04-24,3650,3650,3650,3650,600
2002-04-25,3650,3650,3650,3650,1100
2002-05-02,3650,3650,3650,3650,200
2002-05-14,3924,3924,3924,3924,800
2002-05-15,3924,3924,3924,3924,40
2002-06-03,3924,3924,3924,3924,60
2002-06-07,3925,3925,3925,3925,1480
2002-06-13,3925,3925,3925,3925,120
2002-06-17,3925,3925,3925,3925,400
2002-07-09,3750,3750,3750,3750,900
2002-07-10,3750,3750,3750,3750,340
2002-07-15,3750,3750,3750,3750,420
2002-07-16,3750,3750,3750,3750,40
2002-07-17,3750,3750,3750,3750,100
2002-07-25,3750,3750,3750,3750,980
2002-08-01,3750,3750,3750,3750,60
2002-08-27,3750,3750,3750,3750,140
2002-09-06,3750,3750,3750,3750,2000
2002-09-13,3750,3750,3750,3750,2000
2002-09-24,3750,3750,3750,3750,120
2002-09-26,3625,3625,3625,3625,7600
2002-09-27,3625,3625,3625,3625,220
2002-09-30,3625,3625,3625,3625,400
2002-10-01,3625,3625,3625,3625,140
2002-10-02,3625,3625,3625,3625,3080
2002-10-04,3625,3625,3625,3625,2100
2002-10-11,3625,3625,3625,3625,680
2002-10-14,3625,3625,3625,3625,9100
2002-10-15,3625,3625,3625,3625,60
2002-10-16,3625,3625,3625,3625,380
2002-10-18,3625,3625,3625,3625,1440
2002-10-22,3625,3625,3625,3625,20000
2002-10-24,3625,3625,3625,3625,300
2002-10-28,3625,3625,3625,3625,500
2002-10-29,3625,3625,3625,3625,1000
2002-10-31,3625,3625,3625,3625,40
2002-11-19,3625,3625,3625,3625,14000
2002-11-25,3675,3675,3675,3675,180
2002-12-23,3675,3675,3675,3675,100
2003-01-16,3625,3625,3625,3625,20100
2003-01-17,3625,3625,3625,3625,3220
2003-01-20,3625,3625,3625,3625,5120
2003-01-22,3638,3638,3638,3638,21480
2003-01-30,3625,3625,3625,3625,200
2003-02-04,3625,3625,3625,3625,38020
2003-02-14,3625,3625,3625,3625,120
2003-02-17,3625,3625,3625,3625,200
2003-03-13,3625,3625,3625,3625,52920
2003-03-20,3625,3625,3625,3625,340
2003-03-24,3625,3625,3625,3625,340
2003-03-31,3625,3625,3625,3625,200
2003-04-01,3625,3625,3625,3625,260
2003-04-02,3625,3625,3625,3625,240
2003-04-29,3650,3650,3650,3650,200
2003-04-30,3650,3650,3650,3650,600
2003-05-02,3650,3650,3650,3650,1260
2003-05-09,3650,3650,3650,3650,60
2003-05-20,3665,3665,3665,3665,300
2003-05-23,3650,3650,3650,3650,1000
2003-05-26,3650,3650,3650,3650,80
2003-05-28,3650,3650,3650,3650,220
2003-06-19,3625,3625,3625,3625,400
2003-06-23,3625,3625,3625,3625,20
2003-07-04,3550,3550,3550,3550,1180
2003-07-07,3600,3600,3600,3600,8400
2003-07-08,3600,3600,3600,3600,1160
2003-07-14,3600,3600,3600,3600,120
2003-07-15,3625,3625,3625,3625,2880
2003-07-16,3625,3625,3625,3625,200
2003-07-17,3625,3625,3625,3625,6060
2003-07-25,3625,3625,3625,3625,680
2003-07-29,3625,3625,3625,3625,800
2003-07-30,3625,3625,3625,3625,160
2003-08-01,3625,3625,3625,3625,200
2003-08-04,3625,3625,3625,3625,100
2003-08-05,3600,3600,3600,3600,160
2003-08-11,3625,3625,3625,3625,9000
2003-08-21,3625,3625,3625,3625,60
2003-08-26,3625,3625,3625,3625,220
2003-08-27,3625,3625,3625,3625,44180
2003-08-28,3625,3625,3625,3625,6000
2003-09-05,3600,3600,3600,3600,300
2003-09-09,3600,3600,3600,3600,1720
2003-09-17,3600,3600,3600,3600,200
2003-09-23,3600,3600,3600,3600,20
2003-09-25,3625,3625,3625,3625,200
2003-09-30,3625,3625,3625,3625,20
2003-10-02,3650,3650,3650,3650,1040
2003-10-03,3650,3650,3650,3650,660
2003-10-06,3650,3650,3650,3650,200
2003-10-09,3625,3625,3625,3625,220
2003-10-10,3625,3625,3625,3625,200
2003-10-13,3625,3625,3625,3625,40
2003-10-21,3625,3625,3625,3625,1000
2003-10-24,3625,3625,3625,3625,160
2003-11-04,3625,3625,3625,3625,1580
2003-11-05,3625,3625,3625,3625,20
2003-11-07,3625,3625,3625,3625,340
2003-11-13,3625,3625,3625,3625,20
2003-11-21,3625,3625,3625,3625,40
2003-11-26,3625,3625,3625,3625,280
2003-12-17,3625,3625,3625,3625,4240
2003-12-22,3625,3625,3625,3625,2320
2003-12-23,3625,3625,3625,3625,100
2003-12-26,3625,3625,3625,3625,440
2003-12-29,3625,3625,3625,3625,80
2004-01-02,3625,3625,3625,3625,100
2004-01-06,3625,3625,3625,3625,140
2004-01-28,3625,3625,3625,3625,6320
2004-01-29,3625,3625,3625,3625,140
2004-02-02,3625,3625,3625,3625,40
2004-02-06,3625,3625,3625,3625,20
2004-02-09,3625,3625,3625,3625,380
2004-03-18,3625,3625,3625,3625,40
2004-03-30,3500,3500,3500,3500,20560
2004-03-31,3500,3500,3500,3500,500
2004-04-07,3500,3500,3500,3500,40
2004-04-29,3500,3500,3500,3500,380
2004-05-06,3500,3500,3500,3500,1380
2004-05-12,3500,3500,3500,3500,200
2004-05-13,3500,3500,3500,3500,220
2004-06-01,3750,3750,3750,3750,20040
2004-06-09,3700,3700,3700,3700,400
2004-06-14,3700,3700,3700,3700,200
2004-06-22,3700,3700,3700,3700,900
2004-06-24,3750,3750,3750,3750,300
2004-06-28,3750,3750,3750,3750,1220
2004-07-02,3750,3750,3750,3750,380
2004-07-06,3750,3750,3750,3750,1000
2004-07-28,3750,3750,3750,3750,20
2004-08-17,3625,3625,3625,3625,320
2004-08-20,3600,3600,3600,3600,180
2004-08-31,3600,3600,3600,3600,5800
2004-09-01,3600,3600,3600,3600,360
2004-09-02,3600,3600,3600,3600,9720
2004-09-06,3600,3600,3600,3600,360
2004-09-07,3600,3600,3600,3600,440
2004-09-08,3600,3600,3600,3600,240
2004-09-10,3600,3600,3600,3600,20
2004-09-20,3500,3500,3500,3500,200
2004-09-22,3500,3500,3500,3500,40
2004-09-23,3500,3500,3500,3500,40
2004-09-29,3600,3600,3600,3600,160
2004-10-01,3600,3600,3600,3600,2300
2004-10-05,3600,3600,3600,3600,60
2004-10-11,3600,3600,3600,3600,280
2004-10-15,3600,3600,3600,3600,20
2004-10-20,3600,3600,3600,3600,160
2004-10-21,3600,3600,3600,3600,20
2004-11-30,3575,3575,3575,3575,1360
2004-12-01,3575,3575,3575,3575,320
2004-12-03,3575,3575,3575,3575,1520
2004-12-29,3560,3560,3560,3560,280
2005-01-25,3300,3300,3300,3300,180
2005-01-27,3250,3250,3250,3250,400
2005-01-28,3250,3250,3250,3250,20
2005-02-04,3250,3250,3250,3250,40
2005-03-01,3250,3250,3250,3250,2140
2005-03-02,3250,3250,3250,3250,1580
2005-03-15,3250,3250,3250,3250,340
2005-03-16,3250,3250,3250,3250,120
2005-03-18,3250,3250,3250,3250,500
2005-03-22,3250,3250,3250,3250,140
2005-03-25,3250,3250,3250,3250,500
2005-03-31,3250,3250,3250,3250,1680
2005-04-04,3250,3250,3250,3250,120
2005-04-15,3300,3300,3300,3300,1800
2005-04-18,3300,3300,3300,3300,500
2005-04-25,3300,3300,3300,3300,300
2005-04-29,3300,3300,3300,3300,40
2005-05-06,3300,3300,3300,3300,140
2005-05-13,3300,3300,3300,3300,400
2005-05-18,3300,3300,3300,3300,60
2005-05-19,3300,3300,3300,3300,20
2005-05-23,3300,3300,3300,3300,60
2005-06-21,2950,2950,2950,2950,180
2005-06-23,2950,2950,2950,2950,140
2005-06-29,2950,2950,2950,2950,20
2005-07-11,2950,2950,2950,2950,280
2005-07-15,2950,2950,2950,2950,100
2005-07-27,2950,2950,2950,2950,60
2005-08-17,2900,2900,2900,2900,200
2005-08-30,2795,2795,2795,2795,160
2005-09-01,2700,2700,2700,2700,320
2005-09-13,2700,2700,2700,2700,20
2005-09-23,2550,2550,2550,2550,160
2005-10-18,2450,2450,2450,2450,200
2005-10-19,2400,2400,2400,2400,400
2005-11-08,2400,2400,2400,2400,40
2005-11-18,2400,2400,2400,2400,5000
2005-12-06,2400,2400,2400,2400,2900
2005-12-08,2400,2400,2400,2400,220
2005-12-13,2400,2400,2400,2400,1120
2005-12-22,2580,2580,2580,2580,207700
2005-12-23,2580,2580,2580,2580,100
2006-01-09,2580,2580,2580,2580,40
2006-03-08,2350,2350,2350,2350,160
2006-03-10,2345,2345,2345,2345,300
2006-05-10,1950,1950,1950,1950,300
2006-05-11,1850,1850,1850,1850,1700
2006-05-17,1750,1750,1750,1750,300
2006-05-18,1619,1619,1619,1619,460
2006-05-19,1600,1600,1600,1600,620
2006-05-22,1600,1600,1600,1600,20
2006-05-24,1475,1475,1475,1475,1140
2006-05-26,1475,1475,1475,1475,300
2006-05-30,1473,1473,1473,1473,700
2006-06-02,1450,1450,1450,1450,400
2006-06-06,1450,1450,1450,1450,20
2006-06-12,1440,1440,1440,1440,200
2006-06-14,1250,1250,1250,1250,840
2006-06-15,1250,1250,1250,1250,140
2006-06-19,1250,1250,1250,1250,3300
2006-06-20,1250,1250,1250,1250,40
2006-06-21,1225,1225,1225,1225,880
2006-06-23,1250,1250,1250,1250,300
2006-06-26,1200,1200,1200,1200,1500
2006-06-27,1200,1200,1200,1200,100
2006-06-29,1200,1200,1200,1200,640
2006-06-30,1200,1200,1200,1200,620
2006-07-03,1200,1200,1200,1200,60
2006-07-05,1200,1200,1200,1200,420
2006-07-11,1290,1290,1290,1290,200
2006-07-13,1300,1300,1300,1300,200
2006-07-14,1300,1300,1300,1300,340
2006-07-17,1295,1295,1295,1295,720
2006-07-18,1250,1250,1250,1250,600
2006-07-19,1200,1200,1200,1200,260
2006-07-20,1250,1250,1250,1250,1080
2006-07-25,1250,1250,1250,1250,300
2006-08-01,1252,1252,1252,1252,320
2006-08-04,1256,1256,1256,1256,160
2006-08-18,1375,1375,1375,1375,440
2006-08-21,1385,1385,1385,1385,1500
2006-08-22,1489,1489,1489,1489,480
2006-08-24,1489,1489,1489,1489,60
2006-08-25,1500,1500,1500,1500,300
2006-08-28,1503,1503,1503,1503,200
2006-09-06,1511,1511,1511,1511,640
2006-09-11,1525,1525,1525,1525,1140
2006-09-19,1575,1575,1575,1575,680
2006-09-20,1585,1585,1585,1585,200
2006-09-21,1585,1585,1585,1585,80
2006-09-22,1585,1585,1585,1585,20
2006-10-03,1600,1600,1600,1600,240
2006-10-04,1600,1600,1600,1600,80
2006-10-05,1703,1703,1703,1703,800
2006-10-13,1825,1825,1825,1825,740
2006-10-17,1900,1900,1900,1900,160000
2006-10-18,1900,1900,1900,1900,340
2006-10-20,2005,2005,2005,2005,520
2006-10-26,2065,2065,2065,2065,600
2006-10-27,2065,2065,2065,2065,20
2006-11-03,2065,2065,2065,2065,20
2006-11-13,2100,2100,2100,2100,520
2006-11-14,2125,2125,2125,2125,900
2006-11-21,2125,2125,2125,2125,200
2006-11-22,2130,2130,2130,2130,1800
2006-11-24,2130,2130,2130,2130,500
2006-12-04,2130,2130,2130,2130,60
2006-12-05,2130,2130,2130,2130,120
2006-12-06,2130,2130,2130,2130,480
2006-12-08,2130,2130,2130,2130,500
2006-12-11,2130,2130,2130,2130,120
2006-12-12,2130,2130,2130,2130,120
2006-12-14,2130,2130,2130,2130,300
2006-12-15,2130,2130,2130,2130,300
2006-12-19,2130,2130,2130,2130,200
2006-12-20,2130,2130,2130,2130,120
2006-12-22,2130,2130,2130,2130,80
2006-12-29,2130,2130,2130,2130,220
2007-01-19,2000,2000,2000,2000,480
2007-01-22,2000,2000,2000,2000,40
2007-01-23,2000,2000,2000,2000,160
2007-01-24,2000,2000,2000,2000,820
2007-01-25,2000,2000,2000,2000,420
2007-02-02,2000,2000,2000,2000,100
2007-02-06,2000,2000,2000,2000,20
2007-02-08,2000,2000,2000,2000,20
2007-02-09,2000,2000,2000,2000,140
2007-02-13,2000,2000,2000,2000,100
2007-02-15,2000,2000,2000,2000,160
2007-02-16,2000,2000,2000,2000,2240
2007-02-19,2000,2000,2000,2000,2380
2007-02-21,2000,2000,2000,2000,60
2007-02-23,2000,2000,2000,2000,420
2007-02-26,2000,2000,2000,2000,60
2007-03-02,2050,2050,2050,2050,1200
2007-03-06,2050,2050,2050,2050,60
2007-03-07,2050,2050,2050,2050,1020
2007-03-12,2050,2050,2050,2050,100
2007-03-14,2153,2153,2153,2153,460
2007-03-22,2314,2314,2314,2314,260
2007-03-23,2314,2314,2314,2314,1300
2007-03-27,2314,2314,2314,2314,100
2007-03-28,2315,2315,2315,2315,160
2007-03-30,2315,2315,2315,2315,600
2007-04-04,2315,2315,2315,2315,200
2007-04-06,2375,2375,2375,2375,440
2007-04-11,2375,2375,2375,2375,20
2007-04-19,2375,2375,2375,2375,300
2007-04-25,2500,2500,2500,2500,620
2007-05-03,2400,2400,2400,2400,160
2007-05-04,2405,2405,2405,2405,160
2007-05-08,2405,2405,2405,2405,880
2007-05-15,2501,2501,2501,2501,1020
2007-05-16,2501,2501,2501,2501,20
2007-05-18,2501,2501,2501,2501,640
2007-05-24,2775,2775,2775,2775,1340
2007-05-25,2975,2975,2975,2975,1300
2007-05-31,2975,2975,2975,2975,100
2007-06-01,3198,3198,3198,3198,420
2007-06-04,2975,2975,2975,2975,220
2007-06-05,3000,3000,3000,3000,400
2007-06-07,3000,3000,3000,3000,200
2007-06-13,3000,3000,3000,3000,100
2007-06-14,3000,3000,3000,3000,3720
2007-06-15,3225,3225,3225,3225,260
2007-06-18,3400,3400,3400,3400,1000
2007-06-19,3400,3400,3400,3400,1000
2007-06-21,3500,3500,3500,3500,200
2007-06-22,3500,3500,3500,3500,280
2007-06-26,3250,3250,3250,3250,1020
2007-06-27,3250,3250,3250,3250,180
2007-06-29,3250,3250,3250,3250,200
2007-07-04,3500,3500,3500,3500,900
2007-07-10,3500,3500,3500,3500,1460
2007-07-12,3500,3500,3500,3500,560
2007-07-16,3500,3500,3500,3500,400
2007-07-26,3500,3500,3500,3500,400
2007-07-27,3500,3500,3500,3500,300
2007-07-31,3500,3500,3500,3500,120
2007-08-02,3500,3500,3500,3500,100
2007-08-03,3500,3500,3500,3500,200
2007-08-08,3500,3500,3500,3500,400
2007-08-09,3500,3500,3500,3500,200
2007-08-10,3525,3525,3525,3525,2180
2007-08-13,3525,3525,3525,3525,260
2007-08-21,3300,3300,3300,3300,300
2007-08-23,3300,3300,3300,3300,560
2007-08-24,3300,3300,3300,3300,60
2007-08-27,3300,3300,3300,3300,100
2007-08-28,3300,3300,3300,3300,300
2007-09-03,3300,3300,3300,3300,300
2007-09-05,3300,3300,3300,3300,320
2007-09-11,3300,3300,3300,3300,1900
2007-09-19,3300,3300,3300,3300,80
2007-09-25,3301,3301,3301,3301,600
2007-10-01,3300,3300,3300,3300,1500
2007-10-02,3301,3301,3301,3301,200
2007-10-08,3300,3300,3300,3300,220
2007-10-11,3300,3300,3300,3300,20
2007-10-16,3325,3325,3325,3325,200
2007-10-19,3325,3325,3325,3325,120
2007-10-26,3325,3325,3325,3325,500
2007-10-31,3325,3325,3325,3325,280
2007-11-02,3325,3325,3325,3325,80
2007-11-06,3325,3325,3325,3325,180
2007-11-07,3300,3300,3300,3300,1500
2007-11-08,3300,3300,3300,3300,180
2007-11-13,3300,3300,3300,3300,200
2007-11-16,3300,3300,3300,3300,20
2007-11-21,3548,3548,3548,3548,200
2007-11-22,3500,3500,3500,3500,160
2007-11-27,3500,3500,3500,3500,300
2007-11-29,3320,3320,3320,3320,180
2007-12-05,3320,3320,3320,3320,20
2007-12-07,3320,3320,3320,3320,180
2007-12-10,3320,3320,3320,3320,200
2007-12-14,3320,3320,3320,3320,20160
2007-12-21,3350,3350,3350,3350,400
2007-12-26,3320,3320,3320,3320,420
2007-12-28,3320,3320,3320,3320,20
2008-01-08,3320,3320,3320,3320,100
2008-01-11,3320,3320,3320,3320,100
2008-01-16,3320,3320,3320,3320,105600
2008-01-17,3320,3320,3320,3320,4800
2008-01-29,3335,3335,3335,3335,180
2008-02-06,3335,3335,3335,3335,200
2008-02-11,3335,3335,3335,3335,80
2008-02-12,3335,3335,3335,3335,80
2008-02-18,3335,3335,3335,3335,100
2008-02-20,3335,3335,3335,3335,580
2008-03-04,3335,3335,3335,3335,820
2008-03-06,3335,3335,3335,3335,1020
2008-03-17,3335,3335,3335,3335,120
2008-03-18,3550,3550,3550,3550,180
2008-03-26,3550,3550,3550,3550,180
2008-03-31,3550,3550,3550,3550,20
2008-04-02,3585,3585,3585,3585,400
2008-04-08,3585,3585,3585,3585,2160
2008-04-10,3600,3600,3600,3600,260
2008-04-15,3600,3600,3600,3600,2660
2008-04-21,3600,3600,3600,3600,20
2008-04-24,3600,3600,3600,3600,1000
2008-05-02,3600,3600,3600,3600,20
2008-05-06,3600,3600,3600,3600,200
2008-05-19,3600,3600,3600,3600,880
2008-05-20,3600,3600,3600,3600,260
2008-05-23,3600,3600,3600,3600,300
2008-06-02,3625,3625,3625,3625,500
2008-06-05,3600,3600,3600,3600,19980
2008-06-09,3600,3600,3600,3600,260
2008-06-10,3600,3600,3600,3600,20
2008-06-16,3600,3600,3600,3600,220
2008-06-17,3600,3600,3600,3600,40
2008-06-24,3615,3615,3615,3615,1940
2008-06-27,3615,3615,3615,3615,140
2008-07-02,3700,3700,3700,3700,200
2008-07-08,3701,3701,3701,3701,720
2008-07-10,3701,3701,3701,3701,320
2008-07-15,3900,3900,3900,3900,11200
2008-07-21,3900,3900,3900,3900,800
2008-07-22,3900,3900,3900,3900,100
2008-07-23,3900,3900,3900,3900,360
2008-07-25,3900,3900,3900,3900,40
2008-07-29,3900,3900,3900,3900,80
2008-08-01,3900,3900,3900,3900,20
2008-08-04,3900,3900,3900,3900,240
2008-08-06,4000,4000,4000,4000,160
2008-08-08,3900,3900,3900,3900,3000
2008-08-11,3900,3900,3900,3900,440
2008-08-12,3900,3900,3900,3900,220
2008-08-18,4000,4000,4000,4000,260
2008-08-21,4000,4000,4000,4000,3920
2008-08-28,4000,4000,4000,4000,40
2008-08-29,4000,4000,4000,4000,720
2008-09-01,4050,4050,4050,4050,1460
2008-09-02,4050,4050,4050,4050,620
2008-09-04,4050,4050,4050,4050,60
2008-09-05,4050,4050,4050,4050,500
2008-09-09,4050,4050,4050,4050,200
2008-09-10,4050,4050,4050,4050,380
2008-09-11,4060,4060,4060,4060,800
2008-09-12,4060,4060,4060,4060,1180
2008-09-16,4060,4060,4060,4060,600
2008-09-19,4060,4060,4060,4060,440
2008-09-22,4060,4060,4060,4060,300
2008-09-26,4050,4050,4050,4050,840
2008-09-29,4050,4050,4050,4050,1320
2008-10-01,4050,4050,4050,4050,300
2008-10-02,4050,4050,4050,4050,120
2008-10-07,4050,4050,4050,4050,900
2008-10-08,4050,4050,4050,4050,20
2008-10-10,4050,4050,4050,4050,280
2008-10-13,4000,4000,4000,4000,220
2008-10-14,4000,4000,4000,4000,78380
2008-10-27,4000,4000,4000,4000,6500
2008-10-28,4000,4000,4000,4000,3360
2008-10-29,4000,4000,4000,4000,1240
2008-10-30,4000,4000,4000,4000,240
2008-10-31,4000,4000,4000,4000,1480
2008-11-03,4000,4000,4000,4000,1180
2008-11-05,4000,4000,4000,4000,500
2008-11-25,3500,3500,3500,3500,10020
2008-12-05,3500,3500,3500,3500,200
2008-12-11,3500,3500,3500,3500,20
2008-12-16,3400,3400,3400,3400,260
2008-12-24,3400,3400,3400,3400,740
2008-12-30,3400,3400,3400,3400,100
2009-01-02,3400,3400,3400,3400,200
2009-01-07,3400,3400,3400,3400,100
2009-01-08,3400,3400,3400,3400,20
2009-01-13,3400,3400,3400,3400,80
2009-01-14,3400,3400,3400,3400,20
2009-01-15,3400,3400,3400,3400,60
2009-01-16,3400,3400,3400,3400,400
2009-01-19,3400,3400,3400,3400,340
2009-01-20,3400,3400,3400,3400,100
2009-01-27,3400,3400,3400,3400,220
2009-01-28,3400,3400,3400,3400,60
2009-01-29,3400,3400,3400,3400,120
2009-01-30,3400,3400,3400,3400,140
2009-02-04,3400,3400,3400,3400,300
2009-02-05,3400,3400,3400,3400,120
2009-02-10,3401,3401,3401,3401,700
2009-02-12,3401,3401,3401,3401,240
2009-02-13,3401,3401,3401,3401,20
2009-02-17,3401,3401,3401,3401,440
2009-02-18,3401,3401,3401,3401,340
2009-03-02,3401,3401,3401,3401,100
2009-03-03,3151,3151,3151,3151,4260
2009-03-11,3150,3150,3150,3150,300
2009-03-24,2600,2600,2600,2600,200
2009-03-27,2550,2550,2550,2550,6160
2009-03-30,2500,2500,2500,2500,180
2009-03-31,2475,2475,2475,2475,240
2009-04-01,2475,2475,2475,2475,120
2009-04-07,2475,2475,2475,2475,120
2009-04-09,2400,2400,2400,2400,5000
2009-04-10,2400,2400,2400,2400,20
2009-04-15,2400,2400,2400,2400,40
2009-04-16,2400,2400,2400,2400,120
2009-04-17,2400,2400,2400,2400,200
2009-04-21,2400,2400,2400,2400,40
2009-04-23,2400,2400,2400,2400,60
2009-04-28,2400,2400,2400,2400,860
2009-05-04,2400,2400,2400,2400,20
2009-05-05,2400,2400,2400,2400,20
2009-05-06,2400,2400,2400,2400,740
2009-05-15,2400,2400,2400,2400,60
2009-05-19,2400,2400,2400,2400,160
2009-05-20,2400,2400,2400,2400,40
2009-06-10,2800,2800,2800,2800,620
2009-06-11,2800,2800,2800,2800,40
2009-06-12,2800,2800,2800,2800,240
2009-06-15,2800,2800,2800,2800,740
2009-06-16,2750,2750,2750,2750,280
2009-06-18,2800,2800,2800,2800,520
2009-06-19,2800,2800,2800,2800,60
2009-06-22,2800,2800,2800,2800,280
2009-06-23,2800,2800,2800,2800,1700
2009-06-24,2800,2800,2800,2800,660
2009-06-26,2800,2800,2800,2800,260
2009-07-02,2800,2800,2800,2800,60
2009-07-20,2810,2810,2810,2810,240
2009-07-21,2900,2900,2900,2900,1000
2009-07-22,2800,2800,2800,2800,500
2009-07-23,2800,2800,2800,2800,100
2009-08-04,2805,2805,2805,2805,2200
2009-08-06,2805,2805,2805,2805,140
2009-08-19,2805,2805,2805,2805,60
2009-08-20,2805,2805,2805,2805,40
2009-09-01,2810,2810,2810,2810,380
2009-09-03,2800,2800,2800,2800,1260
2009-09-04,2750,2750,2750,2750,500
2009-09-07,2850,2850,2850,2850,500
2009-09-08,2810,2810,2810,2810,320
2009-09-09,2800,2800,2800,2800,200
2009-09-11,2750,2750,2750,2750,540
2009-09-14,2750,2750,2750,2750,60
2009-09-21,2750,2750,2750,2750,240
2009-09-24,2544,2544,2544,2544,520
2009-09-25,2544,2544,2544,2544,60
2009-09-28,2544,2544,2544,2544,120
2009-10-05,2500,2500,2500,2500,420
2009-10-07,2353,2353,2353,2353,760
2009-10-08,2350,2350,2350,2350,300
2009-10-12,2350,2350,2350,2350,260
2009-10-13,2500,2500,2500,2500,94800
2009-10-14,2350,2350,2350,2350,600
2009-10-15,2350,2350,2350,2350,1120
2009-10-16,2350,2350,2350,2350,20
2009-10-19,2350,2350,2350,2350,80
2009-10-21,2350,2350,2350,2350,220
2009-10-22,2350,2350,2350,2350,160
2009-10-23,2350,2350,2350,2350,140
2009-10-26,2350,2350,2350,2350,160
2009-10-27,2350,2350,2350,2350,60
2009-10-28,2350,2350,2350,2350,60
2009-10-29,2350,2350,2350,2350,20
2009-10-30,2325,2325,2325,2325,1720
2009-11-03,2325,2325,2325,2325,1020
2009-11-04,2325,2325,2325,2325,14540
2009-11-20,2888,2888,2888,2888,1100
2009-11-24,3050,3050,3050,3050,160
2009-11-25,3050,3050,3050,3050,160
2009-11-30,3279,3279,3279,3279,360
2009-12-01,3279,3279,3279,3279,20
2009-12-03,3050,3050,3050,3050,520
2009-12-09,3050,3050,3050,3050,900
2009-12-10,3000,3000,3000,3000,180
2009-12-11,3000,3000,3000,3000,600
2009-12-14,3000,3000,3000,3000,520
2009-12-16,3000,3000,3000,3000,4120
2009-12-24,3050,3050,3050,3050,200
2009-12-28,3050,3050,3050,3050,80
2009-12-29,3051,3051,3051,3051,4200
2009-12-30,3100,3100,3100,3100,1200
2009-12-31,3100,3100,3100,3100,6000
2010-01-04,3333,3333,3333,3333,160
2010-01-05,3333,3333,3333,3333,180
2010-01-06,3333,3333,3333,3333,800
2010-01-08,3400,3400,3400,3400,1000
2010-01-12,3400,3400,3400,3400,940
2010-01-13,3500,3500,3500,3500,820
2010-01-18,3400,3400,3400,3400,4040
2010-01-19,3400,3400,3400,3400,760
2010-01-20,3400,3400,3400,3400,140
2010-01-26,3400,3400,3400,3400,10140
2010-01-27,3400,3400,3400,3400,400
2010-01-28,3400,3400,3400,3400,70000
2010-01-29,3400,3400,3400,3400,200
2010-02-02,3400,3400,3400,3400,14360
2010-02-08,3400,3400,3400,3400,20
2010-02-09,3400,3400,3400,3400,20
2010-02-11,3250,3250,3250,3250,160
2010-02-12,3250,3250,3250,3250,80
2010-02-16,3400,3400,3400,3400,11580
2010-02-23,3400,3400,3400,3400,140
2010-02-24,3400,3400,3400,3400,360
2010-03-02,3400,3400,3400,3400,420
2010-03-05,3400,3400,3400,3400,180
2010-03-12,3400,3400,3400,3400,40
2010-03-17,3400,3400,3400,3400,1360
2010-03-18,3400,3400,3400,3400,40
2010-03-19,3400,3400,3400,3400,200
2010-03-22,3400,3400,3400,3400,60
2010-03-23,3400,3400,3400,3400,19460
2010-03-24,3400,3400,3400,3400,40
2010-03-25,3400,3400,3400,3400,16940
2010-04-01,3655,3655,3655,3655,180
2010-04-12,3655,3655,3655,3655,40
2010-04-19,3655,3655,3655,3655,60
2010-04-20,3655,3655,3655,3655,380
2010-04-26,3655,3655,3655,3655,260
2010-04-27,3655,3655,3655,3655,100
2010-05-03,3655,3655,3655,3655,400
2010-05-10,3655,3655,3655,3655,200
2010-05-11,3655,3655,3655,3655,40
2010-05-18,3655,3655,3655,3655,200
2010-05-19,3655,3655,3655,3655,200
2010-05-21,3655,3655,3655,3655,1360
2010-05-25,3650,3650,3650,3650,72000
2010-05-28,3650,3650,3650,3650,20
2010-06-04,3650,3650,3650,3650,540
2010-06-07,3655,3655,3655,3655,1000
2010-06-14,3650,3650,3650,3650,28000
2010-06-21,3485,3485,3485,3485,160
2010-06-28,3224,3224,3224,3224,220
2010-07-06,2982,2982,2982,2982,1440
2010-07-13,2759,2759,2759,2759,640
2010-07-15,2552,2552,2552,2552,360
2010-07-16,2552,2552,2552,2552,100
2010-07-19,2551,2551,2551,2551,200
2010-07-22,2401,2401,2401,2401,1140
2010-07-26,2398,2398,2398,2398,6500
2010-07-27,2325,2325,2325,2325,860
2010-07-28,2151,2151,2151,2151,1240
2010-07-29,2050,2050,2050,2050,3080
2010-07-30,2151,2151,2151,2151,380
2010-08-03,2200,2200,2200,2200,2120
2010-08-04,2350,2350,2350,2350,1640
2010-08-05,2526,2526,2526,2526,800
2010-08-06,2526,2526,2526,2526,100
2010-08-10,2526,2526,2526,2526,300
2010-08-11,2526,2526,2526,2526,20
2010-08-12,2526,2526,2526,2526,1020
2010-08-17,2526,2526,2526,2526,60
2010-08-18,2526,2526,2526,2526,8040
2010-08-19,2526,2526,2526,2526,120
2010-08-23,2526,2526,2526,2526,20
2010-08-25,2625,2625,2625,2625,300
2010-08-26,2822,2822,2822,2822,300
2010-08-27,2900,2900,2900,2900,560
2010-08-30,2700,2700,2700,2700,200
2010-09-01,2700,2700,2700,2700,1040
2010-09-02,2900,2900,2900,2900,200
2010-09-07,2700,2700,2700,2700,860
2010-09-14,2700,2700,2700,2700,500
2010-09-20,2800,2800,2800,2800,2000
2010-09-21,2800,2800,2800,2800,200
2010-09-24,2900,2900,2900,2900,220
2010-09-27,2900,2900,2900,2900,100
2010-09-28,2900,2900,2900,2900,260
2010-09-30,2900,2900,2900,2900,720
2010-10-01,2900,2900,2900,2900,60
2010-10-05,2900,2900,2900,2900,120
2010-10-13,2900,2900,2900,2900,800
2010-10-14,2900,2900,2900,2900,420
2010-10-18,2900,2900,2900,2900,360
2010-10-20,2900,2900,2900,2900,2080
2010-10-21,2900,2900,2900,2900,100
2010-10-25,2900,2900,2900,2900,400
2010-10-28,3000,3000,3000,3000,200
2010-10-29,2900,2900,2900,2900,1280
2010-11-02,2900,2900,2900,2900,420
2010-11-03,2900,2900,2900,2900,600
2010-11-04,2900,2900,2900,2900,800
2010-11-10,2900,2900,2900,2900,2380
2010-11-30,2683,2683,2683,2683,160
2010-12-13,2500,2500,2500,2500,300
2010-12-15,2450,2450,2450,2450,1780
2010-12-20,2450,2450,2450,2450,16600
2010-12-23,2634,2634,2634,2634,4560
2010-12-30,2831,2831,2831,2831,1240
2011-01-05,2650,2650,2650,2650,200
2011-01-17,2650,2650,2650,2650,20
2011-01-21,2650,2650,2650,2650,40
2011-02-10,2438,2438,2438,2438,260
2011-06-03,2438,2438,2438,2438,100
2011-06-15,2438,2438,2438,2438,180
2011-07-06,2475,2475,2475,2475,1400
2011-07-07,2450,2450,2450,2450,640
2011-07-08,2450,2450,2450,2450,200
2011-07-12,2400,2400,2400,2400,200
2011-07-13,2450,2450,2450,2450,960
2011-07-19,2500,2500,2500,2500,860
2011-07-20,2500,2500,2500,2500,20
2011-07-21,2500,2500,2500,2500,140
2011-07-27,2500,2500,2500,2500,20
2011-08-09,2550,2550,2550,2550,160
2011-08-10,2500,2500,2500,2500,340
2011-08-11,2500,2500,2500,2500,940
2011-08-12,2500,2500,2500,2500,80
2011-08-22,2500,2500,2500,2500,200
2011-09-06,2450,2450,2450,2450,780
2011-09-09,2450,2450,2450,2450,300
2011-09-12,2450,2450,2450,2450,20
2011-09-14,2450,2450,2450,2450,40
2011-09-23,2450,2450,2450,2450,40
2011-10-03,2450,2450,2450,2450,21020
2011-10-18,2500,2500,2500,2500,360
2011-10-20,2500,2500,2500,2500,200
2011-10-25,2500,2500,2500,2500,40
2011-11-08,2500,2500,2500,2500,340
2011-11-17,2500,2500,2500,2500,140
2011-11-21,2500,2500,2500,2500,1240
2011-12-05,2500,2500,2500,2500,320
2011-12-06,2440,2440,2440,2440,200
2011-12-07,2440,2440,2440,2440,20
2011-12-08,2440,2440,2440,2440,20
2011-12-21,2440,2440,2440,2440,20
2011-12-22,2400,2400,2400,2400,240
2011-12-23,2400,2400,2400,2400,1820
2011-12-30,2400,2400,2400,2400,45840
2012-01-06,2400,2400,2400,2400,20
2012-01-09,2400,2400,2400,2400,80
2012-01-17,2400,2400,2400,2400,200
2012-01-24,2220,2220,2220,2220,180
2012-01-25,2150,2150,2150,2150,200
2012-01-30,2150,2150,2150,2150,20
2012-02-08,2150,2150,2150,2150,40
2012-02-20,2150,2150,2150,2150,40
2012-02-24,2150,2150,2150,2150,940
2012-02-28,2150,2150,2150,2150,20
2012-02-29,2150,2150,2150,2150,100
2012-03-06,2250,2250,2250,2250,200
2012-03-07,2400,2400,2400,2400,600
2012-03-08,2400,2400,2400,2400,20
2012-03-23,2400,2400,2400,2400,980
2012-03-26,2400,2400,2400,2400,40
2012-03-28,2400,2400,2400,2400,1000
2012-04-05,2400,2400,2400,2400,20
2012-04-20,2400,2400,2400,2400,60
2012-04-23,2300,2300,2300,2300,2160
2012-05-04,2300,2300,2300,2300,20
2012-05-14,2300,2300,2300,2300,20
2012-05-15,2300,2300,2300,2300,40
2012-05-18,2300,2300,2300,2300,120
2012-05-21,2300,2300,2300,2300,240
2012-05-23,2300,2300,2300,2300,20
2012-05-25,2300,2300,2300,2300,20
2012-06-11,2200,2200,2200,2200,160
2012-06-14,2200,2200,2200,2200,240
2012-06-15,2200,2200,2200,2200,80
2012-06-21,2200,2200,2200,2200,920
2012-06-25,2200,2200,2200,2200,700
2012-06-27,2200,2200,2200,2200,560
2012-06-28,2200,2200,2200,2200,40
2012-06-29,2200,2200,2200,2200,440
2012-07-02,2200,2200,2200,2200,200
2012-07-05,2200,2200,2200,2200,440
2012-07-06,2200,2200,2200,2200,20
2012-07-10,2200,2200,2200,2200,60
2012-07-11,2200,2200,2200,2200,80
2012-07-13,2200,2200,2200,2200,100
2012-07-23,2225,2225,2225,2225,260
2012-07-24,2200,2200,2200,2200,220
2012-07-31,2200,2200,2200,2200,200
2012-08-02,2200,2200,2200,2200,20
2012-08-09,2200,2200,2200,2200,380
2012-08-22,2200,2200,2200,2200,220
2012-08-23,2200,2200,2200,2200,200
2012-08-29,2200,2200,2200,2200,60
2012-09-03,2200,2200,2200,2200,60
2012-09-04,2200,2200,2200,2200,300
2012-09-07,2200,2200,2200,2200,20
2012-09-17,2200,2200,2200,2200,380
2012-09-18,2200,2200,2200,2200,200
2012-09-20,2200,2200,2200,2200,100
2012-09-25,2200,2200,2200,2200,200
2012-10-05,2200,2200,2200,2200,340
2012-10-15,2200,2200,2200,2200,120
2012-10-17,2200,2200,2200,2200,800
2012-10-19,2200,2200,2200,2200,20
2012-11-05,2200,2200,2200,2200,40
2012-11-16,2200,2200,2200,2200,280
2012-11-19,2200,2200,2200,2200,800
2012-11-20,2200,2200,2200,2200,620
2012-11-21,2200,2200,2200,2200,480
2012-11-28,2200,2200,2200,2200,160
2012-11-29,2200,2200,2200,2200,240
2012-11-30,2200,2200,2200,2200,300
2012-12-05,2200,2200,2200,2200,20
2012-12-10,2100,2100,2100,2100,160
2012-12-12,2100,2100,2100,2100,640
2012-12-18,2100,2100,2100,2100,80
2012-12-21,2200,2200,2200,2200,1000
2012-12-26,2200,2200,2200,2200,60
2012-12-28,2200,2200,2200,2200,300
2013-01-03,2200,2200,2200,2200,80
2013-01-07,2200,2200,2200,2200,20
2013-01-11,2200,2200,2200,2200,60
2013-01-30,2200,2200,2200,2200,40
2013-02-06,2200,2200,2200,2200,20
2013-02-08,2200,2200,2200,2200,20
2013-02-21,2225,2225,2225,2225,280
2013-02-25,2225,2225,2225,2225,1240
2013-03-14,2225,2225,2225,2225,520
2013-03-15,2225,2225,2225,2225,640
2013-04-04,2225,2225,2225,2225,140
2013-04-05,2225,2225,2225,2225,20
2013-04-10,2225,2225,2225,2225,20
2013-04-24,2225,2225,2225,2225,100
2013-04-30,2225,2225,2225,2225,20
2013-05-15,2225,2225,2225,2225,20
2013-05-16,2225,2225,2225,2225,20
2013-05-22,2225,2225,2225,2225,49400
2013-05-27,2225,2225,2225,2225,80
2013-05-29,2225,2225,2225,2225,600
2013-06-06,2225,2225,2225,2225,200
2013-06-13,2225,2225,2225,2225,5260
2013-06-14,2225,2225,2225,2225,1500
2013-06-17,2225,2225,2225,2225,340
2013-06-18,2225,2225,2225,2225,240
2013-06-20,2225,2225,2225,2225,20
2013-06-24,2225,2225,2225,2225,20
2013-07-01,2225,2225,2225,2225,180
2013-07-03,2225,2225,2225,2225,3320
2013-07-16,2225,2225,2225,2225,20
2013-07-26,2225,2225,2225,2225,1300
2013-07-29,2225,2225,2225,2225,1500
2013-07-30,2225,2225,2225,2225,900
2013-07-31,2225,2225,2225,2225,800
2013-08-02,2225,2225,2225,2225,40
2013-08-14,2225,2225,2225,2225,760
2013-08-19,2225,2225,2225,2225,20
2013-08-20,2225,2225,2225,2225,1580
2013-08-21,2228,2228,2228,2228,20860
2013-08-26,2225,2225,2225,2225,180
2013-08-27,2225,2225,2225,2225,60
2013-08-29,2225,2225,2225,2225,20
2013-09-02,2225,2225,2225,2225,740
2013-09-16,2225,2225,2058,2058,580
2013-09-17,1904,1904,1904,1904,240
2013-09-24,1900,1900,1900,1900,200
2013-09-25,1900,1900,1900,1900,100
2013-09-27,1900,1900,1900,1900,20
2013-09-30,1900,2043,1900,1929,840
2013-10-03,2073,2073,2073,2073,200
2013-10-10,2073,2073,2073,2073,20
2013-10-16,2073,2073,2073,2073,20
2013-10-18,1920,1920,1920,1920,40
2013-10-22,2050,2050,2050,2050,20
2013-10-23,2050,2050,2050,2050,100
2013-10-24,2050,2050,2050,2050,20
2013-10-25,1920,1920,1920,1920,20
2013-10-28,1920,1920,1920,1920,20
2013-10-30,1925,1925,1925,1925,1080
2013-11-04,2050,2050,2050,2050,140
2013-11-06,2050,2050,2050,2050,40
2013-11-07,2050,2050,2050,2050,20
2013-11-08,2050,2050,2050,2050,40
2013-11-11,2050,2050,2050,2050,360
2013-11-12,2204,2204,2204,2204,20
2013-11-13,2204,2204,2204,2204,20
2013-11-18,2204,2225,2204,2225,400
2013-11-19,2392,2392,2392,2392,20
2013-11-20,2392,2392,2392,2392,20
2013-11-21,2571,2571,2571,2571,80
2013-11-25,2764,2764,2764,2764,160
2013-11-26,2764,2764,2764,2764,20
2013-12-02,2800,2800,2764,2764,360
2013-12-04,2971,2971,2971,2971,220
2013-12-10,2764,2764,2764,2764,380
2013-12-11,2800,2800,2800,2800,20
2013-12-16,2800,2800,2800,2800,200
2013-12-18,2800,2900,2800,2900,5220
2013-12-20,3000,3000,3000,3000,280
2013-12-23,3060,3060,3060,3060,40
2013-12-24,3175,3175,3175,3175,260
2013-12-31,3250,3250,3250,3250,260
2014-01-03,3300,3300,3300,3300,2920
2014-01-07,3300,3300,3300,3300,40
2014-01-08,3300,3300,3300,3300,20
2014-01-14,3325,3325,3325,3325,40
2014-01-16,3350,3350,3350,3350,260
2014-01-22,3351,3351,3351,3351,240
2014-01-24,3351,3351,3351,3351,500
2014-01-27,3350,3350,3350,3350,160
2014-01-29,3350,3351,3350,3350,340
2014-02-06,3351,3351,3351,3351,20
2014-02-07,3351,3351,3351,3351,200
2014-02-14,3352,3352,3352,3352,160
2014-02-18,3603,3603,3603,3603,40
2014-02-21,3625,3625,3500,3500,220
2014-02-24,3500,3500,3500,3500,20
2014-02-25,3625,3625,3625,3625,2400
2014-02-27,3600,3600,3600,3600,20
2014-02-28,3600,3600,3593,3593,3200
2014-03-05,3450,3450,3450,3450,120
2014-03-06,3450,3450,3450,3450,440
2014-03-10,3450,3450,3450,3450,40
2014-03-12,3350,3450,3350,3450,120
2014-03-13,3325,3325,3325,3325,1900
2014-03-17,3500,3500,3500,3500,40
2014-03-25,3500,3500,3500,3500,40
2014-03-28,3500,3500,3500,3500,20
2014-03-31,3500,3580,3500,3580,1400
2014-04-01,3580,3580,3580,3580,40
2014-04-02,3580,3580,3580,3580,20
2014-04-04,3847,3847,3847,3847,20
2014-04-07,3847,3850,3847,3850,80
2014-04-11,3843,3843,3843,3843,20
2014-04-16,3843,3843,3843,3843,3000
2014-04-28,3842,3842,3842,3842,120
2014-05-02,3843,3843,3843,3843,200
2014-05-12,4000,4000,3843,3843,320
2014-05-13,3843,3843,3843,3843,40
2014-05-14,3825,3825,3825,3825,20
2014-05-16,3825,3825,3825,3825,20
2014-05-19,3820,3820,3820,3820,60
2014-05-28,3825,3825,3825,3825,80
2014-05-30,3825,3825,3825,3825,160
2014-06-02,3750,3750,3750,3750,20
2014-06-03,3750,3750,3750,3750,60
2014-06-05,3750,3750,3750,3750,20
2014-06-06,3750,3750,3750,3750,60
2014-06-11,3700,3750,3700,3750,40
2014-06-20,3700,3700,3700,3700,20
2014-06-26,3700,3700,3700,3700,20
2014-07-09,3695,3700,3695,3700,400
2014-07-16,3500,3500,3500,3500,20
2014-07-17,3300,3300,3300,3300,300
2014-07-23,3300,3300,3300,3300,20
2014-07-25,3250,3250,3250,3250,40
2014-07-30,3006,3006,3006,3006,40
2014-07-31,3000,3000,3000,3000,20
2014-08-01,2775,2775,2775,2775,60
2014-08-04,2750,2775,2750,2750,960
2014-08-05,2550,2550,2550,2550,280
2014-08-06,2550,2550,2550,2550,240
2014-08-08,2375,2375,2375,2375,20
2014-08-11,2197,2241,2197,2241,1020
2014-08-13,2255,2255,2255,2255,120
2014-08-14,2375,2375,2375,2375,320
2014-08-20,2400,2500,2400,2500,80
2014-08-21,2500,2500,2500,2500,120
2014-08-26,2500,2500,2500,2500,280
2014-09-01,2500,2500,2500,2500,1360
2014-09-03,2501,2501,2501,2501,240
2014-09-04,2525,2525,2525,2525,100
2014-09-09,2528,2550,2528,2550,340
2014-09-22,2550,2550,2550,2550,200
2014-09-25,2580,2580,2580,2580,100
2014-09-30,2590,2600,2590,2600,100
2014-10-10,2653,2653,2653,2653,20
2014-10-13,2655,2655,2653,2653,560
2014-10-15,2653,2653,2650,2650,4360
2014-10-17,2653,2653,2650,2650,320
2014-10-20,2650,2650,2650,2650,8720
2014-10-22,2650,2650,2650,2650,360
2014-10-23,2650,2650,2650,2650,9200
2014-10-28,2600,2600,2600,2600,20
2014-10-29,2595,2600,2595,2600,80
2014-10-31,2500,2650,2500,2650,280
2014-11-03,2650,2650,2650,2650,12580
2014-11-05,2650,2650,2650,2650,40
2014-11-07,2676,2676,2676,2676,100
2014-11-10,2655,2655,2655,2655,20
2014-11-19,2850,2850,2850,2850,80
2014-11-20,3000,3000,3000,3000,3000
2014-11-27,2800,2800,2800,2800,20
2014-11-28,2800,2800,2800,2800,20
2014-12-02,2800,2800,2800,2800,20
2014-12-03,2800,2800,2800,2800,60
2014-12-04,3000,3000,3000,3000,2640
2014-12-09,3225,3225,3225,3225,100
2014-12-10,3225,3225,3225,3225,1100
2014-12-12,3005,3005,3000,3000,40
2014-12-16,3000,3000,3000,3000,9460
2014-12-23,2950,2950,2950,2950,20
2014-12-26,2950,2950,2729,2729,500
2014-12-29,2750,2750,2750,2750,60
2014-12-31,2750,2750,2750,2750,60
2015-01-07,2650,2650,2650,2650,60
2015-01-08,2650,2650,2650,2650,260
2015-01-09,2650,2650,2650,2650,840
2015-01-12,2650,2650,2650,2650,100
2015-01-15,2650,2650,2650,2650,40
2015-01-21,2650,2650,2650,2650,40
2015-01-22,2650,2650,2650,2650,740
2015-01-23,2650,2650,2650,2650,800
2015-01-26,2625,2625,2625,2625,60
2015-02-02,2605,2605,2605,2605,320
2015-02-03,2650,2650,2650,2650,100
2015-02-05,2651,2651,2651,2651,480
2015-02-10,2651,2651,2651,2651,20
2015-02-13,2655,2655,2651,2651,520
2015-02-16,2651,2651,2650,2650,80
2015-02-17,2650,2650,2650,2650,1500
2015-02-18,2650,2650,2650,2650,160
2015-02-19,2650,2650,2650,2650,180
2015-02-23,2650,2650,2650,2650,220
2015-02-25,2605,2605,2605,2605,60
2015-02-26,2603,2603,2450,2450,120
2015-02-27,2450,2450,2450,2450,140
2015-03-02,2450,2450,2450,2450,40
2015-03-03,2448,2450,2448,2450,3000
2015-03-04,2450,2450,2450,2450,11060
2015-03-05,2451,2451,2450,2450,820
2015-03-06,2500,2500,2450,2450,600
2015-03-09,2450,2450,2450,2450,380
2015-03-10,2450,2450,2450,2450,20
2015-03-11,2450,2450,2450,2450,12620
2015-03-12,2450,2450,2450,2450,2440
2015-03-13,2450,2450,2450,2450,160
2015-03-16,2450,2450,2450,2450,760
2015-03-17,2450,2450,2450,2450,2500
2015-03-18,2400,2400,2400,2400,60
2015-03-19,2400,2400,2400,2400,380
2015-03-20,2400,2400,2400,2400,1980
2015-03-24,2400,2400,2400,2400,40
2015-03-25,2400,2400,2400,2400,200
2015-03-26,2398,2398,2398,2398,40
2015-03-30,2395,2395,2360,2360,6140
2015-03-31,2350,2350,2350,2350,100
2015-04-01,2350,2350,2350,2350,240
2015-04-02,2300,2300,2300,2300,100
2015-04-03,2300,2300,2300,2300,1220
2015-04-07,2250,2250,2250,2250,580
2015-04-08,2250,2250,2250,2250,40
2015-04-09,2250,2250,2250,2250,120
2015-04-10,2200,2200,2200,2200,100
2015-04-13,2300,2300,2200,2200,240
2015-04-15,2200,2250,2200,2250,640
2015-04-16,2200,2248,2200,2248,220
2015-04-17,2245,2245,2245,2245,600
2015-04-20,2205,2245,2205,2245,2180
2015-04-21,2350,2350,2350,2350,320
2015-04-22,2350,2350,2250,2250,420
2015-04-23,2350,2350,2350,2350,1100
2015-04-24,2251,2251,2251,2251,200
2015-04-27,2350,2350,2250,2250,2900
2015-04-28,2350,2350,2350,2350,20
2015-04-30,2350,2350,2350,2350,20
2015-05-08,2400,2400,2400,2400,160
2015-05-11,2400,2400,2400,2400,40
2015-05-12,2358,2358,2300,2300,160
2015-05-15,2350,2350,2350,2350,100
2015-05-20,2400,2400,2300,2300,4220
2015-05-21,2250,2250,2128,2128,5940
2015-05-22,2200,2200,2064,2064,1920
2015-05-27,2105,2105,2105,2105,760
2015-05-28,2100,2100,2100,2100,40
2015-05-29,2100,2100,2100,2100,6000
2015-06-01,2125,2125,2125,2125,3860
2015-06-02,2150,2150,2150,2150,500
2015-06-04,2150,2151,2150,2151,900
2015-06-09,2312,2312,2312,2312,200
2015-06-11,2485,2485,2485,2485,200
2015-06-12,2485,2485,2485,2485,220
2015-06-15,2671,2671,2671,2671,300
2015-06-16,2670,2670,2670,2670,540
2015-06-17,2800,2800,2800,2800,40
2015-06-18,2855,3010,2855,3010,3400
2015-06-22,2950,2950,2950,2950,20
2015-06-23,2950,2950,2729,2729,80
2015-06-24,2750,2750,2650,2650,2280
2015-06-26,2800,2800,2750,2750,60
2015-06-29,2750,2800,2750,2800,1960
2015-07-06,2750,2800,2750,2750,2040
2015-07-08,2750,2750,2750,2750,20
2015-07-09,2750,2750,2750,2750,100
2015-07-13,2750,2750,2750,2750,1020
2015-07-16,2750,2750,2750,2750,46880
2015-07-20,2800,2800,2800,2800,160
2015-07-21,2800,2850,2800,2850,260
2015-07-24,2850,2850,2850,2850,220
2015-07-29,2875,2875,2850,2850,60
2015-07-30,2860,2860,2860,2860,120
2015-07-31,2860,2860,2850,2850,2140
2015-08-03,2850,2850,2850,2850,60
2015-08-05,2850,2950,2850,2950,280
2015-08-10,2950,2950,2950,2950,85980
2015-08-11,2950,2950,2950,2950,40
2015-08-13,2950,2950,2950,2950,20
2015-08-14,2850,2850,2850,2850,400
2015-08-17,2850,2850,2850,2850,20
2015-08-18,3005,3005,3005,3005,20
2015-08-19,3005,3005,2850,2850,12600
2015-08-21,2850,2850,2850,2850,40
2015-08-24,2850,2850,2850,2850,20
2015-08-25,2850,2850,2850,2850,20
2015-08-26,2850,2850,2850,2850,40
2015-08-27,2850,2850,2850,2850,7420
2015-08-28,2850,2850,2850,2850,1140
2015-08-31,2850,2850,2850,2850,80
2015-09-02,2650,2650,2650,2650,60
2015-09-03,2750,2849,2750,2849,760
2015-09-08,2750,2750,2750,2750,60
2015-09-09,2750,2750,2750,2750,940
2015-09-10,2700,2700,2700,2700,160
2015-09-14,2725,2725,2650,2700,380
2015-09-16,2650,2650,2650,2650,60
2015-09-17,2650,2700,2650,2700,320
2015-09-18,2700,2700,2700,2700,100
2015-09-22,2650,2650,2650,2650,20
2015-09-28,2600,2600,2500,2500,5500
2015-09-29,2500,2500,2350,2350,220
2015-09-30,2350,2450,2350,2450,100
2015-10-01,2450,2450,2350,2450,880
2015-10-05,2450,2450,2450,2450,200
2015-10-07,2450,2450,2450,2450,660
2015-10-08,2450,2450,2450,2450,40
2015-10-09,2425,2450,2425,2450,2560
2015-10-12,2475,2475,2475,2475,400
2015-10-13,2450,2450,2450,2450,19100
2015-10-14,2450,2450,2450,2450,500
2015-10-15,2450,2450,2450,2450,20
2015-10-16,2450,2450,2450,2450,2460
2015-10-20,2450,2450,2450,2450,6140
2015-10-22,2475,2475,2450,2450,5880
2015-10-26,2450,2450,2450,2450,100
2015-10-27,2450,2450,2400,2400,540
2015-10-28,2451,2475,2450,2475,14400
2015-11-02,2475,2475,2475,2475,200
2015-11-03,2500,2500,2500,2500,9000
2015-11-05,2525,2525,2525,2525,20
2015-11-06,2525,2525,2525,2525,1000
2015-11-10,2550,2550,2525,2525,420
2015-11-12,2525,2525,2525,2525,20
2015-11-16,2530,2531,2500,2500,4820
2015-11-17,2500,2500,2500,2500,200
2015-11-18,2500,2500,2500,2500,3240
2015-11-19,2500,2500,2500,2500,20
2015-11-23,2500,2500,2500,2500,20
2015-11-27,2450,2450,2450,2450,100
2015-11-30,2450,2450,2450,2450,20
2015-12-02,2375,2375,2375,2375,140
2015-12-03,2376,2376,2375,2375,3160
2015-12-04,2400,2400,2400,2400,80
2015-12-07,2400,2400,2400,2400,320
2015-12-11,2450,2450,2450,2450,20
2015-12-14,2450,2450,2450,2450,4060
2015-12-17,2450,2450,2375,2375,600
2015-12-18,2500,2500,2500,2500,20
2015-12-22,2375,2375,2375,2375,140
2015-12-23,2425,2425,2425,2425,60
2015-12-28,2425,2425,2400,2400,40
2015-12-29,2375,2375,2375,2375,180
2015-12-30,2375,2375,2375,2375,220
2015-12-31,2425,2500,2425,2500,300
2016-01-04,2500,2500,2450,2450,40
2016-01-05,2500,2500,2500,2500,20
2016-01-06,2450,2450,2375,2375,260
2016-01-07,2400,2420,2375,2420,320
2016-01-08,2400,2420,2400,2420,9740
2016-01-12,2400,2400,2400,2400,200
2016-01-13,2400,2420,2400,2420,220
2016-01-18,2400,2400,2400,2400,60
2016-01-19,2380,2380,2380,2380,140
2016-01-20,2420,2420,2420,2420,20
2016-01-21,2420,2420,2420,2420,80
2016-01-22,2425,2425,2425,2425,120
2016-01-27,2425,2425,2425,2425,6000
2016-01-28,2475,2475,2475,2475,6920
2016-01-29,2500,2500,2500,2500,800
2016-02-01,2500,2500,2500,2500,180
2016-02-02,2500,2500,2500,2500,180
2016-02-04,2500,2500,2500,2500,40
2016-02-05,2500,2675,2500,2675,240
2016-02-08,2675,2675,2675,2675,80
2016-02-09,2675,2675,2650,2675,120
2016-02-11,2670,2675,2670,2675,400
2016-02-12,2675,2675,2675,2675,20
2016-02-15,2622,2622,2622,2622,300
2016-02-16,2675,2675,2675,2675,12920
2016-02-17,2800,2800,2800,2800,2000
2016-02-18,2850,3000,2850,2900,23740
2016-02-19,2900,2900,2900,2900,3580
2016-02-22,2900,2900,2900,2900,220
2016-02-29,2895,2895,2875,2895,220
2016-03-01,2850,2850,2750,2750,280
2016-03-03,2798,2798,2678,2678,60
2016-03-04,2678,2678,2544,2544,540
2016-03-07,2600,2600,2600,2600,20
2016-03-09,2600,2600,2600,2600,200
2016-03-10,2550,2550,2550,2550,60
2016-03-11,2450,2450,2400,2400,580
2016-03-14,2400,2400,2265,2265,1340
2016-03-16,2278,2278,2275,2275,400
2016-03-18,2425,2425,2425,2425,20
2016-03-22,2550,2550,2550,2550,60
2016-03-24,2500,2500,2500,2500,180
2016-03-29,2550,2550,2550,2550,340
2016-03-30,2550,2550,2550,2550,7640
2016-04-01,2725,2725,2625,2625,180
2016-04-05,2725,2725,2725,2725,200
2016-04-06,2725,2725,2600,2600,760
2016-04-07,2600,2600,2600,2600,2760
2016-04-11,2600,2600,2550,2550,100
2016-04-12,2600,2600,2600,2600,240
2016-04-13,2600,2600,2600,2600,40
2016-04-18,2575,2575,2500,2500,160
2016-04-20,2600,2600,2600,2600,20
2016-04-21,2600,2600,2600,2600,120
2016-04-22,2500,2500,2500,2500,160
2016-04-25,2500,2500,2500,2500,20
2016-04-27,2600,2600,2550,2550,360
2016-04-28,2501,2501,2501,2501,20
2016-04-29,2600,2600,2400,2400,4280
2016-05-03,2400,2500,2400,2500,60
2016-05-06,2400,2400,2400,2400,80
2016-05-09,2400,2400,2400,2400,80
2016-05-10,2355,2355,2355,2355,120
2016-05-11,2400,2400,2400,2400,20
2016-05-12,2360,2360,2360,2360,40
2016-05-13,2400,2400,2400,2400,280
2016-05-17,2355,2355,2355,2355,20
2016-05-18,2500,2500,2500,2500,340
2016-05-19,2500,2500,2500,2500,380
2016-05-20,2500,2500,2400,2400,260
2016-05-23,2500,2500,2500,2500,880
2016-05-25,2450,2450,2450,2450,240
2016-05-26,2450,2450,2450,2450,700
2016-05-30,2450,2450,2400,2400,1080
2016-05-31,2400,2400,2400,2400,1200
2016-06-01,2350,2400,2350,2400,1280
2016-06-02,2400,2400,2400,2400,40
2016-06-03,2450,2450,2450,2450,280
2016-06-06,2450,2450,2400,2450,840
2016-06-07,2445,2445,2445,2445,160
2016-06-08,2450,2450,2450,2450,1840
2016-06-09,2425,2425,2400,2400,120
2016-06-10,2400,2400,2400,2400,220
2016-06-14,2500,2500,2500,2500,20
2016-06-20,2500,2550,2500,2500,640
2016-06-21,2550,2550,2550,2550,1440
2016-06-22,2550,2550,2550,2550,80
2016-06-23,2545,2545,2545,2545,80
2016-06-24,2550,2550,2500,2500,120
2016-06-27,2550,2688,2550,2688,2500
2016-06-28,2700,2750,2700,2725,3060
2016-06-29,2750,2929,2750,2929,28960
2016-06-30,3149,3149,3149,3149,1920
2016-07-01,3385,3385,3385,3385,2120
2016-07-04,3639,3639,3639,3639,5980
2016-07-05,3911,3911,3911,3911,1820
2016-07-07,4075,4075,3638,3638,5460
2016-07-08,3385,3385,3375,3375,980
2016-07-11,3122,3122,3122,3122,120
2016-07-12,2950,2950,2888,2888,420
2016-07-13,3000,3000,3000,3000,40
2016-07-18,3001,3025,3001,3025,140
2016-07-19,3050,3050,3050,3050,820
2016-07-20,3001,3001,3001,3001,80
2016-07-21,3050,3050,3050,3050,100
2016-07-22,3050,3050,3050,3050,440
2016-07-25,3025,3025,3000,3000,1060
2016-07-26,3025,3025,3025,3025,1720
2016-07-27,3000,3000,3000,3000,20
2016-07-28,3000,3005,3000,3000,2340
2016-07-29,3000,3000,3000,3000,420
2016-08-01,3000,3000,3000,3000,40
2016-08-02,3000,3000,3000,3000,2020
2016-08-03,3000,3050,3000,3050,2140
2016-08-09,3050,3050,3050,3050,200
2016-08-10,3050,3050,3025,3025,1400
2016-08-11,3025,3025,3025,3025,400
2016-08-12,3025,3025,3025,3025,1000
2016-08-16,3025,3025,3025,3025,60
2016-08-19,3200,3200,3025,3025,500
2016-08-22,3025,3025,3025,3025,1720
2016-08-23,3050,3050,3050,3050,400
2016-08-25,3200,3200,3025,3025,1980
2016-08-26,3050,3050,3025,3025,300
2016-08-29,3025,3025,3025,3025,40
2016-08-30,3025,3025,3025,3025,80
2016-08-31,3025,3025,3025,3025,880
2016-09-01,3025,3025,3025,3025,140
2016-09-02,3010,3010,2950,2950,1320
2016-09-07,2729,2729,2729,2729,1500
2016-09-08,2690,2690,2690,2690,100
2016-09-09,2605,2605,2600,2600,5160
2016-09-13,2650,2750,2650,2750,120
2016-09-14,2750,2800,2750,2800,180
2016-09-15,2950,2950,2950,2950,140
2016-09-19,2755,2755,2750,2750,200
2016-09-20,2775,2775,2775,2775,60
2016-09-21,2567,2567,2567,2567,80
2016-09-22,2516,2516,2516,2516,80
2016-09-23,2530,2530,2530,2530,40
2016-09-26,2530,2530,2530,2530,40
2016-09-27,2540,2540,2540,2540,100
2016-09-28,2540,2540,2540,2540,500
2016-09-30,2540,2550,2540,2550,60
2016-10-03,2550,2551,2550,2551,240
2016-10-05,2650,2650,2550,2550,620
2016-10-06,2550,2550,2550,2550,200
2016-10-10,2550,2645,2550,2645,520
2016-10-11,2550,2550,2550,2550,20
2016-10-12,2550,2550,2550,2550,20
2016-10-13,2550,2650,2550,2650,2540
2016-10-17,2550,2550,2550,2550,80
2016-10-18,2550,2650,2545,2550,1240
2016-10-19,2600,2600,2550,2550,260
2016-10-20,2525,2650,2525,2650,120
2016-10-21,2750,2750,2750,2750,120
2016-10-24,2750,2750,2750,2750,140
2016-10-25,2750,2750,2750,2750,220
2016-10-26,2750,2750,2550,2550,820
2016-10-27,2650,2650,2650,2650,1760
2016-10-31,2650,2650,2650,2650,20
2016-11-02,2750,2750,2650,2650,240
2016-11-03,2650,2650,2625,2625,120
2016-11-04,2650,2650,2650,2650,400
2016-11-07,2650,2650,2650,2650,400
2016-11-08,2600,2650,2600,2650,380
2016-11-09,2650,2650,2650,2650,60
2016-11-10,2650,2650,2553,2553,60
2016-11-11,2553,2553,2553,2553,20
2016-11-14,2650,2650,2650,2650,1620
2016-11-16,2750,2750,2750,2750,200
2016-11-17,2695,2750,2650,2650,1180
2016-11-18,2650,2650,2650,2650,20
2016-11-22,2650,2650,2650,2650,40
2016-11-23,2650,2650,2650,2650,1120
2016-11-28,2650,2750,2650,2750,520
2016-11-29,2650,2750,2650,2750,3760
2016-11-30,2750,2750,2750,2750,80
2016-12-01,2956,2956,2956,2956,320
2016-12-02,3000,3000,2956,2956,60
2016-12-05,2750,2800,2750,2800,160
2016-12-06,2603,2603,2603,2603,60
2016-12-07,2603,2615,2603,2615,260
2016-12-09,2650,2650,2625,2625,15520
2016-12-13,2650,2650,2650,2650,40
2016-12-14,2675,2675,2675,2675,40
2016-12-15,2675,2675,2675,2675,100
2016-12-16,2650,2650,2605,2605,260
2016-12-19,2605,2605,2605,2605,20
2016-12-20,2605,2800,2605,2800,1300
2016-12-21,2800,2800,2800,2800,20
2016-12-22,2800,2800,2650,2650,260
2016-12-23,2605,2625,2605,2625,1360
2016-12-27,2625,2625,2605,2605,2220
2016-12-28,2650,2650,2650,2650,20
2016-12-29,2650,2650,2650,2650,80
2017-01-02,2650,2650,2650,2650,20
2017-01-03,2750,2750,2750,2750,60000
2017-01-04,2855,2855,2855,2855,246800
2017-01-09,3000,3000,2940,2945,240
2017-01-12,2946,3000,2946,3000,160
2017-01-16,2945,2945,2800,2800,800
2017-01-17,2800,2800,2800,2800,1320
2017-01-18,2724,2724,2724,2724,200
2017-01-23,2724,2724,2724,2724,20
2017-01-25,2750,2800,2650,2650,260
2017-01-27,2700,2700,2700,2700,40
2017-01-30,2800,2800,2800,2800,20
2017-01-31,2800,2800,2800,2800,20
2017-02-02,2800,2800,2800,2800,460
2017-02-06,2800,2800,2800,2800,200
2017-02-07,2800,2800,2800,2800,12300
2017-02-08,3000,3000,3000,3000,80
2017-02-10,3000,3000,3000,3000,240
2017-02-13,3000,3000,2988,2988,160
2017-02-14,2825,2825,2825,2825,220
2017-02-15,2800,2800,2800,2800,220
2017-02-17,2800,2805,2650,2650,1040
2017-02-21,2675,2675,2650,2650,260
2017-02-22,2750,2750,2750,2750,15400
2017-02-23,2800,2800,2800,2800,60
2017-02-27,2900,2900,2900,2900,20
2017-03-02,2701,2701,2700,2700,460
2017-03-03,2800,2800,2700,2700,40
2017-03-06,2750,2750,2750,2750,20
2017-03-07,2750,2750,2653,2750,540
2017-03-08,2653,2750,2653,2750,12520
2017-03-09,2750,2750,2750,2750,680
2017-03-14,2700,2750,2700,2750,4520
2017-03-15,2653,2653,2653,2653,40
2017-03-16,2750,2750,2750,2750,300
2017-03-17,2653,2653,2653,2653,360
2017-03-20,2653,2653,2653,2653,60
2017-03-21,2750,2750,2750,2750,14620
2017-03-24,2775,2775,2750,2750,660
2017-03-27,2750,2750,2750,2750,20
2017-03-31,2750,2750,2750,2750,120
2017-04-03,2750,2750,2750,2750,80
2017-04-04,2750,2750,2750,2750,680
2017-04-06,2800,2800,2800,2800,20
2017-04-07,2751,2751,2750,2750,240
2017-04-10,2750,2750,2750,2750,160
2017-04-11,2750,2750,2750,2750,20
2017-04-13,2750,2750,2750,2750,200
2017-04-14,2750,2750,2750,2750,40
2017-04-20,2750,2750,2750,2750,6000
2017-04-27,2751,2751,2750,2750,80
2017-04-28,2751,2751,2750,2750,460
2017-05-02,2750,2775,2750,2750,1560
2017-05-03,2750,2750,2750,2750,80
2017-05-04,2750,2956,2544,2750,80
2017-05-05,2750,2750,2750,2750,400
2017-05-10,2800,2800,2750,2750,14000
2017-05-17,2850,2850,2850,2850,80
2017-05-19,2900,2900,2900,2900,20
2017-05-22,2950,2950,2950,2950,60
2017-05-23,2850,2850,2850,2850,20
2017-05-24,2900,2900,2900,2900,40
2017-05-26,2900,2900,2900,2900,20
2017-05-30,3000,3000,3000,3000,160
2017-05-31,3050,3100,3050,3050,300
2017-06-01,3050,3100,3050,3100,240
2017-06-02,3050,3100,3050,3100,260
2017-06-07,2900,2900,2900,2900,320
2017-06-08,2750,2750,2683,2683,100
2017-06-09,2650,2650,2550,2600,6640
2017-06-13,2500,2500,2500,2500,20
2017-06-14,2500,2500,2500,2500,200
2017-06-15,2675,2675,2675,2675,200
2017-06-16,2650,2650,2650,2650,500
2017-06-19,2650,2650,2650,2650,100
2017-06-20,2650,2650,2625,2625,100
2017-06-21,2650,2650,2650,2650,40
2017-06-23,2505,2600,2505,2600,3100
2017-06-27,2650,2650,2500,2500,3040
2017-06-28,2313,2313,2313,2313,20
2017-06-29,2475,2475,2475,2475,360
2017-07-05,2475,2475,2475,2475,20
2017-07-06,2475,2475,2475,2475,12660
2017-07-11,2300,2300,2300,2300,60
2017-07-12,2300,2300,2300,2300,80
2017-07-14,2300,2300,2300,2300,60
2017-07-18,2425,2425,2300,2300,40
2017-07-19,2425,2425,2425,2425,20
2017-07-20,2300,2300,2300,2300,300
2017-07-26,2473,2473,2473,2473,20
2017-07-31,2325,2500,2325,2500,240
2017-08-03,2325,2325,2325,2325,340
2017-08-04,2350,2350,2325,2325,100
2017-08-08,2350,2350,2350,2350,2820
2017-08-10,2500,2500,2500,2500,300
2017-08-14,2595,2595,2595,2595,100
2017-08-16,2595,2595,2595,2595,2200
2017-08-17,2500,2595,2500,2595,1260
2017-08-22,2595,2600,2595,2600,460
2017-08-23,2661,2790,2661,2790,200
2017-08-25,2600,2600,2581,2600,3040
2017-08-29,2405,2405,2405,2405,20
2017-08-31,2300,2300,2300,2300,20
2017-09-07,2473,2473,2473,2473,20
2017-09-11,2660,2660,2475,2660,58
2017-09-12,2855,2855,2795,2795,88
2017-09-13,2795,2795,2795,2795,109
2017-09-14,2790,2790,2750,2750,40
2017-09-15,2700,2700,2660,2700,196
2017-09-18,2700,2700,2700,2700,72
2017-09-19,2700,2700,2700,2700,12
2017-09-20,2700,2800,2500,2785,539
2017-09-21,2785,2785,2785,2785,120
2017-09-22,2795,2795,2795,2795,14
2017-09-25,2800,2800,2660,2660,98
2017-09-26,2795,2795,2495,2495,84
2017-09-27,2600,2670,2600,2665,118
2017-09-28,2660,2670,2470,2670,564
2017-09-29,2670,2870,2500,2870,712
2017-10-02,2800,2800,2800,2800,25
2017-10-03,2800,2800,2800,2800,383
2017-10-04,2795,2800,2795,2800,141
2017-10-05,2660,2800,2660,2800,105
2017-10-06,2800,2800,2590,2590,131
2017-10-09,2500,2500,2500,2500,373
2017-10-10,2450,2500,2450,2500,6653
2017-10-11,2500,2685,2495,2495,270
2017-10-12,2680,2680,2310,2650,33721
2017-10-13,2685,2685,2650,2650,21
2017-10-16,2650,2650,2650,2650,10
2017-10-17,2500,2650,2495,2495,120530
2017-10-18,2400,2650,2400,2500,87
2017-10-19,2500,2685,2450,2450,6615
2017-10-20,2450,2630,2270,2500,223
2017-10-23,2500,2500,2315,2315,108
2017-10-24,2320,2320,2200,2200,429
2017-10-25,2200,2200,2200,2200,159
2017-10-26,2195,2240,2195,2240,150
2017-10-27,2240,2240,2235,2235,240
2017-10-30,2240,2240,2240,2240,12
2017-10-31,2240,2240,2240,2240,94
2017-11-02,2200,2200,2125,2125,187
2017-11-03,2125,2125,2000,2000,113
2017-11-06,2000,2150,2000,2150,83
2017-11-07,2240,2240,1990,2235,234
2017-11-08,2235,2235,2070,2235,2498
2017-11-09,2230,2235,2230,2235,60
2017-11-10,2230,2230,2230,2230,20
2017-11-13,2065,2065,2065,2065,27
2017-11-14,2200,2215,2200,2215,181
2017-11-16,2220,2220,2050,2200,167
2017-11-17,2200,2200,2200,2200,60
2017-11-20,2035,2195,2035,2195,19
2017-11-21,2200,2200,2200,2200,500
2017-11-22,2210,2210,2100,2100,16
2017-11-23,2100,2100,2000,2000,173
2017-11-24,2000,2095,2000,2095,168
2017-11-27,2100,2100,2000,2000,263
2017-11-28,2000,2095,2000,2095,312
2017-11-29,2095,2095,2095,2095,17
2017-11-30,2100,2100,2095,2100,87
2017-12-04,2100,2100,1975,1975,62
2017-12-05,2000,2000,2000,2000,30
2017-12-06,1975,1975,1975,1975,6
2017-12-07,2000,2000,2000,2000,15
2017-12-08,2000,2100,2000,2060,3030
2017-12-11,2060,2060,1995,1995,126
2017-12-12,1900,2000,1850,2000,3031
2017-12-13,2000,2000,2000,2000,13
2017-12-15,2000,2000,2000,2000,4
2017-12-18,2000,2000,1900,1995,523
2017-12-19,1995,1995,1995,1995,129
2017-12-20,1950,1950,1950,1950,642
2017-12-21,2000,2000,2000,2000,93
2017-12-22,1995,2000,1995,2000,80
2017-12-26,2000,2000,2000,2000,7
2017-12-28,2000,2000,1990,1990,24
2017-12-29,1990,1990,1900,1900,15
2018-01-02,1990,1990,1990,1990,122
2018-01-03,1990,1990,1900,1990,281
2018-01-04,1990,2100,1960,2100,1153
2018-01-05,2095,2100,2000,2000,320
2018-01-08,2100,2120,2000,2000,215
2018-01-11,2050,2050,2050,2050,20
2018-01-12,2050,2050,2000,2000,291
2018-01-15,2000,2100,2000,2100,320
2018-01-16,2100,2240,2100,2200,325
2018-01-17,2200,2240,2200,2240,368
2018-01-18,2350,2350,2200,2300,217
2018-01-19,2300,2300,2300,2300,68
2018-01-23,2350,2350,2345,2350,141
2018-01-24,2200,2200,2200,2200,3367
2018-01-25,2200,2200,2035,2200,315
2018-01-29,2200,2200,2200,2200,110
2018-01-30,2295,2295,2295,2295,8
2018-01-31,2245,2245,2200,2200,59
2018-02-01,2200,2200,2180,2200,9
2018-02-02,2200,2200,2200,2200,30
2018-02-05,2185,2200,2185,2200,135
2018-02-06,2195,2195,2195,2195,18
2018-02-08,2155,2155,2155,2155,4000
2018-02-09,2150,2150,2000,2000,176
2018-02-12,1900,1900,1850,1850,44
2018-02-13,1850,1985,1850,1985,112
2018-02-14,1900,1995,1900,1995,252
2018-02-15,1995,1995,1985,1985,26
2018-02-16,1995,2000,1995,2000,155
2018-02-19,2000,2040,2000,2040,229
2018-02-20,2050,2100,2040,2100,1675
2018-02-21,2100,2250,2100,2200,3243
2018-02-22,2200,2200,2055,2055,301
2018-02-23,2055,2055,2050,2050,122
2018-02-26,2055,2100,2000,2000,97
2018-02-27,2000,2095,1995,2000,103
2018-02-28,2000,2000,2000,2000,25
2018-03-01,2150,2150,2000,2000,61
2018-03-02,1960,2000,1960,2000,1937
2018-03-05,2010,2010,2010,2010,4
2018-03-06,2010,2010,2010,2010,18
2018-03-07,2000,2050,2000,2050,817
2018-03-09,2200,2200,2100,2100,617
2018-03-12,2250,2250,2100,2100,993
2018-03-13,2250,2250,2250,2250,50
2018-03-14,2295,2365,2295,2365,1089
2018-03-15,2300,2300,2295,2295,117
2018-03-16,2205,2205,2205,2205,2
2018-03-19,2300,2300,2255,2255,203
2018-03-20,2250,2400,2205,2400,256
2018-03-21,2500,2575,2500,2575,395
2018-03-22,2750,2765,2750,2765,740
2018-03-27,2760,2850,2760,2850,825
2018-03-28,2845,2970,2700,2900,297
2018-03-29,2965,2965,2685,2685,711
2018-03-30,2755,2800,2755,2800,32
2018-04-03,2850,2850,2755,2755,69
2018-04-04,2850,2850,2850,2850,13
2018-04-05,2900,2900,2850,2900,82
2018-04-06,2900,2900,2900,2900,35
2018-04-09,2875,2900,2850,2850,213
2018-04-10,2850,2900,2850,2900,400
2018-04-11,2900,2900,2900,2900,30
2018-04-12,2900,2900,2850,2900,182
2018-04-13,2850,2850,2790,2790,39
2018-04-16,2585,2675,2585,2670,307
2018-04-17,2585,2585,2585,2585,754
2018-04-18,2590,2700,2590,2670,90
2018-04-19,2600,2650,2600,2650,372
2018-04-20,2650,2800,2650,2700,2438
2018-04-23,2700,2800,2700,2800,951
2018-04-24,2800,2800,2700,2700,5025
2018-04-25,2700,2700,2700,2700,837
2018-04-26,2800,2800,2800,2800,20
2018-04-27,2790,2790,2790,2790,21
2018-05-02,2790,2790,2785,2785,40
2018-05-03,2700,2700,2700,2700,2
2018-05-04,2500,2695,2500,2695,73
2018-05-07,2600,2600,2600,2600,216
2018-05-08,2600,2700,2600,2700,117
2018-05-09,2650,2700,2650,2700,58
2018-05-11,2700,2785,2700,2700,278
2018-05-14,2785,2785,2700,2750,225
2018-05-15,2785,2890,2785,2890,280
2018-05-17,2850,2850,2800,2800,15038
2018-05-18,2800,2800,2800,2800,48
2018-05-22,2800,2890,2800,2890,115
2018-05-23,2890,2890,2890,2890,5
2018-05-24,2800,2800,2800,2800,35
2018-05-28,2890,2890,2700,2700,105
2018-05-29,2890,2890,2850,2850,175
2018-05-30,2800,2800,2800,2800,883
2018-05-31,2850,2850,2850,2850,20
2018-06-01,2890,2890,2750,2890,39
2018-06-05,2890,2900,2850,2900,162
2018-06-06,2790,2790,2690,2785,78
2018-06-07,2750,2750,2750,2750,10
2018-06-08,2690,2690,2650,2650,24
2018-06-12,2650,2695,2600,2650,53
2018-06-13,2455,2455,2455,2455,44
2018-06-15,2635,2635,2595,2600,2889
2018-06-18,2590,2600,2455,2600,20
2018-06-19,2600,2645,2600,2645,60
2018-06-20,2600,2600,2600,2600,10
2018-06-21,2600,2600,2600,2600,26
2018-06-22,2600,2600,2600,2600,20
2018-06-25,2650,2650,2650,2650,2
2018-06-27,2645,2645,2645,2645,20
2018-07-04,2595,2595,2500,2500,7
2018-07-05,2500,2500,2500,2500,25
2018-07-06,2550,2550,2550,2550,22
2018-07-09,2595,2595,2550,2550,20
2018-07-10,2550,2550,2550,2550,2
2018-07-11,2500,2500,2500,2500,10
2018-07-12,2500,2500,2450,2495,65
2018-07-13,2495,2495,2495,2495,20
2018-07-16,2350,2350,2350,2350,20
2018-07-17,2350,2350,2350,2350,35
2018-07-18,2350,2350,2350,2350,50
2018-07-19,2345,2345,2345,2345,10
2018-07-24,2350,2350,2350,2350,10
2018-07-25,2350,2350,2350,2350,111
2018-07-27,2350,2350,2300,2300,22
2018-07-30,2300,2300,2250,2250,60
2018-07-31,2250,2250,2250,2250,52
2018-08-02,2200,2200,2200,2200,1
2018-08-09,2195,2195,2195,2195,10
2018-08-10,2035,2035,2035,2035,16
2018-08-13,2100,2100,1995,1995,605
2018-08-14,1935,1935,1935,1935,40
2018-08-16,1935,1935,1900,1900,40
2018-08-17,1900,1900,1900,1900,6
2018-08-20,1895,1895,1895,1895,2
2018-08-22,1890,1890,1890,1890,42
2018-08-24,1885,1885,1885,1885,10
2018-08-27,1835,1835,1800,1800,15
2018-08-28,1800,1800,1800,1800,38
2018-08-30,1750,1750,1750,1750,5
2018-09-03,1685,1685,1685,1685,10
2018-09-04,1680,1680,1620,1620,28
2018-09-05,1675,1675,1675,1675,15
2018-09-06,1645,1650,1645,1650,18
2018-09-07,1650,1650,1620,1620,56
2018-09-12,1590,1590,1590,1590,1
2018-09-13,1595,1595,1500,1500,27
2018-09-18,1450,1450,1450,1450,3
2018-09-25,1430,1430,1430,1430,15
2018-09-28,1400,1400,1400,1400,5
2018-10-01,1395,1395,1395,1395,1100
2018-10-02,1395,1395,1385,1385,55
2018-10-03,1300,1300,1300,1300,17
2018-10-04,1300,1300,1205,1205,31
2018-10-05,1295,1295,1295,1295,2
2018-10-08,1205,1205,1205,1205,2
2018-10-09,1200,1205,1200,1200,1105
2018-10-10,1200,1200,1150,1150,142
2018-10-11,1145,1145,1145,1145,10
2018-10-12,1145,1150,1145,1150,119
2018-10-15,1100,1100,1100,1100,964
2018-10-16,1150,1150,1100,1150,197
2018-10-17,1100,1100,1100,1100,54
2018-10-18,1100,1100,1100,1100,796
2018-10-19,1100,1100,1100,1100,30
2018-10-22,1095,1095,1050,1050,18
2018-10-23,1000,1095,1000,1095,18
2018-10-24,1015,1015,1015,1015,11
2018-10-25,1000,1000,1000,1000,12
2018-10-26,995,995,995,995,15
2018-10-29,995,1000,995,1000,20
2018-10-30,985,985,985,985,60
2018-11-02,980,980,980,980,24
2018-11-05,980,985,965,965,1230
2018-11-06,980,980,980,980,249
2018-11-08,970,970,940,940,50
2018-11-09,970,970,895,895,120
2018-11-12,900,900,895,895,77
2018-11-13,895,895,895,895,35
2018-11-14,890,895,890,895,210
2018-11-16,895,895,890,890,1225
2018-11-19,900,900,850,900,113
2018-11-21,890,890,890,890,20
2018-11-26,880,885,875,875,59
2018-11-27,875,875,875,875,11
2018-11-28,875,875,875,875,21
2018-11-29,880,880,880,880,30
2018-12-03,875,875,875,875,20
2018-12-04,880,880,880,880,713
2018-12-05,875,875,875,875,45
2018-12-06,880,880,880,880,15
2018-12-10,875,875,875,875,36
2018-12-11,875,875,875,875,2
2018-12-12,870,875,870,875,75
2018-12-13,875,875,870,870,140
2018-12-14,870,870,870,870,10
2018-12-17,875,875,870,870,387
2018-12-18,855,855,855,855,28904
2018-12-19,850,850,850,850,10
2018-12-20,880,880,875,880,285
2018-12-21,875,875,870,875,783
2018-12-24,860,860,860,860,100
2018-12-26,870,880,870,880,57
2018-12-27,880,880,860,880,16
2018-12-28,880,940,880,940,396
2018-12-31,1010,1010,1010,1010,120
2019-01-02,1000,1000,1000,1000,25
2019-01-03,995,1000,995,1000,34
2019-01-04,995,995,995,995,48
2019-01-07,1000,1000,995,995,31
2019-01-08,950,950,950,950,15
2019-01-10,950,950,950,950,37
2019-01-11,950,950,950,950,25
2019-01-14,930,935,930,930,250
2019-01-15,880,880,880,880,97
2019-01-16,860,860,850,850,46
2019-01-18,880,880,850,880,50
2019-01-21,880,880,880,880,50
2019-01-22,870,870,870,870,12
2019-01-23,870,870,870,870,3
2019-01-24,860,860,850,850,12
2019-01-25,800,800,800,800,61
2019-01-30,825,825,825,825,7
2019-01-31,880,880,880,880,337
2019-02-04,900,900,900,900,1
2019-02-05,900,900,900,900,135
2019-02-06,850,850,850,850,168
2019-02-07,850,885,850,885,102
2019-02-11,880,890,880,890,700
2019-02-12,850,855,850,855,73
2019-02-13,850,850,850,850,22
2019-02-15,850,850,850,850,79
2019-02-18,800,800,800,800,1
2019-02-20,815,815,815,815,101
2019-02-21,815,815,815,815,52
2019-02-22,815,815,815,815,515
2019-02-25,815,815,815,815,49
2019-02-26,815,815,815,815,10
2019-02-27,815,815,800,800,102
2019-02-28,815,815,815,815,125
2019-03-01,815,825,815,825,2
2019-03-04,825,825,825,825,17
2019-03-06,820,825,800,825,140
2019-03-11,840,840,840,840,40
2019-03-14,900,900,900,900,2
2019-03-15,955,955,955,955,86
2019-03-18,1025,1025,1025,1025,315
2019-03-19,1030,1030,1030,1030,291
2019-03-20,1025,1025,1025,1025,20
2019-03-21,1100,1100,1100,1100,295
2019-03-22,1025,1100,1025,1100,1001
2019-03-25,1050,1050,1050,1050,73
2019-03-26,1100,1100,1050,1050,92
2019-03-27,1050,1125,1050,1125,691
2019-03-29,1045,1045,1045,1045,81
2019-04-01,995,1095,995,1095,62
2019-04-02,1080,1080,1080,1080,10
2019-04-03,1000,1000,1000,1000,5
2019-04-04,1000,1000,960,960,111
2019-04-05,960,960,955,960,93
2019-04-09,960,960,900,960,10
2019-04-10,950,950,950,950,25
2019-04-11,950,950,950,950,33
2019-04-12,950,950,950,950,10
2019-04-16,950,950,950,950,20
2019-04-17,950,950,950,950,20
2019-04-18,935,950,935,950,150
2019-04-23,950,950,950,950,25
2019-04-24,950,950,950,950,10
2019-04-25,950,950,950,950,100
2019-04-26,950,950,950,950,28
2019-04-29,950,950,950,950,2
2019-05-02,945,945,945,945,82
2019-05-03,935,935,935,935,2
2019-05-06,935,950,935,950,42
2019-05-07,990,990,990,990,48
2019-05-08,995,995,975,975,157
2019-05-09,975,975,975,975,110
2019-05-10,970,970,970,970,12
2019-05-13,975,975,970,970,21
2019-05-15,970,975,970,975,300
2019-05-17,975,975,975,975,86
2019-05-20,970,970,970,970,1
2019-05-22,970,970,970,970,10
2019-05-28,960,960,950,950,11
2019-05-29,945,945,945,945,10
2019-05-31,945,945,945,945,1
2019-06-03,945,945,945,945,10
2019-06-05,900,900,875,875,166
2019-06-06,810,810,810,810,30
2019-06-07,800,800,750,780,145
2019-06-11,780,780,780,780,474
2019-06-12,780,780,780,780,268
2019-06-13,775,775,775,775,107
2019-06-14,775,775,775,775,50
2019-06-17,750,770,750,770,75
2019-06-18,770,770,770,770,69
2019-06-19,730,775,730,775,165
2019-06-20,770,770,770,770,60
2019-06-21,775,775,775,775,40
2019-06-25,770,770,770,770,915
2019-06-26,770,770,755,755,1010
2019-06-27,755,755,720,720,40
2019-06-28,720,720,715,715,95
2019-07-02,715,745,715,745,110
2019-07-03,735,735,735,735,220
2019-07-04,735,735,735,735,50
2019-07-08,700,730,700,730,505
2019-07-09,730,730,730,730,30
2019-07-11,735,735,730,730,100
2019-07-12,730,730,730,730,100
2019-07-15,730,730,725,725,1260
2019-07-16,725,725,725,725,231
2019-07-17,725,725,725,725,33
2019-07-18,715,715,715,715,140
2019-07-19,715,715,715,715,78
2019-07-22,715,715,715,715,119
2019-07-23,715,715,715,715,20
2019-07-24,715,715,715,715,50
2019-07-25,710,710,710,710,20
2019-07-26,705,705,700,700,115
2019-07-30,700,705,700,700,67
2019-07-31,710,710,710,710,25
2019-08-01,700,715,700,715,93
2019-08-02,710,710,700,710,67
2019-08-05,710,710,710,710,23
2019-08-06,715,715,715,715,22
2019-08-08,715,715,715,715,10
2019-08-09,715,715,710,710,75
2019-08-13,675,675,675,675,25
2019-08-14,650,710,650,710,100
2019-08-16,700,700,700,700,53
2019-08-19,700,710,700,710,197
2019-08-20,705,715,705,715,1048
2019-08-21,705,705,705,705,22
2019-08-22,705,705,700,700,64
2019-08-23,700,700,700,700,35
2019-08-26,705,705,705,705,300
2019-08-27,710,710,700,700,923
2019-08-28,710,710,710,710,35
2019-08-29,700,700,700,700,71
2019-09-02,700,700,700,700,10
2019-09-03,650,650,650,650,13
2019-09-05,650,650,650,650,42
2019-09-06,650,650,650,650,20
2019-09-09,650,650,625,625,119
2019-09-10,625,650,625,650,219
2019-09-11,650,650,650,650,12
2019-09-12,650,650,650,650,20
2019-09-13,650,650,650,650,1
2019-09-17,645,645,645,645,20
2019-09-19,625,625,625,625,219
2019-09-20,625,625,625,625,10
2019-09-23,600,600,600,600,20
2019-09-24,600,600,600,600,5
2019-09-25,595,595,595,595,50
2019-09-26,600,600,600,600,161
2019-09-27,600,600,600,600,339
2019-09-30,600,610,600,610,25
2019-10-01,605,605,605,605,70
2019-10-02,600,600,600,600,86
2019-10-03,600,600,600,600,10
2019-10-04,590,590,590,590,109
2019-10-07,590,590,590,590,21
2019-10-10,580,580,580,580,10
2019-10-14,575,575,560,560,170
2019-10-15,560,560,550,550,21
2019-10-16,545,545,545,545,32
2019-10-17,540,540,540,540,54
2019-10-21,535,535,530,530,505
2019-10-22,530,530,500,500,165
2019-10-23,500,500,500,500,132
2019-10-25,495,500,495,500,215
2019-10-28,495,495,495,495,9
2019-10-29,490,490,490,490,10
2019-10-30,460,470,460,460,165
2019-10-31,460,460,460,460,10
2019-11-04,460,460,460,460,288
2019-11-06,450,450,450,450,25
2019-11-07,450,450,450,450,309
2019-11-08,445,445,445,445,30
2019-11-12,445,445,445,445,165
2019-11-13,445,445,445,445,60
2019-11-18,445,445,445,445,18
2019-11-25,445,445,445,445,8
2019-11-28,415,415,415,415,5
2019-11-29,415,415,410,410,103
2019-12-02,410,410,410,410,128
2019-12-03,405,405,405,405,125
2019-12-04,400,400,400,400,4
2019-12-05,400,400,400,400,70
2019-12-06,400,400,400,400,20
2019-12-09,400,405,400,400,103
2019-12-10,400,400,400,400,100
2019-12-11,400,400,395,395,145
2019-12-12,395,400,395,400,1010
2019-12-17,395,395,395,395,27
2019-12-19,400,400,400,400,40
2019-12-24,400,400,400,400,63
2019-12-26,400,400,400,400,2
2019-12-27,400,400,400,400,112
2019-12-30,395,395,395,395,10
2020-01-03,395,395,390,390,1009
2020-01-06,390,395,390,395,400
2020-01-07,400,400,390,390,995
2020-01-08,390,390,390,390,10
2020-01-09,390,390,365,365,385
2020-01-10,365,365,365,365,10
2020-01-13,365,365,340,360,90
2020-01-14,350,350,335,345,560
2020-01-15,345,360,345,360,370
2020-01-17,355,355,345,345,70
2020-01-20,340,340,320,335,235
2020-01-21,335,340,310,310,769
2020-01-22,300,300,300,300,430
2020-01-23,300,300,300,300,25
2020-01-24,310,310,280,280,2350
2020-01-27,280,280,280,280,1174
2020-01-28,280,280,275,280,1180
2020-01-29,280,280,280,280,1631
2020-01-30,300,300,300,300,500
2020-01-31,305,305,305,305,165
2020-02-03,310,310,300,300,4137
2020-02-05,305,305,305,305,1022
2020-02-06,305,305,300,300,1550
2020-02-07,300,300,295,295,224
2020-02-10,290,290,290,290,10
2020-02-11,285,285,285,285,30
2020-02-12,285,285,285,285,187
2020-02-13,290,290,290,290,1075
2020-02-17,290,290,290,290,1160
2020-02-18,290,300,290,300,21
2020-02-19,300,300,300,300,310
2020-02-20,300,300,300,300,107
2020-02-21,300,300,300,300,30
2020-02-24,300,300,300,300,302
2020-02-25,295,295,280,280,703
2020-02-26,295,295,280,280,175
2020-02-27,295,295,275,280,4245
2020-02-28,280,280,280,280,115
2020-03-03,280,280,280,280,40
2020-03-04,295,295,280,280,209
2020-03-05,295,295,295,295,150
2020-03-06,295,295,295,295,10
2020-03-09,295,295,295,295,40
2020-03-12,290,290,290,290,1
2020-03-13,270,270,270,270,300
2020-03-16,270,270,270,270,124
2020-03-17,270,270,270,270,180
2020-03-18,270,270,270,270,90
2020-03-19,265,270,250,260,1400
2020-03-20,270,270,270,270,84
2020-03-23,270,270,265,265,75
2020-03-24,250,250,250,250,59
2020-03-25,245,250,245,250,133
2020-03-30,245,245,245,245,1615
2020-03-31,240,240,240,240,2100
2020-04-01,255,255,255,255,10
2020-04-03,255,255,240,240,864
2020-04-07,255,255,255,255,83
2020-04-08,250,255,250,255,305
2020-04-10,255,255,255,255,10
2020-04-14,250,250,240,240,1147
2020-04-15,230,230,230,230,280
2020-04-16,225,225,220,225,760
2020-04-17,220,220,220,220,1996
2020-04-20,215,215,205,205,3126
2020-04-21,210,210,200,200,422
2020-04-22,200,200,200,200,6606
2020-04-23,200,200,200,200,2102
2020-04-24,200,200,200,200,1790
2020-04-29,210,210,210,210,149
2020-05-07,225,225,225,225,1
2020-05-08,240,240,230,240,6
2020-05-11,240,240,240,240,11
2020-05-13,255,255,255,255,1
2020-05-14,270,270,270,270,1
2020-05-15,270,270,270,270,84
2020-05-18,290,290,290,290,1
2020-05-19,285,285,285,285,16
2020-05-22,290,305,290,305,314
2020-05-25,310,310,310,310,501
2020-05-26,310,325,310,325,466
2020-05-27,330,330,325,325,195
2020-05-28,325,330,325,325,293
2020-05-29,325,345,325,345,669
2020-06-02,345,345,345,345,722
2020-06-03,370,370,370,370,1
2020-06-04,370,370,370,370,430
2020-06-05,360,360,360,360,40000
2020-06-08,365,365,345,365,71
2020-06-09,345,370,345,370,997
2020-06-10,345,345,345,345,1000
2020-06-11,365,365,365,365,156
2020-06-12,365,365,365,365,4
2020-06-15,360,365,360,365,541
2020-06-16,345,360,345,360,11
2020-06-17,365,365,365,365,72
2020-06-18,360,360,345,345,1253
2020-06-19,320,360,320,355,13
2020-06-22,345,345,345,345,400
2020-06-23,360,360,355,355,111
2020-06-25,360,360,345,345,72
2020-06-26,350,350,345,345,24800
2020-06-29,345,345,320,320,29986
2020-07-01,320,320,320,320,100
2020-07-02,320,320,310,310,75
2020-07-06,310,330,310,320,76
2020-07-07,325,325,325,325,1
2020-07-08,330,330,330,330,100
2020-07-10,320,320,310,310,259
2020-07-15,300,300,300,300,110
2020-07-16,300,300,300,300,52
2020-07-20,300,300,300,300,98
2020-07-22,300,300,300,300,5
2020-07-23,300,300,300,300,196
2020-07-24,300,300,300,300,44
2020-07-29,300,300,300,300,105
2020-07-30,300,300,300,300,20
2020-08-03,300,300,295,295,117
2020-08-04,300,300,300,300,65
2020-08-05,300,300,300,300,50
2020-08-06,300,300,300,300,90
2020-08-10,300,300,300,300,40
2020-08-11,300,320,300,320,546
2020-08-12,300,300,300,300,22
2020-08-13,320,320,280,280,16
2020-08-14,300,300,280,280,16
2020-08-17,280,280,280,280,5
2020-08-19,285,285,280,280,38
2020-08-20,280,280,280,280,10
2020-08-21,280,280,280,280,14
2020-08-25,280,280,280,280,21
2020-08-26,280,280,280,280,302958
2020-08-27,280,280,280,280,2
2020-09-01,280,280,280,280,210
2020-09-07,270,270,270,270,759
2020-09-08,270,270,270,270,3
2020-09-10,270,270,270,270,50
2020-09-23,275,275,275,275,20
2020-09-24,275,275,275,275,240
2020-09-30,280,280,270,270,500
2020-10-02,270,270,260,260,698
2020-10-05,260,260,260,260,25
2020-10-06,260,260,260,260,1
2020-10-09,260,260,250,250,150
2020-10-12,235,260,235,260,1284
2020-10-14,245,245,245,245,1
2020-10-15,235,235,235,235,1
2020-10-19,235,235,235,235,1
2020-10-21,235,235,235,235,50
2020-10-27,250,250,250,250,2
2020-10-30,265,265,265,265,3
2020-11-02,265,280,265,280,5
2020-11-04,300,300,300,300,2
2020-11-05,320,320,320,320,2
2020-11-06,340,340,340,340,2
2020-11-09,330,330,330,330,200
2020-11-10,325,340,325,340,30221
2020-11-11,340,340,340,340,311
2020-11-12,340,340,340,340,109
2020-11-17,340,340,340,340,53
2020-11-18,350,350,350,350,194
2020-11-19,350,350,350,350,45
2020-11-20,345,345,345,345,40
2020-11-23,340,340,340,340,8
2020-11-25,315,315,315,315,50
2020-11-26,315,315,315,315,250
2020-11-30,315,320,315,320,31
2020-12-01,300,300,300,300,533
2020-12-02,300,300,300,300,46
2020-12-03,300,300,300,300,344
2020-12-08,320,320,320,320,11
2020-12-09,310,310,300,300,1195
2020-12-10,310,310,310,310,159
2020-12-11,300,320,300,320,12192
2020-12-15,320,320,320,320,97
2020-12-17,325,325,320,320,290
2020-12-21,320,320,320,320,605
2020-12-23,340,340,340,340,1
2020-12-24,350,350,350,350,1964
2020-12-29,345,345,330,330,1561
2020-12-30,330,330,320,320,260
2020-12-31,320,320,320,320,50
2021-01-04,320,340,320,340,403
2021-01-05,350,355,350,355,1842
2021-01-06,365,365,365,365,160
2021-01-07,365,365,365,365,50
2021-01-08,375,375,375,375,250
2021-01-11,395,400,395,400,743
2021-01-13,400,430,400,430,2550
2021-01-14,400,460,400,450,2035
2021-01-15,430,430,430,430,995
2021-01-18,430,460,430,460,1556
2021-01-19,450,450,435,450,721
2021-01-20,450,480,450,480,7524
2021-01-21,480,515,480,515,81
2021-01-22,550,550,550,550,4280
2021-01-25,550,590,550,590,1193
2021-01-26,625,630,595,595,5717
2021-01-27,625,635,625,635,8716
2021-01-28,645,645,645,645,5
2021-01-29,650,690,650,690,105
2021-02-01,700,740,700,740,3308
2021-02-02,740,745,700,745,1175
2021-02-03,740,745,740,745,435
2021-02-04,740,740,740,740,20
2021-02-05,740,740,740,740,88
2021-02-08,700,740,685,700,277
2021-02-09,700,700,700,700,95
2021-02-10,650,650,650,650,140
2021-02-11,650,650,605,605,79
2021-02-12,600,600,600,600,110
2021-02-15,600,600,555,555,140
2021-02-16,550,595,550,555,2561
2021-02-17,595,595,595,595,193
2021-02-18,595,595,595,595,40
2021-02-19,595,600,595,600,251
2021-02-22,600,645,600,645,144
2021-02-23,645,690,625,690,142
2021-02-24,700,700,700,700,4
2021-02-25,700,730,690,705,983
2021-02-26,705,705,705,705,100
2021-03-01,705,725,705,725,90
2021-03-02,720,725,720,725,699
2021-03-03,730,750,725,750,500
2021-03-04,750,750,750,750,315
2021-03-05,725,725,725,725,128
2021-03-08,730,730,730,730,2
2021-03-09,730,730,725,725,81
2021-03-10,725,725,725,725,50
2021-03-12,720,720,720,720,11
2021-03-15,720,720,720,720,11
2021-03-16,710,710,710,710,25
2021-03-17,710,710,710,710,53
2021-03-18,710,710,710,710,2
2021-03-19,700,700,700,700,100
2021-03-22,700,700,695,695,55
2021-03-26,645,645,645,645,255
2021-03-29,645,645,645,645,353
2021-03-30,645,645,645,645,225
2021-03-31,620,620,620,620,100
2021-04-01,620,620,615,615,260
2021-04-02,620,620,620,620,10
2021-04-06,615,615,615,615,815
2021-04-07,610,610,570,595,1020
2021-04-12,590,590,580,580,10
2021-04-13,550,550,550,550,200
2021-04-14,590,590,590,590,1
2021-04-15,590,590,590,590,101
2021-04-16,590,590,590,590,30
2021-04-20,590,590,585,585,221
2021-04-21,625,625,625,625,1966
2021-04-22,670,670,670,670,375
2021-04-23,720,720,720,720,1313
2021-04-26,770,770,770,770,160
2021-04-27,825,825,825,825,182
2021-04-28,885,885,885,885,30
2021-04-29,950,950,950,950,200
2021-04-30,1020,1020,1020,1020,498
2021-05-03,1095,1095,1095,1095,100
2021-05-04,1175,1175,1175,1175,95
2021-05-05,1260,1260,1260,1260,84
2021-05-06,1350,1350,1350,1350,319
2021-05-07,1450,1450,1450,1450,440
2021-05-10,1555,1555,1555,1555,308
2021-05-11,1670,1670,1670,1670,25
2021-05-14,1795,1795,1795,1795,15
2021-05-17,1925,1925,1925,1925,175
2021-05-18,2065,2065,2065,2065,135
2021-05-19,2215,2215,2205,2215,8714
2021-05-20,2380,2380,2380,2380,590
2021-05-21,2555,2555,2555,2555,490
2021-05-25,2745,2745,2745,2745,274
2021-05-26,2950,2950,2950,2950,2059
2021-05-27,3090,3170,3085,3170,5431
2021-05-28,2955,3405,2955,3395,3494
2021-05-31,3400,3400,3230,3400,2543
2021-06-01,3390,3390,3250,3250,1437
2021-06-02,3250,3350,3240,3300,2091
2021-06-03,3300,3300,3100,3100,1911
2021-06-04,3110,3110,3000,3100,963
2021-06-07,3200,3200,3000,3000,3908
2021-06-08,3010,3025,3005,3025,103
2021-06-09,3115,3250,3115,3250,203
2021-06-10,3100,3250,3100,3250,2588
2021-06-11,3380,3400,3380,3400,1868
2021-06-14,3400,3400,3390,3390,117
2021-06-15,3255,3385,3255,3255,533
2021-06-16,3380,3390,3380,3390,170
2021-06-17,3400,3500,3395,3395,469
2021-06-18,3390,3390,3390,3390,103
2021-06-21,3395,3395,3250,3395,366
2021-06-22,3395,3395,3395,3395,155
2021-06-23,3395,3395,3395,3395,100
2021-06-24,3400,3580,3400,3580,51
2021-06-25,3585,3585,3405,3585,42
2021-06-28,3585,3585,3585,3585,82
2021-06-29,3585,3600,3585,3600,218
2021-06-30,3600,3600,3595,3600,15465
2021-07-01,3600,3600,3600,3600,1600
2021-07-02,3500,3500,3400,3500,73
2021-07-05,3500,3500,3240,3500,921
2021-07-06,3400,3400,3400,3400,3610
2021-07-07,3200,3400,3200,3400,506
2021-07-08,3400,3400,3200,3345,4298
2021-07-09,3345,3545,3345,3545,203
2021-07-12,3545,3545,3500,3540,457
2021-07-13,3540,3600,3540,3600,156
2021-07-14,3545,3600,3545,3600,217
2021-07-15,3695,3695,3695,3695,41
2021-07-16,3700,3700,3600,3695,190
2021-07-19,3695,3970,3695,3970,576
2021-07-21,3970,4265,3970,4265,868
2021-07-22,4260,4260,3975,4200,1742
2021-07-23,4200,4200,3970,4000,362
2021-07-26,4000,4250,3755,3765,2490
2021-07-27,3785,3995,3785,3795,3388
2021-07-28,3690,3690,3690,3690,76
2021-07-29,3690,3690,3690,3690,46
2021-07-30,3695,3695,3695,3695,296
2021-08-02,3695,3695,3690,3690,264
2021-08-03,3685,3800,3615,3675,1238
2021-08-04,3680,3680,3675,3675,341
2021-08-05,3685,3690,3675,3675,472
2021-08-06,3675,3690,3675,3690,105
2021-08-09,3690,3800,3675,3675,155
2021-08-10,3650,3700,3650,3675,65
2021-08-11,3410,3640,3410,3640,2299
2021-08-12,3650,3650,3650,3650,395
2021-08-13,3675,3900,3650,3700,1141
2021-08-16,3900,3900,3700,3700,90
2021-08-17,3900,3900,3900,3900,70
2021-08-18,3900,3900,3900,3900,30
2021-08-19,3900,3900,3810,3900,83
2021-08-20,3820,3820,3820,3820,2
2021-08-23,3820,3900,3820,3820,217
2021-08-24,3900,3900,3850,3850,333
2021-08-25,3900,3910,3850,3850,856
2021-08-26,4000,4000,3825,3825,988
2021-08-27,4000,4000,3900,3900,447
2021-08-30,3850,3900,3850,3890,470
2021-08-31,3900,3900,3900,3900,345
2021-09-01,3910,3910,3900,3900,1277
2021-09-02,3890,3900,3850,3885,1515
2021-09-03,3885,3885,3885,3885,53
2021-09-06,3900,3950,3885,3885,1040
2021-09-07,3900,3950,3850,3950,1613
2021-09-08,3950,3950,3950,3950,350
2021-09-10,3950,3950,3900,3900,55
2021-09-13,3950,3950,3900,3900,55
2021-09-14,3945,3945,3900,3900,473
2021-09-15,3905,3905,3905,3905,6
2021-09-16,3910,3920,3905,3920,225
2021-09-17,3910,3910,3900,3900,560
2021-09-20,3900,4000,3900,3910,406
2021-09-21,3900,3910,3900,3910,6489
2021-09-22,3910,3910,3900,3905,610
2021-09-23,3910,3975,3800,3900,64668
2021-09-24,3905,4000,3890,3890,531
2021-09-27,3900,3900,3800,3840,46706
2021-09-28,3840,3890,3830,3890,785
2021-09-29,3840,3855,3800,3800,58400
2021-09-30,3800,3800,3700,3700,115350
2021-10-01,3705,3900,3650,3900,17883
2021-10-04,3900,3900,3700,3900,8894
2021-10-05,3900,3900,3895,3895,115
2021-10-06,3900,3950,3900,3950,100
2021-10-07,3940,3940,3895,3895,39
2021-10-08,3915,3915,3910,3910,606
2021-10-11,3930,4000,3900,3900,46455
2021-10-12,3900,3905,3900,3905,1210
2021-10-13,3935,3935,3905,3910,62
2021-10-14,3910,3940,3910,3940,171
2021-10-15,3940,4000,3935,4000,281
2021-10-19,4000,4190,3920,4190,292
2021-10-20,4190,4290,4190,4290,276
2021-10-21,4300,4610,4205,4610,167
2021-10-22,4600,4955,4600,4955,494
2021-10-25,5100,5325,4955,5300,281
2021-10-26,5590,5600,5330,5590,2535
2021-10-27,5590,5595,5330,5330,1317
2021-10-28,5330,5495,5330,5400,602
2021-10-29,5400,5400,5200,5200,1857
2021-11-03,5000,5000,4890,4890,1501
2021-11-04,4910,4910,4890,4890,155
2021-11-05,4810,4810,4800,4800,1240
2021-11-08,4800,4800,4650,4670,346
2021-11-09,4670,4670,4600,4600,2543
2021-11-10,4510,4600,4505,4600,517
2021-11-11,4600,4600,4490,4490,2327
2021-11-12,4490,4490,4200,4210,1155
2021-11-16,4210,4525,4210,4525,1031
2021-11-17,4525,4670,4525,4670,197
2021-11-18,4670,4670,4670,4670,247
2021-11-19,4670,4670,4670,4670,1104
2021-11-22,4665,4665,4665,4665,96
2021-11-23,4620,4670,4600,4670,77
2021-11-24,4650,4670,4650,4670,120
2021-11-25,4600,4700,4550,4700,6733
2021-11-26,4580,5050,4580,5050,4562
2021-11-29,4680,4700,4675,4675,14515
2021-11-30,4695,4700,4600,4700,4410
2021-12-01,4675,4680,4655,4680,5199
2021-12-02,4680,4700,4655,4700,3982
2021-12-03,4710,4710,4665,4665,7404
2021-12-06,4700,4700,4665,4670,3370
2021-12-07,4670,4670,4655,4670,10495
2021-12-08,4655,4665,4655,4665,564
2021-12-09,4665,4670,4655,4670,1370
2021-12-10,4670,4670,4555,4670,10520
2021-12-13,4670,4670,4670,4670,31
2021-12-14,4600,4670,4550,4670,4690
2021-12-15,4650,4670,4650,4670,302
2021-12-16,4655,4670,4650,4670,151
2021-12-17,4670,4670,4665,4665,530
2021-12-20,4670,4670,4635,4635,4968
2021-12-21,4650,4650,4600,4650,157
2021-12-22,4650,4650,4600,4650,694
2021-12-23,4650,4650,4650,4650,6000
2021-12-24,4600,4650,4600,4650,68
2021-12-27,4650,4650,4600,4650,387
2021-12-28,4600,4670,4600,4670,1096
2021-12-29,4600,4665,4600,4665,438
2021-12-30,4665,4665,4650,4665,200
2021-12-31,4665,4665,4605,4605,65
2022-01-03,4670,4670,4605,4670,95
2022-01-04,4670,4670,4670,4670,313
2022-01-05,4670,4670,4615,4615,45
2022-01-06,4620,4665,4620,4665,64
2022-01-07,4650,4665,4650,4665,1425
2022-01-10,4665,4900,4665,4900,5072
2022-01-11,4900,4900,4700,4800,5505
2022-01-12,4795,4900,4795,4850,8446
2022-01-13,4900,4900,4800,4800,1991
2022-01-14,4800,4800,4800,4800,551
2022-01-17,4800,4890,4670,4890,4524
2022-01-18,4890,4975,4870,4870,93
2022-01-19,4890,4970,4890,4970,101
2022-01-20,4970,5150,4970,5145,2536
2022-01-21,5145,5145,4820,5130,1835
2022-01-24,5145,5145,5140,5140,160
2022-01-25,5130,5145,5130,5140,290
2022-01-26,5140,5140,5140,5140,638
2022-01-27,5140,5300,5110,5300,744
2022-01-28,5200,5440,5200,5440,1859
2022-01-31,5450,5745,5440,5745,1971
2022-02-01,5730,5730,5600,5705,353
2022-02-02,5280,5725,5280,5700,484
2022-02-03,5500,5600,5500,5500,1779
2022-02-04,5300,5500,5300,5300,801
2022-02-07,5300,5400,5300,5300,288
2022-02-08,5300,5300,5285,5285,849
2022-02-09,5285,5285,5000,5275,1923
2022-02-10,5275,5275,5275,5275,147
2022-02-11,5285,5295,5275,5275,945
2022-02-14,5275,5300,5210,5275,1545
2022-02-15,5275,5300,5275,5285,985
2022-02-16,5300,5500,5275,5275,1483
2022-02-17,5500,5500,5300,5300,230
2022-02-18,5500,5500,5000,5500,3860
2022-02-21,5500,5650,5090,5650,2029
2022-02-22,5640,5645,5550,5645,232
2022-02-23,5645,5645,5645,5645,207
2022-02-24,5645,5645,5550,5645,178
2022-02-25,5630,5630,5630,5630,12
2022-02-28,5630,5650,5600,5650,499
2022-03-01,5550,6000,5550,5950,1192
2022-03-02,5690,5800,5690,5800,465
2022-03-03,5800,5800,5750,5800,51
2022-03-04,5800,5800,5800,5800,188
2022-03-07,5800,5800,5650,5700,858
2022-03-08,5700,5700,5700,5700,11
2022-03-09,5550,5800,5550,5700,992
2022-03-10,5550,5800,5550,5800,1299
2022-03-11,5800,5800,5700,5795,21
2022-03-14,5680,5795,5605,5795,132
2022-03-15,5605,5800,5605,5795,230
2022-03-16,5780,5795,5615,5615,211
2022-03-17,5645,5750,5620,5750,26
2022-03-18,5650,5650,5615,5650,174
2022-03-21,5615,5700,5600,5700,932
2022-03-22,5700,5800,5700,5800,510
2022-03-23,5700,5700,5700,5700,442
2022-03-24,5700,5700,5650,5700,91
2022-03-25,5700,5820,5650,5820,1535
2022-03-28,5700,5820,5700,5820,171
2022-03-29,5815,6255,5815,6255,608
2022-03-30,5820,6400,5820,6400,248
2022-03-31,6400,6750,6400,6750,3405
2022-04-01,6750,6790,6245,6790,363
2022-04-04,6700,6745,6285,6745,30
2022-04-05,6655,6655,6500,6500,115
2022-04-06,6495,6495,6490,6490,5
2022-04-07,6490,6490,6005,6120,71
2022-04-08,6115,6400,5700,6400,421
2022-04-11,6100,6400,6100,6400,38
2022-04-12,6400,6400,6100,6100,112
2022-04-13,6050,6200,6040,6200,110
2022-04-14,6000,6200,6000,6200,160
2022-04-15,6665,6665,6665,6665,695
2022-04-19,7160,7160,7160,7160,79
2022-04-20,7695,7695,7695,7695,23679
2022-04-21,8125,8270,8125,8270,5933
2022-04-22,8260,8570,8145,8500,4811
2022-04-25,7865,7995,7865,7865,3949
2022-04-26,7280,7790,7280,7790,7194
2022-04-27,7785,7785,7215,7215,1531
2022-04-29,7185,7755,7185,7755,3842
2022-05-03,7325,7680,7325,7680,505
2022-05-04,7500,7500,7365,7400,494
2022-05-05,7400,7400,7300,7350,2443
2022-05-06,7300,7300,7290,7300,381
2022-05-09,7300,7300,7200,7200,393
2022-05-10,7200,7200,7100,7100,162
2022-05-11,7100,7200,7100,7100,552
2022-05-12,7050,7200,7050,7200,172
2022-05-13,7150,7200,7000,7200,441
2022-05-16,6700,7100,6700,7090,829
2022-05-17,7095,7095,6705,7070,870
2022-05-18,7070,7070,6750,7000,421
2022-05-19,6750,6995,6700,6995,449
2022-05-20,7000,7000,6995,7000,242
2022-05-23,7000,7200,6900,7200,42827
2022-05-24,7200,7200,7150,7190,14
2022-05-25,7100,7100,7000,7000,3304
2022-05-27,6920,7100,6920,6930,1048
2022-05-30,6950,7200,6900,7200,1575
2022-05-31,7200,7535,7200,7535,12546
2022-06-01,7500,7500,7000,7000,1615
2022-06-02,7520,7520,7000,7000,4569
2022-06-03,7005,7250,7000,7000,4441
2022-06-07,7000,7350,6900,7350,3165
2022-06-08,7000,7205,7000,7205,201
2022-06-09,7190,7190,7000,7000,601
2022-06-10,7000,7000,6945,6995,911
2022-06-13,6995,7000,6915,7000,157
2022-06-14,7000,7000,6950,7000,2362
2022-06-15,7000,7000,7000,7000,616
2022-06-16,7000,7000,7000,7000,1735
2022-06-17,7000,7000,7000,7000,734
2022-06-20,7000,7000,6810,7000,2316
2022-06-21,7100,7100,7100,7100,2
2022-06-22,7000,7205,7000,7200,3842
2022-06-23,7205,7205,7200,7200,246
2022-06-24,7200,7200,7150,7200,51
2022-06-27,7200,7200,7000,7000,4883
2022-06-28,7000,7190,7000,7190,262
2022-06-29,6900,7195,6900,7000,1101
2022-06-30,7180,7180,7180,7180,7
2022-07-01,7190,7190,7180,7180,1078
2022-07-04,7180,7190,7150,7150,507
2022-07-05,7150,7180,7100,7180,290
2022-07-06,7100,7100,7000,7100,376
2022-07-07,7010,7195,7000,7100,417
2022-07-08,7000,7000,7000,7000,134
2022-07-11,7100,7100,7000,7000,1327
2022-07-12,7100,7100,7100,7100,105
2022-07-13,7100,7100,6900,7000,1461
2022-07-14,7000,7200,6900,7200,1831
2022-07-15,7000,7000,7000,7000,195
2022-07-18,7000,7200,7000,7200,622
2022-07-19,7175,7175,7175,7175,139
2022-07-20,7190,7190,7100,7185,3742
2022-07-21,7190,7190,7100,7185,2389
2022-07-22,7185,7185,7100,7185,9200
2022-07-25,7185,7300,7050,7185,10462
2022-07-26,7210,7250,7150,7185,9208
2022-07-27,7200,7695,7200,7600,1363
2022-07-28,7600,7600,7455,7585,1077
2022-07-29,6230,7000,6230,6940,4703
2022-08-01,6940,6940,6550,6890,575
2022-08-02,6850,6850,6795,6795,67
2022-08-03,6795,6820,6375,6750,3035
2022-08-04,6550,6600,6540,6540,68
2022-08-05,6540,6600,6375,6590,607
2022-08-09,6545,6590,6450,6500,484
2022-08-10,6500,6500,6400,6400,3977
2022-08-11,6400,6500,6400,6500,2685
2022-08-12,6400,6495,6360,6495,416
2022-08-16,6400,6475,6400,6475,799
2022-08-17,6460,6465,6400,6400,192
2022-08-18,6445,6500,6400,6400,51588
2022-08-19,6300,6740,6300,6725,3428
2022-08-22,6295,6895,6290,6895,1647
2022-08-23,6400,6845,6400,6840,372
2022-08-24,6845,6845,6835,6835,43
2022-08-25,6895,7000,6405,7000,1673
2022-08-26,6990,6990,6475,6950,11169
2022-08-29,6950,6950,6450,6935,99
2022-08-30,6500,6920,6500,6920,197
2022-08-31,6915,7150,6900,7150,3649
2022-09-01,7145,7150,6895,6895,8443
2022-09-02,6895,6895,6700,6700,218
2022-09-05,6600,6650,6200,6650,1635
2022-09-06,6695,6695,6155,6155,1359
2022-09-07,6160,6615,6160,6600,27448
2022-09-08,6600,6600,6185,6540,300
2022-09-09,6530,6535,6200,6535,66
2022-09-12,6200,6800,6200,6800,708
2022-09-13,6500,6895,6500,6890,2621
2022-09-14,6865,6870,6700,6870,22665
2022-09-15,6700,6850,6700,6850,2736
2022-09-16,6800,6800,6800,6800,1132
2022-09-19,6495,6790,6495,6790,222
2022-09-20,6785,6785,6495,6495,488
2022-09-21,6780,6790,6200,6790,60576
2022-09-22,6285,6790,6285,6785,21
2022-09-23,6500,6780,6500,6780,700
2022-09-26,6700,6790,6290,6790,502
2022-09-27,6780,6780,6780,6780,641
2022-09-28,6780,6780,6730,6730,82
2022-09-29,6780,6780,6600,6730,2031
2022-09-30,6775,7100,6730,7100,3186
2022-10-03,7100,7100,7095,7095,475
2022-10-04,6600,6935,6570,6935,577
2022-10-05,6935,6935,6930,6930,388
2022-10-06,6930,6930,6650,6925,577
2022-10-07,6920,6920,6920,6920,6
2022-10-10,6920,6920,6600,6920,102
2022-10-11,6900,6900,6900,6900,2
2022-10-12,6900,6915,6900,6915,195
2022-10-13,6900,6900,6750,6895,126
2022-10-14,6895,6895,6890,6890,99
2022-10-17,6890,6890,6700,6700,404
2022-10-18,6700,6700,6545,6700,5554
2022-10-19,6700,6700,6310,6700,208
2022-10-20,6685,6685,6200,6500,734
2022-10-21,6300,6480,6050,6480,492
2022-10-24,6490,6490,6070,6480,119
2022-10-25,6060,6475,6060,6400,64
2022-10-26,6100,6395,6100,6395,81
2022-10-27,6395,6400,6395,6395,294
2022-10-28,6395,6400,6155,6400,287
2022-10-31,6400,6400,6400,6400,15
2022-11-02,6350,6395,6150,6395,248
2022-11-03,6200,6390,6200,6390,170
2022-11-04,6380,6400,6200,6400,2551
2022-11-07,6390,6390,6390,6390,16
2022-11-08,6300,6300,6200,6200,1222
2022-11-09,6200,6200,6000,6200,500
2022-11-10,6080,6350,6080,6350,521
2022-11-11,6350,6350,6350,6350,2
2022-11-14,6350,6350,6020,6020,32
2022-11-16,6035,6035,5950,5950,2333
2022-11-17,5950,6300,5950,6300,2140
2022-11-18,6000,6300,6000,6300,164
2022-11-21,6300,6300,6300,6300,15
2022-11-22,5950,6300,5950,6300,156
2022-11-24,6245,6300,5950,6300,180
2022-11-25,6000,6295,6000,6295,21
2022-11-28,6000,6300,6000,6300,1296
2022-11-29,6200,6770,6200,6770,3774
2022-11-30,6300,7095,6300,7095,1812
2022-12-01,6770,7200,6770,7200,331
2022-12-02,7100,7390,7100,7390,168
2022-12-05,6840,7300,6840,7300,1250
2022-12-06,6900,7300,6900,7300,4840
2022-12-07,7390,7500,7390,7500,1977
2022-12-08,6940,7900,6940,7900,179
2022-12-09,7310,8000,7310,8000,1853
2022-12-12,7875,8000,7400,8000,546
2022-12-13,7400,7960,7400,7960,98
2022-12-14,7975,8555,7365,8540,65902
2022-12-15,8390,8550,7900,8550,3126
2022-12-16,8300,8500,8300,8495,1524
2022-12-19,8400,8495,8400,8490,910
2022-12-20,8400,8400,8400,8400,82
2022-12-21,8000,8390,8000,8390,105
2022-12-22,8000,8390,8000,8390,20033
2022-12-23,8000,8400,8000,8300,15269
2022-12-27,8250,8360,7680,8360,2744
2022-12-28,8350,8400,8350,8400,6460
2022-12-29,8345,8345,8250,8250,1757
2022-12-30,8195,8245,7680,8245,13764
2023-01-04,7990,7990,7990,7990,25
2023-01-05,7975,7975,7950,7950,34
2023-01-06,7795,7795,7355,7355,55
2023-01-09,7355,7790,7355,7790,230
2023-01-11,7500,7500,7210,7210,7
2023-01-12,7100,7100,7100,7100,23
2023-01-13,6670,7050,6670,7050,250
2023-01-16,6950,7100,6950,7100,67
2023-01-17,7000,7505,7000,7505,2681
2023-01-18,7505,7505,7505,7505,80
2023-01-19,7100,7100,7095,7100,183
2023-01-20,6910,7100,6910,7100,337
2023-01-23,6900,7100,6900,7100,1787
2023-01-24,7095,7100,6910,7100,1029
2023-01-25,7100,7100,6900,7100,40
2023-01-26,6910,7100,6910,7100,47
2023-01-27,7100,7100,6955,7095,28
2023-01-30,6950,6950,6570,6900,282
2023-01-31,6900,6900,6895,6895,66
2023-02-01,6825,6895,6500,6895,157
2023-02-02,6895,6895,6850,6895,166
2023-02-03,6825,6895,6825,6895,110
2023-02-06,6895,6900,6895,6900,20773
2023-02-07,6895,6900,6895,6895,508
2023-02-08,7100,7240,7100,7240,13958
2023-02-09,7100,7495,6900,7495,4056
2023-02-10,7240,7480,7240,7480,251
2023-02-13,7335,7335,7335,7335,5
2023-02-14,7335,7335,7200,7200,780
2023-02-15,7100,7200,7100,7200,190
2023-02-16,7100,7200,7100,7200,1112
2023-02-17,7200,7200,6950,7200,590
2023-02-20,7180,7200,6950,7200,37
2023-02-21,6920,7195,6660,7150,566
2023-02-22,7150,7190,6960,7190,2734
2023-02-23,7100,7150,6660,7150,771
2023-02-24,7100,7100,7100,7100,19
2023-02-27,7100,7100,7000,7100,144
2023-02-28,7095,7095,6665,7000,536
2023-03-01,6950,7140,6950,7140,667
2023-03-02,6800,7100,6800,7100,3001
2023-03-03,7100,7100,6670,7000,34
2023-03-06,7000,7000,7000,7000,776
2023-03-07,6995,6995,6800,6995,1085
2023-03-08,7000,7000,6990,6990,1389
2023-03-09,6990,6995,6705,6990,1439
2023-03-10,6990,6990,6990,6990,212
2023-03-13,6990,6990,6800,6985,220
2023-03-14,6990,6990,6985,6990,122
2023-03-15,6990,6990,6990,6990,360
2023-03-16,6750,6975,6750,6900,136
2023-03-17,6900,6900,6900,6900,4
2023-03-20,6900,6900,6705,6900,811
2023-03-21,6900,6900,6750,6900,2108
2023-03-22,6750,6800,6750,6800,41
2023-03-23,6750,6800,6665,6800,2422
2023-03-24,6800,6990,6800,6990,3081
2023-03-27,6980,6980,6810,6980,9
2023-03-28,6810,6980,6810,6980,501
2023-03-29,6980,6980,6980,6980,78
2023-03-30,6980,6980,6805,6900,954
2023-03-31,6815,6900,6800,6900,397
2023-04-03,6805,6950,6800,6950,46
2023-04-05,6900,6900,6800,6800,72
2023-04-06,6800,6860,6700,6860,380
2023-04-12,6505,6900,6505,6900,31
2023-04-13,6800,6900,6710,6900,309
2023-04-14,6800,6900,6800,6900,11
2023-04-17,6710,6900,6700,6900,141
2023-04-19,6800,6800,6800,6800,35
2023-04-24,6700,6750,6600,6750,138
2023-04-25,6700,6990,6700,6990,17613
2023-04-26,6980,7500,6805,7500,7209
2023-04-27,7200,7500,7200,7500,503
2023-04-28,7500,7500,7475,7475,62
2023-05-02,7475,7985,7475,7980,588
2023-05-03,7500,7500,7385,7385,799
2023-05-04,7500,7935,7500,7935,664
2023-05-05,7900,7935,7900,7900,346
2023-05-08,7900,7900,7385,7895,335
2023-05-09,7900,7900,7900,7900,45
2023-05-10,7310,7895,7310,7895,486
2023-05-11,7850,7885,7850,7885,20
2023-05-12,7885,7885,7885,7885,94
2023-05-15,7885,7885,7845,7845,298
2023-05-16,7845,7845,7800,7800,187
2023-05-17,7800,7800,7500,7750,55
2023-05-19,7750,7750,7500,7750,85
2023-05-22,7895,7895,7725,7750,207
2023-05-23,7195,7730,7195,7730,158
2023-05-24,7720,7730,7720,7730,200
2023-05-25,7285,7720,7285,7720,43
2023-05-26,7720,7720,7715,7715,12
2023-05-30,7700,7700,7300,7695,272
2023-05-31,7695,7730,7695,7730,175
2023-06-01,7695,7730,7695,7730,86
2023-06-02,7730,7730,7300,7730,61
2023-06-05,7730,7730,7365,7730,92
2023-06-06,7700,7700,7400,7700,238
2023-06-07,7650,7700,7650,7700,41
2023-06-08,7700,7700,7505,7700,481
2023-06-09,7700,7700,7700,7700,8
2023-06-12,7700,7730,7700,7700,176
2023-06-13,7700,7700,7700,7700,59
2023-06-14,7585,7695,7585,7695,15
2023-06-15,7695,7695,7695,7695,1
2023-06-16,7695,7725,7695,7725,370
2023-06-19,7695,7695,7695,7695,16
2023-06-20,7310,7695,7310,7670,838
2023-06-21,7320,7675,7320,7665,47
2023-06-22,7595,7650,7595,7650,132
2023-06-23,7500,7650,7500,7650,1678
2023-06-26,7505,7695,7505,7695,155
2023-06-27,7695,7695,7600,7640,551
2023-06-29,7640,7695,7640,7695,439
2023-06-30,7695,7695,7695,7695,1
2023-07-03,7730,7730,7695,7695,574
2023-07-04,7730,7730,7680,7695,784
2023-07-05,7695,7695,7695,7695,131
2023-07-06,7695,7695,7680,7685,617
2023-07-07,7690,7705,7690,7705,313
2023-07-10,7730,7900,7710,7900,1562
2023-07-11,7900,7935,7750,7935,389
2023-07-12,7930,7935,7930,7935,30
2023-07-13,7900,7935,7805,7935,300
2023-07-14,7805,8095,7805,8095,391
2023-07-17,8095,8095,7995,7995,36
2023-07-18,8000,8300,7995,8290,2093
2023-07-19,8290,8300,8290,8290,2412
2023-07-20,8290,8290,8200,8290,379
2023-07-21,8290,8350,8290,8350,2939
2023-07-24,8375,8375,8290,8300,509
2023-07-25,8295,8370,8295,8300,1140
2023-07-26,8295,8340,8105,8340,389
2023-07-27,8345,8500,8295,8500,4668
2023-07-28,8340,9000,8340,9000,1081
2023-07-31,9100,9400,8510,9295,863
2023-08-01,9290,9290,8600,9200,1772
2023-08-02,9150,9200,9050,9190,60727
2023-08-03,8605,9000,8500,8990,748
2023-08-04,8800,8800,8500,8800,501
2023-08-08,8800,8800,8500,8600,107
2023-08-09,8350,8595,8350,8505,10675
2023-08-10,8500,8590,7925,8500,6233
2023-08-11,8480,8500,8400,8495,256
2023-08-14,8495,8495,8400,8490,924
2023-08-16,8490,8490,8485,8485,21
2023-08-17,8470,8470,8100,8395,376
2023-08-18,8395,8395,8100,8390,1853
2023-08-21,8390,8390,7900,8385,652
2023-08-22,8385,8490,8385,8390,3971
2023-08-23,8385,8490,8005,8490,18
2023-08-24,8020,8485,8020,8415,344
2023-08-25,8415,8480,8415,8480,253
2023-08-28,8480,8480,8415,8480,413
2023-08-29,8360,8480,8300,8300,51
2023-08-30,8300,8300,8300,8300,1
2023-08-31,8300,8300,8020,8150,61
2023-09-01,8150,8150,8100,8150,346
2023-09-04,8100,8150,8100,8150,53
2023-09-05,8150,8300,8100,8300,2417
2023-09-06,8150,8300,8150,8295,1171
2023-09-07,8200,8300,8200,8300,590
2023-09-08,8300,8480,8220,8480,249
2023-09-11,8300,8480,8300,8480,1044
2023-09-12,8480,8480,8400,8475,106
2023-09-13,8475,8475,8400,8475,109
2023-09-14,8475,8485,8400,8485,887
2023-09-15,8300,8480,7900,8480,12868
2023-09-18,8010,8380,8010,8380,30
2023-09-19,8390,8390,8350,8350,35
2023-09-20,8350,8600,7970,8575,1314
2023-09-21,8350,8570,8010,8570,1151
2023-09-22,8400,8500,8400,8500,85
2023-09-25,8495,8600,8035,8575,599
2023-09-26,8450,9180,8450,9180,652
2023-09-28,9180,9400,8575,9400,441
2023-10-02,9000,9000,8695,8695,89
2023-10-03,8200,8200,8045,8045,635
2023-10-04,7490,7490,7445,7445,1376
2023-10-05,7020,7445,7020,7445,2779
2023-10-06,7300,7895,7055,7895,1615
2023-10-09,7895,7895,7700,7895,361
2023-10-10,7895,7895,7550,7875,79
2023-10-11,7875,7895,7865,7865,147
2023-10-12,7860,7955,7555,7955,522
2023-10-13,7445,8500,7445,8445,867
2023-10-16,7815,8395,7815,8395,95
2023-10-17,8395,8395,8300,8355,58
2023-10-18,8355,8355,8335,8335,53
2023-10-19,8325,8325,8325,8325,18
2023-10-20,7705,8150,7705,8150,102
2023-10-23,8150,8150,8150,8150,2
2023-10-24,8000,8150,8000,8150,10
2023-10-25,8100,8100,7990,7990,126
2023-10-26,7985,7985,7985,7985,7
2023-10-27,7985,7985,7950,7950,107
2023-10-31,7940,7940,7900,7900,56
2023-11-02,7900,7900,7890,7895,170
2023-11-03,7900,7900,7890,7890,410
2023-11-06,7890,7900,7300,7900,597
2023-11-07,7890,7890,7310,7890,166
2023-11-09,7880,7880,7310,7880,38
2023-11-10,7850,7885,7850,7885,120
2023-11-13,7880,7880,7295,7880,12755
2023-11-16,7850,7850,7850,7850,26
2023-11-17,7265,7800,7265,7790,742
2023-11-20,7790,7790,7210,7215,88
2023-11-21,7215,7340,7000,7340,5167
2023-11-22,7000,7000,7000,7000,332
2023-11-23,7000,7000,6890,7000,145
2023-11-24,7000,7525,7000,7100,4821
2023-11-27,7100,7630,7100,7630,7618
2023-11-28,7630,7890,7630,7885,324
2023-11-29,7885,7890,7295,7890,127
2023-11-30,7785,7785,7785,7785,160
2023-12-01,7785,7785,7630,7630,178
2023-12-04,7105,7785,7105,7785,372
2023-12-05,7220,7785,7220,7785,417
2023-12-06,7215,7785,7210,7785,176
2023-12-07,7205,7785,7205,7745,5022
2023-12-08,7200,7740,7165,7740,5015
2023-12-11,7740,7740,7735,7735,12507
2023-12-12,7740,7740,7155,7700,5347
2023-12-13,7695,7695,7125,7125,179
2023-12-14,7650,7650,6595,7545,17503
2023-12-15,6980,6980,6980,6980,555
2023-12-18,6500,7500,6460,7485,10088
2023-12-19,6925,7395,6925,6925,2138
2023-12-20,7345,7395,6410,7095,12570
2023-12-21,7095,7095,6565,7095,76
2023-12-22,7095,7500,7095,7500,871
2023-12-26,7095,7485,7095,7480,575
2023-12-27,7480,7480,7390,7390,127
2023-12-28,7385,7400,6955,7400,864
2023-12-29,7390,7390,7295,7385,2628
2024-01-02,7295,7370,7295,7365,221
2024-01-03,7295,7400,7295,7395,450
2024-01-04,7390,7390,6950,7390,16
2024-01-05,7385,7385,7350,7385,88
2024-01-08,7380,7380,7250,7380,20
2024-01-09,6950,7380,6950,7380,19
2024-01-10,7010,7350,7010,7350,16
2024-01-11,7010,7350,7010,7350,164
2024-01-12,7250,7350,6890,7350,168
2024-01-15,7350,7350,6890,7350,64
2024-01-16,7350,7350,7350,7350,14
2024-01-17,7345,7345,7200,7200,13
2024-01-18,7350,7350,7350,7350,10
2024-01-19,6890,7345,6890,7345,191
2024-01-22,7300,7340,7300,7340,33
2024-01-23,7300,7300,7300,7300,13
2024-01-24,6755,7300,6755,7295,38
2024-01-25,7295,7295,7245,7295,37
2024-01-26,7295,7295,6950,7295,70
2024-01-29,6950,7200,6950,7200,65
2024-01-30,7195,7195,6945,7190,224
2024-01-31,7175,7175,7175,7175,12
2024-02-01,7175,7175,7100,7155,123
2024-02-02,7100,7150,7095,7150,88
2024-02-05,6800,7000,6800,6995,126
2024-02-06,6995,6995,6475,6995,285
2024-02-07,6695,6995,6695,6995,746
2024-02-09,6700,6995,6700,6995,27
2024-02-13,6995,6995,6695,6995,212
2024-02-14,6990,6990,6990,6990,28
2024-02-15,6990,6990,6950,6990,44
2024-02-16,6900,6990,6900,6990,18
2024-02-19,6990,6990,6990,6990,10
2024-02-20,6990,7000,6800,7000,177
2024-02-21,7000,7100,6995,7100,217
2024-02-22,6800,7100,6800,7100,166
2024-02-23,7000,7100,6950,7100,58
2024-02-26,7000,7000,7000,7000,192
2024-02-27,6700,6995,6500,6995,432
2024-02-28,6695,6995,6695,6995,314
2024-02-29,6950,6995,6950,6990,61
2024-03-01,6990,6995,6555,6990,55
2024-03-04,6990,6990,6900,6900,55
2024-03-05,6900,6900,6605,6900,9
2024-03-06,6885,6885,6885,6885,5
2024-03-07,6885,6900,6615,6890,130
2024-03-08,6890,6890,6850,6850,22
2024-03-11,6615,6890,6615,6890,144
2024-03-12,6800,6800,6620,6800,1122
2024-03-13,6650,6800,6400,6780,554
2024-03-14,6770,6770,6770,6770,3
2024-03-15,6770,6770,6770,6770,47
2024-03-18,6770,6770,6700,6770,649
2024-03-19,6770,6770,6550,6770,14913
2024-03-20,6770,6770,6560,6770,32
2024-03-21,6770,6770,6500,6760,579
2024-03-22,6700,6700,6700,6700,6
2024-03-25,6600,6600,6400,6500,850
2024-03-26,6250,6900,6250,6900,451
2024-03-27,6900,6900,6900,6900,21
2024-03-28,6500,6900,6500,6895,158
2024-03-29,6895,6900,6895,6900,116
2024-04-02,6890,6890,6800,6890,226
2024-04-03,6895,6900,6800,6900,296
2024-04-04,6800,6895,6505,6890,633
2024-04-05,6890,6900,6500,6900,316
2024-04-08,6900,6900,6850,6850,84
2024-04-09,6850,6850,6800,6850,36
2024-04-11,6510,6850,6510,6850,69
2024-04-12,6850,6850,6850,6850,136
2024-04-15,6850,6850,6850,6850,516
2024-04-16,6850,6850,6640,6800,71
2024-04-17,6800,6895,6650,6895,3429
2024-04-18,6700,6890,6700,6890,1591
2024-04-19,6890,6890,6890,6890,110
2024-04-22,6890,6890,6700,6890,231
2024-04-24,6850,6850,6580,6580,130
2024-04-25,6580,6850,6550,6850,1224
2024-04-26,6850,6900,6850,6900,808
2024-04-29,6900,6900,6885,6900,51
2024-04-30,6900,6900,6900,6900,347
2024-05-02,6900,6900,6900,6900,355
2024-05-03,6900,6900,6865,6900,392
2024-05-06,6900,7100,6600,7100,4151
2024-05-07,7100,7630,7000,7630,2550
2024-05-08,7630,7750,7500,7630,274
2024-05-10,7630,7630,7580,7580,105
2024-05-13,7530,7600,7500,7510,432
2024-05-14,7500,7550,7495,7500,1013
2024-05-15,7500,7500,7105,7490,611
2024-05-16,7490,7490,7400,7490,311
2024-05-17,7400,7490,7105,7490,688
2024-05-21,7490,7490,7300,7490,63
2024-05-22,7490,7490,7490,7490,507
2024-05-23,7400,7500,7400,7500,794
2024-05-24,7500,7550,7500,7550,483
2024-05-27,7550,7550,7495,7495,12170
2024-05-28,7500,7500,7480,7480,2799
2024-05-29,7500,7500,7480,7485,3380
2024-05-30,7490,7490,7450,7490,2202
2024-05-31,7490,7490,7400,7490,3695
2024-06-03,7500,7500,7490,7500,10196
2024-06-04,7500,7500,7400,7500,4987
2024-06-05,7495,7700,7400,7500,6759
2024-06-06,7500,7500,7400,7495,5233
2024-06-07,7495,7500,7385,7500,5593
2024-06-10,7400,7500,7400,7495,2567
2024-06-11,7500,7500,7495,7495,3055
2024-06-12,7495,7500,7400,7400,3654
2024-06-13,7500,7500,7395,7495,4610
2024-06-14,7500,7500,7390,7495,932
2024-06-18,7500,7995,7400,7995,3508
2024-06-19,7995,7995,7400,7500,5138
2024-06-20,7500,7500,7390,7500,2103
2024-06-21,7500,7500,7380,7495,4197
2024-06-24,7495,7500,7495,7500,2178
2024-06-25,7500,7500,7350,7500,2822
2024-06-26,7495,7500,7415,7500,551
2024-06-27,7500,7500,7500,7500,2207
2024-06-28,7500,7500,7385,7500,2375
2024-07-01,7500,7500,7350,7500,1958
2024-07-02,7495,7500,7350,7390,2267
2024-07-03,7490,7500,7350,7495,2968
2024-07-04,7500,7800,7500,7500,30663
2024-07-05,7500,7800,7350,7800,3046
2024-07-08,7800,7800,7350,7500,1916
2024-07-09,7500,7500,7455,7500,3292
2024-07-10,7350,7500,7350,7500,4654
2024-07-11,7500,7500,7360,7400,4621
2024-07-12,7480,7480,7400,7400,1052
2024-07-15,7500,7500,7300,7450,3629
2024-07-16,7400,7500,7400,7500,1815
2024-07-17,7510,7510,7370,7500,1349
2024-07-18,7500,7500,7450,7500,678
2024-07-19,7545,7545,7400,7500,1081
2024-07-22,7490,7500,7350,7500,2898
2024-07-23,7500,7785,7400,7500,1308
2024-07-24,7550,7550,7405,7500,983
2024-07-25,7500,7500,7350,7500,4455
2024-07-26,7505,7780,7350,7780,4748
2024-07-29,7780,7990,7600,7600,465
2024-07-30,7500,7750,7450,7750,3744
2024-07-31,7700,8000,7350,8000,6997
2024-08-01,8000,8000,7500,7500,1702
2024-08-02,7990,7990,7305,7790,11806
2024-08-05,7790,7795,7350,7775,7679
2024-08-06,7500,7800,7350,7795,5711
2024-08-08,7795,7795,7350,7700,10496
2024-08-09,7700,7700,7350,7675,6474
2024-08-12,7700,7700,7500,7500,946
2024-08-13,7645,7645,7455,7500,4573
2024-08-14,7600,7600,7350,7500,4353
2024-08-16,7300,7300,7035,7150,1080
2024-08-19,7280,7280,7150,7180,4519
2024-08-20,7155,7180,7125,7175,2211
2024-08-21,7180,7190,7000,7185,5085
2024-08-22,7185,7190,7000,7190,8005
2024-08-23,7190,7190,7105,7150,2240
2024-08-26,7150,7150,7080,7100,2947
2024-08-27,7100,7100,7000,7095,6342
2024-08-28,7100,7100,6990,6990,3546
2024-08-29,7000,7000,6950,6950,1906
2024-08-30,6915,7000,6915,7000,491
2024-09-02,7100,7190,7050,7050,887
2024-09-03,7050,7190,7000,7000,3697
2024-09-04,7000,7190,7000,7150,3146
2024-09-05,7150,7150,7000,7000,1923
2024-09-06,7100,7100,7000,7000,2346
2024-09-09,7005,7005,7000,7000,2660
2024-09-10,7005,7135,6995,7000,3535
2024-09-11,6995,7005,6995,7000,1570
2024-09-12,7000,7100,7000,7095,1275
2024-09-13,7095,7095,7000,7000,1499
2024-09-16,7000,7100,6995,7000,1435
2024-09-17,7000,7000,6965,6965,2387
2024-09-18,6980,7000,6965,7000,3107
2024-09-19,7000,7000,6980,7000,1989
2024-09-20,7000,7000,6970,7000,5440
2024-09-23,7000,7000,6985,7000,4484
2024-09-24,7000,7000,6980,7000,4853
2024-09-25,7000,7000,7000,7000,1891
2024-09-26,7000,7000,6980,7000,5310
2024-09-27,7000,7000,6990,7000,1063
2024-09-30,7000,7000,6980,7000,6944
2024-10-01,7000,7000,6990,7000,2389
2024-10-02,7000,7000,6990,7000,1604
2024-10-03,7000,7000,7000,7000,3555
2024-10-04,7000,7000,6990,7000,1674
2024-10-07,7000,7000,6995,7000,3354
2024-10-08,7000,7000,6900,6990,13354
2024-10-09,6990,7000,6990,6995,1209
2024-10-10,6990,6995,6990,6990,849
2024-10-11,6995,6995,6980,6985,1574
2024-10-14,6990,6990,6985,6990,1491
2024-10-15,6990,6995,6985,6990,72572
2024-10-16,7000,7005,6990,6990,4425
2024-10-17,6990,7000,6990,6990,48362
2024-10-18,7000,7125,6910,7125,25411
2024-10-21,7120,7150,6990,7150,4625
2024-10-22,7125,7125,6990,7120,1366
2024-10-23,7110,7120,7100,7120,252
2024-10-24,7125,7140,6990,7100,2015
2024-10-25,7100,7100,7000,7100,2091
2024-10-28,7100,7100,7000,7095,1501
2024-10-29,7625,7625,7625,7625,38541
2024-10-30,8000,8000,7650,7885,15441
2024-10-31,7885,7885,7875,7875,703
2024-11-04,7875,7875,7750,7800,6752
2024-11-05,7800,7800,7700,7750,26441
2024-11-06,7800,7800,7700,7800,11883
2024-11-07,7800,7820,7755,7795,721
2024-11-08,7795,7805,7780,7800,8412
2024-11-11,7800,7815,7800,7800,10744
2024-11-12,7800,7820,7795,7800,2761
2024-11-13,7800,7820,7800,7800,391
2024-11-14,7815,7845,7815,7845,187
2024-11-18,7850,7940,7830,7850,1173
2024-11-19,7850,7945,7750,7940,38849
2024-11-20,7940,7980,7940,7950,11085
2024-11-21,7900,7990,7900,7990,177
2024-11-22,7950,7990,7900,7985,1025
2024-11-25,7985,7995,7980,7995,1358
2024-11-26,7970,7990,7970,7985,749
2024-11-27,7950,7985,7950,7980,1099
2024-11-28,7985,7995,7985,7995,761
2024-11-29,7995,7995,7980,7995,1004
2024-12-02,7995,7995,7950,7985,650
2024-12-03,7985,7985,7950,7950,2182
2024-12-04,7985,7985,7950,7955,2248
2024-12-05,7955,7975,7955,7975,437
2024-12-06,7975,7980,7950,7950,2871
2024-12-09,7920,7950,7920,7940,2372
2024-12-10,7940,7950,7850,7950,4224
2024-12-11,7940,7980,7940,7955,844
2024-12-12,7955,7980,7955,7975,421
2024-12-13,7975,7975,7975,7975,1241
2024-12-16,7970,7985,7960,7960,1008
2024-12-17,7965,7985,7955,7985,3020
2024-12-18,7985,7985,7960,7960,683
2024-12-19,7960,7975,7900,7960,1544
2024-12-20,7970,7975,7960,7970,1122
2024-12-23,7960,7975,7960,7960,301
2024-12-24,7940,7970,7940,7960,185
2024-12-26,7980,7980,7960,7960,1135
2024-12-27,7955,7955,7925,7955,1882
2024-12-30,7925,7955,7900,7900,1261
2024-12-31,7905,7960,7900,7960,2136
2025-01-02,7960,7975,7960,7960,288
2025-01-03,7960,7975,7900,7900,727
2025-01-06,7950,7965,7900,7950,3087
2025-01-07,7955,7955,7895,7900,1843
2025-01-08,7980,7980,7950,7950,1545
2025-01-09,7955,7960,7900,7900,2904
2025-01-10,7910,7950,7900,7900,1838
2025-01-13,7900,7900,7895,7895,1029
2025-01-14,7895,7900,7885,7900,4436
2025-01-15,7900,7985,7900,7980,7301
2025-01-16,7960,7960,7910,7960,630
2025-01-17,7960,7960,7950,7950,584
2025-01-20,7950,7960,7950,7960,418
2025-01-21,7960,7960,7950,7960,1234
2025-01-22,7960,7960,7905,7960,1173
2025-01-23,7975,7985,7960,7985,1445
2025-01-24,7980,7985,7960,7985,3527
2025-01-27,7985,8100,7985,8100,556
2025-01-28,8100,8340,8090,8260,356
2025-01-29,8260,8320,8260,8320,577
2025-01-30,8320,8395,8315,8315,1627
2025-01-31,8300,8400,8300,8400,979
2025-02-03,8390,8500,8320,8400,1437
2025-02-04,8500,8500,8425,8425,4630
2025-02-05,8500,8995,8425,8525,6953
2025-02-06,8525,8900,8525,8895,6237
2025-02-07,8980,8980,8525,8895,940
2025-02-10,8895,8900,8890,8895,8891
2025-02-11,8985,8985,8800,8895,621
2025-02-12,8905,9100,8530,9100,14449
2025-02-13,9100,9200,8625,9180,5747
2025-02-14,9180,9200,8985,9200,1260
2025-02-17,9200,9200,8990,9100,1283
2025-02-18,9200,9200,9100,9180,203
2025-02-19,9180,9180,9100,9180,393
2025-02-20,9180,9275,9180,9200,5297
2025-02-21,9200,9300,9200,9265,3124
2025-02-24,9265,9350,9265,9350,4427
2025-02-25,9350,9400,9250,9350,2745
2025-02-26,9485,9485,9300,9390,6707
2025-02-27,9390,9400,9350,9355,906
2025-02-28,9360,9400,9360,9400,1059
2025-03-03,9355,9355,9095,9300,3134
2025-03-04,9290,9350,9250,9250,4046
2025-03-05,9250,9350,9250,9350,306
2025-03-06,9350,9400,9350,9350,2260
2025-03-07,9360,9500,9360,9500,1822
2025-03-10,9510,9900,9510,9800,681
2025-03-11,9800,9850,9700,9800,1953
2025-03-12,10000,10000,9900,9990,2109
2025-03-13,9990,10000,9990,9995,1135
2025-03-14,9995,10200,9995,10100,977
2025-03-17,10100,10250,9990,10250,2658
2025-03-18,10050,10300,10050,10200,927
2025-03-19,10195,10240,10000,10200,2761
2025-03-20,10180,10200,10000,10000,16842
2025-03-21,10100,10150,9810,10150,372
2025-03-24,10100,10150,9800,10000,8031
2025-03-25,10000,10000,9990,10000,799
2025-03-26,9990,9995,9600,9990,2312
2025-03-28,9995,10150,9980,9995,66643
2025-04-01,9995,9995,9950,9950,454
2025-04-02,9900,10000,9900,9950,7543
2025-04-03,9950,9955,9860,9950,2852
2025-04-04,9850,9990,9850,9980,365
2025-04-07,9850,9950,9600,9945,1680
2025-04-08,9945,9995,9800,9995,677
2025-04-09,9930,9930,9500,9900,6195
2025-04-10,9900,9900,9740,9800,9822
2025-04-11,9800,9880,9700,9880,2128
2025-04-14,9900,9900,9880,9900,237
2025-04-15,9900,9930,9880,9930,307
2025-04-16,9930,9950,9700,9930,832
2025-04-17,9930,9930,9930,9930,98
2025-04-18,9900,9900,9895,9895,380
2025-04-22,9900,9900,9850,9900,2356
2025-04-23,9900,9900,9800,9900,667
2025-04-24,9900,9900,9160,9900,2003
2025-04-25,9895,9900,9850,9885,215
2025-04-28,9885,9895,9800,9800,271
2025-04-29,9800,9995,9800,9995,2494
2025-04-30,9990,9990,9990,9990,34
2025-05-02,9900,9990,9900,9940,3578
2025-05-05,9940,9940,9780,9800,1689
2025-05-06,9800,9800,9755,9790,285
2025-05-07,9780,9985,9700,9980,20499
2025-05-08,9800,9950,9500,9500,4228
2025-05-09,9500,9900,9500,9900,30927
2025-05-12,9850,9900,9705,9900,10448
2025-05-13,9900,9950,9895,9950,575
2025-05-14,9980,10000,9955,9990,745
2025-05-15,9990,10100,9990,10100,662
2025-05-16,10095,10100,10000,10100,373
2025-05-19,10100,10495,10100,10200,8000
2025-05-20,10700,10700,10200,10500,2863
2025-05-21,10505,10505,10250,10400,297
2025-05-22,10500,10500,10400,10400,476
2025-05-23,10400,10400,10200,10400,2883
2025-05-26,10400,10400,10200,10400,2341
2025-05-27,10310,10500,10310,10500,10860
2025-05-28,10550,10600,10500,10600,635
2025-05-30,10600,10700,10600,10700,1953
2025-06-02,10640,10700,10640,10700,309
2025-06-03,10700,10700,10640,10640,1181
2025-06-04,10650,10750,10650,10750,681
2025-06-05,10750,10750,10745,10745,81
2025-06-10,10750,10950,10700,10800,967
2025-06-11,10700,10750,10700,10750,163
2025-06-12,10800,11500,10750,11400,894
2025-06-13,11400,11400,10995,11395,1735
2025-06-16,11000,11150,10760,11150,5013
2025-06-17,11140,11140,11000,11000,3385
2025-06-18,11000,11150,10900,11150,5066
2025-06-19,11150,11150,11000,11100,174
2025-06-20,11150,11150,10765,11150,2561
2025-06-23,11150,11150,11125,11150,859
2025-06-24,11140,11150,11100,11150,500
2025-06-25,11150,11150,11000,11150,10808
2025-06-26,11150,11150,11100,11145,85
2025-06-27,11150,11150,11050,11050,594
2025-06-30,11150,11150,11050,11140,138
2025-07-01,11135,11200,11135,11150,3878
2025-07-02,11150,11345,11150,11345,4264
2025-07-03,11345,11395,11185,11345,457
2025-07-04,11345,11345,11175,11340,820
2025-07-07,11335,11335,11205,11335,1739
2025-07-08,11200,11300,11160,11300,1614
2025-07-09,11300,11345,11300,11310,980
2025-07-10,11310,11395,11300,11350,690
2025-07-11,11395,11395,11350,11350,395
2025-07-14,11340,11350,11300,11300,480
2025-07-15,11300,11510,11290,11500,11840
2025-07-16,11510,11935,11400,11800,680
2025-07-17,11800,11890,11800,11800,1207
2025-07-18,11850,11850,11800,11800,1562
2025-07-21,11800,11850,11500,11700,536
2025-07-22,11800,11800,11500,11800,694
2025-07-23,11800,11900,11700,11900,8033
2025-07-24,11900,11900,11700,11800,5790
2025-07-25,11710,11950,11650,11950,6216
2025-07-28,11985,12100,11950,11950,1962
2025-07-29,11950,12000,11900,11955,880
2025-07-30,12000,12100,11960,12000,7014
2025-07-31,12000,12100,12000,12005,1699
2025-08-01,12005,12100,12005,12100,153
2025-08-04,12100,12150,12010,12150,879
2025-08-05,12140,12200,12140,12200,636
2025-08-06,12200,12200,12100,12200,132
2025-08-08,12200,12450,12200,12300,2768
2025-08-11,12295,12475,12295,12475,1210
2025-08-12,12500,12600,12500,12600,6458
2025-08-13,12550,12550,11900,12190,328
2025-08-14,12200,12200,12100,12100,1760
2025-08-18,12100,12200,12000,12200,2485
2025-08-19,12300,12300,12200,12275,4469
2025-08-20,12105,12305,12100,12200,1646
2025-08-21,12205,12300,12205,12300,683
2025-08-22,12210,12300,12210,12300,647
2025-08-25,12255,12500,12200,12500,15137
2025-08-26,12300,12500,12300,12500,2296
2025-08-27,12500,12600,12445,12600,716
2025-08-28,12850,12850,12550,12550,384
2025-08-29,12550,12650,12530,12535,378
2025-09-01,12555,12600,12535,12585,1202
2025-09-02,12580,12585,12530,12580,304
2025-09-03,12525,13000,12505,13000,22901
2025-09-05,13120,13400,13120,13135,1299
2025-09-08,13135,13135,12800,12950,1101
2025-09-09,12800,13000,12800,12950,2110
2025-09-10,12850,13100,12850,13100,933
2025-09-11,12950,13100,12900,13100,711
2025-09-12,13100,13100,12955,13100,743
2025-09-15,13100,13100,13050,13050,360
2025-09-16,13090,13095,13000,13050,447
2025-09-17,13050,13095,12960,13050,2348
2025-09-18,13050,13050,13000,13000,597
2025-09-19,13000,13000,12500,12850,1206
2025-09-22,12850,13000,12850,12905,263
2025-09-23,12905,13000,12905,12910,764
2025-09-24,12910,12950,12905,12915,496
2025-09-25,12915,13000,12905,12915,680
2025-09-26,12915,13090,12915,13000,1269
2025-09-29,13050,13050,12910,12935,196
2025-09-30,13000,13100,12935,12935,890
2025-10-01,12935,13000,12935,13000,80
2025-10-02,13000,13100,13000,13000,808
2025-10-03,13000,13050,13000,13050,530
2025-10-06,13055,13100,13000,13100,420
2025-10-07,13130,13135,13000,13135,2182
2025-10-08,13135,13135,13135,13135,172
2025-10-09,13050,13135,13050,13135,1173
2025-10-10,13135,13135,13005,13125,513
2025-10-13,13005,13135,13005,13125,796
2025-10-14,13100,13250,13050,13245,457
2025-10-15,13245,13400,13200,13200,530
2025-10-16,13280,13300,13180,13180,1080
2025-10-17,13200,13400,13000,13400,1403
2025-10-20,13400,13400,13010,13400,1132
2025-10-21,13400,13400,12995,13100,729
2025-10-22,13500,13500,13100,13400,1044
2025-10-23,13300,13600,13300,13450,568
2025-10-24,13450,13450,13340,13390,251
2025-10-27,13400,13450,12935,13395,1749
2025-10-28,13395,13450,13350,13450,1355
2025-10-29,13500,14455,13500,14455,810
2025-10-30,15495,15495,15100,15250,549
2025-10-31,14110,14110,14110,14110,448
2025-11-03,13060,13060,13055,13055,1197
2025-11-04,12500,12500,12080,12080,522
2025-11-05,11175,11175,11175,11175,858
2025-11-06,10340,10340,10340,10340,1108
2025-11-07,10250,10250,9600,10250,3724
2025-11-10,10250,11000,10250,11000,3373
2025-11-11,11000,11000,10910,10950,2095
2025-11-12,11000,11100,11000,11100,1096
2025-11-13,11100,11600,11100,11500,433
2025-11-14,11050,12200,11050,12000,2103
2025-11-17,11995,12700,11900,12550,1910
2025-11-18,12600,12600,11970,12550,1883
2025-11-19,12550,12550,12350,12410,153
2025-11-20,12380,12400,11500,11500,1108
2025-11-21,11515,11950,11510,11850,324
2025-11-24,11850,11950,11530,11530,223
2025-11-25,11530,11850,11520,11820,655
2025-11-26,11820,11820,11500,11800,15549
2025-11-27,11820,11820,11200,11500,912
2025-11-28,11500,11500,11200,11450,317
2025-12-01,11450,11530,11445,11530,933
2025-12-02,11530,11530,11510,11530,94
2025-12-03,11530,11530,11000,11495,750
2025-12-04,11000,11495,11000,11495,2394
2025-12-05,11495,11495,11450,11450,132
2025-12-08,11450,11450,11050,11400,557
2025-12-09,11400,11420,11400,11420,656
2025-12-10,11400,11400,11080,11400,6396
2025-12-11,11400,11400,11250,11250,248
2025-12-12,11395,11395,11200,11290,218
2025-12-15,11290,11290,11065,11290,1259
2025-12-16,11290,11290,11070,11250,418
2025-12-17,11250,11250,11065,11200,1255
2025-12-18,11200,11200,11065,11200,310
2025-12-19,11200,11200,11065,11150,612
2025-12-22,11145,11150,11000,11050,1657
2025-12-23,11050,11050,10905,10925,413
2025-12-24,10925,10925,10900,10905,297
2025-12-26,10900,10905,10705,10800,1380
2025-12-29,10795,10795,10500,10500,677
2025-12-30,10500,10700,10500,10605,805
2025-12-31,10600,10800,10600,10650,297
2026-01-02,10650,10995,10650,10995,464
2026-01-05,10995,10995,10600,10945,881
2026-01-06,10945,10945,10800,10900,646
2026-01-07,10895,10900,10350,10900,1061
2026-01-08,10900,10945,10900,10900,525
2026-01-09,10900,10995,10500,10980,454
2026-01-12,10995,10995,10600,10700,470
2026-01-13,10700,10980,10500,10900,906
2026-01-14,10900,11500,10800,11500,64592
2026-01-15,11500,11500,10700,10710,793
2026-01-16,10715,11200,10715,11100,263
2026-01-19,11100,11400,11100,11390,866
2026-01-20,11400,11400,11105,11105,190
2026-01-21,11105,11200,11000,11200,1439
2026-01-22,11300,11300,11100,11100,537
2026-01-23,11195,11250,11100,11250,2707
2026-01-26,11300,11395,11150,11395,1004
2026-01-27,11400,11400,11100,11100,3206
2026-01-28,11105,11395,11105,11395,298
2026-01-29,11395,11400,11255,11395,755
2026-01-30,11345,11400,11000,11000,1584
2026-02-02,11500,11500,11400,11400,467
2026-02-03,11395,11450,11250,11400,592
2026-02-04,11400,11450,11400,11445,157
2026-02-05,11440,11450,11400,11450,399
2026-02-06,11450,11495,11450,11450,194
2026-02-09,11500,11500,11450,11500,1621
2026-02-10,11500,11900,11500,11900,511
2026-02-11,11900,11945,11805,11805,402
2026-02-12,11575,11805,11575,11575,499
2026-02-13,11805,11805,11550,11800,620
2026-02-16,11550,11850,11550,11845,559
2026-02-17,11995,11995,11845,11900,419
2026-02-18,11995,12000,11900,12000,449
2026-02-19,12000,12390,12000,12100,521
2026-02-20,12150,12500,12000,12490,482
2026-02-23,12485,13350,12200,12985,3242
2026-02-24,12985,12985,12600,12600,475
2026-02-25,12590,13000,12500,12975,1877
2026-02-26,12975,13000,12400,12500,1331
2026-02-27,12500,12900,12500,12505,278
2026-03-02,12500,12500,12400,12400,1786
2026-03-03,12500,12700,12430,12500,451
2026-03-04,12700,12700,12400,12500,373
2026-03-05,12500,12600,12255,12500,754
2026-03-06,12500,12700,12500,12700,690
2026-03-09,12700,12700,12500,12695,647
2026-03-10,12700,13250,12695,13000,1770
2026-03-11,13000,13000,12800,12995,266
2026-03-12,12995,13000,12505,12900,2767
2026-03-13,12900,12950,12900,12940,136
2026-03-17,12940,12940,12125,12900,413
2026-03-18,12900,12900,12505,12890,296
2026-03-19,12900,12900,12700,12890,1003
2026-03-23,12890,12940,12600,12890,508
2026-03-24,12875,13000,12605,13000,50573
2026-03-25,12950,12950,12555,12945,568
2026-03-26,12555,12900,12555,12900,231
2026-03-27,12900,12950,12750,12950,368
2026-03-30,13000,13000,12135,12900,1065
2026-03-31,12900,12900,12210,12800,155
2026-04-01,12800,12800,12210,12500,600
2026-04-02,12500,12500,12230,12450,300
2026-04-03,12500,12500,12300,12300,98
2026-04-07,12300,12400,12135,12300,364
2026-04-08,12125,12325,12125,12200,273
2026-04-09,12200,12300,12000,12300,343
2026-04-10,12300,12300,12280,12280,256
2026-04-13,12300,12300,12000,12000,953
2026-04-14,12000,12000,11545,12000,295
2026-04-15,11800,12000,11600,11995,391
2026-04-16,12000,12000,11800,11800,343
2026-04-17,11800,12000,11700,12000,638
2026-04-20,11900,12500,11500,12480,53612
2026-04-21,12480,12500,12100,12100,342
2026-04-22,12500,12500,11500,12400,288
2026-04-23,12400,12400,12000,12400,293
2026-04-24,12395,12395,12300,12375,96
2026-04-27,12370,12375,11800,12375,173
2026-04-28,12300,12375,11500,11500,440
2026-04-29,12000,12360,11500,12360,565
2026-04-30,12350,12360,11600,12340,157
2026-05-04,12340,12340,12150,12225,2991
2026-05-05,12000,12000,11900,11900,534
2026-05-06,11610,12000,11610,11900,1076
2026-05-07,12000,12000,11700,11700,556
2026-05-08,11700,11700,10900,11650,902
2026-05-11,11700,11700,11105,11150,1755
2026-05-12,11700,11700,11500,11700,470
2026-05-13,11400,11700,11400,11600,437
2026-05-15,11600,11750,11600,11750,431
2026-05-18,11750,11950,11700,11950,686
2026-05-19,11950,11950,11750,11800,1952
2026-05-20,11800,12000,11700,11850,1679
2026-05-21,11950,12510,11900,12490,1636
2026-05-22,12900,13425,12900,13005,748
2026-05-26,13020,13050,13005,13005,653
2026-05-28,13000,13050,12500,12900,3038
2026-05-29,12900,12900,12510,12800,1966
2026-06-01,12055,13000,12055,12990,1316
2026-06-02,12990,13000,12800,12900,3176
2026-06-03,13000,13000,12900,12900,1224
2026-06-04,13000,13000,12800,12995,816
2026-06-05,13000,13200,13000,13200,947
2026-06-08,13200,14000,13000,13490,1011
2026-06-09,13490,14490,13490,14225,1238
2026-06-10,14500,15200,14300,15200,1987
2026-06-11,15200,15655,14600,15325,1660
2026-06-12,15000,15250,15000,15000,1981
2026-06-15,15000,15300,15000,15150,752
2026-06-16,15050,15200,14800,14850,2121
2026-06-17,14850,14880,14600,14650,913
2026-06-18,14795,15100,14600,15095,1055
2026-06-19,14800,15100,14800,15005,839
2026-06-22,15005,15100,15005,15100,373
2026-06-23,15010,15100,15000,15100,932
2026-06-24,15100,15100,14550,15000,6230
2026-06-25,15000,15000,14810,14995,745
2026-06-26,14990,14995,14760,14800,2300
2026-06-29,14900,14995,14760,14760,957
2026-06-30,14760,15500,14760,15495,847
2026-07-01,15495,16000,15495,15990,1095
2026-07-02,16150,16500,16000,16490,1777
2026-07-03,16490,16500,16100,16500,864
2026-07-06,16495,16500,16000,16480,678
2026-07-07,16480,16500,16000,16380,696
2026-07-08,16450,16450,16200,16450,1621
2026-07-09,16450,16480,16200,16395,1479
2026-07-10,16395,16395,16000,16250,192
2026-07-13,15555,16250,15500,16000,1066
2026-07-14,15650,16000,15605,16000,1441
2026-07-15,15900,16000,15900,15930,384
2026-07-16,15930,16000,15800,16000,808
2026-07-17,15930,16000,15800,15800,494
2026-07-20,15800,15990,15800,15985,229
2026-07-21,15975,15990,15900,15985,554
2026-07-22,16000,16100,15900,16100,2184
2026-07-23,16200,16500,16200,16495,423
2026-07-24,16495,16550,16270,16490,395
2026-07-27,16490,16500,16250,16490,513
2026-07-28,16495,16550,16250,16550,979
2026-07-29,16550,16790,16500,16505,460
2026-07-30,16505,16700,16500,16505,180
2026-07-31,16490,16555,16490,16500,356
2026-08-03,16500,16600,15805,16550,1778
2026-08-04,16500,16700,16300,16700,909
2026-08-05,16700,16750,16600,16750,146
2026-08-06,16750,16800,16595,16595,384
2026-08-10,16700,16900,16615,16615,350
2026-08-11,16725,16900,16725,16900,384
2026-08-12,16900,17490,16900,17450,421
2026-08-13,17450,17490,17400,17450,390
2026-08-14,17450,17490,17450,17450,231
2026-08-17,17450,17490,17250,17400,263
2026-08-18,17350,17350,17100,17350,360
2026-08-19,17345,17345,16995,17000,2701
2026-08-20,17250,17250,16990,17000,838
2026-08-21,17000,17000,16990,17000,353
2026-08-24,17000,17000,16605,16900,1138
2026-08-26,16900,16900,16650,16900,850
2026-08-27,16900,16900,16500,16900,2463
2026-08-28,16905,17000,15810,15900,1745
2026-08-31,15915,17000,15915,16750,1395
2026-09-01,16750,17000,16200,16200,783
2026-09-02,16750,17000,16600,16700,896
2026-09-03,16700,16900,16700,16900,1642
2026-09-04,16900,17770,16505,16900,5096
2026-09-07,17200,18165,16600,18000,2286
2026-09-08,18000,18000,16900,16900,2235
2026-09-09,17000,17000,16750,16890,3374
2026-09-10,16890,16890,16560,16700,659
2026-09-11,16700,17000,16700,16900,1354
2026-09-14,16900,17995,16600,16900,1308
2026-09-15,16895,16900,16500,16500,1011
2026-09-16,16500,17735,16300,16400,4078
2026-09-17,16400,16400,16305,16355,392
2026-09-18,16300,16300,15800,16000,4133
2026-09-21,16000,16000,15000,15800,1235
2026-09-22,15000,15795,15000,15200,667
2026-09-23,15100,15150,14500,14500,1952
2026-09-24,14000,14500,14000,14500,1346
2026-09-25,14500,15500,14000,15300,4484
