Date,Open,High,Low,Close,Volume
2006-09-11,150,150,150,150,2441250
2006-09-13,173,173,173,173,2055170
2006-09-18,213,213,213,213,197350
2006-09-19,229,229,229,229,1145000
2006-09-21,264,264,264,264,1662600
2006-09-22,283,283,283,283,109400
2006-09-25,262,262,262,262,504550
2006-09-26,243,243,243,243,283160
2006-09-29,193,193,193,193,177290
2006-10-04,154,154,154,154,168350
2006-10-05,142,142,142,142,900
2006-10-06,132,132,132,132,1970
2006-10-09,122,122,122,122,20440
2006-10-10,113,113,113,113,234620
2006-10-11,121,121,121,121,788240
2006-10-12,124,124,124,124,790480
2006-10-13,124,124,124,124,129660
2006-10-16,119,119,119,119,46460
2006-10-17,115,115,115,115,22600
2006-10-18,124,124,124,124,75350
2006-10-20,122,122,122,122,57200
2006-10-24,120,120,120,120,65430
2006-10-25,120,120,120,120,150
2006-10-26,119,119,119,119,56750
2006-10-27,120,120,120,120,6770
2006-10-30,111,111,111,111,18710
2006-10-31,119,119,119,119,36500
2006-11-02,119,119,119,119,6050
2006-11-03,118,118,118,118,10710
2006-11-06,114,114,114,114,81250
2006-11-07,113,113,113,113,22440
2006-11-08,115,115,115,115,152240
2006-11-09,113,113,113,113,10550
2006-11-10,113,113,113,113,630
2006-11-13,110,110,110,110,9500
2006-11-14,109,109,109,109,228510
2006-11-16,101,101,101,101,22980
2006-11-17,100,100,100,100,69810
2006-11-20,93,93,93,93,5080
2006-11-22,95,95,95,95,20200
2006-11-23,95,95,95,95,17370
2006-11-24,95,95,95,95,3500
2006-11-27,95,95,95,95,3620
2006-11-28,93,93,93,93,14180
2006-11-29,93,93,93,93,91160
2006-11-30,90,90,90,90,15370
2006-12-01,90,90,90,90,58900
2006-12-04,88,88,88,88,25000
2006-12-05,86,86,86,86,95660
2006-12-06,85,85,85,85,57000
2006-12-07,86,86,86,86,28350
2006-12-08,85,85,85,85,22370
2006-12-11,85,85,85,85,35050
2006-12-12,80,80,80,80,45810
2006-12-13,80,80,80,80,60500
2006-12-14,80,80,80,80,1690
2006-12-15,80,80,80,80,56770
2006-12-18,80,80,80,80,68000
2006-12-19,80,80,80,80,116940
2006-12-20,80,80,80,80,21730
2006-12-21,80,80,80,80,2360
2006-12-27,80,80,80,80,49200
2006-12-29,80,80,80,80,5440
2007-01-02,80,80,80,80,5000
2007-01-03,80,80,80,80,21650
2007-01-04,79,79,79,79,164040
2007-01-05,80,80,80,80,7300
2007-01-08,80,80,80,80,224370
2007-01-09,80,80,80,80,5300
2007-01-11,80,80,80,80,17860
2007-01-12,80,80,80,80,1230
2007-01-15,80,80,80,80,44400
2007-01-16,79,79,79,79,14050
2007-01-17,80,80,80,80,217450
2007-01-18,80,80,80,80,37340
2007-01-19,80,80,80,80,50050
2007-01-22,80,80,80,80,59310
2007-01-23,80,80,80,80,20200
2007-01-24,85,85,85,85,9000
2007-01-25,80,80,80,80,64900
2007-01-26,79,79,79,79,40250
2007-01-29,79,79,79,79,30380
2007-01-31,78,78,78,78,100
2007-02-01,73,73,73,73,9720
2007-02-02,75,75,75,75,12900
2007-02-05,75,75,75,75,16050
2007-02-06,75,75,75,75,169720
2007-02-07,74,74,74,74,204210
2007-02-08,74,74,74,74,90120
2007-02-09,74,74,74,74,21410
2007-02-12,74,74,74,74,370500
2007-02-13,76,76,76,76,521880
2007-02-14,76,76,76,76,499835
2007-02-15,80,80,80,80,76990
2007-02-16,80,80,80,80,37150
2007-02-19,80,80,80,80,361340
2007-02-20,80,80,80,80,419405
2007-02-21,86,86,86,86,12500
2007-02-22,90,90,90,90,85500
2007-02-23,94,94,94,94,94970
2007-02-26,90,90,90,90,211720
2007-02-27,90,90,90,90,471560
2007-02-28,96,96,96,96,32740
2007-03-01,100,100,100,100,5000
2007-03-02,107,107,107,107,30000
2007-03-05,107,107,107,107,23145
2007-03-06,107,107,107,107,289195
2007-03-08,107,107,107,107,53660
2007-03-09,107,107,107,107,18070
2007-03-12,103,103,103,103,1012560
2007-03-13,106,106,106,106,17575
2007-03-14,103,103,103,103,600270
2007-03-15,100,100,100,100,16285
2007-03-16,99,99,99,99,44460
2007-03-19,100,100,100,100,514635
2007-03-20,100,100,100,100,34475
2007-03-21,100,100,100,100,1015800
2007-03-22,100,100,100,100,92190
2007-03-23,107,107,107,107,1125
2007-03-26,114,114,114,114,26375
2007-03-28,120,120,120,120,21900
2007-03-29,114,114,114,114,27530
2007-03-30,114,114,114,114,2300
2007-04-02,114,114,114,114,9900
2007-04-03,112,112,112,112,10275
2007-04-04,110,110,110,110,240280
2007-04-05,114,114,114,114,19095
2007-04-06,114,114,114,114,812425
2007-04-10,114,114,114,114,20165
2007-04-11,113,113,113,113,8720
2007-04-12,107,107,107,107,8860
2007-04-13,107,107,107,107,22245
2007-04-16,112,112,112,112,3575
2007-04-17,112,112,112,112,4400
2007-04-18,110,110,110,110,313875
2007-04-19,108,108,108,108,103330
2007-04-20,110,110,110,110,127010
2007-04-23,114,114,114,114,7245
2007-04-24,114,114,114,114,17380
2007-04-25,114,114,114,114,39405
2007-04-26,114,114,114,114,46725
2007-04-27,114,114,114,114,13010
2007-04-30,114,114,114,114,275140
2007-05-02,112,112,112,112,2500
2007-05-03,114,114,114,114,22290
2007-05-04,114,114,114,114,4890
2007-05-07,112,112,112,112,20740
2007-05-08,110,110,110,110,7675
2007-05-09,110,110,110,110,87580
2007-05-10,110,110,110,110,1563715
2007-05-11,110,110,110,110,519285
2007-05-14,110,110,110,110,38335
2007-05-15,109,109,109,109,9550
2007-05-16,106,106,106,106,64785
2007-05-18,106,106,106,106,10350
2007-05-21,106,106,106,106,29550
2007-05-22,102,102,102,102,16575
2007-05-23,99,99,99,99,76960
2007-05-24,100,100,100,100,277575
2007-05-25,106,106,106,106,10000
2007-05-29,106,106,106,106,585430
2007-05-30,106,106,106,106,705490
2007-05-31,102,102,102,102,55000
2007-06-01,102,102,102,102,200015
2007-06-04,102,102,102,102,69810
2007-06-05,100,100,100,100,4590
2007-06-07,102,102,102,102,54050
2007-06-08,104,104,104,104,25325
2007-06-11,104,104,104,104,21350
2007-06-12,102,102,102,102,114520
2007-06-13,100,100,100,100,32780
2007-06-14,100,100,100,100,285000
2007-06-15,102,102,102,102,207050
2007-06-18,100,100,100,100,18875
2007-06-19,99,99,99,99,155000
2007-06-20,100,100,100,100,28265
2007-06-21,106,106,106,106,403000
2007-06-22,104,104,104,104,40525
2007-06-25,104,104,104,104,802150
2007-06-26,106,106,106,106,575000
2007-06-27,112,112,112,112,504395
2007-06-28,120,120,120,120,505500
2007-06-29,129,129,129,129,2500
2007-07-02,129,129,129,129,18120
2007-07-03,120,120,120,120,17390
2007-07-04,129,129,129,129,47775
2007-07-05,129,129,129,129,592750
2007-07-06,129,129,129,129,28130
2007-07-09,129,129,129,129,505175
2007-07-11,129,129,129,129,77370
2007-07-12,128,128,128,128,236140
2007-07-13,128,128,128,128,6220
2007-07-16,120,120,120,120,6850
2007-07-17,113,113,113,113,18125
2007-07-18,112,112,112,112,13275
2007-07-19,112,112,112,112,41300
2007-07-20,119,119,119,119,107115
2007-07-24,109,109,109,109,12875
2007-07-25,106,106,106,106,31025
2007-07-26,109,109,109,109,58665
2007-07-27,106,106,106,106,14095
2007-07-31,106,106,106,106,220730
2007-08-01,106,106,106,106,243250
2007-08-02,109,109,109,109,68100
2007-08-03,108,108,108,108,85860
2007-08-08,106,106,106,106,316025
2007-08-09,100,100,100,100,80800
2007-08-10,106,106,106,106,358180
2007-08-13,106,106,106,106,220425
2007-08-14,102,102,102,102,49320
2007-08-16,106,106,106,106,123205
2007-08-17,104,104,104,104,47300
2007-08-20,104,104,104,104,316765
2007-08-21,108,108,108,108,519015
2007-08-22,108,108,108,108,141480
2007-08-23,107,107,107,107,633120
2007-08-24,107,107,107,107,539125
2007-08-27,107,107,107,107,511210
2007-08-28,106,106,106,106,234735
2007-08-29,107,107,107,107,69465
2007-08-30,106,106,106,106,104300
2007-08-31,110,110,110,110,42975
2007-09-03,110,110,110,110,163625
2007-09-04,110,110,110,110,601350
2007-09-05,110,110,110,110,2840
2007-09-06,109,109,109,109,3715
2007-09-07,104,104,104,104,180345
2007-09-10,104,104,104,104,181670
2007-09-11,104,104,104,104,201660
2007-09-12,104,104,104,104,46900
2007-09-13,104,104,104,104,27295
2007-09-14,103,103,103,103,44905
2007-09-17,102,102,102,102,26460
2007-09-18,102,102,102,102,16215
2007-09-19,100,100,100,100,109945
2007-09-20,100,100,100,100,68150
2007-09-21,99,99,99,99,84525
2007-09-24,100,100,100,100,31675
2007-09-25,101,101,101,101,248810
2007-09-26,101,101,101,101,2281015
2007-09-27,101,101,101,101,2415730
2007-09-28,100,100,100,100,48040
2007-10-01,100,100,100,100,159400
2007-10-02,101,101,101,101,213520
2007-10-03,100,100,100,100,78925
2007-10-04,101,101,101,101,302975
2007-10-05,101,101,101,101,103750
2007-10-08,99,99,99,99,137700
2007-10-10,101,101,101,101,89000
2007-10-11,101,101,101,101,54845
2007-10-15,100,100,100,100,27395
2007-10-16,100,100,100,100,108745
2007-10-17,100,100,100,100,107075
2007-10-18,101,101,101,101,2885
2007-10-19,101,101,101,101,26745
2007-10-22,101,101,101,101,102180
2007-10-23,102,102,102,102,2507050
2007-10-24,103,103,103,103,21045
2007-10-25,102,102,102,102,60000
2007-10-26,101,101,101,101,15000
2007-10-29,102,102,102,102,5000
2007-10-30,102,102,102,102,60370
2007-10-31,101,101,101,101,150000
2007-11-02,101,101,101,101,19495
2007-11-05,101,101,101,101,30430
2007-11-06,102,102,102,102,525810
2007-11-07,102,102,102,102,191920
2007-11-08,102,102,102,102,9000
2007-11-09,108,108,108,108,3000
2007-11-12,109,109,109,109,3500
2007-11-13,110,110,110,110,400500
2007-11-14,110,110,110,110,3340
2007-11-16,102,102,102,102,30000
2007-11-20,104,104,104,104,79680
2007-11-21,104,104,104,104,72130
2007-11-22,106,106,106,106,17800
2007-11-23,106,106,106,106,25375
2007-11-26,106,106,106,106,16295
2007-11-27,106,106,106,106,10095
2007-11-28,104,104,104,104,1500
2007-11-29,104,104,104,104,7950
2007-11-30,104,104,104,104,500000
2007-12-03,102,102,102,102,1500
2007-12-04,100,100,100,100,16450
2007-12-05,100,100,100,100,19945
2007-12-06,100,100,100,100,1225
2007-12-07,102,102,102,102,37825
2007-12-11,101,101,101,101,17255
2007-12-12,101,101,101,101,105440
2007-12-13,102,102,102,102,50010
2007-12-14,102,102,102,102,33320
2007-12-17,104,104,104,104,15430
2007-12-18,101,101,101,101,36845
2007-12-20,102,102,102,102,54475
2007-12-21,102,102,102,102,214575
2007-12-24,102,102,102,102,117180
2007-12-26,102,102,102,102,344250
2007-12-27,101,101,101,101,242490
2007-12-28,102,102,102,102,55675
2007-12-31,102,102,102,102,57250
2008-01-02,100,100,100,100,3825
2008-01-03,102,102,102,102,429720
2008-01-04,102,102,102,102,210505
2008-01-07,102,102,102,102,35500
2008-01-08,102,102,102,102,165495
2008-01-09,102,102,102,102,100040
2008-01-10,104,104,104,104,35940
2008-01-11,104,104,104,104,16625
2008-01-14,106,106,106,106,50000
2008-01-15,107,107,107,107,1590
2008-01-16,106,106,106,106,38810
2008-01-17,106,106,106,106,298965
2008-01-18,107,107,107,107,50140
2008-01-21,107,107,107,107,53445
2008-01-22,104,104,104,104,505330
2008-01-23,104,104,104,104,1284380
2008-01-24,104,104,104,104,39290
2008-01-25,104,104,104,104,1200375
2008-01-28,103,103,103,103,513410
2008-01-29,104,104,104,104,321255
2008-01-30,104,104,104,104,314920
2008-01-31,107,107,107,107,21480
2008-02-01,102,102,102,102,10652625
2008-02-04,104,104,104,104,6105
2008-02-05,105,105,105,105,28005
2008-02-06,104,104,104,104,2051500
2008-02-07,105,105,105,105,36730
2008-02-08,108,108,108,108,87645
2008-02-11,108,108,108,108,8700
2008-02-12,108,108,108,108,174435
2008-02-13,110,110,110,110,7000
2008-02-14,110,110,110,110,56275
2008-02-15,110,110,110,110,38755
2008-02-18,110,110,110,110,1750
2008-02-19,110,110,110,110,107180
2008-02-20,110,110,110,110,25460
2008-02-21,110,110,110,110,15000
2008-02-22,111,111,111,111,106575
2008-02-25,111,111,111,111,1100
2008-02-26,115,115,115,115,83630
2008-02-27,117,117,117,117,83725
2008-02-28,125,125,125,125,70990
2008-02-29,125,125,125,125,239005
2008-03-03,124,124,124,124,2698360
2008-03-04,125,125,125,125,1635805
2008-03-05,123,123,123,123,1550955
2008-03-06,124,124,124,124,3264755
2008-03-07,125,125,125,125,668875
2008-03-10,124,124,124,124,113010
2008-03-11,124,124,124,124,298545
2008-03-12,124,124,124,124,52975
2008-03-13,124,124,124,124,18090
2008-03-14,130,130,130,130,98900
2008-03-17,130,130,130,130,598520
2008-03-18,130,130,130,130,116195
2008-03-19,131,131,131,131,97990
2008-03-21,140,140,140,140,63500
2008-03-25,142,142,142,142,10095
2008-03-26,152,152,152,152,91000
2008-03-27,160,160,160,160,148835
2008-03-28,160,160,160,160,131380
2008-03-31,158,158,158,158,55205
2008-04-01,154,154,154,154,68160
2008-04-02,150,150,150,150,19380
2008-04-03,147,147,147,147,76225
2008-04-04,145,145,145,145,520030
2008-04-08,135,135,135,135,413660
2008-04-09,125,125,125,125,633810
2008-04-10,125,125,125,125,224030
2008-04-11,125,125,125,125,927175
2008-04-14,134,134,134,134,40115
2008-04-15,138,138,138,138,37180
2008-04-16,138,138,138,138,123925
2008-04-17,140,140,140,140,368335
2008-04-18,140,140,140,140,66325
2008-04-21,140,140,140,140,21865
2008-04-22,140,140,140,140,339090
2008-04-23,140,140,140,140,343840
2008-04-24,140,140,140,140,53400
2008-04-25,150,150,150,150,68000
2008-04-28,150,150,150,150,24695
2008-04-29,150,150,150,150,528550
2008-04-30,150,150,150,150,264915
2008-05-02,150,150,150,150,129770
2008-05-05,150,150,150,150,301585
2008-05-06,150,150,150,150,271050
2008-05-07,150,150,150,150,296700
2008-05-08,149,149,149,149,94295
2008-05-09,149,149,149,149,147280
2008-05-13,150,150,150,150,374825
2008-05-14,150,150,150,150,322750
2008-05-15,150,150,150,150,520000
2008-05-16,150,150,150,150,954720
2008-05-19,149,149,149,149,49910
2008-05-20,149,149,149,149,22865
2008-05-21,150,150,150,150,73410
2008-05-22,150,150,150,150,82500
2008-05-23,150,150,150,150,416200
2008-05-26,150,150,150,150,278640
2008-05-27,150,150,150,150,100000
2008-05-28,153,153,153,153,75650
2008-05-29,164,164,164,164,199020
2008-05-30,166,166,166,166,881815
2008-06-02,170,170,170,170,658120
2008-06-03,178,178,178,178,543560
2008-06-04,174,174,174,174,336100
2008-06-05,170,170,170,170,255400
2008-06-06,169,169,169,169,847095
2008-06-09,180,180,180,180,32040
2008-06-10,170,170,170,170,103057
2008-06-11,165,165,165,165,139041
2008-06-12,160,160,160,160,125537
2008-06-13,155,155,155,155,76779
2008-06-16,160,160,160,160,68324
2008-06-17,160,160,160,160,32352
2008-06-18,150,150,150,150,35746
2008-06-19,155,155,155,155,70760
2008-06-20,160,160,160,160,28505
2008-06-23,160,160,160,160,48711
2008-06-24,160,160,160,160,49159
2008-06-25,155,155,155,155,40003
2008-06-26,155,155,155,155,688780
2008-06-27,155,155,155,155,120721
2008-06-30,145,145,145,145,95250
2008-07-01,135,135,135,135,214536
2008-07-02,125,125,125,125,109187
2008-07-03,125,125,125,125,136313
2008-07-04,125,125,125,125,411079
2008-07-08,135,135,135,135,132783
2008-07-09,135,135,135,135,93866
2008-07-10,135,135,135,135,15000
2008-07-11,135,135,135,135,767710
2008-07-14,135,135,135,135,49662
2008-07-15,135,135,135,135,559994
2008-07-16,135,135,135,135,63037
2008-07-17,135,135,135,135,35695
2008-07-18,135,135,135,135,504221
2008-07-21,135,135,135,135,45649
2008-07-22,135,135,135,135,716645
2008-07-23,140,140,140,140,47660
2008-07-24,135,135,135,135,65736
2008-07-25,135,135,135,135,328512
2008-07-28,135,135,135,135,38700
2008-07-29,145,145,145,145,104105
2008-07-30,150,150,150,150,156397
2008-07-31,150,150,150,150,314658
2008-08-01,160,160,160,160,62302
2008-08-04,160,160,160,160,157705
2008-08-05,160,160,160,160,73332
2008-08-06,155,155,155,155,55085
2008-08-08,150,150,150,150,96251
2008-08-11,145,145,145,145,30269
2008-08-12,140,140,140,140,75640
2008-08-13,150,150,150,150,501599
2008-08-14,150,150,150,150,266776
2008-08-18,145,145,145,145,142166
2008-08-19,140,140,140,140,39132
2008-08-20,130,130,130,130,106920
2008-08-21,130,130,130,130,409360
2008-08-22,135,135,135,135,201725
2008-08-25,140,140,140,140,17522
2008-08-26,135,135,135,135,18303
2008-08-27,135,135,135,135,1188
2008-08-28,135,135,135,135,201480
2008-08-29,135,135,135,135,101750
2008-09-01,130,130,130,130,16750
2008-09-02,135,135,135,135,448185
2008-09-03,140,140,140,140,314814
2008-09-04,140,140,140,140,338400
2008-09-05,140,140,140,140,313200
2008-09-08,140,140,140,140,352919
2008-09-09,140,140,140,140,22577
2008-09-10,140,140,140,140,214770
2008-09-11,140,140,140,140,8620
2008-09-12,140,140,140,140,312595
2008-09-15,135,135,135,135,21390
2008-09-16,140,140,140,140,204100
2008-09-17,140,140,140,140,83600
2008-09-18,140,140,140,140,209690
2008-09-19,140,140,140,140,10185
2008-09-22,140,140,140,140,64515
2008-09-23,140,140,140,140,307800
2008-09-24,140,140,140,140,222263
2008-09-25,140,140,140,140,12971
2008-09-26,135,135,135,135,53925
2008-09-29,135,135,135,135,420
2008-10-01,135,135,135,135,320
2008-10-02,135,135,135,135,121747
2008-10-03,135,135,135,135,51496
2008-10-06,140,140,140,140,1346570
2008-10-07,135,135,135,135,53100
2008-10-08,135,135,135,135,37830
2008-10-09,135,135,135,135,99249
2008-10-10,135,135,135,135,74000
2008-10-13,135,135,135,135,13900
2008-10-14,135,135,135,135,9347
2008-10-15,135,135,135,135,32559
2008-10-16,130,130,130,130,1229
2008-10-17,125,125,125,125,2200
2008-10-20,130,130,130,130,17556
2008-10-21,125,125,125,125,210000
2008-10-22,125,125,125,125,39517
2008-10-23,130,130,130,130,12700
2008-10-24,125,125,125,125,24607
2008-10-27,125,125,125,125,310434
2008-10-28,125,125,125,125,316332
2008-10-29,125,125,125,125,104015
2008-10-30,125,125,125,125,1186320
2008-10-31,125,125,125,125,783286
2008-11-03,125,125,125,125,222645
2008-11-04,125,125,125,125,115298
2008-11-05,125,125,125,125,453838
2008-11-06,130,130,130,130,23462
2008-11-07,130,130,130,130,236261
2008-11-10,130,130,130,130,57956
2008-11-11,130,130,130,130,95750
2008-11-12,130,130,130,130,82334
2008-11-13,130,130,130,130,127418
2008-11-14,125,125,125,125,12615
2008-11-17,130,130,130,130,973
2008-11-18,130,130,130,130,123389
2008-11-19,130,130,130,130,19031
2008-11-20,125,125,125,125,87514
2008-11-21,125,125,125,125,18732
2008-11-24,125,125,125,125,54865
2008-11-26,120,120,120,120,31451
2008-11-27,115,115,115,115,279818
2008-11-28,115,115,115,115,35530
2008-12-01,115,115,115,115,625266
2008-12-02,115,115,115,115,447119
2008-12-03,110,110,110,110,2650
2008-12-04,115,115,115,115,39370
2008-12-05,115,115,115,115,11370
2008-12-09,115,115,115,115,25156
2008-12-10,110,110,110,110,32000
2008-12-11,110,110,110,110,17870
2008-12-12,105,105,105,105,44900
2008-12-15,100,100,100,100,28038
2008-12-16,100,100,100,100,25917
2008-12-17,95,95,95,95,43791
2008-12-18,95,95,95,95,49110
2008-12-19,100,100,100,100,17445
2008-12-22,100,100,100,100,39283
2008-12-23,100,100,100,100,8900
2008-12-24,100,100,100,100,88090
2008-12-26,100,100,100,100,11488
2008-12-29,100,100,100,100,102321
2008-12-30,100,100,100,100,16325
2008-12-31,95,95,95,95,121431
2009-01-02,95,95,95,95,103600
2009-01-05,95,95,95,95,71927
2009-01-06,90,90,90,90,9146
2009-01-07,85,85,85,85,21965
2009-01-08,85,85,85,85,507317
2009-01-09,85,85,85,85,1125
2009-01-12,85,85,85,85,2296
2009-01-13,80,80,80,80,20800
2009-01-14,80,80,80,80,3926
2009-01-15,75,75,75,75,153667
2009-01-16,75,75,75,75,256080
2009-01-19,75,75,75,75,1339665
2009-01-20,80,80,80,80,222101
2009-01-21,85,85,85,85,286374
2009-01-26,100,100,100,100,43095
2009-01-27,105,105,105,105,384761
2009-01-28,100,100,100,100,162436
2009-01-29,105,105,105,105,13177
2009-01-30,100,100,100,100,127672
2009-02-02,100,100,100,100,69769
2009-02-03,100,100,100,100,117085
2009-02-04,100,100,100,100,42790
2009-02-05,100,100,100,100,30140
2009-02-06,100,100,100,100,510221
2009-02-09,95,95,95,95,9090
2009-02-10,90,90,90,90,2030777
2009-02-11,95,95,95,95,150
2009-02-12,90,90,90,90,211497
2009-02-13,95,95,95,95,75515
2009-02-16,100,100,100,100,5440
2009-02-17,100,100,100,100,149117
2009-02-18,100,100,100,100,305001
2009-02-19,100,100,100,100,119643
2009-02-20,100,100,100,100,14768
2009-02-24,100,100,100,100,12000
2009-02-25,95,95,95,95,9125
2009-02-26,95,95,95,95,87495
2009-02-27,95,95,95,95,172958
2009-03-02,95,95,95,95,13200
2009-03-03,90,90,90,90,2067
2009-03-04,90,90,90,90,6155
2009-03-05,90,90,90,90,11155
2009-03-06,85,85,85,85,78669
2009-03-10,85,85,85,85,142725
2009-03-11,85,85,85,85,23289
2009-03-13,75,75,75,75,14314
2009-03-16,80,80,80,80,16260
2009-03-17,80,80,80,80,3217
2009-03-18,75,75,75,75,133521
2009-03-19,70,70,70,70,11310
2009-03-20,65,65,65,65,29525
2009-03-23,65,65,65,65,8650
2009-03-24,60,60,60,60,124372
2009-03-25,60,60,60,60,40313
2009-03-26,65,65,65,65,68140
2009-03-27,60,60,60,60,222083
2009-03-30,60,60,60,60,1192852
2009-03-31,60,60,60,60,511830
2009-04-01,60,60,60,60,51158
2009-04-02,60,60,60,60,136237
2009-04-03,60,60,60,60,216253
2009-04-06,60,60,60,60,315984
2009-04-07,60,60,60,60,42048
2009-04-08,60,60,60,60,154293
2009-04-09,60,60,60,60,152070
2009-04-14,60,60,60,60,49997
2009-04-16,56,56,56,56,43574
2009-04-17,55,55,55,55,75027
2009-04-20,56,56,56,56,145090
2009-04-21,55,55,55,55,476378
2009-04-22,54,54,54,54,127957
2009-04-23,55,55,55,55,11910
2009-04-24,55,55,55,55,31511
2009-04-27,56,56,56,56,68000
2009-04-28,55,55,55,55,274298
2009-04-29,55,55,55,55,85550
2009-04-30,55,55,55,55,6371
2009-05-04,55,55,55,55,21324
2009-05-05,55,55,55,55,16970
2009-05-06,54,54,54,54,36506
2009-05-07,50,50,50,50,55329
2009-05-08,50,50,50,50,180583
2009-05-11,50,50,50,50,121850
2009-05-12,50,50,50,50,14020
2009-05-13,50,50,50,50,210420
2009-05-14,50,50,50,50,112776
2009-05-15,50,50,50,50,78285
2009-05-18,50,50,50,50,21518
2009-05-19,50,50,50,50,30060
2009-05-20,50,50,50,50,35669
2009-05-22,47,47,47,47,15690
2009-05-26,43,43,43,43,26435
2009-05-27,43,43,43,43,8575
2009-05-28,42,42,42,42,3350
2009-05-29,40,40,40,40,29198
2009-06-02,37,37,37,37,27500
2009-06-04,37,37,37,37,158307
2009-06-09,41,41,41,41,61100
2009-06-11,46,46,46,46,2253
2009-06-16,55,55,55,55,12229
2009-06-22,65,65,65,65,257290
2009-06-23,63,63,63,63,54340
2009-06-24,63,63,63,63,197425
2009-06-25,63,63,63,63,67020
2009-06-26,67,67,67,67,540
2009-06-29,67,67,67,67,73554
2009-06-30,63,63,63,63,115314
2009-07-01,63,63,63,63,32622
2009-07-02,62,62,62,62,62242
2009-07-03,58,58,58,58,16972
2009-07-06,54,54,54,54,52470
2009-07-07,50,50,50,50,204277
2009-07-08,50,50,50,50,51948
2009-07-09,52,52,52,52,30127
2009-07-10,52,52,52,52,29252
2009-07-13,52,52,52,52,9667
2009-07-14,50,50,50,50,40614
2009-07-15,50,50,50,50,5835
2009-07-16,50,50,50,50,20600
2009-07-17,48,48,48,48,18106
2009-07-20,45,45,45,45,162219
2009-07-21,42,42,42,42,46859
2009-07-22,40,40,40,40,152648
2009-07-23,43,43,43,43,14780
2009-07-28,49,49,49,49,205000
2009-07-29,50,50,50,50,50407
2009-07-30,52,52,52,52,66817
2009-07-31,50,50,50,50,30640
2009-08-03,47,47,47,47,25305
2009-08-04,45,45,45,45,112763
2009-08-05,45,45,45,45,194873
2009-08-06,45,45,45,45,21106
2009-08-10,45,45,45,45,125000
2009-08-11,48,48,48,48,25333
2009-08-12,51,51,51,51,961403
2009-08-13,50,50,50,50,18744
2009-08-14,50,50,50,50,92763
2009-08-17,50,50,50,50,91485
2009-08-18,50,50,50,50,25337
2009-08-19,49,49,49,49,170772
2009-08-20,49,49,49,49,27261
2009-08-21,49,49,49,49,5317
2009-08-24,49,49,49,49,89186
2009-08-25,49,49,49,49,74195
2009-08-26,47,47,47,47,116345
2009-08-27,46,46,46,46,106260
2009-08-28,46,46,46,46,121367
2009-08-31,48,48,48,48,4478
2009-09-01,47,47,47,47,49546
2009-09-02,48,48,48,48,249322
2009-09-03,46,46,46,46,279454
2009-09-04,45,45,45,45,362085
2009-09-07,45,45,45,45,135998
2009-09-08,45,45,45,45,32906
2009-09-09,43,43,43,43,69668
2009-09-10,45,45,45,45,1465576
2009-09-11,45,45,45,45,176075
2009-09-14,45,45,45,45,30693
2009-09-15,45,45,45,45,756267
2009-09-16,45,45,45,45,14259
2009-09-18,47,47,47,47,6346
2009-09-21,48,48,48,48,42539
2009-09-22,49,49,49,49,401469
2009-09-23,47,47,47,47,20543
2009-09-24,45,45,45,45,60000
2009-09-25,45,45,45,45,31172
2009-09-28,46,46,46,46,74873
2009-09-29,46,46,46,46,34609
2009-09-30,45,45,45,45,68024
2009-10-01,45,45,45,45,21946
2009-10-02,44,44,44,44,30957
2009-10-05,45,45,45,45,23005
2009-10-06,44,44,44,44,22229
2009-10-07,44,44,44,44,9910
2009-10-08,44,44,44,44,43128
2009-10-09,44,44,44,44,11676
2009-10-12,44,44,44,44,3037
2009-10-13,44,44,44,44,1450
2009-10-15,43,43,43,43,64211
2009-10-16,44,44,44,44,30822
2009-10-19,44,44,44,44,228500
2009-10-20,44,44,44,44,53832
2009-10-21,44,44,44,44,10639
2009-10-22,45,45,45,45,22276
2009-10-23,45,45,45,45,5147
2009-10-26,45,45,45,45,73560
2009-10-27,45,45,45,45,163165
2009-10-28,45,45,45,45,41395
2009-10-30,45,45,45,45,13550
2009-11-03,44,44,44,44,78616
2009-11-04,43,43,43,43,60882
2009-11-05,44,44,44,44,316431
2009-11-06,44,44,44,44,193909
2009-11-09,43,43,43,43,2869
2009-11-10,43,43,43,43,1454
2009-11-11,40,40,40,40,31639
2009-11-12,40,40,40,40,2285
2009-11-13,40,40,40,40,66440
2009-11-16,40,40,40,40,9100
2009-11-17,40,40,40,40,73470
2009-11-18,40,40,40,40,6663
2009-11-19,40,40,40,40,143941
2009-11-20,40,40,40,40,38360
2009-11-23,40,40,40,40,163049
2009-11-24,39,39,39,39,7805
2009-11-25,39,39,39,39,66182
2009-11-26,39,39,39,39,3455
2009-11-30,39,39,39,39,184272
2009-12-01,39,39,39,39,24484
2009-12-02,39,39,39,39,4879
2009-12-03,40,40,40,40,254307
2009-12-04,41,41,41,41,4016
2009-12-07,41,41,41,41,3895
2009-12-08,41,41,41,41,18069
2009-12-09,41,41,41,41,11502
2009-12-10,40,40,40,40,74559
2009-12-11,40,40,40,40,322396
2009-12-14,41,41,41,41,15864
2009-12-15,41,41,41,41,50000
2009-12-16,40,40,40,40,304736
2009-12-17,41,41,41,41,3225
2009-12-18,43,43,43,43,180
2009-12-21,42,42,42,42,26585
2009-12-22,42,42,42,42,24135
2009-12-23,42,42,42,42,264
2009-12-24,41,41,41,41,138404
2009-12-28,41,41,41,41,8009
2009-12-29,41,41,41,41,22380
2009-12-30,40,40,40,40,105292
2009-12-31,39,39,39,39,34155
2010-01-04,40,40,40,40,8516
2010-01-05,40,40,40,40,50000
2010-01-06,40,40,40,40,63410
2010-01-07,40,40,40,40,132878
2010-01-08,38,38,38,38,436910
2010-01-11,39,39,39,39,58861
2010-01-12,39,39,39,39,165074
2010-01-13,40,40,40,40,6926
2010-01-14,39,39,39,39,19987
2010-01-15,38,38,38,38,40111
2010-01-18,40,40,40,40,22908
2010-01-19,40,40,40,40,5110
2010-01-20,40,40,40,40,1800
2010-01-21,40,40,40,40,173282
2010-01-22,40,40,40,40,20748
2010-01-25,40,40,40,40,44401
2010-01-26,40,40,40,40,3060
2010-01-27,40,40,40,40,650
2010-01-28,41,41,41,41,35000
2010-01-29,41,41,41,41,15955
2010-02-02,41,41,41,41,2287
2010-02-03,41,41,41,41,130586
2010-02-04,43,43,43,43,266
2010-02-05,42,42,42,42,681
2010-02-08,41,41,41,41,45553
2010-02-09,41,41,41,41,293000
2010-02-10,41,41,41,41,325
2010-02-11,41,41,41,41,11138
2010-02-12,39,39,39,39,63737
2010-02-15,40,40,40,40,7990
2010-02-16,40,40,40,40,242558
2010-02-17,40,40,40,40,95553
2010-02-18,40,40,40,40,1950
2010-02-19,40,40,40,40,47580
2010-02-22,40,40,40,40,14200
2010-02-23,40,40,40,40,38617
2010-02-25,40,40,40,40,51243
2010-03-01,40,40,40,40,16971
2010-03-02,40,40,40,40,34000
2010-03-03,41,41,41,41,6600
2010-03-04,42,42,42,42,2656
2010-03-08,42,42,42,42,1319
2010-03-09,41,41,41,41,682926
2010-03-10,40,40,40,40,351897
2010-03-11,40,40,40,40,12135
2010-03-12,40,40,40,40,13083
2010-03-15,39,39,39,39,13025
2010-03-16,39,39,39,39,31258
2010-03-17,40,40,40,40,203767
2010-03-18,40,40,40,40,51281
2010-03-19,40,40,40,40,300000
2010-03-22,40,40,40,40,162950
2010-03-23,41,41,41,41,119097
2010-03-24,42,42,42,42,47630
2010-03-25,42,42,42,42,89600
2010-03-26,42,42,42,42,25800
2010-03-29,44,44,44,44,13134
2010-03-30,42,42,42,42,2656
2010-03-31,44,44,44,44,188132
2010-04-01,43,43,43,43,13600
2010-04-02,43,43,43,43,26219
2010-04-06,43,43,43,43,200
2010-04-07,45,45,45,45,42034
2010-04-09,47,47,47,47,94696
2010-04-12,49,49,49,49,113000
2010-04-13,51,51,51,51,329453
2010-04-14,52,52,52,52,27600
2010-04-15,52,52,52,52,6951752
2010-04-16,53,53,53,53,8260
2010-04-19,55,55,55,55,11000
2010-04-20,56,56,56,56,8032
2010-04-21,58,58,58,58,18978
2010-04-22,55,55,55,55,58754
2010-04-23,55,55,55,55,10385
2010-04-26,53,53,53,53,9509
2010-04-27,53,53,53,53,12350
2010-04-28,54,54,54,54,46185
2010-04-29,54,54,54,54,1940012
2010-04-30,53,53,53,53,6774
2010-05-03,53,53,53,53,4050
2010-05-04,52,52,52,52,3500
2010-05-05,52,52,52,52,250127
2010-05-06,52,52,52,52,46260
2010-05-07,52,52,52,52,31850
2010-05-10,52,52,52,52,25263
2010-05-11,52,52,52,52,49801
2010-05-12,52,52,52,52,109640
2010-05-14,55,55,55,55,2983
2010-05-17,54,54,54,54,19500
2010-05-18,53,53,53,53,82962
2010-05-19,55,55,55,55,95972
2010-05-20,55,55,55,55,217351
2010-05-21,56,56,56,56,8258
2010-05-25,56,56,56,56,12496
2010-05-26,56,56,56,56,900
2010-05-27,56,56,56,56,4262
2010-05-28,55,55,55,55,2073
2010-05-31,56,56,56,56,705
2010-06-01,56,56,56,56,30713
2010-06-03,56,56,56,56,36509
2010-06-04,58,58,58,58,3500
2010-06-07,56,56,56,56,199939
2010-06-08,56,56,56,56,31039
2010-06-09,56,56,56,56,27964
2010-06-10,56,56,56,56,1000
2010-06-11,55,55,55,55,54827
2010-06-14,52,52,52,52,81052
2010-06-16,55,55,55,55,4170
2010-06-17,55,55,55,55,14363
2010-06-18,53,53,53,53,18850
2010-06-21,51,51,51,51,17041
2010-06-22,53,53,53,53,20122
2010-06-23,53,53,53,53,3900
2010-06-24,52,52,52,52,1819
2010-06-25,51,51,51,51,17195
2010-06-28,49,49,49,49,72794
2010-06-29,49,49,49,49,2650
2010-06-30,47,47,47,47,7000
2010-07-01,46,46,46,46,38045
2010-07-02,44,44,44,44,20539
2010-07-05,43,43,43,43,61146
2010-07-06,42,42,42,42,138450
2010-07-07,42,42,42,42,14250
2010-07-08,43,43,43,43,6349
2010-07-09,44,44,44,44,44000
2010-07-12,44,44,44,44,1020
2010-07-13,45,45,45,45,44175
2010-07-14,47,47,47,47,106532
2010-07-15,47,47,47,47,108300
2010-07-16,47,47,47,47,961
2010-07-19,50,50,50,50,1216
2010-07-20,49,49,49,49,24203
2010-07-21,49,49,49,49,59604
2010-07-22,47,47,47,47,95348
2010-07-23,47,47,47,47,41594
2010-07-26,47,47,47,47,22934
2010-07-27,48,48,48,48,2750
2010-07-28,47,47,47,47,26119
2010-07-29,47,47,47,47,76043
2010-07-30,47,47,47,47,88915
2010-08-02,47,47,47,47,6321
2010-08-03,47,47,47,47,8066
2010-08-04,45,45,45,45,160248
2010-08-05,47,47,47,47,15500
2010-08-06,46,46,46,46,395
2010-08-09,47,47,47,47,40444
2010-08-10,45,45,45,45,43321
2010-08-11,45,45,45,45,54400
2010-08-12,45,45,45,45,523044
2010-08-13,45,45,45,45,80242
2010-08-17,47,47,47,47,40061
2010-08-18,46,46,46,46,24374
2010-08-19,45,45,45,45,480565
2010-08-20,46,46,46,46,400
2010-08-23,47,47,47,47,104005
2010-08-24,47,47,47,47,149364
2010-08-25,47,47,47,47,39685
2010-08-26,50,50,50,50,12960
2010-08-27,50,50,50,50,100239
2010-08-30,47,47,47,47,413878
2010-08-31,47,47,47,47,11130
2010-09-01,50,50,50,50,4386
2010-09-02,47,47,47,47,154985
2010-09-03,47,47,47,47,87501
2010-09-07,46,46,46,46,20337
2010-09-08,46,46,46,46,97025
2010-09-09,47,47,47,47,1000
2010-09-13,46,46,46,46,161272
2010-09-14,46,46,46,46,48192
2010-09-15,46,46,46,46,11342
2010-09-16,46,46,46,46,54823
2010-09-17,46,46,46,46,27281
2010-09-20,46,46,46,46,138029
2010-09-21,46,46,46,46,12328
2010-09-22,45,45,45,45,359244
2010-09-23,46,46,46,46,50
2010-09-24,46,46,46,46,53774
2010-09-27,45,45,45,45,28356
2010-09-28,45,45,45,45,57160
2010-09-29,45,45,45,45,1000
2010-09-30,45,45,45,45,134926
2010-10-01,45,45,45,45,28060
2010-10-04,45,45,45,45,89434
2010-10-05,45,45,45,45,1685
2010-10-06,46,46,46,46,15148
2010-10-07,45,45,45,45,19006
2010-10-08,44,44,44,44,66492
2010-10-11,45,45,45,45,11161
2010-10-12,45,45,45,45,53551
2010-10-13,45,45,45,45,189873
2010-10-14,45,45,45,45,28604
2010-10-15,45,45,45,45,2800
2010-10-18,45,45,45,45,2900
2010-10-19,44,44,44,44,129357
2010-10-20,44,44,44,44,45279
2010-10-21,44,44,44,44,35819
2010-10-22,44,44,44,44,26147
2010-10-25,43,43,43,43,13312
2010-10-26,44,44,44,44,1812121
2010-10-27,44,44,44,44,5036
2010-10-28,45,45,45,45,4152
2010-10-29,44,44,44,44,120000
2010-11-02,44,44,44,44,252
2010-11-03,45,45,45,45,778023
2010-11-04,44,44,44,44,5747
2010-11-05,45,45,45,45,3906
2010-11-08,46,46,46,46,144756
2010-11-09,45,45,45,45,36850
2010-11-10,45,45,45,45,8500
2010-11-11,45,45,45,45,85160
2010-11-12,45,45,45,45,4000
2010-11-17,45,45,45,45,91295
2010-11-18,45,45,45,45,1973
2010-11-19,45,45,45,45,674992
2010-11-22,45,45,45,45,11330
2010-11-23,45,45,45,45,38100
2010-11-24,43,43,43,43,23002
2010-11-25,45,45,45,45,50000
2010-11-26,45,45,45,45,573795
2010-11-29,45,45,45,45,925
2010-12-01,45,45,45,45,33000
2010-12-02,45,45,45,45,58000
2010-12-03,45,45,45,45,3685
2010-12-06,45,45,45,45,16366
2010-12-07,42,42,42,42,16350
2010-12-08,45,45,45,45,14712
2010-12-09,45,45,45,45,98455
2010-12-10,45,45,45,45,6879
2010-12-14,45,45,45,45,4122
2010-12-15,45,45,45,45,19563
2010-12-17,46,46,46,46,10000
2010-12-20,46,46,46,46,113790
2010-12-21,46,46,46,46,44927
2010-12-22,45,45,45,45,9000
2010-12-23,46,46,46,46,159
2010-12-24,46,46,46,46,5173
2010-12-27,47,47,47,47,35422
2010-12-28,47,47,47,47,34715
2010-12-29,47,47,47,47,5000
2010-12-30,47,47,47,47,127965
2010-12-31,47,47,47,47,53694
2011-01-03,47,47,47,47,50769
2011-01-04,47,47,47,47,102090
2011-01-06,48,48,48,48,4583
2011-01-07,48,48,48,48,37654
2011-01-10,48,48,48,48,14494
2011-01-11,49,49,49,49,10096
2011-01-12,48,48,48,48,103122
2011-01-13,48,48,48,48,6000
2011-01-14,50,50,50,50,1750
2011-01-17,48,48,48,48,23253
2011-01-18,48,48,48,48,147426
2011-01-19,48,48,48,48,1560
2011-01-20,48,48,48,48,10600
2011-01-21,49,49,49,49,5299
2011-01-24,48,48,48,48,77246
2011-01-25,48,48,48,48,50122
2011-01-26,48,48,48,48,4120
2011-01-27,48,48,48,48,75536
2011-01-28,49,49,49,49,4414
2011-01-31,50,50,50,50,137212
2011-02-01,49,49,49,49,99421
2011-02-02,50,50,50,50,14410
2011-02-03,49,49,49,49,13801
2011-02-04,49,49,49,49,127535
2011-02-07,49,49,49,49,3681
2011-02-08,48,48,48,48,141500
2011-02-10,48,48,48,48,146793
2011-02-11,48,48,48,48,1130719
2011-03-02,49,49,49,49,1425
2011-03-03,48,48,48,48,445
2011-03-04,48,48,48,48,4000
2011-03-07,48,48,48,48,12330
2011-03-10,48,48,48,48,7976
2011-03-11,49,49,49,49,29229
2011-03-15,48,48,48,48,2164
2011-03-16,49,49,49,49,64715
2011-03-17,49,49,49,49,3000
2011-03-21,48,48,48,48,1583
2011-03-22,48,48,48,48,7423
2011-03-23,47,47,47,47,100
2011-03-25,48,48,48,48,1999
2011-03-30,47,47,47,47,1600
2011-03-31,47,47,47,47,196
2011-04-01,47,47,47,47,20512
2011-04-06,46,46,46,46,5040
2011-04-07,46,46,46,46,200
2011-04-11,46,46,46,46,11578
2011-04-12,45,45,45,45,890
2011-04-13,45,45,45,45,159968
2011-04-14,45,45,45,45,13000
2011-04-15,45,45,45,45,35600
2011-04-18,46,46,46,46,1279
2011-04-19,47,47,47,47,1000
2011-04-20,46,46,46,46,214
2011-04-21,45,45,45,45,2000
2011-04-22,45,45,45,45,7489
2011-04-26,46,46,46,46,925
2011-04-27,45,45,45,45,17297
2011-04-28,46,46,46,46,213
2011-04-29,45,45,45,45,5415
2011-05-03,45,45,45,45,62165
2011-05-04,45,45,45,45,205800
2011-05-05,46,46,46,46,8125
2011-05-06,46,46,46,46,58576
2011-05-09,46,46,46,46,22324
2011-05-10,46,46,46,46,20000
2011-05-11,46,46,46,46,4121
2011-05-12,46,46,46,46,1450
2011-05-13,46,46,46,46,130123
2011-05-16,46,46,46,46,27631
2011-05-17,46,46,46,46,22864
2011-05-18,46,46,46,46,25100
2011-05-19,47,47,47,47,6250
2011-05-20,47,47,47,47,4540
2011-05-23,47,47,47,47,4040
2011-05-24,45,45,45,45,49320
2011-05-25,45,45,45,45,31450
2011-05-26,46,46,46,46,1333
2011-05-27,45,45,45,45,95148
2011-05-30,46,46,46,46,199017
2011-05-31,47,47,47,47,3100
2011-06-01,46,46,46,46,17200
2011-06-03,47,47,47,47,1375
2011-06-06,46,46,46,46,25764
2011-06-07,45,45,45,45,22762
2011-06-08,45,45,45,45,14723
2011-06-09,45,45,45,45,66884
2011-06-10,45,45,45,45,6280
2011-06-14,44,44,44,44,2525
2011-06-15,44,44,44,44,112008
2011-06-16,43,43,43,43,14840
2011-06-17,43,43,43,43,9199
2011-06-20,44,44,44,44,13122
2011-06-21,44,44,44,44,19167
2011-06-22,43,43,43,43,40445
2011-06-23,44,44,44,44,374050
2011-06-24,43,43,43,43,13060
2011-06-28,44,44,44,44,83195
2011-06-29,44,44,44,44,950
2011-06-30,43,43,43,43,44770
2011-07-01,44,44,44,44,11200
2011-07-04,43,43,43,43,12610
2011-07-05,43,43,43,43,58540
2011-07-06,43,43,43,43,27412
2011-07-07,43,43,43,43,68193
2011-07-08,42,42,42,42,200181
2011-07-11,42,42,42,42,190000
2011-07-12,40,40,40,40,675960
2011-07-13,42,42,42,42,18861
2011-07-14,43,43,43,43,26452
2011-07-15,43,43,43,43,1795
2011-07-18,42,42,42,42,39748
2011-07-19,43,43,43,43,22444
2011-07-20,43,43,43,43,6760
2011-07-21,43,43,43,43,9000
2011-07-25,42,42,42,42,12000
2011-07-26,42,42,42,42,24000
2011-07-27,42,42,42,42,44498
2011-07-28,42,42,42,42,12096
2011-07-29,42,42,42,42,3545
2011-08-01,44,44,44,44,73760
2011-08-02,45,45,45,45,99935
2011-08-03,46,46,46,46,10466
2011-08-04,45,45,45,45,135827
2011-08-05,46,46,46,46,19084
2011-08-09,45,45,45,45,38111
2011-08-10,45,45,45,45,62715
2011-08-11,45,45,45,45,25500
2011-08-12,46,46,46,46,66693
2011-08-16,46,46,46,46,39375
2011-08-17,46,46,46,46,28875
2011-08-18,46,46,46,46,30135
2011-08-19,46,46,46,46,51387
2011-08-22,49,49,49,49,7000
2011-08-23,48,48,48,48,48064
2011-08-24,47,47,47,47,11748
2011-08-25,45,45,45,45,322352
2011-08-26,48,48,48,48,4240
2011-08-29,48,48,48,48,1000
2011-08-31,47,47,47,47,38250
2011-09-01,48,48,48,48,53284
2011-09-02,47,47,47,47,49591
2011-09-05,47,47,47,47,213700
2011-09-06,46,46,46,46,114336
2011-09-07,46,46,46,46,25550
2011-09-08,47,47,47,47,31367
2011-09-09,45,45,45,45,52577
2011-09-12,45,45,45,45,116807
2011-09-13,44,44,44,44,5054
2011-09-14,44,44,44,44,16302
2011-09-15,43,43,43,43,353273
2011-09-16,43,43,43,43,72967
2011-09-19,43,43,43,43,211024
2011-09-20,43,43,43,43,101480
2011-09-21,44,44,44,44,51003
2011-09-22,45,45,45,45,506000
2011-09-23,48,48,48,48,1386703
2011-09-26,45,45,45,45,45100
2011-09-27,45,45,45,45,15250
2011-09-28,45,45,45,45,176590
2011-09-29,45,45,45,45,25000
2011-09-30,45,45,45,45,134014
2011-10-03,45,45,45,45,153495
2011-10-04,45,45,45,45,10094
2011-10-05,43,43,43,43,25271
2011-10-06,42,42,42,42,29340
2011-10-07,43,43,43,43,19105
2011-10-10,43,43,43,43,46868
2011-10-11,42,42,42,42,92416
2011-10-12,42,42,42,42,2000
2011-10-13,42,42,42,42,35745
2011-10-14,42,42,42,42,24675
2011-10-17,42,42,42,42,37540
2011-10-18,42,42,42,42,27518
2011-10-19,41,41,41,41,3995
2011-10-20,43,43,43,43,92000
2011-10-21,43,43,43,43,6039
2011-10-24,44,44,44,44,29667
2011-10-25,43,43,43,43,161568
2011-10-26,43,43,43,43,6668
2011-10-27,42,42,42,42,116945
2011-10-28,42,42,42,42,245787
2011-10-31,42,42,42,42,177331
2011-11-02,42,42,42,42,377745
2011-11-03,42,42,42,42,253076
2011-11-04,42,42,42,42,122990
2011-11-08,42,42,42,42,3200
2011-11-09,42,42,42,42,156524
2011-11-10,42,42,42,42,37733
2011-11-11,42,42,42,42,2233
2011-11-14,42,42,42,42,3400
2011-11-16,42,42,42,42,67294
2011-11-17,41,41,41,41,4500
2011-11-18,41,41,41,41,102406
2011-11-21,41,41,41,41,208549
2011-11-22,40,40,40,40,98555
2011-11-23,41,41,41,41,82539
2011-11-24,40,40,40,40,1516791
2011-11-25,40,40,40,40,60270
2011-11-28,40,40,40,40,4706
2011-11-29,40,40,40,40,83345
2011-11-30,39,39,39,39,49977
2011-12-01,39,39,39,39,79619
2011-12-02,39,39,39,39,49652
2011-12-05,39,39,39,39,11316
2011-12-06,39,39,39,39,79487
2011-12-07,39,39,39,39,44262
2011-12-08,39,39,39,39,95217
2011-12-09,39,39,39,39,69186
2011-12-12,39,39,39,39,125476
2011-12-13,38,38,38,38,53074
2011-12-14,38,38,38,38,41758
2011-12-15,38,38,38,38,61207
2011-12-16,38,38,38,38,78359
2011-12-19,38,38,38,38,2620
2011-12-20,38,38,38,38,43378
2011-12-21,38,38,38,38,103400
2011-12-22,38,38,38,38,32025
2011-12-23,38,38,38,38,63314
2011-12-27,38,38,38,38,19092
2011-12-28,38,38,38,38,64299
2011-12-29,38,38,38,38,20543
2011-12-30,37,37,37,37,52880
2012-01-02,37,37,37,37,17450
2012-01-03,38,38,38,38,5000
2012-01-04,38,38,38,38,30850
2012-01-05,38,38,38,38,34004
2012-01-06,38,38,38,38,150449
2012-01-09,38,38,38,38,215778
2012-01-10,38,38,38,38,19062
2012-01-11,38,38,38,38,263939
2012-01-12,38,38,38,38,47186
2012-01-13,37,37,37,37,32000
2012-01-16,38,38,38,38,51902
2012-01-17,37,37,37,37,19033
2012-01-18,37,37,37,37,135797
2012-01-19,37,37,37,37,123272
2012-01-20,37,37,37,37,48748
2012-01-23,37,37,37,37,53116
2012-01-24,37,37,37,37,181555
2012-01-25,36,36,36,36,41737
2012-01-26,37,37,37,37,11049
2012-01-27,37,37,37,37,162147
2012-01-30,38,38,38,38,13913
2012-01-31,37,37,37,37,28202
2012-02-01,37,37,37,37,18125
2012-02-02,38,38,38,38,11400
2012-02-03,37,37,37,37,36692
2012-02-06,37,37,37,37,77609
2012-02-07,37,37,37,37,131120
2012-02-08,37,37,37,37,181691
2012-02-09,37,37,37,37,9529
2012-02-10,37,37,37,37,166121
2012-02-14,37,37,37,37,183869
2012-02-15,37,37,37,37,17424
2012-02-16,37,37,37,37,170
2012-02-17,36,36,36,36,2000
2012-02-20,36,36,36,36,46583
2012-02-21,36,36,36,36,83713
2012-02-22,36,36,36,36,16105
2012-02-23,36,36,36,36,8000
2012-02-24,36,36,36,36,81700
2012-02-27,36,36,36,36,52543
2012-02-28,36,36,36,36,68988
2012-02-29,37,37,37,37,200
2012-03-01,38,38,38,38,5560
2012-03-02,36,36,36,36,31339
2012-03-05,37,37,37,37,3744
2012-03-06,37,37,37,37,571805
2012-03-07,37,37,37,37,479089
2012-03-08,37,37,37,37,10042
2012-03-09,37,37,37,37,2400
2012-03-12,37,37,37,37,18901
2012-03-13,36,36,36,36,20000
2012-03-14,37,37,37,37,70143
2012-03-15,37,37,37,37,23270
2012-03-16,37,37,37,37,49610
2012-03-19,38,38,38,38,2200
2012-03-20,38,38,38,38,1007527
2012-03-21,38,38,38,38,6347
2012-03-22,40,40,40,40,147000
2012-03-23,40,40,40,40,142790
2012-03-26,40,40,40,40,2938
2012-03-27,40,40,40,40,4394
2012-03-28,39,39,39,39,60884
2012-03-29,39,39,39,39,79918
2012-03-30,40,40,40,40,166756
2012-04-02,43,43,43,43,38720
2012-04-03,43,43,43,43,97976
2012-04-04,44,44,44,44,583
2012-04-05,43,43,43,43,2650
2012-04-06,45,45,45,45,372
2012-04-11,45,45,45,45,14580
2012-04-12,43,43,43,43,19158
2012-04-13,43,43,43,43,64166
2012-04-16,44,44,44,44,3450
2012-04-17,44,44,44,44,14287
2012-04-18,44,44,44,44,250730
2012-04-19,44,44,44,44,4001866
2012-04-20,44,44,44,44,30774
2012-04-23,44,44,44,44,47517
2012-04-24,44,44,44,44,186732
2012-04-25,44,44,44,44,7305
2012-04-26,44,44,44,44,119350
2012-04-27,44,44,44,44,870
2012-04-30,44,44,44,44,9521
2012-05-02,44,44,44,44,890000
2012-05-03,44,44,44,44,74834
2012-05-04,44,44,44,44,606618
2012-05-07,44,44,44,44,12311
2012-05-08,44,44,44,44,5473
2012-05-09,44,44,44,44,1311
2012-05-10,42,42,42,42,13564
2012-05-11,42,42,42,42,11779
2012-05-14,42,42,42,42,1000
2012-05-15,40,40,40,40,211000
2012-05-16,40,40,40,40,1261398
2012-05-18,40,40,40,40,242839
2012-05-21,40,40,40,40,29699
2012-05-22,38,38,38,38,7744
2012-05-23,38,38,38,38,8625
2012-05-24,38,38,38,38,64297
2012-05-25,38,38,38,38,88043
2012-05-29,38,38,38,38,73084
2012-05-30,38,38,38,38,2420
2012-05-31,38,38,38,38,36114
2012-06-01,38,38,38,38,6900
2012-06-04,38,38,38,38,11464
2012-06-05,38,38,38,38,53173
2012-06-06,38,38,38,38,95224
2012-06-07,38,38,38,38,13200
2012-06-08,38,38,38,38,15433
2012-06-11,40,40,40,40,12665
2012-06-12,40,40,40,40,38593
2012-06-13,40,40,40,40,72013
2012-06-14,40,40,40,40,9105
2012-06-15,40,40,40,40,3610
2012-06-18,41,41,41,41,350
2012-06-19,40,40,40,40,135852
2012-06-20,40,40,40,40,37038
2012-06-21,40,40,40,40,158239
2012-06-22,40,40,40,40,3750
2012-06-25,42,42,42,42,112293
2012-06-26,42,42,42,42,40991
2012-06-27,40,40,40,40,278143
2012-06-28,40,40,40,40,44668
2012-06-29,40,40,40,40,26500
2012-07-02,41,41,41,41,5682
2012-07-03,40,40,40,40,25550
2012-07-04,40,40,40,40,62993
2012-07-05,39,39,39,39,28289
2012-07-06,39,39,39,39,5991
2012-07-09,40,40,40,40,8197
2012-07-10,39,39,39,39,28900
2012-07-11,40,40,40,40,4341
2012-07-12,40,40,40,40,54414
2012-07-13,39,39,39,39,53312
2012-07-16,39,39,39,39,2400
2012-07-17,39,39,39,39,103504
2012-07-18,39,39,39,39,55539
2012-07-19,39,39,39,39,524329
2012-07-20,39,39,39,39,181556
2012-07-23,39,39,39,39,241823
2012-07-24,39,39,39,39,178385
2012-07-25,39,39,39,39,46323
2012-07-26,39,39,39,39,27319
2012-07-27,39,39,39,39,2021641
2012-07-30,39,39,39,39,91689
2012-07-31,38,38,38,38,18250
2012-08-01,38,38,38,38,2000001
2012-08-02,40,40,40,40,15317
2012-08-03,39,39,39,39,199665
2012-08-08,37,37,37,37,171263
2012-08-09,37,37,37,37,784363
2012-08-10,36,36,36,36,408948
2012-08-13,36,36,36,36,133070
2012-08-14,36,36,36,36,146835
2012-08-16,37,37,37,37,24400
2012-08-17,37,37,37,37,61146
2012-08-21,37,37,37,37,235812
2012-08-22,37,37,37,37,80805
2012-08-23,37,37,37,37,30210
2012-08-24,37,37,37,37,255819
2012-08-27,37,37,37,37,50346
2012-08-28,37,37,37,37,134920
2012-08-29,37,37,37,37,148037
2012-08-30,37,37,37,37,21941
2012-08-31,37,37,37,37,28069
2012-09-03,38,38,38,38,2616
2012-09-04,37,37,37,37,225967
2012-09-07,37,37,37,37,98102
2012-09-10,37,37,37,37,20461
2012-09-11,37,37,37,37,19402
2012-09-12,37,37,37,37,182409
2012-09-13,37,37,37,37,8002
2012-09-14,37,37,37,37,26431
2012-09-17,37,37,37,37,32875
2012-09-18,36,36,36,36,21417
2012-09-19,36,36,36,36,189099
2012-09-20,36,36,36,36,117352
2012-09-21,36,36,36,36,5532
2012-09-24,36,36,36,36,204773
2012-09-25,36,36,36,36,111819
2012-09-26,36,36,36,36,10908
2012-09-27,36,36,36,36,111780
2012-09-28,36,36,36,36,26538
2012-10-01,36,36,36,36,85830
2012-10-02,36,36,36,36,10610
2012-10-03,36,36,36,36,11478
2012-10-04,36,36,36,36,135024
2012-10-05,36,36,36,36,271721
2012-10-08,36,36,36,36,138034
2012-10-09,36,36,36,36,10870
2012-10-10,36,36,36,36,6653
2012-10-11,35,35,35,35,23593
2012-10-12,36,36,36,36,115068
2012-10-15,36,36,36,36,26484
2012-10-16,36,36,36,36,63420
2012-10-17,35,35,35,35,38700
2012-10-18,35,35,35,35,127518
2012-10-19,33,33,33,33,7540
2012-10-22,33,33,33,33,24060
2012-10-23,33,33,33,33,108168
2012-10-24,35,35,35,35,19700
2012-10-25,35,35,35,35,16338
2012-10-29,35,35,35,35,180
2012-10-30,35,35,35,35,123482
2012-10-31,35,35,35,35,49409
2012-11-02,36,36,36,36,26000
2012-11-05,36,36,36,36,8315
2012-11-06,36,36,36,36,372036
2012-11-07,35,35,35,35,3400
2012-11-08,36,36,36,36,9273
2012-11-09,36,36,36,36,6316
2012-11-12,36,36,36,36,38600
2012-11-13,36,36,36,36,21805
2012-11-14,36,36,36,36,63421
2012-11-16,36,36,36,36,224256
2012-11-19,36,36,36,36,11850
2012-11-20,35,35,35,35,17857
2012-11-21,36,36,36,36,4982539
2012-11-22,36,36,36,36,16525
2012-11-23,35,35,35,35,283781
2012-11-26,35,35,35,35,77709
2012-11-27,36,36,36,36,19112
2012-11-28,35,35,35,35,11202
2012-11-29,36,36,36,36,10493
2012-11-30,36,36,36,36,147452
2012-12-03,36,36,36,36,45164
2012-12-04,36,36,36,36,93364
2012-12-05,35,35,35,35,26220
2012-12-06,33,33,33,33,2000
2012-12-07,33,33,33,33,90526
2012-12-10,35,35,35,35,12310
2012-12-11,35,35,35,35,19619
2012-12-12,34,34,34,34,20923
2012-12-13,35,35,35,35,1833
2012-12-14,35,35,35,35,205747
2012-12-17,35,35,35,35,27104
2012-12-18,35,35,35,35,21102
2012-12-19,35,35,35,35,16500
2012-12-20,35,35,35,35,93420
2012-12-21,33,33,33,33,125207
2012-12-24,35,35,35,35,41982
2012-12-26,33,33,33,33,128987
2012-12-27,33,33,33,33,151250
2012-12-28,33,33,33,33,56000
2012-12-31,35,35,35,35,31500
2013-01-02,35,35,35,35,31150
2013-01-03,35,35,35,35,4486
2013-01-04,35,35,35,35,22890
2013-01-07,35,35,35,35,12327
2013-01-08,35,35,35,35,32367
2013-01-09,33,33,33,33,178616
2013-01-10,33,33,33,33,109132
2013-01-11,35,35,35,35,50924
2013-01-14,35,35,35,35,38770
2013-01-15,33,33,33,33,93371
2013-01-16,33,33,33,33,314116
2013-01-17,33,33,33,33,44054
2013-01-18,33,33,33,33,125293
2013-01-21,34,34,34,34,31363
2013-01-22,35,35,35,35,92205
2013-01-23,35,35,35,35,60354
2013-01-25,35,35,35,35,37210
2013-01-28,35,35,35,35,1470
2013-01-29,35,35,35,35,25983
2013-01-30,35,35,35,35,193521
2013-01-31,35,35,35,35,148745
2013-02-01,35,35,35,35,73380
2013-02-04,35,35,35,35,5090
2013-02-05,35,35,35,35,14763
2013-02-06,35,35,35,35,442175
2013-02-07,36,36,36,36,8000
2013-02-08,35,35,35,35,18092
2013-02-11,36,36,36,36,2765
2013-02-12,36,36,36,36,37576
2013-02-13,36,36,36,36,130738
2013-02-14,36,36,36,36,192208
2013-02-15,36,36,36,36,189107
2013-02-18,37,37,37,37,37092
2013-02-19,39,39,39,39,13060
2013-02-20,41,41,41,41,116469
2013-02-21,42,42,42,42,77200
2013-02-22,42,42,42,42,635640
2013-02-25,45,45,45,45,815375
2013-02-26,48,48,48,48,100218
2013-02-27,51,51,51,51,285698
2013-02-28,54,54,54,54,81225
2013-03-01,54,54,54,54,459150
2013-03-04,58,58,58,58,137103
2013-03-05,60,60,60,60,514675
2013-03-06,60,60,60,60,345113
2013-03-07,60,60,60,60,84885
2013-03-08,58,58,58,58,23318
2013-03-11,58,58,58,58,4970741
2013-03-12,54,54,54,54,96011
2013-03-13,54,54,54,54,1975199
2013-03-14,54,54,54,54,124585
2013-03-15,54,54,54,54,111157
2013-03-18,54,54,54,54,670414
2013-03-19,54,54,54,54,831070
2013-03-20,54,54,54,54,553895
2013-03-21,50,50,50,50,9585
2013-03-22,53,53,53,53,35405
2013-03-25,53,53,53,53,36750
2013-03-26,53,53,53,53,21120
2013-03-27,50,50,50,50,12500
2013-03-28,50,50,50,50,13998
2013-03-29,50,50,50,50,67998
2013-04-02,50,50,50,50,13730
2013-04-03,50,50,50,50,167932
2013-04-04,50,50,50,50,1036884
2013-04-05,53,53,53,53,17158
2013-04-08,53,53,53,53,11090
2013-04-09,53,53,53,53,18250
2013-04-10,52,52,52,52,6050
2013-04-11,52,52,52,52,1796
2013-04-12,52,52,52,52,45656
2013-04-15,52,52,52,52,28022
2013-04-16,50,50,50,50,97000
2013-04-17,52,52,52,52,7540
2013-04-18,52,52,52,52,32040
2013-04-19,52,52,52,52,4549
2013-04-22,52,52,52,52,29648
2013-04-23,50,50,50,50,51063
2013-04-24,50,50,50,50,184602
2013-04-25,50,50,50,50,296252
2013-04-26,50,50,50,50,65020
2013-04-29,50,50,50,50,229492
2013-04-30,50,50,50,50,1006500
2013-05-02,50,50,50,50,470905
2013-05-03,50,50,50,50,147696
2013-05-06,50,50,50,50,833646
2013-05-07,50,50,50,50,351303
2013-05-08,53,53,53,53,33672
2013-05-10,54,54,54,54,132572
2013-05-13,55,55,55,55,46924
2013-05-14,56,56,56,56,65243
2013-05-15,56,56,56,56,237939
2013-05-16,56,56,56,56,418552
2013-05-17,60,60,60,60,26908
2013-05-21,60,60,60,60,455589
2013-05-22,60,60,60,60,134615
2013-05-23,60,60,60,60,138000
2013-05-24,60,60,60,60,73697
2013-05-27,62,62,62,62,105130
2013-05-28,66,66,66,66,280085
2013-05-29,66,66,66,66,69541
2013-05-30,67,67,67,67,22273
2013-05-31,68,68,68,68,75847
2013-06-03,70,70,70,70,74497
2013-06-04,75,75,75,75,237962
2013-06-05,70,70,70,70,398173
2013-06-06,66,66,66,66,171083
2013-06-07,62,62,62,62,21269
2013-06-10,65,65,65,65,16495
2013-06-11,66,66,66,66,16417
2013-06-12,65,65,65,65,43008
2013-06-13,62,62,62,62,17609
2013-06-14,60,60,60,60,80540
2013-06-17,56,56,56,56,179460
2013-06-18,60,60,60,60,20117
2013-06-19,60,60,60,60,67875
2013-06-20,60,60,60,60,5901
2013-06-21,57,57,57,57,23850
2013-06-24,57,57,57,57,11297
2013-06-25,57,57,57,57,173812
2013-06-26,57,57,57,57,35160
2013-06-27,60,60,60,60,128550
2013-06-28,60,60,60,60,114615
2013-07-01,56,56,56,56,83324
2013-07-02,52,52,52,52,69460
2013-07-03,53,53,53,53,18764
2013-07-04,56,56,56,56,22295
2013-07-05,60,60,60,60,27000
2013-07-08,60,60,60,60,44105
2013-07-09,60,60,60,60,52454
2013-07-10,56,56,56,56,204337
2013-07-11,56,56,56,56,99171
2013-07-12,56,56,56,56,602724
2013-07-15,56,56,56,56,76278
2013-07-16,56,56,56,56,122403
2013-07-17,56,56,56,56,24545
2013-07-18,56,56,56,56,519560
2013-07-19,56,56,56,56,151460
2013-07-22,55,55,55,55,200000
2013-07-23,56,56,56,56,126874
2013-07-24,56,56,56,56,175551
2013-07-25,56,56,56,56,129499
2013-07-26,56,56,56,56,131547
2013-07-29,56,56,56,56,161402
2013-07-30,56,56,56,56,646627
2013-07-31,56,56,56,56,383618
2013-08-01,56,56,56,56,100223
2013-08-02,56,56,56,56,17140
2013-08-05,60,60,60,60,12500
2013-08-06,60,60,60,60,115400
2013-08-09,60,60,60,60,43527
2013-08-12,56,56,56,56,24790
2013-08-13,60,60,60,60,135031
2013-08-14,60,60,60,60,132499
2013-08-16,57,57,57,57,5250
2013-08-19,57,57,57,57,103691
2013-08-20,57,57,57,57,54553
2013-08-21,60,60,60,60,342066
2013-08-22,60,60,60,60,22565
2013-08-23,57,57,57,57,502500
2013-08-26,57,57,57,57,750430
2013-08-27,56,56,56,56,48662
2013-08-28,56,56,56,56,145972
2013-08-29,56,56,56,56,28112
2013-08-30,56,56,56,56,32047
2013-09-02,56,56,56,56,186763
2013-09-03,55,55,55,55,81911
2013-09-04,55,55,55,55,122272
2013-09-05,55,55,55,55,130471
2013-09-06,55,55,55,55,8124
2013-09-09,54,54,54,54,53089
2013-09-10,53,53,53,53,110814
2013-09-11,53,53,53,53,208916
2013-09-12,53,53,53,53,62200
2013-09-13,55,55,55,55,75060
2013-09-16,55,55,53,53,121132
2013-09-17,53,53,52,52,94730
2013-09-18,55,55,52,52,418699
2013-09-19,52,52,51,52,77548
2013-09-20,51,52,50,51,73282
2013-09-23,51,52,50,51,359153
2013-09-24,51,52,50,51,82890
2013-09-25,51,52,51,51,28294
2013-09-26,51,51,50,51,830058
2013-09-27,51,51,50,50,73343
2013-09-30,51,52,51,52,215411
2013-10-01,52,53,52,52,67136
2013-10-02,52,55,52,55,149545
2013-10-03,55,55,53,53,379424
2013-10-04,54,54,53,54,14033
2013-10-07,54,55,54,54,286663
2013-10-08,55,55,54,54,30156
2013-10-09,54,55,52,54,60544
2013-10-10,54,57,54,57,74487
2013-10-11,57,57,57,57,5450
2013-10-14,55,56,54,54,63725
2013-10-16,55,55,53,53,18695
2013-10-17,56,56,50,50,123874
2013-10-18,51,52,51,52,1115858
2013-10-21,52,52,50,50,107643
2013-10-22,52,52,51,52,22421
2013-10-23,52,52,51,52,76369
2013-10-24,52,54,52,52,1521204
2013-10-25,51,52,50,50,622718
2013-10-28,51,51,50,51,596250
2013-10-29,50,51,50,50,190574
2013-10-30,50,51,50,51,1560839
2013-10-31,51,51,51,51,46242
2013-11-04,51,52,51,51,437051
2013-11-05,53,53,52,53,41330
2013-11-06,54,54,53,53,196040
2013-11-07,53,55,53,54,153186
2013-11-08,54,55,54,55,240601
2013-11-11,55,55,53,54,145040
2013-11-12,54,54,52,53,499110
2013-11-13,53,53,50,51,291596
2013-11-14,53,53,52,53,311919
2013-11-18,52,53,51,51,817534
2013-11-19,52,52,51,51,2114887
2013-11-20,52,52,51,51,57860
2013-11-21,52,52,51,51,415120
2013-11-22,53,53,53,53,5990
2013-11-25,52,52,52,52,69773
2013-11-26,52,53,51,52,157793
2013-11-27,52,53,51,51,46265
2013-11-28,51,52,51,51,229459
2013-11-29,53,53,52,52,38824
2013-12-02,53,53,51,52,75518
2013-12-03,53,53,51,52,178224
2013-12-04,53,53,52,53,16406
2013-12-05,53,53,52,53,81443
2013-12-06,52,53,52,52,11851
2013-12-09,53,53,51,52,46770
2013-12-10,52,52,51,52,354729
2013-12-11,52,52,51,52,258771
2013-12-12,51,52,51,52,618053
2013-12-13,52,52,52,52,10168
2013-12-16,52,52,51,52,7670
2013-12-17,51,52,51,51,213647
2013-12-18,50,51,50,51,5685
2013-12-19,51,52,51,51,424169
2013-12-20,51,52,50,51,419621
2013-12-23,52,52,50,51,411963
2013-12-24,51,52,50,50,227030
2013-12-26,51,51,50,50,1659032
2013-12-27,52,52,50,50,9085
2013-12-30,51,52,50,50,21800
2013-12-31,51,51,50,51,541875
2014-01-02,51,52,50,52,116483
2014-01-03,51,52,51,51,34670
2014-01-06,52,52,51,51,61089
2014-01-07,51,51,51,51,162449
2014-01-08,51,51,50,50,14269
2014-01-09,51,51,50,51,319438
2014-01-10,51,52,51,52,121280
2014-01-14,52,52,51,51,56585
2014-01-15,52,52,51,52,134916
2014-01-16,53,53,51,52,1506497
2014-01-17,52,52,52,52,537844
2014-01-20,52,53,52,53,48728
2014-01-21,53,53,52,52,854702
2014-01-22,52,53,52,52,230474
2014-01-23,52,52,51,51,472800
2014-01-24,52,52,52,52,162779
2014-01-27,52,52,51,52,456017
2014-01-28,52,52,51,51,32154
2014-01-29,52,52,51,52,455600
2014-01-30,52,52,51,52,100204
2014-01-31,52,52,52,52,181500
2014-02-03,52,53,51,51,337465
2014-02-04,51,52,51,52,987077
2014-02-05,52,52,51,51,72466
2014-02-06,52,52,52,52,83861
2014-02-07,52,52,51,51,1726197
2014-02-10,51,51,51,51,157483
2014-02-11,51,52,50,52,718001
2014-02-12,52,52,51,52,212276
2014-02-13,52,52,52,52,33715
2014-02-14,52,52,52,52,339145
2014-02-17,52,52,52,52,97920
2014-02-18,52,52,51,52,383720
2014-02-19,52,52,51,52,368102
2014-02-20,52,53,52,52,5675
2014-02-21,52,52,51,51,349609
2014-02-24,52,52,52,52,46718
2014-02-25,52,52,50,51,185494
2014-02-26,52,52,51,51,18310
2014-02-27,51,52,51,52,32347
2014-02-28,51,52,50,50,5058225
2014-03-03,52,52,51,51,372380
2014-03-04,52,54,52,52,751133
2014-03-05,54,54,51,52,1610769
2014-03-06,54,54,52,52,81829
2014-03-07,52,53,52,53,11426
2014-03-10,52,52,51,52,102080
2014-03-11,52,52,51,51,264203
2014-03-12,51,51,50,51,194177
2014-03-13,50,51,50,51,230430
2014-03-14,51,51,50,51,13267
2014-03-17,50,50,50,50,419672
2014-03-18,49,50,49,50,5132955
2014-03-19,49,50,49,49,130023
2014-03-20,50,50,49,50,87903
2014-03-21,50,50,49,50,13020
2014-03-24,49,50,49,49,466381
2014-03-25,49,49,49,49,12497
2014-03-26,49,50,49,50,189805
2014-03-27,49,50,49,50,54254
2014-03-28,50,50,49,50,583561
2014-03-31,50,50,50,50,9920
2014-04-01,49,50,49,50,94056
2014-04-02,49,50,49,49,129800
2014-04-03,50,50,48,49,40843
2014-04-04,49,49,49,49,10005
2014-04-07,50,50,48,49,144290
2014-04-08,48,49,48,48,81790
2014-04-09,48,48,47,48,42263
2014-04-10,48,48,48,48,57079
2014-04-11,48,48,48,48,89649
2014-04-14,48,48,48,48,21028
2014-04-15,48,48,47,47,208022
2014-04-16,47,48,47,47,141523
2014-04-17,47,47,47,47,583301
2014-04-18,47,47,47,47,99686
2014-04-22,47,47,46,47,20321
2014-04-23,47,47,46,47,205070
2014-04-24,46,46,45,45,277945
2014-04-25,45,45,44,45,43300
2014-04-28,45,45,45,45,49378
2014-04-29,45,45,44,44,218351
2014-04-30,42,44,42,44,285186
2014-05-02,42,43,41,42,620747
2014-05-05,40,41,40,40,60420
2014-05-06,40,40,39,39,70272
2014-05-07,39,40,39,40,3510864
2014-05-08,40,40,39,40,162488
2014-05-09,41,42,40,41,72235
2014-05-12,42,43,42,43,727324
2014-05-13,42,43,42,43,118142
2014-05-14,42,43,42,42,314481
2014-05-15,42,43,42,43,261215
2014-05-16,43,43,42,42,398019
2014-05-19,43,43,42,42,16312
2014-05-20,43,43,42,43,50840
2014-05-21,42,42,42,42,125520
2014-05-22,43,43,42,42,345759
2014-05-23,43,43,42,43,14482
2014-05-26,42,43,42,43,7820
2014-05-27,43,43,42,42,121350
2014-05-28,43,43,43,43,9050
2014-05-30,42,43,42,43,648483
2014-06-02,43,43,42,42,23465
2014-06-03,43,43,42,43,16407
2014-06-04,43,43,42,43,36155
2014-06-05,43,43,42,43,33945
2014-06-06,43,43,42,42,80125
2014-06-10,43,43,43,43,49285
2014-06-11,43,43,42,42,75786
2014-06-12,43,43,43,43,45333
2014-06-13,42,43,42,43,171346
2014-06-16,43,44,43,44,94429
2014-06-17,44,44,44,44,35882
2014-06-18,44,44,43,44,120100
2014-06-19,44,44,43,43,82153
2014-06-20,44,44,43,44,52250
2014-06-23,44,44,44,44,7183
2014-06-24,46,46,43,44,313400
2014-06-25,45,45,44,45,72032
2014-06-26,45,45,44,44,68137
2014-06-27,45,47,44,47,222547
2014-06-30,47,50,47,50,21650
2014-07-01,50,50,48,49,23290
2014-07-02,49,49,48,48,240091
2014-07-03,48,48,47,47,33538
2014-07-04,48,48,47,47,4115
2014-07-07,48,48,47,47,23410
2014-07-08,47,47,46,46,22688
2014-07-09,44,46,44,45,277537
2014-07-10,46,47,46,47,316863
2014-07-11,46,48,46,47,57868
2014-07-14,48,48,47,48,244880
2014-07-15,47,48,47,48,109500
2014-07-16,48,48,47,48,162211
2014-07-17,49,49,48,49,21084
2014-07-18,49,49,48,48,62458
2014-07-21,49,49,48,48,170615
2014-07-22,48,48,48,48,127910
2014-07-23,48,49,48,49,159421
2014-07-25,49,49,48,48,264416
2014-07-29,48,48,47,48,12762
2014-07-30,48,49,48,48,59598
2014-07-31,48,48,47,48,245006
2014-08-01,48,48,48,48,149485
2014-08-04,48,49,47,49,10046586
2014-08-05,48,50,48,48,44763
2014-08-06,48,49,48,49,199432
2014-08-08,49,49,48,49,2876749
2014-08-11,49,50,48,50,7293820
2014-08-12,49,51,49,51,141648
2014-08-13,51,51,49,50,126383
2014-08-14,50,50,49,49,230985
2014-08-18,49,49,48,49,356232
2014-08-19,49,50,48,49,266037
2014-08-20,50,50,49,49,58832
2014-08-21,50,50,49,50,15843
2014-08-22,49,50,49,50,11388
2014-08-25,51,51,50,50,1060
2014-08-26,51,51,50,50,65748
2014-08-27,50,51,49,49,453831
2014-08-28,49,50,49,50,5256
2014-08-29,50,50,49,50,425312
2014-09-01,50,50,50,50,3640
2014-09-02,50,50,50,50,266586
2014-09-03,50,50,49,50,141818
2014-09-04,50,51,50,51,108297
2014-09-05,50,51,50,51,84031
2014-09-08,54,54,51,53,79392
2014-09-09,53,54,53,53,14044
2014-09-10,53,53,51,52,36995
2014-09-11,53,54,53,53,147405
2014-09-12,53,54,52,52,735077
2014-09-15,53,55,52,55,27838
2014-09-16,55,59,55,59,124383
2014-09-17,60,62,60,61,2173297
2014-09-18,62,65,62,63,499567
2014-09-19,65,65,63,64,674668
2014-09-22,64,64,62,64,3086205
2014-09-23,63,64,62,63,724250
2014-09-24,63,63,61,63,1321191
2014-09-25,62,63,62,63,2247093
2014-09-26,62,63,62,63,234532
2014-09-29,62,63,62,62,110309
2014-09-30,63,63,62,62,422069
2014-10-01,62,63,62,63,156675
2014-10-02,62,63,60,62,578446
2014-10-03,62,63,60,60,403391
2014-10-06,61,62,61,62,6300
2014-10-07,62,62,60,61,59581
2014-10-08,61,62,60,60,13061
2014-10-09,61,61,60,60,214896
2014-10-10,61,61,59,59,674730
2014-10-13,59,60,57,57,14301
2014-10-14,60,60,59,60,16429
2014-10-15,60,60,57,57,72000
2014-10-16,59,59,57,57,5814
2014-10-17,56,56,53,56,295062
2014-10-20,53,55,53,53,81147
2014-10-21,53,54,52,52,224611
2014-10-22,53,53,51,52,36943
2014-10-23,53,53,53,53,478354
2014-10-24,53,53,52,52,232591
2014-10-27,52,53,52,53,785070
2014-10-28,53,53,52,52,27320
2014-10-29,53,53,53,53,455282
2014-10-30,55,56,53,53,549855
2014-10-31,54,54,54,54,32000
2014-11-03,54,55,53,54,79124
2014-11-04,54,54,53,54,442595
2014-11-05,54,54,53,54,58484
2014-11-06,53,55,53,55,936527
2014-11-07,54,54,54,54,24160
2014-11-10,54,54,53,54,15862
2014-11-11,54,54,52,52,160736
2014-11-12,53,53,53,53,304635
2014-11-13,54,54,53,53,108964
2014-11-14,53,53,52,53,34641
2014-11-17,53,53,53,53,2540
2014-11-18,53,53,52,52,59220
2014-11-19,53,53,52,53,87673
2014-11-20,53,53,52,52,44958
2014-11-21,52,53,51,52,64960
2014-11-24,53,53,51,51,55863
2014-11-25,52,53,51,53,450305
2014-11-26,53,53,51,51,46526
2014-11-27,53,53,51,52,8552
2014-11-28,51,52,50,52,189000
2014-12-01,51,54,51,52,336531
2014-12-02,51,52,51,51,611286
2014-12-03,51,51,50,51,73538
2014-12-04,51,51,49,49,1052908
2014-12-05,51,51,48,48,437753
2014-12-08,48,49,48,48,138530
2014-12-09,48,50,47,50,580204
2014-12-10,48,50,47,49,1593966
2014-12-11,49,50,49,49,1409135
2014-12-12,50,50,50,50,355482
2014-12-15,50,50,50,50,65590
2014-12-16,49,50,49,50,44756
2014-12-17,49,50,49,50,416592
2014-12-18,49,49,49,49,201217
2014-12-19,49,49,49,49,39150
2014-12-22,49,49,48,48,566300
2014-12-23,49,49,47,48,323213
2014-12-24,48,48,47,48,978568
2014-12-26,47,48,47,48,110090
2014-12-29,47,48,47,47,184271
2014-12-30,47,50,46,50,555475
2014-12-31,49,50,49,50,57898
2015-01-02,50,50,50,50,11400
2015-01-05,49,50,48,49,120594
2015-01-06,49,49,48,49,13950
2015-01-07,49,49,48,48,48114
2015-01-08,49,49,48,48,51725
2015-01-09,49,50,49,49,774747
2015-01-12,50,50,49,49,33200
2015-01-13,49,50,49,49,28050
2015-01-14,49,50,48,50,257560
2015-01-15,50,50,49,49,14348
2015-01-16,49,49,48,48,58410
2015-01-19,49,49,48,48,29800
2015-01-20,47,48,47,48,200371
2015-01-21,48,48,47,48,8702
2015-01-22,48,48,48,48,34676
2015-01-23,48,48,47,48,212151
2015-01-26,48,49,48,49,38121
2015-01-27,49,49,48,48,26800
2015-01-28,49,49,49,49,35100
2015-01-29,49,49,48,49,19350
2015-01-30,49,49,48,49,4307
2015-02-02,48,49,48,49,146045
2015-02-03,49,49,48,48,417884
2015-02-04,49,49,48,49,220985
2015-02-05,48,48,47,47,1351053
2015-02-06,48,48,46,47,278379
2015-02-10,48,48,47,47,66900
2015-02-11,47,48,47,48,17357
2015-02-12,48,48,47,47,25547
2015-02-13,47,48,47,48,13372
2015-02-16,47,47,47,47,19131
2015-02-17,47,47,47,47,8000
2015-02-18,47,47,46,46,199913
2015-02-19,46,47,46,47,273129
2015-02-20,48,48,47,47,10991
2015-02-23,47,47,46,47,357665
2015-02-24,47,47,46,47,20999
2015-02-25,47,47,46,47,475031
2015-02-26,47,47,45,45,169384
2015-02-27,47,47,45,47,1046159
2015-03-02,46,47,46,47,58653
2015-03-03,47,47,46,47,335718
2015-03-04,46,46,45,45,533500
2015-03-05,47,47,45,45,29321
2015-03-06,47,47,46,46,19041
2015-03-09,47,47,45,45,28545
2015-03-10,46,47,46,47,864473
2015-03-11,46,48,46,47,1142179
2015-03-12,47,47,46,46,21836
2015-03-13,45,47,45,46,485492
2015-03-16,46,46,45,46,71789
2015-03-17,46,46,45,45,266412
2015-03-18,45,46,45,45,133860
2015-03-19,46,46,46,46,212623
2015-03-20,46,47,45,46,866923
2015-03-23,46,47,46,46,2408393
2015-03-24,47,47,46,46,886219
2015-03-25,47,47,45,47,1585398
2015-03-26,47,47,46,47,21451
2015-03-27,47,47,47,47,49020
2015-03-30,47,47,46,47,287319
2015-03-31,48,48,47,48,34280
2015-04-01,48,49,48,49,51191
2015-04-02,49,50,49,50,3032961
2015-04-03,53,53,50,50,68850
2015-04-07,50,50,49,50,194141
2015-04-08,50,50,50,50,344100
2015-04-09,50,50,50,50,93717
2015-04-10,50,50,49,49,2008130
2015-04-13,50,51,50,50,195162
2015-04-14,50,50,50,50,14200
2015-04-15,52,52,50,50,2967
2015-04-16,52,53,51,53,338568
2015-04-17,52,53,52,53,523560
2015-04-20,52,53,52,53,100678
2015-04-21,54,56,54,54,878663
2015-04-22,54,57,54,57,436019
2015-04-23,56,57,55,57,415623
2015-04-24,57,57,56,57,631523
2015-04-27,57,57,55,55,169020
2015-04-28,55,56,55,56,532989
2015-04-29,56,56,55,55,560468
2015-04-30,56,56,55,55,138661
2015-05-04,55,56,54,56,245989
2015-05-05,55,58,55,58,2007052
2015-05-06,57,57,56,57,53786
2015-05-07,56,57,56,56,50770
2015-05-08,56,56,54,56,56835
2015-05-11,56,58,55,56,688252
2015-05-12,56,57,56,56,511910
2015-05-13,57,57,56,57,121400
2015-05-15,56,57,56,56,380522
2015-05-18,57,57,56,57,48036
2015-05-19,56,57,56,56,349292
2015-05-20,57,57,56,57,651076
2015-05-21,57,57,56,56,269080
2015-05-22,57,57,56,57,64234
2015-05-26,57,57,56,56,1063321
2015-05-27,57,57,55,56,96122
2015-05-28,56,56,55,56,164090
2015-05-29,55,56,55,56,14950
2015-06-01,56,56,55,56,276295
2015-06-02,55,57,55,56,1538170
2015-06-03,56,56,55,55,26097
2015-06-04,55,56,55,56,156238
2015-06-05,56,56,55,55,1121446
2015-06-08,55,55,53,53,307525
2015-06-09,53,56,53,56,780218
2015-06-10,56,56,53,53,35446
2015-06-11,54,54,53,54,15212
2015-06-12,55,55,53,54,290821
2015-06-15,52,54,52,53,193984
2015-06-16,54,54,53,53,170384
2015-06-17,54,55,54,55,3582002
2015-06-18,54,55,54,54,3278122
2015-06-19,53,54,53,54,680355
2015-06-22,54,54,53,54,18593
2015-06-23,53,54,53,54,810984
2015-06-24,54,54,53,54,2117077
2015-06-25,53,55,53,54,18435
2015-06-26,54,55,53,53,54445
2015-06-29,54,55,54,54,262340
2015-06-30,54,55,54,55,1973340
2015-07-01,55,55,54,54,562320
2015-07-02,54,54,54,54,551323
2015-07-03,55,55,54,54,129317
2015-07-06,54,54,53,53,1030067
2015-07-07,54,54,53,54,2588869
2015-07-08,54,56,53,56,38511
2015-07-09,56,59,56,59,2427991
2015-07-10,60,60,58,60,6316100
2015-07-13,61,61,60,61,173404
2015-07-15,61,64,61,64,2056856
2015-07-16,63,65,63,65,495927
2015-07-20,65,65,64,64,2134194
2015-07-21,65,65,64,65,97843
2015-07-22,65,65,64,64,736341
2015-07-23,64,64,63,63,171380
2015-07-24,63,63,62,62,147696
2015-07-27,61,61,58,58,205573
2015-07-28,58,58,56,56,154543
2015-07-29,56,56,54,55,147187
2015-07-30,55,55,54,55,600536
2015-07-31,55,55,55,55,297028
2015-08-03,55,56,55,56,386512
2015-08-04,56,56,55,56,62659
2015-08-05,57,60,56,60,1027855
2015-08-06,60,60,56,56,6180
2015-08-10,60,60,58,58,122400
2015-08-11,58,58,57,58,187660
2015-08-12,57,58,57,58,538247
2015-08-13,57,59,57,59,114907
2015-08-14,60,60,59,60,111806
2015-08-17,60,60,59,59,319135
2015-08-18,59,59,58,58,480399
2015-08-19,59,59,58,59,152869
2015-08-20,59,59,58,58,394698
2015-08-21,59,59,58,58,614726
2015-08-24,57,58,56,56,226716
2015-08-25,57,58,57,58,41381
2015-08-26,57,57,56,56,15103
2015-08-27,57,58,56,56,197996
2015-08-28,58,58,58,58,11120
2015-08-31,58,58,57,58,10591
2015-09-01,58,58,57,57,27178
2015-09-02,58,58,56,57,20666
2015-09-03,58,58,56,56,91877
2015-09-04,56,56,55,56,38278
2015-09-07,57,57,56,57,36593
2015-09-08,56,57,56,56,178375
2015-09-09,56,57,55,56,65099
2015-09-10,56,56,55,55,18642
2015-09-11,56,56,54,54,124205
2015-09-14,54,55,54,55,28606
2015-09-15,55,55,52,54,988149
2015-09-16,55,55,54,55,92845
2015-09-17,55,55,54,54,56128
2015-09-18,54,55,54,55,175994
2015-09-21,55,55,54,54,32280
2015-09-22,54,55,54,55,191591
2015-09-23,55,55,54,55,45840
2015-09-25,54,55,54,55,55932
2015-09-28,54,54,53,54,110250
2015-09-29,54,54,53,54,518505
2015-09-30,54,54,53,54,111344
2015-10-01,54,54,53,54,644052
2015-10-02,54,54,53,54,910187
2015-10-05,54,54,54,54,731940
2015-10-06,54,54,54,54,250208
2015-10-07,54,54,54,54,2946
2015-10-08,54,54,54,54,3975
2015-10-09,54,54,54,54,6925
2015-10-12,54,54,53,54,179370
2015-10-13,54,55,54,55,45342
2015-10-14,55,55,55,55,12600
2015-10-15,55,55,55,55,2231
2015-10-16,54,54,54,54,69084
2015-10-19,55,55,53,54,522945
2015-10-20,55,55,54,54,93284
2015-10-21,54,54,53,54,65346
2015-10-22,54,55,54,55,5005
2015-10-23,54,54,54,54,102908
2015-10-26,54,55,54,55,49787
2015-10-27,54,55,54,54,36098
2015-10-28,54,54,51,52,58860
2015-10-29,52,53,51,52,45765
2015-10-30,53,53,52,52,1100381
2015-11-02,53,53,53,53,31000
2015-11-03,53,53,52,52,14932
2015-11-04,53,53,52,52,269328
2015-11-05,51,52,51,52,68157
2015-11-06,52,52,51,51,29025
2015-11-09,51,52,51,52,126064
2015-11-10,52,52,51,51,22834
2015-11-11,52,52,52,52,59225
2015-11-12,52,52,51,51,43260
2015-11-13,52,52,51,51,413521
2015-11-16,51,52,51,51,178336
2015-11-17,51,52,51,51,397633
2015-11-18,51,51,51,51,436196
2015-11-19,52,52,50,50,45781
2015-11-20,51,51,49,50,1301494
2015-11-23,51,51,49,49,264587
2015-11-24,50,50,49,50,9459
2015-11-25,50,50,49,50,70842
2015-11-26,49,50,48,50,777738
2015-11-27,50,50,49,49,13648
2015-11-30,49,50,49,50,5100
2015-12-01,49,49,49,49,36666
2015-12-02,49,49,49,49,18616
2015-12-03,49,49,48,49,774989
2015-12-04,49,49,48,49,24706
2015-12-07,49,49,49,49,15460
2015-12-08,49,49,48,49,6259
2015-12-09,48,48,47,48,9609
2015-12-10,48,48,47,47,250472
2015-12-11,47,47,47,47,34146
2015-12-14,47,48,47,47,1271942
2015-12-15,49,49,47,47,45234
2015-12-16,48,48,47,47,82708
2015-12-17,47,48,47,47,53007
2015-12-18,47,47,46,46,711704
2015-12-21,47,47,46,46,421570
2015-12-22,46,47,46,47,808150
2015-12-23,47,47,46,46,1151154
2015-12-28,48,48,46,47,23826
2015-12-29,47,48,47,47,33171
2015-12-30,47,48,47,47,13072
2015-12-31,47,48,47,48,13863
2016-01-04,49,49,47,47,109302
2016-01-05,47,47,46,47,32764
2016-01-06,47,47,46,47,15510
2016-01-07,47,47,46,47,124727
2016-01-08,47,47,47,47,28320
2016-01-11,46,47,46,47,451569
2016-01-12,48,49,47,49,122029
2016-01-13,47,48,47,48,6680
2016-01-14,48,51,47,50,17307
2016-01-15,50,50,49,49,142886
2016-01-18,49,49,49,49,31019
2016-01-20,50,50,48,49,466072
2016-01-21,49,49,48,48,158960
2016-01-22,49,49,49,49,60919
2016-01-25,49,49,46,46,934031
2016-01-26,47,47,46,47,61181
2016-01-27,47,47,45,46,924668
2016-01-28,46,47,46,46,161628
2016-01-29,46,46,46,46,355057
2016-02-01,46,46,46,46,199074
2016-02-02,46,46,46,46,247900
2016-02-03,46,46,45,46,129210
2016-02-04,46,46,45,46,424928
2016-02-05,46,46,44,45,118375
2016-02-08,45,45,44,44,342243
2016-02-09,44,45,44,44,2171711
2016-02-10,44,44,44,44,59607
2016-02-11,44,44,43,44,239092
2016-02-12,44,44,43,44,27667
2016-02-15,44,44,42,42,164692
2016-02-16,42,42,41,41,163169
2016-02-17,42,42,40,40,175238
2016-02-18,40,40,39,40,2524987
2016-02-19,40,41,39,40,873474
2016-02-22,40,41,40,41,346943
2016-02-23,41,44,41,41,12547340
2016-02-24,42,43,42,43,83200
2016-02-25,43,43,42,42,12359670
2016-02-26,42,42,41,42,3059922
2016-02-29,42,42,42,42,73003
2016-03-01,42,42,41,42,127746
2016-03-02,42,42,41,41,305900
2016-03-03,41,41,41,41,157960
2016-03-04,41,41,41,41,506262
2016-03-07,42,42,41,42,67854
2016-03-08,42,42,41,41,90229
2016-03-09,42,44,42,44,49208
2016-03-10,43,43,41,41,395200
2016-03-11,42,42,41,41,472000
2016-03-14,43,43,42,42,352920
2016-03-15,42,42,40,41,745491
2016-03-16,38,38,38,38,179752
2016-03-17,36,37,36,36,42719
2016-03-18,34,34,34,34,104331
2016-03-21,36,36,33,34,94761
2016-03-22,32,33,32,32,354289
2016-03-23,33,34,33,33,118749
2016-03-24,33,33,32,32,433666
2016-03-25,32,34,32,33,285317
2016-03-29,34,35,33,35,101226
2016-03-30,37,37,37,37,37802
2016-03-31,39,39,37,38,1541605
2016-04-01,39,39,37,39,341890
2016-04-04,40,40,39,39,115065
2016-04-05,39,39,38,38,162186
2016-04-06,38,38,37,38,424763
2016-04-07,38,38,37,38,114962
2016-04-08,37,38,37,38,71020
2016-04-11,38,38,37,37,219642
2016-04-12,37,37,37,37,2951258
2016-04-13,37,38,37,38,57781
2016-04-14,37,37,36,36,409034
2016-04-15,37,37,34,36,1044242
2016-04-18,35,36,35,36,1270117
2016-04-19,37,37,36,36,228760
2016-04-20,36,37,36,36,83184
2016-04-21,37,37,36,37,22060
2016-04-22,37,37,37,37,43704
2016-04-25,37,37,36,37,751903
2016-04-26,36,38,36,38,12064971
2016-04-27,37,38,36,36,105414
2016-04-28,37,38,37,37,68838
2016-04-29,38,38,37,37,382499
2016-05-03,37,38,37,37,55476
2016-05-04,37,38,36,36,488940
2016-05-06,36,37,36,37,161474
2016-05-09,37,38,37,37,22331
2016-05-10,37,38,37,38,18732
2016-05-11,38,38,37,37,573374
2016-05-12,37,37,36,36,2247920
2016-05-13,37,37,36,37,8661815
2016-05-17,38,38,37,37,23798
2016-05-18,37,39,37,39,89188
2016-05-19,38,39,38,39,15700
2016-05-20,39,39,38,39,68497
2016-05-23,39,39,37,37,33597
2016-05-24,37,38,37,37,366089
2016-05-25,38,38,36,38,8776770
2016-05-26,38,38,37,38,49230
2016-05-27,38,38,38,38,8137
2016-05-30,37,39,37,39,34369
2016-05-31,39,39,37,37,18662857
2016-06-01,38,38,37,38,36517
2016-06-02,37,37,37,37,126788
2016-06-03,37,37,36,37,2653310
2016-06-06,38,38,37,37,35209
2016-06-07,37,38,37,37,53871
2016-06-08,37,37,36,37,1396519
2016-06-09,36,37,36,37,844166
2016-06-10,37,37,36,37,99085
2016-06-13,37,37,36,36,50590
2016-06-14,36,37,36,36,1097863
2016-06-15,36,36,35,35,1974472
2016-06-16,36,36,35,35,220074
2016-06-17,36,36,33,33,383027
2016-06-20,34,35,34,35,684306
2016-06-21,35,35,34,35,337426
2016-06-22,35,35,33,33,4940330
2016-06-23,33,33,32,33,814916
2016-06-24,33,33,33,33,378010
2016-06-27,33,33,32,33,200653
2016-06-28,33,33,32,33,144923
2016-06-29,33,33,32,32,259403
2016-06-30,32,32,31,32,103993
2016-07-01,31,31,30,30,513662
2016-07-04,30,30,30,30,243905
2016-07-05,30,30,30,30,171371
2016-07-07,31,32,30,31,663377
2016-07-08,32,32,32,32,107904
2016-07-11,32,32,30,32,405520
2016-07-12,32,33,32,33,342508
2016-07-13,33,33,32,33,351007
2016-07-14,33,33,32,33,165771
2016-07-15,32,33,32,33,18214
2016-07-18,33,33,32,32,27318
2016-07-19,32,32,31,32,91800
2016-07-20,32,32,31,31,666282
2016-07-21,31,31,30,30,100868
2016-07-22,30,30,30,30,89313
2016-07-25,30,30,30,30,60000
2016-07-26,30,30,28,29,386609
2016-07-27,29,29,28,28,380694
2016-07-28,28,29,28,28,61807
2016-07-29,29,29,28,28,389006
2016-08-01,28,29,27,28,48310
2016-08-02,28,28,28,28,593566
2016-08-03,28,28,27,28,287720
2016-08-04,28,28,27,28,107050
2016-08-05,27,27,27,27,140312
2016-08-09,27,27,26,26,302999
2016-08-10,26,26,25,25,639691
2016-08-11,25,25,24,25,403773
2016-08-12,24,24,24,24,820773
2016-08-16,23,23,23,23,301105
2016-08-17,22,22,22,22,125673
2016-08-18,21,21,21,21,803912
2016-08-19,20,21,20,21,1558655
2016-08-22,22,22,22,22,83344
2016-08-23,22,23,22,23,9044788
2016-08-24,23,24,23,24,1015302
2016-08-25,25,25,25,25,438650
2016-08-26,26,26,26,26,1761964
2016-08-29,27,27,27,27,2118194
2016-08-30,29,29,28,28,842165
2016-08-31,27,29,27,29,300467
2016-09-01,29,29,28,29,586008
2016-09-02,29,29,28,29,382943
2016-09-05,29,30,29,30,1377519
2016-09-06,30,32,29,32,511787
2016-09-07,33,34,33,34,102655
2016-09-08,34,34,33,33,101778
2016-09-09,33,33,32,32,362098
2016-09-13,31,31,30,30,122735
2016-09-14,30,30,29,29,104123
2016-09-15,29,30,29,30,36102
2016-09-16,30,30,28,28,154170
2016-09-19,29,29,28,28,166500
2016-09-20,28,29,28,28,110967
2016-09-21,29,29,28,28,103448
2016-09-22,28,29,28,29,57656
2016-09-23,29,30,29,30,1061250
2016-09-26,29,29,28,28,98423
2016-09-27,29,29,28,29,146319
2016-09-28,28,29,28,28,57049
2016-09-29,29,29,26,27,507222
2016-09-30,27,29,27,29,82188
2016-10-03,29,30,28,28,80861
2016-10-04,29,29,28,29,8849
2016-10-05,29,29,27,27,293207
2016-10-06,27,27,26,27,19140
2016-10-07,27,27,27,27,77900
2016-10-10,28,28,28,28,8337
2016-10-11,27,27,27,27,54271
2016-10-12,27,27,27,27,157048
2016-10-13,27,27,26,26,17052
2016-10-14,27,27,27,27,95891
2016-10-17,26,28,26,26,28209
2016-10-18,27,27,27,27,5500
2016-10-19,27,27,25,25,206777
2016-10-20,26,26,25,25,38090
2016-10-21,26,26,25,26,74687
2016-10-24,26,26,25,26,26109
2016-10-25,26,26,25,26,9168
2016-10-26,26,26,25,25,144559
2016-10-27,26,26,25,26,24859
2016-10-28,26,26,25,26,147665
2016-10-31,26,27,25,27,404054
2016-11-02,27,29,26,29,728636
2016-11-03,29,29,29,29,38715
2016-11-04,28,28,27,28,42350
2016-11-07,28,28,26,26,40855
2016-11-08,26,27,26,27,113462
2016-11-09,27,29,27,29,339014
2016-11-10,29,29,27,27,71769
2016-11-11,27,28,27,28,1844
2016-11-14,28,28,28,28,4445
2016-11-16,27,27,26,27,559215
2016-11-17,25,26,25,26,4293
2016-11-18,26,26,25,25,141767
2016-11-21,26,26,24,24,125197
2016-11-22,24,25,24,25,508260
2016-11-23,25,26,25,26,15603
2016-11-24,26,26,25,26,24687
2016-11-25,25,26,25,26,143760
2016-11-28,25,27,25,27,720202
2016-11-29,26,26,25,26,363039
2016-11-30,25,27,25,27,1137641
2016-12-01,26,26,26,26,6800
2016-12-02,26,26,25,26,68046
2016-12-05,25,26,25,25,273783
2016-12-06,25,26,25,26,49975
2016-12-07,26,27,25,27,901765
2016-12-08,26,26,25,25,163249
2016-12-09,26,26,24,26,167486
2016-12-13,25,26,25,25,452220
2016-12-14,26,26,25,26,6400
2016-12-15,25,25,25,25,120413
2016-12-16,25,25,25,25,1041750
2016-12-19,25,25,24,25,301082
2016-12-20,25,25,24,25,543748
2016-12-21,24,25,24,25,1231650
2016-12-22,25,25,24,24,19850
2016-12-23,24,25,24,24,151470
2016-12-27,25,25,23,24,50230
2016-12-28,24,25,24,25,962850
2016-12-29,24,24,24,24,99624
2016-12-30,24,25,23,25,2285133
2017-01-02,24,24,24,24,82702
2017-01-03,24,24,24,24,79056
2017-01-04,24,24,24,24,54700
2017-01-05,24,24,23,24,340317
2017-01-06,23,24,23,23,41824
2017-01-09,24,24,24,24,40100
2017-01-10,24,24,24,24,105011
2017-01-11,24,24,23,24,305985
2017-01-12,24,24,24,24,129540
2017-01-13,24,24,24,24,74837
2017-01-16,23,24,23,24,789271
2017-01-17,23,24,23,24,129368
2017-01-18,24,24,23,23,16262
2017-01-19,24,24,23,24,152329
2017-01-20,24,24,24,24,168066
2017-01-23,25,25,24,24,240331
2017-01-24,24,24,24,24,2179424
2017-01-25,24,24,24,24,221537
2017-01-26,24,24,24,24,6200
2017-01-27,24,24,23,24,992887
2017-01-30,23,24,23,24,98790
2017-01-31,24,24,24,24,18327
2017-02-01,24,24,23,23,9504
2017-02-02,24,24,23,23,46938
2017-02-03,24,24,24,24,7434
2017-02-06,24,24,23,23,10415
2017-02-07,24,24,23,24,24414
2017-02-08,24,24,23,23,144923
2017-02-09,24,24,23,23,3102682
2017-02-10,24,24,23,24,129881
2017-02-13,23,24,23,24,28000
2017-02-14,24,24,23,24,217449
2017-02-15,24,24,23,23,7925
2017-02-16,23,23,22,23,95920
2017-02-17,23,23,22,22,116227
2017-02-20,23,23,22,22,427874
2017-02-21,22,23,22,22,100464
2017-02-22,22,23,22,22,97700
2017-02-23,22,23,22,22,69705
2017-02-24,22,22,22,22,150491
2017-02-27,23,23,21,21,99190
2017-02-28,22,22,22,22,75959
2017-03-01,23,23,22,23,43711
2017-03-02,22,22,22,22,41195
2017-03-03,22,23,22,22,70480
2017-03-06,23,23,22,22,122866
2017-03-07,23,23,22,22,43220
2017-03-08,22,22,22,22,513434
2017-03-09,22,22,21,21,93444
2017-03-10,21,22,21,22,38700
2017-03-13,22,22,22,22,26760
2017-03-14,22,22,21,22,163206
2017-03-15,22,22,21,22,16644
2017-03-16,22,22,21,22,116404
2017-03-17,22,22,21,22,268475
2017-03-20,22,22,21,21,65925
2017-03-21,22,22,21,21,94196
2017-03-22,21,21,20,21,544957
2017-03-23,21,21,20,21,657928
2017-03-24,20,21,20,20,132189
2017-03-27,21,21,20,20,282018
2017-03-28,20,21,20,21,154040
2017-03-29,21,21,20,21,258877
2017-03-30,21,21,20,20,220696
2017-03-31,21,21,21,21,95883
2017-04-03,21,21,20,21,56227
2017-04-04,20,21,20,21,11580
2017-04-05,21,21,20,20,27814
2017-04-06,20,21,20,21,41807
2017-04-07,21,21,20,20,67135
2017-04-10,20,21,20,21,1425832
2017-04-11,21,21,21,21,26045
2017-04-12,21,21,20,20,62078
2017-04-13,20,20,20,20,815720
2017-04-14,20,20,20,20,20750
2017-04-18,21,21,20,20,414450
2017-04-19,19,19,19,19,4972624
2017-04-20,18,19,18,18,109959
2017-04-21,18,18,17,18,369910
2017-04-24,19,19,19,19,36500
2017-04-25,18,20,18,20,402383
2017-04-26,19,20,19,20,17851
2017-04-27,19,20,19,20,74492
2017-04-28,19,19,19,19,352668
2017-05-02,19,19,18,18,145239
2017-05-03,19,19,18,18,14430
2017-05-04,18,19,18,18,17225023
2017-05-05,18,19,18,19,201267
2017-05-08,19,19,18,18,134330
2017-05-09,18,18,18,18,244739
2017-05-10,18,18,18,18,180875
2017-05-11,18,18,17,18,976619
2017-05-12,18,18,17,18,410051
2017-05-15,17,18,17,17,601773
2017-05-16,18,18,18,18,28067
2017-05-17,18,18,17,18,419677
2017-05-18,18,18,17,18,358913
2017-05-19,18,18,17,18,98841
2017-05-22,18,18,17,18,149258
2017-05-23,18,18,17,17,1446756
2017-05-24,18,18,17,18,56020
2017-05-26,17,18,17,18,1665087
2017-05-29,18,18,17,18,57431
2017-05-30,18,18,17,18,377314
2017-05-31,18,19,17,19,651877
2017-06-01,18,19,18,18,452213
2017-06-02,18,18,18,18,9786
2017-06-06,18,18,17,17,1109029
2017-06-07,18,18,17,18,1004989
2017-06-08,17,18,17,18,21167742
2017-06-09,18,18,17,17,11240960
2017-06-12,18,18,16,18,15890
2017-06-13,18,18,17,17,263145
2017-06-14,18,18,16,18,1047042
2017-06-15,17,18,17,17,221363
2017-06-16,18,18,17,17,5749
2017-06-19,18,18,17,17,331039
2017-06-20,17,18,17,18,4138
2017-06-21,18,18,17,18,1575717
2017-06-23,18,18,17,17,152901
2017-06-27,17,18,16,18,1016948
2017-06-28,17,18,17,18,130375
2017-06-29,18,18,17,17,62620
2017-06-30,16,18,16,18,381952
2017-07-03,17,17,17,17,26023
2017-07-04,17,17,17,17,3000
2017-07-05,17,18,16,18,247264
2017-07-06,18,18,18,18,12397
2017-07-07,18,18,18,18,37560
2017-07-10,18,18,17,17,16159
2017-07-11,18,18,17,17,111848
2017-07-12,18,18,17,17,26260
2017-07-13,18,18,17,18,26385
2017-07-14,18,18,17,18,180340
2017-07-17,18,18,17,17,1052
2017-07-18,18,18,17,17,126512
2017-07-19,18,18,18,18,5290
2017-07-20,17,18,17,17,181317
2017-07-21,18,18,17,18,107560
2017-07-24,17,17,17,17,5431
2017-07-25,18,18,17,18,216541
2017-07-26,18,18,17,17,53466
2017-07-27,18,18,17,17,19267
2017-07-28,18,18,18,18,41419
2017-07-31,18,18,17,18,1693037
2017-08-01,17,18,17,18,14375
2017-08-02,18,18,17,18,193193
2017-08-03,18,18,17,18,54715781
2017-08-04,18,18,18,18,688698
2017-08-08,18,19,18,19,318377
2017-08-09,19,19,18,18,871179
2017-08-10,18,19,18,19,652082
2017-08-11,19,19,18,19,376346
2017-08-14,20,20,20,20,1371250
2017-08-16,20,21,19,21,177661
2017-08-17,21,21,20,20,79521
2017-08-18,20,21,20,21,139600
2017-08-21,20,22,20,21,186746
2017-08-22,22,22,21,22,63999
2017-08-23,22,23,22,23,1331685
2017-08-24,23,23,22,23,5430750
2017-08-25,23,23,22,22,510476
2017-08-28,23,23,21,21,25184
2017-08-29,22,22,21,21,53344
2017-08-30,22,22,20,20,642826
2017-08-31,21,21,19,19,64230
2017-09-04,19,20,19,20,106874
2017-09-05,20,20,20,20,30520
2017-09-06,20,20,19,19,275374
2017-09-07,19,20,19,19,12585
2017-09-08,19,19,19,19,105783
2017-09-11,19,20,19,20,101369
2017-09-12,20,20,20,20,37283
2017-09-13,20,20,20,20,16817
2017-09-14,20,21,20,20,130646
2017-09-15,20,20,20,20,46915
2017-09-18,20,20,20,20,2780
2017-09-19,20,20,19,20,166965
2017-09-20,20,20,19,19,86330
2017-09-21,19,20,19,20,22816
2017-09-22,20,20,19,19,682
2017-09-25,19,20,19,20,70429
2017-09-26,20,20,19,19,3223
2017-09-27,19,20,19,20,592821
2017-09-28,19,19,19,19,2947278
2017-09-29,19,20,19,20,153472
2017-10-02,20,20,19,19,892974
2017-10-03,19,19,19,19,54149
2017-10-04,19,19,18,19,501250
2017-10-05,19,19,18,19,173250
2017-10-06,19,20,18,20,708512
2017-10-09,20,20,19,20,16266
2017-10-10,20,20,19,20,29434
2017-10-11,19,20,19,20,53633
2017-10-12,20,20,19,20,1122246
2017-10-13,19,20,19,20,35504
2017-10-16,19,20,19,20,12170
2017-10-17,20,20,19,20,382853
2017-10-18,19,19,19,19,166346
2017-10-19,19,19,19,19,51289
2017-10-20,19,19,19,19,2000
2017-10-23,19,19,18,19,111524
2017-10-24,19,20,18,20,7808
2017-10-25,19,19,19,19,2681
2017-10-26,19,19,18,19,638440
2017-10-27,18,18,18,18,125961
2017-10-30,18,19,18,19,61295
2017-10-31,18,18,18,18,149257
2017-11-02,18,18,18,18,11615
2017-11-03,18,18,18,18,130161
2017-11-06,18,18,17,18,17029
2017-11-07,18,18,18,18,17877100
2017-11-08,18,18,18,18,1000
2017-11-09,18,19,18,18,51050
2017-11-10,19,19,18,19,134912
2017-11-13,20,20,20,20,13000
2017-11-14,19,19,19,19,335
2017-11-16,18,18,18,18,2660135
2017-11-17,18,18,18,18,16542
2017-11-20,18,19,18,18,666523
2017-11-21,18,18,18,18,36156
2017-11-22,19,19,18,18,7812
2017-11-23,19,19,18,19,71617
2017-11-24,19,19,18,19,16920
2017-11-27,18,18,18,18,10825
2017-11-28,19,19,19,19,8200
2017-11-29,19,19,19,19,2970
2017-11-30,18,19,18,19,24834
2017-12-04,19,19,18,18,229134
2017-12-05,18,18,17,18,483801
2017-12-06,18,18,18,18,2810630
2017-12-07,19,19,18,18,5091
2017-12-08,18,18,18,18,68214
2017-12-11,19,19,18,18,30810
2017-12-12,18,18,18,18,15268
2017-12-13,17,18,17,17,21027
2017-12-14,18,18,17,18,30468
2017-12-19,17,18,17,18,2356680
2017-12-20,18,18,17,17,132918
2017-12-21,18,18,18,18,9000
2017-12-22,17,18,17,17,23626
2017-12-26,18,18,17,17,36882
2017-12-27,17,18,17,17,65236
2017-12-28,18,18,17,17,53824
2017-12-29,18,18,17,17,85379
2018-01-02,17,18,17,18,101569
2018-01-03,18,18,18,18,27170
2018-01-04,19,19,18,19,142740
2018-01-05,19,19,19,19,119845
2018-01-08,19,20,18,20,127533
2018-01-09,19,19,19,19,5300
2018-01-10,20,20,19,20,122747
2018-01-11,19,19,19,19,26805
2018-01-12,19,20,19,19,21700
2018-01-15,20,20,19,19,102806
2018-01-16,19,20,19,19,64864
2018-01-17,19,19,19,19,1427
2018-01-18,19,19,18,18,160180
2018-01-19,19,19,19,19,61406
2018-01-22,19,19,19,19,165451
2018-01-23,18,19,18,19,8547
2018-01-24,19,20,19,19,13824
2018-01-25,19,20,19,20,9699
2018-01-26,19,19,19,19,7853
2018-01-29,19,20,19,19,2926
2018-01-30,19,19,19,19,1045
2018-01-31,19,20,19,19,33565964
2018-02-01,19,20,19,19,13385
2018-02-02,19,19,18,18,9526
2018-02-05,18,19,18,18,9852
2018-02-06,18,18,18,18,12000
2018-02-07,18,19,18,18,25100
2018-02-08,18,19,18,19,6600
2018-02-09,18,18,18,18,16439
2018-02-12,18,19,18,18,44083
2018-02-13,18,19,17,18,28333
2018-02-14,18,18,18,18,5133
2018-02-15,18,18,18,18,35816
2018-02-16,18,18,18,18,6889
2018-02-19,18,18,17,18,24583
2018-02-20,18,18,18,18,4048
2018-02-21,18,19,18,18,7400
2018-02-22,18,19,18,19,16026
2018-02-23,19,19,19,19,15050
2018-02-26,18,19,18,18,29781
2018-02-27,18,18,18,18,1500
2018-02-28,18,19,18,18,9880
2018-03-01,18,19,18,19,11150
2018-03-02,18,19,18,18,1439538
2018-03-05,18,19,18,19,4210
2018-03-07,19,19,19,19,240
2018-03-08,18,18,18,18,5903
2018-03-09,18,19,18,19,271342
2018-03-12,20,20,19,19,4200
2018-03-13,19,19,18,18,27103
2018-03-14,19,19,19,19,20385
2018-03-15,20,20,19,20,120920
2018-03-16,20,20,19,19,820069
2018-03-19,19,19,18,18,328587
2018-03-20,18,18,17,17,243057
2018-03-21,17,18,16,17,1472267
2018-03-22,18,18,18,18,353351
2018-03-23,19,19,19,19,151080
2018-03-26,20,20,19,20,727399
2018-03-27,20,20,20,20,55747
2018-03-28,19,20,19,19,197331
2018-03-29,19,19,18,18,12467
2018-03-30,18,19,18,18,353956
2018-04-03,19,19,19,19,55215
2018-04-04,18,19,18,19,191627
2018-04-05,19,19,19,19,7439
2018-04-06,19,19,18,19,211197
2018-04-09,18,19,18,18,28077
2018-04-10,18,18,18,18,396226
2018-04-11,18,19,18,18,898715
2018-04-12,19,19,19,19,3655
2018-04-13,19,19,19,19,1800
2018-04-16,18,19,18,19,2696144
2018-04-17,19,19,18,18,48276
2018-04-18,18,19,18,18,1236815
2018-04-19,18,19,18,18,9432
2018-04-20,19,19,18,19,15956
2018-04-23,18,19,18,19,3159422
2018-04-24,19,20,19,20,1012047
2018-04-25,21,21,21,21,847369
2018-04-26,22,22,22,22,27561
2018-04-27,23,23,23,23,114911
2018-04-30,24,24,24,24,200000
2018-05-02,25,25,25,25,7832705
2018-05-03,26,26,24,25,3829648
2018-05-04,25,25,24,24,432029
2018-05-07,24,24,23,24,194773
2018-05-08,24,25,23,23,153694
2018-05-09,23,24,23,23,26350
2018-05-11,24,24,22,22,132657
2018-05-14,23,23,22,23,132183
2018-05-15,23,23,22,22,421828
2018-05-16,22,23,22,23,47350
2018-05-17,23,23,22,22,15546
2018-05-18,23,23,22,23,91125
2018-05-22,23,23,22,22,4986
2018-05-23,22,23,22,22,163083
2018-05-24,21,22,21,22,148650
2018-05-25,23,23,22,23,18393
2018-05-28,22,23,22,22,57150
2018-05-29,22,22,21,21,123773
2018-05-30,21,21,20,21,164663
2018-05-31,21,21,20,21,16200
2018-06-01,21,21,20,21,34450
2018-06-04,21,21,20,21,49375
2018-06-05,21,21,21,21,13475
2018-06-06,21,21,20,20,122699
2018-06-07,19,20,19,20,63058
2018-06-08,20,20,19,19,10903
2018-06-12,20,20,18,20,353278
2018-06-13,21,21,20,20,48094
2018-06-15,20,21,20,20,36120
2018-06-18,20,20,19,20,181508
2018-06-19,20,20,19,20,1178935
2018-06-20,20,20,19,19,11128
2018-06-21,20,20,19,19,993788
2018-06-22,19,20,19,20,68558
2018-06-25,20,20,19,19,34212
2018-06-26,20,20,20,20,167214
2018-06-27,20,20,19,19,66404
2018-06-28,20,20,20,20,9240
2018-06-29,20,20,19,20,82800
2018-07-02,20,20,20,20,66359
2018-07-03,20,21,20,21,11733
2018-07-04,22,22,22,22,83965
2018-07-05,23,23,22,22,294370
2018-07-06,22,23,21,21,403560
2018-07-09,22,22,21,21,35862
2018-07-10,22,22,21,22,30453
2018-07-11,21,22,21,21,95886
2018-07-12,21,22,21,22,50660
2018-07-13,22,23,21,21,69897
2018-07-16,22,22,22,22,69933
2018-07-17,22,23,21,22,67422
2018-07-18,22,23,22,22,126665
2018-07-19,22,23,22,23,33206
2018-07-20,23,23,22,22,30248
2018-07-23,23,23,22,22,32006
2018-07-24,23,23,22,22,96814
2018-07-25,22,22,21,21,33269
2018-07-26,21,22,21,22,96628
2018-07-27,22,23,22,23,36525
2018-07-30,23,23,22,22,54267
2018-07-31,22,22,21,22,82317
2018-08-01,22,23,22,22,57689
2018-08-02,22,22,21,22,53604
2018-08-03,22,22,21,21,24625
2018-08-08,21,22,21,21,883911
2018-08-09,21,22,21,22,113890
2018-08-10,22,23,22,22,70436
2018-08-13,22,22,22,22,132523
2018-08-14,22,22,22,22,273
2018-08-16,22,22,21,21,2203
2018-08-17,22,22,21,22,4868
2018-08-20,22,22,21,21,39767
2018-08-22,21,21,21,21,100081
2018-08-23,21,22,21,22,935644
2018-08-24,21,22,21,22,15325
2018-08-27,22,22,22,22,404225
2018-08-28,22,23,22,23,73167
2018-08-29,22,22,22,22,114690
2018-08-30,22,23,22,23,95477
2018-08-31,22,22,22,22,310217
2018-09-03,22,23,22,22,38787
2018-09-04,22,23,22,23,63679
2018-09-05,22,23,22,22,179236
2018-09-06,22,22,22,22,24837
2018-09-07,22,22,22,22,40900
2018-09-10,22,22,22,22,450
2018-09-11,22,22,22,22,25434
2018-09-12,23,23,22,22,207386
2018-09-13,21,22,21,22,8310
2018-09-14,21,22,21,22,118968
2018-09-17,21,22,21,22,26210
2018-09-18,22,22,21,22,114663
2018-09-19,21,22,21,22,48970
2018-09-20,21,22,21,22,361223
2018-09-21,22,22,21,22,106290
2018-09-24,21,22,21,22,16920
2018-09-25,22,22,21,22,25240
2018-09-26,22,22,22,22,130004
2018-09-27,22,22,21,21,72900
2018-09-28,22,22,22,22,2000
2018-10-01,21,22,21,22,98802
2018-10-02,22,22,21,22,20360
2018-10-03,22,22,21,22,57510
2018-10-04,21,22,21,21,10993
2018-10-05,22,22,21,22,130565
2018-10-08,21,21,21,21,37733
2018-10-09,21,22,21,22,15090
2018-10-10,22,23,22,23,787093
2018-10-11,22,22,22,22,1270283
2018-10-12,21,21,21,21,320519
2018-10-15,21,22,21,22,115045
2018-10-16,22,22,21,21,682276
2018-10-17,22,22,22,22,8
2018-10-18,21,21,21,21,56165
2018-10-19,21,21,21,21,88799
2018-10-22,21,21,21,21,79596
2018-10-23,21,21,21,21,57110
2018-10-24,21,21,20,20,523440
2018-10-25,20,20,20,20,82279
2018-10-26,20,20,20,20,106479
2018-10-29,20,21,19,19,180938
2018-10-30,18,19,18,19,1883522
2018-10-31,19,19,19,19,2850
2018-11-02,19,20,19,19,37717
2018-11-05,20,20,19,19,38600
2018-11-06,19,20,18,20,386617
2018-11-07,19,20,19,20,21096
2018-11-08,19,20,19,20,11272
2018-11-09,20,20,20,20,40300
2018-11-12,20,20,19,20,40857
2018-11-13,19,19,19,19,17048
2018-11-14,19,20,19,19,41147
2018-11-16,19,20,18,20,951349
2018-11-19,19,19,19,19,88275
2018-11-21,18,19,18,19,2042723
2018-11-22,18,18,18,18,425784
2018-11-23,17,18,17,18,473650
2018-11-26,18,18,17,18,138592
2018-11-27,18,18,17,18,84450
2018-11-28,17,18,17,18,20250
2018-11-29,18,18,17,17,160775
2018-11-30,17,18,17,18,31500
2018-12-03,17,18,17,18,18514
2018-12-04,18,18,17,17,50636
2018-12-05,18,18,17,17,166108
2018-12-06,18,18,17,17,137337
2018-12-07,17,18,17,18,100565
2018-12-10,18,18,17,18,52860
2018-12-11,18,18,17,18,35049
2018-12-12,18,18,18,18,63500
2018-12-13,18,18,17,18,1575193
2018-12-14,17,18,17,18,117000
2018-12-17,18,18,17,18,100601
2018-12-18,17,18,17,18,68810
2018-12-19,17,18,17,18,24502
2018-12-20,18,18,17,17,36180
2018-12-21,17,18,17,18,598904
2018-12-24,18,18,18,18,60000
2018-12-26,17,18,17,18,213690
2018-12-28,18,18,18,18,102425
2018-12-31,18,18,18,18,2110
2019-01-02,18,18,17,17,35281
2019-01-04,18,18,18,18,3000
2019-01-07,19,19,17,17,48581
2019-01-08,18,18,17,17,6329
2019-01-09,17,17,17,17,729
2019-01-10,17,18,17,18,203338
2019-01-11,18,18,18,18,3229
2019-01-14,18,18,17,17,38320
2019-01-15,18,18,17,17,40894
2019-01-16,17,17,17,17,43000
2019-01-17,17,18,17,18,389732
2019-01-18,17,18,17,18,3747
2019-01-21,18,18,17,18,22107
2019-01-23,17,17,17,17,106000
2019-01-24,18,18,17,18,44424
2019-01-25,18,18,18,18,57283
2019-01-28,19,19,19,19,2488
2019-01-29,19,19,18,18,43004
2019-01-30,19,19,18,18,31031
2019-01-31,19,19,19,19,30783
2019-02-01,19,19,18,19,8777
2019-02-04,19,19,19,19,15
2019-02-05,19,19,19,19,1040
2019-02-06,18,18,18,18,7506
2019-02-07,18,19,18,18,817940
2019-02-08,18,19,18,19,851
2019-02-11,19,20,19,19,641636
2019-02-12,19,20,19,20,313774
2019-02-13,20,20,19,19,62888
2019-02-14,19,20,19,19,638539
2019-02-15,19,19,19,19,386923
2019-02-18,19,19,19,19,234219
2019-02-19,19,19,18,19,16146
2019-02-20,19,19,19,19,343857
2019-02-21,19,19,19,19,161912
2019-02-22,19,19,19,19,159698
2019-02-25,19,20,19,20,53558
2019-02-27,19,19,19,19,55150
2019-02-28,20,20,19,20,1720
2019-03-04,19,20,19,20,412800
2019-03-05,19,20,19,19,1228090
2019-03-06,19,20,19,19,418257
2019-03-07,19,19,19,19,53643
2019-03-08,19,20,19,20,48000
2019-03-11,19,19,19,19,45000
2019-03-12,19,19,19,19,72087
2019-03-13,19,19,19,19,39116
2019-03-14,20,20,19,20,366685
2019-03-15,19,19,19,19,100000
2019-03-18,20,20,19,20,61856
2019-03-19,20,21,20,20,2237350
2019-03-20,20,21,20,21,32833
2019-03-21,20,20,20,20,48536
2019-03-22,20,20,20,20,450497
2019-03-25,21,21,21,21,200
2019-03-27,20,20,20,20,135448
2019-03-28,20,21,20,20,135233
2019-03-29,20,20,19,19,758210
2019-04-01,19,19,18,18,546994
2019-04-02,18,19,18,18,79256
2019-04-03,18,18,17,17,14142
2019-04-04,17,18,17,18,162318
2019-04-05,19,19,18,18,239957
2019-04-08,18,19,18,18,8953
2019-04-09,18,19,18,19,51518
2019-04-10,18,19,18,18,164773
2019-04-11,18,18,18,18,3510
2019-04-12,19,19,19,19,25150
2019-04-15,19,19,18,18,19540
2019-04-16,18,19,18,19,1538
2019-04-17,19,19,19,19,3135
2019-04-18,19,19,19,19,232
2019-04-19,18,18,18,18,312805
2019-04-23,18,19,18,19,101867
2019-04-24,18,19,18,19,414267
2019-04-25,19,19,18,18,19167
2019-04-26,18,19,18,19,656456
2019-04-29,19,19,18,18,578318
2019-04-30,18,18,18,18,442544
2019-05-02,18,18,17,18,64878
2019-05-03,18,18,17,18,18240
2019-05-06,17,18,17,18,9878
2019-05-07,18,18,17,17,61953
2019-05-08,18,18,17,18,371119
2019-05-09,18,18,17,18,239066
2019-05-10,18,18,18,18,2644
2019-05-13,18,18,18,18,255318
2019-05-14,18,18,18,18,26587
2019-05-15,18,18,18,18,2200
2019-05-16,18,18,17,18,153938
2019-05-17,17,18,17,17,82062
2019-05-20,17,17,17,17,18358
2019-05-21,18,18,17,18,4763
2019-05-22,18,18,17,17,277195
2019-05-23,18,18,17,17,8721
2019-05-24,17,18,17,17,122886
2019-05-27,18,18,18,18,160
2019-05-28,18,18,17,18,235138
2019-05-29,18,18,18,18,600
2019-05-31,18,18,18,18,452
2019-06-03,17,18,17,17,22681
2019-06-05,17,17,17,17,171820
2019-06-06,18,18,17,17,39218
2019-06-07,18,18,17,18,56789
2019-06-11,17,18,17,17,392146
2019-06-12,17,18,17,17,1195126
2019-06-13,17,18,17,17,7312
2019-06-14,17,18,17,18,4379
2019-06-17,17,18,17,17,3305
2019-06-18,17,18,17,17,289152
2019-06-19,17,17,17,17,63023
2019-06-20,17,17,17,17,1079515
2019-06-21,17,17,17,17,108572
2019-06-24,17,17,17,17,522705
2019-06-25,17,17,16,16,119717
2019-06-26,17,17,16,17,26851
2019-06-27,16,17,16,17,256998
2019-06-28,17,17,16,16,19148
2019-07-01,16,17,16,17,34667
2019-07-02,17,17,17,17,4000
2019-07-03,17,17,17,17,880
2019-07-04,16,17,16,17,20370
2019-07-05,16,17,16,17,49071
2019-07-08,17,17,17,17,11952
2019-07-09,17,17,17,17,2763
2019-07-10,17,17,17,17,4125
2019-07-11,17,17,17,17,3937
2019-07-12,17,17,17,17,2483
2019-07-15,17,18,17,17,38334
2019-07-16,17,18,17,17,26164
2019-07-17,18,18,17,17,4518
2019-07-18,18,18,18,18,15200
2019-07-19,18,19,18,19,500100
2019-07-22,18,18,18,18,2576
2019-07-23,18,18,17,17,10978
2019-07-25,18,18,17,17,105866
2019-07-26,18,18,17,17,163210
2019-07-29,18,18,17,17,6208
2019-07-30,17,17,17,17,10027
2019-07-31,18,18,17,18,861548
2019-08-01,17,18,17,17,1321655
2019-08-02,17,17,16,16,1147368
2019-08-05,17,17,16,16,1290652
2019-08-06,17,17,16,16,1000147
2019-08-08,17,17,16,16,1100117
2019-08-09,16,17,16,17,144360
2019-08-13,17,17,16,16,1884124
2019-08-14,16,16,16,16,9938
2019-08-16,16,16,15,16,130331
2019-08-19,16,16,15,16,4846867
2019-08-20,16,16,16,16,670075
2019-08-21,16,17,16,16,576159
2019-08-22,16,16,16,16,1638195
2019-08-23,16,16,16,16,471295
2019-08-26,16,16,16,16,460376
2019-08-27,16,16,16,16,160064
2019-08-28,15,16,15,15,3251550
2019-08-29,16,16,15,16,166917
2019-08-30,15,16,15,16,33087
2019-09-02,16,16,15,15,24620
2019-09-03,15,16,15,16,197811
2019-09-04,16,17,16,16,309062
2019-09-05,16,17,16,17,782880
2019-09-06,17,17,16,16,110013
2019-09-09,16,16,16,16,90315
2019-09-10,15,17,15,16,174681
2019-09-11,16,16,15,16,317765
2019-09-12,16,16,15,15,77138
2019-09-13,15,16,15,16,450
2019-09-16,15,16,15,16,657890
2019-09-17,16,16,15,16,121046
2019-09-18,16,16,15,15,115115
2019-09-19,16,16,15,15,426221
2019-09-20,15,16,15,16,23466
2019-09-23,15,16,15,16,39517
2019-09-24,15,16,15,15,19741
2019-09-25,16,16,16,16,3987
2019-09-26,16,16,15,15,136850
2019-09-27,15,16,15,16,110045
2019-09-30,16,16,16,16,4647
2019-10-01,15,16,15,16,31000
2019-10-02,16,16,15,16,74651
2019-10-03,15,16,15,16,20771
2019-10-04,16,16,16,16,9532
2019-10-07,15,16,15,16,13595
2019-10-08,16,16,15,15,15249
2019-10-09,16,16,15,15,12633
2019-10-10,15,16,15,16,39727
2019-10-11,15,16,15,16,12573
2019-10-14,15,16,15,16,3080
2019-10-15,15,16,15,16,15563
2019-10-16,16,16,15,16,339994
2019-10-17,16,16,15,15,1600
2019-10-18,15,16,15,16,112916
2019-10-21,15,16,15,16,11900
2019-10-22,15,16,15,16,162859
2019-10-23,16,16,15,16,47305
2019-10-24,16,16,15,16,1659397
2019-10-25,15,16,15,16,510
2019-10-28,16,16,15,15,238980
2019-10-29,15,15,15,15,15140
2019-10-30,15,16,15,15,320470
2019-10-31,15,15,15,15,1200
2019-11-04,15,15,14,14,37308
2019-11-05,14,14,14,14,33753
2019-11-06,14,15,14,15,305631
2019-11-07,14,15,14,15,2274
2019-11-08,15,15,15,15,231648
2019-11-11,15,15,15,15,1583
2019-11-12,15,15,15,15,82331
2019-11-13,15,15,14,14,40570
2019-11-14,15,15,15,15,3025
2019-11-18,15,15,15,15,603346
2019-11-19,15,16,15,15,210409
2019-11-20,15,15,15,15,285
2019-11-21,15,15,14,14,10134
2019-11-22,14,15,14,15,28745
2019-11-25,15,15,15,15,170
2019-11-26,15,15,15,15,983
2019-11-27,14,15,14,15,70930
2019-11-28,14,14,14,14,2649
2019-11-29,14,14,14,14,39402
2019-12-02,14,14,14,14,15188
2019-12-03,13,14,13,13,26822
2019-12-04,13,14,13,14,25989
2019-12-05,14,14,13,13,114022
2019-12-06,13,14,13,14,11497
2019-12-09,13,13,13,13,117724
2019-12-10,13,13,13,13,60792
2019-12-11,13,14,13,14,197476
2019-12-12,13,13,13,13,196738
2019-12-13,13,13,13,13,178007
2019-12-16,13,13,13,13,7569
2019-12-17,13,13,13,13,106098
2019-12-18,13,13,13,13,129366
2019-12-19,13,13,13,13,21420
2019-12-20,13,13,13,13,2758
2019-12-23,13,13,13,13,245108
2019-12-24,13,14,13,14,78490
2019-12-26,14,14,13,14,522486
2019-12-27,14,14,13,14,25243
2019-12-30,14,14,13,14,74273
2019-12-31,14,14,14,14,150
2020-01-02,14,14,14,14,298
2020-01-03,14,14,14,14,11900
2020-01-06,14,14,13,14,675552
2020-01-07,14,14,13,13,1428452
2020-01-08,13,14,13,14,213151
2020-01-09,13,14,13,14,10949
2020-01-10,14,14,13,13,121631
2020-01-13,14,14,13,13,141275
2020-01-14,14,14,13,13,76391
2020-01-15,13,14,13,14,26778
2020-01-16,14,14,13,13,860
2020-01-17,14,14,13,14,8626
2020-01-20,14,14,13,14,198879
2020-01-21,14,14,13,13,14500
2020-01-22,14,14,13,13,26000
2020-01-23,13,13,13,13,111446
2020-01-24,14,14,14,14,4823
2020-01-27,13,14,13,13,1065279
2020-01-28,13,13,13,13,24205
2020-01-29,13,14,13,13,9996327
2020-01-30,13,13,13,13,108489
2020-01-31,13,13,13,13,444755
2020-02-03,13,13,13,13,135426
2020-02-04,13,13,13,13,1647054
2020-02-05,13,13,13,13,256224
2020-02-06,13,13,13,13,165163
2020-02-07,13,13,13,13,55497
2020-02-10,13,13,13,13,11328
2020-02-11,13,13,13,13,77619
2020-02-12,13,13,13,13,28250
2020-02-13,13,13,13,13,237700
2020-02-14,13,13,13,13,49500
2020-02-17,13,13,13,13,190715
2020-02-18,13,13,13,13,250100
2020-02-19,13,13,13,13,25160
2020-02-20,13,13,13,13,10104
2020-02-21,13,13,13,13,253567
2020-02-24,13,13,13,13,7250
2020-02-25,13,13,13,13,12600
2020-02-26,13,13,13,13,120000
2020-02-27,13,13,13,13,311000
2020-02-28,13,13,13,13,4090
2020-03-02,13,13,13,13,5000
2020-03-03,13,13,13,13,57643
2020-03-04,13,13,13,13,10975
2020-03-05,13,13,13,13,1000
2020-03-06,13,13,13,13,952467
2020-03-09,13,13,13,13,4004
2020-03-10,13,13,13,13,260170
2020-03-12,13,13,13,13,61753
2020-03-13,13,13,13,13,105500
2020-03-16,13,13,13,13,88268
2020-03-17,13,13,13,13,332617
2020-03-18,13,13,13,13,9510
2020-03-19,13,13,13,13,514953
2020-03-23,13,13,13,13,512
2020-03-24,13,13,13,13,10790
2020-03-25,13,13,13,13,277025
2020-03-26,13,13,13,13,231
2020-03-27,13,13,13,13,77150
2020-03-30,13,13,13,13,7500
2020-03-31,13,13,13,13,69175
2020-04-01,13,13,13,13,95000
2020-04-02,13,13,13,13,57
2020-04-03,13,13,13,13,25976
2020-04-06,13,13,13,13,186
2020-04-07,13,13,13,13,1110
2020-04-08,13,13,13,13,432
2020-04-09,13,13,13,13,17106
2020-04-10,13,13,13,13,3810
2020-04-14,13,13,13,13,9000
2020-04-15,13,13,13,13,75064
2020-04-16,13,13,13,13,4853
2020-04-17,13,13,13,13,7002
2020-04-20,13,13,13,13,50000
2020-04-22,13,13,13,13,204089
2020-04-23,13,13,13,13,18300
2020-04-24,13,13,13,13,92030
2020-04-27,13,13,13,13,500
2020-04-28,13,13,13,13,300
2020-04-29,13,13,13,13,22969
2020-04-30,13,13,13,13,120
2020-05-04,13,13,13,13,10000
2020-05-05,13,13,13,13,13300
2020-05-06,13,13,13,13,6330
2020-05-07,13,13,13,13,43250
2020-05-08,13,13,13,13,930
2020-05-12,13,13,13,13,60880
2020-05-13,13,13,13,13,635
2020-05-14,13,13,13,13,8000
2020-05-15,13,13,13,13,66992
2020-05-19,13,13,13,13,850
2020-05-22,13,13,13,13,101438
2020-05-25,13,13,13,13,990
2020-05-26,13,13,13,13,9460
2020-05-27,13,13,13,13,1000
2020-05-28,13,13,13,13,10000
2020-05-29,13,13,13,13,13401
2020-06-02,13,13,13,13,6200
2020-06-03,13,13,13,13,10150
2020-06-04,13,13,13,13,14090
2020-06-05,13,13,13,13,3563
2020-06-08,13,13,13,13,3014
2020-06-09,13,13,13,13,10445
2020-06-10,13,13,13,13,7738
2020-06-11,13,13,13,13,2160
2020-06-12,13,13,13,13,10901
2020-06-15,13,13,13,13,18076
2020-06-16,13,13,13,13,3200
2020-06-17,13,13,13,13,2750
2020-06-18,13,13,13,13,5100
2020-06-19,13,13,13,13,11150
2020-06-22,13,13,13,13,5500
2020-06-23,13,13,13,13,22223
2020-06-24,13,13,13,13,1625
2020-06-25,13,13,13,13,50
2020-06-26,13,13,13,13,190
2020-06-29,13,13,13,13,3000
2020-06-30,13,13,13,13,2652
2020-07-01,13,13,13,13,11282
2020-07-02,13,13,13,13,100
2020-07-03,13,13,13,13,10309
2020-07-06,13,13,13,13,7000
2020-07-07,13,13,13,13,8604
2020-07-08,13,13,13,13,2770
2020-07-10,13,13,13,13,12272
2020-07-13,13,13,13,13,1157
2020-07-14,13,13,13,13,1000
2020-07-15,13,13,13,13,210
2020-07-17,13,13,13,13,2800
2020-07-20,13,13,13,13,1194
2020-07-22,13,13,13,13,3460
2020-07-24,13,13,13,13,2030
2020-07-27,13,13,13,13,6093
2020-07-28,13,13,13,13,1500
2020-07-29,13,13,13,13,1300
2020-08-03,13,13,13,13,20205
2020-08-04,13,13,13,13,110000
2020-08-05,13,13,13,13,640
2020-08-06,13,13,13,13,11006
2020-08-10,13,13,13,13,2590
2020-08-12,13,13,13,13,150500
2020-08-13,13,13,13,13,6153
2020-08-14,13,13,13,13,6039
2020-08-18,13,13,13,13,1678
2020-08-19,13,13,13,13,1000
2020-08-20,13,13,13,13,5350
2020-08-24,13,13,13,13,5540
2020-08-25,13,13,13,13,36000
2020-08-26,13,13,13,13,3800
2020-08-27,13,13,13,13,974
2020-08-28,13,13,13,13,5000
2020-09-01,13,13,13,13,54500
2020-09-02,13,13,13,13,1000
2020-09-03,13,13,13,13,222
2020-09-04,13,13,13,13,6400
2020-09-07,13,13,13,13,450
2020-09-08,13,13,13,13,155
2020-09-09,13,13,13,13,9654
2020-09-11,13,13,13,13,100
2020-09-15,13,13,13,13,10
2020-09-16,13,13,13,13,1530
2020-09-17,13,13,13,13,320550
2020-09-18,13,13,13,13,26510
2020-09-21,13,13,13,13,120
2020-09-24,13,13,13,13,150080
2020-09-25,13,13,13,13,700
2020-09-30,13,13,13,13,5942
2020-10-01,13,13,13,13,150
2020-10-02,13,13,13,13,5000
2020-10-05,13,13,13,13,300
2020-10-06,13,13,13,13,110
2020-10-07,13,13,13,13,150
2020-10-08,13,13,13,13,5000
2020-10-12,13,13,13,13,1978
2020-10-13,13,13,13,13,2600
2020-10-14,13,13,13,13,1000
2020-10-16,13,13,13,13,250
2020-10-20,13,13,13,13,3115
2020-10-23,13,13,13,13,800
2020-10-26,13,13,13,13,1414
2020-10-27,13,13,13,13,5000
2020-10-28,13,13,13,13,6405
2020-10-30,13,13,13,13,20100
2020-11-02,13,13,13,13,9176
2020-11-03,13,13,13,13,5000
2020-11-04,13,13,13,13,5000
2020-11-05,13,13,13,13,127449
2020-11-06,13,13,13,13,6987
2020-11-09,13,13,13,13,13414
2020-11-10,13,13,13,13,11570
2020-11-11,13,13,13,13,650
2020-11-12,13,13,13,13,8350
2020-11-13,13,13,13,13,5105
2020-11-16,13,13,13,13,1400
2020-11-17,13,13,13,13,2010
2020-11-18,13,13,13,13,9100
2020-11-19,13,13,13,13,40179
2020-11-20,13,13,13,13,1215
2020-11-23,13,13,13,13,108635
2020-11-24,13,13,13,13,12475
2020-11-25,13,13,13,13,4885
2020-11-26,13,13,13,13,535
2020-11-27,13,13,13,13,486
2020-11-30,13,13,13,13,930
2020-12-01,13,13,13,13,5570
2020-12-03,13,13,13,13,5105
2020-12-08,13,13,13,13,203
2020-12-09,13,13,13,13,87
2020-12-10,13,13,13,13,605
2020-12-11,13,13,13,13,3307
2020-12-14,13,13,13,13,6310
2020-12-15,13,13,13,13,3513
2020-12-16,13,13,13,13,1017
2020-12-17,13,13,13,13,2874
2020-12-18,13,13,13,13,517
2020-12-21,13,13,13,13,1715
2020-12-22,13,13,13,13,10165
2020-12-23,13,13,13,13,2100
2020-12-24,13,13,13,13,555
2020-12-28,13,13,13,13,1000
2020-12-29,13,13,13,13,7885
2020-12-30,13,13,13,13,2455
2021-01-04,13,13,13,13,1400
2021-01-05,13,13,13,13,23945
2021-01-06,13,13,13,13,86
2021-01-07,13,13,13,13,7218
2021-01-08,13,13,13,13,500
2021-01-11,13,13,13,13,1120
2021-01-12,13,13,13,13,1248
2021-01-13,13,13,13,13,400
2021-01-14,13,13,13,13,556
2021-01-15,13,13,13,13,5353
2021-01-18,13,13,13,13,3385
2021-01-19,13,13,13,13,18835
2021-01-20,13,13,13,13,5100
2021-01-21,13,13,13,13,269486
2021-01-22,13,13,13,13,135
2021-01-26,13,13,13,13,8700
2021-01-27,13,13,13,13,4300
2021-01-28,13,13,13,13,20013
2021-01-29,13,13,13,13,37780
2021-02-01,13,13,13,13,60300
2021-02-02,13,13,13,13,3908
2021-02-03,13,13,13,13,131
2021-02-04,13,13,13,13,1060
2021-02-05,13,13,13,13,2570
2021-02-08,13,13,13,13,9400
2021-02-09,13,13,13,13,10
2021-02-10,13,13,13,13,370
2021-02-11,13,13,13,13,975
2021-02-12,13,13,13,13,8635
2021-02-15,13,13,13,13,5904
2021-02-16,13,13,13,13,1185
2021-02-17,13,13,13,13,7845
2021-02-18,13,13,13,13,1303
2021-02-19,13,13,13,13,8445
2021-02-22,13,13,13,13,5205
2021-02-23,13,13,13,13,8467
2021-02-24,13,13,13,13,4140
2021-02-25,13,13,13,13,99
2021-02-26,13,13,13,13,225
2021-03-02,13,13,13,13,14325
2021-03-03,13,13,13,13,5090
2021-03-04,13,13,13,13,7600
2021-03-05,13,13,13,13,32380
2021-03-08,13,13,13,13,500
2021-03-09,13,13,13,13,228188
2021-03-10,13,13,13,13,3845
2021-03-11,13,13,13,13,33620
2021-03-12,13,13,13,13,600
2021-03-15,13,13,13,13,4086
2021-03-16,13,13,13,13,20750
2021-03-17,13,13,13,13,2080
2021-03-18,13,13,13,13,770
2021-03-19,13,13,13,13,255
2021-03-22,13,13,13,13,4500
2021-03-23,13,13,13,13,21600
2021-03-24,13,13,13,13,397
2021-03-25,13,13,13,13,20130
2021-03-26,13,13,13,13,1531
2021-03-29,13,13,13,13,755
2021-03-30,13,13,13,13,400
2021-03-31,13,13,13,13,12100
2021-04-02,13,13,13,13,7800
2021-04-06,13,13,13,13,2085
2021-04-07,13,13,13,13,8170
2021-04-09,13,13,13,13,7600
2021-04-12,13,13,13,13,2456
2021-04-14,13,13,13,13,100
2021-04-15,13,13,13,13,6615
2021-04-16,13,13,13,13,2500
2021-04-19,13,13,13,13,2615
2021-04-21,13,13,13,13,1300
2021-04-22,13,13,13,13,255326
2021-04-23,13,13,13,13,226
2021-04-26,13,13,13,13,1830
2021-04-28,13,13,13,13,15020
2021-04-29,13,13,13,13,85100
2021-04-30,13,13,13,13,16213
2021-05-03,13,13,13,13,17008
2021-05-04,13,13,13,13,520
2021-05-05,13,13,13,13,23768
2021-05-06,13,13,13,13,12534
2021-05-07,13,13,13,13,16000
2021-05-10,13,13,13,13,9915
2021-05-11,13,13,13,13,3386
2021-05-14,13,13,13,13,15000
2021-05-17,13,13,13,13,10273
2021-05-18,13,13,13,13,18710
2021-05-19,13,13,13,13,6675
2021-05-20,13,13,13,13,26618
2021-05-21,13,13,13,13,144192
2021-05-25,13,13,13,13,52888
2021-05-26,13,13,13,13,35731
2021-05-27,13,13,13,13,43814
2021-05-28,13,13,13,13,1087589
2021-05-31,13,13,13,13,23798
2021-06-01,13,13,13,13,38137
2021-06-02,13,13,13,13,707534
2021-06-03,13,13,13,13,31768
2021-06-04,13,13,13,13,11967
2021-06-07,13,13,13,13,28859
2021-06-08,13,13,13,13,13660
2021-06-09,13,13,13,13,42250
2021-06-10,13,13,13,13,14000
2021-06-11,13,13,13,13,170
2021-06-14,13,13,13,13,35050
2021-06-15,13,13,13,13,8675
2021-06-16,13,13,13,13,112650
2021-06-17,13,13,13,13,5340
2021-06-18,13,13,13,13,2778
2021-06-21,13,13,13,13,104198
2021-06-22,13,13,13,13,21277
2021-06-23,13,13,13,13,1115
2021-06-24,13,13,13,13,1095
2021-06-28,13,13,13,13,122183
2021-06-29,13,13,13,13,43555
2021-06-30,13,13,13,13,6846
2021-07-01,13,13,13,13,15744
2021-07-02,13,13,13,13,101500
2021-07-05,13,13,13,13,10123
2021-07-06,13,13,13,13,1257
2021-07-07,13,13,13,13,10215
2021-07-08,13,13,13,13,17550
2021-07-09,13,13,13,13,69064
2021-07-12,13,13,13,13,5753
2021-07-13,13,13,13,13,66073
2021-07-14,13,13,13,13,21318
2021-07-15,13,13,13,13,30006
2021-07-16,13,13,13,13,21706
2021-07-19,13,13,13,13,5467
2021-07-21,13,13,13,13,129715
2021-07-22,13,13,13,13,14988
2021-07-23,13,13,13,13,10714
2021-07-26,13,13,13,13,30324
2021-07-27,13,13,13,13,93697
2021-07-28,13,13,13,13,56803
2021-07-29,13,13,13,13,71121
2021-07-30,13,13,13,13,89284
2021-08-02,13,13,13,13,18235
2021-08-03,13,13,13,13,61989
2021-08-04,13,13,13,13,1082225
2021-08-05,13,13,13,13,42616
2021-08-06,13,13,13,13,17910
2021-08-09,13,13,13,13,61183
2021-08-10,13,13,13,13,79905
2021-08-11,13,13,13,13,9389
2021-08-12,13,13,13,13,9034
2021-08-13,13,13,13,13,25291
2021-08-16,13,13,13,13,6865
2021-08-17,13,13,13,13,14886
2021-08-18,13,13,13,13,44148
2021-08-19,13,13,13,13,21278
2021-08-20,13,13,13,13,72563
2021-08-23,13,13,13,13,254606
2021-08-24,13,13,13,13,63543
2021-08-25,13,13,13,13,127188
2021-08-26,13,13,13,13,30376
2021-08-27,13,13,13,13,38085
2021-08-30,13,13,13,13,132945
2021-08-31,13,13,13,13,240084
2021-09-01,13,13,13,13,17432
2021-09-02,13,13,13,13,32625
2021-09-03,13,13,13,13,37507
2021-09-06,13,13,13,13,44632
2021-09-07,13,13,13,13,106759
2021-09-08,13,13,13,13,120649
2021-09-09,13,13,13,13,5596
2021-09-10,13,13,13,13,126565
2021-09-13,13,13,13,13,40913
2021-09-14,13,13,13,13,160603
2021-09-15,13,13,13,13,17398
2021-09-16,13,13,13,13,23052
2021-09-17,13,13,13,13,31809
2021-09-20,13,13,13,13,146065
2021-09-21,13,13,13,13,179033
2021-09-22,13,13,13,13,25490
2021-09-23,13,13,13,13,378108
2021-09-24,13,13,13,13,113030
2021-09-27,13,13,13,13,114626
2021-09-28,13,13,13,13,144935
2021-09-29,13,13,13,13,26287
2021-09-30,13,13,13,13,395917
2021-10-01,13,13,13,13,30515
2021-10-04,13,13,13,13,46772
2021-10-05,13,13,13,13,82011
2021-10-06,13,13,13,13,24380
2021-10-07,13,13,13,13,83944
2021-10-08,13,13,13,13,36592
2021-10-11,13,13,13,13,146681
2021-10-12,13,13,13,13,36815
2021-10-13,13,13,13,13,13100
2021-10-14,13,13,13,13,317084
2021-10-15,13,13,13,13,770383
2021-10-19,13,13,13,13,186328
2021-10-20,13,13,13,13,13469
2021-10-21,13,13,13,13,62280
2021-10-22,13,13,13,13,1795658
2021-10-25,13,13,13,13,605442
2021-10-26,13,13,13,13,18327
2021-10-27,13,13,13,13,148475
2021-10-28,13,13,13,13,58300
2021-10-29,13,13,13,13,414854
2021-11-03,13,13,13,13,471235
2021-11-04,13,13,13,13,2963448
2021-11-05,13,13,13,13,156017
2021-11-08,13,13,13,13,139515
2021-11-09,13,13,13,13,73919
2021-11-10,13,13,13,13,65904
2021-11-11,13,13,13,13,8285
2021-11-12,13,13,13,13,14820
2021-11-16,13,13,13,13,31394
2021-11-17,13,13,13,13,4515
2021-11-18,13,13,13,13,85343
2021-11-19,13,13,13,13,5108
2021-11-22,13,13,13,13,100732
2021-11-23,13,13,13,13,11085
2021-11-24,13,13,13,13,36130
2021-11-25,13,13,13,13,8135
2021-11-26,13,13,13,13,6014
2021-11-29,13,13,13,13,4348
2021-11-30,13,13,13,13,2285
2021-12-01,13,13,13,13,329
2021-12-02,13,13,13,13,3876
2021-12-03,13,13,13,13,175373
2021-12-06,13,13,13,13,156899
2021-12-07,13,13,13,13,34218178
2021-12-08,13,13,13,13,1754181
2021-12-09,13,13,13,13,1817232
2021-12-10,13,13,13,13,324746
2021-12-13,13,13,13,13,985138
2021-12-14,13,13,13,13,761205
2021-12-15,13,13,13,13,1091476
2021-12-16,13,13,13,13,509621
2021-12-17,13,13,13,13,6535437
2021-12-20,13,14,13,14,14879852
2021-12-21,14,14,13,14,5172484
2021-12-22,14,14,13,14,2173195
2021-12-23,14,14,13,13,12655253
2021-12-24,13,15,13,14,28045922
2021-12-27,15,15,15,15,870756
2021-12-28,16,16,16,16,235663
2021-12-29,17,17,17,17,172394
2021-12-30,18,18,17,18,4400251
2021-12-31,19,19,18,18,1300569
2022-01-03,19,19,19,19,651139
2022-01-04,19,20,19,20,359688
2022-01-05,21,21,21,21,3600939
2022-01-06,22,22,22,22,2190774
2022-01-07,23,23,23,23,7190563
2022-01-10,24,24,24,24,836916
2022-01-11,25,25,25,25,546253
2022-01-12,26,26,26,26,8663538
2022-01-13,27,27,25,25,3686170
2022-01-14,24,24,24,24,303791
2022-01-17,23,23,23,23,150396
2022-01-18,22,22,22,22,836923
2022-01-19,21,21,21,21,176953
2022-01-20,20,20,20,20,51490
2022-01-21,19,19,19,19,96033
2022-01-24,18,18,18,18,169282
2022-01-25,17,17,17,17,36948
2022-01-26,16,18,16,18,2876511
2022-01-27,19,19,19,19,1890789
2022-01-28,20,20,19,20,1444527
2022-01-31,21,21,21,21,2096020
2022-02-01,22,22,22,22,638967
2022-02-02,22,22,21,21,2249249
2022-02-03,20,21,20,20,2523500
2022-02-04,19,20,19,19,1695442
2022-02-07,18,20,18,20,430860
2022-02-08,21,21,21,21,1561259
2022-02-09,22,22,22,22,1367776
2022-02-10,23,23,21,22,1174552
2022-02-11,22,22,21,21,438552
2022-02-14,22,22,21,21,1073094
2022-02-15,20,21,20,20,1800442
2022-02-16,20,20,19,19,1541182
2022-02-17,19,20,19,20,652695
2022-02-18,20,21,20,20,507051
2022-02-21,20,21,20,20,147431
2022-02-22,20,21,20,20,249722
2022-02-23,20,21,20,21,248019
2022-02-24,21,21,20,21,171406
2022-02-25,20,20,20,20,1114676
2022-02-28,20,20,19,20,380399
2022-03-01,19,19,19,19,2170186
2022-03-02,18,18,18,18,1430435
2022-03-03,17,17,17,17,477926
2022-03-04,16,16,16,16,1863828
2022-03-07,15,15,15,15,1060556
2022-03-08,14,15,14,15,5546915
2022-03-09,14,16,14,15,4991265
2022-03-10,15,15,14,15,2917888
2022-03-11,14,15,14,15,2173934
2022-03-14,15,15,14,15,584291
2022-03-15,15,15,14,15,2380943
2022-03-16,15,15,14,15,2297713
2022-03-17,14,15,14,15,4731864
2022-03-18,15,16,15,15,553670
2022-03-21,15,16,15,16,235507
2022-03-22,16,17,16,17,1241061
2022-03-23,17,18,16,17,1122336
2022-03-24,17,18,17,17,1287777
2022-03-25,17,18,17,18,142397
2022-03-28,18,18,17,18,385755
2022-03-29,17,18,17,17,686587
2022-03-30,17,18,17,18,76660
2022-03-31,17,17,17,17,83737
2022-04-01,17,17,16,17,2254316
2022-04-04,17,18,16,17,263094
2022-04-05,16,17,16,17,43577
2022-04-06,17,17,17,17,63096
2022-04-07,17,17,16,17,68327
2022-04-08,17,17,17,17,221460
2022-04-11,17,17,16,17,929571
2022-04-12,17,17,17,17,706327
2022-04-13,17,17,17,17,573031
2022-04-14,16,17,16,17,25300
2022-04-15,17,17,16,17,654804
2022-04-19,17,17,16,17,137892
2022-04-20,17,17,16,17,29460
2022-04-21,17,17,16,17,268377
2022-04-22,17,17,16,17,24134
2022-04-25,17,17,16,17,828305
2022-04-26,17,18,17,17,2757307
2022-04-27,17,17,16,17,296998
2022-04-29,17,17,16,17,94343
2022-05-03,17,17,16,16,517358
2022-05-04,16,17,16,17,1696982
2022-05-05,17,17,16,17,401464
2022-05-06,16,17,16,17,182196
2022-05-09,17,17,16,17,813022
2022-05-10,17,17,16,16,487019
2022-05-11,17,17,16,17,85577
2022-05-12,17,17,17,17,353319
2022-05-13,17,17,16,17,113294
2022-05-16,17,17,16,17,89355
2022-05-17,16,17,16,16,1584431
2022-05-18,16,16,15,16,2670049
2022-05-19,15,16,15,16,184346
2022-05-20,16,16,15,16,144559
2022-05-23,16,16,15,15,263302
2022-05-24,15,16,15,16,52114
2022-05-25,16,16,16,16,604812
2022-05-27,16,16,15,16,388853
2022-05-30,16,16,16,16,326110
2022-05-31,16,16,15,16,1901271
2022-06-01,16,16,15,16,2202023
2022-06-02,16,16,15,16,55385
2022-06-03,16,16,16,16,22077
2022-06-07,16,16,15,16,137525
2022-06-08,16,16,15,16,34359
2022-06-09,16,16,15,15,205204
2022-06-10,16,16,15,16,90679
2022-06-13,16,16,15,16,69073
2022-06-14,16,16,15,16,496997
2022-06-15,16,16,15,15,943385
2022-06-16,15,15,15,15,67748
2022-06-17,16,16,15,16,154144
2022-06-20,16,16,15,16,294396
2022-06-21,16,16,15,16,978618
2022-06-22,16,16,15,16,17285
2022-06-23,16,16,16,16,332521
2022-06-24,15,15,15,15,2260824
2022-06-27,15,16,14,15,644457
2022-06-28,15,16,15,15,360774
2022-06-29,16,16,15,15,1359421
2022-06-30,15,16,15,16,1478876
2022-07-01,15,16,15,16,23461
2022-07-04,15,16,15,16,63219
2022-07-05,16,16,15,16,36734
2022-07-06,16,16,15,16,165562
2022-07-07,15,16,15,16,190152
2022-07-08,16,16,15,16,50984
2022-07-11,16,16,15,16,41604
2022-07-12,16,16,16,16,20129
2022-07-13,16,17,15,16,3428562
2022-07-14,17,17,16,17,156740
2022-07-15,17,17,17,17,78579
2022-07-18,17,18,17,18,1660324
2022-07-19,18,18,17,18,69185
2022-07-20,18,18,17,18,30845
2022-07-21,18,18,17,18,59225
2022-07-22,18,18,17,18,430216
2022-07-25,18,18,17,18,271810
2022-07-26,18,19,18,18,1065670
2022-07-27,18,19,18,19,397845
2022-07-28,19,19,18,19,137027
2022-07-29,19,19,18,19,88782
2022-08-01,18,19,18,19,2830342
2022-08-02,19,19,18,19,91229
2022-08-03,19,19,18,19,170
2022-08-04,18,19,18,18,242372
2022-08-05,18,19,17,19,553633
2022-08-09,19,19,18,19,222354
2022-08-10,19,19,18,18,216790
2022-08-11,19,19,17,18,72884
2022-08-12,18,18,18,18,50850
2022-08-16,18,18,17,18,158304
2022-08-17,18,18,17,17,130500
2022-08-18,17,18,17,18,71345
2022-08-19,18,18,17,18,237485
2022-08-22,18,18,17,18,695740
2022-08-23,18,18,17,18,139231
2022-08-24,18,18,17,18,73574
2022-08-25,18,19,18,18,587028
2022-08-26,19,19,17,18,31514
2022-08-29,18,19,18,19,114070
2022-08-30,19,19,18,19,115303
2022-08-31,19,19,18,19,106576
2022-09-01,19,19,18,19,1607013
2022-09-02,19,19,18,18,27460
2022-09-05,18,19,18,18,229730
2022-09-06,19,19,18,19,35201
2022-09-07,19,19,18,19,27874
2022-09-08,19,19,18,19,260667
2022-09-09,19,19,18,19,334614
2022-09-12,19,19,18,19,129839
2022-09-13,19,19,18,18,131078
2022-09-14,19,19,18,19,225323
2022-09-15,19,19,18,18,176224
2022-09-16,18,19,18,19,700368
2022-09-19,19,19,18,19,624962
2022-09-20,19,19,18,19,38434
2022-09-21,19,19,18,18,111139
2022-09-22,18,19,18,19,358825
2022-09-23,19,19,18,19,133714
2022-09-26,19,19,18,19,106912
2022-09-27,19,19,18,19,254378
2022-09-28,18,19,18,19,283179
2022-09-29,19,19,19,19,16141
2022-09-30,19,19,18,19,218320
2022-10-03,19,19,18,19,490183
2022-10-04,19,19,18,18,125690
2022-10-05,18,18,18,18,2361095
2022-10-06,18,19,18,18,61194
2022-10-07,18,19,18,19,11549
2022-10-10,18,19,18,19,1549153
2022-10-11,18,19,18,18,543081
2022-10-12,18,19,17,18,2233371
2022-10-13,18,19,18,18,212683
2022-10-14,18,19,18,18,74351
2022-10-17,19,19,18,19,154876
2022-10-18,19,19,18,19,2052735
2022-10-19,19,19,18,19,473259
2022-10-20,18,19,18,19,58014
2022-10-21,19,19,18,19,1111754
2022-10-24,19,19,18,19,214686
2022-10-25,18,19,18,19,16489
2022-10-26,19,19,18,19,29595
2022-10-27,19,19,19,19,171081
2022-10-28,19,19,18,19,106300
2022-10-31,19,19,19,19,3500
2022-11-02,19,19,18,18,97834
2022-11-03,18,19,18,19,84144
2022-11-04,19,19,18,19,30105
2022-11-07,19,20,19,20,1497082
2022-11-08,20,20,19,20,68078
2022-11-09,19,20,19,20,96144
2022-11-10,19,20,19,20,33457
2022-11-11,20,20,19,20,111662
2022-11-14,20,20,19,20,232853
2022-11-16,20,20,19,20,244567
2022-11-17,19,20,19,20,148077
2022-11-18,19,20,19,19,44162
2022-11-21,19,20,19,19,705731
2022-11-22,19,20,19,20,435995
2022-11-23,19,20,19,20,576979
2022-11-24,19,20,19,20,127735
2022-11-25,19,20,19,20,144745
2022-11-28,20,20,19,20,21299
2022-11-29,19,20,19,20,653358
2022-11-30,19,20,19,20,588371
2022-12-01,19,19,19,19,347576
2022-12-02,18,19,18,19,275070
2022-12-05,18,19,18,19,32335
2022-12-06,19,19,19,19,85416
2022-12-07,19,19,19,19,17934
2022-12-08,19,19,19,19,65037
2022-12-09,19,19,18,19,499989
2022-12-12,19,19,19,19,164395
2022-12-13,18,19,18,19,21028
2022-12-14,19,19,18,19,65088
2022-12-15,19,19,19,19,29513
2022-12-16,19,20,19,20,1431468
2022-12-19,19,20,19,19,68511
2022-12-20,18,19,18,19,41130
2022-12-21,19,19,18,19,39946
2022-12-22,18,19,18,19,532576
2022-12-23,19,20,19,20,33280
2022-12-27,20,20,19,20,198938
2022-12-28,20,20,19,19,368390
2022-12-29,19,19,19,19,2810627
2022-12-30,19,19,18,19,109511
2023-01-02,19,19,18,19,104313
2023-01-03,19,19,19,19,32006
2023-01-04,19,19,19,19,24663
2023-01-05,19,20,18,20,665706
2023-01-06,20,20,19,19,3308801
2023-01-09,19,19,18,19,1263945
2023-01-10,18,19,18,18,292716
2023-01-11,19,19,18,19,12953
2023-01-12,19,19,19,19,38440
2023-01-13,19,19,19,19,49382
2023-01-16,19,19,18,19,52202
2023-01-17,19,20,18,20,104928
2023-01-18,20,20,19,20,20245
2023-01-19,20,20,19,20,56157
2023-01-20,20,20,20,20,59550
2023-01-23,20,20,19,20,48297
2023-01-24,20,20,20,20,15710
2023-01-25,19,20,19,20,94056
2023-01-26,20,20,19,20,333023
2023-01-27,20,20,19,20,16695
2023-01-30,20,20,19,20,44760
2023-01-31,20,20,20,20,127128
2023-02-01,19,20,19,20,45982
2023-02-02,20,20,19,20,89419
2023-02-03,20,20,19,20,50500
2023-02-06,20,20,20,20,30913
2023-02-07,19,20,19,20,116165
2023-02-08,20,20,19,19,21750
2023-02-09,19,20,19,20,1098556
2023-02-10,20,20,19,20,200466
2023-02-13,19,20,19,20,100602
2023-02-14,20,20,19,20,74090
2023-02-15,19,20,19,20,76706
2023-02-16,19,20,19,20,1292629
2023-02-17,20,20,19,20,17228
2023-02-20,20,20,19,20,551629
2023-02-21,19,21,19,21,349729
2023-02-22,20,20,20,20,194789
2023-02-23,19,20,19,20,264036
2023-02-24,20,20,20,20,161613
2023-02-27,20,20,20,20,57737
2023-02-28,19,20,19,20,52684
2023-03-01,20,20,19,20,96577
2023-03-02,20,20,19,20,113959
2023-03-03,20,20,19,20,334792
2023-03-06,20,20,19,20,1319402
2023-03-07,20,20,19,20,13770
2023-03-08,20,20,19,20,259647
2023-03-09,20,20,19,20,27362
2023-03-10,20,20,19,20,49814
2023-03-13,20,20,19,20,1060145
2023-03-14,20,20,20,20,1056867
2023-03-15,20,21,19,20,2821165
2023-03-16,20,20,19,20,462170
2023-03-17,20,21,20,20,1153626
2023-03-20,20,20,19,20,237206
2023-03-21,20,20,19,20,536535
2023-03-22,20,20,19,20,195805
2023-03-23,20,20,19,20,913348
2023-03-24,20,20,20,20,1281760
2023-03-27,20,20,19,20,507891
2023-03-28,20,20,19,20,64350
2023-03-29,20,20,19,19,1980883
2023-03-30,19,20,18,18,3672314
2023-03-31,17,17,17,17,383001
2023-04-03,16,17,16,17,1895268
2023-04-04,17,17,16,17,420041
2023-04-05,17,17,16,17,229937
2023-04-06,17,17,16,17,445195
2023-04-07,17,17,16,16,48162
2023-04-11,17,17,16,17,1370675
2023-04-12,17,18,17,18,149381
2023-04-13,17,18,17,18,2420000
2023-04-14,18,18,17,18,84932
2023-04-17,18,18,17,18,562711
2023-04-19,18,18,17,18,69382
2023-04-20,18,18,17,18,2024312
2023-04-24,17,18,17,18,48211
2023-04-25,17,18,17,18,111273
2023-04-26,18,18,17,18,35661
2023-04-27,18,18,18,18,6839
2023-04-28,17,18,17,18,130986
2023-05-02,17,18,17,18,284779
2023-05-03,18,18,17,17,545962
2023-05-04,17,18,17,18,558217
2023-05-05,18,18,17,18,151352
2023-05-08,18,18,18,18,367347
2023-05-09,17,18,17,18,713475
2023-05-10,17,18,17,18,30819
2023-05-11,18,18,17,18,49459
2023-05-12,18,18,17,18,82582
2023-05-15,18,18,17,18,55617
2023-05-16,17,18,17,18,129486
2023-05-17,17,18,17,18,501671
2023-05-19,18,18,17,18,36020
2023-05-22,18,18,17,18,56357
2023-05-23,18,18,17,18,90632
2023-05-24,18,18,18,18,19948
2023-05-25,18,18,17,18,245373
2023-05-26,18,18,17,18,186085
2023-05-30,17,18,17,18,87968
2023-05-31,17,18,17,17,1039178
2023-06-01,17,18,17,17,368864
2023-06-02,18,18,17,18,77033
2023-06-05,18,18,17,18,130089
2023-06-06,17,18,16,18,164325
2023-06-07,17,18,17,18,68181
2023-06-08,18,18,17,18,315690
2023-06-09,18,18,17,18,28709
2023-06-12,18,18,17,18,51015
2023-06-13,17,18,17,18,349062
2023-06-14,17,18,17,18,560
2023-06-15,17,18,17,18,165624
2023-06-16,18,18,18,18,16582
2023-06-19,18,18,17,18,69144
2023-06-20,18,18,17,18,78963
2023-06-21,18,18,17,18,23221
2023-06-22,18,18,17,18,32333
2023-06-23,17,17,17,17,1337560
2023-06-26,16,18,16,18,632010
2023-06-27,18,18,17,18,24900
2023-06-29,18,18,17,18,63852
2023-06-30,17,18,17,18,905
2023-07-03,18,18,17,18,109588
2023-07-04,17,18,17,18,60138
2023-07-05,18,18,17,18,20100
2023-07-06,18,18,17,17,49377
2023-07-07,17,18,17,18,9356
2023-07-10,17,18,17,17,306768
2023-07-11,17,18,17,18,308863
2023-07-12,18,18,17,18,26809
2023-07-13,17,18,17,18,107324
2023-07-14,17,18,17,18,307924
2023-07-17,18,18,17,18,6210
2023-07-18,18,18,17,18,271869
2023-07-19,18,18,17,18,29989
2023-07-20,18,18,17,18,761843
2023-07-21,17,18,17,18,31650
2023-07-24,18,18,17,18,135217
2023-07-25,18,18,17,18,26140
2023-07-26,18,18,17,18,73613
2023-07-27,18,18,18,18,38208
2023-07-28,18,18,18,18,918795
2023-07-31,18,18,17,18,582628
2023-08-01,17,18,17,18,324698
2023-08-02,18,18,17,18,615910
2023-08-03,18,18,18,18,29532
2023-08-04,18,18,17,18,178010
2023-08-08,18,18,17,18,527049
2023-08-09,17,18,17,17,214392
2023-08-10,17,18,17,18,142333
2023-08-11,17,18,17,18,46962
2023-08-14,18,18,17,18,8970
2023-08-16,18,18,17,18,39839
2023-08-17,18,18,17,18,364251
2023-08-18,18,18,17,18,20288
2023-08-21,18,18,18,18,577908
2023-08-22,18,18,17,17,312023
2023-08-23,18,18,17,18,129238
2023-08-24,18,18,17,18,93912
2023-08-25,18,18,18,18,67901
2023-08-28,18,18,17,17,37848
2023-08-29,17,18,17,18,273955
2023-08-30,18,18,17,18,33138
2023-08-31,17,18,17,18,498489
2023-09-01,18,18,17,18,51213
2023-09-04,17,18,17,18,463754
2023-09-05,18,18,17,18,59962
2023-09-06,18,19,18,19,332758
2023-09-07,19,19,18,18,442734
2023-09-08,19,19,18,19,547672
2023-09-11,18,19,18,19,37073
2023-09-12,18,19,18,19,65856
2023-09-13,19,19,18,19,186169
2023-09-14,19,19,18,19,11455
2023-09-15,19,19,18,19,87610
2023-09-18,18,19,18,19,100067
2023-09-19,19,19,18,19,72644
2023-09-20,18,19,18,19,63301
2023-09-21,19,19,18,19,355927
2023-09-22,19,19,18,19,53327
2023-09-25,19,19,18,19,28464
2023-09-26,19,19,18,19,9461
2023-09-28,19,19,18,19,155528
2023-09-29,18,19,18,19,16827
2023-10-02,19,19,18,19,40826
2023-10-03,19,19,18,19,297992
2023-10-04,19,19,18,19,1350008
2023-10-05,18,19,18,19,161547
2023-10-06,19,19,18,19,949568
2023-10-09,19,19,18,19,12008
2023-10-10,19,19,19,19,20522
2023-10-11,18,19,18,19,100170
2023-10-12,18,19,18,19,782117
2023-10-13,18,19,18,19,162558
2023-10-16,19,19,19,19,39357
2023-10-17,19,19,18,19,34021
2023-10-18,18,19,18,19,61361
2023-10-19,18,19,18,19,413965
2023-10-20,18,19,18,19,114750
2023-10-23,18,18,18,18,98653
2023-10-24,18,19,18,19,288427
2023-10-25,18,19,18,19,8484
2023-10-26,19,19,18,18,95657
2023-10-27,19,19,18,18,25861
2023-10-30,18,18,17,18,27131
2023-10-31,18,18,17,18,25855
2023-11-02,18,18,18,18,152984
2023-11-03,17,18,17,18,59267
2023-11-06,18,18,18,18,209992
2023-11-07,18,18,17,18,80895
2023-11-08,18,18,18,18,764202
2023-11-09,18,19,18,18,533353
2023-11-10,19,19,18,19,2392733
2023-11-13,18,19,18,19,29766
2023-11-14,19,19,18,18,99581
2023-11-16,18,18,17,18,38507
2023-11-17,18,18,18,18,24263
2023-11-20,18,18,17,18,86576
2023-11-21,18,18,17,18,238645
2023-11-22,18,18,17,18,25353
2023-11-23,18,18,17,18,40009
2023-11-24,17,18,17,18,240317
2023-11-27,18,18,17,18,541636
2023-11-28,18,18,17,18,459061
2023-11-29,18,18,17,18,940334
2023-11-30,18,18,17,17,145805
2023-12-01,17,18,17,18,437623
2023-12-04,18,18,18,18,123975
2023-12-05,18,18,17,18,8196
2023-12-06,18,18,17,18,101426
2023-12-07,18,18,18,18,81834
2023-12-08,18,18,17,18,130184
2023-12-11,18,18,18,18,24102
2023-12-12,18,18,17,18,88097
2023-12-13,18,18,17,18,54716
2023-12-14,18,18,17,18,326160
2023-12-15,18,18,17,18,100770
2023-12-18,18,18,17,18,8336
2023-12-19,18,18,17,18,1685322
2023-12-20,17,18,17,18,265324
2023-12-21,18,18,17,18,22426
2023-12-22,18,18,17,18,53273
2023-12-26,18,18,17,18,16478
2023-12-27,18,18,17,18,42107
2023-12-28,18,18,17,18,1481920
2023-12-29,18,19,17,19,711443
2024-01-02,19,19,18,19,37457
2024-01-03,19,19,18,19,13605
2024-01-04,18,18,18,18,30465
2024-01-05,18,18,17,18,210095
2024-01-08,18,18,17,18,98160
2024-01-09,18,18,18,18,649
2024-01-10,17,18,17,18,1121867
2024-01-11,17,18,17,18,178689
2024-01-12,18,18,17,18,101821
2024-01-15,18,18,17,18,74076
2024-01-16,18,18,17,18,93304
2024-01-17,18,18,18,18,11482
2024-01-18,18,18,18,18,19644
2024-01-19,18,18,17,18,2408662
2024-01-22,18,18,18,18,3925
2024-01-23,17,18,17,18,61050
2024-01-24,17,18,17,18,20879
2024-01-25,18,18,17,18,1677
2024-01-26,18,18,17,18,55758
2024-01-29,18,18,17,18,149765
2024-01-30,18,18,18,18,2642
2024-01-31,18,18,17,18,76098
2024-02-01,18,18,17,18,15841
2024-02-02,18,18,17,18,35991
2024-02-05,17,18,17,18,18198
2024-02-06,18,18,17,18,16365
2024-02-07,17,18,17,18,551710
2024-02-08,17,18,17,18,133516
2024-02-09,17,18,17,18,51505
2024-02-13,17,18,17,18,35003
2024-02-14,18,18,17,18,29869
2024-02-15,18,18,17,18,16393
2024-02-16,18,18,17,18,15231
2024-02-19,18,18,17,17,17630
2024-02-20,17,18,16,18,205110
2024-02-21,18,18,17,18,104156
2024-02-22,18,18,18,18,3000
2024-02-23,18,18,17,17,1720560
2024-02-26,18,18,16,18,76869
2024-02-27,17,18,17,18,198115
2024-02-28,18,18,17,18,36970
2024-02-29,18,18,18,18,6295
2024-03-01,18,18,17,17,32733
2024-03-04,17,18,17,18,67755
2024-03-05,17,18,17,18,235473
2024-03-06,17,18,17,18,1042912
2024-03-07,18,18,17,18,53802
2024-03-08,18,18,17,18,418708
2024-03-11,17,18,17,17,217588
2024-03-12,17,18,17,18,4766
2024-03-13,17,18,17,18,920368
2024-03-14,18,18,18,18,500570
2024-03-15,18,18,18,18,353
2024-03-18,17,18,17,18,17431
2024-03-19,18,18,17,18,213113
2024-03-20,18,18,17,18,21960
2024-03-21,18,18,17,18,47999
2024-03-22,18,18,17,18,8007
2024-03-25,17,18,17,18,92858
2024-03-26,18,18,18,18,44467
2024-03-27,18,18,18,18,329187
2024-03-28,18,18,17,18,16037
2024-03-29,18,18,17,18,210750
2024-04-02,17,18,17,18,20249
2024-04-03,18,18,17,18,145684
2024-04-04,18,18,17,18,92697
2024-04-05,18,18,17,18,652301
2024-04-08,18,18,17,18,100922
2024-04-09,18,18,18,18,10600
2024-04-11,18,18,17,18,12230
2024-04-12,18,18,17,18,24565
2024-04-15,18,18,17,18,25015
2024-04-16,18,18,17,18,70065
2024-04-17,18,18,17,18,94687
2024-04-18,17,18,17,18,9556
2024-04-19,18,18,17,18,23441
2024-04-22,18,18,17,18,177221
2024-04-23,18,18,17,18,89120
2024-04-24,18,18,17,18,95791
2024-04-25,17,18,17,18,183032
2024-04-26,18,18,17,18,61992
2024-04-29,18,18,17,17,118955
2024-04-30,18,18,17,18,25528
2024-05-02,18,18,17,17,313055
2024-05-03,17,17,16,16,258439
2024-05-06,17,17,16,17,37286
2024-05-07,17,17,16,16,281839
2024-05-08,17,17,16,17,24340
2024-05-10,17,17,16,17,162224
2024-05-13,17,17,16,17,195763
2024-05-14,17,17,16,17,40899
2024-05-15,17,17,16,17,78581
2024-05-16,16,17,16,16,30035
2024-05-17,17,17,16,17,500102
2024-05-21,16,17,16,16,844864
2024-05-22,16,17,16,17,353240
2024-05-23,17,17,16,17,93228
2024-05-24,17,17,16,17,582512
2024-05-27,17,17,16,17,2098835
2024-05-28,17,17,17,17,14174
2024-05-29,17,17,16,17,409237
2024-05-30,17,17,16,17,33787
2024-05-31,17,17,16,17,849979
2024-06-03,17,17,16,17,237789
2024-06-04,16,17,16,17,293010
2024-06-05,17,17,16,17,388450
2024-06-06,16,17,16,17,32064
2024-06-07,17,17,16,16,1144702
2024-06-10,16,17,16,17,158319
2024-06-11,17,17,16,17,176215
2024-06-12,16,17,16,17,101658
2024-06-13,17,17,16,17,104006
2024-06-14,17,17,16,17,57508
2024-06-18,16,17,16,17,125514
2024-06-19,17,17,16,17,486141
2024-06-20,16,17,16,17,4806
2024-06-21,16,17,16,17,22779
2024-06-24,17,17,16,17,28661
2024-06-25,17,17,16,17,25581
2024-06-26,16,17,16,17,113102
2024-06-27,17,17,16,17,219467
2024-06-28,17,17,17,17,17415
2024-07-01,17,17,17,17,15400
2024-07-02,16,17,16,17,12616
2024-07-03,17,17,16,17,44549
2024-07-04,17,17,16,17,52555
2024-07-05,17,17,16,16,27466
2024-07-08,16,17,16,17,59523
2024-07-09,17,17,17,17,95787
2024-07-10,17,17,16,17,81693
2024-07-11,17,17,16,17,82477
2024-07-12,17,17,16,17,1037409
2024-07-15,16,17,16,17,1525762
2024-07-16,17,17,16,17,78331
2024-07-17,17,17,16,17,49793
2024-07-18,17,17,16,16,316479
2024-07-19,16,17,16,17,17397
2024-07-22,17,17,17,17,325138
2024-07-23,17,17,16,17,75365
2024-07-24,17,17,16,17,94264
2024-07-25,17,17,16,17,26154
2024-07-26,17,17,16,17,52493
2024-07-29,16,17,16,16,101717
2024-07-30,16,17,16,16,278925
2024-07-31,17,17,16,17,34166
2024-08-01,17,17,16,16,35246
2024-08-02,17,17,16,17,251832
2024-08-05,17,17,16,17,43895
2024-08-06,17,17,16,17,623934
2024-08-08,17,17,16,17,153444
2024-08-09,17,17,16,17,1098026
2024-08-12,16,17,16,16,617887
2024-08-13,17,17,16,17,209209
2024-08-14,16,17,16,17,45013
2024-08-16,16,17,16,17,572047
2024-08-19,17,17,16,17,176181
2024-08-20,16,17,16,17,275120
2024-08-21,17,17,16,17,40335
2024-08-22,17,17,17,17,37080
2024-08-23,16,17,16,17,128000
2024-08-26,17,17,16,16,168478
2024-08-27,16,17,16,17,234782
2024-08-28,16,17,16,17,182678
2024-08-29,17,17,16,16,1099399
2024-08-30,15,17,15,17,1340587
2024-09-02,17,17,16,17,92686
2024-09-03,17,17,16,17,212103
2024-09-04,16,17,16,17,273638
2024-09-05,17,17,16,17,8229
2024-09-06,16,17,16,17,122440
2024-09-09,17,17,16,16,269896
2024-09-10,16,17,16,17,1253651
2024-09-11,17,17,16,16,46507
2024-09-12,16,17,16,17,487988
2024-09-13,17,17,16,17,47561
2024-09-16,16,17,16,17,201358
2024-09-17,17,17,16,17,18847
2024-09-18,16,17,16,17,467037
2024-09-19,17,17,16,17,115890
2024-09-20,17,17,16,17,26070
2024-09-23,17,17,16,17,531416
2024-09-24,17,17,16,16,321467
2024-09-25,17,17,16,17,51815
2024-09-26,17,17,16,17,94324
2024-09-27,16,17,16,17,321841
2024-09-30,16,17,16,16,193868
2024-10-01,16,17,16,17,1349946
2024-10-02,17,17,16,17,113201
2024-10-03,17,17,17,17,28142
2024-10-04,16,17,16,16,777579
2024-10-07,16,17,16,17,197848
2024-10-08,17,17,16,17,60127
2024-10-09,17,17,16,17,37177
2024-10-10,16,17,16,17,600164
2024-10-11,16,17,16,17,594015
2024-10-14,17,17,16,16,89533
2024-10-15,15,16,15,16,685590
2024-10-16,15,16,15,16,401912
2024-10-17,16,16,16,16,87387
2024-10-18,16,16,15,16,91992
2024-10-21,16,16,15,16,557728
2024-10-22,16,16,16,16,232026
2024-10-23,16,16,16,16,238652
2024-10-24,16,16,15,16,61305
2024-10-25,16,16,16,16,142470
2024-10-28,15,16,15,16,1569083
2024-10-29,16,16,15,16,1373835
2024-10-30,16,16,16,16,62231
2024-10-31,16,16,16,16,12063
2024-11-04,15,16,15,16,401272
2024-11-05,16,16,15,16,187958
2024-11-06,16,16,15,16,43929
2024-11-07,15,16,15,16,1014107
2024-11-08,16,16,15,16,468395
2024-11-11,16,16,15,16,38537
2024-11-12,16,16,15,15,315383
2024-11-13,16,16,16,16,101013
2024-11-14,16,16,15,15,243305
2024-11-18,16,16,15,16,1562154
2024-11-19,16,16,15,16,131601
2024-11-20,16,16,15,16,33574
2024-11-21,16,16,16,16,72225
2024-11-22,16,16,16,16,46513
2024-11-25,16,16,15,16,104807
2024-11-26,16,16,16,16,11087
2024-11-27,15,16,15,16,76836
2024-11-28,16,16,16,16,132006
2024-11-29,16,16,15,16,40065
2024-12-02,16,16,15,16,36700
2024-12-03,16,16,15,16,51955
2024-12-04,16,16,15,16,17064
2024-12-05,15,16,15,16,24012
2024-12-06,16,16,15,16,105537
2024-12-09,15,16,15,16,15118
2024-12-10,16,16,15,16,4166937
2024-12-11,16,16,15,16,30403
2024-12-12,16,16,15,16,226368
2024-12-13,15,16,15,16,601132
2024-12-16,16,16,15,16,52062
2024-12-17,16,16,15,16,55053
2024-12-18,16,16,15,16,70389
2024-12-19,16,16,15,16,81501
2024-12-20,16,16,16,16,20221
2024-12-23,16,16,15,16,38757
2024-12-24,16,16,16,16,36629
2024-12-26,16,16,16,16,504739
2024-12-27,16,16,15,16,65776
2024-12-30,16,16,15,16,544106
2024-12-31,16,16,16,16,519956
2025-01-02,16,16,15,16,15921
2025-01-03,16,16,15,16,46477
2025-01-06,16,16,15,16,243412
2025-01-07,15,16,15,15,1829353
2025-01-08,15,16,15,16,2291313
2025-01-09,16,16,15,16,103093
2025-01-10,16,16,15,16,48447
2025-01-13,15,16,15,16,40696
2025-01-14,16,16,15,16,16674
2025-01-15,16,16,15,16,317844
2025-01-16,15,16,15,16,20629
2025-01-17,15,16,15,16,61033
2025-01-20,16,16,15,16,22815
2025-01-21,16,16,15,16,77753
2025-01-22,15,16,15,16,244053
2025-01-23,16,16,15,16,736389
2025-01-24,15,16,15,16,168769
2025-01-27,16,16,15,15,129522
2025-01-28,15,16,15,16,116125
2025-01-29,15,16,15,16,1900990
2025-01-30,16,16,15,15,145277
2025-01-31,15,16,15,15,404642
2025-02-03,16,16,15,15,165882
2025-02-04,15,16,15,16,144581
2025-02-05,16,16,15,16,120443
2025-02-06,16,16,15,15,1249004
2025-02-07,16,16,15,15,1528698
2025-02-10,15,16,15,15,457592
2025-02-11,15,16,15,16,167798
2025-02-12,16,16,15,16,67218
2025-02-13,16,16,15,15,1301644
2025-02-14,16,16,15,15,1889777
2025-02-17,16,16,15,16,44954
2025-02-18,15,16,15,16,374613
2025-02-19,16,16,15,15,54344
2025-02-20,15,16,15,16,1127237
2025-02-21,15,16,15,16,112048
2025-02-24,16,16,15,16,227242
2025-02-25,15,16,15,16,67494
2025-02-26,16,16,15,16,137690
2025-02-27,16,16,15,15,1683762
2025-02-28,15,16,15,16,19081
2025-03-03,16,16,15,15,1950225
2025-03-04,15,16,15,16,66063
2025-03-05,16,16,15,16,1530686
2025-03-06,16,16,15,16,363720
2025-03-07,16,16,15,15,43435
2025-03-10,15,16,15,16,1221760
2025-03-11,16,16,15,16,1122147
2025-03-12,16,16,15,16,106841
2025-03-13,15,16,15,16,1037724
2025-03-14,16,16,15,16,539702
2025-03-17,15,16,15,16,12408019
2025-03-18,16,16,15,15,27476
2025-03-19,16,16,15,16,2316288
2025-03-20,16,16,15,15,1030064
2025-03-21,15,16,15,16,823605
2025-03-24,16,16,15,15,1073157
2025-03-25,15,16,15,16,322993
2025-03-26,16,16,15,16,320748
2025-03-28,16,16,15,16,2811539
2025-04-01,15,15,15,15,1302102
2025-04-02,14,15,14,15,3417692
2025-04-03,15,15,14,15,466446
2025-04-04,15,15,15,15,115601
2025-04-07,15,15,14,15,352297
2025-04-08,14,15,14,15,156409
2025-04-09,15,15,14,15,612812
2025-04-10,14,15,14,15,111419
2025-04-11,15,15,14,14,179720
2025-04-14,14,15,14,15,285840
2025-04-15,15,15,14,15,79079
2025-04-16,15,15,14,14,49778
2025-04-17,15,15,14,15,153475
2025-04-18,15,15,15,15,32944
2025-04-22,15,15,14,15,158370
2025-04-23,16,16,15,15,272890
2025-04-24,15,16,15,16,277636
2025-04-25,16,16,15,16,44673
2025-04-28,15,16,15,16,46279
2025-04-29,16,16,15,15,59076
2025-04-30,16,16,16,16,14038
2025-05-02,15,16,15,16,68578
2025-05-05,16,16,15,15,71284
2025-05-06,15,16,15,16,91891
2025-05-07,16,16,15,16,30717
2025-05-08,16,16,15,16,431426
2025-05-09,16,16,15,16,32890
2025-05-12,16,16,15,16,41535
2025-05-13,16,16,15,15,176753
2025-05-14,16,16,15,16,43394
2025-05-15,15,16,15,16,175992
2025-05-16,16,16,15,16,156296
2025-05-19,16,16,15,16,130647
2025-05-20,15,16,15,16,760393
2025-05-21,15,16,15,15,489044
2025-05-22,16,16,15,16,2447534
2025-05-23,16,17,16,17,1542311
2025-05-26,16,18,16,17,6082488
2025-05-27,17,18,17,18,6613099
2025-05-28,18,18,17,17,194132
2025-05-30,16,18,16,18,4505872
2025-06-02,18,19,18,18,718728
2025-06-03,18,19,18,18,456618
2025-06-04,18,19,18,18,1980405
2025-06-05,18,18,18,18,28286
2025-06-10,18,18,17,18,269566
2025-06-11,17,18,17,17,613388
2025-06-12,17,18,17,17,224817
2025-06-13,17,18,17,18,172158
2025-06-16,18,18,17,17,424534
2025-06-17,18,18,17,18,620498
2025-06-18,18,18,17,17,56871
2025-06-19,18,18,17,18,397630
2025-06-20,18,18,17,18,1230672
2025-06-23,18,18,17,18,882856
2025-06-24,18,18,17,18,1291453
2025-06-25,18,18,17,18,448866
2025-06-26,18,18,17,18,46136
2025-06-27,18,18,17,17,115302
2025-06-30,17,18,17,18,651356
2025-07-01,17,18,17,18,215899
2025-07-02,18,18,17,17,496571
2025-07-03,17,17,16,17,244398
2025-07-04,17,17,16,17,112282
2025-07-07,17,17,16,17,95681
2025-07-08,16,17,16,17,129946
2025-07-09,16,17,16,16,52859
2025-07-10,17,17,16,16,71431
2025-07-11,17,17,16,16,38063
2025-07-14,17,17,16,16,4708900
2025-07-15,16,17,16,16,95409
2025-07-16,17,17,17,17,41860
2025-07-17,17,17,16,16,1185254
2025-07-18,16,17,16,16,167270
2025-07-21,17,17,16,17,102873
2025-07-22,17,17,16,16,1000833
2025-07-23,16,16,15,16,293197
2025-07-24,16,16,16,16,231265
2025-07-25,16,16,15,16,37714
2025-07-28,15,16,15,16,144696
2025-07-29,16,16,15,16,11322613
2025-07-30,16,17,16,16,4081682
2025-07-31,16,17,16,16,635808
2025-08-01,16,17,15,16,1347110
2025-08-04,16,17,16,16,1025858
2025-08-05,16,16,15,15,1246774
2025-08-06,16,16,15,16,590441
2025-08-08,16,16,15,16,558374
2025-08-11,16,16,15,15,1372889
2025-08-12,16,16,15,16,622385
2025-08-13,17,17,16,17,177363
2025-08-14,17,17,16,16,401036
2025-08-18,16,17,16,17,217165
2025-08-19,17,17,16,17,425720
2025-08-20,17,17,17,17,392053
2025-08-21,17,17,17,17,2463521
2025-08-22,17,17,16,17,956072
2025-08-25,16,17,16,16,340701
2025-08-26,16,17,16,17,765264
2025-08-27,17,17,16,17,651367
2025-08-28,17,17,16,17,205082
2025-08-29,17,17,16,17,52894
2025-09-01,17,17,16,16,816690
2025-09-02,17,17,17,17,298372
2025-09-03,16,17,16,17,64702
2025-09-05,17,17,16,17,466229
2025-09-08,17,18,17,17,333892
2025-09-09,17,18,17,17,302765
2025-09-10,17,18,17,18,295896
2025-09-11,18,18,17,18,102368
2025-09-12,17,18,17,17,222046
2025-09-15,17,18,17,18,681854
2025-09-16,18,18,17,18,342046
2025-09-17,18,18,17,17,337084
2025-09-18,17,18,17,18,430501
2025-09-19,18,18,17,18,432734
2025-09-22,18,18,17,18,446574
2025-09-23,18,18,18,18,90580
2025-09-24,18,18,17,18,194589
2025-09-25,17,18,17,18,422577
2025-09-26,18,18,18,18,122414
2025-09-29,18,18,17,18,1358720
2025-09-30,18,18,17,18,433575
2025-10-01,17,18,17,18,98101
2025-10-02,18,18,17,18,115698
2025-10-03,18,19,18,18,2046220
2025-10-06,18,19,18,19,1770738
2025-10-07,19,19,18,19,1060851
2025-10-08,19,19,19,19,630643
2025-10-09,19,20,19,20,575066
2025-10-10,20,20,19,19,399871
2025-10-13,19,20,19,19,466897
2025-10-14,19,20,19,20,605912
2025-10-15,20,20,19,20,1695260
2025-10-16,20,21,19,20,10001512
2025-10-17,20,21,20,21,895923
2025-10-20,21,21,20,21,683492
2025-10-21,21,21,21,21,3682889
2025-10-22,21,21,20,21,525149
2025-10-23,21,22,21,21,924975
2025-10-24,21,22,21,22,524726
2025-10-27,22,22,21,22,376391
2025-10-28,22,22,21,21,3832459
2025-10-29,22,22,22,22,1593999
2025-10-30,22,22,21,22,519076
2025-10-31,22,22,21,22,656938
2025-11-03,22,23,22,22,441472
2025-11-04,22,23,21,23,973591
2025-11-05,23,24,23,23,2431763
2025-11-06,23,24,23,24,282339
2025-11-07,24,24,23,24,2255175
2025-11-10,24,24,23,23,465551
2025-11-11,23,23,23,23,437158
2025-11-12,23,23,22,23,1204339
2025-11-13,23,23,22,22,448393
2025-11-14,22,23,22,22,199429
2025-11-17,23,23,22,23,137594
2025-11-18,23,24,22,24,295409
2025-11-19,24,24,23,24,149463
2025-11-20,24,24,23,24,138118
2025-11-21,23,24,23,24,946885
2025-11-24,23,24,23,24,223304
2025-11-25,23,23,23,23,1959815
2025-11-26,22,24,22,23,844219
2025-11-27,23,23,22,23,184136
2025-11-28,22,23,22,23,3261595
2025-12-01,22,23,22,22,302285
2025-12-02,22,22,21,22,331122
2025-12-03,22,22,21,22,144387
2025-12-04,22,22,22,22,178564
2025-12-05,22,22,21,22,1663324
2025-12-08,22,22,21,22,259204
2025-12-09,22,22,21,21,184078
2025-12-10,21,22,20,21,2034257
2025-12-11,21,22,21,22,119573
2025-12-12,22,22,22,22,246169
2025-12-15,22,22,22,22,679321
2025-12-16,22,23,21,23,189913
2025-12-17,23,23,22,23,86637
2025-12-18,22,23,22,23,124009
2025-12-19,23,23,22,23,98865
2025-12-22,23,23,22,23,289142
2025-12-23,23,23,22,23,177638
2025-12-24,23,23,23,23,37949
2025-12-26,23,23,22,22,154254
2025-12-29,22,23,21,23,436722
2025-12-30,23,23,22,23,284598
2025-12-31,23,23,23,23,102648
2026-01-02,23,23,23,23,89496
2026-01-05,23,23,22,22,600533
2026-01-06,22,22,21,22,273645
2026-01-07,22,22,21,22,209123
2026-01-08,22,23,22,23,67681
2026-01-09,23,23,22,22,251493
2026-01-12,23,23,22,22,134028
2026-01-13,22,23,22,23,180741
2026-01-14,23,23,22,22,99777
2026-01-15,22,23,22,23,447179
2026-01-16,23,23,22,23,276865
2026-01-19,23,23,22,22,409888
2026-01-20,23,23,22,23,248961
2026-01-21,23,23,22,22,1315805
2026-01-22,23,23,22,23,7433179
2026-01-23,24,24,23,24,2092853
2026-01-26,24,25,23,23,669539
2026-01-27,24,24,23,23,434124
2026-01-28,24,24,23,24,344535
2026-01-29,24,25,23,23,3382131
2026-01-30,24,24,23,24,9748199
2026-02-02,24,24,23,24,2935897
2026-02-03,24,24,23,23,1689443
2026-02-04,24,24,24,24,393399
2026-02-05,25,25,24,24,3011442
2026-02-06,24,25,24,24,735876
2026-02-09,24,25,24,25,4018645
2026-02-10,25,26,25,25,4966487
2026-02-11,26,26,25,26,3437607
2026-02-12,27,27,27,27,1343183
2026-02-13,28,29,28,29,1594093
2026-02-16,30,31,30,31,5316440
2026-02-17,33,33,32,33,5509378
2026-02-18,33,34,33,34,5056684
2026-02-19,34,34,33,33,1581095
2026-02-20,34,34,33,34,2662254
2026-02-23,34,34,32,32,1623156
2026-02-24,33,33,31,32,1965223
2026-02-25,32,33,31,31,1991556
2026-02-26,31,31,29,31,2199196
2026-02-27,31,32,30,31,2049372
2026-03-02,31,32,31,32,1927931
2026-03-03,32,33,32,33,1094044
2026-03-04,33,33,31,31,1008508
2026-03-05,32,33,31,32,1255765
2026-03-06,32,32,31,32,576600
2026-03-09,32,32,31,32,922215
2026-03-10,32,32,31,32,538111
2026-03-11,31,32,31,32,1462181
2026-03-12,32,32,31,32,956923
2026-03-13,32,32,31,32,880922
2026-03-17,32,32,31,32,460741
2026-03-18,32,32,31,32,582860
2026-03-19,32,32,31,32,2468429
2026-03-23,32,32,31,32,978577
2026-03-24,32,32,31,32,316858
2026-03-25,32,32,31,32,477023
2026-03-26,32,32,31,32,284362
2026-03-27,32,33,31,32,1903336
2026-03-30,32,34,31,32,616672
2026-03-31,32,33,32,33,372810
2026-04-01,33,33,32,33,320243
2026-04-02,33,33,32,33,206064
2026-04-03,33,34,33,34,278356
2026-04-07,34,34,33,34,806618
2026-04-08,34,34,33,34,245729
2026-04-09,34,34,33,34,360718
2026-04-10,34,34,32,34,756768
2026-04-13,34,34,33,34,382722
2026-04-14,32,32,32,32,1179604
2026-04-15,30,30,30,30,1169560
2026-04-16,28,28,28,28,2353342
2026-04-17,26,26,26,26,3753668
2026-04-20,25,27,25,27,2798037
2026-04-21,29,29,29,29,418463
2026-04-22,29,30,29,30,1328064
2026-04-23,30,30,29,30,1070454
2026-04-24,30,30,28,29,1018483
2026-04-27,29,29,28,29,356903
2026-04-28,29,29,28,29,606172
2026-04-29,29,29,28,29,350980
2026-04-30,30,30,29,29,329063
2026-05-04,29,30,29,30,537422
2026-05-05,30,30,28,29,985945
2026-05-06,29,29,28,29,316849
2026-05-07,29,30,27,30,1737782
2026-05-08,29,30,28,30,535809
2026-05-11,28,30,28,30,1133788
2026-05-12,30,30,28,30,331249
2026-05-13,30,30,28,30,265017
2026-05-15,29,30,28,29,457607
2026-05-18,29,30,28,30,926325
2026-05-19,29,30,29,30,212957
2026-05-20,30,30,29,30,345110
2026-05-21,29,30,29,29,813280
2026-05-22,29,30,29,30,683100
2026-05-26,29,30,29,29,409392
2026-05-28,29,30,29,30,820889
2026-05-29,30,30,29,30,663118
2026-06-01,30,31,29,30,1039312
2026-06-02,29,30,29,30,500579
2026-06-03,30,31,30,31,688847
2026-06-04,31,32,31,32,348888
2026-06-05,32,32,31,31,425356
2026-06-08,30,33,30,33,853586
2026-06-09,31,33,31,33,552955
2026-06-10,32,33,32,32,529090
2026-06-11,32,33,31,33,658868
2026-06-12,33,33,32,32,411535
2026-06-15,32,33,32,32,300778
2026-06-16,32,33,32,33,184865
2026-06-17,33,33,32,32,685244
2026-06-18,32,34,32,34,1284180
2026-06-19,34,35,34,34,1123589
2026-06-22,35,36,34,35,3722814
2026-06-23,35,37,35,35,1721065
2026-06-24,36,37,36,37,1425329
2026-06-25,38,38,37,37,1080462
2026-06-26,38,39,36,37,1590444
2026-06-29,37,38,36,38,1188403
2026-06-30,38,40,37,40,1076706
2026-07-01,40,43,40,43,803964
2026-07-02,46,46,42,46,5631591
2026-07-03,47,49,46,47,3915461
2026-07-06,50,50,50,50,1031650
2026-07-07,53,53,53,53,2675346
2026-07-08,56,56,55,56,3366385
2026-07-09,60,60,60,60,1553051
2026-07-10,64,64,64,64,4615129
2026-07-13,68,68,68,68,2320837
2026-07-14,73,73,73,73,2012124
2026-07-15,78,78,78,78,1871864
2026-07-16,83,83,73,73,7610825
2026-07-17,68,68,68,68,1662045
2026-07-20,63,63,63,63,2070178
2026-07-21,59,67,59,66,7577297
2026-07-22,70,70,70,70,1042412
2026-07-23,70,75,70,75,3805473
2026-07-24,75,75,70,73,2162532
2026-07-27,73,75,73,74,802471
2026-07-28,74,74,69,69,1813321
2026-07-29,64,64,64,64,2659250
2026-07-30,62,68,62,68,1520546
2026-07-31,73,73,66,66,2817309
2026-08-03,70,70,68,69,836211
2026-08-04,69,69,64,64,2726990
2026-08-05,61,66,61,64,1365222
2026-08-06,64,65,63,65,428618
2026-08-10,66,68,65,67,2420394
2026-08-11,66,69,65,69,1587896
2026-08-12,64,69,64,65,2073745
2026-08-13,68,68,65,68,1615028
2026-08-14,68,68,65,68,1246051
2026-08-17,68,68,65,65,2275729
2026-08-18,67,68,65,67,913572
2026-08-19,66,68,65,68,2199479
2026-08-20,65,68,65,66,1074613
2026-08-21,67,67,66,66,1185056
2026-08-24,66,67,65,67,1710674
2026-08-26,67,68,65,65,2456632
2026-08-27,67,67,65,67,888856
2026-08-28,67,67,65,65,473721
2026-08-31,65,68,65,67,1099122
2026-09-01,68,68,67,68,1309060
2026-09-02,68,68,66,66,797682
2026-09-03,66,70,66,69,1643443
2026-09-04,69,71,69,71,757620
2026-09-07,71,72,66,71,2154266
2026-09-08,71,71,69,70,730288
2026-09-09,70,71,69,70,684673
2026-09-10,70,71,69,70,1587258
2026-09-11,70,71,70,70,895855
2026-09-14,71,72,70,71,454550
2026-09-15,71,72,71,71,733730
2026-09-16,70,71,67,70,6404335
2026-09-17,70,70,66,70,14762000
2026-09-18,70,71,69,70,953585
2026-09-21,70,70,69,70,830063
2026-09-22,70,70,68,69,796777
2026-09-23,69,69,64,64,2312800
2026-09-24,64,68,64,68,873985
2026-09-25,69,69,67,69,923531
