Date,Open,High,Low,Close,Volume
1998-09-16,1289,1289,1289,1289,1294
1998-10-05,1289,1289,1289,1289,15075
1998-10-07,1289,1289,1289,1289,5996
1998-10-09,1289,1289,1289,1289,101
1998-10-16,1600,1600,1600,1600,1643
1998-10-19,1600,1600,1600,1600,45
1998-10-21,1600,1600,1600,1600,3195
1998-10-26,1391,1391,1391,1391,113
1998-10-28,1289,1289,1289,1289,56
1998-10-30,1289,1289,1289,1289,315
1998-11-06,1289,1289,1289,1289,124
1998-11-11,1200,1200,1200,1200,1800
1998-11-13,1200,1200,1200,1200,12701
1998-11-18,1156,1156,1156,1156,68
1998-11-23,1244,1244,1244,1244,191
1998-12-02,1289,1289,1289,1289,135
1998-12-09,1244,1244,1244,1244,833
1998-12-11,1335,1335,1335,1335,3926
1998-12-14,1289,1289,1289,1289,113
1998-12-16,1192,1192,1192,1192,5828
1998-12-23,1244,1244,1244,1244,619
1998-12-28,1289,1289,1289,1289,1193
1998-12-30,1289,1289,1289,1289,1508
1999-01-08,1333,1333,1333,1333,743
1999-01-11,1333,1333,1333,1333,135
1999-01-13,1287,1287,1287,1287,56
1999-01-22,1287,1287,1287,1287,3263
1999-01-27,1333,1333,1333,1333,7988
1999-01-29,1289,1289,1289,1289,2531
1999-02-01,1289,1289,1289,1289,34
1999-02-03,1289,1289,1289,1289,439
1999-02-05,1333,1333,1333,1333,22500
1999-02-08,1333,1333,1333,1333,113
1999-02-10,1333,1333,1333,1333,45056
1999-02-15,1333,1333,1333,1333,39375
1999-02-17,1333,1333,1333,1333,563
1999-02-19,1289,1289,1289,1289,113
1999-02-24,1333,1333,1333,1333,6188
1999-02-26,1333,1333,1333,1333,113
1999-03-03,1333,1333,1333,1333,7133
1999-03-05,1333,1333,1333,1333,4556
1999-03-08,1333,1333,1333,1333,6244
1999-03-10,1333,1333,1333,1333,20475
1999-03-12,1333,1333,1333,1333,146
1999-03-17,1333,1333,1333,1333,540
1999-03-19,1333,1333,1333,1333,675
1999-03-24,1333,1333,1333,1333,34189
1999-03-26,1333,1333,1333,1333,12555
1999-03-31,1333,1333,1333,1333,866
1999-04-02,1333,1333,1333,1333,2846
1999-04-07,1422,1422,1422,1422,281
1999-04-09,1422,1422,1422,1422,135
1999-04-12,1422,1422,1422,1422,1125
1999-04-14,1334,1334,1334,1334,113
1999-04-16,1334,1334,1334,1334,473
1999-04-19,1333,1333,1333,1333,1564
1999-04-21,1334,1334,1334,1334,450
1999-04-30,1333,1333,1333,1333,225
1999-05-14,1333,1333,1333,1333,225
1999-05-17,1333,1333,1333,1333,113
1999-05-28,1333,1333,1333,1333,146
1999-06-02,1289,1289,1289,1289,1238
1999-06-07,1289,1289,1289,1289,293
1999-06-11,1333,1333,1333,1333,900
1999-06-14,1433,1433,1433,1433,1519
1999-06-16,1540,1540,1540,1540,1125
1999-06-18,1600,1600,1600,1600,6458
1999-06-21,1600,1600,1600,1600,2250
1999-06-23,1600,1600,1600,1600,1148
1999-07-14,1378,1378,1378,1378,90
1999-07-19,1481,1481,1481,1481,1125
1999-07-21,1511,1511,1511,1511,1238
1999-07-23,1600,1600,1600,1600,1125
1999-07-26,1600,1600,1600,1600,563
1999-07-28,1599,1599,1599,1599,1125
1999-07-30,1556,1556,1556,1556,563
1999-08-02,1591,1591,1591,1591,1125
1999-08-11,1511,1511,1511,1511,563
1999-08-16,1398,1398,1398,1398,1013
1999-08-23,1333,1333,1333,1333,383
1999-08-25,1244,1244,1244,1244,619
1999-08-27,1244,1244,1244,1244,169
1999-09-01,1244,1244,1244,1244,304
1999-09-03,1244,1244,1244,1244,203
1999-09-06,1244,1244,1244,1244,90
1999-09-10,1244,1244,1244,1244,113
1999-09-13,1244,1244,1244,1244,90
1999-09-17,1244,1244,1244,1244,113
1999-09-24,1228,1228,1228,1228,113
1999-09-29,1227,1227,1227,1227,2250
1999-10-01,1227,1227,1227,1227,6750
1999-10-04,1227,1227,1227,1227,1125
1999-10-06,1227,1227,1227,1227,2048
1999-10-08,1227,1227,1227,1227,1125
1999-10-11,1227,1227,1227,1227,1125
1999-10-13,1227,1227,1227,1227,11250
1999-10-15,1227,1227,1227,1227,21150
1999-10-20,1244,1244,1244,1244,1125
1999-10-22,1253,1253,1253,1253,1271
1999-10-25,1258,1258,1258,1258,1238
1999-10-27,1293,1293,1293,1293,1091
1999-10-29,1293,1293,1293,1293,1080
1999-11-03,1293,1293,1293,1293,608
1999-11-05,1244,1244,1244,1244,968
1999-11-08,1244,1244,1244,1244,158
1999-11-10,1338,1338,1338,1338,225
1999-11-17,1293,1293,1293,1293,225
1999-11-19,1293,1293,1293,1293,1125
1999-11-22,1244,1244,1244,1244,563
1999-11-24,1289,1289,1289,1289,13568
1999-11-26,1289,1289,1289,1289,1463
1999-12-01,1333,1333,1333,1333,563
1999-12-03,1332,1332,1332,1332,563
1999-12-06,1422,1422,1422,1422,3038
1999-12-08,1467,1467,1467,1467,518
1999-12-10,1511,1511,1511,1511,18653
1999-12-17,1511,1511,1511,1511,5625
1999-12-20,1511,1511,1511,1511,79
1999-12-29,1511,1511,1511,1511,563
2000-01-10,1511,1511,1511,1511,113
2000-01-14,1422,1422,1422,1422,113
2000-01-17,1333,1333,1333,1333,113
2000-01-26,1244,1244,1244,1244,101
2000-01-28,1244,1244,1244,1244,281
2000-02-02,1244,1244,1244,1244,304
2000-02-04,1244,1244,1244,1244,11
2000-02-09,1244,1244,1244,1244,281
2000-02-16,1200,1200,1200,1200,135
2000-02-18,1156,1156,1156,1156,754
2000-02-28,1093,1093,1093,1093,4725
2000-03-01,1089,1089,1089,1089,2126
2000-03-03,1084,1084,1084,1084,2160
2000-03-06,1084,1084,1084,1084,4804
2000-03-08,1084,1084,1084,1084,169
2000-03-10,1084,1084,1084,1084,169
2000-03-13,1084,1084,1084,1084,563
2000-03-15,1084,1084,1084,1084,664
2000-03-24,1084,1084,1084,1084,225
2000-03-29,1084,1084,1084,1084,45
2000-03-31,1085,1085,1085,1085,551
2000-04-07,1085,1085,1085,1085,225
2000-04-10,1085,1085,1085,1085,45
2000-04-12,1085,1085,1085,1085,2666
2000-04-14,1111,1111,1111,1111,338
2000-04-19,1111,1111,1111,1111,394
2000-04-21,1111,1111,1111,1111,113
2000-04-28,1111,1111,1111,1111,2284
2000-05-03,1111,1111,1111,1111,169
2000-05-05,1111,1111,1111,1111,11
2000-05-12,1111,1111,1111,1111,394
2000-05-15,1111,1111,1111,1111,135
2000-05-17,1111,1111,1111,1111,191
2000-05-26,1111,1111,1111,1111,56
2000-05-29,1111,1111,1111,1111,338
2000-06-09,1111,1111,1111,1111,45
2000-06-16,1111,1111,1111,1111,22309
2000-06-21,1111,1111,1111,1111,15413
2000-06-23,1111,1111,1111,1111,911
2000-06-26,1156,1156,1156,1156,225
2000-06-30,1156,1156,1156,1156,45
2000-07-07,1156,1156,1156,1156,293
2000-07-10,1156,1156,1156,1156,113
2000-07-12,1200,1200,1200,1200,5344
2000-07-17,1244,1244,1244,1244,3488
2000-07-19,1333,1333,1333,1333,1350
2000-07-21,1378,1378,1378,1378,2396
2000-07-26,1333,1333,1333,1333,675
2000-08-09,1333,1333,1333,1333,23
2000-08-11,1244,1244,1244,1244,225
2000-08-23,1244,1244,1244,1244,113
2000-08-30,1244,1244,1244,1244,68
2000-09-01,1244,1244,1244,1244,563
2000-09-11,1244,1244,1244,1244,23
2000-09-15,1203,1203,1203,1203,2660
2000-09-20,1220,1220,1220,1220,200
2000-09-27,1220,1220,1220,1220,2840
2000-10-04,1220,1220,1220,1220,200
2000-10-06,1220,1220,1220,1220,290
2000-10-11,1220,1220,1220,1220,160
2000-10-13,1200,1200,1200,1200,770
2000-10-18,1200,1200,1200,1200,1540
2000-11-02,1200,1200,1200,1200,50
2000-11-03,1200,1200,1200,1200,340
2000-11-06,1220,1220,1220,1220,130
2000-11-10,1220,1220,1220,1220,300
2000-11-17,1220,1220,1220,1220,50
2000-11-22,1220,1220,1220,1220,1670
2000-11-27,1220,1220,1220,1220,320
2000-11-29,1220,1220,1220,1220,570
2000-12-01,1220,1220,1220,1220,40
2000-12-08,1210,1210,1210,1210,3050
2000-12-11,1200,1200,1200,1200,240
2000-12-13,1200,1200,1200,1200,40
2000-12-15,1200,1200,1200,1200,100
2000-12-22,1199,1199,1199,1199,430
2001-01-02,1199,1199,1199,1199,50
2001-01-03,1198,1198,1198,1198,570
2001-01-12,1198,1198,1198,1198,380
2001-01-17,1150,1150,1150,1150,2060
2001-01-19,1150,1150,1150,1150,640
2001-01-22,1150,1150,1150,1150,300
2001-01-24,1150,1150,1150,1150,250
2001-01-26,1150,1150,1150,1150,1020
2001-01-31,1150,1150,1150,1150,20
2001-02-07,1149,1149,1149,1149,100
2001-02-09,1149,1149,1149,1149,130
2001-02-14,1100,1100,1100,1100,21540
2001-02-16,1100,1100,1100,1100,500
2001-02-19,1100,1100,1100,1100,780
2001-02-21,1100,1100,1100,1100,800
2001-02-23,1100,1100,1100,1100,820
2001-02-26,1100,1100,1100,1100,50
2001-02-28,1100,1100,1100,1100,1090
2001-03-06,1050,1050,1050,1050,460
2001-03-07,1050,1050,1050,1050,1940
2001-03-09,1050,1050,1050,1050,490
2001-03-12,1050,1050,1050,1050,300
2001-03-14,1050,1050,1050,1050,70
2001-03-16,1050,1050,1050,1050,1990
2001-03-21,1050,1050,1050,1050,200
2001-03-23,1050,1050,1050,1050,2230
2001-03-26,1070,1070,1070,1070,750
2001-03-28,1080,1080,1080,1080,2000
2001-03-30,1100,1100,1100,1100,390
2001-04-06,1100,1100,1100,1100,2800
2001-04-11,1100,1100,1100,1100,300
2001-04-13,1100,1100,1100,1100,1470
2001-04-17,1100,1100,1100,1100,1830
2001-04-18,1180,1180,1180,1180,230
2001-04-20,1200,1200,1200,1200,11380
2001-04-25,1200,1200,1200,1200,270
2001-04-27,1200,1200,1200,1200,1500
2001-04-30,1200,1200,1200,1200,560
2001-05-04,1200,1200,1200,1200,400
2001-05-09,1200,1200,1200,1200,400
2001-05-11,1200,1200,1200,1200,680
2001-05-23,1202,1202,1202,1202,460
2001-05-25,1200,1200,1200,1200,2160
2001-05-30,1200,1200,1200,1200,400
2001-06-08,1200,1200,1200,1200,1000
2001-06-13,1200,1200,1200,1200,870
2001-06-15,1200,1200,1200,1200,550
2001-06-29,1200,1200,1200,1200,200
2001-07-02,1200,1200,1200,1200,250
2001-07-06,1200,1200,1200,1200,300
2001-07-11,1200,1200,1200,1200,100
2001-07-20,1185,1185,1185,1185,140
2001-07-23,1185,1185,1185,1185,200
2001-07-27,1185,1185,1185,1185,330
2001-08-01,1185,1185,1185,1185,250
2001-08-03,1185,1185,1185,1185,350
2001-08-08,1185,1185,1185,1185,130
2001-08-10,1185,1185,1185,1185,2020
2001-08-22,1185,1185,1185,1185,260
2001-08-24,1185,1185,1185,1185,320
2001-08-29,1185,1185,1185,1185,250
2001-09-05,1185,1185,1185,1185,100
2001-09-07,1185,1185,1185,1185,300
2001-09-12,1185,1185,1185,1185,830
2001-09-14,1185,1185,1185,1185,410
2001-09-21,1150,1150,1150,1150,700
2001-09-26,1150,1150,1150,1150,2000
2001-10-10,1080,1080,1080,1080,200
2001-10-12,1080,1080,1080,1080,1620
2001-10-15,1080,1080,1080,1080,250
2001-10-17,1080,1080,1080,1080,120
2001-10-19,1100,1100,1100,1100,820
2001-10-22,1183,1183,1183,1183,80
2001-10-24,1100,1100,1100,1100,100
2001-10-26,1100,1100,1100,1100,300
2001-10-29,1100,1100,1100,1100,230
2001-11-13,1100,1100,1100,1100,10
2001-11-19,1100,1100,1100,1100,200
2001-11-21,1100,1100,1100,1100,100
2001-11-23,1100,1100,1100,1100,200
2001-11-30,1080,1080,1080,1080,490
2001-12-03,1080,1080,1080,1080,10
2001-12-06,1080,1080,1080,1080,100
2001-12-10,1080,1080,1080,1080,760
2001-12-21,1161,1161,1161,1161,1000
2001-12-24,1248,1248,1248,1248,1150
2001-12-27,1342,1342,1342,1342,4440
2001-12-31,1550,1550,1550,1550,10870
2002-01-03,1550,1550,1550,1550,70
2002-01-29,1490,1490,1490,1490,100
2002-02-05,1450,1450,1450,1450,130
2002-02-25,1450,1450,1450,1450,20
2002-02-28,1241,1241,1241,1241,250
2002-03-04,1200,1200,1200,1200,220
2002-03-07,1200,1200,1200,1200,110
2002-03-08,1200,1200,1200,1200,330
2002-03-11,1200,1200,1200,1200,100
2002-03-25,1200,1200,1200,1200,50
2002-03-26,1110,1110,1110,1110,100000
2002-03-27,1110,1110,1110,1110,50
2002-03-28,1110,1110,1110,1110,1800
2002-04-02,1110,1110,1110,1110,40
2002-04-03,1110,1110,1110,1110,10
2002-04-04,1110,1110,1110,1110,60
2002-04-09,1100,1100,1100,1100,200
2002-04-10,1100,1100,1100,1100,100
2002-04-17,1050,1050,1050,1050,1350
2002-04-18,1100,1100,1100,1100,220
2002-04-19,1051,1051,1051,1051,300
2002-04-22,1051,1051,1051,1051,540
2002-04-23,1051,1051,1051,1051,210
2002-05-06,1051,1051,1051,1051,100
2002-05-10,1051,1051,1051,1051,150
2002-05-14,1050,1050,1050,1050,560
2002-05-23,1050,1050,1050,1050,700
2002-05-28,1050,1050,1050,1050,200
2002-05-30,1050,1050,1050,1050,100
2002-06-04,1050,1050,1050,1050,230
2002-06-07,1050,1050,1050,1050,100
2002-06-20,1050,1050,1050,1050,100
2002-07-01,1050,1050,1050,1050,100
2002-07-12,1050,1050,1050,1050,90
2002-07-17,1050,1050,1050,1050,80
2002-07-29,1050,1050,1050,1050,100
2002-08-05,1050,1050,1050,1050,100
2002-08-06,1050,1050,1050,1050,190
2002-08-13,1040,1040,1040,1040,100
2002-08-16,1039,1039,1039,1039,130
2002-08-20,1000,1000,1000,1000,1000
2002-08-23,1000,1000,1000,1000,4500
2002-08-26,1000,1000,1000,1000,100
2002-09-02,1000,1000,1000,1000,100
2002-09-12,1000,1000,1000,1000,4510
2002-09-17,1000,1000,1000,1000,100
2002-09-18,1000,1000,1000,1000,100
2002-10-02,1000,1000,1000,1000,1080
2002-10-15,1000,1000,1000,1000,100
2002-10-23,1000,1000,1000,1000,900
2002-10-28,1000,1000,1000,1000,2160
2002-11-07,1000,1000,1000,1000,130
2002-11-19,1000,1000,1000,1000,100
2002-11-28,1000,1000,1000,1000,470
2002-12-11,1000,1000,1000,1000,2600
2002-12-17,1000,1000,1000,1000,590
2002-12-27,1075,1075,1075,1075,270
2002-12-30,995,995,995,995,100
2002-12-31,930,930,930,930,100
2003-01-02,929,929,929,929,950
2003-01-03,929,929,929,929,520
2003-01-09,929,929,929,929,100
2003-01-17,929,929,929,929,50
2003-01-22,929,929,929,929,50
2003-03-13,929,929,929,929,40
2003-03-20,860,860,860,860,1700
2003-03-21,858,858,858,858,80
2003-04-08,858,858,858,858,200
2003-04-09,855,855,855,855,110
2003-04-10,854,854,854,854,100
2003-04-11,854,854,854,854,100
2003-04-29,854,854,854,854,300
2003-05-07,854,854,854,854,10
2003-05-15,853,853,853,853,100
2003-06-20,790,790,790,790,1150
2003-06-26,750,750,750,750,650
2003-06-27,750,750,750,750,820
2003-06-30,750,750,750,750,1010
2003-07-01,731,731,731,731,270
2003-07-02,731,731,731,731,1380
2003-07-03,731,731,731,731,3550
2003-07-04,731,731,731,731,1380
2003-07-10,853,853,853,853,100
2003-07-11,853,853,853,853,100
2003-07-29,853,853,853,853,1000
2003-08-25,790,790,790,790,100
2003-08-26,790,790,790,790,980
2003-08-29,790,790,790,790,730
2003-09-01,790,790,790,790,490
2003-09-02,790,790,790,790,280
2003-09-08,800,800,800,800,110
2003-09-09,853,853,853,853,80
2003-09-11,853,853,853,853,1050
2003-09-12,853,853,853,853,850
2003-09-18,853,853,853,853,500
2003-09-19,853,853,853,853,100
2003-09-23,853,853,853,853,1800
2003-09-25,853,853,853,853,50
2003-10-08,830,830,830,830,100
2003-10-13,800,800,800,800,900
2003-10-16,850,850,850,850,100
2003-10-22,850,850,850,850,100
2003-10-24,850,850,850,850,100
2003-10-29,850,850,850,850,100
2003-11-06,800,800,800,800,200
2003-11-12,800,800,800,800,1080
2003-12-17,860,860,860,860,800
2003-12-18,925,925,925,925,770
2003-12-19,993,993,993,993,1100
2003-12-23,950,950,950,950,8000
2003-12-29,980,980,980,980,200
2003-12-30,995,995,995,995,1650
2004-01-12,990,990,990,990,100
2004-02-10,900,900,900,900,1700
2004-02-17,900,900,900,900,30
2004-04-08,900,900,900,900,50
2004-04-16,900,900,900,900,200
2004-06-04,900,900,900,900,20
2004-06-18,900,900,900,900,50
2004-06-24,900,900,900,900,18490
2004-07-02,900,900,900,900,30
2004-07-14,900,900,900,900,20
2004-07-22,900,900,900,900,10
2004-08-16,900,900,900,900,200
2004-08-24,850,850,850,850,110
2004-08-27,840,840,840,840,7320
2004-09-13,800,800,800,800,3000
2004-09-29,740,740,740,740,290
2004-09-30,740,740,740,740,10740
2004-10-06,740,740,740,740,440
2004-10-08,740,740,740,740,1420
2004-10-11,740,740,740,740,200
2004-10-12,740,740,740,740,280
2004-10-20,700,700,700,700,4530
2004-10-22,700,700,700,700,1850
2004-10-27,650,650,650,650,2500
2004-10-28,648,648,648,648,9090
2004-10-29,648,648,648,648,280
2004-11-03,648,648,648,648,200
2004-11-16,650,650,650,650,3160
2004-11-23,650,650,650,650,220
2004-11-25,650,650,650,650,110
2004-12-06,650,650,650,650,170
2004-12-07,650,650,650,650,610
2004-12-09,650,650,650,650,10
2004-12-13,650,650,650,650,20
2004-12-16,750,750,750,750,80
2004-12-17,806,806,806,806,80
2004-12-20,866,866,866,866,80
2004-12-21,900,900,900,900,80
2004-12-23,900,900,900,900,1400
2004-12-31,1040,1040,1040,1040,3900
2005-03-09,950,950,950,950,100
2005-03-10,900,900,900,900,120
2005-03-25,850,850,850,850,200
2005-03-31,850,850,850,850,10
2005-04-15,850,850,850,850,20
2005-05-13,660,660,660,660,1210
2005-05-17,615,615,615,615,1260
2005-05-30,700,700,700,700,220
2005-06-03,701,701,701,701,190
2005-06-08,651,651,651,651,5200
2005-06-14,651,651,651,651,10
2005-06-22,685,685,685,685,220
2005-07-05,670,670,670,670,110
2005-07-07,651,651,651,651,370
2005-07-08,651,651,651,651,180
2005-07-11,650,650,650,650,150
2005-07-12,650,650,650,650,240
2005-08-05,650,650,650,650,60
2005-08-26,660,660,660,660,380
2005-09-01,660,660,660,660,200
2005-09-09,700,700,700,700,240
2005-09-12,660,660,660,660,390
2005-09-13,660,660,660,660,100
2005-09-16,660,660,660,660,70
2005-09-19,660,660,660,660,80
2005-09-20,660,660,660,660,200
2005-09-21,660,660,660,660,60
2005-09-22,660,660,660,660,590
2005-09-30,660,660,660,660,200
2005-10-03,611,611,611,611,500
2005-10-04,600,600,600,600,150
2005-10-06,600,600,600,600,1700
2005-10-07,560,560,560,560,500
2005-10-11,560,560,560,560,270
2005-10-13,560,560,560,560,1070
2005-10-14,560,560,560,560,100
2005-10-17,560,560,560,560,650
2005-10-18,560,560,560,560,3750
2005-10-19,560,560,560,560,1000
2005-10-20,560,560,560,560,250
2005-10-21,560,560,560,560,510
2005-10-28,600,600,600,600,100
2005-10-31,600,600,600,600,210
2005-11-08,600,600,600,600,20
2005-11-09,600,600,600,600,410
2005-11-11,600,600,600,600,270
2005-11-18,600,600,600,600,30
2005-11-24,605,605,605,605,200
2005-11-30,560,560,560,560,1020
2005-12-02,565,565,565,565,25000
2005-12-08,566,566,566,566,337530
2005-12-12,600,600,600,600,300
2005-12-13,600,600,600,600,100
2005-12-19,600,600,600,600,250
2005-12-22,600,600,600,600,30
2005-12-23,640,640,640,640,250
2005-12-27,688,688,688,688,100
2005-12-29,795,795,795,795,310
2006-01-09,800,800,800,800,100
2006-02-13,600,600,600,600,2310
2006-02-14,630,630,630,630,110
2006-02-20,600,600,600,600,230
2006-02-24,601,601,601,601,100
2006-03-01,601,601,601,601,10
2006-03-06,601,601,601,601,20
2006-03-08,600,600,600,600,10800
2006-03-09,600,600,600,600,10
2006-03-15,600,600,600,600,270
2006-03-17,600,600,600,600,200
2006-03-20,600,600,600,600,10
2006-03-28,600,600,600,600,1070
2006-03-30,600,600,600,600,3320
2006-04-14,602,602,602,602,190
2006-04-21,602,602,602,602,10
2006-04-25,610,610,610,610,900
2006-05-02,625,625,625,625,1190
2006-05-03,651,651,651,651,270
2006-05-08,651,651,651,651,950
2006-05-10,651,651,651,651,10
2006-05-11,660,660,660,660,580
2006-05-16,660,660,660,660,550
2006-05-17,660,660,660,660,1100
2006-05-18,660,660,660,660,10
2006-05-24,660,660,660,660,1420
2006-05-26,660,660,660,660,1280
2006-05-30,660,660,660,660,270
2006-05-31,660,660,660,660,200
2006-06-01,660,660,660,660,130
2006-06-02,660,660,660,660,100
2006-06-06,660,660,660,660,200
2006-06-09,660,660,660,660,3110
2006-06-22,660,660,660,660,80
2006-06-23,661,661,661,661,860
2006-07-07,666,666,666,666,360
2006-07-11,670,670,670,670,350
2006-07-21,670,670,670,670,70
2006-07-27,700,700,700,700,140
2006-07-28,700,700,700,700,10
2006-08-01,700,700,700,700,10
2006-08-04,700,700,700,700,350
2006-08-16,670,670,670,670,330
2006-08-21,670,670,670,670,220
2006-08-24,670,670,670,670,10
2006-08-31,670,670,670,670,10
2006-09-06,681,681,681,681,100
2006-09-11,670,670,670,670,1170
2006-09-19,670,670,670,670,660
2006-09-20,670,670,670,670,100
2006-09-28,660,660,660,660,150
2006-10-02,620,620,620,620,600
2006-10-06,620,620,620,620,840
2006-10-10,620,620,620,620,540
2006-10-11,620,620,620,620,80
2006-10-17,620,620,620,620,40
2006-10-26,620,620,620,620,280
2006-11-02,620,620,620,620,70
2006-11-06,620,620,620,620,130
2006-11-13,620,620,620,620,230
2006-11-17,620,620,620,620,350
2006-11-22,620,620,620,620,30
2006-11-23,620,620,620,620,30
2006-12-01,650,650,650,650,180
2006-12-04,650,650,650,650,2000
2006-12-05,660,660,660,660,80
2006-12-06,670,670,670,670,5100
2006-12-07,670,670,670,670,4900
2006-12-14,670,670,670,670,600
2006-12-26,620,620,620,620,200
2007-01-02,620,620,620,620,70
2007-01-03,620,620,620,620,440
2007-01-05,620,620,620,620,90
2007-01-17,620,620,620,620,600
2007-01-23,620,620,620,620,850
2007-01-26,620,620,620,620,20
2007-01-31,621,621,621,621,500
2007-02-08,670,670,670,670,1030
2007-02-09,670,670,670,670,280
2007-02-27,670,670,670,670,2580
2007-03-13,670,670,670,670,140
2007-03-14,670,670,670,670,60
2007-03-23,620,620,620,620,320
2007-03-26,620,620,620,620,800
2007-04-25,651,651,651,651,160
2007-05-04,651,651,651,651,10
2007-05-18,652,652,652,652,950
2007-05-24,650,650,650,650,120
2007-06-04,656,656,656,656,310
2007-06-15,740,740,740,740,130
2007-06-18,740,740,740,740,20
2007-06-19,750,750,750,750,210
2007-06-21,800,800,800,800,200
2007-06-27,800,800,800,800,200
2007-07-02,800,800,800,800,50
2007-07-13,801,801,801,801,1050
2007-08-02,865,865,865,865,2710
2007-08-08,870,870,870,870,460
2007-08-10,900,900,900,900,2250
2007-08-14,935,935,935,935,100
2007-08-20,1000,1000,1000,1000,400
2007-08-21,1000,1000,1000,1000,20
2007-08-22,1000,1000,1000,1000,70
2007-08-31,936,936,936,936,1000
2007-09-03,936,936,936,936,30
2007-09-04,1000,1000,1000,1000,300
2007-09-07,1050,1050,1050,1050,220
2007-09-10,1050,1050,1050,1050,1010
2007-09-11,1070,1070,1070,1070,4150
2007-09-12,1070,1070,1070,1070,2520
2007-09-13,1070,1070,1070,1070,200
2007-09-14,1070,1070,1070,1070,570
2007-09-17,1100,1100,1100,1100,250
2007-09-18,1070,1070,1070,1070,550
2007-09-19,1070,1070,1070,1070,840
2007-09-20,1070,1070,1070,1070,390
2007-09-21,1070,1070,1070,1070,690
2007-09-24,1060,1060,1060,1060,1330
2007-09-25,1060,1060,1060,1060,50
2007-09-27,1060,1060,1060,1060,60
2007-10-04,1040,1040,1040,1040,220
2007-10-16,1020,1020,1020,1020,220
2007-10-19,1020,1020,1020,1020,10
2007-10-22,990,990,990,990,200
2007-10-23,950,950,950,950,810
2007-10-24,920,920,920,920,230
2007-10-25,920,920,920,920,860
2007-10-26,921,921,921,921,1000
2007-10-29,920,920,920,920,220
2007-10-30,900,900,900,900,9720
2007-10-31,900,900,900,900,580
2007-11-08,900,900,900,900,610
2007-11-09,900,900,900,900,390
2007-11-13,900,900,900,900,270
2007-11-14,900,900,900,900,630
2007-11-16,900,900,900,900,1120
2007-11-19,900,900,900,900,200
2007-11-20,900,900,900,900,4830
2007-11-22,900,900,900,900,40
2007-11-30,1001,1001,1001,1001,220
2007-12-14,1001,1001,1001,1001,750
2007-12-17,1002,1002,1002,1002,140
2007-12-20,1001,1001,1001,1001,800
2007-12-24,1001,1001,1001,1001,40
2007-12-26,995,995,995,995,370
2007-12-27,995,995,995,995,590
2007-12-28,995,995,995,995,560
2008-01-02,951,951,951,951,120
2008-01-03,991,991,991,991,110
2008-01-04,991,991,991,991,900
2008-01-07,991,991,991,991,150
2008-01-08,991,991,991,991,100
2008-01-14,991,991,991,991,30
2008-01-15,990,990,990,990,300
2008-01-17,990,990,990,990,390
2008-01-18,925,925,925,925,690
2008-01-21,925,925,925,925,5780
2008-01-30,994,994,994,994,150
2008-02-01,994,994,994,994,30
2008-02-06,994,994,994,994,10
2008-02-08,994,994,994,994,100
2008-02-11,994,994,994,994,50
2008-02-12,994,994,994,994,160
2008-02-14,1000,1000,1000,1000,5710
2008-02-15,994,994,994,994,290
2008-02-18,994,994,994,994,200
2008-03-05,1000,1000,1000,1000,240
2008-03-11,1025,1025,1025,1025,240
2008-03-12,1025,1025,1025,1025,450
2008-03-13,1025,1025,1025,1025,30
2008-03-14,1026,1026,1026,1026,960
2008-03-25,1026,1026,1026,1026,10
2008-04-02,1100,1100,1100,1100,1460
2008-04-03,1100,1100,1100,1100,390
2008-04-04,1100,1100,1100,1100,180
2008-04-08,1110,1110,1110,1110,580
2008-04-09,1110,1110,1110,1110,360
2008-04-16,1121,1121,1121,1121,210
2008-04-17,1200,1200,1200,1200,310
2008-04-23,1200,1200,1200,1200,200
2008-04-29,1200,1200,1200,1200,10
2008-04-30,1200,1200,1200,1200,90
2008-05-07,1200,1200,1200,1200,1880
2008-05-08,1200,1200,1200,1200,250
2008-05-09,1200,1200,1200,1200,930
2008-05-13,1200,1200,1200,1200,700
2008-05-14,1200,1200,1200,1200,590
2008-05-15,1200,1200,1200,1200,150
2008-05-16,1200,1200,1200,1200,270
2008-05-19,1200,1200,1200,1200,360
2008-05-21,1200,1200,1200,1200,110
2008-05-22,1200,1200,1200,1200,10
2008-06-02,1200,1200,1200,1200,100
2008-06-06,1200,1200,1200,1200,5760
2008-06-09,1200,1200,1200,1200,730
2008-06-11,1200,1200,1200,1200,260
2008-06-12,1200,1200,1200,1200,40
2008-06-17,1200,1200,1200,1200,60
2008-06-18,1200,1200,1200,1200,900
2008-06-23,1200,1200,1200,1200,2350
2008-06-25,1200,1200,1200,1200,20
2008-06-26,1200,1200,1200,1200,7520
2008-07-01,1200,1200,1200,1200,500
2008-07-02,1200,1200,1200,1200,240
2008-07-04,1201,1201,1201,1201,140
2008-07-11,1200,1200,1200,1200,270
2008-07-15,1200,1200,1200,1200,340
2008-07-17,1200,1200,1200,1200,1220
2008-07-18,1200,1200,1200,1200,670
2008-07-25,1200,1200,1200,1200,990
2008-07-28,1200,1200,1200,1200,220
2008-07-29,1200,1200,1200,1200,240
2008-08-05,1200,1200,1200,1200,130
2008-08-25,1200,1200,1200,1200,50
2008-08-27,1200,1200,1200,1200,10
2008-08-29,1200,1200,1200,1200,300
2008-09-03,1200,1200,1200,1200,80
2008-09-04,1200,1200,1200,1200,220
2008-09-08,1200,1200,1200,1200,890
2008-09-09,1290,1290,1290,1290,680
2008-09-11,1387,1387,1387,1387,760
2008-09-12,1490,1490,1490,1490,150
2008-09-18,1600,1600,1600,1600,3410
2008-09-19,1600,1600,1600,1600,40
2008-09-22,1590,1590,1590,1590,290
2008-09-23,1600,1600,1600,1600,690
2008-09-25,1600,1600,1600,1600,40
2008-09-26,1600,1600,1600,1600,1370
2008-09-29,1600,1600,1600,1600,110
2008-10-01,1600,1600,1600,1600,360
2008-10-02,1600,1600,1600,1600,20
2008-10-03,1600,1600,1600,1600,70
2008-10-06,1650,1650,1650,1650,130
2008-10-08,1600,1600,1600,1600,410
2008-10-10,1600,1600,1600,1600,730
2008-10-14,1600,1600,1600,1600,100
2008-10-15,1600,1600,1600,1600,340
2008-10-16,1600,1600,1600,1600,300
2008-10-17,1600,1600,1600,1600,20
2008-10-23,1600,1600,1600,1600,90
2008-10-30,1530,1530,1530,1530,180
2008-10-31,1530,1530,1530,1530,1350
2008-11-04,1600,1600,1600,1600,220
2008-11-07,1600,1600,1600,1600,10
2008-11-11,1600,1600,1600,1600,170
2008-11-19,1500,1500,1500,1500,1340
2008-11-21,1400,1400,1400,1400,770
2008-12-05,1400,1400,1400,1400,10
2008-12-29,1295,1295,1295,1295,410
2008-12-30,1392,1392,1392,1392,9290
2008-12-31,1496,1496,1496,1496,320
2009-01-09,1496,1496,1496,1496,10
2009-01-16,1496,1496,1496,1496,70
2009-01-20,1496,1496,1496,1496,20
2009-01-27,1496,1496,1496,1496,50
2009-02-02,1496,1496,1496,1496,20
2009-02-04,1496,1496,1496,1496,100
2009-02-24,1400,1400,1400,1400,10000
2009-02-26,1400,1400,1400,1400,5310
2009-03-06,1400,1400,1400,1400,400
2009-03-12,1400,1400,1400,1400,90
2009-03-20,1300,1300,1300,1300,360
2009-03-23,1300,1300,1300,1300,270
2009-03-30,1203,1203,1203,1203,630
2009-03-31,1203,1203,1203,1203,510
2009-04-01,1203,1203,1203,1203,80
2009-04-02,1203,1203,1203,1203,490
2009-04-03,1203,1203,1203,1203,80
2009-04-15,1203,1203,1203,1203,360
2009-04-16,1113,1113,1113,1113,1170
2009-04-17,1113,1113,1113,1113,950
2009-04-20,1100,1100,1100,1100,200
2009-04-21,1100,1100,1100,1100,80
2009-04-28,1100,1100,1100,1100,170
2009-04-29,1100,1100,1100,1100,400
2009-05-18,1100,1100,1100,1100,200
2009-05-20,1100,1100,1100,1100,70
2009-05-25,1100,1100,1100,1100,300
2009-05-26,1100,1100,1100,1100,50
2009-05-27,1100,1100,1100,1100,90
2009-05-28,1100,1100,1100,1100,10
2009-06-05,1100,1100,1100,1100,400
2009-06-11,1100,1100,1100,1100,50
2009-06-15,1100,1100,1100,1100,90
2009-06-16,1100,1100,1100,1100,1000
2009-06-19,1100,1100,1100,1100,1140
2009-06-24,1100,1100,1100,1100,10
2009-07-01,1101,1101,1101,1101,200
2009-07-03,1101,1101,1101,1101,330
2009-07-07,1101,1101,1101,1101,130
2009-07-09,1112,1112,1112,1112,250
2009-07-13,1135,1135,1135,1135,210
2009-07-14,1150,1150,1150,1150,410
2009-07-15,1151,1151,1151,1151,160
2009-07-16,1151,1151,1151,1151,60
2009-07-17,1151,1151,1151,1151,660
2009-07-20,1151,1151,1151,1151,280
2009-07-21,1150,1150,1150,1150,230
2009-07-22,1150,1150,1150,1150,30
2009-07-23,1111,1111,1111,1111,130
2009-07-28,1110,1110,1110,1110,380
2009-07-29,1100,1100,1100,1100,100
2009-07-30,1100,1100,1100,1100,10
2009-08-04,1080,1080,1080,1080,420
2009-08-05,1080,1080,1080,1080,30
2009-08-13,1050,1050,1050,1050,620
2009-08-14,1050,1050,1050,1050,80
2009-08-17,1050,1050,1050,1050,450
2009-08-18,1050,1050,1050,1050,500
2009-08-19,1050,1050,1050,1050,1130
2009-08-24,1050,1050,1050,1050,4040
2009-08-25,1050,1050,1050,1050,30
2009-08-27,1050,1050,1050,1050,190
2009-08-28,1050,1050,1050,1050,1000
2009-08-31,1050,1050,1050,1050,100
2009-09-01,1050,1050,1050,1050,60
2009-09-02,1050,1050,1050,1050,770
2009-09-03,1050,1050,1050,1050,600
2009-09-10,1024,1024,1024,1024,860
2009-09-11,1024,1024,1024,1024,690
2009-09-14,1024,1024,1024,1024,110
2009-09-15,1050,1050,1050,1050,540
2009-09-16,1060,1060,1060,1060,230
2009-09-18,1055,1055,1055,1055,410
2009-09-23,1050,1050,1050,1050,280
2009-09-25,1050,1050,1050,1050,20
2009-09-30,1000,1000,1000,1000,980
2009-10-05,1000,1000,1000,1000,2800
2009-10-06,1000,1000,1000,1000,1490
2009-10-07,1000,1000,1000,1000,290
2009-10-14,1100,1100,1100,1100,110
2009-10-15,1055,1055,1055,1055,90
2009-10-19,1055,1055,1055,1055,10
2009-10-26,1055,1055,1055,1055,190
2009-10-29,1005,1005,1005,1005,140
2009-11-02,1005,1005,1005,1005,30
2009-11-06,1015,1015,1015,1015,1000
2009-11-10,1015,1015,1015,1015,450
2009-11-12,1015,1015,1015,1015,30
2009-11-13,1015,1015,1015,1015,270
2009-11-16,1015,1015,1015,1015,100
2009-11-18,1001,1001,1001,1001,5000
2009-11-20,1010,1010,1010,1010,470
2009-11-23,1015,1015,1015,1015,800
2009-12-01,1016,1016,1016,1016,980
2009-12-04,1020,1020,1020,1020,4090
2009-12-08,1090,1090,1090,1090,250
2009-12-15,1090,1090,1090,1090,100
2009-12-16,1050,1050,1050,1050,300
2009-12-22,1040,1040,1040,1040,2570
2009-12-24,1030,1030,1030,1030,1020
2009-12-28,1030,1030,1030,1030,20
2009-12-31,1020,1020,1020,1020,1450
2010-01-04,1010,1010,1010,1010,450
2010-01-05,1010,1010,1010,1010,150
2010-01-06,1010,1010,1010,1010,130
2010-01-13,1010,1010,1010,1010,120
2010-01-14,1000,1000,1000,1000,250
2010-01-15,1000,1000,1000,1000,50
2010-01-19,1000,1000,1000,1000,100
2010-01-20,990,990,990,990,300
2010-01-21,950,950,950,950,1150
2010-01-25,945,945,945,945,2530
2010-01-26,945,945,945,945,1000
2010-01-27,945,945,945,945,330
2010-01-28,945,945,945,945,370
2010-01-29,945,945,945,945,250
2010-02-02,920,920,920,920,100
2010-02-03,918,918,918,918,3510
2010-02-04,987,987,987,987,100
2010-02-09,913,913,913,913,7850
2010-02-10,900,900,900,900,990
2010-02-11,900,900,900,900,1020
2010-02-15,900,900,900,900,70
2010-02-17,833,833,833,833,890
2010-02-18,800,800,800,800,4660
2010-03-08,925,925,925,925,450
2010-03-12,950,950,950,950,100
2010-03-19,1000,1000,1000,1000,500
2010-03-23,1050,1050,1050,1050,5500
2010-03-24,1090,1090,1090,1090,100
2010-03-26,1090,1090,1090,1090,450
2010-03-29,1090,1090,1090,1090,330
2010-03-30,1090,1090,1090,1090,100
2010-04-01,1090,1090,1090,1090,510
2010-04-02,1090,1090,1090,1090,10
2010-04-06,1090,1090,1090,1090,260
2010-04-08,1090,1090,1090,1090,100
2010-04-09,1090,1090,1090,1090,620
2010-04-12,1100,1100,1100,1100,170
2010-04-15,1183,1183,1183,1183,470
2010-04-16,1203,1203,1203,1203,200
2010-04-19,1293,1293,1293,1293,430
2010-04-20,1330,1330,1330,1330,760
2010-04-21,1280,1280,1280,1280,3780
2010-04-22,1279,1279,1279,1279,1750
2010-04-23,1279,1279,1279,1279,180
2010-04-30,1270,1270,1270,1270,160
2010-05-03,1265,1265,1265,1265,1110
2010-05-04,1264,1264,1264,1264,2050
2010-05-05,1264,1264,1264,1264,200
2010-05-06,1260,1260,1260,1260,460
2010-05-07,1260,1260,1260,1260,60
2010-05-17,1260,1260,1260,1260,30
2010-05-19,1260,1260,1260,1260,200
2010-05-20,1250,1250,1250,1250,200
2010-05-21,1250,1250,1250,1250,800
2010-05-25,1260,1260,1260,1260,210
2010-05-27,1300,1300,1300,1300,290
2010-06-09,1300,1300,1300,1300,70
2010-06-10,1260,1260,1260,1260,90
2010-06-14,1260,1260,1260,1260,10
2010-06-15,1260,1260,1260,1260,500
2010-06-16,1260,1260,1260,1260,320
2010-06-17,1260,1260,1260,1260,170
2010-06-22,1250,1250,1250,1250,200
2010-06-23,1251,1251,1251,1251,200
2010-06-25,1260,1260,1260,1260,1000
2010-06-29,1200,1200,1200,1200,300
2010-07-06,1200,1200,1200,1200,90
2010-07-09,1110,1110,1110,1110,310
2010-07-12,1110,1110,1110,1110,190
2010-07-14,1100,1100,1100,1100,120
2010-07-15,1100,1100,1100,1100,30
2010-07-20,1100,1100,1100,1100,1500
2010-07-21,1100,1100,1100,1100,400
2010-07-23,1103,1103,1103,1103,200
2010-07-27,1103,1103,1103,1103,790
2010-07-28,1110,1110,1110,1110,1340
2010-07-29,1110,1110,1110,1110,100
2010-08-02,1193,1193,1193,1193,150
2010-08-04,1200,1200,1200,1200,520
2010-08-05,1200,1200,1200,1200,100
2010-08-11,1150,1150,1150,1150,360
2010-08-12,1150,1150,1150,1150,60
2010-08-17,1150,1150,1150,1150,20
2010-08-18,1150,1150,1150,1150,140
2010-08-19,1160,1160,1160,1160,810
2010-08-20,1200,1200,1200,1200,410
2010-08-23,1110,1110,1110,1110,2130
2010-08-26,1200,1200,1200,1200,100
2010-08-30,1200,1200,1200,1200,10
2010-08-31,1200,1200,1200,1200,100
2010-09-02,1110,1110,1110,1110,120
2010-09-03,1110,1110,1110,1110,120
2010-09-07,1125,1125,1125,1125,1190
2010-09-09,1150,1150,1150,1150,1170
2010-09-16,1168,1168,1168,1168,220
2010-09-20,1168,1168,1168,1168,40
2010-09-22,1168,1168,1168,1168,100
2010-09-29,1168,1168,1168,1168,40
2010-10-11,1210,1210,1210,1210,100
2010-10-12,1200,1200,1200,1200,1980
2010-10-13,1150,1150,1150,1150,1680
2010-10-14,1200,1200,1200,1200,180
2010-10-15,1200,1200,1200,1200,30
2010-10-20,1290,1290,1290,1290,170
2010-10-21,1300,1300,1300,1300,180
2010-10-22,1300,1300,1300,1300,20
2010-10-26,1250,1250,1250,1250,720
2010-10-27,1250,1250,1250,1250,90
2010-10-29,1250,1250,1250,1250,690
2010-11-02,1250,1250,1250,1250,140
2010-11-05,1300,1300,1300,1300,100
2010-11-08,1300,1300,1300,1300,200
2010-11-09,1300,1300,1300,1300,10
2010-11-10,1300,1300,1300,1300,150
2010-11-11,1300,1300,1300,1300,150
2010-11-19,1250,1250,1250,1250,300
2010-11-23,1205,1205,1205,1205,3000
2010-11-25,1205,1205,1205,1205,360
2010-11-26,1205,1205,1205,1205,1250
2010-11-30,1205,1205,1205,1205,360
2010-12-02,1205,1205,1205,1205,1330
2010-12-03,1195,1195,1195,1195,550
2010-12-06,1150,1150,1150,1150,100
2010-12-07,1100,1100,1100,1100,550
2010-12-08,1100,1100,1100,1100,840
2010-12-09,1100,1100,1100,1100,110
2010-12-13,1100,1100,1100,1100,10
2010-12-17,1100,1100,1100,1100,200
2010-12-21,1150,1150,1150,1150,500
2010-12-22,1150,1150,1150,1150,10
2010-12-23,1150,1150,1150,1150,1890
2011-01-07,1200,1200,1200,1200,130
2011-01-11,1200,1200,1200,1200,280
2011-01-12,1200,1200,1200,1200,160
2011-01-14,1200,1200,1200,1200,840
2011-01-26,1201,1201,1201,1201,2170
2011-01-27,1161,1161,1161,1161,720
2011-01-28,1161,1161,1161,1161,510
2011-02-03,1200,1200,1200,1200,100
2011-02-07,1200,1200,1200,1200,260
2011-02-10,1200,1200,1200,1200,490
2011-03-01,1200,1200,1200,1200,30
2011-03-16,1200,1200,1200,1200,50
2011-04-14,1200,1200,1200,1200,100
2011-05-04,1200,1200,1200,1200,100
2011-05-10,1200,1200,1200,1200,240
2011-05-13,1210,1210,1210,1210,60
2011-06-06,1398,1398,1398,1398,19860
2011-06-07,1398,1398,1398,1398,4330
2011-06-08,1398,1398,1398,1398,5060
2011-06-09,1398,1398,1398,1398,25000
2011-06-10,1401,1401,1401,1401,3360
2011-06-14,1500,1500,1500,1500,260
2011-06-15,1613,1613,1613,1613,10200
2011-06-16,1700,1700,1700,1700,800
2011-06-17,1700,1700,1700,1700,5670
2011-06-20,1700,1700,1700,1700,840
2011-06-21,1700,1700,1700,1700,1130
2011-06-22,1700,1700,1700,1700,770
2011-06-23,1700,1700,1700,1700,380
2011-06-27,1700,1700,1700,1700,1240
2011-06-28,1700,1700,1700,1700,2890
2011-06-29,1700,1700,1700,1700,740
2011-07-06,1700,1700,1700,1700,110
2011-07-08,1700,1700,1700,1700,390
2011-07-11,1649,1649,1649,1649,520
2011-07-12,1600,1600,1600,1600,110
2011-07-13,1600,1600,1600,1600,110
2011-07-18,1500,1500,1500,1500,250
2011-07-19,1400,1400,1400,1400,90
2011-07-20,1400,1400,1400,1400,360
2011-07-21,1400,1400,1400,1400,40
2011-07-22,1500,1500,1500,1500,540
2011-07-26,1595,1595,1595,1595,3050
2011-07-27,1590,1590,1590,1590,920
2011-07-29,1590,1590,1590,1590,110
2011-08-01,1590,1590,1590,1590,40
2011-08-02,1600,1600,1600,1600,610
2011-08-03,1600,1600,1600,1600,90
2011-08-04,1600,1600,1600,1600,100
2011-08-05,1500,1500,1500,1500,380
2011-08-09,1500,1500,1500,1500,300
2011-08-17,1500,1500,1500,1500,70
2011-08-18,1500,1500,1500,1500,70
2011-08-22,1501,1501,1501,1501,1000
2011-08-24,1501,1501,1501,1501,150
2011-08-29,1600,1600,1600,1600,100
2011-09-01,1600,1600,1600,1600,530
2011-09-05,1600,1600,1600,1600,1320
2011-09-07,1650,1650,1650,1650,11840
2011-09-09,1650,1650,1650,1650,550
2011-09-14,1650,1650,1650,1650,100
2011-09-15,1650,1650,1650,1650,320
2011-09-16,1650,1650,1650,1650,80
2011-09-19,1650,1650,1650,1650,80
2011-09-20,1650,1650,1650,1650,100
2011-09-22,1650,1650,1650,1650,100
2011-09-23,1650,1650,1650,1650,10
2011-09-27,1650,1650,1650,1650,100
2011-09-28,1650,1650,1650,1650,160
2011-09-30,1650,1650,1650,1650,20
2011-10-05,1650,1650,1650,1650,220
2011-10-06,1650,1650,1650,1650,190
2011-10-07,1650,1650,1650,1650,1140
2011-10-10,1650,1650,1650,1650,60
2011-10-14,1600,1600,1600,1600,300
2011-10-21,1650,1650,1650,1650,350
2011-10-25,1700,1700,1700,1700,150
2011-10-27,1650,1650,1650,1650,1930
2011-10-28,1700,1700,1700,1700,820
2011-10-31,1760,1760,1760,1760,1180
2011-11-03,1650,1650,1650,1650,290
2011-11-08,1650,1650,1650,1650,700
2011-11-09,1600,1600,1600,1600,720
2011-11-10,1601,1601,1601,1601,180
2011-11-14,1600,1600,1600,1600,2310
2011-11-16,1700,1700,1700,1700,200
2011-11-17,1701,1701,1701,1701,390
2011-11-18,1750,1750,1750,1750,510
2011-11-21,1750,1750,1750,1750,500
2011-11-22,1750,1750,1750,1750,520
2011-11-23,1750,1750,1750,1750,240
2011-11-24,1750,1750,1750,1750,30
2011-11-25,1700,1700,1700,1700,220
2011-12-01,1750,1750,1750,1750,650
2011-12-02,1750,1750,1750,1750,100
2011-12-05,1750,1750,1750,1750,50
2011-12-06,1750,1750,1750,1750,160
2011-12-07,1750,1750,1750,1750,150
2011-12-08,1750,1750,1750,1750,700
2011-12-20,1800,1800,1800,1800,250
2011-12-21,1800,1800,1800,1800,150
2011-12-22,1800,1800,1800,1800,220
2011-12-27,1700,1700,1700,1700,560
2011-12-28,1700,1700,1700,1700,560
2011-12-29,1800,1800,1800,1800,240
2012-01-04,1850,1850,1850,1850,120
2012-01-12,1860,1860,1860,1860,180
2012-01-13,1900,1900,1900,1900,170
2012-01-16,1900,1900,1900,1900,100
2012-01-17,1900,1900,1900,1900,290
2012-01-20,1911,1911,1911,1911,300
2012-01-26,2208,2208,2208,2208,4120
2012-02-01,2200,2200,2200,2200,600
2012-02-02,2200,2200,2200,2200,200
2012-02-03,2035,2035,2035,2035,310
2012-02-06,1950,1950,1950,1950,290
2012-02-07,1950,1950,1950,1950,300
2012-02-08,1951,1951,1951,1951,130
2012-02-10,1951,1951,1951,1951,510
2012-02-14,1952,1952,1952,1952,1250
2012-02-15,1960,1960,1960,1960,550
2012-02-16,2050,2050,2050,2050,500
2012-02-17,2204,2204,2204,2204,650
2012-02-20,2211,2211,2211,2211,390
2012-02-21,2374,2374,2374,2374,850
2012-02-22,2552,2552,2552,2552,300
2012-02-23,2700,2700,2700,2700,1350
2012-02-24,2898,2898,2898,2898,450
2012-02-27,2898,2898,2898,2898,510
2012-02-28,2681,2681,2681,2681,300
2012-02-29,2600,2600,2600,2600,1350
2012-03-01,2600,2600,2600,2600,210
2012-03-02,2600,2600,2600,2600,360
2012-03-06,2600,2600,2600,2600,2640
2012-03-09,2600,2600,2600,2600,1440
2012-03-13,2450,2450,2450,2450,5030
2012-03-14,2500,2500,2500,2500,450
2012-03-15,2500,2500,2500,2500,750
2012-03-16,2400,2400,2400,2400,90
2012-03-20,2405,2405,2405,2405,520
2012-03-23,2406,2406,2406,2406,580
2012-03-26,2407,2407,2407,2407,100
2012-03-27,2412,2412,2412,2412,1940
2012-04-02,2592,2592,2592,2592,90
2012-04-04,2592,2592,2592,2592,250
2012-04-05,2592,2592,2592,2592,250
2012-04-11,2592,2592,2592,2592,10
2012-04-12,2593,2593,2593,2593,510
2012-04-16,2550,2550,2550,2550,1050
2012-04-19,2601,2601,2601,2601,100
2012-04-20,2601,2601,2601,2601,410
2012-04-24,2601,2601,2601,2601,150
2012-04-30,2650,2650,2650,2650,400
2012-05-08,2750,2750,2750,2750,120
2012-05-09,2750,2750,2750,2750,20
2012-05-10,2800,2800,2800,2800,1580
2012-05-11,2800,2800,2800,2800,350
2012-05-14,2800,2800,2800,2800,230
2012-05-15,2800,2800,2800,2800,80
2012-05-18,2800,2800,2800,2800,750
2012-05-21,2820,2820,2820,2820,370
2012-05-25,2800,2800,2800,2800,1760
2012-05-31,2440,2440,2440,2440,190
2012-06-01,2400,2400,2400,2400,80
2012-06-04,2300,2300,2300,2300,630
2012-06-05,2300,2300,2300,2300,480
2012-06-06,2300,2300,2300,2300,1240
2012-06-08,2300,2300,2300,2300,400
2012-06-11,2320,2320,2320,2320,150
2012-06-14,2301,2301,2301,2301,100
2012-06-15,2311,2311,2311,2311,130
2012-06-25,2311,2311,2311,2311,80
2012-06-26,2311,2311,2311,2311,110
2012-07-09,2484,2484,2484,2484,250
2012-07-10,2500,2500,2500,2500,2400
2012-07-11,2601,2601,2601,2601,3090
2012-07-16,2601,2601,2601,2601,150
2012-07-17,2700,2700,2700,2700,100
2012-07-18,2700,2700,2700,2700,150
2012-07-19,2500,2500,2500,2500,340
2012-07-27,2650,2650,2650,2650,360
2012-07-31,2650,2650,2650,2650,20
2012-08-03,2650,2650,2650,2650,50
2012-08-17,2849,2849,2849,2849,130
2012-08-21,2651,2651,2651,2651,130
2012-08-23,2849,2849,2849,2849,540
2012-08-27,2650,2650,2650,2650,80
2012-08-28,2650,2650,2650,2650,80
2012-08-30,2700,2700,2700,2700,270
2012-08-31,2700,2700,2700,2700,100
2012-09-03,2651,2651,2651,2651,910
2012-09-04,2651,2651,2651,2651,2250
2012-09-06,2660,2660,2660,2660,22090
2012-09-07,2700,2700,2700,2700,160
2012-09-10,2700,2700,2700,2700,10
2012-09-11,2680,2680,2680,2680,510
2012-09-13,2700,2700,2700,2700,520
2012-09-17,2900,2900,2900,2900,100
2012-09-18,2900,2900,2900,2900,240
2012-09-19,2900,2900,2900,2900,500
2012-09-21,2900,2900,2900,2900,730
2012-09-24,3090,3090,3090,3090,980
2012-09-28,3090,3090,3090,3090,10
2012-10-04,3091,3091,3091,3091,210
2012-10-05,3300,3300,3300,3300,5000
2012-10-08,3300,3300,3300,3300,3030
2012-10-09,3300,3300,3300,3300,90
2012-10-12,3295,3295,3295,3295,1750
2012-10-15,3300,3300,3300,3300,15410
2012-10-17,3110,3110,3110,3110,100
2012-10-18,3300,3300,3300,3300,3390
2012-10-19,3300,3300,3300,3300,400
2012-10-23,3300,3300,3300,3300,5000
2012-10-24,3300,3300,3300,3300,11290
2012-10-25,3300,3300,3300,3300,5300
2012-10-29,3290,3290,3290,3290,5000
2012-10-30,3300,3300,3300,3300,7200
2012-11-02,3302,3302,3302,3302,3410
2012-11-06,3301,3301,3301,3301,700
2012-11-09,3302,3302,3302,3302,200
2012-11-13,3510,3510,3510,3510,130
2012-11-16,3773,3773,3773,3773,1080
2012-11-19,4000,4000,4000,4000,2160
2012-11-21,4000,4000,4000,4000,200
2012-11-22,4001,4001,4001,4001,1030
2012-11-23,4000,4000,4000,4000,200
2012-11-27,4001,4001,4001,4001,980
2012-11-29,4300,4300,4300,4300,270
2012-11-30,4000,4000,4000,4000,3440
2012-12-03,4000,4000,4000,4000,1620
2012-12-04,4000,4000,4000,4000,5370
2012-12-06,4300,4300,4300,4300,90
2012-12-12,4000,4000,4000,4000,1310
2012-12-13,4000,4000,4000,4000,50
2012-12-17,4000,4000,4000,4000,90
2012-12-18,4000,4000,4000,4000,100
2012-12-19,4200,4200,4200,4200,280
2012-12-20,4000,4000,4000,4000,1300
2012-12-21,4000,4000,4000,4000,1150
2012-12-24,4000,4000,4000,4000,750
2012-12-27,4000,4000,4000,4000,520
2012-12-28,4200,4200,4200,4200,1730
2013-01-04,4200,4200,4200,4200,280
2013-01-08,4200,4200,4200,4200,890
2013-01-09,4200,4200,4200,4200,220
2013-01-10,4200,4200,4200,4200,330
2013-01-11,4001,4001,4001,4001,1930
2013-01-14,4000,4000,4000,4000,2130
2013-01-15,4000,4000,4000,4000,340
2013-01-17,4050,4050,4050,4050,130
2013-01-18,4000,4000,4000,4000,250
2013-01-22,4010,4010,4010,4010,140
2013-01-23,4100,4100,4100,4100,390
2013-01-25,4100,4100,4100,4100,240
2013-01-28,4150,4150,4150,4150,100
2013-01-29,4150,4150,4150,4150,50
2013-01-30,4100,4100,4100,4100,2900
2013-01-31,4100,4100,4100,4100,10000
2013-02-01,4100,4100,4100,4100,40
2013-02-05,4100,4100,4100,4100,90
2013-02-07,4200,4200,4200,4200,100
2013-02-08,4200,4200,4200,4200,10
2013-02-11,4200,4200,4200,4200,950
2013-02-12,4200,4200,4200,4200,160
2013-02-15,4200,4200,4200,4200,8120
2013-02-19,4200,4200,4200,4200,50
2013-02-20,4200,4200,4200,4200,50
2013-02-22,4200,4200,4200,4200,9420
2013-02-25,4200,4200,4200,4200,630
2013-02-26,4201,4201,4201,4201,3150
2013-03-04,4202,4202,4202,4202,910
2013-03-05,4201,4201,4201,4201,100
2013-03-08,4200,4200,4200,4200,130
2013-03-13,4200,4200,4200,4200,2170
2013-03-20,4201,4201,4201,4201,2110
2013-03-27,4211,4211,4211,4211,190
2013-03-29,4500,4500,4500,4500,6280
2013-04-03,4500,4500,4500,4500,1360
2013-04-04,4300,4300,4300,4300,7170
2013-04-05,4300,4300,4300,4300,60
2013-04-08,4301,4301,4301,4301,100
2013-04-12,4623,4623,4623,4623,100
2013-04-16,4400,4400,4400,4400,250
2013-04-17,4400,4400,4400,4400,30
2013-04-22,4400,4400,4400,4400,8110
2013-04-23,4500,4500,4500,4500,450
2013-04-24,4500,4500,4500,4500,20
2013-04-25,4500,4500,4500,4500,270
2013-04-29,4500,4500,4500,4500,30
2013-04-30,4500,4500,4500,4500,260
2013-05-02,4500,4500,4500,4500,110
2013-05-07,4500,4500,4500,4500,30
2013-05-14,4600,4600,4600,4600,100
2013-05-21,4945,4945,4945,4945,110
2013-05-22,4600,4600,4600,4600,520
2013-05-28,4945,4945,4945,4945,100
2013-05-29,4600,4600,4600,4600,61030
2013-06-03,4551,4551,4551,4551,150
2013-06-04,4600,4600,4600,4600,250
2013-06-06,4600,4600,4600,4600,250
2013-06-11,4600,4600,4600,4600,160
2013-06-12,4590,4590,4590,4590,1030
2013-06-14,4590,4590,4590,4590,320
2013-06-17,4600,4600,4600,4600,250
2013-06-18,4255,4255,4255,4255,190
2013-06-19,3936,3936,3936,3936,1670
2013-06-27,4001,4001,4001,4001,1600
2013-06-28,4301,4301,4301,4301,100
2013-07-01,4301,4301,4301,4301,50
2013-07-03,4623,4623,4623,4623,90
2013-07-04,4600,4600,4600,4600,170
2013-07-05,4600,4600,4600,4600,2720
2013-07-08,4600,4600,4600,4600,270
2013-07-10,4500,4500,4500,4500,130
2013-07-12,4600,4600,4600,4600,470
2013-07-16,4601,4601,4601,4601,1260
2013-07-19,4601,4601,4601,4601,1560
2013-07-23,4900,4900,4900,4900,100
2013-07-26,4620,4620,4620,4620,700
2013-07-29,4900,4900,4900,4900,1130
2013-08-06,4900,4900,4900,4900,2030
2013-08-09,4900,4900,4900,4900,520
2013-08-13,4900,4900,4900,4900,360
2013-08-14,4900,4900,4900,4900,500
2013-08-16,4900,4900,4900,4900,5030
2013-08-19,4900,4900,4900,4900,170
2013-08-20,4900,4900,4900,4900,1410
2013-08-21,4900,4900,4900,4900,540
2013-08-23,4900,4900,4900,4900,90
2013-08-26,4600,4600,4600,4600,1290
2013-08-27,4600,4600,4600,4600,840
2013-08-28,4600,4600,4600,4600,930
2013-08-29,4600,4600,4600,4600,430
2013-08-30,4600,4600,4600,4600,14080
2013-09-02,4600,4600,4600,4600,1950
2013-09-03,4500,4500,4500,4500,1780
2013-09-05,4500,4500,4500,4500,20
2013-09-06,4500,4500,4500,4500,1090
2013-09-09,4500,4500,4500,4500,2570
2013-09-10,4500,4500,4500,4500,1000
2013-09-11,4500,4500,4500,4500,940
2013-09-12,4500,4500,4500,4500,530
2013-09-16,4800,4800,4550,4600,2350
2013-09-17,4501,4501,4500,4500,3030
2013-09-18,4550,4838,4550,4600,7660
2013-09-19,4600,4600,4600,4600,30
2013-09-23,4621,4700,4621,4700,2010
2013-09-24,4621,4621,4621,4621,50
2013-09-25,4701,4701,4701,4701,710
2013-09-26,4701,4701,4701,4701,200
2013-09-27,4701,4701,4701,4701,130
2013-09-30,4701,4701,4701,4701,210
2013-10-01,4701,4800,4701,4800,40
2013-10-03,4702,4702,4702,4702,150
2013-10-04,4700,4700,4700,4700,120
2013-10-07,4701,5053,4701,5053,610
2013-10-09,5400,5400,5400,5400,780
2013-10-10,4995,4995,4995,4995,110
2013-10-11,4900,4900,4900,4900,70
2013-10-14,5268,5268,5268,5268,160
2013-10-16,5267,5268,5267,5268,120
2013-10-18,4880,4880,4880,4880,490
2013-10-21,4881,5000,4880,4900,590
2013-10-22,4900,4925,4880,4920,470
2013-10-24,4900,4900,4900,4900,150
2013-10-25,5000,5000,5000,5000,240
2013-10-28,5350,5350,5350,5350,620
2013-10-29,5310,5350,5310,5350,770
2013-10-31,4950,5350,4950,5350,660
2013-11-04,5350,5350,5350,5350,4590
2013-11-05,5400,5400,5400,5400,130
2013-11-06,5400,5400,5400,5400,30
2013-11-07,5330,5330,5330,5330,30
2013-11-08,5330,5330,5330,5330,10
2013-11-11,5400,5400,5400,5400,15150
2013-11-14,5400,5400,5400,5400,210
2013-11-18,5700,5700,5700,5700,700
2013-11-19,5330,5400,5330,5400,20
2013-11-20,5700,5700,5700,5700,40
2013-11-21,5700,5800,5700,5800,560
2013-11-25,5800,5800,5800,5800,50
2013-11-27,6000,6000,5801,5801,1430
2013-11-28,5900,5900,5900,5900,2040
2013-12-02,5900,5900,5900,5900,4890
2013-12-03,5900,5900,5900,5900,300
2013-12-04,6000,6000,6000,6000,1690
2013-12-05,6000,6000,6000,6000,50
2013-12-09,6250,6250,6250,6250,100
2013-12-10,6250,6250,6250,6250,510
2013-12-11,6250,6718,6250,6718,4110
2013-12-12,7222,7222,7222,7222,1670
2013-12-13,7763,7763,7763,7763,210
2013-12-16,7763,7763,7495,7600,1190
2013-12-17,7600,7763,7600,7763,4870
2013-12-18,7763,7763,7763,7763,500
2013-12-20,7763,7780,7763,7780,230
2013-12-23,7764,7764,7764,7764,3400
2013-12-24,8300,8346,8300,8346,1520
2013-12-30,8180,8180,7720,7720,270
2013-12-31,7720,8160,7720,8160,1800
2014-01-03,8000,8000,8000,8000,60
2014-01-07,7850,7850,7850,7850,30
2014-01-15,7262,7262,7262,7262,1000
2014-01-17,6718,6718,6718,6718,50
2014-01-20,6718,6718,6215,6215,90
2014-01-22,6250,6250,6250,6250,180
2014-01-23,6250,6250,6250,6250,230
2014-01-24,5800,5800,5800,5800,500
2014-01-28,5800,5800,5400,5400,840
2014-01-29,5400,5400,5400,5400,610
2014-01-30,5400,5400,5400,5400,1280
2014-02-04,5600,5600,5600,5600,770
2014-02-05,5552,5552,5552,5552,30
2014-02-10,5800,5800,5800,5800,100
2014-02-11,5810,6200,5810,6200,130
2014-02-12,5800,5800,5800,5800,70
2014-02-13,5800,5800,5780,5800,4800
2014-02-14,5780,5780,5780,5780,210
2014-02-17,5780,5780,5700,5700,440
2014-02-18,5700,5700,5700,5700,1680
2014-02-19,5700,5700,5700,5700,740
2014-02-20,5700,5700,5700,5700,240
2014-02-21,5700,5700,5700,5700,180
2014-02-24,5650,5700,5610,5610,280
2014-02-25,5610,5700,5600,5610,2650
2014-02-28,5700,6031,5700,6031,200
2014-03-04,6480,6483,6480,6483,250
2014-03-05,6031,6031,6031,6031,50
2014-03-07,6031,6031,6031,6031,20
2014-03-10,6031,6031,6031,6031,200
2014-03-12,6000,6000,5810,5810,40
2014-03-14,5890,5890,5810,5810,3500
2014-03-17,6246,6246,6246,6246,100
2014-03-19,5810,6714,5810,6714,4900
2014-03-21,6600,6965,6600,6965,450
2014-03-24,6965,6965,6714,6714,120
2014-03-25,6965,6965,6965,6965,30
2014-03-26,6900,7200,6900,7200,12050
2014-03-27,7200,7200,7200,7200,40
2014-03-28,7200,7700,7200,7700,2000
2014-04-01,7200,7700,7200,7700,270
2014-04-04,7500,7500,7500,7500,20
2014-04-07,7500,7500,7500,7500,340
2014-04-08,7500,7500,7500,7500,190
2014-04-09,7500,7500,7500,7500,300
2014-04-11,7399,7400,7399,7400,80
2014-04-29,6845,6845,6845,6845,50
2014-04-30,6332,6332,6332,6332,180
2014-05-02,5858,5858,5858,5858,30
2014-05-05,5419,5419,5419,5419,10
2014-05-07,5013,5013,5013,5013,50
2014-05-08,5389,5389,5389,5389,50
2014-05-09,4990,4990,4990,4990,20
2014-05-13,5000,5000,5000,5000,20
2014-05-15,5375,5375,5375,5375,250
2014-05-20,5100,5375,5100,5375,570
2014-05-21,5100,5400,5100,5400,2880
2014-05-22,5200,5200,5200,5200,90
2014-05-23,5201,5201,5201,5201,290
2014-05-26,5201,5305,5201,5305,1220
2014-05-27,5201,5201,5100,5100,2000
2014-05-28,5305,5305,5305,5305,40
2014-05-30,5300,5300,5100,5100,110
2014-06-02,5100,5101,5100,5101,480
2014-06-03,5200,5300,5200,5300,120
2014-06-04,5300,5300,5250,5300,650
2014-06-05,5300,5300,5300,5300,30
2014-06-06,5300,5300,5300,5300,60
2014-06-10,5200,5300,5200,5300,40
2014-06-11,5300,5300,5300,5300,2770
2014-06-12,5250,5250,5250,5250,120
2014-06-13,5250,5250,5250,5250,810
2014-06-16,5250,5250,5200,5200,2580
2014-06-17,5200,5200,5200,5200,5060
2014-06-18,5200,5200,5200,5200,170
2014-06-19,5200,5200,4800,4900,81640
2014-06-20,4902,4902,4902,4902,100
2014-06-24,5000,5000,4902,4902,1010
2014-06-26,4910,4910,4910,4910,600
2014-06-27,5278,5278,5278,5278,100
2014-07-01,4950,4950,4900,4900,150100
2014-07-02,5000,5000,5000,5000,400
2014-07-03,5000,5000,5000,5000,1000
2014-07-04,5000,5000,5000,5000,1240
2014-07-07,5000,5010,4900,4900,54120
2014-07-09,5000,5000,5000,5000,1310
2014-07-10,5001,5001,4951,4951,1430
2014-07-14,5000,5000,5000,5000,40
2014-07-15,5200,5200,5000,5000,330
2014-07-17,5100,5100,5000,5000,200
2014-07-18,5000,5000,5000,5000,500
2014-07-21,5000,5000,5000,5000,80
2014-07-22,5000,5000,5000,5000,760
2014-07-25,5000,5000,5000,5000,200
2014-07-31,5000,5000,4910,4910,2000
2014-08-01,4911,4911,4911,4911,110
2014-08-04,5000,5000,5000,5000,4890
2014-08-06,5000,5000,5000,5000,5270
2014-08-11,5000,5200,4950,5200,13710
2014-08-12,5000,5000,5000,5000,50
2014-08-18,5001,5070,5001,5070,7270
2014-08-19,5450,5450,5450,5450,1500
2014-08-20,5450,5450,5450,5450,50
2014-08-21,5450,5450,5450,5450,540
2014-08-22,5450,5450,5450,5450,50
2014-08-25,5450,5450,5450,5450,8600
2014-08-26,5730,5730,5730,5730,60
2014-08-28,5730,5800,5730,5800,630
2014-08-29,5501,5501,5501,5501,1740
2014-09-01,5353,5353,5353,5353,50
2014-09-02,5401,5401,5401,5401,60
2014-09-04,5500,5800,5500,5501,3940
2014-09-05,5501,5501,5501,5501,10
2014-09-08,5505,5505,5505,5505,10
2014-09-09,5505,5505,5505,5505,60
2014-09-10,5750,5750,5750,5750,10
2014-09-11,5750,5800,5750,5800,890
2014-09-12,5720,5720,5510,5510,1000
2014-09-15,5600,5600,5600,5600,50
2014-09-16,5520,5600,5505,5505,470
2014-09-19,5820,5820,5820,5820,60
2014-09-24,6000,6000,6000,6000,2050
2014-09-26,6100,6100,6100,6100,480
2014-09-29,5700,6250,5700,6250,5520
2014-10-01,6200,6250,6200,6250,240
2014-10-02,6200,6250,6200,6200,720
2014-10-08,5800,5800,5800,5800,50
2014-10-10,5500,5600,5500,5500,1060
2014-10-13,5550,5550,5550,5550,20
2014-10-14,5600,5600,5550,5550,110
2014-10-15,5550,5600,5550,5550,180
2014-10-16,5530,5550,5500,5550,159570
2014-10-17,5550,5550,5550,5550,1410
2014-10-20,5800,5800,5800,5800,20
2014-10-22,5600,5800,5600,5800,15100
2014-10-23,5800,5900,5800,5900,1000
2014-10-24,5782,6343,5782,6343,1500
2014-10-29,6000,6000,6000,6000,50000
2014-10-30,6000,6000,6000,6000,70
2014-10-31,6000,6000,6000,6000,1000
2014-11-03,6000,6000,6000,6000,440
2014-11-05,5880,5880,5880,5880,10
2014-11-06,5879,6000,5879,6000,1080
2014-11-07,6000,6000,6000,6000,1270
2014-11-10,6000,6000,6000,6000,20
2014-11-11,6000,6000,6000,6000,80
2014-11-12,6000,6000,6000,6000,6650
2014-11-13,6000,6000,6000,6000,100
2014-11-14,6100,6100,6100,6100,30
2014-11-18,6100,6100,6000,6000,6550
2014-11-20,6300,6300,6300,6300,2300
2014-11-24,6200,6300,6200,6300,1090
2014-11-25,6100,6300,6100,6300,1610
2014-11-26,6300,6300,6300,6300,4700
2014-11-27,6300,6300,6300,6300,6790
2014-11-28,6100,6300,6100,6300,1010
2014-12-02,6400,6715,6000,6715,52300
2014-12-03,6770,6850,6770,6850,1130
2014-12-04,6850,7000,6850,7000,2700
2014-12-05,6860,6860,6730,6730,15000
2014-12-08,6730,6730,6600,6600,3040
2014-12-09,6600,6600,6600,6600,10
2014-12-10,6599,6600,6500,6500,1600
2014-12-11,6450,6500,6450,6500,1000
2014-12-12,6630,6630,6500,6500,40
2014-12-15,6500,6500,6500,6500,6350
2014-12-16,6370,6480,6370,6480,20100
2014-12-17,6400,6700,6400,6700,1200
2014-12-18,6700,6900,6600,6900,31040
2014-12-19,6890,7400,6890,7400,9380
2014-12-22,7400,7400,7400,7400,2020
2014-12-23,7252,7400,7252,7400,4560
2014-12-24,7500,7500,7500,7500,10590
2014-12-26,7499,7950,7450,7950,18310
2014-12-29,8500,8500,8500,8500,310
2014-12-30,8500,9000,8500,9000,1520
2014-12-31,8900,9130,8900,9130,6230
2015-01-02,9000,9000,9000,9000,10
2015-01-05,8446,8446,8446,8446,90
2015-01-06,8300,8300,8300,8300,960
2015-01-12,7900,7900,7813,7813,60
2015-01-13,7813,7813,7813,7813,20
2015-01-14,7813,7813,7813,7813,100
2015-01-15,7500,7500,7500,7500,230
2015-01-19,7500,7500,7500,7500,40
2015-01-20,7500,7699,7500,7699,240
2015-01-22,7699,7699,7699,7699,10
2015-01-23,7599,7599,7598,7598,300
2015-01-26,7490,7490,7490,7490,130
2015-01-27,7450,7450,7000,7000,160
2015-01-28,7000,7300,7000,7300,190
2015-01-29,7000,7000,7000,7000,6590
2015-01-30,7000,7000,7000,7000,10
2015-02-02,6550,6550,6550,6550,270
2015-02-03,6601,6681,6600,6600,560
2015-02-04,6600,7000,6600,7000,120
2015-02-05,6501,6502,6501,6501,50100
2015-02-10,6502,6600,6500,6500,2360
2015-02-11,6500,6500,6500,6500,50
2015-02-12,6501,6501,6500,6500,3500
2015-02-13,6510,6510,6450,6450,190
2015-02-17,6500,6500,6500,6500,230
2015-02-18,6500,6500,6500,6500,400
2015-02-19,6500,6500,6500,6500,390
2015-02-20,6450,6450,6450,6450,140
2015-02-23,6450,6500,6450,6500,420
2015-02-24,6450,6500,6450,6500,280
2015-02-25,6500,6988,6400,6988,280
2015-02-27,7000,7000,6980,6980,140
2015-03-02,6980,6980,6980,6980,160
2015-03-03,6980,6980,6980,6980,60
2015-03-04,6980,7500,6900,7500,640
2015-03-05,7400,7400,7400,7400,60
2015-03-06,7400,7400,7400,7400,190
2015-03-09,7520,7520,7000,7000,5270
2015-03-10,7000,7000,6900,6900,40
2015-03-11,6800,6800,6750,6750,1160
2015-03-12,6750,6850,6700,6850,1940
2015-03-13,6700,6700,6700,6700,5150
2015-03-16,6742,6742,6600,6600,290
2015-03-17,6600,6600,6600,6600,1160
2015-03-18,6500,6600,6500,6600,20
2015-03-19,6600,6600,6600,6600,6310
2015-03-20,6600,6600,6600,6600,510
2015-03-23,6600,6600,6600,6600,300
2015-03-24,6590,6600,6500,6600,690
2015-03-25,6600,6600,6600,6600,1090
2015-03-26,6600,6600,6600,6600,320
2015-03-27,6600,6600,6600,6600,200
2015-03-30,6600,6600,6500,6500,2220
2015-03-31,6600,6600,6500,6500,260
2015-04-02,6500,6500,6500,6500,70
2015-04-03,6500,6600,6500,6600,500
2015-04-07,6600,6600,6500,6600,570
2015-04-08,6600,6600,6600,6600,100
2015-04-09,6294,6294,6294,6294,500
2015-04-13,6600,6600,6600,6600,720
2015-04-14,6600,6600,6600,6600,630
2015-04-15,6590,6590,6590,6590,10050
2015-04-17,6590,6590,6295,6295,610
2015-04-20,6294,6550,6294,6550,50
2015-04-21,6550,6550,6490,6490,7100
2015-04-22,6470,6490,6470,6490,500
2015-04-27,6400,6470,6400,6400,6080
2015-04-28,6400,6400,6350,6350,2980
2015-04-29,6350,6350,6350,6350,250
2015-04-30,6294,6294,6294,6294,10
2015-05-04,5822,5822,5822,5822,20
2015-05-05,5823,5823,5500,5500,120
2015-05-06,5900,5900,5900,5900,40
2015-05-07,5500,5500,5500,5500,100
2015-05-08,5500,5500,5500,5500,50
2015-05-11,5550,5550,5500,5500,470
2015-05-12,5510,5510,5500,5500,7960
2015-05-13,5610,5610,5610,5610,6220
2015-05-18,6031,6031,6031,6031,100
2015-05-20,6040,6483,6040,6483,1430
2015-05-21,6480,6500,6480,6500,27250
2015-05-22,6500,6900,6500,6900,310
2015-05-26,6890,6890,6890,6890,250
2015-05-27,6890,6900,6888,6888,1160
2015-05-28,6880,6880,6500,6500,300
2015-05-29,6889,6889,6889,6889,150
2015-06-01,6900,6901,6900,6901,480
2015-06-02,6900,6900,6900,6900,30
2015-06-04,6901,6901,6900,6900,110
2015-06-05,6900,6900,6900,6900,70
2015-06-10,6950,6950,6950,6950,120
2015-06-11,7090,7090,7090,7090,200
2015-06-12,7090,7090,7090,7090,100
2015-06-15,7100,7620,7100,7620,4960
2015-06-17,7620,7620,7620,7620,10
2015-06-18,7049,7049,7049,7049,26990
2015-06-22,7100,7100,7100,7100,280
2015-06-23,7000,7100,7000,7100,1150
2015-06-25,7000,7000,7000,7000,80
2015-06-26,7000,7000,7000,7000,10
2015-06-30,7010,7010,7010,7010,30
2015-07-02,7000,7000,7000,7000,50
2015-07-03,7001,7001,7001,7001,60
2015-07-06,7500,7500,7500,7500,840
2015-07-08,7450,7620,7450,7620,3600
2015-07-09,7620,7620,7600,7600,1400
2015-07-10,7600,7600,7600,7600,50
2015-07-13,7590,8150,7590,8150,5500
2015-07-20,8000,8000,8000,8000,40
2015-07-22,8000,8000,8000,8000,50
2015-07-23,8000,8000,8000,8000,50
2015-07-24,7400,7400,7400,7400,910
2015-07-27,7400,7400,7000,7000,350
2015-07-28,7010,7010,7000,7000,2000
2015-07-29,7000,7001,7000,7001,5760
2015-07-30,7010,7010,7001,7001,20
2015-07-31,7200,7200,7200,7200,110
2015-08-03,7200,7200,7200,7200,130
2015-08-04,7740,7740,7600,7740,3540
2015-08-10,7600,8000,7600,8000,680
2015-08-11,8000,8150,8000,8150,340
2015-08-12,8100,8100,8100,8100,290
2015-08-13,8000,8000,8000,8000,1280
2015-08-14,8000,8000,8000,8000,100
2015-08-17,8000,8000,7800,7800,70
2015-08-18,7800,8000,7800,7800,26320
2015-08-19,7900,7900,7900,7900,130
2015-08-20,7900,8000,7900,7900,280
2015-08-21,8000,8000,7900,7900,610
2015-08-24,8000,8000,7800,8000,3640
2015-08-25,7900,8100,7900,8000,510
2015-08-26,8000,8100,8000,8100,600
2015-08-27,7939,8150,7939,8150,5900
2015-08-31,8000,8150,8000,8150,2140
2015-09-01,8100,8100,8100,8100,10
2015-09-02,8101,8250,8101,8200,550
2015-09-03,8200,8201,8200,8200,7030
2015-09-04,8100,8100,8000,8000,5660
2015-09-07,8000,8000,8000,8000,2950
2015-09-08,8100,8150,8100,8100,60
2015-09-09,8100,8100,8000,8000,750
2015-09-10,8100,8100,8000,8000,570
2015-09-11,8200,8200,8200,8200,1000
2015-09-14,8200,8200,8200,8200,130
2015-09-15,8100,8100,8100,8100,30
2015-09-17,8000,8000,8000,8000,340
2015-09-18,8200,8200,8200,8200,10
2015-09-21,8150,8150,8000,8000,770
2015-09-22,8050,8050,8050,8050,150
2015-09-23,8050,8200,8050,8100,21980
2015-09-25,8100,8100,8000,8000,830
2015-09-28,8100,8140,7501,8140,8000
2015-09-29,8145,8145,8050,8050,220
2015-09-30,8000,8150,8000,8150,3290
2015-10-01,8150,8152,8150,8151,2880
2015-10-02,8200,8200,8200,8200,240
2015-10-05,8151,8200,8151,8151,690
2015-10-06,8150,8200,8150,8200,6710
2015-10-07,8400,8400,8200,8200,940
2015-10-08,8201,8201,8201,8201,20000
2015-10-09,8220,8220,8201,8201,54190
2015-10-12,8201,8201,8200,8200,280
2015-10-13,8200,8300,8200,8300,660
2015-10-14,8300,8300,8151,8151,26210
2015-10-15,8200,8200,8200,8200,30
2015-10-16,8200,8201,8200,8201,30
2015-10-19,8200,8200,8200,8200,30
2015-10-20,8151,8200,8151,8200,130
2015-10-21,8200,8815,8200,8200,51050
2015-10-22,8215,8215,8201,8201,50
2015-10-23,8202,8250,8202,8250,2320
2015-10-29,8251,8251,8251,8251,1210
2015-10-30,8212,8212,8212,8212,70
2015-11-02,8211,8250,8200,8250,520
2015-11-04,8250,8250,8250,8250,200
2015-11-06,8250,8250,8250,8250,20
2015-11-09,8250,8250,8250,8250,3080
2015-11-10,8250,8250,8250,8250,20
2015-11-11,8310,8490,8310,8490,125000
2015-11-12,8490,8550,8490,8550,126850
2015-11-13,8490,8490,8200,8200,420
2015-11-16,8053,8250,8053,8230,410
2015-11-17,8250,8250,8250,8250,180
2015-11-18,8400,8400,8400,8400,20
2015-11-19,8400,8565,8400,8565,320
2015-11-20,8565,8650,8565,8650,250
2015-11-23,8800,9100,8800,9100,340
2015-11-24,8702,9100,8702,9100,5070
2015-11-25,9000,9300,9000,9300,37350
2015-11-26,9300,9500,9300,9500,1280
2015-11-27,9900,9900,9900,9900,150
2015-11-30,9850,9850,9500,9500,2630
2015-12-01,9500,9500,9500,9500,110
2015-12-02,9850,9850,9800,9850,510
2015-12-03,9700,9800,9300,9800,1440
2015-12-07,9800,9800,9311,9311,3340
2015-12-08,9400,9800,9400,9800,130
2015-12-09,9700,9700,9700,9700,250
2015-12-11,9600,9600,9600,9600,10
2015-12-14,8900,8900,8900,8900,770
2015-12-15,8900,9000,8800,8800,270
2015-12-16,9410,9410,9410,9410,760
2015-12-17,9350,9410,9350,9410,280
2015-12-18,9410,9410,9410,9410,200
2015-12-22,9300,9300,9300,9300,1420
2015-12-23,9409,9990,9400,9990,2130
2015-12-28,9800,10500,9800,10500,5590
2015-12-30,9713,10400,9713,10400,11970
2016-01-04,10300,10400,10300,10400,300
2016-01-05,9800,9850,9800,9850,60
2016-01-06,9800,9800,9800,9800,40
2016-01-07,9850,9850,9850,9850,90
2016-01-08,9800,9800,9800,9800,10
2016-01-11,9700,9700,9400,9400,160
2016-01-13,9300,9550,9300,9550,1880
2016-01-14,9500,9500,9080,9080,22080
2016-01-15,8900,8900,8900,8900,20
2016-01-18,9300,9300,9300,9300,280
2016-01-19,9400,9400,9300,9300,1940
2016-01-21,9100,9100,9050,9050,510
2016-01-22,8900,8900,8900,8900,40
2016-01-25,8900,8901,8900,8900,640
2016-01-26,8850,9000,8850,9000,110
2016-01-27,9100,9100,9100,9100,750
2016-01-28,9200,9200,9200,9200,190
2016-01-29,9000,9890,9000,9890,5150
2016-02-01,9693,9700,9693,9700,370
2016-02-02,9693,9693,9500,9500,1890
2016-02-03,9500,9700,9500,9700,53250
2016-02-04,9700,9725,9550,9550,56270
2016-02-08,9550,9550,9150,9150,4660
2016-02-09,9150,9150,9150,9150,210
2016-02-10,9150,9150,9150,9150,20000
2016-02-11,9150,9150,9150,9150,10
2016-02-12,9150,9150,9000,9150,1180
2016-02-15,9550,9550,9550,9550,20
2016-02-16,9500,9500,9500,9500,200
2016-02-17,9500,9550,9500,9550,8350
2016-02-18,9500,9500,9500,9500,310
2016-02-19,9540,9540,9535,9540,5550
2016-02-22,9400,9500,9000,9000,7650
2016-02-23,9000,9000,9000,9000,1520
2016-02-25,9050,9675,9050,9675,70
2016-02-26,9675,9675,9051,9051,110
2016-02-29,9600,9600,9500,9500,750
2016-03-01,9500,9501,9500,9501,290
2016-03-03,9500,9500,9500,9500,40
2016-03-04,9500,9675,9350,9675,68400
2016-03-07,9500,9601,9500,9601,140
2016-03-08,9600,9601,9600,9601,60
2016-03-09,9600,9675,9600,9675,560
2016-03-10,9600,9700,9600,9700,600
2016-03-11,9850,9850,9701,9701,30100
2016-03-14,9700,9700,9700,9700,10180
2016-03-15,9700,9700,9700,9700,1430
2016-03-16,9700,9800,9700,9800,190
2016-03-17,9800,9800,9500,9500,270
2016-03-18,9700,9700,9700,9700,40
2016-03-21,9650,9650,9650,9650,180
2016-03-22,9650,9650,9650,9650,730
2016-03-23,9650,9650,9600,9600,830
2016-03-24,9408,9600,9408,9600,1710
2016-03-29,9600,9700,9600,9700,2040
2016-03-30,9600,9700,9600,9600,610
2016-03-31,9600,10320,9600,10320,21860
2016-04-04,10300,10300,9701,9701,3500
2016-04-05,9801,9801,9801,9801,270
2016-04-08,10000,10000,10000,10000,40
2016-04-11,9810,9810,9801,9801,660
2016-04-12,9810,10000,9801,10000,370
2016-04-13,10000,10000,10000,10000,60
2016-04-14,9800,10400,9800,10400,7220
2016-04-18,9620,9620,9620,9620,10
2016-04-19,9620,10200,9620,10200,10190
2016-04-20,10000,10000,10000,10000,40
2016-04-22,10000,10400,9802,10400,11610
2016-04-25,10400,10400,10400,10400,10
2016-04-26,10300,10300,10300,10300,860
2016-04-27,10200,10200,10000,10000,20
2016-04-28,10000,10000,9700,9700,410
2016-04-29,10000,10000,9620,9620,30
2016-05-03,9620,10300,9620,9700,9020
2016-05-04,9760,9790,9700,9700,960
2016-05-06,9900,9900,9651,9651,1280
2016-05-09,9651,9651,9651,9651,490
2016-05-10,9651,9651,9500,9500,2330
2016-05-11,9400,9500,9400,9500,1040
2016-05-12,9700,9700,9700,9700,100
2016-05-13,9501,9501,9501,9501,780
2016-05-17,9500,9700,9500,9600,160
2016-05-18,10300,10300,10300,10300,10
2016-05-19,10300,10300,10300,10300,60
2016-05-20,10100,10100,10100,10100,440
2016-05-23,10001,10001,10000,10000,60
2016-05-24,9900,9900,9900,9900,20
2016-05-25,9700,9700,9700,9700,70
2016-05-26,9200,9500,9200,9200,900
2016-05-27,9300,9300,9300,9300,50
2016-05-30,9100,9100,9100,9100,390
2016-05-31,9101,9101,9100,9100,420
2016-06-01,9100,9100,9100,9100,1170
2016-06-02,9101,9101,9101,9101,10
2016-06-03,9500,9500,9500,9500,10
2016-06-06,9501,9501,9500,9500,100
2016-06-07,9500,9500,9200,9200,550
2016-06-08,9350,9350,9350,9350,20
2016-06-09,9200,9200,9200,9200,420
2016-06-10,9200,9201,9200,9201,190
2016-06-13,9210,9210,9210,9210,50
2016-06-14,9201,9201,9201,9201,40
2016-06-15,9201,9210,9200,9200,1370
2016-06-16,9200,9201,9200,9201,640
2016-06-17,9201,9201,9201,9201,600
2016-06-21,9300,9300,9200,9200,3290
2016-06-22,9800,9800,9201,9201,270
2016-06-23,9300,9800,8722,9800,9470
2016-06-27,9604,9800,9604,9800,30
2016-06-28,9800,9800,9604,9604,1030
2016-06-29,9205,9210,9205,9210,80
2016-06-30,9201,9201,9200,9200,250
2016-07-01,9000,9000,9000,9000,520
2016-07-04,8501,8505,8500,8500,3490
2016-07-07,8400,8500,8200,8200,1650
2016-07-08,8400,8400,8400,8400,160
2016-07-12,8400,8400,8232,8232,3040
2016-07-13,8500,8500,8500,8500,100
2016-07-14,8400,8500,8400,8500,280
2016-07-15,8000,8200,8000,8200,10070
2016-07-19,8200,8200,8000,8100,640
2016-07-20,8000,8000,7801,7801,10210
2016-07-21,8000,8000,7801,7801,350
2016-07-22,8200,8200,8050,8200,20390
2016-07-25,8300,8300,8300,8300,370
2016-07-26,8200,8200,8000,8000,2460
2016-07-27,7990,8000,7990,8000,400
2016-07-29,7900,7900,7850,7850,1850
2016-08-01,7850,7850,7810,7810,430
2016-08-02,7850,7850,7810,7810,590
2016-08-03,7810,7850,7800,7800,3380
2016-08-04,7800,7800,7800,7800,10
2016-08-05,7810,7810,7810,7810,1860
2016-08-09,8100,8396,8100,8396,440
2016-08-10,8396,9000,8396,8500,70
2016-08-11,8000,8000,8000,8000,10
2016-08-12,8001,8001,8001,8001,120
2016-08-16,8001,8001,8001,8001,170
2016-08-17,8001,8001,8001,8001,10
2016-08-18,8001,8001,8001,8001,20
2016-08-19,8002,8601,8002,8100,40
2016-08-22,8300,8300,8300,8300,110
2016-08-23,8050,8301,8010,8051,240
2016-08-25,8051,8051,8051,8051,20
2016-08-26,8101,8101,8101,8101,10
2016-08-29,8200,8500,8101,8500,3070
2016-08-30,8500,8500,8500,8500,80
2016-08-31,8500,8500,8500,8500,10
2016-09-01,8500,8500,8101,8300,290
2016-09-02,8101,8400,8101,8101,140
2016-09-05,8101,8101,8000,8000,3020
2016-09-06,8051,8101,8051,8101,1140
2016-09-07,8101,8101,8100,8100,170
2016-09-08,8100,8100,8100,8100,850
2016-09-13,8200,8400,8200,8400,110
2016-09-14,8500,8500,8500,8500,90
2016-09-15,8500,8500,8500,8500,330
2016-09-19,8600,8600,8600,8600,20
2016-09-20,8700,8700,8550,8550,720
2016-09-21,8500,8550,8450,8550,460
2016-09-26,8450,8450,8450,8450,200
2016-09-27,8451,8451,8450,8450,150
2016-09-28,8450,8450,8450,8450,520
2016-09-29,8451,8500,8450,8450,220
2016-09-30,8450,8450,8450,8450,50
2016-10-04,8550,8551,8550,8551,60
2016-10-05,8551,8565,8551,8555,1020
2016-10-06,8550,8550,8400,8400,6820
2016-10-07,8400,8400,8400,8400,90
2016-10-11,8400,8400,8400,8400,290
2016-10-12,8200,8200,8100,8100,4040
2016-10-13,8100,8100,8000,8100,2520
2016-10-14,8100,8200,8100,8200,250
2016-10-17,8100,8100,8100,8100,750
2016-10-19,8100,8100,8100,8100,550
2016-10-20,7951,8000,7951,8000,40
2016-10-21,7950,7950,7950,7950,190
2016-10-25,7950,8000,7950,8000,2550
2016-10-26,7950,8000,7500,7500,290
2016-10-27,7500,7500,7500,7500,30
2016-10-28,7500,7500,7500,7500,20
2016-10-31,7500,7500,7300,7300,140
2016-11-02,7300,7300,7000,7000,180
2016-11-03,7000,7000,7000,7000,40
2016-11-04,7000,7000,7000,7000,50
2016-11-07,7000,7000,7000,7000,20
2016-11-08,6900,6900,6900,6900,30
2016-11-09,6900,6900,6900,6900,30
2016-11-10,6762,6900,6762,6800,530
2016-11-11,7000,7000,7000,7000,160
2016-11-14,7000,7000,7000,7000,120
2016-11-16,7000,7000,6500,6500,230
2016-11-17,6500,6500,6200,6500,2470
2016-11-18,6500,6900,6500,6900,470
2016-11-22,6900,7200,6900,7200,1560
2016-11-23,7000,7000,7000,7000,570
2016-11-24,7000,7190,7000,7190,590
2016-11-25,7000,7300,7000,7300,970
2016-11-28,7300,7780,7300,7780,130
2016-11-29,7300,7790,7300,7790,410
2016-11-30,7300,7300,7300,7300,3150
2016-12-02,7300,7790,7300,7790,290
2016-12-05,7740,8000,7740,8000,350
2016-12-06,7900,7900,7900,7900,300
2016-12-08,7800,7800,7800,7800,30
2016-12-09,7800,7800,7800,7800,170
2016-12-14,7700,7700,7700,7700,20
2016-12-19,7499,7499,7300,7300,20
2016-12-21,7270,7279,7270,7279,200
2016-12-23,7270,7270,7270,7270,130
2016-12-27,7244,7815,6800,7815,1460
2016-12-29,7650,8000,7650,8000,2870
2016-12-30,7950,8450,7950,8450,490
2017-01-04,8000,8000,7817,7817,260
2017-01-05,7790,7790,7300,7300,50
2017-01-09,7350,7350,7000,7000,100
2017-01-10,7100,7100,7100,7100,10
2017-01-11,7100,7100,7000,7000,210
2017-01-12,7000,7000,7000,7000,40
2017-01-13,7000,7000,6475,6475,210
2017-01-16,6961,6961,6961,6961,50
2017-01-17,7000,7000,7000,7000,100
2017-01-18,7000,7000,7000,7000,10
2017-01-19,6850,6850,6850,6850,480
2017-01-20,6850,6930,6850,6930,390
2017-01-23,6930,6930,6930,6930,260
2017-01-24,6850,6850,6850,6850,100
2017-01-25,6850,6850,6800,6800,210
2017-01-26,6500,6500,6475,6475,410
2017-01-27,6475,6600,6475,6600,80
2017-01-30,6800,6930,6800,6930,400
2017-02-01,6500,6500,6500,6500,50
2017-02-03,6555,6555,6555,6555,130
2017-02-08,6600,7000,6600,7000,390
2017-02-10,7000,7010,7000,7010,160
2017-02-13,7500,7500,7500,7500,70
2017-02-16,7450,7450,7450,7450,50
2017-02-17,7400,7400,7400,7400,40
2017-02-20,7150,7150,7150,7150,120
2017-02-21,7150,7150,7150,7150,2810
2017-02-22,7100,7400,7100,7400,120
2017-02-23,7400,7400,7400,7400,50
2017-02-24,7400,7400,7400,7400,50
2017-02-27,7400,7400,7400,7400,50
2017-02-28,7300,7400,7300,7400,2000
2017-03-01,7400,7400,7400,7400,400
2017-03-02,7500,7500,7500,7500,930
2017-03-03,7400,7401,7400,7400,2630
2017-03-06,7101,7101,7101,7101,30
2017-03-07,7101,7150,7101,7150,150
2017-03-08,7101,7101,7101,7101,40
2017-03-09,7100,7100,7100,7100,70
2017-03-10,7000,7050,7000,7050,110
2017-03-13,6887,6950,6887,6950,1520
2017-03-14,7050,7350,7000,7350,800
2017-03-15,7350,7350,7300,7300,120
2017-03-20,7100,7100,7100,7100,600
2017-03-21,7050,7100,6690,6690,130
2017-03-22,7100,7100,6189,6189,400
2017-03-23,6220,6350,6200,6250,250
2017-03-24,6300,6700,6300,6700,50
2017-03-27,6700,7100,6250,6500,230
2017-03-28,6500,6500,6500,6500,30
2017-03-29,6500,6500,6200,6200,180
2017-03-30,6201,6600,6000,6600,370
2017-03-31,6695,6700,6500,6700,230
2017-04-03,6700,6750,6595,6750,80
2017-04-04,6750,6750,6750,6750,10
2017-04-05,6500,6500,6500,6500,290
2017-04-06,6750,6750,6750,6750,10
2017-04-07,6500,6500,6500,6500,960
2017-04-10,6500,6500,6500,6500,1020
2017-04-11,6500,6500,6500,6500,200
2017-04-12,6750,6750,6750,6750,50
2017-04-13,6750,6901,6750,6901,270
2017-04-14,6901,6901,6900,6900,620
2017-04-18,6900,6900,6870,6870,260
2017-04-19,6850,7385,6850,7000,50
2017-04-20,7000,7000,6801,6801,200
2017-04-21,6800,7000,6800,7000,400
2017-04-24,6850,6850,6850,6850,110
2017-04-25,6850,6850,6500,6500,730
2017-04-26,6500,6500,6400,6400,280
2017-04-27,6400,6500,6400,6500,30
2017-04-28,6500,6500,6500,6500,30
2017-05-02,6300,6700,6300,6700,400
2017-05-03,6685,6700,6600,6700,2450
2017-05-04,6350,6350,6300,6300,1500
2017-05-05,6300,6350,6300,6300,690
2017-05-08,6300,6300,6300,6300,210
2017-05-09,6300,6300,6300,6300,1480
2017-05-11,6250,6250,6250,6250,30
2017-05-12,6300,6719,6300,6719,230
2017-05-16,6500,6500,6300,6300,910
2017-05-17,6773,6773,6300,6300,670
2017-05-18,6300,6300,5828,6200,270
2017-05-19,6200,6200,5735,6000,2270
2017-05-22,6000,6000,6000,6000,850
2017-05-23,6000,6450,6000,6450,740
2017-05-24,6200,6200,6000,6000,1260
2017-05-26,6000,6000,6000,6000,1870
2017-05-29,5999,6000,5999,6000,1630
2017-05-30,6000,6000,5550,5550,1700
2017-06-01,5900,5900,5550,5550,250
2017-06-02,5900,5900,5300,5300,740
2017-06-06,5550,5550,5500,5500,100
2017-06-07,5500,5900,5500,5500,140
2017-06-08,5500,5500,5306,5306,1470
2017-06-12,5400,5400,5400,5400,20
2017-06-13,5500,5805,5500,5805,180
2017-06-14,5900,5900,5900,5900,260
2017-06-15,5900,5901,5500,5500,5970
2017-06-16,5501,5501,5500,5500,6050
2017-06-19,5510,5550,5500,5501,1680
2017-06-20,5600,5600,5500,5500,710
2017-06-21,5500,5601,5500,5601,230
2017-06-23,5600,5621,5520,5620,2160
2017-06-27,6000,6000,5500,6000,1610
2017-06-28,6000,6400,6000,6400,540
2017-06-29,5920,5920,5920,5920,20
2017-06-30,5500,6300,5500,6300,1270
2017-07-03,6300,6300,6300,6300,100
2017-07-04,6000,6000,6000,6000,50
2017-07-05,6000,6000,5550,6000,710
2017-07-06,5950,6000,5950,6000,350
2017-07-10,6000,6000,6000,6000,500
2017-07-11,6000,6000,5800,5800,100
2017-07-12,5500,5500,5500,5500,2380
2017-07-13,5500,5800,5500,5800,110
2017-07-14,5700,6200,5400,6200,1110
2017-07-17,6400,6400,6400,6400,30
2017-07-18,6400,6400,6400,6400,450
2017-07-19,6400,6400,6400,6400,20
2017-07-20,6350,6350,6350,6350,50
2017-07-24,6350,6350,6350,6350,50
2017-07-25,6300,6300,6300,6300,20
2017-07-26,6200,6200,6200,6200,120
2017-07-28,6000,6000,6000,6000,200
2017-07-31,6000,6000,6000,6000,130
2017-08-01,5550,6000,5550,6000,180
2017-08-02,5550,6250,5550,6250,2030
2017-08-03,6000,6000,6000,6000,70
2017-08-04,6000,6000,6000,6000,100
2017-08-08,6001,6001,6000,6001,520
2017-08-09,6000,6000,6000,6000,2260
2017-08-10,6000,6200,5550,6200,19490
2017-08-11,6300,6400,6050,6050,780
2017-08-14,5597,5597,5597,5597,30
2017-08-16,6016,6016,5601,5601,200
2017-08-17,5650,6020,5600,6020,650
2017-08-18,5700,6200,5600,5600,1520
2017-08-21,5600,6020,5600,6000,2020
2017-08-22,6000,6000,6000,6000,40
2017-08-23,6000,6200,5600,6200,2840
2017-08-31,6000,6190,6000,6190,320
2017-09-04,6000,6000,6000,6000,150
2017-09-05,5700,5700,5700,5700,570
2017-09-06,5500,6000,5500,6000,60
2017-09-07,5990,5990,5990,5990,30
2017-09-11,5990,5990,5990,5990,20
2017-09-12,5990,6000,5990,6000,1100
2017-09-13,6000,6000,6000,6000,160
2017-09-14,6000,6000,6000,6000,140
2017-09-15,6000,6000,6000,6000,50
2017-09-20,6000,6000,5880,5880,2750
2017-09-21,5880,5880,5800,5880,470
2017-09-22,6000,6000,6000,6000,30
2017-09-27,5700,5900,5700,5900,20
2017-09-28,6000,6000,6000,6000,390
2017-09-29,6000,6450,6000,6450,1020
2017-10-02,6100,6100,6100,6100,200
2017-10-03,5643,6000,5643,6000,1140
2017-10-06,5900,5900,5900,5900,130
2017-10-09,5600,5600,5600,5600,1000
2017-10-11,5900,5900,5900,5900,12470
2017-10-12,5600,5600,5458,5458,270
2017-10-13,5458,5600,5458,5600,12510
2017-10-16,5600,5600,5488,5550,1000
2017-10-17,5550,5550,5550,5550,480
2017-10-18,5550,5550,5550,5550,20
2017-10-19,5550,5550,5550,5550,350
2017-10-20,5550,5550,5550,5550,40
2017-10-23,5550,5550,5550,5550,30
2017-10-26,5500,5500,5500,5500,40
2017-10-30,5400,5400,5088,5088,40
2017-10-31,4706,4706,4706,4706,40
2017-11-02,4720,4720,4706,4706,320
2017-11-03,4706,4706,4706,4706,170
2017-11-07,4354,4600,4354,4600,480
2017-11-08,4350,4350,4350,4350,120
2017-11-10,4350,4350,4350,4350,80
2017-11-14,4320,4330,4320,4330,100
2017-11-21,4008,4008,4008,4008,10
2017-11-22,4000,4000,3709,3709,130
2017-11-23,3432,3432,3432,3432,50
2017-11-24,3432,3432,3175,3175,60
2017-11-27,3175,3175,3000,3000,410
2017-11-28,3000,3000,3000,3000,100
2017-11-29,3000,3150,3000,3000,420
2017-11-30,3000,3020,3000,3000,710
2017-12-04,3000,3000,2900,2900,690
2017-12-05,2899,2899,2899,2899,520
2017-12-07,2899,2899,2897,2897,900
2017-12-08,2890,3114,2890,3114,1680
2017-12-11,3300,3300,3300,3300,100
2017-12-12,3300,3300,3114,3300,4290
2017-12-13,3053,3500,3053,3500,270
2017-12-14,3763,3763,3763,3763,100
2017-12-15,4045,4045,3600,4045,900
2017-12-18,4348,4348,4300,4300,950
2017-12-19,4300,4300,4300,4300,1000
2017-12-20,4600,4600,4600,4600,100
2017-12-21,4850,4850,4850,4850,260
2017-12-22,5000,5210,5000,5210,150
2017-12-26,5200,5200,5001,5200,360
2017-12-27,5180,5200,5000,5200,580
2017-12-28,5500,5500,5500,5500,1889
2017-12-29,5800,5910,5500,5910,979
2018-01-02,5900,5910,5800,5800,75
2018-01-03,6000,6000,5920,5920,49
2018-01-04,5910,5910,5800,5900,86
2018-01-05,5900,5900,5800,5900,477
2018-01-08,5900,5900,5800,5850,550
2018-01-09,5890,5890,5850,5850,22
2018-01-10,5890,5890,5800,5850,175
2018-01-11,5800,5800,5800,5800,43
2018-01-12,5800,5800,5800,5800,137
2018-01-15,5800,5800,5365,5365,77
2018-01-16,5500,5750,5500,5500,47
2018-01-17,5750,5800,5750,5800,60
2018-01-18,5750,5800,5400,5400,386
2018-01-19,5400,5400,5200,5300,54
2018-01-22,5300,5300,5000,5000,168
2018-01-23,5000,5000,4950,4950,31
2018-01-24,4925,4925,4600,4890,891
2018-01-25,4525,4600,4525,4600,76
2018-01-26,4500,4500,4255,4255,121
2018-01-29,4000,4000,4000,4000,700
2018-01-30,4000,4000,3900,3900,211
2018-01-31,3800,3800,3700,3700,237
2018-02-01,3505,3800,3445,3800,661
2018-02-02,3795,3795,3750,3750,380
2018-02-05,3750,3750,3500,3690,682
2018-02-06,3690,3690,3415,3650,1570
2018-02-07,3695,3695,3500,3650,460
2018-02-08,3700,3700,3700,3700,1000
2018-02-09,3655,3700,3600,3700,35755
2018-02-12,3800,3800,3605,3800,194
2018-02-13,3725,3800,3725,3800,315
2018-02-14,3700,3800,3700,3800,541
2018-02-15,3700,3800,3650,3800,2290
2018-02-16,3750,3750,3710,3750,607
2018-02-19,3750,3750,3700,3700,1153
2018-02-20,3800,3800,3700,3700,1177
2018-02-21,3800,3800,3700,3750,1018
2018-02-22,3725,3725,3700,3725,67
2018-02-23,3750,3750,3700,3750,954
2018-02-26,3795,3795,3600,3600,1492
2018-02-27,3600,3795,3600,3795,1132
2018-02-28,3795,3795,3700,3700,337
2018-03-01,3695,3795,3695,3795,652
2018-03-02,3805,3805,3795,3795,580
2018-03-05,3795,3995,3750,3995,414
2018-03-06,3995,4075,3995,4075,242
2018-03-07,4000,4075,4000,4075,71
2018-03-08,4075,4075,4075,4075,32
2018-03-09,4075,4380,4075,4380,141
2018-03-12,4380,4705,4380,4700,197
2018-03-13,4610,4610,4555,4610,765
2018-03-14,4955,4955,4795,4795,79
2018-03-15,4795,4795,4695,4700,526
2018-03-16,4700,4700,4615,4615,41
2018-03-19,4795,4955,4650,4700,387
2018-03-20,4700,4700,4600,4700,2255
2018-03-21,4650,4700,4650,4700,27455
2018-03-22,4700,4700,4650,4700,274
2018-03-23,4600,4600,4590,4590,211
2018-03-26,4550,4570,4450,4570,145
2018-03-27,4450,4500,4450,4490,236
2018-03-28,4450,4490,4450,4450,446
2018-03-29,4445,4445,4120,4400,887
2018-03-30,4100,4450,4070,4070,343
2018-04-03,4070,4200,4050,4200,457
2018-04-04,4200,4200,4200,4200,85
2018-04-05,4200,4300,4100,4200,408
2018-04-06,4300,4300,4100,4100,235
2018-04-09,4300,4300,4000,4000,18
2018-04-10,4300,4300,4010,4010,126
2018-04-12,4310,4310,4310,4310,50
2018-04-13,4580,4580,4300,4300,1094
2018-04-16,4100,4580,4100,4560,226
2018-04-17,4470,4470,4450,4450,63
2018-04-18,4440,4440,4200,4200,306
2018-04-19,4155,4155,4100,4100,85
2018-04-20,4100,4150,4015,4150,1929
2018-04-23,4155,4365,4155,4365,100
2018-04-24,4300,4300,4200,4200,1970
2018-04-25,4200,4200,4105,4150,1505
2018-04-26,4150,4150,4070,4070,1326
2018-04-27,4010,4100,4000,4100,175
2018-04-30,4050,4050,4000,4000,1606
2018-05-02,4000,4000,3995,4000,1288
2018-05-03,4000,4000,4000,4000,17
2018-05-04,4000,4000,3950,4000,150
2018-05-07,3900,3900,3750,3900,245
2018-05-08,3800,3800,3800,3800,50
2018-05-09,3900,3900,3900,3900,41
2018-05-11,3975,3975,3975,3975,70
2018-05-14,3900,3975,3900,3975,324
2018-05-15,3900,3900,3900,3900,70
2018-05-16,3680,3900,3680,3750,2160
2018-05-17,3975,3975,3950,3950,9674
2018-05-18,3750,3975,3655,3975,10402
2018-05-22,3800,3800,3680,3680,39
2018-05-23,3700,3900,3680,3900,351
2018-05-24,3900,3900,3900,3900,10
2018-05-25,3895,3895,3880,3885,890
2018-05-28,3895,3895,3650,3650,12660
2018-05-30,3650,3650,3650,3650,190
2018-05-31,3720,3895,3600,3895,140
2018-06-01,3895,3900,3800,3800,281
2018-06-04,3900,3900,3695,3695,4200
2018-06-05,3650,3700,3650,3700,146
2018-06-06,3700,3975,3700,3975,625
2018-06-07,3975,3975,3975,3975,15
2018-06-08,3970,3995,3970,3995,111
2018-06-12,3995,3995,3995,3995,133
2018-06-13,4000,4000,4000,4000,111
2018-06-15,4000,4000,3900,3900,1005
2018-06-18,4000,4000,4000,4000,5
2018-06-19,3995,4000,3900,4000,795
2018-06-20,4000,4000,4000,4000,58
2018-06-21,4000,4000,3950,4000,82
2018-06-22,4200,4200,4200,4200,112
2018-06-25,4150,4200,4150,4150,19
2018-06-26,4105,4150,3900,4125,5529
2018-06-27,4150,4150,4100,4150,175
2018-06-28,4100,4100,4100,4100,112
2018-06-29,4150,4150,4150,4150,80
2018-07-02,4150,4200,4150,4200,57
2018-07-03,4500,4500,4495,4500,535
2018-07-05,4490,4495,4445,4445,63
2018-07-06,4450,4450,4445,4445,15
2018-07-09,4440,4445,4440,4445,65
2018-07-10,4445,4445,4405,4415,36
2018-07-11,4210,4210,4150,4150,612
2018-07-12,4150,4150,4100,4100,181
2018-07-13,4100,4100,4050,4050,20
2018-07-16,4050,4050,3900,4000,82
2018-07-17,4000,4000,4000,4000,60
2018-07-18,3900,3900,3900,3900,42
2018-07-19,3900,4150,3900,3995,2442
2018-07-20,4000,4150,3800,4100,2057
2018-07-23,4100,4100,4025,4025,39
2018-07-24,4100,4100,4000,4000,15
2018-07-25,4000,4000,4000,4000,190
2018-07-26,4000,4000,4000,4000,65
2018-07-27,3850,3900,3850,3900,56
2018-07-30,3810,4000,3800,3800,137
2018-07-31,3800,4000,3800,3805,266
2018-08-01,3850,3850,3850,3850,19
2018-08-02,3860,3900,3860,3900,160
2018-08-03,3950,3950,3895,3895,470
2018-08-08,4150,4150,3900,3900,80
2018-08-09,3900,3900,3895,3895,215
2018-08-10,3890,3895,3800,3895,1076
2018-08-13,3895,3895,3800,3800,238
2018-08-14,3800,3800,3700,3800,1402
2018-08-16,3800,3800,3745,3745,516
2018-08-17,3745,3750,3600,3600,412
2018-08-20,3650,3800,3600,3800,4281
2018-08-22,3900,3900,3900,3900,100
2018-08-23,3900,4150,3900,4150,221
2018-08-24,4150,4150,4150,4150,10
2018-08-27,4170,4170,4170,4170,138
2018-08-28,4160,4160,4150,4150,281
2018-08-29,4170,4170,4130,4130,81
2018-08-30,4130,4130,4130,4130,5
2018-09-04,4095,4095,3850,4000,1947
2018-09-05,4000,4000,4000,4000,100
2018-09-06,4000,4000,4000,4000,13
2018-09-07,4000,4000,3990,3990,46
2018-09-10,3980,3980,3945,3945,10
2018-09-13,3945,3945,3650,3650,40
2018-09-14,3600,3605,3600,3605,257
2018-09-17,3600,3605,3600,3600,971
2018-09-18,3600,3600,3600,3600,702
2018-09-19,3600,3600,3550,3600,321
2018-09-21,3700,3700,3700,3700,5
2018-09-24,3800,3800,3750,3750,20
2018-09-25,3700,3700,3700,3700,110
2018-09-26,3600,3670,3600,3600,580
2018-09-27,3600,3600,3600,3600,7
2018-09-28,3600,3645,3600,3645,184
2018-10-02,3645,3645,3645,3645,46
2018-10-03,3600,3645,3600,3645,75
2018-10-04,3665,3670,3645,3645,1402
2018-10-05,3650,3650,3600,3600,135
2018-10-08,3600,3600,3500,3500,293
2018-10-09,3500,3500,3450,3450,150
2018-10-10,3500,3500,3195,3195,72
2018-10-11,3005,3395,3005,3300,65
2018-10-15,3200,3200,3200,3200,420
2018-10-16,3300,3400,3000,3400,2438
2018-10-17,3400,3400,3335,3335,22
2018-10-18,3200,3200,3200,3200,30
2018-10-19,3250,3250,3250,3250,29
2018-10-22,3210,3210,3210,3210,6
2018-10-23,3255,3255,3210,3210,80
2018-10-24,3400,3400,3195,3195,18682
2018-10-26,3200,3200,3195,3195,35
2018-10-29,3175,3195,3175,3195,29
2018-10-30,3195,3200,3195,3200,162
2018-10-31,3200,3200,3200,3200,30
2018-11-02,3200,3200,3200,3200,17
2018-11-05,3200,3210,3200,3210,5235
2018-11-06,3210,3450,3210,3450,701
2018-11-07,3450,3450,3450,3450,20
2018-11-08,3450,3450,3450,3450,4
2018-11-12,3450,3600,3450,3600,803
2018-11-13,3700,3700,3330,3515,3009
2018-11-14,3515,3515,3515,3515,90
2018-11-16,3515,3700,3515,3700,254
2018-11-19,3750,3800,3750,3800,37
2018-11-21,3800,3800,3750,3750,73
2018-11-22,3800,3800,3750,3750,5
2018-11-23,3750,4000,3750,4000,749
2018-11-26,4000,4000,4000,4000,86
2018-11-27,4000,4000,4000,4000,10
2018-11-28,4080,4080,4000,4000,507
2018-11-29,4000,4000,4000,4000,5
2018-12-04,3895,3895,3895,3895,22
2018-12-05,3895,3900,3895,3900,203
2018-12-07,3900,3900,3900,3900,67
2018-12-10,3900,3900,3900,3900,45
2018-12-12,3845,3845,3845,3845,1
2018-12-13,3835,3835,3800,3800,65
2018-12-14,3750,3750,3585,3590,156
2018-12-17,3500,3500,3500,3500,50
2018-12-18,3500,3505,3430,3430,62
2018-12-19,3420,3420,3400,3400,21017
2018-12-20,3400,3425,3400,3425,2737
2018-12-21,3680,3680,3680,3680,137
2018-12-24,3900,3900,3900,3900,170
2018-12-26,3900,3995,3900,3995,150
2018-12-28,3885,3900,3885,3900,632
2018-12-31,3885,3885,3885,3885,1
2019-01-02,3885,3885,3880,3885,40
2019-01-03,3850,3850,3700,3700,4020
2019-01-04,3800,3850,3800,3850,124
2019-01-07,3885,3885,3850,3850,247
2019-01-08,3845,3845,3650,3650,45
2019-01-09,3590,3590,3500,3500,105
2019-01-11,3550,3550,3500,3500,73
2019-01-14,3595,3595,3425,3425,228
2019-01-16,3420,3420,3400,3400,35
2019-01-17,3400,3400,3400,3400,269
2019-01-21,3145,3600,3145,3595,161
2019-01-22,3600,3600,3600,3600,86
2019-01-23,3400,3400,3400,3400,33
2019-01-24,3300,3300,3245,3245,207
2019-01-25,3100,3100,3100,3100,126
2019-01-28,3150,3150,3150,3150,5
2019-01-29,3200,3200,3000,3000,2197
2019-01-30,3200,3200,3200,3200,1
2019-01-31,3215,3220,3000,3000,132
2019-02-01,3200,3200,3000,3000,11
2019-02-05,3050,3225,3000,3225,752
2019-02-06,3200,3200,3200,3200,54
2019-02-07,3200,3200,3200,3200,14
2019-02-08,3200,3200,3200,3200,25
2019-02-11,3200,3200,3200,3200,33
2019-02-12,3200,3200,3100,3100,115
2019-02-13,3200,3200,3200,3200,8
2019-02-14,3200,3200,3200,3200,140
2019-02-15,3200,3200,3200,3200,5
2019-02-18,3200,3200,3200,3200,100
2019-02-19,3200,3200,3200,3200,23
2019-02-20,3195,3195,3000,3000,120
2019-02-21,3005,3005,3000,3000,30
2019-02-22,3200,3200,3100,3100,179
2019-02-25,3150,3150,3000,3000,60
2019-02-26,3050,3050,2995,3000,313
2019-02-27,3000,3000,3000,3000,202
2019-02-28,3000,3000,3000,3000,220
2019-03-01,3000,3000,3000,3000,426
2019-03-04,3000,3000,3000,3000,49
2019-03-05,3000,3000,2995,3000,50
2019-03-06,3000,3000,3000,3000,1057
2019-03-07,3000,3000,3000,3000,1173
2019-03-11,3000,3000,3000,3000,286
2019-03-12,2990,2990,2990,2990,359
2019-03-13,2990,2990,2990,2990,805
2019-03-14,2995,2995,2995,2995,16
2019-03-15,2990,2990,2990,2990,36
2019-03-18,2990,2990,2985,2985,13
2019-03-19,2900,2900,2900,2900,28
2019-03-20,2900,2990,2900,2990,2061
2019-03-21,2900,2900,2900,2900,54
2019-03-22,2900,2900,2900,2900,353
2019-03-25,2900,2900,2865,2890,445
2019-03-26,2880,2880,2880,2880,64
2019-03-27,2880,2880,2850,2850,51
2019-03-28,2850,2850,2850,2850,19
2019-03-29,2875,2890,2875,2890,1160
2019-04-01,2890,2890,2885,2885,76
2019-04-02,2850,2880,2800,2880,200
2019-04-03,2800,2800,2800,2800,10
2019-04-04,2880,2880,2880,2880,25
2019-04-05,2880,2880,2880,2880,11
2019-04-08,2800,2800,2755,2770,340
2019-04-09,2715,2765,2715,2750,57
2019-04-10,2705,2705,2700,2700,89
2019-04-11,2690,2750,2690,2750,1571
2019-04-12,2750,2770,2700,2700,452
2019-04-15,2800,2800,2800,2800,10
2019-04-16,2800,2800,2800,2800,1068
2019-04-17,2800,2800,2680,2800,101
2019-04-23,2790,2800,2790,2800,850
2019-04-24,2880,2900,2880,2900,178
2019-04-25,3000,3000,3000,3000,293
2019-04-26,3150,3150,3000,3000,145
2019-04-29,3005,3195,3005,3195,618
2019-04-30,3195,3195,3195,3195,9
2019-05-02,3195,3195,3195,3195,125
2019-05-03,3180,3180,3180,3180,170
2019-05-06,3180,3180,3100,3100,22
2019-05-07,3100,3100,3100,3100,11
2019-05-08,3100,3180,3100,3180,261
2019-05-09,3175,3180,3175,3180,390
2019-05-10,3100,3100,3050,3050,332
2019-05-13,3050,3050,3030,3030,324
2019-05-14,3050,3050,3050,3050,60
2019-05-15,3050,3050,3050,3050,100
2019-05-16,3050,3050,3005,3005,631
2019-05-17,3010,3100,3000,3100,186
2019-05-20,3180,3180,3180,3180,2
2019-05-22,3195,3195,3195,3195,230
2019-05-23,3295,3295,3100,3100,42
2019-05-24,3295,3295,3190,3190,206
2019-05-27,3190,3190,3000,3000,200
2019-05-28,3170,3180,3170,3180,127
2019-05-29,3180,3180,3180,3180,45
2019-05-31,3180,3180,3180,3180,31
2019-06-03,3180,3180,3180,3180,40
2019-06-05,3170,3175,3100,3100,2028
2019-06-06,3000,3180,3000,3180,120
2019-06-07,3170,3240,3170,3240,1510
2019-06-12,3200,3260,3200,3260,163
2019-06-13,3265,3265,3200,3200,4761
2019-06-14,3260,3260,3200,3200,5432
2019-06-17,3195,3195,3100,3100,30
2019-06-18,3100,3100,3100,3100,11
2019-06-19,3100,3100,3100,3100,517
2019-06-20,3100,3100,3100,3100,10
2019-06-21,3100,3200,3100,3100,1538
2019-06-24,3050,3050,3050,3050,10100
2019-06-25,3050,3050,3020,3020,94
2019-06-26,3000,3020,3000,3020,761
2019-06-27,3020,3020,3020,3020,23
2019-06-28,3050,3050,3050,3050,80
2019-07-01,3020,3020,3020,3020,2
2019-07-02,3030,3100,3030,3100,80
2019-07-03,3050,3050,3000,3000,587
2019-07-04,3000,3050,3000,3050,174
2019-07-05,3100,3100,3100,3100,66
2019-07-08,3100,3100,3100,3100,2088
2019-07-09,3200,3200,3050,3050,128
2019-07-10,3050,3050,3050,3050,37
2019-07-11,3100,3100,3100,3100,125
2019-07-12,3050,3050,3000,3000,124
2019-07-15,3100,3100,3100,3100,430
2019-07-16,3100,3100,3100,3100,10
2019-07-17,3150,3150,3150,3150,10
2019-07-22,3385,3385,3100,3100,265
2019-07-24,3330,3330,3330,3330,70
2019-07-25,3250,3300,3250,3300,38
2019-07-29,3400,3400,3300,3300,90
2019-07-30,3500,3500,3500,3500,393
2019-07-31,3495,3495,3250,3250,60
2019-08-01,3260,3260,3250,3250,2863
2019-08-02,3245,3245,3245,3245,10
2019-08-05,3245,3245,3245,3245,5
2019-08-06,3160,3300,3160,3300,557
2019-08-08,3300,3300,3300,3300,10
2019-08-09,3300,3300,3300,3300,20
2019-08-13,3300,3300,3160,3160,43
2019-08-14,3300,3300,3300,3300,29
2019-08-16,3150,3150,3150,3150,12
2019-08-19,3150,3150,3150,3150,166
2019-08-20,3150,3200,3150,3200,161
2019-08-21,3145,3145,3000,3000,814
2019-08-22,3145,3145,3145,3145,14
2019-08-23,3145,3145,3145,3145,11
2019-08-26,3050,3050,3050,3050,40
2019-08-27,3050,3050,3000,3050,547
2019-08-28,3140,3140,3140,3140,14
2019-08-29,3000,3000,3000,3000,9
2019-09-02,3050,3050,3000,3000,62
2019-09-03,3000,3000,3000,3000,84
2019-09-04,3000,3000,3000,3000,230
2019-09-09,3045,3045,3000,3000,12
2019-09-10,3145,3150,3145,3150,184
2019-09-11,3225,3225,3155,3155,252
2019-09-12,3155,3155,3100,3100,302
2019-09-13,3100,3100,3100,3100,3
2019-09-16,3100,3100,3000,3100,80057
2019-09-17,3100,3100,3100,3100,25
2019-09-18,2950,2950,2870,2870,162
2019-09-19,3000,3000,3000,3000,145
2019-09-20,3000,3000,3000,3000,10
2019-09-23,2870,2870,2785,2785,690
2019-09-24,2800,2800,2800,2800,35
2019-09-25,3000,3010,2850,2850,72
2019-09-26,2800,2800,2800,2800,20
2019-09-27,2800,2800,2800,2800,79
2019-09-30,2800,2800,2800,2800,200
2019-10-02,2990,2990,2990,2990,50
2019-10-03,2990,2990,2990,2990,2
2019-10-04,3200,3200,2995,2995,1042
2019-10-08,3010,3010,2800,2800,468
2019-10-09,2855,2855,2850,2850,100
2019-10-11,3000,3000,2995,2995,173
2019-10-14,3000,3215,3000,3215,198
2019-10-15,3000,3000,3000,3000,78
2019-10-17,3000,3000,3000,3000,94
2019-10-18,3060,3060,2900,2900,1800
2019-10-21,2925,2925,2900,2900,486
2019-10-22,3000,3005,2785,2900,3417
2019-10-24,2900,2900,2895,2895,1091
2019-10-28,2820,2820,2820,2820,2686
2019-10-29,2835,2835,2800,2835,906
2019-10-30,2880,2880,2800,2800,583
2019-10-31,2850,2850,2850,2850,7
2019-11-04,2850,2850,2850,2850,5
2019-11-05,2850,2850,2850,2850,4
2019-11-06,2850,2850,2800,2800,1155
2019-11-07,2800,2800,2800,2800,62
2019-11-08,2800,2800,2800,2800,34
2019-11-11,2850,2850,2800,2850,1743
2019-11-12,2825,2850,2800,2810,730
2019-11-13,2850,2850,2850,2850,175
2019-11-14,2855,2855,2810,2810,114
2019-11-18,2810,2810,2810,2810,10
2019-11-19,2800,2800,2800,2800,74
2019-11-20,2800,2800,2800,2800,260
2019-11-21,2800,2810,2800,2800,63
2019-11-22,2700,2700,2700,2700,302
2019-11-25,2785,2785,2785,2785,10
2019-11-26,2785,2785,2780,2780,125
2019-11-27,2785,2785,2700,2700,236
2019-11-28,2700,2700,2700,2700,337
2019-11-29,2800,2850,2800,2850,1000
2019-12-02,2850,2850,2700,2700,1322
2019-12-03,2700,2700,2695,2700,1928
2019-12-04,2700,2700,2700,2700,354
2019-12-05,2700,2700,2670,2700,137
2019-12-06,2700,2700,2600,2600,6961
2019-12-09,2600,2600,2600,2600,3222
2019-12-10,2655,2700,2655,2700,2341
2019-12-11,2700,2700,2700,2700,1629
2019-12-12,2750,2800,2750,2800,302
2019-12-13,2895,2895,2755,2755,1910
2019-12-16,2755,2755,2755,2755,101
2019-12-17,2755,2890,2755,2890,1035
2019-12-18,2850,2890,2805,2890,128
2019-12-19,2895,2900,2895,2895,159
2019-12-20,2895,2895,2810,2810,5043
2019-12-23,2810,2810,2800,2800,190
2019-12-24,2795,2795,2795,2795,127
2019-12-26,2795,2795,2750,2795,941
2019-12-27,2795,2800,2795,2795,814
2019-12-30,2795,2800,2700,2800,22413
2019-12-31,2800,2800,2800,2800,5
2020-01-02,2700,2700,2685,2685,465
2020-01-03,2700,2700,2695,2695,180
2020-01-06,2685,2700,2685,2700,5980
2020-01-07,2705,2705,2700,2700,833
2020-01-08,2750,2750,2700,2700,300
2020-01-09,2705,2800,2700,2800,1703
2020-01-10,2800,2800,2705,2705,269
2020-01-13,2705,2800,2705,2800,337
2020-01-14,2790,2790,2790,2790,252
2020-01-15,2705,2800,2705,2800,639
2020-01-16,3000,3000,3000,3000,142
2020-01-17,3000,3000,2995,2995,35
2020-01-20,2995,3000,2995,3000,522
2020-01-21,3000,3005,2995,3000,1251
2020-01-22,3200,3200,3000,3000,265
2020-01-23,3000,3000,3000,3000,1135
2020-01-24,3000,3100,3000,3100,391
2020-01-27,3100,3100,3100,3100,4183
2020-01-28,3100,3195,3100,3195,1788
2020-01-29,3255,3255,3200,3200,141
2020-01-30,3195,3200,3195,3200,40
2020-01-31,3200,3200,3200,3200,347
2020-02-03,3205,3210,3205,3205,47
2020-02-04,3210,3215,3210,3215,33
2020-02-06,3225,3225,3210,3210,440
2020-02-07,3215,3215,3215,3215,5
2020-02-10,3210,3210,3200,3205,334
2020-02-11,3200,3215,3200,3215,251
2020-02-12,3000,3000,3000,3000,587
2020-02-13,2820,2820,2820,2820,78
2020-02-14,2985,2985,2985,2985,10
2020-02-18,3195,3195,2985,2985,30
2020-02-19,2985,2985,2985,2985,12
2020-02-20,2985,2985,2980,2980,57
2020-02-24,2985,2985,2800,2800,84
2020-02-25,2985,2985,2980,2980,35
2020-02-26,2900,2900,2900,2900,90
2020-02-27,3000,3000,2800,2800,109
2020-02-28,2800,3000,2800,2800,769
2020-03-02,2905,2905,2905,2905,6
2020-03-03,2900,2900,2800,2800,1840
2020-03-04,2750,2800,2750,2800,139
2020-03-05,2800,2800,2790,2790,95
2020-03-06,2755,2785,2700,2700,1097
2020-03-09,2700,2705,2700,2700,1127
2020-03-10,2750,2750,2750,2750,40
2020-03-11,2800,2800,2760,2800,359
2020-03-12,2800,2800,2795,2800,639
2020-03-13,2800,2800,2800,2800,110
2020-03-16,2755,2800,2755,2800,999
2020-03-17,2800,2800,2800,2800,102
2020-03-18,2800,2800,2800,2800,70
2020-03-19,2800,2800,2775,2800,644
2020-03-20,2800,2800,2800,2800,733
2020-03-23,2800,2800,2800,2800,211
2020-03-24,2800,2810,2755,2755,7922
2020-03-25,2800,2800,2800,2800,20
2020-03-26,2800,3000,2800,3000,433
2020-03-27,3000,3000,2950,2950,212
2020-03-30,2940,2940,2850,2850,123
2020-03-31,2840,2840,2755,2755,70
2020-04-01,2755,2840,2755,2755,502
2020-04-02,2790,2790,2790,2790,89
2020-04-03,2790,2790,2750,2790,812
2020-04-06,2785,2800,2785,2800,851
2020-04-07,2990,2990,2650,2650,202
2020-04-08,2650,2800,2650,2800,110
2020-04-09,2795,2795,2795,2795,157
2020-04-10,2790,2790,2790,2790,1578
2020-04-14,2795,2930,2775,2930,14169
2020-04-16,2800,2850,2800,2850,1690
2020-04-20,2870,2870,2800,2800,172
2020-04-21,2900,2900,2900,2900,2
2020-04-22,2800,2800,2790,2800,1390
2020-04-23,2800,2800,2800,2800,50
2020-04-24,2800,2800,2800,2800,257
2020-04-28,2800,2800,2800,2800,27
2020-04-29,2800,2800,2750,2750,199
2020-05-05,2800,2800,2800,2800,20
2020-05-06,2800,3010,2800,3000,1062
2020-05-07,3000,3000,2975,2975,160
2020-05-08,2755,2950,2755,2950,298
2020-05-11,2950,2950,2750,2750,375
2020-05-12,2705,2950,2705,2750,970
2020-05-13,2755,2950,2700,2950,989
2020-05-14,2900,2950,2900,2950,72
2020-05-15,2950,2950,2950,2950,15
2020-05-22,2900,2950,2750,2950,305
2020-05-25,2950,2950,2945,2945,20
2020-05-26,2945,2945,2945,2945,10
2020-05-27,2945,2945,2945,2945,388
2020-05-28,2900,2945,2900,2945,128
2020-05-29,2945,2945,2945,2945,4
2020-06-02,2945,2945,2800,2800,225
2020-06-03,2950,2950,2945,2945,530
2020-06-04,2850,2945,2850,2945,72
2020-06-05,2945,3000,2945,3000,882
2020-06-08,3000,3000,2855,2855,2025
2020-06-09,3000,3000,3000,3000,200
2020-06-10,2995,3000,2995,3000,55
2020-06-11,3000,3000,2995,3000,263
2020-06-12,3000,3000,2850,2850,2074
2020-06-15,2900,2900,2900,2900,5
2020-06-16,2900,2900,2850,2850,484
2020-06-17,2850,2900,2850,2850,2565
2020-06-18,2850,2850,2850,2850,9223
2020-06-19,2850,2850,2850,2850,866
2020-06-22,3050,3050,3050,3050,1000
2020-06-23,3040,3040,3040,3040,50
2020-06-24,3040,3050,3000,3000,92
2020-06-25,2995,3000,2995,3000,40
2020-06-29,3050,3200,3000,3200,640
2020-06-30,3100,3400,3100,3395,1259
2020-07-01,3395,3400,3395,3400,367
2020-07-02,3300,3300,3150,3150,31
2020-07-03,3110,3145,3000,3145,429
2020-07-06,3000,3000,3000,3000,622
2020-07-07,2995,3000,2995,3000,50
2020-07-08,3000,3000,3000,3000,15
2020-07-09,2900,3200,2850,3200,4198
2020-07-10,3200,3200,3200,3200,37
2020-07-13,3200,3200,3000,3000,810
2020-07-14,3000,3000,2900,2900,844
2020-07-15,2900,2900,2900,2900,293
2020-07-16,2900,2900,2900,2900,214
2020-07-17,2900,2900,2900,2900,610
2020-07-20,2850,2900,2825,2900,208
2020-07-21,2900,2900,2900,2900,93
2020-07-22,2900,2900,2900,2900,133
2020-07-23,2860,2900,2850,2900,220
2020-07-24,2900,3000,2900,3000,130
2020-07-27,3000,3000,3000,3000,139
2020-07-29,3000,3000,2900,2900,34
2020-08-03,2995,2995,2995,2995,177
2020-08-04,2950,2950,2900,2900,216
2020-08-05,2900,2900,2900,2900,152
2020-08-10,2900,2900,2835,2835,611
2020-08-11,2850,2850,2850,2850,6
2020-08-12,2855,2855,2650,2650,1760
2020-08-13,2700,2800,2650,2800,3507
2020-08-14,2800,2800,2800,2800,39
2020-08-17,2800,2800,2750,2750,1034
2020-08-18,2955,2955,2700,2700,1012
2020-08-19,2710,2710,2675,2700,660
2020-08-20,2900,2900,2900,2900,1
2020-08-21,2900,2900,2850,2850,36
2020-08-24,2850,2850,2850,2850,5
2020-08-25,2840,2840,2840,2840,237
2020-08-26,2840,2850,2800,2800,418
2020-08-27,2850,2850,2800,2800,4641
2020-08-28,2800,2800,2700,2800,2268
2020-08-31,2800,3010,2800,3010,181
2020-09-01,2800,2800,2800,2800,35
2020-09-02,2810,2840,2800,2840,712
2020-09-03,2840,2840,2750,2840,1172
2020-09-04,2840,2840,2800,2800,230
2020-09-07,2840,2840,2600,2600,1845
2020-09-08,2605,2795,2600,2795,1901
2020-09-09,2840,2840,2825,2840,1115
2020-09-10,2840,2840,2800,2840,78656
2020-09-11,2990,3000,2990,3000,906
2020-09-14,3100,3100,3100,3100,113
2020-09-15,3100,3100,3000,3095,181
2020-09-16,3000,3000,2980,2980,142
2020-09-17,3000,3000,2840,2840,540
2020-09-18,2840,2950,2840,2950,80
2020-09-21,3000,3000,3000,3000,81
2020-09-22,2935,2940,2895,2940,5682
2020-09-23,2455,2455,2455,2455,47
2020-09-24,2300,2635,2300,2635,78
2020-09-25,2695,2830,2695,2830,4055
2020-09-28,2830,2830,2800,2800,62
2020-09-29,2795,2900,2590,2895,1778
2020-09-30,2800,2800,2795,2795,41
2020-10-01,2795,2795,2790,2790,78
2020-10-02,2750,2780,2600,2600,62
2020-10-05,2700,2790,2700,2790,251
2020-10-06,2690,2690,2600,2600,275
2020-10-07,2790,2790,2790,2790,5
2020-10-09,2780,2780,2780,2780,51
2020-10-12,2780,2780,2780,2780,8
2020-10-13,2780,2780,2780,2780,10
2020-10-14,2750,2750,2655,2700,277
2020-10-15,2655,2695,2600,2695,122
2020-10-16,2695,2775,2650,2775,460
2020-10-19,2770,2770,2770,2770,10
2020-10-20,2775,2780,2775,2780,100
2020-10-21,2700,2700,2700,2700,59
2020-10-22,2700,2700,2700,2700,27
2020-10-23,2700,2700,2600,2700,704
2020-10-26,2700,2700,2700,2700,1429
2020-10-27,2700,2700,2700,2700,15
2020-10-28,2700,2700,2500,2700,8865
2020-10-30,2700,2700,2700,2700,6298
2020-11-02,2700,2700,2700,2700,275
2020-11-03,2700,2700,2690,2700,26
2020-11-04,2790,2790,2700,2785,2702
2020-11-05,2785,2790,2785,2790,430
2020-11-06,2840,2840,2840,2840,300
2020-11-09,2835,2835,2835,2835,1
2020-11-10,2825,2825,2700,2700,697
2020-11-11,2705,2705,2700,2700,280
2020-11-12,2700,2700,2550,2700,3308
2020-11-13,2705,2705,2600,2700,536
2020-11-17,2695,2695,2695,2695,58
2020-11-18,2695,2700,2695,2700,494
2020-11-19,2700,2700,2700,2700,20046
2020-11-20,2700,2700,2700,2700,435
2020-11-23,2700,2700,2695,2700,1372
2020-11-24,2700,2900,2700,2850,1223
2020-11-25,2800,2850,2800,2800,1489
2020-11-26,2795,2800,2795,2800,850
2020-11-27,2700,2700,2675,2700,4961
2020-11-30,2700,2700,2700,2700,385
2020-12-01,2700,2700,2700,2700,12992
2020-12-02,2700,2700,2690,2690,5611
2020-12-03,2705,2705,2700,2700,2410
2020-12-04,2700,2700,2605,2700,342
2020-12-07,2700,2700,2680,2680,1255
2020-12-08,2695,2700,2695,2700,2607
2020-12-09,2700,2700,2685,2700,2102
2020-12-10,2695,2700,2695,2700,831
2020-12-11,2700,2700,2675,2700,5759
2020-12-14,2700,2850,2700,2850,913
2020-12-15,2850,2995,2850,2995,1876
2020-12-16,2995,2995,2850,2995,255
2020-12-17,2995,2995,2850,2985,303
2020-12-18,2800,2800,2800,2800,505
2020-12-21,2985,2985,2900,2900,253
2020-12-22,2700,2900,2700,2900,511
2020-12-23,2900,2995,2710,2995,357
2020-12-24,2895,2895,2895,2895,15
2020-12-28,2895,2900,2800,2800,167
2020-12-29,3000,3000,2800,2800,15276
2020-12-30,2800,2950,2800,2945,143
2020-12-31,2990,2990,2990,2990,2000
2021-01-04,2900,2900,2800,2800,1040
2021-01-06,2800,2900,2750,2900,503
2021-01-07,2800,2900,2800,2800,2167
2021-01-08,2800,2800,2700,2800,7594
2021-01-11,2900,2900,2900,2900,360
2021-01-12,2890,2890,2890,2890,41
2021-01-13,2900,2900,2900,2900,60
2021-01-14,2900,2900,2890,2890,952
2021-01-15,2800,2885,2800,2885,150
2021-01-18,2885,2885,2830,2830,51
2021-01-19,2875,2885,2875,2885,492
2021-01-20,2880,2980,2850,2980,922
2021-01-21,2975,2975,2900,2900,21
2021-01-22,2900,2975,2900,2975,61
2021-01-25,2975,2975,2975,2975,223
2021-01-26,2975,2990,2950,2990,1283
2021-01-27,2985,2995,2975,2995,1222
2021-01-28,2995,3000,2990,2990,416
2021-01-29,2980,3000,2905,3000,874
2021-02-01,3000,3000,3000,3000,335
2021-02-02,3085,3085,3000,3000,32
2021-02-03,3000,3000,3000,3000,627
2021-02-04,2900,2995,2900,2995,99
2021-02-05,2900,2990,2900,2990,60
2021-02-08,2990,2990,2990,2990,50
2021-02-09,2990,2995,2900,2900,100
2021-02-10,2995,2995,2990,2990,5
2021-02-11,2990,2990,2990,2990,21
2021-02-12,2995,2995,2950,2995,164
2021-02-15,2995,2995,2995,2995,95
2021-02-16,2995,3000,2950,3000,666
2021-02-17,2950,2995,2950,2995,205
2021-02-18,2995,3000,2995,3000,1097
2021-02-19,3000,3000,2995,2995,1220
2021-02-22,3000,3050,2995,3050,5410
2021-02-23,3000,3050,3000,3050,54
2021-02-24,3050,3050,3050,3050,55
2021-02-25,3050,3075,2920,3075,20550
2021-02-26,3075,3150,3075,3150,670
2021-03-01,3200,3200,3150,3150,99
2021-03-02,3005,3150,3005,3150,425
2021-03-03,3145,3145,3090,3100,175
2021-03-04,3105,3105,3100,3100,78
2021-03-05,3150,3150,3000,3000,375
2021-03-09,3050,3140,3000,3140,1959
2021-03-10,3140,3140,3000,3140,1318
2021-03-11,3100,3145,3015,3145,470
2021-03-12,3150,3150,3000,3145,13752
2021-03-15,3145,3145,3145,3145,76
2021-03-16,3145,3150,3145,3150,617
2021-03-17,3145,3145,3145,3145,272
2021-03-18,3150,3150,3140,3150,263
2021-03-19,3140,3140,3100,3100,431
2021-03-22,3150,3150,3130,3150,629
2021-03-23,3135,3150,3100,3145,2825
2021-03-24,3145,3150,3145,3150,188
2021-03-25,3145,3150,3050,3050,713
2021-03-26,3140,3175,3140,3175,8209
2021-03-29,3000,3350,3000,3300,552
2021-03-30,3300,3400,3300,3400,1740
2021-03-31,3350,3650,3350,3650,9067
2021-04-01,3460,3460,3400,3400,284
2021-04-02,3400,3400,3200,3400,715
2021-04-06,3400,3400,3220,3220,67
2021-04-07,3295,3400,3295,3400,2134
2021-04-08,3400,3500,3400,3400,1536
2021-04-09,3400,3500,3400,3495,850
2021-04-12,3300,3300,3235,3235,365
2021-04-13,3235,3395,3200,3395,267
2021-04-14,3400,3400,3300,3300,141
2021-04-15,3395,3400,3395,3400,454
2021-04-16,3400,3400,3300,3395,86
2021-04-19,3390,3400,3390,3395,48
2021-04-20,3400,3500,3310,3445,1859
2021-04-21,3300,3445,3300,3445,1821
2021-04-22,3435,3440,3300,3440,1879
2021-04-23,3400,3450,3200,3440,3110
2021-04-26,3440,3450,3400,3450,462
2021-04-28,3220,3400,3220,3395,355
2021-04-29,3395,3400,3380,3395,261
2021-04-30,3395,3400,3395,3400,200
2021-05-03,3400,3400,3200,3300,551
2021-05-04,3300,3300,3300,3300,352
2021-05-05,3300,3300,3300,3300,581
2021-05-06,3300,3300,3250,3250,149
2021-05-07,3300,3300,3200,3300,4931
2021-05-10,3250,3250,3250,3250,113
2021-05-11,3250,3345,3040,3250,3229
2021-05-14,3300,3300,3225,3300,131
2021-05-17,3300,3300,3200,3300,1145
2021-05-18,3300,3390,3300,3300,7168
2021-05-19,3300,3450,3300,3300,269
2021-05-20,3300,3300,3200,3200,325
2021-05-21,3440,3440,3300,3300,1155
2021-05-25,3440,3440,3440,3440,97
2021-05-26,3435,3600,3300,3600,1631
2021-05-27,3605,3640,3600,3640,715
2021-05-28,3640,3900,3640,3900,495
2021-05-31,3890,4100,3890,4100,2000
2021-06-01,4005,4005,4005,4005,50
2021-06-02,3990,3990,3900,3900,121
2021-06-03,3895,3900,3750,3900,3301
2021-06-04,3750,3900,3750,3900,113
2021-06-07,3895,3900,3895,3900,1418
2021-06-08,3850,3900,3850,3900,2530
2021-06-09,3900,3900,3900,3900,27
2021-06-10,3900,3950,3850,3950,8590
2021-06-11,3900,3945,3900,3945,85
2021-06-14,3935,3950,3935,3950,276
2021-06-15,3945,3945,3945,3945,61
2021-06-16,3940,3940,3940,3940,18
2021-06-17,3940,3940,3930,3940,417
2021-06-18,3940,4100,3940,4100,4828
2021-06-21,4100,4100,3950,4100,157
2021-06-22,4055,4300,4055,4300,754
2021-06-23,4300,4300,4295,4300,911
2021-06-24,4290,4290,4290,4290,7
2021-06-25,4245,4245,4245,4245,10
2021-06-28,4245,4245,3950,4100,116
2021-06-29,4230,4400,4230,4400,3520
2021-06-30,4400,4500,4400,4500,762
2021-07-01,4500,4500,4500,4500,236
2021-07-02,4495,4500,4450,4450,122
2021-07-05,4450,4450,4300,4450,202
2021-07-06,4300,4450,4300,4445,310
2021-07-07,4300,4300,4230,4230,2980
2021-07-08,4220,4400,3955,4195,156
2021-07-09,4100,4100,4100,4100,75073
2021-07-12,4100,4100,3900,3950,72384
2021-07-13,3950,3950,3710,3710,702
2021-07-14,3500,3980,3500,3875,4106
2021-07-15,3650,3650,3585,3625,3402
2021-07-16,3585,3875,3585,3875,7405
2021-07-19,3875,4165,3875,4100,59
2021-07-21,4150,4190,4000,4190,112
2021-07-22,4190,4250,4100,4195,1969
2021-07-23,3900,4145,3900,4145,1550
2021-07-26,4445,4455,4445,4455,813
2021-07-27,4465,4465,4300,4300,13232
2021-07-28,4300,4300,4000,4000,5448
2021-07-29,3995,4300,3700,4300,49196
2021-07-30,4300,4605,4300,4605,3222
2021-08-02,4300,4700,4300,4695,2605
2021-08-03,4600,4600,4595,4595,141
2021-08-04,4305,4500,4305,4500,376
2021-08-05,4500,4500,4480,4480,182
2021-08-06,4400,4475,4300,4350,1941
2021-08-09,4300,4495,4300,4495,1259
2021-08-10,4495,4495,4495,4495,467
2021-08-11,4495,4495,4350,4495,224
2021-08-12,4495,4495,4495,4495,340
2021-08-13,4495,4500,4495,4500,637
2021-08-16,4495,4500,4495,4500,524
2021-08-17,4500,4500,4480,4500,220
2021-08-18,4480,4480,4480,4480,507
2021-08-19,4495,4500,4450,4450,221
2021-08-20,4480,4500,4450,4450,1227
2021-08-23,4500,4500,4500,4500,352
2021-08-24,4500,4500,4300,4300,3379
2021-08-25,4300,4400,4300,4400,595
2021-08-26,4400,4400,4400,4400,22
2021-08-27,4350,4350,4350,4350,544
2021-08-30,4300,4400,4300,4400,314
2021-08-31,4355,4400,4350,4400,88
2021-09-01,4350,4395,4350,4395,515
2021-09-02,4400,4400,4300,4300,22
2021-09-03,4300,4300,4300,4300,22
2021-09-06,4300,4375,4300,4300,5278
2021-09-07,4000,4300,4000,4300,526
2021-09-08,4500,4500,4200,4200,1182
2021-09-09,4205,4500,4205,4500,35
2021-09-10,4495,4495,4200,4200,50
2021-09-13,4200,4200,4200,4200,93
2021-09-14,4200,4300,4200,4200,885
2021-09-15,4250,4250,4200,4200,5289
2021-09-16,4300,4300,4300,4300,150
2021-09-17,4200,4200,4200,4200,530
2021-09-20,4250,4500,4200,4200,3114
2021-09-21,4250,4250,4150,4200,8331
2021-09-22,4200,4200,4200,4200,511
2021-09-23,4205,4205,4200,4200,170
2021-09-24,4300,4300,4195,4200,3437
2021-09-27,4200,4250,4200,4250,1649
2021-09-28,4400,4400,4205,4205,58
2021-09-29,4010,4325,4010,4320,92
2021-09-30,4325,4325,4200,4200,4767
2021-10-01,4210,4400,4190,4400,191
2021-10-04,4400,4495,4200,4495,44074
2021-10-05,4495,4500,4495,4495,53
2021-10-06,4400,4400,4395,4395,67
2021-10-07,4395,4400,4305,4400,368
2021-10-08,4400,4400,4400,4400,284
2021-10-11,4495,4500,4495,4500,1650
2021-10-12,4500,4500,4450,4500,78
2021-10-13,4450,4500,4450,4500,543
2021-10-14,4500,4500,4450,4500,785
2021-10-15,4495,4495,4495,4495,59
2021-10-19,4495,4495,4450,4450,55
2021-10-20,4450,4500,4450,4500,4530
2021-10-21,4500,4500,4400,4500,1229
2021-10-22,4500,4500,4500,4500,3976
2021-10-25,4165,4500,4165,4500,3262
2021-10-26,4185,4500,4185,4500,51
2021-10-27,4165,4495,4165,4495,1402
2021-10-28,4490,4600,4175,4175,891
2021-10-29,4485,4485,4175,4175,2350
2021-11-03,4395,4480,4395,4480,291
2021-11-04,4450,4450,4450,4450,203
2021-11-05,4500,4500,4500,4500,76
2021-11-08,4450,4590,4450,4450,418
2021-11-09,4450,4450,4445,4445,70
2021-11-10,4400,4400,4200,4395,580
2021-11-11,4450,4450,4450,4450,179
2021-11-12,4450,4450,4450,4450,25
2021-11-16,4450,4450,4450,4450,75
2021-11-17,4500,4500,4450,4450,10
2021-11-18,4495,4495,4495,4495,100
2021-11-19,4200,4200,4200,4200,2122
2021-11-22,4200,4200,4185,4200,115
2021-11-23,4200,4495,4200,4200,1107
2021-11-24,4250,4400,4190,4400,401
2021-11-25,4180,4495,4180,4400,53
2021-11-26,4200,4200,4200,4200,34
2021-11-29,4350,4400,4350,4400,13
2021-11-30,4495,4590,4105,4590,529
2021-12-01,4500,4500,4500,4500,102
2021-12-02,4205,4500,4205,4500,224
2021-12-03,4205,4300,4205,4300,105
2021-12-06,4300,4490,4200,4490,134
2021-12-07,4490,4500,4300,4300,4030
2021-12-08,4200,4555,4200,4200,242
2021-12-09,4450,4450,4450,4450,78
2021-12-10,4350,4350,4350,4350,40
2021-12-13,4350,4350,4200,4200,516
2021-12-14,4200,4400,4150,4370,80
2021-12-15,4370,4370,4350,4370,163
2021-12-16,4300,4400,4200,4400,53
2021-12-17,4400,4440,4400,4440,11
2021-12-20,4400,4440,4400,4440,106
2021-12-21,4450,4450,4440,4450,77
2021-12-22,4445,4450,4445,4450,97
2021-12-23,4450,4450,4400,4450,85
2021-12-24,4450,4550,4450,4550,261
2021-12-27,4500,4500,4500,4500,32
2021-12-28,4400,4500,4400,4500,141
2021-12-29,4200,4250,4200,4250,123
2021-12-30,4210,4395,4200,4385,397
2021-12-31,4200,4295,4200,4295,827
2022-01-03,4500,4500,4500,4500,65
2022-01-04,4450,4450,4430,4450,45
2022-01-05,4440,4440,4440,4440,2
2022-01-06,4400,4400,4350,4350,144
2022-01-07,4200,4350,4180,4350,235
2022-01-10,4325,4350,4325,4350,85
2022-01-11,4350,4350,4350,4350,45
2022-01-12,4350,4400,4350,4400,394
2022-01-13,4350,4400,4350,4400,54
2022-01-14,4465,4485,4465,4485,155
2022-01-17,4480,4485,4400,4480,198
2022-01-18,4400,4485,4400,4450,104
2022-01-19,4450,4495,4450,4495,122
2022-01-20,4450,4450,4450,4450,405
2022-01-21,4450,4450,4450,4450,1
2022-01-24,4450,4450,4355,4450,210
2022-01-25,4450,4450,4200,4450,515
2022-01-26,4400,4400,4400,4400,46
2022-01-27,4200,4400,4200,4400,233
2022-01-28,4400,4400,4070,4400,4549
2022-01-31,4400,4400,4200,4400,143
2022-02-01,4275,4275,4275,4275,40
2022-02-02,4275,4300,4275,4300,70
2022-02-03,4300,4400,4300,4300,1829
2022-02-04,4300,4400,4300,4400,107
2022-02-07,4400,4445,4400,4400,2056
2022-02-08,4400,4400,4345,4345,3520
2022-02-09,4150,4450,4075,4450,2691
2022-02-10,4450,4450,4300,4450,277
2022-02-11,4440,4450,4300,4400,618
2022-02-14,4400,4400,4400,4400,1141
2022-02-15,4325,4325,4085,4300,632
2022-02-16,4325,4325,4300,4325,231
2022-02-17,4350,4400,4080,4240,831
2022-02-18,4240,4240,4005,4100,3775
2022-02-21,4100,4100,4005,4050,12603
2022-02-22,4100,4100,3750,3750,7468
2022-02-23,3750,4030,3750,4030,1285
2022-02-24,4050,4100,4030,4030,4618
2022-02-25,4095,4100,4030,4095,1674
2022-02-28,4100,4275,4100,4100,7856
2022-03-01,4100,4275,4100,4275,1569
2022-03-02,4250,4385,4250,4385,330
2022-03-03,4380,4380,4380,4380,89
2022-03-04,4385,4395,4300,4350,253
2022-03-07,4350,4350,4280,4340,705
2022-03-08,4325,4325,4325,4325,634
2022-03-09,4330,4440,4330,4435,557
2022-03-10,4405,4450,4300,4300,1466
2022-03-11,4300,4300,4250,4300,10306
2022-03-14,4300,4300,4300,4300,605
2022-03-15,4300,4300,4250,4300,2375
2022-03-16,4255,4300,4255,4300,11492
2022-03-18,4300,4300,4300,4300,863
2022-03-21,4350,4450,4350,4450,136
2022-03-22,4445,4450,4350,4350,202
2022-03-23,4350,4355,4350,4355,209
2022-03-24,4445,4445,4445,4445,4
2022-03-25,4440,4440,4440,4440,141
2022-03-28,4440,4440,4440,4440,304
2022-03-29,4400,4440,4400,4440,203
2022-03-30,4390,4390,4355,4355,228
2022-03-31,4355,4495,4355,4495,216
2022-04-01,4375,4495,4375,4400,398
2022-04-04,4400,4400,4350,4350,690
2022-04-05,4300,4400,4300,4400,251
2022-04-06,4400,4450,4350,4350,1307
2022-04-07,4400,4400,4400,4400,44
2022-04-08,4400,4400,4300,4400,67
2022-04-11,4400,4400,4300,4300,76
2022-04-12,4400,4400,4400,4400,60
2022-04-13,4400,4450,4400,4450,78
2022-04-14,4450,4490,4305,4355,79
2022-04-19,4455,4455,4400,4450,455
2022-04-20,4455,4455,4300,4450,147
2022-04-21,4485,4485,4450,4480,246
2022-04-22,4485,4485,4480,4480,59
2022-04-25,4485,4485,4400,4400,735
2022-04-26,4300,4300,4255,4255,133
2022-04-27,4490,4550,4490,4550,24200
2022-04-29,4890,4890,4500,4885,1075
2022-05-03,4885,4885,4700,4700,170
2022-05-04,4550,4795,4550,4600,502
2022-05-05,4600,4885,4600,4880,2448
2022-05-06,4880,4885,4555,4880,173
2022-05-09,4880,4880,4870,4870,47
2022-05-10,4850,4855,4850,4855,151
2022-05-11,4870,4885,4800,4870,592
2022-05-12,4885,4885,4875,4875,148
2022-05-13,4885,4885,4800,4800,1070
2022-05-16,4795,4800,4750,4795,381
2022-05-17,4795,4795,4555,4750,2546
2022-05-18,4740,4850,4560,4850,5944
2022-05-19,4850,4870,4555,4555,513
2022-05-20,4600,4885,4555,4875,1013
2022-05-23,4800,4890,4555,4890,420
2022-05-24,4890,4890,4680,4680,138
2022-05-25,4890,4890,4890,4890,316
2022-05-27,4890,4890,4800,4800,335
2022-05-30,4885,5160,4800,5160,503
2022-05-31,5000,5160,5000,5160,153
2022-06-01,5160,5400,4800,5400,5618
2022-06-02,5400,5400,5400,5400,96
2022-06-03,5400,5400,5175,5400,271
2022-06-07,5400,5400,5300,5300,131
2022-06-08,5300,5300,5250,5300,117
2022-06-09,5300,5300,4905,5200,214
2022-06-10,5200,5200,5200,5200,55
2022-06-13,5200,5375,5200,5375,135
2022-06-14,5370,5370,5300,5370,241
2022-06-15,5350,5350,5350,5350,198
2022-06-16,5350,5350,5250,5350,136
2022-06-17,5350,5350,5350,5350,86
2022-06-20,5350,5350,5000,5350,332
2022-06-21,5005,5300,5005,5300,42
2022-06-22,5300,5300,5300,5300,476
2022-06-23,5300,5300,5300,5300,74
2022-06-24,5300,5300,5300,5300,144
2022-06-27,5300,5300,5270,5300,3425
2022-06-28,5250,5250,5000,5000,961
2022-06-29,5000,5260,4850,5260,923
2022-06-30,5260,5260,5260,5260,78
2022-07-01,5260,5260,5000,5000,392
2022-07-04,5260,5260,4980,4980,653
2022-07-05,4980,5350,4980,5300,2917
2022-07-06,5200,5300,5200,5300,286
2022-07-07,5300,5300,5005,5300,120
2022-07-08,5300,5300,5295,5295,60
2022-07-11,5295,5295,5200,5295,93
2022-07-12,5300,5300,5100,5100,230
2022-07-13,5150,5150,5150,5150,20
2022-07-14,5300,5300,5000,5155,2098
2022-07-15,5155,5155,5000,5150,270
2022-07-18,5150,5150,5100,5150,60
2022-07-19,5150,5150,5150,5150,15
2022-07-20,5150,5150,5100,5100,109
2022-07-21,5150,5150,5100,5150,166
2022-07-22,5100,5150,5100,5150,130
2022-07-25,5150,5150,5100,5150,53
2022-07-26,5150,5150,5100,5145,1086
2022-07-27,5150,5300,5150,5150,9080
2022-07-28,5150,5150,5150,5150,9
2022-07-29,5005,5200,5005,5200,150
2022-08-01,5200,5200,5200,5200,135
2022-08-02,5200,5300,5200,5300,263
2022-08-03,5300,5300,5130,5200,778
2022-08-04,5200,5200,5200,5200,161
2022-08-05,5200,5200,5105,5200,282
2022-08-09,5200,5200,5000,5200,152
2022-08-10,5200,5200,5195,5195,41
2022-08-11,5200,5300,5195,5300,360
2022-08-12,5200,5350,5200,5350,177
2022-08-16,5295,5295,5295,5295,15
2022-08-17,5250,5250,5010,5010,345
2022-08-18,5190,5190,5190,5190,20
2022-08-19,5190,5190,5015,5190,279
2022-08-22,5190,5190,5010,5190,2312
2022-08-23,5190,5190,5190,5190,40
2022-08-24,5190,5190,5015,5190,1284
2022-08-25,5185,5195,5185,5195,2458
2022-08-26,5195,5195,5065,5195,1591
2022-08-29,5190,5195,5190,5195,25
2022-08-30,5190,5195,5100,5195,3026
2022-08-31,5190,5490,5175,5490,12615
2022-09-01,5500,5500,5190,5450,45
2022-09-02,5450,5450,5400,5400,127
2022-09-05,5400,5400,5400,5400,184
2022-09-06,5405,5405,5300,5400,1027
2022-09-07,5200,5400,5200,5400,3394
2022-09-08,5395,5495,5200,5400,616
2022-09-09,5400,5450,5200,5450,117
2022-09-12,5205,5400,5205,5400,60
2022-09-13,5200,5400,5200,5400,190
2022-09-14,5400,5500,5400,5500,131
2022-09-15,5400,5400,5400,5400,207
2022-09-16,5400,5500,5250,5500,224
2022-09-19,5300,5700,5300,5700,150
2022-09-20,5690,5700,5350,5350,2414
2022-09-21,5350,5400,5350,5400,58
2022-09-22,5350,5500,5305,5500,1418
2022-09-23,5400,5400,5305,5395,1048
2022-09-26,5305,5350,5305,5350,206
2022-09-27,5350,5350,5350,5350,11
2022-09-28,5350,5350,5350,5350,54
2022-09-29,5350,5350,5300,5300,46
2022-09-30,5300,5500,5300,5500,1025
2022-10-03,5495,5500,5445,5445,25
2022-10-04,5210,5440,5200,5440,314
2022-10-05,5440,5440,5200,5440,106
2022-10-06,5210,5400,5200,5400,2502
2022-10-07,5400,5440,5325,5325,285
2022-10-10,5690,5690,5195,5200,2538
2022-10-11,5200,5200,5075,5075,4409
2022-10-12,5200,5200,5200,5200,95
2022-10-13,5590,5590,5200,5200,310
2022-10-14,5400,5400,5400,5400,6
2022-10-17,5400,5400,5100,5150,2854
2022-10-18,5150,5500,5150,5500,2491
2022-10-19,5155,5155,5150,5150,27
2022-10-20,5150,5400,4765,5100,40245
2022-10-21,5100,5235,5000,5200,353
2022-10-24,5200,5245,5000,5245,464
2022-10-25,5200,5245,5000,5245,210
2022-10-26,5245,5245,5170,5200,114
2022-10-27,5200,5200,5175,5200,18
2022-10-28,5195,5425,5195,5425,876
2022-10-31,5450,5450,5450,5450,9
2022-11-02,5430,5430,5300,5415,627
2022-11-03,5415,5415,5400,5400,35
2022-11-04,5400,5400,5200,5395,291
2022-11-07,5200,5300,5200,5300,340
2022-11-08,5300,5300,5005,5195,1370
2022-11-09,5200,5200,4995,4995,3237
2022-11-10,5000,5000,5000,5000,143
2022-11-11,5000,5000,4800,4800,201
2022-11-14,5000,5000,4800,4800,23
2022-11-16,4800,4800,4700,4700,282
2022-11-17,4700,4750,4700,4750,120
2022-11-18,4750,4750,4600,4750,321
2022-11-21,4750,4750,4700,4750,306
2022-11-22,4750,4750,4750,4750,856
2022-11-23,4750,4750,4750,4750,467
2022-11-24,4750,4750,4730,4730,186
2022-11-25,4520,4730,4520,4730,159
2022-11-28,4730,4730,4700,4700,809
2022-11-29,4700,4700,4530,4530,220
2022-11-30,4700,4700,4530,4530,615
2022-12-01,4700,4700,4650,4650,2228
2022-12-02,4530,4650,4530,4650,426
2022-12-05,4505,4650,4505,4650,50
2022-12-06,4600,4750,4600,4750,155
2022-12-07,4750,4750,4750,4750,1867
2022-12-08,4750,4750,4700,4700,35
2022-12-09,4750,5000,4750,5000,1126
2022-12-12,4800,5300,4800,5300,910
2022-12-13,5195,5195,5195,5195,103
2022-12-14,5195,5450,4915,5450,26045
2022-12-15,5450,5550,5450,5505,823
2022-12-16,5505,5505,5475,5475,33
2022-12-19,5450,5450,5350,5350,303
2022-12-20,5350,5545,5300,5545,291
2022-12-21,5400,5500,5400,5500,52
2022-12-22,5400,5480,5090,5480,583
2022-12-23,5450,5495,5440,5495,1216
2022-12-27,5475,5475,5100,5465,1584
2022-12-28,5475,5475,5100,5465,164
2022-12-29,5465,5465,5465,5465,8
2022-12-30,5465,5465,5300,5465,130
2023-01-02,5465,5465,5465,5465,51
2023-01-03,5400,5400,5400,5400,23
2023-01-04,5110,5400,5105,5400,56
2023-01-05,5110,5350,5110,5350,36
2023-01-06,5350,5350,5350,5350,98
2023-01-09,5300,5350,5300,5350,122
2023-01-10,5350,5350,5345,5350,90
2023-01-11,5110,5350,5100,5100,136
2023-01-12,5300,5300,5100,5100,1881
2023-01-13,5095,5295,5095,5100,1557
2023-01-16,5100,5100,4750,4750,142
2023-01-17,4755,5100,4755,5100,5040
2023-01-18,4990,5100,4990,4990,5835
2023-01-19,4990,4990,4990,4990,292
2023-01-20,4950,5295,4950,5295,1477
2023-01-23,5075,5075,5075,5075,2
2023-01-24,5075,5075,5000,5000,163
2023-01-25,5000,5075,4850,5075,346
2023-01-26,5000,5295,4950,5295,2140
2023-01-27,5070,5350,5070,5350,1406
2023-01-30,5325,5345,5325,5345,5
2023-01-31,5340,5340,5340,5340,16
2023-02-01,5340,5340,5000,5000,2110
2023-02-02,5000,5330,4950,5330,1829
2023-02-03,5320,5320,5000,5320,16
2023-02-06,5345,5345,5000,5325,359
2023-02-07,5315,5315,5310,5315,58
2023-02-08,5320,5320,5295,5295,198
2023-02-09,5300,5300,5295,5300,249
2023-02-10,5300,5300,4955,5000,3495
2023-02-13,5300,5300,5005,5290,1070
2023-02-14,5305,5315,5290,5290,128
2023-02-15,5295,5295,5290,5290,110
2023-02-16,5200,5200,5000,5195,527
2023-02-17,5005,5350,5005,5350,1798
2023-02-20,5350,5350,5200,5200,554
2023-02-21,5295,5300,5200,5200,3665
2023-02-22,5200,5350,5200,5350,4743
2023-02-23,5200,5350,5200,5350,225
2023-02-24,5000,5300,4950,5300,16450
2023-02-27,5300,5300,4955,5000,251
2023-02-28,5200,5200,4900,5200,1835
2023-03-01,5200,5290,5200,5290,141
2023-03-02,5295,5350,5200,5200,221
2023-03-03,5000,5195,5000,5195,16
2023-03-06,5195,5350,5195,5350,70
2023-03-07,5350,5350,5195,5340,52
2023-03-08,5335,5350,5000,5350,2780
2023-03-09,5340,5350,5340,5350,387
2023-03-10,5330,5350,5330,5350,467
2023-03-13,5350,5350,5340,5340,222
2023-03-14,5340,5340,5325,5325,93
2023-03-15,5325,5325,5200,5200,368
2023-03-16,5200,5200,5200,5200,77
2023-03-17,5200,5300,5200,5300,875
2023-03-20,5150,5250,5150,5250,123
2023-03-21,5150,5250,5150,5250,261
2023-03-22,4910,5250,4900,5250,2877
2023-03-23,5250,5250,5100,5250,65
2023-03-24,5205,5245,5200,5245,425
2023-03-27,5245,5245,4855,5200,1256
2023-03-28,5195,5200,5195,5200,1246
2023-03-29,5240,5240,5235,5235,46
2023-03-30,5190,5235,5100,5235,346
2023-03-31,5200,5200,5100,5200,2338
2023-04-03,5100,5100,4950,4960,286
2023-04-04,4960,5000,4960,4960,161
2023-04-05,5000,5090,4960,5090,261
2023-04-06,5100,5200,5100,5200,331
2023-04-07,5100,5195,5100,5195,80
2023-04-11,5150,5195,5150,5195,157
2023-04-12,5150,5195,5100,5190,408
2023-04-13,5190,5195,5190,5195,37
2023-04-14,5195,5195,5190,5190,18
2023-04-17,5190,5190,5090,5190,45
2023-04-19,5175,5175,5170,5170,198
2023-04-20,5000,5170,5000,5150,140
2023-04-24,5145,5145,5145,5145,20
2023-04-25,5145,5150,4950,5150,512
2023-04-26,5150,5150,5100,5150,60
2023-04-27,4900,5150,4765,5150,1186
2023-04-28,5100,5100,4765,5090,275
2023-05-02,5090,5150,5050,5150,268
2023-05-04,5090,5150,4765,5150,420
2023-05-05,5150,5150,5100,5145,272
2023-05-08,5150,5150,4950,5125,588
2023-05-09,5000,5100,5000,5100,51
2023-05-10,5095,5095,5090,5095,237
2023-05-11,5000,5095,5000,5090,71
2023-05-12,5090,5090,5090,5090,4
2023-05-15,5090,5090,5090,5090,135
2023-05-16,5000,5090,5000,5090,230
2023-05-17,5090,5090,4850,4850,300
2023-05-19,5090,5090,4780,4780,1677
2023-05-22,5095,5095,4750,4800,238
2023-05-23,4810,5125,4800,5125,396
2023-05-24,5090,5125,4800,5125,892
2023-05-25,5125,5125,4785,5120,894
2023-05-26,5120,5120,5000,5000,2080
2023-05-30,5000,5000,4800,5000,174
2023-05-31,5000,5000,4950,5000,535
2023-06-01,5000,5000,4900,5000,201
2023-06-02,5000,5000,4950,4950,103
2023-06-05,4990,4995,4800,4990,449
2023-06-06,4895,4990,4895,4950,714
2023-06-07,4950,4950,4760,4950,490
2023-06-08,4950,4950,4950,4950,672
2023-06-09,4950,4950,4760,4950,527
2023-06-12,4925,4925,4900,4900,420
2023-06-13,4760,4900,4760,4895,34
2023-06-14,4805,4805,4785,4785,294
2023-06-15,4790,4795,4750,4795,1290
2023-06-16,4795,4800,4750,4800,2987
2023-06-19,4800,4800,4745,4800,1840
2023-06-20,4800,4800,4795,4795,735
2023-06-21,4795,4795,4745,4795,5441
2023-06-22,4800,4990,4790,4990,1406
2023-06-23,4795,4995,4795,4995,310
2023-06-26,4995,4995,4795,4795,1596
2023-06-27,4795,4795,4790,4790,1378
2023-06-29,4790,4990,4790,4990,906
2023-06-30,4760,4990,4760,4990,320
2023-07-03,4990,4990,4900,4990,358
2023-07-04,4990,4990,4950,4985,375
2023-07-05,4990,4990,4750,4985,36179
2023-07-06,4950,4975,4755,4975,297
2023-07-07,4975,4975,4950,4950,926
2023-07-10,4975,4975,4950,4950,1377
2023-07-11,4910,4950,4800,4800,1906
2023-07-12,4800,4950,4800,4950,766
2023-07-13,4900,4960,4900,4950,3491
2023-07-14,4950,4950,4950,4950,1418
2023-07-17,4950,4960,4950,4960,2302
2023-07-18,4975,4975,4800,4975,37185
2023-07-19,4975,4975,4970,4970,3860
2023-07-20,4965,4975,4750,4970,44565
2023-07-21,4970,5000,4970,4970,8216
2023-07-24,4960,4975,4750,4965,6753
2023-07-25,4965,5000,4965,5000,1635
2023-07-26,5000,5000,4970,5000,644
2023-07-27,5000,5000,5000,5000,581
2023-07-28,5000,5300,5000,5300,3099
2023-07-31,5005,5370,5005,5370,136
2023-08-01,5360,5360,5360,5360,5
2023-08-02,5300,5300,5150,5300,157
2023-08-03,5295,5300,5295,5300,67
2023-08-04,5285,5300,5170,5290,375
2023-08-08,5285,5300,5285,5290,336
2023-08-09,5290,5300,5000,5200,1394
2023-08-10,5200,5200,5105,5105,528
2023-08-11,5105,5115,5105,5115,502
2023-08-14,5200,5200,5200,5200,514
2023-08-16,5120,5200,5120,5200,202
2023-08-17,5150,5300,5150,5225,2247
2023-08-18,5225,5225,5200,5225,685
2023-08-21,5225,5225,5215,5225,1054
2023-08-22,5225,5250,5225,5250,928
2023-08-23,5250,5250,5250,5250,422
2023-08-24,5200,5250,5000,5000,7671
2023-08-25,5250,5250,5250,5250,1631
2023-08-28,5250,5260,5000,5000,18315
2023-08-29,5000,5250,5000,5100,9353
2023-08-30,5250,5250,5100,5100,963
2023-08-31,5250,5250,5000,5250,6064
2023-09-01,5250,5290,5100,5280,731
2023-09-04,5300,5300,5240,5300,786
2023-09-05,5300,5300,5300,5300,1777
2023-09-06,5305,5355,5300,5355,1848
2023-09-07,5360,5360,5300,5355,1181
2023-09-08,5355,5355,5300,5350,2371
2023-09-11,5355,5395,5300,5395,679
2023-09-12,5450,5450,5300,5300,8335
2023-09-13,5150,5150,4950,4950,4628
2023-09-14,4955,4955,4900,4940,1189
2023-09-15,4945,4945,4900,4900,1490
2023-09-18,4915,4915,4880,4900,1478
2023-09-19,4950,4950,4900,4900,640
2023-09-20,4900,4900,4890,4895,385
2023-09-21,4895,4895,4800,4800,4335
2023-09-22,4800,4800,4650,4700,8515
2023-09-25,4750,4895,4750,4895,2327
2023-09-26,4950,4995,4850,4850,335
2023-09-28,4800,4845,4700,4845,2673
2023-10-02,4845,4845,4845,4845,292
2023-10-03,4845,4845,4845,4845,2647
2023-10-04,4840,4840,4790,4800,2277
2023-10-05,4800,4800,4780,4800,1134
2023-10-06,4790,4800,4790,4800,438
2023-10-09,4800,4800,4660,4800,2071
2023-10-10,4900,4900,4760,4795,2135
2023-10-11,4795,4795,4700,4790,1041
2023-10-12,4790,4790,4655,4790,1361
2023-10-13,4780,4790,4705,4790,458
2023-10-16,4790,4790,4700,4790,1414
2023-10-17,4790,4790,4715,4790,558
2023-10-18,4790,4790,4790,4790,305
2023-10-19,4790,4790,4750,4790,493
2023-10-20,4790,4950,4750,4900,560
2023-10-23,4945,4945,4800,4800,489
2023-10-24,4795,4900,4795,4800,315
2023-10-25,4765,4765,4440,4500,22222
2023-10-26,4440,4600,4440,4550,1143
2023-10-27,4500,4550,4500,4545,979
2023-10-30,4510,4545,4505,4545,471
2023-10-31,4500,4550,4500,4500,904
2023-11-02,4500,4500,4450,4455,1486
2023-11-03,4455,4455,4125,4400,2823
2023-11-06,4445,4495,4445,4490,445
2023-11-07,4490,4490,4475,4475,667
2023-11-08,4475,4475,4400,4400,336
2023-11-09,4400,4400,4390,4400,408
2023-11-10,4400,4400,4390,4400,296
2023-11-13,4400,4400,4100,4395,682
2023-11-14,4395,4395,4300,4300,27
2023-11-16,4290,4350,4000,4300,8577
2023-11-17,4390,4500,4390,4500,1449
2023-11-20,4500,4500,4300,4500,368
2023-11-21,4485,4485,4395,4485,817
2023-11-22,4400,4500,4400,4500,3133
2023-11-23,4450,4500,4300,4300,459
2023-11-24,4315,4500,4010,4500,1969
2023-11-27,4450,4600,4450,4600,912
2023-11-28,4400,4945,4400,4945,1266
2023-11-29,4900,4900,4840,4880,42
2023-11-30,4835,4835,4515,4825,161
2023-12-01,4910,4910,4775,4800,663
2023-12-04,4800,4800,4600,4785,1195
2023-12-05,4750,4750,4750,4750,1581
2023-12-06,4500,4745,4425,4745,461
2023-12-07,4400,4745,4400,4745,792
2023-12-08,4745,4745,4500,4700,189
2023-12-11,4695,4695,4695,4695,373
2023-12-12,4695,4695,4500,4695,465
2023-12-13,4695,4695,4500,4695,299
2023-12-14,4695,4695,4400,4680,528
2023-12-15,4680,4680,4405,4680,102
2023-12-18,4650,4650,4330,4645,998
2023-12-19,4650,4650,4340,4620,121
2023-12-20,4600,4600,4525,4525,170
2023-12-21,4525,4550,4500,4525,134
2023-12-22,4525,4550,4525,4550,121
2023-12-26,4500,4550,4500,4545,484
2023-12-27,4550,4550,4500,4550,1277
2023-12-28,4450,4785,4405,4785,1577
2023-12-29,4725,4770,4720,4770,472
2024-01-02,4750,4750,4715,4715,32
2024-01-03,4710,4735,4500,4735,87
2024-01-04,4715,4735,4700,4700,52
2024-01-05,4700,4700,4700,4700,155
2024-01-08,4700,4715,4700,4700,278
2024-01-09,4700,4700,4700,4700,66
2024-01-10,4700,4700,4550,4550,421
2024-01-11,4550,4710,4550,4710,821
2024-01-12,4700,4700,4360,4360,579
2024-01-15,4500,4500,4365,4395,325
2024-01-16,4400,4400,4360,4400,803
2024-01-17,4400,4400,4360,4400,172
2024-01-18,4400,4400,4400,4400,192
2024-01-19,4400,4400,4360,4390,435
2024-01-22,4395,4395,4350,4390,97
2024-01-23,4390,4390,4350,4390,210
2024-01-24,4390,4390,4390,4390,80
2024-01-25,4390,4390,4365,4385,84
2024-01-26,4390,4390,4380,4380,138
2024-01-29,4305,4380,4305,4380,378
2024-01-30,4380,4390,4380,4390,359
2024-01-31,4380,4380,4380,4380,439
2024-02-01,4380,4400,4350,4400,551
2024-02-02,4400,4400,4380,4385,427
2024-02-05,4300,4350,4250,4350,823
2024-02-06,4350,4350,4255,4350,135
2024-02-07,4350,4350,4300,4320,117
2024-02-08,4320,4350,4300,4350,394
2024-02-09,4350,4350,4300,4350,248
2024-02-13,4350,4350,4200,4250,444
2024-02-14,4250,4250,4200,4250,298
2024-02-15,4240,4500,4100,4500,1365
2024-02-16,4250,4695,4250,4695,346
2024-02-19,4645,4650,4345,4645,215
2024-02-20,4645,4645,4300,4550,419
2024-02-21,4490,4635,4210,4635,1357
2024-02-22,4545,4635,4545,4635,400
2024-02-23,4640,4640,4600,4600,65
2024-02-26,4450,4500,4450,4500,203
2024-02-27,4500,4500,4400,4495,405
2024-02-28,4500,4500,4400,4495,878
2024-02-29,4470,4490,4300,4490,95
2024-03-01,4400,4490,4400,4490,53
2024-03-04,4490,4490,4485,4490,84
2024-03-05,4465,4465,4250,4300,288
2024-03-06,4300,4300,4250,4250,611
2024-03-07,4250,4300,4250,4300,108
2024-03-08,4300,4300,4250,4295,361
2024-03-11,4275,4490,4210,4485,787
2024-03-12,4490,4490,4450,4450,81
2024-03-13,4400,4450,4200,4395,266
2024-03-14,4395,4395,4395,4395,30
2024-03-15,4395,4395,4390,4390,49
2024-03-18,4395,4400,4300,4400,3509
2024-03-19,4395,4400,4395,4400,38
2024-03-20,4400,4400,4390,4395,342
2024-03-21,4395,4395,4100,4395,137
2024-03-22,4395,4395,4350,4350,179
2024-03-25,4350,4350,4120,4350,1694
2024-03-26,4395,4395,4350,4350,536
2024-03-27,4350,4495,4350,4495,706
2024-03-28,4495,4500,4495,4500,168
2024-03-29,4495,4500,4495,4500,26
2024-04-02,4500,4500,4350,4495,495
2024-04-03,4300,4495,4300,4490,178
2024-04-04,4425,4490,4200,4450,658
2024-04-05,4205,4450,4205,4205,194
2024-04-08,4450,4495,4450,4495,2323
2024-04-09,4490,4495,4400,4495,278
2024-04-11,4480,4480,4300,4480,114
2024-04-12,4300,4450,4250,4450,77
2024-04-15,4450,4450,4400,4450,4258
2024-04-16,4400,4400,4325,4400,328
2024-04-17,4400,4450,4400,4450,272
2024-04-18,4450,4450,4250,4445,475
2024-04-19,4445,4445,4400,4400,25
2024-04-22,4400,4400,4380,4390,20672
2024-04-23,4390,4445,4390,4445,795
2024-04-24,4380,4445,4255,4380,370
2024-04-25,4215,4380,4215,4380,383
2024-04-26,4380,4380,4210,4375,296
2024-04-29,4375,4375,4300,4375,291
2024-04-30,4375,4375,4370,4370,104
2024-05-02,4500,4695,4500,4695,3432
2024-05-03,4900,5000,4800,5000,2471
2024-05-06,5000,5000,4750,4985,453
2024-05-07,4755,4985,4755,4950,427
2024-05-08,4900,4930,4675,4930,5698
2024-05-10,4930,4950,4680,4790,761
2024-05-13,4790,4800,4780,4785,1484
2024-05-14,4785,4785,4700,4700,2821
2024-05-15,4695,4950,4680,4950,6132
2024-05-16,4950,4950,4940,4940,172
2024-05-17,5250,5250,4800,5145,2354
2024-05-21,5130,5130,4950,5000,287
2024-05-22,5000,5145,5000,5145,349
2024-05-23,5135,5145,5000,5145,131
2024-05-24,5010,5150,5010,5145,1014
2024-05-27,5145,5145,5125,5130,400
2024-05-28,5130,5130,5000,5130,743
2024-05-29,5130,5130,5000,5130,563
2024-05-30,5130,5140,5130,5130,637
2024-05-31,5130,5140,4960,5140,484
2024-06-03,5005,5140,5005,5140,417
2024-06-04,5100,5250,5100,5250,16294
2024-06-05,5250,5250,4995,5240,5924
2024-06-06,5250,5250,5240,5250,763
2024-06-07,5250,5250,4995,5240,8699
2024-06-10,4965,5250,4965,5250,287
2024-06-11,5240,5240,5200,5200,235
2024-06-12,5200,5200,5200,5200,140
2024-06-13,5200,5200,5140,5140,193
2024-06-14,5200,5200,5140,5200,237
2024-06-18,5200,5235,5100,5235,1211
2024-06-19,5200,5240,5000,5225,2564
2024-06-20,5240,5250,5200,5240,902
2024-06-21,5250,5340,5250,5340,1002
2024-06-24,5340,5340,5240,5340,186
2024-06-25,5050,5340,5050,5335,1427
2024-06-26,5335,5335,5330,5335,291
2024-06-27,5330,5335,4935,5330,6553
2024-06-28,5330,5330,5325,5325,234
2024-07-01,5325,5330,5325,5330,145
2024-07-02,5325,5325,5055,5325,157
2024-07-03,5325,5325,5035,5325,8535
2024-07-04,5325,5325,5250,5250,295
2024-07-05,5260,5325,5250,5250,337
2024-07-08,5340,5350,5330,5330,1258
2024-07-09,5440,5440,5335,5430,239
2024-07-10,5430,5430,5340,5425,49
2024-07-11,5425,5430,5250,5425,1708
2024-07-12,5425,5425,5320,5425,829
2024-07-15,5420,5420,5300,5415,3803
2024-07-16,5420,5420,5415,5415,1377
2024-07-17,5415,5430,5400,5430,11442
2024-07-18,5430,5445,5425,5425,437
2024-07-19,5420,5425,5420,5425,390
2024-07-22,5425,5550,5350,5425,1271
2024-07-23,5420,5420,5350,5420,1210
2024-07-24,5420,5420,5355,5420,648
2024-07-25,5420,5420,5400,5400,339
2024-07-26,5400,5400,5400,5400,2119
2024-07-29,5400,5400,5390,5395,681
2024-07-30,5395,5400,5330,5400,1022
2024-07-31,5400,5415,5400,5400,1210
2024-08-01,5400,5400,4995,5200,8778
2024-08-02,5400,5400,5400,5400,2690
2024-08-05,5415,5550,5400,5550,3297
2024-08-06,5550,5550,5400,5400,1747
2024-08-08,5320,5525,5320,5520,2874
2024-08-09,5510,5520,5500,5500,1293
2024-08-12,5500,5500,5455,5455,1703
2024-08-13,5500,5500,5500,5500,1703
2024-08-14,5500,5525,5495,5525,1572
2024-08-16,5500,5525,5500,5525,1499
2024-08-19,5525,5600,5525,5595,1428
2024-08-20,5590,5600,5590,5600,1939
2024-08-21,5600,5600,5550,5590,1308
2024-08-22,5590,5595,5590,5595,1142
2024-08-23,5595,5600,5500,5600,1977
2024-08-26,5600,5600,5600,5600,1464
2024-08-27,5600,6000,5600,6000,492
2024-08-28,5950,5990,5900,5985,1559
2024-08-29,5985,5995,5700,5970,738
2024-08-30,5985,5985,5800,5970,1255
2024-09-02,5970,5970,5805,5965,1188
2024-09-03,5965,5965,5830,5965,1060
2024-09-04,5965,5995,5820,5970,5530
2024-09-05,5970,5970,5900,5950,399
2024-09-06,5950,5965,5800,5965,3825
2024-09-09,5965,6000,5950,5950,856
2024-09-10,5950,6000,5950,6000,1351
2024-09-11,6000,6100,5850,6000,1155
2024-09-12,6000,6000,5950,5950,516
2024-09-13,5950,6000,5950,5975,355
2024-09-16,6000,6000,5530,6000,2366
2024-09-17,6000,6050,5980,6000,499
2024-09-18,6000,6000,5950,5950,1949
2024-09-19,5950,5950,5905,5950,1114
2024-09-20,5950,5950,5900,5950,549
2024-09-23,5875,5875,5550,5835,824
2024-09-24,5830,5830,5740,5750,11921
2024-09-25,5500,5610,5500,5600,482
2024-09-26,5500,5600,5380,5500,4546
2024-09-27,5500,5750,5405,5750,2241
2024-09-30,5500,5745,5320,5720,3586
2024-10-01,5300,5700,5300,5500,686
2024-10-02,5595,5595,5305,5500,1685
2024-10-03,5590,5590,5400,5590,320
2024-10-04,5500,5585,5400,5585,941
2024-10-07,5450,5500,5400,5400,1093
2024-10-08,5350,5400,4995,5400,821
2024-10-09,5400,5495,5300,5495,1557
2024-10-10,5300,5495,5300,5395,592
2024-10-11,5390,5400,5355,5400,1721
2024-10-14,5400,5425,5300,5425,2026
2024-10-15,5400,5400,5400,5400,283
2024-10-16,5385,5400,5300,5400,2748
2024-10-17,5400,5420,5300,5420,56540
2024-10-18,5420,5425,5315,5425,38242
2024-10-21,5425,5445,5425,5425,445
2024-10-22,5425,5425,5400,5400,512
2024-10-23,5425,5425,5400,5420,604
2024-10-24,5425,5425,5400,5420,802
2024-10-25,5420,5420,5415,5415,415
2024-10-28,5415,5415,5400,5405,1075
2024-10-29,5400,5445,5400,5445,827
2024-10-30,5445,5500,5445,5500,784
2024-10-31,5500,5500,5500,5500,260
2024-11-04,5495,5500,5445,5445,775
2024-11-05,5450,5490,5040,5040,14170
2024-11-06,5040,5400,5040,5350,329
2024-11-07,5350,5350,5110,5350,419
2024-11-08,5300,5350,5040,5350,1112
2024-11-11,5360,5450,5300,5300,4937
2024-11-12,5300,5450,5300,5450,179
2024-11-13,5450,5450,5300,5315,1034
2024-11-14,5300,5450,5300,5450,122
2024-11-18,5450,5450,5305,5450,637
2024-11-19,5450,5450,5400,5400,1021
2024-11-20,5450,5450,5350,5400,626
2024-11-21,5400,5450,5350,5350,357
2024-11-22,5350,5400,5350,5400,360
2024-11-25,5400,5450,5400,5450,1206
2024-11-26,5450,5450,5400,5450,1231
2024-11-27,5450,5500,5450,5500,651
2024-11-28,5500,5500,5420,5450,4927
2024-11-29,5500,5500,5420,5500,1058
2024-12-02,5500,5910,5500,5890,2664
2024-12-03,5885,5885,5505,5700,1174
2024-12-04,5700,5700,5520,5695,314
2024-12-05,5695,5695,5525,5695,475
2024-12-06,5700,5700,5600,5600,706
2024-12-09,5600,5810,5500,5810,12649
2024-12-10,5810,5810,5600,5780,729
2024-12-11,5780,5800,5550,5595,705
2024-12-12,5780,5780,5700,5775,2012
2024-12-13,5775,5775,5700,5775,131
2024-12-16,5775,5780,5690,5770,1015
2024-12-17,5770,5770,5600,5765,478
2024-12-18,5760,5790,5600,5695,719
2024-12-19,5695,5695,5550,5690,460
2024-12-20,5695,5695,5665,5685,733
2024-12-23,5600,5685,5555,5680,591
2024-12-24,5675,5675,5555,5675,358
2024-12-26,5675,5690,5555,5690,491
2024-12-27,5690,5690,5690,5690,948
2024-12-30,5690,5690,5650,5690,159
2024-12-31,5690,5690,5685,5685,313
2025-01-02,5690,5690,5690,5690,186
2025-01-03,5685,5690,5650,5650,1007
2025-01-06,5650,5700,5645,5700,310
2025-01-07,5685,5700,5600,5700,702
2025-01-08,5600,5600,5550,5550,1540
2025-01-09,5700,5700,5650,5650,910
2025-01-10,5650,5690,5550,5690,446
2025-01-13,5690,5690,5550,5630,701
2025-01-14,5640,5640,5595,5595,472
2025-01-15,5625,5625,5505,5595,1234
2025-01-16,5595,5595,5505,5550,497
2025-01-17,5500,5550,5500,5550,903
2025-01-20,5550,5590,5540,5580,302
2025-01-21,5595,5650,5550,5550,805
2025-01-22,5600,5650,5550,5550,494
2025-01-23,5550,5600,5540,5540,827
2025-01-24,5540,5600,5540,5600,347
2025-01-27,5650,5700,5600,5600,3589
2025-01-28,5800,5800,5660,5800,377
2025-01-29,5800,5800,5605,5700,967
2025-01-30,5800,5990,5605,5900,2735
2025-01-31,5895,5900,5650,5800,1068
2025-02-03,5845,5950,5750,5950,9300
2025-02-04,5925,5990,5750,5985,5232
2025-02-05,5985,5990,5950,5990,895
2025-02-06,5990,5990,5850,5990,574
2025-02-07,5995,5995,5995,5995,178
2025-02-10,5995,5995,5850,5985,313
2025-02-11,5990,5995,5850,5950,624
2025-02-12,5945,5945,5945,5945,127
2025-02-13,5935,5950,5905,5950,647
2025-02-14,5965,5995,5940,5970,545
2025-02-17,5970,5995,5970,5995,1382
2025-02-18,5995,5995,5995,5995,249
2025-02-19,6000,6000,5995,5995,1206
2025-02-20,5995,6100,5995,6100,1787
2025-02-21,6090,6100,6000,6100,316
2025-02-24,6100,6100,6010,6100,759
2025-02-25,6095,6100,6090,6090,841
2025-02-26,6100,6100,6010,6020,1234
2025-02-27,6100,6100,6100,6100,212
2025-02-28,6105,6200,6010,6010,3447
2025-03-03,6010,6200,6010,6195,542
2025-03-04,6200,6245,6195,6210,612
2025-03-05,6450,6450,6350,6400,297
2025-03-06,6400,6445,6400,6445,1645
2025-03-07,6445,6600,6400,6400,5696
2025-03-10,6450,6590,6445,6450,985
2025-03-11,6500,6550,6500,6500,693
2025-03-12,6500,6590,6500,6590,497
2025-03-13,6590,6590,6585,6585,222
2025-03-14,6590,6590,6580,6580,11033
2025-03-17,6580,6600,6400,6600,1779
2025-03-18,6400,6600,6400,6600,882
2025-03-19,6405,6600,6405,6500,2091
2025-03-20,6500,6600,6500,6500,804
2025-03-21,6450,6450,6400,6450,1329
2025-03-24,6450,6600,6450,6550,443
2025-03-25,6600,6600,6430,6550,2241
2025-03-26,6550,6550,6500,6545,198
2025-03-28,6550,6580,6525,6580,904
2025-04-01,6580,6710,6580,6600,1698
2025-04-02,6600,6600,6555,6570,628
2025-04-03,6595,6600,6450,6450,1677
2025-04-04,6600,6600,6400,6400,610
2025-04-07,6400,6500,6400,6495,244
2025-04-08,6400,6480,6400,6480,305
2025-04-09,6480,6480,6250,6320,833
2025-04-10,6440,6440,6025,6300,388
2025-04-11,6300,6300,6200,6300,422
2025-04-14,6025,6295,6000,6200,507
2025-04-15,6200,6300,6000,6300,447
2025-04-16,6300,6300,6000,6000,1008
2025-04-17,6300,6300,6175,6200,437
2025-04-18,6200,6250,6200,6250,209
2025-04-22,6250,6295,6000,6210,3433
2025-04-23,6210,6210,6155,6200,179
2025-04-24,6150,6275,6150,6275,509
2025-04-25,6250,6400,6250,6290,1046
2025-04-28,6400,6400,6395,6395,187
2025-04-29,6395,6395,6300,6395,226
2025-04-30,6400,6400,6305,6400,1227
2025-05-02,5920,6375,5920,6270,9129
2025-05-05,5950,6150,5950,6000,599
2025-05-06,5900,6125,5900,6100,565
2025-05-07,5900,6130,5900,6130,1695
2025-05-08,6100,6130,5900,6050,8588
2025-05-09,6040,6100,6040,6090,687
2025-05-12,6085,6100,6000,6100,927
2025-05-13,5850,6130,5850,6130,1399
2025-05-14,6130,6130,6090,6130,389
2025-05-15,6130,6130,6100,6130,120
2025-05-16,6125,6200,6095,6200,1602
2025-05-19,6180,6200,6180,6200,155
2025-05-20,6200,6250,5865,5865,570
2025-05-21,6200,6250,6000,6250,292
2025-05-22,6200,6300,6200,6300,373
2025-05-23,6300,6400,6290,6400,3253
2025-05-26,5990,6400,5990,6400,549
2025-05-27,6000,6400,5990,6400,328
2025-05-28,6350,6395,6200,6300,156
2025-05-30,6300,6350,6300,6350,284
2025-06-02,6350,6350,6000,6300,528
2025-06-03,6300,6350,6000,6350,774
2025-06-04,6000,6345,5875,6345,3583
2025-06-05,6350,6350,6350,6350,141
2025-06-10,6350,6400,6130,6395,771
2025-06-11,6395,6395,6350,6395,933
2025-06-12,6390,6395,6350,6395,670
2025-06-13,6350,6390,6300,6390,943
2025-06-16,6390,6395,6135,6300,549
2025-06-17,6300,6390,6135,6300,2029
2025-06-18,6300,6300,6000,6300,195
2025-06-19,6290,6290,5860,6290,257
2025-06-20,6300,6300,6290,6290,95
2025-06-23,6290,6300,6290,6300,521
2025-06-24,6300,6300,6295,6295,120
2025-06-25,6295,6295,5955,5955,307
2025-06-26,6100,6300,6100,6100,296
2025-06-27,6200,6200,5865,6000,1062
2025-06-30,6000,6000,5800,6000,1368
2025-07-01,6000,6100,6000,6100,287
2025-07-02,6085,6085,6050,6050,64
2025-07-03,6100,6100,5655,6065,662
2025-07-04,6000,6070,6000,6000,149
2025-07-07,5695,6100,5695,6100,693
2025-07-08,6100,6100,6000,6050,223
2025-07-09,6050,6050,5805,5805,255
2025-07-10,6000,6000,5810,6000,287
2025-07-11,6000,6050,5990,6050,613
2025-07-14,6050,6050,5815,5910,286
2025-07-15,6000,6000,5910,5910,258
2025-07-16,5950,6050,5910,6050,574
2025-07-17,6080,6080,5600,5650,6311
2025-07-18,5900,6070,5900,6060,311
2025-07-21,6095,6095,6005,6050,199
2025-07-22,6050,6050,6045,6045,115
2025-07-23,6050,6050,6005,6050,415
2025-07-24,6050,6050,5820,6050,375
2025-07-25,6050,6060,6000,6000,523
2025-07-28,5995,6000,5820,6000,963
2025-07-29,5990,6000,5990,5995,200
2025-07-30,5995,5995,5950,5995,90
2025-07-31,5995,6060,5900,5900,328
2025-08-01,6000,6050,5880,6000,260
2025-08-04,5855,6000,5855,5885,1404
2025-08-05,5885,6000,5885,6000,1190
2025-08-06,6050,6100,6000,6100,504
2025-08-08,5890,6100,5890,6000,1772
2025-08-11,6000,6000,5890,5975,592
2025-08-12,5975,6000,5970,6000,507
2025-08-13,6000,6000,5900,6000,422
2025-08-14,5900,5995,5890,5900,267
2025-08-18,5900,6000,5850,6000,558
2025-08-19,6000,6000,5860,6000,437
2025-08-20,6000,6000,5900,6000,345
2025-08-21,6000,6000,5900,6000,327
2025-08-22,6095,6100,6000,6000,1594
2025-08-25,6000,6095,5905,6090,750
2025-08-26,6095,6190,6020,6100,983
2025-08-27,6100,6170,6100,6170,816
2025-08-28,6190,6190,6025,6025,912
2025-08-29,6100,6150,6100,6100,229
2025-09-01,6150,6190,6100,6190,584
2025-09-02,6190,6190,6185,6185,364
2025-09-03,6185,6300,6185,6210,1409
2025-09-05,6190,6210,6190,6210,903
2025-09-08,6250,6250,6090,6225,5624
2025-09-09,6220,6225,6020,6200,895
2025-09-10,6200,6250,6200,6235,755
2025-09-11,6300,6300,6200,6205,4207
2025-09-12,6205,6250,6205,6250,444
2025-09-15,6250,6250,6210,6250,768
2025-09-16,6250,6250,6205,6235,536
2025-09-17,6235,6250,6235,6250,377
2025-09-18,6250,6250,6205,6205,248
2025-09-19,6250,6250,6000,6245,3682
2025-09-22,6245,6245,5780,6230,1221
2025-09-23,6225,6225,5875,6205,335
2025-09-24,6205,6205,6190,6190,355
2025-09-25,6190,6190,5905,6100,684
2025-09-26,6065,6065,5320,6000,508
2025-09-29,5995,6000,5900,5900,207
2025-09-30,5675,5850,5675,5850,2601
2025-10-01,5900,5900,5830,5830,156
2025-10-02,5835,5850,5825,5850,834
2025-10-03,5855,5860,5855,5855,540
2025-10-06,5855,5885,5855,5860,1996
2025-10-07,5860,5890,5855,5890,652
2025-10-08,5890,5895,5890,5895,343
2025-10-09,5895,5990,5890,5990,2257
2025-10-10,5990,6035,5910,6035,1830
2025-10-13,6030,6030,6015,6030,468
2025-10-14,6025,6100,6015,6015,3597
2025-10-15,6015,6090,6015,6085,527
2025-10-16,6015,6085,6015,6050,249
2025-10-17,6025,6080,6015,6075,1800
2025-10-20,6075,6100,6020,6020,707
2025-10-21,6095,6150,6020,6150,1277
2025-10-22,6150,6200,6020,6195,1224
2025-10-23,6200,6250,6200,6245,175
2025-10-24,6215,6240,6100,6195,548
2025-10-27,6020,6180,6020,6180,334
2025-10-28,6180,6180,6175,6180,534
2025-10-29,6180,6180,6100,6100,372
2025-10-30,6030,6195,6015,6100,329
2025-10-31,6020,6195,6020,6145,340
2025-11-03,5900,6045,5900,6045,10391
2025-11-04,5945,5950,5900,5900,1523
2025-11-05,5950,5950,5900,5950,1587
2025-11-06,5955,6000,5900,5945,499
2025-11-07,6000,6000,5945,6000,667
2025-11-10,6140,6140,6000,6000,1121
2025-11-11,6000,6100,6000,6100,270
2025-11-12,6100,6140,6000,6100,690
2025-11-13,6000,6130,6000,6130,69
2025-11-14,6000,6130,6000,6130,751
2025-11-17,6130,6130,6130,6130,324
2025-11-18,6130,6130,6000,6130,352
2025-11-19,6140,6140,6000,6100,910
2025-11-20,6140,6140,6000,6000,188
2025-11-21,6100,6110,6100,6105,3326
2025-11-24,6100,6120,6100,6100,1435
2025-11-25,6100,6100,6000,6100,3591
2025-11-26,5995,6120,5995,6120,115
2025-11-27,6120,6120,6000,6100,292
2025-11-28,6100,6100,5995,6095,287
2025-12-01,6095,6100,6095,6095,1670
2025-12-02,6095,6100,5995,6100,359
2025-12-03,6100,6100,6000,6100,247
2025-12-04,6100,6100,6000,6100,1645
2025-12-05,6100,6100,6080,6100,304
2025-12-08,6080,6115,6080,6100,546
2025-12-09,6100,6100,6100,6100,185
2025-12-10,6100,6100,6100,6100,1536
2025-12-11,6115,6115,6100,6100,237
2025-12-12,6100,6115,6100,6110,180
2025-12-15,6110,6110,6100,6110,808
2025-12-16,6110,6110,6100,6110,291
2025-12-17,6105,6105,5995,6050,150
2025-12-18,5605,6045,5605,6045,464
2025-12-19,6050,6100,6050,6100,375
2025-12-22,6100,6100,5655,5800,561
2025-12-23,5800,5800,5795,5800,761
2025-12-24,5800,5800,5750,5750,377
2025-12-26,5800,5800,5750,5800,704
2025-12-29,5800,5800,5750,5800,307
2025-12-30,5800,5800,5780,5800,458
2025-12-31,5800,5800,5780,5800,989
2026-01-02,5800,5800,5800,5800,381
2026-01-05,5800,5800,5705,5755,382
2026-01-06,5755,5800,5755,5800,980
2026-01-07,5800,5800,5705,5800,714
2026-01-08,5800,5800,5800,5800,80
2026-01-09,5800,5800,5705,5795,242
2026-01-12,5795,5800,5780,5795,312
2026-01-13,5800,5800,5800,5800,344
2026-01-14,5800,5800,5795,5800,1657
2026-01-15,5800,5800,5755,5800,2154
2026-01-16,5800,5800,5760,5800,1825
2026-01-19,5800,5805,5780,5805,436
2026-01-20,5950,5950,5805,5900,179
2026-01-21,5900,5900,5900,5900,228
2026-01-22,5900,6050,5900,6005,410
2026-01-23,6005,6100,6000,6015,188
2026-01-26,6025,6025,6000,6010,963
2026-01-27,6010,6120,6010,6120,591
2026-01-28,6120,6140,6120,6120,579
2026-01-29,6140,6155,6140,6150,445
2026-01-30,6155,6200,6150,6200,358
2026-02-02,6200,6350,6200,6205,370
2026-02-03,6350,6350,6200,6250,826
2026-02-04,6250,6250,5905,5950,1774
2026-02-05,6350,6390,6200,6390,350
2026-02-06,6400,6400,5915,5950,8368
2026-02-09,5950,6395,5950,6395,2401
2026-02-10,6395,6415,6395,6410,3243
2026-02-11,6400,6420,6400,6400,1255
2026-02-12,6350,6400,6250,6300,3211
2026-02-13,6300,6400,6250,6400,227
2026-02-16,5935,6350,5920,6300,644
2026-02-17,6295,6295,5960,6290,403
2026-02-18,6295,6300,6290,6300,678
2026-02-19,6300,6300,5960,6295,582
2026-02-20,6295,6450,5975,6450,4723
2026-02-23,6500,6650,6005,6005,4611
2026-02-24,6405,6405,6300,6405,488
2026-02-25,6405,6700,6405,6700,8651
2026-02-26,7000,7150,6450,7150,1749
2026-02-27,7150,7685,7100,7685,3313
2026-03-02,7685,7685,7110,7550,625
2026-03-03,7590,8110,7590,8110,790
2026-03-04,7700,8110,7700,8110,13201
2026-03-05,7700,7750,7700,7750,1023
2026-03-06,7750,8095,7700,7745,3215
2026-03-09,7745,8080,7700,7750,596
2026-03-10,7750,7760,7700,7760,1325
2026-03-11,7760,7845,7500,7845,558
2026-03-12,7795,7800,7700,7800,6292
2026-03-13,7700,7845,7420,7735,763
2026-03-17,7740,7845,7400,7800,4378
2026-03-18,7800,7800,7780,7790,149
2026-03-19,7400,7790,7400,7700,313
2026-03-23,7785,7785,7370,7700,425
2026-03-24,7695,7695,7380,7500,192
2026-03-25,7500,7500,7300,7500,496
2026-03-26,7300,7500,7300,7300,690
2026-03-27,7300,7350,7200,7350,228
2026-03-30,7450,7500,7350,7400,863
2026-03-31,7700,7700,7350,7500,5328
2026-04-01,7500,7500,7350,7400,199
2026-04-02,7400,7400,7250,7400,195
2026-04-03,7400,7400,7400,7400,149
2026-04-07,7400,7500,7250,7500,502
2026-04-08,7200,7500,7200,7300,283
2026-04-09,7300,7300,7200,7200,442
2026-04-10,7300,7300,7200,7250,173
2026-04-13,7250,7250,6710,7150,318
2026-04-14,7150,7150,7000,7150,414
2026-04-15,6620,7150,6620,7150,716
2026-04-16,6625,7140,6625,7140,402
2026-04-17,7140,7250,7140,7140,139
2026-04-20,7250,7300,7200,7200,506
2026-04-21,7200,7495,6700,7485,288
2026-04-22,7480,7480,7400,7400,163
2026-04-23,7400,7400,7300,7300,163
2026-04-24,7290,7290,7200,7200,122
2026-04-27,7290,7300,7150,7250,135
2026-04-28,7790,7790,7700,7790,755
2026-04-29,8325,8370,8325,8370,713
2026-04-30,8950,8995,8950,8995,364
2026-05-04,9665,9665,9100,9400,2465
2026-05-05,9400,9400,9090,9090,1131
2026-05-06,8950,9400,8900,9000,1087
2026-05-07,9000,9000,8800,8900,1124
2026-05-08,8900,9095,8750,9095,582
2026-05-11,9095,9100,9095,9095,527
2026-05-12,9100,9400,9100,9395,1414
2026-05-13,9395,10000,9395,9505,821
2026-05-15,9515,10100,9515,9900,770
2026-05-18,10640,10640,10005,10640,454
2026-05-19,10640,11435,10640,11000,863
2026-05-20,11150,11200,11050,11200,1510
2026-05-21,11200,11200,11000,11100,838
2026-05-22,11200,11200,11000,11095,654
2026-05-26,11000,11200,11000,11105,367
2026-05-28,11095,11095,10290,11050,741
2026-05-29,11050,11050,10300,11025,575
2026-06-01,11025,11050,11000,11025,380
2026-06-02,11025,11050,11000,11000,1450
2026-06-03,11050,11050,11000,11000,572
2026-06-04,11050,11090,11000,11050,897
2026-06-05,11095,11100,11050,11100,628
2026-06-08,11100,11700,11100,11700,961
2026-06-09,12275,12275,11700,12000,1204
2026-06-10,12000,12000,11810,11950,377
2026-06-11,11950,12100,11900,12100,522
2026-06-12,12100,12195,12000,12195,398
2026-06-15,12000,12195,12000,12050,194
2026-06-16,12050,12200,12000,12005,1559
2026-06-17,12005,12050,11900,11900,922
2026-06-18,11900,12125,11100,11990,758
2026-06-19,11100,12100,11100,11990,582
2026-06-22,11990,11990,11900,11950,652
2026-06-23,11950,12125,11055,12120,2697
2026-06-24,12150,12150,11900,12120,588
2026-06-25,11900,12150,11900,12000,365
2026-06-26,12000,12120,11900,11900,843
2026-06-29,11900,12120,11010,12000,6430
2026-06-30,12000,12100,11110,12000,760
2026-07-01,12120,12120,11110,12100,1667
2026-07-02,12060,12060,11210,12045,643
2026-07-03,11990,12060,11990,12045,479
2026-07-06,12030,12040,11950,12040,696
2026-07-07,12040,12040,12000,12040,470
2026-07-08,11200,12035,11200,12000,2961
2026-07-09,12000,12120,11200,12000,6443
2026-07-10,12000,12120,11300,12115,1262
2026-07-13,12000,12000,11300,11340,364
2026-07-14,11400,11400,11000,11300,4501
2026-07-15,11300,11300,11200,11275,583
2026-07-16,11275,11300,11200,11260,850
2026-07-17,11265,11300,11265,11300,744
2026-07-20,11300,11975,11300,11900,1672
2026-07-21,11900,12000,11015,11970,1949
2026-07-22,12000,12000,11300,11900,684
2026-07-23,11900,11900,11875,11900,561
2026-07-24,11885,11885,11750,11825,1139
2026-07-27,11970,11970,11940,11940,226
2026-07-28,11940,11940,11500,11930,418
2026-07-29,11970,11970,11800,11800,747
2026-07-30,11800,11800,11650,11650,973
2026-07-31,11650,11920,11650,11900,305
2026-08-03,11900,11900,11860,11900,669
2026-08-04,11900,11900,11400,11900,2599
2026-08-05,11900,11900,11400,11400,487
2026-08-06,11700,11900,11700,11900,478
2026-08-10,11700,11895,11400,11890,1883
2026-08-11,11890,11895,11530,11650,1444
2026-08-12,11550,11650,11550,11605,1143
2026-08-13,11605,11650,11395,11610,2186
2026-08-14,11900,11900,11600,11610,1013
2026-08-17,11615,11895,11600,11895,664
2026-08-18,11895,11970,11895,11970,1599
2026-08-19,11970,12150,11950,12145,2046
2026-08-20,12000,12100,11980,12090,3424
2026-08-21,12090,12145,12000,12145,965
2026-08-24,12145,12300,12000,12000,2285
2026-08-26,12195,12490,12145,12490,1763
2026-08-27,12400,13000,12400,12700,720
2026-08-28,12700,13000,12700,13000,426
2026-08-31,13000,13000,12025,12995,6285
2026-09-01,13000,13200,12750,12750,1309
2026-09-02,12760,13450,12760,12850,713
2026-09-03,12950,13500,12950,13500,1482
2026-09-04,13550,14500,13400,13500,5189
2026-09-07,13700,14000,13575,13710,1613
2026-09-08,13985,14250,13700,13700,2492
2026-09-09,14500,14500,13395,13500,4045
2026-09-10,14490,14490,13230,13230,5433
2026-09-11,14100,14100,13305,13400,3417
2026-09-14,14000,14000,13500,13505,1405
2026-09-15,13600,14020,13600,13885,1214
2026-09-16,13795,13890,13305,13400,1908
2026-09-17,13405,13700,12500,13495,757
2026-09-18,13255,13255,12485,12485,1815
2026-09-21,12400,12900,12400,12485,1769
2026-09-22,12020,12485,12020,12060,1193
2026-09-23,12485,12485,11160,11165,1115
2026-09-24,11165,12000,11165,11910,1772
2026-09-25,11910,11910,11160,11900,1965
