Date,Open,High,Low,Close,Volume
1999-06-16,99.98,99.98,99.98,99.98,0
1999-06-18,99.6,99.6,99.6,99.6,0
1999-06-21,99.6,99.6,99.6,99.6,0
1999-06-23,95.7,95.7,95.7,95.7,0
1999-06-25,96.13,96.13,96.13,96.13,0
1999-06-28,94.71,94.71,94.71,94.71,0
1999-06-30,94.71,94.71,94.71,94.71,0
1999-07-02,94.67,94.67,94.67,94.67,0
1999-07-05,94.67,94.67,94.67,94.67,0
1999-07-07,93.93,93.93,93.93,93.93,0
1999-07-09,93.93,93.93,93.93,93.93,0
1999-07-12,93.93,93.93,93.93,93.93,0
1999-07-14,88.36,88.36,88.36,88.36,0
1999-07-16,87.86,87.86,87.86,87.86,0
1999-07-19,87.86,87.86,87.86,87.86,0
1999-07-21,83.47,83.47,83.47,83.47,0
1999-07-23,80.09,80.09,80.09,80.09,0
1999-07-26,79.94,79.94,79.94,79.94,0
1999-07-28,79.5,79.5,79.5,79.5,0
1999-07-30,75.7,75.7,75.7,75.7,0
1999-08-02,75.63,75.63,75.63,75.63,0
1999-08-04,77.63,77.63,77.63,77.63,0
1999-08-06,77.63,77.63,77.63,77.63,0
1999-08-09,75.05,75.05,75.05,75.05,0
1999-08-11,73.12,73.12,73.12,73.12,0
1999-08-13,73.12,73.12,73.12,73.12,0
1999-08-16,73.12,73.12,73.12,73.12,0
1999-08-18,77.97,77.97,77.97,77.97,0
1999-08-20,77.97,77.97,77.97,77.97,0
1999-08-23,77.97,77.97,77.97,77.97,0
1999-08-25,76.69,76.69,76.69,76.69,0
1999-08-27,76.69,76.69,76.69,76.69,0
1999-08-30,76.37,76.37,76.37,76.37,0
1999-09-01,76.48,76.48,76.48,76.48,0
1999-09-03,76.48,76.48,76.48,76.48,0
1999-09-06,76.58,76.58,76.58,76.58,0
1999-09-08,75.7,75.7,75.7,75.7,0
1999-09-10,75.7,75.7,75.7,75.7,0
1999-09-13,75.7,75.7,75.7,75.7,0
1999-09-15,75.75,75.75,75.75,75.75,0
1999-09-17,75.75,75.75,75.75,75.75,0
1999-09-20,75.75,75.75,75.75,75.75,0
1999-09-22,75.75,75.75,75.75,75.75,0
1999-09-24,75.75,75.75,75.75,75.75,0
1999-09-27,75.75,75.75,75.75,75.75,0
1999-09-29,75.75,75.75,75.75,75.75,0
1999-10-01,75.36,75.36,75.36,75.36,0
1999-10-06,75.35,75.35,75.35,75.35,0
1999-10-08,75.35,75.35,75.35,75.35,0
1999-10-11,75.35,75.35,75.35,75.35,0
1999-10-13,75.69,75.69,75.69,75.69,0
1999-10-15,75.69,75.69,75.69,75.69,0
1999-10-18,75.69,75.69,75.69,75.69,0
1999-10-20,74.43,74.43,74.43,74.43,0
1999-10-22,74.45,74.45,74.45,74.45,0
1999-10-25,67.6,67.6,67.6,67.6,0
1999-10-27,66.65,66.65,66.65,66.65,0
1999-10-29,66.65,66.65,66.65,66.65,0
1999-11-03,66.96,66.96,66.96,66.96,0
1999-11-05,67,67,67,67,0
1999-11-08,67,67,67,67,0
1999-11-10,67,67,67,67,0
1999-11-12,68.09,68.09,68.09,68.09,0
1999-11-17,69.2,69.2,69.2,69.2,0
1999-11-19,69.21,69.21,69.21,69.21,0
1999-11-22,69.22,69.22,69.22,69.22,0
1999-11-24,70.31,70.31,70.31,70.31,0
1999-11-26,70.31,70.31,70.31,70.31,0
1999-11-29,70.31,70.31,70.31,70.31,0
1999-12-01,69.2,69.2,69.2,69.2,0
1999-12-03,70.31,70.31,70.31,70.31,0
1999-12-06,70.68,70.68,70.68,70.68,0
1999-12-08,71.79,71.79,71.79,71.79,0
1999-12-10,72.45,72.45,72.45,72.45,0
1999-12-13,72.45,72.45,72.45,72.45,0
1999-12-15,72.45,72.45,72.45,72.45,0
1999-12-17,75.12,75.12,75.12,75.12,0
1999-12-20,75.79,75.79,75.79,75.79,0
1999-12-22,75.79,75.79,75.79,75.79,0
1999-12-27,75.68,75.68,75.68,75.68,0
1999-12-29,75.28,75.28,75.28,75.28,0
1999-12-31,75.28,75.28,75.28,75.28,0
2000-01-05,74.61,74.61,74.61,74.61,0
2000-01-07,74.57,74.57,74.57,74.57,0
2000-01-10,74.57,74.57,74.57,74.57,0
2000-01-12,74.57,74.57,74.57,74.57,0
2000-01-14,74.57,74.57,74.57,74.57,0
2000-01-17,74.57,74.57,74.57,74.57,0
2000-01-19,75,75,75,75,0
2000-01-21,75,75,75,75,0
2000-01-24,72.78,72.78,72.78,72.78,0
2000-01-26,72.78,72.78,72.78,72.78,0
2000-01-28,72.78,72.78,72.78,72.78,0
2000-01-31,72.78,72.78,72.78,72.78,0
2000-02-02,72.74,72.74,72.74,72.74,0
2000-02-04,72.74,72.74,72.74,72.74,0
2000-02-07,72.74,72.74,72.74,72.74,0
2000-02-09,72.62,72.62,72.62,72.62,0
2000-02-11,72.62,72.62,72.62,72.62,0
2000-02-14,72.62,72.62,72.62,72.62,0
2000-02-16,72.62,72.62,72.62,72.62,0
2000-02-18,72.57,72.57,72.57,72.57,0
2000-02-21,72.57,72.57,72.57,72.57,0
2000-02-23,72.57,72.57,72.57,72.57,0
2000-02-25,68.46,68.46,68.46,68.46,0
2000-02-28,68.46,68.46,68.46,68.46,0
2000-03-01,68.03,68.03,68.03,68.03,0
2000-03-03,68.03,68.03,68.03,68.03,0
2000-03-06,67.97,67.97,67.97,67.97,0
2000-03-08,67.97,67.97,67.97,67.97,0
2000-03-10,65.75,65.75,65.75,65.75,0
2000-03-13,65.71,65.71,65.71,65.71,0
2000-03-15,65.47,65.47,65.47,65.47,0
2000-03-17,65.47,65.47,65.47,65.47,0
2000-03-20,64.39,64.39,64.39,64.39,0
2000-03-22,64.37,64.37,64.37,64.37,0
2000-03-24,64.32,64.32,64.32,64.32,0
2000-03-27,64.31,64.31,64.31,64.31,0
2000-03-29,64.29,64.29,64.29,64.29,0
2000-03-31,64.02,64.02,64.02,64.02,0
2000-04-03,62.45,62.45,62.45,62.45,0
2000-04-05,62.45,62.45,62.45,62.45,0
2000-04-07,62.45,62.45,62.45,62.45,0
2000-04-10,62.45,62.45,62.45,62.45,0
2000-04-12,61.83,61.83,61.83,61.83,0
2000-04-14,61.83,61.83,61.83,61.83,0
2000-04-17,61.83,61.83,61.83,61.83,0
2000-04-19,61.83,61.83,61.83,61.83,0
2000-04-21,61.83,61.83,61.83,61.83,0
2000-04-26,61.77,61.77,61.77,61.77,0
2000-04-28,61.77,61.77,61.77,61.77,0
2000-05-03,61.73,61.73,61.73,61.73,0
2000-05-05,61.73,61.73,61.73,61.73,0
2000-05-08,61.73,61.73,61.73,61.73,0
2000-05-10,61.73,61.73,61.73,61.73,0
2000-05-12,61.7,61.7,61.7,61.7,0
2000-05-15,61.7,61.7,61.7,61.7,0
2000-05-17,59.2,59.2,59.2,59.2,0
2000-05-19,59.2,59.2,59.2,59.2,0
2000-05-22,59.2,59.2,59.2,59.2,0
2000-05-24,59.2,59.2,59.2,59.2,0
2000-05-26,59.18,59.18,59.18,59.18,0
2000-05-29,59.18,59.18,59.18,59.18,0
2000-05-31,59.18,59.18,59.18,59.18,0
2000-06-02,59.18,59.18,59.18,59.18,0
2000-06-05,59.18,59.18,59.18,59.18,0
2000-06-07,58.29,58.29,58.29,58.29,0
2000-06-09,58.29,58.29,58.29,58.29,0
2000-06-16,58.47,58.47,58.47,58.47,0
2000-06-19,58.47,58.47,58.47,58.47,0
2000-06-21,58.47,58.47,58.47,58.47,0
2000-06-23,58.91,58.91,58.91,58.91,0
2000-06-26,58.91,58.91,58.91,58.91,0
2000-06-28,57.67,57.67,57.67,57.67,0
2000-06-30,57.67,57.67,57.67,57.67,0
2000-07-03,57.67,57.67,57.67,57.67,0
2000-07-07,57.04,57.04,57.04,57.04,0
2000-07-10,57.04,57.04,57.04,57.04,0
2000-07-12,57.29,57.29,57.29,57.29,0
2000-07-14,57.29,57.29,57.29,57.29,0
2000-07-17,57.42,57.42,57.42,57.42,0
2000-07-19,56.55,56.55,56.55,56.55,0
2000-07-21,56.6,56.6,56.6,56.6,0
2000-07-26,55.37,55.37,55.37,55.37,0
2000-07-31,55.37,55.37,55.37,55.37,0
2000-08-04,54.77,54.77,54.77,54.77,0
2000-08-09,54.73,54.73,54.73,54.73,0
2000-08-11,54.64,54.64,54.64,54.64,0
2000-08-14,54.64,54.64,54.64,54.64,0
2000-08-16,53.45,53.45,53.45,53.45,0
2000-08-18,53.45,53.45,53.45,53.45,0
2000-08-21,53.43,53.43,53.43,53.43,0
2000-08-28,51.72,51.72,51.72,51.72,0
2000-08-30,51.67,51.67,51.67,51.67,0
2000-09-01,50.69,50.69,50.69,50.69,0
2000-09-04,50.71,50.71,50.71,50.71,0
2000-09-06,50.73,50.73,50.73,50.73,0
2000-09-08,50.82,50.82,50.82,50.82,0
2000-09-11,50.86,50.86,50.86,50.86,0
2000-09-13,50.86,50.86,50.86,50.86,0
2000-09-15,50.88,50.88,50.88,50.88,0
2000-09-20,49.62,49.62,49.62,49.62,0
2000-09-22,50.94,50.94,50.94,50.94,0
2000-09-27,50.95,50.95,50.95,50.95,0
2000-09-29,51.7,51.7,51.7,51.7,0
2000-10-02,51.64,51.64,51.64,51.64,0
2000-10-09,50.91,50.91,50.91,50.91,0
2000-10-11,50.91,50.91,50.91,50.91,0
2000-10-13,50.91,50.91,50.91,50.91,0
2000-10-16,50.89,50.89,50.89,50.89,0
2000-10-18,50.87,50.87,50.87,50.87,0
2000-10-20,49.64,49.64,49.64,49.64,0
2000-10-27,49.64,49.64,49.64,49.64,0
2000-10-30,49.66,49.66,49.66,49.66,0
2000-11-02,49.66,49.66,49.66,49.66,0
2000-11-03,49.65,49.65,49.65,49.65,0
2000-11-06,49.62,49.62,49.62,49.62,0
2000-11-08,49.62,49.62,49.62,49.62,0
2000-11-10,49.62,49.62,49.62,49.62,0
2000-11-13,49.62,49.62,49.62,49.62,0
2000-11-16,48.8,48.8,48.8,48.8,0
2000-11-17,49.62,49.62,49.62,49.62,0
2000-11-20,49.62,49.62,49.62,49.62,0
2000-11-22,49.62,49.62,49.62,49.62,0
2000-11-24,49.62,49.62,49.62,49.62,0
2000-11-27,49.62,49.62,49.62,49.62,0
2000-11-29,48.8,48.8,48.8,48.8,0
2000-12-01,49.62,49.62,49.62,49.62,0
2000-12-04,49.62,49.62,49.62,49.62,0
2000-12-06,49.62,49.62,49.62,49.62,0
2000-12-08,49.63,49.63,49.63,49.63,0
2000-12-11,49.61,49.61,49.61,49.61,0
2000-12-13,49.61,49.61,49.61,49.61,0
2000-12-15,49.43,49.43,49.43,49.43,0
2000-12-18,49.43,49.43,49.43,49.43,0
2000-12-20,49.43,49.43,49.43,49.43,0
2000-12-22,49.41,49.41,49.41,49.41,0
2000-12-26,49.41,49.41,49.41,49.41,0
2000-12-28,49.41,49.41,49.41,49.41,0
2000-12-29,49.41,49.41,49.41,49.41,0
2001-01-02,49.41,49.41,49.41,49.41,0
2001-01-03,49.19,49.19,49.19,49.19,0
2001-01-05,49.19,49.19,49.19,49.19,0
2001-01-08,49.19,49.19,49.19,49.19,0
2001-01-10,49.19,49.19,49.19,49.19,0
2001-01-12,48.96,48.96,48.96,48.96,0
2001-01-15,48.96,48.96,48.96,48.96,0
2001-01-17,48.93,48.93,48.93,48.93,0
2001-01-19,48.75,48.75,48.75,48.75,0
2001-01-22,48.72,48.72,48.72,48.72,0
2001-01-24,48.85,48.85,48.85,48.85,0
2001-01-26,47.85,47.85,47.85,47.85,0
2001-01-29,47.44,47.44,47.44,47.44,0
2001-01-31,47.44,47.44,47.44,47.44,0
2001-02-02,47.44,47.44,47.44,47.44,0
2001-02-05,47.44,47.44,47.44,47.44,0
2001-02-07,47.44,47.44,47.44,47.44,0
2001-02-09,47.44,47.44,47.44,47.44,0
2001-02-12,47.44,47.44,47.44,47.44,0
2001-02-14,47.44,47.44,47.44,47.44,0
2001-02-16,47.44,47.44,47.44,47.44,0
2001-02-19,47.44,47.44,47.44,47.44,0
2001-02-21,47.44,47.44,47.44,47.44,0
2001-02-23,47.44,47.44,47.44,47.44,0
2001-02-26,47.44,47.44,47.44,47.44,0
2001-02-28,47.44,47.44,47.44,47.44,0
2001-03-02,47.44,47.44,47.44,47.44,0
2001-03-06,47.44,47.44,47.44,47.44,0
2001-03-07,47.44,47.44,47.44,47.44,0
2001-03-09,47.44,47.44,47.44,47.44,0
2001-03-12,47.44,47.44,47.44,47.44,0
2001-03-14,47.44,47.44,47.44,47.44,0
2001-03-16,47.44,47.44,47.44,47.44,0
2001-03-19,47.44,47.44,47.44,47.44,0
2001-03-21,47.31,47.31,47.31,47.31,0
2001-03-23,47.31,47.31,47.31,47.31,0
2001-03-26,47.31,47.31,47.31,47.31,0
2001-03-28,47.31,47.31,47.31,47.31,0
2001-03-30,47.72,47.72,47.72,47.72,0
2001-04-02,47.72,47.72,47.72,47.72,0
2001-04-04,47.54,47.54,47.54,47.54,0
2001-04-06,47.19,47.19,47.19,47.19,0
2001-04-09,46.77,46.77,46.77,46.77,0
2001-04-11,45.88,45.88,45.88,45.88,0
2001-04-13,44.97,44.97,44.97,44.97,0
2001-04-17,44.97,44.97,44.97,44.97,0
2001-04-18,44.97,44.97,44.97,44.97,0
2001-04-20,44.97,44.97,44.97,44.97,0
2001-04-23,44.97,44.97,44.97,44.97,0
2001-04-25,45.4,45.4,45.4,45.4,0
2001-04-27,45.4,45.4,45.4,45.4,0
2001-04-30,45.4,45.4,45.4,45.4,0
2001-05-02,45.63,45.63,45.63,45.63,0
2001-05-04,45.21,45.21,45.21,45.21,0
2001-05-07,45.21,45.21,45.21,45.21,0
2001-05-09,45.21,45.21,45.21,45.21,0
2001-05-11,45.21,45.21,45.21,45.21,0
2001-05-14,45.21,45.21,45.21,45.21,0
2001-05-16,45.09,45.09,45.09,45.09,0
2001-05-18,45.09,45.09,45.09,45.09,0
2001-05-21,46.14,46.14,46.14,46.14,0
2001-05-23,45.74,45.74,45.74,45.74,0
2001-05-25,46.16,46.16,46.16,46.16,0
2001-05-28,46.16,46.16,46.16,46.16,0
2001-05-30,46.16,46.16,46.16,46.16,0
2001-06-01,46.17,46.17,46.17,46.17,0
2001-06-05,46.17,46.17,46.17,46.17,0
2001-06-06,46.17,46.17,46.17,46.17,0
2001-06-08,45.43,45.43,45.43,45.43,0
2001-06-11,45.43,45.43,45.43,45.43,0
2001-06-13,44.99,44.99,44.99,44.99,0
2001-06-15,44.99,44.99,44.99,44.99,0
2001-06-18,43.34,43.34,43.34,43.34,0
2001-06-20,43.34,43.34,43.34,43.34,0
2001-06-22,43.34,43.34,43.34,43.34,0
2001-06-25,43.34,43.34,43.34,43.34,0
2001-06-27,42.34,42.34,42.34,42.34,0
2001-06-29,42.34,42.34,42.34,42.34,0
2001-07-02,42.34,42.34,42.34,42.34,0
2001-07-04,42.33,42.33,42.33,42.33,0
2001-07-06,41.4,41.4,41.4,41.4,0
2001-07-09,41.4,41.4,41.4,41.4,0
2001-07-11,41.4,41.4,41.4,41.4,0
2001-07-13,41.4,41.4,41.4,41.4,0
2001-07-16,41.1,41.1,41.1,41.1,0
2001-07-18,41.1,41.1,41.1,41.1,0
2001-07-20,41.1,41.1,41.1,41.1,0
2001-07-23,41.1,41.1,41.1,41.1,0
2001-07-25,41.1,41.1,41.1,41.1,0
2001-07-27,41.1,41.1,41.1,41.1,0
2001-07-30,41.1,41.1,41.1,41.1,0
2001-08-01,41.1,41.1,41.1,41.1,0
2001-08-03,41.1,41.1,41.1,41.1,0
2001-08-08,41.1,41.1,41.1,41.1,0
2001-08-10,40.98,40.98,40.98,40.98,0
2001-08-13,40.98,40.98,40.98,40.98,0
2001-08-16,40.98,40.98,40.98,40.98,0
2001-08-17,40.98,40.98,40.98,40.98,0
2001-08-20,40.98,40.98,40.98,40.98,0
2001-08-22,40.98,40.98,40.98,40.98,0
2001-08-24,40.98,40.98,40.98,40.98,0
2001-08-27,40.98,40.98,40.98,40.98,0
2001-08-29,40.95,40.95,40.95,40.95,0
2001-08-31,40.95,40.95,40.95,40.95,0
2001-09-03,40.95,40.95,40.95,40.95,0
2001-09-05,40.95,40.95,40.95,40.95,0
2001-09-07,40.95,40.95,40.95,40.95,0
2001-09-10,40.95,40.95,40.95,40.95,0
2001-09-12,40.95,40.95,40.95,40.95,0
2001-09-14,40.95,40.95,40.95,40.95,0
2001-09-17,40.95,40.95,40.95,40.95,0
2001-09-19,41.61,41.61,41.61,41.61,0
2001-09-21,41.61,41.61,41.61,41.61,0
2001-09-24,41.61,41.61,41.61,41.61,0
2001-09-26,41.61,41.61,41.61,41.61,0
2001-09-28,41.61,41.61,41.61,41.61,0
2001-10-01,41.61,41.61,41.61,41.61,0
2001-10-03,41.61,41.61,41.61,41.61,0
2001-10-05,41.61,41.61,41.61,41.61,0
2001-10-08,41.61,41.61,41.61,41.61,0
2001-10-10,41.61,41.61,41.61,41.61,0
2001-10-12,41.61,41.61,41.61,41.61,0
2001-10-15,41.61,41.61,41.61,41.61,0
2001-10-17,41.61,41.61,41.61,41.61,0
2001-10-19,40.95,40.95,40.95,40.95,0
2001-10-22,39.71,39.71,39.71,39.71,0
2001-10-24,39.7,39.7,39.7,39.7,0
2001-10-26,39.68,39.68,39.68,39.68,0
2001-10-29,39.68,39.68,39.68,39.68,0
2001-10-31,39.68,39.68,39.68,39.68,0
2001-11-02,39.68,39.68,39.68,39.68,0
2001-11-05,39.68,39.68,39.68,39.68,0
2001-11-07,39.47,39.47,39.47,39.47,0
2001-11-09,39.47,39.47,39.47,39.47,0
2001-11-12,39.47,39.47,39.47,39.47,0
2001-11-13,39.47,39.47,39.47,39.47,0
2001-11-14,39.47,39.47,39.47,39.47,0
2001-11-16,39.47,39.47,39.47,39.47,0
2001-11-19,39.47,39.47,39.47,39.47,0
2001-11-20,39.47,39.47,39.47,39.47,0
2001-11-21,39.47,39.47,39.47,39.47,0
2001-11-22,39.27,39.27,39.27,39.27,0
2001-11-23,39.27,39.27,39.27,39.27,0
2001-11-26,39.27,39.27,39.27,39.27,0
2001-11-27,39.27,39.27,39.27,39.27,0
2001-11-28,39.27,39.27,39.27,39.27,0
2001-11-29,39.27,39.27,39.27,39.27,0
2001-11-30,39.27,39.27,39.27,39.27,0
2001-12-03,39.27,39.27,39.27,39.27,0
2001-12-04,39.27,39.27,39.27,39.27,0
2001-12-05,39.27,39.27,39.27,39.27,0
2001-12-06,39.27,39.27,39.27,39.27,0
2001-12-07,39.27,39.27,39.27,39.27,0
2001-12-10,39.27,39.27,39.27,39.27,0
2001-12-11,39.27,39.27,39.27,39.27,0
2001-12-13,39.27,39.27,39.27,39.27,0
2001-12-14,40.09,40.09,40.09,40.09,0
2001-12-17,40.98,40.98,40.98,40.98,0
2001-12-18,40.98,40.98,40.98,40.98,0
2001-12-19,41.93,41.93,41.93,41.93,0
2001-12-20,41.93,41.93,41.93,41.93,0
2001-12-21,44.06,44.06,44.06,44.06,0
2001-12-24,45.24,45.24,45.24,45.24,0
2001-12-26,46.52,46.52,46.52,46.52,0
2001-12-27,47.89,47.89,47.89,47.89,0
2001-12-28,49.37,49.37,49.37,49.37,0
2001-12-31,50.96,50.96,50.96,50.96,0
2002-01-02,50.15,50.15,50.15,50.15,0
2002-01-03,50.15,50.15,50.15,50.15,0
2002-01-04,50.15,50.15,50.15,50.15,0
2002-01-07,50.15,50.15,50.15,50.15,0
2002-01-08,50.15,50.15,50.15,50.15,0
2002-01-09,50.15,50.15,50.15,50.15,0
2002-01-10,50.15,50.15,50.15,50.15,0
2002-01-11,50.15,50.15,50.15,50.15,0
2002-01-14,50.15,50.15,50.15,50.15,0
2002-01-15,50.15,50.15,50.15,50.15,0
2002-01-16,50.15,50.15,50.15,50.15,0
2002-01-17,50.15,50.15,50.15,50.15,0
2002-01-18,50.15,50.15,50.15,50.15,0
2002-01-21,50.15,50.15,50.15,50.15,0
2002-01-22,50.02,50.02,50.02,50.02,0
2002-01-23,49.89,49.89,49.89,49.89,0
2002-01-24,49.87,49.87,49.87,49.87,0
2002-01-25,49.07,49.07,49.07,49.07,0
2002-01-28,49.01,49.01,49.01,49.01,0
2002-01-29,48.44,48.44,48.44,48.44,0
2002-01-30,48.44,48.44,48.44,48.44,0
2002-01-31,48.44,48.44,48.44,48.44,0
2002-02-01,48.44,48.44,48.44,48.44,0
2002-02-04,48.44,48.44,48.44,48.44,0
2002-02-05,48.44,48.44,48.44,48.44,0
2002-02-06,48.44,48.44,48.44,48.44,0
2002-02-07,48.24,48.24,48.24,48.24,0
2002-02-08,47.53,47.53,47.53,47.53,0
2002-02-12,47.53,47.53,47.53,47.53,0
2002-02-13,47.46,47.46,47.46,47.46,0
2002-02-14,47.46,47.46,47.46,47.46,0
2002-02-15,47.46,47.46,47.46,47.46,0
2002-02-18,47.46,47.46,47.46,47.46,0
2002-02-19,47.46,47.46,47.46,47.46,0
2002-02-20,47.46,47.46,47.46,47.46,0
2002-02-21,47.46,47.46,47.46,47.46,0
2002-02-25,47.46,47.46,47.46,47.46,0
2002-02-26,47.46,47.46,47.46,47.46,0
2002-02-27,47.4,47.4,47.4,47.4,0
2002-02-28,47.4,47.4,47.4,47.4,0
2002-03-01,47.4,47.4,47.4,47.4,0
2002-03-04,45.18,45.18,45.18,45.18,0
2002-03-05,45.16,45.16,45.16,45.16,0
2002-03-06,45.16,45.16,45.16,45.16,0
2002-03-07,45.16,45.16,45.16,45.16,0
2002-03-08,44.49,44.49,44.49,44.49,0
2002-03-11,44.3,44.3,44.3,44.3,0
2002-03-12,44.3,44.3,44.3,44.3,0
2002-03-13,44.3,44.3,44.3,44.3,0
2002-03-14,44.3,44.3,44.3,44.3,0
2002-03-15,44.3,44.3,44.3,44.3,0
2002-03-18,43.7,43.7,43.7,43.7,0
2002-03-19,43.7,43.7,43.7,43.7,0
2002-03-20,43.7,43.7,43.7,43.7,0
2002-03-22,43.7,43.7,43.7,43.7,0
2002-03-25,43.7,43.7,43.7,43.7,0
2002-03-26,43.7,43.7,43.7,43.7,0
2002-03-27,43.36,43.36,43.36,43.36,0
2002-03-28,43.36,43.36,43.36,43.36,0
2002-03-29,43.36,43.36,43.36,43.36,0
2002-04-03,43.36,43.36,43.36,43.36,0
2002-04-05,43.36,43.36,43.36,43.36,0
2002-04-08,43.36,43.36,43.36,43.36,0
2002-04-09,43.44,43.44,43.44,43.44,0
2002-04-10,43.44,43.44,43.44,43.44,0
2002-04-11,42.54,42.54,42.54,42.54,0
2002-04-12,42.54,42.54,42.54,42.54,0
2002-04-15,42.54,42.54,42.54,42.54,0
2002-04-16,42.22,42.22,42.22,42.22,0
2002-04-17,42.15,42.15,42.15,42.15,0
2002-04-18,42.15,42.15,42.15,42.15,0
2002-04-19,42.15,42.15,42.15,42.15,0
2002-04-22,42.15,42.15,42.15,42.15,0
2002-04-23,42.15,42.15,42.15,42.15,0
2002-04-24,42.15,42.15,42.15,42.15,0
2002-04-25,42.15,42.15,42.15,42.15,0
2002-04-26,42.15,42.15,42.15,42.15,0
2002-04-29,42.09,42.09,42.09,42.09,0
2002-04-30,41.98,41.98,41.98,41.98,0
2002-05-02,41.96,41.96,41.96,41.96,0
2002-05-03,41.92,41.92,41.92,41.92,0
2002-05-06,38.34,38.34,38.34,38.34,0
2002-05-07,38.25,38.25,38.25,38.25,0
2002-05-08,38.04,38.04,38.04,38.04,0
2002-05-10,38.25,38.25,38.25,38.25,0
2002-05-13,38.04,38.04,38.04,38.04,0
2002-05-14,38.43,38.43,38.43,38.43,0
2002-05-15,38.83,38.83,38.83,38.83,0
2002-05-16,38.83,38.83,38.83,38.83,0
2002-05-17,38.83,38.83,38.83,38.83,0
2002-05-21,38.83,38.83,38.83,38.83,0
2002-05-22,38.68,38.68,38.68,38.68,0
2002-05-23,38.81,38.81,38.81,38.81,0
2002-05-27,38.81,38.81,38.81,38.81,0
2002-05-28,38.83,38.83,38.83,38.83,0
2002-05-29,38.71,38.71,38.71,38.71,0
2002-05-30,38.99,38.99,38.99,38.99,0
2002-05-31,38.99,38.99,38.99,38.99,0
2002-06-03,38.99,38.99,38.99,38.99,0
2002-06-04,38.88,38.88,38.88,38.88,0
2002-06-05,39.35,39.35,39.35,39.35,0
2002-06-06,39.35,39.35,39.35,39.35,0
2002-06-07,39.35,39.35,39.35,39.35,0
2002-06-10,35.93,35.93,35.93,35.93,0
2002-06-11,35.93,35.93,35.93,35.93,0
2002-06-12,35.93,35.93,35.93,35.93,0
2002-06-14,34.17,34.17,34.17,34.17,0
2002-06-17,35.3,35.3,35.3,35.3,0
2002-06-18,35.3,35.3,35.3,35.3,0
2002-06-19,35.26,35.26,35.26,35.26,0
2002-06-20,34.29,34.29,34.29,34.29,0
2002-06-21,33.39,33.39,33.39,33.39,0
2002-06-24,33.43,33.43,33.43,33.43,0
2002-06-25,33.43,33.43,33.43,33.43,0
2002-06-26,33.39,33.39,33.39,33.39,0
2002-06-27,33.45,33.45,33.45,33.45,0
2002-06-28,33.41,33.41,33.41,33.41,0
2002-07-01,33.41,33.41,33.41,33.41,0
2002-07-02,33.4,33.4,33.4,33.4,0
2002-07-03,34.27,34.27,34.27,34.27,0
2002-07-04,34.29,34.29,34.29,34.29,0
2002-07-05,34.29,34.29,34.29,34.29,0
2002-07-08,34.29,34.29,34.29,34.29,0
2002-07-09,34.29,34.29,34.29,34.29,0
2002-07-10,34.29,34.29,34.29,34.29,0
2002-07-11,34.29,34.29,34.29,34.29,0
2002-07-12,34.29,34.29,34.29,34.29,0
2002-07-15,34.36,34.36,34.36,34.36,0
2002-07-16,34.59,34.59,34.59,34.59,0
2002-07-17,34.55,34.55,34.55,34.55,0
2002-07-18,34.55,34.55,34.55,34.55,0
2002-07-19,34.99,34.99,34.99,34.99,0
2002-07-22,35.07,35.07,35.07,35.07,0
2002-07-23,35.07,35.07,35.07,35.07,0
2002-07-24,35.07,35.07,35.07,35.07,0
2002-07-25,36.63,36.63,36.63,36.63,0
2002-07-26,36.74,36.74,36.74,36.74,0
2002-07-29,36.74,36.74,36.74,36.74,0
2002-07-30,36.38,36.38,36.38,36.38,0
2002-07-31,36.16,36.16,36.16,36.16,0
2002-08-01,36.14,36.14,36.14,36.14,0
2002-08-02,36.14,36.14,36.14,36.14,0
2002-08-05,36.12,36.12,36.12,36.12,0
2002-08-06,36.1,36.1,36.1,36.1,0
2002-08-08,36.08,36.08,36.08,36.08,0
2002-08-09,36.08,36.08,36.08,36.08,0
2002-08-12,36.08,36.08,36.08,36.08,0
2002-08-13,35.63,35.63,35.63,35.63,0
2002-08-14,35.6,35.6,35.6,35.6,0
2002-08-16,35.6,35.6,35.6,35.6,0
2002-08-19,35.6,35.6,35.6,35.6,0
2002-08-20,35.6,35.6,35.6,35.6,0
2002-08-22,35.52,35.52,35.52,35.52,0
2002-08-23,35.52,35.52,35.52,35.52,0
2002-08-26,34.74,34.74,34.74,34.74,0
2002-08-28,34.74,34.74,34.74,34.74,0
2002-08-29,34.74,34.74,34.74,34.74,0
2002-08-30,34.74,34.74,34.74,34.74,0
2002-09-02,34.81,34.81,34.81,34.81,0
2002-09-03,34.81,34.81,34.81,34.81,0
2002-09-04,34.81,34.81,34.81,34.81,0
2002-09-05,34.81,34.81,34.81,34.81,0
2002-09-06,34.86,34.86,34.86,34.86,0
2002-09-09,34.86,34.86,34.86,34.86,0
2002-09-10,34.86,34.86,34.86,34.86,0
2002-09-11,35.04,35.04,35.04,35.04,0
2002-09-12,35.03,35.03,35.03,35.03,0
2002-09-13,35.04,35.04,35.04,35.04,0
2002-09-16,35.15,35.15,35.15,35.15,0
2002-09-17,35.15,35.15,35.15,35.15,0
2002-09-18,35.15,35.15,35.15,35.15,0
2002-09-19,35.15,35.15,35.15,35.15,0
2002-09-20,35.14,35.14,35.14,35.14,0
2002-09-23,35.15,35.15,35.15,35.15,0
2002-09-24,35.15,35.15,35.15,35.15,0
2002-09-25,35.15,35.15,35.15,35.15,0
2002-09-26,35.15,35.15,35.15,35.15,0
2002-09-27,35.17,35.17,35.17,35.17,0
2002-09-30,35.19,35.19,35.19,35.19,0
2002-10-01,35.15,35.15,35.15,35.15,0
2002-10-02,35.15,35.15,35.15,35.15,0
2002-10-03,35.15,35.15,35.15,35.15,0
2002-10-04,35.15,35.15,35.15,35.15,0
2002-10-07,35.15,35.15,35.15,35.15,0
2002-10-08,35.15,35.15,35.15,35.15,0
2002-10-09,34.84,34.84,34.84,34.84,0
2002-10-10,34.84,34.84,34.84,34.84,0
2002-10-11,34.84,34.84,34.84,34.84,0
2002-10-14,34.84,34.84,34.84,34.84,0
2002-10-15,34.84,34.84,34.84,34.84,0
2002-10-16,34.84,34.84,34.84,34.84,0
2002-10-17,34.84,34.84,34.84,34.84,0
2002-10-18,34.84,34.84,34.84,34.84,0
2002-10-21,34.84,34.84,34.84,34.84,0
2002-10-22,34.84,34.84,34.84,34.84,0
2002-10-23,34.84,34.84,34.84,34.84,0
2002-10-24,34.84,34.84,34.84,34.84,0
2002-10-25,34.84,34.84,34.84,34.84,0
2002-10-28,34.84,34.84,34.84,34.84,0
2002-10-29,34.84,34.84,34.84,34.84,0
2002-10-30,34.84,34.84,34.84,34.84,0
2002-10-31,34.84,34.84,34.84,34.84,0
2002-11-04,34.84,34.84,34.84,34.84,0
2002-11-05,34.84,34.84,34.84,34.84,0
2002-11-06,34.84,34.84,34.84,34.84,0
2002-11-07,34.84,34.84,34.84,34.84,0
2002-11-08,34.84,34.84,34.84,34.84,0
2002-11-11,34.78,34.78,34.78,34.78,0
2002-11-12,34.4,34.4,34.4,34.4,0
2002-11-13,34.4,34.4,34.4,34.4,0
2002-11-14,34.4,34.4,34.4,34.4,0
2002-11-18,34.4,34.4,34.4,34.4,0
2002-11-19,34.4,34.4,34.4,34.4,0
2002-11-20,35.17,35.17,35.17,35.17,0
2002-11-21,35.17,35.17,35.17,35.17,0
2002-11-22,35.17,35.17,35.17,35.17,0
2002-11-25,37.82,37.82,37.82,37.82,0
2002-11-26,37.82,37.82,37.82,37.82,0
2002-11-27,37.82,37.82,37.82,37.82,0
2002-11-28,37.82,37.82,37.82,37.82,0
2002-11-29,37.82,37.82,37.82,37.82,0
2002-12-03,37.4,37.4,37.4,37.4,0
2002-12-04,37.4,37.4,37.4,37.4,0
2002-12-05,37.4,37.4,37.4,37.4,0
2002-12-09,37.4,37.4,37.4,37.4,0
2002-12-10,38.29,38.29,38.29,38.29,0
2002-12-11,38.29,38.29,38.29,38.29,0
2002-12-12,39.36,39.36,39.36,39.36,0
2002-12-13,40.29,40.29,40.29,40.29,0
2002-12-16,41.5,41.5,41.5,41.5,0
2002-12-17,42.74,42.74,42.74,42.74,0
2002-12-18,42.74,42.74,42.74,42.74,0
2002-12-19,42.74,42.74,42.74,42.74,0
2002-12-20,42.74,42.74,42.74,42.74,0
2002-12-23,42.74,42.74,42.74,42.74,0
2002-12-24,42.74,42.74,42.74,42.74,0
2002-12-26,44.03,44.03,44.03,44.03,0
2002-12-27,44.03,44.03,44.03,44.03,0
2002-12-30,44.03,44.03,44.03,44.03,0
2002-12-31,44.42,44.42,44.42,44.42,0
2003-01-02,44.42,44.42,44.42,44.42,0
2003-01-03,44.42,44.42,44.42,44.42,0
2003-01-06,44.42,44.42,44.42,44.42,0
2003-01-07,44.42,44.42,44.42,44.42,0
2003-01-08,44.42,44.42,44.42,44.42,0
2003-01-09,44.42,44.42,44.42,44.42,0
2003-01-10,44.42,44.42,44.42,44.42,0
2003-01-13,44.42,44.42,44.42,44.42,0
2003-01-14,44.42,44.42,44.42,44.42,0
2003-01-15,44.42,44.42,44.42,44.42,0
2003-01-16,44.42,44.42,44.42,44.42,0
2003-01-17,44.42,44.42,44.42,44.42,0
2003-01-20,44.42,44.42,44.42,44.42,0
2003-01-21,44.42,44.42,44.42,44.42,0
2003-01-22,44.42,44.42,44.42,44.42,0
2003-01-23,44.32,44.32,44.32,44.32,0
2003-01-24,44.32,44.32,44.32,44.32,0
2003-01-28,44.32,44.32,44.32,44.32,0
2003-01-29,44.32,44.32,44.32,44.32,0
2003-01-30,44.32,44.32,44.32,44.32,0
2003-01-31,44.32,44.32,44.32,44.32,0
2003-02-03,44.32,44.32,44.32,44.32,0
2003-02-04,44.32,44.32,44.32,44.32,0
2003-02-05,43.44,43.44,43.44,43.44,0
2003-02-06,43.44,43.44,43.44,43.44,0
2003-02-07,43.44,43.44,43.44,43.44,0
2003-02-10,43.44,43.44,43.44,43.44,0
2003-02-12,43.44,43.44,43.44,43.44,0
2003-02-13,43.44,43.44,43.44,43.44,0
2003-02-14,43.44,43.44,43.44,43.44,0
2003-02-17,43.44,43.44,43.44,43.44,0
2003-02-18,43.44,43.44,43.44,43.44,0
2003-02-19,43.44,43.44,43.44,43.44,0
2003-02-20,43.44,43.44,43.44,43.44,0
2003-02-21,43.44,43.44,43.44,43.44,0
2003-02-24,43.44,43.44,43.44,43.44,0
2003-02-25,43.44,43.44,43.44,43.44,0
2003-02-26,43.44,43.44,43.44,43.44,0
2003-02-27,43.44,43.44,43.44,43.44,0
2003-02-28,43.44,43.44,43.44,43.44,0
2003-03-03,43.44,43.44,43.44,43.44,0
2003-03-04,43.44,43.44,43.44,43.44,0
2003-03-05,40.49,40.49,40.49,40.49,0
2003-03-06,40.49,40.49,40.49,40.49,0
2003-03-07,40.49,40.49,40.49,40.49,0
2003-03-10,40.49,40.49,40.49,40.49,0
2003-03-11,40.49,40.49,40.49,40.49,0
2003-03-12,40.49,40.49,40.49,40.49,0
2003-03-13,40.49,40.49,40.49,40.49,0
2003-03-14,39.38,39.38,39.38,39.38,0
2003-03-17,39.38,39.38,39.38,39.38,0
2003-03-18,39.38,39.38,39.38,39.38,0
2003-03-19,39.38,39.38,39.38,39.38,0
2003-03-20,39.38,39.38,39.38,39.38,0
2003-03-21,39.38,39.38,39.38,39.38,0
2003-03-24,39.38,39.38,39.38,39.38,0
2003-03-25,39.38,39.38,39.38,39.38,0
2003-03-26,38.56,38.56,38.56,38.56,0
2003-03-27,38.56,38.56,38.56,38.56,0
2003-03-28,38.56,38.56,38.56,38.56,0
2003-03-31,38.56,38.56,38.56,38.56,0
2003-04-01,37.68,37.68,37.68,37.68,0
2003-04-02,37.68,37.68,37.68,37.68,0
2003-04-03,37.68,37.68,37.68,37.68,0
2003-04-04,37.68,37.68,37.68,37.68,0
2003-04-07,37.68,37.68,37.68,37.68,0
2003-04-08,37.68,37.68,37.68,37.68,0
2003-04-09,37.63,37.63,37.63,37.63,0
2003-04-10,37.47,37.47,37.47,37.47,0
2003-04-11,37.47,37.47,37.47,37.47,0
2003-04-14,37.47,37.47,37.47,37.47,0
2003-04-15,37.47,37.47,37.47,37.47,0
2003-04-16,37.47,37.47,37.47,37.47,0
2003-04-17,37.47,37.47,37.47,37.47,0
2003-04-18,37.47,37.47,37.47,37.47,0
2003-04-22,37.47,37.47,37.47,37.47,0
2003-04-23,37.47,37.47,37.47,37.47,0
2003-04-24,36.61,36.61,36.61,36.61,0
2003-04-25,36.61,36.61,36.61,36.61,0
2003-04-28,36.61,36.61,36.61,36.61,0
2003-04-29,36.61,36.61,36.61,36.61,0
2003-04-30,36.61,36.61,36.61,36.61,0
2003-05-02,36.61,36.61,36.61,36.61,0
2003-05-05,36.55,36.55,36.55,36.55,0
2003-05-06,36.55,36.55,36.55,36.55,0
2003-05-07,35.63,35.63,35.63,35.63,0
2003-05-08,35.63,35.63,35.63,35.63,0
2003-05-09,35.63,35.63,35.63,35.63,0
2003-05-12,35.63,35.63,35.63,35.63,0
2003-05-14,35.63,35.63,35.63,35.63,0
2003-05-15,34.75,34.75,34.75,34.75,0
2003-05-16,34.75,34.75,34.75,34.75,0
2003-05-19,34.75,34.75,34.75,34.75,0
2003-05-20,34.75,34.75,34.75,34.75,0
2003-05-21,34.75,34.75,34.75,34.75,0
2003-05-22,34.73,34.73,34.73,34.73,0
2003-05-23,33.74,33.74,33.74,33.74,0
2003-05-26,32.67,32.67,32.67,32.67,0
2003-05-27,32.67,32.67,32.67,32.67,0
2003-05-28,32.64,32.64,32.64,32.64,0
2003-05-30,32.66,32.66,32.66,32.66,0
2003-06-02,32.64,32.64,32.64,32.64,0
2003-06-03,32.22,32.22,32.22,32.22,0
2003-06-04,32.22,32.22,32.22,32.22,0
2003-06-05,32.22,32.22,32.22,32.22,0
2003-06-06,32.22,32.22,32.22,32.22,0
2003-06-10,32.22,32.22,32.22,32.22,0
2003-06-11,32.22,32.22,32.22,32.22,0
2003-06-12,32.22,32.22,32.22,32.22,0
2003-06-16,32.64,32.64,32.64,32.64,0
2003-06-17,32.66,32.66,32.66,32.66,0
2003-06-18,32.64,32.64,32.64,32.64,0
2003-06-19,32.64,32.64,32.64,32.64,0
2003-06-20,32.64,32.64,32.64,32.64,0
2003-06-23,32.64,32.64,32.64,32.64,0
2003-06-24,32.64,32.64,32.64,32.64,0
2003-06-25,32.64,32.64,32.64,32.64,0
2003-06-26,32.64,32.64,32.64,32.64,0
2003-06-27,32.64,32.64,32.64,32.64,0
2003-06-30,32.64,32.64,32.64,32.64,0
2003-07-01,32.64,32.64,32.64,32.64,0
2003-07-02,32.64,32.64,32.64,32.64,0
2003-07-03,32.64,32.64,32.64,32.64,0
2003-07-04,30.69,30.69,30.69,30.69,0
2003-07-07,30.69,30.69,30.69,30.69,0
2003-07-08,30.69,30.69,30.69,30.69,0
2003-07-09,30.75,30.75,30.75,30.75,0
2003-07-10,30.75,30.75,30.75,30.75,0
2003-07-11,30.95,30.95,30.95,30.95,0
2003-07-14,30.94,30.94,30.94,30.94,0
2003-07-15,30.94,30.94,30.94,30.94,0
2003-07-16,30.94,30.94,30.94,30.94,0
2003-07-17,30.94,30.94,30.94,30.94,0
2003-07-18,30.94,30.94,30.94,30.94,0
2003-07-21,30.99,30.99,30.99,30.99,0
2003-07-22,31.78,31.78,31.78,31.78,0
2003-07-23,31.78,31.78,31.78,31.78,0
2003-07-24,32.2,32.2,32.2,32.2,0
2003-07-25,32.2,32.2,32.2,32.2,0
2003-07-28,32.2,32.2,32.2,32.2,0
2003-07-29,32.19,32.19,32.19,32.19,0
2003-07-30,32.2,32.2,32.2,32.2,0
2003-07-31,32.12,32.12,32.12,32.12,0
2003-08-01,32.12,32.12,32.12,32.12,0
2003-08-04,32.14,32.14,32.14,32.14,0
2003-08-05,32.15,32.15,32.15,32.15,0
2003-08-06,32.15,32.15,32.15,32.15,0
2003-08-08,32.15,32.15,32.15,32.15,0
2003-08-11,31.2,31.2,31.2,31.2,0
2003-08-12,31.09,31.09,31.09,31.09,0
2003-08-13,31.09,31.09,31.09,31.09,0
2003-08-14,32.15,32.15,32.15,32.15,0
2003-08-18,32.15,32.15,32.15,32.15,0
2003-08-19,32.15,32.15,32.15,32.15,0
2003-08-20,32.15,32.15,32.15,32.15,0
2003-08-21,32.15,32.15,32.15,32.15,0
2003-08-22,32.15,32.15,32.15,32.15,0
2003-08-25,32.15,32.15,32.15,32.15,0
2003-08-26,32.15,32.15,32.15,32.15,0
2003-08-27,31.31,31.31,31.31,31.31,0
2003-08-28,31.31,31.31,31.31,31.31,0
2003-08-29,31.31,31.31,31.31,31.31,0
2003-09-01,31.31,31.31,31.31,31.31,0
2003-09-02,31.31,31.31,31.31,31.31,0
2003-09-03,31.31,31.31,31.31,31.31,0
2003-09-04,31.31,31.31,31.31,31.31,0
2003-09-05,31.31,31.31,31.31,31.31,0
2003-09-08,31.31,31.31,31.31,31.31,0
2003-09-09,31.31,31.31,31.31,31.31,0
2003-09-10,31.31,31.31,31.31,31.31,0
2003-09-11,31.31,31.31,31.31,31.31,0
2003-09-12,32.15,32.15,32.15,32.15,0
2003-09-15,32.15,32.15,32.15,32.15,0
2003-09-16,32.15,32.15,32.15,32.15,0
2003-09-17,32.15,32.15,32.15,32.15,0
2003-09-18,32.13,32.13,32.13,32.13,0
2003-09-19,32.13,32.13,32.13,32.13,0
2003-09-22,32.25,32.25,32.25,32.25,0
2003-09-23,32.25,32.25,32.25,32.25,0
2003-09-24,32.25,32.25,32.25,32.25,0
2003-09-25,32.25,32.25,32.25,32.25,0
2003-09-26,32.25,32.25,32.25,32.25,0
2003-09-29,32.25,32.25,32.25,32.25,0
2003-09-30,32.25,32.25,32.25,32.25,0
2003-10-01,32.25,32.25,32.25,32.25,0
2003-10-02,32.25,32.25,32.25,32.25,0
2003-10-03,32.25,32.25,32.25,32.25,0
2003-10-06,32.36,32.36,32.36,32.36,0
2003-10-07,32.36,32.36,32.36,32.36,0
2003-10-08,32.57,32.57,32.57,32.57,0
2003-10-09,32.57,32.57,32.57,32.57,0
2003-10-10,32.57,32.57,32.57,32.57,0
2003-10-13,33.07,33.07,33.07,33.07,0
2003-10-14,33.09,33.09,33.09,33.09,0
2003-10-15,33.61,33.61,33.61,33.61,0
2003-10-16,33.61,33.61,33.61,33.61,0
2003-10-17,33.61,33.61,33.61,33.61,0
2003-10-20,33.29,33.29,33.29,33.29,0
2003-10-21,33.4,33.4,33.4,33.4,0
2003-10-22,33.65,33.65,33.65,33.65,0
2003-10-23,33.65,33.65,33.65,33.65,0
2003-10-24,33.65,33.65,33.65,33.65,0
2003-10-27,33.78,33.78,33.78,33.78,0
2003-10-28,33.78,33.78,33.78,33.78,0
2003-10-29,33.78,33.78,33.78,33.78,0
2003-10-30,33.89,33.89,33.89,33.89,0
2003-10-31,33.89,33.89,33.89,33.89,0
2003-11-03,33.77,33.77,33.77,33.77,0
2003-11-04,33.77,33.77,33.77,33.77,0
2003-11-05,33.77,33.77,33.77,33.77,0
2003-11-06,33.77,33.77,33.77,33.77,0
2003-11-07,33.77,33.77,33.77,33.77,0
2003-11-10,33.77,33.77,33.77,33.77,0
2003-11-11,33.77,33.77,33.77,33.77,0
2003-11-12,33.77,33.77,33.77,33.77,0
2003-11-13,33.77,33.77,33.77,33.77,0
2003-11-14,34.15,34.15,34.15,34.15,0
2003-11-17,34.15,34.15,34.15,34.15,0
2003-11-18,34.15,34.15,34.15,34.15,0
2003-11-19,34.15,34.15,34.15,34.15,0
2003-11-20,35.63,35.63,35.63,35.63,0
2003-11-21,35.63,35.63,35.63,35.63,0
2003-11-24,35.63,35.63,35.63,35.63,0
2003-11-26,35.63,35.63,35.63,35.63,0
2003-11-27,35.63,35.63,35.63,35.63,0
2003-11-28,35.63,35.63,35.63,35.63,0
2003-12-01,35.63,35.63,35.63,35.63,0
2003-12-02,35.63,35.63,35.63,35.63,0
2003-12-03,35.53,35.53,35.53,35.53,0
2003-12-04,35.53,35.53,35.53,35.53,0
2003-12-05,35.53,35.53,35.53,35.53,0
2003-12-08,35.53,35.53,35.53,35.53,0
2003-12-09,34.07,34.07,34.07,34.07,0
2003-12-10,34.05,34.05,34.05,34.05,0
2003-12-11,34.97,34.97,34.97,34.97,0
2003-12-12,34.05,34.05,34.05,34.05,0
2003-12-15,34.05,34.05,34.05,34.05,0
2003-12-16,34.05,34.05,34.05,34.05,0
2003-12-17,34.04,34.04,34.04,34.04,0
2003-12-18,34.04,34.04,34.04,34.04,0
2003-12-19,34.04,34.04,34.04,34.04,0
2003-12-22,34.04,34.04,34.04,34.04,0
2003-12-23,35.42,35.42,35.42,35.42,0
2003-12-24,35.42,35.42,35.42,35.42,0
2003-12-26,36.27,36.27,36.27,36.27,0
2003-12-29,35.45,35.45,35.45,35.45,0
2003-12-30,35.25,35.25,35.25,35.25,0
2003-12-31,38,38,38,38,0
2004-01-02,37.97,37.97,37.97,37.97,0
2004-01-05,37.97,37.97,37.97,37.97,0
2004-01-06,37.87,37.87,37.87,37.87,0
2004-01-07,37.87,37.87,37.87,37.87,0
2004-01-08,35.25,35.25,35.25,35.25,0
2004-01-09,35.27,35.27,35.27,35.27,0
2004-01-12,35.27,35.27,35.27,35.27,0
2004-01-13,35.27,35.27,35.27,35.27,0
2004-01-14,35.27,35.27,35.27,35.27,0
2004-01-15,35.27,35.27,35.27,35.27,0
2004-01-16,36.1,36.1,36.1,36.1,0
2004-01-19,36.12,36.12,36.12,36.12,0
2004-01-20,36.59,36.59,36.59,36.59,0
2004-01-21,36.61,36.61,36.61,36.61,0
2004-01-22,36.61,36.61,36.61,36.61,0
2004-01-23,37.48,37.48,37.48,37.48,0
2004-01-26,39.05,39.05,39.05,39.05,0
2004-01-27,40.07,40.07,40.07,40.07,0
2004-01-28,40.2,40.2,40.2,40.2,0
2004-01-29,40.2,40.2,40.2,40.2,0
2004-01-30,41.2,41.2,41.2,41.2,0
2004-02-02,41.2,41.2,41.2,41.2,0
2004-02-03,41.2,41.2,41.2,41.2,0
2004-02-04,42.04,42.04,42.04,42.04,0
2004-02-05,44.29,44.29,44.29,44.29,0
2004-02-06,44.29,44.29,44.29,44.29,0
2004-02-09,44.29,44.29,44.29,44.29,0
2004-02-10,44.29,44.29,44.29,44.29,0
2004-02-11,44.29,44.29,44.29,44.29,0
2004-02-12,44.27,44.27,44.27,44.27,0
2004-02-13,44.59,44.59,44.59,44.59,0
2004-02-16,44.59,44.59,44.59,44.59,0
2004-02-17,44.59,44.59,44.59,44.59,0
2004-02-18,44.59,44.59,44.59,44.59,0
2004-02-19,44.47,44.47,44.47,44.47,0
2004-02-20,44.47,44.47,44.47,44.47,0
2004-02-23,44.47,44.47,44.47,44.47,0
2004-02-24,44.43,44.43,44.43,44.43,0
2004-02-25,44.43,44.43,44.43,44.43,0
2004-02-26,44.43,44.43,44.43,44.43,0
2004-02-27,44.43,44.43,44.43,44.43,0
2004-03-01,44.43,44.43,44.43,44.43,0
2004-03-02,44.43,44.43,44.43,44.43,0
2004-03-03,44.43,44.43,44.43,44.43,0
2004-03-04,44.42,44.42,44.42,44.42,0
2004-03-05,44.42,44.42,44.42,44.42,0
2004-03-08,44.05,44.05,44.05,44.05,0
2004-03-09,44.05,44.05,44.05,44.05,0
2004-03-10,44.05,44.05,44.05,44.05,0
2004-03-11,44.06,44.06,44.06,44.06,0
2004-03-12,44.06,44.06,44.06,44.06,0
2004-03-15,44.27,44.27,44.27,44.27,0
2004-03-16,44.27,44.27,44.27,44.27,0
2004-03-17,44.27,44.27,44.27,44.27,0
2004-03-18,44.06,44.06,44.06,44.06,0
2004-03-19,44.06,44.06,44.06,44.06,0
2004-03-22,44.06,44.06,44.06,44.06,0
2004-03-23,44.06,44.06,44.06,44.06,0
2004-03-24,44.06,44.06,44.06,44.06,0
2004-03-26,44.06,44.06,44.06,44.06,0
2004-03-29,44.06,44.06,44.06,44.06,0
2004-03-30,44.06,44.06,44.06,44.06,0
2004-03-31,44.11,44.11,44.11,44.11,0
2004-04-01,45.06,45.06,45.06,45.06,0
2004-04-02,44.81,44.81,44.81,44.81,0
2004-04-05,44.85,44.85,44.85,44.85,0
2004-04-06,44.85,44.85,44.85,44.85,0
2004-04-07,44.85,44.85,44.85,44.85,0
2004-04-08,44.85,44.85,44.85,44.85,0
2004-04-09,44.85,44.85,44.85,44.85,0
2004-04-13,44.85,44.85,44.85,44.85,0
2004-04-14,44.85,44.85,44.85,44.85,0
2004-04-15,44.88,44.88,44.88,44.88,0
2004-04-16,44.26,44.26,44.26,44.26,0
2004-04-19,44.26,44.26,44.26,44.26,0
2004-04-20,44.26,44.26,44.26,44.26,0
2004-04-21,44.26,44.26,44.26,44.26,0
2004-04-22,44.43,44.43,44.43,44.43,0
2004-04-23,44.43,44.43,44.43,44.43,0
2004-04-26,44.68,44.68,44.68,44.68,0
2004-04-27,44.85,44.85,44.85,44.85,0
2004-04-28,45.27,45.27,45.27,45.27,0
2004-04-29,45.75,45.75,45.75,45.75,0
2004-04-30,45.75,45.75,45.75,45.75,0
2004-05-03,45.75,45.75,45.75,45.75,0
2004-05-04,45.75,45.75,45.75,45.75,0
2004-05-05,45.87,45.87,45.87,45.87,0
2004-05-06,45.87,45.87,45.87,45.87,0
2004-05-07,46.09,46.09,46.09,46.09,0
2004-05-10,46.09,46.09,46.09,46.09,0
2004-05-11,46.09,46.09,46.09,46.09,0
2004-05-12,46.4,46.4,46.4,46.4,0
2004-05-13,46.4,46.4,46.4,46.4,0
2004-05-14,47.82,47.82,47.82,47.82,0
2004-05-17,47.82,47.82,47.82,47.82,0
2004-05-18,50.99,50.99,50.99,50.99,0
2004-05-19,50.99,50.99,50.99,50.99,0
2004-05-21,52.19,52.19,52.19,52.19,0
2004-05-24,52.19,52.19,52.19,52.19,0
2004-05-25,52.19,52.19,52.19,52.19,0
2004-05-26,52.19,52.19,52.19,52.19,0
2004-05-27,52.19,52.19,52.19,52.19,0
2004-05-28,52.19,52.19,52.19,52.19,0
2004-06-01,52.19,52.19,52.19,52.19,0
2004-06-02,52.19,52.19,52.19,52.19,0
2004-06-03,52.19,52.19,52.19,52.19,0
2004-06-04,52.19,52.19,52.19,52.19,0
2004-06-07,52.19,52.19,52.19,52.19,0
2004-06-08,52.19,52.19,52.19,52.19,0
2004-06-09,52.19,52.19,52.19,52.19,0
2004-06-10,52.19,52.19,52.19,52.19,0
2004-06-11,52.19,52.19,52.19,52.19,0
2004-06-14,52.19,52.19,52.19,52.19,0
2004-06-15,52.19,52.19,52.19,52.19,0
2004-06-16,51.16,51.16,51.16,51.16,0
2004-06-17,51.16,51.16,51.16,51.16,0
2004-06-18,51.16,51.16,51.16,51.16,0
2004-06-21,51.16,51.16,51.16,51.16,0
2004-06-22,51.26,51.26,51.26,51.26,0
2004-06-23,50.84,50.84,50.84,50.84,0
2004-06-24,50.84,50.84,50.84,50.84,0
2004-06-25,50.84,50.84,50.84,50.84,0
2004-06-28,50.84,50.84,50.84,50.84,0
2004-06-29,50.84,50.84,50.84,50.84,0
2004-06-30,50.84,50.84,50.84,50.84,0
2004-07-01,50.84,50.84,50.84,50.84,0
2004-07-02,50.84,50.84,50.84,50.84,0
2004-07-05,50.84,50.84,50.84,50.84,0
2004-07-06,50.84,50.84,50.84,50.84,0
2004-07-07,50.84,50.84,50.84,50.84,0
2004-07-08,49.02,49.02,49.02,49.02,0
2004-07-09,49.02,49.02,49.02,49.02,0
2004-07-12,49.02,49.02,49.02,49.02,0
2004-07-13,49.02,49.02,49.02,49.02,0
2004-07-14,49.02,49.02,49.02,49.02,0
2004-07-15,48.09,48.09,48.09,48.09,0
2004-07-16,48.09,48.09,48.09,48.09,0
2004-07-19,46.24,46.24,46.24,46.24,0
2004-07-20,47.74,47.74,47.74,47.74,0
2004-07-22,45.11,45.11,45.11,45.11,0
2004-07-23,45.11,45.11,45.11,45.11,0
2004-07-26,45.12,45.12,45.12,45.12,0
2004-07-27,45.11,45.11,45.11,45.11,0
2004-07-28,45.11,45.11,45.11,45.11,0
2004-07-29,45.11,45.11,45.11,45.11,0
2004-07-30,45.11,45.11,45.11,45.11,0
2004-08-02,45.11,45.11,45.11,45.11,0
2004-08-03,45.11,45.11,45.11,45.11,0
2004-08-04,45.11,45.11,45.11,45.11,0
2004-08-05,45.11,45.11,45.11,45.11,0
2004-08-06,45.11,45.11,45.11,45.11,0
2004-08-10,45.11,45.11,45.11,45.11,0
2004-08-11,45.11,45.11,45.11,45.11,0
2004-08-12,45.11,45.11,45.11,45.11,0
2004-08-13,45.11,45.11,45.11,45.11,0
2004-08-16,45.11,45.11,45.11,45.11,0
2004-08-17,45.12,45.12,45.12,45.12,0
2004-08-18,44.91,44.91,44.91,44.91,0
2004-08-19,44.91,44.91,44.91,44.91,0
2004-08-20,44.91,44.91,44.91,44.91,0
2004-08-24,44.91,44.91,44.91,44.91,0
2004-08-25,44.91,44.91,44.91,44.91,0
2004-08-26,44.91,44.91,44.91,44.91,0
2004-08-27,44.91,44.91,44.91,44.91,0
2004-08-30,44.91,44.91,44.91,44.91,0
2004-08-31,44.91,44.91,44.91,44.91,0
2004-09-01,44.91,44.91,44.91,44.91,0
2004-09-02,44.91,44.91,44.91,44.91,0
2004-09-03,44.91,44.91,44.91,44.91,0
2004-09-06,44.91,44.91,44.91,44.91,0
2004-09-07,44.91,44.91,44.91,44.91,0
2004-09-08,44.91,44.91,44.91,44.91,0
2004-09-09,44.95,44.95,44.95,44.95,0
2004-09-10,45.16,45.16,45.16,45.16,0
2004-09-13,44.25,44.25,44.25,44.25,0
2004-09-14,43.78,43.78,43.78,43.78,0
2004-09-15,43.78,43.78,43.78,43.78,0
2004-09-16,43.78,43.78,43.78,43.78,0
2004-09-17,43.78,43.78,43.78,43.78,0
2004-09-20,43.78,43.78,43.78,43.78,0
2004-09-21,42.84,42.84,42.84,42.84,0
2004-09-22,42.84,42.84,42.84,42.84,0
2004-09-23,42.84,42.84,42.84,42.84,0
2004-09-24,42.84,42.84,42.84,42.84,0
2004-09-27,42.84,42.84,42.84,42.84,0
2004-09-28,44.03,44.03,44.03,44.03,0
2004-09-29,44.06,44.06,44.06,44.06,0
2004-09-30,44.06,44.06,44.06,44.06,0
2004-10-01,44.06,44.06,44.06,44.06,0
2004-10-04,44.12,44.12,44.12,44.12,0
2004-10-05,44.12,44.12,44.12,44.12,0
2004-10-06,44.12,44.12,44.12,44.12,0
2004-10-07,44.12,44.12,44.12,44.12,0
2004-10-08,44.12,44.12,44.12,44.12,0
2004-10-11,43.71,43.71,43.71,43.71,0
2004-10-12,43.71,43.71,43.71,43.71,0
2004-10-13,44.97,44.97,44.97,44.97,0
2004-10-14,44.97,44.97,44.97,44.97,0
2004-10-15,47.76,47.76,47.76,47.76,0
2004-10-18,47.82,47.82,47.82,47.82,0
2004-10-19,48.82,48.82,48.82,48.82,0
2004-10-20,49.34,49.34,49.34,49.34,0
2004-10-21,51.02,51.02,51.02,51.02,0
2004-10-22,50.9,50.9,50.9,50.9,0
2004-10-25,50.52,50.52,50.52,50.52,0
2004-10-26,50.1,50.1,50.1,50.1,0
2004-10-27,50.1,50.1,50.1,50.1,0
2004-10-28,51.44,51.44,51.44,51.44,0
2004-10-29,50.6,50.6,50.6,50.6,0
2004-11-02,50.6,50.6,50.6,50.6,0
2004-11-03,50.6,50.6,50.6,50.6,0
2004-11-04,50.6,50.6,50.6,50.6,0
2004-11-05,50.63,50.63,50.63,50.63,0
2004-11-08,50.63,50.63,50.63,50.63,0
2004-11-09,50.63,50.63,50.63,50.63,0
2004-11-11,50.63,50.63,50.63,50.63,0
2004-11-12,49.37,49.37,49.37,49.37,0
2004-11-16,50.63,50.63,50.63,50.63,0
2004-11-17,50.63,50.63,50.63,50.63,0
2004-11-18,50.63,50.63,50.63,50.63,0
2004-11-19,50.63,50.63,50.63,50.63,0
2004-11-22,50.63,50.63,50.63,50.63,0
2004-11-23,50.63,50.63,50.63,50.63,0
2004-11-24,49.92,49.92,49.92,49.92,0
2004-11-25,49.92,49.92,49.92,49.92,0
2004-11-26,46.55,46.55,46.55,46.55,0
2004-11-29,46.55,46.55,46.55,46.55,0
2004-11-30,47.26,47.26,47.26,47.26,0
2004-12-01,45.18,45.18,45.18,45.18,0
2004-12-02,45.18,45.18,45.18,45.18,0
2004-12-03,45.98,45.98,45.98,45.98,0
2004-12-06,45.98,45.98,45.98,45.98,0
2004-12-07,45.98,45.98,45.98,45.98,0
2004-12-08,45.98,45.98,45.98,45.98,0
2004-12-09,45.98,45.98,45.98,45.98,0
2004-12-10,45.91,45.91,45.91,45.91,0
2004-12-13,45.91,45.91,45.91,45.91,0
2004-12-14,45.91,45.91,45.91,45.91,0
2004-12-15,45.91,45.91,45.91,45.91,0
2004-12-16,43.88,43.88,43.88,43.88,0
2004-12-17,43.88,43.88,43.88,43.88,0
2004-12-20,45.39,45.39,45.39,45.39,0
2004-12-21,45.39,45.39,45.39,45.39,0
2004-12-22,45.39,45.39,45.39,45.39,0
2004-12-23,46.27,46.27,46.27,46.27,0
2004-12-24,46.27,46.27,46.27,46.27,0
2004-12-27,46.27,46.27,46.27,46.27,0
2004-12-28,47.53,47.53,47.53,47.53,0
2004-12-29,48.37,48.37,48.37,48.37,0
2004-12-30,48.31,48.31,48.31,48.31,0
2004-12-31,50.6,50.6,50.6,50.6,0
2005-01-03,50.6,50.6,50.6,50.6,0
2005-01-04,49.56,49.56,49.56,49.56,0
2005-01-05,49.56,49.56,49.56,49.56,0
2005-01-06,49.56,49.56,49.56,49.56,0
2005-01-07,47.47,47.47,47.47,47.47,0
2005-01-10,47.47,47.47,47.47,47.47,0
2005-01-11,47.47,47.47,47.47,47.47,0
2005-01-12,47.47,47.47,47.47,47.47,0
2005-01-13,46.63,46.63,46.63,46.63,0
2005-01-14,46.63,46.63,46.63,46.63,0
2005-01-17,46.25,46.25,46.25,46.25,0
2005-01-18,46.25,46.25,46.25,46.25,0
2005-01-19,46.25,46.25,46.25,46.25,0
2005-01-21,46.25,46.25,46.25,46.25,0
2005-01-24,46.25,46.25,46.25,46.25,0
2005-01-25,46.25,46.25,46.25,46.25,0
2005-01-26,46.21,46.21,46.21,46.21,0
2005-01-27,46.21,46.21,46.21,46.21,0
2005-01-28,46.21,46.21,46.21,46.21,0
2005-01-31,46,46,46,46,0
2005-02-01,45.95,45.95,45.95,45.95,0
2005-02-02,44.91,44.91,44.91,44.91,0
2005-02-03,44.91,44.91,44.91,44.91,0
2005-02-04,44.91,44.91,44.91,44.91,0
2005-02-07,44.91,44.91,44.91,44.91,0
2005-02-08,44.91,44.91,44.91,44.91,0
2005-02-09,44.91,44.91,44.91,44.91,0
2005-02-10,42.33,42.33,42.33,42.33,0
2005-02-11,42.12,42.12,42.12,42.12,0
2005-02-14,42.12,42.12,42.12,42.12,0
2005-02-15,42.12,42.12,42.12,42.12,0
2005-02-16,42.12,42.12,42.12,42.12,0
2005-02-17,42.12,42.12,42.12,42.12,0
2005-02-18,42.12,42.12,42.12,42.12,0
2005-02-21,42.12,42.12,42.12,42.12,0
2005-02-22,42.12,42.12,42.12,42.12,0
2005-02-23,42.12,42.12,42.12,42.12,0
2005-02-24,42.17,42.17,42.17,42.17,0
2005-02-25,42.18,42.18,42.18,42.18,0
2005-02-28,42.18,42.18,42.18,42.18,0
2005-03-01,42.25,42.25,42.25,42.25,0
2005-03-02,42.25,42.25,42.25,42.25,0
2005-03-03,42.42,42.42,42.42,42.42,0
2005-03-04,42.51,42.51,42.51,42.51,0
2005-03-07,42.76,42.76,42.76,42.76,0
2005-03-08,42.93,42.93,42.93,42.93,0
2005-03-09,42.75,42.75,42.75,42.75,0
2005-03-10,42.75,42.75,42.75,42.75,0
2005-03-11,42.75,42.75,42.75,42.75,0
2005-03-14,44.08,44.08,44.08,44.08,0
2005-03-15,44.88,44.88,44.88,44.88,0
2005-03-16,44.88,44.88,44.88,44.88,0
2005-03-17,46.12,46.12,46.12,46.12,0
2005-03-18,46.12,46.12,46.12,46.12,0
2005-03-21,46.12,46.12,46.12,46.12,0
2005-03-22,45.76,45.76,45.76,45.76,0
2005-03-23,45.79,45.79,45.79,45.79,0
2005-03-24,46,46,46,46,0
2005-03-25,46.04,46.04,46.04,46.04,0
2005-03-29,46.04,46.04,46.04,46.04,0
2005-03-30,46.04,46.04,46.04,46.04,0
2005-03-31,46.04,46.04,46.04,46.04,0
2005-04-01,46.04,46.04,46.04,46.04,0
2005-04-04,46.04,46.04,46.04,46.04,0
2005-04-05,46.05,46.05,46.05,46.05,0
2005-04-06,47.49,47.49,47.49,47.49,0
2005-04-07,47.46,47.46,47.46,47.46,0
2005-04-08,47.46,47.46,47.46,47.46,0
2005-04-11,47.63,47.63,47.63,47.63,0
2005-04-12,47.63,47.63,47.63,47.63,0
2005-04-13,50.65,50.65,50.65,50.65,0
2005-04-14,50.65,50.65,50.65,50.65,0
2005-04-15,50.67,50.67,50.67,50.67,0
2005-04-18,50.67,50.67,50.67,50.67,0
2005-04-19,50.67,50.67,50.67,50.67,0
2005-04-20,50.67,50.67,50.67,50.67,0
2005-04-22,50.69,50.69,50.69,50.69,0
2005-04-25,50.6,50.6,50.6,50.6,0
2005-04-26,50.33,50.33,50.33,50.33,0
2005-04-27,50.33,50.33,50.33,50.33,0
2005-04-28,50.6,50.6,50.6,50.6,0
2005-04-29,51.22,51.22,51.22,51.22,0
2005-05-03,51.22,51.22,51.22,51.22,0
2005-05-04,51.22,51.22,51.22,51.22,0
2005-05-06,51.22,51.22,51.22,51.22,0
2005-05-09,52.94,52.94,52.94,52.94,0
2005-05-10,53.32,53.32,53.32,53.32,0
2005-05-11,53.32,53.32,53.32,53.32,0
2005-05-12,53.32,53.32,53.32,53.32,0
2005-05-13,53.34,53.34,53.34,53.34,0
2005-05-17,53.34,53.34,53.34,53.34,0
2005-05-18,53.34,53.34,53.34,53.34,0
2005-05-19,53.34,53.34,53.34,53.34,0
2005-05-20,53.34,53.34,53.34,53.34,0
2005-05-23,53.34,53.34,53.34,53.34,0
2005-05-24,52.94,52.94,52.94,52.94,0
2005-05-25,52.94,52.94,52.94,52.94,0
2005-05-26,52.94,52.94,52.94,52.94,0
2005-05-27,52.94,52.94,52.94,52.94,0
2005-05-30,51.16,51.16,51.16,51.16,0
2005-05-31,51.16,51.16,51.16,51.16,0
2005-06-01,49.9,49.9,49.9,49.9,0
2005-06-02,49.02,49.02,49.02,49.02,0
2005-06-03,49.02,49.02,49.02,49.02,0
2005-06-06,49.02,49.02,49.02,49.02,0
2005-06-07,49.02,49.02,49.02,49.02,0
2005-06-08,49.02,49.02,49.02,49.02,0
2005-06-09,49.02,49.02,49.02,49.02,0
2005-06-10,49.02,49.02,49.02,49.02,0
2005-06-13,48.78,48.78,48.78,48.78,0
2005-06-14,48.78,48.78,48.78,48.78,0
2005-06-15,48.63,48.63,48.63,48.63,0
2005-06-16,48.63,48.63,48.63,48.63,0
2005-06-17,48.55,48.55,48.55,48.55,0
2005-06-20,48.55,48.55,48.55,48.55,0
2005-06-21,48.55,48.55,48.55,48.55,0
2005-06-22,48.55,48.55,48.55,48.55,0
2005-06-23,48.73,48.73,48.73,48.73,0
2005-06-24,48.73,48.73,48.73,48.73,0
2005-06-27,48.56,48.56,48.56,48.56,0
2005-06-28,48.66,48.66,48.66,48.66,0
2005-06-29,48.66,48.66,48.66,48.66,0
2005-06-30,48.66,48.66,48.66,48.66,0
2005-07-01,48.66,48.66,48.66,48.66,0
2005-07-04,48.66,48.66,48.66,48.66,0
2005-07-05,48.66,48.66,48.66,48.66,0
2005-07-06,48.66,48.66,48.66,48.66,0
2005-07-07,48.66,48.66,48.66,48.66,0
2005-07-08,48.24,48.24,48.24,48.24,0
2005-07-11,48.24,48.24,48.24,48.24,0
2005-07-12,49.03,49.03,49.03,49.03,0
2005-07-13,49.03,49.03,49.03,49.03,0
2005-07-14,47.77,47.77,47.77,47.77,0
2005-07-15,47.72,47.72,47.72,47.72,0
2005-07-18,47.72,47.72,47.72,47.72,0
2005-07-19,47.72,47.72,47.72,47.72,0
2005-07-20,47.72,47.72,47.72,47.72,0
2005-07-21,47.74,47.74,47.74,47.74,0
2005-07-22,47.74,47.74,47.74,47.74,0
2005-07-25,47.74,47.74,47.74,47.74,0
2005-07-26,47.74,47.74,47.74,47.74,0
2005-07-27,45.48,45.48,45.48,45.48,0
2005-07-28,45.48,45.48,45.48,45.48,0
2005-07-29,44.77,44.77,44.77,44.77,0
2005-08-01,44.77,44.77,44.77,44.77,0
2005-08-02,44.67,44.67,44.67,44.67,0
2005-08-03,44.67,44.67,44.67,44.67,0
2005-08-04,44.67,44.67,44.67,44.67,0
2005-08-05,44.64,44.64,44.64,44.64,0
2005-08-09,44.09,44.09,44.09,44.09,0
2005-08-10,44.07,44.07,44.07,44.07,0
2005-08-11,44.09,44.09,44.09,44.09,0
2005-08-12,43.95,43.95,43.95,43.95,0
2005-08-16,44.85,44.85,44.85,44.85,0
2005-08-17,44.87,44.87,44.87,44.87,0
2005-08-18,44.83,44.83,44.83,44.83,0
2005-08-19,44.83,44.83,44.83,44.83,0
2005-08-22,44.83,44.83,44.83,44.83,0
2005-08-23,45,45,45,45,0
2005-08-24,46.41,46.41,46.41,46.41,0
2005-08-25,47.92,47.92,47.92,47.92,0
2005-08-26,48.28,48.28,48.28,48.28,0
2005-08-29,48.45,48.45,48.45,48.45,0
2005-08-30,48.45,48.45,48.45,48.45,0
2005-08-31,48.45,48.45,48.45,48.45,0
2005-09-02,48.45,48.45,48.45,48.45,0
2005-09-05,48.45,48.45,48.45,48.45,0
2005-09-06,48.45,48.45,48.45,48.45,0
2005-09-08,49.06,49.06,49.06,49.06,0
2005-09-09,49.6,49.6,49.6,49.6,0
2005-09-12,48.99,48.99,48.99,48.99,0
2005-09-13,49.01,49.01,49.01,49.01,0
2005-09-14,48.99,48.99,48.99,48.99,0
2005-09-15,48.99,48.99,48.99,48.99,0
2005-09-16,48.97,48.97,48.97,48.97,0
2005-09-19,48.97,48.97,48.97,48.97,0
2005-09-20,48.99,48.99,48.99,48.99,0
2005-09-21,48.99,48.99,48.99,48.99,0
2005-09-22,48.57,48.57,48.57,48.57,0
2005-09-23,48.57,48.57,48.57,48.57,0
2005-09-26,48.57,48.57,48.57,48.57,0
2005-09-27,48.23,48.23,48.23,48.23,0
2005-09-28,48.23,48.23,48.23,48.23,0
2005-09-29,46.88,46.88,46.88,46.88,0
2005-09-30,46.91,46.91,46.91,46.91,0
2005-10-03,47.4,47.4,47.4,47.4,0
2005-10-04,45.79,45.79,45.79,45.79,0
2005-10-05,44.25,44.25,44.25,44.25,0
2005-10-06,44.25,44.25,44.25,44.25,0
2005-10-07,44.61,44.61,44.61,44.61,0
2005-10-10,44.25,44.25,44.25,44.25,0
2005-10-11,44.25,44.25,44.25,44.25,0
2005-10-12,44.25,44.25,44.25,44.25,0
2005-10-13,44.25,44.25,44.25,44.25,0
2005-10-14,44.25,44.25,44.25,44.25,0
2005-10-17,44.22,44.22,44.22,44.22,0
2005-10-18,44.1,44.1,44.1,44.1,0
2005-10-19,44.22,44.22,44.22,44.22,0
2005-10-24,44.2,44.2,44.2,44.2,0
2005-10-25,44.1,44.1,44.1,44.1,0
2005-10-26,44.1,44.1,44.1,44.1,0
2005-10-27,44.1,44.1,44.1,44.1,0
2005-10-28,46.18,46.18,46.18,46.18,0
2005-10-31,46.18,46.18,46.18,46.18,0
2005-11-02,46.18,46.18,46.18,46.18,0
2005-11-04,47.43,47.43,47.43,47.43,0
2005-11-07,46.07,46.07,46.07,46.07,0
2005-11-08,46.07,46.07,46.07,46.07,0
2005-11-09,44.3,44.3,44.3,44.3,0
2005-11-10,44.32,44.32,44.32,44.32,0
2005-11-11,44.32,44.32,44.32,44.32,0
2005-11-14,44.32,44.32,44.32,44.32,0
2005-11-16,44.88,44.88,44.88,44.88,0
2005-11-17,44.76,44.76,44.76,44.76,0
2005-11-18,44.76,44.76,44.76,44.76,0
2005-11-21,44.76,44.76,44.76,44.76,0
2005-11-22,46.23,46.23,46.23,46.23,0
2005-11-23,46.25,46.25,46.25,46.25,0
2005-11-24,46.67,46.67,46.67,46.67,0
2005-11-25,47.21,47.21,47.21,47.21,0
2005-11-28,47.21,47.21,47.21,47.21,0
2005-11-29,47.21,47.21,47.21,47.21,0
2005-11-30,44.49,44.49,44.49,44.49,0
2005-12-01,45.62,45.62,45.62,45.62,0
2005-12-02,45.07,45.07,45.07,45.07,0
2005-12-05,45.91,45.91,45.91,45.91,0
2005-12-06,45.91,45.91,45.91,45.91,0
2005-12-07,45.91,45.91,45.91,45.91,0
2005-12-08,45.91,45.91,45.91,45.91,0
2005-12-09,45.39,45.39,45.39,45.39,0
2005-12-12,45.81,45.81,45.81,45.81,0
2005-12-13,47.59,47.59,47.59,47.59,0
2005-12-14,47.59,47.59,47.59,47.59,0
2005-12-15,46.7,46.7,46.7,46.7,0
2005-12-16,47.55,47.55,47.55,47.55,0
2005-12-19,47.38,47.38,47.38,47.38,0
2005-12-20,46.25,46.25,46.25,46.25,0
2005-12-21,46.2,46.2,46.2,46.2,0
2005-12-22,46.2,46.2,46.2,46.2,0
2005-12-23,46.2,46.2,46.2,46.2,0
2005-12-26,47,47,47,47,0
2005-12-27,47.13,47.13,47.13,47.13,0
2005-12-28,49.59,49.59,49.59,49.59,0
2005-12-29,49.46,49.46,49.46,49.46,0
2005-12-30,50.71,50.71,50.71,50.71,0
2006-01-02,50.71,50.71,50.71,50.71,0
2006-01-03,50.71,50.71,50.71,50.71,0
2006-01-04,50.71,50.71,50.71,50.71,0
2006-01-06,49.62,49.62,49.62,49.62,0
2006-01-09,48.76,48.76,48.76,48.76,0
2006-01-11,48.76,48.76,48.76,48.76,0
2006-01-12,48.75,48.75,48.75,48.75,0
2006-01-16,47.49,47.49,47.49,47.49,0
2006-01-17,47.49,47.49,47.49,47.49,0
2006-01-18,47.49,47.49,47.49,47.49,0
2006-01-19,47.49,47.49,47.49,47.49,0
2006-01-20,47.9,47.9,47.9,47.9,0
2006-01-23,47.91,47.91,47.91,47.91,0
2006-01-24,47.95,47.95,47.95,47.95,0
2006-01-26,47.95,47.95,47.95,47.95,0
2006-01-27,48.05,48.05,48.05,48.05,0
2006-01-30,48.07,48.07,48.07,48.07,0
2006-01-31,48.07,48.07,48.07,48.07,0
2006-02-01,48.07,48.07,48.07,48.07,0
2006-02-02,48.09,48.09,48.09,48.09,0
2006-02-03,48.09,48.09,48.09,48.09,0
2006-02-06,49.27,49.27,49.27,49.27,0
2006-02-07,49.27,49.27,49.27,49.27,0
2006-02-08,48.76,48.76,48.76,48.76,0
2006-02-09,48.76,48.76,48.76,48.76,0
2006-02-10,49.18,49.18,49.18,49.18,0
2006-02-13,49.18,49.18,49.18,49.18,0
2006-02-14,49.18,49.18,49.18,49.18,0
2006-02-15,49.18,49.18,49.18,49.18,0
2006-02-16,49.18,49.18,49.18,49.18,0
2006-02-17,49.18,49.18,49.18,49.18,0
2006-02-20,47.95,47.95,47.95,47.95,0
2006-02-21,47.96,47.96,47.96,47.96,0
2006-02-22,47.66,47.66,47.66,47.66,0
2006-02-23,47.63,47.63,47.63,47.63,0
2006-02-24,47.63,47.63,47.63,47.63,0
2006-02-27,47.63,47.63,47.63,47.63,0
2006-02-28,47.65,47.65,47.65,47.65,0
2006-03-01,47.67,47.67,47.67,47.67,0
2006-03-02,47.66,47.66,47.66,47.66,0
2006-03-03,47.66,47.66,47.66,47.66,0
2006-03-06,47.85,47.85,47.85,47.85,0
2006-03-07,47.85,47.85,47.85,47.85,0
2006-03-08,47.79,47.79,47.79,47.79,0
2006-03-10,47.79,47.79,47.79,47.79,0
2006-03-13,47.84,47.84,47.84,47.84,0
2006-03-14,48.26,48.26,48.26,48.26,0
2006-03-15,47.84,47.84,47.84,47.84,0
2006-03-16,47.84,47.84,47.84,47.84,0
2006-03-17,48.68,48.68,48.68,48.68,0
2006-03-20,49.37,49.37,49.37,49.37,0
2006-03-21,49.37,49.37,49.37,49.37,0
2006-03-22,49.37,49.37,49.37,49.37,0
2006-03-23,49.37,49.37,49.37,49.37,0
2006-03-24,50.69,50.69,50.69,50.69,0
2006-03-27,51.57,51.57,51.57,51.57,0
2006-03-28,50.98,50.98,50.98,50.98,0
2006-03-29,50.98,50.98,50.98,50.98,0
2006-03-30,50.98,50.98,50.98,50.98,0
2006-03-31,50.98,50.98,50.98,50.98,0
2006-04-03,52.05,52.05,52.05,52.05,0
2006-04-04,52.02,52.02,52.02,52.02,0
2006-04-05,52.03,52.03,52.03,52.03,0
2006-04-06,52.03,52.03,52.03,52.03,0
2006-04-07,61.39,61.39,61.39,61.39,0
2006-04-10,62.27,62.27,62.27,62.27,0
2006-04-12,64.37,64.37,64.37,64.37,0
2006-04-13,64.37,64.37,64.37,64.37,0
2006-04-14,67.06,67.06,67.06,67.06,0
2006-04-18,66.89,66.89,66.89,66.89,0
2006-04-19,67.03,67.03,67.03,67.03,0
2006-04-20,64.37,64.37,64.37,64.37,0
2006-04-21,64.37,64.37,64.37,64.37,0
2006-04-24,64.37,64.37,64.37,64.37,0
2006-04-25,68.21,68.21,68.21,68.21,0
2006-04-26,68.21,68.21,68.21,68.21,0
2006-04-27,69.47,69.47,69.47,69.47,0
2006-04-28,70.06,70.06,70.06,70.06,0
2006-05-02,69.78,69.78,69.78,69.78,0
2006-05-03,69.76,69.76,69.76,69.76,0
2006-05-04,68.53,68.53,68.53,68.53,0
2006-05-05,68.32,68.32,68.32,68.32,0
2006-05-08,67.69,67.69,67.69,67.69,0
2006-05-09,66.41,66.41,66.41,66.41,0
2006-05-10,65.89,65.89,65.89,65.89,0
2006-05-11,65.95,65.95,65.95,65.95,0
2006-05-12,65.97,65.97,65.97,65.97,0
2006-05-15,65.97,65.97,65.97,65.97,0
2006-05-16,66.41,66.41,66.41,66.41,0
2006-05-17,66.41,66.41,66.41,66.41,0
2006-05-18,66.41,66.41,66.41,66.41,0
2006-05-19,66.41,66.41,66.41,66.41,0
2006-05-22,67.01,67.01,67.01,67.01,0
2006-05-23,67.01,67.01,67.01,67.01,0
2006-05-24,67.4,67.4,67.4,67.4,0
2006-05-26,64.97,64.97,64.97,64.97,0
2006-05-29,64.62,64.62,64.62,64.62,0
2006-05-30,64.78,64.78,64.78,64.78,0
2006-05-31,66.41,66.41,66.41,66.41,0
2006-06-01,66.41,66.41,66.41,66.41,0
2006-06-02,68.93,68.93,68.93,68.93,0
2006-06-06,69.65,69.65,69.65,69.65,0
2006-06-07,69.65,69.65,69.65,69.65,0
2006-06-08,70,70,70,70,0
2006-06-09,70,70,70,70,0
2006-06-12,70.79,70.79,70.79,70.79,0
2006-06-13,67.9,67.9,67.9,67.9,0
2006-06-14,67.9,67.9,67.9,67.9,0
2006-06-15,67.9,67.9,67.9,67.9,0
2006-06-16,67.48,67.48,67.48,67.48,0
2006-06-19,67.48,67.48,67.48,67.48,0
2006-06-20,67.48,67.48,67.48,67.48,0
2006-06-21,68.72,68.72,68.72,68.72,0
2006-06-22,68.74,68.74,68.74,68.74,0
2006-06-23,73.22,73.22,73.22,73.22,0
2006-06-26,74.27,74.27,74.27,74.27,0
2006-06-27,74.74,74.74,74.74,74.74,0
2006-06-28,76.49,76.49,76.49,76.49,0
2006-06-29,77.34,77.34,77.34,77.34,0
2006-06-30,79.26,79.26,79.26,79.26,0
2006-07-03,79.26,79.26,79.26,79.26,0
2006-07-04,80.35,80.35,80.35,80.35,0
2006-07-05,80.41,80.41,80.41,80.41,0
2006-07-06,80.41,80.41,80.41,80.41,0
2006-07-07,82.18,82.18,82.18,82.18,0
2006-07-10,81.88,81.88,81.88,81.88,0
2006-07-11,83.62,83.62,83.62,83.62,0
2006-07-12,82.58,82.58,82.58,82.58,0
2006-07-13,85.49,85.49,85.49,85.49,0
2006-07-14,84.28,84.28,84.28,84.28,0
2006-07-17,87.06,87.06,87.06,87.06,0
2006-07-18,87.1,87.1,87.1,87.1,0
2006-07-19,88.43,88.43,88.43,88.43,0
2006-07-20,88.71,88.71,88.71,88.71,0
2006-07-21,88.85,88.85,88.85,88.85,0
2006-07-24,88.88,88.88,88.88,88.88,0
2006-07-25,89.45,89.45,89.45,89.45,0
2006-07-26,84.84,84.84,84.84,84.84,0
2006-07-27,84.84,84.84,84.84,84.84,0
2006-07-28,84.93,84.93,84.93,84.93,0
2006-07-31,84.93,84.93,84.93,84.93,0
2006-08-01,84.93,84.93,84.93,84.93,0
2006-08-02,84.93,84.93,84.93,84.93,0
2006-08-03,84.93,84.93,84.93,84.93,0
2006-08-04,84.94,84.94,84.94,84.94,0
2006-08-08,84.97,84.97,84.97,84.97,0
2006-08-09,86.97,86.97,86.97,86.97,0
2006-08-10,88.39,88.39,88.39,88.39,0
2006-08-11,88.39,88.39,88.39,88.39,0
2006-08-14,88.39,88.39,88.39,88.39,0
2006-08-16,89.09,89.09,89.09,89.09,0
2006-08-17,89.7,89.7,89.7,89.7,0
2006-08-18,89.7,89.7,89.7,89.7,0
2006-08-21,89.7,89.7,89.7,89.7,0
2006-08-22,89.7,89.7,89.7,89.7,0
2006-08-23,89.66,89.66,89.66,89.66,0
2006-08-24,89.7,89.7,89.7,89.7,0
2006-08-25,89.7,89.7,89.7,89.7,0
2006-08-28,89.7,89.7,89.7,89.7,0
2006-08-29,89.7,89.7,89.7,89.7,0
2006-08-30,91.46,91.46,91.46,91.46,0
2006-08-31,91.46,91.46,91.46,91.46,0
2006-09-01,91.46,91.46,91.46,91.46,0
2006-09-04,91.46,91.46,91.46,91.46,0
2006-09-06,91.58,91.58,91.58,91.58,0
2006-09-07,91.58,91.58,91.58,91.58,0
2006-09-08,91.58,91.58,91.58,91.58,0
2006-09-11,91.58,91.58,91.58,91.58,0
2006-09-12,91.58,91.58,91.58,91.58,0
2006-09-13,91.55,91.55,91.55,91.55,0
2006-09-14,91.55,91.55,91.55,91.55,0
2006-09-15,91.55,91.55,91.55,91.55,0
2006-09-18,91.15,91.15,91.15,91.15,0
2006-09-19,91.57,91.57,91.57,91.57,0
2006-09-20,90.29,90.29,90.29,90.29,0
2006-09-21,90.27,90.27,90.27,90.27,0
2006-09-22,90.67,90.67,90.67,90.67,0
2006-09-25,90.69,90.69,90.69,90.69,0
2006-09-26,90.69,90.69,90.69,90.69,0
2006-09-27,90.69,90.69,90.69,90.69,0
2006-09-28,90.69,90.69,90.69,90.69,0
2006-10-02,90.69,90.69,90.69,90.69,0
2006-10-03,90.69,90.69,90.69,90.69,0
2006-10-04,90.69,90.69,90.69,90.69,0
2006-10-05,90.69,90.69,90.69,90.69,0
2006-10-06,90.69,90.69,90.69,90.69,0
2006-10-09,90.69,90.69,90.69,90.69,0
2006-10-10,87.05,87.05,87.05,87.05,0
2006-10-12,86.63,86.63,86.63,86.63,0
2006-10-13,84.86,84.86,84.86,84.86,0
2006-10-16,84.86,84.86,84.86,84.86,0
2006-10-17,84.86,84.86,84.86,84.86,0
2006-10-18,84.44,84.44,84.44,84.44,0
2006-10-20,84.44,84.44,84.44,84.44,0
2006-10-24,84.44,84.44,84.44,84.44,0
2006-10-25,84.42,84.42,84.42,84.42,0
2006-10-26,83.18,83.18,83.18,83.18,0
2006-10-27,83.18,83.18,83.18,83.18,0
2006-10-30,82.13,82.13,82.13,82.13,0
2006-10-31,85.04,85.04,85.04,85.04,0
2006-11-02,88.15,88.15,88.15,88.15,0
2006-11-03,88.16,88.16,88.16,88.16,0
2006-11-06,88.16,88.16,88.16,88.16,0
2006-11-07,95.13,95.13,95.13,95.13,0
2006-11-08,95.13,95.13,95.13,95.13,0
2006-11-09,95.18,95.18,95.18,95.18,0
2006-11-10,97.75,97.75,97.75,97.75,0
2006-11-13,100.36,100.36,100.36,100.36,0
2006-11-14,100.36,100.36,100.36,100.36,0
2006-11-16,100.36,100.36,100.36,100.36,0
2006-11-17,99.33,99.33,99.33,99.33,0
2006-11-20,100.14,100.14,100.14,100.14,0
2006-11-21,100.12,100.12,100.12,100.12,0
2006-11-22,100.12,100.12,100.12,100.12,0
2006-11-23,100.12,100.12,100.12,100.12,0
2006-11-24,100.12,100.12,100.12,100.12,0
2006-11-27,98.54,98.54,98.54,98.54,0
2006-11-28,98.5,98.5,98.5,98.5,0
2006-11-29,98.5,98.5,98.5,98.5,0
2006-11-30,98.5,98.5,98.5,98.5,0
2006-12-01,98.5,98.5,98.5,98.5,0
2006-12-04,95.61,95.61,95.61,95.61,0
2006-12-05,95.4,95.4,95.4,95.4,0
2006-12-06,95.4,95.4,95.4,95.4,0
2006-12-07,95.4,95.4,95.4,95.4,0
2006-12-08,95.4,95.4,95.4,95.4,0
2006-12-11,95.4,95.4,95.4,95.4,0
2006-12-12,95.44,95.44,95.44,95.44,0
2006-12-13,95.61,95.61,95.61,95.61,0
2006-12-14,95,95,95,95,0
2006-12-15,95,95,95,95,0
2006-12-18,95,95,95,95,0
2006-12-19,96.26,96.26,96.26,96.26,0
2006-12-20,96.26,96.26,96.26,96.26,0
2006-12-21,97.1,97.1,97.1,97.1,0
2006-12-22,97.1,97.1,97.1,97.1,0
2006-12-26,96.26,96.26,96.26,96.26,0
2006-12-27,96.86,96.86,96.86,96.86,0
2006-12-28,96.86,96.86,96.86,96.86,0
2006-12-29,95.98,95.98,95.98,95.98,0
2007-01-02,96.82,96.82,96.82,96.82,0
2007-01-03,96.83,96.83,96.83,96.83,0
2007-01-04,97.73,97.73,97.73,97.73,0
2007-01-05,97.79,97.79,97.79,97.79,0
2007-01-08,98.19,98.19,98.19,98.19,0
2007-01-09,99.83,99.83,99.83,99.83,0
2007-01-10,98.18,98.18,98.18,98.18,0
2007-01-11,98.18,98.18,98.18,98.18,0
2007-01-12,98.18,98.18,98.18,98.18,0
2007-01-15,98.18,98.18,98.18,98.18,0
2007-01-16,99.82,99.82,99.82,99.82,0
2007-01-17,99.82,99.82,99.82,99.82,0
2007-01-18,99.82,99.82,99.82,99.82,0
2007-01-19,99.84,99.84,99.84,99.84,0
2007-01-22,99.82,99.82,99.82,99.82,0
2007-01-23,99.82,99.82,99.82,99.82,0
2007-01-24,99.82,99.82,99.82,99.82,0
2007-01-25,99.82,99.82,99.82,99.82,0
2007-01-26,99.82,99.82,99.82,99.82,0
2007-01-30,100.69,100.69,100.69,100.69,0
2007-01-31,100.69,100.69,100.69,100.69,0
2007-02-01,98.59,98.59,98.59,98.59,0
2007-02-02,100.9,100.9,100.9,100.9,0
2007-02-05,102.79,102.79,102.79,102.79,0
2007-02-06,103.09,103.09,103.09,103.09,0
2007-02-07,107.83,107.83,107.83,107.83,0
2007-02-08,107.84,107.84,107.84,107.84,0
2007-02-09,107.84,107.84,107.84,107.84,0
2007-02-12,108.14,108.14,108.14,108.14,0
2007-02-13,107.27,107.27,107.27,107.27,0
2007-02-14,107.27,107.27,107.27,107.27,0
2007-02-15,107.27,107.27,107.27,107.27,0
2007-02-19,107.27,107.27,107.27,107.27,0
2007-02-20,107.27,107.27,107.27,107.27,0
2007-02-21,111.46,111.46,111.46,111.46,0
2007-02-22,115.66,115.66,115.66,115.66,0
2007-02-23,115.66,115.66,115.66,115.66,0
2007-02-26,116.5,116.5,116.5,116.5,0
2007-02-27,116.8,116.8,116.8,116.8,0
2007-02-28,116.98,116.98,116.98,116.98,0
2007-03-01,116.98,116.98,116.98,116.98,0
2007-03-02,118.24,118.24,118.24,118.24,0
2007-03-05,119.16,119.16,119.16,119.16,0
2007-03-06,123.71,123.71,123.71,123.71,0
2007-03-07,124.34,124.34,124.34,124.34,0
2007-03-08,122.63,122.63,122.63,122.63,0
2007-03-09,122.68,122.68,122.68,122.68,0
2007-03-12,121.12,121.12,121.12,121.12,0
2007-03-13,121.14,121.14,121.14,121.14,0
2007-03-14,122.39,122.39,122.39,122.39,0
2007-03-15,121.44,121.44,121.44,121.44,0
2007-03-16,121.51,121.51,121.51,121.51,0
2007-03-19,122.57,122.57,122.57,122.57,0
2007-03-20,122.57,122.57,122.57,122.57,0
2007-03-21,124.79,124.79,124.79,124.79,0
2007-03-22,126.17,126.17,126.17,126.17,0
2007-03-26,127.48,127.48,127.48,127.48,0
2007-03-27,130.71,130.71,130.71,130.71,0
2007-03-28,132.84,132.84,132.84,132.84,0
2007-03-29,133.26,133.26,133.26,133.26,0
2007-03-30,137.2,137.2,137.2,137.2,0
2007-04-02,140.16,140.16,140.16,140.16,0
2007-04-03,143.16,143.16,143.16,143.16,0
2007-04-04,143.22,143.22,143.22,143.22,0
2007-04-05,145.52,145.52,145.52,145.52,0
2007-04-06,146,146,146,146,0
2007-04-10,146,146,146,146,0
2007-04-11,146,146,146,146,0
2007-04-12,147.26,147.26,147.26,147.26,0
2007-04-13,150.46,150.46,150.46,150.46,0
2007-04-16,157.68,157.68,157.68,157.68,0
2007-04-17,158.48,158.48,158.48,158.48,0
2007-04-18,159.33,159.33,159.33,159.33,0
2007-04-20,160.96,160.96,160.96,160.96,0
2007-04-23,160.96,160.96,160.96,160.96,0
2007-04-24,164.44,164.44,164.44,164.44,0
2007-04-25,166.96,166.96,166.96,166.96,0
2007-04-26,159.59,159.59,159.59,159.59,0
2007-04-27,159.59,159.59,159.59,159.59,0
2007-04-30,159.83,159.83,159.83,159.83,0
2007-05-02,159.83,159.83,159.83,159.83,0
2007-05-03,167.43,167.43,167.43,167.43,0
2007-05-04,167.43,167.43,167.43,167.43,0
2007-05-07,171.94,171.94,171.94,171.94,0
2007-05-08,179.16,179.16,179.16,179.16,0
2007-05-09,182.31,182.31,182.31,182.31,0
2007-05-10,182.61,182.61,182.61,182.61,0
2007-05-11,185.92,185.92,185.92,185.92,0
2007-05-14,184.03,184.03,184.03,184.03,0
2007-05-15,186.14,186.14,186.14,186.14,0
2007-05-16,189.78,189.78,189.78,189.78,0
2007-05-18,192.02,192.02,192.02,192.02,0
2007-05-21,192.02,192.02,192.02,192.02,0
2007-05-22,192.02,192.02,192.02,192.02,0
2007-05-23,192.91,192.91,192.91,192.91,0
2007-05-24,189.13,189.13,189.13,189.13,0
2007-05-25,189.01,189.01,189.01,189.01,0
2007-05-29,189.03,189.03,189.03,189.03,0
2007-05-30,189.03,189.03,189.03,189.03,0
2007-05-31,188.32,188.32,188.32,188.32,0
2007-06-01,188.14,188.14,188.14,188.14,0
2007-06-04,188.11,188.11,188.11,188.11,0
2007-06-05,190.09,190.09,190.09,190.09,0
2007-06-06,190.09,190.09,190.09,190.09,0
2007-06-07,187.99,187.99,187.99,187.99,0
2007-06-08,189.25,189.25,189.25,189.25,0
2007-06-11,189.48,189.48,189.48,189.48,0
2007-06-12,171.94,171.94,171.94,171.94,0
2007-06-13,171.33,171.33,171.33,171.33,0
2007-06-14,165.21,165.21,165.21,165.21,0
2007-06-15,164.6,164.6,164.6,164.6,0
2007-06-18,164.66,164.66,164.66,164.66,0
2007-06-19,166.12,166.12,166.12,166.12,0
2007-06-20,175.13,175.13,175.13,175.13,0
2007-06-21,175.23,175.23,175.23,175.23,0
2007-06-22,179.42,179.42,179.42,179.42,0
2007-06-25,186.09,186.09,186.09,186.09,0
2007-06-26,186.09,186.09,186.09,186.09,0
2007-06-27,189.1,189.1,189.1,189.1,0
2007-06-28,187.86,187.86,187.86,187.86,0
2007-06-29,190.79,190.79,190.79,190.79,0
2007-07-02,192.79,192.79,192.79,192.79,0
2007-07-03,194.84,194.84,194.84,194.84,0
2007-07-04,194.84,194.84,194.84,194.84,0
2007-07-05,199.02,199.02,199.02,199.02,0
2007-07-06,197.2,197.2,197.2,197.2,0
2007-07-09,197.2,197.2,197.2,197.2,0
2007-07-10,199.28,199.28,199.28,199.28,0
2007-07-11,199.56,199.56,199.56,199.56,0
2007-07-12,199.56,199.56,199.56,199.56,0
2007-07-13,199.53,199.53,199.53,199.53,0
2007-07-16,193,193,193,193,0
2007-07-17,192.85,192.85,192.85,192.85,0
2007-07-18,193.81,193.81,193.81,193.81,0
2007-07-19,195.5,195.5,195.5,195.5,0
2007-07-20,197.04,197.04,197.04,197.04,0
2007-07-23,202.8,202.8,202.8,202.8,0
2007-07-24,203.85,203.85,203.85,203.85,0
2007-07-25,209.14,209.14,209.14,209.14,0
2007-07-26,261.41,261.41,261.41,261.41,0
2007-07-27,218.3,218.3,218.3,218.3,0
2007-07-31,217.97,217.97,217.97,217.97,0
2007-08-01,223.14,223.14,223.14,223.14,0
2007-08-02,223.74,223.74,223.74,223.74,0
2007-08-03,227.1,227.1,227.1,227.1,0
2007-08-08,224.98,224.98,224.98,224.98,0
2007-08-09,229.99,229.99,229.99,229.99,0
2007-08-10,238.46,238.46,238.46,238.46,0
2007-08-13,240.54,240.54,240.54,240.54,0
2007-08-14,241.75,241.75,241.75,241.75,0
2007-08-16,245.93,245.93,245.93,245.93,0
2007-08-17,250.67,250.67,250.67,250.67,0
2007-08-20,254.25,254.25,254.25,254.25,0
2007-08-21,254.25,254.25,254.25,254.25,0
2007-08-22,252.48,252.48,252.48,252.48,0
2007-08-23,252.81,252.81,252.81,252.81,0
2007-08-24,252.68,252.68,252.68,252.68,0
2007-08-27,250.16,250.16,250.16,250.16,0
2007-08-28,250.33,250.33,250.33,250.33,0
2007-08-29,250.33,250.33,250.33,250.33,0
2007-08-30,253.18,253.18,253.18,253.18,0
2007-08-31,250.1,250.1,250.1,250.1,0
2007-09-03,254.34,254.34,254.34,254.34,0
2007-09-04,257.37,257.37,257.37,257.37,0
2007-09-05,256.97,256.97,256.97,256.97,0
2007-09-06,258.2,258.2,258.2,258.2,0
2007-09-07,258.18,258.18,258.18,258.18,0
2007-09-10,257.7,257.7,257.7,257.7,0
2007-09-11,258.18,258.18,258.18,258.18,0
2007-09-12,258.1,258.1,258.1,258.1,0
2007-09-13,258.1,258.1,258.1,258.1,0
2007-09-14,253.91,253.91,253.91,253.91,0
2007-09-17,253.91,253.91,253.91,253.91,0
2007-09-18,253.66,253.66,253.66,253.66,0
2007-09-19,248.85,248.85,248.85,248.85,0
2007-09-20,248.9,248.9,248.9,248.9,0
2007-09-21,248.3,248.3,248.3,248.3,0
2007-09-24,248.3,248.3,248.3,248.3,0
2007-09-25,248.29,248.29,248.29,248.29,0
2007-09-26,244.09,244.09,244.09,244.09,0
2007-09-27,242.31,242.31,242.31,242.31,0
2007-09-28,238.25,238.25,238.25,238.25,0
2007-10-01,238.09,238.09,238.09,238.09,0
2007-10-02,235.66,235.66,235.66,235.66,0
2007-10-03,235.66,235.66,235.66,235.66,0
2007-10-04,231.71,231.71,231.71,231.71,0
2007-10-05,231.71,231.71,231.71,231.71,0
2007-10-08,231.13,231.13,231.13,231.13,0
2007-10-10,230.29,230.29,230.29,230.29,0
2007-10-11,225.95,225.95,225.95,225.95,0
2007-10-15,225.99,225.99,225.99,225.99,0
2007-10-16,222.48,222.48,222.48,222.48,0
2007-10-17,222.83,222.83,222.83,222.83,0
2007-10-18,228.95,228.95,228.95,228.95,0
2007-10-19,222.66,222.66,222.66,222.66,0
2007-10-22,226.88,226.88,226.88,226.88,0
2007-10-23,227.39,227.39,227.39,227.39,0
2007-10-24,235.01,235.01,235.01,235.01,0
2007-10-25,233.57,233.57,233.57,233.57,0
2007-10-26,235.69,235.69,235.69,235.69,0
2007-10-29,236.54,236.54,236.54,236.54,0
2007-10-30,236.54,236.54,236.54,236.54,0
2007-10-31,234,234,234,234,0
2007-11-02,232.23,232.23,232.23,232.23,0
2007-11-05,230.06,230.06,230.06,230.06,0
2007-11-06,230.58,230.58,230.58,230.58,0
2007-11-07,236.87,236.87,236.87,236.87,0
2007-11-08,236.66,236.66,236.66,236.66,0
2007-11-09,233.33,233.33,233.33,233.33,0
2007-11-12,233.16,233.16,233.16,233.16,0
2007-11-13,221.74,221.74,221.74,221.74,0
2007-11-14,225.93,225.93,225.93,225.93,0
2007-11-16,226.87,226.87,226.87,226.87,0
2007-11-19,224.6,224.6,224.6,224.6,0
2007-11-20,227.64,227.64,227.64,227.64,0
2007-11-21,232.77,232.77,232.77,232.77,0
2007-11-22,239.06,239.06,239.06,239.06,0
2007-11-23,239.24,239.24,239.24,239.24,0
2007-11-26,237.44,237.44,237.44,237.44,0
2007-11-27,228.05,228.05,228.05,228.05,0
2007-11-30,231.94,231.94,231.94,231.94,0
2007-12-03,227.74,227.74,227.74,227.74,0
2007-12-04,227.74,227.74,227.74,227.74,0
2007-12-05,229.84,229.84,229.84,229.84,0
2007-12-06,229.84,229.84,229.84,229.84,0
2007-12-07,229.84,229.84,229.84,229.84,0
2007-12-10,229.84,229.84,229.84,229.84,0
2007-12-11,229.84,229.84,229.84,229.84,0
2007-12-12,227.64,227.64,227.64,227.64,0
2007-12-13,227.7,227.7,227.7,227.7,0
2007-12-14,229.8,229.8,229.8,229.8,0
2007-12-17,236.94,236.94,236.94,236.94,0
2007-12-18,237.13,237.13,237.13,237.13,0
2007-12-20,239.23,239.23,239.23,239.23,0
2007-12-21,235.37,235.37,235.37,235.37,0
2007-12-24,235.37,235.37,235.37,235.37,0
2007-12-26,235.36,235.36,235.36,235.36,0
2007-12-27,235.36,235.36,235.36,235.36,0
2007-12-28,235.36,235.36,235.36,235.36,0
2007-12-31,236.54,236.54,236.54,236.54,0
2008-01-02,236.54,236.54,236.54,236.54,0
2008-01-03,236.54,236.54,236.54,236.54,0
2008-01-04,236.19,236.19,236.19,236.19,0
2008-01-07,236.18,236.18,236.18,236.18,0
2008-01-09,237.4,237.4,237.4,237.4,0
2008-01-10,240.66,240.66,240.66,240.66,0
2008-01-11,240.67,240.67,240.67,240.67,0
2008-01-14,245.12,245.12,245.12,245.12,0
2008-01-15,245.1,245.1,245.1,245.1,0
2008-01-16,245.07,245.07,245.07,245.07,0
2008-01-17,239.45,239.45,239.45,239.45,0
2008-01-18,251.15,251.15,251.15,251.15,0
2008-01-21,251.15,251.15,251.15,251.15,0
2008-01-22,245.7,245.7,245.7,245.7,0
2008-01-23,245.74,245.74,245.74,245.74,0
2008-01-24,245.74,245.74,245.74,245.74,0
2008-01-25,245.73,245.73,245.73,245.73,0
2008-01-28,245.7,245.7,245.7,245.7,0
2008-01-29,245.7,245.7,245.7,245.7,0
2008-01-30,244.17,244.17,244.17,244.17,0
2008-01-31,247.14,247.14,247.14,247.14,0
2008-02-01,247.56,247.56,247.56,247.56,0
2008-02-04,247.57,247.57,247.57,247.57,0
2008-02-05,251.54,251.54,251.54,251.54,0
2008-02-06,251.66,251.66,251.66,251.66,0
2008-02-07,256.18,256.18,256.18,256.18,0
2008-02-08,259.93,259.93,259.93,259.93,0
2008-02-11,258.41,258.41,258.41,258.41,0
2008-02-12,258.4,258.4,258.4,258.4,0
2008-02-13,254.22,254.22,254.22,254.22,0
2008-02-14,260.05,260.05,260.05,260.05,0
2008-02-15,256.3,256.3,256.3,256.3,0
2008-02-18,258.41,258.41,258.41,258.41,0
2008-02-19,253.24,253.24,253.24,253.24,0
2008-02-20,255.01,255.01,255.01,255.01,0
2008-02-21,259.88,259.88,259.88,259.88,0
2008-02-22,259.83,259.83,259.83,259.83,0
2008-02-25,256.89,256.89,256.89,256.89,0
2008-02-26,256.89,256.89,256.89,256.89,0
2008-02-27,256.92,256.92,256.92,256.92,0
2008-02-28,268.78,268.78,268.78,268.78,0
2008-02-29,270.27,270.27,270.27,270.27,0
2008-03-03,274.13,274.13,274.13,274.13,0
2008-03-04,274.16,274.16,274.16,274.16,0
2008-03-05,273.71,273.71,273.71,273.71,0
2008-03-06,273.97,273.97,273.97,273.97,0
2008-03-07,271.34,271.34,271.34,271.34,0
2008-03-10,274.72,274.72,274.72,274.72,0
2008-03-11,277.18,277.18,277.18,277.18,0
2008-03-12,278.49,278.49,278.49,278.49,0
2008-03-13,278.44,278.44,278.44,278.44,0
2008-03-14,269.8,269.8,269.8,269.8,0
2008-03-17,278.63,278.63,278.63,278.63,0
2008-03-18,284.09,284.09,284.09,284.09,0
2008-03-19,284.09,284.09,284.09,284.09,0
2008-03-21,291.76,291.76,291.76,291.76,0
2008-03-25,291.76,291.76,291.76,291.76,0
2008-03-26,297.91,297.91,297.91,297.91,0
2008-03-27,302.11,302.11,302.11,302.11,0
2008-03-28,305.16,305.16,305.16,305.16,0
2008-03-31,310.57,310.57,310.57,310.57,0
2008-04-01,301.77,301.77,301.77,301.77,0
2008-04-02,305.7,305.7,305.7,305.7,0
2008-04-03,305.71,305.71,305.71,305.71,0
2008-04-04,302.63,302.63,302.63,302.63,0
2008-04-07,319.55,319.55,319.55,319.55,0
2008-04-08,322.12,322.12,322.12,322.12,0
2008-04-09,329.25,329.25,329.25,329.25,0
2008-04-10,350.31,350.31,350.31,350.31,0
2008-04-11,349.89,349.89,349.89,349.89,0
2008-04-14,356.6,356.6,356.6,356.6,0
2008-04-15,360.77,360.77,360.77,360.77,0
2008-04-16,361.63,361.63,361.63,361.63,0
2008-04-17,355.64,355.64,355.64,355.64,0
2008-04-18,360.68,360.68,360.68,360.68,0
2008-04-21,360.65,360.65,360.65,360.65,0
2008-04-22,359.84,359.84,359.84,359.84,0
2008-04-23,359.82,359.82,359.82,359.82,0
2008-04-24,367.16,367.16,367.16,367.16,0
2008-04-25,368.4,368.4,368.4,368.4,0
2008-04-28,368.42,368.42,368.42,368.42,0
2008-04-29,368.42,368.42,368.42,368.42,0
2008-04-30,364.87,364.87,364.87,364.87,0
2008-05-02,365.06,365.06,365.06,365.06,0
2008-05-05,371.45,371.45,371.45,371.45,0
2008-05-06,368.42,368.42,368.42,368.42,0
2008-05-07,368.42,368.42,368.42,368.42,0
2008-05-08,362.35,362.35,362.35,362.35,0
2008-05-09,361.52,361.52,361.52,361.52,0
2008-05-13,362.34,362.34,362.34,362.34,0
2008-05-14,362.35,362.35,362.35,362.35,0
2008-05-15,362.35,362.35,362.35,362.35,0
2008-05-16,362.35,362.35,362.35,362.35,0
2008-05-19,362.35,362.35,362.35,362.35,0
2008-05-20,362.96,362.96,362.96,362.96,0
2008-05-21,360.36,360.36,360.36,360.36,0
2008-05-22,363.57,363.57,363.57,363.57,0
2008-05-23,362.36,362.36,362.36,362.36,0
2008-05-26,362.36,362.36,362.36,362.36,0
2008-05-27,364.13,364.13,364.13,364.13,0
2008-05-28,364.13,364.13,364.13,364.13,0
2008-05-29,363.98,363.98,363.98,363.98,0
2008-06-02,365.39,365.39,365.39,365.39,0
2008-06-03,366,366,366,366,0
2008-06-04,358.35,358.35,358.35,358.35,0
2008-06-05,362.54,362.54,362.54,362.54,0
2008-06-06,354.76,354.76,354.76,354.76,0
2008-06-09,352.67,352.67,352.67,352.67,0
2008-06-10,346.09,346.09,346.09,346.09,0
2008-06-11,346.17,346.17,346.17,346.17,0
2008-06-12,346.99,346.99,346.99,346.99,0
2008-06-13,357.82,357.82,357.82,357.82,0
2008-06-16,356.68,356.68,356.68,356.68,0
2008-06-17,357.9,357.9,357.9,357.9,0
2008-06-18,358.78,358.78,358.78,358.78,0
2008-06-19,358.84,358.84,358.84,358.84,0
2008-06-20,358.06,358.06,358.06,358.06,0
2008-06-23,364.17,364.17,364.17,364.17,0
2008-06-24,370.91,370.91,370.91,370.91,0
2008-06-25,375.16,375.16,375.16,375.16,0
2008-06-26,380.63,380.63,380.63,380.63,0
2008-06-27,401.49,401.49,401.49,401.49,0
2008-06-30,409.98,409.98,409.98,409.98,0
2008-07-01,419.29,419.29,419.29,419.29,0
2008-07-02,415.86,415.86,415.86,415.86,0
2008-07-03,422.06,422.06,422.06,422.06,0
2008-07-04,428.81,428.81,428.81,428.81,0
2008-07-07,428.81,428.81,428.81,428.81,0
2008-07-08,421.31,421.31,421.31,421.31,0
2008-07-09,422.48,422.48,422.48,422.48,0
2008-07-10,422.65,422.65,422.65,422.65,0
2008-07-11,422.81,422.81,422.81,422.81,0
2008-07-14,422.81,422.81,422.81,422.81,0
2008-07-15,422.81,422.81,422.81,422.81,0
2008-07-16,423.3,423.3,423.3,423.3,0
2008-07-17,423.3,423.3,423.3,423.3,0
2008-07-18,423.3,423.3,423.3,423.3,0
2008-07-21,431.7,431.7,431.7,431.7,0
2008-07-22,431.52,431.52,431.52,431.52,0
2008-07-23,431.7,431.7,431.7,431.7,0
2008-07-24,423.32,423.32,423.32,423.32,0
2008-07-25,423.49,423.49,423.49,423.49,0
2008-07-28,417.49,417.49,417.49,417.49,0
2008-07-29,416.71,416.71,416.71,416.71,0
2008-07-30,415.82,415.82,415.82,415.82,0
2008-07-31,413.87,413.87,413.87,413.87,0
2008-08-01,409.72,409.72,409.72,409.72,0
2008-08-05,412.4,412.4,412.4,412.4,0
2008-08-06,410.52,410.52,410.52,410.52,0
2008-08-08,410.53,410.53,410.53,410.53,0
2008-08-11,407.53,407.53,407.53,407.53,0
2008-08-12,410.6,410.6,410.6,410.6,0
2008-08-13,410.47,410.47,410.47,410.47,0
2008-08-14,410.37,410.37,410.37,410.37,0
2008-08-18,410.19,410.19,410.19,410.19,0
2008-08-19,408.24,408.24,408.24,408.24,0
2008-08-20,407.15,407.15,407.15,407.15,0
2008-08-21,399.98,399.98,399.98,399.98,0
2008-08-22,392.58,392.58,392.58,392.58,0
2008-08-25,386.87,386.87,386.87,386.87,0
2008-08-26,386.87,386.87,386.87,386.87,0
2008-08-28,386.83,386.83,386.83,386.83,0
2008-08-29,383.91,383.91,383.91,383.91,0
2008-09-01,392.53,392.53,392.53,392.53,0
2008-09-02,386.89,386.89,386.89,386.89,0
2008-09-03,385.99,385.99,385.99,385.99,0
2008-09-04,388.14,388.14,388.14,388.14,0
2008-09-05,393.46,393.46,393.46,393.46,0
2008-09-08,398.74,398.74,398.74,398.74,0
2008-09-09,398.21,398.21,398.21,398.21,0
2008-09-10,389.56,389.56,389.56,389.56,0
2008-09-11,394.34,394.34,394.34,394.34,0
2008-09-12,396.42,396.42,396.42,396.42,0
2008-09-15,396.44,396.44,396.44,396.44,0
2008-09-16,397.8,397.8,397.8,397.8,0
2008-09-17,399.57,399.57,399.57,399.57,0
2008-09-18,399.55,399.55,399.55,399.55,0
2008-09-19,398.33,398.33,398.33,398.33,0
2008-09-22,392.43,392.43,392.43,392.43,0
2008-09-23,391.01,391.01,391.01,391.01,0
2008-09-24,386.56,386.56,386.56,386.56,0
2008-09-25,382.92,382.92,382.92,382.92,0
2008-09-26,382.9,382.9,382.9,382.9,0
2008-09-29,381,381,381,381,0
2008-10-01,374.65,374.65,374.65,374.65,0
2008-10-02,374.73,374.73,374.73,374.73,0
2008-10-03,374.39,374.39,374.39,374.39,0
2008-10-06,368.89,368.89,368.89,368.89,0
2008-10-07,368.84,368.84,368.84,368.84,0
2008-10-08,368.82,368.82,368.82,368.82,0
2008-10-09,367.29,367.29,367.29,367.29,0
2008-10-10,365.88,365.88,365.88,365.88,0
2008-10-13,363.1,363.1,363.1,363.1,0
2008-10-14,359.82,359.82,359.82,359.82,0
2008-10-15,348.59,348.59,348.59,348.59,0
2008-10-16,336.77,336.77,336.77,336.77,0
2008-10-17,336.17,336.17,336.17,336.17,0
2008-10-20,330.31,330.31,330.31,330.31,0
2008-10-21,324.02,324.02,324.02,324.02,0
2008-10-22,317.73,317.73,317.73,317.73,0
2008-10-23,314.09,314.09,314.09,314.09,0
2008-10-24,292.74,292.74,292.74,292.74,0
2008-10-27,285.17,285.17,285.17,285.17,0
2008-10-28,282.62,282.62,282.62,282.62,0
2008-10-29,270.85,270.85,270.85,270.85,0
2008-10-30,265.76,265.76,265.76,265.76,0
2008-10-31,264.86,264.86,264.86,264.86,0
2008-11-03,258.64,258.64,258.64,258.64,0
2008-11-04,239.98,239.98,239.98,239.98,0
2008-11-05,239.16,239.16,239.16,239.16,0
2008-11-06,240.53,240.53,240.53,240.53,0
2008-11-07,235.89,235.89,235.89,235.89,0
2008-11-10,247.68,247.68,247.68,247.68,0
2008-11-11,250.46,250.46,250.46,250.46,0
2008-11-12,250.04,250.04,250.04,250.04,0
2008-11-13,247.03,247.03,247.03,247.03,0
2008-11-14,251.43,251.43,251.43,251.43,0
2008-11-17,255.42,255.42,255.42,255.42,0
2008-11-18,264.82,264.82,264.82,264.82,0
2008-11-19,264.61,264.61,264.61,264.61,0
2008-11-20,264.44,264.44,264.44,264.44,0
2008-11-21,266.22,266.22,266.22,266.22,0
2008-11-24,267.99,267.99,267.99,267.99,0
2008-11-25,267.61,267.61,267.61,267.61,0
2008-11-26,256.57,256.57,256.57,256.57,0
2008-11-27,249.31,249.31,249.31,249.31,0
2008-11-28,248.97,248.97,248.97,248.97,0
2008-12-01,248.97,248.97,248.97,248.97,0
2008-12-02,246.98,246.98,246.98,246.98,0
2008-12-03,251.05,251.05,251.05,251.05,0
2008-12-05,253.08,253.08,253.08,253.08,0
2008-12-09,244.59,244.59,244.59,244.59,0
2008-12-10,240.83,240.83,240.83,240.83,0
2008-12-11,244.25,244.25,244.25,244.25,0
2008-12-12,233.59,233.59,233.59,233.59,0
2008-12-15,238.28,238.28,238.28,238.28,0
2008-12-16,238.3,238.3,238.3,238.3,0
2008-12-17,238.17,238.17,238.17,238.17,0
2008-12-18,234,234,234,234,0
2008-12-19,241.17,241.17,241.17,241.17,0
2008-12-22,245.31,245.31,245.31,245.31,0
2008-12-23,255.89,255.89,255.89,255.89,0
2008-12-24,254.6,254.6,254.6,254.6,0
2008-12-26,239.42,239.42,239.42,239.42,0
2008-12-29,242.05,242.05,242.05,242.05,0
2008-12-30,237.29,237.29,237.29,237.29,0
2008-12-31,248.14,248.14,248.14,248.14,0
2009-01-02,240.88,240.88,240.88,240.88,0
2009-01-05,240.27,240.27,240.27,240.27,0
2009-01-06,229.24,229.24,229.24,229.24,0
2009-01-07,234.27,234.27,234.27,234.27,0
2009-01-08,233.83,233.83,233.83,233.83,0
2009-01-09,233.83,233.83,233.83,233.83,0
2009-01-12,233.83,233.83,233.83,233.83,0
2009-01-13,233.83,233.83,233.83,233.83,0
2009-01-14,233.83,233.83,233.83,233.83,0
2009-01-15,233.74,233.74,233.74,233.74,0
2009-01-16,237.77,237.77,237.77,237.77,0
2009-01-19,233.36,233.36,233.36,233.36,0
2009-01-20,237.35,237.35,237.35,237.35,0
2009-01-21,237.18,237.18,237.18,237.18,0
2009-01-22,231.8,231.8,231.8,231.8,0
2009-01-23,232.79,232.79,232.79,232.79,0
2009-01-26,232.79,232.79,232.79,232.79,0
2009-01-27,228.64,228.64,228.64,228.64,0
2009-01-28,228.54,228.54,228.54,228.54,0
2009-01-29,228.54,228.54,228.54,228.54,0
2009-01-30,222.18,222.18,222.18,222.18,0
2009-02-02,216.36,216.36,216.36,216.36,0
2009-02-03,212.19,212.19,212.19,212.19,0
2009-02-04,212.19,212.19,212.19,212.19,0
2009-02-05,210.43,210.43,210.43,210.43,0
2009-02-06,208.66,208.66,208.66,208.66,0
2009-02-09,208.66,208.66,208.66,208.66,0
2009-02-10,208.66,208.66,208.66,208.66,0
2009-02-11,206.8,206.8,206.8,206.8,0
2009-02-12,205.91,205.91,205.91,205.91,0
2009-02-13,205.91,205.91,205.91,205.91,0
2009-02-16,205.91,205.91,205.91,205.91,0
2009-02-17,203,203,203,203,0
2009-02-18,197.78,197.78,197.78,197.78,0
2009-02-19,196.96,196.96,196.96,196.96,0
2009-02-20,197.68,197.68,197.68,197.68,0
2009-02-23,197.41,197.41,197.41,197.41,0
2009-02-24,195.77,195.77,195.77,195.77,0
2009-02-25,194.63,194.63,194.63,194.63,0
2009-02-26,191.52,191.52,191.52,191.52,0
2009-02-27,193.68,193.68,193.68,193.68,0
2009-03-02,189.21,189.21,189.21,189.21,0
2009-03-03,189.39,189.39,189.39,189.39,0
2009-03-04,189.12,189.12,189.12,189.12,0
2009-03-05,191.78,191.78,191.78,191.78,0
2009-03-06,184.1,184.1,184.1,184.1,0
2009-03-10,184.08,184.08,184.08,184.08,0
2009-03-11,178.79,178.79,178.79,178.79,0
2009-03-12,176.26,176.26,176.26,176.26,0
2009-03-16,174.58,174.58,174.58,174.58,0
2009-03-17,174.56,174.56,174.56,174.56,0
2009-03-18,172.36,172.36,172.36,172.36,0
2009-03-19,171.3,171.3,171.3,171.3,0
2009-03-20,169.66,169.66,169.66,169.66,0
2009-03-23,165.85,165.85,165.85,165.85,0
2009-03-24,165.86,165.86,165.86,165.86,0
2009-03-25,153.87,153.87,153.87,153.87,0
2009-03-26,150.7,150.7,150.7,150.7,0
2009-03-27,150.7,150.7,150.7,150.7,0
2009-03-30,155.99,155.99,155.99,155.99,0
2009-03-31,151.59,151.59,151.59,151.59,0
2009-04-01,151.59,151.59,151.59,151.59,0
2009-04-02,149.2,149.2,149.2,149.2,0
2009-04-03,148.86,148.86,148.86,148.86,0
2009-04-06,147.39,147.39,147.39,147.39,0
2009-04-07,145.29,145.29,145.29,145.29,0
2009-04-08,143.5,143.5,143.5,143.5,0
2009-04-09,134.18,134.18,134.18,134.18,0
2009-04-10,134.27,134.27,134.27,134.27,0
2009-04-14,129,129,129,129,0
2009-04-15,128.53,128.53,128.53,128.53,0
2009-04-16,128.34,128.34,128.34,128.34,0
2009-04-17,128.13,128.13,128.13,128.13,0
2009-04-20,127.71,127.71,127.71,127.71,0
2009-04-21,118.63,118.63,118.63,118.63,0
2009-04-22,117.79,117.79,117.79,117.79,0
2009-04-23,116.22,116.22,116.22,116.22,0
2009-04-24,116.22,116.22,116.22,116.22,0
2009-04-27,114.79,114.79,114.79,114.79,0
2009-04-28,114.79,114.79,114.79,114.79,0
2009-04-29,116.59,116.59,116.59,116.59,0
2009-04-30,116.58,116.58,116.58,116.58,0
2009-05-04,116.62,116.62,116.62,116.62,0
2009-05-05,113.95,113.95,113.95,113.95,0
2009-05-06,111.18,111.18,111.18,111.18,0
2009-05-07,111.64,111.64,111.64,111.64,0
2009-05-08,110.8,110.8,110.8,110.8,0
2009-05-11,110.99,110.99,110.99,110.99,0
2009-05-12,110.99,110.99,110.99,110.99,0
2009-05-13,110.97,110.97,110.97,110.97,0
2009-05-14,107.88,107.88,107.88,107.88,0
2009-05-15,107.84,107.84,107.84,107.84,0
2009-05-18,105.77,105.77,105.77,105.77,0
2009-05-19,105.77,105.77,105.77,105.77,0
2009-05-20,105.77,105.77,105.77,105.77,0
2009-05-22,105.77,105.77,105.77,105.77,0
2009-05-25,103.43,103.43,103.43,103.43,0
2009-05-26,99.77,99.77,99.77,99.77,0
2009-05-27,99.77,99.77,99.77,99.77,0
2009-05-28,99.28,99.28,99.28,99.28,0
2009-05-29,100.56,100.56,100.56,100.56,0
2009-06-02,102.24,102.24,102.24,102.24,0
2009-06-03,103.5,103.5,103.5,103.5,0
2009-06-04,103.5,103.5,103.5,103.5,0
2009-06-05,105.32,105.32,105.32,105.32,0
2009-06-08,107.09,107.09,107.09,107.09,0
2009-06-09,108.11,108.11,108.11,108.11,0
2009-06-10,108.1,108.1,108.1,108.1,0
2009-06-11,106.86,106.86,106.86,106.86,0
2009-06-12,107.05,107.05,107.05,107.05,0
2009-06-15,111.57,111.57,111.57,111.57,0
2009-06-16,111.57,111.57,111.57,111.57,0
2009-06-17,113.57,113.57,113.57,113.57,0
2009-06-18,128.24,128.24,128.24,128.24,0
2009-06-19,135.83,135.83,135.83,135.83,0
2009-06-23,155.53,155.53,155.53,155.53,0
2009-06-24,162.87,162.87,162.87,162.87,0
2009-06-25,170.23,170.23,170.23,170.23,0
2009-06-26,170.73,170.73,170.73,170.73,0
2009-06-29,176.52,176.52,176.52,176.52,0
2009-06-30,180.11,180.11,180.11,180.11,0
2009-07-01,183.5,183.5,183.5,183.5,0
2009-07-02,181.5,181.5,181.5,181.5,0
2009-07-03,177.72,177.72,177.72,177.72,0
2009-07-06,170.53,170.53,170.53,170.53,0
2009-07-07,166.66,166.66,166.66,166.66,0
2009-07-08,166.54,166.54,166.54,166.54,0
2009-07-09,166.54,166.54,166.54,166.54,0
2009-07-10,164.46,164.46,164.46,164.46,0
2009-07-13,148.34,148.34,148.34,148.34,0
2009-07-14,146.21,146.21,146.21,146.21,0
2009-07-15,141.12,141.12,141.12,141.12,0
2009-07-16,139.3,139.3,139.3,139.3,0
2009-07-17,135.21,135.21,135.21,135.21,0
2009-07-20,134.68,134.68,134.68,134.68,0
2009-07-22,136.39,136.39,136.39,136.39,0
2009-07-23,131.22,131.22,131.22,131.22,0
2009-07-24,131.22,131.22,131.22,131.22,0
2009-07-27,136.04,136.04,136.04,136.04,0
2009-07-28,136.07,136.07,136.07,136.07,0
2009-07-30,146.52,146.52,146.52,146.52,0
2009-07-31,150.8,150.8,150.8,150.8,0
2009-08-03,147.99,147.99,147.99,147.99,0
2009-08-04,148.93,148.93,148.93,148.93,0
2009-08-05,147.99,147.99,147.99,147.99,0
2009-08-06,147.05,147.05,147.05,147.05,0
2009-08-10,150.62,150.62,150.62,150.62,0
2009-08-11,152.32,152.32,152.32,152.32,0
2009-08-12,148.27,148.27,148.27,148.27,0
2009-08-13,148.27,148.27,148.27,148.27,0
2009-08-14,146.5,146.5,146.5,146.5,0
2009-08-17,150.69,150.69,150.69,150.69,0
2009-08-18,150.66,150.66,150.66,150.66,0
2009-08-19,150.02,150.02,150.02,150.02,0
2009-08-20,145.83,145.83,145.83,145.83,0
2009-08-21,141.33,141.33,141.33,141.33,0
2009-08-24,146.43,146.43,146.43,146.43,0
2009-08-25,146.43,146.43,146.43,146.43,0
2009-08-26,147.3,147.3,147.3,147.3,0
2009-08-27,151.71,151.71,151.71,151.71,0
2009-08-28,151.71,151.71,151.71,151.71,0
2009-08-31,148.46,148.46,148.46,148.46,0
2009-09-01,148.14,148.14,148.14,148.14,0
2009-09-02,144.8,144.8,144.8,144.8,0
2009-09-03,144.8,144.8,144.8,144.8,0
2009-09-07,144.26,144.26,144.26,144.26,0
2009-09-08,141.3,141.3,141.3,141.3,0
2009-09-09,139.2,139.2,139.2,139.2,0
2009-09-10,139.17,139.17,139.17,139.17,0
2009-09-11,135.34,135.34,135.34,135.34,0
2009-09-14,133.52,133.52,133.52,133.52,0
2009-09-15,133.52,133.52,133.52,133.52,0
2009-09-16,132.06,132.06,132.06,132.06,0
2009-09-18,128.12,128.12,128.12,128.12,0
2009-09-21,126.88,126.88,126.88,126.88,0
2009-09-22,123.58,123.58,123.58,123.58,0
2009-09-23,123.58,123.58,123.58,123.58,0
2009-09-24,122.16,122.16,122.16,122.16,0
2009-09-25,124.92,124.92,124.92,124.92,0
2009-09-28,124.92,124.92,124.92,124.92,0
2009-09-29,133.36,133.36,133.36,133.36,0
2009-09-30,138.24,138.24,138.24,138.24,0
2009-10-01,138.26,138.26,138.26,138.26,0
2009-10-02,138.26,138.26,138.26,138.26,0
2009-10-05,137.05,137.05,137.05,137.05,0
2009-10-06,138.65,138.65,138.65,138.65,0
2009-10-07,138.48,138.48,138.48,138.48,0
2009-10-08,136.08,136.08,136.08,136.08,0
2009-10-12,133.79,133.79,133.79,133.79,0
2009-10-13,131.69,131.69,131.69,131.69,0
2009-10-14,131.69,131.69,131.69,131.69,0
2009-10-15,131.48,131.48,131.48,131.48,0
2009-10-16,131.15,131.15,131.15,131.15,0
2009-10-19,128.26,128.26,128.26,128.26,0
2009-10-20,129.94,129.94,129.94,129.94,0
2009-10-21,129.94,129.94,129.94,129.94,0
2009-10-22,130.15,130.15,130.15,130.15,0
2009-10-23,130.15,130.15,130.15,130.15,0
2009-10-26,128.36,128.36,128.36,128.36,0
2009-10-27,128.4,128.4,128.4,128.4,0
2009-10-29,128.37,128.37,128.37,128.37,0
2009-10-30,128.37,128.37,128.37,128.37,0
2009-11-02,128.37,128.37,128.37,128.37,0
2009-11-03,124.44,124.44,124.44,124.44,0
2009-11-04,121.71,121.71,121.71,121.71,0
2009-11-05,121.73,121.73,121.73,121.73,0
2009-11-06,120.37,120.37,120.37,120.37,0
2009-11-09,117.44,117.44,117.44,117.44,0
2009-11-10,115.48,115.48,115.48,115.48,0
2009-11-11,115.48,115.48,115.48,115.48,0
2009-11-12,121.45,121.45,121.45,121.45,0
2009-11-13,126.46,126.46,126.46,126.46,0
2009-11-16,126.46,126.46,126.46,126.46,0
2009-11-17,130.49,130.49,130.49,130.49,0
2009-11-18,135.17,135.17,135.17,135.17,0
2009-11-19,135.89,135.89,135.89,135.89,0
2009-11-23,137.31,137.31,137.31,137.31,0
2009-11-24,141.51,141.51,141.51,141.51,0
2009-11-25,141.51,141.51,141.51,141.51,0
2009-11-26,142.09,142.09,142.09,142.09,0
2009-11-30,142.09,142.09,142.09,142.09,0
2009-12-01,137.68,137.68,137.68,137.68,0
2009-12-02,137.68,137.68,137.68,137.68,0
2009-12-03,137.68,137.68,137.68,137.68,0
2009-12-04,137.68,137.68,137.68,137.68,0
2009-12-07,137.47,137.47,137.47,137.47,0
2009-12-08,139.24,139.24,139.24,139.24,0
2009-12-09,135.03,135.03,135.03,135.03,0
2009-12-10,133.34,133.34,133.34,133.34,0
2009-12-11,133.34,133.34,133.34,133.34,0
2009-12-14,133.31,133.31,133.31,133.31,0
2009-12-15,124.91,124.91,124.91,124.91,0
2009-12-16,124.37,124.37,124.37,124.37,0
2009-12-17,122.56,122.56,122.56,122.56,0
2009-12-18,132.11,132.11,132.11,132.11,0
2009-12-21,136.16,136.16,136.16,136.16,0
2009-12-22,135.53,135.53,135.53,135.53,0
2009-12-23,133.91,133.91,133.91,133.91,0
2009-12-24,133.21,133.21,133.21,133.21,0
2009-12-28,133.21,133.21,133.21,133.21,0
2009-12-29,131.34,131.34,131.34,131.34,0
2009-12-30,127.42,127.42,127.42,127.42,0
2009-12-31,125.2,125.2,125.2,125.2,0
2010-01-04,122.22,122.22,122.22,122.22,0
2010-01-05,122.22,122.22,122.22,122.22,0
2010-01-06,128.79,128.79,128.79,128.79,0
2010-01-07,128.19,128.19,128.19,128.19,0
2010-01-08,135.74,135.74,135.74,135.74,0
2010-01-11,135.44,135.44,135.44,135.44,0
2010-01-12,139.63,139.63,139.63,139.63,0
2010-01-13,135.42,135.42,135.42,135.42,0
2010-01-14,135.42,135.42,135.42,135.42,0
2010-01-15,130.82,130.82,130.82,130.82,0
2010-01-18,128.41,128.41,128.41,128.41,0
2010-01-19,128.41,128.41,128.41,128.41,0
2010-01-20,129.39,129.39,129.39,129.39,0
2010-01-21,129.02,129.02,129.02,129.02,0
2010-01-22,129.01,129.01,129.01,129.01,0
2010-01-25,125.41,125.41,125.41,125.41,0
2010-01-26,124.78,124.78,124.78,124.78,0
2010-01-27,119.08,119.08,119.08,119.08,0
2010-01-28,116.98,116.98,116.98,116.98,0
2010-01-29,116.98,116.98,116.98,116.98,0
2010-02-01,114.87,114.87,114.87,114.87,0
2010-02-02,116.14,116.14,116.14,116.14,0
2010-02-03,118.06,118.06,118.06,118.06,0
2010-02-04,116.55,116.55,116.55,116.55,0
2010-02-05,114.91,114.91,114.91,114.91,0
2010-02-08,116.82,116.82,116.82,116.82,0
2010-02-09,116.82,116.82,116.82,116.82,0
2010-02-10,118.11,118.11,118.11,118.11,0
2010-02-11,118.9,118.9,118.9,118.9,0
2010-02-12,116.81,116.81,116.81,116.81,0
2010-02-15,118.46,118.46,118.46,118.46,0
2010-02-16,119.71,119.71,119.71,119.71,0
2010-02-17,119.95,119.95,119.95,119.95,0
2010-02-18,117.03,117.03,117.03,117.03,0
2010-02-22,119.79,119.79,119.79,119.79,0
2010-02-23,119.31,119.31,119.31,119.31,0
2010-02-24,119.31,119.31,119.31,119.31,0
2010-02-25,118.94,118.94,118.94,118.94,0
2010-03-01,118.96,118.96,118.96,118.96,0
2010-03-02,119.05,119.05,119.05,119.05,0
2010-03-03,122.81,122.81,122.81,122.81,0
2010-03-04,122.85,122.85,122.85,122.85,0
2010-03-05,122.82,122.82,122.82,122.82,0
2010-03-08,124.22,124.22,124.22,124.22,0
2010-03-09,121.83,121.83,121.83,121.83,0
2010-03-10,121.83,121.83,121.83,121.83,0
2010-03-11,126.56,126.56,126.56,126.56,0
2010-03-12,127.33,127.33,127.33,127.33,0
2010-03-15,129.05,129.05,129.05,129.05,0
2010-03-16,127.28,127.28,127.28,127.28,0
2010-03-17,131.28,131.28,131.28,131.28,0
2010-03-18,131.28,131.28,131.28,131.28,0
2010-03-19,131.41,131.41,131.41,131.41,0
2010-03-22,132.17,132.17,132.17,132.17,0
2010-03-23,134.27,134.27,134.27,134.27,0
2010-03-24,134.27,134.27,134.27,134.27,0
2010-03-25,134.24,134.24,134.24,134.24,0
2010-03-26,131.34,131.34,131.34,131.34,0
2010-03-29,129.28,129.28,129.28,129.28,0
2010-03-30,129.28,129.28,129.28,129.28,0
2010-03-31,129.28,129.28,129.28,129.28,0
2010-04-01,131.38,131.38,131.38,131.38,0
2010-04-06,133.71,133.71,133.71,133.71,0
2010-04-07,133.71,133.71,133.71,133.71,0
2010-04-08,130.91,130.91,130.91,130.91,0
2010-04-09,135.47,135.47,135.47,135.47,0
2010-04-12,135.24,135.24,135.24,135.24,0
2010-04-13,135.24,135.24,135.24,135.24,0
2010-04-14,133.33,133.33,133.33,133.33,0
2010-04-15,137.43,137.43,137.43,137.43,0
2010-04-16,134.8,134.8,134.8,134.8,0
2010-04-19,137.36,137.36,137.36,137.36,0
2010-04-20,137.48,137.48,137.48,137.48,0
2010-04-21,137.48,137.48,137.48,137.48,0
2010-04-23,136.92,136.92,136.92,136.92,0
2010-04-26,135.75,135.75,135.75,135.75,0
2010-04-27,137.01,137.01,137.01,137.01,0
2010-04-29,139.05,139.05,139.05,139.05,0
2010-04-30,140.09,140.09,140.09,140.09,0
2010-05-03,141.1,141.1,141.1,141.1,0
2010-05-04,141.06,141.06,141.06,141.06,0
2010-05-05,139.43,139.43,139.43,139.43,0
2010-05-06,139.86,139.86,139.86,139.86,0
2010-05-07,139.83,139.83,139.83,139.83,0
2010-05-10,139.52,139.52,139.52,139.52,0
2010-05-11,139.58,139.58,139.58,139.58,0
2010-05-12,139.5,139.5,139.5,139.5,0
2010-05-14,136.17,136.17,136.17,136.17,0
2010-05-17,133.29,133.29,133.29,133.29,0
2010-05-18,133.61,133.61,133.61,133.61,0
2010-05-19,133.65,133.65,133.65,133.65,0
2010-05-20,134.81,134.81,134.81,134.81,0
2010-05-21,139.69,139.69,139.69,139.69,0
2010-05-25,138.64,138.64,138.64,138.64,0
2010-05-26,134.6,134.6,134.6,134.6,0
2010-05-27,134.62,134.62,134.62,134.62,0
2010-05-28,135.86,135.86,135.86,135.86,0
2010-05-31,135.86,135.86,135.86,135.86,0
2010-06-01,140.26,140.26,140.26,140.26,0
2010-06-02,141.93,141.93,141.93,141.93,0
2010-06-03,144.04,144.04,144.04,144.04,0
2010-06-04,139.06,139.06,139.06,139.06,0
2010-06-07,137.13,137.13,137.13,137.13,0
2010-06-08,139.77,139.77,139.77,139.77,0
2010-06-09,145.89,145.89,145.89,145.89,0
2010-06-10,145.26,145.26,145.26,145.26,0
2010-06-11,146.19,146.19,146.19,146.19,0
2010-06-14,147.86,147.86,147.86,147.86,0
2010-06-15,155.37,155.37,155.37,155.37,0
2010-06-16,157.22,157.22,157.22,157.22,0
2010-06-17,157.22,157.22,157.22,157.22,0
2010-06-18,159.71,159.71,159.71,159.71,0
2010-06-21,152.46,152.46,152.46,152.46,0
2010-06-22,154.18,154.18,154.18,154.18,0
2010-06-23,156.26,156.26,156.26,156.26,0
2010-06-24,159.46,159.46,159.46,159.46,0
2010-06-25,157.14,157.14,157.14,157.14,0
2010-06-28,159.31,159.31,159.31,159.31,0
2010-06-29,159.89,159.89,159.89,159.89,0
2010-06-30,159.04,159.04,159.04,159.04,0
2010-07-01,159.65,159.65,159.65,159.65,0
2010-07-02,160.22,160.22,160.22,160.22,0
2010-07-05,162.49,162.49,162.49,162.49,0
2010-07-06,165.54,165.54,165.54,165.54,0
2010-07-07,166.4,166.4,166.4,166.4,0
2010-07-08,164.39,164.39,164.39,164.39,0
2010-07-09,166.43,166.43,166.43,166.43,0
2010-07-12,168.53,168.53,168.53,168.53,0
2010-07-13,171.62,171.62,171.62,171.62,0
2010-07-14,173.69,173.69,173.69,173.69,0
2010-07-15,173.84,173.84,173.84,173.84,0
2010-07-16,175.54,175.54,175.54,175.54,0
2010-07-19,176.83,176.83,176.83,176.83,0
2010-07-20,183.65,183.65,183.65,183.65,0
2010-07-21,185.89,185.89,185.89,185.89,0
2010-07-22,188.57,188.57,188.57,188.57,0
2010-07-23,189.26,189.26,189.26,189.26,0
2010-07-26,193.44,193.44,193.44,193.44,0
2010-07-27,200.02,200.02,200.02,200.02,0
2010-07-28,202.13,202.13,202.13,202.13,0
2010-07-29,202.12,202.12,202.12,202.12,0
2010-07-30,211.92,211.92,211.92,211.92,0
2010-08-02,215.64,215.64,215.64,215.64,0
2010-08-03,216.48,216.48,216.48,216.48,0
2010-08-04,224.08,224.08,224.08,224.08,0
2010-08-05,226.2,226.2,226.2,226.2,0
2010-08-06,236.17,236.17,236.17,236.17,0
2010-08-09,244.89,244.89,244.89,244.89,0
2010-08-10,246.49,246.49,246.49,246.49,0
2010-08-11,243.31,243.31,243.31,243.31,0
2010-08-12,243.49,243.49,243.49,243.49,0
2010-08-13,242.6,242.6,242.6,242.6,0
2010-08-16,239.77,239.77,239.77,239.77,0
2010-08-17,234.7,234.7,234.7,234.7,0
2010-08-18,221.02,221.02,221.02,221.02,0
2010-08-19,217.48,217.48,217.48,217.48,0
2010-08-20,197.71,197.71,197.71,197.71,0
2010-08-23,189.79,189.79,189.79,189.79,0
2010-08-24,193.14,193.14,193.14,193.14,0
2010-08-25,200.02,200.02,200.02,200.02,0
2010-08-26,210.25,210.25,210.25,210.25,0
2010-08-27,218.18,218.18,218.18,218.18,0
2010-08-30,233.65,233.65,233.65,233.65,0
2010-08-31,237.62,237.62,237.62,237.62,0
2010-09-01,245.82,245.82,245.82,245.82,0
2010-09-02,252.93,252.93,252.93,252.93,0
2010-09-03,256.07,256.07,256.07,256.07,0
2010-09-07,254.85,254.85,254.85,254.85,0
2010-09-08,235.47,235.47,235.47,235.47,0
2010-09-09,235.49,235.49,235.49,235.49,0
2010-09-13,235.04,235.04,235.04,235.04,0
2010-09-14,241.34,241.34,241.34,241.34,0
2010-09-15,231.16,231.16,231.16,231.16,0
2010-09-16,231.14,231.14,231.14,231.14,0
2010-09-17,232.23,232.23,232.23,232.23,0
2010-09-20,233.25,233.25,233.25,233.25,0
2010-09-21,232.69,232.69,232.69,232.69,0
2010-09-22,235.74,235.74,235.74,235.74,0
2010-09-23,235.74,235.74,235.74,235.74,0
2010-09-24,234.87,234.87,234.87,234.87,0
2010-09-27,237.62,237.62,237.62,237.62,0
2010-09-28,234.14,234.14,234.14,234.14,0
2010-09-29,234.15,234.15,234.15,234.15,0
2010-09-30,234.15,234.15,234.15,234.15,0
2010-10-01,238.92,238.92,238.92,238.92,0
2010-10-04,238.16,238.16,238.16,238.16,0
2010-10-05,242.35,242.35,242.35,242.35,0
2010-10-06,245.47,245.47,245.47,245.47,0
2010-10-07,250.51,250.51,250.51,250.51,0
2010-10-08,246.3,246.3,246.3,246.3,0
2010-10-11,241.21,241.21,241.21,241.21,0
2010-10-12,245.62,245.62,245.62,245.62,0
2010-10-13,246.3,246.3,246.3,246.3,0
2010-10-14,249.55,249.55,249.55,249.55,0
2010-10-15,253.42,253.42,253.42,253.42,0
2010-10-18,250.05,250.05,250.05,250.05,0
2010-10-19,247.83,247.83,247.83,247.83,0
2010-10-20,247.93,247.93,247.93,247.93,0
2010-10-21,246.6,246.6,246.6,246.6,0
2010-10-22,244.71,244.71,244.71,244.71,0
2010-10-25,242.8,242.8,242.8,242.8,0
2010-10-26,245.96,245.96,245.96,245.96,0
2010-10-27,250.19,250.19,250.19,250.19,0
2010-10-28,255.18,255.18,255.18,255.18,0
2010-10-29,273.06,273.06,273.06,273.06,0
2010-11-02,278.4,278.4,278.4,278.4,0
2010-11-03,281.75,281.75,281.75,281.75,0
2010-11-04,287.93,287.93,287.93,287.93,0
2010-11-05,295.85,295.85,295.85,295.85,0
2010-11-08,295.88,295.88,295.88,295.88,0
2010-11-09,295.83,295.83,295.83,295.83,0
2010-11-10,285.89,285.89,285.89,285.89,0
2010-11-11,286.92,286.92,286.92,286.92,0
2010-11-12,270.84,270.84,270.84,270.84,0
2010-11-17,268.26,268.26,268.26,268.26,0
2010-11-18,279.64,279.64,279.64,279.64,0
2010-11-19,273.28,273.28,273.28,273.28,0
2010-11-22,279.96,279.96,279.96,279.96,0
2010-11-23,269.45,269.45,269.45,269.45,0
2010-11-24,269.16,269.16,269.16,269.16,0
2010-11-25,268.72,268.72,268.72,268.72,0
2010-11-26,272.87,272.87,272.87,272.87,0
2010-11-29,276.02,276.02,276.02,276.02,0
2010-11-30,270.97,270.97,270.97,270.97,0
2010-12-01,266.34,266.34,266.34,266.34,0
2010-12-02,266.34,266.34,266.34,266.34,0
2010-12-03,260.9,260.9,260.9,260.9,0
2010-12-06,266.76,266.76,266.76,266.76,0
2010-12-07,262.56,262.56,262.56,262.56,0
2010-12-08,259.2,259.2,259.2,259.2,0
2010-12-09,259.2,259.2,259.2,259.2,0
2010-12-10,261.98,261.98,261.98,261.98,0
2010-12-13,255.08,255.08,255.08,255.08,0
2010-12-14,258.8,258.8,258.8,258.8,0
2010-12-15,256.72,256.72,256.72,256.72,0
2010-12-16,262.38,262.38,262.38,262.38,0
2010-12-17,258.83,258.83,258.83,258.83,0
2010-12-20,262.38,262.38,262.38,262.38,0
2010-12-21,262.38,262.38,262.38,262.38,0
2010-12-22,277.15,277.15,277.15,277.15,0
2010-12-23,277.15,277.15,277.15,277.15,0
2010-12-24,268.76,268.76,268.76,268.76,0
2010-12-27,272.95,272.95,272.95,272.95,0
2010-12-28,266.76,266.76,266.76,266.76,0
2010-12-29,260.39,260.39,260.39,260.39,0
2010-12-30,250.36,250.36,250.36,250.36,0
2010-12-31,254.46,254.46,254.46,254.46,0
2011-01-03,254.46,254.46,254.46,254.46,0
2011-01-04,255.23,255.23,255.23,255.23,0
2011-01-05,259.01,259.01,259.01,259.01,0
2011-01-06,261.66,261.66,261.66,261.66,0
2011-01-07,264.82,264.82,264.82,264.82,0
2011-01-10,258.46,258.46,258.46,258.46,0
2011-01-11,258.44,258.44,258.44,258.44,0
2011-01-12,259.28,259.28,259.28,259.28,0
2011-01-13,262.8,262.8,262.8,262.8,0
2011-01-14,266.6,266.6,266.6,266.6,0
2011-01-17,275.55,275.55,275.55,275.55,0
2011-01-18,276.54,276.54,276.54,276.54,0
2011-01-19,278.33,278.33,278.33,278.33,0
2011-01-20,278.64,278.64,278.64,278.64,0
2011-01-21,279.27,279.27,279.27,279.27,0
2011-01-24,283.43,283.43,283.43,283.43,0
2011-01-25,279.22,279.22,279.22,279.22,0
2011-01-26,281.02,281.02,281.02,281.02,0
2011-01-27,282.07,282.07,282.07,282.07,0
2011-01-28,277.14,277.14,277.14,277.14,0
2011-01-31,276.88,276.88,276.88,276.88,0
2011-02-01,276.78,276.78,276.78,276.78,0
2011-02-02,270,270,270,270,0
2011-02-07,258.82,258.82,258.82,258.82,0
2011-02-08,256.3,256.3,256.3,256.3,0
2011-02-10,254.1,254.1,254.1,254.1,0
2011-02-11,238.39,238.39,238.39,238.39,0
2011-03-01,233.52,233.52,233.52,233.52,0
2011-03-02,233.52,233.52,233.52,233.52,0
2011-03-03,233.52,233.52,233.52,233.52,0
2011-03-07,233.52,233.52,233.52,233.52,0
2011-03-08,233.52,233.52,233.52,233.52,0
2011-03-09,233.52,233.52,233.52,233.52,0
2011-03-10,233.52,233.52,233.52,233.52,0
2011-03-11,233.52,233.52,233.52,233.52,0
2011-03-14,233.52,233.52,233.52,233.52,0
2011-03-15,233.52,233.52,233.52,233.52,0
2011-03-16,233.52,233.52,233.52,233.52,0
2011-03-17,233.52,233.52,233.52,233.52,0
2011-03-18,233.52,233.52,233.52,233.52,0
2011-03-21,233.52,233.52,233.52,233.52,0
2011-03-22,233.52,233.52,233.52,233.52,0
2011-03-23,233.52,233.52,233.52,233.52,0
2011-03-24,233.52,233.52,233.52,233.52,0
2011-03-25,233.52,233.52,233.52,233.52,0
2011-03-28,233.52,233.52,233.52,233.52,0
2011-03-29,233.52,233.52,233.52,233.52,0
2011-03-30,233.52,233.52,233.52,233.52,0
2011-03-31,233.52,233.52,233.52,233.52,0
2011-04-01,233.52,233.52,233.52,233.52,0
2011-04-04,233.52,233.52,233.52,233.52,0
2011-04-05,233.52,233.52,233.52,233.52,0
2011-04-06,233.52,233.52,233.52,233.52,0
2011-04-07,233.52,233.52,233.52,233.52,0
2011-04-08,233.52,233.52,233.52,233.52,0
2011-04-11,233.52,233.52,233.52,233.52,0
2011-04-12,233.52,233.52,233.52,233.52,0
2011-04-13,233.52,233.52,233.52,233.52,0
2011-04-14,233.52,233.52,233.52,233.52,0
2011-04-15,233.52,233.52,233.52,233.52,0
2011-04-18,233.52,233.52,233.52,233.52,0
2011-04-19,233.52,233.52,233.52,233.52,0
2011-04-20,233.52,233.52,233.52,233.52,0
2011-04-21,233.52,233.52,233.52,233.52,0
2011-04-22,233.52,233.52,233.52,233.52,0
2011-04-26,233.52,233.52,233.52,233.52,0
2011-04-27,233.52,233.52,233.52,233.52,0
2011-04-28,233.52,233.52,233.52,233.52,0
2011-04-29,233.52,233.52,233.52,233.52,0
2011-05-03,238.19,238.19,238.19,238.19,0
2011-05-04,238.19,238.19,238.19,238.19,0
2011-05-05,238.19,238.19,238.19,238.19,0
2011-05-06,235.08,235.08,235.08,235.08,0
2011-05-09,235.09,235.09,235.09,235.09,0
2011-05-10,235.06,235.06,235.06,235.06,0
2011-05-11,227.85,227.85,227.85,227.85,0
2011-05-12,220.43,220.43,220.43,220.43,0
2011-05-13,210.46,210.46,210.46,210.46,0
2011-05-16,210.73,210.73,210.73,210.73,0
2011-05-17,214.66,214.66,214.66,214.66,0
2011-05-18,214.66,214.66,214.66,214.66,0
2011-05-19,220.64,220.64,220.64,220.64,0
2011-05-20,217.16,217.16,217.16,217.16,0
2011-05-23,217.16,217.16,217.16,217.16,0
2011-05-24,240.06,240.06,240.06,240.06,0
2011-05-25,240.06,240.06,240.06,240.06,0
2011-05-26,239.47,239.47,239.47,239.47,0
2011-05-27,267.96,267.96,267.96,267.96,0
2011-05-30,278.92,278.92,278.92,278.92,0
2011-05-31,277.64,277.64,277.64,277.64,0
2011-06-01,306.98,306.98,306.98,306.98,0
2011-06-03,314.38,314.38,314.38,314.38,0
2011-06-06,313.14,313.14,313.14,313.14,0
2011-06-07,313.2,313.2,313.2,313.2,0
2011-06-08,313.15,313.15,313.15,313.15,0
2011-06-09,310.32,310.32,310.32,310.32,0
2011-06-10,319.68,319.68,319.68,319.68,0
2011-06-14,322.31,322.31,322.31,322.31,0
2011-06-15,322,322,322,322,0
2011-06-16,322.73,322.73,322.73,322.73,0
2011-06-17,316.22,316.22,316.22,316.22,0
2011-06-20,316.06,316.06,316.06,316.06,0
2011-06-21,310.06,310.06,310.06,310.06,0
2011-06-22,309.78,309.78,309.78,309.78,0
2011-06-23,311.85,311.85,311.85,311.85,0
2011-06-24,289.41,289.41,289.41,289.41,0
2011-06-27,281.93,281.93,281.93,281.93,0
2011-06-28,283.74,283.74,283.74,283.74,0
2011-06-29,284.56,284.56,284.56,284.56,0
2011-06-30,280.39,280.39,280.39,280.39,0
2011-07-01,280.17,280.17,280.17,280.17,0
2011-07-04,278.1,278.1,278.1,278.1,0
2011-07-05,273.5,273.5,273.5,273.5,0
2011-07-06,271.41,271.41,271.41,271.41,0
2011-07-07,269.85,269.85,269.85,269.85,0
2011-07-08,270.89,270.89,270.89,270.89,0
2011-07-11,273.9,273.9,273.9,273.9,0
2011-07-12,271.97,271.97,271.97,271.97,0
2011-07-13,270.71,270.71,270.71,270.71,0
2011-07-14,270.74,270.74,270.74,270.74,0
2011-07-15,268.66,268.66,268.66,268.66,0
2011-07-18,270.75,270.75,270.75,270.75,0
2011-07-19,278.05,278.05,278.05,278.05,0
2011-07-20,286.05,286.05,286.05,286.05,0
2011-07-21,284.54,284.54,284.54,284.54,0
2011-07-22,294.12,294.12,294.12,294.12,0
2011-07-25,295.19,295.19,295.19,295.19,0
2011-07-26,298.92,298.92,298.92,298.92,0
2011-07-27,300.86,300.86,300.86,300.86,0
2011-07-28,300.86,300.86,300.86,300.86,0
2011-07-29,318.33,318.33,318.33,318.33,0
2011-08-01,324.25,324.25,324.25,324.25,0
2011-08-02,329.73,329.73,329.73,329.73,0
2011-08-03,329.72,329.72,329.72,329.72,0
2011-08-04,328.08,328.08,328.08,328.08,0
2011-08-05,321.12,321.12,321.12,321.12,0
2011-08-09,318.63,318.63,318.63,318.63,0
2011-08-10,312.92,312.92,312.92,312.92,0
2011-08-11,317.36,317.36,317.36,317.36,0
2011-08-12,317.36,317.36,317.36,317.36,0
2011-08-16,316.09,316.09,316.09,316.09,0
2011-08-17,315.73,315.73,315.73,315.73,0
2011-08-18,316.23,316.23,316.23,316.23,0
2011-08-19,320.35,320.35,320.35,320.35,0
2011-08-22,320.96,320.96,320.96,320.96,0
2011-08-23,320.96,320.96,320.96,320.96,0
2011-08-24,323.25,323.25,323.25,323.25,0
2011-08-25,321.13,321.13,321.13,321.13,0
2011-08-26,318.67,318.67,318.67,318.67,0
2011-08-29,315.94,315.94,315.94,315.94,0
2011-08-31,318.48,318.48,318.48,318.48,0
2011-09-01,318.84,318.84,318.84,318.84,0
2011-09-02,320.43,320.43,320.43,320.43,0
2011-09-05,322.46,322.46,322.46,322.46,0
2011-09-06,326,326,326,326,0
2011-09-07,329.63,329.63,329.63,329.63,0
2011-09-08,328.16,328.16,328.16,328.16,0
2011-09-09,328.98,328.98,328.98,328.98,0
2011-09-12,330.5,330.5,330.5,330.5,0
2011-09-13,330.5,330.5,330.5,330.5,0
2011-09-14,324.78,324.78,324.78,324.78,0
2011-09-15,322.09,322.09,322.09,322.09,0
2011-09-16,322.09,322.09,322.09,322.09,0
2011-09-19,322.55,322.55,322.55,322.55,0
2011-09-20,295.75,295.75,295.75,295.75,0
2011-09-21,298.59,298.59,298.59,298.59,0
2011-09-22,305.03,305.03,305.03,305.03,0
2011-09-23,299.28,299.28,299.28,299.28,0
2011-09-26,302.83,302.83,302.83,302.83,0
2011-09-27,303.73,303.73,303.73,303.73,0
2011-09-28,304.37,304.37,304.37,304.37,0
2011-09-29,302.14,302.14,302.14,302.14,0
2011-09-30,303.92,303.92,303.92,303.92,0
2011-10-03,303.33,303.33,303.33,303.33,0
2011-10-04,299.46,299.46,299.46,299.46,0
2011-10-05,303.94,303.94,303.94,303.94,0
2011-10-06,305.96,305.96,305.96,305.96,0
2011-10-07,309.57,309.57,309.57,309.57,0
2011-10-10,309.99,309.99,309.99,309.99,0
2011-10-11,306.9,306.9,306.9,306.9,0
2011-10-12,327.64,327.64,327.64,327.64,0
2011-10-13,338.28,338.28,338.28,338.28,0
2011-10-14,338.06,338.06,338.06,338.06,0
2011-10-17,344.51,344.51,344.51,344.51,0
2011-10-18,349.89,349.89,349.89,349.89,0
2011-10-19,357.36,357.36,357.36,357.36,0
2011-10-20,356.7,356.7,356.7,356.7,0
2011-10-21,358.8,358.8,358.8,358.8,0
2011-10-24,359.19,359.19,359.19,359.19,0
2011-10-25,361.74,361.74,361.74,361.74,0
2011-10-26,372.05,372.05,372.05,372.05,0
2011-10-27,386.15,386.15,386.15,386.15,0
2011-10-28,398.77,398.77,398.77,398.77,0
2011-10-31,402.09,402.09,402.09,402.09,0
2011-11-02,395.59,395.59,395.59,395.59,0
2011-11-03,391.35,391.35,391.35,391.35,0
2011-11-04,386.13,386.13,386.13,386.13,0
2011-11-08,386.06,386.06,386.06,386.06,0
2011-11-09,382.83,382.83,382.83,382.83,0
2011-11-10,379.6,379.6,379.6,379.6,0
2011-11-11,373.42,373.42,373.42,373.42,0
2011-11-14,373.47,373.47,373.47,373.47,0
2011-11-16,364.22,364.22,364.22,364.22,0
2011-11-17,358.47,358.47,358.47,358.47,0
2011-11-18,362.9,362.9,362.9,362.9,0
2011-11-21,364.36,364.36,364.36,364.36,0
2011-11-22,385.77,385.77,385.77,385.77,0
2011-11-23,376.1,376.1,376.1,376.1,0
2011-11-24,367.12,367.12,367.12,367.12,0
2011-11-25,357.84,357.84,357.84,357.84,0
2011-11-28,352.83,352.83,352.83,352.83,0
2011-11-29,350.44,350.44,350.44,350.44,0
2011-11-30,345.46,345.46,345.46,345.46,0
2011-12-01,341.77,341.77,341.77,341.77,0
2011-12-02,346.85,346.85,346.85,346.85,0
2011-12-05,362.74,362.74,362.74,362.74,0
2011-12-06,369.1,369.1,369.1,369.1,0
2011-12-07,371.87,371.87,371.87,371.87,0
2011-12-08,370.58,370.58,370.58,370.58,0
2011-12-09,368.66,368.66,368.66,368.66,0
2011-12-12,374.13,374.13,374.13,374.13,0
2011-12-13,368.48,368.48,368.48,368.48,0
2011-12-14,368.47,368.47,368.47,368.47,0
2011-12-15,365.26,365.26,365.26,365.26,0
2011-12-16,366.94,366.94,366.94,366.94,0
2011-12-19,362.81,362.81,362.81,362.81,0
2011-12-20,356.37,356.37,356.37,356.37,0
2011-12-21,357.26,357.26,357.26,357.26,0
2011-12-22,353.05,353.05,353.05,353.05,0
2011-12-23,354.83,354.83,354.83,354.83,0
2011-12-27,354.83,354.83,354.83,354.83,0
2011-12-28,360.06,360.06,360.06,360.06,0
2011-12-29,363.25,363.25,363.25,363.25,0
2011-12-30,368.2,368.2,368.2,368.2,0
2012-01-03,375.98,375.98,375.98,375.98,0
2012-01-04,371.36,371.36,371.36,371.36,0
2012-01-05,377.06,377.06,377.06,377.06,0
2012-01-06,373.48,373.48,373.48,373.48,0
2012-01-09,371.8,371.8,371.8,371.8,0
2012-01-10,357.89,357.89,357.89,357.89,0
2012-01-11,353.7,353.7,353.7,353.7,0
2012-01-12,359.04,359.04,359.04,359.04,0
2012-01-13,360.81,360.81,360.81,360.81,0
2012-01-16,361.46,361.46,361.46,361.46,0
2012-01-17,365.05,365.05,365.05,365.05,0
2012-01-18,363.31,363.31,363.31,363.31,0
2012-01-19,367.75,367.75,367.75,367.75,0
2012-01-20,375.14,375.14,375.14,375.14,0
2012-01-23,373.68,373.68,373.68,373.68,0
2012-01-24,375.62,375.62,375.62,375.62,0
2012-01-25,375.62,375.62,375.62,375.62,0
2012-01-26,382.56,382.56,382.56,382.56,0
2012-01-27,385.45,385.45,385.45,385.45,0
2012-01-30,389,389,389,389,0
2012-01-31,389.05,389.05,389.05,389.05,0
2012-02-01,386.34,386.34,386.34,386.34,0
2012-02-02,389.04,389.04,389.04,389.04,0
2012-02-03,389.25,389.25,389.25,389.25,0
2012-02-06,389.07,389.07,389.07,389.07,0
2012-02-07,394.89,394.89,394.89,394.89,0
2012-02-08,396.55,396.55,396.55,396.55,0
2012-02-09,393.4,393.4,393.4,393.4,0
2012-02-10,395.36,395.36,395.36,395.36,0
2012-02-14,395.36,395.36,395.36,395.36,0
2012-02-15,395.36,395.36,395.36,395.36,0
2012-02-16,393.24,393.24,393.24,393.24,0
2012-02-17,393.24,393.24,393.24,393.24,0
2012-02-20,397.73,397.73,397.73,397.73,0
2012-02-21,408.77,408.77,408.77,408.77,0
2012-02-22,411.91,411.91,411.91,411.91,0
2012-02-23,429.49,429.49,429.49,429.49,0
2012-02-24,430.03,430.03,430.03,430.03,0
2012-02-27,447.08,447.08,447.08,447.08,0
2012-02-28,452.02,452.02,452.02,452.02,0
2012-02-29,455.11,455.11,455.11,455.11,0
2012-03-01,457.77,457.77,457.77,457.77,0
2012-03-02,454.74,454.74,454.74,454.74,0
2012-03-05,457.95,457.95,457.95,457.95,0
2012-03-06,480.03,480.03,480.03,480.03,0
2012-03-07,466.93,466.93,466.93,466.93,0
2012-03-08,470.11,470.11,470.11,470.11,0
2012-03-09,473.02,473.02,473.02,473.02,0
2012-03-12,481.67,481.67,481.67,481.67,0
2012-03-13,483.25,483.25,483.25,483.25,0
2012-03-14,483.21,483.21,483.21,483.21,0
2012-03-15,490.05,490.05,490.05,490.05,0
2012-03-16,490.97,490.97,490.97,490.97,0
2012-03-19,499.02,499.02,499.02,499.02,0
2012-03-20,497.33,497.33,497.33,497.33,0
2012-03-21,494.48,494.48,494.48,494.48,0
2012-03-22,490.32,490.32,490.32,490.32,0
2012-03-23,490.32,490.32,490.32,490.32,0
2012-03-26,487.89,487.89,487.89,487.89,0
2012-03-27,487.71,487.71,487.71,487.71,0
2012-03-28,485.22,485.22,485.22,485.22,0
2012-03-29,478.88,478.88,478.88,478.88,0
2012-04-02,469.06,469.06,469.06,469.06,0
2012-04-03,463.74,463.74,463.74,463.74,0
2012-04-04,466.28,466.28,466.28,466.28,0
2012-04-05,466.28,466.28,466.28,466.28,0
2012-04-06,469.49,469.49,469.49,469.49,0
2012-04-10,473.08,473.08,473.08,473.08,0
2012-04-11,478.97,478.97,478.97,478.97,0
2012-04-12,475.82,475.82,475.82,475.82,0
2012-04-13,479,479,479,479,0
2012-04-16,478.97,478.97,478.97,478.97,0
2012-04-17,479,479,479,479,0
2012-04-18,489,489,489,489,0
2012-04-19,479,479,479,479,0
2012-04-20,475.82,475.82,475.82,475.82,0
2012-04-23,475.82,475.82,475.82,475.82,0
2012-04-24,479,479,479,479,0
2012-04-25,479.02,479.02,479.02,479.02,0
2012-04-26,479,479,479,479,0
2012-04-27,479,479,479,479,0
2012-04-30,475.79,475.79,475.79,475.79,0
2012-05-02,472.64,472.64,472.64,472.64,0
2012-05-03,472.64,472.64,472.64,472.64,0
2012-05-04,472.58,472.58,472.58,472.58,0
2012-05-07,472.58,472.58,472.58,472.58,0
2012-05-08,472.08,472.08,472.08,472.08,0
2012-05-09,462.72,462.72,462.72,462.72,0
2012-05-10,466.07,466.07,466.07,466.07,0
2012-05-11,464.13,464.13,464.13,464.13,0
2012-05-14,473.09,473.09,473.09,473.09,0
2012-05-15,475.4,475.4,475.4,475.4,0
2012-05-16,473.96,473.96,473.96,473.96,0
2012-05-18,473.54,473.54,473.54,473.54,0
2012-05-21,471.52,471.52,471.52,471.52,0
2012-05-22,471.52,471.52,471.52,471.52,0
2012-05-23,464.8,464.8,464.8,464.8,0
2012-05-24,458.62,458.62,458.62,458.62,0
2012-05-25,458.44,458.44,458.44,458.44,0
2012-05-29,454.62,454.62,454.62,454.62,0
2012-05-30,457.57,457.57,457.57,457.57,0
2012-05-31,453.53,453.53,453.53,453.53,0
2012-06-01,453.57,453.57,453.57,453.57,0
2012-06-04,457.02,457.02,457.02,457.02,0
2012-06-05,444.17,444.17,444.17,444.17,0
2012-06-06,446.29,446.29,446.29,446.29,0
2012-06-07,452.31,452.31,452.31,452.31,0
2012-06-08,456.33,456.33,456.33,456.33,0
2012-06-11,460.85,460.85,460.85,460.85,0
2012-06-12,465.07,465.07,465.07,465.07,0
2012-06-13,463.71,463.71,463.71,463.71,0
2012-06-14,464.27,464.27,464.27,464.27,0
2012-06-15,467.64,467.64,467.64,467.64,0
2012-06-18,479.88,479.88,479.88,479.88,0
2012-06-19,484.27,484.27,484.27,484.27,0
2012-06-20,471.87,471.87,471.87,471.87,0
2012-06-21,487.23,487.23,487.23,487.23,0
2012-06-22,472.02,472.02,472.02,472.02,0
2012-06-25,458.66,458.66,458.66,458.66,0
2012-06-26,466.02,466.02,466.02,466.02,0
2012-06-27,467.24,467.24,467.24,467.24,0
2012-06-28,467.81,467.81,467.81,467.81,0
2012-06-29,468.8,468.8,468.8,468.8,0
2012-07-02,456.63,456.63,456.63,456.63,0
2012-07-03,461.09,461.09,461.09,461.09,0
2012-07-04,454.79,454.79,454.79,454.79,0
2012-07-05,463.13,463.13,463.13,463.13,0
2012-07-06,455.63,455.63,455.63,455.63,0
2012-07-09,439.47,439.47,439.47,439.47,0
2012-07-10,435.27,435.27,435.27,435.27,0
2012-07-11,427.88,427.88,427.88,427.88,0
2012-07-12,414.79,414.79,414.79,414.79,0
2012-07-13,404.6,404.6,404.6,404.6,0
2012-07-16,404.6,404.6,404.6,404.6,0
2012-07-17,414.39,414.39,414.39,414.39,0
2012-07-18,404.57,404.57,404.57,404.57,0
2012-07-19,369.16,369.16,369.16,369.16,0
2012-07-20,358.58,358.58,358.58,358.58,0
2012-07-23,351.35,351.35,351.35,351.35,0
2012-07-24,349.88,349.88,349.88,349.88,0
2012-07-25,348.51,348.51,348.51,348.51,0
2012-07-26,354.49,354.49,354.49,354.49,0
2012-07-27,365.19,365.19,365.19,365.19,0
2012-07-30,371.94,371.94,371.94,371.94,0
2012-07-31,392.06,392.06,392.06,392.06,0
2012-08-01,409.25,409.25,409.25,409.25,0
2012-08-02,432.76,432.76,432.76,432.76,0
2012-08-03,431.83,431.83,431.83,431.83,0
2012-08-08,422.19,422.19,422.19,422.19,0
2012-08-09,412.15,412.15,412.15,412.15,0
2012-08-10,393.93,393.93,393.93,393.93,0
2012-08-13,391.31,391.31,391.31,391.31,0
2012-08-14,392.99,392.99,392.99,392.99,0
2012-08-16,384.58,384.58,384.58,384.58,0
2012-08-17,373.22,373.22,373.22,373.22,0
2012-08-21,383.69,383.69,383.69,383.69,0
2012-08-22,388.78,388.78,388.78,388.78,0
2012-08-23,392.99,392.99,392.99,392.99,0
2012-08-24,392.99,392.99,392.99,392.99,0
2012-08-27,393.88,393.88,393.88,393.88,0
2012-08-28,394.05,394.05,394.05,394.05,0
2012-08-29,401.03,401.03,401.03,401.03,0
2012-08-30,400.92,400.92,400.92,400.92,0
2012-08-31,398.82,398.82,398.82,398.82,0
2012-09-03,389.61,389.61,389.61,389.61,0
2012-09-04,389.63,389.63,389.63,389.63,0
2012-09-05,383.27,383.27,383.27,383.27,0
2012-09-06,383.7,383.7,383.7,383.7,0
2012-09-07,392.71,392.71,392.71,392.71,0
2012-09-10,394.3,394.3,394.3,394.3,0
2012-09-11,392.52,392.52,392.52,392.52,0
2012-09-12,392.71,392.71,392.71,392.71,0
2012-09-13,388.4,388.4,388.4,388.4,0
2012-09-14,397.59,397.59,397.59,397.59,0
2012-09-17,396.64,396.64,396.64,396.64,0
2012-09-18,397.1,397.1,397.1,397.1,0
2012-09-19,396.97,396.97,396.97,396.97,0
2012-09-20,387.43,387.43,387.43,387.43,0
2012-09-21,403.4,403.4,403.4,403.4,0
2012-09-24,404.96,404.96,404.96,404.96,0
2012-09-25,402.82,402.82,402.82,402.82,0
2012-09-26,401.61,401.61,401.61,401.61,0
2012-09-27,401.61,401.61,401.61,401.61,0
2012-09-28,400.56,400.56,400.56,400.56,0
2012-10-01,403.71,403.71,403.71,403.71,0
2012-10-02,403.71,403.71,403.71,403.71,0
2012-10-03,403.71,403.71,403.71,403.71,0
2012-10-04,401.96,401.96,401.96,401.96,0
2012-10-05,401.65,401.65,401.65,401.65,0
2012-10-08,390.39,390.39,390.39,390.39,0
2012-10-09,385.93,385.93,385.93,385.93,0
2012-10-10,389.78,389.78,389.78,389.78,0
2012-10-11,377.96,377.96,377.96,377.96,0
2012-10-12,378.49,378.49,378.49,378.49,0
2012-10-15,374.71,374.71,374.71,374.71,0
2012-10-16,374.68,374.68,374.68,374.68,0
2012-10-17,374.68,374.68,374.68,374.68,0
2012-10-18,374.22,374.22,374.22,374.22,0
2012-10-19,374.65,374.65,374.65,374.65,0
2012-10-22,366.09,366.09,366.09,366.09,0
2012-10-23,361.96,361.96,361.96,361.96,0
2012-10-24,363.17,363.17,363.17,363.17,0
2012-10-25,349.37,349.37,349.37,349.37,0
2012-10-29,349.37,349.37,349.37,349.37,0
2012-10-30,355.48,355.48,355.48,355.48,0
2012-10-31,355.48,355.48,355.48,355.48,0
2012-11-02,356.75,356.75,356.75,356.75,0
2012-11-05,355.3,355.3,355.3,355.3,0
2012-11-06,372.41,372.41,372.41,372.41,0
2012-11-07,373.68,373.68,373.68,373.68,0
2012-11-08,373.68,373.68,373.68,373.68,0
2012-11-09,366.29,366.29,366.29,366.29,0
2012-11-12,363.11,363.11,363.11,363.11,0
2012-11-13,367.18,367.18,367.18,367.18,0
2012-11-14,370.73,370.73,370.73,370.73,0
2012-11-16,367.55,367.55,367.55,367.55,0
2012-11-19,361.22,361.22,361.22,361.22,0
2012-11-20,361.61,361.61,361.61,361.61,0
2012-11-21,358.43,358.43,358.43,358.43,0
2012-11-22,351.7,351.7,351.7,351.7,0
2012-11-23,353.99,353.99,353.99,353.99,0
2012-11-26,356.56,356.56,356.56,356.56,0
2012-11-27,362.12,362.12,362.12,362.12,0
2012-11-28,362.07,362.07,362.07,362.07,0
2012-11-29,359.48,359.48,359.48,359.48,0
2012-11-30,359.48,359.48,359.48,359.48,0
2012-12-03,355.51,355.51,355.51,355.51,0
2012-12-04,351.76,351.76,351.76,351.76,0
2012-12-05,354.84,354.84,354.84,354.84,0
2012-12-06,354.84,354.84,354.84,354.84,0
2012-12-07,334.08,334.08,334.08,334.08,0
2012-12-10,352.47,352.47,352.47,352.47,0
2012-12-11,349.55,349.55,349.55,349.55,0
2012-12-12,338.37,338.37,338.37,338.37,0
2012-12-13,347.45,347.45,347.45,347.45,0
2012-12-14,347.45,347.45,347.45,347.45,0
2012-12-17,344.27,344.27,344.27,344.27,0
2012-12-18,342.46,342.46,342.46,342.46,0
2012-12-19,335.56,335.56,335.56,335.56,0
2012-12-20,341.86,341.86,341.86,341.86,0
2012-12-21,346.06,346.06,346.06,346.06,0
2012-12-24,358.94,358.94,358.94,358.94,0
2012-12-26,366.75,366.75,366.75,366.75,0
2012-12-27,367.36,367.36,367.36,367.36,0
2012-12-28,384.43,384.43,384.43,384.43,0
2012-12-31,398.94,398.94,398.94,398.94,0
2013-01-02,406.32,406.32,406.32,406.32,0
2013-01-03,399.58,399.58,399.58,399.58,0
2013-01-04,390,390,390,390,0
2013-01-07,395.79,395.79,395.79,395.79,0
2013-01-08,394.01,394.01,394.01,394.01,0
2013-01-09,387.7,387.7,387.7,387.7,0
2013-01-10,391.23,391.23,391.23,391.23,0
2013-01-11,391.23,391.23,391.23,391.23,0
2013-01-14,391.2,391.2,391.2,391.2,0
2013-01-15,381.29,381.29,381.29,381.29,0
2013-01-16,379.3,379.3,379.3,379.3,0
2013-01-17,380.87,380.87,380.87,380.87,0
2013-01-18,372.76,372.76,372.76,372.76,0
2013-01-21,377.37,377.37,377.37,377.37,0
2013-01-22,381.33,381.33,381.33,381.33,0
2013-01-23,378.93,378.93,378.93,378.93,0
2013-01-25,376.25,376.25,376.25,376.25,0
2013-01-28,380.41,380.41,380.41,380.41,0
2013-01-29,378.2,378.2,378.2,378.2,0
2013-01-30,382.36,382.36,382.36,382.36,0
2013-01-31,383.54,383.54,383.54,383.54,0
2013-02-01,380.24,380.24,380.24,380.24,0
2013-02-04,385.39,385.39,385.39,385.39,0
2013-02-05,379.12,379.12,379.12,379.12,0
2013-02-06,379.18,379.18,379.18,379.18,0
2013-02-07,381.43,381.43,381.43,381.43,0
2013-02-08,381.47,381.47,381.47,381.47,0
2013-02-11,390.01,390.01,390.01,390.01,0
2013-02-12,410.9,410.9,410.9,410.9,0
2013-02-13,405.43,405.43,405.43,405.43,0
2013-02-14,404.79,404.79,404.79,404.79,0
2013-02-15,406.45,406.45,406.45,406.45,0
2013-02-18,399.15,399.15,399.15,399.15,0
2013-02-19,387.65,387.65,387.65,387.65,0
2013-02-20,389.32,389.32,389.32,389.32,0
2013-02-21,385.11,385.11,385.11,385.11,0
2013-02-22,392.22,392.22,392.22,392.22,0
2013-02-25,396.39,396.39,396.39,396.39,0
2013-02-26,397.05,397.05,397.05,397.05,0
2013-02-27,394.96,394.96,394.96,394.96,0
2013-02-28,383.92,383.92,383.92,383.92,0
2013-03-01,386.89,386.89,386.89,386.89,0
2013-03-04,379.26,379.26,379.26,379.26,0
2013-03-05,386.6,386.6,386.6,386.6,0
2013-03-06,388.16,388.16,388.16,388.16,0
2013-03-07,391.53,391.53,391.53,391.53,0
2013-03-08,390.78,390.78,390.78,390.78,0
2013-03-11,391.76,391.76,391.76,391.76,0
2013-03-12,398.89,398.89,398.89,398.89,0
2013-03-13,398.32,398.32,398.32,398.32,0
2013-03-14,402.85,402.85,402.85,402.85,0
2013-03-15,402.95,402.95,402.95,402.95,0
2013-03-18,391.54,391.54,391.54,391.54,0
2013-03-19,405.11,405.11,405.11,405.11,0
2013-03-20,390.57,390.57,390.57,390.57,0
2013-03-21,392.57,392.57,392.57,392.57,0
2013-03-22,409.92,409.92,409.92,409.92,0
2013-03-25,411.56,411.56,411.56,411.56,0
2013-03-26,405.84,405.84,405.84,405.84,0
2013-03-27,399.29,399.29,399.29,399.29,0
2013-03-28,402.74,402.74,402.74,402.74,0
2013-03-29,417.53,417.53,417.53,417.53,0
2013-04-02,414.07,414.07,414.07,414.07,0
2013-04-03,402.6,402.6,402.6,402.6,0
2013-04-04,393.26,393.26,393.26,393.26,0
2013-04-05,391.63,391.63,391.63,391.63,0
2013-04-08,385.29,385.29,385.29,385.29,0
2013-04-09,377.39,377.39,377.39,377.39,0
2013-04-10,370.86,370.86,370.86,370.86,0
2013-04-11,373.87,373.87,373.87,373.87,0
2013-04-12,373.87,373.87,373.87,373.87,0
2013-04-15,380.09,380.09,380.09,380.09,0
2013-04-16,375.89,375.89,375.89,375.89,0
2013-04-17,382.23,382.23,382.23,382.23,0
2013-04-18,384,384,384,384,0
2013-04-19,384,384,384,384,0
2013-04-22,382.23,382.23,382.23,382.23,0
2013-04-23,384.18,384.18,384.18,384.18,0
2013-04-24,384.54,384.54,384.54,384.54,0
2013-04-25,384.54,384.54,384.54,384.54,0
2013-04-26,380.82,380.82,380.82,380.82,0
2013-04-29,380.82,380.82,380.82,380.82,0
2013-04-30,371.29,371.29,371.29,371.29,0
2013-05-02,359.3,359.3,359.3,359.3,0
2013-05-03,354.6,354.6,354.6,354.6,0
2013-05-06,350.72,350.72,350.72,350.72,0
2013-05-07,338.05,338.05,338.05,338.05,0
2013-05-08,335.95,335.95,335.95,335.95,0
2013-05-10,335.95,335.95,335.95,335.95,0
2013-05-13,342.75,342.75,342.75,342.75,0
2013-05-14,342.75,342.75,342.75,342.75,0
2013-05-15,344.85,344.85,344.85,344.85,0
2013-05-16,350.51,350.51,350.51,350.51,0
2013-05-17,362.52,362.52,362.52,362.52,0
2013-05-21,367.66,367.66,367.66,367.66,0
2013-05-22,359.25,359.25,359.25,359.25,0
2013-05-23,365.53,365.53,365.53,365.53,0
2013-05-24,356.07,356.07,356.07,356.07,0
2013-05-27,356.09,356.09,356.09,356.09,0
2013-05-28,364.3,364.3,364.3,364.3,0
2013-05-29,362.7,362.7,362.7,362.7,0
2013-05-30,362.67,362.67,362.67,362.67,0
2013-05-31,362.64,362.64,362.64,362.64,0
2013-06-03,368.59,368.59,368.59,368.59,0
2013-06-04,356.95,356.95,356.95,356.95,0
2013-06-05,360.75,360.75,360.75,360.75,0
2013-06-06,362.49,362.49,362.49,362.49,0
2013-06-07,362.53,362.53,362.53,362.53,0
2013-06-10,356.97,356.97,356.97,356.97,0
2013-06-11,354.43,354.43,354.43,354.43,0
2013-06-12,348.03,348.03,348.03,348.03,0
2013-06-13,344.1,344.1,344.1,344.1,0
2013-06-14,336.2,336.2,336.2,336.2,0
2013-06-17,343.59,343.59,343.59,343.59,0
2013-06-18,343.65,343.65,343.65,343.65,0
2013-06-19,346.82,346.82,346.82,346.82,0
2013-06-20,343.62,343.62,343.62,343.62,0
2013-06-21,345.22,345.22,345.22,345.22,0
2013-06-24,349.31,349.31,349.31,349.31,0
2013-06-25,345.02,345.02,345.02,345.02,0
2013-06-26,336.43,336.43,336.43,336.43,0
2013-06-27,334.25,334.25,334.25,334.25,0
2013-06-28,338.04,338.04,338.04,338.04,0
2013-07-01,334.25,334.25,334.25,334.25,0
2013-07-02,319.74,319.74,319.74,319.74,0
2013-07-03,327.43,327.43,327.43,327.43,0
2013-07-04,327.46,327.46,327.46,327.46,0
2013-07-05,333.31,333.31,333.31,333.31,0
2013-07-08,331.28,331.28,331.28,331.28,0
2013-07-09,322.73,322.73,322.73,322.73,0
2013-07-10,329.31,329.31,329.31,329.31,0
2013-07-11,326.37,326.37,326.37,326.37,0
2013-07-12,335.66,335.66,335.66,335.66,0
2013-07-15,331.17,331.17,331.17,331.17,0
2013-07-16,328.51,328.51,328.51,328.51,0
2013-07-17,331.66,331.66,331.66,331.66,0
2013-07-18,330.28,330.28,330.28,330.28,0
2013-07-19,322.63,322.63,322.63,322.63,0
2013-07-22,326.19,326.19,326.19,326.19,0
2013-07-23,323.44,323.44,323.44,323.44,0
2013-07-24,323.76,323.76,323.76,323.76,0
2013-07-25,322.15,322.15,322.15,322.15,0
2013-07-26,322.15,322.15,322.15,322.15,0
2013-07-29,316.83,316.83,316.83,316.83,0
2013-07-30,316.51,316.51,316.51,316.51,0
2013-07-31,316.51,316.51,316.51,316.51,0
2013-08-01,312.31,312.31,312.31,312.31,0
2013-08-02,316.51,316.51,316.51,316.51,0
2013-08-05,309.89,309.89,309.89,309.89,0
2013-08-06,312.31,312.31,312.31,312.31,0
2013-08-09,312.31,312.31,312.31,312.31,0
2013-08-12,310.31,310.31,310.31,310.31,0
2013-08-13,311.25,311.25,311.25,311.25,0
2013-08-14,310.62,310.62,310.62,310.62,0
2013-08-16,306.3,306.3,306.3,306.3,0
2013-08-19,303.12,303.12,303.12,303.12,0
2013-08-20,301.02,301.02,301.02,301.02,0
2013-08-21,292.44,292.44,292.44,292.44,0
2013-08-22,284.62,284.62,284.62,284.62,0
2013-08-23,274.58,274.58,274.58,274.58,0
2013-08-26,274.61,274.61,274.61,274.61,0
2013-08-27,275.17,275.17,275.17,275.17,0
2013-08-28,270.92,270.92,270.92,270.92,0
2013-08-29,275.39,275.39,275.39,275.39,0
2013-08-30,275.18,275.18,275.18,275.18,0
2013-09-02,275.18,275.18,275.18,275.18,0
2013-09-03,275.18,275.18,275.18,275.18,0
2013-09-04,275.18,275.18,275.18,275.18,0
2013-09-05,277.85,277.85,277.85,277.85,0
2013-09-06,272.91,272.91,272.91,272.91,0
2013-09-09,278.11,278.11,278.11,278.11,0
2013-09-10,278.16,278.16,278.16,278.16,0
2013-09-11,277.79,277.79,277.79,277.79,0
2013-09-12,277.79,277.79,277.79,277.79,0
2013-09-13,277.93,277.93,277.93,277.93,0
2013-09-16,286.4,286.4,286.4,286.4,0
2013-09-17,285.51,285.51,285.51,285.51,0
2013-09-18,299.28,299.28,299.28,299.28,0
2013-09-19,299,299,299,299,0
2013-09-20,304.62,304.62,304.62,304.62,0
2013-09-23,301.13,301.13,301.13,301.13,0
2013-09-24,304.43,304.43,304.43,304.43,0
2013-09-25,304.44,304.44,304.44,304.44,0
2013-09-26,305.24,305.24,305.24,305.24,0
2013-09-27,303.74,303.74,303.74,303.74,0
2013-09-30,303.74,303.74,303.74,303.74,0
2013-10-01,306.94,306.94,306.94,306.94,0
2013-10-02,306.31,306.31,306.31,306.31,0
2013-10-03,303.57,303.57,303.57,303.57,0
2013-10-04,305.41,305.41,305.41,305.41,0
2013-10-07,304.14,304.14,304.14,304.14,0
2013-10-08,306.23,306.23,306.23,306.23,0
2013-10-09,304.33,304.33,304.33,304.33,0
2013-10-10,301.52,301.52,301.52,301.52,0
2013-10-11,308.21,308.21,308.21,308.21,0
2013-10-14,302.49,302.49,302.49,302.49,0
2013-10-16,315.97,315.97,315.97,315.97,0
2013-10-17,309.07,309.07,309.07,309.07,0
2013-10-18,307.07,307.07,307.07,307.07,0
2013-10-21,306.47,306.47,306.47,306.47,0
2013-10-22,306.02,306.02,306.02,306.02,0
2013-10-23,312.5,312.5,312.5,312.5,0
2013-10-24,308.55,308.55,308.55,308.55,0
2013-10-25,307.68,307.68,307.68,307.68,0
2013-10-28,306.77,306.77,306.77,306.77,0
2013-10-29,304.17,304.17,304.17,304.17,0
2013-10-30,304.14,304.14,304.14,304.14,0
2013-10-31,300.05,300.05,300.05,300.05,0
2013-11-04,301.13,301.13,301.13,301.13,0
2013-11-05,301.13,301.13,301.13,301.13,0
2013-11-06,295.78,295.78,295.78,295.78,0
2013-11-07,294.73,294.73,294.73,294.73,0
2013-11-08,302.07,302.07,302.07,302.07,0
2013-11-11,301.13,301.13,301.13,301.13,0
2013-11-12,299.92,299.92,299.92,299.92,0
2013-11-13,307.74,307.74,307.74,307.74,0
2013-11-14,305.96,305.96,305.96,305.96,0
2013-11-18,304.75,304.75,304.75,304.75,0
2013-11-19,299.03,299.03,299.03,299.03,0
2013-11-20,295.46,295.46,295.46,295.46,0
2013-11-21,298,298,298,298,0
2013-11-22,297.05,297.05,297.05,297.05,0
2013-11-25,290.81,290.81,290.81,290.81,0
2013-11-26,286.26,286.26,286.26,286.26,0
2013-11-27,294.48,294.48,294.48,294.48,0
2013-11-28,289.92,289.92,289.92,289.92,0
2013-11-29,288.12,288.12,288.12,288.12,0
2013-12-02,287.51,287.51,287.51,287.51,0
2013-12-03,284.68,284.68,284.68,284.68,0
2013-12-04,284.25,284.25,284.25,284.25,0
2013-12-05,284.68,284.68,284.68,284.68,0
2013-12-06,289.54,289.54,289.54,289.54,0
2013-12-09,285.5,285.5,285.5,285.5,0
2013-12-10,290.93,290.93,290.93,290.93,0
2013-12-11,292.02,292.02,292.02,292.02,0
2013-12-12,297.91,297.91,297.91,297.91,0
2013-12-13,300.11,300.11,300.11,300.11,0
2013-12-16,316.33,316.33,316.33,316.33,0
2013-12-17,317.93,317.93,317.93,317.93,0
2013-12-18,318.18,318.18,318.18,318.18,0
2013-12-19,317.35,317.35,317.35,317.35,0
2013-12-20,323.47,323.47,323.47,323.47,0
2013-12-23,335.09,335.09,335.09,335.09,0
2013-12-24,332.99,332.99,332.99,332.99,0
2013-12-26,341.2,341.2,341.2,341.2,0
2013-12-27,344.03,344.03,344.03,344.03,0
2013-12-30,350.34,350.34,350.34,350.34,0
2013-12-31,372.85,372.85,372.85,372.85,0
2014-01-02,359.05,359.05,359.05,359.05,0
2014-01-03,353.11,353.11,353.11,353.11,0
2014-01-06,353.11,353.11,353.11,353.11,0
2014-01-07,352.45,352.45,352.45,352.45,0
2014-01-08,351.64,351.64,351.64,351.64,0
2014-01-09,350.85,350.85,350.85,350.85,0
2014-01-10,348.72,348.72,348.72,348.72,0
2014-01-14,350.97,350.97,350.97,350.97,0
2014-01-15,354.71,354.71,354.71,354.71,0
2014-01-16,349,349,349,349,0
2014-01-17,344.96,344.96,344.96,344.96,0
2014-01-20,334.36,334.36,334.36,334.36,0
2014-01-21,333.83,333.83,333.83,333.83,0
2014-01-22,334.06,334.06,334.06,334.06,0
2014-01-23,334.06,334.06,334.06,334.06,0
2014-01-24,327.19,327.19,327.19,327.19,0
2014-01-27,325.09,325.09,325.09,325.09,0
2014-01-28,321.77,321.77,321.77,321.77,0
2014-01-29,325,325,325,325,0
2014-01-30,332.48,332.48,332.48,332.48,0
2014-01-31,333.12,333.12,333.12,333.12,0
2014-02-03,328.3,328.3,328.3,328.3,0
2014-02-04,328.93,328.93,328.93,328.93,0
2014-02-05,324.9,324.9,324.9,324.9,0
2014-02-06,333.83,333.83,333.83,333.83,0
2014-02-07,329.1,329.1,329.1,329.1,0
2014-02-10,325.51,325.51,325.51,325.51,0
2014-02-11,323.59,323.59,323.59,323.59,0
2014-02-12,322.88,322.88,322.88,322.88,0
2014-02-13,322.18,322.18,322.18,322.18,0
2014-02-14,320.92,320.92,320.92,320.92,0
2014-02-17,321.55,321.55,321.55,321.55,0
2014-02-18,321.55,321.55,321.55,321.55,0
2014-02-19,322.04,322.04,322.04,322.04,0
2014-02-20,324.72,324.72,324.72,324.72,0
2014-02-21,316.97,316.97,316.97,316.97,0
2014-02-24,310.75,310.75,310.75,310.75,0
2014-02-25,313.69,313.69,313.69,313.69,0
2014-02-26,301.07,301.07,301.07,301.07,0
2014-02-27,301.07,301.07,301.07,301.07,0
2014-02-28,301.05,301.05,301.05,301.05,0
2014-03-03,302.64,302.64,302.64,302.64,0
2014-03-04,306.46,306.46,306.46,306.46,0
2014-03-05,303.55,303.55,303.55,303.55,0
2014-03-06,308,308,308,308,0
2014-03-07,309.51,309.51,309.51,309.51,0
2014-03-10,305.18,305.18,305.18,305.18,0
2014-03-11,305.16,305.16,305.16,305.16,0
2014-03-12,304.34,304.34,304.34,304.34,0
2014-03-13,307.18,307.18,307.18,307.18,0
2014-03-14,306.47,306.47,306.47,306.47,0
2014-03-17,297.72,297.72,297.72,297.72,0
2014-03-18,293.83,293.83,293.83,293.83,0
2014-03-19,292.6,292.6,292.6,292.6,0
2014-03-20,290.03,290.03,290.03,290.03,0
2014-03-21,284.41,284.41,284.41,284.41,0
2014-03-24,272.9,272.9,272.9,272.9,0
2014-03-25,279.34,279.34,279.34,279.34,0
2014-03-26,279.36,279.36,279.36,279.36,0
2014-03-27,278.91,278.91,278.91,278.91,0
2014-03-28,275.87,275.87,275.87,275.87,0
2014-03-31,267.02,267.02,267.02,267.02,0
2014-04-01,269.68,269.68,269.68,269.68,0
2014-04-02,266.09,266.09,266.09,266.09,0
2014-04-03,269.27,269.27,269.27,269.27,0
2014-04-04,256.6,256.6,256.6,256.6,0
2014-04-07,254.61,254.61,254.61,254.61,0
2014-04-08,255.87,255.87,255.87,255.87,0
2014-04-09,250.25,250.25,250.25,250.25,0
2014-04-10,258.27,258.27,258.27,258.27,0
2014-04-11,252.52,252.52,252.52,252.52,0
2014-04-14,253.87,253.87,253.87,253.87,0
2014-04-15,253.96,253.96,253.96,253.96,0
2014-04-16,254.89,254.89,254.89,254.89,0
2014-04-17,246.66,246.66,246.66,246.66,0
2014-04-18,247.82,247.82,247.82,247.82,0
2014-04-22,250.49,250.49,250.49,250.49,0
2014-04-23,250.49,250.49,250.49,250.49,0
2014-04-24,253.42,253.42,253.42,253.42,0
2014-04-25,264.4,264.4,264.4,264.4,0
2014-04-28,259.8,259.8,259.8,259.8,0
2014-04-29,265.67,265.67,265.67,265.67,0
2014-04-30,260.91,260.91,260.91,260.91,0
2014-05-02,260.02,260.02,260.02,260.02,0
2014-05-05,257.72,257.72,257.72,257.72,0
2014-05-06,252.67,252.67,252.67,252.67,0
2014-05-07,253.08,253.08,253.08,253.08,0
2014-05-08,248.42,248.42,248.42,248.42,0
2014-05-09,246.74,246.74,246.74,246.74,0
2014-05-13,260.57,260.57,260.57,260.57,0
2014-05-14,259.78,259.78,259.78,259.78,0
2014-05-15,262.96,262.96,262.96,262.96,0
2014-05-16,268.69,268.69,268.69,268.69,0
2014-05-19,265.3,265.3,265.3,265.3,0
2014-05-20,265.09,265.09,265.09,265.09,0
2014-05-21,261.7,261.7,261.7,261.7,0
2014-05-22,264.2,264.2,264.2,264.2,0
2014-05-23,263.12,263.12,263.12,263.12,0
2014-05-26,266.33,266.33,266.33,266.33,0
2014-05-27,255.72,255.72,255.72,255.72,0
2014-05-28,252.56,252.56,252.56,252.56,0
2014-05-30,255.74,255.74,255.74,255.74,0
2014-06-02,252.56,252.56,252.56,252.56,0
2014-06-03,253.81,253.81,253.81,253.81,0
2014-06-04,253.81,253.81,253.81,253.81,0
2014-06-05,253.77,253.77,253.77,253.77,0
2014-06-06,251.93,251.93,251.93,251.93,0
2014-06-10,252.56,252.56,252.56,252.56,0
2014-06-11,249.41,249.41,249.41,249.41,0
2014-06-12,248.56,248.56,248.56,248.56,0
2014-06-13,249.38,249.38,249.38,249.38,0
2014-06-16,242.61,242.61,242.61,242.61,0
2014-06-17,249.38,249.38,249.38,249.38,0
2014-06-18,249.38,249.38,249.38,249.38,0
2014-06-19,252.41,252.41,252.41,252.41,0
2014-06-20,252.45,252.45,252.45,252.45,0
2014-06-23,249.25,249.25,249.25,249.25,0
2014-06-24,250.51,250.51,250.51,250.51,0
2014-06-25,258.09,258.09,258.09,258.09,0
2014-06-26,249.36,249.36,249.36,249.36,0
2014-06-27,249.94,249.94,249.94,249.94,0
2014-06-30,248.25,248.25,248.25,248.25,0
2014-07-01,250.06,250.06,250.06,250.06,0
2014-07-02,248.03,248.03,248.03,248.03,0
2014-07-03,247.43,247.43,247.43,247.43,0
2014-07-04,248.31,248.31,248.31,248.31,0
2014-07-07,247.6,247.6,247.6,247.6,0
2014-07-08,248.87,248.87,248.87,248.87,0
2014-07-09,249.94,249.94,249.94,249.94,0
2014-07-10,249.97,249.97,249.97,249.97,0
2014-07-11,253.12,253.12,253.12,253.12,0
2014-07-14,247.06,247.06,247.06,247.06,0
2014-07-15,257.88,257.88,257.88,257.88,0
2014-07-16,257.89,257.89,257.89,257.89,0
2014-07-17,254.2,254.2,254.2,254.2,0
2014-07-18,253.49,253.49,253.49,253.49,0
2014-07-21,256.64,256.64,256.64,256.64,0
2014-07-22,256.01,256.01,256.01,256.01,0
2014-07-23,251.36,251.36,251.36,251.36,0
2014-07-25,252.85,252.85,252.85,252.85,0
2014-07-29,252.36,252.36,252.36,252.36,0
2014-07-30,256.37,256.37,256.37,256.37,0
2014-07-31,258.31,258.31,258.31,258.31,0
2014-08-01,256.37,256.37,256.37,256.37,0
2014-08-04,256.34,256.34,256.34,256.34,0
2014-08-05,254.94,254.94,254.94,254.94,0
2014-08-06,251.8,251.8,251.8,251.8,0
2014-08-08,253.57,253.57,253.57,253.57,0
2014-08-11,251,251,251,251,0
2014-08-12,250.33,250.33,250.33,250.33,0
2014-08-13,252.34,252.34,252.34,252.34,0
2014-08-14,251.7,251.7,251.7,251.7,0
2014-08-18,249.03,249.03,249.03,249.03,0
2014-08-19,249.39,249.39,249.39,249.39,0
2014-08-20,251.07,251.07,251.07,251.07,0
2014-08-21,251.07,251.07,251.07,251.07,0
2014-08-22,248.11,248.11,248.11,248.11,0
2014-08-25,250.86,250.86,250.86,250.86,0
2014-08-26,250.11,250.11,250.11,250.11,0
2014-08-27,249.16,249.16,249.16,249.16,0
2014-08-28,246.72,246.72,246.72,246.72,0
2014-08-29,247.74,247.74,247.74,247.74,0
2014-09-01,249,249,249,249,0
2014-09-02,246.9,246.9,246.9,246.9,0
2014-09-03,248.97,248.97,248.97,248.97,0
2014-09-04,247.74,247.74,247.74,247.74,0
2014-09-05,245.94,245.94,245.94,245.94,0
2014-09-08,245.99,245.99,245.99,245.99,0
2014-09-09,244.99,244.99,244.99,244.99,0
2014-09-10,245.63,245.63,245.63,245.63,0
2014-09-11,245.63,245.63,245.63,245.63,0
2014-09-12,244.24,244.24,244.24,244.24,0
2014-09-15,242.61,242.61,242.61,242.61,0
2014-09-16,244.8,244.8,244.8,244.8,0
2014-09-17,243.88,243.88,243.88,243.88,0
2014-09-18,242.18,242.18,242.18,242.18,0
2014-09-19,245.3,245.3,245.3,245.3,0
2014-09-22,243.63,243.63,243.63,243.63,0
2014-09-23,244.45,244.45,244.45,244.45,0
2014-09-24,242.76,242.76,242.76,242.76,0
2014-09-25,241.53,241.53,241.53,241.53,0
2014-09-26,239.97,239.97,239.97,239.97,0
2014-09-29,239.4,239.4,239.4,239.4,0
2014-09-30,241.31,241.31,241.31,241.31,0
2014-10-01,239.86,239.86,239.86,239.86,0
2014-10-02,241.21,241.21,241.21,241.21,0
2014-10-03,241.63,241.63,241.63,241.63,0
2014-10-06,240.21,240.21,240.21,240.21,0
2014-10-07,240.53,240.53,240.53,240.53,0
2014-10-08,239.65,239.65,239.65,239.65,0
2014-10-09,238.07,238.07,238.07,238.07,0
2014-10-10,239.61,239.61,239.61,239.61,0
2014-10-13,238.99,238.99,238.99,238.99,0
2014-10-14,236.1,236.1,236.1,236.1,0
2014-10-15,236.43,236.43,236.43,236.43,0
2014-10-16,235.17,235.17,235.17,235.17,0
2014-10-17,228.78,228.78,228.78,228.78,0
2014-10-20,228.75,228.75,228.75,228.75,0
2014-10-21,228.81,228.81,228.81,228.81,0
2014-10-22,218.43,218.43,218.43,218.43,0
2014-10-23,212.66,212.66,212.66,212.66,0
2014-10-24,208.46,208.46,208.46,208.46,0
2014-10-27,210.74,210.74,210.74,210.74,0
2014-10-28,208.52,208.52,208.52,208.52,0
2014-10-29,208.94,208.94,208.94,208.94,0
2014-10-30,208.27,208.27,208.27,208.27,0
2014-10-31,204.1,204.1,204.1,204.1,0
2014-11-03,206.99,206.99,206.99,206.99,0
2014-11-04,214.15,214.15,214.15,214.15,0
2014-11-05,212.65,212.65,212.65,212.65,0
2014-11-06,212.79,212.79,212.79,212.79,0
2014-11-07,210.69,210.69,210.69,210.69,0
2014-11-10,210.69,210.69,210.69,210.69,0
2014-11-11,210.69,210.69,210.69,210.69,0
2014-11-12,214.47,214.47,214.47,214.47,0
2014-11-13,212.61,212.61,212.61,212.61,0
2014-11-14,220.05,220.05,220.05,220.05,0
2014-11-17,223.85,223.85,223.85,223.85,0
2014-11-18,219.64,219.64,219.64,219.64,0
2014-11-19,224.31,224.31,224.31,224.31,0
2014-11-20,224.96,224.96,224.96,224.96,0
2014-11-21,221.96,221.96,221.96,221.96,0
2014-11-24,221.96,221.96,221.96,221.96,0
2014-11-25,219.65,219.65,219.65,219.65,0
2014-11-26,218.36,218.36,218.36,218.36,0
2014-11-27,213.61,213.61,213.61,213.61,0
2014-11-28,213.81,213.81,213.81,213.81,0
2014-12-01,217.27,217.27,217.27,217.27,0
2014-12-02,217.82,217.82,217.82,217.82,0
2014-12-03,222.99,222.99,222.99,222.99,0
2014-12-04,228.86,228.86,228.86,228.86,0
2014-12-05,236.22,236.22,236.22,236.22,0
2014-12-08,240.66,240.66,240.66,240.66,0
2014-12-09,242.54,242.54,242.54,242.54,0
2014-12-10,242.25,242.25,242.25,242.25,0
2014-12-11,245.99,245.99,245.99,245.99,0
2014-12-12,245.93,245.93,245.93,245.93,0
2014-12-15,245.75,245.75,245.75,245.75,0
2014-12-16,243.85,243.85,243.85,243.85,0
2014-12-17,240.69,240.69,240.69,240.69,0
2014-12-18,240.78,240.78,240.78,240.78,0
2014-12-19,238.9,238.9,238.9,238.9,0
2014-12-22,238.61,238.61,238.61,238.61,0
2014-12-23,238.52,238.52,238.52,238.52,0
2014-12-24,242.55,242.55,242.55,242.55,0
2014-12-26,247.09,247.09,247.09,247.09,0
2014-12-29,247.07,247.07,247.07,247.07,0
2014-12-30,247.07,247.07,247.07,247.07,0
2014-12-31,240.92,240.92,240.92,240.92,0
2015-01-02,240.55,240.55,240.55,240.55,0
2015-01-05,240.24,240.24,240.24,240.24,0
2015-01-06,235.59,235.59,235.59,235.59,0
2015-01-07,231.58,231.58,231.58,231.58,0
2015-01-08,232.53,232.53,232.53,232.53,0
2015-01-09,232.53,232.53,232.53,232.53,0
2015-01-12,227.44,227.44,227.44,227.44,0
2015-01-13,229.35,229.35,229.35,229.35,0
2015-01-14,231.19,231.19,231.19,231.19,0
2015-01-15,229.32,229.32,229.32,229.32,0
2015-01-16,236.33,236.33,236.33,236.33,0
2015-01-19,228.9,228.9,228.9,228.9,0
2015-01-20,241.79,241.79,241.79,241.79,0
2015-01-21,235.01,235.01,235.01,235.01,0
2015-01-22,243.27,243.27,243.27,243.27,0
2015-01-23,235.38,235.38,235.38,235.38,0
2015-01-26,237.22,237.22,237.22,237.22,0
2015-01-27,240.64,240.64,240.64,240.64,0
2015-01-28,243.82,243.82,243.82,243.82,0
2015-01-29,237.69,237.69,237.69,237.69,0
2015-01-30,238.96,238.96,238.96,238.96,0
2015-02-02,240.24,240.24,240.24,240.24,0
2015-02-03,238.99,238.99,238.99,238.99,0
2015-02-04,246.32,246.32,246.32,246.32,0
2015-02-05,239.96,239.96,239.96,239.96,0
2015-02-06,246.46,246.46,246.46,246.46,0
2015-02-10,241.05,241.05,241.05,241.05,0
2015-02-11,242.13,242.13,242.13,242.13,0
2015-02-12,230.9,230.9,230.9,230.9,0
2015-02-13,231.19,231.19,231.19,231.19,0
2015-02-16,229.92,229.92,229.92,229.92,0
2015-02-17,231.17,231.17,231.17,231.17,0
2015-02-18,235.98,235.98,235.98,235.98,0
2015-02-19,226.69,226.69,226.69,226.69,0
2015-02-20,226.78,226.78,226.78,226.78,0
2015-02-23,224.4,224.4,224.4,224.4,0
2015-02-24,222.08,222.08,222.08,222.08,0
2015-02-25,228.41,228.41,228.41,228.41,0
2015-02-26,225.81,225.81,225.81,225.81,0
2015-02-27,228.01,228.01,228.01,228.01,0
2015-03-02,229.29,229.29,229.29,229.29,0
2015-03-03,232.53,232.53,232.53,232.53,0
2015-03-04,230.76,230.76,230.76,230.76,0
2015-03-05,232.54,232.54,232.54,232.54,0
2015-03-06,232.54,232.54,232.54,232.54,0
2015-03-09,233.43,233.43,233.43,233.43,0
2015-03-10,233.46,233.46,233.46,233.46,0
2015-03-11,233.32,233.32,233.32,233.32,0
2015-03-12,238.78,238.78,238.78,238.78,0
2015-03-13,233.81,233.81,233.81,233.81,0
2015-03-16,238.78,238.78,238.78,238.78,0
2015-03-17,233.9,233.9,233.9,233.9,0
2015-03-18,233.9,233.9,233.9,233.9,0
2015-03-19,227.25,227.25,227.25,227.25,0
2015-03-20,224.11,224.11,224.11,224.11,0
2015-03-23,223.27,223.27,223.27,223.27,0
2015-03-24,223.27,223.27,223.27,223.27,0
2015-03-25,220.17,220.17,220.17,220.17,0
2015-03-26,220.77,220.77,220.77,220.77,0
2015-03-27,218.57,218.57,218.57,218.57,0
2015-03-30,219.18,219.18,219.18,219.18,0
2015-03-31,216.88,216.88,216.88,216.88,0
2015-04-01,218.16,218.16,218.16,218.16,0
2015-04-02,212.71,212.71,212.71,212.71,0
2015-04-03,219.68,219.68,219.68,219.68,0
2015-04-07,219.55,219.55,219.55,219.55,0
2015-04-08,217.44,217.44,217.44,217.44,0
2015-04-09,218.28,218.28,218.28,218.28,0
2015-04-10,218.54,218.54,218.54,218.54,0
2015-04-13,218.24,218.24,218.24,218.24,0
2015-04-14,218.24,218.24,218.24,218.24,0
2015-04-15,225.05,225.05,225.05,225.05,0
2015-04-16,222.86,222.86,222.86,222.86,0
2015-04-17,222.75,222.75,222.75,222.75,0
2015-04-20,221.51,221.51,221.51,221.51,0
2015-04-21,222.39,222.39,222.39,222.39,0
2015-04-22,222.4,222.4,222.4,222.4,0
2015-04-23,221.53,221.53,221.53,221.53,0
2015-04-24,222.48,222.48,222.48,222.48,0
2015-04-27,222.44,222.44,222.44,222.44,0
2015-04-28,222.26,222.26,222.26,222.26,0
2015-04-29,220.78,220.78,220.78,220.78,0
2015-04-30,220.57,220.57,220.57,220.57,0
2015-05-04,220.35,220.35,220.35,220.35,0
2015-05-05,224.65,224.65,224.65,224.65,0
2015-05-06,218.26,218.26,218.26,218.26,0
2015-05-07,222.41,222.41,222.41,222.41,0
2015-05-08,225.3,225.3,225.3,225.3,0
2015-05-11,223.47,223.47,223.47,223.47,0
2015-05-12,223.47,223.47,223.47,223.47,0
2015-05-13,225.15,225.15,225.15,225.15,0
2015-05-15,223.47,223.47,223.47,223.47,0
2015-05-18,222.03,222.03,222.03,222.03,0
2015-05-19,216.88,216.88,216.88,216.88,0
2015-05-20,215.42,215.42,215.42,215.42,0
2015-05-21,220.51,220.51,220.51,220.51,0
2015-05-22,215.42,215.42,215.42,215.42,0
2015-05-26,215.37,215.37,215.37,215.37,0
2015-05-27,220.51,220.51,220.51,220.51,0
2015-05-28,219.63,219.63,219.63,219.63,0
2015-05-29,220.47,220.47,220.47,220.47,0
2015-06-01,220.87,220.87,220.87,220.87,0
2015-06-02,223.06,223.06,223.06,223.06,0
2015-06-03,222.8,222.8,222.8,222.8,0
2015-06-04,223.42,223.42,223.42,223.42,0
2015-06-05,222.14,222.14,222.14,222.14,0
2015-06-08,222.46,222.46,222.46,222.46,0
2015-06-09,221.6,221.6,221.6,221.6,0
2015-06-10,223.44,223.44,223.44,223.44,0
2015-06-11,224.73,224.73,224.73,224.73,0
2015-06-12,220.75,220.75,220.75,220.75,0
2015-06-15,221.12,221.12,221.12,221.12,0
2015-06-16,216.04,216.04,216.04,216.04,0
2015-06-17,215.84,215.84,215.84,215.84,0
2015-06-18,218.99,218.99,218.99,218.99,0
2015-06-19,218.65,218.65,218.65,218.65,0
2015-06-22,218.65,218.65,218.65,218.65,0
2015-06-23,210.57,210.57,210.57,210.57,0
2015-06-24,212.61,212.61,212.61,212.61,0
2015-06-25,212.61,212.61,212.61,212.61,0
2015-06-26,212.26,212.26,212.26,212.26,0
2015-06-29,218.98,218.98,218.98,218.98,0
2015-06-30,215.44,215.44,215.44,215.44,0
2015-07-01,217.74,217.74,217.74,217.74,0
2015-07-02,217.39,217.39,217.39,217.39,0
2015-07-03,216.5,216.5,216.5,216.5,0
2015-07-06,211.92,211.92,211.92,211.92,0
2015-07-07,214.71,214.71,214.71,214.71,0
2015-07-08,213.44,213.44,213.44,213.44,0
2015-07-09,214.71,214.71,214.71,214.71,0
2015-07-10,214.59,214.59,214.59,214.59,0
2015-07-13,211.25,211.25,211.25,211.25,0
2015-07-15,205.46,205.46,205.46,205.46,0
2015-07-16,203.74,203.74,203.74,203.74,0
2015-07-20,203.69,203.69,203.69,203.69,0
2015-07-21,210.57,210.57,210.57,210.57,0
2015-07-22,204.87,204.87,204.87,204.87,0
2015-07-23,201.54,201.54,201.54,201.54,0
2015-07-24,201.62,201.62,201.62,201.62,0
2015-07-27,201.29,201.29,201.29,201.29,0
2015-07-28,203.42,203.42,203.42,203.42,0
2015-07-29,199.46,199.46,199.46,199.46,0
2015-07-30,199.83,199.83,199.83,199.83,0
2015-07-31,196.69,196.69,196.69,196.69,0
2015-08-03,197.31,197.31,197.31,197.31,0
2015-08-04,196.49,196.49,196.49,196.49,0
2015-08-05,193,193,193,193,0
2015-08-06,196.87,196.87,196.87,196.87,0
2015-08-10,199.19,199.19,199.19,199.19,0
2015-08-11,204.99,204.99,204.99,204.99,0
2015-08-12,201.91,201.91,201.91,201.91,0
2015-08-13,201.89,201.89,201.89,201.89,0
2015-08-14,200.53,200.53,200.53,200.53,0
2015-08-17,207.49,207.49,207.49,207.49,0
2015-08-18,205.33,205.33,205.33,205.33,0
2015-08-19,203.71,203.71,203.71,203.71,0
2015-08-20,205.62,205.62,205.62,205.62,0
2015-08-21,205.62,205.62,205.62,205.62,0
2015-08-24,203.73,203.73,203.73,203.73,0
2015-08-25,202.44,202.44,202.44,202.44,0
2015-08-26,203.71,203.71,203.71,203.71,0
2015-08-27,203.11,203.11,203.11,203.11,0
2015-08-28,200.53,200.53,200.53,200.53,0
2015-08-31,200.72,200.72,200.72,200.72,0
2015-09-01,197.35,197.35,197.35,197.35,0
2015-09-02,198.24,198.24,198.24,198.24,0
2015-09-03,195.01,195.01,195.01,195.01,0
2015-09-04,195.04,195.04,195.04,195.04,0
2015-09-07,195.51,195.51,195.51,195.51,0
2015-09-08,197.3,197.3,197.3,197.3,0
2015-09-09,197.43,197.43,197.43,197.43,0
2015-09-10,197.03,197.03,197.03,197.03,0
2015-09-11,194.31,194.31,194.31,194.31,0
2015-09-14,196.39,196.39,196.39,196.39,0
2015-09-15,194.81,194.81,194.81,194.81,0
2015-09-16,191.72,191.72,191.72,191.72,0
2015-09-17,191.68,191.68,191.68,191.68,0
2015-09-18,191.78,191.78,191.78,191.78,0
2015-09-21,191.64,191.64,191.64,191.64,0
2015-09-22,192.43,192.43,192.43,192.43,0
2015-09-23,191.18,191.18,191.18,191.18,0
2015-09-25,190.87,190.87,190.87,190.87,0
2015-09-28,190.87,190.87,190.87,190.87,0
2015-09-29,185.48,185.48,185.48,185.48,0
2015-09-30,189.43,189.43,189.43,189.43,0
2015-10-01,193.47,193.47,193.47,193.47,0
2015-10-02,195.69,195.69,195.69,195.69,0
2015-10-05,193.92,193.92,193.92,193.92,0
2015-10-06,201.1,201.1,201.1,201.1,0
2015-10-07,195.51,195.51,195.51,195.51,0
2015-10-08,191.65,191.65,191.65,191.65,0
2015-10-09,197.16,197.16,197.16,197.16,0
2015-10-12,193.57,193.57,193.57,193.57,0
2015-10-13,198.58,198.58,198.58,198.58,0
2015-10-14,196.84,196.84,196.84,196.84,0
2015-10-15,195.25,195.25,195.25,195.25,0
2015-10-16,195.26,195.26,195.26,195.26,0
2015-10-19,195.25,195.25,195.25,195.25,0
2015-10-20,195.76,195.76,195.76,195.76,0
2015-10-21,197.92,197.92,197.92,197.92,0
2015-10-22,197.38,197.38,197.38,197.38,0
2015-10-23,196.14,196.14,196.14,196.14,0
2015-10-26,195.5,195.5,195.5,195.5,0
2015-10-27,194.97,194.97,194.97,194.97,0
2015-10-28,195.41,195.41,195.41,195.41,0
2015-10-30,192.64,192.64,192.64,192.64,0
2015-11-02,189.8,189.8,189.8,189.8,0
2015-11-03,187.72,187.72,187.72,187.72,0
2015-11-04,188.4,188.4,188.4,188.4,0
2015-11-05,188.57,188.57,188.57,188.57,0
2015-11-06,188.59,188.59,188.59,188.59,0
2015-11-09,184.15,184.15,184.15,184.15,0
2015-11-10,187.1,187.1,187.1,187.1,0
2015-11-11,183.79,183.79,183.79,183.79,0
2015-11-12,179.73,179.73,179.73,179.73,0
2015-11-13,182.82,182.82,182.82,182.82,0
2015-11-16,179.71,179.71,179.71,179.71,0
2015-11-17,182.4,182.4,182.4,182.4,0
2015-11-18,179.89,179.89,179.89,179.89,0
2015-11-19,179.81,179.81,179.81,179.81,0
2015-11-20,179.07,179.07,179.07,179.07,0
2015-11-23,179.25,179.25,179.25,179.25,0
2015-11-24,178.26,178.26,178.26,178.26,0
2015-11-25,173.74,173.74,173.74,173.74,0
2015-11-26,176.28,176.28,176.28,176.28,0
2015-11-27,173.35,173.35,173.35,173.35,0
2015-11-30,174.15,174.15,174.15,174.15,0
2015-12-01,169.92,169.92,169.92,169.92,0
2015-12-02,170.66,170.66,170.66,170.66,0
2015-12-03,170.87,170.87,170.87,170.87,0
2015-12-04,171.05,171.05,171.05,171.05,0
2015-12-07,168.71,168.71,168.71,168.71,0
2015-12-08,168.26,168.26,168.26,168.26,0
2015-12-09,168.26,168.26,168.26,168.26,0
2015-12-10,164.42,164.42,164.42,164.42,0
2015-12-11,165.11,165.11,165.11,165.11,0
2015-12-14,161.22,161.22,161.22,161.22,0
2015-12-15,158.73,158.73,158.73,158.73,0
2015-12-16,161.63,161.63,161.63,161.63,0
2015-12-17,158.73,158.73,158.73,158.73,0
2015-12-18,159.55,159.55,159.55,159.55,0
2015-12-21,157.55,157.55,157.55,157.55,0
2015-12-22,153.82,153.82,153.82,153.82,0
2015-12-23,153.85,153.85,153.85,153.85,0
2015-12-28,157.15,157.15,157.15,157.15,0
2015-12-29,160,160,160,160,0
2015-12-30,168.26,168.26,168.26,168.26,0
2015-12-31,174.26,174.26,174.26,174.26,0
2016-01-04,168.54,168.54,168.54,168.54,0
2016-01-05,169.8,169.8,169.8,169.8,0
2016-01-06,169.17,169.17,169.17,169.17,0
2016-01-07,164.48,164.48,164.48,164.48,0
2016-01-08,168.53,168.53,168.53,168.53,0
2016-01-11,168.53,168.53,168.53,168.53,0
2016-01-12,165.37,165.37,165.37,165.37,0
2016-01-13,167.06,167.06,167.06,167.06,0
2016-01-14,166.42,166.42,166.42,166.42,0
2016-01-15,162.76,162.76,162.76,162.76,0
2016-01-18,162.75,162.75,162.75,162.75,0
2016-01-19,158.26,158.26,158.26,158.26,0
2016-01-20,164.79,164.79,164.79,164.79,0
2016-01-21,165.65,165.65,165.65,165.65,0
2016-01-22,165.5,165.5,165.5,165.5,0
2016-01-25,165.66,165.66,165.66,165.66,0
2016-01-26,164.88,164.88,164.88,164.88,0
2016-01-27,164.88,164.88,164.88,164.88,0
2016-01-28,165.94,165.94,165.94,165.94,0
2016-01-29,163.84,163.84,163.84,163.84,0
2016-02-01,164.71,164.71,164.71,164.71,0
2016-02-02,165.22,165.22,165.22,165.22,0
2016-02-03,169.33,169.33,169.33,169.33,0
2016-02-04,168.69,168.69,168.69,168.69,0
2016-02-05,169.37,169.37,169.37,169.37,0
2016-02-08,172.37,172.37,172.37,172.37,0
2016-02-09,170.23,170.23,170.23,170.23,0
2016-02-10,170.98,170.98,170.98,170.98,0
2016-02-11,168.75,168.75,168.75,168.75,0
2016-02-12,168.77,168.77,168.77,168.77,0
2016-02-15,164.22,164.22,164.22,164.22,0
2016-02-16,167.4,167.4,167.4,167.4,0
2016-02-17,167.4,167.4,167.4,167.4,0
2016-02-18,164.94,164.94,164.94,164.94,0
2016-02-19,163.83,163.83,163.83,163.83,0
2016-02-22,159.93,159.93,159.93,159.93,0
2016-02-23,158.46,158.46,158.46,158.46,0
2016-02-24,163.36,163.36,163.36,163.36,0
2016-02-25,162.84,162.84,162.84,162.84,0
2016-02-26,163.48,163.48,163.48,163.48,0
2016-02-29,160.39,160.39,160.39,160.39,0
2016-03-01,161.72,161.72,161.72,161.72,0
2016-03-02,162.08,162.08,162.08,162.08,0
2016-03-03,161.25,161.25,161.25,161.25,0
2016-03-04,162.08,162.08,162.08,162.08,0
2016-03-07,158.96,158.96,158.96,158.96,0
2016-03-08,162.14,162.14,162.14,162.14,0
2016-03-09,159.15,159.15,159.15,159.15,0
2016-03-10,163.54,163.54,163.54,163.54,0
2016-03-11,161.37,161.37,161.37,161.37,0
2016-03-14,160.74,160.74,160.74,160.74,0
2016-03-15,160.74,160.74,160.74,160.74,0
2016-03-16,163.15,163.15,163.15,163.15,0
2016-03-17,162.29,162.29,162.29,162.29,0
2016-03-18,162.26,162.26,162.26,162.26,0
2016-03-21,162.26,162.26,162.26,162.26,0
2016-03-22,162.83,162.83,162.83,162.83,0
2016-03-23,162.83,162.83,162.83,162.83,0
2016-03-24,163.25,163.25,163.25,163.25,0
2016-03-25,165.03,165.03,165.03,165.03,0
2016-03-29,167.02,167.02,167.02,167.02,0
2016-03-30,165.55,165.55,165.55,165.55,0
2016-03-31,167.43,167.43,167.43,167.43,0
2016-04-01,166.63,166.63,166.63,166.63,0
2016-04-04,167.85,167.85,167.85,167.85,0
2016-04-05,169.06,169.06,169.06,169.06,0
2016-04-06,167.18,167.18,167.18,167.18,0
2016-04-07,168.17,168.17,168.17,168.17,0
2016-04-08,169.02,169.02,169.02,169.02,0
2016-04-11,171.16,171.16,171.16,171.16,0
2016-04-12,171.16,171.16,171.16,171.16,0
2016-04-13,172.66,172.66,172.66,172.66,0
2016-04-14,173.3,173.3,173.3,173.3,0
2016-04-15,174.18,174.18,174.18,174.18,0
2016-04-18,174.19,174.19,174.19,174.19,0
2016-04-19,176.76,176.76,176.76,176.76,0
2016-04-20,175.86,175.86,175.86,175.86,0
2016-04-21,174.38,174.38,174.38,174.38,0
2016-04-22,180.81,180.81,180.81,180.81,0
2016-04-25,182.85,182.85,182.85,182.85,0
2016-04-26,185.03,185.03,185.03,185.03,0
2016-04-27,189.05,189.05,189.05,189.05,0
2016-04-28,189.95,189.95,189.95,189.95,0
2016-04-29,197.9,197.9,197.9,197.9,0
2016-05-03,204.92,204.92,204.92,204.92,0
2016-05-04,213.88,213.88,213.88,213.88,0
2016-05-06,209.19,209.19,209.19,209.19,0
2016-05-09,212.15,212.15,212.15,212.15,0
2016-05-10,201.38,201.38,201.38,201.38,0
2016-05-11,200.78,200.78,200.78,200.78,0
2016-05-12,196.82,196.82,196.82,196.82,0
2016-05-13,202.73,202.73,202.73,202.73,0
2016-05-17,205.19,205.19,205.19,205.19,0
2016-05-18,200.06,200.06,200.06,200.06,0
2016-05-19,200.89,200.89,200.89,200.89,0
2016-05-20,200.88,200.88,200.88,200.88,0
2016-05-23,198.07,198.07,198.07,198.07,0
2016-05-24,192.61,192.61,192.61,192.61,0
2016-05-25,185.83,185.83,185.83,185.83,0
2016-05-26,183.4,183.4,183.4,183.4,0
2016-05-27,183.1,183.1,183.1,183.1,0
2016-05-30,181.9,181.9,181.9,181.9,0
2016-05-31,189.41,189.41,189.41,189.41,0
2016-06-01,189.15,189.15,189.15,189.15,0
2016-06-02,190.15,190.15,190.15,190.15,0
2016-06-03,187.88,187.88,187.88,187.88,0
2016-06-06,186.28,186.28,186.28,186.28,0
2016-06-07,189.02,189.02,189.02,189.02,0
2016-06-08,189.91,189.91,189.91,189.91,0
2016-06-09,187.97,187.97,187.97,187.97,0
2016-06-10,190.26,190.26,190.26,190.26,0
2016-06-13,192,192,192,192,0
2016-06-14,191.54,191.54,191.54,191.54,0
2016-06-15,192.17,192.17,192.17,192.17,0
2016-06-16,190.11,190.11,190.11,190.11,0
2016-06-17,190.45,190.45,190.45,190.45,0
2016-06-20,191.22,191.22,191.22,191.22,0
2016-06-21,187.35,187.35,187.35,187.35,0
2016-06-22,189.51,189.51,189.51,189.51,0
2016-06-23,189.59,189.59,189.59,189.59,0
2016-06-24,184.81,184.81,184.81,184.81,0
2016-06-27,184.26,184.26,184.26,184.26,0
2016-06-28,184.26,184.26,184.26,184.26,0
2016-06-29,188.23,188.23,188.23,188.23,0
2016-06-30,192.58,192.58,192.58,192.58,0
2016-07-01,200.79,200.79,200.79,200.79,0
2016-07-04,205.81,205.81,205.81,205.81,0
2016-07-05,206.89,206.89,206.89,206.89,0
2016-07-07,202.82,202.82,202.82,202.82,0
2016-07-08,196.76,196.76,196.76,196.76,0
2016-07-11,189,189,189,189,0
2016-07-12,180.82,180.82,180.82,180.82,0
2016-07-13,181.91,181.91,181.91,181.91,0
2016-07-14,181.37,181.37,181.37,181.37,0
2016-07-15,177.31,177.31,177.31,177.31,0
2016-07-18,180.15,180.15,180.15,180.15,0
2016-07-19,182.92,182.92,182.92,182.92,0
2016-07-20,185.71,185.71,185.71,185.71,0
2016-07-21,183.49,183.49,183.49,183.49,0
2016-07-22,183.49,183.49,183.49,183.49,0
2016-07-25,183.42,183.42,183.42,183.42,0
2016-07-26,181.58,181.58,181.58,181.58,0
2016-07-27,179.4,179.4,179.4,179.4,0
2016-07-28,179.4,179.4,179.4,179.4,0
2016-07-29,186.69,186.69,186.69,186.69,0
2016-08-01,191.46,191.46,191.46,191.46,0
2016-08-02,190.82,190.82,190.82,190.82,0
2016-08-03,187.46,187.46,187.46,187.46,0
2016-08-04,186.64,186.64,186.64,186.64,0
2016-08-05,189.19,189.19,189.19,189.19,0
2016-08-09,186.7,186.7,186.7,186.7,0
2016-08-10,184.56,184.56,184.56,184.56,0
2016-08-11,184.08,184.08,184.08,184.08,0
2016-08-12,176,176,176,176,0
2016-08-16,176.8,176.8,176.8,176.8,0
2016-08-17,177.67,177.67,177.67,177.67,0
2016-08-18,181.87,181.87,181.87,181.87,0
2016-08-19,180.94,180.94,180.94,180.94,0
2016-08-22,176.99,176.99,176.99,176.99,0
2016-08-23,175.54,175.54,175.54,175.54,0
2016-08-24,177.93,177.93,177.93,177.93,0
2016-08-25,177.93,177.93,177.93,177.93,0
2016-08-26,176.08,176.08,176.08,176.08,0
2016-08-29,179.13,179.13,179.13,179.13,0
2016-08-30,179.75,179.75,179.75,179.75,0
2016-08-31,178.25,178.25,178.25,178.25,0
2016-09-01,176.6,176.6,176.6,176.6,0
2016-09-02,176.61,176.61,176.61,176.61,0
2016-09-05,174.23,174.23,174.23,174.23,0
2016-09-06,175.27,175.27,175.27,175.27,0
2016-09-07,175.76,175.76,175.76,175.76,0
2016-09-08,180.27,180.27,180.27,180.27,0
2016-09-09,184.35,184.35,184.35,184.35,0
2016-09-13,186.61,186.61,186.61,186.61,0
2016-09-14,181.43,181.43,181.43,181.43,0
2016-09-15,185.67,185.67,185.67,185.67,0
2016-09-16,183.44,183.44,183.44,183.44,0
2016-09-19,178.22,178.22,178.22,178.22,0
2016-09-20,178.38,178.38,178.38,178.38,0
2016-09-21,179.1,179.1,179.1,179.1,0
2016-09-22,183.2,183.2,183.2,183.2,0
2016-09-23,181.82,181.82,181.82,181.82,0
2016-09-26,176.69,176.69,176.69,176.69,0
2016-09-27,183.65,183.65,183.65,183.65,0
2016-09-28,189.47,189.47,189.47,189.47,0
2016-09-29,189.47,189.47,189.47,189.47,0
2016-09-30,187.67,187.67,187.67,187.67,0
2016-10-03,185.56,185.56,185.56,185.56,0
2016-10-04,185.56,185.56,185.56,185.56,0
2016-10-05,185.38,185.38,185.38,185.38,0
2016-10-06,183.1,183.1,183.1,183.1,0
2016-10-07,184.32,184.32,184.32,184.32,0
2016-10-10,184.75,184.75,184.75,184.75,0
2016-10-11,190.47,190.47,190.47,190.47,0
2016-10-12,190.39,190.39,190.39,190.39,0
2016-10-13,184.49,184.49,184.49,184.49,0
2016-10-14,184.82,184.82,184.82,184.82,0
2016-10-17,184.3,184.3,184.3,184.3,0
2016-10-18,184.76,184.76,184.76,184.76,0
2016-10-19,177.61,177.61,177.61,177.61,0
2016-10-20,174.73,174.73,174.73,174.73,0
2016-10-21,175.56,175.56,175.56,175.56,0
2016-10-24,178.43,178.43,178.43,178.43,0
2016-10-25,179.78,179.78,179.78,179.78,0
2016-10-26,179.75,179.75,179.75,179.75,0
2016-10-27,181.01,181.01,181.01,181.01,0
2016-10-28,179.27,179.27,179.27,179.27,0
2016-10-31,174,174,174,174,0
2016-11-02,171.84,171.84,171.84,171.84,0
2016-11-03,176.59,176.59,176.59,176.59,0
2016-11-04,174.04,174.04,174.04,174.04,0
2016-11-07,172.83,172.83,172.83,172.83,0
2016-11-08,170.76,170.76,170.76,170.76,0
2016-11-09,168.14,168.14,168.14,168.14,0
2016-11-10,172.88,172.88,172.88,172.88,0
2016-11-11,176.34,176.34,176.34,176.34,0
2016-11-14,177.02,177.02,177.02,177.02,0
2016-11-16,171.12,171.12,171.12,171.12,0
2016-11-17,178.89,178.89,178.89,178.89,0
2016-11-18,177.75,177.75,177.75,177.75,0
2016-11-21,180.16,180.16,180.16,180.16,0
2016-11-22,175.8,175.8,175.8,175.8,0
2016-11-23,169.7,169.7,169.7,169.7,0
2016-11-24,177.85,177.85,177.85,177.85,0
2016-11-25,177.18,177.18,177.18,177.18,0
2016-11-28,176.87,176.87,176.87,176.87,0
2016-11-29,181.96,181.96,181.96,181.96,0
2016-11-30,179.13,179.13,179.13,179.13,0
2016-12-01,177.4,177.4,177.4,177.4,0
2016-12-02,178.1,178.1,178.1,178.1,0
2016-12-05,176.95,176.95,176.95,176.95,0
2016-12-06,182.84,182.84,182.84,182.84,0
2016-12-07,188.35,188.35,188.35,188.35,0
2016-12-08,184.91,184.91,184.91,184.91,0
2016-12-09,185.21,185.21,185.21,185.21,0
2016-12-13,192.82,192.82,192.82,192.82,0
2016-12-14,196.65,196.65,196.65,196.65,0
2016-12-15,191.28,191.28,191.28,191.28,0
2016-12-16,197.61,197.61,197.61,197.61,0
2016-12-19,197.52,197.52,197.52,197.52,0
2016-12-20,204.64,204.64,204.64,204.64,0
2016-12-21,205.14,205.14,205.14,205.14,0
2016-12-22,203.65,203.65,203.65,203.65,0
2016-12-23,204.82,204.82,204.82,204.82,0
2016-12-27,206.45,206.45,206.45,206.45,0
2016-12-28,206.85,206.85,206.85,206.85,0
2016-12-29,211.92,211.92,211.92,211.92,0
2016-12-30,217.49,217.49,217.49,217.49,0
2017-01-02,202.75,202.75,202.75,202.75,0
2017-01-03,203.95,203.95,203.95,203.95,0
2017-01-04,203.9,203.9,203.9,203.9,0
2017-01-05,203.49,203.49,203.49,203.49,0
2017-01-06,202.83,202.83,202.83,202.83,0
2017-01-09,201.16,201.16,201.16,201.16,0
2017-01-10,203.62,203.62,203.62,203.62,0
2017-01-11,205.54,205.54,205.54,205.54,0
2017-01-12,205.03,205.03,205.03,205.03,0
2017-01-13,201.49,201.49,201.49,201.49,0
2017-01-16,201.59,201.59,201.59,201.59,0
2017-01-17,205.05,205.05,205.05,205.05,0
2017-01-18,197.39,197.39,197.39,197.39,0
2017-01-19,194.28,194.28,194.28,194.28,0
2017-01-20,193.52,193.52,193.52,193.52,0
2017-01-23,194.95,194.95,194.95,194.95,0
2017-01-24,192.38,192.38,192.38,192.38,0
2017-01-25,190.86,190.86,190.86,190.86,0
2017-01-26,191.12,191.12,191.12,191.12,0
2017-01-27,192.31,192.31,192.31,192.31,0
2017-01-30,191.25,191.25,191.25,191.25,0
2017-01-31,199.88,199.88,199.88,199.88,0
2017-02-01,204.46,204.46,204.46,204.46,0
2017-02-02,202.75,202.75,202.75,202.75,0
2017-02-03,204.36,204.36,204.36,204.36,0
2017-02-06,207.72,207.72,207.72,207.72,0
2017-02-07,205.65,205.65,205.65,205.65,0
2017-02-08,203.71,203.71,203.71,203.71,0
2017-02-09,204.13,204.13,204.13,204.13,0
2017-02-10,204.21,204.21,204.21,204.21,0
2017-02-13,203.44,203.44,203.44,203.44,0
2017-02-14,204.24,204.24,204.24,204.24,0
2017-02-15,204.49,204.49,204.49,204.49,0
2017-02-16,202.43,202.43,202.43,202.43,0
2017-02-17,203.95,203.95,203.95,203.95,0
2017-02-20,203.35,203.35,203.35,203.35,0
2017-02-21,205.71,205.71,205.71,205.71,0
2017-02-22,208.54,208.54,208.54,208.54,0
2017-02-23,209.31,209.31,209.31,209.31,0
2017-02-24,207.85,207.85,207.85,207.85,0
2017-02-27,205.69,205.69,205.69,205.69,0
2017-02-28,210.8,210.8,210.8,210.8,0
2017-03-01,210.9,210.9,210.9,210.9,0
2017-03-02,201.17,201.17,201.17,201.17,0
2017-03-03,203.76,203.76,203.76,203.76,0
2017-03-06,201.81,201.81,201.81,201.81,0
2017-03-07,199.24,199.24,199.24,199.24,0
2017-03-08,197.47,197.47,197.47,197.47,0
2017-03-09,196.77,196.77,196.77,196.77,0
2017-03-10,194.92,194.92,194.92,194.92,0
2017-03-13,197.16,197.16,197.16,197.16,0
2017-03-14,195.55,195.55,195.55,195.55,0
2017-03-15,193.54,193.54,193.54,193.54,0
2017-03-16,188.88,188.88,188.88,188.88,0
2017-03-17,188.51,188.51,188.51,188.51,0
2017-03-20,185.51,185.51,185.51,185.51,0
2017-03-21,185.23,185.23,185.23,185.23,0
2017-03-22,184.65,184.65,184.65,184.65,0
2017-03-23,183.16,183.16,183.16,183.16,0
2017-03-24,183.2,183.2,183.2,183.2,0
2017-03-27,183.83,183.83,183.83,183.83,0
2017-03-28,183.5,183.5,183.5,183.5,0
2017-03-29,181.3,181.3,181.3,181.3,0
2017-03-30,185.97,185.97,185.97,185.97,0
2017-03-31,187.83,187.83,187.83,187.83,0
2017-04-03,186.67,186.67,186.67,186.67,0
2017-04-04,186.26,186.26,186.26,186.26,0
2017-04-05,188.58,188.58,188.58,188.58,0
2017-04-06,186.95,186.95,186.95,186.95,0
2017-04-07,186.6,186.6,186.6,186.6,0
2017-04-10,188.51,188.51,188.51,188.51,0
2017-04-11,187.21,187.21,187.21,187.21,0
2017-04-12,189.59,189.59,189.59,189.59,0
2017-04-13,193.38,193.38,193.38,193.38,0
2017-04-14,197.37,197.37,197.37,197.37,0
2017-04-18,203.73,203.73,203.73,203.73,0
2017-04-19,212.5,212.5,212.5,212.5,0
2017-04-20,218.26,218.26,218.26,218.26,0
2017-04-21,220.01,220.01,220.01,220.01,0
2017-04-24,218.58,218.58,218.58,218.58,0
2017-04-25,221.79,221.79,221.79,221.79,0
2017-04-26,225.26,225.26,225.26,225.26,0
2017-04-27,223.7,223.7,223.7,223.7,0
2017-04-28,222.09,222.09,222.09,222.09,0
2017-05-02,224.95,224.95,224.95,224.95,0
2017-05-03,228.12,228.12,228.12,228.12,0
2017-05-04,230.63,230.63,230.63,230.63,0
2017-05-05,225.43,225.43,225.43,225.43,0
2017-05-08,223.92,223.92,223.92,223.92,0
2017-05-09,221.07,221.07,221.07,221.07,0
2017-05-10,222.28,222.28,222.28,222.28,0
2017-05-11,223.83,223.83,223.83,223.83,0
2017-05-12,222.17,222.17,222.17,222.17,0
2017-05-15,220.52,220.52,220.52,220.52,0
2017-05-16,221.43,221.43,221.43,221.43,0
2017-05-17,219.91,219.91,219.91,219.91,0
2017-05-18,217.88,217.88,217.88,217.88,0
2017-05-19,211.05,211.05,211.05,211.05,0
2017-05-22,209.76,209.76,209.76,209.76,0
2017-05-23,208.74,208.74,208.74,208.74,0
2017-05-24,214.95,214.95,214.95,214.95,0
2017-05-26,212.4,212.4,212.4,212.4,0
2017-05-29,212.3,212.3,212.3,212.3,0
2017-05-30,209.21,209.21,209.21,209.21,0
2017-05-31,204.38,204.38,204.38,204.38,0
2017-06-01,203.72,203.72,203.72,203.72,0
2017-06-02,203.66,203.66,203.66,203.66,0
2017-06-06,202.82,202.82,202.82,202.82,0
2017-06-07,206.38,206.38,206.38,206.38,0
2017-06-08,201.9,201.9,201.9,201.9,0
2017-06-09,199.52,199.52,199.52,199.52,0
2017-06-12,191.32,191.32,191.32,191.32,0
2017-06-13,193.06,193.06,193.06,193.06,0
2017-06-14,196.22,196.22,196.22,196.22,0
2017-06-15,196.56,196.56,196.56,196.56,0
2017-06-16,189.94,189.94,189.94,189.94,0
2017-06-19,192.96,192.96,192.96,192.96,0
2017-06-20,195.98,195.98,195.98,195.98,0
2017-06-21,193.01,193.01,193.01,193.01,0
2017-06-23,191.42,191.42,191.42,191.42,0
2017-06-27,190.72,190.72,190.72,190.72,0
2017-06-28,188.51,188.51,188.51,188.51,0
2017-06-29,192.99,192.99,192.99,192.99,0
2017-06-30,189.32,189.32,189.32,189.32,0
2017-07-03,188,188,188,188,0
2017-07-04,192.34,192.34,192.34,192.34,0
2017-07-05,194.48,194.48,194.48,194.48,0
2017-07-06,189.31,189.31,189.31,189.31,0
2017-07-07,189.84,189.84,189.84,189.84,0
2017-07-10,192.85,192.85,192.85,192.85,0
2017-07-11,193.3,193.3,193.3,193.3,0
2017-07-12,189.61,189.61,189.61,189.61,0
2017-07-13,187.75,187.75,187.75,187.75,0
2017-07-14,190.72,190.72,190.72,190.72,0
2017-07-17,188.39,188.39,188.39,188.39,0
2017-07-18,186.69,186.69,186.69,186.69,0
2017-07-19,188.92,188.92,188.92,188.92,0
2017-07-20,188.5,188.5,188.5,188.5,0
2017-07-21,184.63,184.63,184.63,184.63,0
2017-07-24,189.92,189.92,189.92,189.92,0
2017-07-25,190.2,190.2,190.2,190.2,0
2017-07-26,191.7,191.7,191.7,191.7,0
2017-07-27,183.05,183.05,183.05,183.05,0
2017-07-28,187.06,187.06,187.06,187.06,0
2017-07-31,182.63,182.63,182.63,182.63,0
2017-08-01,176.65,176.65,176.65,176.65,0
2017-08-02,179.69,179.69,179.69,179.69,0
2017-08-03,180.68,180.68,180.68,180.68,0
2017-08-04,179.72,179.72,179.72,179.72,0
2017-08-08,188.32,188.32,188.32,188.32,0
2017-08-09,189.69,189.69,189.69,189.69,0
2017-08-10,186.1,186.1,186.1,186.1,0
2017-08-11,184.28,184.28,184.28,184.28,0
2017-08-14,180.6,180.6,180.6,180.6,0
2017-08-16,182.44,182.44,182.44,182.44,0
2017-08-17,175.41,175.41,175.41,175.41,0
2017-08-18,183.29,183.29,183.29,183.29,0
2017-08-21,181.62,181.62,181.62,181.62,0
2017-08-22,175.2,175.2,175.2,175.2,0
2017-08-23,171.13,171.13,171.13,171.13,0
2017-08-24,173.23,173.23,173.23,173.23,0
2017-08-25,172.99,172.99,172.99,172.99,0
2017-08-28,173.69,173.69,173.69,173.69,0
2017-08-29,170.3,170.3,170.3,170.3,0
2017-08-30,168.59,168.59,168.59,168.59,0
2017-08-31,166.43,166.43,166.43,166.43,0
2017-09-04,170.43,170.43,170.43,170.43,0
2017-09-05,176.08,176.08,176.08,176.08,0
2017-09-06,174.1,174.1,174.1,174.1,0
2017-09-07,172.95,172.95,172.95,172.95,0
2017-09-08,174.89,174.89,174.89,174.89,0
2017-09-11,176.36,176.36,176.36,176.36,0
2017-09-12,173.78,173.78,173.78,173.78,0
2017-09-13,173.83,173.83,173.83,173.83,0
2017-09-14,172.18,172.18,172.18,172.18,0
2017-09-15,169.84,169.84,169.84,169.84,0
2017-09-18,170.72,170.72,170.72,170.72,0
2017-09-19,160.6,160.6,160.6,160.6,0
2017-09-20,164.5,164.5,164.5,164.5,0
2017-09-21,169.17,169.17,169.17,169.17,0
2017-09-22,163.84,163.84,163.84,163.84,0
2017-09-25,164.31,164.31,164.31,164.31,0
2017-09-26,170.18,170.18,170.18,170.18,0
2017-09-27,164.42,164.42,164.42,164.42,0
2017-09-28,164.33,164.33,164.33,164.33,0
2017-09-29,165.78,165.78,165.78,165.78,0
2017-10-02,168.99,168.99,168.99,168.99,0
2017-10-03,163.54,163.54,163.54,163.54,0
2017-10-04,165.11,165.11,165.11,165.11,0
2017-10-05,169.73,169.73,169.73,169.73,0
2017-10-06,173.09,173.09,173.09,173.09,0
2017-10-09,173.45,173.45,173.45,173.45,0
2017-10-10,172.8,172.8,172.8,172.8,0
2017-10-11,168.22,168.22,168.22,168.22,0
2017-10-12,170.47,170.47,170.47,170.47,0
2017-10-13,169.59,169.59,169.59,169.59,0
2017-10-16,170.09,170.09,170.09,170.09,0
2017-10-17,169.76,169.76,169.76,169.76,0
2017-10-18,166.96,166.96,166.96,166.96,0
2017-10-19,164.28,164.28,164.28,164.28,0
2017-10-20,164.04,164.04,164.04,164.04,0
2017-10-23,166.1,166.1,166.1,166.1,0
2017-10-24,167.77,167.77,167.77,167.77,0
2017-10-25,161.6,161.6,161.6,161.6,0
2017-10-26,163,163,163,163,0
2017-10-27,159.81,159.81,159.81,159.81,0
2017-10-30,161.1,161.1,161.1,161.1,0
2017-10-31,166.48,166.48,166.48,166.48,0
2017-11-02,163.85,163.85,163.85,163.85,0
2017-11-03,162.61,162.61,162.61,162.61,0
2017-11-06,162.58,162.58,162.58,162.58,0
2017-11-07,158.44,158.44,158.44,158.44,0
2017-11-08,153.76,153.76,153.76,153.76,0
2017-11-09,159.81,159.81,159.81,159.81,0
2017-11-10,161.89,161.89,161.89,161.89,0
2017-11-13,156.79,156.79,156.79,156.79,0
2017-11-14,159.76,159.76,159.76,159.76,0
2017-11-16,160.99,160.99,160.99,160.99,0
2017-11-17,157.26,157.26,157.26,157.26,0
2017-11-20,155.45,155.45,155.45,155.45,0
2017-11-21,153.11,153.11,153.11,153.11,0
2017-11-22,155.63,155.63,155.63,155.63,0
2017-11-23,152.16,152.16,152.16,152.16,0
2017-11-24,150.96,150.96,150.96,150.96,0
2017-11-27,151.61,151.61,151.61,151.61,0
2017-11-28,152.86,152.86,152.86,152.86,0
2017-11-29,149.14,149.14,149.14,149.14,0
2017-11-30,151.01,151.01,151.01,151.01,0
2017-12-04,152.8,152.8,152.8,152.8,0
2017-12-05,154.28,154.28,154.28,154.28,0
2017-12-06,157.52,157.52,157.52,157.52,0
2017-12-07,160.05,160.05,160.05,160.05,0
2017-12-08,164.25,164.25,164.25,164.25,0
2017-12-11,164.25,164.25,164.25,164.25,0
2017-12-12,165.12,165.12,165.12,165.12,0
2017-12-13,165.69,165.69,165.69,165.69,0
2017-12-14,169.56,169.56,169.56,169.56,0
2017-12-15,173.03,173.03,173.03,173.03,0
2017-12-18,170.22,170.22,170.22,170.22,0
2017-12-19,174.07,174.07,174.07,174.07,0
2017-12-20,177.3,177.3,177.3,177.3,0
2017-12-21,176.48,176.48,176.48,176.48,0
2017-12-22,183.06,183.06,183.06,183.06,0
2017-12-26,181.43,181.43,181.43,181.43,0
2017-12-27,185.04,185.04,185.04,185.04,0
2017-12-28,184.35,184.35,184.35,184.35,0
2017-12-29,183.48,183.48,183.48,183.48,0
2018-01-02,180.81,180.81,180.81,180.81,0
2018-01-03,184.01,184.01,184.01,184.01,0
2018-01-04,184.36,184.36,184.36,184.36,0
2018-01-05,186.02,186.02,186.02,186.02,0
2018-01-08,181.53,181.53,181.53,181.53,0
2018-01-09,180.84,180.84,180.84,180.84,0
2018-01-10,181.29,181.29,181.29,181.29,0
2018-01-11,184.05,184.05,184.05,184.05,0
2018-01-12,185.14,185.14,185.14,185.14,0
2018-01-15,184.23,184.23,184.23,184.23,0
2018-01-16,186.27,186.27,186.27,186.27,0
2018-01-17,186.22,186.22,186.22,186.22,0
2018-01-18,186.85,186.85,186.85,186.85,0
2018-01-19,184.68,184.68,184.68,184.68,0
2018-01-22,183.8,183.8,183.8,183.8,0
2018-01-23,182.65,182.65,182.65,182.65,0
2018-01-24,183.16,183.16,183.16,183.16,0
2018-01-25,181.2,181.2,181.2,181.2,0
2018-01-26,183.92,183.92,183.92,183.92,0
2018-01-29,183.03,183.03,183.03,183.03,0
2018-01-30,183.3,183.3,183.3,183.3,0
2018-01-31,180.72,180.72,180.72,180.72,0
2018-02-01,192.9,192.9,192.9,192.9,0
2018-02-02,198.6,198.6,198.6,198.6,0
2018-02-05,203.61,203.61,203.61,203.61,0
2018-02-06,201.03,201.03,201.03,201.03,0
2018-02-07,206.66,206.66,206.66,206.66,0
2018-02-08,207.64,207.64,207.64,207.64,0
2018-02-09,209.45,209.45,209.45,209.45,0
2018-02-12,209.05,209.05,209.05,209.05,0
2018-02-13,208.91,208.91,208.91,208.91,0
2018-02-14,208.97,208.97,208.97,208.97,0
2018-02-15,212.5,212.5,212.5,212.5,0
2018-02-16,213.67,213.67,213.67,213.67,0
2018-02-19,214.08,214.08,214.08,214.08,0
2018-02-20,216.16,216.16,216.16,216.16,0
2018-02-21,216.12,216.12,216.12,216.12,0
2018-02-22,218.97,218.97,218.97,218.97,0
2018-02-23,224.69,224.69,224.69,224.69,0
2018-02-26,230.82,230.82,230.82,230.82,0
2018-02-27,236.39,236.39,236.39,236.39,0
2018-02-28,241.99,241.99,241.99,241.99,0
2018-03-01,237.55,237.55,237.55,237.55,0
2018-03-02,241.26,241.26,241.26,241.26,0
2018-03-05,238.4,238.4,238.4,238.4,0
2018-03-06,228.56,228.56,228.56,228.56,0
2018-03-07,230.78,230.78,230.78,230.78,0
2018-03-08,223.1,223.1,223.1,223.1,0
2018-03-09,225.36,225.36,225.36,225.36,0
2018-03-12,232.22,232.22,232.22,232.22,0
2018-03-13,242.33,242.33,242.33,242.33,0
2018-03-14,245.87,245.87,245.87,245.87,0
2018-03-15,249.86,249.86,249.86,249.86,0
2018-03-16,247.49,247.49,247.49,247.49,0
2018-03-19,248.72,248.72,248.72,248.72,0
2018-03-20,240.92,240.92,240.92,240.92,0
2018-03-21,242.41,242.41,242.41,242.41,0
2018-03-22,246.48,246.48,246.48,246.48,0
2018-03-23,235.95,235.95,235.95,235.95,0
2018-03-26,236.63,236.63,236.63,236.63,0
2018-03-27,237.44,237.44,237.44,237.44,0
2018-03-28,243.03,243.03,243.03,243.03,0
2018-03-29,241.76,241.76,241.76,241.76,0
2018-03-30,242.06,242.06,242.06,242.06,0
2018-04-03,239.67,239.67,239.67,239.67,0
2018-04-04,244.8,244.8,244.8,244.8,0
2018-04-05,243.02,243.02,243.02,243.02,0
2018-04-06,236.21,236.21,236.21,236.21,0
2018-04-09,230.78,230.78,230.78,230.78,0
2018-04-10,231.64,231.64,231.64,231.64,0
2018-04-11,231.07,231.07,231.07,231.07,0
2018-04-12,221.7,221.7,221.7,221.7,0
2018-04-13,216.43,216.43,216.43,216.43,0
2018-04-16,213.22,213.22,213.22,213.22,0
2018-04-17,212.56,212.56,212.56,212.56,0
2018-04-18,218.99,218.99,218.99,218.99,0
2018-04-19,214.19,214.19,214.19,214.19,0
2018-04-20,214.32,214.32,214.32,214.32,0
2018-04-23,217.42,217.42,217.42,217.42,0
2018-04-24,221.76,221.76,221.76,221.76,0
2018-04-25,219.05,219.05,219.05,219.05,0
2018-04-26,214.39,214.39,214.39,214.39,0
2018-04-27,209.65,209.65,209.65,209.65,0
2018-04-30,209.88,209.88,209.88,209.88,0
2018-05-02,205.79,205.79,205.79,205.79,0
2018-05-03,198.73,198.73,198.73,198.73,0
2018-05-04,199.75,199.75,199.75,199.75,0
2018-05-07,196.37,196.37,196.37,196.37,0
2018-05-08,200.55,200.55,200.55,200.55,0
2018-05-09,197.3,197.3,197.3,197.3,0
2018-05-11,192.56,192.56,192.56,192.56,0
2018-05-14,189.39,189.39,189.39,189.39,0
2018-05-15,188.56,188.56,188.56,188.56,0
2018-05-16,180.68,180.68,180.68,180.68,0
2018-05-17,175.85,175.85,175.85,175.85,0
2018-05-18,170.1,170.1,170.1,170.1,0
2018-05-22,166.47,166.47,166.47,166.47,0
2018-05-23,170.43,170.43,170.43,170.43,0
2018-05-24,166.71,166.71,166.71,166.71,0
2018-05-25,165.08,165.08,165.08,165.08,0
2018-05-28,163.04,163.04,163.04,163.04,0
2018-05-29,163.86,163.86,163.86,163.86,0
2018-05-30,165.59,165.59,165.59,165.59,0
2018-05-31,168.29,168.29,168.29,168.29,0
2018-06-01,165.94,165.94,165.94,165.94,0
2018-06-04,163.85,163.85,163.85,163.85,0
2018-06-05,162.32,162.32,162.32,162.32,0
2018-06-06,157.54,157.54,157.54,157.54,0
2018-06-07,158.57,158.57,158.57,158.57,0
2018-06-08,158.64,158.64,158.64,158.64,0
2018-06-12,156.54,156.54,156.54,156.54,0
2018-06-13,153.4,153.4,153.4,153.4,0
2018-06-15,151.06,151.06,151.06,151.06,0
2018-06-18,149.3,149.3,149.3,149.3,0
2018-06-19,152.38,152.38,152.38,152.38,0
2018-06-20,156.8,156.8,156.8,156.8,0
2018-06-21,156.36,156.36,156.36,156.36,0
2018-06-22,150.34,150.34,150.34,150.34,0
2018-06-25,153.25,153.25,153.25,153.25,0
2018-06-26,151.18,151.18,151.18,151.18,0
2018-06-27,150.33,150.33,150.33,150.33,0
2018-06-28,151.5,151.5,151.5,151.5,0
2018-06-29,155.88,155.88,155.88,155.88,0
2018-07-02,155.58,155.58,155.58,155.58,0
2018-07-03,157.96,157.96,157.96,157.96,0
2018-07-04,154.85,154.85,154.85,154.85,0
2018-07-05,157.37,157.37,157.37,157.37,0
2018-07-06,158.75,158.75,158.75,158.75,0
2018-07-09,157.31,157.31,157.31,157.31,0
2018-07-10,156.76,156.76,156.76,156.76,0
2018-07-11,156.81,156.81,156.81,156.81,0
2018-07-12,155.83,155.83,155.83,155.83,0
2018-07-13,157.25,157.25,157.25,157.25,0
2018-07-16,156.61,156.61,156.61,156.61,0
2018-07-17,157.06,157.06,157.06,157.06,0
2018-07-18,156.31,156.31,156.31,156.31,0
2018-07-19,152.05,152.05,152.05,152.05,0
2018-07-20,152.14,152.14,152.14,152.14,0
2018-07-23,153.66,153.66,153.66,153.66,0
2018-07-24,152.41,152.41,152.41,152.41,0
2018-07-25,148.77,148.77,148.77,148.77,0
2018-07-26,148.12,148.12,148.12,148.12,0
2018-07-27,149.23,149.23,149.23,149.23,0
2018-07-30,146.78,146.78,146.78,146.78,0
2018-07-31,147.86,147.86,147.86,147.86,0
2018-08-01,147.87,147.87,147.87,147.87,0
2018-08-02,148.57,148.57,148.57,148.57,0
2018-08-03,145.16,145.16,145.16,145.16,0
2018-08-08,146.3,146.3,146.3,146.3,0
2018-08-09,144.82,144.82,144.82,144.82,0
2018-08-10,142.18,142.18,142.18,142.18,0
2018-08-13,140.75,140.75,140.75,140.75,0
2018-08-14,142.48,142.48,142.48,142.48,0
2018-08-16,141.54,141.54,141.54,141.54,0
2018-08-17,142.52,142.52,142.52,142.52,0
2018-08-20,142.57,142.57,142.57,142.57,0
2018-08-22,145.71,145.71,145.71,145.71,0
2018-08-23,148.38,148.38,148.38,148.38,0
2018-08-24,145.3,145.3,145.3,145.3,0
2018-08-27,143.14,143.14,143.14,143.14,0
2018-08-28,144.8,144.8,144.8,144.8,0
2018-08-29,144.8,144.8,144.8,144.8,0
2018-08-30,143.78,143.78,143.78,143.78,0
2018-08-31,142.49,142.49,142.49,142.49,0
2018-09-03,140.78,140.78,140.78,140.78,0
2018-09-04,139.97,139.97,139.97,139.97,0
2018-09-05,140.32,140.32,140.32,140.32,0
2018-09-06,140.32,140.32,140.32,140.32,0
2018-09-07,139.36,139.36,139.36,139.36,0
2018-09-10,139.13,139.13,139.13,139.13,0
2018-09-11,138.84,138.84,138.84,138.84,0
2018-09-12,137.64,137.64,137.64,137.64,0
2018-09-13,136.3,136.3,136.3,136.3,0
2018-09-14,136.81,136.81,136.81,136.81,0
2018-09-17,136.53,136.53,136.53,136.53,0
2018-09-18,135.88,135.88,135.88,135.88,0
2018-09-19,139.61,139.61,139.61,139.61,0
2018-09-20,139.07,139.07,139.07,139.07,0
2018-09-21,137.4,137.4,137.4,137.4,0
2018-09-24,136.02,136.02,136.02,136.02,0
2018-09-25,137.56,137.56,137.56,137.56,0
2018-09-26,134.21,134.21,134.21,134.21,0
2018-09-27,134.7,134.7,134.7,134.7,0
2018-09-28,136.77,136.77,136.77,136.77,0
2018-10-01,138.08,138.08,138.08,138.08,0
2018-10-02,137.65,137.65,137.65,137.65,0
2018-10-03,135.59,135.59,135.59,135.59,0
2018-10-04,134.58,134.58,134.58,134.58,0
2018-10-05,136.12,136.12,136.12,136.12,0
2018-10-08,131.39,131.39,131.39,131.39,0
2018-10-09,131.32,131.32,131.32,131.32,0
2018-10-10,130.64,130.64,130.64,130.64,0
2018-10-11,131.58,131.58,131.58,131.58,0
2018-10-12,130.99,130.99,130.99,130.99,0
2018-10-15,129.42,129.42,129.42,129.42,0
2018-10-16,127.58,127.58,127.58,127.58,0
2018-10-17,125.61,125.61,125.61,125.61,0
2018-10-18,123.63,123.63,123.63,123.63,0
2018-10-19,124.97,124.97,124.97,124.97,0
2018-10-22,125.62,125.62,125.62,125.62,0
2018-10-23,123.83,123.83,123.83,123.83,0
2018-10-24,121.96,121.96,121.96,121.96,0
2018-10-25,121.71,121.71,121.71,121.71,0
2018-10-26,118.33,118.33,118.33,118.33,0
2018-10-29,114.91,114.91,114.91,114.91,0
2018-10-30,112.93,112.93,112.93,112.93,0
2018-10-31,115.74,115.74,115.74,115.74,0
2018-11-02,114.39,114.39,114.39,114.39,0
2018-11-05,115.74,115.74,115.74,115.74,0
2018-11-06,113.1,113.1,113.1,113.1,0
2018-11-07,112.63,112.63,112.63,112.63,0
2018-11-08,116.33,116.33,116.33,116.33,0
2018-11-09,119.55,119.55,119.55,119.55,0
2018-11-12,118.01,118.01,118.01,118.01,0
2018-11-13,115.39,115.39,115.39,115.39,0
2018-11-14,115.26,115.26,115.26,115.26,0
2018-11-16,119.85,119.85,119.85,119.85,0
2018-11-19,116.11,116.11,116.11,116.11,0
2018-11-21,114.81,114.81,114.81,114.81,0
2018-11-22,112.33,112.33,112.33,112.33,0
2018-11-23,112.79,112.79,112.79,112.79,0
2018-11-26,106.11,106.11,106.11,106.11,0
2018-11-27,108,108,108,108,0
2018-11-28,110.51,110.51,110.51,110.51,0
2018-11-29,108.94,108.94,108.94,108.94,0
2018-11-30,110.36,110.36,110.36,110.36,0
2018-12-03,109.47,109.47,109.47,109.47,0
2018-12-04,108.88,108.88,108.88,108.88,0
2018-12-05,112.24,112.24,112.24,112.24,0
2018-12-06,113.32,113.32,113.32,113.32,0
2018-12-07,118.01,118.01,118.01,118.01,0
2018-12-10,121.55,121.55,121.55,121.55,0
2018-12-11,123.28,123.28,123.28,123.28,0
2018-12-12,124.84,124.84,124.84,124.84,0
2018-12-13,123.29,123.29,123.29,123.29,0
2018-12-14,123.29,123.29,123.29,123.29,0
2018-12-17,122.82,122.82,122.82,122.82,0
2018-12-18,122.91,122.91,122.91,122.91,0
2018-12-19,122.6,122.6,122.6,122.6,0
2018-12-20,123.44,123.44,123.44,123.44,0
2018-12-21,126.28,126.28,126.28,126.28,0
2018-12-24,126.22,126.22,126.22,126.22,0
2018-12-26,126.22,126.22,126.22,126.22,0
2018-12-27,126.58,126.58,126.58,126.58,0
2018-12-28,128.03,128.03,128.03,128.03,0
2018-12-31,127.2,127.2,127.2,127.2,0
2019-01-02,126.77,126.77,126.77,126.77,0
2019-01-03,126.19,126.19,126.19,126.19,0
2019-01-04,128.74,128.74,128.74,128.74,0
2019-01-07,125.34,125.34,125.34,125.34,0
2019-01-08,119.33,119.33,119.33,119.33,0
2019-01-09,116.91,116.91,116.91,116.91,0
2019-01-10,118.18,118.18,118.18,118.18,0
2019-01-11,120.25,120.25,120.25,120.25,0
2019-01-14,118.43,118.43,118.43,118.43,0
2019-01-15,116.98,116.98,116.98,116.98,0
2019-01-16,117.51,117.51,117.51,117.51,0
2019-01-17,116.95,116.95,116.95,116.95,0
2019-01-18,119.07,119.07,119.07,119.07,0
2019-01-21,116.96,116.96,116.96,116.96,0
2019-01-22,116.09,116.09,116.09,116.09,0
2019-01-23,116.64,116.64,116.64,116.64,0
2019-01-24,116.66,116.66,116.66,116.66,0
2019-01-25,117.91,117.91,117.91,117.91,0
2019-01-28,117.14,117.14,117.14,117.14,0
2019-01-29,117.72,117.72,117.72,117.72,0
2019-01-30,119.15,119.15,119.15,119.15,0
2019-01-31,120.58,120.58,120.58,120.58,0
2019-02-01,116.17,116.17,116.17,116.17,0
2019-02-04,113.2,113.2,113.2,113.2,0
2019-02-05,113.04,113.04,113.04,113.04,0
2019-02-06,113.4,113.4,113.4,113.4,0
2019-02-07,113.04,113.04,113.04,113.04,0
2019-02-08,116.44,116.44,116.44,116.44,0
2019-02-11,115.48,115.48,115.48,115.48,0
2019-02-12,116.17,116.17,116.17,116.17,0
2019-02-13,115.46,115.46,115.46,115.46,0
2019-02-14,116.23,116.23,116.23,116.23,0
2019-02-15,115.67,115.67,115.67,115.67,0
2019-02-18,115.25,115.25,115.25,115.25,0
2019-02-19,114.95,114.95,114.95,114.95,0
2019-02-20,112.52,112.52,112.52,112.52,0
2019-02-21,111.42,111.42,111.42,111.42,0
2019-02-22,115.12,115.12,115.12,115.12,0
2019-02-25,116.95,116.95,116.95,116.95,0
2019-02-26,115,115,115,115,0
2019-02-27,116.61,116.61,116.61,116.61,0
2019-02-28,117.59,117.59,117.59,117.59,0
2019-03-01,118.09,118.09,118.09,118.09,0
2019-03-04,117.45,117.45,117.45,117.45,0
2019-03-05,119.79,119.79,119.79,119.79,0
2019-03-06,121.39,121.39,121.39,121.39,0
2019-03-07,120.16,120.16,120.16,120.16,0
2019-03-08,120.29,120.29,120.29,120.29,0
2019-03-11,120.1,120.1,120.1,120.1,0
2019-03-12,121.07,121.07,121.07,121.07,0
2019-03-13,120.3,120.3,120.3,120.3,0
2019-03-14,119.57,119.57,119.57,119.57,0
2019-03-15,117.31,117.31,117.31,117.31,0
2019-03-18,120.61,120.61,120.61,120.61,0
2019-03-19,123.25,123.25,123.25,123.25,0
2019-03-20,121.57,121.57,121.57,121.57,0
2019-03-21,120.6,120.6,120.6,120.6,0
2019-03-22,122.04,122.04,122.04,122.04,0
2019-03-25,124.46,124.46,124.46,124.46,0
2019-03-26,123.5,123.5,123.5,123.5,0
2019-03-27,119.38,119.38,119.38,119.38,0
2019-03-28,120.79,120.79,120.79,120.79,0
2019-03-29,123.42,123.42,123.42,123.42,0
2019-04-01,122.08,122.08,122.08,122.08,0
2019-04-02,120.6,120.6,120.6,120.6,0
2019-04-03,123.62,123.62,123.62,123.62,0
2019-04-04,127.72,127.72,127.72,127.72,0
2019-04-05,127.62,127.62,127.62,127.62,0
2019-04-08,127.38,127.38,127.38,127.38,0
2019-04-09,126.09,126.09,126.09,126.09,0
2019-04-10,124.87,124.87,124.87,124.87,0
2019-04-11,121.52,121.52,121.52,121.52,0
2019-04-12,121.86,121.86,121.86,121.86,0
2019-04-15,118.79,118.79,118.79,118.79,0
2019-04-16,116.09,116.09,116.09,116.09,0
2019-04-17,109.08,109.08,109.08,109.08,0
2019-04-18,105.2,105.2,105.2,105.2,0
2019-04-19,101.74,101.74,101.74,101.74,0
2019-04-23,98.32,98.32,98.32,98.32,0
2019-04-24,94.97,94.97,94.97,94.97,0
2019-04-25,91.51,91.51,91.51,91.51,0
2019-04-26,93.75,93.75,93.75,93.75,0
2019-04-29,93.96,93.96,93.96,93.96,0
2019-04-30,96.16,96.16,96.16,96.16,0
2019-05-02,97.12,97.12,97.12,97.12,0
2019-05-03,98.35,98.35,98.35,98.35,0
2019-05-06,96.84,96.84,96.84,96.84,0
2019-05-07,96.32,96.32,96.32,96.32,0
2019-05-08,93.81,93.81,93.81,93.81,0
2019-05-09,94.19,94.19,94.19,94.19,0
2019-05-10,95.36,95.36,95.36,95.36,0
2019-05-13,96.71,96.71,96.71,96.71,0
2019-05-14,93.11,93.11,93.11,93.11,0
2019-05-15,92.36,92.36,92.36,92.36,0
2019-05-16,94.48,94.48,94.48,94.48,0
2019-05-17,90.36,90.36,90.36,90.36,0
2019-05-20,90.21,90.21,90.21,90.21,0
2019-05-21,92.08,92.08,92.08,92.08,0
2019-05-22,91.97,91.97,91.97,91.97,0
2019-05-23,91.43,91.43,91.43,91.43,0
2019-05-24,91.69,91.69,91.69,91.69,0
2019-05-27,96.67,96.67,96.67,96.67,0
2019-05-28,93.22,93.22,93.22,93.22,0
2019-05-29,95.47,95.47,95.47,95.47,0
2019-05-31,95.54,95.54,95.54,95.54,0
2019-06-03,94.58,94.58,94.58,94.58,0
2019-06-05,93.65,93.65,93.65,93.65,0
2019-06-06,93.77,93.77,93.77,93.77,0
2019-06-07,94.47,94.47,94.47,94.47,0
2019-06-11,93.39,93.39,93.39,93.39,0
2019-06-12,93.39,93.39,93.39,93.39,0
2019-06-13,94.12,94.12,94.12,94.12,0
2019-06-14,93.02,93.02,93.02,93.02,0
2019-06-17,91.25,91.25,91.25,91.25,0
2019-06-18,92.03,92.03,92.03,92.03,0
2019-06-19,93.3,93.3,93.3,93.3,0
2019-06-20,93.01,93.01,93.01,93.01,0
2019-06-21,92.77,92.77,92.77,92.77,0
2019-06-24,92.04,92.04,92.04,92.04,0
2019-06-25,92.14,92.14,92.14,92.14,0
2019-06-26,88.86,88.86,88.86,88.86,0
2019-06-27,87.65,87.65,87.65,87.65,0
2019-06-28,88.27,88.27,88.27,88.27,0
2019-07-01,85.47,85.47,85.47,85.47,0
2019-07-02,84.65,84.65,84.65,84.65,0
2019-07-03,82.91,82.91,82.91,82.91,0
2019-07-04,84.28,84.28,84.28,84.28,0
2019-07-05,84.03,84.03,84.03,84.03,0
2019-07-08,83.97,83.97,83.97,83.97,0
2019-07-09,85.39,85.39,85.39,85.39,0
2019-07-10,83.71,83.71,83.71,83.71,0
2019-07-11,83.65,83.65,83.65,83.65,0
2019-07-12,82.23,82.23,82.23,82.23,0
2019-07-15,82.66,82.66,82.66,82.66,0
2019-07-16,81.08,81.08,81.08,81.08,0
2019-07-17,80.21,80.21,80.21,80.21,0
2019-07-18,79.4,79.4,79.4,79.4,0
2019-07-19,80.68,80.68,80.68,80.68,0
2019-07-22,79.96,79.96,79.96,79.96,0
2019-07-23,78.8,78.8,78.8,78.8,0
2019-07-24,78.91,78.91,78.91,78.91,0
2019-07-25,79.82,79.82,79.82,79.82,0
2019-07-26,78.95,78.95,78.95,78.95,0
2019-07-29,78.98,78.98,78.98,78.98,0
2019-07-30,79.29,79.29,79.29,79.29,0
2019-07-31,79.6,79.6,79.6,79.6,0
2019-08-01,79.38,79.38,79.38,79.38,0
2019-08-02,80.14,80.14,80.14,80.14,0
2019-08-05,80.14,80.14,80.14,80.14,0
2019-08-06,80.83,80.83,80.83,80.83,0
2019-08-08,79.99,79.99,79.99,79.99,0
2019-08-09,79.76,79.76,79.76,79.76,0
2019-08-13,80.03,80.03,80.03,80.03,0
2019-08-14,79.14,79.14,79.14,79.14,0
2019-08-16,79.04,79.04,79.04,79.04,0
2019-08-19,76.68,76.68,76.68,76.68,0
2019-08-20,76.3,76.3,76.3,76.3,0
2019-08-21,75.96,75.96,75.96,75.96,0
2019-08-22,75.96,75.96,75.96,75.96,0
2019-08-23,75.25,75.25,75.25,75.25,0
2019-08-26,74.06,74.06,74.06,74.06,0
2019-08-27,74.17,74.17,74.17,74.17,0
2019-08-28,76.56,76.56,76.56,76.56,0
2019-08-29,76.37,76.37,76.37,76.37,0
2019-08-30,76.88,76.88,76.88,76.88,0
2019-09-02,74.05,74.05,74.05,74.05,0
2019-09-03,73.66,73.66,73.66,73.66,0
2019-09-04,73.66,73.66,73.66,73.66,0
2019-09-05,72.64,72.64,72.64,72.64,0
2019-09-06,72.44,72.44,72.44,72.44,0
2019-09-09,72.72,72.72,72.72,72.72,0
2019-09-10,72.55,72.55,72.55,72.55,0
2019-09-11,73.14,73.14,73.14,73.14,0
2019-09-12,74,74,74,74,0
2019-09-13,72.07,72.07,72.07,72.07,0
2019-09-16,71.19,71.19,71.19,71.19,0
2019-09-17,70.3,70.3,70.3,70.3,0
2019-09-18,69.53,69.53,69.53,69.53,0
2019-09-19,68.65,68.65,68.65,68.65,0
2019-09-20,66.23,66.23,66.23,66.23,0
2019-09-23,64.12,64.12,64.12,64.12,0
2019-09-24,62.62,62.62,62.62,62.62,0
2019-09-25,64.74,64.74,64.74,64.74,0
2019-09-26,66.45,66.45,66.45,66.45,0
2019-09-27,66.34,66.34,66.34,66.34,0
2019-09-30,66.39,66.39,66.39,66.39,0
2019-10-01,64.48,64.48,64.48,64.48,0
2019-10-02,65.09,65.09,65.09,65.09,0
2019-10-03,63.1,63.1,63.1,63.1,0
2019-10-04,62.66,62.66,62.66,62.66,0
2019-10-07,62.8,62.8,62.8,62.8,0
2019-10-08,63.29,63.29,63.29,63.29,0
2019-10-09,61.87,61.87,61.87,61.87,0
2019-10-10,59.9,59.9,59.9,59.9,0
2019-10-11,61.46,61.46,61.46,61.46,0
2019-10-14,61.04,61.04,61.04,61.04,0
2019-10-15,61.88,61.88,61.88,61.88,0
2019-10-16,61.05,61.05,61.05,61.05,0
2019-10-17,61.04,61.04,61.04,61.04,0
2019-10-18,59.82,59.82,59.82,59.82,0
2019-10-21,60.65,60.65,60.65,60.65,0
2019-10-22,60.6,60.6,60.6,60.6,0
2019-10-23,60.65,60.65,60.65,60.65,0
2019-10-24,61.46,61.46,61.46,61.46,0
2019-10-25,63.32,63.32,63.32,63.32,0
2019-10-28,62.37,62.37,62.37,62.37,0
2019-10-29,60.62,60.62,60.62,60.62,0
2019-10-30,62.37,62.37,62.37,62.37,0
2019-10-31,60.36,60.36,60.36,60.36,0
2019-11-04,61.73,61.73,61.73,61.73,0
2019-11-05,61.3,61.3,61.3,61.3,0
2019-11-06,61.49,61.49,61.49,61.49,0
2019-11-07,61.26,61.26,61.26,61.26,0
2019-11-08,61.33,61.33,61.33,61.33,0
2019-11-11,60.89,60.89,60.89,60.89,0
2019-11-12,60.89,60.89,60.89,60.89,0
2019-11-13,60.67,60.67,60.67,60.67,0
2019-11-14,60.02,60.02,60.02,60.02,0
2019-11-18,60.78,60.78,60.78,60.78,0
2019-11-19,60.91,60.91,60.91,60.91,0
2019-11-20,60.26,60.26,60.26,60.26,0
2019-11-21,59.32,59.32,59.32,59.32,0
2019-11-22,60.66,60.66,60.66,60.66,0
2019-11-25,59.95,59.95,59.95,59.95,0
2019-11-26,60.53,60.53,60.53,60.53,0
2019-11-27,60.57,60.57,60.57,60.57,0
2019-11-28,60.53,60.53,60.53,60.53,0
2019-11-29,61.24,61.24,61.24,61.24,0
2019-12-02,60.21,60.21,60.21,60.21,0
2019-12-03,60.8,60.8,60.8,60.8,0
2019-12-04,60.27,60.27,60.27,60.27,0
2019-12-05,61.16,61.16,61.16,61.16,0
2019-12-06,62.17,62.17,62.17,62.17,0
2019-12-09,61.26,61.26,61.26,61.26,0
2019-12-10,62.47,62.47,62.47,62.47,0
2019-12-11,62.6,62.6,62.6,62.6,0
2019-12-12,61.98,61.98,61.98,61.98,0
2019-12-13,63.18,63.18,63.18,63.18,0
2019-12-16,63.94,63.94,63.94,63.94,0
2019-12-17,67.13,67.13,67.13,67.13,0
2019-12-18,69.87,69.87,69.87,69.87,0
2019-12-19,72.83,72.83,72.83,72.83,0
2019-12-20,74.28,74.28,74.28,74.28,0
2019-12-23,74.73,74.73,74.73,74.73,0
2019-12-24,76.27,76.27,76.27,76.27,0
2019-12-26,79.3,79.3,79.3,79.3,0
2019-12-27,80.11,80.11,80.11,80.11,0
2019-12-30,81.28,81.28,81.28,81.28,0
2019-12-31,85.88,85.88,85.88,85.88,0
2020-01-02,85.71,85.71,85.71,85.71,0
2020-01-03,84.56,84.56,84.56,84.56,0
2020-01-06,83.5,83.5,83.5,83.5,0
2020-01-07,81.34,81.34,81.34,81.34,0
2020-01-08,81.79,81.79,81.79,81.79,0
2020-01-09,82.61,82.61,82.61,82.61,0
2020-01-10,82.03,82.03,82.03,82.03,0
2020-01-13,83.59,83.59,83.59,83.59,0
2020-01-14,84.8,84.8,84.8,84.8,0
2020-01-15,85.51,85.51,85.51,85.51,0
2020-01-16,86.78,86.78,86.78,86.78,0
2020-01-17,87.79,87.79,87.79,87.79,0
2020-01-20,90.33,90.33,90.33,90.33,0
2020-01-21,95.56,95.56,95.56,95.56,0
2020-01-22,100.26,100.26,100.26,100.26,0
2020-01-23,99.01,99.01,99.01,99.01,0
2020-01-24,97.32,97.32,97.32,97.32,0
2020-01-27,95.52,95.52,95.52,95.52,0
2020-01-28,95.19,95.19,95.19,95.19,0
2020-01-29,96.94,96.94,96.94,96.94,0
2020-01-30,98.9,98.9,98.9,98.9,0
2020-01-31,97.28,97.28,97.28,97.28,0
2020-02-03,96.38,96.38,96.38,96.38,0
2020-02-04,97.67,97.67,97.67,97.67,0
2020-02-05,95.56,95.56,95.56,95.56,0
2020-02-06,95.25,95.25,95.25,95.25,0
2020-02-07,95.19,95.19,95.19,95.19,0
2020-02-10,95.66,95.66,95.66,95.66,0
2020-02-11,94.09,94.09,94.09,94.09,0
2020-02-12,90.45,90.45,90.45,90.45,0
2020-02-13,90.8,90.8,90.8,90.8,0
2020-02-14,88.26,88.26,88.26,88.26,0
2020-02-17,86.43,86.43,86.43,86.43,0
2020-02-18,81.52,81.52,81.52,81.52,0
2020-02-19,82.42,82.42,82.42,82.42,0
2020-02-20,82.91,82.91,82.91,82.91,0
2020-02-21,81.58,81.58,81.58,81.58,0
2020-02-24,81.75,81.75,81.75,81.75,0
2020-02-25,78.22,78.22,78.22,78.22,0
2020-02-26,79.46,79.46,79.46,79.46,0
2020-02-27,77.54,77.54,77.54,77.54,0
2020-02-28,79.05,79.05,79.05,79.05,0
2020-03-02,78.14,78.14,78.14,78.14,0
2020-03-03,79.58,79.58,79.58,79.58,0
2020-03-04,79.12,79.12,79.12,79.12,0
2020-03-05,79.26,79.26,79.26,79.26,0
2020-03-06,77.85,77.85,77.85,77.85,0
2020-03-09,77.08,77.08,77.08,77.08,0
2020-03-10,77.26,77.26,77.26,77.26,0
2020-03-11,76.86,76.86,76.86,76.86,0
2020-03-12,74.67,74.67,74.67,74.67,0
2020-03-13,74.68,74.68,74.68,74.68,0
2020-03-16,74.66,74.66,74.66,74.66,0
2020-03-17,76.05,76.05,76.05,76.05,0
2020-03-18,73.7,73.7,73.7,73.7,0
2020-03-19,71.37,71.37,71.37,71.37,0
2020-03-20,73.23,73.23,73.23,73.23,0
2020-03-23,74.08,74.08,74.08,74.08,0
2020-03-24,74.03,74.03,74.03,74.03,0
2020-03-25,72.22,72.22,72.22,72.22,0
2020-03-26,71.42,71.42,71.42,71.42,0
2020-03-27,70.06,70.06,70.06,70.06,0
2020-03-30,69.53,69.53,69.53,69.53,0
2020-03-31,69.06,69.06,69.06,69.06,0
2020-04-01,68.96,68.96,68.96,68.96,0
2020-04-02,68.55,68.55,68.55,68.55,0
2020-04-03,67.19,67.19,67.19,67.19,0
2020-04-06,66.17,66.17,66.17,66.17,0
2020-04-07,66.37,66.37,66.37,66.37,0
2020-04-08,66.3,66.3,66.3,66.3,0
2020-04-09,65.33,65.33,65.33,65.33,0
2020-04-10,65.55,65.55,65.55,65.55,0
2020-04-14,63.02,63.02,63.02,63.02,0
2020-04-15,61.48,61.48,61.48,61.48,0
2020-04-16,61.28,61.28,61.28,61.28,0
2020-04-17,61.32,61.32,61.32,61.32,0
2020-04-20,59.44,59.44,59.44,59.44,0
2020-04-21,58.87,58.87,58.87,58.87,0
2020-04-22,58.13,58.13,58.13,58.13,0
2020-04-23,58.81,58.81,58.81,58.81,0
2020-04-24,61.67,61.67,61.67,61.67,0
2020-04-27,61.86,61.86,61.86,61.86,0
2020-04-28,63.01,63.01,63.01,63.01,0
2020-04-29,65.73,65.73,65.73,65.73,0
2020-04-30,66.61,66.61,66.61,66.61,0
2020-05-04,66.09,66.09,66.09,66.09,0
2020-05-05,65.45,65.45,65.45,65.45,0
2020-05-06,65.79,65.79,65.79,65.79,0
2020-05-07,66.07,66.07,66.07,66.07,0
2020-05-08,64.29,64.29,64.29,64.29,0
2020-05-11,63.9,63.9,63.9,63.9,0
2020-05-12,64.23,64.23,64.23,64.23,0
2020-05-13,64.54,64.54,64.54,64.54,0
2020-05-14,65.13,65.13,65.13,65.13,0
2020-05-15,64.79,64.79,64.79,64.79,0
2020-05-18,66.1,66.1,66.1,66.1,0
2020-05-19,66.49,66.49,66.49,66.49,0
2020-05-22,66.33,66.33,66.33,66.33,0
2020-05-25,66.33,66.33,66.33,66.33,0
2020-05-26,66.79,66.79,66.79,66.79,0
2020-05-27,65.29,65.29,65.29,65.29,0
2020-05-28,64.48,64.48,64.48,64.48,0
2020-05-29,64.15,64.15,64.15,64.15,0
2020-06-02,64.15,64.15,64.15,64.15,0
2020-06-03,65.34,65.34,65.34,65.34,0
2020-06-04,66.05,66.05,66.05,66.05,0
2020-06-05,65.88,65.88,65.88,65.88,0
2020-06-08,64.54,64.54,64.54,64.54,0
2020-06-09,63.9,63.9,63.9,63.9,0
2020-06-10,64.04,64.04,64.04,64.04,0
2020-06-11,64.61,64.61,64.61,64.61,0
2020-06-12,64.61,64.61,64.61,64.61,0
2020-06-15,64.92,64.92,64.92,64.92,0
2020-06-16,64.92,64.92,64.92,64.92,0
2020-06-17,64.42,64.42,64.42,64.42,0
2020-06-18,64.49,64.49,64.49,64.49,0
2020-06-19,63.55,63.55,63.55,63.55,0
2020-06-22,64.45,64.45,64.45,64.45,0
2020-06-23,65.58,65.58,65.58,65.58,0
2020-06-24,64.1,64.1,64.1,64.1,0
2020-06-25,63.53,63.53,63.53,63.53,0
2020-06-26,64.34,64.34,64.34,64.34,0
2020-06-29,64.27,64.27,64.27,64.27,0
2020-06-30,66.75,66.75,66.75,66.75,0
2020-07-01,66.76,66.76,66.76,66.76,0
2020-07-02,67.01,67.01,67.01,67.01,0
2020-07-03,65.94,65.94,65.94,65.94,0
2020-07-06,65.71,65.71,65.71,65.71,0
2020-07-07,64.89,64.89,64.89,64.89,0
2020-07-08,64.76,64.76,64.76,64.76,0
2020-07-09,63.47,63.47,63.47,63.47,0
2020-07-10,62.86,62.86,62.86,62.86,0
2020-07-13,62.82,62.82,62.82,62.82,0
2020-07-14,62.33,62.33,62.33,62.33,0
2020-07-15,60.14,60.14,60.14,60.14,0
2020-07-16,59.09,59.09,59.09,59.09,0
2020-07-17,58.41,58.41,58.41,58.41,0
2020-07-20,57.05,57.05,57.05,57.05,0
2020-07-21,57.05,57.05,57.05,57.05,0
2020-07-22,59.77,59.77,59.77,59.77,0
2020-07-23,60.32,60.32,60.32,60.32,0
2020-07-24,60.26,60.26,60.26,60.26,0
2020-07-27,60.79,60.79,60.79,60.79,0
2020-07-28,59.87,59.87,59.87,59.87,0
2020-07-29,57.64,57.64,57.64,57.64,0
2020-07-30,57.27,57.27,57.27,57.27,0
2020-08-03,55.62,55.62,55.62,55.62,0
2020-08-04,55.62,55.62,55.62,55.62,0
2020-08-05,55.4,55.4,55.4,55.4,0
2020-08-06,56.11,56.11,56.11,56.11,0
2020-08-10,56.11,56.11,56.11,56.11,0
2020-08-11,56.85,56.85,56.85,56.85,0
2020-08-12,58.31,58.31,58.31,58.31,0
2020-08-13,57.82,57.82,57.82,57.82,0
2020-08-14,58.04,58.04,58.04,58.04,0
2020-08-17,57.29,57.29,57.29,57.29,0
2020-08-18,59.04,59.04,59.04,59.04,0
2020-08-19,58.98,58.98,58.98,58.98,0
2020-08-20,59.17,59.17,59.17,59.17,0
2020-08-21,59.09,59.09,59.09,59.09,0
2020-08-24,60.34,60.34,60.34,60.34,0
2020-08-25,61.85,61.85,61.85,61.85,0
2020-08-26,64.75,64.75,64.75,64.75,0
2020-08-27,65.53,65.53,65.53,65.53,0
2020-08-28,67.1,67.1,67.1,67.1,0
2020-08-31,65.75,65.75,65.75,65.75,0
2020-09-01,65.09,65.09,65.09,65.09,0
2020-09-02,67.55,67.55,67.55,67.55,0
2020-09-03,65.3,65.3,65.3,65.3,0
2020-09-04,65.42,65.42,65.42,65.42,0
2020-09-07,65.35,65.35,65.35,65.35,0
2020-09-08,66.64,66.64,66.64,66.64,0
2020-09-09,66.83,66.83,66.83,66.83,0
2020-09-10,67.57,67.57,67.57,67.57,0
2020-09-11,67.55,67.55,67.55,67.55,0
2020-09-14,67.55,67.55,67.55,67.55,0
2020-09-15,67.66,67.66,67.66,67.66,0
2020-09-16,67.25,67.25,67.25,67.25,0
2020-09-17,67.47,67.47,67.47,67.47,0
2020-09-18,66.88,66.88,66.88,66.88,0
2020-09-21,66.21,66.21,66.21,66.21,0
2020-09-22,66.07,66.07,66.07,66.07,0
2020-09-23,66.91,66.91,66.91,66.91,0
2020-09-24,66.89,66.89,66.89,66.89,0
2020-09-25,65.75,65.75,65.75,65.75,0
2020-09-28,65.75,65.75,65.75,65.75,0
2020-09-29,65.88,65.88,65.88,65.88,0
2020-09-30,66.94,66.94,66.94,66.94,0
2020-10-01,67,67,67,67,0
2020-10-02,65.29,65.29,65.29,65.29,0
2020-10-05,67,67,67,67,0
2020-10-06,66.59,66.59,66.59,66.59,0
2020-10-07,66.71,66.71,66.71,66.71,0
2020-10-08,66.71,66.71,66.71,66.71,0
2020-10-09,66.54,66.54,66.54,66.54,0
2020-10-12,66.48,66.48,66.48,66.48,0
2020-10-13,66.61,66.61,66.61,66.61,0
2020-10-14,66.61,66.61,66.61,66.61,0
2020-10-15,66.61,66.61,66.61,66.61,0
2020-10-16,68.53,68.53,68.53,68.53,0
2020-10-19,68.86,68.86,68.86,68.86,0
2020-10-20,69.06,69.06,69.06,69.06,0
2020-10-21,67.86,67.86,67.86,67.86,0
2020-10-22,67.98,67.98,67.98,67.98,0
2020-10-23,67.8,67.8,67.8,67.8,0
2020-10-26,68.86,68.86,68.86,68.86,0
2020-10-27,69.54,69.54,69.54,69.54,0
2020-10-28,71.4,71.4,71.4,71.4,0
2020-10-30,74.42,74.42,74.42,74.42,0
2020-11-02,74.82,74.82,74.82,74.82,0
2020-11-03,75.45,75.45,75.45,75.45,0
2020-11-04,75.76,75.76,75.76,75.76,0
2020-11-05,75.27,75.27,75.27,75.27,0
2020-11-06,76.82,76.82,76.82,76.82,0
2020-11-09,77.5,77.5,77.5,77.5,0
2020-11-10,79.05,79.05,79.05,79.05,0
2020-11-11,80.45,80.45,80.45,80.45,0
2020-11-12,81.97,81.97,81.97,81.97,0
2020-11-13,81.8,81.8,81.8,81.8,0
2020-11-16,81.8,81.8,81.8,81.8,0
2020-11-17,78.72,78.72,78.72,78.72,0
2020-11-18,77.58,77.58,77.58,77.58,0
2020-11-19,76.16,76.16,76.16,76.16,0
2020-11-20,76.48,76.48,76.48,76.48,0
2020-11-23,77.64,77.64,77.64,77.64,0
2020-11-24,78.64,78.64,78.64,78.64,0
2020-11-25,79.07,79.07,79.07,79.07,0
2020-11-26,78.77,78.77,78.77,78.77,0
2020-11-27,79.11,79.11,79.11,79.11,0
2020-11-30,77.48,77.48,77.48,77.48,0
2020-12-01,77.48,77.48,77.48,77.48,0
2020-12-02,79.3,79.3,79.3,79.3,0
2020-12-03,80.94,80.94,80.94,80.94,0
2020-12-04,82.37,82.37,82.37,82.37,0
2020-12-07,81.66,81.66,81.66,81.66,0
2020-12-08,81.56,81.56,81.56,81.56,0
2020-12-09,81.17,81.17,81.17,81.17,0
2020-12-10,82.04,82.04,82.04,82.04,0
2020-12-11,81.52,81.52,81.52,81.52,0
2020-12-14,82.75,82.75,82.75,82.75,0
2020-12-15,82.04,82.04,82.04,82.04,0
2020-12-16,83.57,83.57,83.57,83.57,0
2020-12-17,84.63,84.63,84.63,84.63,0
2020-12-18,86.22,86.22,86.22,86.22,0
2020-12-21,86.38,86.38,86.38,86.38,0
2020-12-22,86.38,86.38,86.38,86.38,0
2020-12-23,87.77,87.77,87.77,87.77,0
2020-12-24,85.97,85.97,85.97,85.97,0
2020-12-28,84.49,84.49,84.49,84.49,0
2020-12-29,85.77,85.77,85.77,85.77,0
2020-12-30,84.23,84.23,84.23,84.23,0
2020-12-31,86.54,86.54,86.54,86.54,0
2021-01-04,85.65,85.65,85.65,85.65,0
2021-01-05,86.04,86.04,86.04,86.04,0
2021-01-06,85.22,85.22,85.22,85.22,0
2021-01-07,85.08,85.08,85.08,85.08,0
2021-01-08,84.48,84.48,84.48,84.48,0
2021-01-11,82.58,82.58,82.58,82.58,0
2021-01-12,83.58,83.58,83.58,83.58,0
2021-01-13,83.52,83.52,83.52,83.52,0
2021-01-14,84.59,84.59,84.59,84.59,0
2021-01-15,87.8,87.8,87.8,87.8,0
2021-01-18,90.4,90.4,90.4,90.4,0
2021-01-19,88.28,88.28,88.28,88.28,0
2021-01-20,89.44,89.44,89.44,89.44,0
2021-01-21,91.54,91.54,91.54,91.54,0
2021-01-22,95.56,95.56,95.56,95.56,0
2021-01-25,97.13,97.13,97.13,97.13,0
2021-01-26,97.32,97.32,97.32,97.32,0
2021-01-27,97.48,97.48,97.48,97.48,0
2021-01-28,96.44,96.44,96.44,96.44,0
2021-01-29,98.66,98.66,98.66,98.66,0
2021-02-01,99.16,99.16,99.16,99.16,0
2021-02-02,100.92,100.92,100.92,100.92,0
2021-02-03,104.59,104.59,104.59,104.59,0
2021-02-04,103.71,103.71,103.71,103.71,0
2021-02-05,103.71,103.71,103.71,103.71,0
2021-02-08,105.08,105.08,105.08,105.08,0
2021-02-09,109.79,109.79,109.79,109.79,0
2021-02-10,108.85,108.85,108.85,108.85,0
2021-02-11,111.53,111.53,111.53,111.53,0
2021-02-12,108.95,108.95,108.95,108.95,0
2021-02-15,108.41,108.41,108.41,108.41,0
2021-02-16,106.42,106.42,106.42,106.42,0
2021-02-17,105.41,105.41,105.41,105.41,0
2021-02-18,104.52,104.52,104.52,104.52,0
2021-02-19,104.29,104.29,104.29,104.29,0
2021-02-22,104.55,104.55,104.55,104.55,0
2021-02-23,100.61,100.61,100.61,100.61,0
2021-02-24,105.61,105.61,105.61,105.61,0
2021-02-25,105.09,105.09,105.09,105.09,0
2021-02-26,107.04,107.04,107.04,107.04,0
2021-03-01,106.4,106.4,106.4,106.4,0
2021-03-02,107.23,107.23,107.23,107.23,0
2021-03-03,107.32,107.32,107.32,107.32,0
2021-03-04,107.76,107.76,107.76,107.76,0
2021-03-05,108.87,108.87,108.87,108.87,0
2021-03-08,109.08,109.08,109.08,109.08,0
2021-03-09,112.28,112.28,112.28,112.28,0
2021-03-10,113.84,113.84,113.84,113.84,0
2021-03-11,115.83,115.83,115.83,115.83,0
2021-03-12,118.43,118.43,118.43,118.43,0
2021-03-15,118.59,118.59,118.59,118.59,0
2021-03-16,119.7,119.7,119.7,119.7,0
2021-03-17,122.48,122.48,122.48,122.48,0
2021-03-18,120.54,120.54,120.54,120.54,0
2021-03-19,125.57,125.57,125.57,125.57,0
2021-03-22,120.57,120.57,120.57,120.57,0
2021-03-23,122.11,122.11,122.11,122.11,0
2021-03-24,122.9,122.9,122.9,122.9,0
2021-03-25,119.87,119.87,119.87,119.87,0
2021-03-26,122.7,122.7,122.7,122.7,0
2021-03-29,122.69,122.69,122.69,122.69,0
2021-03-30,119.25,119.25,119.25,119.25,0
2021-03-31,115.65,115.65,115.65,115.65,0
2021-04-01,117.04,117.04,117.04,117.04,0
2021-04-02,115.01,115.01,115.01,115.01,0
2021-04-06,113.88,113.88,113.88,113.88,0
2021-04-07,112.99,112.99,112.99,112.99,0
2021-04-08,112.33,112.33,112.33,112.33,0
2021-04-09,112.2,112.2,112.2,112.2,0
2021-04-12,109.53,109.53,109.53,109.53,0
2021-04-13,112.65,112.65,112.65,112.65,0
2021-04-14,117.78,117.78,117.78,117.78,0
2021-04-15,117.96,117.96,117.96,117.96,0
2021-04-16,119.43,119.43,119.43,119.43,0
2021-04-19,119.35,119.35,119.35,119.35,0
2021-04-20,118.27,118.27,118.27,118.27,0
2021-04-21,119.2,119.2,119.2,119.2,0
2021-04-22,122.25,122.25,122.25,122.25,0
2021-04-23,125.84,125.84,125.84,125.84,0
2021-04-26,132.46,132.46,132.46,132.46,0
2021-04-27,133.74,133.74,133.74,133.74,0
2021-04-28,131.65,131.65,131.65,131.65,0
2021-04-29,132.22,132.22,132.22,132.22,0
2021-04-30,134.73,134.73,134.73,134.73,0
2021-05-03,138.95,138.95,138.95,138.95,0
2021-05-04,140.74,140.74,140.74,140.74,0
2021-05-05,135.43,135.43,135.43,135.43,0
2021-05-06,127.47,127.47,127.47,127.47,0
2021-05-07,126.31,126.31,126.31,126.31,0
2021-05-10,120.63,120.63,120.63,120.63,0
2021-05-11,121.99,121.99,121.99,121.99,0
2021-05-14,124.37,124.37,124.37,124.37,0
2021-05-17,125.16,125.16,125.16,125.16,0
2021-05-18,129.31,129.31,129.31,129.31,0
2021-05-19,129.11,129.11,129.11,129.11,0
2021-05-20,130.71,130.71,130.71,130.71,0
2021-05-21,135.4,135.4,135.4,135.4,0
2021-05-25,134.41,134.41,134.41,134.41,0
2021-05-26,132.37,132.37,132.37,132.37,0
2021-05-27,133.75,133.75,133.75,133.75,0
2021-05-28,134.56,134.56,134.56,134.56,0
2021-05-31,135.98,135.98,135.98,135.98,0
2021-06-01,137.28,137.28,137.28,137.28,0
2021-06-02,138.83,138.83,138.83,138.83,0
2021-06-03,141.18,141.18,141.18,141.18,0
2021-06-04,141.48,141.48,141.48,141.48,0
2021-06-07,142.47,142.47,142.47,142.47,0
2021-06-08,140.95,140.95,140.95,140.95,0
2021-06-09,143.94,143.94,143.94,143.94,0
2021-06-10,147.85,147.85,147.85,147.85,0
2021-06-11,151.19,151.19,151.19,151.19,0
2021-06-14,151.04,151.04,151.04,151.04,0
2021-06-15,148.1,148.1,148.1,148.1,0
2021-06-16,148.83,148.83,148.83,148.83,0
2021-06-17,149.64,149.64,149.64,149.64,0
2021-06-18,149.84,149.84,149.84,149.84,0
2021-06-21,150.04,150.04,150.04,150.04,0
2021-06-22,151.26,151.26,151.26,151.26,0
2021-06-23,151.4,151.4,151.4,151.4,0
2021-06-24,151.53,151.53,151.53,151.53,0
2021-06-25,151.62,151.62,151.62,151.62,0
2021-06-28,151.1,151.1,151.1,151.1,0
2021-06-29,151.81,151.81,151.81,151.81,0
2021-06-30,151.99,151.99,151.99,151.99,0
2021-07-01,153.11,153.11,153.11,153.11,0
2021-07-02,150.74,150.74,150.74,150.74,0
2021-07-05,151.55,151.55,151.55,151.55,0
2021-07-06,151.36,151.36,151.36,151.36,0
2021-07-07,150.84,150.84,150.84,150.84,0
2021-07-08,152.85,152.85,152.85,152.85,0
2021-07-09,150.83,150.83,150.83,150.83,0
2021-07-12,151.96,151.96,151.96,151.96,0
2021-07-13,155.95,155.95,155.95,155.95,0
2021-07-14,154.36,154.36,154.36,154.36,0
2021-07-15,160.96,160.96,160.96,160.96,0
2021-07-16,160.28,160.28,160.28,160.28,0
2021-07-19,162.79,162.79,162.79,162.79,0
2021-07-21,160.75,160.75,160.75,160.75,0
2021-07-22,163.16,163.16,163.16,163.16,0
2021-07-23,165.62,165.62,165.62,165.62,0
2021-07-26,166.47,166.47,166.47,166.47,0
2021-07-27,166.62,166.62,166.62,166.62,0
2021-07-28,167.54,167.54,167.54,167.54,0
2021-07-29,169.41,169.41,169.41,169.41,0
2021-07-30,171.15,171.15,171.15,171.15,0
2021-08-02,173.9,173.9,173.9,173.9,0
2021-08-03,174.87,174.87,174.87,174.87,0
2021-08-04,173.54,173.54,173.54,173.54,0
2021-08-05,173.89,173.89,173.89,173.89,0
2021-08-06,173.5,173.5,173.5,173.5,0
2021-08-09,172.73,172.73,172.73,172.73,0
2021-08-10,172.64,172.64,172.64,172.64,0
2021-08-11,172.47,172.47,172.47,172.47,0
2021-08-12,173.46,173.46,173.46,173.46,0
2021-08-13,175.58,175.58,175.58,175.58,0
2021-08-16,173.81,173.81,173.81,173.81,0
2021-08-17,176.65,176.65,176.65,176.65,0
2021-08-18,176.28,176.28,176.28,176.28,0
2021-08-19,177.01,177.01,177.01,177.01,0
2021-08-20,175.08,175.08,175.08,175.08,0
2021-08-23,174.79,174.79,174.79,174.79,0
2021-08-24,182.02,182.02,182.02,182.02,0
2021-08-25,179.02,179.02,179.02,179.02,0
2021-08-26,187.65,187.65,187.65,187.65,0
2021-08-27,190.57,190.57,190.57,190.57,0
2021-08-30,190.46,190.46,190.46,190.46,0
2021-08-31,192.9,192.9,192.9,192.9,0
2021-09-01,196.73,196.73,196.73,196.73,0
2021-09-02,193.69,193.69,193.69,193.69,0
2021-09-03,195.44,195.44,195.44,195.44,0
2021-09-06,193.46,193.46,193.46,193.46,0
2021-09-07,191,191,191,191,0
2021-09-08,191.76,191.76,191.76,191.76,0
2021-09-09,191.02,191.02,191.02,191.02,0
2021-09-10,196.05,196.05,196.05,196.05,0
2021-09-13,196.41,196.41,196.41,196.41,0
2021-09-14,195.79,195.79,195.79,195.79,0
2021-09-15,199.83,199.83,199.83,199.83,0
2021-09-16,198.08,198.08,198.08,198.08,0
2021-09-17,199.04,199.04,199.04,199.04,0
2021-09-20,196.2,196.2,196.2,196.2,0
2021-09-21,196.97,196.97,196.97,196.97,0
2021-09-22,197.26,197.26,197.26,197.26,0
2021-09-23,204.2,204.2,204.2,204.2,0
2021-09-24,211.51,211.51,211.51,211.51,0
2021-09-27,216.3,216.3,216.3,216.3,0
2021-09-28,213.07,213.07,213.07,213.07,0
2021-09-29,215.45,215.45,215.45,215.45,0
2021-09-30,216.41,216.41,216.41,216.41,0
2021-10-01,225.5,225.5,225.5,225.5,0
2021-10-04,233.03,233.03,233.03,233.03,0
2021-10-05,232.35,232.35,232.35,232.35,0
2021-10-06,238.28,238.28,238.28,238.28,0
2021-10-07,230.27,230.27,230.27,230.27,0
2021-10-08,229.48,229.48,229.48,229.48,0
2021-10-11,231.12,231.12,231.12,231.12,0
2021-10-12,231.46,231.46,231.46,231.46,0
2021-10-13,231.42,231.42,231.42,231.42,0
2021-10-14,239.35,239.35,239.35,239.35,0
2021-10-15,239.62,239.62,239.62,239.62,0
2021-10-19,232.74,232.74,232.74,232.74,0
2021-10-20,236.72,236.72,236.72,236.72,0
2021-10-21,246.84,246.84,246.84,246.84,0
2021-10-22,251.27,251.27,251.27,251.27,0
2021-10-25,252.46,252.46,252.46,252.46,0
2021-10-26,259.08,259.08,259.08,259.08,0
2021-10-27,257.6,257.6,257.6,257.6,0
2021-10-28,253.76,253.76,253.76,253.76,0
2021-10-29,251.07,251.07,251.07,251.07,0
2021-11-03,255.93,255.93,255.93,255.93,0
2021-11-04,252.15,252.15,252.15,252.15,0
2021-11-05,246.59,246.59,246.59,246.59,0
2021-11-08,248.96,248.96,248.96,248.96,0
2021-11-09,244.18,244.18,244.18,244.18,0
2021-11-10,245.62,245.62,245.62,245.62,0
2021-11-11,241.44,241.44,241.44,241.44,0
2021-11-12,241.95,241.95,241.95,241.95,0
2021-11-16,242.19,242.19,242.19,242.19,0
2021-11-17,240.86,240.86,240.86,240.86,0
2021-11-18,242.87,242.87,242.87,242.87,0
2021-11-19,243.09,243.09,243.09,243.09,0
2021-11-22,242.07,242.07,242.07,242.07,0
2021-11-23,243.38,243.38,243.38,243.38,0
2021-11-24,242.56,242.56,242.56,242.56,0
2021-11-25,239.48,239.48,239.48,239.48,0
2021-11-26,244.32,244.32,244.32,244.32,0
2021-11-29,247.95,247.95,247.95,247.95,0
2021-11-30,248.36,248.36,248.36,248.36,0
2021-12-01,249.12,249.12,249.12,249.12,0
2021-12-02,250.05,250.05,250.05,250.05,0
2021-12-03,243.92,243.92,243.92,243.92,0
2021-12-06,243.07,243.07,243.07,243.07,0
2021-12-07,239.08,239.08,239.08,239.08,0
2021-12-08,239.64,239.64,239.64,239.64,0
2021-12-09,238.03,238.03,238.03,238.03,0
2021-12-10,239.07,239.07,239.07,239.07,0
2021-12-13,232.63,232.63,232.63,232.63,0
2021-12-14,239.07,239.07,239.07,239.07,0
2021-12-15,242,242,242,242,0
2021-12-16,239.63,239.63,239.63,239.63,0
2021-12-17,237.3,237.3,237.3,237.3,0
2021-12-20,236.84,236.84,236.84,236.84,0
2021-12-21,234.19,234.19,234.19,234.19,0
2021-12-22,240.52,240.52,240.52,240.52,0
2021-12-23,241.43,241.43,241.43,241.43,0
2021-12-24,240.98,240.98,240.98,240.98,0
2021-12-27,241.86,241.86,241.86,241.86,0
2021-12-28,247.1,247.1,247.1,247.1,0
2021-12-29,244.17,244.17,244.17,244.17,0
2021-12-30,242.23,242.23,242.23,242.23,0
2021-12-31,243.31,243.31,243.31,243.31,0
2022-01-03,242.73,242.73,242.73,242.73,0
2022-01-04,237.75,237.75,237.75,237.75,0
2022-01-05,240.63,240.63,240.63,240.63,0
2022-01-06,240.48,240.48,240.48,240.48,0
2022-01-07,241.35,241.35,241.35,241.35,0
2022-01-10,241.2,241.2,241.2,241.2,0
2022-01-11,241.38,241.38,241.38,241.38,0
2022-01-12,238.93,238.93,238.93,238.93,0
2022-01-13,241.87,241.87,241.87,241.87,0
2022-01-14,241.81,241.81,241.81,241.81,0
2022-01-17,242.63,242.63,242.63,242.63,0
2022-01-18,242.63,242.63,242.63,242.63,0
2022-01-19,242.57,242.57,242.57,242.57,0
2022-01-20,242.66,242.66,242.66,242.66,0
2022-01-21,245.43,245.43,245.43,245.43,0
2022-01-24,241.8,241.8,241.8,241.8,0
2022-01-25,237.9,237.9,237.9,237.9,0
2022-01-26,239.96,239.96,239.96,239.96,0
2022-01-27,241.76,241.76,241.76,241.76,0
2022-01-28,245.19,245.19,245.19,245.19,0
2022-01-31,242.15,242.15,242.15,242.15,0
2022-02-01,242.91,242.91,242.91,242.91,0
2022-02-02,243.5,243.5,243.5,243.5,0
2022-02-03,243.52,243.52,243.52,243.52,0
2022-02-04,243.69,243.69,243.69,243.69,0
2022-02-07,242.04,242.04,242.04,242.04,0
2022-02-08,245.5,245.5,245.5,245.5,0
2022-02-09,246.37,246.37,246.37,246.37,0
2022-02-10,248.77,248.77,248.77,248.77,0
2022-02-11,250.65,250.65,250.65,250.65,0
2022-02-14,251.37,251.37,251.37,251.37,0
2022-02-15,254.95,254.95,254.95,254.95,0
2022-02-16,262.75,262.75,262.75,262.75,0
2022-02-17,271.96,271.96,271.96,271.96,0
2022-02-18,273.35,273.35,273.35,273.35,0
2022-02-21,275.35,275.35,275.35,275.35,0
2022-02-22,274.96,274.96,274.96,274.96,0
2022-02-23,268.72,268.72,268.72,268.72,0
2022-02-24,271.76,271.76,271.76,271.76,0
2022-02-25,271.46,271.46,271.46,271.46,0
2022-02-28,271.32,271.32,271.32,271.32,0
2022-03-01,272.29,272.29,272.29,272.29,0
2022-03-02,273.45,273.45,273.45,273.45,0
2022-03-03,276.93,276.93,276.93,276.93,0
2022-03-04,278.44,278.44,278.44,278.44,0
2022-03-07,277.85,277.85,277.85,277.85,0
2022-03-08,281.19,281.19,281.19,281.19,0
2022-03-09,282.67,282.67,282.67,282.67,0
2022-03-10,281.66,281.66,281.66,281.66,0
2022-03-11,280.9,280.9,280.9,280.9,0
2022-03-14,281.21,281.21,281.21,281.21,0
2022-03-15,275.16,275.16,275.16,275.16,0
2022-03-16,281.38,281.38,281.38,281.38,0
2022-03-17,280.69,280.69,280.69,280.69,0
2022-03-18,281.5,281.5,281.5,281.5,0
2022-03-21,279.85,279.85,279.85,279.85,0
2022-03-22,279.36,279.36,279.36,279.36,0
2022-03-23,284.88,284.88,284.88,284.88,0
2022-03-24,284.65,284.65,284.65,284.65,0
2022-03-25,286.93,286.93,286.93,286.93,0
2022-03-28,288.96,288.96,288.96,288.96,0
2022-03-29,288.15,288.15,288.15,288.15,0
2022-03-30,286.44,286.44,286.44,286.44,0
2022-03-31,284.69,284.69,284.69,284.69,0
2022-04-01,284.03,284.03,284.03,284.03,0
2022-04-04,277.74,277.74,277.74,277.74,0
2022-04-05,285.75,285.75,285.75,285.75,0
2022-04-06,284.95,284.95,284.95,284.95,0
2022-04-07,285.89,285.89,285.89,285.89,0
2022-04-08,285.96,285.96,285.96,285.96,0
2022-04-11,282.16,282.16,282.16,282.16,0
2022-04-12,283.9,283.9,283.9,283.9,0
2022-04-13,286.08,286.08,286.08,286.08,0
2022-04-14,284.87,284.87,284.87,284.87,0
2022-04-15,284.5,284.5,284.5,284.5,0
2022-04-19,286.26,286.26,286.26,286.26,0
2022-04-20,287.5,287.5,287.5,287.5,0
2022-04-21,289.14,289.14,289.14,289.14,0
2022-04-22,290.17,290.17,290.17,290.17,0
2022-04-25,294.05,294.05,294.05,294.05,0
2022-04-26,296.42,296.42,296.42,296.42,0
2022-04-27,304.38,304.38,304.38,304.38,0
2022-04-29,312.09,312.09,312.09,312.09,0
2022-05-03,323.27,323.27,323.27,323.27,0
2022-05-04,324.75,324.75,324.75,324.75,0
2022-05-05,325.57,325.57,325.57,325.57,0
2022-05-06,325.23,325.23,325.23,325.23,0
2022-05-09,325.6,325.6,325.6,325.6,0
2022-05-10,323.66,323.66,323.66,323.66,0
2022-05-11,330.43,330.43,330.43,330.43,0
2022-05-12,335.34,335.34,335.34,335.34,0
2022-05-13,343.21,343.21,343.21,343.21,0
2022-05-16,349.65,349.65,349.65,349.65,0
2022-05-17,345.15,345.15,345.15,345.15,0
2022-05-18,339.88,339.88,339.88,339.88,0
2022-05-19,338.83,338.83,338.83,338.83,0
2022-05-20,337.83,337.83,337.83,337.83,0
2022-05-23,336.64,336.64,336.64,336.64,0
2022-05-24,329.19,329.19,329.19,329.19,0
2022-05-25,328.6,328.6,328.6,328.6,0
2022-05-27,335.68,335.68,335.68,335.68,0
2022-05-30,336.22,336.22,336.22,336.22,0
2022-05-31,337.74,337.74,337.74,337.74,0
2022-06-01,336.2,336.2,336.2,336.2,0
2022-06-02,336.99,336.99,336.99,336.99,0
2022-06-03,335.99,335.99,335.99,335.99,0
2022-06-07,333.96,333.96,333.96,333.96,0
2022-06-08,334.77,334.77,334.77,334.77,0
2022-06-09,335.16,335.16,335.16,335.16,0
2022-06-10,335.82,335.82,335.82,335.82,0
2022-06-13,338.87,338.87,338.87,338.87,0
2022-06-14,337.49,337.49,337.49,337.49,0
2022-06-15,340.42,340.42,340.42,340.42,0
2022-06-16,343.73,343.73,343.73,343.73,0
2022-06-17,345.9,345.9,345.9,345.9,0
2022-06-20,344.71,344.71,344.71,344.71,0
2022-06-21,345.83,345.83,345.83,345.83,0
2022-06-22,345.47,345.47,345.47,345.47,0
2022-06-23,342.26,342.26,342.26,342.26,0
2022-06-24,340.67,340.67,340.67,340.67,0
2022-06-27,339.39,339.39,339.39,339.39,0
2022-06-28,341.54,341.54,341.54,341.54,0
2022-06-29,339.71,339.71,339.71,339.71,0
2022-06-30,341.24,341.24,341.24,341.24,0
2022-07-01,341.62,341.62,341.62,341.62,0
2022-07-04,340.36,340.36,340.36,340.36,0
2022-07-05,341.13,341.13,341.13,341.13,0
2022-07-06,335.98,335.98,335.98,335.98,0
2022-07-07,336.43,336.43,336.43,336.43,0
2022-07-08,335.59,335.59,335.59,335.59,0
2022-07-11,336.62,336.62,336.62,336.62,0
2022-07-12,335.14,335.14,335.14,335.14,0
2022-07-13,337.45,337.45,337.45,337.45,0
2022-07-14,336.15,336.15,336.15,336.15,0
2022-07-15,337.68,337.68,337.68,337.68,0
2022-07-18,338.02,338.02,338.02,338.02,0
2022-07-19,334.56,334.56,334.56,334.56,0
2022-07-20,334.88,334.88,334.88,334.88,0
2022-07-21,334.14,334.14,334.14,334.14,0
2022-07-22,330.74,330.74,330.74,330.74,0
2022-07-25,328.88,328.88,328.88,328.88,0
2022-07-26,330.62,330.62,330.62,330.62,0
2022-07-27,331.1,331.1,331.1,331.1,0
2022-07-28,327.57,327.57,327.57,327.57,0
2022-07-29,330.09,330.09,330.09,330.09,0
2022-08-01,326.59,326.59,326.59,326.59,0
2022-08-02,331.13,331.13,331.13,331.13,0
2022-08-03,326.91,326.91,326.91,326.91,0
2022-08-03,326.91,326.91,326.91,326.91,0
2022-08-04,324.88,324.88,324.88,324.88,0
2022-08-05,324.93,324.93,324.93,324.93,0
2022-08-09,321.52,321.52,321.52,321.52,0
2022-08-10,322.3,322.3,322.3,322.3,0
2022-08-11,322.66,322.66,322.66,322.66,0
2022-08-12,324.99,324.99,324.99,324.99,0
2022-08-16,321.71,321.71,321.71,321.71,0
2022-08-17,318.38,318.38,318.38,318.38,0
2022-08-18,320.78,320.78,320.78,320.78,0
2022-08-19,320.35,320.35,320.35,320.35,0
2022-08-22,320.22,320.22,320.22,320.22,0
2022-08-23,321.79,321.79,321.79,321.79,0
2022-08-24,321.7,321.7,321.7,321.7,0
2022-08-25,322.82,322.82,322.82,322.82,0
2022-08-26,321.97,321.97,321.97,321.97,0
2022-08-29,316.34,316.34,316.34,316.34,0
2022-08-30,312.09,312.09,312.09,312.09,0
2022-08-31,311.58,311.58,311.58,311.58,0
2022-09-01,308.63,308.63,308.63,308.63,0
2022-09-02,305.04,305.04,305.04,305.04,0
2022-09-05,303.6,303.6,303.6,303.6,0
2022-09-06,301.96,301.96,301.96,301.96,0
2022-09-07,302.54,302.54,302.54,302.54,0
2022-09-08,303.3,303.3,303.3,303.3,0
2022-09-09,302.12,302.12,302.12,302.12,0
2022-09-12,299.64,299.64,299.64,299.64,0
2022-09-13,300.06,300.06,300.06,300.06,0
2022-09-14,304.55,304.55,304.55,304.55,0
2022-09-15,303.38,303.38,303.38,303.38,0
2022-09-16,305.02,305.02,305.02,305.02,0
2022-09-19,306.4,306.4,306.4,306.4,0
2022-09-20,306.46,306.46,306.46,306.46,0
2022-09-21,301.47,301.47,301.47,301.47,0
2022-09-22,301.46,301.46,301.46,301.46,0
2022-09-23,299.59,299.59,299.59,299.59,0
2022-09-26,298.82,298.82,298.82,298.82,0
2022-09-27,295.71,295.71,295.71,295.71,0
2022-09-28,300.05,300.05,300.05,300.05,0
2022-09-29,312.09,312.09,312.09,312.09,0
2022-09-30,314.85,314.85,314.85,314.85,0
2022-10-03,303.68,303.68,303.68,303.68,0
2022-10-04,294.48,294.48,294.48,294.48,0
2022-10-05,297.43,297.43,297.43,297.43,0
2022-10-06,296.06,296.06,296.06,296.06,0
2022-10-07,290.67,290.67,290.67,290.67,0
2022-10-10,291.77,291.77,291.77,291.77,0
2022-10-11,290.01,290.01,290.01,290.01,0
2022-10-12,288.81,288.81,288.81,288.81,0
2022-10-13,286.87,286.87,286.87,286.87,0
2022-10-14,284.65,284.65,284.65,284.65,0
2022-10-17,279.89,279.89,279.89,279.89,0
2022-10-18,283.5,283.5,283.5,283.5,0
2022-10-19,290.18,290.18,290.18,290.18,0
2022-10-20,300.47,300.47,300.47,300.47,0
2022-10-21,301.09,301.09,301.09,301.09,0
2022-10-24,301.53,301.53,301.53,301.53,0
2022-10-25,299.14,299.14,299.14,299.14,0
2022-10-26,294.22,294.22,294.22,294.22,0
2022-10-27,299.22,299.22,299.22,299.22,0
2022-10-28,299.48,299.48,299.48,299.48,0
2022-10-31,305.57,305.57,305.57,305.57,0
2022-11-02,301.55,301.55,301.55,301.55,0
2022-11-03,301.82,301.82,301.82,301.82,0
2022-11-04,296.25,296.25,296.25,296.25,0
2022-11-07,296.73,296.73,296.73,296.73,0
2022-11-08,294.13,294.13,294.13,294.13,0
2022-11-09,289.95,289.95,289.95,289.95,0
2022-11-10,289.48,289.48,289.48,289.48,0
2022-11-11,285.46,285.46,285.46,285.46,0
2022-11-14,278.51,278.51,278.51,278.51,0
2022-11-16,279.84,279.84,279.84,279.84,0
2022-11-17,280.66,280.66,280.66,280.66,0
2022-11-18,281.48,281.48,281.48,281.48,0
2022-11-21,284.83,284.83,284.83,284.83,0
2022-11-22,287.83,287.83,287.83,287.83,0
2022-11-23,286.97,286.97,286.97,286.97,0
2022-11-24,287.32,287.32,287.32,287.32,0
2022-11-25,286.62,286.62,286.62,286.62,0
2022-11-28,285.22,285.22,285.22,285.22,0
2022-11-29,286.29,286.29,286.29,286.29,0
2022-11-30,282.36,282.36,282.36,282.36,0
2022-12-01,281.99,281.99,281.99,281.99,0
2022-12-02,281.48,281.48,281.48,281.48,0
2022-12-05,280.76,280.76,280.76,280.76,0
2022-12-06,283.02,283.02,283.02,283.02,0
2022-12-07,283.82,283.82,283.82,283.82,0
2022-12-08,283.87,283.87,283.87,283.87,0
2022-12-09,283.56,283.56,283.56,283.56,0
2022-12-12,294.86,294.86,294.86,294.86,0
2022-12-13,294.33,294.33,294.33,294.33,0
2022-12-14,296.19,296.19,296.19,296.19,0
2022-12-15,296.55,296.55,296.55,296.55,0
2022-12-16,297.46,297.46,297.46,297.46,0
2022-12-19,296.61,296.61,296.61,296.61,0
2022-12-20,296.22,296.22,296.22,296.22,0
2022-12-21,291.29,291.29,291.29,291.29,0
2022-12-22,293.35,293.35,293.35,293.35,0
2022-12-23,293.14,293.14,293.14,293.14,0
2022-12-27,292.22,292.22,292.22,292.22,0
2022-12-28,284.51,284.51,284.51,284.51,0
2022-12-29,285.43,285.43,285.43,285.43,0
2022-12-30,283.56,283.56,283.56,283.56,0
2023-01-02,282.87,282.87,282.87,282.87,0
2023-01-03,281.01,281.01,281.01,281.01,0
2023-01-04,274.69,274.69,274.69,274.69,0
2023-01-05,279.04,279.04,279.04,279.04,0
2023-01-06,269.26,269.26,269.26,269.26,0
2023-01-09,275.64,275.64,275.64,275.64,0
2023-01-10,276.21,276.21,276.21,276.21,0
2023-01-11,276.14,276.14,276.14,276.14,0
2023-01-12,275.4,275.4,275.4,275.4,0
2023-01-13,275.06,275.06,275.06,275.06,0
2023-01-16,272.9,272.9,272.9,272.9,0
2023-01-17,272.51,272.51,272.51,272.51,0
2023-01-18,270.66,270.66,270.66,270.66,0
2023-01-19,280.94,280.94,280.94,280.94,0
2023-01-20,280.78,280.78,280.78,280.78,0
2023-01-23,287.58,287.58,287.58,287.58,0
2023-01-24,282.22,282.22,282.22,282.22,0
2023-01-25,279.25,279.25,279.25,279.25,0
2023-01-26,281.31,281.31,281.31,281.31,0
2023-01-27,275.48,275.48,275.48,275.48,0
2023-01-30,284.85,284.85,284.85,284.85,0
2023-01-31,288.31,288.31,288.31,288.31,0
2023-02-01,287.7,287.7,287.7,287.7,0
2023-02-02,287.01,287.01,287.01,287.01,0
2023-02-03,286.24,286.24,286.24,286.24,0
2023-02-06,285.69,285.69,285.69,285.69,0
2023-02-07,286.78,286.78,286.78,286.78,0
2023-02-08,286.1,286.1,286.1,286.1,0
2023-02-09,286.86,286.86,286.86,286.86,0
2023-02-10,288.73,288.73,288.73,288.73,0
2023-02-13,292.66,292.66,292.66,292.66,0
2023-02-14,294.34,294.34,294.34,294.34,0
2023-02-15,294.36,294.36,294.36,294.36,0
2023-02-16,296.61,296.61,296.61,296.61,0
2023-02-17,294.52,294.52,294.52,294.52,0
2023-02-20,294.53,294.53,294.53,294.53,0
2023-02-21,294.22,294.22,294.22,294.22,0
2023-02-22,293.95,293.95,293.95,293.95,0
2023-02-23,294,294,294,294,0
2023-02-24,295.38,295.38,295.38,295.38,0
2023-02-27,294.25,294.25,294.25,294.25,0
2023-02-28,287.57,287.57,287.57,287.57,0
2023-03-01,287.04,287.04,287.04,287.04,0
2023-03-02,292.27,292.27,292.27,292.27,0
2023-03-03,292.99,292.99,292.99,292.99,0
2023-03-06,293.05,293.05,293.05,293.05,0
2023-03-07,292.77,292.77,292.77,292.77,0
2023-03-08,292.59,292.59,292.59,292.59,0
2023-03-09,292.08,292.08,292.08,292.08,0
2023-03-10,289.58,289.58,289.58,289.58,0
2023-03-13,289.18,289.18,289.18,289.18,0
2023-03-14,293.35,293.35,293.35,293.35,0
2023-03-15,289.89,289.89,289.89,289.89,0
2023-03-16,288.82,288.82,288.82,288.82,0
2023-03-17,287.47,287.47,287.47,287.47,0
2023-03-20,287.04,287.04,287.04,287.04,0
2023-03-21,286.82,286.82,286.82,286.82,0
2023-03-22,286.19,286.19,286.19,286.19,0
2023-03-23,286.67,286.67,286.67,286.67,0
2023-03-24,286.08,286.08,286.08,286.08,0
2023-03-27,285.7,285.7,285.7,285.7,0
2023-03-28,282.62,282.62,282.62,282.62,0
2023-03-29,289.87,289.87,289.87,289.87,0
2023-03-30,287.26,287.26,287.26,287.26,0
2023-03-31,284.29,284.29,284.29,284.29,0
2023-04-03,285.44,285.44,285.44,285.44,0
2023-04-04,285.5,285.5,285.5,285.5,0
2023-04-05,281.76,281.76,281.76,281.76,0
2023-04-06,283.95,283.95,283.95,283.95,0
2023-04-07,282.61,282.61,282.61,282.61,0
2023-04-11,282.78,282.78,282.78,282.78,0
2023-04-12,281.29,281.29,281.29,281.29,0
2023-04-13,279.71,279.71,279.71,279.71,0
2023-04-14,281.22,281.22,281.22,281.22,0
2023-04-17,279.66,279.66,279.66,279.66,0
2023-04-19,276.84,276.84,276.84,276.84,0
2023-04-20,277.18,277.18,277.18,277.18,0
2023-04-24,275.54,275.54,275.54,275.54,0
2023-04-25,276.99,276.99,276.99,276.99,0
2023-04-26,269.46,269.46,269.46,269.46,0
2023-04-27,262.78,262.78,262.78,262.78,0
2023-04-28,262.13,262.13,262.13,262.13,0
2023-05-02,264.54,264.54,264.54,264.54,0
2023-05-03,265.31,265.31,265.31,265.31,0
2023-05-04,265.17,265.17,265.17,265.17,0
2023-05-05,264.17,264.17,264.17,264.17,0
2023-05-08,263.37,263.37,263.37,263.37,0
2023-05-09,260.09,260.09,260.09,260.09,0
2023-05-10,253.34,253.34,253.34,253.34,0
2023-05-11,251.77,251.77,251.77,251.77,0
2023-05-12,249.87,249.87,249.87,249.87,0
2023-05-15,248.05,248.05,248.05,248.05,0
2023-05-16,249.72,249.72,249.72,249.72,0
2023-05-17,248.9,248.9,248.9,248.9,0
2023-05-19,248.3,248.3,248.3,248.3,0
2023-05-22,246.72,246.72,246.72,246.72,0
2023-05-23,245.93,245.93,245.93,245.93,0
2023-05-24,247.41,247.41,247.41,247.41,0
2023-05-25,246.94,246.94,246.94,246.94,0
2023-05-26,246.56,246.56,246.56,246.56,0
2023-05-30,246.3,246.3,246.3,246.3,0
2023-05-31,241.55,241.55,241.55,241.55,0
2023-06-01,242.08,242.08,242.08,242.08,0
2023-06-02,239.22,239.22,239.22,239.22,0
2023-06-05,235.83,235.83,235.83,235.83,0
2023-06-06,235.07,235.07,235.07,235.07,0
2023-06-07,231.97,231.97,231.97,231.97,0
2023-06-08,234.24,234.24,234.24,234.24,0
2023-06-09,231.12,231.12,231.12,231.12,0
2023-06-12,230.74,230.74,230.74,230.74,0
2023-06-13,231.13,231.13,231.13,231.13,0
2023-06-14,230.29,230.29,230.29,230.29,0
2023-06-15,228.76,228.76,228.76,228.76,0
2023-06-16,229.38,229.38,229.38,229.38,0
2023-06-19,230.74,230.74,230.74,230.74,0
2023-06-20,227.95,227.95,227.95,227.95,0
2023-06-21,227.82,227.82,227.82,227.82,0
2023-06-22,227.83,227.83,227.83,227.83,0
2023-06-23,226.31,226.31,226.31,226.31,0
2023-06-26,227.76,227.76,227.76,227.76,0
2023-06-27,227.67,227.67,227.67,227.67,0
2023-06-29,231.84,231.84,231.84,231.84,0
2023-06-30,238.38,238.38,238.38,238.38,0
2023-07-03,234.25,234.25,234.25,234.25,0
2023-07-04,233.43,233.43,233.43,233.43,0
2023-07-05,232.08,232.08,232.08,232.08,0
2023-07-06,230.89,230.89,230.89,230.89,0
2023-07-07,231.06,231.06,231.06,231.06,0
2023-07-10,230.16,230.16,230.16,230.16,0
2023-07-11,229.48,229.48,229.48,229.48,0
2023-07-12,220.74,220.74,220.74,220.74,0
2023-07-13,216.75,216.75,216.75,216.75,0
2023-07-14,221.44,221.44,221.44,221.44,0
2023-07-17,211.24,211.24,211.24,211.24,0
2023-07-18,209.56,209.56,209.56,209.56,0
2023-07-19,204.78,204.78,204.78,204.78,0
2023-07-20,206.69,206.69,206.69,206.69,0
2023-07-21,206.14,206.14,206.14,206.14,0
2023-07-24,204.75,204.75,204.75,204.75,0
2023-07-25,204.07,204.07,204.07,204.07,0
2023-07-26,202.64,202.64,202.64,202.64,0
2023-07-27,200.81,200.81,200.81,200.81,0
2023-07-28,199.76,199.76,199.76,199.76,0
2023-07-31,200.51,200.51,200.51,200.51,0
2023-08-01,198.61,198.61,198.61,198.61,0
2023-08-02,195.27,195.27,195.27,195.27,0
2023-08-03,198.14,198.14,198.14,198.14,0
2023-08-04,197.84,197.84,197.84,197.84,0
2023-08-08,197.67,197.67,197.67,197.67,0
2023-08-09,197.79,197.79,197.79,197.79,0
2023-08-10,197.09,197.09,197.09,197.09,0
2023-08-11,196.75,196.75,196.75,196.75,0
2023-08-14,197.55,197.55,197.55,197.55,0
2023-08-16,200.83,200.83,200.83,200.83,0
2023-08-17,198.14,198.14,198.14,198.14,0
2023-08-18,196.53,196.53,196.53,196.53,0
2023-08-21,197.31,197.31,197.31,197.31,0
2023-08-22,198.96,198.96,198.96,198.96,0
2023-08-23,196.59,196.59,196.59,196.59,0
2023-08-24,197.69,197.69,197.69,197.69,0
2023-08-25,196.94,196.94,196.94,196.94,0
2023-08-28,196.75,196.75,196.75,196.75,0
2023-08-29,195.43,195.43,195.43,195.43,0
2023-08-30,196.12,196.12,196.12,196.12,0
2023-08-31,195.32,195.32,195.32,195.32,0
2023-09-01,195.25,195.25,195.25,195.25,0
2023-09-04,194.92,194.92,194.92,194.92,0
2023-09-05,195.55,195.55,195.55,195.55,0
2023-09-06,195.23,195.23,195.23,195.23,0
2023-09-07,195.54,195.54,195.54,195.54,0
2023-09-08,195.58,195.58,195.58,195.58,0
2023-09-11,194.08,194.08,194.08,194.08,0
2023-09-12,193.78,193.78,193.78,193.78,0
2023-09-13,194.88,194.88,194.88,194.88,0
2023-09-14,197.35,197.35,197.35,197.35,0
2023-09-15,195.28,195.28,195.28,195.28,0
2023-09-18,195.26,195.26,195.26,195.26,0
2023-09-19,196.1,196.1,196.1,196.1,0
2023-09-20,197.91,197.91,197.91,197.91,0
2023-09-21,197.04,197.04,197.04,197.04,0
2023-09-22,193.09,193.09,193.09,193.09,0
2023-09-25,192.44,192.44,192.44,192.44,0
2023-09-26,185.34,185.34,185.34,185.34,0
2023-09-28,188.36,188.36,188.36,188.36,0
2023-09-29,180.54,180.54,180.54,180.54,0
2023-10-02,185.28,185.28,185.28,185.28,0
2023-10-03,183.79,183.79,183.79,183.79,0
2023-10-04,178.61,178.61,178.61,178.61,0
2023-10-05,170.59,170.59,170.59,170.59,0
2023-10-06,173.06,173.06,173.06,173.06,0
2023-10-09,174.87,174.87,174.87,174.87,0
2023-10-10,176.59,176.59,176.59,176.59,0
2023-10-11,180.21,180.21,180.21,180.21,0
2023-10-12,180.64,180.64,180.64,180.64,0
2023-10-13,182.4,182.4,182.4,182.4,0
2023-10-16,181.48,181.48,181.48,181.48,0
2023-10-17,181.49,181.49,181.49,181.49,0
2023-10-18,179.61,179.61,179.61,179.61,0
2023-10-19,180.56,180.56,180.56,180.56,0
2023-10-20,179.47,179.47,179.47,179.47,0
2023-10-23,179.69,179.69,179.69,179.69,0
2023-10-24,179.36,179.36,179.36,179.36,0
2023-10-25,178.29,178.29,178.29,178.29,0
2023-10-26,177.09,177.09,177.09,177.09,0
2023-10-27,172.11,172.11,172.11,172.11,0
2023-10-30,164.83,164.83,164.83,164.83,0
2023-10-31,162.08,162.08,162.08,162.08,0
2023-11-02,160.98,160.98,160.98,160.98,0
2023-11-03,157.38,157.38,157.38,157.38,0
2023-11-06,158.4,158.4,158.4,158.4,0
2023-11-07,158.02,158.02,158.02,158.02,0
2023-11-08,156.78,156.78,156.78,156.78,0
2023-11-09,157.43,157.43,157.43,157.43,0
2023-11-10,155.01,155.01,155.01,155.01,0
2023-11-13,157.06,157.06,157.06,157.06,0
2023-11-14,156.94,156.94,156.94,156.94,0
2023-11-16,152.22,152.22,152.22,152.22,0
2023-11-17,154.67,154.67,154.67,154.67,0
2023-11-20,147.76,147.76,147.76,147.76,0
2023-11-21,150.31,150.31,150.31,150.31,0
2023-11-22,147.95,147.95,147.95,147.95,0
2023-11-23,147.67,147.67,147.67,147.67,0
2023-11-24,147.65,147.65,147.65,147.65,0
2023-11-27,147.55,147.55,147.55,147.55,0
2023-11-28,143.56,143.56,143.56,143.56,0
2023-11-29,147.15,147.15,147.15,147.15,0
2023-11-30,147.18,147.18,147.18,147.18,0
2023-12-01,146.9,146.9,146.9,146.9,0
2023-12-04,146.66,146.66,146.66,146.66,0
2023-12-05,144.86,144.86,144.86,144.86,0
2023-12-06,148.27,148.27,148.27,148.27,0
2023-12-07,143.08,143.08,143.08,143.08,0
2023-12-08,146.89,146.89,146.89,146.89,0
2023-12-11,146.63,146.63,146.63,146.63,0
2023-12-12,148.88,148.88,148.88,148.88,0
2023-12-13,151.78,151.78,151.78,151.78,0
2023-12-14,153.14,153.14,153.14,153.14,0
2023-12-15,156.36,156.36,156.36,156.36,0
2023-12-18,151.02,151.02,151.02,151.02,0
2023-12-19,159.82,159.82,159.82,159.82,0
2023-12-20,156.86,156.86,156.86,156.86,0
2023-12-21,158.28,158.28,158.28,158.28,0
2023-12-22,158.99,158.99,158.99,158.99,0
2023-12-26,158.48,158.48,158.48,158.48,0
2023-12-27,158.67,158.67,158.67,158.67,0
2023-12-28,158.25,158.25,158.25,158.25,0
2023-12-29,161.56,161.56,161.56,161.56,0
2024-01-02,162.95,162.95,162.95,162.95,0
2024-01-03,164.58,164.58,164.58,164.58,0
2024-01-04,166.04,166.04,166.04,166.04,0
2024-01-05,165.49,165.49,165.49,165.49,0
2024-01-08,164.01,164.01,164.01,164.01,0
2024-01-09,162.41,162.41,162.41,162.41,0
2024-01-10,160.92,160.92,160.92,160.92,0
2024-01-11,159.12,159.12,159.12,159.12,0
2024-01-12,162.36,162.36,162.36,162.36,0
2024-01-15,159.09,159.09,159.09,159.09,0
2024-01-16,160.67,160.67,160.67,160.67,0
2024-01-17,158.01,158.01,158.01,158.01,0
2024-01-18,159.43,159.43,159.43,159.43,0
2024-01-19,158.62,158.62,158.62,158.62,0
2024-01-22,154.49,154.49,154.49,154.49,0
2024-01-23,156.82,156.82,156.82,156.82,0
2024-01-24,157.74,157.74,157.74,157.74,0
2024-01-25,158,158,158,158,0
2024-01-26,158.05,158.05,158.05,158.05,0
2024-01-29,156.04,156.04,156.04,156.04,0
2024-01-30,157.47,157.47,157.47,157.47,0
2024-01-31,156.59,156.59,156.59,156.59,0
2024-02-01,156.99,156.99,156.99,156.99,0
2024-02-02,157.09,157.09,157.09,157.09,0
2024-02-05,157.45,157.45,157.45,157.45,0
2024-02-06,157.69,157.69,157.69,157.69,0
2024-02-07,157.25,157.25,157.25,157.25,0
2024-02-08,157.76,157.76,157.76,157.76,0
2024-02-09,158.18,158.18,158.18,158.18,0
2024-02-13,157.35,157.35,157.35,157.35,0
2024-02-14,157.38,157.38,157.38,157.38,0
2024-02-15,159.38,159.38,159.38,159.38,0
2024-02-16,159.52,159.52,159.52,159.52,0
2024-02-19,159.06,159.06,159.06,159.06,0
2024-02-20,159.04,159.04,159.04,159.04,0
2024-02-21,158.88,158.88,158.88,158.88,0
2024-02-22,158.95,158.95,158.95,158.95,0
2024-02-23,160.16,160.16,160.16,160.16,0
2024-02-26,158.72,158.72,158.72,158.72,0
2024-02-27,159.26,159.26,159.26,159.26,0
2024-02-28,158.97,158.97,158.97,158.97,0
2024-02-29,159.04,159.04,159.04,159.04,0
2024-03-01,158.35,158.35,158.35,158.35,0
2024-03-04,157.96,157.96,157.96,157.96,0
2024-03-05,158.39,158.39,158.39,158.39,0
2024-03-06,157.66,157.66,157.66,157.66,0
2024-03-07,159.59,159.59,159.59,159.59,0
2024-03-08,161.88,161.88,161.88,161.88,0
2024-03-11,160.35,160.35,160.35,160.35,0
2024-03-12,161.53,161.53,161.53,161.53,0
2024-03-13,161.6,161.6,161.6,161.6,0
2024-03-14,162.38,162.38,162.38,162.38,0
2024-03-15,163.42,163.42,163.42,163.42,0
2024-03-18,171.74,171.74,171.74,171.74,0
2024-03-19,175.83,175.83,175.83,175.83,0
2024-03-20,174.28,174.28,174.28,174.28,0
2024-03-21,173.58,173.58,173.58,173.58,0
2024-03-22,172.76,172.76,172.76,172.76,0
2024-03-25,173.6,173.6,173.6,173.6,0
2024-03-26,173.38,173.38,173.38,173.38,0
2024-03-27,176.46,176.46,176.46,176.46,0
2024-03-28,176.84,176.84,176.84,176.84,0
2024-03-29,177.01,177.01,177.01,177.01,0
2024-04-02,173.54,173.54,173.54,173.54,0
2024-04-03,182.25,182.25,182.25,182.25,0
2024-04-04,186.71,186.71,186.71,186.71,0
2024-04-05,176.18,176.18,176.18,176.18,0
2024-04-08,176.4,176.4,176.4,176.4,0
2024-04-09,178.57,178.57,178.57,178.57,0
2024-04-11,178.63,178.63,178.63,178.63,0
2024-04-12,173.04,173.04,173.04,173.04,0
2024-04-15,168.62,168.62,168.62,168.62,0
2024-04-16,165.68,165.68,165.68,165.68,0
2024-04-17,168.45,168.45,168.45,168.45,0
2024-04-18,165.67,165.67,165.67,165.67,0
2024-04-19,164.04,164.04,164.04,164.04,0
2024-04-22,167.34,167.34,167.34,167.34,0
2024-04-23,168.35,168.35,168.35,168.35,0
2024-04-24,166.55,166.55,166.55,166.55,0
2024-04-25,169.23,169.23,169.23,169.23,0
2024-04-26,170.74,170.74,170.74,170.74,0
2024-04-29,171.68,171.68,171.68,171.68,0
2024-04-30,171.14,171.14,171.14,171.14,0
2024-05-02,163.39,163.39,163.39,163.39,0
2024-05-03,154.74,154.74,154.74,154.74,0
2024-05-06,147.33,147.33,147.33,147.33,0
2024-05-07,150.09,150.09,150.09,150.09,0
2024-05-08,153.93,153.93,153.93,153.93,0
2024-05-10,149.91,149.91,149.91,149.91,0
2024-05-13,155.87,155.87,155.87,155.87,0
2024-05-14,154.4,154.4,154.4,154.4,0
2024-05-15,159.02,159.02,159.02,159.02,0
2024-05-16,158.53,158.53,158.53,158.53,0
2024-05-17,157.81,157.81,157.81,157.81,0
2024-05-21,157.08,157.08,157.08,157.08,0
2024-05-22,158.01,158.01,158.01,158.01,0
2024-05-23,154.24,154.24,154.24,154.24,0
2024-05-24,157.38,157.38,157.38,157.38,0
2024-05-27,154.82,154.82,154.82,154.82,0
2024-05-28,154.35,154.35,154.35,154.35,0
2024-05-29,155.18,155.18,155.18,155.18,0
2024-05-30,152.41,152.41,152.41,152.41,0
2024-05-31,153.21,153.21,153.21,153.21,0
2024-06-03,151.88,151.88,151.88,151.88,0
2024-06-04,151.72,151.72,151.72,151.72,0
2024-06-05,150.59,150.59,150.59,150.59,0
2024-06-06,153.07,153.07,153.07,153.07,0
2024-06-07,156.5,156.5,156.5,156.5,0
2024-06-10,159.34,159.34,159.34,159.34,0
2024-06-11,159.16,159.16,159.16,159.16,0
2024-06-12,156.56,156.56,156.56,156.56,0
2024-06-13,159.41,159.41,159.41,159.41,0
2024-06-14,159.98,159.98,159.98,159.98,0
2024-06-18,158.79,158.79,158.79,158.79,0
2024-06-19,158.56,158.56,158.56,158.56,0
2024-06-20,162.73,162.73,162.73,162.73,0
2024-06-21,164.66,164.66,164.66,164.66,0
2024-06-24,164.6,164.6,164.6,164.6,0
2024-06-25,166.26,166.26,166.26,166.26,0
2024-06-26,166.83,166.83,166.83,166.83,0
2024-06-27,165.93,165.93,165.93,165.93,0
2024-06-28,170.86,170.86,170.86,170.86,0
2024-07-01,167.57,167.57,167.57,167.57,0
2024-07-02,169.03,169.03,169.03,169.03,0
2024-07-03,171.66,171.66,171.66,171.66,0
2024-07-04,171.59,171.59,171.59,171.59,0
2024-07-05,173.39,173.39,173.39,173.39,0
2024-07-08,173.91,173.91,173.91,173.91,0
2024-07-09,175.48,175.48,175.48,175.48,0
2024-07-10,175.25,175.25,175.25,175.25,0
2024-07-11,175.6,175.6,175.6,175.6,0
2024-07-12,175.44,175.44,175.44,175.44,0
2024-07-15,171.59,171.59,171.59,171.59,0
2024-07-16,173.99,173.99,173.99,173.99,0
2024-07-17,173.84,173.84,173.84,173.84,0
2024-07-18,173.37,173.37,173.37,173.37,0
2024-07-19,173.11,173.11,173.11,173.11,0
2024-07-22,172.45,172.45,172.45,172.45,0
2024-07-23,172.62,172.62,172.62,172.62,0
2024-07-24,171.67,171.67,171.67,171.67,0
2024-07-25,171.25,171.25,171.25,171.25,0
2024-07-26,173.09,173.09,173.09,173.09,0
2024-07-29,171.07,171.07,171.07,171.07,0
2024-07-30,171.34,171.34,171.34,171.34,0
2024-07-31,168.71,168.71,168.71,168.71,0
2024-08-01,171.56,171.56,171.56,171.56,0
2024-08-02,168.09,168.09,168.09,168.09,0
2024-08-05,168.45,168.45,168.45,168.45,0
2024-08-06,167.4,167.4,167.4,167.4,0
2024-08-08,164.81,164.81,164.81,164.81,0
2024-08-09,163.55,163.55,163.55,163.55,0
2024-08-12,166.83,166.83,166.83,166.83,0
2024-08-13,162.87,162.87,162.87,162.87,0
2024-08-14,162.37,162.37,162.37,162.37,0
2024-08-16,161.07,161.07,161.07,161.07,0
2024-08-19,161.45,161.45,161.45,161.45,0
2024-08-20,164.89,164.89,164.89,164.89,0
2024-08-21,165.06,165.06,165.06,165.06,0
2024-08-22,164.9,164.9,164.9,164.9,0
2024-08-23,164.17,164.17,164.17,164.17,0
2024-08-26,165.96,165.96,165.96,165.96,0
2024-08-27,165.62,165.62,165.62,165.62,0
2024-08-28,169.05,169.05,169.05,169.05,0
2024-08-29,164.43,164.43,164.43,164.43,0
2024-08-30,168.76,168.76,168.76,168.76,0
2024-09-02,167.51,167.51,167.51,167.51,0
2024-09-03,169.94,169.94,169.94,169.94,0
2024-09-04,172.48,172.48,172.48,172.48,0
2024-09-05,173.31,173.31,173.31,173.31,0
2024-09-06,173.43,173.43,173.43,173.43,0
2024-09-09,170.57,170.57,170.57,170.57,0
2024-09-10,171.34,171.34,171.34,171.34,0
2024-09-11,168.2,168.2,168.2,168.2,0
2024-09-12,170.79,170.79,170.79,170.79,0
2024-09-13,170.53,170.53,170.53,170.53,0
2024-09-16,167.17,167.17,167.17,167.17,0
2024-09-17,169.22,169.22,169.22,169.22,0
2024-09-18,170.35,170.35,170.35,170.35,0
2024-09-19,172.38,172.38,172.38,172.38,0
2024-09-20,171.33,171.33,171.33,171.33,0
2024-09-23,169.56,169.56,169.56,169.56,0
2024-09-24,170.62,170.62,170.62,170.62,0
2024-09-25,169.05,169.05,169.05,169.05,0
2024-09-26,172.19,172.19,172.19,172.19,0
2024-09-27,171.64,171.64,171.64,171.64,0
2024-09-30,172.86,172.86,172.86,172.86,0
2024-10-01,172.61,172.61,172.61,172.61,0
2024-10-02,172.21,172.21,172.21,172.21,0
2024-10-03,173.46,173.46,173.46,173.46,0
2024-10-04,171.93,171.93,171.93,171.93,0
2024-10-07,174.43,174.43,174.43,174.43,0
2024-10-08,181.81,181.81,181.81,181.81,0
2024-10-09,190.63,190.63,190.63,190.63,0
2024-10-10,195.88,195.88,195.88,195.88,0
2024-10-11,194.41,194.41,194.41,194.41,0
2024-10-14,188.78,188.78,188.78,188.78,0
2024-10-15,187.86,187.86,187.86,187.86,0
2024-10-16,187.28,187.28,187.28,187.28,0
2024-10-17,187.23,187.23,187.23,187.23,0
2024-10-18,187.23,187.23,187.23,187.23,0
2024-10-21,186.14,186.14,186.14,186.14,0
2024-10-22,187.81,187.81,187.81,187.81,0
2024-10-23,187.78,187.78,187.78,187.78,0
2024-10-24,187.47,187.47,187.47,187.47,0
2024-10-25,186.28,186.28,186.28,186.28,0
2024-10-28,188.11,188.11,188.11,188.11,0
2024-10-29,190.43,190.43,190.43,190.43,0
2024-10-30,195.17,195.17,195.17,195.17,0
2024-10-31,194.57,194.57,194.57,194.57,0
2024-11-04,204.09,204.09,204.09,204.09,0
2024-11-05,194.11,194.11,194.11,194.11,0
2024-11-06,191.69,191.69,191.69,191.69,0
2024-11-07,194.43,194.43,194.43,194.43,0
2024-11-08,196.91,196.91,196.91,196.91,0
2024-11-11,193.34,193.34,193.34,193.34,0
2024-11-12,194.64,194.64,194.64,194.64,0
2024-11-13,194.11,194.11,194.11,194.11,0
2024-11-14,185.49,185.49,185.49,185.49,0
2024-11-18,191.39,191.39,191.39,191.39,0
2024-11-19,192.2,192.2,192.2,192.2,0
2024-11-20,192.58,192.58,192.58,192.58,0
2024-11-21,192.69,192.69,192.69,192.69,0
2024-11-22,192.8,192.8,192.8,192.8,0
2024-11-25,192.32,192.32,192.32,192.32,0
2024-11-26,190.13,190.13,190.13,190.13,0
2024-11-27,190.73,190.73,190.73,190.73,0
2024-11-28,195.46,195.46,195.46,195.46,0
2024-11-29,195.82,195.82,195.82,195.82,0
2024-12-02,192.77,192.77,192.77,192.77,0
2024-12-03,192.78,192.78,192.78,192.78,0
2024-12-04,195.45,195.45,195.45,195.45,0
2024-12-05,196.18,196.18,196.18,196.18,0
2024-12-06,194.94,194.94,194.94,194.94,0
2024-12-09,195.1,195.1,195.1,195.1,0
2024-12-10,193.45,193.45,193.45,193.45,0
2024-12-11,194.76,194.76,194.76,194.76,0
2024-12-12,193.51,193.51,193.51,193.51,0
2024-12-13,194.57,194.57,194.57,194.57,0
2024-12-16,193.33,193.33,193.33,193.33,0
2024-12-17,192.08,192.08,192.08,192.08,0
2024-12-18,195.16,195.16,195.16,195.16,0
2024-12-19,193.51,193.51,193.51,193.51,0
2024-12-20,194.73,194.73,194.73,194.73,0
2024-12-23,193.41,193.41,193.41,193.41,0
2024-12-24,193.39,193.39,193.39,193.39,0
2024-12-26,193.34,193.34,193.34,193.34,0
2024-12-27,193.18,193.18,193.18,193.18,0
2024-12-30,193.78,193.78,193.78,193.78,0
2025-01-02,194.99,194.99,194.99,194.99,0
2025-01-03,197.6,197.6,197.6,197.6,0
2025-01-06,200.4,200.4,200.4,200.4,0
2025-01-07,193.96,193.96,193.96,193.96,0
2025-01-08,192.68,192.68,192.68,192.68,0
2025-01-09,191.82,191.82,191.82,191.82,0
2025-01-10,193.84,193.84,193.84,193.84,0
2025-01-13,190.94,190.94,190.94,190.94,0
2025-01-14,187.23,187.23,187.23,187.23,0
2025-01-15,187.74,187.74,187.74,187.74,0
2025-01-16,184.98,184.98,184.98,184.98,0
2025-01-17,186.24,186.24,186.24,186.24,0
2025-01-20,183.33,183.33,183.33,183.33,0
2025-01-21,183.57,183.57,183.57,183.57,0
2025-01-22,182.74,182.74,182.74,182.74,0
2025-01-23,183.56,183.56,183.56,183.56,0
2025-01-24,183.47,183.47,183.47,183.47,0
2025-01-27,185.21,185.21,185.21,185.21,0
2025-01-28,183.35,183.35,183.35,183.35,0
2025-01-29,183.18,183.18,183.18,183.18,0
2025-01-30,182.99,182.99,182.99,182.99,0
2025-01-31,184.7,184.7,184.7,184.7,0
2025-02-03,185.04,185.04,185.04,185.04,0
2025-02-04,187.22,187.22,187.22,187.22,0
2025-02-05,190.95,190.95,190.95,190.95,0
2025-02-06,197.55,197.55,197.55,197.55,0
2025-02-07,200.13,200.13,200.13,200.13,0
2025-02-10,198.92,198.92,198.92,198.92,0
2025-02-11,199.56,199.56,199.56,199.56,0
2025-02-12,199.69,199.69,199.69,199.69,0
2025-02-13,203.16,203.16,203.16,203.16,0
2025-02-14,204.5,204.5,204.5,204.5,0
2025-02-17,206.32,206.32,206.32,206.32,0
2025-02-18,209.33,209.33,209.33,209.33,0
2025-02-19,213.8,213.8,213.8,213.8,0
2025-02-20,216.2,216.2,216.2,216.2,0
2025-02-21,218.43,218.43,218.43,218.43,0
2025-02-24,217.82,217.82,217.82,217.82,0
2025-02-25,217.57,217.57,217.57,217.57,0
2025-02-26,217.12,217.12,217.12,217.12,0
2025-02-27,216.8,216.8,216.8,216.8,0
2025-02-28,216.21,216.21,216.21,216.21,0
2025-03-03,217.36,217.36,217.36,217.36,0
2025-03-04,218.99,218.99,218.99,218.99,0
2025-03-05,220.48,220.48,220.48,220.48,0
2025-03-06,219.22,219.22,219.22,219.22,0
2025-03-07,219.18,219.18,219.18,219.18,0
2025-03-10,224.73,224.73,224.73,224.73,0
2025-03-11,224.24,224.24,224.24,224.24,0
2025-03-12,224.79,224.79,224.79,224.79,0
2025-03-13,221.5,221.5,221.5,221.5,0
2025-03-14,227.36,227.36,227.36,227.36,0
2025-03-17,227.41,227.41,227.41,227.41,0
2025-03-18,230.99,230.99,230.99,230.99,0
2025-03-19,228.31,228.31,228.31,228.31,0
2025-03-20,235.38,235.38,235.38,235.38,0
2025-03-21,237.83,237.83,237.83,237.83,0
2025-03-24,235.36,235.36,235.36,235.36,0
2025-03-25,235.87,235.87,235.87,235.87,0
2025-03-26,236.75,236.75,236.75,236.75,0
2025-03-28,235.96,235.96,235.96,235.96,0
2025-04-01,233.83,233.83,233.83,233.83,0
2025-04-02,231.28,231.28,231.28,231.28,0
2025-04-03,233.8,233.8,233.8,233.8,0
2025-04-04,235.56,235.56,235.56,235.56,0
2025-04-07,228.81,228.81,228.81,228.81,0
2025-04-08,219.26,219.26,219.26,219.26,0
2025-04-09,205.41,205.41,205.41,205.41,0
2025-04-10,208.77,208.77,208.77,208.77,0
2025-04-11,213.14,213.14,213.14,213.14,0
2025-04-14,222.91,222.91,222.91,222.91,0
2025-04-15,226.86,226.86,226.86,226.86,0
2025-04-16,226.99,226.99,226.99,226.99,0
2025-04-17,224.11,224.11,224.11,224.11,0
2025-04-18,222.54,222.54,222.54,222.54,0
2025-04-22,231.61,231.61,231.61,231.61,0
2025-04-23,231.8,231.8,231.8,231.8,0
2025-04-24,231.42,231.42,231.42,231.42,0
2025-04-25,243.83,243.83,243.83,243.83,0
2025-04-28,253.71,253.71,253.71,253.71,0
2025-04-29,253.73,253.73,253.73,253.73,0
2025-04-30,253.01,253.01,253.01,253.01,0
2025-05-02,254.38,254.38,254.38,254.38,0
2025-05-05,254.6,254.6,254.6,254.6,0
2025-05-06,257.88,257.88,257.88,257.88,0
2025-05-07,260.81,260.81,260.81,260.81,0
2025-05-08,265.56,265.56,265.56,265.56,0
2025-05-09,267.16,267.16,267.16,267.16,0
2025-05-12,273.07,273.07,273.07,273.07,0
2025-05-13,277.58,277.58,277.58,277.58,0
2025-05-14,279.58,279.58,279.58,279.58,0
2025-05-15,282.66,282.66,282.66,282.66,0
2025-05-16,285.99,285.99,285.99,285.99,0
2025-05-19,287.23,287.23,287.23,287.23,0
2025-05-20,285.59,285.59,285.59,285.59,0
2025-05-21,282.34,282.34,282.34,282.34,0
2025-05-22,283.41,283.41,283.41,283.41,0
2025-05-23,282.11,282.11,282.11,282.11,0
2025-05-26,284.64,284.64,284.64,284.64,0
2025-05-27,292.43,292.43,292.43,292.43,0
2025-05-28,291.15,291.15,291.15,291.15,0
2025-05-30,290.5,290.5,290.5,290.5,0
2025-06-02,286.15,286.15,286.15,286.15,0
2025-06-03,286.25,286.25,286.25,286.25,0
2025-06-04,285.6,285.6,285.6,285.6,0
2025-06-05,283.04,283.04,283.04,283.04,0
2025-06-10,293.12,293.12,293.12,293.12,0
2025-06-11,294.74,294.74,294.74,294.74,0
2025-06-12,298.34,298.34,298.34,298.34,0
2025-06-13,311.51,311.51,311.51,311.51,0
2025-06-16,311.34,311.34,311.34,311.34,0
2025-06-17,313.3,313.3,313.3,313.3,0
2025-06-18,317.58,317.58,317.58,317.58,0
2025-06-19,330.84,330.84,330.84,330.84,0
2025-06-20,330.47,330.47,330.47,330.47,0
2025-06-23,335.77,335.77,335.77,335.77,0
2025-06-24,336.77,336.77,336.77,336.77,0
2025-06-25,329.97,329.97,329.97,329.97,0
2025-06-26,327.55,327.55,327.55,327.55,0
2025-06-27,333.59,333.59,333.59,333.59,0
2025-06-30,334.2,334.2,334.2,334.2,0
2025-07-01,331.52,331.52,331.52,331.52,0
2025-07-02,334.06,334.06,334.06,334.06,0
2025-07-03,331.19,331.19,331.19,331.19,0
2025-07-04,333.07,333.07,333.07,333.07,0
2025-07-07,329.74,329.74,329.74,329.74,0
2025-07-08,326.32,326.32,326.32,326.32,0
2025-07-09,315.62,315.62,315.62,315.62,0
2025-07-10,315.73,315.73,315.73,315.73,0
2025-07-11,308.95,308.95,308.95,308.95,0
2025-07-14,310.98,310.98,310.98,310.98,0
2025-07-15,305.78,305.78,305.78,305.78,0
2025-07-16,303.03,303.03,303.03,303.03,0
2025-07-17,301.87,301.87,301.87,301.87,0
2025-07-18,306.86,306.86,306.86,306.86,0
2025-07-21,309.71,309.71,309.71,309.71,0
2025-07-22,308.14,308.14,308.14,308.14,0
2025-07-23,306.08,306.08,306.08,306.08,0
2025-07-24,309.14,309.14,309.14,309.14,0
2025-07-25,308.04,308.04,308.04,308.04,0
2025-07-28,308.61,308.61,308.61,308.61,0
2025-07-29,308.17,308.17,308.17,308.17,0
2025-07-30,314.14,314.14,314.14,314.14,0
2025-07-31,316.63,316.63,316.63,316.63,0
2025-08-01,316.23,316.23,316.23,316.23,0
2025-08-04,314.38,314.38,314.38,314.38,0
2025-08-05,319.46,319.46,319.46,319.46,0
2025-08-06,321.44,321.44,321.44,321.44,0
2025-08-08,323.48,323.48,323.48,323.48,0
2025-08-11,317.44,317.44,317.44,317.44,0
2025-08-12,320.33,320.33,320.33,320.33,0
2025-08-13,325.72,325.72,325.72,325.72,0
2025-08-14,326.77,326.77,326.77,326.77,0
2025-08-18,322.67,322.67,322.67,322.67,0
2025-08-19,323.81,323.81,323.81,323.81,0
2025-08-20,327.75,327.75,327.75,327.75,0
2025-08-21,329.31,329.31,329.31,329.31,0
2025-08-22,331.16,331.16,331.16,331.16,0
2025-08-25,329.4,329.4,329.4,329.4,0
2025-08-26,329.15,329.15,329.15,329.15,0
2025-08-27,330.28,330.28,330.28,330.28,0
2025-08-28,330.94,330.94,330.94,330.94,0
2025-08-29,330.84,330.84,330.84,330.84,0
2025-09-01,329.47,329.47,329.47,329.47,0
2025-09-02,329.57,329.57,329.57,329.57,0
2025-09-03,329.26,329.26,329.26,329.26,0
2025-09-05,329.93,329.93,329.93,329.93,0
2025-09-08,331.42,331.42,331.42,331.42,0
2025-09-09,329.53,329.53,329.53,329.53,0
2025-09-10,332.11,332.11,332.11,332.11,0
2025-09-11,331.5,331.5,331.5,331.5,0
2025-09-12,333.75,333.75,333.75,333.75,0
2025-09-15,337.87,337.87,337.87,337.87,0
2025-09-16,340.28,340.28,340.28,340.28,0
2025-09-17,336.89,336.89,336.89,336.89,0
2025-09-18,340.35,340.35,340.35,340.35,0
2025-09-19,337.46,337.46,337.46,337.46,0
2025-09-22,344.57,344.57,344.57,344.57,0
2025-09-23,340.15,340.15,340.15,340.15,0
2025-09-24,340.44,340.44,340.44,340.44,0
2025-09-25,359.52,359.52,359.52,359.52,0
2025-09-26,366.4,366.4,366.4,366.4,0
2025-09-29,364.53,364.53,364.53,364.53,0
2025-09-30,354.06,354.06,354.06,354.06,0
2025-10-01,360.73,360.73,360.73,360.73,0
2025-10-02,364.5,364.5,364.5,364.5,0
2025-10-03,364.03,364.03,364.03,364.03,0
2025-10-06,386.43,386.43,386.43,386.43,0
2025-10-07,376.98,376.98,376.98,376.98,0
2025-10-08,375.71,375.71,375.71,375.71,0
2025-10-09,375.36,375.36,375.36,375.36,0
2025-10-10,372.12,372.12,372.12,372.12,0
2025-10-13,367.8,367.8,367.8,367.8,0
2025-10-14,374.65,374.65,374.65,374.65,0
2025-10-15,373.71,373.71,373.71,373.71,0
2025-10-16,377.84,377.84,377.84,377.84,0
2025-10-17,372.93,372.93,372.93,372.93,0
2025-10-20,367.37,367.37,367.37,367.37,0
2025-10-21,365.17,365.17,365.17,365.17,0
2025-10-22,362.65,362.65,362.65,362.65,0
2025-10-23,368.63,368.63,368.63,368.63,0
2025-10-24,369.38,369.38,369.38,369.38,0
2025-10-27,370.6,370.6,370.6,370.6,0
2025-10-28,369.62,369.62,369.62,369.62,0
2025-10-29,365.14,365.14,365.14,365.14,0
2025-10-30,347.48,347.48,347.48,347.48,0
2025-10-31,346.24,346.24,346.24,346.24,0
2025-11-03,332.84,332.84,332.84,332.84,0
2025-11-04,319.24,319.24,319.24,319.24,0
2025-11-05,315.23,315.23,315.23,315.23,0
2025-11-06,320.46,320.46,320.46,320.46,0
2025-11-07,334.32,334.32,334.32,334.32,0
2025-11-10,340.35,340.35,340.35,340.35,0
2025-11-11,338.4,338.4,338.4,338.4,0
2025-11-12,334.86,334.86,334.86,334.86,0
2025-11-13,334.4,334.4,334.4,334.4,0
2025-11-14,332.56,332.56,332.56,332.56,0
2025-11-17,332.49,332.49,332.49,332.49,0
2025-11-18,330.25,330.25,330.25,330.25,0
2025-11-19,331.69,331.69,331.69,331.69,0
2025-11-20,334.04,334.04,334.04,334.04,0
2025-11-21,332.9,332.9,332.9,332.9,0
2025-11-24,338.17,338.17,338.17,338.17,0
2025-11-25,339.31,339.31,339.31,339.31,0
2025-11-26,339.25,339.25,339.25,339.25,0
2025-11-27,343.21,343.21,343.21,343.21,0
2025-11-28,344.59,344.59,344.59,344.59,0
2025-12-01,342.26,342.26,342.26,342.26,0
2025-12-02,342.22,342.22,342.22,342.22,0
2025-12-03,342.3,342.3,342.3,342.3,0
2025-12-04,339.19,339.19,339.19,339.19,0
2025-12-05,337.41,337.41,337.41,337.41,0
2025-12-08,338.92,338.92,338.92,338.92,0
2025-12-09,338.18,338.18,338.18,338.18,0
2025-12-10,337.26,337.26,337.26,337.26,0
2025-12-11,338.94,338.94,338.94,338.94,0
2025-12-12,338.2,338.2,338.2,338.2,0
2025-12-15,339.1,339.1,339.1,339.1,0
2025-12-16,338.33,338.33,338.33,338.33,0
2025-12-17,337.72,337.72,337.72,337.72,0
2025-12-18,336.59,336.59,336.59,336.59,0
2025-12-19,336.05,336.05,336.05,336.05,0
2025-12-22,330.98,330.98,330.98,330.98,0
2025-12-23,325.09,325.09,325.09,325.09,0
2025-12-24,330.24,330.24,330.24,330.24,0
2025-12-26,331.17,331.17,331.17,331.17,0
2025-12-29,332.7,332.7,332.7,332.7,0
2025-12-30,331.47,331.47,331.47,331.47,0
2025-12-31,341.63,341.63,341.63,341.63,0
