Date,Open,High,Low,Close,Volume
1998-09-16,338,338,338,338,2500
1998-09-18,338,338,338,338,5200
1998-09-21,363,363,363,363,1500
1998-09-23,390,390,390,390,7000
1998-09-25,400,400,400,400,12300
1998-09-28,400,400,400,400,45200
1998-09-30,400,400,400,400,4000
1998-10-02,400,400,400,400,18800
1998-10-05,430,430,430,430,15000
1998-10-07,462,462,462,462,27100
1998-10-09,497,497,497,497,25200
1998-10-12,497,497,497,497,3600
1998-10-14,497,497,497,497,1500
1998-10-16,460,460,460,460,6500
1998-10-19,460,460,460,460,6800
1998-10-21,426,426,426,426,3700
1998-10-23,440,440,440,440,8400
1998-10-30,450,450,450,450,6200
1998-11-02,450,450,450,450,100
1998-11-04,450,450,450,450,2600
1998-11-11,430,430,430,430,200
1998-11-20,390,390,390,390,300
1998-11-25,361,361,361,361,5000
1998-12-11,350,350,350,350,25200
1998-12-16,310,310,310,310,11500
1998-12-18,330,330,330,330,600
1998-12-23,350,350,350,350,363500
1998-12-28,350,350,350,350,300
1998-12-30,350,350,350,350,357700
1999-01-04,350,350,350,350,5500
1999-01-08,350,350,350,350,8200
1999-01-11,360,360,360,360,100
1999-01-22,360,360,360,360,1000
1999-01-29,350,350,350,350,1000
1999-02-15,320,320,320,320,1000
1999-02-19,310,310,310,310,3000
1999-02-22,320,320,320,320,600
1999-02-24,320,320,320,320,40100
1999-03-03,320,320,320,320,1500
1999-03-08,320,320,320,320,2000
1999-03-12,318,318,318,318,4000
1999-03-15,310,310,310,310,2000
1999-03-17,310,310,310,310,1600
1999-03-19,310,310,310,310,1600
1999-03-24,320,320,320,320,23200
1999-03-29,330,330,330,330,7400
1999-03-31,320,320,320,320,12400
1999-04-02,340,340,340,340,11500
1999-04-09,340,340,340,340,1000
1999-04-14,340,340,340,340,2500
1999-04-16,340,340,340,340,11400
1999-04-21,340,340,340,340,400
1999-04-23,340,340,340,340,300
1999-04-26,315,315,315,315,1000
1999-05-03,340,340,340,340,2300
1999-05-07,340,340,340,340,700
1999-05-12,340,340,340,340,1300
1999-05-14,340,340,340,340,600
1999-05-26,315,315,315,315,8000
1999-05-28,315,315,315,315,1100
1999-05-31,315,315,315,315,3600
1999-06-02,315,315,315,315,24500
1999-06-04,314,314,314,314,1000
1999-06-09,314,314,314,314,4000
1999-06-11,314,314,314,314,86900
1999-06-23,335,335,335,335,9500
1999-06-28,314,314,314,314,500
1999-06-30,320,320,320,320,10600
1999-07-02,320,320,320,320,2900
1999-07-07,320,320,320,320,100
1999-07-09,334,334,334,334,11200
1999-07-12,340,340,340,340,2000
1999-07-14,341,341,341,341,2000
1999-07-16,366,366,366,366,4900
1999-07-28,366,366,366,366,500
1999-07-30,345,345,345,345,2400
1999-08-02,345,345,345,345,500
1999-08-06,345,345,345,345,100
1999-08-18,345,345,345,345,1000
1999-08-20,345,345,345,345,25400
1999-08-30,340,340,340,340,1000
1999-09-03,330,330,330,330,2800
1999-09-06,331,331,331,331,2200
1999-09-08,330,330,330,330,1800
1999-09-10,330,330,330,330,1000
1999-09-15,330,330,330,330,5500
1999-09-20,330,330,330,330,1100
1999-09-22,330,330,330,330,1800
1999-09-24,330,330,330,330,3200
1999-09-27,330,330,330,330,1400
1999-09-29,330,330,330,330,500
1999-10-01,330,330,330,330,1700
1999-10-11,329,329,329,329,1000
1999-10-13,335,335,335,335,1500
1999-10-15,345,345,345,345,3200
1999-10-18,345,345,345,345,1000
1999-10-20,345,345,345,345,1000
1999-10-22,346,346,346,346,5900
1999-10-25,346,346,346,346,10000
1999-11-03,336,336,336,336,5800
1999-11-05,336,336,336,336,700
1999-11-08,336,336,336,336,700
1999-11-12,330,330,330,330,1100
1999-11-17,336,336,336,336,17000
1999-11-19,329,329,329,329,1000
1999-11-24,325,325,325,325,2800
1999-12-06,320,320,320,320,1600
1999-12-08,330,330,330,330,5000
1999-12-15,330,330,330,330,1000
1999-12-17,330,330,330,330,3000
1999-12-20,330,330,330,330,2000
1999-12-31,330,330,330,330,100
2000-01-05,331,331,331,331,2200
2000-01-10,335,335,335,335,2600
2000-01-12,330,330,330,330,1200
2000-01-19,330,330,330,330,900
2000-01-21,330,330,330,330,2800
2000-01-24,330,330,330,330,3800
2000-02-02,330,330,330,330,300
2000-02-09,330,330,330,330,300
2000-02-11,330,330,330,330,731400
2000-02-16,355,355,355,355,725300
2000-02-21,335,335,335,335,2000
2000-02-23,335,335,335,335,1500
2000-02-25,335,335,335,335,3300
2000-02-28,335,335,335,335,800
2000-03-01,335,335,335,335,800
2000-03-08,335,335,335,335,200
2000-03-13,335,335,335,335,800
2000-03-20,334,334,334,334,1000
2000-03-22,325,325,325,325,10900
2000-03-24,325,325,325,325,1400
2000-03-29,322,322,322,322,1000
2000-03-31,322,322,322,322,6200
2000-04-05,322,322,322,322,200
2000-04-17,320,320,320,320,2300
2000-04-21,315,315,315,315,10000
2000-04-28,315,315,315,315,300
2000-05-05,315,315,315,315,1000
2000-05-12,318,318,318,318,1300
2000-05-17,318,318,318,318,900
2000-05-19,318,318,318,318,2300
2000-06-07,318,318,318,318,500
2000-06-23,318,318,318,318,10000
2000-06-30,318,318,318,318,400
2000-07-12,318,318,318,318,800400
2000-07-21,318,318,318,318,200
2000-07-26,318,318,318,318,200
2000-08-09,310,310,310,310,4100
2000-08-11,310,310,310,310,200
2000-08-18,310,310,310,310,4700
2000-09-22,305,305,305,305,2700
2000-09-25,305,305,305,305,5800
2000-09-29,305,305,305,305,14100
2000-10-04,305,305,305,305,5000
2000-10-06,305,305,305,305,1000
2000-10-11,305,305,305,305,1000
2000-10-18,305,305,305,305,1500
2000-10-27,300,300,300,300,7000
2000-10-30,300,300,300,300,3900
2000-11-02,300,300,300,300,2000
2000-11-03,300,300,300,300,6100
2000-11-06,300,300,300,300,400
2000-11-08,300,300,300,300,1000
2000-11-10,300,300,300,300,200
2000-11-13,300,300,300,300,1700
2001-06-01,290,290,290,290,1700
2001-06-08,290,290,290,290,700
2001-06-11,290,290,290,290,1000
2001-06-13,290,290,290,290,200
2001-06-22,290,290,290,290,1000
2001-06-25,290,290,290,290,100
2001-06-27,290,290,290,290,5200
2001-07-06,290,290,290,290,7200
2001-07-13,290,290,290,290,1000
2001-07-16,289,289,289,289,1000
2001-07-18,289,289,289,289,300
2001-07-20,289,289,289,289,1000
2001-08-01,289,289,289,289,2500
2001-08-03,289,289,289,289,3000
2001-08-08,289,289,289,289,1500
2001-12-31,255,255,255,255,45100
2003-06-26,326,326,326,326,1400
2003-06-30,370,370,370,370,2400
2003-07-08,365,365,365,365,307700
2003-07-09,365,365,365,365,1400
2003-07-10,360,360,360,360,1300
2003-07-15,360,360,360,360,2500
2003-07-16,360,360,360,360,3500
2003-07-23,360,360,360,360,800
2003-07-24,360,360,360,360,3000
2003-07-25,350,350,350,350,900
2003-07-29,350,350,350,350,400
2003-07-31,350,350,350,350,2000
2003-08-01,325,325,325,325,5500
2003-08-04,324,324,324,324,3000
2003-08-05,321,321,321,321,7000
2003-08-06,321,321,321,321,10300
2003-08-08,321,321,321,321,3700
2003-08-11,320,320,320,320,2700
2003-08-13,321,321,321,321,2600
2003-08-19,325,325,325,325,1500
2003-08-20,345,345,345,345,2700
2003-08-22,345,345,345,345,3600
2003-08-26,370,370,370,370,1500
2003-09-03,350,350,350,350,800
2003-09-05,340,340,340,340,7200
2003-09-08,340,340,340,340,4100
2003-09-09,358,358,358,358,1700
2003-09-10,370,370,370,370,1000
2003-09-17,350,350,350,350,7500
2003-09-18,376,376,376,376,1000
2003-09-19,377,377,377,377,1261000
2003-09-24,360,360,360,360,1000
2003-09-26,345,345,345,345,1260200
2003-09-29,345,345,345,345,4400
2003-09-30,350,350,350,350,25200
2003-10-02,350,350,350,350,300
2003-10-07,351,351,351,351,1200
2003-10-16,360,360,360,360,2900
2003-10-22,360,360,360,360,1300
2003-10-23,360,360,360,360,200
2003-10-29,385,385,385,385,1300
2003-11-12,356,356,356,356,1278600
2003-11-17,356,356,356,356,300
2003-11-19,345,345,345,345,1283700
2003-11-21,350,350,350,350,4000
2003-12-02,350,350,350,350,2000
2003-12-10,350,350,350,350,1000
2003-12-11,350,350,350,350,3000
2003-12-12,350,350,350,350,500
2003-12-18,350,350,350,350,1500
2003-12-19,350,350,350,350,400
2003-12-30,350,350,350,350,35000
2003-12-31,376,376,376,376,6200
2004-01-12,350,350,350,350,4800
2004-01-14,345,345,345,345,1000
2004-01-16,345,345,345,345,1500
2004-01-20,350,350,350,350,13600
2004-01-21,350,350,350,350,1400
2004-01-23,350,350,350,350,600
2004-02-09,350,350,350,350,1200
2004-02-13,350,350,350,350,1100
2004-02-23,350,350,350,350,300
2004-03-01,356,356,356,356,1000
2004-03-05,355,355,355,355,4700
2004-03-09,355,355,355,355,4000
2004-03-10,351,351,351,351,1000
2004-03-23,355,355,355,355,1400
2004-03-31,355,355,355,355,1500
2004-04-01,356,356,356,356,5200
2004-04-02,356,356,356,356,300
2004-04-16,380,380,380,380,800
2004-04-19,380,380,380,380,3500
2004-04-21,400,400,400,400,1100
2004-04-22,400,400,400,400,400
2004-04-23,400,400,400,400,3000
2004-04-30,410,410,410,410,6200
2004-05-03,421,421,421,421,6000
2004-05-04,425,425,425,425,4400
2004-05-06,425,425,425,425,500
2004-05-10,425,425,425,425,4900
2004-05-12,425,425,425,425,1100
2004-05-17,425,425,425,425,100
2004-05-25,425,425,425,425,2700
2004-05-26,425,425,425,425,10000
2004-05-27,425,425,425,425,1000
2004-05-28,425,425,425,425,100
2004-06-02,425,425,425,425,2000
2004-06-08,425,425,425,425,1000
2004-06-14,425,425,425,425,4400
2004-06-16,425,425,425,425,4500
2004-06-21,425,425,425,425,300
2004-06-22,425,425,425,425,9500
2004-06-24,450,450,450,450,1700
2004-06-28,450,450,450,450,15000
2004-06-30,450,450,450,450,1000
2004-07-06,450,450,450,450,2800
2004-07-14,450,450,450,450,1300
2004-07-15,450,450,450,450,200
2004-07-19,450,450,450,450,3000
2004-07-26,450,450,450,450,13700
2004-08-03,420,420,420,420,14800
2004-08-05,420,420,420,420,100
2004-08-09,420,420,420,420,100
2004-08-11,420,420,420,420,100
2004-08-13,450,450,450,450,6000
2004-08-16,450,450,450,450,5000
2004-08-19,450,450,450,450,1000
2004-08-20,450,450,450,450,500
2004-08-23,450,450,450,450,500
2004-08-24,450,450,450,450,500
2004-08-25,450,450,450,450,8200
2004-09-03,450,450,450,450,3600
2004-09-07,450,450,450,450,1000
2004-09-09,435,435,435,435,2700
2004-09-10,435,435,435,435,4800
2004-09-15,400,400,400,400,1000
2004-09-16,400,400,400,400,700
2004-09-17,370,370,370,370,2200
2004-09-20,370,370,370,370,1600
2004-09-23,370,370,370,370,400
2004-09-24,371,371,371,371,900
2004-09-27,371,371,371,371,7000
2004-09-28,371,371,371,371,2000
2004-09-30,370,370,370,370,7800
2004-10-05,370,370,370,370,4200
2004-10-12,370,370,370,370,11000
2004-10-15,375,375,375,375,24500
2004-10-18,375,375,375,375,4600
2004-10-22,376,376,376,376,10100
2004-11-02,376,376,376,376,100
2004-11-03,376,376,376,376,200
2004-11-05,376,376,376,376,1000
2004-11-12,380,380,380,380,18700
2004-11-16,380,380,380,380,1000
2004-11-17,400,400,400,400,8500
2004-11-19,400,400,400,400,20000
2004-11-22,400,400,400,400,23100
2004-11-23,401,401,401,401,4000
2004-11-26,401,401,401,401,14500
2004-11-29,420,420,420,420,15900
2004-12-02,401,401,401,401,5000
2004-12-03,401,401,401,401,5300
2004-12-07,401,401,401,401,2400
2004-12-13,401,401,401,401,2000
2004-12-21,380,380,380,380,900
2004-12-22,380,380,380,380,7800
2004-12-23,380,380,380,380,100
2004-12-24,401,401,401,401,800
2004-12-29,401,401,401,401,10800
2004-12-30,401,401,401,401,500
2005-01-06,402,402,402,402,1700
2005-01-07,401,401,401,401,5100
2005-01-14,401,401,401,401,500
2005-01-18,401,401,401,401,1000
2005-01-19,401,401,401,401,5000
2005-01-27,430,430,430,430,1300
2005-02-01,430,430,430,430,100
2005-02-02,432,432,432,432,2200
2005-02-09,432,432,432,432,1700
2005-02-11,432,432,432,432,100
2005-02-14,433,433,433,433,1300
2005-02-18,432,432,432,432,3400
2005-02-21,436,436,436,436,800
2005-02-22,436,436,436,436,1000
2005-03-03,438,438,438,438,800
2005-03-04,438,438,438,438,1100
2005-03-08,436,436,436,436,800
2005-03-10,440,440,440,440,2000
2005-03-15,440,440,440,440,2900
2005-03-29,440,440,440,440,400
2005-04-14,445,445,445,445,1400
2005-04-15,445,445,445,445,200
2005-04-18,445,445,445,445,100
2005-04-26,445,445,445,445,2200
2005-04-28,445,445,445,445,100
2005-04-29,445,445,445,445,100
2005-05-06,445,445,445,445,200
2005-05-10,446,446,446,446,1900
2005-05-12,448,448,448,448,1200
2005-05-13,448,448,448,448,6200
2005-05-23,449,449,449,449,1200
2005-05-24,449,449,449,449,100
2005-05-25,449,449,449,449,200
2005-06-03,450,450,450,450,2000
2005-06-14,455,455,455,455,1100
2005-06-17,480,480,480,480,2100
2005-06-20,480,480,480,480,2100
2005-06-22,480,480,480,480,5100
2005-06-27,480,480,480,480,4500
2005-06-29,480,480,480,480,100
2005-07-05,453,453,453,453,900
2005-07-14,440,440,440,440,1800
2005-08-01,450,450,450,450,2100
2005-08-02,450,450,450,450,500
2005-08-04,441,441,441,441,1500
2005-08-09,450,450,450,450,4300
2005-08-17,441,441,441,441,1300
2005-08-18,450,450,450,450,7800
2005-08-19,441,441,441,441,900
2005-08-22,450,450,450,450,3600
2005-08-23,452,452,452,452,1400
2005-08-25,455,455,455,455,4100
2005-09-01,455,455,455,455,3400
2005-09-06,455,455,455,455,1100
2005-09-08,460,460,460,460,1200
2005-09-12,460,460,460,460,6500
2005-09-21,460,460,460,460,6000
2005-09-22,460,460,460,460,7700
2005-09-26,460,460,460,460,500
2005-09-27,450,450,450,450,1900
2005-09-29,450,450,450,450,2200
2005-10-05,450,450,450,450,500
2005-10-06,450,450,450,450,400
2005-10-12,450,450,450,450,200
2005-10-25,480,480,480,480,2500
2005-10-27,480,480,480,480,1100
2005-10-28,481,481,481,481,4100
2005-11-07,481,481,481,481,2500
2005-11-10,481,481,481,481,4600
2005-11-17,483,483,483,483,1500
2005-11-21,483,483,483,483,600
2005-12-07,483,483,483,483,1200
2005-12-12,515,515,515,515,1800
2005-12-13,515,515,515,515,1500
2005-12-14,515,515,515,515,1000
2005-12-15,515,515,515,515,3000
2005-12-19,521,521,521,521,2000
2005-12-26,523,523,523,523,2600
2005-12-27,525,525,525,525,2200
2006-01-03,525,525,525,525,1200
2006-01-06,550,550,550,550,10000
2006-01-09,550,550,550,550,2000
2006-01-12,551,551,551,551,12500
2006-01-20,552,552,552,552,2500
2006-01-24,552,552,552,552,2400
2006-01-26,552,552,552,552,3000
2006-01-27,552,552,552,552,100
2006-02-01,553,553,553,553,1000
2006-02-03,553,553,553,553,800
2006-02-06,560,560,560,560,800
2006-02-08,575,575,575,575,2200
2006-02-14,618,618,618,618,800
2006-02-16,664,664,664,664,1700
2006-02-17,664,664,664,664,1000
2006-02-20,664,664,664,664,500
2006-02-22,664,664,664,664,200
2006-02-23,665,665,665,665,900
2006-02-24,712,712,712,712,1500
2006-03-01,712,712,712,712,1000
2006-03-02,712,712,712,712,100
2006-03-08,750,750,750,750,4000
2006-03-09,765,765,765,765,1100
2006-03-14,780,780,780,780,6700
2006-03-20,780,780,780,780,1900
2006-03-21,780,780,780,780,1000
2006-03-22,780,780,780,780,800
2006-03-24,780,780,780,780,100
2006-03-27,835,835,835,835,900
2006-03-28,835,835,835,835,3300
2006-03-29,835,835,835,835,1500
2006-03-30,835,835,835,835,2800
2006-04-04,835,835,835,835,10600
2006-04-05,835,835,835,835,200
2006-04-19,800,800,800,800,1600
2006-05-02,740,740,740,740,3000
2006-05-04,728,728,728,728,1200
2006-05-05,720,720,720,720,1100
2006-05-08,700,700,700,700,6400
2006-05-09,700,700,700,700,3400
2006-05-11,700,700,700,700,1300
2006-05-12,701,701,701,701,3900
2006-05-15,701,701,701,701,100
2006-05-16,701,701,701,701,300
2006-05-17,701,701,701,701,1000
2006-05-18,701,701,701,701,1200
2006-05-24,701,701,701,701,800
2006-05-30,702,702,702,702,2300
2006-06-08,701,701,701,701,900
2006-06-19,685,685,685,685,1200
2006-06-23,680,680,680,680,1100
2006-07-03,680,680,680,680,1000
2006-07-04,675,675,675,675,1300
2006-07-06,670,670,670,670,2000
2006-07-07,660,660,660,660,800
2006-07-12,660,660,660,660,800
2006-07-13,660,660,660,660,3200
2006-07-19,660,660,660,660,200
2006-07-20,660,660,660,660,200
2006-07-21,660,660,660,660,1300
2006-07-27,660,660,660,660,200
2006-07-28,660,660,660,660,300
2006-08-02,660,660,660,660,3100
2006-08-03,660,660,660,660,1200
2006-08-04,660,660,660,660,200
2006-08-09,660,660,660,660,8500
2006-08-16,660,660,660,660,1000
2006-08-17,660,660,660,660,800
2006-08-18,660,660,660,660,2500
2006-08-21,660,660,660,660,1500
2006-08-23,660,660,660,660,8100
2006-08-24,660,660,660,660,200
2006-08-28,660,660,660,660,2000
2006-08-30,660,660,660,660,2500
2006-09-05,670,670,670,670,1000
2006-09-06,670,670,670,670,1500
2006-09-07,671,671,671,671,1000
2006-09-08,671,671,671,671,500
2006-09-11,671,671,671,671,200
2006-09-18,671,671,671,671,500
2006-09-21,625,625,625,625,900
2006-09-26,625,625,625,625,500
2006-10-10,625,625,625,625,200
2006-10-11,625,625,625,625,100
2006-10-12,625,625,625,625,8100
2006-10-17,625,625,625,625,100
2006-10-18,625,625,625,625,700
2006-10-24,625,625,625,625,3000
2006-10-31,625,625,625,625,1500
2006-11-03,625,625,625,625,400
2006-11-06,625,625,625,625,500
2006-11-08,625,625,625,625,800
2006-11-13,625,625,625,625,100
2006-11-17,625,625,625,625,300
2006-11-20,625,625,625,625,600
2006-11-24,625,625,625,625,10100
2006-11-30,625,625,625,625,3500
2006-12-05,625,625,625,625,1700
2006-12-06,625,625,625,625,3000
2006-12-12,625,625,625,625,500
2006-12-13,625,625,625,625,400
2006-12-14,625,625,625,625,5200
2006-12-15,625,625,625,625,200
2006-12-20,625,625,625,625,900
2006-12-26,627,627,627,627,1100
2006-12-28,627,627,627,627,2000
2006-12-29,627,627,627,627,6600
2007-01-09,627,627,627,627,100
2007-01-12,627,627,627,627,1900
2007-01-18,627,627,627,627,2100
2007-01-19,627,627,627,627,1000
2007-01-30,625,625,625,625,1000
2007-02-02,625,625,625,625,1500
2007-02-13,625,625,625,625,200
2007-02-16,624,624,624,624,4600
2007-02-20,624,624,624,624,700
2007-02-21,624,624,624,624,1800
2007-02-26,624,624,624,624,300
2007-02-28,624,624,624,624,100
2007-03-02,620,620,620,620,1500
2007-03-06,620,620,620,620,800
2007-03-07,620,620,620,620,5100
2007-03-08,620,620,620,620,2000
2007-03-09,620,620,620,620,1000
2007-03-13,620,620,620,620,900
2007-03-15,620,620,620,620,200
2007-03-21,620,620,620,620,300
2007-03-22,620,620,620,620,500
2007-03-26,620,620,620,620,2100
2007-03-28,620,620,620,620,400
2007-04-11,620,620,620,620,100
2007-04-16,620,620,620,620,2500
2007-04-24,620,620,620,620,1500
2007-04-25,620,620,620,620,2100
2007-05-08,620,620,620,620,3000
2007-05-09,620,620,620,620,1000
2007-05-15,635,635,635,635,4100
2007-05-16,665,665,665,665,2000
2007-05-22,711,711,711,711,1000
2007-05-23,711,711,711,711,2000
2007-06-05,764,764,764,764,5000
2007-06-07,764,764,764,764,500
2007-06-08,764,764,764,764,1800
2007-06-11,750,750,750,750,1000
2007-06-12,750,750,750,750,2200
2007-06-13,750,750,750,750,500
2007-06-14,770,770,770,770,1800
2007-06-18,828,828,828,828,5500
2007-06-19,828,828,828,828,8000
2007-06-20,828,828,828,828,3100
2007-06-21,830,830,830,830,2000
2007-06-26,860,860,860,860,1000
2007-06-28,880,880,880,880,3000
2007-06-29,880,880,880,880,500
2007-07-02,880,880,880,880,2900
2007-07-03,880,880,880,880,2800
2007-07-10,849,849,849,849,1300
2007-07-11,800,800,800,800,1000
2007-07-17,789,789,789,789,15000
2007-07-19,760,760,760,760,900
2007-07-20,755,755,755,755,900
2007-07-24,750,750,750,750,1800
2007-07-25,750,750,750,750,12800
2007-07-27,750,750,750,750,400
2007-08-02,750,750,750,750,100
2007-08-09,770,770,770,770,4500
2007-08-17,800,800,800,800,1600
2007-08-21,826,826,826,826,1500
2007-08-22,840,840,840,840,3200
2007-08-23,840,840,840,840,25200
2007-08-24,840,840,840,840,5000
2007-08-27,840,840,840,840,4400
2007-08-28,840,840,840,840,100
2007-08-31,840,840,840,840,300
2007-09-05,840,840,840,840,900
2007-09-06,840,840,840,840,2500
2007-09-10,840,840,840,840,500
2007-09-13,840,840,840,840,1000
2007-09-14,850,850,850,850,1000
2007-09-19,850,850,850,850,2000
2007-10-02,865,865,865,865,10000
2007-10-03,860,860,860,860,1000
2007-10-04,860,860,860,860,100
2007-10-05,860,860,860,860,1400
2007-10-08,860,860,860,860,300
2007-10-11,860,860,860,860,1000
2007-10-15,861,861,861,861,1000
2007-10-19,862,862,862,862,2300
2007-10-22,880,880,880,880,1500
2007-10-29,881,881,881,881,3900
2007-10-31,880,880,880,880,1900
2007-11-02,850,850,850,850,9400
2007-11-05,850,850,850,850,100
2007-11-08,882,882,882,882,9900
2007-11-09,882,882,882,882,2900
2007-11-21,882,882,882,882,1100
2007-11-26,882,882,882,882,23800
2007-11-27,882,882,882,882,4800
2007-11-30,882,882,882,882,1200
2007-12-03,882,882,882,882,13800
2007-12-04,882,882,882,882,1100
2007-12-06,882,882,882,882,100
2007-12-07,882,882,882,882,200
2007-12-11,882,882,882,882,300
2007-12-12,882,882,882,882,3900
2007-12-13,882,882,882,882,2000
2007-12-20,882,882,882,882,7500
2007-12-21,900,900,900,900,2300
2008-01-03,900,900,900,900,12400
2008-01-04,900,900,900,900,100
2008-01-08,900,900,900,900,4700
2008-01-09,900,900,900,900,900
2008-01-10,900,900,900,900,300
2008-01-11,901,901,901,901,1000
2008-01-16,901,901,901,901,800
2008-01-17,901,901,901,901,200
2008-01-22,900,900,900,900,12000
2008-01-23,900,900,900,900,100
2008-01-24,900,900,900,900,600
2008-01-25,900,900,900,900,400
2008-01-28,900,900,900,900,500
2008-02-01,905,905,905,905,1000
2008-02-04,905,905,905,905,100
2008-02-05,905,905,905,905,2200
2008-02-08,905,905,905,905,12400
2008-02-13,905,905,905,905,1000
2008-02-15,910,910,910,910,102900
2008-02-19,910,910,910,910,3500
2008-02-20,910,910,910,910,1500
2008-02-28,925,925,925,925,4900
2008-02-29,926,926,926,926,7800
2008-03-03,931,931,931,931,1000
2008-03-05,955,955,955,955,3000
2008-03-06,955,955,955,955,100
2008-03-11,960,960,960,960,900
2008-03-12,965,965,965,965,1100
2008-03-18,968,968,968,968,2100
2008-04-09,1041,1041,1041,1041,900
2008-04-11,1041,1041,1041,1041,1200
2008-04-15,1040,1040,1040,1040,25800
2008-04-16,1040,1040,1040,1040,1000
2008-04-17,1040,1040,1040,1040,1000
2008-04-18,1045,1045,1045,1045,20000
2008-04-22,1045,1045,1045,1045,200
2008-04-29,1045,1045,1045,1045,100
2008-04-30,1060,1060,1060,1060,2000
2008-05-07,1070,1070,1070,1070,1200
2008-05-26,1080,1080,1080,1080,1500
2008-06-04,1090,1090,1090,1090,1500
2008-06-05,1090,1090,1090,1090,300
2008-06-06,1090,1090,1090,1090,5000
2008-06-09,1095,1095,1095,1095,1000
2008-06-17,1095,1095,1095,1095,600
2008-06-23,1150,1150,1150,1150,13000
2008-06-24,1150,1150,1150,1150,100
2008-06-25,1090,1090,1090,1090,2700
2008-06-26,1090,1090,1090,1090,5700
2008-06-27,1090,1090,1090,1090,1200
2008-07-02,1080,1080,1080,1080,1800
2008-07-03,1080,1080,1080,1080,4900
2008-07-04,1080,1080,1080,1080,1100
2008-07-07,1080,1080,1080,1080,23400
2008-07-08,1080,1080,1080,1080,100
2008-07-09,1080,1080,1080,1080,800
2008-07-10,1080,1080,1080,1080,400
2008-07-16,1080,1080,1080,1080,5500
2008-07-17,1080,1080,1080,1080,200
2008-07-18,1080,1080,1080,1080,900
2008-07-21,1080,1080,1080,1080,1600
2008-07-22,1080,1080,1080,1080,1200
2008-07-28,1090,1090,1090,1090,1700
2008-07-29,1090,1090,1090,1090,2000
2008-07-30,1090,1090,1090,1090,5400
2008-07-31,1090,1090,1090,1090,2400
2008-08-01,1090,1090,1090,1090,600
2008-08-05,1091,1091,1091,1091,1500
2008-08-14,1110,1110,1110,1110,900
2008-08-19,1126,1126,1126,1126,2600
2008-08-22,1150,1150,1150,1150,1100
2008-08-25,1200,1200,1200,1200,1000
2008-08-27,1220,1220,1220,1220,5100
2008-08-28,1220,1220,1220,1220,9100
2008-08-29,1220,1220,1220,1220,900
2008-09-01,1220,1220,1220,1220,4300
2008-09-02,1220,1220,1220,1220,400
2008-09-03,1220,1220,1220,1220,10000
2008-09-04,1220,1220,1220,1220,1800
2008-09-05,1220,1220,1220,1220,3000
2008-09-15,1220,1220,1220,1220,8800
2008-09-16,1220,1220,1220,1220,100
2008-09-17,1220,1220,1220,1220,100
2008-09-19,1220,1220,1220,1220,9300
2008-09-22,1230,1230,1230,1230,2300
2008-09-25,1230,1230,1230,1230,500
2008-09-26,1230,1230,1230,1230,5100
2008-10-06,1230,1230,1230,1230,4900
2008-10-08,1230,1230,1230,1230,500
2008-10-09,1230,1230,1230,1230,400
2008-10-10,1230,1230,1230,1230,1000
2008-10-13,1230,1230,1230,1230,500
2008-10-15,1230,1230,1230,1230,5300
2008-10-17,1230,1230,1230,1230,400
2008-10-24,1189,1189,1189,1189,1000
2008-10-31,1150,1150,1150,1150,4400
2008-11-12,984,984,984,984,3100
2008-11-17,900,900,900,900,16600
2008-11-18,842,842,842,842,9900
2008-11-19,830,830,830,830,8500
2008-11-20,800,800,800,800,2300
2008-11-21,740,740,740,740,2300
2008-11-24,740,740,740,740,900
2008-12-02,760,760,760,760,800
2008-12-04,745,745,745,745,5700
2008-12-05,740,740,740,740,9100
2008-12-09,740,740,740,740,20400
2008-12-10,740,740,740,740,2000
2008-12-16,842,842,842,842,1000
2008-12-17,842,842,842,842,100
2008-12-18,842,842,842,842,500
2008-12-23,740,740,740,740,99200
2008-12-26,740,740,740,740,1500
2008-12-31,746,746,746,746,1000
2009-01-02,740,740,740,740,12300
2009-01-05,750,750,750,750,1000
2009-01-14,750,750,750,750,7300
2009-01-15,750,750,750,750,1400
2009-01-16,750,750,750,750,800
2009-01-20,750,750,750,750,2000
2009-01-26,750,750,750,750,18400
2009-01-27,740,740,740,740,2300
2009-01-28,740,740,740,740,200
2009-02-02,740,740,740,740,1500
2009-02-04,740,740,740,740,2000
2009-02-05,750,750,750,750,5000
2009-02-06,750,750,750,750,400
2009-02-09,750,750,750,750,13000
2009-02-10,751,751,751,751,8100
2009-02-17,751,751,751,751,5500
2009-02-18,751,751,751,751,5900
2009-02-24,760,760,760,760,1100
2009-02-25,760,760,760,760,3200
2009-03-03,770,770,770,770,1300
2009-03-06,770,770,770,770,300
2009-03-11,780,780,780,780,1400
2009-03-16,806,806,806,806,2100
2009-03-20,800,800,800,800,1600
2009-03-26,800,800,800,800,2100
2009-03-27,800,800,800,800,2600
2009-04-01,800,800,800,800,1300
2009-04-06,800,800,800,800,1000
2009-04-07,800,800,800,800,2000
2009-04-08,800,800,800,800,400
2009-04-10,800,800,800,800,4000
2009-04-15,800,800,800,800,5000
2009-04-16,800,800,800,800,500
2009-04-17,800,800,800,800,700
2009-04-20,800,800,800,800,1500
2009-04-21,800,800,800,800,1200
2009-04-23,800,800,800,800,300
2009-04-24,800,800,800,800,300
2009-04-30,800,800,800,800,4000
2009-05-04,800,800,800,800,5000
2009-05-06,800,800,800,800,25700
2009-05-07,800,800,800,800,4200
2009-05-08,800,800,800,800,4100
2009-05-11,810,810,810,810,2200
2009-05-12,810,810,810,810,21500
2009-05-14,810,810,810,810,17500
2009-05-18,805,805,805,805,2500
2009-05-19,805,805,805,805,6400
2009-05-20,805,805,805,805,1800
2009-05-22,805,805,805,805,15200
2009-05-25,805,805,805,805,2000
2009-05-26,805,805,805,805,1000
2009-05-27,805,805,805,805,11200
2009-06-03,825,825,825,825,1000
2009-06-10,830,830,830,830,1300
2009-06-12,892,892,892,892,800
2009-06-15,950,950,950,950,1400
2009-06-16,950,950,950,950,10700
2009-06-17,995,995,995,995,13800
2009-06-19,1002,1002,1002,1002,5300
2009-06-24,960,960,960,960,3100
2009-06-25,960,960,960,960,1700
2009-06-26,960,960,960,960,500
2009-06-30,960,960,960,960,2900
2009-07-01,1000,1000,1000,1000,1300
2009-07-02,1000,1000,1000,1000,800
2009-07-03,1000,1000,1000,1000,1400
2009-07-08,1000,1000,1000,1000,4000
2009-07-10,1000,1000,1000,1000,2800
2009-07-15,1000,1000,1000,1000,1100
2009-07-16,1000,1000,1000,1000,100
2009-07-20,980,980,980,980,21900
2009-07-21,980,980,980,980,40600
2009-07-22,980,980,980,980,1400
2009-07-24,980,980,980,980,500
2009-07-27,980,980,980,980,2500
2009-07-28,980,980,980,980,1000
2009-07-29,980,980,980,980,200
2009-07-30,980,980,980,980,200
2009-07-31,1000,1000,1000,1000,1600
2009-08-03,990,990,990,990,9100
2009-08-05,990,990,990,990,500
2009-08-06,990,990,990,990,200
2009-08-11,990,990,990,990,600
2009-08-12,990,990,990,990,800
2009-08-17,990,990,990,990,1600
2009-08-19,990,990,990,990,5000
2009-08-31,969,969,969,969,1000
2009-09-02,960,960,960,960,1300
2009-09-03,960,960,960,960,2000
2009-09-08,960,960,960,960,400
2009-09-14,900,900,900,900,3100
2009-09-15,900,900,900,900,600
2009-09-18,900,900,900,900,1400
2009-09-23,900,900,900,900,2100
2009-09-24,900,900,900,900,7900
2009-09-28,900,900,900,900,1100
2009-09-29,900,900,900,900,7700
2009-10-01,900,900,900,900,1000
2009-10-02,900,900,900,900,1000
2009-10-07,899,899,899,899,5000
2009-10-09,899,899,899,899,22800
2009-10-12,850,850,850,850,1000
2009-10-13,850,850,850,850,12100
2009-10-15,850,850,850,850,10000
2009-10-16,850,850,850,850,200
2009-10-27,800,800,800,800,1700
2009-10-28,795,795,795,795,15900
2009-10-29,795,795,795,795,1500
2009-11-03,790,790,790,790,1000
2009-11-04,790,790,790,790,5400
2009-11-05,790,790,790,790,20100
2009-11-06,790,790,790,790,1400
2009-11-17,790,790,790,790,15100
2009-11-18,790,790,790,790,5100
2009-12-01,790,790,790,790,1300
2009-12-02,790,790,790,790,100
2009-12-04,790,790,790,790,800
2009-12-08,790,790,790,790,100
2009-12-09,790,790,790,790,100
2009-12-15,840,840,840,840,10000
2009-12-17,840,840,840,840,5100
2009-12-22,830,830,830,830,10100
2009-12-23,830,830,830,830,200
2009-12-24,830,830,830,830,1000
2009-12-28,830,830,830,830,1300
2009-12-29,830,830,830,830,200
2009-12-30,830,830,830,830,9400
2009-12-31,830,830,830,830,42700
2010-01-04,830,830,830,830,5600
2010-01-05,835,835,835,835,20000
2010-01-06,835,835,835,835,1800
2010-01-08,835,835,835,835,3900
2010-01-11,790,790,790,790,4400
2010-01-18,835,835,835,835,1900
2010-01-19,835,835,835,835,13600
2010-01-20,835,835,835,835,500
2010-01-21,835,835,835,835,4400
2010-01-22,835,835,835,835,500
2010-02-02,835,835,835,835,1600
2010-02-11,835,835,835,835,600
2010-02-16,835,835,835,835,200
2010-02-19,835,835,835,835,500
2010-02-25,860,860,860,860,900
2010-03-03,870,870,870,870,1400
2010-03-08,870,870,870,870,400
2010-03-09,870,870,870,870,5000
2010-03-26,870,870,870,870,17400
2010-03-29,870,870,870,870,4100
2010-04-01,870,870,870,870,500
2010-04-12,870,870,870,870,300
2010-04-14,870,870,870,870,700
2010-04-19,935,935,935,935,1100
2010-04-20,935,935,935,935,3900
2010-04-27,935,935,935,935,1000
2010-05-03,935,935,935,935,3700
2010-05-05,935,935,935,935,5100
2010-05-06,935,935,935,935,5800
2010-05-07,930,930,930,930,3900
2010-05-10,930,930,930,930,1200
2010-05-11,930,930,930,930,5700
2010-05-14,930,930,930,930,100
2010-06-01,930,930,930,930,1000
2010-06-14,920,920,920,920,800
2010-06-15,920,920,920,920,1700
2010-06-22,830,830,830,830,1500
2010-06-24,820,820,820,820,900
2010-06-29,850,850,850,850,11600
2010-07-01,913,913,913,913,10000
2010-07-15,890,890,890,890,1500
2010-07-16,890,890,890,890,200
2010-07-21,880,880,880,880,1000
2010-07-27,850,850,850,850,3100
2010-07-28,850,850,850,850,1500
2010-08-02,850,850,850,850,500
2010-08-03,820,820,820,820,30200
2010-08-04,760,760,760,760,3300
2010-08-06,800,800,800,800,1500
2010-08-09,800,800,800,800,1000
2010-08-12,790,790,790,790,2400
2010-08-13,810,810,810,810,1100
2010-08-16,850,850,850,850,1300
2010-08-17,820,820,820,820,1100
2010-08-18,820,820,820,820,300
2010-08-19,810,810,810,810,1100
2010-08-26,810,810,810,810,1600
2010-08-30,800,800,800,800,1000
2010-08-31,790,790,790,790,2000
2010-09-01,790,790,790,790,500
2010-09-02,780,780,780,780,1000
2010-09-03,780,780,780,780,200
2010-09-07,790,790,790,790,3000
2010-09-08,790,790,790,790,12400
2010-09-13,770,770,770,770,25000
2010-09-16,828,828,828,828,1600
2010-09-20,828,828,828,828,1200
2010-09-21,830,830,830,830,7700
2010-09-22,820,820,820,820,2000
2010-09-27,820,820,820,820,2000
2010-09-28,820,820,820,820,200
2010-09-30,830,830,830,830,2000
2010-10-06,840,840,840,840,900
2010-10-08,832,832,832,832,928900
2010-10-11,830,830,830,830,1200
2010-10-12,840,840,840,840,1100
2010-10-13,837,837,837,837,926900
2010-10-14,835,835,835,835,3600
2010-10-18,845,845,845,845,900
2010-10-20,845,845,845,845,2100
2010-10-21,908,908,908,908,2000
2010-10-22,900,900,900,900,1000
2010-10-25,851,851,851,851,3000
2010-10-26,810,810,810,810,733900
2010-11-03,860,860,860,860,5000
2010-11-04,860,860,860,860,1100
2010-11-05,870,870,870,870,10800
2010-11-08,870,870,870,870,500
2010-11-11,870,870,870,870,2100
2010-11-12,870,870,870,870,800
2010-11-17,870,870,870,870,1000
2010-11-18,900,900,900,900,2800
2010-11-19,900,900,900,900,5900
2010-11-23,885,885,885,885,5000
2010-11-24,885,885,885,885,5800
2010-11-30,900,900,900,900,1300
2010-12-01,900,900,900,900,200
2010-12-02,900,900,900,900,1600
2010-12-06,900,900,900,900,10100
2010-12-14,900,900,900,900,100
2010-12-16,900,900,900,900,400
2010-12-24,900,900,900,900,4400
2010-12-28,900,900,900,900,900
2011-01-04,900,900,900,900,1000
2011-01-05,900,900,900,900,1000
2011-01-07,900,900,900,900,1300
2011-01-11,900,900,900,900,2300
2011-01-19,900,900,900,900,100
2011-01-24,880,880,880,880,800
2011-02-03,880,880,880,880,300
2011-04-12,880,880,880,880,800
2011-05-06,880,880,880,880,100
2011-05-10,880,880,880,880,1100
2011-05-11,878,878,878,878,5200
2011-05-12,878,878,878,878,2300
2011-05-13,878,878,878,878,200
2011-05-17,878,878,878,878,4300
2011-05-23,880,880,880,880,70700
2011-05-25,900,900,900,900,800
2011-05-31,900,900,900,900,200
2011-06-06,968,968,968,968,1000
2011-06-07,900,900,900,900,9900
2011-06-08,880,880,880,880,900
2011-06-09,900,900,900,900,1200
2011-06-10,900,900,900,900,3000
2011-06-14,900,900,900,900,1000
2011-06-17,833,833,833,833,10700
2011-06-22,770,770,770,770,219400
2011-06-23,750,750,750,750,23600
2011-06-24,750,750,750,750,22400
2011-07-06,750,750,750,750,12000
2011-07-07,750,750,750,750,1000
2011-07-08,770,770,770,770,800
2011-07-21,770,770,770,770,3500
2011-07-25,770,770,770,770,12400
2011-07-26,770,770,770,770,1000
2011-07-28,770,770,770,770,300
2011-07-29,740,740,740,740,2000
2011-08-02,720,720,720,720,6100
2011-08-03,720,720,720,720,4100
2011-08-10,751,751,751,751,1300
2011-08-11,720,720,720,720,1000
2011-08-12,720,720,720,720,1100
2011-08-16,730,730,730,730,1400
2011-08-17,735,735,735,735,2800
2011-08-23,760,760,760,760,6800
2011-08-26,761,761,761,761,3300
2011-09-02,761,761,761,761,5100
2011-09-06,780,780,780,780,11100
2011-09-07,780,780,780,780,2000
2011-09-08,780,780,780,780,4600
2011-09-09,789,789,789,789,1000
2011-09-12,800,800,800,800,800
2011-09-14,800,800,800,800,10600
2011-09-15,800,800,800,800,800
2011-09-16,800,800,800,800,5000
2011-09-20,800,800,800,800,5000
2011-09-22,800,800,800,800,100
2011-09-23,810,810,810,810,25800
2011-09-26,800,800,800,800,10200
2011-09-28,790,790,790,790,900
2011-09-30,790,790,790,790,300
2011-10-03,790,790,790,790,1700
2011-10-06,790,790,790,790,100
2011-10-07,790,790,790,790,2900
2011-10-12,790,790,790,790,1300
2011-10-25,800,800,800,800,23500
2011-11-14,800,800,800,800,400
2011-11-18,770,770,770,770,2000
2011-11-22,770,770,770,770,5300
2011-11-23,770,770,770,770,300
2011-11-24,770,770,770,770,300
2011-11-29,770,770,770,770,44600
2011-12-12,750,750,750,750,7100
2011-12-14,750,750,750,750,10200
2011-12-29,740,740,740,740,1400
2012-01-03,740,740,740,740,300
2012-01-04,740,740,740,740,1100
2012-01-17,740,740,740,740,19500
2012-01-18,740,740,740,740,1300
2012-01-19,730,730,730,730,2000
2012-01-20,730,730,730,730,1100
2012-01-27,700,700,700,700,2000
2012-01-30,700,700,700,700,4600
2012-02-02,700,700,700,700,400
2012-02-06,710,710,710,710,1200
2012-02-07,730,730,730,730,800
2012-02-09,730,730,730,730,300
2012-02-17,701,701,701,701,1600
2012-02-20,701,701,701,701,500
2012-02-24,701,701,701,701,800
2012-02-27,701,701,701,701,3500
2012-02-28,705,705,705,705,1100
2012-03-09,720,720,720,720,800
2012-03-15,720,720,720,720,3200
2012-03-19,720,720,720,720,4500
2012-03-20,720,720,720,720,400
2012-03-21,720,720,720,720,200
2012-03-23,720,720,720,720,600
2012-03-28,720,720,720,720,100
2012-03-30,720,720,720,720,500
2012-04-03,720,720,720,720,1100
2012-04-04,720,720,720,720,4500
2012-04-05,720,720,720,720,7300
2012-04-06,720,720,720,720,3500
2012-04-13,720,720,720,720,1100
2012-04-18,725,725,725,725,1000
2012-04-19,770,770,770,770,1000
2012-04-20,775,775,775,775,2700
2012-04-23,720,720,720,720,3000
2012-04-24,720,720,720,720,1500
2012-04-30,720,720,720,720,900
2012-05-04,770,770,770,770,7100
2012-05-07,800,800,800,800,20000
2012-05-15,801,801,801,801,7000
2012-05-16,800,800,800,800,65000
2012-05-18,800,800,800,800,10000
2012-05-21,799,799,799,799,5000
2012-05-23,775,775,775,775,10800
2012-06-01,775,775,775,775,3400
2012-06-04,775,775,775,775,500
2012-06-05,775,775,775,775,1000
2012-06-11,800,800,800,800,2500
2012-06-13,801,801,801,801,5000
2012-06-15,800,800,800,800,5300
2012-06-20,800,800,800,800,200
2012-06-22,800,800,800,800,400
2012-06-28,810,810,810,810,1300
2012-06-29,810,810,810,810,500
2012-07-06,810,810,810,810,500
2012-07-09,810,810,810,810,500
2012-07-10,810,810,810,810,1000
2012-07-11,810,810,810,810,2100
2012-07-13,800,800,800,800,800
2012-07-17,800,800,800,800,2000
2012-07-23,810,810,810,810,4600
2012-07-27,810,810,810,810,400
2012-07-30,820,820,820,820,5400
2012-08-03,880,880,880,880,9200
2012-08-09,880,880,880,880,5400
2012-08-10,880,880,880,880,5000
2012-08-17,880,880,880,880,200
2012-08-24,814,814,814,814,900
2012-08-27,814,814,814,814,45800
2012-08-28,875,875,875,875,800
2012-08-31,811,811,811,811,2500
2012-09-03,811,811,811,811,4200
2012-09-04,811,811,811,811,3300
2012-09-12,811,811,811,811,300
2012-09-13,811,811,811,811,500
2012-09-17,811,811,811,811,2100
2012-09-20,811,811,811,811,400
2012-09-27,811,811,811,811,1000
2012-10-02,811,811,811,811,500
2012-10-03,811,811,811,811,1000
2012-10-11,850,850,850,850,1300
2012-10-17,810,810,810,810,9000
2012-10-19,810,810,810,810,6600
2012-10-23,810,810,810,810,2000
2012-10-29,850,850,850,850,1000
2012-10-30,850,850,850,850,12300
2012-10-31,850,850,850,850,1700
2012-11-07,850,850,850,850,21000
2012-11-08,860,860,860,860,1600
2012-11-09,860,860,860,860,100
2012-11-12,870,870,870,870,1500
2012-11-13,850,850,850,850,1000
2012-11-20,875,875,875,875,3400
2012-11-27,875,875,875,875,2000
2012-11-30,875,875,875,875,600
2012-12-03,875,875,875,875,400
2012-12-04,875,875,875,875,200
2012-12-05,876,876,876,876,1800
2012-12-10,860,860,860,860,3500
2012-12-14,860,860,860,860,700
2012-12-18,865,865,865,865,2200
2012-12-20,920,920,920,920,2000
2012-12-26,920,920,920,920,1100
2013-01-03,930,930,930,930,1100
2013-01-09,935,935,935,935,1600
2013-01-11,935,935,935,935,600
2013-01-15,935,935,935,935,1700
2013-01-28,930,930,930,930,1500
2013-01-30,930,930,930,930,100
2013-01-31,930,930,930,930,1400
2013-02-01,930,930,930,930,600
2013-02-06,930,930,930,930,400
2013-02-11,930,930,930,930,500
2013-02-12,930,930,930,930,400
2013-02-15,933,933,933,933,7400
2013-02-19,933,933,933,933,500
2013-03-04,933,933,933,933,5100
2013-03-06,933,933,933,933,700
2013-03-08,1000,1000,1000,1000,1800
2013-03-11,933,933,933,933,3000
2013-03-18,933,933,933,933,1200
2013-03-21,933,933,933,933,300
2013-03-22,933,933,933,933,1200
2013-03-26,933,933,933,933,3000
2013-04-03,933,933,933,933,900
2013-04-09,935,935,935,935,1200
2013-04-10,950,950,950,950,13900
2013-04-11,1000,1000,1000,1000,1000
2013-04-15,950,950,950,950,2600
2013-04-23,950,950,950,950,7600
2013-04-24,1000,1000,1000,1000,5000
2013-04-25,1000,1000,1000,1000,200
2013-04-30,1000,1000,1000,1000,500
2013-05-06,1000,1000,1000,1000,1700
2013-05-10,1000,1000,1000,1000,1000
2013-05-13,1000,1000,1000,1000,1500
2013-05-22,1000,1000,1000,1000,9400
2013-05-23,1000,1000,1000,1000,4000
2013-05-28,1075,1075,1075,1075,1000
2013-05-29,1000,1000,1000,1000,2000
2013-05-30,1000,1000,1000,1000,200
2013-05-31,1010,1010,1010,1010,3000
2013-06-03,1075,1075,1075,1075,1500
2013-06-05,1075,1075,1075,1075,1500
2013-06-06,1075,1075,1075,1075,7400
2013-06-12,1075,1075,1075,1075,3000
2013-06-13,1075,1075,1075,1075,800
2013-06-14,1075,1075,1075,1075,500
2013-06-24,1010,1010,1010,1010,1200
2013-06-25,1010,1010,1010,1010,300
2013-06-26,1010,1010,1010,1010,200
2013-06-28,1010,1010,1010,1010,200
2013-07-04,1000,1000,1000,1000,9900
2013-07-11,1000,1000,1000,1000,20000
2013-07-12,1000,1000,1000,1000,6900
2013-07-15,1000,1000,1000,1000,5000
2013-07-18,1000,1000,1000,1000,1200
2013-07-19,1000,1000,1000,1000,7500
2013-07-23,1000,1000,1000,1000,2200
2013-07-25,1000,1000,1000,1000,200
2013-07-30,951,951,951,951,3800
2013-07-31,951,951,951,951,3300
2013-08-02,951,951,951,951,5400
2013-08-05,951,951,951,951,700
2013-08-06,951,951,951,951,2700
2013-08-23,951,951,951,951,5600
2013-08-29,960,960,960,960,1000
2013-08-30,960,960,960,960,1300
2013-09-02,960,960,960,960,800
2013-09-03,971,971,971,971,2500
2013-09-05,960,960,960,960,12000
2013-09-06,960,960,960,960,1400
2013-09-11,972,972,972,972,6300
2013-09-16,972,972,972,972,2000
2013-09-17,972,972,972,972,1000
2013-09-18,980,980,972,972,9300
2013-09-23,972,972,972,972,700
2013-09-24,972,972,972,972,100
2013-09-27,972,981,972,981,600
2013-09-30,980,980,980,980,900
2013-10-01,980,980,980,980,6700
2013-10-02,1000,1000,1000,1000,300
2013-10-03,1075,1075,1075,1075,10000
2013-10-04,1075,1075,1075,1075,12800
2013-10-10,1070,1075,1070,1075,31700
2013-10-14,1055,1055,1055,1055,100
2013-10-16,1100,1100,1100,1100,200
2013-10-18,1100,1100,1100,1100,4800
2013-10-28,1065,1065,1065,1065,4000
2013-10-29,1065,1065,1065,1065,600
2013-10-30,1145,1145,1145,1145,400
2013-10-31,1150,1168,1150,1168,24500
2013-11-04,1250,1255,1250,1255,20000
2013-11-05,1349,1349,1349,1349,200
2013-11-07,1300,1450,1300,1450,10500
2013-11-08,1349,1349,1349,1349,1000
2013-11-11,1350,1350,1350,1350,1000
2013-11-13,1450,1451,1360,1360,10900
2013-11-14,1462,1462,1462,1462,100
2013-11-19,1400,1400,1400,1400,100
2013-11-20,1410,1410,1410,1410,6400
2013-11-21,1400,1410,1400,1410,7400
2013-11-22,1390,1390,1390,1390,300
2013-11-25,1410,1410,1410,1410,1100
2013-11-26,1400,1400,1400,1400,100
2013-11-27,1395,1395,1395,1395,200
2013-11-28,1410,1412,1410,1412,22000
2013-12-02,1450,1450,1450,1450,100
2013-12-03,1440,1440,1440,1440,1000
2013-12-05,1440,1440,1440,1440,600
2013-12-06,1440,1440,1440,1440,500
2013-12-09,1450,1450,1450,1450,200
2013-12-10,1450,1450,1450,1450,50000
2013-12-11,1450,1550,1450,1550,2500
2013-12-13,1650,1650,1650,1650,1000
2013-12-17,1560,1560,1560,1560,400
2013-12-19,1456,1456,1456,1456,12500
2013-12-20,1485,1485,1485,1485,1900
2013-12-23,1515,1515,1461,1515,2400
2013-12-24,1515,1625,1515,1625,2100
2013-12-26,1645,1746,1645,1746,5100
2013-12-31,1740,1870,1740,1870,2700
2014-01-03,1900,1900,1900,1900,10000
2014-01-07,1980,1980,1980,1980,200
2014-01-14,1980,1980,1900,1900,3000
2014-01-16,1890,1890,1890,1890,600
2014-01-22,1890,1890,1890,1890,200
2014-01-24,1890,1890,1890,1890,2500
2014-01-27,1890,1890,1890,1890,6200
2014-02-03,1890,1890,1890,1890,100
2014-02-11,1748,1748,1748,1748,2000
2014-02-13,1750,1750,1720,1720,800
2014-02-20,1720,1720,1630,1630,500
2014-02-21,1630,1630,1630,1630,300
2014-02-24,1600,1600,1600,1600,200
2014-02-26,1600,1600,1600,1600,100
2014-02-27,1600,1600,1600,1600,1000
2014-03-03,1590,1600,1590,1600,6500
2014-03-05,1550,1550,1550,1550,200
2014-03-06,1550,1550,1550,1550,100
2014-03-07,1550,1550,1550,1550,1700
2014-03-10,1550,1550,1550,1550,400
2014-03-12,1550,1550,1550,1550,1500
2014-03-14,1550,1550,1550,1550,6800
2014-03-17,1519,1519,1519,1519,600
2014-03-19,1519,1519,1519,1519,100
2014-03-24,1519,1519,1519,1519,7000
2014-03-26,1520,1520,1520,1520,1700
2014-03-27,1520,1520,1520,1520,2200
2014-03-28,1530,1530,1520,1520,5200
2014-03-31,1520,1520,1520,1520,300
2014-04-02,1550,1550,1550,1550,200
2014-04-03,1520,1520,1520,1520,500
2014-04-04,1560,1560,1560,1560,10000
2014-04-07,1520,1520,1520,1520,300
2014-04-08,1510,1510,1510,1510,800
2014-04-09,1510,1520,1510,1520,5300
2014-04-15,1520,1520,1520,1520,200
2014-04-17,1550,1550,1550,1550,19200
2014-04-18,1550,1550,1520,1520,7500
2014-04-22,1560,1560,1560,1560,500
2014-04-28,1580,1580,1530,1530,700
2014-04-29,1520,1530,1520,1530,200
2014-04-30,1520,1530,1520,1530,1000
2014-05-05,1520,1520,1520,1520,700
2014-05-06,1520,1520,1500,1500,2200
2014-05-09,1470,1470,1470,1470,3300
2014-05-12,1450,1450,1450,1450,1300
2014-05-13,1450,1450,1450,1450,4200
2014-05-14,1430,1460,1421,1460,9200
2014-05-16,1500,1500,1500,1500,5400
2014-05-19,1550,1613,1550,1613,400
2014-05-21,1560,1560,1560,1560,300
2014-05-30,1560,1560,1560,1560,600
2014-06-02,1560,1560,1560,1560,4500
2014-06-03,1560,1600,1560,1600,16700
2014-06-05,1605,1605,1605,1605,2000
2014-06-10,1605,1605,1605,1605,300
2014-06-11,1620,1700,1620,1700,3200
2014-06-13,1625,1625,1625,1625,300
2014-06-16,1650,1650,1650,1650,300
2014-06-18,1625,1625,1530,1530,1100
2014-06-25,1480,1480,1480,1480,100
2014-06-26,1500,1500,1500,1500,100
2014-06-27,1500,1500,1500,1500,200
2014-07-07,1480,1480,1480,1480,100
2014-07-08,1500,1500,1500,1500,400
2014-07-09,1500,1500,1500,1500,700
2014-07-10,1500,1500,1500,1500,1800
2014-07-11,1500,1500,1500,1500,2100
2014-07-14,1500,1500,1500,1500,1100
2014-07-17,1500,1550,1500,1550,3000
2014-07-18,1551,1551,1500,1510,7600
2014-07-22,1530,1530,1530,1530,200
2014-07-23,1530,1530,1530,1530,5600
2014-07-25,1530,1530,1530,1530,200
2014-07-29,1530,1530,1530,1530,5700
2014-07-31,1530,1530,1530,1530,100
2014-08-04,1550,1550,1530,1530,3000
2014-08-06,1530,1530,1530,1530,700
2014-08-11,1530,1530,1530,1530,8200
2014-08-13,1531,1531,1531,1531,300
2014-08-14,1531,1531,1531,1531,100
2014-08-20,1531,1531,1530,1530,20600
2014-08-22,1550,1550,1550,1550,1700
2014-08-28,1550,1550,1550,1550,500
2014-09-01,1600,1600,1600,1600,1000
2014-09-02,1550,1550,1550,1550,10000
2014-09-03,1550,1581,1550,1581,8500
2014-09-04,1581,1581,1581,1581,1200
2014-09-05,1551,1600,1551,1600,20000
2014-09-10,1551,1551,1551,1551,2000
2014-09-11,1570,1570,1570,1570,200
2014-09-12,1570,1570,1570,1570,800
2014-09-15,1600,1600,1600,1600,100
2014-09-16,1600,1600,1600,1600,300
2014-09-18,1600,1600,1550,1550,320400
2014-09-23,1550,1550,1550,1550,400
2014-09-24,1600,1600,1600,1600,6200
2014-09-26,1600,1600,1600,1600,100
2014-09-30,1600,1610,1600,1600,32200
2014-10-02,1600,1600,1600,1600,3600
2014-10-06,1600,1600,1600,1600,1900
2014-10-07,1600,1600,1600,1600,1000
2014-10-08,1590,1600,1590,1600,1600
2014-10-09,1600,1600,1580,1580,1900
2014-10-10,1580,1580,1580,1580,200
2014-10-13,1580,1600,1580,1600,400
2014-10-15,1600,1600,1570,1570,3800
2014-10-17,1600,1600,1600,1600,100
2014-10-21,1600,1600,1600,1600,9600
2014-10-24,1595,1595,1595,1595,500
2014-10-28,1595,1620,1595,1620,60000
2014-10-30,1600,1600,1600,1600,100
2014-10-31,1600,1600,1600,1600,700
2014-11-03,1650,1650,1650,1650,200
2014-11-04,1620,1620,1600,1600,5000
2014-11-05,1600,1600,1600,1600,200
2014-11-06,1600,1600,1600,1600,300
2014-11-10,1600,1600,1600,1600,100
2014-11-13,1610,1650,1610,1650,600
2014-11-18,1650,1774,1650,1774,1000
2014-11-21,1650,1650,1650,1650,3000
2014-11-25,1650,1650,1650,1650,2500
2014-11-27,1630,1630,1605,1605,2000
2014-11-28,1600,1610,1600,1610,500
2014-12-02,1600,1600,1600,1600,100
2014-12-05,1600,1600,1600,1600,10000
2014-12-10,1610,1610,1610,1610,500
2014-12-11,1610,1610,1610,1610,1000
2014-12-12,1610,1610,1610,1610,6800
2014-12-15,1610,1730,1610,1730,1100
2014-12-16,1730,1730,1730,1730,500
2014-12-17,1720,1730,1720,1730,600
2014-12-18,1730,1730,1730,1730,923900
2014-12-22,1720,1859,1720,1859,74000
2014-12-23,1998,1998,1750,1900,944200
2014-12-24,1950,1950,1950,1950,2500
2014-12-26,1911,1950,1911,1950,600
2014-12-29,1850,1950,1850,1950,5100
2014-12-31,1940,2000,1940,2000,20000
2015-01-06,2000,2000,2000,2000,100
2015-01-08,1999,2000,1999,2000,300
2015-01-28,1850,1980,1850,1980,2500
2015-01-29,1980,1980,1980,1980,31000
2015-02-03,1941,1941,1941,1941,3000
2015-02-04,1941,1970,1941,1970,500
2015-02-10,1941,1941,1850,1850,1900
2015-02-11,1970,1970,1970,1970,500
2015-02-12,1970,1970,1970,1970,200
2015-02-20,1950,1950,1950,1950,500
2015-02-24,1950,1950,1950,1950,200
2015-02-26,1855,1855,1855,1855,1500
2015-02-27,1855,1900,1855,1900,1300
2015-03-03,1890,1890,1890,1890,1200
2015-03-04,1890,1890,1890,1890,1000
2015-03-05,1900,1900,1900,1900,4000
2015-03-12,1900,1900,1900,1900,100
2015-03-13,1900,1900,1900,1900,4300
2015-03-16,1900,1900,1900,1900,100
2015-03-18,1900,1900,1900,1900,3400
2015-03-19,1890,1890,1870,1870,900
2015-03-20,1850,1850,1850,1850,300
2015-03-24,1850,1850,1850,1850,1900
2015-03-25,1850,1850,1830,1830,5700
2015-03-26,1830,1830,1830,1830,1300
2015-03-27,1866,1866,1866,1866,1000
2015-03-30,1850,1850,1830,1850,5300
2015-04-01,1850,1850,1850,1850,700
2015-04-02,1850,1850,1850,1850,3300
2015-04-03,1850,1850,1850,1850,320400
2015-04-07,1850,1850,1850,1850,80000
2015-04-10,1830,1830,1830,1830,5200
2015-04-14,1825,1825,1825,1825,400
2015-04-15,1825,1830,1825,1830,400
2015-04-22,1835,1835,1830,1830,8400
2015-04-23,1830,1830,1830,1830,300
2015-04-24,1830,1830,1830,1830,900
2015-04-28,1830,1830,1830,1830,400
2015-04-29,1830,1830,1830,1830,4600
2015-04-30,1830,1830,1830,1830,500
2015-05-04,1830,1830,1830,1830,600
2015-05-05,1830,1830,1830,1830,1000
2015-05-06,1830,1830,1830,1830,300
2015-05-07,1820,1830,1820,1830,2900
2015-05-13,1830,1830,1830,1830,36800
2015-05-19,1830,1830,1830,1830,400
2015-05-20,1967,1967,1967,1967,26400
2015-05-21,2115,2115,2110,2115,30700
2015-05-22,2273,2273,2215,2273,69300
2015-05-26,2440,2444,2430,2444,84400
2015-05-27,2444,2627,2444,2627,6700
2015-05-28,2600,2600,2600,2600,1300
2015-05-29,2590,2590,2444,2444,3200
2015-06-01,2261,2265,2261,2265,2500
2015-06-02,2400,2400,2265,2265,9300
2015-06-03,2310,2310,2270,2270,31800
2015-06-04,2428,2428,2389,2389,1400
2015-06-05,2569,2569,2569,2569,900
2015-06-08,2627,2761,2420,2761,45900
2015-06-09,2800,2949,2800,2949,2400
2015-06-10,2800,3170,2800,3170,6900
2015-06-11,2990,3405,2932,3405,91700
2015-06-12,3399,3399,3150,3250,49300
2015-06-15,3185,3200,3010,3200,8900
2015-06-16,3200,3200,3170,3170,3000
2015-06-17,3200,3200,3200,3200,28900
2015-06-18,3400,3440,3400,3440,10000
2015-06-19,3698,3698,3500,3500,176200
2015-06-22,3698,3763,3500,3763,4100
2015-06-23,3763,4045,3763,4044,46200
2015-06-24,4000,4320,4000,4320,83400
2015-06-25,4300,4300,4050,4050,1700
2015-06-26,4100,4100,4000,4050,5000
2015-06-29,3820,4000,3820,4000,4000
2015-06-30,3900,3990,3750,3900,3400
2015-07-02,3700,3700,3610,3610,3500
2015-07-03,3400,3500,3400,3500,1400
2015-07-06,3500,3500,3240,3500,66400
2015-07-07,3500,3500,3484,3500,5900
2015-07-08,3500,3500,3500,3500,3100
2015-07-09,3500,3510,3500,3500,12100
2015-07-10,3510,3763,3510,3763,12400
2015-07-13,4000,4045,3850,4045,16500
2015-07-15,4000,4340,4000,4295,55100
2015-07-16,4180,4180,4100,4150,24300
2015-07-20,4150,4180,4150,4180,22400
2015-07-21,4170,4290,4150,4200,14300
2015-07-22,4180,4250,4050,4200,123900
2015-07-23,4250,4250,4050,4249,169200
2015-07-24,4190,4200,4050,4200,55500
2015-07-27,3896,4515,3896,4500,50195
2015-07-28,4520,4837,4163,4600,110985
2015-07-29,4600,4760,4600,4700,28590
2015-07-30,4762,4837,4520,4800,59890
2015-07-31,4837,4900,4799,4900,14380
2015-08-03,4900,5000,4899,4900,22165
2015-08-04,5000,5020,4533,4563,65140
2015-08-05,4560,4800,4522,4522,15575
2015-08-06,4601,4680,4520,4580,4830
2015-08-10,4679,4679,4580,4678,12225
2015-08-11,4678,4700,4678,4700,6500
2015-08-12,4799,4799,4720,4720,2715
2015-08-13,4660,4660,4520,4600,23090
2015-08-14,4659,4659,4300,4600,26005
2015-08-17,4600,4659,4504,4600,1350
2015-08-18,4640,4700,4600,4640,30240
2015-08-19,4600,4799,4599,4700,115185
2015-08-20,4700,4800,4520,4800,6335
2015-08-21,4860,4860,4699,4699,5345
2015-08-24,4779,4780,4720,4780,2040
2015-08-25,4780,4840,4780,4800,360
2015-08-26,4800,4880,4800,4880,1665
2015-08-27,4890,4890,4840,4890,6635
2015-08-28,4890,4900,4881,4900,2145
2015-08-31,4900,4920,4900,4900,7845
2015-09-01,4900,5000,4900,4990,47235
2015-09-02,4999,5000,4941,4999,1135
2015-09-03,4980,4999,4940,4940,1300
2015-09-04,4900,5000,4800,4800,6645
2015-09-07,4900,4900,4840,4900,2675
2015-09-08,4851,4900,4851,4900,9120
2015-09-09,4900,4900,4800,4800,2140
2015-09-10,4800,4830,4751,4751,1605
2015-09-11,4820,4830,4800,4830,3340
2015-09-14,4800,4830,4800,4800,3705
2015-09-15,4800,4800,4760,4799,13410
2015-09-16,4799,4800,4780,4799,2790
2015-09-17,4710,4780,4700,4780,7090
2015-09-18,4780,4780,4550,4550,9090
2015-09-21,4550,4600,4550,4550,1270
2015-09-22,4580,4600,4540,4548,1425
2015-09-23,4600,4600,4522,4522,4200
2015-09-25,4700,4700,4540,4680,40335
2015-09-28,4720,4799,4720,4799,1580
2015-09-29,4701,4721,4701,4701,1280
2015-09-30,4721,4781,4721,4760,4275
2015-10-01,4740,4780,4700,4770,4485
2015-10-02,4780,4800,4770,4800,490
2015-10-05,4777,4800,4760,4770,1245
2015-10-06,4780,4780,4700,4769,3205
2015-10-07,4769,4769,4730,4760,885
2015-10-08,4759,4759,4751,4751,55
2015-10-09,4740,4740,4680,4700,2780
2015-10-12,4650,4699,4650,4699,695
2015-10-13,4680,4701,4680,4701,535
2015-10-14,4730,4750,4700,4700,950
2015-10-15,4701,4760,4700,4701,1600
2015-10-16,4700,4701,4700,4700,3455
2015-10-19,4700,4700,4699,4700,1665
2015-10-20,4700,4700,4699,4700,730
2015-10-21,4700,4800,4700,4800,8660
2015-10-22,4740,4800,4740,4800,4800
2015-10-23,4900,4900,4800,4800,3525
2015-10-26,4800,4800,4800,4800,250
2015-10-27,4800,4800,4780,4780,2470
2015-10-28,4779,4780,4779,4779,5925
2015-10-29,4778,4799,4778,4778,1800
2015-10-30,4778,4778,4700,4700,1185
2015-11-02,4700,4800,4700,4800,42245
2015-11-03,4780,4780,4700,4760,15935
2015-11-04,4700,4798,4700,4740,1345
2015-11-05,4760,4760,4680,4680,5555
2015-11-06,4700,4700,4680,4680,2065
2015-11-09,4700,4700,4649,4681,3890
2015-11-10,4740,4740,4681,4681,2740
2015-11-11,4680,4681,4600,4600,2875
2015-11-12,4677,4679,4600,4600,2410
2015-11-13,4640,4640,4589,4589,1030
2015-11-16,4560,4560,4268,4300,2540
2015-11-17,4300,4300,4200,4300,4610
2015-11-18,4300,4300,4000,4000,5930
2015-11-19,4300,4300,4200,4200,59315
2015-11-20,4200,4200,4200,4200,410
2015-11-23,4200,4201,4100,4180,5540
2015-11-24,4200,4300,4100,4200,4890
2015-11-25,4100,4360,4100,4100,19255
2015-11-26,4380,4400,4100,4390,4845
2015-11-27,4200,4700,4200,4600,112290
2015-11-30,4560,4699,4508,4699,54805
2015-12-01,4698,4699,4600,4600,425
2015-12-02,4560,4601,4560,4600,4520
2015-12-03,4660,4660,4599,4600,2120
2015-12-04,4599,4600,4599,4599,810
2015-12-07,4580,4580,4300,4300,240
2015-12-08,4300,4300,4300,4300,500
2015-12-09,4299,4300,4299,4300,1440
2015-12-10,4280,4280,4000,4000,1265
2015-12-11,4001,4100,4001,4001,785
2015-12-14,4000,4000,3900,3900,1730
2015-12-15,3900,3900,3608,3608,685
2015-12-16,3600,3872,3600,3870,8260
2015-12-17,3900,4000,3870,4000,1230
2015-12-18,3980,4000,3980,4000,1570
2015-12-21,3960,4290,3840,4290,2655
2015-12-22,4100,4100,4100,4100,6150
2015-12-23,4100,4290,3900,3900,38730
2015-12-28,3840,3840,3802,3802,665
2015-12-29,3880,3999,3880,3999,3730
2015-12-30,3900,4000,3803,3900,6215
2015-12-31,4001,4192,3800,4190,3320
2016-01-04,4061,4100,3920,3920,710
2016-01-05,3920,4000,3920,4000,1425
2016-01-06,4000,4000,4000,4000,1580
2016-01-07,4000,4000,4000,4000,375
2016-01-08,4000,4000,3920,3920,400
2016-01-11,3960,3980,3900,3980,1760
2016-01-12,3990,3999,3900,3900,1515
2016-01-13,3999,4000,3980,4000,3660
2016-01-14,4000,4000,3940,4000,4545
2016-01-15,4000,4000,3920,4000,3130
2016-01-18,4000,4000,3920,4000,1180
2016-01-19,3950,3960,3931,3931,225
2016-01-20,3931,4000,3900,4000,1605
2016-01-21,3900,4000,3900,4000,615
2016-01-22,3931,3999,3901,3901,385
2016-01-25,3979,3979,3840,3900,2705
2016-01-26,3898,3898,3800,3800,925
2016-01-27,3860,3860,3800,3800,785
2016-01-28,3799,3800,3799,3799,535
2016-01-29,3750,3800,3700,3760,1780
2016-02-01,3700,3800,3700,3730,1140
2016-02-02,3731,3800,3731,3779,185
2016-02-03,3799,3799,3700,3700,965
2016-02-04,3700,3700,3601,3601,1385
2016-02-05,3798,3860,3700,3860,11470
2016-02-08,3860,3900,3860,3860,605
2016-02-09,3860,3860,3760,3760,355
2016-02-10,3800,3800,3799,3799,980
2016-02-11,3799,3800,3798,3799,330
2016-02-12,3800,3800,3760,3760,1555
2016-02-15,3799,3800,3740,3760,575
2016-02-16,3760,3760,3640,3700,5125
2016-02-17,3700,3700,3650,3650,13080
2016-02-18,3660,3700,3600,3600,12620
2016-02-19,3600,3600,3521,3599,2450
2016-02-22,3599,3599,3461,3500,4800
2016-02-23,3461,3599,3460,3500,25475
2016-02-24,3500,3600,3460,3600,945
2016-02-25,3530,3700,3520,3700,23310
2016-02-26,3655,3660,3600,3600,930
2016-02-29,3700,3700,3500,3600,1260
2016-03-01,3600,3600,3599,3600,1400
2016-03-02,3599,3599,3595,3595,260
2016-03-03,3500,3594,3500,3594,1035
2016-03-04,3597,3598,3530,3598,685
2016-03-07,3594,3594,3568,3568,2060
2016-03-08,3568,3700,3566,3620,97240
2016-03-09,3700,3799,3700,3720,1635
2016-03-10,3700,3799,3700,3799,1575
2016-03-11,3799,3799,3700,3798,680
2016-03-14,3740,3780,3680,3680,825
2016-03-15,3626,3680,3626,3640,215
2016-03-16,3642,3700,3640,3700,715
2016-03-17,3700,3700,3700,3700,1225
2016-03-18,3740,3799,3700,3799,670
2016-03-21,3780,3800,3700,3760,895
2016-03-22,3740,3740,3690,3690,335
2016-03-23,3720,3760,3700,3760,275
2016-03-24,3760,3760,3700,3700,355
2016-03-25,3799,3799,3700,3700,1290
2016-03-29,3700,3740,3690,3740,275
2016-03-30,3799,3799,3700,3700,1705
2016-03-31,3700,3700,3600,3620,8875
2016-04-01,3690,3690,3560,3600,1620
2016-04-04,3600,3600,3560,3600,2210
2016-04-05,3600,3600,3550,3600,720
2016-04-06,3590,3600,3590,3600,710
2016-04-07,3600,3740,3600,3700,5125
2016-04-08,3700,3739,3700,3702,2965
2016-04-11,3720,3740,3700,3740,2405
2016-04-12,3739,3739,3701,3720,1130
2016-04-13,3740,3740,3700,3700,770
2016-04-14,3740,3740,3720,3730,770
2016-04-15,3730,3740,3700,3700,5915
2016-04-18,3700,3700,3620,3620,5700
2016-04-19,3620,3700,3601,3699,1695
2016-04-20,3686,3700,3630,3700,2095
2016-04-21,3700,3700,3680,3680,3975
2016-04-22,3661,3680,3600,3680,920
2016-04-25,3680,3680,3530,3600,7070
2016-04-26,3640,3679,3600,3600,19420
2016-04-27,3600,3600,3522,3522,1330
2016-04-28,3500,3500,3452,3500,5260
2016-04-29,3519,3600,3441,3441,10150
2016-05-03,3460,3500,3400,3400,19730
2016-05-04,3499,3499,3498,3498,2115
2016-05-06,3460,3460,3270,3420,13510
2016-05-09,3420,3420,3360,3399,590
2016-05-10,3380,3400,3360,3400,555
2016-05-11,3400,3400,3360,3400,1450
2016-05-12,3400,3499,3300,3499,51435
2016-05-13,3420,3440,3301,3302,7745
2016-05-17,3400,3500,3400,3500,720
2016-05-18,3500,3530,3401,3530,6445
2016-05-19,3530,3530,3530,3530,440
2016-05-20,3530,3530,3530,3530,1695
2016-05-23,3520,3520,3400,3400,12295
2016-05-24,3398,3401,3397,3401,241870
2016-05-25,3420,3420,3400,3400,560
2016-05-26,3400,3420,3400,3420,3065
2016-05-27,3410,3410,3340,3400,1225
2016-05-30,3420,3420,3340,3400,3015
2016-05-31,3400,3400,3360,3400,13815
2016-06-01,3400,3400,3303,3303,1130
2016-06-02,3400,3400,3357,3400,1230
2016-06-03,3400,3400,3357,3400,1440
2016-06-06,3401,3402,3400,3400,1710
2016-06-07,3400,3420,3399,3400,1565
2016-06-08,3400,3400,3360,3400,5760
2016-06-09,3440,3500,3440,3500,510
2016-06-10,3500,3530,3500,3530,1065
2016-06-13,3600,3730,3600,3700,1410
2016-06-14,3700,3730,3621,3730,1735
2016-06-15,3700,3700,3620,3679,65345
2016-06-16,3680,3700,3680,3700,1995
2016-06-17,3700,3700,3660,3660,1070
2016-06-20,3700,3700,3680,3680,980
2016-06-21,3701,3701,3560,3600,35405
2016-06-22,3600,3699,3600,3699,740
2016-06-23,3660,3700,3660,3700,286425
2016-06-24,3700,3712,3680,3712,1805
2016-06-27,3711,3740,3600,3600,2010
2016-06-28,3700,3700,3698,3698,2255
2016-06-29,3600,3600,3560,3580,42900
2016-06-30,3580,3600,3580,3590,1675
2016-07-01,3590,3590,3580,3580,1340
2016-07-04,3580,3580,3520,3520,715
2016-07-05,3559,3559,3500,3558,2585
2016-07-07,3558,3558,3500,3556,2405
2016-07-08,3500,3500,3440,3500,1240
2016-07-11,3440,3556,3400,3400,4110
2016-07-12,3400,3400,3350,3350,27030
2016-07-13,3399,3399,3350,3360,560
2016-07-14,3350,3360,3340,3340,2595
2016-07-15,3300,3340,3200,3200,2175
2016-07-18,3340,3340,3339,3339,85
2016-07-19,3290,3340,3259,3260,3270
2016-07-20,3259,3259,3016,3200,390
2016-07-21,3200,3280,3200,3240,2535
2016-07-22,3240,3300,3180,3180,2195
2016-07-25,3320,3340,3200,3200,5345
2016-07-26,3200,3200,3200,3200,1930
2016-07-27,3202,3220,3202,3202,1530
2016-07-28,3340,3340,3212,3212,1385
2016-07-29,3220,3300,3220,3300,185
2016-08-01,3300,3400,3300,3400,1900
2016-08-02,3400,3401,3400,3401,1130
2016-08-03,3400,3401,3400,3400,955
2016-08-04,3400,3401,3399,3400,1035
2016-08-05,3400,3400,3400,3400,495
2016-08-09,3390,3401,3380,3380,4290
2016-08-10,3380,3400,3361,3400,1380
2016-08-11,3400,3401,3360,3360,725
2016-08-12,3421,3500,3400,3400,810
2016-08-16,3380,3400,3380,3380,570
2016-08-17,3380,3400,3360,3400,2725
2016-08-18,3499,3500,3350,3350,6565
2016-08-19,3400,3500,3400,3500,350
2016-08-22,3500,3500,3480,3480,1095
2016-08-23,3440,3440,3420,3420,1025
2016-08-24,3490,3596,3490,3596,1755
2016-08-25,3596,3865,3596,3865,73110
2016-08-26,3865,4154,3864,3865,14815
2016-08-29,3866,3980,3866,3870,33975
2016-08-30,3880,3880,3865,3865,795
2016-08-31,3865,4000,3700,4000,149685
2016-09-01,4000,4000,3999,4000,1105
2016-09-02,3999,3999,3900,3900,1495
2016-09-05,3890,3890,3799,3799,5415
2016-09-06,3820,3820,3799,3799,255
2016-09-07,3780,3999,3780,3900,1995
2016-09-08,3900,3980,3840,3980,1100
2016-09-09,3900,3900,3820,3820,1005
2016-09-13,3820,3820,3700,3700,1815
2016-09-14,3630,3800,3540,3600,51105
2016-09-15,3800,3800,3600,3800,260
2016-09-16,3720,3980,3720,3900,920
2016-09-19,3860,3960,3820,3900,3205
2016-09-20,3840,3860,3799,3860,985
2016-09-21,3600,3600,3600,3600,895
2016-09-22,3600,3600,3500,3500,1410
2016-09-23,3500,3599,3400,3400,1615
2016-09-26,3400,3500,3400,3400,985
2016-09-27,3600,3655,3500,3655,1735
2016-09-28,3601,3899,3600,3600,3035
2016-09-29,3700,3700,3600,3600,835
2016-09-30,3600,3600,3500,3600,95
2016-10-03,3580,3600,3500,3500,410
2016-10-04,3500,3500,3401,3499,1490
2016-10-05,3500,3700,3500,3698,565
2016-10-06,3421,3421,3421,3421,45
2016-10-07,3380,3400,3240,3400,4375
2016-10-10,3400,3400,3400,3400,760
2016-10-11,3400,3400,3399,3399,595
2016-10-12,3398,3400,3380,3399,9305
2016-10-13,3400,3400,3332,3398,235
2016-10-14,3390,3399,3340,3399,740
2016-10-17,3380,3400,3380,3398,470
2016-10-18,3399,3399,3360,3380,445
2016-10-19,3398,3400,3340,3400,2505
2016-10-20,3400,3400,3398,3398,240
2016-10-21,3398,3400,3398,3400,465
2016-10-24,3398,3400,3302,3400,750
2016-10-25,3399,3400,3240,3320,1465
2016-10-26,3320,3320,3071,3071,2405
2016-10-27,3200,3220,3071,3081,3145
2016-10-28,3140,3210,3140,3210,155
2016-10-31,3300,3400,3140,3400,5445
2016-11-02,3400,3500,3400,3500,175
2016-11-03,3520,3520,3500,3500,1430
2016-11-04,3500,3500,3400,3400,305
2016-11-07,3200,3400,3145,3400,3410
2016-11-08,3320,3398,3320,3320,275
2016-11-09,3300,3300,3200,3200,245
2016-11-10,3200,3200,3101,3200,1450
2016-11-11,3199,3260,3199,3260,1605
2016-11-14,3260,3400,3260,3340,705
2016-11-16,3340,3480,3260,3480,650
2016-11-17,3479,3480,3399,3480,1480
2016-11-18,3460,3480,3330,3480,126965
2016-11-21,3400,3400,3400,3400,485
2016-11-22,3400,3500,3300,3500,11260
2016-11-23,3400,3600,3340,3600,49410
2016-11-24,3599,3600,3400,3400,205
2016-11-25,3300,3500,3260,3260,630
2016-11-28,3399,3400,3399,3400,435
2016-11-29,3400,3600,3400,3600,240
2016-11-30,3600,3700,3600,3700,9400
2016-12-01,3700,3700,3423,3423,225970
2016-12-02,3400,3400,3339,3339,4020
2016-12-05,3340,3340,3340,3340,310
2016-12-06,3338,3400,3200,3400,3885
2016-12-07,3200,3600,3200,3600,465
2016-12-08,3410,3410,3400,3400,455
2016-12-09,3400,3400,3400,3400,635
2016-12-13,3400,3600,3300,3600,3745
2016-12-14,3600,3600,3599,3600,2000
2016-12-15,3599,3599,3400,3400,380
2016-12-16,3500,3500,3200,3200,320
2016-12-19,3201,3400,3200,3400,1410
2016-12-20,3300,3600,3300,3600,2380
2016-12-21,3600,3799,3600,3799,15605
2016-12-22,3600,3600,3515,3550,60070
2016-12-23,3400,3600,3400,3500,1640
2016-12-27,3600,3700,3500,3700,1915
2016-12-28,3500,3900,3500,3600,8380
2016-12-29,3700,3700,3680,3680,5620
2016-12-30,3680,3900,3680,3900,22420
2017-01-02,3900,3900,3700,3700,205
2017-01-03,3700,3899,3700,3899,265
2017-01-04,3899,3899,3700,3700,720
2017-01-05,3700,3700,3700,3700,450
2017-01-06,3698,3698,3600,3698,205
2017-01-09,3600,3600,3600,3600,65
2017-01-10,3600,3600,3600,3600,80
2017-01-11,3500,3600,3400,3600,1145
2017-01-12,3599,3600,3599,3600,805
2017-01-13,3600,3600,3580,3600,625
2017-01-16,3600,3600,3580,3580,195
2017-01-17,3580,3580,3500,3580,400
2017-01-18,3520,3520,3400,3500,315
2017-01-19,3420,3500,3420,3420,1125
2017-01-20,3500,3500,3500,3500,1585
2017-01-23,3480,3500,3400,3400,1445
2017-01-24,3400,3500,3320,3500,3025
2017-01-25,3580,3580,3400,3400,315
2017-01-26,3400,3400,3320,3400,520
2017-01-27,3500,3500,3380,3380,2770
2017-01-30,3380,3380,3203,3203,1360
2017-01-31,3299,3299,3200,3200,4710
2017-02-01,3299,3300,3260,3260,820
2017-02-02,3260,3290,3260,3290,1715
2017-02-03,3286,3290,3200,3200,4995
2017-02-06,3290,3290,3290,3290,650
2017-02-07,3290,3300,3280,3300,7775
2017-02-08,3320,3320,3201,3260,840
2017-02-09,3260,3279,3240,3240,1605
2017-02-10,3230,3280,3200,3200,4940
2017-02-13,3280,3280,3200,3200,805
2017-02-14,3200,3200,3180,3200,1505
2017-02-15,3200,3280,3180,3280,6750
2017-02-16,3300,3300,3180,3180,355
2017-02-17,3220,3220,3106,3200,1535
2017-02-20,3200,3220,3120,3220,2165
2017-02-21,3200,3300,3100,3300,4840
2017-02-22,3300,3400,3299,3400,4965
2017-02-23,3400,3400,3200,3200,880
2017-02-24,3110,3400,3110,3140,2025
2017-02-27,3200,3264,3150,3200,19680
2017-02-28,3400,3400,3150,3200,1255
2017-03-01,3200,3400,3141,3400,615
2017-03-02,3340,3340,3200,3200,12385
2017-03-03,3200,3200,3140,3140,990
2017-03-06,3358,3358,3200,3201,460
2017-03-07,3200,3400,3200,3200,10710
2017-03-08,3221,3399,3220,3399,670
2017-03-09,3200,3399,3200,3399,30
2017-03-10,3399,3400,3399,3400,630
2017-03-13,3380,3400,3380,3400,105
2017-03-14,3398,3400,3200,3400,450
2017-03-15,3340,3400,3200,3380,675
2017-03-16,3313,3313,3313,3313,490
2017-03-17,3313,3320,3210,3320,380
2017-03-20,3300,3320,3190,3320,530
2017-03-21,3320,3320,3300,3320,260
2017-03-22,3320,3320,3190,3190,1095
2017-03-23,3191,3400,3190,3300,2865
2017-03-24,3190,3299,3190,3190,220
2017-03-27,3200,3300,3200,3200,440
2017-03-28,3200,3201,3199,3199,190
2017-03-29,3190,3400,3160,3400,3750
2017-03-30,3200,3320,3200,3320,460
2017-03-31,3240,3300,3200,3200,735
2017-04-03,3240,3240,3200,3200,460
2017-04-04,3200,3201,3150,3200,445
2017-04-05,3151,3200,3144,3200,1500
2017-04-06,3199,3200,3100,3100,2880
2017-04-07,3100,3100,3040,3100,145
2017-04-10,3100,3100,3040,3040,1000
2017-04-11,3040,3040,3000,3000,505
2017-04-12,2940,2940,2800,2800,3585
2017-04-13,2760,2800,2590,2800,2995
2017-04-14,2800,2800,2800,2800,125
2017-04-18,2800,2800,2710,2720,5615
2017-04-19,2761,2899,2761,2899,1810
2017-04-20,2899,2900,2860,2860,1570
2017-04-21,2860,2900,2800,2800,3890
2017-04-24,2800,2800,2800,2800,335
2017-04-25,2770,2770,2600,2600,2735
2017-04-26,2740,2740,2600,2700,865
2017-04-27,2700,2900,2600,2900,1255
2017-04-28,2800,2800,2800,2800,175
2017-05-02,2800,2800,2700,2700,1140
2017-05-03,2800,2804,2600,2780,4830
2017-05-04,2780,2800,2759,2759,1250
2017-05-05,2725,2760,2599,2599,1815
2017-05-08,2600,2700,2599,2600,1235
2017-05-09,2795,2795,2600,2600,6445
2017-05-10,2795,2795,2600,2600,1545
2017-05-11,2600,2600,2600,2600,1165
2017-05-12,2600,2600,2500,2600,3965
2017-05-15,2600,2600,2600,2600,75
2017-05-16,2600,2600,2560,2560,2275
2017-05-17,2599,2600,2500,2600,2425
2017-05-18,2600,2600,2500,2600,725
2017-05-19,2600,2600,2500,2500,3795
2017-05-22,2600,2600,2450,2500,1070
2017-05-23,2600,2600,2500,2600,2120
2017-05-24,2600,2600,2599,2600,1315
2017-05-26,2548,2599,2501,2599,525
2017-05-29,2500,2599,2500,2599,2015
2017-05-30,2599,2600,2500,2600,1520
2017-05-31,2600,2680,2440,2679,16170
2017-06-01,2800,2800,2598,2599,1125
2017-06-02,2548,2600,2500,2600,1225
2017-06-06,2599,2600,2499,2600,2980
2017-06-07,2600,2781,2500,2781,3780
2017-06-08,2800,2800,2573,2573,460
2017-06-09,2700,2700,2580,2700,570
2017-06-12,2600,2600,2500,2501,390
2017-06-13,2500,2688,2400,2688,1415
2017-06-14,2640,2800,2600,2800,5585
2017-06-15,2790,2790,2760,2790,190
2017-06-16,2688,2688,2600,2600,110
2017-06-19,2700,2790,2599,2790,4200
2017-06-20,2790,2790,2600,2790,1140
2017-06-21,2998,2998,2998,2998,3425
2017-06-23,2899,2900,2799,2900,935
2017-06-27,2889,3000,2750,3000,134240
2017-06-28,2900,2980,2899,2980,770
2017-06-29,2800,2960,2798,2960,855
2017-06-30,2800,3000,2744,3000,9765
2017-07-03,2940,2940,2800,2939,955
2017-07-04,2900,2900,2900,2900,165
2017-07-05,2860,2999,2800,2999,3425
2017-07-06,2800,2800,2780,2780,1165
2017-07-07,2700,2700,2700,2700,1310
2017-07-10,2700,2740,2582,2740,1415
2017-07-11,2700,2940,2572,2940,26850
2017-07-12,2890,3140,2800,3140,32390
2017-07-13,2905,3000,2905,3000,90
2017-07-14,2800,2800,2780,2780,1385
2017-07-17,2798,2798,2599,2600,1900
2017-07-18,2600,2600,2405,2590,870
2017-07-19,2600,2620,2450,2500,3365
2017-07-20,2600,2687,2400,2687,2400
2017-07-21,2700,2700,2486,2486,975
2017-07-24,2600,2672,2300,2672,3595
2017-07-25,2472,2680,2472,2650,3865
2017-07-26,2848,2848,2800,2800,4600
2017-07-27,2799,2799,2650,2650,325
2017-07-28,2650,2650,2600,2600,15200
2017-07-31,2680,2700,2680,2700,595
2017-08-01,2700,2700,2498,2699,18760
2017-08-02,2700,2700,2497,2600,1180
2017-08-03,2700,2700,2600,2600,190
2017-08-04,2420,2700,2420,2700,315
2017-08-08,2699,2699,2598,2600,315
2017-08-09,2580,2700,2580,2700,1770
2017-08-10,2700,2700,2498,2498,2305
2017-08-11,2600,2680,2500,2540,4360
2017-08-14,2540,2540,2540,2540,510
2017-08-16,2700,2700,2498,2498,112460
2017-08-17,2599,2599,2340,2444,485
2017-08-18,2600,2600,2261,2261,1635
2017-08-21,2400,2400,2092,2092,485
2017-08-22,2248,2248,2100,2100,150
2017-08-23,2100,2180,1943,2080,4075
2017-08-24,2100,2100,1924,2000,6305
2017-08-25,2150,2150,1940,2000,890
2017-08-28,2100,2100,1940,1940,260
2017-08-29,1801,2000,1800,1800,1055
2017-08-30,1935,1935,1800,1935,6755
2017-08-31,1800,1900,1800,1900,475
2017-09-04,1900,1900,1900,1900,175
2017-09-05,1900,1900,1880,1880,805
2017-09-06,1879,2000,1879,2000,4880
2017-09-07,2000,2000,1880,2000,735
2017-09-08,1999,1999,1850,1998,515
2017-09-11,2000,2000,1990,1990,490
2017-09-12,1990,1990,1880,1880,805
2017-09-13,1940,1998,1940,1998,2085
2017-09-14,1998,2000,1998,2000,800
2017-09-15,1998,1998,1880,1880,275
2017-09-18,2000,2000,1960,1960,1455
2017-09-19,1999,1999,1880,1881,460
2017-09-20,1881,1999,1880,1999,690
2017-09-21,1999,2000,1879,2000,1995
2017-09-22,1999,2000,1850,1850,3680
2017-09-25,1850,1850,1712,1712,770
2017-09-26,1800,1840,1700,1840,2115
2017-09-27,1840,1978,1840,1978,1195
2017-09-28,1978,1978,1960,1978,150
2017-09-29,1978,2000,1974,2000,1230
2017-10-02,1900,2000,1900,2000,485
2017-10-03,1990,1990,1850,1990,260
2017-10-04,1990,1999,1990,1999,265
2017-10-05,1999,1999,1850,1997,1030
2017-10-06,1997,1997,1997,1997,20
2017-10-09,1992,1997,1850,1997,5115
2017-10-10,1899,1997,1852,1997,6235
2017-10-11,1990,1990,1990,1990,500
2017-10-12,1990,1990,1990,1990,50
2017-10-13,1990,2000,1990,1990,625
2017-10-16,2000,2000,1848,1990,520
2017-10-17,1990,1999,1990,1999,550
2017-10-18,1999,1999,1999,1999,50
2017-10-19,1900,2000,1900,2000,7710
2017-10-20,1997,1998,1850,1850,650
2017-10-23,1852,1988,1800,1988,2430
2017-10-25,1988,1988,1988,1988,1850
2017-10-26,1900,1900,1900,1900,735
2017-10-27,1900,1900,1900,1900,50
2017-10-30,1890,1890,1800,1800,65
2017-10-31,1800,1900,1800,1900,3325
2017-11-02,1758,1900,1758,1900,4920
2017-11-03,1862,1890,1862,1890,825
2017-11-06,1880,1899,1870,1899,850
2017-11-07,1758,1900,1758,1900,925
2017-11-08,1760,1980,1760,1980,3135
2017-11-09,1977,1977,1900,1977,345
2017-11-10,1829,1900,1829,1829,425
2017-11-13,1758,1966,1758,1966,1130
2017-11-14,1829,1829,1829,1829,55
2017-11-16,1829,1966,1820,1966,14035
2017-11-17,1970,1978,1820,1820,530
2017-11-20,1850,1956,1820,1820,29350
2017-11-21,1956,1956,1956,1956,25
2017-11-22,1956,2000,1940,2000,6045
2017-11-23,1960,1960,1900,1900,290
2017-11-24,1862,1899,1862,1899,200
2017-11-27,1899,1899,1820,1820,325
2017-11-28,1820,1899,1800,1899,2780
2017-11-29,1898,1999,1839,1999,11260
2017-11-30,1920,1920,1920,1920,105
2017-12-04,1899,1999,1899,1999,335
2017-12-05,1940,2000,1920,2000,3185
2017-12-06,1980,2000,1980,2000,1695
2017-12-07,2000,2150,1999,2150,4910
2017-12-08,2000,2000,1990,2000,1135
2017-12-11,1900,2100,1900,2100,125
2017-12-12,2000,2100,2000,2100,4420
2017-12-13,2100,2100,2100,2100,335
2017-12-14,2080,2080,1944,1944,35
2017-12-15,1944,1944,1900,1944,575
2017-12-18,1944,2000,1900,2000,715
2017-12-19,1960,2100,1960,2100,3745
2017-12-20,2080,2140,2080,2140,1055
2017-12-21,2098,2098,2098,2098,25
2017-12-22,2099,2140,2000,2140,720
2017-12-26,2300,2300,2300,2300,25
2017-12-27,2460,2472,2460,2472,90
2017-12-28,2400,2657,2400,2657,270
2017-12-29,2500,2780,2500,2780,22135
2018-01-03,2599,2600,2572,2572,5655
2018-01-04,2400,2400,2400,2400,90
2018-01-05,2400,2400,2400,2400,110
2018-01-08,2300,2300,2300,2300,125
2018-01-09,2140,2140,2140,2140,50
2018-01-10,2140,2260,2140,2260,110
2018-01-11,2250,2260,2140,2140,100
2018-01-12,2140,2140,2120,2120,260
2018-01-15,2000,2000,2000,2000,105
2018-01-16,2039,2039,2000,2000,1455
2018-01-17,2000,2120,1900,2120,3140
2018-01-18,2000,2160,2000,2160,950
2018-01-19,2140,2140,1998,1998,4685
2018-01-22,2000,2040,1998,2040,150
2018-01-23,2000,2080,2000,2020,1065
2018-01-24,2041,2171,1900,2171,3050
2018-01-25,2200,2200,2009,2040,225
2018-01-26,2140,2140,2000,2100,395
2018-01-29,2000,2000,1999,2000,205
2018-01-30,1920,1956,1887,1956,6630
2018-01-31,1970,2100,1930,2100,1455
2018-02-01,1960,1999,1943,1943,800
2018-02-02,1950,1950,1950,1950,55
2018-02-05,1950,1998,1900,1998,2170
2018-02-06,1998,2099,1911,2099,825
2018-02-07,2060,2200,1998,2200,1000
2018-02-08,2199,2200,2040,2040,1595
2018-02-09,2040,2040,2040,2040,1115
2018-02-12,2005,2190,1930,2190,4494
2018-02-13,2200,2200,2200,2200,130
2018-02-14,2210,2350,2110,2350,2730
2018-02-15,2395,2395,2200,2200,769
2018-02-16,2110,2285,2100,2185,2797
2018-02-19,2190,2200,2095,2095,394
2018-02-20,2100,2200,1950,2200,4755
2018-02-21,2200,2350,2035,2350,5829
2018-02-22,2300,2300,2200,2200,291
2018-02-23,2100,2190,2050,2150,3840
2018-02-26,2200,2215,2135,2150,1139
2018-02-27,2250,2300,2200,2200,876
2018-02-28,2200,2200,2180,2200,13405
2018-03-01,2195,2200,2155,2155,1980
2018-03-02,2150,2200,2150,2200,635
2018-03-05,2200,2200,2110,2200,1573
2018-03-06,2200,2200,2200,2200,1760
2018-03-07,2195,2200,2150,2200,21070
2018-03-08,2200,2200,2150,2200,2995
2018-03-09,2150,2150,2115,2115,1406
2018-03-12,2110,2150,1960,2000,10524
2018-03-13,2040,2040,2000,2000,2445
2018-03-14,2100,2150,2000,2150,6475
2018-03-15,2145,2150,2100,2100,982
2018-03-16,2100,2100,1950,2100,6542
2018-03-19,2000,2100,2000,2100,2373
2018-03-20,2000,2190,2000,2190,3796
2018-03-21,2100,2350,2050,2350,9375
2018-03-22,2340,2340,2175,2300,963
2018-03-23,2310,2330,2190,2250,1687
2018-03-26,2250,2250,2085,2250,1775
2018-03-27,2150,2250,2150,2225,3109
2018-03-28,2225,2340,2215,2340,10874
2018-03-29,2330,2330,2205,2330,6592
2018-03-30,2300,2300,2300,2300,12
2018-04-03,2130,2200,2130,2200,1210
2018-04-04,2200,2330,2100,2330,4435
2018-04-05,2275,2275,2200,2200,9
2018-04-06,2035,2050,2035,2035,1808
2018-04-09,2000,2185,2000,2185,2525
2018-04-10,2185,2250,2050,2250,20537
2018-04-11,2185,2330,2185,2330,2388
2018-04-12,2200,2325,2200,2325,925
2018-04-13,2200,2200,2180,2180,2249
2018-04-16,2110,2180,2050,2050,3418
2018-04-17,2055,2190,2055,2190,970
2018-04-18,2150,2330,2150,2330,4134
2018-04-19,2160,2160,2160,2160,358
2018-04-20,2160,2160,2100,2160,12696
2018-04-23,2060,2290,2050,2290,7376
2018-04-24,2290,2300,2200,2300,2050
2018-04-25,2300,2300,2150,2300,1191
2018-04-26,2285,2285,2285,2285,1146
2018-04-27,2285,2290,2115,2115,2561
2018-04-30,2200,2200,2200,2200,54
2018-05-02,2200,2200,2200,2200,336
2018-05-03,2190,2200,2110,2200,1698
2018-05-04,2190,2190,2050,2055,2459
2018-05-07,2150,2185,2050,2050,280
2018-05-08,2065,2200,2050,2200,1335
2018-05-11,2100,2200,2045,2150,9842
2018-05-14,2100,2200,1990,2000,8360
2018-05-15,2000,2150,1850,2150,3536
2018-05-16,2150,2185,2100,2100,7807
2018-05-17,2095,2100,1950,2000,1961
2018-05-18,2000,2100,1850,2100,3412
2018-05-22,2095,2100,2000,2050,1131
2018-05-23,2000,2050,2000,2050,824
2018-05-24,1960,2045,1900,1900,2187
2018-05-25,1900,2040,1900,2000,8308
2018-05-28,2000,2000,1950,2000,672
2018-05-29,2000,2000,1900,2000,324
2018-05-30,1995,1995,1950,1990,1394
2018-05-31,1970,1990,1950,1990,165
2018-06-01,1955,1980,1845,1845,1816
2018-06-04,1850,1900,1835,1900,917
2018-06-05,1900,1900,1875,1880,363
2018-06-06,1880,1900,1845,1900,3220
2018-06-07,1850,1880,1775,1775,6508
2018-06-08,1775,1800,1750,1800,323
2018-06-12,1850,1900,1850,1900,2060
2018-06-13,1890,1985,1890,1985,1595
2018-06-15,1900,1900,1900,1900,10202
2018-06-18,1870,1995,1870,1875,329
2018-06-19,1875,1900,1850,1900,1473
2018-06-20,1875,2000,1825,2000,1362
2018-06-21,1855,1985,1850,1950,787
2018-06-22,1820,1900,1810,1810,971
2018-06-25,1835,1945,1800,1900,5811
2018-06-26,1890,1890,1870,1885,153
2018-06-27,1890,1890,1850,1890,587
2018-06-28,1890,1890,1820,1890,348
2018-06-29,1890,1995,1750,1995,13746
2018-07-02,1960,2000,1960,1995,231
2018-07-03,1980,2000,1980,1995,930
2018-07-04,1990,1995,1985,1995,813
2018-07-05,1850,1850,1850,1850,577
2018-07-06,1850,1985,1755,1755,938
2018-07-09,1755,1800,1755,1800,1389
2018-07-10,1800,1800,1795,1800,1427
2018-07-11,1800,1925,1785,1925,1392
2018-07-12,1900,1900,1800,1800,85
2018-07-13,1925,1925,1920,1925,807
2018-07-16,1900,1985,1900,1950,3438
2018-07-17,1925,1980,1925,1980,1028
2018-07-18,1980,1980,1925,1975,140
2018-07-19,1975,1975,1925,1925,80
2018-07-20,1925,1950,1925,1925,1957
2018-07-23,1925,1925,1900,1900,230
2018-07-24,1900,1975,1850,1975,1524
2018-07-25,1900,1975,1900,1975,346
2018-07-26,1960,1960,1960,1960,215
2018-07-27,1950,1950,1950,1950,170
2018-07-30,1900,1950,1900,1950,999
2018-07-31,1925,1945,1910,1945,243
2018-08-01,1900,1900,1800,1900,1435
2018-08-02,1850,1900,1850,1900,25175
2018-08-03,1940,1940,1760,1935,3546
2018-08-08,1925,1940,1900,1940,519
2018-08-09,1935,1935,1800,1800,696
2018-08-10,1925,1925,1795,1920,1212
2018-08-13,1900,1900,1845,1895,285
2018-08-14,1895,1920,1800,1920,1100
2018-08-16,1900,1910,1900,1910,2276
2018-08-17,1910,1910,1800,1800,216
2018-08-20,1800,1800,1795,1800,2064
2018-08-22,1795,1895,1790,1895,3780
2018-08-23,1850,1850,1850,1850,55
2018-08-24,1855,1895,1850,1895,730
2018-08-27,1900,1950,1875,1950,1050
2018-08-28,1950,1950,1900,1950,118
2018-08-29,1900,1950,1880,1950,793
2018-08-30,1945,1950,1805,1805,1699
2018-08-31,1700,1900,1700,1900,6068
2018-09-03,1900,1900,1800,1800,82
2018-09-04,1755,1865,1750,1800,307
2018-09-05,1785,1800,1785,1800,442
2018-09-06,1800,1800,1700,1700,1946
2018-09-07,1790,1800,1790,1790,374
2018-09-10,1790,1795,1785,1790,436
2018-09-11,1750,1800,1750,1800,11115
2018-09-12,1795,1795,1780,1795,18050
2018-09-13,1750,1750,1745,1750,392
2018-09-14,1700,1725,1700,1725,61
2018-09-17,1720,1720,1600,1600,990
2018-09-18,1605,1710,1600,1710,8233
2018-09-19,1705,1705,1600,1705,290
2018-09-20,1705,1705,1695,1700,199
2018-09-21,1700,1710,1575,1700,3835
2018-09-24,1700,1705,1585,1585,1568
2018-09-25,1600,1700,1490,1700,21032
2018-09-26,1600,1700,1500,1700,1654
2018-09-27,1700,1700,1700,1700,115
2018-09-28,1690,1690,1690,1690,47
2018-10-01,1690,1700,1600,1695,1355
2018-10-02,1700,1700,1600,1600,1740
2018-10-03,1600,1675,1600,1670,261
2018-10-04,1625,1625,1625,1625,179
2018-10-05,1600,1625,1600,1625,480
2018-10-08,1650,1660,1580,1595,1289
2018-10-09,1600,1625,1595,1625,167
2018-10-10,1625,1625,1505,1620,1461
2018-10-11,1600,1600,1595,1600,1745
2018-10-12,1600,1600,1600,1600,250
2018-10-15,1595,1600,1550,1600,758
2018-10-16,1600,1600,1510,1510,1393
2018-10-17,1500,1500,1495,1495,61
2018-10-18,1490,1490,1395,1395,412
2018-10-19,1390,1395,1375,1375,4110
2018-10-22,1350,1350,1300,1300,254
2018-10-23,1280,1300,1280,1285,3021
2018-10-24,1285,1285,1190,1280,112
2018-10-25,1280,1290,1270,1290,4036
2018-10-26,1290,1290,1280,1290,114
2018-10-29,1290,1350,1250,1350,4918
2018-10-30,1345,1350,1325,1325,490
2018-10-31,1325,1420,1325,1420,3657
2018-11-02,1430,1520,1400,1510,3476
2018-11-05,1530,1540,1510,1510,3285
2018-11-06,1510,1510,1400,1510,1745
2018-11-08,1495,1550,1450,1550,4194
2018-11-09,1600,1600,1600,1600,1018
2018-11-12,1600,1600,1550,1555,553
2018-11-13,1550,1550,1450,1500,998
2018-11-14,1500,1500,1500,1500,1158
2018-11-16,1500,1500,1400,1440,4750
2018-11-19,1370,1400,1350,1350,4361
2018-11-21,1345,1390,1300,1390,6233
2018-11-22,1290,1310,1290,1290,2967
2018-11-23,1250,1300,1195,1300,6145
2018-11-26,1300,1300,1265,1270,11282
2018-11-27,1250,1290,1175,1290,3933
2018-11-28,1290,1300,1290,1290,8730
2018-11-29,1285,1285,1195,1280,2393
2018-11-30,1250,1250,1250,1250,30
2018-12-03,1250,1250,1200,1225,3843
2018-12-04,1220,1220,1150,1150,2490
2018-12-05,1215,1220,1100,1150,3432
2018-12-06,1100,1150,1100,1105,5542
2018-12-07,1110,1185,1080,1150,1747
2018-12-10,1150,1235,1150,1235,1744
2018-12-11,1200,1250,1180,1235,10828
2018-12-12,1235,1235,1220,1220,18473
2018-12-13,1200,1300,1130,1150,25264
2018-12-14,1200,1200,1065,1065,14848
2018-12-17,1050,1100,1035,1050,6138
2018-12-18,1050,1125,1005,1125,11425
2018-12-19,1065,1200,1045,1200,7463
2018-12-20,1110,1230,1110,1230,9439
2018-12-21,1150,1230,1140,1230,9526
2018-12-24,1230,1300,1230,1300,939
2018-12-26,1300,1395,1250,1395,1010
2018-12-27,1380,1405,1295,1405,66120
2018-12-28,1390,1425,1385,1425,10443
2018-12-31,1420,1420,1355,1355,4297
2019-01-02,1400,1400,1400,1400,240
2019-01-03,1375,1395,1350,1350,315
2019-01-04,1345,1345,1345,1345,179
2019-01-07,1345,1345,1245,1340,2369
2019-01-08,1340,1340,1245,1245,3385
2019-01-09,1225,1300,1155,1300,2091
2019-01-10,1300,1300,1300,1300,621
2019-01-11,1300,1300,1295,1295,365
2019-01-14,1290,1290,1245,1245,480
2019-01-15,1295,1295,1165,1165,495
2019-01-16,1180,1245,1180,1245,58
2019-01-17,1245,1245,1200,1245,2687
2019-01-18,1245,1245,1245,1245,91
2019-01-21,1245,1245,1160,1245,32528
2019-01-22,1155,1245,1155,1245,35379
2019-01-23,1160,1245,1160,1160,20612
2019-01-24,1160,1160,1080,1160,16805
2019-01-25,1160,1160,1075,1160,2564
2019-01-28,1200,1245,1075,1240,2491
2019-01-29,1230,1240,1200,1240,910
2019-01-30,1240,1240,1235,1240,228
2019-01-31,1235,1300,1150,1300,8548
2019-02-01,1300,1300,1275,1275,2148
2019-02-04,1275,1275,1240,1275,1043
2019-02-05,1275,1275,1235,1275,1254
2019-02-06,1300,1300,1180,1290,4427
2019-02-07,1300,1300,1280,1280,885
2019-02-08,1275,1280,1275,1275,605
2019-02-11,1275,1275,1180,1180,13218
2019-02-12,1250,1250,1160,1250,416166
2019-02-13,1240,1280,1235,1280,1129
2019-02-14,1250,1280,1185,1280,1797
2019-02-15,1280,1300,1280,1280,10929
2019-02-18,1280,1280,1280,1280,150
2019-02-19,1280,1350,1280,1280,4522
2019-02-20,1280,1375,1280,1375,424
2019-02-21,1375,1400,1285,1380,5395
2019-02-22,1360,1360,1280,1345,16713
2019-02-25,1345,1345,1260,1300,1809
2019-02-26,1260,1350,1260,1350,2483
2019-02-27,1300,1340,1295,1340,2151
2019-02-28,1340,1340,1300,1300,4560
2019-03-01,1300,1300,1265,1270,9946
2019-03-04,1270,1300,1265,1265,3670
2019-03-05,1300,1300,1295,1300,1549
2019-03-06,1280,1295,1250,1295,3271
2019-03-07,1295,1300,1255,1290,3014
2019-03-08,1295,1295,1255,1255,4605
2019-03-11,1260,1290,1260,1270,1530
2019-03-12,1270,1280,1185,1190,3655
2019-03-13,1265,1265,1190,1190,34401
2019-03-14,1190,1265,1190,1265,5375
2019-03-15,1200,1300,1200,1295,255
2019-03-18,1250,1260,1245,1260,5150
2019-03-19,1265,1265,1260,1260,841
2019-03-20,1265,1300,1265,1300,3486
2019-03-21,1300,1340,1280,1340,4275
2019-03-22,1340,1430,1340,1430,1569
2019-03-25,1400,1430,1400,1430,4651
2019-03-26,1430,1455,1420,1420,2565
2019-03-27,1400,1415,1400,1400,1434
2019-03-28,1400,1500,1400,1500,14591
2019-03-29,1505,1505,1405,1500,10475
2019-04-01,1500,1500,1500,1500,1330
2019-04-02,1495,1495,1400,1400,1407
2019-04-03,1475,1495,1475,1490,1658
2019-04-04,1490,1500,1490,1490,320
2019-04-05,1490,1490,1480,1490,3615
2019-04-08,1495,1500,1490,1490,1862
2019-04-09,1450,1490,1400,1490,1261
2019-04-10,1490,1490,1400,1490,6714
2019-04-11,1490,1490,1490,1490,696
2019-04-12,1490,1490,1400,1450,4899
2019-04-15,1410,1450,1400,1400,1422
2019-04-16,1400,1400,1390,1390,2513
2019-04-17,1375,1380,1370,1370,2485
2019-04-18,1395,1395,1370,1370,865
2019-04-19,1375,1450,1350,1450,27687
2019-04-23,1450,1500,1450,1485,3056
2019-04-24,1550,1550,1500,1500,10092
2019-04-25,1550,1600,1545,1600,15435
2019-04-26,1600,1610,1510,1510,2857
2019-04-29,1510,1510,1510,1510,50
2019-04-30,1550,1550,1515,1515,4345
2019-05-02,1525,1560,1525,1560,47720
2019-05-03,1560,1590,1550,1560,13278
2019-05-06,1590,1590,1575,1590,25251
2019-05-07,1590,1595,1590,1590,3476
2019-05-08,1590,1590,1500,1500,4833
2019-05-09,1500,1500,1480,1500,739
2019-05-10,1500,1500,1495,1500,3240
2019-05-13,1495,1595,1495,1595,4721
2019-05-14,1590,1590,1500,1500,495
2019-05-15,1500,1500,1475,1495,244
2019-05-16,1495,1590,1495,1590,2431
2019-05-17,1500,1500,1495,1495,1008
2019-05-20,1430,1480,1430,1480,723
2019-05-21,1430,1430,1430,1430,125
2019-05-22,1430,1430,1400,1410,2830
2019-05-23,1410,1420,1410,1415,2697
2019-05-24,1415,1430,1415,1415,3187
2019-05-27,1415,1420,1415,1420,795
2019-05-28,1420,1430,1415,1430,1989
2019-05-29,1430,1430,1420,1420,2056
2019-05-31,1430,1430,1430,1430,173
2019-06-03,1430,1430,1425,1430,334
2019-06-05,1430,1430,1430,1430,60
2019-06-06,1430,1430,1425,1425,70
2019-06-07,1425,1480,1425,1480,13647
2019-06-11,1480,1590,1480,1590,3734
2019-06-12,1585,1585,1580,1580,975
2019-06-13,1500,1500,1500,1500,205
2019-06-14,1500,1500,1480,1500,118
2019-06-17,1480,1500,1480,1480,1603
2019-06-18,1550,1550,1500,1500,770
2019-06-19,1485,1500,1450,1500,3300
2019-06-20,1500,1525,1500,1500,2150
2019-06-21,1505,1505,1500,1500,265
2019-06-24,1430,1500,1430,1500,750
2019-06-25,1500,1500,1430,1490,127
2019-06-26,1500,1500,1500,1500,115
2019-06-27,1490,1490,1430,1430,180
2019-06-28,1490,1500,1490,1500,1010
2019-07-01,1495,1495,1430,1495,122
2019-07-02,1495,1500,1495,1500,72
2019-07-03,1435,1470,1430,1470,837
2019-07-04,1495,1495,1495,1495,150
2019-07-05,1495,1500,1430,1500,2430
2019-07-08,1500,1500,1500,1500,184
2019-07-09,1495,1500,1430,1500,1620
2019-07-10,1490,1490,1485,1485,83
2019-07-11,1485,1485,1430,1430,485
2019-07-12,1430,1450,1430,1450,2028
2019-07-15,1430,1450,1430,1430,9293
2019-07-16,1450,1460,1450,1460,1808
2019-07-17,1450,1450,1450,1450,40
2019-07-18,1460,1460,1430,1435,802
2019-07-19,1455,1460,1430,1460,7315
2019-07-22,1450,1450,1400,1400,1855
2019-07-23,1455,1455,1455,1455,93
2019-07-24,1455,1555,1455,1505,1151
2019-07-25,1505,1575,1500,1500,1789
2019-07-26,1500,1500,1420,1420,2407
2019-07-29,1420,1420,1410,1410,1420
2019-07-30,1495,1500,1495,1500,1379
2019-07-31,1500,1500,1400,1400,1370
2019-08-01,1495,1500,1495,1500,43
2019-08-02,1495,1495,1445,1445,336
2019-08-05,1445,1450,1445,1450,288
2019-08-06,1425,1500,1425,1500,606
2019-08-08,1495,1500,1490,1490,484
2019-08-09,1490,1500,1480,1490,3732
2019-08-13,1450,1450,1450,1450,205
2019-08-14,1485,1490,1450,1450,712
2019-08-16,1420,1420,1400,1420,2089
2019-08-19,1450,1450,1450,1450,595
2019-08-20,1450,1450,1420,1440,862
2019-08-21,1415,1500,1410,1500,5989
2019-08-22,1495,1495,1410,1410,195
2019-08-23,1500,1500,1450,1450,273
2019-08-26,1450,1450,1400,1445,3876
2019-08-27,1455,1455,1400,1400,800
2019-08-28,1445,1500,1390,1390,20840
2019-08-29,1400,1400,1325,1325,22823
2019-08-30,1325,1325,1325,1325,11
2019-09-02,1325,1325,1300,1315,803
2019-09-03,1315,1330,1315,1325,2573
2019-09-04,1320,1320,1240,1320,20057
2019-09-05,1300,1320,1225,1320,25085
2019-09-06,1315,1320,1285,1320,5061
2019-09-09,1400,1400,1400,1400,390
2019-09-10,1450,1500,1350,1395,2187
2019-09-11,1475,1475,1395,1395,723
2019-09-12,1395,1415,1395,1395,1213
2019-09-13,1410,1415,1410,1415,29
2019-09-16,1400,1415,1395,1415,2388
2019-09-17,1415,1415,1320,1320,2045
2019-09-18,1320,1325,1250,1320,1391
2019-09-19,1320,1325,1300,1320,1348
2019-09-20,1320,1325,1320,1325,2508
2019-09-23,1325,1325,1320,1320,2036
2019-09-24,1320,1320,1300,1300,320
2019-09-25,1300,1325,1300,1320,325
2019-09-26,1320,1320,1320,1320,50
2019-09-27,1325,1325,1320,1325,464
2019-09-30,1325,1325,1320,1325,406
2019-10-02,1420,1420,1325,1325,1533
2019-10-03,1325,1325,1325,1325,741
2019-10-04,1325,1325,1325,1325,515
2019-10-07,1280,1325,1280,1325,725
2019-10-08,1325,1325,1320,1320,135
2019-10-09,1295,1295,1295,1295,492
2019-10-10,1290,1290,1250,1290,532
2019-10-11,1290,1290,1290,1290,138
2019-10-14,1290,1290,1275,1275,115
2019-10-15,1275,1275,1200,1250,104
2019-10-16,1245,1245,1180,1180,580
2019-10-17,1180,1200,1165,1200,1088
2019-10-18,1200,1225,1200,1220,1590
2019-10-21,1200,1220,1200,1220,618
2019-10-22,1220,1220,1200,1200,116
2019-10-23,1220,1220,1220,1220,156
2019-10-24,1220,1250,1200,1250,4708
2019-10-25,1255,1255,1250,1250,475
2019-10-28,1250,1250,1250,1250,1958
2019-10-29,1230,1230,1200,1200,1944
2019-10-30,1200,1250,1200,1250,15346
2019-10-31,1250,1290,1200,1250,11280
2019-11-04,1225,1295,1225,1295,1776
2019-11-05,1250,1295,1200,1295,14198
2019-11-06,1250,1250,1245,1250,90
2019-11-07,1295,1295,1255,1280,201
2019-11-08,1255,1255,1245,1250,98096
2019-11-11,1255,1255,1255,1255,1035
2019-11-12,1275,1290,1255,1290,1420
2019-11-13,1280,1280,1280,1280,230
2019-11-14,1280,1280,1255,1255,617
2019-11-18,1255,1255,1200,1200,1325
2019-11-19,1215,1215,1200,1215,2160
2019-11-20,1215,1215,1215,1215,2
2019-11-21,1200,1300,1200,1300,13055
2019-11-22,1250,1250,1250,1250,1020
2019-11-25,1225,1225,1215,1225,278
2019-11-26,1225,1225,1225,1225,30
2019-11-27,1200,1200,1145,1150,2849
2019-11-28,1150,1225,1100,1225,1661
2019-11-29,1225,1315,1200,1315,2098
2019-12-02,1300,1410,1300,1410,650
2019-12-03,1400,1500,1385,1500,3855
2019-12-04,1390,1400,1390,1400,215
2019-12-05,1390,1390,1300,1300,211
2019-12-06,1380,1380,1375,1375,63
2019-12-09,1375,1375,1365,1370,70
2019-12-10,1370,1370,1300,1330,210
2019-12-11,1330,1330,1300,1300,105
2019-12-12,1300,1300,1300,1300,106
2019-12-13,1300,1300,1295,1295,88
2019-12-16,1290,1300,1200,1300,932
2019-12-17,1290,1300,1290,1300,893
2019-12-18,1270,1300,1270,1300,11458
2019-12-19,1270,1330,1270,1330,2025
2019-12-20,1275,1400,1270,1400,28066
2019-12-23,1390,1500,1390,1500,11397
2019-12-24,1400,1575,1395,1575,32101
2019-12-26,1570,1600,1565,1600,4476
2019-12-27,1500,1600,1495,1600,17321
2019-12-30,1590,1600,1500,1600,2254
2019-12-31,1595,1700,1595,1700,76444
2020-01-02,1700,1720,1700,1700,1981066
2020-01-03,1600,1600,1580,1580,89
2020-01-06,1545,1545,1540,1540,190
2020-01-07,1500,1500,1450,1450,327
2020-01-08,1455,1490,1425,1450,10391
2020-01-09,1490,1490,1450,1450,2573
2020-01-10,1445,1450,1440,1450,19631
2020-01-13,1450,1450,1450,1450,2
2020-01-14,1425,1450,1425,1450,141
2020-01-15,1425,1425,1425,1425,79
2020-01-16,1390,1390,1390,1390,350
2020-01-17,1385,1390,1300,1300,185
2020-01-20,1315,1315,1300,1300,145
2020-01-21,1315,1315,1250,1250,3700
2020-01-22,1300,1300,1250,1300,7464
2020-01-23,1300,1300,1300,1300,2184
2020-01-24,1350,1390,1350,1390,1245
2020-01-27,1405,1405,1400,1400,580
2020-01-28,1390,1400,1390,1400,65
2020-01-29,1400,1400,1390,1400,452
2020-01-30,1400,1440,1400,1440,19
2020-01-31,1400,1400,1395,1400,693
2020-02-03,1400,1400,1400,1400,6235
2020-02-04,1400,1400,1400,1400,4163
2020-02-05,1400,1400,1390,1390,2147
2020-02-06,1400,1400,1390,1390,215
2020-02-07,1390,1390,1390,1390,2300
2020-02-10,1400,1400,1390,1400,3652
2020-02-11,1395,1395,1390,1395,109
2020-02-12,1390,1390,1390,1390,1545
2020-02-13,1395,1395,1395,1395,85
2020-02-14,1395,1400,1390,1390,197
2020-02-17,1395,1400,1390,1400,2031
2020-02-18,1400,1400,1390,1390,5600
2020-02-19,1400,1400,1400,1400,222
2020-02-20,1400,1400,1390,1400,229
2020-02-21,1400,1400,1390,1390,195
2020-02-24,1400,1400,1300,1390,5124
2020-02-25,1400,1400,1390,1390,2050
2020-02-26,1390,1400,1390,1400,1104
2020-02-27,1400,1440,1400,1400,843
2020-02-28,1450,1455,1450,1450,1406
2020-03-02,1555,1555,1555,1555,16
2020-03-03,1450,1450,1450,1450,480
2020-03-04,1500,1500,1455,1455,329
2020-03-05,1460,1500,1460,1500,770
2020-03-06,1500,1500,1500,1500,675
2020-03-09,1500,1500,1500,1500,563
2020-03-10,1500,1500,1500,1500,1902
2020-03-11,1500,1510,1500,1510,4725
2020-03-12,1505,1505,1500,1500,3837
2020-03-13,1500,1500,1500,1500,3043
2020-03-17,1495,1495,1495,1495,3
2020-03-18,1470,1470,1465,1465,55
2020-03-19,1390,1395,1390,1390,530
2020-03-20,1390,1390,1370,1370,440
2020-03-23,1370,1370,1370,1370,146
2020-03-24,1370,1370,1350,1370,76
2020-03-25,1350,1355,1350,1355,65
2020-03-26,1355,1355,1300,1300,350
2020-03-27,1300,1300,1300,1300,1031
2020-03-30,1365,1365,1275,1275,1391
2020-03-31,1275,1275,1250,1250,314
2020-04-01,1300,1300,1295,1295,19
2020-04-03,1300,1300,1300,1300,15
2020-04-06,1295,1295,1290,1290,118
2020-04-07,1250,1300,1200,1300,1093
2020-04-09,1365,1365,1350,1350,133
2020-04-14,1350,1350,1350,1350,11
2020-04-15,1350,1350,1350,1350,10
2020-04-16,1345,1345,1345,1345,30
2020-04-17,1320,1320,1320,1320,600
2020-04-20,1300,1345,1250,1345,1400
2020-04-21,1345,1345,1345,1345,1086
2020-04-22,1340,1350,1340,1350,542
2020-04-23,1350,1350,1250,1250,1652
2020-04-24,1255,1255,1250,1250,94
2020-04-27,1250,1250,1245,1250,1123
2020-04-28,1250,1250,1250,1250,1008
2020-04-29,1250,1250,1250,1250,85
2020-04-30,1250,1250,1200,1200,226
2020-05-04,1250,1250,1225,1225,16
2020-05-05,1250,1250,1250,1250,442
2020-05-06,1250,1250,1250,1250,83
2020-05-07,1200,1250,1200,1250,585
2020-05-08,1250,1250,1225,1240,328
2020-05-11,1300,1300,1250,1250,1391
2020-05-12,1240,1250,1240,1250,2117
2020-05-13,1240,1250,1240,1250,321
2020-05-14,1250,1250,1250,1250,16064
2020-05-15,1340,1340,1250,1250,14
2020-05-18,1250,1250,1250,1250,756
2020-05-19,1250,1250,1200,1200,3208
2020-05-22,1200,1200,1200,1200,235
2020-05-25,1200,1250,1195,1250,351
2020-05-26,1250,1250,1200,1200,36
2020-05-27,1255,1255,1200,1200,2590
2020-05-28,1245,1245,1245,1245,1400
2020-05-29,1250,1250,1250,1250,280
2020-06-02,1250,1300,1250,1300,1400
2020-06-03,1300,1395,1300,1395,932
2020-06-04,1450,1495,1450,1495,2023
2020-06-05,1545,1545,1450,1535,2158
2020-06-08,1535,1535,1495,1520,424
2020-06-09,1495,1500,1490,1495,2610
2020-06-10,1495,1495,1410,1410,116
2020-06-11,1410,1450,1410,1450,161
2020-06-12,1345,1495,1345,1495,905
2020-06-15,1490,1490,1450,1450,50
2020-06-16,1450,1450,1400,1400,488
2020-06-17,1400,1400,1400,1400,30
2020-06-18,1475,1475,1400,1400,5800
2020-06-19,1400,1400,1350,1400,354
2020-06-22,1400,1400,1395,1395,159
2020-06-23,1395,1395,1395,1395,235
2020-06-24,1390,1395,1390,1395,110
2020-06-25,1390,1395,1390,1390,390
2020-06-26,1395,1395,1390,1390,405
2020-06-29,1365,1365,1300,1365,665
2020-06-30,1390,1465,1365,1465,1055
2020-07-01,1465,1465,1465,1465,160
2020-07-02,1400,1400,1365,1400,1621
2020-07-03,1400,1400,1400,1400,178
2020-07-06,1350,1375,1350,1350,500
2020-07-07,1350,1350,1290,1300,858
2020-07-08,1300,1300,1205,1205,13011
2020-07-09,1205,1215,1200,1210,10862
2020-07-10,1205,1205,1195,1200,7398
2020-07-13,1200,1200,1200,1200,3960
2020-07-14,1200,1200,1195,1200,5348
2020-07-15,1205,1205,1110,1200,3789
2020-07-16,1200,1200,1195,1200,785
2020-07-17,1135,1200,1135,1200,987
2020-07-20,1200,1200,1195,1200,3903
2020-07-21,1195,1200,1190,1200,2210
2020-07-22,1200,1200,1200,1200,1199
2020-07-23,1200,1200,1200,1200,1490
2020-07-24,1200,1200,1200,1200,301
2020-07-27,1200,1200,1200,1200,527
2020-07-28,1200,1290,1200,1290,3516
2020-07-29,1290,1295,1285,1285,1277
2020-07-30,1295,1370,1290,1370,1301
2020-08-03,1350,1350,1345,1345,2
2020-08-04,1295,1295,1290,1290,283
2020-08-05,1200,1230,1200,1230,769
2020-08-06,1220,1220,1200,1200,2860
2020-08-10,1250,1250,1200,1200,216
2020-08-11,1200,1200,1170,1190,1463
2020-08-12,1190,1195,1150,1195,19017
2020-08-13,1190,1195,1190,1195,1200
2020-08-14,1195,1280,1195,1280,3185
2020-08-17,1290,1290,1290,1290,12
2020-08-18,1290,1295,1285,1295,274
2020-08-19,1290,1290,1280,1280,41
2020-08-20,1280,1280,1280,1280,30
2020-08-21,1200,1275,1200,1275,177
2020-08-24,1230,1270,1230,1230,4
2020-08-25,1270,1270,1200,1200,2076
2020-08-26,1250,1290,1200,1290,480
2020-08-27,1285,1285,1280,1280,442
2020-08-28,1275,1275,1200,1245,4051
2020-08-31,1295,1320,1200,1320,4966
2020-09-01,1225,1245,1225,1245,26
2020-09-02,1240,1250,1225,1225,845
2020-09-03,1150,1195,1150,1190,225
2020-09-07,1225,1225,1190,1200,1746
2020-09-08,1200,1200,1185,1200,2130
2020-09-09,1200,1205,1185,1195,4016
2020-09-10,1190,1190,1185,1190,601
2020-09-11,1210,1275,1210,1275,30
2020-09-14,1200,1290,1195,1290,7152
2020-09-15,1290,1290,1195,1205,4458
2020-09-16,1210,1210,1195,1200,3355
2020-09-17,1280,1280,1180,1195,12003
2020-09-18,1195,1200,1195,1200,1006
2020-09-21,1250,1250,1180,1200,3389
2020-09-22,1200,1200,1195,1200,617
2020-09-23,1170,1170,1170,1170,535
2020-09-24,1165,1255,1165,1255,1806
2020-09-25,1255,1345,1255,1345,1554
2020-09-28,1245,1300,1245,1300,1300
2020-09-29,1295,1300,1275,1300,2196
2020-09-30,1270,1270,1260,1260,372
2020-10-01,1265,1290,1200,1200,733
2020-10-02,1170,1170,1150,1150,1180
2020-10-05,1200,1200,1160,1190,1787
2020-10-06,1185,1185,1185,1185,150
2020-10-07,1185,1190,1160,1160,1025
2020-10-08,1170,1170,1150,1150,1943
2020-10-09,1150,1155,1150,1150,1176
2020-10-12,1150,1150,1150,1150,100
2020-10-13,1160,1180,1150,1180,2232
2020-10-14,1150,1180,1150,1170,307
2020-10-15,1150,1165,1085,1085,1588
2020-10-16,1005,1085,1005,1085,1044
2020-10-19,1080,1160,1080,1160,18175
2020-10-20,1190,1200,1190,1200,420
2020-10-21,1200,1200,1200,1200,5
2020-10-22,1195,1200,1190,1200,1440
2020-10-23,1195,1200,1195,1200,1062
2020-10-26,1200,1200,1180,1200,2302
2020-10-27,1200,1200,1115,1200,665
2020-10-28,1195,1200,1110,1200,5030
2020-10-30,1110,1200,1110,1200,401
2020-11-02,1200,1200,1200,1200,140
2020-11-03,1110,1180,1110,1180,1435
2020-11-04,1180,1180,1150,1150,200
2020-11-05,1150,1150,1150,1150,1152
2020-11-06,1150,1150,1100,1100,595
2020-11-09,1150,1150,1125,1125,382
2020-11-10,1100,1120,1100,1120,850
2020-11-11,1150,1150,1105,1140,1513
2020-11-12,1150,1150,1100,1100,3555
2020-11-13,1090,1150,1090,1150,2524
2020-11-16,1130,1150,1130,1150,510
2020-11-17,1200,1225,1150,1225,4095
2020-11-18,1200,1200,1150,1150,1110
2020-11-19,1145,1145,1145,1145,168
2020-11-20,1200,1220,1195,1220,6352
2020-11-23,1150,1180,1150,1180,975
2020-11-24,1190,1190,1160,1190,360
2020-11-25,1185,1200,1180,1200,7342
2020-11-26,1190,1190,1190,1190,42
2020-11-27,1185,1185,1185,1185,22
2020-11-30,1185,1190,1185,1185,60
2020-12-01,1150,1190,1150,1190,5614
2020-12-02,1185,1185,1185,1185,100
2020-12-03,1185,1185,1180,1180,346
2020-12-04,1180,1190,1160,1180,8295
2020-12-07,1180,1180,1180,1180,65
2020-12-08,1160,1160,1160,1160,906
2020-12-09,1180,1180,1160,1180,5805
2020-12-10,1180,1250,1165,1250,55937
2020-12-11,1180,1190,1180,1180,2074
2020-12-14,1190,1200,1175,1200,74268
2020-12-15,1230,1250,1210,1250,92127
2020-12-16,1250,1250,1225,1225,1291
2020-12-17,1220,1315,1220,1315,189861
2020-12-18,1300,1410,1245,1410,67421
2020-12-21,1320,1515,1320,1515,26652
2020-12-22,1410,1625,1410,1625,34178
2020-12-23,1505,1625,1505,1625,2191
2020-12-24,1600,1600,1515,1515,3986
2020-12-28,1515,1625,1500,1625,16273
2020-12-29,1600,1620,1520,1620,3190
2020-12-30,1500,1600,1500,1600,1540
2020-12-31,1590,1590,1590,1590,15006
2021-01-04,1500,1550,1500,1550,34
2021-01-07,1485,1485,1435,1435,399
2021-01-08,1485,1490,1345,1345,183
2021-01-11,1325,1350,1325,1345,535
2021-01-12,1345,1345,1260,1325,1355
2021-01-13,1325,1325,1300,1300,127
2021-01-14,1300,1325,1300,1300,586
2021-01-15,1320,1320,1280,1300,72
2021-01-18,1205,1320,1205,1300,478
2021-01-19,1300,1300,1220,1220,125
2021-01-20,1220,1300,1220,1300,665
2021-01-21,1300,1300,1225,1300,2129
2021-01-22,1325,1325,1230,1280,225
2021-01-25,1300,1300,1300,1300,750
2021-01-26,1325,1325,1270,1270,1524
2021-01-27,1270,1300,1270,1290,91
2021-01-28,1300,1300,1300,1300,296
2021-01-29,1300,1300,1280,1280,637
2021-02-01,1250,1290,1250,1250,1849
2021-02-02,1250,1250,1245,1245,255
2021-02-03,1245,1290,1245,1290,857
2021-02-04,1290,1290,1245,1250,1160
2021-02-05,1280,1290,1280,1290,2249
2021-02-08,1290,1290,1285,1290,669
2021-02-09,1290,1290,1250,1250,2576
2021-02-10,1220,1220,1200,1200,4873
2021-02-11,1200,1200,1190,1200,1192
2021-02-12,1200,1200,1180,1200,1626
2021-02-15,1200,1200,1150,1200,5689
2021-02-16,1200,1200,1150,1165,1462
2021-02-17,1250,1250,1165,1165,1597
2021-02-18,1165,1200,1165,1200,1411
2021-02-19,1200,1200,1200,1200,25
2021-02-22,1200,1200,1200,1200,1060
2021-02-23,1200,1200,1200,1200,100
2021-02-24,1250,1280,1250,1250,414
2021-02-25,1250,1290,1250,1290,1410
2021-02-26,1270,1290,1270,1290,330
2021-03-01,1280,1290,1280,1290,1230
2021-03-02,1290,1290,1265,1285,4565
2021-03-03,1285,1285,1250,1285,1075
2021-03-04,1285,1285,1260,1285,110
2021-03-05,1285,1285,1280,1280,813
2021-03-08,1280,1280,1280,1280,665
2021-03-09,1280,1280,1280,1280,27
2021-03-10,1280,1280,1250,1275,4212
2021-03-11,1275,1275,1275,1275,5
2021-03-12,1270,1275,1270,1275,440
2021-03-15,1265,1265,1265,1265,29
2021-03-16,1275,1275,1250,1275,3106
2021-03-17,1260,1280,1260,1280,430
2021-03-18,1275,1275,1275,1275,288
2021-03-19,1250,1250,1250,1250,1111
2021-03-22,1250,1250,1250,1250,578
2021-03-23,1250,1250,1250,1250,684
2021-03-24,1250,1250,1250,1250,473
2021-03-25,1250,1250,1215,1240,187
2021-03-26,1240,1240,1215,1230,211
2021-03-29,1250,1250,1205,1205,791
2021-03-30,1210,1230,1205,1230,1594
2021-03-31,1225,1225,1225,1225,536
2021-04-01,1280,1280,1275,1275,1012
2021-04-02,1275,1280,1270,1270,975
2021-04-06,1260,1260,1260,1260,520
2021-04-07,1280,1280,1265,1280,1358
2021-04-08,1290,1290,1260,1290,4862
2021-04-09,1290,1290,1280,1280,367
2021-04-12,1280,1290,1265,1290,1265
2021-04-13,1260,1290,1260,1290,295
2021-04-14,1290,1290,1280,1280,31
2021-04-15,1280,1290,1270,1290,2217
2021-04-16,1290,1290,1290,1290,3151
2021-04-19,1290,1290,1290,1290,1670
2021-04-20,1285,1285,1280,1280,1039
2021-04-21,1290,1290,1275,1280,1107
2021-04-22,1280,1290,1275,1290,2754
2021-04-23,1275,1275,1270,1275,635
2021-04-26,1275,1280,1275,1280,605
2021-04-27,1290,1290,1290,1290,500
2021-04-28,1290,1290,1290,1290,295
2021-04-29,1290,1300,1280,1280,869
2021-04-30,1275,1300,1185,1300,3234
2021-05-03,1300,1300,1280,1300,971
2021-05-04,1300,1395,1300,1300,994
2021-05-05,1315,1315,1310,1310,418
2021-05-06,1325,1395,1310,1390,206
2021-05-07,1390,1485,1390,1485,4810
2021-05-10,1485,1485,1400,1400,611
2021-05-11,1400,1415,1400,1415,1615
2021-05-14,1400,1415,1400,1410,1114
2021-05-17,1400,1415,1400,1415,673
2021-05-18,1440,1480,1415,1480,1825
2021-05-19,1480,1480,1400,1480,4968
2021-05-20,1475,1480,1475,1480,174
2021-05-21,1480,1480,1475,1475,31
2021-05-25,1475,1480,1400,1480,2565
2021-05-26,1480,1480,1475,1475,61
2021-05-27,1475,1475,1470,1470,113
2021-05-28,1470,1470,1420,1440,682
2021-05-31,1415,1470,1400,1400,1076
2021-06-01,1480,1480,1470,1470,25
2021-06-02,1470,1470,1450,1470,359
2021-06-03,1415,1470,1415,1415,1085
2021-06-04,1430,1470,1430,1470,584
2021-06-07,1460,1460,1460,1460,313
2021-06-08,1420,1480,1420,1460,7035
2021-06-09,1480,1480,1460,1460,815
2021-06-10,1460,1485,1460,1480,1749
2021-06-11,1445,1480,1445,1480,129
2021-06-14,1480,1485,1480,1485,2897
2021-06-15,1485,1490,1485,1485,2581
2021-06-16,1490,1495,1490,1495,758
2021-06-17,1500,1500,1495,1495,989
2021-06-18,1500,1500,1455,1475,1518
2021-06-21,1485,1500,1485,1495,380
2021-06-22,1495,1495,1490,1490,120
2021-06-23,1500,1500,1495,1500,3541
2021-06-24,1500,1500,1500,1500,8433
2021-06-25,1500,1500,1490,1490,241
2021-06-28,1500,1500,1490,1500,4369
2021-06-29,1495,1495,1490,1490,610
2021-06-30,1455,1490,1455,1490,842
2021-07-01,1485,1500,1485,1500,803
2021-07-02,1500,1500,1500,1500,295
2021-07-05,1500,1500,1455,1455,884
2021-07-06,1455,1560,1455,1560,15519
2021-07-07,1595,1600,1560,1600,309
2021-07-08,1600,1700,1600,1695,341
2021-07-09,1690,1690,1690,1690,10
2021-07-12,1685,1685,1600,1670,794
2021-07-13,1645,1645,1590,1595,1183
2021-07-14,1640,1640,1605,1605,2144
2021-07-15,1605,1630,1605,1630,196
2021-07-16,1605,1635,1605,1635,2509
2021-07-19,1700,1700,1635,1635,719
2021-07-21,1635,1700,1635,1700,204
2021-07-22,1650,1650,1650,1650,240
2021-07-23,1650,1670,1630,1650,4167
2021-07-26,1650,1650,1635,1650,40
2021-07-27,1650,1700,1650,1700,632
2021-07-28,1700,1700,1650,1700,260
2021-07-29,1750,1770,1750,1770,487
2021-07-30,1895,1895,1775,1840,83
2021-08-02,1840,1850,1755,1755,317
2021-08-03,1800,1800,1755,1800,1064
2021-08-04,1795,1795,1750,1750,2461
2021-08-05,1750,1750,1750,1750,995
2021-08-06,1750,1795,1750,1795,90
2021-08-09,1750,1750,1675,1750,1794
2021-08-10,1750,1780,1750,1780,730
2021-08-11,1780,1780,1775,1780,1094
2021-08-12,1780,1780,1775,1775,1934
2021-08-13,1740,1775,1645,1750,951
2021-08-16,1750,1800,1740,1750,950
2021-08-17,1750,1750,1750,1750,60
2021-08-18,1750,1750,1650,1750,1750
2021-08-19,1750,1755,1750,1750,290
2021-08-20,1800,1800,1750,1750,802
2021-08-23,1755,1800,1750,1800,1247
2021-08-24,1800,1850,1800,1850,386
2021-08-25,1850,1850,1830,1830,638
2021-08-26,1850,1850,1830,1830,160
2021-08-27,1830,1850,1830,1830,744
2021-08-30,1830,1830,1830,1830,666
2021-08-31,1840,1850,1830,1830,302
2021-09-01,1830,1830,1820,1820,2350
2021-09-02,1820,1850,1820,1830,1373
2021-09-03,1850,1850,1825,1825,290
2021-09-06,1850,1850,1850,1850,776
2021-09-07,1870,1905,1870,1905,3790
2021-09-08,1905,1910,1900,1900,1230
2021-09-09,1900,1905,1900,1900,1083
2021-09-10,1900,1910,1850,1850,3395
2021-09-13,1850,1900,1850,1900,1786
2021-09-14,1850,1950,1850,1945,434
2021-09-15,1945,1945,1850,1945,120
2021-09-16,1905,1945,1905,1945,300
2021-09-17,1940,1950,1940,1945,587
2021-09-20,1910,1940,1910,1940,2495
2021-09-21,1945,1950,1940,1950,1459
2021-09-22,1945,1955,1945,1950,1650
2021-09-23,1850,1955,1850,1955,5776
2021-09-24,1955,1980,1935,1950,3911
2021-09-27,1900,1900,1805,1805,1669
2021-09-28,1805,1805,1800,1805,1121
2021-09-29,1805,1850,1800,1800,2872
2021-09-30,1850,1850,1800,1800,2761
2021-10-01,1800,1845,1800,1800,395
2021-10-04,1670,1850,1665,1850,2426
2021-10-05,1850,1850,1840,1840,1145
2021-10-06,1845,1850,1840,1850,1972
2021-10-07,1850,1850,1845,1850,3896
2021-10-08,1850,1850,1810,1810,239
2021-10-11,1820,1850,1800,1850,1311
2021-10-12,1820,1895,1820,1895,2314
2021-10-13,1890,1940,1860,1905,2482
2021-10-14,1910,1950,1910,1910,1146
2021-10-15,1945,1945,1875,1945,154
2021-10-19,1875,1950,1875,1945,902
2021-10-20,1945,1950,1945,1950,495
2021-10-21,1950,1950,1875,1950,468
2021-10-22,1900,1930,1900,1930,270
2021-10-25,1900,2000,1900,1900,2171
2021-10-26,1900,2000,1885,2000,7815
2021-10-27,1850,2050,1850,2000,5458
2021-10-28,2150,2150,2060,2150,12406
2021-10-29,2150,2200,2105,2150,6753
2021-11-03,2150,2150,2150,2150,2383
2021-11-04,2150,2150,2005,2145,1091
2021-11-05,2145,2145,2125,2145,3246
2021-11-08,2145,2145,2000,2000,1834
2021-11-09,2090,2125,2005,2110,4344
2021-11-10,2110,2110,2010,2100,488
2021-11-11,2015,2145,2015,2100,295
2021-11-12,2100,2100,2000,2005,6199
2021-11-16,2005,2140,2005,2140,318
2021-11-17,2100,2100,2100,2100,125
2021-11-18,2100,2100,2100,2100,162
2021-11-19,2095,2095,2095,2095,11
2021-11-22,2100,2130,2010,2130,2927
2021-11-23,2130,2150,2050,2140,266
2021-11-24,2100,2150,2055,2145,5267
2021-11-25,2100,2200,2100,2200,1161
2021-11-26,2200,2310,2200,2310,1466
2021-11-29,2480,2480,2215,2350,1953
2021-11-30,2300,2350,2300,2300,328
2021-12-01,2320,2350,2320,2320,317
2021-12-02,2320,2350,2320,2335,1083
2021-12-03,2330,2330,2235,2330,335
2021-12-06,2330,2330,2215,2320,934
2021-12-07,2320,2330,2320,2330,195
2021-12-08,2215,2330,2215,2215,1052
2021-12-09,2300,2330,2215,2215,556
2021-12-10,2215,2230,2215,2230,472
2021-12-13,2230,2230,2205,2230,124
2021-12-14,2230,2250,2220,2220,2243
2021-12-15,2220,2250,2215,2215,188
2021-12-16,2215,2220,2190,2190,20418
2021-12-17,2190,2220,2185,2220,1672
2021-12-20,2190,2210,2145,2210,566
2021-12-21,2190,2190,2050,2050,2740
2021-12-22,2190,2190,2050,2190,1946
2021-12-23,2055,2090,2055,2090,672
2021-12-24,2090,2100,2090,2090,749
2021-12-27,2010,2095,2010,2020,605
2021-12-28,2010,2075,2000,2075,2071
2021-12-29,2020,2050,2000,2000,3385
2021-12-30,2050,2090,2000,2090,3870
2021-12-31,2085,2100,2085,2100,1616
2022-01-03,2100,2170,2000,2050,1080
2022-01-04,2000,2050,2000,2000,1748
2022-01-05,2050,2090,2050,2090,472
2022-01-06,2050,2100,2050,2050,263
2022-01-07,2100,2100,2050,2050,982
2022-01-10,2005,2015,2005,2015,1419
2022-01-11,2010,2015,2010,2015,2200
2022-01-12,2015,2150,2015,2150,3245
2022-01-13,2155,2190,2155,2155,475
2022-01-14,2190,2190,2190,2190,161
2022-01-17,2190,2190,2185,2185,43
2022-01-18,2185,2185,2155,2155,138
2022-01-19,2155,2155,2155,2155,607
2022-01-20,2155,2155,2155,2155,47
2022-01-21,2165,2175,2165,2175,289
2022-01-24,2150,2170,2150,2170,739
2022-01-25,2175,2180,2170,2170,6156
2022-01-26,2170,2180,2170,2170,336
2022-01-27,2170,2185,2150,2185,1021
2022-01-28,2180,2200,2180,2200,2449
2022-01-31,2210,2210,2200,2200,1209
2022-02-01,2220,2250,2200,2200,3032
2022-02-02,2200,2220,2200,2220,485
2022-02-03,2220,2225,2220,2220,8545
2022-02-04,2240,2250,2230,2230,167
2022-02-07,2240,2240,2220,2220,518
2022-02-08,2220,2230,2220,2230,421
2022-02-09,2230,2230,2230,2230,251
2022-02-10,2245,2245,2190,2245,2308
2022-02-11,2240,2240,2100,2150,11377
2022-02-14,2200,2200,2100,2195,1761
2022-02-15,2155,2200,2100,2200,426
2022-02-16,2150,2150,2150,2150,50
2022-02-17,2100,2225,2100,2225,14076
2022-02-18,2225,2225,2200,2200,1682
2022-02-21,2225,2225,2160,2160,685
2022-02-22,2160,2160,2160,2160,2056
2022-02-23,2200,2200,2140,2160,8600
2022-02-25,2200,2200,2160,2175,388
2022-02-28,2200,2285,2200,2250,565
2022-03-01,2310,2350,2310,2350,798
2022-03-02,2330,2350,2200,2200,3290
2022-03-03,2290,2295,2220,2245,919
2022-03-04,2245,2245,2150,2200,35820
2022-03-07,2225,2245,2225,2245,729
2022-03-08,2225,2230,2200,2230,1622
2022-03-09,2230,2250,2230,2250,4787
2022-03-10,2235,2350,2230,2350,4865
2022-03-11,2410,2450,2410,2450,34752
2022-03-14,2400,2445,2400,2400,1022
2022-03-15,2400,2450,2400,2450,1813
2022-03-16,2445,2445,2390,2390,1873
2022-03-17,2405,2405,2350,2350,383
2022-03-18,2350,2400,2350,2350,189
2022-03-21,2350,2400,2350,2400,480
2022-03-22,2350,2350,2350,2350,69
2022-03-23,2350,2400,2350,2400,96
2022-03-24,2400,2400,2400,2400,20
2022-03-25,2400,2400,2400,2400,410
2022-03-28,2350,2450,2350,2400,315
2022-03-29,2400,2400,2400,2400,76
2022-03-30,2400,2450,2350,2450,698
2022-03-31,2450,2450,2300,2300,6399
2022-04-01,2375,2470,2375,2410,4606
2022-04-04,2385,2400,2230,2230,2054
2022-04-05,2230,2230,2150,2190,2500
2022-04-06,2200,2350,2200,2300,372
2022-04-07,2345,2345,2200,2300,2137
2022-04-08,2300,2300,2200,2300,802
2022-04-11,2300,2300,2240,2240,190
2022-04-12,2100,2350,2100,2240,8539
2022-04-13,2205,2295,2205,2240,11452
2022-04-14,2295,2350,2200,2350,5624
2022-04-15,2325,2400,2325,2400,1042
2022-04-19,2300,2410,2300,2300,2196
2022-04-20,2395,2395,2345,2350,652
2022-04-21,2350,2400,2320,2395,488
2022-04-22,2310,2395,2300,2305,606
2022-04-25,2310,2350,2310,2350,211
2022-04-26,2310,2350,2280,2305,5850
2022-04-27,2305,2310,2305,2310,1005
2022-04-29,2310,2385,2305,2380,612
2022-05-03,2380,2380,2315,2315,167
2022-05-04,2250,2400,2145,2400,1604
2022-05-05,2400,2400,2300,2320,251
2022-05-06,2320,2320,2280,2280,51
2022-05-09,2210,2320,2205,2320,618
2022-05-10,2320,2395,2210,2395,579
2022-05-11,2350,2350,2350,2350,50
2022-05-12,2205,2300,2205,2300,122
2022-05-13,2300,2300,2205,2205,200
2022-05-16,2350,2350,2300,2300,265
2022-05-17,2300,2300,2180,2195,748
2022-05-18,2195,2195,2195,2195,843
2022-05-19,2100,2200,2100,2200,289
2022-05-20,2195,2200,2195,2200,260
2022-05-23,2190,2200,2190,2200,551
2022-05-24,2200,2200,2190,2190,330
2022-05-25,2200,2200,2190,2190,1812
2022-05-27,2190,2200,2175,2195,163
2022-05-30,2195,2195,2190,2190,50
2022-05-31,2200,2200,2180,2200,557
2022-06-01,2200,2350,2200,2205,32121
2022-06-02,2350,2350,2215,2220,10526
2022-06-03,2350,2385,2350,2350,2265
2022-06-07,2350,2350,2330,2330,796
2022-06-08,2350,2350,2215,2345,1445
2022-06-09,2345,2345,2215,2215,2014
2022-06-10,2300,2300,2215,2215,421
2022-06-13,2220,2300,2215,2300,200
2022-06-14,2380,2380,2370,2370,65
2022-06-15,2365,2365,2350,2350,20
2022-06-16,2350,2370,2350,2370,426
2022-06-17,2370,2370,2300,2300,866
2022-06-20,2300,2300,2220,2250,4050
2022-06-21,2250,2250,2215,2215,3984
2022-06-22,2300,2300,2230,2300,154
2022-06-23,2300,2345,2250,2345,307
2022-06-24,2345,2345,2210,2210,649
2022-06-27,2215,2375,2210,2215,4697
2022-06-28,2220,2380,2220,2380,333
2022-06-29,2380,2380,2300,2375,828
2022-06-30,2375,2375,2300,2355,188
2022-07-01,2300,2345,2300,2345,119
2022-07-04,2340,2345,2220,2220,995
2022-07-05,2220,2345,2220,2345,1251
2022-07-06,2335,2335,2220,2255,5193
2022-07-07,2250,2250,2210,2250,725
2022-07-08,2220,2220,2200,2220,307
2022-07-11,2200,2250,2200,2250,2982
2022-07-12,2200,2200,2200,2200,1324
2022-07-13,2250,2250,2150,2150,2413
2022-07-14,2150,2200,2150,2200,1555
2022-07-15,2200,2220,2150,2200,3382
2022-07-18,2200,2200,2195,2200,912
2022-07-19,2150,2200,2150,2200,3851
2022-07-20,2150,2200,2150,2200,4184
2022-07-21,2200,2200,2155,2200,4397
2022-07-22,2200,2200,2200,2200,2120
2022-07-25,2200,2220,2200,2220,2587
2022-07-26,2220,2220,2215,2215,39
2022-07-27,2215,2340,2215,2335,196
2022-07-28,2335,2335,2300,2300,746
2022-07-29,2300,2300,2205,2300,2351
2022-08-01,2290,2290,2210,2290,334
2022-08-02,2290,2290,2200,2235,12398
2022-08-03,2250,2250,2235,2250,1185
2022-08-04,2230,2235,2230,2235,1242
2022-08-05,2240,2290,2240,2290,2624
2022-08-09,2285,2295,2285,2290,827
2022-08-10,2290,2290,2250,2290,1323
2022-08-11,2295,2295,2250,2280,371
2022-08-12,2260,2280,2255,2270,230
2022-08-16,2290,2295,2270,2270,998
2022-08-17,2295,2295,2280,2280,31
2022-08-18,2270,2280,2270,2280,1365
2022-08-19,2280,2280,2255,2265,4133
2022-08-22,2270,2270,2255,2270,1491
2022-08-23,2270,2270,2265,2265,1146
2022-08-24,2270,2270,2200,2200,352
2022-08-25,2200,2215,2200,2200,1686
2022-08-26,2215,2250,2215,2250,156
2022-08-29,2250,2250,2205,2250,279
2022-08-30,2250,2250,2205,2225,127
2022-08-31,2210,2270,2200,2250,2023
2022-09-01,2250,2250,2200,2250,1044
2022-09-02,2245,2250,2245,2250,284
2022-09-05,2225,2245,2225,2240,161
2022-09-06,2245,2245,2240,2240,300
2022-09-07,2245,2245,2230,2230,215
2022-09-08,2245,2245,2215,2215,290
2022-09-09,2240,2240,2240,2240,18
2022-09-12,2240,2240,2240,2240,114
2022-09-13,2235,2235,2145,2145,2429
2022-09-14,2240,2240,2200,2235,799
2022-09-15,2240,2240,2230,2230,354
2022-09-16,2210,2250,2210,2250,7934
2022-09-19,2270,2270,2250,2250,301
2022-09-20,2270,2335,2270,2320,7166
2022-09-21,2295,2300,2295,2300,19
2022-09-22,2250,2300,2250,2300,7462
2022-09-23,2300,2300,2300,2300,84
2022-09-26,2310,2370,2250,2250,21250
2022-09-27,2380,2380,2300,2300,216
2022-09-28,2300,2380,2250,2375,406
2022-09-29,2375,2375,2330,2330,180
2022-09-30,2300,2300,2260,2295,226
2022-10-03,2300,2300,2250,2300,21464
2022-10-04,2255,2300,2255,2295,680
2022-10-05,2250,2300,2250,2250,587
2022-10-06,2250,2250,2235,2240,556
2022-10-07,2350,2375,2350,2350,2407
2022-10-10,2350,2350,2250,2345,771
2022-10-11,2345,2345,2250,2330,194
2022-10-12,2330,2500,2235,2235,19988
2022-10-13,2240,2350,2180,2350,4260
2022-10-14,2350,2350,2300,2300,21
2022-10-17,2300,2300,2200,2300,50
2022-10-18,2345,2345,2250,2250,99
2022-10-19,2345,2345,2340,2340,135
2022-10-20,2345,2345,2250,2250,2950
2022-10-24,2300,2345,2250,2250,617
2022-10-25,2220,2340,2220,2225,1126
2022-10-26,2230,2235,2225,2235,539
2022-10-27,2300,2300,2300,2300,540
2022-10-28,2335,2335,2225,2335,2651
2022-10-31,2340,2340,2340,2340,46
2022-11-02,2335,2340,2300,2330,826
2022-11-03,2310,2310,2300,2300,3376
2022-11-04,2300,2350,2215,2215,654927
2022-11-07,2215,2335,2215,2330,100
2022-11-08,2325,2325,2205,2325,267
2022-11-09,2335,2335,2300,2300,97
2022-11-10,2300,2300,2130,2150,1975
2022-11-11,2010,2310,2010,2300,678
2022-11-14,2200,2200,2200,2200,200
2022-11-16,2200,2200,2035,2035,1074
2022-11-17,2100,2185,2050,2185,3076
2022-11-18,2190,2200,2105,2200,604
2022-11-21,2200,2200,2100,2200,216
2022-11-22,2200,2200,2105,2195,2605
2022-11-23,2195,2200,2100,2200,2224
2022-11-24,2195,2195,2105,2195,2887
2022-11-25,2100,2195,2100,2195,280
2022-11-28,2195,2195,2035,2195,4359
2022-11-29,2195,2195,2050,2050,150
2022-11-30,2195,2195,2195,2195,924
2022-12-01,2190,2200,2190,2200,2416
2022-12-02,2035,2175,2035,2175,231
2022-12-05,2035,2100,2035,2100,311
2022-12-06,2090,2100,2090,2100,169
2022-12-07,2100,2100,2100,2100,3311
2022-12-08,1945,1945,1945,1945,1000
2022-12-09,1955,2090,1950,1965,1584
2022-12-12,2100,2100,2050,2100,240
2022-12-13,2100,2100,2100,2100,290
2022-12-14,2100,2100,1980,1980,569
2022-12-15,2100,2100,1980,2100,810
2022-12-16,2095,2095,2095,2095,53
2022-12-19,2095,2095,2050,2050,424
2022-12-20,2050,2050,2050,2050,300
2022-12-21,1950,2050,1950,2050,730
2022-12-22,2050,2050,1945,1945,241
2022-12-23,2000,2000,2000,2000,479
2022-12-27,2000,2000,1995,1995,498
2022-12-28,1960,1960,1900,1900,3628
2022-12-29,1900,1900,1890,1900,792
2022-12-30,1900,1900,1885,1895,2094
2023-01-02,1895,1900,1865,1900,1301
2023-01-03,1895,1900,1895,1900,22346
2023-01-04,2000,2000,2000,2000,1113
2023-01-05,1995,1995,1900,1990,198
2023-01-06,1990,1990,1905,1905,244
2023-01-09,1950,1950,1905,1920,841
2023-01-10,1920,1930,1920,1930,244
2023-01-11,1905,1905,1890,1900,1229
2023-01-12,1900,1950,1870,1950,2532
2023-01-13,1950,1950,1905,1925,341
2023-01-16,1905,1950,1900,1950,8810
2023-01-17,1925,1945,1900,1940,3965
2023-01-18,1905,1940,1905,1910,827
2023-01-19,1910,1940,1910,1940,361
2023-01-20,1940,1950,1940,1950,2263
2023-01-23,1940,1990,1905,1990,1544
2023-01-24,1945,1990,1945,1990,11038
2023-01-25,1990,2000,1990,2000,295
2023-01-26,1990,2000,1990,2000,161
2023-01-27,2000,2010,1995,2010,1247
2023-01-30,2000,2010,1995,2010,95
2023-01-31,2000,2040,2000,2040,801
2023-02-01,2050,2100,2040,2040,473
2023-02-02,2040,2100,2040,2100,720
2023-02-03,2100,2100,2100,2100,157
2023-02-06,2075,2100,2070,2070,165
2023-02-07,2070,2100,2040,2100,2556
2023-02-08,2100,2100,2040,2040,218
2023-02-09,2100,2100,2050,2100,659
2023-02-10,2100,2100,2070,2070,257
2023-02-13,2070,2100,2060,2070,3908
2023-02-14,2070,2095,2070,2080,1470
2023-02-15,2085,2230,2085,2200,3093
2023-02-16,2200,2295,2200,2200,7539
2023-02-17,2200,2200,2035,2200,5299
2023-02-20,2195,2195,2065,2190,437
2023-02-21,2195,2200,2195,2200,1259
2023-02-22,2195,2195,2035,2195,8825
2023-02-23,2190,2190,2095,2190,616
2023-02-24,2095,2190,2030,2185,1029
2023-02-27,2175,2180,2025,2100,555
2023-02-28,2010,2100,2000,2100,23754
2023-03-01,2100,2100,2095,2095,1265
2023-03-02,2090,2090,2090,2090,561
2023-03-03,2095,2100,2095,2100,144
2023-03-06,2005,2100,2005,2100,402
2023-03-07,2100,2100,2090,2090,339
2023-03-08,2090,2100,2000,2000,2258
2023-03-09,2000,2100,2000,2100,888
2023-03-10,2100,2200,2100,2200,808
2023-03-13,2195,2200,2195,2195,1454
2023-03-14,2195,2290,2155,2290,919
2023-03-15,2290,2290,2150,2150,995
2023-03-16,2140,2290,2100,2150,3658
2023-03-17,2100,2150,2100,2150,5286
2023-03-20,2145,2150,2105,2150,4602
2023-03-21,2105,2150,2105,2110,2685
2023-03-22,2110,2240,2110,2240,971
2023-03-23,2115,2235,2115,2235,71
2023-03-24,2235,2235,2105,2235,550
2023-03-27,2235,2235,2100,2230,4392
2023-03-28,2225,2230,2100,2200,2194
2023-03-29,2195,2195,2120,2120,68
2023-03-30,2105,2120,2105,2120,5755
2023-03-31,2190,2190,2110,2120,43
2023-04-03,2105,2115,2005,2110,715
2023-04-04,2120,2120,2100,2100,1520
2023-04-05,2110,2110,2100,2105,942
2023-04-06,2150,2150,2105,2150,859
2023-04-07,2150,2150,2100,2100,264
2023-04-11,2105,2105,2100,2100,340
2023-04-12,2100,2150,2100,2150,1816
2023-04-13,2150,2150,2100,2100,118
2023-04-14,2100,2150,2100,2150,275
2023-04-17,2100,2200,2100,2200,313
2023-04-19,2200,2200,2100,2100,763
2023-04-20,2100,2100,2100,2100,2109
2023-04-24,2100,2100,2100,2100,320
2023-04-25,2100,2195,2100,2195,604
2023-04-26,2190,2195,2190,2195,201
2023-04-27,2195,2195,2100,2195,1315
2023-04-28,2195,2195,2150,2150,17
2023-05-02,2145,2160,2105,2160,1438
2023-05-03,2180,2180,2160,2160,2215
2023-05-04,2160,2180,2020,2020,5327
2023-05-05,2060,2170,2000,2170,652
2023-05-08,2170,2170,2100,2100,160
2023-05-10,2095,2095,2020,2020,133
2023-05-11,2090,2100,2015,2100,540
2023-05-12,2100,2100,2000,2100,942
2023-05-15,2100,2100,2050,2050,263
2023-05-16,2100,2100,2050,2050,130
2023-05-17,2050,2095,2050,2095,115
2023-05-19,2100,2100,2000,2100,319
2023-05-22,2100,2100,2005,2090,738
2023-05-23,2005,2100,2005,2100,599
2023-05-24,2100,2100,2100,2100,3775
2023-05-25,2170,2200,2120,2200,570
2023-05-26,2195,2195,2100,2100,6989
2023-05-30,2100,2100,2010,2100,869
2023-05-31,2100,2100,2010,2100,2908
2023-06-01,2100,2100,2095,2095,1150
2023-06-02,2095,2095,2015,2095,312
2023-06-05,2100,2100,2090,2090,116
2023-06-06,2085,2085,2050,2050,412
2023-06-07,2050,2050,2000,2000,3909
2023-06-08,2100,2100,2000,2100,2795
2023-06-09,2100,2100,2005,2100,455
2023-06-12,2150,2190,2150,2190,1167
2023-06-13,2150,2180,2005,2170,10512
2023-06-14,2150,2150,2145,2145,306
2023-06-15,2145,2145,1995,2145,651
2023-06-16,2145,2145,2005,2145,469
2023-06-19,2145,2145,2005,2145,759
2023-06-20,2145,2170,2145,2145,7176
2023-06-21,2145,2200,2100,2195,581
2023-06-22,2190,2195,2190,2195,1466
2023-06-23,2155,2195,2155,2190,751
2023-06-26,2195,2200,2145,2200,2638
2023-06-27,2195,2220,2190,2220,1009
2023-06-29,2295,2295,2285,2285,225
2023-06-30,2155,2290,2155,2290,33453
2023-07-03,2290,2295,2160,2160,808
2023-07-04,2200,2200,2160,2160,395
2023-07-05,2200,2200,2200,2200,3587
2023-07-06,2200,2290,2160,2160,905
2023-07-07,2200,2285,2200,2260,139
2023-07-10,2260,2290,2160,2260,593
2023-07-11,2260,2290,2260,2260,5551
2023-07-12,2250,2290,2250,2290,548
2023-07-13,2245,2245,2205,2245,5080
2023-07-14,2245,2245,2245,2245,4152
2023-07-17,2240,2250,2240,2250,4556
2023-07-18,2250,2285,2230,2230,2068
2023-07-19,2230,2230,2205,2230,235
2023-07-20,2225,2225,2225,2225,740
2023-07-21,2225,2225,2200,2200,1672
2023-07-24,2225,2230,2155,2230,762
2023-07-25,2230,2240,2065,2240,9682
2023-07-26,2235,2240,2150,2240,1010
2023-07-27,2240,2265,2235,2265,4612
2023-07-28,2240,2265,2200,2265,725
2023-07-31,2265,2380,2200,2380,2560
2023-08-01,2380,2380,2205,2370,1608
2023-08-02,2370,2380,2200,2310,501
2023-08-03,2340,2370,2300,2370,804
2023-08-04,2370,2370,2230,2230,1406
2023-08-08,2300,2300,2065,2150,6901
2023-08-09,2150,2150,2105,2150,2364
2023-08-10,2145,2160,2145,2160,815
2023-08-11,2160,2160,2150,2150,1246
2023-08-14,2150,2150,2145,2150,372
2023-08-16,2145,2150,2145,2145,1015
2023-08-17,2015,2160,2015,2150,27819
2023-08-18,2150,2150,2055,2150,2637
2023-08-21,2125,2150,2075,2150,1687
2023-08-22,2150,2150,2150,2150,1445
2023-08-23,2110,2150,2110,2145,2005
2023-08-24,2130,2150,2130,2145,2832
2023-08-25,2150,2150,2150,2150,456783
2023-08-28,2150,2150,2100,2145,11046
2023-08-29,2145,2150,2060,2130,38844
2023-08-30,2130,2145,2065,2145,865
2023-08-31,2145,2150,2145,2150,9970
2023-09-01,2150,2150,2150,2150,275
2023-09-04,2150,2150,2150,2150,3274
2023-09-05,2150,2150,2105,2150,990
2023-09-06,2130,2175,2100,2175,12993
2023-09-07,2170,2175,2150,2170,4128
2023-09-08,2175,2175,2160,2160,3679
2023-09-11,2155,2155,2150,2155,1680
2023-09-12,2155,2155,2145,2155,2332
2023-09-13,2160,2315,2155,2310,22027
2023-09-14,2315,2315,2200,2300,3419
2023-09-15,2300,2300,2170,2300,12188
2023-09-18,2300,2300,2160,2295,1053
2023-09-19,2160,2200,2130,2150,5840
2023-09-20,2155,2155,2150,2155,4631
2023-09-21,2155,2180,2155,2155,303
2023-09-22,2155,2185,2155,2155,2061
2023-09-25,2155,2155,1995,2145,476
2023-09-26,2175,2175,2010,2010,1275
2023-09-28,2095,2160,2095,2150,1230
2023-09-29,2190,2190,2100,2160,1313
2023-10-02,2190,2200,2150,2180,4643
2023-10-03,2150,2150,2020,2100,6494
2023-10-04,2100,2100,2010,2100,3114
2023-10-05,2100,2100,2100,2100,418
2023-10-06,1945,2100,1945,2100,9352
2023-10-09,2085,2085,2050,2085,3726
2023-10-10,2085,2130,2085,2105,12379
2023-10-11,2085,2105,2085,2095,989
2023-10-12,2095,2120,2000,2120,2605
2023-10-13,2000,2115,2000,2110,635
2023-10-16,2120,2120,2000,2100,3390
2023-10-17,2100,2100,2000,2090,7077
2023-10-18,2090,2100,1955,2010,2914
2023-10-19,2050,2050,2000,2000,666
2023-10-20,2095,2095,2000,2000,3617
2023-10-23,2000,2000,1950,1950,4939
2023-10-24,1950,1990,1950,1990,3328
2023-10-25,1990,1990,1950,1950,936
2023-10-26,2050,2050,1950,1950,2147
2023-10-27,2000,2000,1955,2000,5695
2023-10-30,1955,2000,1955,2000,795
2023-10-31,1950,1950,1900,1900,3710
2023-11-02,1890,1950,1890,1915,1302
2023-11-03,1950,1990,1915,1990,445
2023-11-06,2000,2000,1995,1995,163
2023-11-07,1990,2000,1990,1995,434
2023-11-08,1910,1995,1900,1905,7921
2023-11-09,1905,1950,1900,1900,9874
2023-11-10,1870,1870,1845,1850,6094
2023-11-13,1850,1885,1850,1855,1167
2023-11-14,1855,1855,1855,1855,8
2023-11-16,1860,1885,1850,1850,2220
2023-11-17,1845,1855,1845,1850,10733
2023-11-20,1855,1855,1855,1855,994
2023-11-21,1855,1855,1850,1855,2608
2023-11-22,1850,1870,1800,1800,1431
2023-11-23,1850,1850,1800,1805,5290
2023-11-24,1805,1805,1805,1805,1077
2023-11-27,1805,1850,1805,1805,9266
2023-11-28,1810,1850,1800,1850,5931
2023-11-29,1885,1885,1800,1825,6496
2023-11-30,1825,1825,1795,1795,2180
2023-12-01,1800,1825,1770,1780,6329
2023-12-04,1745,1770,1650,1770,34490
2023-12-05,1780,1780,1645,1765,3333
2023-12-06,1750,1750,1700,1750,2622
2023-12-07,1750,1780,1750,1750,1565
2023-12-08,1780,1790,1780,1790,1439
2023-12-11,1790,1790,1770,1770,2023
2023-12-12,1800,1800,1755,1800,4081
2023-12-13,1800,1850,1790,1850,10183
2023-12-14,1850,1850,1770,1800,3701
2023-12-15,1800,1800,1770,1800,4061
2023-12-18,1800,1800,1750,1800,1200
2023-12-19,1795,1800,1750,1800,1163
2023-12-20,1730,1800,1730,1800,3092
2023-12-21,1850,1850,1850,1850,366
2023-12-22,1850,1865,1850,1850,1061
2023-12-26,1855,1855,1800,1800,2844
2023-12-27,1800,1800,1800,1800,425
2023-12-28,1800,1800,1785,1795,1193
2023-12-29,1795,1800,1730,1800,18079
2024-01-02,1710,1800,1710,1780,369
2024-01-03,1795,1800,1720,1750,10735
2024-01-04,1780,1780,1720,1775,4310
2024-01-05,1780,1780,1710,1780,1148
2024-01-08,1780,1780,1750,1750,1026
2024-01-09,1750,1780,1750,1780,2217
2024-01-10,1780,1780,1780,1780,674
2024-01-11,1780,1780,1760,1760,490
2024-01-12,1780,1785,1645,1645,2119
2024-01-15,1765,1765,1680,1680,842
2024-01-16,1685,1800,1685,1800,606
2024-01-17,1790,1800,1785,1800,264
2024-01-18,1785,1865,1700,1860,6274
2024-01-19,1725,1850,1725,1850,1968
2024-01-22,1715,1800,1715,1800,1171
2024-01-23,1695,1865,1665,1860,5186
2024-01-24,1725,1850,1725,1850,1070
2024-01-25,1735,1845,1715,1845,185
2024-01-26,1735,1800,1710,1800,1222
2024-01-29,1740,1750,1665,1750,5165
2024-01-30,1800,1800,1625,1700,4112
2024-01-31,1750,1775,1700,1700,825
2024-02-01,1750,1750,1700,1700,1240
2024-02-02,1700,1700,1680,1695,908
2024-02-05,1700,1750,1680,1700,2230
2024-02-06,1750,1750,1680,1680,3777
2024-02-07,1700,1700,1650,1680,1688
2024-02-08,1680,1680,1650,1680,390
2024-02-09,1680,1700,1600,1700,7514
2024-02-13,1700,1700,1680,1700,2397
2024-02-14,1700,1730,1590,1730,2282
2024-02-15,1605,1700,1605,1690,12864
2024-02-16,1660,1690,1600,1690,297231
2024-02-19,1695,1695,1650,1680,13197
2024-02-20,1690,1690,1555,1680,16146
2024-02-21,1685,1720,1680,1680,8269
2024-02-22,1680,1700,1680,1700,902
2024-02-23,1700,1720,1670,1720,23964
2024-02-26,1720,1730,1600,1700,14968
2024-02-27,1700,1720,1575,1580,12987
2024-02-28,1690,1695,1690,1695,934
2024-02-29,1700,1700,1650,1685,6581
2024-03-01,1685,1685,1655,1675,5487
2024-03-04,1670,1725,1670,1720,2226
2024-03-05,1720,1720,1650,1660,6105
2024-03-06,1610,1660,1610,1650,3011
2024-03-07,1660,1660,1655,1660,3182
2024-03-08,1680,1680,1660,1665,2247
2024-03-11,1700,1730,1700,1725,881
2024-03-12,1725,1725,1610,1650,3885
2024-03-13,1725,1725,1600,1605,6487
2024-03-14,1645,1645,1645,1645,1790
2024-03-15,1645,1645,1645,1645,687
2024-03-18,1645,1700,1630,1700,31221
2024-03-19,1650,1700,1650,1700,1038
2024-03-20,1705,1705,1655,1705,391
2024-03-21,1705,1720,1700,1700,1048
2024-03-22,1700,1705,1700,1700,990
2024-03-25,1705,1710,1705,1710,1176
2024-03-26,1720,1730,1700,1725,769
2024-03-27,1730,1730,1615,1725,11812
2024-03-28,1725,1750,1650,1750,1722
2024-03-29,1750,1750,1620,1620,17214
2024-04-02,1680,1700,1600,1700,37931
2024-04-03,1700,1745,1700,1745,3442
2024-04-04,1650,1745,1650,1730,581
2024-04-05,1750,1750,1700,1700,1180
2024-04-08,1700,1725,1700,1700,1065
2024-04-09,1700,1740,1700,1740,139
2024-04-11,1750,1750,1730,1740,825
2024-04-12,1725,1750,1725,1740,1544
2024-04-15,1740,1740,1725,1725,1148
2024-04-16,1700,1725,1700,1720,1210
2024-04-17,1720,1730,1705,1720,19572
2024-04-18,1725,1790,1720,1790,643
2024-04-19,1795,1795,1780,1780,453
2024-04-22,1780,1790,1780,1780,679
2024-04-23,1790,1800,1770,1800,1660
2024-04-24,1800,1800,1780,1780,450
2024-04-25,1780,1780,1750,1780,629
2024-04-26,1780,1795,1750,1795,1098
2024-04-29,1795,1800,1760,1790,1084
2024-04-30,1820,1880,1820,1880,6291
2024-05-02,1900,1940,1880,1940,3402
2024-05-03,1900,1900,1880,1900,3592
2024-05-06,1900,1900,1830,1845,10748
2024-05-07,1845,1900,1845,1885,5247
2024-05-08,1885,1940,1850,1930,1245
2024-05-10,1940,1950,1930,1945,4481
2024-05-13,1945,1945,1900,1900,2591
2024-05-14,1900,1945,1900,1930,1203
2024-05-15,1930,1930,1900,1905,1022
2024-05-16,1930,1930,1910,1910,1317
2024-05-17,1910,1925,1910,1915,1790
2024-05-21,1920,1925,1915,1920,4097
2024-05-22,1850,1925,1850,1915,3696
2024-05-23,1920,1930,1900,1930,1806
2024-05-24,1915,1930,1915,1930,1989
2024-05-27,1960,1995,1930,1930,4002
2024-05-28,1950,2000,1950,1965,4684
2024-05-29,1970,1995,1960,1985,9924
2024-05-30,1990,2000,1990,2000,9058
2024-05-31,2000,2100,1950,2085,6326
2024-06-03,2085,2085,2000,2050,1784
2024-06-04,2050,2060,2050,2050,3196
2024-06-05,2050,2070,2050,2055,11445
2024-06-06,2070,2070,2055,2055,503
2024-06-07,2055,2070,2050,2070,604
2024-06-10,2150,2150,2070,2070,1137
2024-06-11,2080,2085,2070,2085,961
2024-06-12,2085,2150,2055,2055,5032
2024-06-13,2065,2085,2045,2065,695
2024-06-14,2055,2055,2050,2055,696
2024-06-18,2055,2055,2050,2055,1094
2024-06-19,2055,2085,2010,2010,1687
2024-06-20,2100,2100,2010,2100,2289
2024-06-21,2060,2095,2060,2095,2276
2024-06-24,2020,2125,2020,2125,1404
2024-06-25,2095,2125,2095,2125,858
2024-06-26,2115,2125,2115,2115,495
2024-06-27,2115,2115,2100,2110,5112
2024-06-28,2100,2110,2100,2110,1194
2024-07-01,2115,2175,2110,2110,1531
2024-07-02,2185,2185,2110,2170,653
2024-07-03,2170,2185,2165,2180,564
2024-07-04,2185,2185,2175,2175,950
2024-07-05,2180,2190,2180,2190,615
2024-07-08,2190,2195,2110,2190,2737
2024-07-09,2195,2195,2190,2190,1569
2024-07-10,2190,2190,2110,2110,779
2024-07-11,2150,2150,2100,2120,26496
2024-07-12,2150,2150,2100,2145,8099
2024-07-15,2125,2145,2120,2145,10178
2024-07-16,2120,2145,2120,2145,994
2024-07-17,2145,2145,2120,2145,2282
2024-07-18,2145,2175,2145,2175,988
2024-07-19,2175,2175,2120,2175,10695
2024-07-22,2190,2200,2180,2195,6251
2024-07-23,2195,2195,2170,2180,623
2024-07-24,2180,2180,2145,2180,1397
2024-07-25,2180,2180,2175,2175,126
2024-07-26,2175,2180,2175,2180,10418
2024-07-29,2180,2250,2180,2250,3259
2024-07-30,2245,2245,2190,2240,863
2024-07-31,2240,2245,2190,2190,8905
2024-08-01,2245,2250,2185,2250,2373
2024-08-02,2255,2255,2250,2255,1883
2024-08-05,2290,2340,2250,2270,2879
2024-08-06,2270,2385,2270,2385,1704
2024-08-08,2400,2450,2385,2435,18480
2024-08-09,2395,2435,2385,2435,2580
2024-08-12,2435,2435,2395,2425,23673
2024-08-13,2420,2425,2385,2385,5017
2024-08-14,2385,2385,2365,2385,3669
2024-08-16,2400,2400,2380,2380,5281
2024-08-19,2380,2430,2380,2425,1002
2024-08-20,2425,2425,2380,2385,20535
2024-08-21,2390,2425,2390,2415,4029
2024-08-22,2400,2425,2400,2425,1440
2024-08-23,2425,2490,2390,2425,26566
2024-08-26,2480,2480,2445,2445,18243
2024-08-27,2435,2435,2300,2300,57363
2024-08-28,2400,2470,2300,2400,13582
2024-08-29,2400,2570,2400,2450,26440
2024-08-30,2570,2600,2350,2600,7125
2024-09-02,2600,2600,2450,2535,2376
2024-09-03,2535,2700,2535,2620,8662
2024-09-04,2600,2615,2535,2600,7720
2024-09-05,2600,2615,2550,2615,18191
2024-09-06,2615,2635,2600,2630,17281
2024-09-09,2615,2635,2615,2615,1479
2024-09-10,2630,2650,2500,2650,12870
2024-09-11,2520,2655,2460,2650,4706
2024-09-12,2650,2690,2600,2690,5756
2024-09-13,2650,2650,2310,2490,772
2024-09-16,2490,2490,2305,2420,2461
2024-09-17,2400,2400,2300,2385,1455
2024-09-18,2380,2380,2245,2300,1701
2024-09-19,2300,2370,2130,2300,6103
2024-09-20,2300,2375,2300,2375,7752
2024-09-23,2400,2500,2300,2490,4319
2024-09-24,2480,2490,2305,2395,5016
2024-09-25,2360,2365,2300,2365,3518
2024-09-26,2365,2365,2300,2360,12362
2024-09-27,2360,2360,2205,2350,833
2024-09-30,2300,2300,2200,2290,8149
2024-10-01,2270,2395,2200,2395,5808
2024-10-02,2350,2350,2255,2300,2067
2024-10-03,2340,2340,2300,2340,109
2024-10-04,2325,2335,2320,2330,742
2024-10-07,2330,2335,2260,2260,1646
2024-10-08,2340,2340,2205,2250,2838
2024-10-09,2260,2260,2220,2230,1523
2024-10-10,2250,2260,2160,2160,8593
2024-10-11,2300,2300,2260,2290,1638
2024-10-14,2290,2290,2255,2285,412
2024-10-15,2285,2300,2200,2300,44678
2024-10-16,2285,2340,2260,2260,860
2024-10-17,2340,2340,2260,2335,632
2024-10-18,2335,2340,2280,2340,4319
2024-10-21,2340,2395,2340,2365,2953
2024-10-22,2400,2400,2370,2375,1292
2024-10-23,2380,2380,2375,2375,517
2024-10-24,2375,2405,2375,2405,1373
2024-10-25,2405,2550,2405,2525,5713
2024-10-28,2525,2530,2450,2525,14654
2024-10-29,2520,2525,2500,2505,7151
2024-10-30,2505,2505,2500,2500,2360
2024-10-31,2500,2500,2450,2450,542
2024-11-04,2450,2525,2450,2460,4366
2024-11-05,2500,2500,2385,2460,8750
2024-11-06,2460,2490,2460,2480,1258
2024-11-07,2480,2485,2455,2485,1112
2024-11-08,2460,2485,2460,2485,782
2024-11-11,2485,2490,2460,2490,2254
2024-11-12,2500,2500,2460,2490,5816
2024-11-13,2490,2495,2475,2495,1306
2024-11-14,2495,2495,2490,2490,550
2024-11-18,2495,2495,2480,2480,2494
2024-11-19,2490,2500,2470,2490,2695
2024-11-20,2490,2500,2490,2500,849
2024-11-21,2495,2500,2485,2485,746
2024-11-22,2490,2495,2485,2495,780
2024-11-25,2485,2485,2355,2395,6866
2024-11-26,2355,2400,2350,2395,4269
2024-11-27,2410,2410,2350,2350,2284
2024-11-28,2350,2395,2350,2390,630
2024-11-29,2390,2390,2385,2390,2568
2024-12-02,2390,2390,2360,2380,713
2024-12-03,2385,2410,2360,2410,8111
2024-12-04,2380,2400,2365,2400,656
2024-12-05,2400,2400,2360,2380,984
2024-12-06,2380,2380,2360,2370,1141
2024-12-09,2370,2370,2360,2370,514
2024-12-10,2370,2370,2350,2350,2126
2024-12-11,2350,2350,2335,2340,162
2024-12-12,2340,2345,2335,2345,297
2024-12-13,2345,2350,2345,2350,1329
2024-12-16,2350,2350,2330,2345,563
2024-12-17,2340,2340,2180,2180,8836
2024-12-18,2200,2315,2200,2315,859
2024-12-19,2315,2345,2300,2340,8262
2024-12-20,2300,2340,2300,2340,326
2024-12-23,2315,2315,2200,2300,18024
2024-12-24,2300,2300,2300,2300,201
2024-12-26,2250,2335,2205,2335,4150
2024-12-27,2300,2400,2300,2400,1493
2024-12-30,2390,2480,2380,2480,3687
2024-12-31,2500,2500,2500,2500,3473
2025-01-02,2500,2500,2400,2480,2035
2025-01-03,2480,2480,2480,2480,189
2025-01-06,2405,2480,2405,2480,516
2025-01-07,2480,2480,2435,2435,2363
2025-01-08,2500,2500,2495,2495,19825
2025-01-09,2495,2495,2400,2425,3397
2025-01-10,2495,2500,2425,2500,3217
2025-01-13,2495,2495,2430,2435,2235
2025-01-14,2500,2500,2450,2500,2808
2025-01-15,2500,2500,2450,2450,1248
2025-01-16,2450,2450,2350,2425,1742
2025-01-17,2430,2430,2400,2425,295
2025-01-20,2425,2450,2350,2450,1405
2025-01-21,2450,2500,2450,2485,6817
2025-01-22,2450,2485,2400,2450,1138
2025-01-23,2450,2450,2405,2405,1051
2025-01-24,2405,2450,2405,2425,542
2025-01-27,2425,2480,2425,2450,1046
2025-01-28,2445,2445,2420,2420,545
2025-01-29,2350,2425,2350,2425,965
2025-01-30,2400,2450,2355,2355,3018
2025-01-31,2495,2495,2480,2495,1074
2025-02-03,2375,2495,2375,2420,980
2025-02-04,2420,2495,2400,2480,1198
2025-02-05,2495,2495,2400,2450,584
2025-02-06,2490,2490,2450,2450,700
2025-02-07,2455,2495,2455,2495,500
2025-02-10,2500,2500,2480,2500,1799
2025-02-11,2500,2500,2495,2495,1128
2025-02-12,2500,2500,2495,2500,483
2025-02-13,2500,2535,2500,2530,22379
2025-02-14,2530,2710,2530,2705,50392
2025-02-17,2705,2905,2705,2855,15768
2025-02-18,3065,3065,3065,3065,15023
2025-02-19,3290,3290,3070,3280,14574
2025-02-20,3260,3300,3200,3300,12425
2025-02-21,3290,3390,3290,3300,12026
2025-02-24,3300,3360,3055,3055,2531
2025-02-25,3055,3210,3045,3200,3600
2025-02-26,3195,3360,2960,3355,13265
2025-02-27,3150,3550,3150,3550,18891
2025-02-28,3550,3790,3295,3790,16952
2025-03-03,3555,3790,3550,3785,24153
2025-03-04,3780,3800,3700,3785,17669
2025-03-05,3660,3780,3605,3670,22518
2025-03-06,3670,3780,3655,3745,1126
2025-03-07,3725,3740,3680,3740,1298
2025-03-10,3740,3740,3655,3730,3494
2025-03-11,3700,3730,3555,3600,25021
2025-03-12,3690,3690,3600,3605,5187
2025-03-13,3605,3650,3500,3550,21024
2025-03-14,3605,3680,3600,3650,1108
2025-03-17,3680,3685,3380,3620,14962
2025-03-18,3645,3645,3420,3635,3611
2025-03-19,3905,3905,3800,3800,15172
2025-03-20,3795,3795,3600,3695,12806
2025-03-21,3640,3650,3500,3620,4146
2025-03-24,3660,3665,3350,3605,8996
2025-03-25,3600,3605,3450,3495,5249
2025-03-26,3500,3500,3385,3495,2954
2025-03-28,3490,3490,3405,3480,1712
2025-04-01,3485,3490,3465,3465,1708
2025-04-02,3465,3465,3355,3380,4407
2025-04-03,3380,3440,3370,3440,3369
2025-04-04,3440,3440,3390,3390,1129
2025-04-07,3390,3440,3200,3245,6066
2025-04-08,3245,3380,3200,3380,11157
2025-04-09,3600,3630,3600,3630,12201
2025-04-10,3900,3900,3900,3900,47664
2025-04-11,4190,4190,3950,3960,39783
2025-04-14,4000,4000,3945,3950,12500
2025-04-15,3940,3940,3750,3750,7682
2025-04-16,3750,3750,3600,3745,11381
2025-04-17,3725,3745,3650,3650,17160
2025-04-18,3640,3650,3400,3600,6545
2025-04-22,3600,3600,3335,3500,6317
2025-04-23,3500,3500,3450,3450,11781
2025-04-24,3450,3650,3450,3650,2045
2025-04-25,3640,3650,3515,3620,3556
2025-04-28,3620,3620,3600,3600,3350
2025-04-29,3600,3650,3600,3600,26202
2025-04-30,3410,3550,3400,3545,7759
2025-05-02,3280,3280,3280,3280,4438
2025-05-05,3035,3035,3035,3035,1277
2025-05-06,2810,2810,2810,2810,2114
2025-05-07,2600,2600,2600,2600,1766
2025-05-08,2405,2500,2405,2405,51155
2025-05-09,2370,2395,2315,2390,8747
2025-05-12,2225,2390,2225,2320,6045
2025-05-13,2320,2395,2300,2395,8229
2025-05-14,2395,2395,2350,2395,7318
2025-05-15,2395,2405,2350,2390,17935
2025-05-16,2380,2395,2370,2395,3352
2025-05-19,2395,2400,2395,2395,9916
2025-05-20,2400,2405,2400,2405,6396
2025-05-21,2400,2585,2400,2585,9612
2025-05-22,2765,2770,2700,2700,4079
2025-05-23,2750,2750,2600,2600,8615
2025-05-26,2500,2595,2410,2575,4471
2025-05-27,2570,2585,2530,2585,5370
2025-05-28,2585,2600,2530,2585,5644
2025-05-30,2585,2585,2500,2540,20533
2025-06-02,2410,2580,2410,2580,4772
2025-06-03,2580,2770,2500,2770,17205
2025-06-04,2775,2945,2565,2885,15996
2025-06-05,2940,2940,2830,2900,4189
2025-06-10,2875,2875,2685,2685,27360
2025-06-11,2490,2680,2490,2675,4535
2025-06-12,2505,2685,2505,2665,12080
2025-06-13,2665,2680,2665,2665,5744
2025-06-16,2665,2700,2665,2700,16093
2025-06-17,2700,2795,2695,2795,12872
2025-06-18,2790,2795,2700,2775,10119
2025-06-19,2780,2790,2575,2575,23221
2025-06-20,2575,2640,2570,2575,10725
2025-06-23,2640,2640,2415,2600,13377
2025-06-24,2600,2600,2575,2585,4781
2025-06-25,2585,2600,2410,2585,6982
2025-06-26,2600,2600,2440,2510,3831
2025-06-27,2600,2695,2585,2595,7958
2025-06-30,2595,2695,2590,2650,9292
2025-07-01,2695,2695,2600,2645,1496
2025-07-02,2650,2665,2595,2665,12668
2025-07-03,2680,2680,2665,2680,1416
2025-07-04,2675,2695,2665,2695,15775
2025-07-07,2650,2700,2650,2670,768
2025-07-08,2680,2680,2645,2645,6550
2025-07-09,2645,2645,2610,2645,7538
2025-07-10,2645,2645,2615,2620,1112
2025-07-11,2600,2660,2600,2660,2861
2025-07-14,2625,2670,2625,2665,4530
2025-07-15,2650,2670,2650,2665,4358
2025-07-16,2670,2670,2600,2600,1685
2025-07-17,2630,2630,2550,2550,7131
2025-07-18,2550,2550,2500,2540,758
2025-07-21,2540,2625,2500,2605,1886
2025-07-22,2600,2600,2450,2500,12542
2025-07-23,2595,2595,2400,2500,16456
2025-07-24,2500,2500,2450,2500,773
2025-07-25,2500,2550,2495,2500,3689
2025-07-28,2500,2550,2495,2500,2636
2025-07-29,2450,2550,2450,2500,1898
2025-07-30,2470,2500,2450,2460,1967
2025-07-31,2460,2525,2460,2525,5410
2025-08-01,2550,2600,2545,2600,2366
2025-08-04,2600,2600,2570,2570,1194
2025-08-05,2570,2595,2525,2595,1780
2025-08-06,2595,2600,2595,2595,500
2025-08-08,2595,2600,2595,2595,2338
2025-08-11,2595,2600,2425,2425,49595
2025-08-12,2460,2590,2460,2500,1021
2025-08-13,2550,2590,2520,2520,448
2025-08-14,2500,2550,2500,2550,923
2025-08-18,2550,2595,2520,2595,2725
2025-08-19,2595,2600,2425,2600,26547
2025-08-20,2410,2595,2410,2590,10924
2025-08-21,2590,2595,2410,2575,48344
2025-08-22,2580,2590,2555,2580,24720
2025-08-25,2580,2600,2405,2455,69828
2025-08-26,2560,2580,2500,2580,6915
2025-08-27,2580,2600,2415,2540,27591
2025-08-28,2540,2540,2530,2540,2264
2025-08-29,2540,2570,2540,2540,2688
2025-09-01,2480,2480,2440,2445,5607
2025-09-02,2440,2465,2405,2440,2797
2025-09-03,2435,2450,2425,2440,2852
2025-09-05,2440,2445,2395,2440,6692
2025-09-08,2440,2440,2350,2435,6106
2025-09-09,2435,2450,2400,2400,7322
2025-09-10,2400,2430,2300,2395,12832
2025-09-11,2395,2395,2300,2380,7781
2025-09-12,2380,2395,2300,2350,13623
2025-09-15,2350,2395,2350,2395,4046
2025-09-16,2395,2395,2300,2300,34966
2025-09-17,2395,2440,2350,2385,2516
2025-09-18,2390,2420,2390,2410,2090
2025-09-19,2440,2440,2410,2425,1948
2025-09-22,2440,2465,2260,2450,13475
2025-09-23,2450,2465,2420,2460,1603
2025-09-24,2460,2490,2430,2450,2648
2025-09-25,2450,2465,2430,2450,12738
2025-09-26,2460,2460,2360,2450,5335
2025-09-29,2450,2450,2400,2450,2897
2025-09-30,2450,2450,2400,2400,2829
2025-10-01,2445,2450,2390,2400,2842
2025-10-02,2400,2425,2400,2425,1134
2025-10-03,2390,2455,2390,2445,6717
2025-10-06,2445,2535,2425,2500,21653
2025-10-07,2500,2530,2445,2450,14054
2025-10-08,2500,2500,2480,2480,1333
2025-10-09,2480,2490,2480,2490,4326
2025-10-10,2490,2490,2455,2490,2000
2025-10-13,2485,2500,2465,2500,4403
2025-10-14,2500,2500,2320,2325,119261
2025-10-15,2395,2450,2315,2445,52095
2025-10-16,2445,2455,2325,2450,26355
2025-10-17,2270,2270,2270,2270,17624
2025-10-20,2100,2300,2100,2300,15882
2025-10-21,2300,2400,2275,2400,11077
2025-10-22,2400,2425,2330,2350,5129
2025-10-23,2400,2400,2345,2345,8715
2025-10-24,2350,2390,2350,2390,2846
2025-10-27,2390,2395,2350,2390,5468
2025-10-28,2390,2395,2300,2350,11083
2025-10-29,2350,2390,2350,2355,8067
2025-10-30,2350,2375,2325,2350,7440
2025-10-31,2350,2385,2325,2380,8270
2025-11-03,2380,2380,2325,2325,4924
2025-11-04,2320,2340,2315,2325,11627
2025-11-05,2320,2325,2300,2325,4344
2025-11-06,2320,2345,2300,2335,6366
2025-11-07,2335,2335,2320,2335,3142
2025-11-10,2335,2335,2325,2335,2947
2025-11-11,2315,2340,2315,2325,11542
2025-11-12,2250,2340,2250,2300,7828
2025-11-13,2350,2350,2300,2345,2293
2025-11-14,2350,2395,2345,2360,1191
2025-11-17,2360,2395,2315,2380,2759
2025-11-18,2380,2380,2305,2350,374
2025-11-19,2350,2370,2275,2370,2526
2025-11-20,2370,2380,2350,2365,4740
2025-11-21,2355,2370,2325,2360,2603
2025-11-24,2250,2360,2235,2350,9356
2025-11-25,2400,2400,2305,2325,1999
2025-11-26,2325,2350,2280,2300,2125
2025-11-27,2325,2325,2300,2305,1381
2025-11-28,2305,2350,2305,2345,1211
2025-12-01,2350,2395,2350,2395,1602
2025-12-02,2395,2395,2380,2390,567
2025-12-03,2395,2395,2370,2370,2079
2025-12-04,2370,2390,2365,2365,1056
2025-12-05,2365,2370,2365,2370,2916
2025-12-08,2390,2390,2370,2385,1721
2025-12-09,2375,2385,2370,2385,2709
2025-12-10,2385,2385,2365,2385,3226
2025-12-11,2395,2395,2385,2390,1062
2025-12-12,2390,2395,2380,2395,2059
2025-12-15,2395,2400,2390,2390,929
2025-12-16,2370,2385,2370,2370,2308
2025-12-17,2360,2370,2350,2360,1059
2025-12-18,2300,2365,2300,2360,785
2025-12-19,2360,2370,2360,2360,2019
2025-12-22,2350,2350,2300,2340,2592
2025-12-23,2340,2345,2305,2345,581
2025-12-24,2345,2345,2340,2340,449
2025-12-26,2345,2345,2305,2345,4186
2025-12-29,2325,2345,2310,2345,4807
2025-12-30,2345,2345,2305,2340,6748
2025-12-31,2340,2340,2335,2335,882
2026-01-02,2335,2335,2335,2335,738
2026-01-05,2335,2350,2300,2350,11041
2026-01-06,2400,2400,2300,2350,3223
2026-01-07,2350,2350,2305,2345,3607
2026-01-08,2340,2360,2310,2310,914
2026-01-09,2360,2395,2350,2350,1531
2026-01-12,2395,2395,2360,2380,1389
2026-01-13,2380,2385,2355,2355,1248
2026-01-14,2380,2395,2370,2370,1310
2026-01-15,2370,2395,2305,2395,2227
2026-01-16,2395,2395,2350,2350,908
2026-01-19,2350,2385,2350,2385,5462
2026-01-20,2340,2380,2340,2380,2488
2026-01-21,2395,2395,2305,2385,3543
2026-01-22,2400,2400,2390,2390,2021
2026-01-23,2390,2400,2390,2400,1935
2026-01-26,2415,2470,2300,2420,3956
2026-01-27,2450,2450,2400,2400,1758
2026-01-28,2400,2425,2400,2410,1264
2026-01-29,2410,2475,2390,2400,4915
2026-01-30,2400,2400,2350,2350,2334
2026-02-02,2400,2400,2305,2350,3339
2026-02-03,2350,2350,2305,2320,2072
2026-02-04,2350,2400,2350,2400,477
2026-02-05,2400,2400,2350,2395,2908
2026-02-06,2395,2405,2390,2400,1507
2026-02-09,2400,2450,2400,2445,3701
2026-02-10,2440,2440,2400,2405,11777
2026-02-11,2445,2450,2445,2450,5020
2026-02-12,2405,2450,2405,2450,4805
2026-02-13,2450,2470,2445,2470,3677
2026-02-16,2470,2470,2435,2450,3534
2026-02-17,2455,2495,2440,2495,3324
2026-02-18,2495,2550,2495,2520,6906
2026-02-19,2520,2700,2520,2690,11223
2026-02-20,2890,2890,2690,2820,8046
2026-02-23,2690,2820,2690,2725,5462
2026-02-24,2725,2725,2705,2705,3111
2026-02-25,2705,2750,2705,2750,15534
2026-02-26,2750,2750,2745,2745,3509
2026-02-27,2740,2820,2740,2800,5513
2026-03-02,2850,3000,2800,3000,29198
2026-03-03,3025,3225,3000,3125,22053
2026-03-04,3300,3300,3090,3160,13125
2026-03-05,3150,3160,2930,2930,17292
2026-03-06,2905,2930,2715,2850,28889
2026-03-09,2850,2950,2850,2855,16324
2026-03-10,2900,2900,2850,2850,7812
2026-03-11,2855,2880,2800,2800,65735
2026-03-12,2800,2850,2715,2810,16601
2026-03-13,2810,2810,2740,2740,2027
2026-03-17,2750,2790,2750,2760,6545
2026-03-18,2770,2900,2760,2900,7707
2026-03-19,2905,3005,2905,2950,49250
2026-03-23,2950,3000,2945,2995,19837
2026-03-24,3000,3000,2810,2810,27668
2026-03-25,2810,2920,2810,2815,33317
2026-03-26,3025,3025,2815,2870,18826
2026-03-27,2975,2975,2900,2975,3260
2026-03-30,2975,2975,2890,2895,8947
2026-03-31,2885,2895,2805,2880,11807
2026-04-01,2750,2765,2705,2720,38621
2026-04-02,2710,2720,2705,2705,26390
2026-04-03,2705,2725,2705,2705,23774
2026-04-07,2705,2750,2650,2650,9877
2026-04-08,2700,2700,2650,2650,2843
2026-04-09,2650,2700,2610,2700,10764
2026-04-10,2650,2850,2650,2800,58126
2026-04-13,2800,2800,2700,2795,1469
2026-04-14,2795,2850,2795,2840,2957
2026-04-15,2840,2840,2740,2795,912
2026-04-16,2800,2840,2795,2795,12503
2026-04-17,2795,2800,2795,2795,885
2026-04-20,2800,2800,2700,2750,1371
2026-04-21,2700,2800,2630,2700,10612
2026-04-22,2700,2700,2640,2650,3469
2026-04-23,2650,2700,2650,2700,2347
2026-04-24,2700,2750,2700,2700,2004
2026-04-27,2750,2750,2700,2705,7688
2026-04-28,2700,2750,2700,2700,2813
2026-04-29,2750,2750,2700,2750,7425
2026-04-30,2750,2750,2705,2740,1147
2026-05-04,2700,2750,2700,2750,10095
2026-05-05,2740,2745,2740,2745,6789
2026-05-06,2740,2740,2700,2740,4177
2026-05-07,2740,2740,2700,2720,6470
2026-05-08,2705,2750,2705,2750,4953
2026-05-11,2750,2900,2745,2850,9699
2026-05-12,2850,3060,2795,3060,19254
2026-05-13,2850,3000,2850,2995,10912
2026-05-15,3000,3000,2785,2910,4805
2026-05-18,2995,2995,2800,2905,934
2026-05-19,2905,2905,2800,2900,3221
2026-05-20,2900,2900,2790,2900,2103
2026-05-21,2850,2900,2850,2880,4018
2026-05-22,2895,2895,2845,2875,705
2026-05-26,2870,2870,2850,2870,693
2026-05-28,2870,2905,2870,2880,3356
2026-05-29,2870,2885,2850,2850,1082
2026-06-01,2885,2900,2850,2850,4518
2026-06-02,2850,2900,2825,2900,2304
2026-06-03,2900,2905,2855,2905,8390
2026-06-04,2900,2900,2845,2890,2330
2026-06-05,2890,2895,2800,2890,5222
2026-06-08,2805,2890,2800,2825,6584
2026-06-09,2890,2890,2805,2805,8839
2026-06-10,2850,2890,2800,2890,8815
2026-06-11,2890,2900,2800,2850,9974
2026-06-12,2850,2900,2850,2870,1859
2026-06-15,2870,2870,2795,2870,2350
2026-06-16,2870,2870,2750,2800,9162
2026-06-17,2800,2995,2800,2850,12519
2026-06-18,2870,2870,2760,2845,4111
2026-06-19,2850,2900,2800,2900,2795
2026-06-22,2760,2900,2760,2900,10671
2026-06-23,2900,2900,2850,2895,6940
2026-06-24,2895,2900,2800,2855,4282
2026-06-25,2855,2855,2765,2780,6066
2026-06-26,2855,2855,2780,2855,8664
2026-06-29,2900,2900,2785,2795,14389
2026-06-30,2995,2995,2795,2870,9833
2026-07-01,2800,2950,2785,2950,3683
2026-07-02,2950,2970,2800,2945,9103
2026-07-03,2940,2980,2800,2925,2230
2026-07-06,2925,2970,2800,2940,2728
2026-07-07,2940,2950,2805,2940,3072
2026-07-08,2940,2940,2780,2850,69260
2026-07-09,2920,2950,2850,2920,3113
2026-07-10,2920,2975,2800,2800,11198
2026-07-13,2895,2990,2850,2990,2372
2026-07-14,2990,2995,2900,2945,3103
2026-07-15,2945,2945,2800,2800,13280
2026-07-16,2945,2945,2730,2900,9368
2026-07-17,2900,2950,2800,2900,4252
2026-07-20,2900,2900,2875,2875,1239
2026-07-21,2875,2890,2850,2885,1205
2026-07-22,2885,2950,2875,2950,4107
2026-07-23,3000,3000,2820,3000,3087
2026-07-24,2995,3000,2825,2995,3210
2026-07-27,2995,3000,2850,2990,1998
2026-07-28,2990,3000,2805,3000,15015
2026-07-29,2995,2995,2825,2990,5236
2026-07-30,2900,2995,2770,2770,8892
2026-07-31,2975,2975,2975,2975,2184
2026-08-03,2975,3000,2900,2990,7265
2026-08-04,2985,2990,2905,2905,2716
2026-08-05,2905,2985,2905,2980,1345
2026-08-06,2980,2995,2805,2805,3506
2026-08-10,2900,2995,2815,2995,2907
2026-08-11,2995,3000,2950,2950,6202
2026-08-12,2925,3000,2925,2995,4728
2026-08-13,2995,3000,2950,3000,2144
2026-08-14,3000,3150,3000,3150,4871
2026-08-17,3150,3350,3135,3210,18980
2026-08-18,3150,3300,3140,3300,21097
2026-08-19,3250,3300,3160,3230,4462
2026-08-20,3230,3300,3230,3295,5002
2026-08-21,3300,3490,3300,3400,6686
2026-08-24,3480,3500,3400,3400,12198
2026-08-26,3410,3595,3400,3595,11364
2026-08-27,3595,3595,3500,3550,5537
2026-08-28,3525,3525,3300,3400,5294
2026-08-31,3400,3450,3370,3375,8530
2026-09-01,3410,3465,3375,3395,9552
2026-09-02,3395,3450,3390,3390,5362
2026-09-03,3390,3390,3350,3350,4699
2026-09-04,3370,3390,3300,3370,3736
2026-09-07,3355,3355,3200,3200,40448
2026-09-08,3130,3250,3130,3240,8316
2026-09-09,3300,3300,3240,3295,7191
2026-09-10,3290,3290,3250,3280,1640
2026-09-11,3250,3280,3200,3280,4438
2026-09-14,3280,3280,3200,3245,2191
2026-09-15,3280,3300,3240,3285,3138
2026-09-16,3285,3350,3255,3285,7136
2026-09-17,3285,3300,3255,3270,42933
2026-09-18,3270,3290,3160,3160,4970
2026-09-21,3160,3180,3000,3160,3700
2026-09-22,3160,3160,3000,3050,2360
2026-09-23,3050,3050,2985,2985,2021
2026-09-24,2985,3050,2985,3050,2957
2026-09-25,3010,3150,3010,3050,1801
