Date,Open,High,Low,Close,Volume
1998-09-23,6250,6250,6250,6250,80
1998-09-30,6650,6650,6650,6650,2460
1998-10-02,7148,7148,7148,7148,160
1998-10-07,7500,7500,7500,7500,40
1998-10-09,7500,7500,7500,7500,120
1998-10-14,7500,7500,7500,7500,20
1998-10-16,8050,8050,8050,8050,420
1998-10-19,8650,8650,8650,8650,20
1998-10-21,9295,9295,9295,9295,1080
1998-10-23,9990,9990,9990,9990,20
1998-10-26,10700,10700,10700,10700,20
1998-11-02,9898,9898,9898,9898,40
1998-11-04,9155,9155,9155,9155,80
1998-11-06,9795,9795,9795,9795,200
1998-11-13,9795,9795,9795,9795,1800
1998-11-16,10530,10530,10530,10530,1140
1998-11-18,10530,10530,10530,10530,120
1998-11-20,10530,10530,10530,10530,500
1998-11-23,10530,10530,10530,10530,1000
1998-11-25,10530,10530,10530,10530,220
1998-11-27,10530,10530,10530,10530,2000
1998-11-30,10530,10530,10530,10530,200
1998-12-11,10530,10530,10530,10530,120
1998-12-23,10528,10528,10528,10528,1620
1999-01-29,10000,10000,10000,10000,220
1999-02-22,9500,9500,9500,9500,220
1999-03-01,9750,9750,9750,9750,200
1999-03-03,9750,9750,9750,9750,100
1999-03-05,9750,9750,9750,9750,100
1999-03-24,9750,9750,9750,9750,80
1999-04-14,9750,9750,9750,9750,200
1999-04-16,10000,10000,10000,10000,700
1999-04-23,10000,10000,10000,10000,160
1999-05-10,10000,10000,10000,10000,360
1999-05-12,10000,10000,10000,10000,40
1999-05-17,10000,10000,10000,10000,100
1999-07-07,8651,8651,8651,8651,160
1999-07-09,8002,8002,8002,8002,220
1999-07-12,8002,8002,8002,8002,1000
1999-07-14,7405,7405,7405,7405,2200
1999-07-21,7500,7500,7500,7500,660
1999-07-23,7400,7400,7400,7400,500
1999-07-28,7400,7400,7400,7400,200
1999-08-02,7500,7500,7500,7500,620
1999-08-04,7500,7500,7500,7500,240
1999-08-06,7500,7500,7500,7500,1100
1999-08-11,7500,7500,7500,7500,180
1999-08-18,7500,7500,7500,7500,120
1999-08-30,7495,7495,7495,7495,180
1999-09-01,7500,7500,7500,7500,4120
1999-09-10,7500,7500,7500,7500,20
1999-09-22,8000,8000,8000,8000,420
1999-09-27,8051,8051,8051,8051,2000
1999-10-08,8001,8001,8001,8001,1180
1999-10-27,8000,8000,8000,8000,580
1999-11-03,8000,8000,8000,8000,2900
1999-11-08,8000,8000,8000,8000,80
1999-11-10,8000,8000,8000,8000,120
1999-11-17,7501,7501,7501,7501,400
1999-11-19,8000,8000,8000,8000,380
1999-12-03,7500,7500,7500,7500,300
1999-12-15,7250,7250,7250,7250,160
1999-12-17,7400,7400,7400,7400,620
1999-12-31,7750,7750,7750,7750,200
2000-01-26,7500,7500,7500,7500,200
2000-02-04,7500,7500,7500,7500,100
2000-02-07,7500,7500,7500,7500,400
2000-02-21,7500,7500,7500,7500,40
2000-05-19,7250,7250,7250,7250,240
2000-07-10,6750,6750,6750,6750,500
2000-08-04,6750,6750,6750,6750,100
2000-08-09,6500,6500,6500,6500,500
2000-08-18,6500,6500,6500,6500,20
2000-08-23,6500,6500,6500,6500,660
2000-09-20,6000,6000,6000,6000,240
2000-09-25,6000,6000,6000,6000,100
2000-10-04,6000,6000,6000,6000,440
2000-10-06,6000,6000,6000,6000,500
2000-10-20,6000,6000,6000,6000,2060
2000-10-30,6000,6000,6000,6000,400
2000-11-17,6000,6000,6000,6000,180
2000-11-22,6000,6000,6000,6000,40
2000-11-27,6000,6000,6000,6000,40
2001-03-19,6000,6000,6000,6000,200
2001-03-21,5995,5995,5995,5995,200
2001-05-21,5950,5950,5950,5950,200
2001-05-30,5950,5950,5950,5950,400
2001-06-11,5950,5950,5950,5950,20
2001-07-11,5900,5900,5900,5900,180
2001-07-16,5900,5900,5900,5900,200
2001-07-20,5900,5900,5900,5900,200
2001-08-10,5900,5900,5900,5900,40
2001-08-22,5900,5900,5900,5900,300
2001-09-12,5850,5850,5850,5850,240
2001-09-26,5800,5800,5800,5800,600
2001-09-28,5800,5800,5800,5800,100
2001-10-24,5800,5800,5800,5800,160
2001-12-11,5800,5800,5800,5800,2000
2001-12-19,5365,5365,5365,5365,160
2001-12-21,5365,5365,5365,5365,100
2001-12-28,5365,5365,5365,5365,1420
2001-12-31,5800,5800,5800,5800,460
2002-02-18,5500,5500,5500,5500,360
2002-02-19,5450,5450,5450,5450,220
2002-02-20,5450,5450,5450,5450,60
2002-02-21,5041,5041,5041,5041,400
2002-02-26,5000,5000,5000,5000,22520
2002-02-28,4625,4625,4625,4625,200
2002-03-04,4625,4625,4625,4625,200
2002-03-06,4625,4625,4625,4625,20
2002-03-12,4625,4625,4625,4625,20
2002-03-13,4625,4625,4625,4625,20
2002-03-19,4625,4625,4625,4625,20
2002-03-25,4625,4625,4625,4625,60
2002-03-26,4625,4625,4625,4625,20
2002-04-03,4625,4625,4625,4625,20
2002-04-04,4625,4625,4625,4625,20
2002-04-09,4625,4625,4625,4625,20
2002-04-17,4625,4625,4625,4625,60
2002-04-22,4625,4625,4625,4625,220
2002-04-25,4625,4625,4625,4625,900
2002-05-10,4625,4625,4625,4625,80
2002-05-13,4625,4625,4625,4625,320
2002-05-17,4625,4625,4625,4625,200
2002-06-04,4600,4600,4600,4600,200
2002-06-07,4625,4625,4625,4625,1000
2002-06-10,4600,4600,4600,4600,200
2002-06-13,4600,4600,4600,4600,880
2002-07-09,4575,4575,4575,4575,1500
2002-07-10,4550,4550,4550,4550,620
2002-08-09,4550,4550,4550,4550,140
2002-08-20,4550,4550,4550,4550,120
2002-08-21,4523,4523,4523,4523,280
2002-08-27,4510,4510,4510,4510,160
2002-10-02,4500,4500,4500,4500,300
2002-10-08,4475,4475,4475,4475,1200
2002-10-22,4475,4475,4475,4475,20
2002-10-25,4475,4475,4475,4475,40
2002-10-30,4470,4470,4470,4470,200
2002-11-07,4450,4450,4450,4450,1040
2002-11-14,4450,4450,4450,4450,80
2002-12-09,4450,4450,4450,4450,360
2002-12-10,4375,4375,4375,4375,9860
2002-12-17,4375,4375,4375,4375,100
2002-12-23,4375,4375,4375,4375,100
2003-01-02,4375,4375,4375,4375,100
2003-01-06,4375,4375,4375,4375,60
2003-01-17,4375,4375,4375,4375,600
2003-01-31,4375,4375,4375,4375,60
2003-02-12,4375,4375,4375,4375,20
2003-02-17,4375,4375,4375,4375,660
2003-02-18,4375,4375,4375,4375,100
2003-02-19,4375,4375,4375,4375,220
2003-02-20,4375,4375,4375,4375,220
2003-02-21,4375,4375,4375,4375,840
2003-02-24,4380,4380,4380,4380,1800
2003-02-25,4375,4375,4375,4375,960
2003-02-26,4375,4375,4375,4375,500
2003-02-27,4375,4375,4375,4375,2160
2003-02-28,4375,4375,4375,4375,3000
2003-03-03,4375,4375,4375,4375,3600
2003-03-04,4375,4375,4375,4375,1600
2003-03-05,4375,4375,4375,4375,24180
2003-03-07,4450,4450,4450,4450,200
2003-03-10,4450,4450,4450,4450,580
2003-03-19,3500,3500,3500,3500,640
2003-03-25,3500,3500,3500,3500,720
2003-04-11,3500,3500,3500,3500,20
2003-04-15,3500,3500,3500,3500,160
2003-04-17,3500,3500,3500,3500,60
2003-04-29,3510,3510,3510,3510,200
2003-05-05,3513,3513,3513,3513,160
2003-05-06,3513,3513,3513,3513,780
2003-05-15,3550,3550,3550,3550,220
2003-05-28,3550,3550,3550,3550,840
2003-06-03,3600,3600,3600,3600,160
2003-06-04,3600,3600,3600,3600,120
2003-06-05,3600,3600,3600,3600,240
2003-06-06,3600,3600,3600,3600,40
2003-06-16,3600,3600,3600,3600,60
2003-06-17,3600,3600,3600,3600,80
2003-06-18,3600,3600,3600,3600,220
2003-06-24,3630,3630,3630,3630,160
2003-06-26,3638,3638,3638,3638,200
2003-07-01,3655,3655,3655,3655,200
2003-07-04,3675,3675,3675,3675,240
2003-09-08,3675,3675,3675,3675,140
2003-09-11,4058,4058,4058,4058,1260
2003-09-16,4058,4058,4058,4058,20
2003-09-25,4228,4228,4228,4228,200
2003-10-22,4350,4350,4350,4350,180
2003-12-19,5001,5001,5001,5001,180
2004-01-12,5779,5779,5779,5779,200
2004-01-13,6050,6050,6050,6050,400
2004-02-10,6056,6056,6056,6056,180
2004-03-02,6750,6750,6750,6750,2120
2004-03-03,6750,6750,6750,6750,1080
2004-03-05,6750,6750,6750,6750,140
2004-03-08,6750,6750,6750,6750,340
2004-03-09,6750,6750,6750,6750,460
2004-03-10,6750,6750,6750,6750,40
2004-03-15,6750,6750,6750,6750,40
2004-03-22,7256,7256,7256,7256,3980
2004-04-20,6400,6400,6400,6400,280
2004-04-21,6400,6400,6400,6400,40
2004-04-26,6400,6400,6400,6400,460
2004-04-28,6400,6400,6400,6400,40
2004-05-07,6400,6400,6400,6400,120
2004-05-10,6400,6400,6400,6400,860
2004-05-12,6400,6400,6400,6400,200
2004-05-14,6400,6400,6400,6400,60
2004-05-24,6400,6400,6400,6400,60
2004-05-25,6400,6400,6400,6400,160
2004-06-02,6400,6400,6400,6400,20
2004-06-03,6400,6400,6400,6400,20
2004-06-07,6400,6400,6400,6400,40
2004-06-09,6400,6400,6400,6400,460
2004-06-11,6400,6400,6400,6400,20
2004-06-16,6400,6400,6400,6400,20
2004-06-18,6400,6400,6400,6400,700
2004-06-24,6400,6400,6400,6400,2340
2004-06-28,6400,6400,6400,6400,20
2004-06-30,6400,6400,6400,6400,20
2004-07-01,6400,6400,6400,6400,280
2004-07-09,6400,6400,6400,6400,20
2004-07-12,6401,6401,6401,6401,200
2004-08-18,6883,6883,6883,6883,280
2004-09-09,6875,6875,6875,6875,1600
2004-09-13,6900,6900,6900,6900,2600
2004-09-14,6500,6500,6500,6500,1000
2004-09-22,6500,6500,6500,6500,340
2004-09-23,6500,6500,6500,6500,360
2004-09-28,6500,6500,6500,6500,500
2004-09-29,6500,6500,6500,6500,120
2004-10-01,6900,6900,6900,6900,200
2004-10-04,6900,6900,6900,6900,100
2004-10-05,6875,6875,6875,6875,500
2004-10-15,6845,6845,6845,6845,920
2004-10-21,6900,6900,6900,6900,500
2004-10-27,6900,6900,6900,6900,500
2004-10-28,6900,6900,6900,6900,120
2004-10-29,6900,6900,6900,6900,280
2004-11-05,6900,6900,6900,6900,80
2004-11-12,6900,6900,6900,6900,640
2004-11-25,6900,6900,6900,6900,20
2004-11-26,6900,6900,6900,6900,20
2004-12-02,6900,6900,6900,6900,620
2004-12-03,6900,6900,6900,6900,340
2004-12-08,6900,6900,6900,6900,180
2004-12-13,6900,6900,6900,6900,400
2004-12-24,6915,6915,6915,6915,200
2004-12-28,6915,6915,6915,6915,180
2005-02-08,7250,7250,7250,7250,300
2005-02-09,7250,7250,7250,7250,340
2005-02-16,7500,7500,7500,7500,500
2005-02-17,7500,7500,7500,7500,20
2005-02-22,7500,7500,7500,7500,320
2005-02-23,7500,7500,7500,7500,400
2005-02-24,7625,7625,7625,7625,200
2005-03-02,7500,7500,7500,7500,160
2005-03-03,7500,7500,7500,7500,40
2005-03-04,7500,7500,7500,7500,80
2005-03-08,7500,7500,7500,7500,220
2005-03-11,7503,7503,7503,7503,400
2005-03-22,8100,8100,8100,8100,240
2005-04-01,8100,8100,8100,8100,60
2005-04-14,8100,8100,8100,8100,40
2005-04-22,8100,8100,8100,8100,360
2005-05-04,8250,8250,8250,8250,480
2005-05-13,8250,8250,8250,8250,200
2005-05-23,8250,8250,8250,8250,240
2005-05-24,8250,8250,8250,8250,960
2005-05-27,8250,8250,8250,8250,40
2005-06-06,8251,8251,8251,8251,2000
2005-06-07,8251,8251,8251,8251,300
2005-06-20,8400,8400,8400,8400,200
2005-06-21,8400,8400,8400,8400,260
2005-06-29,8401,8401,8401,8401,160
2005-07-04,8401,8401,8401,8401,160
2005-07-06,8401,8401,8401,8401,120
2005-07-08,8401,8401,8401,8401,80
2005-07-25,8401,8401,8401,8401,600
2005-07-26,8402,8402,8402,8402,1500
2005-07-27,8750,8750,8750,8750,200
2005-08-05,8750,8750,8750,8750,400
2005-08-17,8751,8751,8751,8751,160
2005-08-22,8751,8751,8751,8751,20
2005-08-29,9000,9000,9000,9000,160
2005-09-06,9675,9675,9675,9675,440
2005-09-07,9675,9675,9675,9675,40
2005-09-13,9675,9675,9675,9675,200
2005-09-20,10050,10050,10050,10050,200
2005-09-22,9800,9800,9800,9800,220
2005-09-26,9800,9800,9800,9800,400
2005-10-04,10250,10250,10250,10250,400
2005-10-05,10250,10250,10250,10250,80
2005-10-06,10250,10250,10250,10250,200
2005-10-07,10250,10250,10250,10250,20
2005-10-10,10250,10250,10250,10250,60
2005-10-11,10300,10300,10300,10300,200
2005-10-19,10250,10250,10250,10250,160
2005-10-26,10255,10255,10255,10255,240
2005-10-28,10250,10250,10250,10250,500
2005-10-31,10258,10258,10258,10258,460
2005-11-08,10265,10265,10265,10265,1580
2005-11-09,10501,10501,10501,10501,320
2005-11-14,10608,10608,10608,10608,400
2005-12-02,10608,10608,10608,10608,2360
2005-12-08,10616,10616,10616,10616,320
2005-12-09,10620,10620,10620,10620,700
2005-12-14,10751,10751,10751,10751,500
2005-12-15,10775,10775,10775,10775,180
2005-12-21,10775,10775,10775,10775,480
2005-12-22,10775,10775,10775,10775,20
2006-01-11,10780,10780,10780,10780,320
2006-01-16,10825,10825,10825,10825,160
2006-01-24,10825,10825,10825,10825,20
2006-01-26,10825,10825,10825,10825,200
2006-02-02,10825,10825,10825,10825,100
2006-02-14,10825,10825,10825,10825,20
2006-02-17,10850,10850,10850,10850,360
2006-02-21,10875,10875,10875,10875,940
2006-02-22,10875,10875,10875,10875,20
2006-03-01,10875,10875,10875,10875,80
2006-03-07,10875,10875,10875,10875,140
2006-03-08,10900,10900,10900,10900,200
2006-03-10,10900,10900,10900,10900,20
2006-03-14,10900,10900,10900,10900,20
2006-03-27,11000,11000,11000,11000,260
2006-04-04,10403,10403,10403,10403,160
2006-04-20,10403,10403,10403,10403,140
2006-04-26,11000,11000,11000,11000,180
2006-05-05,11000,11000,11000,11000,640
2006-05-08,11000,11000,11000,11000,360
2006-05-18,11000,11000,11000,11000,20
2006-05-30,11000,11000,11000,11000,20
2006-05-31,10250,10250,10250,10250,1540
2006-06-20,10000,10000,10000,10000,520
2006-06-30,10000,10000,10000,10000,100
2006-07-05,10000,10000,10000,10000,480
2006-07-06,10000,10000,10000,10000,200
2006-07-13,10000,10000,10000,10000,20
2006-07-14,10000,10000,10000,10000,80
2006-07-28,10000,10000,10000,10000,20
2006-08-01,10000,10000,10000,10000,40
2006-08-31,11000,11000,11000,11000,280
2006-09-14,11030,11030,11030,11030,280
2006-10-03,11030,11030,11030,11030,300
2006-10-18,11036,11036,11036,11036,260
2006-11-23,11036,11036,11036,11036,80
2006-11-28,11036,11036,11036,11036,600
2006-12-04,11036,11036,11036,11036,40
2006-12-07,11036,11036,11036,11036,60
2006-12-08,11036,11036,11036,11036,20
2006-12-19,11036,11036,11036,11036,20
2006-12-26,11036,11036,11036,11036,80
2007-01-26,11036,11036,11036,11036,80
2007-02-14,11036,11036,11036,11036,40
2007-03-01,11036,11036,11036,11036,180
2007-03-22,13710,13710,13710,13710,180
2007-03-23,13710,13710,13710,13710,100
2007-04-10,13710,13710,13710,13710,140
2007-04-20,11750,11750,11750,11750,760
2007-05-15,6600,6600,6600,6600,160
2007-05-21,6855,6855,6855,6855,440
2007-06-11,9191,9191,9191,9191,160
2007-06-12,9200,9200,9200,9200,600
2007-06-14,10632,10632,10632,10632,200
2007-06-21,11301,11301,11301,11301,160
2007-06-22,11400,11400,11400,11400,200
2007-06-25,11450,11450,11450,11450,240
2007-06-26,11500,11500,11500,11500,600
2007-06-29,12250,12250,12250,12250,200
2007-07-02,12500,12500,12500,12500,420
2007-07-03,12500,12500,12500,12500,720
2007-07-10,13000,13000,13000,13000,160
2007-07-16,13501,13501,13501,13501,320
2007-07-24,13501,13501,13501,13501,300
2007-08-01,13550,13550,13550,13550,440
2007-08-02,13600,13600,13600,13600,400
2007-08-10,13651,13651,13651,13651,440
2007-08-13,14674,14674,14674,14674,300
2007-08-16,14674,14674,14674,14674,200
2007-08-17,14000,14000,14000,14000,400
2007-08-20,14650,14650,14650,14650,440
2007-08-22,14750,14750,14750,14750,160
2007-08-23,15000,15000,15000,15000,360
2007-08-24,15000,15000,15000,15000,120
2007-08-27,15000,15000,15000,15000,220
2007-08-29,15375,15375,15375,15375,400
2007-08-30,16000,16000,16000,16000,160
2007-08-31,17000,17000,17000,17000,360
2007-09-03,17250,17250,17250,17250,540
2007-09-06,17250,17250,17250,17250,400
2007-09-07,18500,18500,18500,18500,380
2007-09-11,18500,18500,18500,18500,400
2007-09-17,18500,18500,18500,18500,80
2007-09-20,18500,18500,18500,18500,40
2007-09-21,18500,18500,18500,18500,100
2007-09-25,18500,18500,18500,18500,60
2007-09-26,18500,18500,18500,18500,80
2007-09-27,18500,18500,18500,18500,260
2007-10-01,18500,18500,18500,18500,980
2007-10-02,18500,18500,18500,18500,40
2007-10-10,18500,18500,18500,18500,100
2007-10-15,18500,18500,18500,18500,240
2007-10-16,18500,18500,18500,18500,660
2007-10-17,18500,18500,18500,18500,360
2007-10-18,18500,18500,18500,18500,120
2007-10-22,18500,18500,18500,18500,100
2007-10-25,18500,18500,18500,18500,220
2007-10-29,18500,18500,18500,18500,260
2007-10-30,18500,18500,18500,18500,200
2007-10-31,18500,18500,18500,18500,760
2007-11-02,18500,18500,18500,18500,60
2007-11-05,18500,18500,18500,18500,300
2007-11-06,18500,18500,18500,18500,100
2007-11-08,18500,18500,18500,18500,60
2007-11-09,18500,18500,18500,18500,300
2007-11-13,18450,18450,18450,18450,1760
2007-11-16,18450,18450,18450,18450,20
2007-11-19,18500,18500,18500,18500,540
2007-11-20,18500,18500,18500,18500,360
2007-11-22,18500,18500,18500,18500,60
2007-11-23,18500,18500,18500,18500,108100
2007-11-26,18500,18500,18500,18500,40
2007-12-04,18500,18500,18500,18500,300
2007-12-05,18500,18500,18500,18500,100
2007-12-14,18500,18500,18500,18500,10440
2007-12-20,18500,18500,18500,18500,120
2007-12-21,18495,18495,18495,18495,900
2007-12-24,18500,18500,18500,18500,1280
2008-01-03,18450,18450,18450,18450,400
2008-01-08,18500,18500,18500,18500,240
2008-01-10,18500,18500,18500,18500,60
2008-01-14,18500,18500,18500,18500,40
2008-01-15,18500,18500,18500,18500,820
2008-01-18,18450,18450,18450,18450,200
2008-01-23,18450,18450,18450,18450,20
2008-01-28,18450,18450,18450,18450,2240
2008-01-30,18450,18450,18450,18450,140
2008-02-04,18450,18450,18450,18450,60
2008-02-05,18450,18450,18450,18450,60
2008-02-07,18450,18450,18450,18450,200
2008-02-12,18450,18450,18450,18450,100
2008-02-13,18500,18500,18500,18500,320
2008-02-14,18500,18500,18500,18500,40
2008-02-18,18450,18450,18450,18450,5560
2008-02-19,18450,18450,18450,18450,4000
2008-02-20,18450,18450,18450,18450,840
2008-02-21,18450,18450,18450,18450,800
2008-03-06,18500,18500,18500,18500,1040
2008-03-10,18500,18500,18500,18500,40
2008-03-19,18500,18500,18500,18500,20
2008-03-21,18500,18500,18500,18500,40
2008-03-25,18500,18500,18500,18500,100
2008-03-26,18500,18500,18500,18500,800
2008-04-02,18550,18550,18550,18550,200
2008-04-04,18550,18550,18550,18550,260
2008-04-07,18550,18550,18550,18550,100
2008-04-08,18550,18550,18550,18550,200
2008-04-17,18500,18500,18500,18500,1340
2008-05-09,18250,18250,18250,18250,320
2008-05-14,17000,17000,17000,17000,300
2008-05-16,15750,15750,15750,15750,300
2008-05-21,14000,14000,14000,14000,160
2008-05-22,13500,13500,13500,13500,200
2008-05-28,12488,12488,12488,12488,600
2008-05-29,12500,12500,12500,12500,440
2008-05-30,12100,12100,12100,12100,500
2008-06-03,11500,11500,11500,11500,300
2008-06-04,11500,11500,11500,11500,9940
2008-06-06,11500,11500,11500,11500,3000
2008-06-12,11500,11500,11500,11500,80
2008-06-16,11500,11500,11500,11500,40
2008-06-25,11530,11530,11530,11530,460
2008-06-27,11530,11530,11530,11530,200
2008-07-04,11625,11625,11625,11625,440
2008-07-16,12500,12500,12500,12500,400
2008-07-29,13300,13300,13300,13300,180
2008-07-31,13500,13500,13500,13500,640
2008-08-04,13750,13750,13750,13750,200
2008-08-12,14251,14251,14251,14251,200
2008-08-29,15025,15025,15025,15025,240
2008-09-05,15000,15000,15000,15000,400
2008-09-12,14750,14750,14750,14750,320
2008-09-15,14750,14750,14750,14750,100
2008-09-18,14750,14750,14750,14750,200
2008-09-22,14750,14750,14750,14750,3440
2008-10-02,14750,14750,14750,14750,160
2008-10-07,14750,14750,14750,14750,220
2008-10-08,14750,14750,14750,14750,260
2008-10-10,14500,14500,14500,14500,200
2008-11-04,14450,14450,14450,14450,160
2008-11-25,14445,14445,14445,14445,5000
2008-11-26,14445,14445,14445,14445,3000
2008-11-27,14375,14375,14375,14375,200
2009-01-02,12300,12300,12300,12300,4520
2009-01-28,12250,12250,12250,12250,500
2009-02-09,12249,12249,12249,12249,160
2009-02-19,12249,12249,12249,12249,20
2009-06-11,10773,10773,10773,10773,280
2009-07-01,10750,10750,10750,10750,900
2009-07-06,10750,10750,10750,10750,40
2009-09-08,9944,9944,9944,9944,260
2009-10-02,9700,9700,9700,9700,200
2009-10-23,9449,9449,9449,9449,340
2009-11-02,9325,9325,9325,9325,360
2010-01-06,7979,7979,7979,7979,400
2010-01-08,7500,7500,7500,7500,5880
2010-01-11,7500,7500,7500,7500,1300
2010-01-12,7500,7500,7500,7500,1000
2010-01-13,7500,7500,7500,7500,200
2010-01-18,7500,7500,7500,7500,740
2010-01-20,7500,7500,7500,7500,660
2010-02-10,7550,7550,7550,7550,240
2010-02-12,7550,7550,7550,7550,420
2010-02-15,7550,7550,7550,7550,260
2010-02-16,7550,7550,7550,7550,160
2010-03-02,7550,7550,7550,7550,200
2010-03-09,7550,7550,7550,7550,860
2010-03-11,7550,7550,7550,7550,740
2010-03-16,7550,7550,7550,7550,700
2010-03-17,7550,7550,7550,7550,10180
2010-03-24,7548,7548,7548,7548,320
2010-03-25,7500,7500,7500,7500,200
2010-04-02,7500,7500,7500,7500,280
2010-04-06,7500,7500,7500,7500,100
2010-04-08,7500,7500,7500,7500,560
2010-04-19,7458,7458,7458,7458,160
2010-04-21,8000,8000,8000,8000,1000
2010-04-22,8000,8000,8000,8000,400
2010-05-05,8000,8000,8000,8000,40
2010-06-03,7900,7900,7900,7900,5380
2010-06-04,7900,7900,7900,7900,60
2010-06-08,8000,8000,8000,8000,200
2010-06-09,8000,8000,8000,8000,440
2010-06-11,8000,8000,8000,8000,200
2010-06-22,8000,8000,8000,8000,100
2010-06-23,8000,8000,8000,8000,5360
2010-06-29,8000,8000,8000,8000,880
2010-06-30,8000,8000,8000,8000,1920
2010-07-06,8000,8000,8000,8000,100
2010-07-14,8000,8000,8000,8000,200
2010-07-22,7742,7742,7742,7742,740
2010-07-26,7742,7742,7742,7742,5040
2010-07-27,7742,7742,7742,7742,800
2010-07-29,7742,7742,7742,7742,400
2010-07-30,7742,7742,7742,7742,400
2010-08-09,7742,7742,7742,7742,1200
2010-08-10,7742,7742,7742,7742,200
2010-08-11,7742,7742,7742,7742,140
2010-08-17,7681,7681,7681,7681,1660
2010-08-18,7681,7681,7681,7681,1880
2010-08-19,7681,7681,7681,7681,1840
2010-08-20,7681,7681,7681,7681,40
2010-08-24,7681,7681,7681,7681,120
2010-08-25,7681,7681,7681,7681,1880
2010-08-26,7681,7681,7681,7681,200
2010-08-27,7681,7681,7681,7681,20
2010-09-03,7681,7681,7681,7681,200
2010-09-16,7742,7742,7742,7742,180
2010-09-17,7742,7742,7742,7742,20
2010-09-20,7750,7750,7750,7750,1100
2010-09-22,7800,7800,7800,7800,1060
2010-09-24,8000,8000,8000,8000,200
2010-09-27,8250,8250,8250,8250,380
2010-09-29,7899,7899,7899,7899,240
2010-10-04,8119,8119,8119,8119,220
2010-10-08,8119,8119,8119,8119,400
2010-10-11,8119,8119,8119,8119,200
2010-10-12,8119,8119,8119,8119,200
2010-10-18,8727,8727,8727,8727,200
2010-10-19,9382,9382,9382,9382,420
2010-10-22,10085,10085,10085,10085,200
2010-11-03,10085,10085,10085,10085,40
2010-11-08,10085,10085,10085,10085,20
2010-11-09,9974,9974,9974,9974,180
2010-11-10,9974,9974,9974,9974,1200
2010-11-11,9974,9974,9974,9974,220
2010-11-19,9974,9974,9974,9974,60
2010-11-22,9974,9974,9974,9974,40
2010-11-24,9974,9974,9974,9974,100
2010-12-02,9990,9990,9990,9990,880
2010-12-14,9990,9990,9990,9990,200
2010-12-28,9990,9990,9990,9990,60
2011-05-06,8750,8750,8750,8750,15860
2011-05-11,8650,8650,8650,8650,400
2011-05-12,8001,8001,8001,8001,280
2011-05-17,8002,8002,8002,8002,400
2011-05-18,8002,8002,8002,8002,940
2011-05-20,8500,8500,8500,8500,1060
2011-05-24,8500,8500,8500,8500,100
2011-05-25,8500,8500,8500,8500,80
2011-05-27,8500,8500,8500,8500,200
2011-06-01,8500,8500,8500,8500,380
2011-06-03,8785,8785,8785,8785,2320
2011-06-07,9444,9444,9444,9444,240
2011-06-10,8798,8798,8798,8798,160
2011-06-15,8798,8798,8798,8798,60
2011-07-01,8798,8798,8798,8798,100
2011-07-08,8150,8150,8150,8150,800
2011-08-04,8400,8400,8400,8400,160
2011-08-05,8400,8400,8400,8400,40
2011-08-09,8400,8400,8400,8400,40
2011-08-17,8430,8430,8430,8430,400
2011-09-02,8500,8500,8500,8500,160
2011-09-08,8500,8500,8500,8500,80
2011-09-14,8600,8600,8600,8600,320
2011-09-19,8600,8600,8600,8600,20
2011-10-10,8500,8500,8500,8500,380
2011-10-12,8500,8500,8500,8500,20
2011-10-20,7900,7900,7900,7900,1140
2011-11-03,8000,8000,8000,8000,260
2011-11-17,8100,8100,8100,8100,160
2011-11-21,8100,8100,8100,8100,20
2011-12-08,8100,8100,8100,8100,180
2011-12-12,8125,8125,8125,8125,200
2011-12-13,8150,8150,8150,8150,660
2011-12-19,8150,8150,8150,8150,1960
2011-12-29,8150,8150,8150,8150,80
2012-01-09,8150,8150,8150,8150,40
2012-01-11,8200,8200,8200,8200,2000
2012-01-26,8500,8500,8500,8500,160
2012-01-30,8500,8500,8500,8500,80
2012-02-07,8500,8500,8500,8500,200
2012-02-08,8500,8500,8500,8500,220
2012-02-14,8585,8585,8585,8585,200
2012-02-15,8585,8585,8585,8585,80
2012-02-17,8585,8585,8585,8585,300
2012-02-27,8615,8615,8615,8615,320
2012-03-15,9261,9261,9261,9261,200
2012-03-19,9261,9261,9261,9261,300
2012-03-20,9261,9261,9261,9261,700
2012-03-21,9261,9261,9261,9261,40
2012-04-06,9300,9300,9300,9300,460
2012-04-10,9300,9300,9300,9300,60
2012-04-17,9300,9300,9300,9300,60
2012-06-01,9325,9325,9325,9325,360
2012-06-15,9325,9325,9325,9325,40
2012-06-25,9325,9325,9325,9325,280
2012-07-06,9400,9400,9400,9400,200
2012-07-10,9400,9400,9400,9400,200
2012-07-11,9400,9400,9400,9400,600
2012-08-03,9463,9463,9463,9463,320
2012-08-08,9460,9460,9460,9460,200
2012-08-13,9460,9460,9460,9460,500
2012-08-14,10150,10150,10150,10150,1040
2012-08-17,9562,9562,9562,9562,460
2012-08-27,9596,9596,9596,9596,660
2012-08-29,9611,9611,9611,9611,320
2012-09-28,9775,9775,9775,9775,180
2012-10-03,9775,9775,9775,9775,40
2012-10-12,10000,10000,10000,10000,500
2012-10-15,10750,10750,10750,10750,500
2012-10-19,10750,10750,10750,10750,600
2012-10-25,9944,9944,9944,9944,940
2012-10-31,9944,9944,9944,9944,500
2012-11-02,9944,9944,9944,9944,1140
2012-11-06,9944,9944,9944,9944,1200
2012-11-08,9944,9944,9944,9944,120
2012-11-14,10690,10690,10690,10690,160
2012-11-16,11491,11491,11491,11491,160
2012-11-20,12350,12350,12350,12350,800
2012-11-28,11425,11425,11425,11425,380
2012-11-30,11382,11382,11382,11382,340
2012-12-05,11386,11386,11386,11386,360
2012-12-07,11400,11400,11400,11400,5800
2012-12-12,11500,11500,11500,11500,400
2012-12-13,11500,11500,11500,11500,40
2012-12-17,11500,11500,11500,11500,100
2012-12-20,11500,11500,11500,11500,320
2013-01-07,11554,11554,11554,11554,200
2013-01-09,11554,11554,11554,11554,120
2013-01-11,12250,12250,12250,12250,180
2013-01-18,12250,12250,12250,12250,1220
2013-01-25,12250,12250,12250,12250,100
2013-01-30,12250,12250,12250,12250,20
2013-01-31,12250,12250,12250,12250,200
2013-02-05,12250,12250,12250,12250,40
2013-02-11,12255,12255,12255,12255,220
2013-02-26,12500,12500,12500,12500,200
2013-02-27,12500,12500,12500,12500,60
2013-03-07,12500,12500,12500,12500,80
2013-03-13,12500,12500,12500,12500,2120
2013-03-15,12500,12500,12500,12500,3200
2013-03-21,12512,12512,12512,12512,200
2013-04-05,12750,12750,12750,12750,240
2013-04-19,13000,13000,13000,13000,320
2013-04-22,13000,13000,13000,13000,640
2013-04-29,12950,12950,12950,12950,2000
2013-05-03,13050,13050,13050,13050,180
2013-05-07,13050,13050,13050,13050,380
2013-05-17,13250,13250,13250,13250,340
2013-05-21,13300,13300,13300,13300,160
2013-05-22,13300,13300,13300,13300,40
2013-05-23,13300,13300,13300,13300,120
2013-05-28,14000,14000,14000,14000,200
2013-05-29,14000,14000,14000,14000,160
2013-06-06,13451,13451,13451,13451,400
2013-06-07,13451,13451,13451,13451,260
2013-06-10,13451,13451,13451,13451,120
2013-06-11,13451,13451,13451,13451,60
2013-06-24,14250,14250,14250,14250,260
2013-06-26,14250,14250,14250,14250,560
2013-06-27,14250,14250,14250,14250,100
2013-07-08,14350,14350,14350,14350,280
2013-07-10,14350,14350,14350,14350,660
2013-07-11,14350,14350,14350,14350,200
2013-07-19,14350,14350,14350,14350,120
2013-07-25,14350,14350,14350,14350,120
2013-07-29,14350,14350,14350,14350,1260
2013-08-02,14350,14350,14350,14350,180
2013-08-19,14350,14350,14350,14350,640
2013-08-20,14350,14350,14350,14350,120
2013-08-26,14600,14600,14600,14600,900
2013-09-02,15695,15695,15695,15695,180
2013-09-03,16850,16850,16850,16850,200
2013-09-04,16850,16850,16850,16850,80
2013-09-05,16850,16850,16850,16850,280
2013-09-09,16850,16850,16850,16850,200
2013-09-10,16850,16850,16850,16850,60
2013-09-19,16850,16850,16850,16850,60
2013-09-23,16850,16850,16850,16850,600
2013-09-24,18100,18100,18100,18100,7660
2013-09-25,18000,18114,18000,18114,620
2013-09-27,18114,18114,18000,18114,700
2013-09-30,18114,18114,18114,18114,440
2013-10-02,18114,18114,18114,18114,300
2013-10-09,18150,18150,18125,18125,260
2013-10-11,19000,19000,19000,19000,200
2013-10-16,19050,19050,19050,19050,20
2013-10-17,19000,19000,19000,19000,40
2013-10-18,19000,19000,19000,19000,80
2013-10-21,19000,19000,19000,19000,900
2013-10-24,19050,19050,19050,19050,80
2013-10-25,19051,19051,19050,19050,1160
2013-10-28,19051,19051,19051,19051,80
2013-10-31,19051,19051,19051,19051,140
2013-11-04,19051,19051,19051,19051,5740
2013-11-05,19051,19051,19051,19051,300
2013-11-07,19051,19051,19051,19051,140
2013-11-13,19500,19500,19500,19500,360
2013-11-18,19500,19500,19500,19500,100
2013-11-19,19550,19550,19550,19550,100
2013-11-20,20000,20000,20000,20000,2000
2013-11-21,19800,19800,19800,19800,640
2013-11-25,19800,19800,19800,19800,120
2013-11-26,19800,19800,19800,19800,80
2013-11-29,20000,20000,20000,20000,400
2013-12-02,20000,20000,20000,20000,300
2013-12-06,20000,20000,20000,20000,220
2013-12-09,20000,20000,20000,20000,140
2013-12-11,20000,20000,20000,20000,800
2013-12-16,20000,20000,20000,20000,120
2013-12-17,20000,20000,20000,20000,40
2013-12-18,20000,20000,20000,20000,100
2013-12-24,20000,20000,20000,20000,20
2013-12-31,20000,20000,20000,20000,380
2014-01-08,20000,20000,20000,20000,880
2014-01-09,20000,20000,20000,20000,320
2014-01-10,20000,20000,20000,20000,120
2014-01-15,20050,20050,20050,20050,60
2014-01-16,20050,20050,20050,20050,20
2014-01-24,20100,20250,20050,20250,1080
2014-01-27,20105,20105,20105,20105,20
2014-01-31,20250,20250,20250,20250,160
2014-02-04,20500,20500,20500,20500,120
2014-02-06,20250,20250,20000,20000,180
2014-02-07,20250,20250,20250,20250,40
2014-02-17,20500,20500,20500,20500,600
2014-02-19,20750,20750,20750,20750,100
2014-02-24,20755,20801,20751,20801,140
2014-02-28,21001,21001,21001,21001,320
2014-03-04,22576,22576,22576,22576,100
2014-03-05,22576,22576,22050,22050,440
2014-03-07,22050,22050,22050,22050,60
2014-03-19,21750,22050,21750,22050,260
2014-03-20,21750,21750,21750,21750,220
2014-03-21,21750,21750,21750,21750,80
2014-03-25,23350,23350,23350,23350,200
2014-03-27,23350,23350,22000,22000,8020
2014-03-28,23350,23350,23350,23350,120
2014-03-31,22883,22883,22883,22883,100
2014-04-03,24500,24500,24500,24500,200
2014-04-10,24500,24500,24500,24500,140
2014-04-15,24500,24500,24500,24500,460
2014-04-17,24500,24500,24500,24500,40
2014-04-22,25000,25000,25000,25000,100
2014-04-28,25000,25000,25000,25000,80
2014-05-02,24950,24950,24950,24950,20
2014-05-07,24900,24900,24900,24900,20
2014-05-15,23500,23500,23500,23500,120
2014-05-16,24750,24750,24750,24750,1340
2014-05-22,24900,24950,24900,24950,220
2014-05-27,25025,25025,25000,25000,60
2014-05-30,25050,25100,25000,25000,980
2014-06-03,25000,25000,24500,24500,13760
2014-06-12,24525,24525,24525,24525,120
2014-06-19,24525,24525,24525,24525,160
2014-06-20,24525,24525,24525,24525,40
2014-06-23,24525,24525,24525,24525,40
2014-06-25,24500,24500,24500,24500,4500
2014-06-26,24500,24500,24500,24500,3500
2014-07-08,23000,23000,23000,23000,180
2014-07-09,23000,23000,23000,23000,400
2014-07-10,23000,23500,23000,23500,4680
2014-07-15,23250,23500,23250,23500,900
2014-07-18,23000,23000,23000,23000,400
2014-07-21,23500,23500,23500,23500,1980
2014-07-25,23030,23030,23030,23030,1000
2014-07-30,23976,23976,23976,23976,20
2014-07-31,23750,23750,23750,23750,20
2014-08-04,22000,23750,22000,23750,21440
2014-08-05,23950,23950,23950,23950,240
2014-08-06,23750,23750,23750,23750,20
2014-08-08,23750,23950,23750,23950,10280
2014-08-11,23950,23950,23950,23950,80
2014-08-12,23950,23950,23950,23950,2660
2014-08-14,23950,23950,23950,23950,140
2014-08-26,23900,23900,23900,23900,100
2014-08-27,23750,23750,23750,23750,200
2014-08-28,23750,23750,23500,23500,600
2014-09-01,23500,23500,23500,23500,100
2014-09-05,23650,24500,23600,24500,1240
2014-09-09,24250,24250,24250,24250,100
2014-09-10,23950,23950,23950,23950,220
2014-09-11,23950,24350,23950,24350,1300
2014-09-12,24350,24375,24350,24350,1300
2014-09-15,24375,24375,24375,24375,40
2014-09-16,24350,24375,24350,24375,180
2014-09-19,23750,24375,23750,24375,600
2014-09-22,24000,24500,24000,24500,1320
2014-09-26,24500,24500,24500,24500,20
2014-09-30,24500,24500,24500,24500,40
2014-10-02,24500,24500,23750,23750,1060
2014-10-06,23750,23750,23750,23750,80
2014-10-13,23500,23500,23500,23500,60
2014-10-15,23500,23500,23500,23500,220
2014-10-16,23350,23500,23350,23500,220
2014-10-17,23250,23250,23250,23250,120
2014-10-20,23000,23000,23000,23000,80
2014-10-23,22750,22825,22750,22825,80
2014-10-24,22650,22650,22650,22650,20
2014-10-30,22250,22250,22250,22250,20
2014-10-31,20581,20581,20581,20581,100
2014-11-03,19038,19038,19038,19038,20
2014-11-04,19038,19038,17750,17750,120
2014-11-05,16419,16419,16419,16419,5620
2014-11-06,16419,16419,16419,16419,120
2014-11-07,16419,16450,16419,16419,3480
2014-11-10,17000,17000,17000,17000,60
2014-11-11,17000,17000,17000,17000,960
2014-11-12,17250,17250,17250,17250,1580
2014-11-13,17250,17250,17250,17250,4020
2014-11-14,17350,17350,17350,17350,80
2014-11-18,17500,17500,17250,17250,100
2014-11-19,17250,17750,17250,17750,5840
2014-11-24,19080,19080,19080,19080,20
2014-11-27,20500,20500,20500,20500,40
2014-12-01,20500,20500,20500,20500,80
2014-12-03,20500,20500,20500,20500,200
2014-12-04,20500,20500,20500,20500,40
2014-12-05,20500,20500,20500,20500,120
2014-12-15,20000,20000,20000,20000,200
2014-12-16,20000,20000,20000,20000,20
2014-12-18,20000,20000,19975,20000,3720
2014-12-19,20000,20000,20000,20000,10000
2014-12-22,20000,20000,20000,20000,20
2014-12-23,20000,20000,20000,20000,20
2014-12-24,20000,20000,20000,20000,60
2014-12-26,20000,20000,20000,20000,120
2014-12-29,20000,20000,19950,20000,480
2014-12-30,20000,20000,20000,20000,200
2014-12-31,20000,20000,20000,20000,460
2015-01-02,20000,20000,20000,20000,900
2015-01-05,20000,20000,20000,20000,560
2015-01-06,20000,20000,20000,20000,60
2015-01-07,20000,20000,20000,20000,250
2015-01-08,20000,20000,20000,20000,40
2015-01-09,20000,20000,20000,20000,320
2015-01-13,20000,20000,19000,19000,30
2015-01-14,18600,18600,18600,18600,180
2015-01-15,19000,19000,18999,18999,70
2015-01-16,19000,19000,18999,19000,960
2015-01-19,19000,19000,19000,19000,800
2015-01-20,19000,19000,19000,19000,40
2015-01-21,19000,19000,19000,19000,20
2015-01-22,19000,19000,19000,19000,2640
2015-01-23,19300,19300,19050,19300,370
2015-01-26,19300,19300,19300,19300,60
2015-01-27,19300,19300,19300,19300,20
2015-01-29,19300,19300,19300,19300,50
2015-01-30,19100,19100,19100,19100,250
2015-02-02,19100,19100,19000,19100,3090
2015-02-03,19100,19500,19100,19500,2050
2015-02-05,19500,19500,19200,19200,30
2015-02-06,19700,19800,19700,19700,1100
2015-02-13,19700,19700,19700,19700,220
2015-02-16,19700,19700,19700,19700,1500
2015-02-17,19700,19700,19700,19700,30
2015-02-18,19500,19500,19500,19500,60
2015-02-20,19500,19500,19500,19500,70
2015-02-23,19500,19500,19500,19500,500
2015-02-25,20000,20000,20000,20000,1280
2015-02-26,20000,20000,20000,20000,1000
2015-03-02,20000,20000,20000,20000,10
2015-03-03,20000,20000,20000,20000,50
2015-03-04,19990,20000,19000,19000,460
2015-03-05,19000,19000,19000,19000,320
2015-03-06,19000,19260,19000,19260,4830
2015-03-11,18500,19200,18500,19200,60
2015-03-18,19000,19000,19000,19000,17000
2015-03-19,19000,19000,18500,18500,70
2015-03-20,19000,19000,19000,19000,220
2015-03-25,18800,18800,18800,18800,10
2015-03-26,18800,18800,18800,18800,120
2015-03-27,18500,18500,18500,18500,90
2015-03-30,18000,18000,18000,18000,270
2015-03-31,18000,18000,16650,16650,1940
2015-04-02,16650,16650,16650,16650,110
2015-04-07,16700,16700,16700,16700,70
2015-04-09,16700,17500,16700,17500,140
2015-04-13,17899,17899,17899,17899,400
2015-04-14,18000,18000,18000,18000,30
2015-04-15,18000,19200,18000,19200,70
2015-04-17,19000,19000,19000,19000,20
2015-04-20,19200,19200,19001,19001,150
2015-04-21,19000,19000,19000,19000,130
2015-04-28,18800,18950,18500,18500,220
2015-05-05,19299,19299,19299,19299,50
2015-05-06,19298,19299,19298,19299,110
2015-05-07,18500,18500,18500,18500,90
2015-05-20,18500,18500,18500,18500,120
2015-05-21,18000,18000,18000,18000,70
2015-05-22,18000,18500,18000,18500,8520
2015-05-27,18600,18600,18550,18550,30
2015-05-28,18550,18550,18550,18550,30
2015-06-05,18550,18550,18550,18550,70
2015-06-08,18600,18600,18600,18600,270
2015-06-11,19800,19800,19800,19800,70
2015-06-16,19500,19500,19395,19395,60
2015-06-18,18500,18500,18500,18500,10
2015-06-19,18500,18500,18500,18500,40
2015-06-22,18500,18500,18500,18500,250
2015-06-23,18500,18500,18490,18499,600
2015-06-24,18000,18000,18000,18000,2000
2015-06-25,18000,18000,18000,18000,850
2015-06-26,17850,17850,17850,17850,50
2015-06-30,17850,17850,17850,17850,2000
2015-07-02,17850,17850,17800,17800,1330
2015-07-06,17500,17800,17500,17800,1140
2015-07-09,17100,17850,17100,17850,30
2015-07-13,17800,17800,17800,17800,270
2015-07-15,17500,17500,17500,17500,450
2015-07-16,17500,17500,17000,17500,910
2015-07-20,17500,17500,17101,17500,2390
2015-07-22,17850,17850,17500,17500,2680
2015-07-23,17450,17450,17450,17450,40
2015-07-24,17500,17500,17200,17200,220
2015-07-27,17100,17100,17100,17100,1490
2015-07-28,17100,17100,17000,17000,520
2015-07-30,17000,17000,17000,17000,3180
2015-07-31,17000,17000,17000,17000,950
2015-08-03,16800,16800,16800,16800,110
2015-08-04,16900,16900,16900,16900,400
2015-08-06,17000,17000,17000,17000,730
2015-08-10,17000,17000,17000,17000,190
2015-08-11,17000,17000,17000,17000,940
2015-08-12,17000,17000,17000,17000,710
2015-08-13,17000,17000,17000,17000,1330
2015-08-14,16901,17000,16901,17000,1030
2015-08-17,17000,17000,17000,17000,1080
2015-08-18,17000,17000,17000,17000,10
2015-08-19,17000,17000,17000,17000,1540
2015-08-20,17000,17000,17000,17000,6190
2015-08-21,16900,16900,16900,16900,60
2015-08-26,16900,16900,16900,16900,110
2015-08-27,16900,17000,16800,16800,1760
2015-08-31,16800,16800,16800,16800,10
2015-09-01,17000,17000,17000,17000,200
2015-09-02,17000,17000,17000,17000,10
2015-09-03,16800,17000,16800,17000,6330
2015-09-07,17000,17000,17000,17000,930
2015-09-08,17000,17000,16800,16800,360
2015-09-09,17000,17000,16950,17000,750
2015-09-10,17000,17000,17000,17000,70
2015-09-11,17000,17000,16900,16900,860
2015-09-14,16900,17000,16900,17000,230
2015-09-15,16910,16910,16900,16900,110
2015-09-16,16900,16900,16900,16900,20
2015-09-17,16800,16900,16800,16900,220
2015-09-18,16900,17000,16900,17000,610
2015-09-22,17000,17000,17000,17000,2490
2015-09-23,17000,17000,16900,17000,2400
2015-09-25,17000,17000,17000,17000,40
2015-09-28,16999,17000,16999,16999,2570
2015-09-29,16900,16900,16900,16900,150
2015-09-30,16800,16850,16800,16800,1310
2015-10-01,16850,16899,16850,16899,5540
2015-10-02,16650,16850,16650,16850,5440
2015-10-05,17000,17000,16850,17000,6600
2015-10-06,17000,17000,17000,17000,1480
2015-10-07,16850,16850,16850,16850,1480
2015-10-08,16850,16850,16850,16850,2710
2015-10-09,16800,16800,16800,16800,100
2015-10-12,16800,16850,16800,16850,4890
2015-10-14,16800,16830,16800,16800,7540
2015-10-19,16400,16400,16400,16400,90
2015-10-20,16400,16780,16400,16410,4200
2015-10-22,16700,16700,16700,16700,100
2015-10-23,16800,16800,16800,16800,110
2015-10-28,16501,16501,16501,16501,10
2015-10-29,16501,16550,16501,16550,5800
2015-10-30,16780,16800,16780,16800,310
2015-11-02,16800,16800,16800,16800,340
2015-11-03,17000,17500,17000,17500,170
2015-11-04,17500,18000,17500,18000,150
2015-11-05,18001,18500,18001,18500,630
2015-11-06,18360,18360,18360,18360,20
2015-11-11,18400,18400,18360,18360,290
2015-11-12,18360,18360,18360,18360,120
2015-11-13,18400,18400,18100,18100,200
2015-11-17,18200,18200,18200,18200,320
2015-11-18,18201,19000,18201,19000,220
2015-11-19,19000,19000,19000,19000,30
2015-11-23,19000,19000,19000,19000,500
2015-11-26,19000,19000,19000,19000,40
2015-11-27,20400,20400,19300,20400,40
2015-12-02,20500,20500,20500,20500,30
2015-12-03,20000,20000,20000,20000,200
2015-12-04,19900,20000,19900,20000,30
2015-12-07,20000,20000,20000,20000,220
2015-12-09,19000,19000,19000,19000,40
2015-12-10,19000,19000,19000,19000,3020
2015-12-11,17950,17950,17950,17950,50
2015-12-14,18999,19000,18999,19000,70
2015-12-15,19000,19000,19000,19000,40
2015-12-17,18900,18900,18900,18900,90
2015-12-21,18900,18900,18900,18900,600
2015-12-22,17950,17950,17950,17950,40
2015-12-23,18000,18000,18000,18000,10
2015-12-28,17902,18000,17902,18000,60
2015-12-29,17000,19000,17000,19000,250
2015-12-30,19000,19000,19000,19000,10
2015-12-31,19000,19000,19000,19000,50
2016-01-05,19000,19000,19000,19000,20
2016-01-06,19000,19000,18000,18000,380
2016-01-07,18000,18000,17550,17550,240
2016-01-11,17601,17601,17601,17601,60
2016-01-12,17650,17650,17500,17500,4370
2016-01-13,17300,17500,17300,17500,60
2016-01-14,17500,17500,17500,17500,70
2016-01-15,17500,17500,17500,17500,730
2016-01-18,17500,17500,17500,17500,19810
2016-01-19,17500,17500,17150,17150,6550
2016-01-20,17200,17200,17200,17200,10
2016-01-21,17000,17000,17000,17000,50
2016-01-22,17000,17000,17000,17000,20
2016-01-26,17105,17105,17100,17100,60
2016-01-27,17200,17250,17200,17215,14570
2016-01-29,17302,17302,17302,17302,50
2016-02-01,17400,17501,17400,17501,60
2016-02-02,17501,17601,17501,17601,1140
2016-02-03,17600,17601,17551,17601,1060
2016-02-05,17601,18921,17601,18921,660
2016-02-08,18921,18921,18900,18900,180
2016-02-09,18900,18921,18900,18921,1640
2016-02-10,19000,19000,18900,18900,530
2016-02-12,18900,18900,18900,18900,220
2016-02-15,18900,18900,18900,18900,80
2016-02-16,18900,19790,18900,19790,400
2016-02-17,18900,18900,18900,18900,1000
2016-02-19,18800,18800,18800,18800,1160
2016-02-23,18500,18500,18000,18000,4100
2016-02-24,18000,18000,18000,18000,450
2016-02-25,18000,18000,18000,18000,190
2016-02-26,18000,18000,17640,17990,150
2016-02-29,17510,17510,17510,17510,370
2016-03-03,17800,17800,17800,17800,100
2016-03-07,18000,18501,18000,18501,140
2016-03-09,18500,19000,18500,18501,290
2016-03-10,19888,19888,19888,19888,190
2016-03-11,20000,20000,20000,20000,880
2016-03-15,18500,18500,18500,18500,110
2016-03-16,18501,18501,18501,18501,160
2016-03-17,18501,18501,18501,18501,10
2016-03-18,18510,18510,18510,18510,40
2016-03-21,19500,19500,19500,19500,100
2016-03-22,19500,19500,19500,19500,200
2016-03-23,19500,20125,19500,20125,100
2016-03-24,20125,20125,20100,20100,200
2016-03-25,20200,20200,20100,20100,40
2016-03-29,20500,20500,20500,20500,2550
2016-03-30,20100,20100,20100,20100,660
2016-03-31,20500,20500,20500,20500,150
2016-04-01,20910,20910,20500,20500,230
2016-04-04,20502,20502,20502,20502,20
2016-04-05,20500,20500,20500,20500,380
2016-04-07,21300,21300,21000,21000,70
2016-04-08,20500,20550,20500,20501,220
2016-04-11,20600,20600,20500,20500,40
2016-04-12,21000,21000,21000,21000,520
2016-04-13,21390,21401,21390,21400,280
2016-04-14,21400,21900,21400,21900,520
2016-04-15,21900,21900,21500,21500,260
2016-04-18,20500,20500,20500,20500,70
2016-04-20,20501,20501,20501,20501,20
2016-04-21,20502,20502,20502,20502,310
2016-04-25,20502,21500,20502,21500,400
2016-04-26,21000,21000,21000,21000,50
2016-04-29,20510,21499,20510,21499,2520
2016-05-03,21499,21500,21499,21500,400
2016-05-04,21500,21500,21500,21500,120
2016-05-06,21500,21500,21000,21499,210
2016-05-09,21400,21400,21400,21400,470
2016-05-10,21000,21000,21000,21000,1340
2016-05-11,21000,21000,21000,21000,200
2016-05-12,21000,21000,21000,21000,100
2016-05-13,20900,21000,20900,21000,670
2016-05-17,21500,21500,21500,21500,30
2016-05-18,21100,21100,21100,21100,100
2016-05-19,21000,21000,21000,21000,50
2016-05-20,21000,21490,21000,21490,50
2016-05-23,21000,21000,21000,21000,20
2016-05-24,21000,21000,21000,21000,260
2016-05-25,21000,21000,21000,21000,130
2016-05-26,19500,19500,19500,19500,70
2016-05-27,20500,20500,20500,20500,100
2016-05-30,20500,20500,19600,19600,60
2016-05-31,19500,19600,19400,19600,1230
2016-06-01,19600,19600,19500,19500,360
2016-06-06,19500,19500,19450,19500,1030
2016-06-07,19500,19500,19500,19500,1000
2016-06-08,19500,19500,19500,19500,10
2016-06-09,19500,19500,19500,19500,260
2016-06-10,19500,20350,19500,20350,80
2016-06-13,19773,19773,19773,19773,10
2016-06-15,19501,19501,19500,19500,70
2016-06-17,19500,19500,19500,19500,150
2016-06-20,19501,19501,19501,19501,120
2016-06-21,20350,20350,20350,20350,20
2016-06-22,20000,20350,20000,20350,310
2016-06-23,19501,19501,19501,19501,100
2016-06-24,19502,20350,19501,20350,420
2016-06-27,20350,20350,20350,20350,10
2016-06-28,20350,20350,19501,19501,80
2016-06-29,19501,19502,19501,19501,300
2016-06-30,20200,20300,19502,20300,310
2016-07-07,20000,20000,20000,20000,1510
2016-07-08,20000,20000,19500,20000,760
2016-07-11,19501,19501,19501,19501,300
2016-07-12,18101,18101,18101,18101,5310
2016-07-13,18101,18300,18101,18300,120
2016-07-14,18300,18300,18300,18300,720
2016-07-15,19500,19500,19500,19500,50
2016-07-19,19300,20000,19300,20000,70
2016-07-20,18501,18501,18501,18501,20
2016-07-21,18501,18700,18501,18700,160
2016-07-22,20000,20000,20000,20000,80
2016-07-25,20000,20000,20000,20000,50
2016-07-26,20000,20000,20000,20000,10
2016-07-27,20000,20000,20000,20000,50
2016-07-28,19000,19900,19000,19900,60
2016-08-02,19000,19000,19000,19000,30
2016-08-03,18630,18630,18630,18630,10
2016-08-04,18630,18630,18630,18630,370
2016-08-05,18650,19900,18650,19900,270
2016-08-11,18700,18700,18630,18630,620
2016-08-12,18630,19900,18630,19900,60
2016-08-17,18630,18630,18630,18630,60
2016-08-18,18630,18630,18630,18630,40
2016-08-19,18630,19900,18630,19900,100
2016-08-22,19900,19900,19900,19900,60
2016-08-24,18700,18700,18630,18700,220
2016-08-25,18630,18630,18630,18630,40
2016-08-26,18700,18700,18630,18630,60
2016-08-29,18630,18800,18630,18800,1130
2016-08-30,18800,18800,18800,18800,1050
2016-08-31,18800,18801,18800,18801,70
2016-09-01,18801,18801,18801,18801,40
2016-09-02,19000,19500,19000,19500,130
2016-09-05,18801,18801,18801,18801,210
2016-09-06,18801,18801,18801,18801,50
2016-09-08,18801,18801,18801,18801,20
2016-09-13,18801,18801,18801,18801,120
2016-09-14,18801,18801,18801,18801,2210
2016-09-16,18500,18801,18500,18800,9050
2016-09-20,18800,18800,18500,18500,90
2016-09-21,18800,18800,18800,18800,50
2016-09-22,18800,18800,18800,18800,220
2016-09-23,18801,18801,18801,18801,9860
2016-09-27,18600,18600,17500,17500,150
2016-09-28,17500,17500,17500,17500,50
2016-09-29,17151,17500,17151,17500,240
2016-09-30,18800,18800,18800,18800,300
2016-10-04,18800,18800,18800,18800,60
2016-10-07,18000,18000,18000,18000,190
2016-10-10,17201,18000,17201,18000,60
2016-10-11,17200,17200,17000,17000,150
2016-10-12,17000,17000,17000,17000,1000
2016-10-13,17000,17000,17000,17000,1720
2016-10-14,17500,17999,17000,17999,260
2016-10-17,17999,17999,17999,17999,50
2016-10-18,17999,18000,17000,17000,610
2016-10-19,17000,17000,17000,17000,10
2016-10-20,18000,18000,18000,18000,90
2016-10-24,18000,18000,17450,17450,50
2016-10-25,17450,17450,17450,17450,30
2016-10-31,17000,17000,17000,17000,20
2016-11-02,18000,18000,17500,17500,1010
2016-11-03,17100,17100,17100,17100,20
2016-11-08,17100,17100,17100,17100,10
2016-11-09,17101,17200,17000,17200,1400
2016-11-10,17000,17000,17000,17000,400
2016-11-11,17000,17000,17000,17000,20
2016-11-14,16000,16000,16000,16000,80
2016-11-16,16000,16400,16000,16400,1230
2016-11-18,17000,17000,17000,17000,10
2016-11-22,16000,16000,16000,16000,400
2016-11-23,16000,16200,16000,16200,2470
2016-11-24,16000,16150,16000,16150,2050
2016-11-25,16005,16005,16000,16000,180
2016-11-28,16000,16100,16000,16100,200
2016-11-29,16000,16000,16000,16000,40
2016-11-30,16001,16001,16000,16000,50
2016-12-02,16000,16000,16000,16000,120
2016-12-05,16050,16050,16050,16050,50
2016-12-06,16050,16050,16000,16050,140
2016-12-07,16050,16051,16050,16050,830
2016-12-08,16051,16051,16050,16050,110
2016-12-09,16900,16900,16900,16900,500
2016-12-13,16150,16150,16150,16150,40
2016-12-14,16150,16500,16150,16500,260
2016-12-15,16500,16500,16500,16500,30
2016-12-16,16500,16500,16500,16500,10
2016-12-19,16500,16500,16500,16500,1110
2016-12-20,16500,16500,16500,16500,1050
2016-12-21,16500,16550,16500,16500,2680
2016-12-22,16500,16500,16500,16500,100
2016-12-23,16500,16500,16500,16500,2580
2016-12-27,16500,16500,16500,16500,10
2016-12-29,16550,16550,16550,16550,220
2016-12-30,17738,17738,17738,17738,50
2017-01-06,16500,16500,16500,16500,50
2017-01-09,16500,16500,16500,16500,10
2017-01-10,16500,16500,16500,16500,100
2017-01-11,16505,16505,16500,16500,650
2017-01-16,16500,16500,16500,16500,100
2017-01-17,16510,16510,16500,16500,660
2017-01-24,16500,16500,16500,16500,340
2017-01-25,16501,16501,16500,16500,70
2017-01-26,16500,16500,16500,16500,590
2017-01-27,16500,16500,16500,16500,40
2017-01-30,16501,16501,16501,16501,1120
2017-02-01,16500,16501,16500,16500,1710
2017-02-03,16501,16501,16501,16501,480
2017-02-06,16500,16500,16500,16500,10
2017-02-07,16500,16500,16500,16500,100
2017-02-13,16550,16550,16550,16550,50
2017-02-20,16550,16550,16550,16550,50
2017-02-21,16550,16550,16550,16550,270
2017-02-22,16556,16556,16550,16550,1360
2017-02-23,16500,16551,16500,16551,2280
2017-02-24,16551,16551,16551,16551,30
2017-02-28,16500,16500,16500,16500,26700
2017-03-01,16500,16500,16500,16500,6740
2017-03-02,16500,16500,16500,16500,1010
2017-03-07,16500,16500,16500,16500,90
2017-03-08,15263,15263,15263,15263,10
2017-03-10,16200,16200,16200,16200,20
2017-03-13,16500,16500,16500,16500,300
2017-03-14,15500,15500,15500,15500,50
2017-03-16,16500,16500,16500,16500,10
2017-03-17,16500,16500,16500,16500,20
2017-03-20,16500,16500,16500,16500,160
2017-03-21,16500,16500,16500,16500,600
2017-03-22,16500,16500,16500,16500,100
2017-03-23,16500,16500,16500,16500,3820
2017-03-27,16550,16550,16500,16500,1000
2017-03-28,16500,16500,16500,16500,4050
2017-03-29,16500,16500,16500,16500,1130
2017-03-31,16500,16500,16500,16500,200
2017-04-04,16500,16500,16500,16500,10
2017-04-10,16501,16501,16490,16500,3060
2017-04-11,17738,17738,16500,16500,820
2017-04-12,16000,16501,16000,16500,80
2017-04-13,15500,15500,15500,15500,30
2017-04-18,14338,14340,14338,14338,130
2017-04-19,14600,14600,14600,14600,920
2017-04-20,14600,14700,14600,14700,1030
2017-04-25,14700,15803,14700,15803,240
2017-04-26,16988,16988,16000,16000,530
2017-04-27,15999,15999,15999,15999,10
2017-04-28,15001,15001,15001,15001,10
2017-05-02,16126,16126,16126,16126,10
2017-05-03,16150,16150,16150,16150,20
2017-05-04,16150,17361,14939,16150,20
2017-05-05,16900,16900,16800,16800,40720
2017-05-08,15800,16200,15800,16200,190
2017-05-11,16500,16500,16500,16500,130
2017-05-12,16500,16500,16500,16500,10
2017-05-15,16100,16100,16100,16100,80
2017-05-16,16100,16100,16100,16100,830
2017-05-17,16100,16100,16100,16100,40
2017-05-18,16800,16800,16800,16800,64770
2017-05-19,16800,16800,16800,16800,10000
2017-05-22,16100,16100,16100,16100,130
2017-05-26,16400,16400,16301,16301,3170
2017-05-30,16250,16300,16250,16300,600
2017-05-31,16200,16500,16200,16500,340
2017-06-01,16500,16500,16200,16200,190
2017-06-02,16000,16000,16000,16000,130
2017-06-07,15550,16000,15550,16000,60
2017-06-09,16000,16000,16000,16000,320
2017-06-13,15680,16000,15680,16000,170
2017-06-14,15860,15860,15860,15860,200
2017-06-16,15800,15800,15800,15800,10
2017-06-23,15800,15800,15800,15800,730
2017-06-28,15000,15000,15000,15000,240
2017-06-29,15000,15000,15000,15000,610
2017-06-30,14000,14000,13875,13875,460
2017-07-05,13000,13000,13000,13000,270
2017-07-06,13000,13000,13000,13000,100
2017-07-07,13975,13975,13975,13975,610
2017-07-10,13000,13875,13000,13875,550
2017-07-11,13875,13875,13875,13875,660
2017-07-12,13900,13900,13900,13900,20
2017-07-13,14000,14000,14000,14000,20
2017-07-14,13900,13900,13900,13900,40
2017-07-17,13900,13900,13900,13900,140
2017-07-19,13900,13900,13900,13900,40
2017-07-21,13901,13901,13900,13900,60
2017-07-24,13956,13956,13956,13956,30
2017-07-25,13900,13900,13900,13900,60
2017-07-27,14000,14000,14000,14000,450
2017-07-28,14000,14000,14000,14000,40
2017-08-02,14000,14000,14000,14000,800
2017-08-04,14000,14001,14000,14001,70
2017-08-08,14000,14000,14000,14000,4210
2017-08-09,13875,14000,13875,14000,250
2017-08-11,14000,14000,14000,14000,40
2017-08-16,14000,14000,14000,14000,14390
2017-08-17,14001,14001,14001,14001,30
2017-08-18,14100,14100,14000,14000,710
2017-08-21,14000,14001,14000,14000,310
2017-08-23,14000,14000,14000,14000,100
2017-08-24,14000,14001,14000,14001,870
2017-08-25,14500,14500,14500,14500,200
2017-08-29,13500,13500,13500,13500,20
2017-08-30,14000,14000,14000,14000,60
2017-09-06,15000,15000,15000,15000,40
2017-09-08,14000,14000,14000,14000,30
2017-09-11,14500,14500,14500,14500,150
2017-09-14,14500,14500,14500,14500,300
2017-09-15,14510,14510,14500,14500,100
2017-09-18,14530,14530,14530,14530,20
2017-09-19,14500,14500,14500,14500,300
2017-09-20,14500,14500,14500,14500,150
2017-09-21,14500,14500,14500,14500,320
2017-09-25,14000,14000,14000,14000,70
2017-09-26,14000,14000,14000,14000,40
2017-09-27,14400,14400,14400,14400,1180
2017-10-02,14500,14500,14500,14500,310
2017-10-03,14700,14700,14700,14700,70
2017-10-05,14406,14406,14406,14406,20
2017-10-09,14000,14000,14000,14000,370
2017-10-11,14400,14500,14400,14500,410
2017-10-12,14500,15000,14500,15000,490
2017-10-13,14500,14500,14500,14500,7970
2017-10-16,14100,14100,14100,14100,30
2017-10-17,14500,15000,14500,15000,300
2017-10-19,15000,16000,15000,16000,500
2017-10-20,15500,15500,15500,15500,40
2017-10-23,15000,15000,15000,15000,280
2017-10-24,14500,14500,14500,14500,2700
2017-10-26,14500,14500,14500,14500,370
2017-10-27,14500,14500,14500,14500,720
2017-10-31,14000,14500,14000,14500,350
2017-11-02,14500,15000,14500,15000,9000
2017-11-06,14000,14500,14000,14000,2900
2017-11-07,15000,15000,15000,15000,120
2017-11-08,14000,14000,14000,14000,380
2017-11-10,14000,14000,14000,14000,20
2017-11-16,14000,14000,13500,13500,11710
2017-11-20,13500,13500,12500,12500,1140
2017-11-22,12800,12800,12800,12800,10
2017-11-23,12500,12500,12500,12500,240
2017-11-24,12500,12500,12500,12500,750
2017-11-28,12500,12500,12500,12500,3130
2017-11-29,12500,12500,12500,12500,3400
2017-12-04,13000,13000,13000,13000,40
2017-12-05,12500,12500,12500,12500,7160
2017-12-06,12510,12510,12498,12510,50
2017-12-07,12500,12500,12500,12500,1300
2017-12-08,12000,12500,12000,12500,4220
2017-12-12,12500,12500,12500,12500,4200
2017-12-13,12500,12500,12500,12500,400
2017-12-20,12500,12500,12500,12500,640
2017-12-27,12500,12500,12500,12500,5010
2018-01-03,12500,12500,12500,12500,10
2018-01-04,12300,12400,12300,12400,5030
2018-01-11,12400,12400,12300,12300,40
2018-01-16,12300,12300,12300,12300,120
2018-01-17,12300,12300,12300,12300,80
2018-01-18,12300,12300,12300,12300,50
2018-01-19,12300,12300,12300,12300,500
2018-01-23,12300,12300,12300,12300,50
2018-01-24,12300,12300,12300,12300,160
2018-01-25,12300,12300,12300,12300,120
2018-01-26,12300,12300,12300,12300,50
2018-01-29,12000,12000,12000,12000,2000
2018-01-30,12000,12000,12000,12000,40
2018-02-01,11760,11760,11760,11760,380
2018-02-05,11900,11900,11760,11900,17210
2018-02-06,11900,11900,11900,11900,20
2018-02-07,11760,11760,11760,11760,50
2018-02-08,11760,11760,11760,11760,80
2018-02-12,11760,11760,11760,11760,50
2018-02-14,11761,11761,11761,11761,20
2018-02-15,11761,11761,11700,11700,1510
2018-02-16,11700,11700,11700,11700,20
2018-02-19,11701,11701,11700,11700,16330
2018-02-20,11700,11750,11700,11750,310
2018-02-22,11750,11750,11750,11750,30
2018-02-23,11750,11750,11750,11750,260
2018-02-26,11900,11900,11750,11750,3010
2018-02-27,11750,11750,11750,11750,1060
2018-03-01,11000,11000,11000,11000,10
2018-03-02,11700,11700,11500,11700,3440
2018-03-05,11700,11700,11700,11700,10
2018-03-06,11900,11900,11900,11900,20
2018-03-08,11750,11800,11750,11750,150
2018-03-12,11750,11750,11750,11750,50
2018-03-14,11800,11800,11800,11800,40
2018-03-15,11800,11800,11800,11800,180
2018-03-16,12685,12685,12685,12685,10
2018-03-19,12700,12700,11801,11801,40
2018-03-21,11800,11850,11750,11750,910
2018-03-22,12300,12300,11900,11900,140
2018-03-27,12000,12000,12000,12000,70
2018-03-28,12000,12000,12000,12000,30
2018-04-05,11500,11500,11500,11500,20
2018-04-06,11000,11000,10700,10700,40
2018-04-09,11300,11300,11300,11300,20
2018-04-10,11250,11250,11250,11250,10
2018-04-11,11300,11300,11300,11300,250
2018-04-13,11250,11250,11250,11250,50
2018-04-18,11025,11025,10500,10500,20
2018-04-19,10501,10501,10500,10500,100
2018-04-20,11025,11025,9713,9713,160
2018-04-23,9750,9750,9750,9750,30
2018-04-24,9905,9907,9905,9907,100
2018-04-27,9709,9709,9709,9709,150
2018-04-30,9600,9600,9600,9600,20
2018-05-02,8880,8880,8880,8880,330
2018-05-03,8214,8214,8214,8214,420
2018-05-04,8260,8260,8260,8260,20
2018-05-07,7680,7690,7680,7690,50
2018-05-09,7700,7700,7700,7700,10
2018-05-11,7690,7700,7690,7700,4780
2018-05-14,7701,7701,7700,7700,10100
2018-05-16,8000,8000,7700,7700,3080
2018-05-17,7701,7701,7700,7700,770
2018-05-18,7700,8000,7700,8000,7540
2018-05-23,8000,8000,7700,7700,1610
2018-05-24,7700,7700,7700,7700,10
2018-05-29,7611,7854,7611,7800,50
2018-05-30,7611,7611,7611,7611,440
2018-06-04,7500,7500,7500,7500,10
2018-06-05,7500,7500,7500,7500,100
2018-06-06,7150,7150,7140,7150,110
2018-06-07,7150,7150,7150,7150,90
2018-06-08,7150,7150,7150,7150,10
2018-06-12,7400,7400,7400,7400,120
2018-06-13,7400,7400,7400,7400,10
2018-06-15,7400,7400,6900,6900,10460
2018-06-18,7400,13438,11563,6900,10460
2018-06-20,6900,7000,6770,7000,30
2018-06-21,6990,6990,6990,6990,10
2018-06-22,6900,7400,6900,7400,3990
2018-06-25,7400,7400,7400,7400,100
2018-06-26,7400,7400,7400,7400,560
2018-06-27,7350,7400,7350,7400,360
2018-06-28,7400,7400,7400,7400,10
2018-06-29,7400,7400,7400,7400,20
2018-07-02,7400,7400,7400,7400,430
2018-07-04,7400,7400,7400,7400,40
2018-07-09,7300,7300,7300,7300,10
2018-07-10,7260,7260,7250,7250,170
2018-07-12,7250,7250,7250,7250,100
2018-07-13,7000,7000,7000,7000,70
2018-07-16,6500,6500,6500,6500,20
2018-07-17,6500,6500,6500,6500,100
2018-07-18,6500,6500,6210,6210,740
2018-07-19,6200,6200,6200,6200,160
2018-07-20,6100,6100,6100,6100,130
2018-07-23,6100,6100,6100,6100,100
2018-07-24,6010,6010,6010,6010,50
2018-07-25,6010,6100,6010,6100,50
2018-07-26,6030,6030,6000,6000,230
2018-07-30,6180,6200,6050,6200,460
2018-08-01,6200,6200,6200,6200,220
2018-08-02,6076,6076,6076,6076,30
2018-08-08,6200,6200,6190,6190,130
2018-08-09,6067,6067,6067,6067,250
2018-08-13,6067,6067,6067,6067,60
2018-08-14,6010,6010,6010,6010,70
2018-08-16,5900,6000,5900,5900,120
2018-08-17,5800,5800,5800,5800,280
2018-08-20,6001,6001,6000,6000,50
2018-08-23,6001,6001,6001,6001,80
2018-08-24,6200,6200,6200,6200,30
2018-08-27,6200,6200,6050,6050,1740
2018-08-28,6100,6100,6050,6050,300
2018-08-29,6050,6050,6050,6050,1760
2018-08-30,6200,6200,6200,6200,180
2018-08-31,6200,6200,6200,6200,200
2018-09-04,6200,6200,6200,6200,50
2018-09-05,6200,6200,6200,6200,200
2018-09-06,6200,6200,6200,6200,30
2018-09-10,6200,6200,6200,6200,200
2018-09-14,6050,6050,6050,6050,150
2018-09-17,6050,6050,6050,6050,180
2018-09-18,6050,6050,6050,6050,40
2018-09-19,6050,6050,6050,6050,80
2018-09-21,6050,6050,6050,6050,10
2018-09-26,6000,6000,6000,6000,10
2018-09-28,5901,5901,5901,5901,20
2018-10-01,6010,6010,6010,6010,20
2018-10-02,6010,6010,5880,5880,3250
2018-10-03,5880,5880,5880,5880,20
2018-10-04,5998,5998,5880,5880,140
2018-10-05,5880,5880,5880,5880,10
2018-10-10,5810,5810,5810,5810,100
2018-10-15,5800,5800,5800,5800,20
2018-10-17,5800,5800,5800,5800,30
2018-10-19,5800,5800,5760,5760,250
2018-10-23,5760,5760,5760,5760,40
2018-11-02,5750,5750,5700,5700,150
2018-11-06,5700,5700,5700,5700,2210
2018-11-07,5699,5699,5690,5690,200
2018-11-08,5690,5690,5690,5690,200
2018-11-12,5690,5690,5690,5690,150
2018-11-13,5600,5600,5600,5600,110
2018-11-14,5600,5700,5600,5700,80
2018-11-19,5600,5600,5600,5600,560
2018-11-21,5700,5760,5700,5760,300
2018-12-04,5600,5600,5600,5600,80
2018-12-10,5600,5600,5600,5600,70
2018-12-20,5610,5610,5600,5600,80
2019-01-02,5760,5760,5760,5760,240
2019-01-03,5750,5750,5750,5750,10
2019-01-04,5880,5880,5880,5880,20
2019-01-07,5880,5880,5880,5880,50
2019-01-11,5870,5870,5870,5870,60
2019-01-14,5880,5880,5880,5880,100
2019-01-15,5800,5800,5800,5800,44360
2019-01-16,5800,5800,5800,5800,3440
2019-01-24,5700,5700,5700,5700,50
2019-01-29,5700,5700,5700,5700,60
2019-01-30,5800,5800,5700,5700,80
2019-02-05,5301,5301,5301,5301,10
2019-02-07,5200,5200,5200,5200,300
2019-02-08,5195,5195,5195,5195,30
2019-02-12,5195,5195,5195,5195,100
2019-02-13,5195,5195,5195,5195,10
2019-02-14,5100,5100,5100,5100,10
2019-02-15,5100,5100,5100,5100,10
2019-02-18,5001,5001,5000,5000,180
2019-02-20,5000,5000,5000,5000,30
2019-02-25,4900,4900,4900,4900,100
2019-02-26,4550,4550,4550,4550,30
2019-02-27,4550,4550,4500,4550,90
2019-02-28,4550,4550,4550,4550,50
2019-03-06,4210,4210,4210,4210,180
2019-03-07,4210,4210,4210,4210,100
2019-03-12,4200,4200,4200,4200,50
2019-03-14,4190,4190,4190,4190,100
2019-03-15,4190,4190,4190,4190,20
2019-03-21,4190,4190,4190,4190,10
2019-03-26,4100,4100,4000,4000,30
2019-03-27,3700,4000,3700,4000,70
2019-03-28,3700,4000,3700,4000,210
2019-03-29,4000,4000,4000,4000,120
2019-04-03,3700,3700,3700,3700,20
2019-04-04,3700,3700,3700,3700,50
2019-04-09,3700,3700,3700,3700,110
2019-04-11,3460,3460,3451,3451,60
2019-04-15,3200,3700,3200,3700,2810
2019-04-17,3425,3425,3425,3425,100
2019-04-24,3682,3682,3682,3682,30
2019-04-25,3700,3700,3700,3700,80
2019-04-30,3700,3700,3700,3700,20
2019-05-02,3700,3700,3700,3700,20
2019-05-07,3700,3700,3700,3700,80
2019-05-09,3700,3700,3700,3700,60
2019-05-13,3700,3700,3700,3700,140
2019-05-15,3700,3700,3700,3700,50
2019-05-16,3700,3700,3682,3682,60
2019-05-20,3425,3425,3425,3425,10
2019-05-21,3200,3200,3170,3170,2130
2019-05-22,3170,3170,3170,3170,1340
2019-05-27,3170,3170,3170,3170,30
2019-05-28,3170,3170,3170,3170,60
2019-05-31,3170,3170,3170,3170,500
2019-06-03,3050,3050,3050,3050,20
2019-06-05,3170,3170,3170,3170,20
2019-06-06,3170,3170,3170,3170,60
2019-06-11,3170,3170,3170,3170,20
2019-06-12,3012,3012,3012,3012,10800
2019-06-14,3072,3072,3072,3072,80
2019-06-17,2990,2990,2990,2990,60
2019-06-19,2950,2990,2950,2950,5540
2019-06-20,2950,2950,2950,2950,4220
2019-06-21,3000,3000,3000,3000,20
2019-06-24,3200,3200,3200,3200,150
2019-06-25,3000,3000,3000,3000,2830
2019-06-27,3001,3200,3000,3200,60
2019-06-28,3225,3225,3225,3225,720
2019-07-09,3467,3467,3467,3467,60
2019-07-10,3466,3466,3466,3466,150
2019-07-15,3400,3400,3400,3400,110
2019-07-16,3400,3400,3400,3400,10
2019-07-17,3400,3400,3400,3400,30
2019-07-18,3400,3400,3400,3400,300
2019-07-19,3300,3300,3225,3225,180
2019-07-22,3225,3225,3225,3225,430
2019-07-24,3250,3250,3225,3225,390
2019-07-25,3225,3225,3225,3225,30
2019-07-26,3400,3400,3400,3400,30
2019-07-30,3400,3466,3400,3466,150
2019-08-02,3460,3466,3460,3466,270
2019-08-06,3500,3500,3500,3500,25000
2019-08-19,3763,3763,3763,3763,20
2019-08-21,3780,3780,3780,3780,10
2019-08-22,4064,4064,4064,4064,20
2019-08-28,4000,4368,4000,4368,230
2019-08-29,4300,4300,4300,4300,60
2019-08-30,4300,4300,4300,4300,10
2019-09-04,4100,4100,4100,4100,30
2019-09-06,4041,4100,4041,4100,3050
2019-09-10,4100,4100,4000,4000,200
2019-09-12,3780,4100,3780,4100,15450
2019-09-17,4000,4000,4000,4000,10
2019-09-18,3800,3800,3800,3800,120
2019-09-23,3763,3800,3724,3800,570
2019-10-03,4085,4085,4000,4010,14130
2019-10-08,4311,4311,4311,4311,10
2019-10-10,4311,4311,4311,4311,30
2019-10-11,4311,4311,4311,4311,250
2019-10-14,4010,4010,4010,4010,120
2019-10-15,3800,3800,3800,3800,10
2019-10-16,3885,3885,3885,3885,260
2019-10-23,4176,4176,4176,4176,60
2019-10-24,4176,4176,4176,4176,10
2019-10-25,4176,4176,4176,4176,30
2019-10-28,4176,4176,4176,4176,1530
2019-10-29,4176,4176,4176,4176,80
2019-11-08,4489,4489,4489,4489,20
2019-11-11,4489,4489,4489,4489,10
2019-11-14,4489,4489,4489,4489,100
2019-11-18,4400,4489,4400,4489,60
2019-11-19,4489,4489,4489,4489,100
2019-11-22,4485,4489,4400,4489,2850
2019-11-25,4205,4205,4205,4205,100
2019-11-26,4520,4520,4520,4520,50
2019-12-02,4520,4520,4520,4520,100
2019-12-04,4520,4520,4520,4520,20
2019-12-05,4300,4300,4300,4300,20
2019-12-06,4220,4220,4220,4220,160
2019-12-09,4520,4520,4520,4520,30
2019-12-19,4480,4480,4480,4480,4100
2019-12-27,4500,4500,4500,4500,50
2019-12-30,4500,4500,4500,4500,10
2020-01-06,4300,4300,4300,4300,30
2020-01-10,4220,4220,4220,4220,10
2020-01-13,4220,4220,4220,4220,10
2020-01-15,4220,4220,4220,4220,130
2020-01-20,4300,4300,4300,4300,50
2020-01-22,4250,4250,4250,4250,50
2020-01-23,4300,4300,4100,4100,130
2020-01-27,4249,4250,4249,4250,990
2020-01-29,4250,4250,4250,4250,50
2020-01-30,4271,4271,4271,4271,50
2020-01-31,4270,4270,4270,4270,50
2020-02-07,4520,4520,4520,4520,10
2020-02-10,4520,4520,4520,4520,110
2020-02-11,4520,4520,4520,4520,10
2020-02-12,4300,4300,4300,4300,10
2020-02-13,4520,4520,4520,4520,130
2020-02-21,4510,4510,4510,4510,90
2020-02-27,4550,4550,4510,4510,40
2020-03-04,4550,4550,4550,4550,20
2020-03-09,4550,4550,4550,4550,40
2020-03-12,4575,4575,4510,4510,270
2020-03-13,4510,4510,4510,4510,110
2020-03-16,4510,4510,4510,4510,100
2020-03-17,4510,4510,4510,4510,20
2020-03-19,4505,4505,4505,4505,40
2020-03-20,4250,4505,4250,4505,7780
2020-03-31,4510,4510,4510,4510,200
2020-04-07,4400,4400,4400,4400,10
2020-04-10,4500,4500,4500,4500,350
2020-04-20,4500,4500,4500,4500,40
2020-04-23,4500,4500,4500,4500,10
2020-04-29,4838,4838,4500,4500,130
2020-05-11,4500,4500,4500,4500,40
2020-05-12,4500,4500,4500,4500,140
2020-05-13,4500,4500,4500,4500,970
2020-05-14,4500,4500,4500,4500,21100
2020-05-15,4500,4500,4500,4500,2000
2020-05-26,4500,4500,4500,4500,20
2020-05-28,4500,4500,4500,4500,10
2020-06-02,4500,4500,4500,4500,30
2020-06-05,4500,4500,4500,4500,50
2020-06-09,4500,4500,4500,4500,160
2020-06-10,4500,4500,4500,4500,200
2020-06-17,4502,4502,4502,4502,7000
2020-06-19,4550,4550,4550,4550,20
2020-06-25,4550,4550,4500,4500,3230
2020-06-30,4550,4550,4550,4550,50
2020-07-01,4550,4550,4550,4550,88040
2020-07-10,4550,4550,4550,4550,140
2020-07-15,4550,4550,4550,4550,2000
2020-08-12,4550,4550,4550,4550,1260
2020-08-17,4550,4550,4550,4550,110
2020-08-31,4550,4550,4550,4550,20
2020-09-02,4550,4550,4550,4550,140
2020-09-09,4550,4550,4550,4550,40
2020-09-15,4550,4550,4550,4550,10
2020-09-16,4549,4600,4549,4600,1350
2020-09-17,4600,4600,4600,4600,10
2020-09-24,4600,4600,4600,4600,1540
2020-09-25,4692,4692,4692,4692,16880
2020-09-28,4700,4700,4700,4700,2170
2020-09-30,4600,4600,4600,4600,20
2020-10-05,4600,4600,4600,4600,20
2020-10-08,4600,4600,4600,4600,60
2020-10-09,4260,4260,4260,4260,70
2020-10-22,4300,4300,4250,4250,4480
2020-10-26,4500,4500,4500,4500,5100
2020-11-09,4500,4500,4500,4500,130
2020-11-13,4500,4500,4175,4175,370
2020-11-18,4488,4488,4488,4488,880
2020-11-23,4825,4825,4825,4825,30
2020-11-24,4825,4825,4825,4825,110
2020-12-11,5000,5000,5000,5000,240
2020-12-21,5001,5001,5001,5001,30
2020-12-23,5010,5010,5000,5000,4080
2020-12-29,5090,5090,5090,5090,20
2021-01-07,5100,5100,5100,5100,110
2021-01-12,5100,5101,5100,5101,2030
2021-01-18,5100,5100,5100,5100,5000
2021-01-26,5150,5150,5150,5150,1600
2021-01-27,5200,5200,5200,5200,20
2021-01-28,5200,5200,5200,5200,130
2021-02-02,5580,5580,5580,5580,10
2021-02-04,5300,5300,5300,5300,100
2021-02-10,5600,5600,5300,5300,40
2021-02-11,5301,5301,5301,5301,30
2021-02-17,5301,5301,5301,5301,100
2021-03-02,5301,5301,5301,5301,20
2021-03-03,5301,5301,5301,5301,10
2021-03-04,5301,5301,5301,5301,10
2021-03-09,5301,5301,5301,5301,50
2021-03-10,5301,5301,5301,5301,50
2021-03-15,5301,5301,5301,5301,10
2021-03-18,5300,5300,5300,5300,100
2021-03-19,5300,5300,5300,5300,50
2021-03-26,5300,5300,5300,5300,20
2021-03-31,5600,5600,5600,5600,20
2021-04-15,5800,5800,5700,5700,150
2021-04-16,5700,5700,5700,5700,2250
2021-04-19,6128,6128,6128,6128,50
2021-04-21,6200,6200,6200,6200,10
2021-04-22,6200,6200,6200,6200,460
2021-04-28,6200,6200,6200,6200,30
2021-05-03,6200,6200,6200,6200,70
2021-05-05,6200,6600,6200,6600,500
2021-05-06,6601,6601,6601,6601,50
2021-05-07,7096,7096,7096,7096,150
2021-05-10,7096,7096,7096,7096,20
2021-05-11,7096,7096,7096,7096,20
2021-05-14,7050,7100,7050,7100,120
2021-05-18,7100,7200,7100,7200,4810
2021-05-19,7200,7344,7200,7201,2200
2021-05-20,7251,7251,7251,7251,30
2021-05-21,7401,7401,7401,7401,150
2021-05-25,7100,7100,7100,7100,400
2021-05-26,7100,7100,7100,7100,380
2021-05-31,7200,7200,7200,7200,10
2021-06-01,7200,7200,7200,7200,50
2021-06-02,7201,7201,7200,7200,1000
2021-06-08,7201,7201,7201,7201,40
2021-06-09,7200,7200,7200,7200,260
2021-06-11,7206,7206,7206,7206,40
2021-06-16,7400,7400,7400,7400,10
2021-06-18,7400,7400,7400,7400,20
2021-06-21,7400,7400,7400,7400,50
2021-06-22,7400,7400,7400,7400,40
2021-06-23,7401,7401,7401,7401,40
2021-06-24,7401,7401,7401,7401,40
2021-06-29,7402,7402,7402,7402,10
2021-07-02,7956,7956,7956,7956,50
2021-07-05,7956,7956,7956,7956,30
2021-07-06,7400,8553,7400,8553,260
2021-07-07,9194,9194,9194,9194,20
2021-07-12,9190,9190,9001,9190,1020
2021-07-13,9180,9180,9180,9180,200
2021-07-14,9170,9180,9170,9180,650
2021-07-15,9181,9181,9180,9180,160
2021-07-16,8700,9170,8700,9170,20
2021-07-19,9180,9180,9180,9180,200
2021-07-22,9170,9170,9170,9170,80
2021-07-23,9170,9180,9170,9180,1690
2021-07-27,9181,9181,9181,9181,80
2021-08-03,8239,8239,8239,8239,20
2021-08-04,8857,8857,8857,8857,10
2021-08-09,9521,9521,9521,9521,20
2021-08-10,9711,10235,9711,9800,80
2021-08-11,10535,10535,10535,10535,50
2021-08-12,11325,11325,11325,11325,200
2021-08-16,12170,12170,12170,12170,20
2021-08-18,13083,13083,13083,13083,190
2021-08-19,14064,14064,14064,14064,60
2021-08-20,14064,15118,14064,15118,560
2021-08-23,16252,16252,14000,14000,820
2021-08-24,14100,15050,12951,12951,790
2021-08-25,12951,12951,12174,12174,320
2021-08-26,12185,12185,12170,12170,180
2021-08-31,11300,12950,11300,11350,310
2021-09-01,11346,11346,11346,11346,40
2021-09-02,11340,11340,10495,10495,270
2021-09-06,10490,10495,9710,9710,730
2021-09-07,10438,10438,9501,9501,90
2021-09-08,9500,9500,9500,9500,48860
2021-09-10,10000,10213,10000,10213,50
2021-09-13,10300,10417,10300,10417,380
2021-09-15,10600,10600,9860,9860,90
2021-09-16,9851,9851,9851,9851,120
2021-09-21,10500,10500,10500,10500,100
2021-09-22,10500,10500,10200,10200,1030
2021-09-23,10200,10200,10200,10200,30
2021-09-24,10400,10400,9851,9851,40
2021-10-01,9900,9900,9900,9900,150
2021-10-04,10200,10200,10200,10200,150
2021-10-11,9856,10150,9856,10150,80
2021-10-12,10000,10001,10000,10001,3170
2021-10-13,10100,10100,10100,10100,20
2021-10-15,10100,10200,10001,10001,960
2021-10-20,10200,10200,10200,10200,320
2021-10-21,10200,10200,10200,10200,160
2021-10-25,10965,10965,10965,10965,60
2021-10-26,11787,11787,11787,11787,150
2021-10-27,12023,12671,11787,12671,390
2021-10-28,13621,13621,13621,13621,210
2021-10-29,13621,13621,13621,13621,10
2021-11-03,12600,12600,12600,12600,30
2021-11-04,12600,12600,12500,12600,12130
2021-11-05,12000,12600,11700,12600,170
2021-11-09,12601,12601,12601,12601,460
2021-11-10,13500,13500,13500,13500,60
2021-11-11,12601,13400,12600,12600,90
2021-11-12,12600,12600,12600,12600,470
2021-11-17,12600,13500,12600,12600,450
2021-11-18,13400,13400,13400,13400,10
2021-11-19,12600,14000,12600,14000,5200
2021-11-22,14980,15050,14980,14980,4600
2021-11-23,13900,13900,13900,13900,160
2021-11-24,14000,14000,12910,12910,100
2021-11-25,13001,13001,13001,13001,10
2021-11-29,13500,13500,13500,13500,10
2021-12-01,13700,13700,13501,13501,80
2021-12-02,13503,13503,13503,13503,310
2021-12-06,13500,13501,13500,13501,120
2021-12-07,14200,14510,14200,14510,30
2021-12-08,14520,14520,14520,14520,70
2021-12-09,14520,14520,14520,14520,140
2021-12-13,14550,14550,14520,14520,70
2021-12-14,14550,14550,14520,14520,100
2021-12-15,14520,14600,14520,14600,1420
2021-12-16,14600,14600,14600,14600,190
2021-12-20,14500,14600,14500,14600,440
2021-12-22,14600,14600,14600,14600,60
2021-12-23,14700,14700,14700,14700,10
2021-12-24,14700,14700,14700,14700,40
2021-12-27,14700,14700,14700,14700,20
2021-12-28,14700,14700,14700,14700,30
2021-12-29,14600,14990,14600,14990,200
2021-12-30,14501,15600,14501,15600,1300
2022-01-03,14430,14430,14430,14430,10
2022-01-04,13400,14400,13400,14400,70
2022-01-05,14400,14500,14400,14500,260
2022-01-07,15000,15000,15000,15000,170
2022-01-10,15000,15400,15000,15400,410
2022-01-11,15400,15400,15400,15400,290
2022-01-14,15400,15400,15400,15400,1010
2022-01-17,15490,15600,15490,15600,350
2022-01-19,15600,15600,15600,15600,90
2022-01-20,15600,15700,15600,15700,100
2022-01-21,15700,15700,15700,15700,220
2022-01-24,15800,15800,15800,15800,10
2022-01-25,15700,15700,15700,15700,20
2022-01-26,15798,15798,15798,15798,60
2022-01-27,15798,15798,15798,15798,40
2022-01-28,15798,15798,15725,15725,180
2022-01-31,15700,16500,15700,16500,610
2022-02-01,16450,16500,16450,16500,250
2022-02-02,16500,16500,16500,16500,710
2022-02-03,16600,16700,16600,16700,520
2022-02-04,16600,16600,16500,16500,1440
2022-02-07,16500,16500,16500,16500,60
2022-02-09,16500,16500,16500,16500,20
2022-02-10,16500,16600,16500,16600,300
2022-02-11,16600,16600,16600,16600,40
2022-02-14,16500,16500,16500,16500,1200
2022-02-15,16500,16500,16300,16300,200
2022-02-16,16500,16500,16500,16500,1000
2022-02-21,16000,16000,16000,16000,620
2022-02-22,16000,16770,15500,16770,720
2022-02-24,16700,16700,16700,16700,400
2022-02-28,16700,16800,15500,16800,780
2022-03-01,16800,16800,16800,16800,10
2022-03-03,15550,16700,15550,16700,200
2022-03-04,16500,16500,16500,16500,700
2022-03-07,16500,16500,16500,16500,500
2022-03-08,15800,15800,15800,15800,20
2022-03-09,16600,16600,16600,16600,10
2022-03-14,16600,16600,16600,16600,500
2022-03-15,16635,16635,15800,15800,1070
2022-03-16,15800,16500,15800,16500,40
2022-03-17,16490,16490,16490,16490,30
2022-03-18,15800,15800,15800,15800,1020
2022-03-21,16000,16000,15800,15800,1350
2022-03-22,15500,16400,15500,16400,400
2022-03-23,15700,15700,15700,15700,1050
2022-03-25,15700,15700,15700,15700,690
2022-03-28,16400,16400,15700,15700,390
2022-03-30,15700,16400,15700,16400,150
2022-04-01,15500,15500,15500,15500,100
2022-04-04,15500,15500,15500,15500,100
2022-04-06,15500,15500,15500,15500,10
2022-04-11,16350,16350,16100,16100,110
2022-04-12,15000,15600,15000,15600,420
2022-04-13,15650,15650,15600,15600,120
2022-04-19,16400,16400,16400,16400,10
2022-04-22,15500,15500,15500,15500,1760
2022-04-25,16300,16300,16300,16300,40
2022-04-27,15974,15974,15974,15974,10
2022-04-29,15500,15500,15500,15500,2110
2022-05-03,15500,15500,15500,15500,30
2022-05-05,15200,15500,15200,15200,1120
2022-05-06,15000,15000,15000,15000,240
2022-05-09,15000,15000,15000,15000,30
2022-05-11,14500,14500,14500,14500,26960
2022-05-17,14000,14000,13450,13950,310
2022-05-18,13400,13400,13400,13400,100
2022-05-19,13400,13400,13400,13400,40
2022-05-20,13400,13400,12395,12395,110
2022-05-23,11466,11500,11466,11500,40
2022-05-24,11466,12363,11466,11500,470
2022-05-27,11550,11550,11550,11550,30
2022-05-30,11550,12416,11550,12416,40
2022-06-01,12850,12850,12850,12850,50
2022-06-02,12850,12900,12850,12900,130
2022-06-03,12000,12000,12000,12000,110
2022-06-07,12900,12900,12900,12900,60
2022-06-08,13300,13300,13300,13300,6000
2022-06-09,13500,13500,13500,13500,50
2022-06-10,13500,13500,13500,13500,20
2022-06-13,13500,14500,13500,14500,20
2022-06-14,15588,15588,13501,15588,30
2022-06-22,15587,15587,15587,15587,10
2022-06-24,15000,15050,15000,15000,15490
2022-06-29,14900,15000,14900,15000,70
2022-07-06,15000,15000,15000,15000,110
2022-07-08,15000,15000,14500,14500,70
2022-07-11,15000,15000,15000,15000,100
2022-07-12,15000,15000,15000,15000,10
2022-07-13,15000,15000,15000,15000,200
2022-07-14,15001,15001,15000,15000,210
2022-07-15,15000,15000,15000,15000,440
2022-07-19,14900,14900,14900,14900,50
2022-07-20,14500,14500,14500,14500,170
2022-07-21,14500,14500,14500,14500,40
2022-07-22,14500,14500,14500,14500,90
2022-07-27,14500,14500,14500,14500,1010
2022-07-28,14500,14500,14500,14500,30
2022-07-29,13413,13413,13413,13413,30
2022-08-01,13500,13500,13500,13500,1100
2022-08-02,13500,13500,13500,13500,10
2022-08-03,13500,13500,13500,13500,10
2022-08-04,13500,13500,13500,13500,150
2022-08-05,13500,13500,13500,13500,20
2022-08-09,13500,13500,13500,13500,10
2022-08-18,12200,12200,12113,12113,80
2022-08-19,12200,12200,12100,12100,130
2022-08-22,11205,11205,11205,11205,110
2022-08-23,11206,11206,11205,11205,40
2022-08-25,11220,11220,11220,11220,10
2022-08-26,11200,11201,11200,11201,130
2022-08-29,10365,10366,10361,10361,1200
2022-08-30,10365,11138,10000,10000,210
2022-08-31,10001,10750,10001,10750,40
2022-09-01,11500,11500,10000,10000,690
2022-09-02,10750,10750,10750,10750,20
2022-09-06,11556,11556,11556,11556,10
2022-09-07,12420,12420,12420,12420,30
2022-09-08,12420,13000,11550,11550,280
2022-09-09,11556,11556,11556,11556,30
2022-09-13,11500,12000,11500,12000,180
2022-09-14,12000,12000,12000,12000,10
2022-09-15,12000,12000,12000,12000,50
2022-09-19,12000,12000,12000,12000,40
2022-09-21,11950,11950,11950,11950,20
2022-09-22,12000,12000,11950,11950,110
2022-09-23,11900,11900,11900,11900,10
2022-09-27,11060,11200,11008,11200,220
2022-09-29,11200,11200,11200,11200,10
2022-09-30,11200,11200,10676,10676,140
2022-10-03,10000,10676,10000,10676,500
2022-10-04,10676,10676,10500,10515,160
2022-10-05,10520,10520,10305,10305,240
2022-10-07,10305,10500,10305,10500,60
2022-10-12,11000,11287,10015,10015,370
2022-10-17,10501,10501,10501,10501,60
2022-10-18,10501,10501,10501,10501,40
2022-10-19,11288,11288,10000,10000,410
2022-10-26,10750,10750,10750,10750,20
2022-10-27,11555,11555,11550,11550,20
2022-11-02,11550,11550,11500,11500,40
2022-11-04,10640,10640,10640,10640,50
2022-11-07,9850,9850,9842,9842,330
2022-11-08,9105,9105,9105,9105,110
2022-11-09,8425,8425,8423,8423,590
2022-11-10,8423,8500,8423,8500,570
2022-11-11,8500,8600,8425,8600,200
2022-11-14,8422,8422,8000,8000,250
2022-11-16,8422,8423,8422,8423,30
2022-11-17,8423,8423,8422,8422,60
2022-11-21,9000,9000,9000,9000,50
2022-11-22,9000,9000,9000,9000,130
2022-11-23,9000,9000,9000,9000,10
2022-11-24,8800,9000,8800,8800,230
2022-11-25,8800,8800,8400,8400,410
2022-11-28,8800,8800,8800,8800,1020
2022-11-29,8800,8800,8800,8800,20
2022-11-30,8800,8800,8800,8800,40
2022-12-01,8500,8500,8500,8500,180
2022-12-02,8500,8500,8500,8500,60
2022-12-05,9000,9000,9000,9000,60
2022-12-07,8712,8900,8712,8900,3640
2022-12-09,8500,9000,8235,9000,440
2022-12-12,8400,8400,8400,8400,40
2022-12-19,8600,8600,8600,8600,40
2022-12-20,8600,8600,8600,8600,40
2022-12-21,9000,9000,9000,9000,10
2022-12-23,8400,8400,8325,8325,200
2022-12-30,8325,8325,8325,8325,200
2023-01-02,8325,8325,8325,8325,10
2023-01-04,8400,8400,8400,8400,90
2023-01-09,8450,8450,8400,8400,30
2023-01-10,8400,8400,8350,8350,210
2023-01-12,8350,8350,8350,8350,30
2023-01-13,8400,8400,8400,8400,10
2023-01-16,8400,8400,8400,8400,10
2023-01-17,8300,8300,8200,8200,50
2023-01-19,7585,7585,7585,7585,20
2023-01-20,7585,7585,7585,7585,70
2023-01-23,7585,7585,7585,7585,40
2023-01-25,7585,7585,7585,7585,2200
2023-01-27,7585,7585,7585,7585,10
2023-01-30,7587,7587,7587,7587,10
2023-02-07,8155,8155,8155,8155,10
2023-02-09,8500,8500,8500,8500,20
2023-02-10,8500,8500,8500,8500,20
2023-02-13,8500,8500,8500,8500,10
2023-02-14,7900,7900,7900,7900,20
2023-02-15,8000,8000,7900,7900,20
2023-02-17,7800,7800,7800,7800,50
2023-02-21,8000,8000,8000,8000,50
2023-02-23,8000,8000,8000,8000,180
2023-02-24,8000,8000,8000,8000,60
2023-02-27,8000,8000,8000,8000,980
2023-02-28,8000,8000,8000,8000,110
2023-03-02,8000,8000,8000,8000,110
2023-03-08,8000,8000,8000,8000,20
2023-03-09,8000,8000,8000,8000,20
2023-03-13,8001,8001,8000,8000,120
2023-03-14,8000,8000,8000,8000,10
2023-03-20,8000,8000,8000,8000,30
2023-03-21,8000,8000,8000,8000,40
2023-03-27,7800,8000,7800,8000,1690
2023-03-28,8000,8000,8000,8000,4350
2023-03-30,8000,8000,8000,8000,30
2023-03-31,8000,8000,8000,8000,10
2023-04-04,8000,8600,8000,8600,30
2023-04-05,8595,8600,8595,8600,60
2023-04-11,8600,8600,8600,8600,20
2023-04-12,8700,8700,8600,8600,100
2023-04-13,8600,8600,8600,8600,150
2023-04-14,8600,8600,8600,8600,2340
2023-04-20,8000,8000,8000,8000,10
2023-04-24,7590,7590,7590,7590,30
2023-04-25,7021,7021,7021,7021,400
2023-05-04,7500,7500,7500,7500,10
2023-05-05,7590,8063,7590,8063,20
2023-05-08,8600,8600,8600,8600,10
2023-05-09,8600,8600,8600,8600,80
2023-05-11,8600,8600,8600,8600,10
2023-05-22,8000,8000,7955,7955,40
2023-05-25,7950,7950,7500,7500,60
2023-05-26,7500,7500,7500,7500,50
2023-05-30,7500,7500,7500,7500,30
2023-05-31,7600,7900,7600,7900,120
2023-06-01,7308,7308,7308,7308,30
2023-06-02,7021,7021,6760,6760,230
2023-06-05,6253,6253,6253,6253,120
2023-06-06,5785,6253,5785,6253,310
2023-06-07,6253,6253,6253,6253,30
2023-06-08,6000,6253,6000,6253,260
2023-06-09,6254,6254,6254,6254,300
2023-06-13,5600,6400,5600,6400,40
2023-06-14,6200,6400,6200,6400,190
2023-06-15,6250,6400,6250,6400,130
2023-06-16,6880,6880,6880,6880,10
2023-06-19,7308,7308,7308,7308,30
2023-06-20,7308,7308,7308,7308,110
2023-06-21,7307,7307,7307,7307,50
2023-06-22,7307,7307,7307,7307,10
2023-06-26,7308,7308,7308,7308,50
2023-06-30,7308,7308,7308,7308,100
2023-07-04,6760,7308,6760,7308,20
2023-07-05,7000,7400,7000,7400,70
2023-07-06,6900,7400,6900,7400,60
2023-07-07,7400,7400,7400,7400,20
2023-07-10,7400,7400,7400,7400,10
2023-07-11,7400,7400,7400,7400,30
2023-07-18,7000,7400,7000,7400,80
2023-07-19,7400,7400,6845,6845,110
2023-07-20,6845,6845,6845,6845,10
2023-07-21,6845,6845,6845,6845,60
2023-07-24,7350,7350,7350,7350,110
2023-07-25,7350,7400,7350,7400,40
2023-07-27,7400,7400,7400,7400,30
2023-07-28,7400,7400,7400,7400,30
2023-07-31,7400,7400,7400,7400,50
2023-08-01,7400,7400,7400,7400,80
2023-08-02,7400,7400,7400,7400,10
2023-08-03,7300,7400,7300,7400,80
2023-08-04,7400,7846,7400,7400,5680
2023-08-08,7400,7400,7400,7400,10
2023-08-09,7846,7846,7846,7846,10
2023-08-10,7500,7846,7400,7846,430
2023-08-11,7846,7846,7846,7846,30
2023-08-16,7401,7846,7401,7846,110
2023-08-18,7846,7846,7846,7846,50
2023-08-22,8434,8434,7258,8433,120
2023-08-23,8400,8433,8400,8432,40
2023-08-24,8432,8432,7846,7846,30
2023-08-25,8433,8433,7850,7850,20
2023-08-29,8000,8000,8000,8000,10
2023-08-30,8400,8400,8400,8400,20
2023-08-31,8400,8600,8400,8600,70
2023-09-01,8600,8600,8600,8600,20
2023-09-04,8500,8500,8400,8400,90
2023-09-05,9030,9030,9030,9030,100
2023-09-08,9000,9000,9000,9000,10
2023-09-12,9000,9000,9000,9000,50
2023-09-13,9000,9030,9000,9030,50
2023-09-14,8500,8500,8500,8500,20
2023-09-15,9030,9030,9030,9030,10
2023-09-20,9030,9030,9030,9030,20
2023-09-22,9020,9020,9020,9020,20
2023-09-25,9015,9015,9015,9015,10
2023-09-26,8999,8999,8999,8999,20
2023-09-28,8500,8500,8500,8500,200
2023-09-29,9000,9000,9000,9000,10
2023-10-02,8999,8999,8999,8999,20
2023-10-03,9020,9020,8325,8325,50
2023-10-04,8500,8500,7850,7850,80
2023-10-05,7800,7800,7790,7790,50
2023-10-06,7790,8374,7790,8374,140
2023-10-09,8380,8380,8374,8374,100
2023-10-10,8374,8374,8374,8374,40
2023-10-11,8374,9000,8374,9000,20
2023-10-12,8990,8990,8990,8990,80
2023-10-13,8990,8990,8990,8990,10
2023-10-16,8990,8990,8990,8990,10
2023-10-17,8990,9000,8990,9000,1000
2023-10-19,8800,8800,8800,8800,20
2023-10-20,8330,8900,8330,8900,480
2023-10-23,8500,8500,8500,8500,30
2023-10-24,8900,8900,8900,8900,10
2023-10-25,9000,9000,9000,9000,1000
2023-10-26,8500,8500,8500,8500,10
2023-10-27,8500,8500,8500,8500,40
2023-10-30,8900,9000,8600,9000,1390
2023-10-31,9000,9000,9000,9000,100
2023-11-02,9000,9000,8980,8980,120
2023-11-06,8969,9000,8969,9000,600
2023-11-07,9000,9000,9000,9000,20
2023-11-08,9000,9000,9000,9000,10
2023-11-09,9000,9000,9000,9000,50
2023-11-10,9000,9000,8500,8500,7140
2023-11-16,8500,8950,8500,8950,60
2023-11-17,8950,8950,8950,8950,10
2023-11-20,8990,9000,8990,9000,100
2023-11-21,8950,9000,8950,9000,210
2023-11-22,8325,9000,8325,9000,900
2023-11-24,9000,9000,9000,9000,30
2023-12-01,8999,8999,8999,8999,20
2023-12-05,8995,8999,8995,8999,40
2023-12-06,9000,9000,9000,9000,250
2023-12-08,9000,9000,9000,9000,30
2023-12-14,8820,9000,8820,9000,40
2023-12-15,9000,9000,9000,9000,50
2023-12-18,8900,8900,8900,8900,10
2023-12-19,8900,8900,8500,8500,7160
2023-12-20,7900,9000,7900,8990,100
2023-12-22,9000,9000,9000,9000,10
2023-12-26,8330,8850,8330,8850,30
2023-12-27,8850,8850,8850,8850,10
2023-12-28,8330,8700,8330,8700,130
2024-01-02,8700,9000,8700,9000,20
2024-01-04,8950,8950,8950,8950,50
2024-01-11,8800,8800,8800,8800,1600
2024-01-12,8800,8950,8800,8950,110
2024-01-15,8950,8950,8800,8800,130
2024-01-16,8950,8950,8950,8950,40
2024-01-19,8950,8950,8805,8805,140
2024-01-23,8895,8895,8895,8895,50
2024-01-25,8894,8894,8894,8894,20
2024-02-09,8227,8850,8227,8850,290
2024-02-13,8850,8850,8850,8850,10
2024-02-14,8850,8850,8850,8850,70
2024-02-15,8200,8894,8200,8894,60
2024-02-16,8850,8850,8850,8850,10
2024-02-19,8850,8850,8850,8850,20
2024-02-26,8250,8700,8250,8700,120
2024-02-27,8700,8700,8100,8600,110
2024-02-28,8600,8700,8600,8700,120
2024-02-29,8700,8800,8700,8800,50
2024-03-01,8800,8800,8800,8800,20
2024-03-14,8700,8700,8700,8700,20
2024-03-15,8700,8700,8700,8700,200
2024-03-21,8300,8300,8300,8300,100
2024-03-22,8300,8300,8300,8300,370
2024-03-25,8320,8700,8320,8700,90
2024-03-26,8700,8700,8700,8700,10
2024-03-27,8700,8700,8325,8325,630
2024-03-28,8325,8325,8325,8325,20
2024-09-12,8510,8659,8510,8659,120
2024-09-13,9250,9308,8659,8659,430
2024-09-16,8659,8659,8650,8650,710
2024-09-17,8650,8659,8650,8659,200
2024-09-18,8659,8659,8650,8650,180
2024-09-19,8659,8659,8650,8659,460
2024-09-20,8659,9308,8659,9308,800
2024-09-23,9308,9308,9308,9308,770
2024-09-24,9500,9500,9500,9500,140
2024-09-25,9500,9500,9500,9500,170
2024-09-26,9500,9500,9500,9500,380
2024-09-27,9500,10213,9500,10213,80
2024-09-30,10975,10980,10975,10975,125
2024-10-01,11795,11795,11790,11795,3357
2024-10-02,12675,12675,12005,12005,5938
2024-10-03,12500,12905,12500,12905,4023
2024-10-04,13870,13870,13500,13505,2002
2024-10-07,14510,14515,14000,14495,1601
2024-10-08,15510,15580,14495,15505,525
2024-10-09,16665,16665,16600,16600,5455
2024-10-10,17805,17845,17000,17100,5659
2024-10-11,17845,18245,17650,18200,940
2024-10-14,18190,18200,17000,17000,1391
2024-10-15,16700,17000,15725,15725,951
2024-10-16,14550,15000,14550,14995,3096
2024-10-17,14995,14995,14550,14590,335
2024-10-18,14500,14590,14000,14000,950
2024-10-21,15000,15000,15000,15000,461
2024-10-22,15000,16125,15000,16125,187
2024-10-23,16125,16500,15995,16500,307
2024-10-24,16500,16500,16500,16500,993
2024-10-25,16500,16500,16350,16500,230
2024-10-28,16495,16500,16125,16500,413
2024-10-29,15500,16500,15500,15550,159
2024-10-30,15500,15500,15500,15500,207
2024-10-31,15500,15500,15500,15500,15
2024-11-04,15395,15395,15200,15395,155
2024-11-05,15395,15395,15050,15050,119
2024-11-06,15295,15295,15000,15000,216
2024-11-07,14995,15000,14005,14495,299
2024-11-08,14495,14495,14200,14200,71
2024-11-11,13995,14000,13200,13200,591
2024-11-12,13195,13195,12210,12210,410
2024-11-13,12000,12200,11795,12200,382
2024-11-14,12200,12200,11700,11700,404
2024-11-18,11700,12200,11700,11900,686
2024-11-19,11900,12790,11900,12580,238
2024-11-20,13520,13520,12950,12950,1082
2024-11-21,13920,13920,13920,13920,141
2024-11-22,14195,14960,13920,14960,273
2024-11-25,14990,14990,14000,14895,199
2024-11-26,14895,14900,14000,14895,92
2024-11-27,14895,14895,14000,14000,136
2024-11-28,14750,14990,12950,13205,267
2024-11-29,13205,13500,13205,13255,105
2024-12-02,14245,14245,13500,14000,79
2024-12-03,14245,14990,14245,14990,167
2024-12-04,14990,15050,14000,15050,176
2024-12-05,14990,14990,13950,13950,10
2024-12-06,14995,14995,14995,14995,31
2024-12-09,14995,15020,14970,14970,24
2024-12-10,14970,14970,14965,14970,77
2024-12-11,14965,14970,13850,14850,303
2024-12-12,13900,14500,13900,13900,87
2024-12-13,13905,13905,13000,13000,131
2024-12-16,13900,13900,13900,13900,10
2024-12-17,13900,13900,12860,13100,516
2024-12-18,13900,14000,13900,13900,133
2024-12-19,13150,14000,13150,14000,499
2024-12-20,14000,14000,13900,14000,4217
2024-12-23,14000,14000,14000,14000,22
2024-12-24,14000,14000,13000,14000,852
2024-12-26,13000,14000,13000,13900,130
2024-12-27,13900,13900,12860,12860,302
2024-12-30,12900,12900,12900,12900,39
2024-12-31,12955,12955,12950,12950,28
2025-01-02,13000,13920,13000,13920,12
2025-01-03,13920,13920,12950,12950,174
2025-01-06,13910,13910,13900,13900,18
2025-01-07,13900,13920,13700,13700,1122
2025-01-08,14000,14000,13990,13990,91
2025-01-09,13990,13990,13700,13990,72
2025-01-10,13950,13950,13950,13950,4
2025-01-13,13950,13950,13950,13950,87
2025-01-14,13950,13950,13900,13950,87
2025-01-15,13950,13950,13900,13900,58
2025-01-16,13950,13950,13700,13700,284
2025-01-17,13700,13700,13430,13430,113
2025-01-20,13900,13990,13900,13950,310
2025-01-21,13950,13950,13900,13900,21
2025-01-22,13900,13950,12865,12865,395
2025-01-23,12900,13500,12900,13500,60
2025-01-24,13950,13950,12900,12905,205
2025-01-27,13000,13000,13000,13000,90
2025-01-28,13000,13945,12900,13945,237
2025-01-29,13940,13940,13935,13935,46
2025-01-30,13000,13935,13000,13005,126
2025-01-31,13005,13500,13005,13500,43
2025-02-03,13005,13940,13005,13800,100
2025-02-04,13800,13900,13800,13900,152
2025-02-05,13900,13900,13000,13900,98
2025-02-06,13900,13900,13900,13900,93
2025-02-07,13950,14000,13900,13900,48
2025-02-10,13800,14000,13800,13900,111
2025-02-11,14000,14835,13100,13100,166
2025-02-12,14005,14005,14000,14005,124
2025-02-13,14005,14005,13105,14005,21
2025-02-14,14000,15000,14000,14000,24
2025-02-17,14945,14945,13900,14935,29
2025-02-18,14935,14950,14900,14900,129
2025-02-19,14800,15000,14800,15000,120
2025-02-20,14900,15000,14100,14100,51
2025-02-21,15000,15000,14100,14995,320
2025-02-24,15000,15000,14100,15000,102
2025-02-25,14900,15000,14100,15000,123
2025-02-26,14700,15000,14105,14105,33
2025-02-27,15000,15000,14200,14995,86
2025-02-28,14995,15000,14995,15000,154
2025-03-03,15000,15000,14995,14995,39
2025-03-04,15000,15000,14995,14995,37
2025-03-05,14800,14800,14800,14800,13
2025-03-06,14900,14995,14800,14800,19
2025-03-07,14850,14850,14100,14850,855
2025-03-10,14850,14850,14100,14800,74
2025-03-11,14850,14850,14000,14700,891
2025-03-12,14005,14700,14005,14700,16
2025-03-13,14010,14010,14010,14010,440
2025-03-14,14800,14800,14800,14800,19
2025-03-17,14800,14800,14800,14800,1
2025-03-18,14600,14600,14600,14600,61
2025-03-19,14010,14600,14010,14600,216
2025-03-20,14595,14595,14050,14500,109
2025-03-21,14100,14500,14100,14500,27
2025-03-24,14300,14500,14010,14500,60
2025-03-25,14500,14500,14500,14500,29
2025-03-26,14495,14495,14100,14495,72
2025-03-28,14495,14495,14400,14400,56
2025-04-01,14200,14500,14200,14500,914
2025-04-02,14500,14500,13950,13950,153
2025-04-03,14000,14495,14000,14495,62
2025-04-04,14495,14495,14400,14400,29
2025-04-07,14400,14400,14200,14200,27
2025-04-08,14400,14500,14200,14500,320
2025-04-09,14500,14500,14500,14500,12
2025-04-10,14500,14500,13900,14495,56
2025-04-11,14400,14400,14400,14400,15
2025-04-14,14400,14400,13995,13995,35
2025-04-15,14000,14245,13450,13500,53
2025-04-16,14200,14400,14200,14200,231
2025-04-17,14100,14200,14100,14195,161
2025-04-18,14195,14195,14195,14195,231
2025-04-22,14200,14200,14000,14000,145
2025-04-23,14000,14000,14000,14000,192
2025-04-24,12955,14000,12955,14000,185
2025-04-25,14000,14000,13505,14000,27
2025-04-28,14000,14000,13950,13950,32
2025-04-29,13945,13945,13800,13800,66
2025-04-30,13800,13800,13800,13800,1
2025-05-02,13850,13945,13800,13800,19
2025-05-05,13940,14000,13940,13945,168
2025-05-06,13945,14000,13945,14000,80
2025-05-07,13945,14500,13945,14500,1883
2025-05-08,14800,14800,14795,14800,54
2025-05-09,14800,15000,14800,14995,56
2025-05-12,14995,14995,14995,14995,9
2025-05-13,13875,14995,13875,14995,438
2025-05-14,13885,14900,13885,14900,172
2025-05-15,13885,14995,13885,14995,120
2025-05-16,15000,15000,15000,15000,141
2025-05-19,15000,15150,15000,15000,250
2025-05-20,16000,16125,16000,16000,210
2025-05-21,16005,17200,15680,17200,1791
2025-05-22,17200,17200,17195,17195,35
2025-05-23,17195,17195,17000,17000,489
2025-05-26,15750,15750,15725,15750,209
2025-05-27,15750,16900,15000,16900,85
2025-05-28,16850,17100,16850,16900,1956
2025-05-30,16900,16900,15750,16900,33
2025-06-02,16900,16900,16900,16900,52
2025-06-03,16795,16950,16795,16900,450
2025-06-04,16900,16900,16900,16900,35
2025-06-05,16900,17000,16205,16205,38
2025-06-10,15750,17000,15750,15765,122
2025-06-11,15765,15805,15765,15805,55
2025-06-12,15810,16980,15810,16975,49
2025-06-13,16975,16975,16300,16300,92
2025-06-16,16300,16975,16300,16975,56
2025-06-17,16975,17200,16970,17200,1605
2025-06-18,18490,18490,17000,18480,423
2025-06-19,18480,18480,17500,18400,1781
2025-06-20,18400,18400,18375,18375,22
2025-06-23,18375,18500,18040,18040,49
2025-06-24,18375,18375,18040,18040,8
2025-06-25,18400,18700,17500,18000,110
2025-06-26,19200,19295,16800,16800,8201
2025-06-27,18000,18000,16815,16815,34
2025-06-30,16815,16820,16815,16820,11
2025-07-01,16900,17290,16820,16820,144
2025-07-02,16820,17290,16800,17290,34
2025-07-03,17290,17975,17290,17975,183
2025-07-04,18000,19320,18000,19320,90
2025-07-07,19320,19320,19315,19315,27
2025-07-08,19310,19310,17870,17870,72
2025-07-09,17870,17870,17000,17000,75
2025-07-10,17870,17870,17000,17000,112
2025-07-11,17870,18275,17870,18275,82
2025-07-14,19195,19320,18200,19320,231
2025-07-15,19320,19320,18950,19000,1448
2025-07-16,19000,19000,18950,18950,260
2025-07-17,19000,19320,18300,18300,351
2025-07-18,18350,18400,18350,18400,40
2025-07-21,18400,18400,18300,18300,35279
2025-07-22,18300,18300,18000,18300,203
2025-07-23,18300,19000,18300,19000,96
2025-07-24,19000,19320,19000,19320,74
2025-07-25,19000,19000,18600,18600,33
2025-07-28,18600,18650,18500,18500,142
2025-07-29,19000,19000,19000,19000,25
2025-07-30,18950,19000,18950,19000,133
2025-07-31,18990,18990,17900,18600,152
2025-08-01,18005,18450,18000,18450,272
2025-08-04,17500,18500,17500,18500,303
2025-08-05,18000,18595,18000,18595,92
2025-08-06,18600,18600,18000,18600,94
2025-08-08,18600,18600,18595,18600,59
2025-08-11,18700,18700,18000,18000,1046
2025-08-12,18000,18700,17640,17645,165
2025-08-13,18000,18500,18000,18000,104
2025-08-14,17650,18595,17645,17645,90
2025-08-18,18595,18595,17660,17660,25
2025-08-19,18595,18600,17650,18595,177
2025-08-20,17650,18690,17650,17655,78
2025-08-21,18500,18500,18000,18000,9036
2025-08-22,18500,18690,18500,18690,118
2025-08-25,18685,18685,18000,18500,408
2025-08-26,18745,18750,18745,18745,55
2025-08-27,18745,18745,18745,18745,8
2025-08-28,18735,18735,18500,18730,48
2025-08-29,18745,18750,18730,18740,104
2025-09-01,18740,18740,18500,18700,8
2025-09-02,18700,18700,18700,18700,15
2025-09-03,18690,18690,18600,18680,260
2025-09-05,18680,18690,18680,18690,157
2025-09-08,18690,18690,18600,18600,25
2025-09-09,18600,18685,18600,18685,75
2025-09-10,18600,18685,18600,18600,83
2025-09-11,18600,18650,18600,18650,120
2025-09-12,18600,18650,18530,18530,70
2025-09-15,18670,18670,18670,18670,7
2025-09-16,18670,18670,18530,18665,61
2025-09-17,18665,18665,18665,18665,27
2025-09-18,18665,18665,18600,18665,209
2025-09-19,18665,18675,18665,18675,115
2025-09-22,18675,18745,17275,18675,569
2025-09-23,18675,18675,18570,18575,36
2025-09-24,18575,18575,18000,18000,102
2025-09-25,18000,18675,18000,18100,86
2025-09-26,18200,18450,18200,18450,133
2025-09-29,18100,18100,18100,18100,210
2025-09-30,18450,18450,17500,18000,417
2025-10-01,18000,18000,18000,18000,32
2025-10-02,18000,18000,17505,17505,47
2025-10-03,17800,17800,17600,17800,52
2025-10-06,17800,18500,17800,18500,298
2025-10-07,18500,18550,18500,18550,45
2025-10-08,18550,18550,18550,18550,35
2025-10-09,18550,19215,18550,19215,233
2025-10-10,19295,19295,18500,18500,64
2025-10-13,19300,19300,17800,17800,145
2025-10-14,17810,19130,17810,17850,41173
2025-10-15,19180,19185,17900,19185,265
2025-10-16,19355,19500,17820,19185,161
2025-10-17,17800,19500,17800,19500,917
2025-10-20,19500,19500,19185,19450,58
2025-10-21,19500,19500,18000,18000,213
2025-10-22,18000,19350,18000,18005,63
2025-10-23,19300,19300,18005,18005,102
2025-10-24,19000,19300,18010,18010,100
2025-10-27,17800,18500,17800,18500,409
2025-10-28,19000,19000,18500,18500,66
2025-10-29,19885,19885,19885,19885,79
2025-10-30,21375,21375,21375,21375,97
2025-10-31,22975,22975,22900,22975,20973
2025-11-03,24695,24695,24695,24695,352
2025-11-04,24675,25000,22975,25000,731
2025-11-05,25000,25000,24000,24995,123
2025-11-06,24990,24990,24000,24000,346
2025-11-07,24500,24500,24500,24500,256
2025-11-10,24500,25000,24500,25000,665
2025-11-11,25000,25000,24700,24700,444
2025-11-12,24700,24900,24550,24900,311
2025-11-13,24500,24995,24500,24995,255
2025-11-14,24900,24995,24900,24995,161
2025-11-17,24900,25005,24900,25005,340
2025-11-18,25245,26850,25235,26850,84
2025-11-19,28860,28860,27500,28860,939
2025-11-20,28500,28860,26850,28500,569
2025-11-21,28500,28500,27005,27005,229
2025-11-24,27005,28000,26950,28000,127
2025-11-25,28000,28000,27010,27010,398
2025-11-26,28000,28000,27505,28000,9813
2025-11-27,27995,27995,27440,27500,532
2025-11-28,27995,27995,27100,27100,146
2025-12-01,27500,28000,27500,28000,109
2025-12-02,28000,28000,27300,28000,678
2025-12-03,27995,28000,27515,28000,184
2025-12-04,28000,28000,28000,28000,894
2025-12-05,28500,28500,27600,28000,954
2025-12-08,28000,28860,27990,28100,400
2025-12-09,28100,28200,28000,28200,291
2025-12-10,28100,28860,28005,28005,808
2025-12-11,28200,28860,25905,26125,1109
2025-12-12,27900,28005,26700,26700,656
2025-12-15,28000,28700,28000,28700,218
2025-12-16,28150,28860,28150,28860,162
2025-12-17,28860,28860,28850,28850,298
2025-12-18,28900,28900,28200,28800,156
2025-12-19,28800,29500,28800,28800,148
2025-12-22,29990,29990,28800,28800,262
2025-12-23,29980,29980,28200,28800,219
2025-12-24,29980,29990,28010,28010,136
2025-12-26,29980,29980,28600,28975,40
2025-12-29,28975,28975,28595,28595,188
2025-12-30,28595,29990,28500,28500,212
2025-12-31,28900,28900,28900,28900,79
2026-01-02,28500,28500,28500,28500,157
2026-01-05,26800,28900,26800,28800,324
2026-01-06,28800,28800,27010,27505,99
2026-01-07,28780,28800,27500,27500,528
2026-01-08,27500,29560,27500,28850,437
2026-01-09,28860,28900,27515,27600,76
2026-01-12,28850,29670,28850,29450,39
2026-01-13,29400,29400,27510,28865,742
2026-01-14,29400,29400,29295,29295,210
2026-01-15,29000,29300,27620,27620,171
2026-01-16,29000,29300,28000,29300,103
2026-01-19,29295,29300,27565,29300,342
2026-01-20,29300,29300,27770,27770,83
2026-01-21,28990,28990,28300,28300,407
2026-01-22,28310,28310,28000,28300,543
2026-01-23,28500,28500,28295,28295,750
2026-01-26,28000,28295,28000,28295,342
2026-01-27,28295,28500,28000,28200,3923
2026-01-28,28500,28500,28000,28000,1000
2026-01-29,28500,28500,28000,28000,4309
2026-01-30,29000,29000,28000,28000,1866
2026-02-02,27855,28000,27855,28000,2385
2026-02-03,28000,28250,27760,27990,688
2026-02-04,28800,29300,27775,28000,279
2026-02-05,29000,29000,28000,28000,934
2026-02-06,28800,29290,28800,28855,312
2026-02-09,28865,29300,28855,28865,663
2026-02-10,28920,30145,28920,30100,324
2026-02-11,30000,30635,30000,30000,982
2026-02-12,30000,30650,29900,30650,245
2026-02-13,30650,31020,30100,31020,152
2026-02-16,31020,32000,31020,31030,237
2026-02-17,32495,32500,31030,32495,869
2026-02-18,32505,34000,32505,34000,209
2026-02-19,34000,35995,33000,33065,645
2026-02-20,35540,35540,35540,35540,217
2026-02-23,36000,36100,35540,35540,664
2026-02-24,36455,38000,35540,35540,206
2026-02-25,35600,38205,35540,38205,638
2026-02-26,39995,41070,39995,41000,1003
2026-02-27,44075,44075,44075,44075,279
2026-03-02,44075,47380,44075,44505,682
2026-03-03,44600,46830,42150,44150,1534
2026-03-04,44050,44050,40840,40840,1778
2026-03-05,40000,40000,38005,38500,814
2026-03-06,38200,39000,35615,35705,1078
2026-03-09,35750,38380,35750,38380,273
2026-03-10,39050,40750,39000,39015,572
2026-03-11,40700,40700,39030,39500,620
2026-03-12,38790,39750,38790,39500,216
2026-03-13,39500,39740,39500,39510,183
2026-03-17,39510,39730,39505,39505,366
2026-03-18,39505,39730,39000,39000,297
2026-03-19,39000,39800,39000,39200,185
2026-03-23,40000,40000,38900,38920,274
2026-03-24,39100,39200,38920,39000,218
2026-03-25,39000,39000,38950,38950,86
2026-03-26,38950,39000,38950,39000,52
2026-03-27,38900,39000,38800,38800,138
2026-03-30,38920,39000,38650,38700,977
2026-03-31,38700,39000,38450,39000,2047
2026-04-01,39100,39100,39000,39000,170
2026-04-02,39000,39000,38850,38850,62
2026-04-03,38900,38900,38850,38900,37
2026-04-07,38950,38950,38000,38000,488
2026-04-08,38500,38500,35810,37500,152
2026-04-09,37500,37505,37500,37500,218
2026-04-10,37200,37200,37200,37200,193
2026-04-13,38000,38500,37200,37200,398
2026-04-14,38500,38500,37000,38395,67
2026-04-15,38395,41000,37000,39000,563
2026-04-16,39985,39990,39900,39985,49
2026-04-17,39895,39900,39800,39800,73
2026-04-20,39700,39700,37005,39190,103
2026-04-21,39190,39190,38500,38500,44
2026-04-22,38500,38500,37500,38000,162
2026-04-23,38000,39455,37005,39455,461
2026-04-24,39000,39455,37500,37500,114
2026-04-27,38500,38500,36000,38000,83
2026-04-28,38000,38500,37000,37000,188
2026-04-29,37100,37400,37000,37000,166
2026-04-30,37000,37000,35540,35540,107
2026-05-04,36000,37400,36000,37400,146
2026-05-05,37000,37400,37000,37050,188
2026-05-06,37400,37500,37400,37500,72
2026-05-07,37500,37500,37500,37500,154
2026-05-08,37500,38000,37500,37500,118
2026-05-11,38000,38000,37600,37900,72
2026-05-12,37900,37900,37500,37500,453
2026-05-13,38000,38000,37900,37995,68
2026-05-15,38000,38000,37900,37900,148
2026-05-18,37900,37950,37900,37900,245
2026-05-19,37895,37900,37505,37505,121
2026-05-20,37800,38000,37010,37800,1771
2026-05-21,37945,37945,35000,37945,5027
2026-05-22,37945,37980,37945,37945,458
2026-05-26,37950,38505,37950,38010,251
2026-05-28,38900,38950,38000,38945,108
2026-05-29,39000,39000,38500,38500,473
2026-06-01,40295,40295,38000,38000,476
2026-06-02,38000,40000,37500,39300,967
2026-06-03,38005,39300,38005,39000,207
2026-06-04,39300,39300,38950,38980,209
2026-06-05,38900,38900,38100,38500,253
2026-06-08,38500,39500,38020,38020,244
2026-06-09,38015,38500,37000,37005,2379
2026-06-10,38020,39500,37005,38010,214
2026-06-11,39485,39485,38010,38500,779
2026-06-12,39490,39995,38500,39000,238
2026-06-15,38995,39000,38900,38900,224
2026-06-16,38900,39000,38500,39000,80
2026-06-17,39000,39300,38550,39000,1748
2026-06-18,39000,39000,38510,39000,380
2026-06-19,39000,39000,38800,38800,479
2026-06-22,39000,39000,38800,38900,7622
2026-06-23,38800,38800,38100,38100,458
2026-06-24,38100,38500,38100,38495,326
2026-06-25,38495,38795,38495,38500,274
2026-06-26,38600,38795,38350,38350,263
2026-06-29,38350,38795,38300,38795,367
2026-06-30,39000,39000,38795,38950,207
2026-07-01,38950,38950,38200,38900,951
2026-07-02,38800,41810,38800,39000,769
2026-07-03,39100,41790,39100,39200,88
2026-07-06,39200,41000,38505,39900,572
2026-07-07,39900,41500,38500,41500,539
2026-07-08,41000,41000,39900,39900,130
2026-07-09,41500,41500,39900,40100,21062
2026-07-10,40100,41500,39905,39910,89
2026-07-13,40000,41490,39100,39100,166
2026-07-14,41500,41500,39100,39105,153
2026-07-15,39105,39900,36200,39900,1268
2026-07-16,39900,41000,39105,39115,188
2026-07-17,40995,40995,39155,39155,148
2026-07-20,40900,40900,39000,39005,343
2026-07-21,39155,41485,38990,38995,1171
2026-07-22,39100,39100,37000,38995,8608
2026-07-23,38900,41095,37050,39995,751
2026-07-24,41000,41000,39000,39495,503
2026-07-27,39495,39700,39000,39500,2087
2026-07-28,40025,40025,39450,39500,13111
2026-07-29,38900,38900,37670,37700,1750
2026-07-30,37705,39700,37705,39690,171
2026-07-31,39000,39000,37675,37750,2246
2026-08-03,37760,38900,37690,37700,935
2026-08-04,37675,38890,37000,37670,2793
2026-08-05,37670,38990,36900,36900,221
2026-08-06,37000,37000,37000,37000,322
2026-08-10,37500,38900,36990,37005,2294
2026-08-11,37005,38600,36990,37400,2512
2026-08-12,38000,38200,37200,37200,2355
2026-08-13,37200,38000,37200,38000,322
2026-08-14,38000,38000,37250,37250,416
2026-08-17,38000,38000,37255,38000,662
2026-08-18,38000,38000,37500,37500,295
2026-08-19,37500,38000,37200,38000,4470
2026-08-20,38500,38500,37495,37700,1502
2026-08-21,37700,37700,37000,37005,1396
2026-08-24,37010,37700,37010,37550,194
2026-08-26,37550,37750,37550,37750,431
2026-08-27,37800,38000,37450,37500,5576
2026-08-28,37990,38000,37000,37000,3841
2026-08-31,38000,38000,37500,38000,73
2026-09-01,38000,38000,37500,38000,292
2026-09-02,37990,37990,37750,37990,2484
2026-09-03,38000,38500,37750,37990,481
2026-09-04,37990,37990,37250,37250,3751
2026-09-07,37250,37250,36800,37200,4017
2026-09-08,37400,37750,37400,37700,1217
2026-09-09,37990,38005,37700,38000,599
2026-09-10,38000,38000,37900,37900,388
2026-09-11,38490,38500,37900,37905,651
2026-09-14,38000,38000,37850,38000,1345
2026-09-15,38000,38500,38000,38000,408
2026-09-16,38000,38495,37400,38000,327
2026-09-17,38445,38445,38000,38000,191
2026-09-18,38000,38000,37750,38000,351
2026-09-21,38000,38200,38000,38000,796
2026-09-22,38000,38000,37500,38000,460
2026-09-23,37000,37885,37000,37885,314
2026-09-24,37880,38000,37020,37800,627
2026-09-25,38200,38200,37505,38000,1313
