Date,Open,High,Low,Close,Volume
2015-02-20,1290,1290,1290,1290,1530
2015-02-23,1387,1387,1387,1387,320
2015-02-24,1490,1490,1490,1490,1150
2015-02-25,1602,1602,1602,1602,400
2015-02-26,1722,1722,1722,1722,130
2015-02-27,1851,1851,1851,1851,500
2015-03-02,1989,1989,1989,1989,150
2015-03-03,2138,2138,2138,2138,600
2015-03-04,2298,2298,2298,2298,500
2015-03-05,2470,2470,2470,2470,200
2015-03-06,2655,2655,2655,2655,100
2015-03-09,2854,2854,2854,2854,112200
2015-03-10,3068,3068,3068,3068,124190
2015-03-11,3298,3298,3298,3298,139760
2015-03-12,3545,3545,3501,3545,39730
2015-03-13,3811,3811,3810,3811,155510
2015-03-16,4096,4096,3900,3900,197100
2015-03-17,3800,3810,3750,3810,20480
2015-03-18,3800,3800,3600,3600,4290
2015-03-19,3550,3550,3350,3350,12360
2015-03-20,3400,3400,3100,3349,5710
2015-03-23,3348,3348,3101,3101,12470
2015-03-24,3200,3200,3090,3090,11070
2015-03-25,3100,3100,3000,3090,3460
2015-03-26,3000,3070,3000,3070,9280
2015-03-27,3050,3090,3050,3070,4100
2015-03-30,3070,3075,3070,3070,13150
2015-03-31,3090,3090,2840,3090,7630
2015-04-01,3090,3090,3070,3090,6390
2015-04-02,3070,3090,3050,3050,3930
2015-04-03,3050,3050,3000,3000,1020
2015-04-07,3000,3045,2950,3000,7170
2015-04-08,3000,3050,3000,3000,66170
2015-04-09,3000,3000,3000,3000,1400
2015-04-10,2990,3000,2990,3000,3030
2015-04-13,3000,3000,3000,3000,9270
2015-04-14,3000,3000,3000,3000,225760
2015-04-15,3000,3000,3000,3000,950
2015-04-16,3001,3068,3000,3000,1750
2015-04-17,3000,3000,2900,2900,2230
2015-04-20,3000,3000,3000,3000,180
2015-04-21,3000,3000,2900,3000,3140
2015-04-22,2999,2999,2999,2999,610
2015-04-23,2990,2990,2990,2990,630
2015-04-24,2901,3000,2800,2990,7900
2015-04-27,3000,3000,2995,2995,710
2015-04-28,2897,3000,2850,2940,2740
2015-04-29,2940,2940,2800,2800,1910
2015-04-30,2856,2940,2820,2900,11950
2015-05-04,2900,2940,2900,2940,5860
2015-05-05,2930,3000,2800,2800,13370
2015-05-06,2930,2950,2900,2900,1330
2015-05-07,2900,2900,2800,2900,1670
2015-05-08,2850,2900,2850,2850,1380
2015-05-11,2801,2850,2800,2850,1370
2015-05-12,3000,3000,2800,2800,4790
2015-05-13,2800,2800,2800,2800,120
2015-05-15,2800,2800,2800,2800,1260
2015-05-18,2800,2801,2800,2800,1630
2015-05-19,2800,2800,2790,2800,2220
2015-05-20,2799,2800,2600,2790,1640
2015-05-21,2790,2790,2779,2779,800
2015-05-22,2789,2790,2700,2700,1920
2015-05-26,2700,2700,2700,2700,5170
2015-05-27,2710,2710,2700,2700,4220
2015-05-28,2700,2770,2700,2770,2250
2015-05-29,2701,2750,2701,2750,2830
2015-06-01,2730,2779,2710,2779,3680
2015-06-02,2750,2750,2700,2735,750
2015-06-03,2750,2750,2701,2701,1510
2015-06-04,2780,2780,2701,2701,1400
2015-06-05,2779,2790,2730,2790,410
2015-06-08,2720,2770,2720,2750,1460
2015-06-09,2750,2750,2702,2720,2220
2015-06-10,2720,2750,2701,2750,3360
2015-06-11,2755,2790,2750,2790,3310
2015-06-12,2800,2800,2790,2795,1790
2015-06-15,2800,2801,2750,2801,3080
2015-06-16,3000,3011,3000,3011,2130
2015-06-17,3100,3231,3100,3101,2960
2015-06-18,3000,3000,3000,3000,7820
2015-06-19,2800,2800,2775,2790,2640
2015-06-22,2770,2770,2710,2770,5960
2015-06-23,2770,2770,2705,2750,4120
2015-06-24,2701,2750,2701,2750,6510
2015-06-25,2740,2740,2730,2730,1860
2015-06-26,2710,2720,2700,2720,2290
2015-06-29,2720,2791,2701,2701,6160
2015-06-30,2702,2800,2702,2800,2910
2015-07-01,2850,2850,2790,2850,1870
2015-07-02,2801,2900,2801,2900,350
2015-07-03,2812,2900,2812,2900,3130
2015-07-06,2911,2951,2911,2951,1450
2015-07-07,2911,2941,2800,2900,2620
2015-07-08,2900,2900,2800,2800,2380
2015-07-09,2750,2780,2750,2780,1140
2015-07-10,2761,2761,2741,2741,2920
2015-07-13,2740,2760,2702,2760,4590
2015-07-15,2710,2750,2702,2702,5020
2015-07-16,2720,2750,2705,2750,5220
2015-07-20,2720,2750,2720,2720,3350
2015-07-21,2730,2750,2720,2750,3990
2015-07-22,2750,2800,2750,2800,3780
2015-07-23,2800,2900,2800,2900,4050
2015-07-24,2905,2950,2905,2950,620
2015-07-27,2850,2900,2800,2900,3030
2015-07-28,2850,2851,2850,2850,1980
2015-07-29,2760,2800,2750,2760,6070
2015-07-30,2800,2800,2760,2770,3490
2015-07-31,2750,2800,2750,2800,6400
2015-08-03,2730,2800,2730,2800,5900
2015-08-04,2760,2800,2760,2800,3220
2015-08-05,2800,2800,2770,2800,1030
2015-08-06,2780,2800,2780,2790,1170
2015-08-10,2781,2800,2650,2650,39170
2015-08-11,2650,2700,2650,2700,1110
2015-08-12,2700,2700,2650,2700,1700
2015-08-13,2650,2700,2650,2651,2710
2015-08-14,2700,2700,2650,2650,4830
2015-08-17,2651,2700,2650,2650,3170
2015-08-18,2650,2650,2650,2650,1010
2015-08-19,2651,2700,2651,2651,800
2015-08-20,2660,2660,2651,2660,1350
2015-08-21,2651,2659,2651,2659,730
2015-08-24,2650,2660,2650,2650,2820
2015-08-25,2650,2659,2650,2659,4790
2015-08-26,2650,2659,2650,2652,3150
2015-08-27,2630,2650,2600,2600,1580
2015-08-28,2580,2630,2580,2600,3620
2015-08-31,2600,2660,2600,2660,2860
2015-09-01,2620,2659,2600,2659,960
2015-09-02,2600,2660,2600,2600,4260
2015-09-03,2560,2600,2560,2600,1300
2015-09-04,2600,2650,2575,2650,2210
2015-09-07,2600,2611,2560,2560,1640
2015-09-08,2550,2600,2550,2600,4080
2015-09-09,2590,2600,2590,2600,11500
2015-09-10,2600,2600,2561,2600,1650
2015-09-11,2570,2600,2536,2550,3280
2015-09-14,2550,2550,2521,2550,3060
2015-09-15,2521,2550,2521,2550,2610
2015-09-16,2541,2550,2520,2550,4900
2015-09-17,2530,2550,2525,2525,1870
2015-09-18,2520,2550,2520,2550,2790
2015-09-21,2560,2600,2500,2590,1510
2015-09-22,2550,2550,2500,2550,850
2015-09-23,2550,2600,2550,2600,1590
2015-09-25,2560,2600,2560,2600,2170
2015-09-28,2576,2600,2550,2600,1670
2015-09-29,2600,2600,2580,2600,2270
2015-09-30,2600,2600,2560,2560,1060
2015-10-01,2600,2715,2580,2601,1680
2015-10-02,2600,2650,2600,2650,480
2015-10-05,2650,2700,2650,2700,520
2015-10-06,2700,2700,2690,2700,1130
2015-10-07,2700,2700,2650,2650,550
2015-10-08,2650,2660,2600,2660,260
2015-10-09,2661,2661,2650,2650,4140
2015-10-12,2610,2650,2600,2600,730
2015-10-13,2601,2620,2601,2620,2260
2015-10-14,2620,2621,2620,2621,1050
2015-10-15,2620,2621,2620,2620,830
2015-10-16,2620,2621,2620,2620,2580
2015-10-19,2620,2630,2620,2630,1560
2015-10-20,2630,2640,2630,2640,1980
2015-10-21,2640,2650,2640,2650,2130
2015-10-22,2650,2650,2631,2650,2080
2015-10-23,2650,2650,2650,2650,790
2015-10-26,2655,2660,2650,2650,1200
2015-10-27,2650,2670,2650,2670,3080
2015-10-28,2655,2700,2655,2700,2830
2015-10-29,2676,2700,2676,2700,2000
2015-10-30,2750,2750,2700,2700,2480
2015-11-02,2700,2750,2700,2750,2690
2015-11-03,2750,2750,2701,2750,2010
2015-11-04,2715,2760,2715,2760,330
2015-11-05,2760,2800,2750,2800,1760
2015-11-06,2800,2800,2710,2710,1540
2015-11-09,2701,2710,2701,2703,1740
2015-11-10,2702,2702,2694,2694,7130
2015-11-11,2700,2700,2600,2625,43880
2015-11-12,2630,2630,2601,2601,1230
2015-11-13,2600,2601,2600,2601,1650
2015-11-16,2630,2630,2600,2600,1200
2015-11-17,2601,2620,2601,2601,790
2015-11-18,2600,2601,2600,2601,2090
2015-11-19,2617,2617,2601,2601,1350
2015-11-20,2601,2602,2600,2600,1850
2015-11-23,2600,2620,2600,2600,2310
2015-11-24,2600,2601,2600,2600,1200
2015-11-25,2601,2601,2600,2600,740
2015-11-26,2600,2601,2600,2600,640
2015-11-27,2600,2720,2600,2720,8010
2015-11-30,2600,2600,2581,2600,940
2015-12-01,2600,2650,2600,2600,340
2015-12-02,2601,2700,2601,2700,1380
2015-12-03,2650,2700,2650,2700,190
2015-12-04,2602,2602,2602,2602,360
2015-12-07,2610,2610,2610,2610,900
2015-12-08,2610,2630,2601,2610,1030
2015-12-09,2610,2610,2600,2600,640
2015-12-10,2600,2600,2600,2600,1890
2015-12-11,2580,2590,2580,2590,500
2015-12-14,2590,2590,2501,2550,2780
2015-12-15,2501,2520,2500,2500,2830
2015-12-16,2500,2540,2500,2540,4630
2015-12-17,2500,2520,2500,2520,750
2015-12-18,2500,2520,2500,2500,2610
2015-12-21,2500,2520,2500,2500,1190
2015-12-22,2510,2510,2500,2510,1210
2015-12-23,2510,2510,2500,2500,870
2015-12-28,2510,2540,2500,2501,2620
2015-12-29,2540,2621,2500,2550,167210
2015-12-30,2501,2600,2500,2500,10240
2015-12-31,2600,2620,2600,2620,10650
2016-01-04,2500,2510,2500,2500,5330
2016-01-05,2500,2600,2500,2600,1440
2016-01-06,2600,2601,2600,2600,560
2016-01-07,2600,2600,2550,2600,620
2016-01-08,2590,2600,2590,2600,110
2016-01-11,2525,2525,2500,2500,1800
2016-01-12,2530,2550,2500,2550,1280
2016-01-13,2500,2500,2500,2500,3250
2016-01-14,2510,2600,2501,2600,1760
2016-01-15,2550,2550,2521,2521,350
2016-01-18,2521,2550,2521,2550,1220
2016-01-19,2550,2550,2550,2550,80
2016-01-20,2550,2550,2550,2550,780
2016-01-21,2540,2540,2540,2540,80
2016-01-22,2540,2540,2500,2500,4780
2016-01-25,2500,2520,2500,2500,3370
2016-01-26,2500,2500,2490,2500,1260
2016-01-27,2490,2520,2490,2495,15350
2016-01-28,2495,2501,2495,2500,260
2016-01-29,2495,2600,2495,2600,14920
2016-02-01,2501,2600,2501,2550,4610
2016-02-02,2550,2550,2550,2550,900
2016-02-03,2502,2550,2502,2540,1350
2016-02-04,2502,2540,2502,2540,2310
2016-02-05,2530,2590,2530,2580,1130
2016-02-08,2550,2580,2550,2570,1160
2016-02-09,2551,2600,2551,2571,1020
2016-02-10,2600,2600,2580,2581,700
2016-02-11,2600,2600,2581,2600,11560
2016-02-12,2600,2600,2600,2600,3860
2016-02-15,2600,2600,2600,2600,300
2016-02-16,2610,2621,2610,2621,760
2016-02-17,2620,2622,2620,2622,1800
2016-02-18,2700,2700,2700,2700,2320
2016-02-19,2700,2750,2700,2750,1730
2016-02-22,2750,2801,2700,2700,16800
2016-02-23,2800,2800,2700,2700,430
2016-02-24,2750,2750,2700,2750,2490
2016-02-25,2700,2750,2700,2745,3240
2016-02-26,2700,2750,2700,2730,280
2016-02-29,2725,2750,2710,2750,3680
2016-03-01,2705,2750,2700,2750,2470
2016-03-02,2740,2740,2740,2740,140
2016-03-03,2700,2749,2660,2701,4270
2016-03-04,2700,2740,2700,2740,2010
2016-03-07,2740,2740,2720,2740,50
2016-03-08,2740,2740,2720,2720,390
2016-03-09,2740,2740,2710,2730,5160
2016-03-10,2730,2740,2720,2740,1310
2016-03-11,2721,2721,2710,2720,2680
2016-03-14,2720,2730,2720,2720,270
2016-03-15,2720,2720,2710,2710,1160
2016-03-16,2725,2725,2700,2725,2580
2016-03-17,2700,2725,2700,2701,1470
2016-03-18,2701,2720,2701,2701,950
2016-03-21,2701,2720,2701,2720,770
2016-03-22,2720,2720,2715,2720,1640
2016-03-23,2720,2740,2720,2720,610
2016-03-24,2720,2725,2720,2721,300
2016-03-25,2750,2750,2721,2721,1420
2016-03-29,2721,2721,2721,2721,2250
2016-03-30,2750,2750,2721,2750,1200
2016-03-31,2800,2800,2800,2800,2650
2016-04-01,2801,3000,2801,3000,5780
2016-04-04,3000,3200,3000,3200,2460
2016-04-05,3150,3400,3150,3400,13950
2016-04-06,3395,3395,3225,3225,830
2016-04-07,3225,3290,3225,3225,5860
2016-04-08,3225,3250,3225,3250,3420
2016-04-11,3250,3300,3250,3300,4780
2016-04-12,3250,3250,3200,3200,690
2016-04-13,3000,3000,3000,3000,710
2016-04-14,2940,2940,2775,2900,1160
2016-04-15,2750,2900,2750,2900,2080
2016-04-18,2850,2850,2850,2850,600
2016-04-19,2850,2900,2849,2900,1980
2016-04-20,2900,2900,2850,2900,430
2016-04-21,2900,2900,2855,2900,1480
2016-04-22,2900,2900,2860,2860,650
2016-04-25,2900,2900,2850,2860,2310
2016-04-26,2900,2900,2850,2850,250
2016-04-27,2861,2900,2861,2870,520
2016-04-28,2861,2900,2850,2900,730
2016-04-29,2900,2900,2850,2850,750
2016-05-03,2900,2900,2850,2900,2220
2016-05-04,2865,2900,2865,2900,680
2016-05-06,2860,3000,2856,2863,1700
2016-05-09,2862,2900,2862,2900,1600
2016-05-10,2900,2900,2885,2885,690
2016-05-11,2899,2900,2899,2900,2240
2016-05-12,2900,2900,2880,2900,1080
2016-05-13,2901,2990,2900,2950,1660
2016-05-17,3000,3000,2900,2900,1950
2016-05-18,2890,2900,2890,2900,1380
2016-05-19,2870,2900,2862,2900,3300
2016-05-20,2935,2935,2875,2900,650
2016-05-23,2900,2900,2870,2900,2780
2016-05-24,2945,2945,2885,2945,2870
2016-05-25,2910,2910,2800,2800,29420
2016-05-26,2850,2850,2750,2800,4220
2016-05-27,2800,2800,2750,2750,210
2016-05-30,2800,2800,2800,2800,200
2016-05-31,2850,2850,2850,2850,150
2016-06-01,2800,2800,2750,2790,5990
2016-06-02,2750,2850,2750,2850,2740
2016-06-03,2850,2860,2800,2800,1290
2016-06-06,2850,2850,2750,2800,2070
2016-06-07,2850,2850,2800,2800,1580
2016-06-08,2890,2890,2849,2850,1030
2016-06-09,2800,3000,2800,3000,8460
2016-06-10,3000,3050,3000,3000,4410
2016-06-13,3010,3050,3000,3000,3030
2016-06-14,3000,3050,3000,3000,3360
2016-06-15,3000,3001,3000,3000,10310
2016-06-16,2990,3000,2802,3000,1000
2016-06-17,2800,2950,2800,2950,460
2016-06-20,2999,2999,2999,2999,20
2016-06-21,2990,2990,2940,2990,230
2016-06-22,2985,2985,2766,2950,1570
2016-06-23,2900,2900,2900,2900,900
2016-06-24,2751,2751,2750,2750,2310
2016-06-27,2795,2800,2760,2760,1340
2016-06-28,2755,2762,2755,2762,4020
2016-06-29,2780,2785,2770,2770,3000
2016-06-30,2770,2781,2770,2781,2300
2016-07-01,2800,2800,2771,2771,1100
2016-07-04,2800,2800,2770,2770,340
2016-07-05,2771,2771,2771,2771,20
2016-07-07,2770,2781,2762,2763,4610
2016-07-08,2762,2765,2762,2765,1450
2016-07-11,2762,2762,2762,2762,4500
2016-07-12,2762,2762,2755,2755,3860
2016-07-13,2700,2700,2635,2700,1890
2016-07-14,2635,2690,2635,2680,5160
2016-07-15,2635,2675,2635,2635,2670
2016-07-18,2680,2680,2635,2680,1940
2016-07-19,2550,2680,2550,2680,10130
2016-07-20,2650,2650,2645,2645,370
2016-07-21,2600,2640,2550,2600,2000
2016-07-22,2600,2640,2550,2550,3050
2016-07-25,2550,2600,2550,2550,1790
2016-07-26,2600,2600,2550,2599,280
2016-07-27,2550,2585,2550,2560,2370
2016-07-28,2550,2551,2490,2500,6890
2016-08-01,2430,2430,2430,2430,4530
2016-08-02,2430,2430,2430,2430,4280
2016-08-03,2445,2445,2430,2430,3380
2016-08-04,2430,2445,2430,2445,1270
2016-08-05,2430,2446,2430,2446,1860
2016-08-09,2446,2470,2446,2470,120
2016-08-10,2465,2465,2450,2450,4340
2016-08-11,2446,2446,2310,2446,1050
2016-08-12,2440,2450,2430,2450,3500
2016-08-16,2465,2465,2450,2460,150
2016-08-17,2450,2460,2450,2450,1300
2016-08-18,2450,2470,2450,2470,3690
2016-08-19,2460,2470,2440,2470,980
2016-08-22,2460,2460,2460,2460,430
2016-08-23,2440,2440,2440,2440,4750
2016-08-24,2435,2436,2430,2430,650
2016-08-25,2430,2430,2430,2430,120
2016-08-26,2400,2430,2400,2430,1060
2016-08-29,2400,2400,2400,2400,580
2016-08-30,2350,2350,2340,2340,3380
2016-08-31,2340,2350,2340,2350,930
2016-09-01,2350,2430,2350,2430,17500
2016-09-02,2450,2612,2376,2612,800
2016-09-05,2700,2808,2700,2808,1290
2016-09-06,2800,2850,2799,2799,13110
2016-09-07,2799,2799,2612,2612,10830
2016-09-08,2630,2630,2500,2570,2020
2016-09-09,2570,2570,2570,2570,610
2016-09-13,2600,2600,2600,2600,250
2016-09-14,2570,2570,2570,2570,620
2016-09-15,2565,2565,2565,2565,40
2016-09-16,2560,2560,2500,2500,130
2016-09-19,2565,2565,2500,2500,360
2016-09-20,2500,2500,2500,2500,190
2016-09-21,2500,2500,2499,2499,5380
2016-09-22,2480,2480,2400,2400,550
2016-09-23,2380,2499,2380,2380,2630
2016-09-26,2490,2490,2485,2485,300
2016-09-27,2486,2490,2485,2490,2760
2016-09-28,2490,2490,2490,2490,3500
2016-09-29,2490,2490,2400,2400,1000
2016-09-30,2410,2410,2335,2400,2540
2016-10-03,2560,2560,2560,2560,50
2016-10-04,2550,2550,2510,2510,90
2016-10-05,2500,2500,2335,2335,1340
2016-10-06,2300,2400,2289,2400,2370
2016-10-07,2400,2400,2350,2350,450
2016-10-10,2350,2351,2300,2300,900
2016-10-11,2300,2350,2300,2350,1000
2016-10-13,2300,2340,2300,2300,1030
2016-10-14,2300,2300,2298,2299,840
2016-10-17,2251,2251,2250,2250,1300
2016-10-18,2200,2250,2200,2250,1370
2016-10-19,2130,2130,2129,2129,440
2016-10-20,2130,2130,2130,2130,1100
2016-10-24,2120,2120,2120,2120,360
2016-10-25,2115,2115,2100,2100,710
2016-10-26,2100,2100,2000,2000,1100
2016-10-27,2110,2110,2070,2070,200
2016-10-28,2100,2120,2050,2100,1080
2016-10-31,2050,2100,2050,2051,1080
2016-11-02,2050,2050,2050,2050,2420
2016-11-03,2050,2050,2050,2050,800
2016-11-04,2050,2050,2000,2050,4010
2016-11-07,2000,2050,2000,2000,4170
2016-11-08,2000,2000,1900,1900,680
2016-11-09,2000,2000,2000,2000,70
2016-11-10,1985,1985,1971,1981,1250
2016-11-11,1981,2000,1950,2000,2600
2016-11-14,2000,2000,1981,1981,430
2016-11-16,2050,2050,1981,1981,2130
2016-11-17,1970,2000,1961,2000,450
2016-11-18,2000,2000,1961,2000,590
2016-11-21,2000,2000,1963,1980,370
2016-11-22,1985,2000,1985,2000,1450
2016-11-23,2000,2000,2000,2000,2650
2016-11-24,1963,2000,1963,2000,90
2016-11-25,2000,2000,2000,2000,1100
2016-11-28,1963,1963,1900,1900,190
2016-11-30,1920,1920,1900,1900,600
2016-12-01,1900,1970,1800,1970,2080
2016-12-02,1945,1945,1945,1945,50
2016-12-05,1910,1950,1910,1950,250
2016-12-06,1900,1900,1890,1890,280
2016-12-07,1890,1900,1850,1900,350
2016-12-08,1800,1850,1800,1850,6090
2016-12-09,1900,1900,1900,1900,100340
2016-12-13,1900,1900,1800,1801,330
2016-12-14,1890,1890,1800,1800,990
2016-12-15,1750,1750,1700,1700,1720
2016-12-16,1800,1800,1700,1800,1880
2016-12-19,1795,1800,1730,1730,450
2016-12-20,1800,1800,1800,1800,160
2016-12-21,1800,1900,1800,1900,1860
2016-12-22,2000,2000,2000,2000,3100
2016-12-23,2000,2000,2000,2000,1780
2016-12-27,1938,2000,1900,2000,820
2016-12-28,1980,1990,1950,1950,1710
2016-12-29,1950,1990,1945,1990,102610
2016-12-30,1950,2139,1900,2139,3270
2017-01-02,2139,2139,2000,2000,940
2017-01-05,1950,1950,1950,1950,110
2017-01-06,1950,1950,1920,1950,240
2017-01-09,1949,1949,1949,1949,640
2017-01-11,1901,1920,1900,1920,1630
2017-01-12,1910,1910,1900,1900,400
2017-01-13,1900,1900,1800,1800,3230
2017-01-16,1900,1900,1800,1800,1090
2017-01-17,1800,1800,1731,1731,1430
2017-01-18,1731,1790,1731,1790,410
2017-01-19,1781,1850,1781,1840,440
2017-01-20,1840,1840,1790,1820,1100
2017-01-23,1820,1820,1790,1795,1000
2017-01-24,1800,1800,1790,1800,1310
2017-01-25,1800,1801,1800,1800,2460
2017-01-26,1800,1800,1790,1790,960
2017-01-27,1800,1800,1751,1780,1410
2017-01-30,1780,1780,1751,1751,1410
2017-01-31,1753,1780,1753,1780,3070
2017-02-01,1800,1801,1790,1801,540
2017-02-02,1800,1800,1780,1780,280
2017-02-03,1780,1780,1754,1754,440
2017-02-06,1780,1780,1754,1780,470
2017-02-07,1754,1760,1753,1753,2280
2017-02-08,1780,1800,1780,1800,7170
2017-02-09,1770,1800,1770,1800,2000
2017-02-10,1800,1900,1800,1850,930
2017-02-13,1850,1850,1755,1755,2230
2017-02-14,1754,1800,1754,1760,780
2017-02-15,1800,1801,1760,1760,1410
2017-02-16,1801,1850,1800,1805,1230
2017-02-17,1850,1850,1800,1800,520
2017-02-20,1795,1795,1760,1761,850
2017-02-21,1760,1780,1760,1760,2660
2017-02-22,1760,1798,1760,1771,1080
2017-02-23,1771,1800,1771,1771,1190
2017-02-24,1772,1800,1770,1800,2520
2017-02-27,1800,1800,1771,1771,720
2017-02-28,1790,1790,1771,1780,3140
2017-03-01,1780,1799,1780,1799,950
2017-03-02,1780,1780,1770,1770,790
2017-03-03,1780,1780,1761,1769,850
2017-03-06,1799,1800,1769,1769,1940
2017-03-07,1800,1800,1761,1770,1590
2017-03-08,1750,1750,1735,1735,280
2017-03-09,1700,1735,1605,1735,1340
2017-03-10,1730,1730,1730,1730,190
2017-03-13,1730,1745,1730,1735,1760
2017-03-14,1735,1735,1730,1730,1820
2017-03-15,1730,1735,1730,1730,2950
2017-03-16,1735,1750,1730,1750,1680
2017-03-17,1750,1770,1730,1770,1270
2017-03-20,1770,1770,1701,1750,2060
2017-03-21,1770,1800,1770,1800,2440
2017-03-22,1800,1800,1800,1800,3740
2017-03-23,1800,1800,1800,1800,1280
2017-03-24,1800,1800,1800,1800,13540
2017-03-27,1800,1800,1800,1800,1620
2017-03-28,1800,1801,1800,1800,1450
2017-03-29,1800,1800,1800,1800,1660
2017-03-30,1800,1800,1800,1800,250
2017-03-31,1820,1820,1800,1800,2760
2017-04-03,1800,1800,1775,1775,620
2017-04-04,1800,1800,1800,1800,2450
2017-04-05,1801,1839,1800,1800,1250
2017-04-06,1840,1840,1840,1840,20
2017-04-07,1840,1850,1800,1810,640
2017-04-10,1811,1811,1810,1810,170
2017-04-11,1801,1810,1801,1810,180
2017-04-12,1810,1850,1800,1850,1670
2017-04-13,1800,1850,1800,1850,260
2017-04-14,1840,1840,1840,1840,510
2017-04-18,1751,1751,1751,1751,920
2017-04-19,1751,1751,1751,1751,1170
2017-04-20,1751,1751,1751,1751,1410
2017-04-21,1751,1751,1751,1751,3670
2017-04-25,1800,1800,1800,1800,30
2017-04-26,1750,1750,1727,1727,1280
2017-04-27,1720,1740,1700,1727,1300
2017-04-28,1700,1700,1675,1675,890
2017-05-03,1700,1750,1700,1750,1320
2017-05-04,1790,1850,1750,1850,840
2017-05-05,1850,1850,1840,1850,680
2017-05-08,1830,1830,1830,1830,1420
2017-05-09,1750,1755,1750,1755,240
2017-05-10,1750,1750,1700,1700,150
2017-05-11,1750,1750,1750,1750,680
2017-05-12,1750,1750,1750,1750,820
2017-05-15,1749,1749,1700,1700,1580
2017-05-16,1700,1700,1700,1700,1040
2017-05-17,1680,1680,1650,1680,2010
2017-05-18,1646,1646,1645,1645,820
2017-05-19,1590,1590,1590,1590,350
2017-05-22,1580,1580,1554,1569,410
2017-05-23,1554,1554,1500,1545,1250
2017-05-24,1545,1545,1545,1545,1660
2017-05-26,1545,1580,1545,1580,150
2017-05-29,1550,1550,1545,1545,420
2017-05-30,1545,1545,1500,1500,480
2017-05-31,1500,1500,1485,1485,230
2017-06-01,1500,1520,1485,1520,2880
2017-06-02,1500,1570,1500,1570,1060
2017-06-06,1500,1500,1500,1500,120
2017-06-07,1500,1500,1440,1500,4210
2017-06-08,1500,1530,1405,1530,3790
2017-06-09,1500,1590,1500,1530,2840
2017-06-12,1500,1530,1430,1430,1770
2017-06-13,1500,1520,1500,1520,3350
2017-06-14,1520,1520,1500,1500,2650
2017-06-15,1500,1510,1500,1510,430
2017-06-16,1510,1510,1500,1500,860
2017-06-19,1510,1520,1510,1510,2940
2017-06-20,1520,1520,1510,1520,470
2017-06-21,1520,1530,1520,1530,560
2017-06-23,1530,1540,1530,1540,1020
2017-06-27,1540,1550,1540,1550,1100
2017-06-28,1570,1570,1530,1550,16610
2017-06-29,1600,1600,1600,1600,19130
2017-06-30,1600,1600,1550,1600,18670
2017-07-03,1600,1680,1600,1600,3040
2017-07-04,1600,1600,1600,1600,750
2017-07-05,1601,1601,1600,1600,1250
2017-07-06,1720,1720,1600,1700,350
2017-07-07,1700,1720,1700,1700,1730
2017-07-10,1705,1720,1705,1720,920
2017-07-11,1705,1720,1705,1720,1310
2017-07-12,1720,1800,1710,1800,1720
2017-07-13,1770,1800,1730,1800,1300
2017-07-14,1711,1800,1711,1800,900
2017-07-17,1720,1720,1720,1720,20
2017-07-18,1750,1750,1740,1740,6000
2017-07-19,1740,1800,1730,1751,4610
2017-07-20,1750,1840,1750,1840,2910
2017-07-21,1800,1800,1800,1800,20
2017-07-24,1751,1752,1751,1752,1100
2017-07-25,1751,1752,1750,1750,6390
2017-07-26,1750,1750,1705,1705,360
2017-07-27,1706,1706,1700,1700,3000
2017-07-28,1700,1750,1700,1750,290
2017-07-31,1750,1750,1750,1750,2540
2017-08-01,1751,1751,1750,1750,1280
2017-08-02,1700,1700,1680,1680,1580
2017-08-03,1680,1680,1600,1680,180
2017-08-04,1680,1700,1600,1700,600
2017-08-08,1700,1700,1700,1700,100
2017-08-09,1700,1700,1669,1669,130
2017-08-11,1669,1669,1669,1669,270
2017-08-16,1650,1650,1650,1650,960
2017-08-17,1650,1650,1650,1650,1220
2017-08-18,1600,1600,1600,1600,320
2017-08-21,1500,1500,1500,1500,100
2017-08-22,1500,1500,1388,1388,3550
2017-08-23,1388,1400,1380,1380,2180
2017-08-24,1380,1388,1380,1380,240
2017-08-25,1380,1380,1350,1350,500
2017-08-28,1350,1350,1249,1249,3070
2017-08-29,1251,1326,1251,1301,810
2017-08-30,1301,1350,1301,1350,2600
2017-08-31,1451,1451,1451,1451,20
2017-09-04,1401,1401,1401,1401,690
2017-09-05,1500,1500,1411,1500,2380
2017-09-06,1600,1600,1500,1500,510
2017-09-07,1500,1500,1500,1500,1520
2017-09-08,1500,1500,1500,1500,840
2017-09-11,1500,1501,1500,1501,5800
2017-09-12,1501,1501,1500,1501,540
2017-09-13,1500,1501,1500,1501,1320
2017-09-14,1501,1600,1500,1600,1580
2017-09-15,1568,1600,1568,1600,900
2017-09-18,1500,1600,1500,1600,160
2017-09-19,1568,1568,1568,1568,60
2017-09-20,1568,1568,1568,1568,80
2017-09-21,1550,1550,1500,1550,3380
2017-09-22,1540,1540,1540,1540,50
2017-09-25,1550,1550,1550,1550,150
2017-09-26,1500,1560,1500,1560,1180
2017-09-27,1501,1501,1501,1501,620
2017-09-28,1501,1501,1500,1500,1100
2017-09-29,1500,1560,1500,1560,290
2017-10-02,1500,1560,1500,1560,1620
2017-10-03,1560,1600,1560,1600,2340
2017-10-04,1600,1600,1501,1600,3080
2017-10-05,1600,1600,1600,1600,4050
2017-10-06,1600,1650,1560,1650,3050
2017-10-09,1560,1650,1529,1650,11800
2017-10-10,1540,1670,1540,1670,2450
2017-10-11,1600,1640,1600,1600,1020
2017-10-13,1550,1600,1550,1570,1050
2017-10-16,1570,1600,1570,1600,1260
2017-10-17,1600,1600,1550,1550,910
2017-10-18,1550,1595,1550,1595,790
2017-10-19,1590,1640,1590,1640,1270
2017-10-20,1600,1600,1600,1600,890
2017-10-23,1600,1600,1600,1600,1600
2017-10-24,1599,1620,1599,1620,300
2017-10-25,1620,1620,1619,1619,730
2017-10-26,1610,1610,1610,1610,180
2017-10-27,1610,1610,1610,1610,750
2017-10-30,1610,1610,1600,1600,900
2017-10-31,1600,1600,1600,1600,480
2017-11-02,1720,1720,1700,1700,50
2017-11-03,1695,1700,1695,1700,1188
2017-11-06,1700,1700,1685,1685,393
2017-11-07,1650,1700,1650,1650,3073
2017-11-08,1700,1700,1600,1700,262
2017-11-09,1600,1700,1575,1700,125
2017-11-10,1700,1700,1670,1695,929
2017-11-13,1690,1695,1690,1695,1208
2017-11-14,1570,1700,1570,1700,2083
2017-11-16,1700,1700,1650,1650,1022
2017-11-17,1695,1695,1650,1695,5832
2017-11-20,1690,1700,1690,1700,1347
2017-11-21,1650,1700,1600,1700,8860
2017-11-22,1700,1700,1650,1650,2216
2017-11-23,1700,1700,1600,1600,1224
2017-11-24,1600,1600,1600,1600,594
2017-11-27,1600,1600,1500,1500,2004
2017-11-28,1600,1600,1495,1575,1326
2017-11-29,1575,1575,1500,1500,376
2017-11-30,1575,1575,1500,1500,1134
2017-12-04,1600,1600,1500,1600,774
2017-12-05,1600,1600,1480,1500,503
2017-12-06,1500,1600,1500,1500,2539
2017-12-07,1505,1590,1505,1505,721
2017-12-08,1580,1580,1550,1580,433
2017-12-11,1585,1590,1580,1580,1678
2017-12-12,1580,1600,1580,1600,1667
2017-12-13,1595,1600,1505,1600,505
2017-12-14,1600,1600,1580,1580,407
2017-12-15,1505,1580,1505,1580,660
2017-12-18,1580,1590,1580,1580,330
2017-12-19,1580,1580,1580,1580,1439
2017-12-20,1580,1580,1545,1580,204
2017-12-21,1500,1600,1500,1580,6158
2017-12-22,1580,1595,1580,1595,2671
2017-12-26,1595,1600,1580,1600,2029
2017-12-27,1600,1700,1580,1650,327200
2017-12-28,1580,1770,1580,1770,6828
2017-12-29,1700,1900,1700,1900,17945
2018-01-02,1900,1900,1760,1870,161
2018-01-03,1870,1900,1870,1900,398
2018-01-04,1870,1870,1860,1860,492
2018-01-05,1850,1850,1800,1800,511
2018-01-08,1760,1760,1700,1700,3422
2018-01-09,1700,1700,1650,1650,548
2018-01-10,1650,1650,1585,1585,2168
2018-01-11,1580,1605,1580,1580,2608
2018-01-12,1650,1650,1650,1650,15
2018-01-15,1700,1770,1605,1700,2650
2018-01-16,1700,1700,1700,1700,67
2018-01-17,1700,1700,1700,1700,777
2018-01-18,1650,1700,1650,1700,609
2018-01-19,1700,1700,1695,1700,1043
2018-01-22,1700,1700,1650,1700,1656
2018-01-23,1650,1700,1650,1700,649
2018-01-24,1700,1700,1695,1695,117
2018-01-25,1650,1695,1650,1650,2245
2018-01-26,1650,1695,1650,1695,770
2018-01-29,1695,1695,1690,1695,214
2018-01-30,1695,1695,1690,1695,1101
2018-01-31,1695,1695,1680,1680,1519
2018-02-01,1655,1680,1655,1655,1094
2018-02-02,1655,1660,1650,1650,1361
2018-02-05,1655,1655,1650,1650,300
2018-02-06,1650,1695,1650,1695,969
2018-02-07,1650,1655,1650,1655,2270
2018-02-08,1695,1695,1695,1695,820
2018-02-09,1695,1700,1655,1695,676
2018-02-12,1690,1695,1690,1695,398
2018-02-13,1695,1695,1695,1695,1715
2018-02-14,1695,1695,1655,1655,670
2018-02-15,1650,1670,1650,1670,1047
2018-02-16,1670,1670,1655,1670,2496
2018-02-19,1655,1695,1650,1695,1699
2018-02-20,1695,1695,1695,1695,299
2018-02-21,1695,1695,1680,1680,625
2018-02-22,1690,1690,1680,1680,1186
2018-02-23,1680,1685,1680,1685,716
2018-02-26,1685,1685,1680,1680,1407
2018-02-27,1685,1685,1680,1685,1674
2018-02-28,1690,1695,1690,1695,1163
2018-03-01,1690,1695,1690,1695,1414
2018-03-02,1700,1820,1700,1820,7167
2018-03-05,1850,1955,1850,1955,2818
2018-03-06,2000,2000,1990,1990,712
2018-03-07,1990,2000,1960,1960,1372
2018-03-08,1990,1995,1985,1990,2203
2018-03-09,1960,1960,1960,1960,793
2018-03-12,1990,1990,1920,1920,5189
2018-03-13,1900,1920,1815,1920,7406
2018-03-14,1900,1920,1900,1920,3781
2018-03-15,1900,1900,1800,1800,1499
2018-03-16,1800,1800,1680,1800,20611
2018-03-19,1800,1880,1800,1800,1467
2018-03-20,1800,1800,1750,1750,332
2018-03-21,1750,1750,1745,1750,1390
2018-03-22,1700,1750,1700,1750,1173
2018-03-23,1750,1750,1745,1750,1405
2018-03-26,1750,1755,1700,1750,2760
2018-03-27,1700,1755,1700,1750,685
2018-03-28,1750,1755,1750,1750,949
2018-03-29,1755,1780,1705,1705,3544
2018-03-30,1750,1750,1705,1705,1085
2018-04-03,1750,1795,1750,1795,1130
2018-04-04,1795,1795,1755,1755,758
2018-04-05,1755,1790,1750,1780,2510
2018-04-06,1780,1780,1755,1755,248
2018-04-09,1710,1780,1710,1780,2432
2018-04-10,1705,1780,1705,1710,4882
2018-04-11,1750,1750,1710,1710,1500
2018-04-12,1750,1750,1700,1730,4947
2018-04-13,1700,1730,1650,1650,2744
2018-04-16,1700,1700,1660,1700,317
2018-04-17,1700,1700,1660,1700,251
2018-04-18,1700,1750,1700,1700,10321
2018-04-19,1700,1750,1660,1660,893
2018-04-20,1660,1660,1660,1660,140
2018-04-23,1660,1700,1650,1700,1536
2018-04-24,1670,1750,1660,1750,504
2018-04-25,1750,1750,1750,1750,244
2018-04-26,1700,1715,1700,1715,2171
2018-04-27,1715,1745,1700,1700,1474
2018-04-30,1660,1660,1660,1660,300
2018-05-02,1665,1700,1650,1700,732
2018-05-03,1680,1680,1680,1680,285
2018-05-04,1680,1680,1650,1650,1258
2018-05-07,1640,1640,1530,1530,316
2018-05-08,1565,1630,1530,1630,1286
2018-05-09,1630,1630,1530,1530,5644
2018-05-11,1530,1550,1530,1530,1802
2018-05-14,1600,1600,1530,1530,1482
2018-05-15,1530,1600,1530,1530,2996
2018-05-16,1530,1530,1500,1500,2037
2018-05-17,1500,1530,1500,1530,1634
2018-05-18,1540,1550,1500,1530,2718
2018-05-22,1500,1530,1500,1530,1482
2018-05-23,1530,1530,1445,1500,1890
2018-05-24,1530,1530,1495,1495,486
2018-05-25,1500,1550,1500,1500,674
2018-05-28,1510,1600,1510,1590,349
2018-05-29,1600,1620,1590,1620,4161
2018-05-30,1680,1700,1680,1700,1927
2018-05-31,1680,1700,1680,1700,1894
2018-06-01,1685,1700,1685,1700,590
2018-06-04,1700,1700,1590,1590,1337
2018-06-05,1590,1670,1590,1590,1742
2018-06-06,1590,1670,1590,1670,1889
2018-06-07,1660,1690,1660,1690,1861
2018-06-08,1690,1700,1670,1690,343
2018-06-12,1670,1690,1650,1690,1502
2018-06-13,1595,1690,1595,1690,1431
2018-06-15,1690,1695,1690,1695,1294
2018-06-18,1685,1690,1590,1690,1467
2018-06-19,1690,1690,1595,1595,2988
2018-06-20,1600,1700,1600,1700,1331
2018-06-21,1690,1690,1600,1600,555
2018-06-22,1660,1680,1660,1680,1965
2018-06-25,1680,1690,1680,1680,739
2018-06-26,1690,1690,1690,1690,550
2018-06-27,1680,1690,1600,1685,2032
2018-06-28,1685,1685,1685,1685,125
2018-07-02,1680,1680,1650,1680,499
2018-07-03,1680,1680,1555,1560,1730
2018-07-04,1560,1650,1560,1600,627
2018-07-05,1560,1565,1555,1555,602
2018-07-06,1600,1640,1500,1500,2295
2018-07-09,1560,1610,1560,1610,330
2018-07-10,1610,1680,1600,1600,660
2018-07-11,1680,1680,1600,1600,1939
2018-07-12,1600,1680,1600,1600,546
2018-07-13,1610,1680,1610,1610,136
2018-07-16,1600,1600,1600,1600,9456
2018-07-17,1630,1630,1600,1630,195
2018-07-18,1600,1600,1600,1600,185
2018-07-19,1500,1600,1500,1600,5291
2018-07-20,1600,1600,1500,1500,1575
2018-07-23,1500,1600,1500,1580,124
2018-07-24,1530,1530,1530,1530,180
2018-07-25,1550,1550,1550,1550,552
2018-07-26,1500,1545,1500,1545,1065
2018-07-27,1545,1550,1545,1550,112
2018-07-30,1550,1550,1500,1530,643
2018-07-31,1530,1530,1495,1495,663
2018-08-01,1495,1495,1490,1490,317
2018-08-02,1490,1490,1450,1450,1157
2018-08-03,1450,1450,1450,1450,1660
2018-08-08,1450,1495,1450,1495,4394
2018-08-09,1495,1495,1430,1450,1076
2018-08-10,1450,1450,1415,1440,605
2018-08-13,1440,1440,1415,1440,589
2018-08-14,1440,1440,1440,1440,89
2018-08-16,1440,1440,1400,1440,3384
2018-08-17,1440,1450,1435,1450,4763
2018-08-20,1440,1440,1420,1420,826
2018-08-22,1420,1420,1420,1420,1523
2018-08-23,1420,1420,1415,1415,355
2018-08-24,1415,1415,1415,1415,217
2018-08-27,1415,1440,1415,1440,434
2018-08-28,1440,1440,1440,1440,10
2018-08-29,1445,1450,1415,1415,2153
2018-08-30,1415,1450,1415,1450,1040
2018-08-31,1500,1500,1500,1500,645
2018-09-03,1500,1500,1430,1500,815
2018-09-04,1490,1495,1450,1450,545
2018-09-05,1445,1450,1430,1450,708
2018-09-06,1450,1450,1425,1425,626
2018-09-07,1425,1425,1390,1415,2197
2018-09-10,1415,1490,1415,1490,405
2018-09-11,1480,1490,1480,1480,120
2018-09-12,1480,1480,1370,1480,1615
2018-09-13,1465,1480,1465,1465,1727
2018-09-14,1465,1465,1465,1465,349
2018-09-17,1465,1465,1450,1450,511
2018-09-18,1450,1450,1450,1450,80
2018-09-19,1445,1445,1440,1440,180
2018-09-20,1420,1420,1420,1420,103
2018-09-21,1415,1420,1315,1420,380
2018-09-24,1410,1420,1410,1420,468
2018-09-25,1380,1380,1325,1325,94
2018-09-26,1320,1325,1300,1300,2582
2018-09-27,1300,1300,1205,1300,628
2018-09-28,1300,1300,1300,1300,1304
2018-10-01,1300,1300,1285,1285,922
2018-10-02,1285,1285,1260,1270,379
2018-10-03,1250,1295,1250,1295,678
2018-10-04,1270,1300,1245,1300,1085
2018-10-05,1285,1300,1250,1300,2186
2018-10-08,1325,1325,1305,1325,411
2018-10-09,1305,1395,1305,1395,1952
2018-10-10,1390,1390,1325,1390,162
2018-10-11,1325,1390,1325,1390,546
2018-10-12,1390,1390,1390,1390,35
2018-10-15,1395,1395,1390,1395,364
2018-10-16,1395,1395,1325,1325,2067
2018-10-17,1315,1395,1300,1395,859
2018-10-18,1395,1395,1305,1305,667
2018-10-19,1385,1385,1305,1305,70
2018-10-22,1390,1390,1300,1300,1036
2018-10-23,1300,1305,1290,1305,203
2018-10-24,1270,1270,1225,1225,127
2018-10-25,1225,1225,1220,1220,1555
2018-10-26,1220,1220,1175,1175,171
2018-10-30,1220,1220,1200,1200,154
2018-10-31,1130,1290,1130,1290,2099
2018-11-02,1250,1300,1250,1300,634
2018-11-05,1290,1300,1290,1300,653
2018-11-06,1290,1300,1250,1300,1635
2018-11-07,1290,1300,1290,1300,1341
2018-11-08,1300,1300,1250,1300,2048
2018-11-09,1290,1300,1290,1300,1063
2018-11-12,1290,1300,1290,1290,1598
2018-11-13,1300,1300,1290,1290,534
2018-11-14,1300,1300,1300,1300,50
2018-11-16,1300,1300,1290,1290,3898
2018-11-19,1260,1300,1250,1300,1077
2018-11-21,1300,1300,1290,1300,769
2018-11-22,1280,1280,1280,1280,577
2018-11-23,1280,1280,1280,1280,20
2018-11-26,1300,1300,1300,1300,247
2018-11-27,1280,1300,1275,1300,1846
2018-11-28,1280,1290,1280,1280,359
2018-11-29,1280,1300,1250,1300,2898
2018-11-30,1285,1300,1285,1300,345
2018-12-03,1290,1300,1290,1300,99
2018-12-04,1295,1300,1285,1300,456
2018-12-05,1295,1300,1280,1300,229
2018-12-06,1295,1300,1295,1300,70
2018-12-07,1290,1305,1280,1280,2287
2018-12-10,1250,1350,1250,1300,1344
2018-12-11,1300,1395,1300,1300,628
2018-12-12,1300,1395,1300,1300,878
2018-12-13,1325,1325,1300,1300,1315
2018-12-14,1300,1300,1300,1300,2100
2018-12-17,1305,1395,1300,1305,2086
2018-12-18,1310,1400,1310,1400,591
2018-12-19,1505,1505,1400,1400,387
2018-12-20,1400,1400,1305,1310,1650
2018-12-21,1310,1405,1305,1405,1252
2018-12-24,1305,1405,1305,1405,330
2018-12-26,1405,1405,1310,1405,1350
2018-12-27,1400,1510,1400,1505,161
2018-12-28,1405,1505,1405,1505,1371
2018-12-31,1490,1490,1450,1450,321
2019-01-02,1405,1405,1400,1400,529
2019-01-03,1400,1450,1400,1450,514
2019-01-04,1450,1450,1410,1410,2410
2019-01-07,1410,1450,1405,1450,1017
2019-01-08,1410,1450,1410,1450,1189
2019-01-09,1415,1450,1415,1450,1579
2019-01-10,1450,1450,1445,1450,1025
2019-01-11,1450,1495,1450,1495,116
2019-01-14,1495,1495,1495,1495,7
2019-01-15,1450,1450,1405,1405,1460
2019-01-16,1405,1440,1400,1405,701
2019-01-17,1400,1440,1400,1440,204
2019-01-18,1440,1440,1440,1440,74
2019-01-21,1395,1410,1395,1410,1460
2019-01-22,1405,1440,1405,1440,1346
2019-01-23,1350,1350,1340,1350,128
2019-01-24,1445,1450,1445,1450,172
2019-01-25,1450,1490,1450,1450,2102
2019-01-28,1450,1450,1350,1450,188
2019-01-29,1450,1450,1445,1445,343
2019-01-30,1445,1445,1400,1400,376
2019-01-31,1445,1445,1400,1400,292
2019-02-01,1300,1400,1295,1400,1023
2019-02-04,1300,1300,1300,1300,1300
2019-02-05,1310,1395,1300,1395,1539
2019-02-06,1370,1395,1370,1395,125
2019-02-07,1395,1400,1395,1395,535
2019-02-08,1395,1445,1390,1445,7168
2019-02-11,1360,1445,1340,1440,1058
2019-02-12,1350,1430,1350,1430,2472
2019-02-13,1425,1425,1420,1420,557
2019-02-14,1415,1415,1400,1400,55
2019-02-15,1295,1400,1295,1400,4609
2019-02-18,1400,1400,1360,1360,1463
2019-02-19,1395,1395,1315,1395,271
2019-02-20,1395,1395,1395,1395,209
2019-02-21,1395,1395,1300,1390,1398
2019-02-22,1365,1365,1290,1290,1237
2019-02-25,1300,1300,1290,1290,205
2019-02-26,1295,1300,1295,1300,566
2019-02-27,1395,1395,1300,1300,4705
2019-02-28,1395,1395,1395,1395,349
2019-03-01,1400,1400,1395,1400,635
2019-03-04,1390,1390,1300,1310,896
2019-03-05,1305,1400,1300,1300,3119
2019-03-06,1300,1300,1300,1300,50
2019-03-07,1395,1395,1300,1395,1298
2019-03-08,1395,1395,1395,1395,448
2019-03-11,1390,1390,1300,1300,2285
2019-03-12,1300,1300,1300,1300,425
2019-03-13,1290,1300,1290,1295,506
2019-03-14,1300,1300,1300,1300,504
2019-03-15,1300,1300,1300,1300,225
2019-03-18,1305,1305,1305,1305,48
2019-03-19,1305,1305,1305,1305,47
2019-03-20,1305,1375,1305,1375,48
2019-03-21,1350,1350,1350,1350,1351
2019-03-22,1300,1350,1300,1350,1996
2019-03-25,1350,1350,1350,1350,1154
2019-03-27,1345,1345,1300,1345,582
2019-03-28,1310,1350,1300,1350,2768
2019-03-29,1350,1350,1345,1345,463
2019-04-01,1345,1350,1300,1350,1877
2019-04-02,1350,1375,1350,1350,413
2019-04-03,1350,1375,1350,1350,403
2019-04-04,1345,1345,1345,1345,231
2019-04-05,1350,1350,1345,1345,199
2019-04-08,1390,1390,1345,1345,1050
2019-04-09,1350,1350,1350,1350,338
2019-04-10,1360,1400,1350,1400,1156
2019-04-11,1400,1400,1345,1350,1478
2019-04-12,1395,1395,1300,1395,1225
2019-04-15,1395,1395,1395,1395,163
2019-04-16,1300,1300,1300,1300,530
2019-04-17,1395,1395,1395,1395,45
2019-04-18,1315,1395,1315,1395,685
2019-04-19,1390,1390,1390,1390,40
2019-04-23,1390,1390,1380,1380,53
2019-04-24,1380,1420,1380,1420,6196
2019-04-25,1405,1405,1405,1405,863
2019-04-26,1400,1405,1400,1405,1569
2019-04-29,1405,1450,1405,1415,867
2019-04-30,1420,1450,1420,1450,791
2019-05-02,1450,1500,1450,1500,2354
2019-05-03,1500,1600,1495,1600,3089
2019-05-06,1595,1600,1505,1600,586
2019-05-07,1595,1595,1505,1515,1259
2019-05-08,1575,1575,1515,1515,834
2019-05-09,1515,1515,1450,1500,3230
2019-05-10,1500,1500,1500,1500,2872
2019-05-13,1500,1500,1495,1495,503
2019-05-14,1490,1490,1490,1490,369
2019-05-15,1490,1490,1490,1490,300
2019-05-16,1480,1480,1480,1480,532
2019-05-17,1450,1480,1450,1480,694
2019-05-20,1450,1480,1450,1480,2329
2019-05-21,1450,1480,1450,1450,1774
2019-05-22,1450,1450,1450,1450,2695
2019-05-23,1450,1500,1450,1450,211
2019-05-24,1450,1450,1450,1450,132
2019-05-27,1450,1450,1450,1450,811
2019-05-28,1450,1450,1450,1450,636
2019-05-29,1450,1450,1445,1445,36
2019-05-31,1445,1445,1445,1445,1
2019-06-03,1400,1400,1400,1400,366
2019-06-05,1400,1400,1400,1400,202
2019-06-06,1400,1400,1350,1400,4547
2019-06-07,1400,1440,1400,1400,230
2019-06-11,1400,1400,1400,1400,671
2019-06-12,1400,1400,1400,1400,239
2019-06-13,1400,1400,1400,1400,100
2019-06-14,1400,1400,1400,1400,323
2019-06-17,1395,1395,1390,1395,1827
2019-06-18,1390,1390,1390,1390,62
2019-06-19,1390,1390,1390,1390,29
2019-06-20,1390,1390,1390,1390,100
2019-06-21,1340,1350,1340,1350,266
2019-06-24,1350,1350,1350,1350,721
2019-06-25,1350,1350,1340,1340,574
2019-06-26,1300,1350,1300,1350,3182
2019-06-27,1340,1340,1340,1340,363
2019-06-28,1340,1340,1335,1335,264
2019-07-01,1335,1340,1330,1340,1019
2019-07-02,1335,1350,1335,1350,1092
2019-07-03,1340,1340,1300,1300,1640
2019-07-04,1300,1340,1300,1340,490
2019-07-05,1340,1340,1340,1340,561
2019-07-08,1340,1350,1300,1340,1150
2019-07-09,1340,1340,1250,1250,3641
2019-07-10,1340,1340,1340,1340,799
2019-07-11,1350,1350,1345,1350,492
2019-07-12,1355,1355,1350,1350,481
2019-07-15,1350,1390,1350,1390,1502
2019-07-16,1395,1395,1395,1395,98
2019-07-17,1395,1400,1395,1400,2079
2019-07-18,1400,1440,1400,1440,1098
2019-07-19,1400,1450,1400,1450,1405
2019-07-22,1450,1500,1450,1500,4836
2019-07-23,1500,1590,1500,1500,1733
2019-07-24,1580,1580,1580,1580,19
2019-07-25,1500,1500,1495,1495,474
2019-07-26,1500,1500,1495,1495,299
2019-07-29,1490,1490,1480,1480,484
2019-07-30,1480,1480,1450,1450,774
2019-07-31,1425,1450,1400,1400,1074
2019-08-01,1400,1420,1400,1420,1094
2019-08-02,1400,1420,1400,1400,941
2019-08-05,1400,1420,1400,1420,3596
2019-08-06,1420,1420,1400,1400,1307
2019-08-08,1400,1415,1400,1415,2374
2019-08-09,1400,1415,1400,1410,2035
2019-08-13,1400,1410,1400,1410,3068
2019-08-14,1410,1410,1410,1410,462
2019-08-16,1410,1415,1410,1415,1127
2019-08-19,1415,1415,1400,1400,1778
2019-08-20,1415,1415,1410,1410,208
2019-08-21,1410,1425,1410,1425,1072
2019-08-22,1425,1450,1425,1450,366
2019-08-23,1425,1450,1425,1425,517
2019-08-26,1425,1435,1425,1425,1432
2019-08-27,1430,1430,1415,1425,681
2019-08-28,1425,1425,1425,1425,120
2019-08-29,1425,1425,1420,1425,108
2019-08-30,1420,1420,1420,1420,637
2019-09-02,1420,1420,1420,1420,1
2019-09-03,1415,1425,1415,1420,3781
2019-09-04,1425,1470,1420,1420,9888
2019-09-05,1420,1450,1415,1450,6673
2019-09-06,1450,1450,1450,1450,2494
2019-09-09,1400,1440,1400,1440,227
2019-09-10,1400,1400,1400,1400,30
2019-09-11,1420,1420,1400,1400,152
2019-09-12,1400,1400,1395,1395,135
2019-09-13,1395,1395,1385,1385,122
2019-09-16,1380,1380,1355,1380,114
2019-09-17,1375,1375,1375,1375,219
2019-09-18,1375,1375,1360,1365,60
2019-09-19,1350,1365,1350,1365,1547
2019-09-20,1365,1365,1365,1365,978
2019-09-23,1340,1340,1340,1340,25
2019-09-24,1330,1330,1325,1325,126
2019-09-25,1300,1300,1250,1295,1831
2019-09-26,1290,1295,1290,1295,75
2019-09-27,1295,1295,1295,1295,511
2019-09-30,1295,1295,1280,1280,1496
2019-10-01,1270,1270,1260,1270,391
2019-10-02,1250,1270,1225,1270,1450
2019-10-04,1265,1265,1260,1260,125
2019-10-07,1250,1250,1205,1205,266
2019-10-08,1200,1200,1185,1185,643
2019-10-09,1185,1205,1175,1200,5506
2019-10-10,1200,1200,1190,1200,466
2019-10-11,1195,1200,1195,1200,1130
2019-10-14,1200,1200,1200,1200,848
2019-10-15,1200,1200,1190,1200,323
2019-10-16,1195,1200,1190,1200,5797
2019-10-17,1200,1200,1200,1200,243
2019-10-18,1200,1200,1200,1200,2296
2019-10-21,1205,1210,1205,1205,1781
2019-10-22,1205,1205,1205,1205,1806
2019-10-23,1205,1275,1205,1275,1469
2019-10-24,1205,1205,1205,1205,600
2019-10-25,1280,1280,1250,1280,253
2019-10-28,1250,1375,1250,1375,1980
2019-10-29,1340,1340,1315,1315,589
2019-10-30,1300,1300,1250,1250,1254
2019-10-31,1250,1300,1250,1250,1139
2019-11-04,1250,1300,1250,1300,1360
2019-11-05,1340,1340,1340,1340,5
2019-11-06,1300,1300,1260,1300,1044
2019-11-07,1295,1295,1250,1295,2149
2019-11-08,1200,1300,1200,1300,4050
2019-11-11,1300,1350,1300,1350,187
2019-11-12,1345,1345,1340,1345,630
2019-11-13,1350,1350,1335,1335,736
2019-11-14,1300,1345,1300,1340,700
2019-11-18,1250,1250,1250,1250,3000
2019-11-19,1250,1250,1200,1210,40155
2019-11-20,1300,1300,1300,1300,1278
2019-11-21,1310,1310,1300,1300,300
2019-11-22,1300,1300,1300,1300,310
2019-11-25,1300,1305,1300,1300,1430
2019-11-26,1325,1325,1305,1305,90
2019-11-27,1305,1330,1300,1305,1664
2019-11-28,1305,1400,1305,1400,3529
2019-11-29,1335,1335,1310,1335,4869
2019-12-02,1340,1340,1330,1330,322
2019-12-03,1335,1335,1300,1300,3892
2019-12-05,1300,1300,1300,1300,250
2019-12-06,1300,1300,1300,1300,716
2019-12-09,1300,1300,1300,1300,964
2019-12-10,1300,1335,1300,1335,29322
2019-12-11,1335,1335,1310,1325,1239
2019-12-12,1310,1335,1300,1335,16976
2019-12-13,1335,1335,1335,1335,1250
2019-12-16,1335,1400,1335,1400,37955
2019-12-17,1390,1500,1390,1500,3425
2019-12-19,1480,1500,1480,1500,510
2019-12-20,1480,1500,1480,1500,1598
2019-12-23,1500,1600,1495,1600,5101
2019-12-24,1500,1700,1490,1700,6647
2019-12-26,1690,1700,1650,1700,2418
2019-12-27,1695,1700,1695,1700,5220
2019-12-30,1700,1750,1690,1750,5249
2019-12-31,1690,1730,1680,1700,1938137
2020-01-02,1700,1700,1700,1700,141
2020-01-06,1690,1690,1690,1690,50
2020-01-07,1565,1565,1565,1565,100
2020-01-08,1500,1500,1450,1500,1022
2020-01-09,1500,1500,1500,1500,478
2020-01-10,1500,1500,1400,1400,334
2020-01-13,1300,1305,1300,1305,3150
2020-01-14,1305,1305,1300,1300,1390
2020-01-15,1300,1305,1300,1300,986
2020-01-16,1300,1300,1300,1300,589
2020-01-17,1300,1300,1300,1300,1398
2020-01-20,1300,1300,1300,1300,679
2020-01-21,1330,1330,1330,1330,7
2020-01-22,1330,1330,1300,1330,1026
2020-01-23,1330,1425,1330,1425,7940
2020-01-24,1425,1425,1425,1425,108
2020-01-27,1400,1425,1330,1425,2279
2020-01-28,1400,1425,1400,1400,2092
2020-01-29,1400,1400,1350,1400,1891
2020-01-30,1400,1400,1400,1400,136
2020-01-31,1495,1500,1495,1500,135
2020-02-03,1425,1425,1400,1400,3532
2020-02-04,1400,1400,1400,1400,109
2020-02-05,1405,1500,1405,1450,7737
2020-02-06,1450,1495,1405,1450,7643
2020-02-07,1450,1450,1450,1450,5000
2020-02-10,1455,1455,1450,1450,871
2020-02-11,1450,1450,1450,1450,25898
2020-02-12,1450,1450,1450,1450,284
2020-02-13,1450,1450,1450,1450,20
2020-02-14,1450,1450,1450,1450,430
2020-02-17,1455,1455,1450,1450,3500
2020-02-18,1460,1460,1450,1450,2420
2020-02-19,1450,1500,1450,1495,524
2020-02-20,1500,1500,1450,1450,203
2020-02-24,1500,1500,1450,1450,1058
2020-02-25,1450,1455,1450,1455,135
2020-02-26,1450,1450,1450,1450,512
2020-02-27,1460,1460,1450,1450,58
2020-02-28,1500,1500,1500,1500,5
2020-03-02,1495,1495,1495,1495,33
2020-03-03,1495,1495,1495,1495,21
2020-03-04,1450,1450,1450,1450,74
2020-03-05,1450,1450,1450,1450,231
2020-03-09,1460,1460,1450,1450,2545
2020-03-10,1460,1460,1460,1460,80
2020-03-11,1470,1480,1470,1480,1371
2020-03-12,1490,1500,1490,1500,108
2020-03-13,1500,1500,1495,1495,200
2020-03-16,1480,1500,1480,1500,4881
2020-03-17,1500,1500,1480,1495,3924
2020-03-18,1480,1500,1480,1490,362
2020-03-19,1490,1490,1400,1485,1261
2020-03-20,1480,1480,1480,1480,800
2020-03-23,1480,1480,1400,1450,633
2020-03-24,1400,1425,1375,1425,839
2020-03-25,1400,1400,1400,1400,483
2020-03-26,1300,1350,1300,1350,12011
2020-03-30,1300,1300,1300,1300,1560
2020-03-31,1300,1300,1300,1300,525
2020-04-01,1295,1295,1295,1295,36
2020-04-02,1260,1260,1200,1200,901
2020-04-03,1205,1290,1205,1290,380
2020-04-06,1285,1290,1285,1290,490
2020-04-07,1290,1290,1230,1230,790
2020-04-08,1300,1300,1275,1275,46
2020-04-09,1275,1275,1275,1275,231
2020-04-14,1300,1300,1265,1265,543
2020-04-15,1300,1300,1265,1265,1040
2020-04-16,1265,1265,1250,1265,897
2020-04-17,1265,1265,1250,1265,8581
2020-04-20,1265,1265,1265,1265,229
2020-04-21,1260,1265,1260,1265,901
2020-04-23,1280,1280,1280,1280,500
2020-04-24,1290,1350,1285,1350,100
2020-04-27,1350,1350,1350,1350,89
2020-04-28,1350,1350,1350,1350,1362
2020-04-29,1350,1350,1350,1350,1882
2020-04-30,1350,1350,1350,1350,3144
2020-05-04,1350,1350,1350,1350,3044
2020-05-05,1310,1350,1310,1350,530
2020-05-06,1400,1400,1350,1350,63
2020-05-07,1350,1350,1350,1350,219
2020-05-11,1400,1400,1400,1400,27
2020-05-12,1400,1400,1355,1400,622
2020-05-13,1400,1400,1400,1400,2166
2020-05-14,1400,1400,1400,1400,2199
2020-05-15,1400,1400,1355,1400,413
2020-05-18,1400,1400,1400,1400,14
2020-05-19,1400,1400,1400,1400,15
2020-05-22,1400,1405,1400,1400,582
2020-05-25,1400,1405,1400,1400,72
2020-05-26,1400,1400,1400,1400,79
2020-05-27,1400,1400,1400,1400,79
2020-05-28,1400,1400,1400,1400,542
2020-05-29,1400,1400,1350,1400,282
2020-06-02,1400,1400,1350,1350,295
2020-06-03,1400,1400,1400,1400,755
2020-06-04,1450,1450,1350,1400,476
2020-06-05,1400,1400,1400,1400,173
2020-06-08,1395,1395,1395,1395,45
2020-06-10,1390,1390,1390,1390,68
2020-06-11,1385,1385,1350,1385,323
2020-06-12,1385,1395,1385,1395,505
2020-06-15,1390,1395,1350,1395,348
2020-06-16,1395,1400,1395,1400,472
2020-06-17,1395,1400,1395,1400,2391
2020-06-19,1410,1415,1410,1415,4
2020-06-22,1500,1500,1410,1410,227
2020-06-24,1410,1410,1410,1410,600
2020-06-25,1410,1410,1410,1410,285
2020-06-26,1410,1410,1405,1405,3550
2020-06-29,1410,1410,1405,1405,1280
2020-06-30,1405,1405,1405,1405,364
2020-07-01,1405,1405,1405,1405,2500
2020-07-02,1410,1410,1405,1405,34193
2020-07-06,1405,1405,1390,1390,622
2020-07-07,1300,1300,1300,1300,743
2020-07-08,1330,1330,1330,1330,1574
2020-07-09,1305,1390,1300,1390,1564
2020-07-10,1350,1350,1350,1350,110
2020-07-13,1350,1350,1300,1325,1304
2020-07-14,1315,1315,1230,1230,1219
2020-07-15,1230,1295,1205,1205,6926
2020-07-16,1295,1295,1295,1295,171
2020-07-17,1300,1300,1290,1290,213
2020-07-20,1290,1290,1280,1285,339
2020-07-21,1285,1285,1280,1280,267
2020-07-22,1250,1250,1250,1250,323
2020-07-23,1230,1230,1225,1225,623
2020-07-24,1230,1230,1225,1230,536
2020-07-27,1240,1240,1230,1230,1000
2020-07-28,1230,1290,1225,1290,1550
2020-07-29,1290,1290,1290,1290,780
2020-07-30,1280,1290,1280,1290,790
2020-08-03,1285,1290,1280,1280,300
2020-08-04,1290,1290,1280,1280,15
2020-08-05,1250,1290,1250,1290,665
2020-08-06,1280,1280,1280,1280,100
2020-08-10,1290,1290,1285,1290,322
2020-08-11,1285,1290,1280,1290,1778
2020-08-12,1290,1290,1280,1290,236
2020-08-13,1290,1295,1290,1295,609
2020-08-14,1290,1290,1280,1280,236
2020-08-17,1280,1280,1280,1280,83
2020-08-18,1250,1250,1250,1250,701
2020-08-19,1245,1245,1245,1245,420
2020-08-20,1250,1250,1225,1225,1560
2020-08-21,1200,1200,1200,1200,271
2020-08-24,1225,1225,1225,1225,2099
2020-08-25,1280,1280,1280,1280,50
2020-08-26,1280,1305,1280,1305,566
2020-08-27,1305,1310,1300,1300,245
2020-08-28,1300,1300,1300,1300,11987
2020-08-31,1310,1310,1250,1280,1030
2020-09-01,1275,1280,1275,1280,50
2020-09-02,1250,1250,1250,1250,83
2020-09-03,1250,1250,1250,1250,50
2020-09-04,1230,1250,1225,1250,1572
2020-09-07,1250,1250,1250,1250,175
2020-09-08,1250,1250,1250,1250,1316
2020-09-09,1255,1255,1250,1250,848
2020-09-10,1250,1250,1250,1250,132
2020-09-11,1250,1250,1250,1250,125
2020-09-14,1250,1250,1250,1250,2348
2020-09-15,1250,1280,1250,1280,2002
2020-09-16,1300,1300,1280,1300,996
2020-09-18,1300,1300,1300,1300,60
2020-09-21,1275,1275,1275,1275,1050
2020-09-22,1275,1280,1260,1280,1304
2020-09-23,1300,1300,1300,1300,32
2020-09-24,1285,1300,1285,1300,526
2020-09-25,1300,1300,1300,1300,51
2020-09-28,1300,1300,1260,1300,574
2020-09-29,1295,1300,1250,1300,1051
2020-09-30,1250,1300,1250,1300,3421
2020-10-01,1285,1300,1280,1280,330
2020-10-02,1280,1280,1280,1280,7924
2020-10-05,1280,1280,1280,1280,10
2020-10-06,1280,1280,1280,1280,5816
2020-10-07,1280,1285,1280,1285,2005
2020-10-08,1285,1285,1280,1280,455
2020-10-09,1255,1280,1255,1280,27
2020-10-13,1270,1280,1270,1280,544
2020-10-14,1280,1285,1280,1285,103
2020-10-15,1280,1285,1280,1280,355
2020-10-16,1285,1285,1280,1280,983
2020-10-19,1280,1280,1280,1280,20
2020-10-20,1280,1280,1280,1280,118
2020-10-21,1275,1275,1275,1275,304
2020-10-22,1280,1285,1280,1280,410
2020-10-23,1280,1280,1280,1280,247
2020-10-26,1275,1280,1275,1280,135
2020-10-27,1270,1270,1270,1270,100
2020-10-28,1270,1280,1270,1280,2377
2020-10-30,1275,1280,1250,1280,1101
2020-11-02,1275,1275,1275,1275,160
2020-11-03,1275,1275,1265,1265,3509
2020-11-04,1280,1280,1280,1280,20
2020-11-05,1270,1275,1265,1275,976
2020-11-06,1275,1280,1275,1280,417
2020-11-09,1275,1300,1275,1300,2812
2020-11-10,1300,1300,1270,1300,2787
2020-11-11,1300,1350,1285,1350,3861
2020-11-12,1350,1350,1350,1350,538
2020-11-13,1375,1375,1275,1275,24124
2020-11-16,1300,1370,1300,1370,148
2020-11-17,1390,1470,1370,1470,574
2020-11-18,1495,1550,1470,1550,2150
2020-11-19,1470,1545,1470,1545,785
2020-11-20,1500,1500,1495,1500,354
2020-11-23,1500,1500,1450,1500,43564
2020-11-24,1470,1470,1470,1470,176
2020-11-25,1455,1455,1455,1455,15
2020-11-26,1350,1450,1350,1450,170
2020-11-27,1400,1400,1400,1400,40
2020-12-01,1375,1500,1375,1500,17194
2020-12-02,1400,1580,1400,1580,2866
2020-12-03,1500,1500,1500,1500,329
2020-12-04,1490,1500,1490,1500,5061
2020-12-07,1490,1600,1485,1600,2239
2020-12-08,1500,1500,1500,1500,667
2020-12-09,1500,1500,1495,1495,214
2020-12-10,1500,1500,1450,1450,155
2020-12-11,1450,1480,1445,1480,201
2020-12-14,1455,1480,1455,1480,600
2020-12-15,1400,1425,1400,1425,820
2020-12-16,1480,1500,1480,1500,223
2020-12-17,1480,1500,1455,1500,630
2020-12-18,1450,1450,1450,1450,2813
2020-12-21,1450,1500,1450,1500,147
2020-12-22,1500,1500,1500,1500,13045
2020-12-23,1500,1500,1420,1500,12287
2020-12-24,1495,1550,1495,1550,15738
2020-12-28,1500,1660,1500,1660,9739
2020-12-29,1580,1680,1550,1680,6125
2020-12-30,1670,1750,1595,1750,23392
2020-12-31,1650,1800,1645,1800,3756
2021-01-04,1665,1665,1665,1665,15
2021-01-05,1665,1665,1665,1665,60
2021-01-06,1635,1635,1630,1630,301
2021-01-07,1595,1595,1515,1595,227
2021-01-08,1500,1500,1495,1495,465
2021-01-11,1495,1495,1470,1470,138
2021-01-12,1470,1470,1400,1460,369
2021-01-13,1460,1460,1355,1445,155
2021-01-14,1445,1445,1445,1445,1
2021-01-15,1430,1430,1430,1430,53
2021-01-18,1400,1400,1325,1325,242
2021-01-19,1300,1325,1300,1300,4395
2021-01-20,1300,1325,1300,1325,57
2021-01-21,1325,1345,1300,1300,1048
2021-01-22,1325,1325,1300,1300,350
2021-01-25,1300,1345,1300,1345,95
2021-01-26,1300,1395,1300,1345,10755
2021-01-27,1345,1370,1345,1345,201
2021-01-28,1345,1400,1345,1400,1173
2021-01-29,1345,1350,1300,1350,4471
2021-02-01,1350,1350,1335,1350,259
2021-02-02,1345,1345,1305,1345,219
2021-02-03,1340,1345,1340,1345,465
2021-02-04,1300,1345,1300,1300,1335
2021-02-05,1300,1300,1270,1270,1716
2021-02-08,1270,1345,1270,1275,6221
2021-02-09,1300,1300,1285,1285,850
2021-02-11,1300,1300,1290,1290,175
2021-02-12,1290,1290,1290,1290,285
2021-02-16,1295,1300,1285,1300,428
2021-02-17,1300,1345,1300,1345,1391
2021-02-18,1300,1300,1300,1300,1893
2021-02-19,1345,1345,1305,1305,115
2021-02-23,1310,1310,1300,1300,1000
2021-02-24,1310,1345,1300,1300,196
2021-02-25,1300,1300,1300,1300,11
2021-02-26,1300,1300,1300,1300,400
2021-03-02,1310,1320,1305,1305,1878
2021-03-03,1355,1355,1355,1355,240
2021-03-04,1350,1355,1335,1355,1948
2021-03-05,1350,1350,1350,1350,403
2021-03-08,1350,1355,1350,1355,65
2021-03-09,1355,1355,1355,1355,4
2021-03-10,1350,1350,1335,1340,624
2021-03-11,1340,1340,1340,1340,431
2021-03-12,1350,1350,1350,1350,691
2021-03-15,1350,1355,1340,1340,1874
2021-03-16,1340,1340,1340,1340,463
2021-03-17,1340,1340,1340,1340,1062
2021-03-18,1330,1330,1280,1300,589
2021-03-19,1300,1355,1300,1355,1820
2021-03-22,1395,1395,1390,1395,1003
2021-03-23,1385,1385,1355,1355,161
2021-03-24,1355,1360,1355,1355,3168
2021-03-25,1360,1385,1360,1360,130
2021-03-26,1360,1360,1360,1360,132
2021-03-29,1360,1400,1360,1400,799
2021-03-30,1400,1400,1400,1400,574
2021-03-31,1395,1395,1395,1395,33
2021-04-01,1400,1400,1400,1400,2
2021-04-02,1400,1400,1395,1395,47
2021-04-06,1330,1395,1300,1395,2986
2021-04-07,1390,1390,1300,1390,45
2021-04-08,1390,1390,1390,1390,2
2021-04-09,1385,1385,1385,1385,22
2021-04-12,1385,1385,1385,1385,104
2021-04-13,1385,1385,1285,1300,1530
2021-04-14,1300,1375,1300,1375,138
2021-04-15,1305,1310,1300,1300,1070
2021-04-19,1305,1305,1300,1300,627
2021-04-20,1300,1300,1210,1300,7860
2021-04-21,1295,1295,1285,1285,160
2021-04-22,1285,1285,1285,1285,170
2021-04-23,1285,1290,1270,1270,2042
2021-04-26,1270,1270,1270,1270,57
2021-04-27,1285,1285,1275,1275,249
2021-04-28,1285,1300,1285,1300,1191
2021-04-29,1300,1300,1300,1300,626
2021-04-30,1305,1370,1305,1365,1879
2021-05-03,1340,1340,1300,1340,1846
2021-05-04,1340,1340,1300,1300,470
2021-05-05,1300,1300,1300,1300,525
2021-05-06,1300,1320,1280,1320,310
2021-05-07,1320,1405,1320,1400,6627
2021-05-10,1400,1445,1400,1405,1401
2021-05-11,1400,1405,1400,1400,1202
2021-05-14,1400,1425,1400,1405,2607
2021-05-17,1400,1445,1400,1445,1347
2021-05-18,1410,1410,1410,1410,1276
2021-05-19,1410,1410,1400,1400,4880
2021-05-20,1400,1405,1400,1405,3786
2021-05-21,1405,1445,1405,1445,3706
2021-05-25,1440,1440,1440,1440,373
2021-05-26,1435,1435,1430,1430,286
2021-05-27,1420,1420,1410,1410,2099
2021-05-28,1440,1445,1435,1445,6292
2021-05-31,1445,1445,1445,1445,975
2021-06-01,1445,1445,1440,1440,1496
2021-06-02,1445,1450,1440,1450,679
2021-06-03,1440,1450,1440,1450,450
2021-06-04,1450,1485,1450,1485,210
2021-06-07,1485,1495,1485,1495,3103
2021-06-08,1495,1560,1450,1560,3307
2021-06-09,1560,1645,1550,1645,4369
2021-06-10,1600,1600,1575,1600,486
2021-06-11,1575,1575,1480,1480,3412
2021-06-14,1590,1590,1590,1590,1390
2021-06-15,1705,1705,1700,1705,5760
2021-06-16,1830,1830,1830,1830,14677
2021-06-17,1830,1900,1790,1810,15637
2021-06-18,1890,1890,1750,1800,3096
2021-06-21,1665,1850,1665,1800,9977
2021-06-22,1830,1845,1780,1840,8599
2021-06-23,1840,1845,1820,1845,683
2021-06-24,1950,1950,1930,1930,1745
2021-06-25,1900,1900,1805,1900,1681
2021-06-28,1900,1900,1845,1895,354
2021-06-29,1895,1900,1890,1890,5767
2021-06-30,1890,1900,1890,1890,1074
2021-07-01,1895,1935,1895,1935,258
2021-07-02,1935,1945,1900,1945,329
2021-07-05,1945,1945,1855,1855,1602
2021-07-06,1855,1855,1850,1850,959
2021-07-07,1850,1850,1800,1800,10706
2021-07-08,1800,1850,1800,1845,4340
2021-07-09,1845,1845,1840,1840,70
2021-07-12,1840,1845,1805,1840,875
2021-07-13,1820,1820,1820,1820,1038
2021-07-14,1840,1840,1830,1840,1125
2021-07-15,1840,1850,1840,1850,4780
2021-07-16,1850,1940,1850,1935,108
2021-07-19,1855,1855,1855,1855,573
2021-07-21,1925,1925,1860,1900,3599
2021-07-22,1900,1950,1900,1945,5404
2021-07-23,1950,1950,1905,1905,3480
2021-07-26,1950,1950,1810,1910,6839
2021-07-27,1915,1945,1915,1945,9370
2021-07-28,1850,1850,1845,1845,458
2021-07-29,1840,1840,1820,1820,197
2021-07-30,1800,1800,1685,1685,1348
2021-08-02,1685,1685,1655,1680,1381
2021-08-03,1675,1680,1620,1670,1390
2021-08-04,1670,1700,1670,1700,1890
2021-08-05,1700,1700,1695,1695,619
2021-08-06,1695,1695,1685,1695,2342
2021-08-09,1700,1820,1700,1705,731
2021-08-10,1830,1830,1700,1800,1495
2021-08-11,1800,1800,1795,1795,385
2021-08-12,1775,1775,1775,1775,182
2021-08-13,1775,1775,1775,1775,365
2021-08-16,1775,1775,1760,1760,2802
2021-08-17,1760,1760,1755,1755,455
2021-08-18,1755,1775,1755,1775,1781
2021-08-19,1775,1775,1770,1775,183
2021-08-20,1795,1800,1755,1800,362
2021-08-23,1800,1800,1780,1800,705
2021-08-24,1800,1800,1800,1800,17987
2021-08-25,1800,1825,1800,1800,3188
2021-08-26,1800,1800,1780,1780,2037
2021-08-27,1780,1800,1775,1800,2155
2021-08-30,1800,1800,1800,1800,2525
2021-08-31,1800,1800,1785,1785,543
2021-09-01,1770,1785,1700,1785,302
2021-09-02,1750,1750,1750,1750,78
2021-09-03,1700,1750,1700,1750,3215
2021-09-06,1750,1750,1715,1745,797
2021-09-07,1745,1750,1720,1720,1282
2021-09-08,1745,1750,1720,1750,961
2021-09-09,1750,1750,1750,1750,540
2021-09-10,1750,1750,1740,1740,1224
2021-09-13,1750,1750,1715,1715,733
2021-09-14,1740,1740,1740,1740,167
2021-09-15,1740,1785,1740,1740,3574
2021-09-16,1740,1750,1720,1720,1021
2021-09-17,1750,1770,1740,1750,620
2021-09-20,1745,1750,1720,1740,2663
2021-09-21,1740,1750,1720,1745,1819
2021-09-22,1740,1785,1740,1785,3130
2021-09-23,1785,1800,1755,1780,3886
2021-09-24,1780,1825,1780,1825,4168
2021-09-27,1825,1825,1780,1825,579
2021-09-28,1825,1825,1820,1825,2905
2021-09-29,1825,1825,1780,1810,2186
2021-09-30,1780,1785,1780,1785,2396
2021-10-01,1800,1820,1800,1810,104
2021-10-04,1810,1815,1800,1800,437
2021-10-05,1800,1815,1800,1815,355
2021-10-06,1815,1820,1800,1815,1007
2021-10-07,1815,1820,1800,1820,3711
2021-10-08,1800,1830,1790,1790,2260
2021-10-11,1830,1850,1800,1845,1703
2021-10-12,1845,1850,1835,1850,752
2021-10-13,1825,1850,1730,1755,10550
2021-10-14,1750,1750,1750,1750,291
2021-10-15,1750,1800,1750,1800,10059
2021-10-19,1800,1845,1765,1845,300
2021-10-20,1755,1850,1755,1800,8632
2021-10-21,1850,1850,1805,1805,2881
2021-10-22,1805,1840,1805,1840,8441
2021-10-25,1805,1850,1805,1850,666
2021-10-26,1850,1890,1850,1890,3772
2021-10-27,1895,1895,1860,1890,1271
2021-10-28,1885,1890,1860,1885,690
2021-10-29,1890,2025,1885,2025,1448
2021-11-03,2000,2000,1900,1915,2575
2021-11-04,1915,1915,1895,1910,1231
2021-11-05,1890,1890,1890,1890,5530
2021-11-08,1910,1990,1910,1915,577
2021-11-09,1900,1900,1895,1900,455
2021-11-10,1900,1990,1900,1990,178
2021-11-11,1990,1990,1990,1990,334
2021-11-12,1990,1990,1890,1890,1950
2021-11-16,1890,1990,1890,1990,340
2021-11-17,1900,1900,1890,1890,215
2021-11-18,1890,1985,1890,1895,1946
2021-11-19,1900,1980,1900,1900,408
2021-11-22,1900,1980,1900,1900,583
2021-11-23,1980,1980,1900,1900,467
2021-11-24,1975,1975,1905,1910,550
2021-11-25,1975,1975,1920,1930,364
2021-11-26,1975,1985,1950,1985,912
2021-11-29,1985,2050,1985,2000,6020
2021-11-30,2000,2100,2000,2100,1984
2021-12-01,2100,2100,2050,2050,115
2021-12-02,2000,2000,1980,2000,3445
2021-12-03,2000,2000,2000,2000,139
2021-12-06,1995,2000,1960,2000,15220
2021-12-07,2000,2000,1960,1960,1163
2021-12-08,1960,2000,1960,1995,679
2021-12-09,1995,2000,1970,2000,2150
2021-12-10,2000,2000,1990,2000,48
2021-12-13,2000,2000,2000,2000,61
2021-12-14,2000,2000,1985,1985,1829
2021-12-15,1980,2020,1980,2020,3953
2021-12-16,2020,2100,2000,2100,2101
2021-12-17,2020,2100,2000,2100,1941
2021-12-20,2100,2150,2000,2150,5280
2021-12-21,2100,2100,2005,2090,235
2021-12-22,2000,2090,2000,2090,4226
2021-12-23,2065,2200,2065,2200,9479
2021-12-27,2035,2190,2035,2175,1425
2021-12-28,2150,2325,2150,2215,21953
2021-12-29,2145,2145,2145,2145,35
2021-12-30,2145,2150,2035,2130,3931
2021-12-31,2135,2135,1975,1975,555
2022-01-03,2000,2000,1930,1930,3511
2022-01-04,1930,1940,1900,1940,4973
2022-01-05,1935,1935,1900,1900,2064
2022-01-06,1900,1930,1860,1930,405
2022-01-07,1920,2000,1865,1995,3197
2022-01-10,1995,1995,1930,1990,372
2022-01-11,1990,1990,1935,1935,346
2022-01-12,1935,1985,1935,1985,461
2022-01-13,1985,1985,1985,1985,144
2022-01-14,1985,1990,1985,1990,983
2022-01-17,1990,1995,1980,1980,1500
2022-01-18,1990,1990,1940,1940,1603
2022-01-19,1980,1980,1935,1935,436
2022-01-20,1935,1935,1900,1930,3977
2022-01-21,1930,1990,1930,1990,312
2022-01-24,1995,1995,1935,1935,1020
2022-01-25,2000,2000,2000,2000,2000
2022-01-26,2000,2095,2000,2000,826
2022-01-27,1850,2000,1850,2000,970
2022-01-28,1950,2100,1900,2100,3038
2022-01-31,2100,2100,2050,2100,716
2022-02-01,2100,2100,2000,2000,226
2022-02-02,2000,2100,2000,2000,2382
2022-02-03,2050,2050,2005,2015,275
2022-02-04,2005,2035,2000,2015,274
2022-02-07,2035,2035,2035,2035,219
2022-02-08,2035,2050,2035,2035,2847
2022-02-09,2030,2050,2030,2050,1217
2022-02-10,2050,2090,2035,2050,306
2022-02-11,2050,2050,2010,2050,160
2022-02-14,2050,2050,2020,2020,5183
2022-02-15,2020,2020,2010,2010,2475
2022-02-16,2050,2050,1970,1970,19497
2022-02-17,1970,2050,1970,2050,3528
2022-02-18,2075,2150,2075,2150,7390
2022-02-21,2150,2150,2060,2100,2251
2022-02-22,2100,2100,2050,2095,6380
2022-02-23,2120,2150,2105,2105,1648
2022-02-24,2105,2200,2105,2200,742
2022-02-25,2200,2205,2200,2205,2043
2022-02-28,2250,2365,2250,2360,616
2022-03-01,2350,2365,2250,2300,1782
2022-03-02,2295,2300,2270,2300,1096
2022-03-03,2300,2315,2300,2315,313
2022-03-04,2300,2360,2300,2315,1602
2022-03-07,2300,2360,2300,2315,3158
2022-03-08,2315,2350,2315,2350,294
2022-03-09,2350,2350,2320,2320,1387
2022-03-10,2320,2360,2315,2350,4958
2022-03-11,2350,2400,2350,2350,1115
2022-03-14,2350,2350,2345,2350,2112
2022-03-15,2395,2395,2355,2395,1184
2022-03-16,2395,2395,2395,2395,93
2022-03-17,2395,2395,2390,2390,415
2022-03-18,2390,2395,2355,2390,3440
2022-03-21,2395,2400,2390,2400,1316
2022-03-22,2400,2405,2400,2405,724
2022-03-23,2405,2500,2400,2450,576
2022-03-24,2450,2510,2450,2510,130
2022-03-25,2510,2510,2500,2500,169
2022-03-28,2460,2500,2460,2500,115
2022-03-29,2510,2510,2500,2510,1360
2022-03-30,2500,2685,2500,2685,2182
2022-03-31,2685,2805,2500,2500,12283
2022-04-01,2505,2650,2505,2640,390
2022-04-04,2505,2640,2505,2640,161
2022-04-05,2600,2600,2505,2505,1091
2022-04-06,2500,2630,2450,2630,365
2022-04-07,2600,2600,2595,2595,465
2022-04-08,2595,2595,2405,2575,136
2022-04-11,2405,2540,2385,2540,788
2022-04-12,2405,2530,2405,2530,245
2022-04-13,2400,2505,2355,2355,1247
2022-04-14,2400,2505,2355,2355,740
2022-04-15,2500,2500,2340,2340,483
2022-04-19,2340,2350,2300,2300,2413
2022-04-20,2310,2310,2300,2310,945
2022-04-21,2300,2310,2300,2310,1177
2022-04-22,2310,2350,2310,2345,2814
2022-04-25,2345,2450,2335,2350,873
2022-04-26,2350,2445,2350,2445,1804
2022-04-27,2400,2400,2395,2395,900
2022-04-29,2395,2400,2395,2395,978
2022-05-03,2400,2550,2395,2550,2140
2022-05-04,2525,2545,2445,2445,235
2022-05-05,2405,2405,2310,2400,6257
2022-05-06,2400,2400,2300,2300,244
2022-05-09,2300,2400,2260,2395,145
2022-05-10,2395,2395,2300,2390,231
2022-05-11,2390,2390,2385,2385,151
2022-05-12,2385,2400,2385,2400,658
2022-05-13,2305,2385,2305,2385,201
2022-05-16,2385,2385,2385,2385,923
2022-05-17,2350,2385,2350,2350,628
2022-05-18,2355,2355,2345,2350,4090
2022-05-19,2380,2385,2380,2380,57
2022-05-20,2385,2385,2385,2385,5
2022-05-23,2385,2400,2380,2400,381
2022-05-24,2380,2400,2360,2360,1832
2022-05-25,2360,2360,2360,2360,168
2022-05-27,2360,2400,2350,2350,2372
2022-05-30,2375,2400,2340,2400,1755
2022-05-31,2400,2400,2380,2400,627
2022-06-01,2400,2400,2340,2400,1883
2022-06-02,2400,2495,2400,2495,2844
2022-06-03,2490,2495,2400,2450,1091
2022-06-07,2500,2605,2500,2510,2902
2022-06-08,2600,2600,2520,2520,3582
2022-06-09,2450,2600,2450,2600,17339
2022-06-10,2600,2600,2450,2590,9195
2022-06-13,2590,2620,2400,2600,1821
2022-06-14,2600,2600,2595,2595,3169
2022-06-15,2595,2595,2500,2590,5452
2022-06-16,2585,2590,2500,2585,5140
2022-06-17,2585,2590,2585,2590,2325
2022-06-20,2590,2590,2405,2550,1180
2022-06-21,2550,2550,2550,2550,154
2022-06-22,2550,2550,2450,2550,8721
2022-06-23,2550,2550,2550,2550,444
2022-06-24,2550,2550,2545,2545,211
2022-06-27,2360,2545,2360,2545,178
2022-06-28,2500,2545,2360,2365,474
2022-06-29,2360,2360,2350,2360,1310
2022-06-30,2345,2495,2345,2400,977
2022-07-01,2485,2485,2400,2400,627
2022-07-04,2400,2400,2400,2400,1162
2022-07-05,2425,2500,2425,2490,1306
2022-07-06,2490,2490,2425,2490,555
2022-07-07,2490,2490,2460,2490,975
2022-07-08,2485,2490,2485,2490,120
2022-07-11,2490,2490,2490,2490,221
2022-07-12,2490,2490,2490,2490,467
2022-07-13,2490,2490,2480,2490,1449
2022-07-14,2500,2590,2490,2490,8581
2022-07-15,2590,2590,2490,2590,1510
2022-07-18,2590,2590,2590,2590,721
2022-07-19,2590,2590,2500,2585,2413
2022-07-20,2485,2485,2350,2350,757
2022-07-21,2350,2350,2175,2350,5434
2022-07-22,2175,2300,2175,2300,2743
2022-07-25,2300,2350,2300,2300,676
2022-07-26,2180,2345,2180,2300,1113
2022-07-27,2300,2300,2300,2300,504
2022-07-28,2300,2300,2295,2300,305
2022-07-29,2300,2300,2295,2300,1651
2022-08-01,2200,2300,2200,2300,1124
2022-08-02,2300,2350,2300,2345,527
2022-08-03,2330,2350,2330,2350,185
2022-08-04,2350,2355,2350,2355,197
2022-08-05,2400,2445,2350,2400,1600
2022-08-09,2400,2400,2350,2350,694
2022-08-10,2400,2400,2375,2375,566
2022-08-11,2375,2400,2375,2400,766
2022-08-12,2400,2400,2305,2350,560
2022-08-16,2350,2395,2305,2395,499
2022-08-17,2350,2350,2350,2350,364
2022-08-18,2305,2350,2300,2350,616
2022-08-19,2350,2395,2300,2395,3553
2022-08-22,2350,2450,2345,2450,2698
2022-08-23,2500,2575,2345,2550,2466
2022-08-24,2360,2735,2360,2735,9322
2022-08-25,2720,2750,2530,2705,3616
2022-08-26,2725,2725,2725,2725,5
2022-08-29,2650,2675,2600,2675,4142
2022-08-30,2475,2645,2475,2645,136
2022-08-31,2600,2650,2450,2650,1390
2022-09-01,2645,2650,2600,2650,49
2022-09-02,2645,2645,2640,2640,39
2022-09-05,2640,2640,2460,2635,2636
2022-09-06,2635,2635,2440,2440,480
2022-09-07,2400,2440,2400,2440,207
2022-09-08,2440,2445,2365,2445,419
2022-09-09,2440,2440,2310,2360,1549
2022-09-12,2305,2440,2305,2360,411
2022-09-13,2440,2440,2365,2400,261
2022-09-14,2440,2440,2400,2400,116
2022-09-15,2440,2440,2440,2440,16
2022-09-16,2445,2500,2400,2500,910
2022-09-19,2490,2550,2400,2550,792
2022-09-20,2550,2595,2550,2595,6734
2022-09-21,2590,2595,2405,2405,389
2022-09-22,2405,2405,2360,2360,5558
2022-09-23,2400,2405,2360,2365,8659
2022-09-26,2350,2365,2305,2305,5290
2022-09-27,2305,2325,2300,2305,2366
2022-09-28,2300,2305,2300,2300,7000
2022-09-29,2300,2300,2280,2280,5511
2022-09-30,2280,2405,2260,2405,11055
2022-10-03,2405,2405,2280,2285,4193
2022-10-04,2405,2445,2120,2120,5251
2022-10-05,2200,2200,2200,2200,30
2022-10-06,2205,2210,2205,2210,1061
2022-10-07,2220,2375,2210,2375,1733
2022-10-10,2375,2500,2375,2495,95
2022-10-11,2490,2490,2400,2400,208
2022-10-12,2400,2400,2400,2400,35
2022-10-13,2395,2395,2220,2390,385
2022-10-14,2390,2390,2250,2250,100
2022-10-17,2355,2360,2355,2360,3487
2022-10-18,2255,2300,2255,2300,2500
2022-10-19,2385,2400,2305,2390,623
2022-10-20,2305,2350,2300,2350,5122
2022-10-21,2385,2385,2345,2345,3714
2022-10-24,2300,2365,2300,2365,232
2022-10-25,2350,2365,2350,2365,182
2022-10-26,2365,2375,2305,2305,1544
2022-10-27,2305,2400,2305,2400,1740
2022-10-28,2400,2500,2400,2500,390
2022-10-31,2500,2500,2500,2500,565
2022-11-02,2500,2680,2500,2600,6328
2022-11-03,2600,2600,2405,2585,586
2022-11-04,2415,2600,2415,2600,1720
2022-11-07,2600,2600,2405,2495,1302
2022-11-08,2495,2495,2400,2490,2857
2022-11-09,2500,2500,2490,2490,920
2022-11-10,2490,2490,2490,2490,2072
2022-11-11,2495,2495,2485,2490,713
2022-11-14,2500,2600,2500,2600,541
2022-11-16,2500,2500,2490,2500,2313
2022-11-17,2500,2500,2490,2500,631
2022-11-18,2490,2490,2400,2450,658
2022-11-21,2445,2445,2355,2400,1735
2022-11-22,2400,2400,2350,2395,476
2022-11-23,2395,2395,2325,2395,142
2022-11-24,2395,2395,2350,2375,9208
2022-11-25,2375,2375,2325,2375,1287
2022-11-28,2375,2375,2350,2375,2312
2022-11-29,2350,2375,2350,2375,3659
2022-11-30,2375,2375,2375,2375,1776
2022-12-01,2375,2500,2375,2500,628
2022-12-02,2500,2500,2400,2400,114
2022-12-05,2400,2405,2400,2405,276
2022-12-06,2500,2500,2500,2500,90
2022-12-07,2325,2495,2325,2495,5334
2022-12-08,2495,2495,2495,2495,6
2022-12-09,2495,2495,2360,2495,62
2022-12-12,2495,2495,2490,2490,439260
2022-12-13,2450,2450,2450,2450,70
2022-12-14,2450,2450,2440,2440,80
2022-12-15,2405,2490,2400,2490,1188
2022-12-16,2490,2490,2450,2490,263
2022-12-19,2495,2495,2490,2490,325
2022-12-20,2490,2600,2490,2600,2014
2022-12-21,2545,2595,2545,2590,492
2022-12-22,2490,2590,2490,2590,1175
2022-12-23,2590,2695,2545,2635,6982
2022-12-27,2600,2600,2490,2500,828
2022-12-28,2490,2500,2400,2400,1926
2022-12-30,2450,2535,2400,2535,72501
2023-01-03,2535,2535,2405,2495,69
2023-01-04,2495,2495,2310,2495,2609
2023-01-05,2490,2490,2315,2350,333
2023-01-06,2350,2495,2350,2480,188
2023-01-09,2480,2480,2360,2360,293
2023-01-10,2360,2475,2360,2470,671
2023-01-11,2470,2470,2465,2470,189
2023-01-12,2470,2470,2470,2470,159
2023-01-13,2370,2465,2370,2465,359
2023-01-16,2370,2465,2370,2465,771
2023-01-17,2465,2465,2370,2465,430
2023-01-18,2465,2465,2400,2400,715
2023-01-19,2465,2465,2460,2460,504
2023-01-20,2455,2455,2430,2450,426
2023-01-23,2450,2450,2370,2400,5657
2023-01-24,2400,2400,2400,2400,273
2023-01-25,2425,2425,2425,2425,38
2023-01-26,2425,2460,2425,2460,170
2023-01-27,2450,2450,2450,2450,2530
2023-01-30,2425,2465,2425,2465,537
2023-01-31,2465,2495,2425,2495,484
2023-02-01,2495,2495,2425,2495,1119
2023-02-02,2435,2495,2435,2495,535
2023-02-03,2495,2495,2495,2495,1023
2023-02-06,2500,2550,2500,2550,275
2023-02-07,2550,2550,2495,2540,127
2023-02-08,2540,2550,2495,2540,11263
2023-02-09,2540,2550,2540,2550,1108
2023-02-10,2590,2595,2540,2550,1793
2023-02-13,2550,2550,2500,2550,3723
2023-02-14,2555,2555,2555,2555,2595
2023-02-15,2555,2580,2555,2565,2618
2023-02-16,2565,2570,2555,2570,5097
2023-02-17,2570,2580,2565,2580,5606
2023-02-20,2580,2580,2565,2580,4304
2023-02-21,2580,2580,2555,2580,5802
2023-02-22,2580,2580,2580,2580,830
2023-02-23,2595,2600,2560,2580,4499
2023-02-24,2600,2650,2580,2650,1196
2023-02-27,2650,2670,2640,2640,21656
2023-02-28,2640,2830,2640,2830,17227
2023-03-01,2650,2830,2650,2800,9080
2023-03-02,2830,2830,2660,2800,1102
2023-03-03,2800,2800,2795,2795,172
2023-03-06,2795,2795,2795,2795,27
2023-03-07,2790,2790,2660,2700,660
2023-03-08,2700,2750,2700,2750,2096
2023-03-09,2750,2790,2750,2790,260
2023-03-10,2750,2800,2655,2800,2625
2023-03-13,2800,2800,2650,2780,943
2023-03-14,2775,2780,2650,2775,3153
2023-03-15,2770,2770,2700,2700,53
2023-03-16,2700,2750,2660,2750,3470
2023-03-17,2750,2775,2665,2750,828
2023-03-20,2745,2745,2665,2745,124
2023-03-21,2700,2740,2700,2740,383
2023-03-22,2740,2740,2665,2730,341
2023-03-23,2730,2730,2730,2730,323
2023-03-24,2740,2740,2610,2650,2896
2023-03-27,2650,2650,2620,2620,2239
2023-03-29,2650,2650,2610,2645,395
2023-03-30,2645,2645,2595,2595,16779
2023-03-31,2600,2600,2555,2565,3957
2023-04-03,2575,2575,2555,2555,1589
2023-04-04,2575,2590,2550,2550,1120
2023-04-05,2545,2555,2450,2555,764
2023-04-06,2555,2580,2455,2500,866
2023-04-07,2500,2500,2500,2500,613
2023-04-11,2500,2500,2455,2460,1745
2023-04-12,2500,2500,2500,2500,2118
2023-04-13,2500,2590,2460,2590,272
2023-04-14,2585,2585,2585,2585,366
2023-04-17,2490,2590,2490,2590,416
2023-04-19,2590,2650,2590,2590,103
2023-04-20,2590,2590,2540,2550,1515
2023-04-24,2500,2600,2500,2600,1167
2023-04-25,2550,2740,2550,2720,2749
2023-04-26,2705,2710,2650,2655,530
2023-04-27,2655,2655,2465,2465,645
2023-04-28,2600,2645,2600,2600,7034
2023-05-02,2640,2640,2600,2600,2201
2023-05-03,2600,2600,2600,2600,155
2023-05-04,2600,2645,2590,2600,4282
2023-05-05,2645,2645,2600,2610,1204
2023-05-08,2610,2640,2460,2460,8867
2023-05-09,2610,2635,2610,2635,827
2023-05-10,2635,2635,2460,2625,814
2023-05-11,2625,2625,2510,2600,326
2023-05-12,2600,2600,2580,2580,158
2023-05-15,2580,2580,2550,2550,138
2023-05-16,2550,2580,2550,2580,64
2023-05-17,2500,2510,2500,2510,300
2023-05-19,2500,2580,2500,2580,726
2023-05-22,2580,2580,2440,2440,1330
2023-05-23,2500,2600,2500,2600,176
2023-05-24,2550,2600,2550,2600,324
2023-05-25,2600,2600,2580,2580,1715
2023-05-26,2590,2600,2580,2600,209
2023-05-30,2555,2600,2550,2580,685
2023-05-31,2600,2600,2580,2600,133
2023-06-01,2600,2600,2580,2585,2933
2023-06-02,2585,2600,2580,2600,1360
2023-06-05,2585,2680,2585,2680,323
2023-06-06,2600,2600,2590,2600,440
2023-06-07,2600,2600,2555,2555,1636
2023-06-08,2600,2600,2555,2595,2548
2023-06-09,2585,2585,2585,2585,150
2023-06-12,2590,2600,2585,2600,840
2023-06-13,2600,2630,2500,2630,1862
2023-06-14,2600,2600,2600,2600,329
2023-06-15,2600,2600,2600,2600,4171
2023-06-16,2600,2600,2595,2600,3858
2023-06-19,2550,2600,2550,2600,3475
2023-06-20,2600,2600,2600,2600,1458
2023-06-21,2575,2590,2550,2590,164
2023-06-22,2590,2600,2550,2595,1006
2023-06-23,2595,2600,2550,2600,1353
2023-06-26,2550,2600,2530,2595,519
2023-06-27,2600,2600,2500,2600,774
2023-06-29,2595,2625,2595,2600,2895
2023-06-30,2595,2630,2595,2630,28353
2023-07-03,2620,2630,2600,2630,4635
2023-07-04,2630,2745,2600,2745,1990
2023-07-05,2720,2745,2700,2720,2477
2023-07-06,2725,2725,2720,2725,2098
2023-07-07,2720,2725,2720,2725,1061
2023-07-10,2725,2725,2650,2695,1402
2023-07-11,2375,2615,2375,2615,1005
2023-07-12,2615,2615,2550,2600,357
2023-07-13,2600,2600,2550,2575,616
2023-07-14,2580,2580,2440,2475,924
2023-07-17,2475,2475,2470,2475,459
2023-07-18,2475,2475,2400,2425,3528
2023-07-19,2425,2425,2365,2420,2958
2023-07-20,2405,2470,2405,2450,1429
2023-07-21,2470,2500,2405,2495,5022
2023-07-24,2495,2495,2410,2495,686
2023-07-25,2495,2495,2450,2490,507
2023-07-26,2495,2495,2405,2490,3117
2023-07-27,2490,2490,2450,2450,850
2023-07-28,2450,2495,2410,2495,2424
2023-07-31,2400,2495,2400,2490,450
2023-08-01,2490,2495,2450,2495,399
2023-08-02,2400,2600,2400,2600,1121
2023-08-03,2415,2570,2415,2570,648
2023-08-04,2410,2545,2410,2495,356
2023-08-08,2495,2550,2400,2420,879
2023-08-09,2500,2500,2500,2500,165
2023-08-10,2490,2500,2400,2400,1365
2023-08-11,2400,2500,2400,2495,885
2023-08-14,2400,2495,2400,2495,959
2023-08-16,2500,2500,2495,2500,275
2023-08-17,2495,2550,2450,2550,14155
2023-08-18,2550,2600,2550,2600,810
2023-08-21,2600,2600,2550,2595,1176
2023-08-22,2600,2600,2550,2555,1956
2023-08-23,2550,2550,2495,2495,3583
2023-08-24,2450,2555,2410,2555,250672
2023-08-25,2600,2600,2560,2560,962
2023-08-28,2595,2600,2500,2560,5361
2023-08-29,2560,2600,2560,2590,346
2023-08-30,2590,2590,2560,2585,442
2023-08-31,2570,2640,2570,2640,3838
2023-09-01,2650,2715,2640,2695,1507
2023-09-04,2700,2710,2695,2710,910
2023-09-05,2710,2710,2600,2700,883
2023-09-06,2600,2710,2600,2710,1695
2023-09-07,2700,2710,2600,2710,1240
2023-09-08,2715,2715,2710,2715,2744
2023-09-11,2715,2715,2700,2715,1061
2023-09-12,2900,2915,2870,2900,3300
2023-09-13,2900,2900,2800,2900,8332
2023-09-14,2900,2900,2715,2900,317
2023-09-15,2900,2900,2715,2900,953
2023-09-18,2900,2900,2715,2715,305
2023-09-19,2720,2725,2720,2725,201
2023-09-20,2725,2895,2720,2895,1215
2023-09-21,2895,2910,2725,2895,172
2023-09-22,2890,2900,2750,2750,787
2023-09-25,2750,2895,2720,2745,405
2023-09-26,2700,2745,2700,2745,32
2023-09-28,2740,2740,2700,2740,332
2023-09-29,2750,2750,2710,2710,101
2023-10-02,2735,2895,2700,2895,800
2023-10-03,2710,2800,2700,2800,9154
2023-10-04,2800,2800,2700,2735,232
2023-10-05,2800,2800,2700,2700,9025
2023-10-06,2700,2895,2605,2895,936
2023-10-09,2895,2895,2705,2705,63
2023-10-10,2710,2895,2705,2710,13035
2023-10-11,2750,2795,2710,2750,5076
2023-10-12,2750,2750,2730,2750,904
2023-10-13,2730,2730,2730,2730,50
2023-10-16,2750,2750,2730,2750,363
2023-10-17,2730,2750,2600,2600,1232
2023-10-18,2600,2700,2600,2650,241
2023-10-19,2650,2650,2650,2650,278
2023-10-20,2650,2650,2605,2650,291
2023-10-23,2605,2685,2605,2650,1410
2023-10-24,2650,2685,2650,2650,197
2023-10-25,2685,2700,2600,2600,1537
2023-10-26,2610,2700,2490,2500,5272
2023-10-27,2510,2510,2500,2500,3697
2023-10-30,2500,2500,2450,2450,1402
2023-10-31,2450,2450,2450,2450,674
2023-11-02,2450,2500,2450,2450,4041
2023-11-03,2450,2450,2400,2400,2140
2023-11-06,2450,2450,2400,2450,1516
2023-11-07,2450,2450,2450,2450,314
2023-11-08,2450,2450,2405,2440,455
2023-11-09,2500,2550,2500,2550,7761
2023-11-10,2550,2550,2550,2550,45
2023-11-13,2550,2550,2445,2550,11633
2023-11-14,2360,2360,2360,2360,355
2023-11-16,2360,2400,2360,2400,3214
2023-11-17,2400,2550,2400,2535,1453
2023-11-20,2535,2600,2500,2500,90
2023-11-21,2510,2510,2315,2315,28538
2023-11-22,2350,2380,2350,2360,2817
2023-11-23,2360,2530,2360,2530,359
2023-11-24,2530,2530,2450,2450,441
2023-11-27,2450,2590,2450,2590,1930
2023-11-28,2585,2585,2585,2585,105
2023-11-29,2450,2590,2450,2450,401
2023-11-30,2450,2450,2365,2450,3270
2023-12-01,2450,2550,2400,2400,1291
2023-12-04,2400,2400,2350,2350,4942
2023-12-05,2350,2350,2350,2350,1898
2023-12-06,2350,2390,2350,2390,1933
2023-12-07,2390,2405,2390,2405,7841
2023-12-08,2450,2545,2450,2545,2171
2023-12-11,2540,2540,2405,2405,494
2023-12-12,2495,2500,2450,2500,70
2023-12-13,2500,2500,2450,2500,262
2023-12-14,2500,2500,2500,2500,2139
2023-12-15,2500,2535,2315,2515,1245
2023-12-18,2515,2515,2330,2330,1218
2023-12-19,2320,2500,2160,2500,16450
2023-12-20,2500,2500,2500,2500,2588
2023-12-21,2500,2500,2345,2495,55
2023-12-22,2490,2490,2350,2490,547
2023-12-26,2495,2495,2400,2400,383
2023-12-27,2400,2490,2400,2490,241
2023-12-28,2350,2480,2340,2400,1071
2023-12-29,2400,2500,2300,2500,4743
2024-01-02,2315,2485,2315,2470,3024
2024-01-03,2470,2500,2335,2490,5720
2024-01-04,2340,2490,2340,2485,250
2024-01-05,2400,2480,2400,2400,209
2024-01-08,2400,2400,2340,2400,219
2024-01-09,2400,2400,2360,2400,142
2024-01-10,2290,2400,2290,2400,1130
2024-01-11,2400,2400,2295,2350,127
2024-01-12,2400,2400,2290,2400,901
2024-01-15,2300,2300,2290,2300,2147
2024-01-16,2300,2400,2300,2400,432
2024-01-17,2300,2395,2300,2300,637
2024-01-18,2300,2390,2300,2390,110
2024-01-19,2390,2390,2300,2390,2109
2024-01-22,2400,2400,2290,2350,153
2024-01-23,2290,2350,2290,2290,365
2024-01-24,2255,2290,2245,2280,539
2024-01-25,2280,2280,2250,2280,269
2024-01-26,2280,2290,2130,2290,813
2024-01-29,2290,2290,2225,2290,404
2024-01-30,2290,2290,2225,2290,374
2024-01-31,2385,2385,2290,2290,393
2024-02-01,2280,2290,2250,2290,754
2024-02-02,2290,2290,2250,2290,506
2024-02-05,2290,2305,2260,2305,1093
2024-02-06,2305,2305,2300,2300,673
2024-02-07,2300,2320,2300,2320,675
2024-02-08,2300,2300,2280,2280,1135
2024-02-09,2280,2400,2280,2390,575
2024-02-13,2385,2385,2250,2380,4569
2024-02-14,2380,2380,2380,2380,121
2024-02-15,2280,2280,2205,2250,888
2024-02-16,2280,2350,2250,2350,272
2024-02-19,2350,2350,2350,2350,137
2024-02-20,2175,2350,2175,2310,2823
2024-02-21,2180,2310,2150,2300,1447
2024-02-22,2290,2290,2250,2290,495
2024-02-23,2260,2430,2260,2430,2169
2024-02-26,2260,2420,2260,2420,1117
2024-02-27,2420,2420,2260,2410,131
2024-02-28,2410,2415,2400,2400,74
2024-02-29,2400,2400,2400,2400,101
2024-03-01,2400,2400,2250,2380,1758
2024-03-04,2375,2375,2300,2360,263
2024-03-05,2355,2360,2250,2355,1592
2024-03-06,2355,2360,2205,2205,5754
2024-03-07,2210,2370,2210,2350,198
2024-03-08,2350,2350,2345,2345,44
2024-03-11,2350,2350,2215,2215,569
2024-03-12,2280,2310,2205,2300,19881
2024-03-13,2300,2300,2290,2295,593
2024-03-14,2295,2295,2295,2295,11
2024-03-15,2295,2295,2280,2280,77
2024-03-18,2270,2300,2200,2300,14503
2024-03-19,2300,2300,2280,2295,102
2024-03-20,2280,2300,2280,2280,279
2024-03-21,2300,2300,2250,2250,2933
2024-03-22,2250,2300,2250,2300,1003
2024-03-25,2250,2300,2250,2250,1157
2024-03-26,2250,2250,2210,2250,720
2024-03-27,2250,2390,2135,2390,2640
2024-03-28,2375,2390,2350,2390,898
2024-03-29,2385,2450,2385,2450,588
2024-04-02,2445,2445,2300,2440,493
2024-04-03,2400,2620,2400,2620,848
2024-04-04,2600,2610,2585,2585,396
2024-04-05,2550,2550,2425,2540,475
2024-04-08,2540,2540,2350,2350,623
2024-04-09,2255,2450,2200,2450,2009
2024-04-11,2450,2550,2450,2550,198
2024-04-12,2450,2495,2450,2450,765
2024-04-15,2450,2450,2400,2445,229
2024-04-16,2440,2445,2440,2445,60
2024-04-17,2445,2445,2270,2400,1008
2024-04-18,2400,2445,2395,2395,5375
2024-04-19,2400,2400,2395,2395,50
2024-04-22,2395,2395,2390,2390,268
2024-04-23,2390,2400,2390,2400,1731
2024-04-24,2400,2445,2400,2445,167
2024-04-25,2440,2440,2400,2440,80
2024-04-26,2265,2445,2260,2445,3972
2024-04-29,2440,2445,2400,2445,359
2024-04-30,2440,2440,2300,2440,13090
2024-05-02,2265,2265,2260,2260,1817
2024-05-03,2200,2260,2200,2260,1348
2024-05-06,2260,2310,2100,2310,2706
2024-05-07,2310,2415,2310,2390,1049
2024-05-08,2390,2400,2300,2300,668
2024-05-10,2130,2295,2130,2285,1065
2024-05-13,2200,2200,2150,2150,1395
2024-05-14,2310,2310,2150,2250,722
2024-05-15,2200,2250,2200,2220,317
2024-05-16,2220,2300,2205,2300,1841
2024-05-17,2300,2300,2220,2220,928
2024-05-21,2300,2300,2200,2250,774
2024-05-22,2280,2280,2280,2280,647
2024-05-23,2280,2310,2280,2310,659
2024-05-24,2300,2385,2300,2385,1264
2024-05-27,2395,2415,2300,2300,2317
2024-05-28,2300,2415,2300,2415,1323
2024-05-29,2350,2350,2250,2255,24209
2024-05-30,2350,2350,2250,2250,5240
2024-05-31,2250,2250,2195,2200,1315
2024-06-03,2225,2225,2200,2200,1409
2024-06-04,2200,2225,2190,2225,3883
2024-06-05,2215,2225,2200,2225,4296
2024-06-06,2225,2350,2225,2350,1143
2024-06-07,2350,2350,2250,2345,6705
2024-06-10,2350,2350,2260,2300,4573
2024-06-11,2300,2300,2300,2300,719
2024-06-12,2300,2345,2300,2345,6178
2024-06-13,2340,2350,2250,2350,1602
2024-06-14,2350,2350,2300,2300,3594
2024-06-18,2300,2300,2300,2300,1817
2024-06-19,2350,2350,2300,2350,968
2024-06-20,2340,2350,2300,2350,883
2024-06-21,2350,2350,2350,2350,580
2024-06-24,2355,2500,2350,2500,1626
2024-06-25,2500,2500,2350,2495,2139
2024-06-26,2200,2400,2120,2200,2791
2024-06-27,2200,2250,2200,2250,885
2024-06-28,2220,2390,2210,2390,266
2024-07-01,2350,2350,2240,2310,1993
2024-07-02,2310,2310,2310,2310,730
2024-07-03,2300,2300,2150,2150,3484
2024-07-04,2200,2200,2150,2200,744
2024-07-05,2200,2200,2200,2200,1958
2024-07-08,2200,2275,2160,2250,16815
2024-07-09,2200,2200,2200,2200,456
2024-07-10,2145,2190,2095,2100,2997
2024-07-11,2190,2250,2000,2250,11056
2024-07-12,2240,2245,2200,2200,918
2024-07-15,2200,2245,2100,2100,11041
2024-07-16,2245,2245,2240,2240,115
2024-07-17,2110,2240,2110,2235,339
2024-07-18,2235,2240,2230,2230,5925
2024-07-19,2230,2230,2175,2175,952
2024-07-22,2175,2200,2175,2200,578
2024-07-23,2200,2200,2100,2105,1661
2024-07-24,2105,2200,2105,2200,985
2024-07-25,2280,2280,2150,2150,161
2024-07-26,2190,2190,2150,2190,127
2024-07-29,2225,2225,2200,2220,187
2024-07-30,2225,2225,2150,2150,731
2024-07-31,2215,2225,2200,2200,581
2024-08-01,2210,2210,2210,2210,396
2024-08-02,2200,2220,2155,2220,5727
2024-08-05,2220,2220,2200,2200,452
2024-08-06,2200,2225,2155,2225,2212
2024-08-08,2230,2230,2195,2195,598
2024-08-09,2200,2200,2170,2185,890
2024-08-12,2175,2175,2160,2165,2354
2024-08-13,2150,2165,2150,2165,535
2024-08-14,2160,2165,2090,2165,756
2024-08-16,2160,2160,2160,2160,869
2024-08-19,2160,2160,2100,2150,6955
2024-08-20,2150,2150,2100,2130,1772
2024-08-21,2105,2165,2105,2160,3337
2024-08-22,2160,2180,2105,2180,1551
2024-08-23,2165,2230,2160,2160,3241
2024-08-26,2160,2320,2160,2320,2466
2024-08-27,2300,2320,2290,2295,761
2024-08-28,2300,2300,2290,2290,650
2024-08-29,2290,2300,2290,2300,806
2024-08-30,2300,2300,2190,2190,2906
2024-09-02,2190,2300,2190,2200,577
2024-09-03,2190,2190,2150,2150,5636
2024-09-04,2200,2200,2160,2200,564
2024-09-05,2200,2365,2200,2355,21952
2024-09-06,2345,2350,2200,2340,1561
2024-09-09,2345,2345,2205,2335,519
2024-09-10,2335,2335,2190,2190,1314
2024-09-11,2195,2195,2190,2190,1528
2024-09-12,2190,2300,2190,2295,2999
2024-09-13,2295,2295,2295,2295,3387
2024-09-16,2195,2340,2195,2320,1762
2024-09-17,2330,2330,2295,2300,1403
2024-09-18,2300,2320,2190,2200,1148
2024-09-19,2200,2330,2200,2330,1814
2024-09-20,2325,2340,2300,2330,6339
2024-09-23,2330,2350,2205,2350,1121
2024-09-24,2330,2350,2300,2345,753
2024-09-25,2345,2345,2220,2345,574
2024-09-26,2300,2300,2300,2300,235
2024-09-27,2300,2350,2290,2350,1470
2024-09-30,2345,2345,2305,2345,1388
2024-10-01,2345,2345,2250,2300,491
2024-10-02,2340,2340,2160,2300,6574
2024-10-03,2300,2300,2250,2300,115
2024-10-04,2300,2300,2160,2285,892
2024-10-07,2250,2300,2175,2175,6179
2024-10-08,2175,2295,2175,2295,263
2024-10-09,2295,2300,2205,2205,2216
2024-10-10,2295,2310,2175,2310,4762
2024-10-11,2300,2310,2300,2300,1694
2024-10-14,2300,2300,2165,2200,671
2024-10-15,2300,2300,2290,2300,805
2024-10-16,2250,2300,2250,2300,305
2024-10-17,2300,2315,2300,2315,486
2024-10-18,2315,2315,2300,2315,519
2024-10-21,2315,2315,2310,2310,205
2024-10-22,2315,2315,2275,2275,160
2024-10-23,2300,2300,2300,2300,123
2024-10-24,2300,2300,2190,2190,801
2024-10-25,2200,2300,2200,2300,1263
2024-10-28,2295,2295,2295,2295,87
2024-10-29,2200,2300,2190,2300,2176
2024-10-30,2200,2400,2200,2395,563
2024-10-31,2395,2395,2395,2395,33
2024-11-04,2400,2435,2350,2350,1622
2024-11-05,2400,2400,2350,2350,1896
2024-11-06,2340,2340,2300,2300,189
2024-11-07,2300,2350,2205,2205,579
2024-11-08,2200,2350,2150,2210,17830
2024-11-11,2210,2350,2210,2220,948
2024-11-12,2250,2350,2250,2250,89
2024-11-13,2220,2350,2220,2350,356
2024-11-14,2350,2350,2230,2230,177
2024-11-18,2230,2345,2230,2235,385
2024-11-19,2240,2350,2235,2350,3217
2024-11-20,2340,2345,2300,2310,142
2024-11-21,2310,2345,2240,2240,395
2024-11-22,2310,2310,2300,2300,315
2024-11-25,2300,2350,2300,2350,60
2024-11-26,2300,2350,2300,2345,2584
2024-11-27,2345,2345,2345,2345,111
2024-11-28,2345,2345,2345,2345,514
2024-11-29,2345,2345,2315,2315,594
2024-12-02,2350,2350,2350,2350,123
2024-12-03,2350,2430,2350,2355,2115
2024-12-04,2355,2395,2255,2255,4680
2024-12-05,2375,2375,2255,2255,191
2024-12-06,2260,2360,2250,2250,665
2024-12-09,2250,2350,2085,2350,8475
2024-12-10,2290,2290,2175,2290,288
2024-12-11,2290,2290,2250,2250,367
2024-12-12,2290,2300,2290,2300,363
2024-12-13,2300,2350,2300,2350,1355
2024-12-16,2350,2350,2300,2340,461
2024-12-17,2345,2345,2340,2345,462
2024-12-18,2345,2345,2300,2300,1311
2024-12-19,2300,2300,2290,2290,243
2024-12-20,2290,2290,2250,2290,287
2024-12-23,2250,2250,2200,2250,2437
2024-12-24,2250,2250,2250,2250,89
2024-12-26,2250,2250,2120,2250,3162
2024-12-27,2250,2250,2200,2250,618
2024-12-30,2250,2250,2200,2250,1241
2024-12-31,2250,2300,2250,2300,1204
2025-01-02,2300,2300,2300,2300,8
2025-01-03,2300,2300,2300,2300,111
2025-01-06,2260,2300,2260,2300,482
2025-01-07,2275,2300,2275,2300,744
2025-01-08,2275,2400,2275,2400,488
2025-01-09,2400,2400,2275,2400,1178
2025-01-10,2390,2395,2275,2390,265
2025-01-13,2275,2400,2260,2400,1238
2025-01-14,2400,2400,2390,2390,70
2025-01-15,2300,2300,2300,2300,45
2025-01-16,2370,2390,2300,2390,650
2025-01-17,2380,2380,2380,2380,259
2025-01-20,2385,2385,2380,2385,267
2025-01-21,2385,2385,2300,2385,574
2025-01-22,2385,2395,2300,2395,705
2025-01-23,2395,2395,2390,2390,65
2025-01-24,2390,2390,2300,2390,179
2025-01-27,2390,2390,2350,2385,507
2025-01-28,2375,2375,2350,2350,264
2025-01-29,2350,2350,2300,2300,1502
2025-01-30,2260,2300,2225,2225,1923
2025-01-31,2230,2300,2200,2200,1127
2025-02-03,2200,2300,2200,2300,473
2025-02-04,2250,2250,2250,2250,415
2025-02-05,2250,2250,2250,2250,966
2025-02-06,2205,2300,2205,2285,3468
2025-02-07,2290,2375,2285,2375,372
2025-02-10,2380,2385,2380,2380,1620
2025-02-11,2385,2390,2215,2345,5573
2025-02-12,2350,2375,2300,2350,816
2025-02-13,2350,2390,2200,2200,8338
2025-02-14,2360,2360,2300,2360,289
2025-02-17,2395,2395,2360,2375,136
2025-02-18,2365,2395,2365,2375,1609
2025-02-19,2385,2390,2330,2385,548
2025-02-20,2385,2390,2305,2375,431
2025-02-21,2375,2390,2375,2375,1198
2025-02-24,2375,2375,2355,2370,728
2025-02-25,2370,2370,2350,2350,1628
2025-02-26,2360,2365,2350,2365,860
2025-02-27,2365,2370,2350,2365,4502
2025-02-28,2365,2370,2320,2365,3159
2025-03-03,2370,2370,2365,2370,1082
2025-03-04,2370,2370,2350,2365,3602
2025-03-05,2365,2365,2350,2365,2578
2025-03-06,2350,2350,2325,2350,1550
2025-03-07,2360,2365,2350,2350,2348
2025-03-10,2350,2365,2350,2355,4759
2025-03-11,2355,2400,2300,2350,12442
2025-03-12,2350,2350,2300,2350,193
2025-03-13,2345,2440,2345,2440,1843
2025-03-14,2440,2450,2365,2440,1319
2025-03-17,2440,2440,2350,2440,1576
2025-03-18,2440,2440,2345,2400,10547
2025-03-19,2400,2400,2375,2375,3020
2025-03-20,2360,2375,2305,2350,4161
2025-03-21,2350,2350,2310,2330,1371
2025-03-24,2330,2400,2330,2395,379
2025-03-25,2380,2395,2350,2350,2246
2025-03-26,2350,2350,2350,2350,1254
2025-03-28,2350,2440,2350,2440,1260
2025-04-01,2355,2440,2350,2440,1087
2025-04-02,2440,2440,2350,2350,1668
2025-04-03,2400,2450,2355,2405,1008
2025-04-04,2400,2400,2315,2350,3370
2025-04-07,2350,2350,2305,2350,2571
2025-04-08,2390,2445,2350,2350,2345
2025-04-09,2350,2350,2300,2350,1549
2025-04-10,2350,2350,2200,2300,3538
2025-04-11,2300,2345,2300,2300,1188
2025-04-14,2335,2340,2330,2340,1164
2025-04-15,2340,2340,2300,2340,533
2025-04-16,2345,2350,2335,2350,2234
2025-04-17,2350,2445,2295,2400,5152
2025-04-18,2400,2400,2395,2395,220
2025-04-22,2390,2390,2390,2390,131
2025-04-23,2380,2400,2380,2400,646
2025-04-24,2400,2440,2400,2440,841
2025-04-25,2445,2500,2445,2500,3055
2025-04-28,2500,2500,2400,2400,5346
2025-04-29,2450,2545,2400,2545,2908
2025-04-30,2545,2545,2525,2525,746
2025-05-02,2500,2500,2475,2500,15981
2025-05-05,2500,2540,2495,2495,6894
2025-05-06,2495,2500,2445,2445,2024
2025-05-07,2405,2450,2400,2450,3282
2025-05-08,2445,2450,2400,2450,527
2025-05-09,2450,2450,2400,2450,12826
2025-05-12,2440,2520,2400,2500,1126
2025-05-13,2500,2500,2495,2500,350
2025-05-14,2490,2500,2450,2490,826
2025-05-15,2490,2500,2490,2495,589
2025-05-16,2450,2495,2410,2410,1849
2025-05-19,2410,2425,2410,2415,542
2025-05-20,2500,2500,2490,2495,2396
2025-05-21,2410,2495,2410,2410,720
2025-05-22,2410,2490,2400,2490,408
2025-05-23,2490,2495,2445,2450,2839
2025-05-26,2490,2500,2420,2450,2881
2025-05-27,2495,2545,2450,2500,973
2025-05-28,2525,2525,2475,2525,5068
2025-05-30,2500,2525,2500,2500,566
2025-06-02,2525,2525,2500,2500,5735
2025-06-03,2595,2595,2550,2595,1964
2025-06-04,2600,2780,2570,2595,2998
2025-06-05,2595,2785,2595,2785,1260
2025-06-10,2760,2760,2725,2725,19523
2025-06-11,2725,2725,2650,2650,1846
2025-06-12,2700,2700,2600,2650,2263
2025-06-13,2700,2700,2600,2650,1666
2025-06-16,2650,2700,2650,2700,3578
2025-06-17,2750,2750,2600,2750,7534
2025-06-18,2750,2750,2700,2700,5121
2025-06-19,2700,2750,2600,2725,4202
2025-06-20,2750,2750,2600,2750,9227
2025-06-23,2745,2745,2600,2650,7315
2025-06-24,2650,2735,2615,2730,1761
2025-06-25,2725,2725,2690,2700,2642
2025-06-26,2700,2725,2665,2665,2679
2025-06-27,2700,2710,2675,2675,1724
2025-06-30,2665,2725,2665,2725,1464
2025-07-01,2725,2735,2700,2725,11686
2025-07-02,2735,2750,2675,2750,6754
2025-07-03,2750,2750,2690,2740,9908
2025-07-04,2740,2740,2695,2740,2824
2025-07-07,2740,2740,2700,2720,2925
2025-07-08,2740,2740,2675,2740,6400
2025-07-09,2525,2700,2505,2600,881
2025-07-10,2500,2535,2405,2535,3209
2025-07-11,2505,2535,2505,2520,1146
2025-07-14,2500,2530,2480,2530,1162
2025-07-15,2455,2650,2455,2530,1717
2025-07-16,2600,2600,2490,2500,1802
2025-07-17,2500,2530,2485,2525,906
2025-07-18,2525,2525,2410,2460,1964
2025-07-21,2410,2460,2410,2460,1193
2025-07-22,2500,2500,2350,2350,10761
2025-07-23,2255,2375,2255,2370,1045
2025-07-24,2320,2375,2320,2375,1634
2025-07-25,2375,2480,2340,2450,1617
2025-07-28,2450,2495,2450,2480,1144
2025-07-29,2500,2500,2480,2480,2997
2025-07-30,2480,2480,2430,2450,1445
2025-07-31,2550,2550,2500,2500,25228
2025-08-01,2500,2535,2450,2500,11719
2025-08-04,2500,2535,2500,2530,755
2025-08-05,2380,2525,2380,2500,394
2025-08-06,2500,2500,2465,2500,694
2025-08-08,2500,2510,2475,2500,1238
2025-08-11,2400,2505,2400,2500,1275
2025-08-12,2500,2500,2480,2500,1333
2025-08-13,2500,2500,2490,2500,260
2025-08-14,2500,2500,2500,2500,220
2025-08-18,2500,2500,2455,2455,1017
2025-08-19,2470,2495,2450,2450,1101
2025-08-20,2450,2495,2400,2470,1650
2025-08-21,2495,2495,2390,2450,997
2025-08-22,2450,2500,2450,2470,4767
2025-08-25,2470,2500,2470,2470,5234
2025-08-26,2470,2500,2470,2500,6043
2025-08-27,2500,2600,2500,2590,660
2025-08-28,2590,2590,2500,2500,1021
2025-08-29,2600,2600,2580,2580,773
2025-09-01,2580,2595,2580,2580,707
2025-09-02,2500,2570,2500,2560,1762
2025-09-03,2560,2560,2550,2560,214
2025-09-05,2555,2560,2500,2500,2839
2025-09-08,2500,2500,2490,2490,2404
2025-09-09,2495,2495,2485,2490,270
2025-09-10,2460,2490,2460,2470,1424
2025-09-11,2470,2470,2430,2450,653
2025-09-12,2470,2500,2300,2490,5614
2025-09-15,2490,2490,2480,2480,892
2025-09-16,2475,2480,2325,2470,11982
2025-09-17,2470,2490,2470,2490,1846
2025-09-18,2490,2490,2485,2490,932
2025-09-19,2490,2490,2405,2485,20713
2025-09-22,2485,2500,2450,2450,2439
2025-09-23,2490,2495,2485,2495,534
2025-09-24,2490,2495,2470,2485,1530
2025-09-25,2485,2485,2450,2485,514
2025-09-26,2485,2485,2480,2485,940
2025-09-29,2485,2500,2440,2440,2047
2025-09-30,2440,2490,2405,2490,4673
2025-10-01,2460,2490,2440,2470,601
2025-10-02,2485,2485,2465,2465,549
2025-10-03,2465,2465,2450,2465,916
2025-10-06,2475,2480,2430,2430,4555
2025-10-07,2470,2470,2430,2470,645
2025-10-08,2465,2490,2465,2485,1551
2025-10-09,2465,2490,2465,2490,2926
2025-10-10,2500,2505,2490,2500,831
2025-10-13,2505,2505,2475,2480,2664
2025-10-14,2480,2480,2470,2470,2966
2025-10-15,2475,2475,2470,2470,2266
2025-10-16,2470,2480,2470,2480,2349
2025-10-17,2480,2480,2475,2475,3087
2025-10-20,2475,2500,2475,2500,7528
2025-10-21,2500,2500,2475,2500,4983
2025-10-22,2500,2600,2480,2550,11347
2025-10-23,2550,2550,2500,2550,1430
2025-10-24,2550,2550,2500,2525,706
2025-10-27,2525,2525,2500,2500,767
2025-10-28,2500,2500,2500,2500,422
2025-10-29,2500,2500,2475,2500,1825
2025-10-30,2500,2500,2475,2490,2943
2025-10-31,2475,2500,2475,2500,965
2025-11-03,2495,2495,2475,2475,8150
2025-11-04,2475,2490,2475,2480,2231
2025-11-05,2480,2485,2475,2485,983
2025-11-06,2480,2480,2475,2480,1370
2025-11-07,2475,2480,2475,2475,1230
2025-11-10,2475,2495,2475,2490,648
2025-11-11,2480,2495,2475,2490,742
2025-11-12,2485,2490,2470,2485,508
2025-11-13,2490,2490,2480,2480,408
2025-11-14,2475,2485,2475,2485,3190
2025-11-17,2475,2485,2475,2480,3743
2025-11-18,2475,2485,2475,2475,4074
2025-11-19,2470,2490,2470,2490,1315
2025-11-20,2500,2500,2480,2500,699
2025-11-21,2490,2490,2475,2490,345
2025-11-24,2500,2500,2480,2500,374
2025-11-25,2500,2500,2490,2495,1082
2025-11-26,2495,2500,2490,2500,1330
2025-11-27,2475,2505,2475,2480,1310
2025-11-28,2500,2555,2490,2555,321
2025-12-01,2555,2555,2500,2550,849
2025-12-02,2550,2550,2500,2550,1004
2025-12-03,2550,2550,2490,2490,1910
2025-12-04,2500,2500,2490,2500,694
2025-12-05,2500,2500,2490,2490,1933
2025-12-08,2490,2560,2490,2560,617
2025-12-09,2560,2560,2550,2560,1219
2025-12-10,2560,2560,2480,2550,392
2025-12-11,2550,2560,2550,2550,345
2025-12-12,2530,2560,2530,2560,275
2025-12-15,2555,2565,2550,2555,317
2025-12-16,2550,2550,2505,2510,403
2025-12-17,2510,2510,2490,2500,2482
2025-12-18,2520,2520,2480,2485,959
2025-12-19,2485,2545,2480,2545,1942
2025-12-22,2475,2545,2475,2475,1719
2025-12-23,2545,2545,2475,2545,733
2025-12-24,2475,2500,2475,2500,567
2025-12-26,2500,2530,2500,2500,1647
2025-12-29,2500,2550,2465,2480,3714
2025-12-30,2500,2500,2465,2480,108
2025-12-31,2480,2500,2480,2500,320
2026-01-02,2510,2530,2510,2530,453
2026-01-05,2530,2680,2350,2350,2916
2026-01-06,2495,2495,2425,2425,1422
2026-01-07,2425,2450,2360,2450,1913
2026-01-08,2450,2530,2425,2530,636
2026-01-09,2530,2530,2370,2530,459
2026-01-12,2530,2530,2530,2530,795
2026-01-13,2530,2600,2365,2600,1249
2026-01-14,2600,2600,2500,2555,390
2026-01-15,2550,2600,2550,2600,656
2026-01-16,2600,2645,2550,2550,835
2026-01-19,2600,2600,2550,2550,705
2026-01-20,2550,2550,2530,2530,459
2026-01-21,2500,2550,2485,2550,2195
2026-01-22,2500,2550,2500,2550,714
2026-01-23,2550,2550,2515,2550,409
2026-01-26,2550,2550,2540,2540,277
2026-01-27,2540,2550,2540,2550,869
2026-01-28,2550,2595,2540,2540,807
2026-01-29,2595,2600,2540,2600,1014
2026-01-30,2600,2600,2550,2600,1367
2026-02-02,2600,2640,2600,2620,974
2026-02-03,2620,2700,2620,2660,970
2026-02-04,2660,2700,2660,2700,1289
2026-02-05,2700,2705,2680,2700,1958
2026-02-06,2700,2750,2700,2740,1100
2026-02-09,2730,2730,2700,2720,2734
2026-02-10,2730,2730,2710,2720,4325
2026-02-11,2720,2720,2700,2720,1311
2026-02-12,2720,2730,2700,2730,4308
2026-02-13,2730,2750,2730,2750,1084
2026-02-16,2900,2900,2750,2750,3110
2026-02-17,2755,2800,2755,2755,1923
2026-02-18,2760,2890,2755,2800,3539
2026-02-19,2800,2930,2800,2875,6683
2026-02-20,2930,3005,2930,2930,2020
2026-02-23,2850,2930,2850,2850,5400
2026-02-24,2850,2850,2800,2850,2668
2026-02-25,2850,2900,2810,2850,3719
2026-02-26,2850,2920,2760,2845,3272
2026-02-27,2850,2945,2755,2910,1152
2026-03-02,2940,3125,2940,3125,25514
2026-03-03,3125,3325,3125,3300,15412
2026-03-04,3495,3495,3300,3440,5644
2026-03-05,3445,3445,3300,3300,5425
2026-03-06,3300,3300,3065,3285,3895
2026-03-09,3285,3285,3200,3225,2476
2026-03-10,3280,3280,3230,3230,3563
2026-03-11,3280,3285,3000,3245,5503
2026-03-12,3250,3280,3100,3100,1561
2026-03-13,3100,3195,3005,3195,1328
2026-03-17,3200,3275,3195,3210,4042
2026-03-18,3265,3265,2975,3265,1391
2026-03-19,3265,3265,3210,3265,2279
2026-03-23,3265,3265,3025,3025,12064
2026-03-24,3020,3250,3000,3190,925
2026-03-25,3190,3240,3015,3015,844
2026-03-26,3015,3200,3010,3100,670
2026-03-27,3240,3300,3240,3250,2407
2026-03-30,3300,3400,3250,3350,1793
2026-03-31,3350,3350,3250,3250,4167
2026-04-01,3350,3350,3015,3250,16958
2026-04-02,3250,3350,3250,3350,1083
2026-04-03,3350,3400,3340,3390,1826
2026-04-07,3380,3380,3140,3370,4377
2026-04-08,3120,3370,3120,3290,816
2026-04-09,3285,3290,3210,3250,988
2026-04-10,3250,3290,3155,3155,996
2026-04-13,3155,3155,3000,3000,1147
2026-04-14,3000,3000,2850,2995,4558
2026-04-15,3000,3215,2995,3215,3048
2026-04-16,3215,3280,3215,3280,1624
2026-04-17,3280,3285,3280,3280,3925
2026-04-20,3280,3280,3250,3250,5889
2026-04-21,3250,3250,3100,3200,463
2026-04-22,3100,3200,3005,3005,612
2026-04-23,3000,3195,3000,3195,537
2026-04-24,3195,3250,3195,3245,1170
2026-04-27,3245,3250,3150,3200,1819
2026-04-28,3300,3300,3180,3180,884
2026-04-29,3180,3210,3100,3210,1305
2026-04-30,3230,3300,3230,3250,1045
2026-05-04,3250,3250,3010,3010,2945
2026-05-05,3010,3010,3000,3000,1295
2026-05-06,3010,3010,3000,3005,481
2026-05-07,3010,3100,3000,3000,1956
2026-05-08,2950,3000,2950,2950,2197
2026-05-11,2910,2950,2900,2900,3481
2026-05-12,2850,2850,2810,2845,2044
2026-05-13,2950,3025,2950,3025,2139
2026-05-15,3025,3025,3005,3005,2180
2026-05-18,3005,3005,2975,2990,728
2026-05-19,3005,3025,2990,3020,1621
2026-05-20,3025,3050,3025,3050,1777
2026-05-21,3050,3250,3050,3240,1104
2026-05-22,3300,3300,3155,3195,2247
2026-05-26,3100,3200,3100,3200,1726
2026-05-28,3300,3350,3300,3300,4503
2026-05-29,3300,3350,3300,3350,5011
2026-06-01,3350,3440,3350,3365,941
2026-06-02,3370,3430,3300,3365,4685
2026-06-03,3370,3400,3365,3365,2016
2026-06-04,3365,3490,3360,3490,1602
2026-06-05,3490,3495,3385,3495,1051
2026-06-08,3495,3495,3370,3490,1757
2026-06-09,3490,3490,3390,3475,5531
2026-06-10,3480,3480,3440,3440,840
2026-06-11,3440,3445,3380,3400,1631
2026-06-12,3440,3445,3420,3425,2019
2026-06-15,3430,3480,3310,3350,2872
2026-06-16,3310,3425,3310,3395,1490
2026-06-17,3395,3500,3395,3460,2069
2026-06-18,3500,3500,3400,3495,1176
2026-06-19,3495,3500,3450,3500,1490
2026-06-22,3500,3500,3455,3455,2166
2026-06-23,3455,3455,3400,3450,971
2026-06-24,3450,3455,3450,3450,315
2026-06-25,3450,3455,3445,3455,1705
2026-06-26,3450,3500,3400,3500,11973
2026-06-29,3600,3755,3530,3750,1124
2026-06-30,3750,3995,3750,3895,2280
2026-07-01,3800,4000,3795,4000,3398
2026-07-02,4050,4050,3800,4050,3784
2026-07-03,4045,4200,3900,4045,4785
2026-07-06,4045,4250,4045,4200,2537
2026-07-07,4205,4500,4200,4500,5744
2026-07-08,4510,4510,4250,4300,4585
2026-07-09,4350,4400,4250,4250,7352
2026-07-10,4250,4410,4200,4260,2525
2026-07-13,4250,4450,4050,4295,4233
2026-07-14,4300,4450,4300,4440,1371
2026-07-15,4110,4425,4110,4110,2770
2026-07-16,3900,4110,3640,4085,8392
2026-07-17,4050,4050,3850,3995,3571
2026-07-20,3900,3950,3700,3800,5625
2026-07-21,3600,3795,3600,3745,1808
2026-07-22,3745,3800,3605,3700,11890
2026-07-23,3700,3895,3605,3800,2026
2026-07-24,3800,3800,3720,3750,1407
2026-07-27,3750,3800,3655,3700,2698
2026-07-28,3650,3685,3600,3650,4799
2026-07-29,3610,3650,3500,3625,3305
2026-07-30,3650,3650,3500,3650,2283
2026-07-31,3650,3655,3500,3655,1779
2026-08-03,3625,3655,3625,3655,2070
2026-08-04,3650,3655,3500,3500,2450
2026-08-05,3500,3650,3500,3630,681
2026-08-06,3630,3650,3500,3500,1573
2026-08-10,3550,3650,3500,3600,1109
2026-08-11,3600,3650,3500,3600,2965
2026-08-12,3600,3650,3500,3600,2995
2026-08-13,3500,3600,3500,3600,1684
2026-08-14,3550,3600,3515,3585,491
2026-08-17,3585,3750,3585,3700,2434
2026-08-18,3700,3800,3700,3800,3926
2026-08-19,3900,3900,3700,3700,2275
2026-08-20,3800,3975,3730,3965,1964
2026-08-21,3965,3965,3900,3900,3491
2026-08-24,3920,3975,3750,3850,2759
2026-08-26,3850,3850,3700,3800,2307
2026-08-27,3790,3790,3685,3685,6384
2026-08-28,3670,3800,3620,3795,1727
2026-08-31,3795,3800,3700,3800,1819
2026-09-01,3800,3855,3780,3855,4239
2026-09-02,3855,3855,3850,3855,2288
2026-09-03,3800,3855,3800,3850,1070
2026-09-04,3825,3850,3800,3840,1575
2026-09-07,3900,3900,3790,3800,3446
2026-09-08,3800,3800,3790,3790,994
2026-09-09,3790,3900,3790,3840,2954
2026-09-10,3840,3850,3790,3850,1318
2026-09-11,3850,3900,3850,3890,1089
2026-09-14,3900,4000,3840,4000,1674
2026-09-15,4000,4000,3950,3990,1484
2026-09-16,3990,4000,3950,3950,2114
2026-09-17,3950,3990,3800,3800,2204
2026-09-18,3980,4000,3945,3950,2533
2026-09-21,3945,3945,3790,3850,1226
2026-09-22,3850,3850,3810,3815,1381
2026-09-23,3815,3890,3550,3800,1985
2026-09-24,3800,3815,3600,3795,956
2026-09-25,3600,3795,3600,3795,1624
