Date,Open,High,Low,Close,Volume
2010-04-12,602,602,602,602,23713
2010-04-22,633,633,633,633,391879
2010-05-12,685,685,685,685,854
2010-05-17,633,633,633,633,569109
2010-05-21,654,654,654,654,163429
2010-06-01,654,654,654,654,949
2010-06-04,654,654,654,654,474
2010-06-10,654,654,654,654,474
2010-06-15,654,654,654,654,711
2010-06-23,633,633,633,633,569
2010-06-24,633,633,633,633,854
2010-06-25,633,633,633,633,3557
2010-06-29,633,633,633,633,522
2010-06-30,633,633,633,633,17073
2010-07-01,633,633,633,633,19445
2010-07-02,633,633,633,633,617
2010-07-05,633,633,633,633,9485
2010-07-06,633,633,633,633,6829
2010-07-08,633,633,633,633,12331
2010-07-12,633,633,633,633,1612
2010-07-13,633,633,633,633,95
2010-07-15,611,611,611,611,1518
2010-07-16,633,633,633,633,2371
2010-07-19,633,633,633,633,1233
2010-07-20,633,633,633,633,474
2010-07-21,633,633,633,633,47
2010-07-22,633,633,633,633,3320
2010-07-23,633,633,633,633,1328
2010-07-26,633,633,633,633,2371
2010-07-27,633,633,633,633,1897
2010-07-28,633,633,633,633,1660
2010-07-29,633,633,633,633,9438
2010-07-30,633,633,633,633,20393
2010-08-02,633,633,633,633,427
2010-08-03,633,633,633,633,9533
2010-08-05,633,633,633,633,12805
2010-08-06,633,633,633,633,11382
2010-08-09,633,633,633,633,2371
2010-08-10,633,633,633,633,1470
2010-08-12,633,633,633,633,1897
2010-08-13,633,633,633,633,2893
2010-08-16,633,633,633,633,4031
2010-08-18,622,622,622,622,1328
2010-08-19,622,622,622,622,2703
2010-08-23,622,622,622,622,1186
2010-08-24,612,612,612,612,2371
2010-08-25,601,601,601,601,3462
2010-08-26,590,590,590,590,5075
2010-08-30,591,591,591,591,711
2010-08-31,590,590,590,590,569
2010-09-01,591,591,591,591,379
2010-09-02,590,590,590,590,854
2010-09-03,590,590,590,590,4837
2010-09-07,590,590,590,590,2798
2010-09-08,590,590,590,590,4743
2010-09-09,590,590,590,590,2371
2010-09-13,590,590,590,590,7114
2010-09-14,590,590,590,590,9485
2010-09-15,590,590,590,590,3083
2010-09-16,590,590,590,590,4743
2010-09-20,590,590,590,590,1612
2010-09-21,590,590,590,590,806
2010-09-22,590,590,590,590,2988
2010-09-23,590,590,590,590,949
2010-09-27,590,590,590,590,2371
2010-09-28,586,586,586,586,40359
2010-10-01,580,580,580,580,49797
2010-10-04,580,580,580,580,8537
2010-10-05,580,580,580,580,664
2010-10-06,580,580,580,580,1897
2010-10-07,580,580,580,580,2371
2010-10-08,580,580,580,580,47
2010-10-13,580,580,580,580,4268
2010-10-15,580,580,580,580,130753
2010-10-18,580,580,580,580,38415
2010-10-20,580,580,580,580,806
2010-10-21,580,580,580,580,332
2010-10-22,580,580,580,580,3557
2010-10-25,580,580,580,580,2846
2010-10-26,578,578,578,578,1897
2010-10-27,578,578,578,578,5169
2010-10-28,590,590,590,590,12141
2010-10-29,590,590,590,590,4079
2010-11-02,590,590,590,590,5739
2010-11-03,590,590,590,590,23760
2010-11-04,590,590,590,590,9485
2010-11-05,590,590,590,590,9959
2010-11-08,590,590,590,590,9817
2010-11-09,590,590,590,590,7588
2010-11-11,590,590,590,590,711
2010-11-17,590,590,590,590,1375
2010-11-18,590,590,590,590,237
2010-11-24,590,590,590,590,237
2010-11-25,590,590,590,590,95
2010-11-26,590,590,590,590,711
2010-11-30,611,611,611,611,711
2010-12-01,611,611,611,611,996
2010-12-02,611,611,611,611,95
2010-12-03,611,611,611,611,949
2010-12-08,611,611,611,611,1375
2010-12-10,611,611,611,611,2371
2010-12-13,633,633,633,633,23808
2010-12-14,611,611,611,611,1186
2010-12-15,633,633,633,633,6972
2010-12-16,633,633,633,633,2466
2010-12-17,633,633,633,633,1423
2010-12-20,633,633,633,633,1186
2010-12-21,633,633,633,633,4790
2010-12-22,633,633,633,633,996
2010-12-24,633,633,633,633,1186
2010-12-27,633,633,633,633,1186
2011-01-03,633,633,633,633,47
2011-01-06,630,630,630,630,3747
2011-01-12,630,630,630,630,1565
2011-01-18,569,569,569,569,854
2011-01-19,611,611,611,611,1897
2011-01-24,611,611,611,611,1091
2011-01-25,611,611,611,611,854
2011-01-27,611,611,611,611,2324
2011-02-02,590,590,590,590,1423
2011-02-04,630,630,630,630,474
2011-02-10,633,633,633,633,23713
2011-04-14,611,611,611,611,1423
2011-04-15,590,590,590,590,2371
2011-04-18,590,590,590,590,2846
2011-04-20,590,590,590,590,1186
2011-04-21,590,590,590,590,2087
2011-05-04,590,590,590,590,1186
2011-05-05,590,590,590,590,1328
2011-05-11,590,590,590,590,14228
2011-05-12,590,590,590,590,13753
2011-05-13,590,590,590,590,18970
2011-05-16,590,590,590,590,237
2011-05-17,611,611,611,611,7541
2011-05-25,633,633,633,633,1375
2011-05-26,633,633,633,633,4743
2011-06-01,611,611,611,611,6213
2011-06-03,633,633,633,633,11951
2011-06-07,680,680,680,680,474
2011-06-08,633,633,633,633,617
2011-06-09,633,633,633,633,47
2011-06-14,590,590,590,590,617
2011-06-15,590,590,590,590,1233
2011-06-16,611,611,611,611,1992
2011-06-17,611,611,611,611,2751
2011-06-20,611,611,611,611,4031
2011-06-21,611,611,611,611,2893
2011-06-24,611,611,611,611,1992
2011-06-28,614,614,614,614,711
2011-06-29,614,614,614,614,474
2011-07-01,622,622,622,622,4031
2011-07-04,633,633,633,633,2656
2011-07-05,633,633,633,633,474
2011-07-06,633,633,633,633,6308
2011-07-08,633,633,633,633,2134
2011-07-11,633,633,633,633,1138
2011-07-12,633,633,633,633,3415
2011-07-13,633,633,633,633,142
2011-07-25,633,633,633,633,4743
2011-07-28,654,654,654,654,1186
2011-08-03,611,611,611,611,3415
2011-08-04,611,611,611,611,1186
2011-08-05,611,611,611,611,237
2011-08-09,611,611,611,611,617
2011-08-11,611,611,611,611,949
2011-08-16,611,611,611,611,854
2011-08-18,611,611,611,611,711
2011-08-19,611,611,611,611,2466
2011-08-22,611,611,611,611,1186
2011-08-23,611,611,611,611,4743
2011-08-24,611,611,611,611,901
2011-08-25,611,611,611,611,2561
2011-08-29,611,611,611,611,2229
2011-09-02,580,580,580,580,569
2011-09-05,580,580,580,580,95
2011-09-13,580,580,580,580,3984
2011-09-14,580,580,580,580,3130
2011-09-15,580,580,580,580,1233
2011-09-16,590,590,590,590,379
2011-09-19,590,590,590,590,1518
2011-09-20,590,590,590,590,47
2011-09-22,590,590,590,590,474
2011-09-23,601,601,601,601,9390
2011-09-26,601,601,601,601,190
2011-09-28,611,611,611,611,4837
2011-09-29,611,611,611,611,3794
2011-09-30,611,611,611,611,1091
2011-10-03,611,611,611,611,237
2011-10-04,611,611,611,611,237
2011-10-07,590,590,590,590,2846
2011-10-10,611,611,611,611,2371
2011-10-19,590,590,590,590,569
2011-10-20,590,590,590,590,4743
2011-10-24,610,610,610,610,4743
2011-10-25,611,611,611,611,1043
2011-10-27,611,611,611,611,5454
2011-10-28,611,611,611,611,33577
2011-10-31,593,593,593,593,949
2011-11-03,633,633,633,633,15888
2011-11-04,633,633,633,633,54540
2011-11-10,633,633,633,633,474
2011-11-11,633,633,633,633,2419
2011-11-14,633,633,633,633,711
2011-11-16,633,633,633,633,47
2011-11-17,633,633,633,633,474
2011-11-23,633,633,633,633,569
2011-11-24,633,633,633,633,664
2011-11-25,633,633,633,633,2561
2011-11-28,633,633,633,633,237
2011-12-02,633,633,633,633,1043
2011-12-05,633,633,633,633,1186
2011-12-06,633,633,633,633,1423
2011-12-08,630,630,630,630,949
2011-12-12,678,678,678,678,2371
2011-12-14,675,675,675,675,5407
2011-12-19,580,580,580,580,379
2011-12-23,577,577,577,577,4932
2011-12-27,577,577,577,577,4743
2011-12-30,590,590,590,590,23239
2012-01-04,611,611,611,611,331980
2012-01-19,590,590,590,590,3841
2012-01-23,589,589,589,589,2846
2012-01-24,590,590,590,590,5739
2012-01-25,612,612,612,612,6308
2012-01-26,612,612,612,612,1423
2012-01-30,611,611,611,611,5833
2012-02-01,611,611,611,611,332
2012-02-02,605,605,605,605,4268
2012-02-06,590,590,590,590,901
2012-02-08,590,590,590,590,1802
2012-02-14,590,590,590,590,379
2012-02-17,580,580,580,580,617
2012-02-20,580,580,580,580,1470
2012-02-22,580,580,580,580,47
2012-02-23,580,580,580,580,12331
2012-02-24,565,565,565,565,474
2012-02-27,569,569,569,569,522
2012-02-29,569,569,569,569,25562
2012-03-02,569,569,569,569,2846
2012-03-05,569,569,569,569,379
2012-03-08,559,559,559,559,711
2012-03-09,569,569,569,569,106044
2012-03-13,590,590,590,590,949
2012-03-15,590,590,590,590,11098
2012-03-16,590,590,590,590,8442
2012-03-20,590,590,590,590,142
2012-03-21,590,590,590,590,522
2012-03-23,590,590,590,590,2371
2012-03-27,590,590,590,590,1755
2012-03-28,590,590,590,590,1802
2012-03-29,590,590,590,590,3225
2012-03-30,590,590,590,590,379
2012-04-02,590,590,590,590,237
2012-04-03,590,590,590,590,13042
2012-04-04,590,590,590,590,474
2012-04-06,546,546,546,546,949
2012-04-10,546,546,546,546,2371
2012-04-12,538,538,538,538,1138
2012-04-13,546,546,546,546,1423
2012-04-17,538,538,538,538,854
2012-04-20,548,548,548,548,474
2012-04-23,569,569,569,569,1043
2012-04-24,548,548,548,548,5169
2012-04-25,569,569,569,569,7161
2012-04-26,569,569,569,569,190
2012-04-27,569,569,569,569,4790
2012-04-30,611,611,611,611,19445
2012-05-02,611,611,611,611,142
2012-05-03,611,611,611,611,664
2012-05-04,611,611,611,611,95
2012-05-07,611,611,611,611,79675
2012-05-08,611,611,611,611,2324
2012-05-09,616,616,616,616,2371
2012-05-10,616,616,616,616,2846
2012-05-11,622,622,622,622,2182
2012-05-15,622,622,622,622,1897
2012-05-16,622,622,622,622,3178
2012-05-18,616,616,616,616,1186
2012-05-29,601,601,601,601,474
2012-06-04,601,601,601,601,1138
2012-06-05,601,601,601,601,24424
2012-06-06,605,605,605,605,47426
2012-06-14,601,601,601,601,1612
2012-06-15,622,622,622,622,711
2012-06-18,633,633,633,633,2371
2012-06-19,633,633,633,633,1233
2012-06-20,633,633,633,633,47426
2012-06-21,633,633,633,633,25989
2012-06-25,633,633,633,633,2846
2012-06-26,611,611,611,611,237129
2012-07-03,590,590,590,590,569
2012-07-04,590,590,590,590,530505
2012-07-05,590,590,590,590,36802
2012-07-06,590,590,590,590,2371
2012-07-10,590,590,590,590,2514
2012-07-11,590,590,590,590,1186
2012-07-13,590,590,590,590,4743
2012-07-17,590,590,590,590,8442
2012-07-18,590,590,590,590,1043
2012-07-19,590,590,590,590,617
2012-07-23,611,611,611,611,9580
2012-07-24,590,590,590,590,1186
2012-07-25,588,588,588,588,854
2012-07-27,591,591,591,591,854
2012-07-31,611,611,611,611,4743
2012-08-03,622,622,622,622,4743
2012-08-08,622,622,622,622,4743
2012-08-09,601,601,601,601,1423
2012-08-10,611,611,611,611,69242
2012-08-13,601,601,601,601,28455
2012-08-14,611,611,611,611,9485
2012-08-21,622,622,622,622,3225
2012-08-23,622,622,622,622,80956
2012-08-28,601,601,601,601,854
2012-08-29,601,601,601,601,711
2012-08-31,595,595,595,595,2371
2012-09-03,591,591,591,591,2371
2012-09-04,601,601,601,601,9011
2012-09-10,591,591,591,591,2893
2012-09-17,611,611,611,611,522
2012-09-18,612,612,612,612,3272
2012-09-20,616,616,616,616,3604
2012-09-21,611,611,611,611,854
2012-09-24,616,616,616,616,12094
2012-09-28,622,622,622,622,19350
2012-10-01,633,633,633,633,2371
2012-10-02,633,633,633,633,1280
2012-10-04,633,633,633,633,3083
2012-10-08,654,654,654,654,854
2012-10-09,656,656,656,656,2798
2012-10-10,664,664,664,664,996
2012-10-11,714,714,714,714,1091
2012-10-12,664,664,664,664,1328
2012-10-15,664,664,664,664,2893
2012-10-19,675,675,675,675,806
2012-10-23,675,675,675,675,9485
2012-10-24,675,675,675,675,10434
2012-10-25,675,675,675,675,1423
2012-10-30,725,725,725,725,1280
2012-10-31,725,725,725,725,237
2012-11-02,738,738,738,738,6640
2012-11-05,738,738,738,738,4980
2012-11-06,738,738,738,738,1138
2012-11-07,738,738,738,738,2371
2012-11-09,738,738,738,738,569
2012-11-12,738,738,738,738,474
2012-11-13,738,738,738,738,67345
2012-11-14,738,738,738,738,31254
2012-11-16,738,738,738,738,379
2012-11-19,717,717,717,717,2893
2012-11-20,738,738,738,738,14417
2012-11-21,738,738,738,738,16314
2012-11-27,738,738,738,738,617
2012-11-29,738,738,738,738,427
2012-11-30,738,738,738,738,4221
2012-12-03,794,794,794,794,1233
2012-12-05,738,738,738,738,949
2012-12-06,738,738,738,738,5312
2012-12-12,683,683,683,683,2846
2012-12-18,734,734,734,734,4837
2012-12-19,759,759,759,759,540654
2012-12-20,759,759,759,759,7209
2012-12-21,816,816,816,816,6260
2012-12-24,816,816,816,816,996
2012-12-26,759,759,759,759,541128
2012-12-27,759,759,759,759,4837
2012-12-28,759,759,759,759,95
2012-12-31,780,780,780,780,474
2013-01-04,791,791,791,791,474
2013-01-07,801,801,801,801,1802
2013-01-08,780,780,780,780,92101
2013-01-09,816,816,816,816,996
2013-01-11,816,816,816,816,711
2013-01-14,816,816,816,816,2371
2013-01-15,816,816,816,816,2229
2013-01-17,865,865,865,865,1233
2013-01-18,816,816,816,816,2419
2013-01-21,816,816,816,816,6450
2013-01-22,816,816,816,816,19302
2013-01-23,816,816,816,816,474
2013-01-25,816,816,816,816,1423
2013-01-28,816,816,816,816,2940
2013-01-29,816,816,816,816,2134
2013-02-01,816,816,816,816,5027
2013-02-04,816,816,816,816,3699
2013-02-08,816,816,816,816,11003
2013-02-11,814,814,814,814,4743
2013-02-12,814,814,814,814,3178
2013-02-13,816,816,816,816,1423
2013-02-14,816,816,816,816,664
2013-02-15,816,816,816,816,3178
2013-02-18,816,816,816,816,1660
2013-02-19,816,816,816,816,3699
2013-02-21,816,816,816,816,474
2013-02-22,822,822,822,822,1897
2013-02-26,843,843,843,843,2371
2013-02-27,822,822,822,822,4505
2013-03-01,822,822,822,822,237
2013-03-04,780,780,780,780,711
2013-03-06,833,833,833,833,1233
2013-03-07,895,895,895,895,3510
2013-03-11,828,828,828,828,379
2013-03-13,828,828,828,828,332
2013-03-15,801,801,801,801,2371
2013-03-18,801,801,801,801,2371
2013-03-21,823,823,823,823,2846
2013-03-22,843,843,843,843,2419
2013-03-25,843,843,843,843,1518
2013-03-27,865,865,865,865,5691
2013-03-28,865,865,865,865,95
2013-03-29,865,865,865,865,1138
2013-04-02,853,853,853,853,138720
2013-04-03,853,853,853,853,4885
2013-04-04,865,865,865,865,8489
2013-04-05,865,865,865,865,93618
2013-04-08,854,854,854,854,474
2013-04-10,854,854,854,854,101491
2013-04-16,865,865,865,865,1423
2013-04-19,865,865,865,865,2371
2013-04-24,865,865,865,865,51078
2013-04-26,865,865,865,865,2371
2013-04-29,865,865,865,865,474
2013-04-30,865,865,865,865,1660
2013-05-03,822,822,822,822,1660
2013-05-08,822,822,822,822,1423
2013-05-16,865,865,865,865,3178
2013-05-17,929,929,929,929,379
2013-05-21,932,932,932,932,7588
2013-05-23,959,959,959,959,14228
2013-05-24,983,983,983,983,379
2013-05-27,991,991,991,991,806
2013-05-28,1060,1060,1060,1060,15413
2013-05-29,1002,1002,1002,1002,4980
2013-05-31,1077,1077,1077,1077,379
2013-06-03,996,996,996,996,1565
2013-06-04,991,991,991,991,5501
2013-06-05,991,991,991,991,1660
2013-06-06,983,983,983,983,711
2013-06-10,991,991,991,991,22764
2013-06-11,991,991,991,991,6402
2013-06-12,991,991,991,991,5027
2013-06-13,991,991,991,991,4505
2013-06-14,983,983,983,983,4743
2013-06-18,983,983,983,983,5691
2013-06-20,983,983,983,983,1043
2013-06-26,991,991,991,991,522
2013-06-28,991,991,991,991,3320
2013-07-01,991,991,991,991,95
2013-07-04,1002,1002,1002,1002,2893
2013-07-08,1077,1077,1077,1077,9817
2013-07-09,1075,1075,1075,1075,854
2013-07-10,1012,1012,1012,1012,854
2013-07-11,1012,1012,1012,1012,18022
2013-07-12,1054,1054,1054,1054,474
2013-07-15,1075,1075,1075,1075,5454
2013-07-19,1075,1075,1075,1075,10860
2013-07-22,1075,1075,1075,1075,4031
2013-07-24,1075,1075,1075,1075,5027
2013-07-25,1075,1075,1075,1075,1423
2013-07-29,1075,1075,1075,1075,5312
2013-07-30,1086,1086,1086,1086,15081
2013-07-31,1139,1139,1139,1139,2371
2013-08-01,1077,1077,1077,1077,711
2013-08-02,1158,1158,1158,1158,2324
2013-08-05,1202,1202,1202,1202,4743
2013-08-06,1292,1292,1292,1292,2656
2013-08-09,1196,1196,1196,1196,7446
2013-08-12,1202,1202,1202,1202,379
2013-08-13,1118,1118,1118,1118,14560
2013-08-16,1160,1160,1160,1160,2608
2013-08-20,1128,1128,1128,1128,10718
2013-08-22,1128,1128,1128,1128,8584
2013-08-23,1128,1128,1128,1128,1186
2013-08-26,1139,1139,1139,1139,4743
2013-08-27,1075,1075,1075,1075,11856
2013-08-29,1076,1076,1076,1076,1328
2013-08-30,1078,1078,1078,1078,854
2013-09-02,1075,1075,1075,1075,4173
2013-09-03,1156,1156,1156,1156,569
2013-09-04,1075,1075,1075,1075,5549
2013-09-06,1156,1156,1156,1156,617
2013-09-09,1202,1202,1202,1202,806
2013-09-11,1202,1202,1202,1202,332
2013-09-12,1202,1202,1202,1202,8774
2013-09-17,1162,1181,1162,1181,8869
2013-09-18,1223,1265,1160,1160,20109
2013-09-19,1139,1247,1139,1223,27175
2013-09-20,1265,1265,1265,1265,95
2013-09-23,1265,1265,1265,1265,3604
2013-09-24,1286,1286,1276,1276,4079
2013-09-25,1290,1297,1265,1265,8679
2013-09-27,1170,1307,1170,1170,9248
2013-10-01,1258,1258,1083,1083,1802
2013-10-02,1160,1160,1160,1160,854
2013-10-03,1086,1086,1086,1086,569
2013-10-04,1160,1160,1160,1160,332
2013-10-08,1202,1202,1202,1202,142
2013-10-09,1276,1276,1276,1276,96511
2013-10-10,1181,1181,1181,1181,5217
2013-10-14,1181,1181,1181,1181,664
2013-10-16,1181,1181,1170,1181,4221
2013-10-17,1181,1181,1170,1181,1802
2013-10-18,1265,1265,1265,1265,1992
2013-10-21,1265,1276,1265,1276,58713
2013-10-24,1276,1276,1276,1276,4743
2013-10-28,1183,1183,1183,1183,3035
2013-10-29,1202,1272,1202,1272,996
2013-11-04,1202,1202,1202,1202,2371
2013-11-05,1202,1202,1202,1202,474
2013-11-06,1265,1265,1265,1265,474
2013-11-07,1202,1202,1202,1202,47
2013-11-08,1202,1265,1202,1265,2846
2013-11-11,1349,1349,1202,1202,42209
2013-11-18,1265,1265,1265,1265,1992
2013-11-19,1265,1265,1265,1265,285
2013-11-20,1265,1265,1265,1265,3320
2013-11-21,1349,1349,1349,1349,569
2013-11-22,1265,1265,1265,1265,2751
2013-11-25,1290,1360,1265,1265,1328
2013-11-27,1265,1265,1265,1265,4837
2013-11-29,1265,1265,1265,1265,24661
2013-12-02,1307,1307,1276,1276,617
2013-12-03,1276,1276,1276,1276,332
2013-12-04,1276,1371,1265,1265,12758
2013-12-09,1265,1265,1265,1265,7968
2013-12-10,1360,1360,1360,1360,33198
2013-12-11,1413,1413,1413,1413,4743
2013-12-12,1392,1392,1392,1392,9485
2013-12-13,1413,1413,1392,1392,2182
2013-12-16,1392,1392,1392,1392,237
2013-12-17,1392,1392,1392,1392,12805
2013-12-18,1413,1413,1413,1413,47
2013-12-19,1402,1413,1402,1413,901
2013-12-23,1413,1413,1413,1413,664
2013-12-26,1360,1360,1360,1360,285
2013-12-30,1371,1371,1371,1371,190
2013-12-31,1360,1360,1360,1360,1280
2014-01-02,1360,1360,1360,1360,427
2014-01-06,1360,1360,1360,1360,1992
2014-01-07,1360,1371,1360,1371,1423
2014-01-08,1371,1371,1360,1360,3747
2014-01-09,1349,1349,1349,1349,2656
2014-01-14,1349,1349,1307,1307,17832
2014-01-16,1307,1307,1307,1307,3889
2014-01-17,1307,1307,1307,1307,95
2014-01-21,1265,1265,1265,1265,190
2014-01-23,1307,1307,1307,1307,3984
2014-01-28,1312,1312,1312,1312,1518
2014-02-03,1314,1314,1314,1314,190
2014-02-06,1329,1329,1328,1328,2371
2014-02-07,1328,1328,1328,1328,95
2014-02-10,1328,1328,1328,1328,8252
2014-02-12,1328,1328,1328,1328,95
2014-02-18,1392,1392,1392,1392,1233
2014-02-19,1392,1392,1392,1392,854
2014-02-20,1392,1392,1392,1392,37229
2014-02-21,1392,1392,1392,1392,48564
2014-02-25,1455,1455,1455,1455,11382
2014-02-26,1455,1518,1455,1518,20203
2014-02-27,1518,1518,1476,1476,12805
2014-02-28,1476,1476,1476,1476,427
2014-03-04,1476,1476,1476,1476,47
2014-03-05,1476,1476,1476,1476,142
2014-03-06,1476,1476,1476,1476,332
2014-03-07,1476,1476,1476,1476,142
2014-03-17,1581,1581,1581,1581,95
2014-03-19,1518,1518,1465,1465,9438
2014-03-25,1575,1575,1575,1575,237
2014-03-26,1575,1575,1575,1575,474
2014-03-27,1575,1603,1476,1603,6023
2014-03-28,1603,1603,1603,1603,569
2014-03-31,1560,1560,1560,1560,14228
2014-04-01,1560,1560,1560,1560,47
2014-04-08,1560,1560,1560,1560,95
2014-04-10,1560,1560,1560,1560,474
2014-04-14,1607,1607,1607,1607,190
2014-04-24,1605,1605,1605,1605,47
2014-04-25,1607,1607,1607,1607,285
2014-04-28,1603,1603,1603,1603,237
2014-05-07,1476,1476,1476,1476,474
2014-05-09,1581,1581,1581,1581,237
2014-05-12,1581,1581,1581,1581,95
2014-05-13,1603,1603,1476,1476,1138
2014-05-16,1518,1518,1518,1518,474
2014-05-19,1518,1518,1518,1518,1233
2014-05-21,1508,1508,1508,1508,1328
2014-05-22,1518,1518,1518,1518,47
2014-05-28,1516,1516,1516,1516,4031
2014-05-30,1508,1508,1508,1508,95
2014-06-02,1506,1506,1506,1506,190
2014-06-04,1476,1476,1434,1476,237
2014-06-05,1434,1434,1434,1434,27886
2014-06-06,1476,1518,1476,1518,9106
2014-06-10,1556,1556,1556,1556,4553
2014-06-11,1543,1543,1455,1455,2846
2014-06-12,1546,1546,1546,1546,474
2014-06-16,1497,1497,1497,1497,190
2014-06-17,1497,1539,1497,1539,2846
2014-06-18,1539,1539,1539,1539,285
2014-06-20,1476,1476,1476,1476,2371
2014-06-23,1539,1539,1529,1529,332
2014-06-24,1539,1539,1539,1539,522
2014-06-26,1518,1539,1518,1539,474
2014-06-30,1497,1497,1497,1497,237
2014-07-01,1497,1497,1497,1497,10007
2014-07-02,1497,1497,1497,1497,237
2014-07-03,1476,1539,1476,1539,1660
2014-07-04,1539,1539,1539,1539,379
2014-07-09,1529,1539,1529,1539,1186
2014-07-17,1497,1497,1487,1487,711
2014-07-21,1476,1487,1476,1487,8869
2014-07-22,1487,1487,1476,1476,1186
2014-07-23,1476,1487,1434,1487,3320
2014-07-25,1487,1487,1487,1487,13374
2014-07-29,1492,1492,1492,1492,95
2014-07-30,1539,1539,1539,1539,12094
2014-07-31,1550,1550,1550,1550,3415
2014-08-01,1539,1539,1539,1539,1186
2014-08-04,1539,1539,1539,1539,5786
2014-08-05,1560,1560,1560,1560,2846
2014-08-06,1560,1603,1560,1603,13469
2014-08-12,1581,1581,1581,1581,949
2014-08-13,1582,1603,1582,1603,882783
2014-08-18,1603,1603,1603,1603,3320
2014-08-19,1603,1603,1603,1603,379
2014-08-20,1603,1603,1603,1603,237
2014-08-21,1624,1708,1603,1603,3367
2014-08-25,1624,1624,1624,1624,23428
2014-08-26,1624,1624,1624,1624,1897
2014-08-27,1624,1624,1624,1624,1897
2014-08-28,1624,1624,1624,1624,1660
2014-08-29,1624,1624,1624,1624,7825
2014-09-01,1624,1624,1624,1624,1897
2014-09-02,1624,1634,1624,1634,1328
2014-09-03,1624,1624,1624,1624,1612
2014-09-05,1634,1634,1634,1634,1138
2014-09-10,1635,1635,1635,1635,1423
2014-09-12,1637,1637,1637,1637,47
2014-09-15,1637,1637,1636,1636,949
2014-09-16,1636,1636,1636,1636,237
2014-09-17,1750,1750,1750,1750,23713
2014-09-22,1752,1752,1752,1752,47
2014-09-24,1792,1792,1792,1792,47
2014-09-25,1771,1792,1771,1792,4980
2014-09-26,1792,1792,1792,1792,13991
2014-09-29,1792,1792,1792,1792,332
2014-09-30,1792,1792,1792,1792,237
2014-10-06,1792,1792,1792,1792,285
2014-10-07,1792,1792,1792,1792,2087
2014-10-08,1687,1687,1687,1687,1707
2014-10-09,1687,1687,1687,1687,901
2014-10-14,1687,1687,1687,1687,8442
2014-10-16,1687,1687,1687,1687,949
2014-10-17,1687,1687,1687,1687,47
2014-10-20,1687,1687,1687,1687,474
2014-10-21,1666,1666,1655,1655,854
2014-10-22,1645,1655,1645,1655,2466
2014-10-23,1676,1676,1645,1645,474
2014-10-24,1645,1645,1645,1645,1612
2014-10-29,1729,1729,1729,1729,2371
2014-10-31,1729,1729,1729,1729,617
2014-11-05,1729,1729,1729,1729,332
2014-11-07,1666,1729,1666,1729,4126
2014-11-10,1813,1813,1753,1753,10054
2014-11-13,1708,1708,1708,1708,711
2014-11-20,1708,1729,1708,1729,664
2014-11-24,1740,1740,1740,1740,1423
2014-11-25,1740,1740,1740,1740,2087
2014-11-26,1740,1740,1740,1740,759
2014-11-27,1729,1729,1729,1729,522
2014-11-28,1729,1740,1729,1740,237
2014-12-01,1752,1752,1752,1752,95
2014-12-03,1884,1884,1884,1884,949
2014-12-04,1884,2025,1884,2025,956
2014-12-05,2025,2025,1890,1890,3278
2014-12-08,2024,2024,2024,2024,228
2014-12-09,1900,1900,1889,1889,911
2014-12-11,1889,1889,1889,1889,1366
2014-12-15,1889,1889,1889,1889,273
2014-12-18,2025,2025,2025,2025,46
2014-12-30,1889,1889,1889,1889,319
2014-12-31,1927,1977,1927,1977,18211
2015-01-08,1977,1977,1977,1977,865
2015-01-09,1977,1977,1977,1977,2276
2015-01-12,1977,1977,1977,1977,273
2015-01-14,1977,1977,1977,1977,9788
2015-01-16,1977,1977,1977,1977,228
2015-01-20,1977,1977,1977,1977,1958
2015-01-21,1977,1977,1977,1977,5008
2015-01-22,1867,1867,1867,1867,1093
2015-01-28,1891,1977,1891,1977,228
2015-01-29,1977,1977,1977,1977,10517
2015-01-30,1977,2021,1977,2021,27316
2015-02-02,2032,2032,2021,2032,7375
2015-02-04,2021,2031,2021,2031,7740
2015-02-05,1900,1900,1900,1900,91
2015-02-06,2030,2030,2030,2030,46
2015-02-10,1999,1999,1999,1999,455
2015-02-11,2021,2030,2021,2030,5281
2015-02-12,2021,2021,2021,2021,1821
2015-02-13,2010,2010,2010,2010,1366
2015-02-16,2030,2030,2030,2030,18666
2015-02-17,2030,2030,2030,2030,12702
2015-02-18,2030,2030,2030,2030,15069
2015-02-23,1977,1977,1977,1977,91
2015-02-24,1977,1977,1977,1977,5600
2015-02-25,2021,2021,2021,2021,11017
2015-02-27,2021,2021,1977,1977,1002
2015-03-02,1977,1977,1922,1922,3506
2015-03-03,1924,1937,1924,1935,319
2015-03-04,1933,1977,1924,1977,4143
2015-03-05,1977,1977,1966,1977,2049
2015-03-06,1977,1977,1977,1977,2094
2015-03-09,1977,1977,1977,1977,2413
2015-03-10,2018,2021,2018,2018,1229
2015-03-12,2018,2021,1999,1999,728
2015-03-13,2010,2021,2010,2021,7148
2015-03-16,2021,2021,1999,2021,3278
2015-03-17,2021,2021,1999,2021,2914
2015-03-18,2065,2065,2065,2065,182
2015-03-19,2065,2065,2065,2065,364
2015-03-20,2067,2067,2065,2065,273
2015-03-23,2065,2065,2032,2065,6328
2015-03-24,2065,2065,2065,2065,6101
2015-03-25,2065,2065,2021,2065,24721
2015-03-26,2065,2065,2021,2065,15616
2015-03-27,2065,2065,2065,2065,11291
2015-03-30,2065,2069,2065,2069,4780
2015-03-31,2069,2069,2069,2069,1411
2015-04-01,2087,2087,2087,2087,1502
2015-04-02,2197,2197,2197,2197,6738
2015-04-03,2197,2350,2197,2350,22445
2015-04-08,2204,2204,2204,2204,182
2015-04-09,2205,2284,2204,2284,956
2015-04-10,2186,2186,2186,2186,4234
2015-04-14,2197,2197,2153,2153,1093
2015-04-15,2153,2175,2153,2175,9379
2015-04-16,2153,2153,2153,2153,4507
2015-04-17,2153,2164,2153,2164,2413
2015-04-21,2218,2218,2218,2218,46
2015-04-22,2197,2219,2197,2219,865
2015-04-23,2251,2251,2164,2196,11700
2015-04-24,2240,2240,2240,2240,9561
2015-04-27,2175,2175,2172,2175,364
2015-04-30,2109,2109,2109,2109,91
2015-05-04,1977,1977,1950,1977,2777
2015-05-05,2021,2021,2009,2021,911
2015-05-06,1977,1977,1977,1977,728
2015-05-07,1999,2021,1999,2021,9379
2015-05-08,2021,2021,2021,2021,774
2015-05-11,1999,2021,1999,2021,13567
2015-05-12,2021,2021,2021,2021,911
2015-05-13,2021,2021,2021,2021,911
2015-05-19,2034,2034,2032,2032,11200
2015-05-20,2021,2021,2021,2021,91
2015-05-21,2032,2034,2021,2021,4325
2015-05-22,2021,2021,2021,2021,637
2015-05-26,2021,2087,2021,2087,1184
2015-05-27,2043,2043,2021,2032,3323
2015-05-28,2032,2054,2032,2054,3005
2015-05-29,2054,2065,2043,2065,13931
2015-06-01,2043,2054,2043,2054,72843
2015-06-02,2056,2087,2056,2087,10426
2015-06-03,2087,2087,2087,2087,9379
2015-06-04,2087,2087,2087,2087,182
2015-06-05,2098,2098,2087,2087,1411
2015-06-08,2175,2175,2175,2175,13430
2015-06-09,2089,2174,2087,2174,10152
2015-06-11,2153,2174,2152,2174,2185
2015-06-12,2177,2177,2177,2177,683
2015-06-15,2196,2196,2186,2186,728
2015-06-16,2175,2175,2175,2175,46
2015-06-17,2109,2109,2109,2109,91
2015-06-18,2131,2133,2131,2133,1958
2015-06-19,2131,2131,2120,2131,5964
2015-06-22,2137,2137,2137,2137,1047
2015-06-23,2131,2175,2131,2142,9196
2015-06-24,2142,2142,2131,2131,4689
2015-06-25,2133,2175,2133,2175,12656
2015-06-26,2175,2175,2175,2175,4553
2015-06-29,2175,2197,2155,2197,11700
2015-06-30,2175,2175,2153,2153,501
2015-07-01,2164,2175,2164,2175,10972
2015-07-02,2164,2164,2164,2164,546
2015-07-03,2175,2175,2164,2164,2049
2015-07-06,2175,2175,2175,2175,8422
2015-07-07,2175,2175,2175,2175,2504
2015-07-08,2164,2164,2164,2164,4097
2015-07-09,2175,2175,2131,2175,3642
2015-07-10,2175,2175,2175,2175,137
2015-07-13,2197,2197,2175,2175,12383
2015-07-15,2186,2186,2186,2186,1684
2015-07-16,2186,2186,2186,2186,91
2015-07-20,2207,2207,2175,2207,9879
2015-07-21,2207,2207,2197,2207,180559
2015-07-22,2207,2207,2207,2207,7102
2015-07-23,2207,2207,2207,2207,32096
2015-07-24,2207,2207,2207,2207,865
2015-07-27,2207,2207,2207,2207,6829
2015-07-28,2207,2207,2207,2207,9105
2015-07-29,2207,2207,2188,2188,54678
2015-07-30,2188,2207,2188,2207,25632
2015-07-31,2240,2240,2207,2207,40109
2015-08-03,2207,2207,2207,2207,774
2015-08-04,2210,2218,2207,2218,1821
2015-08-05,2218,2218,2218,2218,91
2015-08-06,2218,2240,2218,2240,1867
2015-08-10,2306,2306,2245,2245,1776
2015-08-11,2247,2306,2247,2306,1730
2015-08-12,2263,2307,2263,2307,865
2015-08-13,2328,2350,2307,2350,1093
2015-08-14,2350,2350,2350,2350,546
2015-08-17,2350,2526,2350,2526,7239
2015-08-18,2526,2526,2526,2526,1593
2015-08-19,2526,2526,2526,2526,7740
2015-08-20,2526,2526,2526,2526,5918
2015-08-21,2526,2526,2526,2526,1457
2015-08-24,2526,2526,2526,2526,2094
2015-08-25,2526,2526,2526,2526,410
2015-08-26,2526,2537,2526,2537,1366
2015-08-27,2526,2550,2526,2550,13112
2015-08-28,2592,2592,2592,2592,182
2015-08-31,2636,2658,2636,2658,1684
2015-09-01,2680,2691,2680,2691,1320
2015-09-02,2724,2724,2724,2724,1776
2015-09-03,2724,2724,2724,2724,4826
2015-09-04,2746,2746,2724,2724,26497
2015-09-07,2735,2746,2735,2746,683
2015-09-08,2746,2768,2746,2768,116321
2015-09-09,2768,2768,2746,2746,33052
2015-09-10,2746,2757,2746,2746,8878
2015-09-11,2746,2746,2746,2746,1002
2015-09-14,2746,2779,2746,2748,7057
2015-09-15,2704,2704,2704,2704,91
2015-09-17,2713,2746,2713,2746,13021
2015-09-18,2704,2746,2704,2746,501
2015-09-21,2746,2899,2702,2899,25905
2015-09-22,2768,2768,2768,2768,728
2015-09-23,2768,2768,2746,2768,1776
2015-09-25,2748,2748,2746,2746,37332
2015-09-28,2636,2638,2636,2638,23401
2015-09-30,2658,2660,2658,2660,546
2015-10-01,2680,2680,2680,2680,455
2015-10-02,2680,2680,2680,2680,137
2015-10-05,2680,2680,2680,2680,2003
2015-10-06,2682,2682,2680,2680,2914
2015-10-07,2682,2682,2636,2680,12930
2015-10-08,2636,2636,2636,2636,57045
2015-10-09,2636,2636,2636,2636,1275
2015-10-12,2636,2658,2584,2584,49169
2015-10-14,2636,2636,2636,2636,56089
2015-10-15,2614,2636,2614,2636,1867
2015-10-16,2636,2636,2636,2636,455
2015-10-19,2658,2658,2658,2658,137
2015-10-20,2680,2680,2680,2680,17300
2015-10-22,2680,2680,2658,2680,92829
2015-10-23,2658,2658,2658,2658,91
2015-10-26,2659,2659,2659,2659,911
2015-10-27,2680,2680,2680,2680,1002
2015-10-28,2681,2702,2681,2702,637
2015-10-30,2680,2680,2636,2636,4143
2015-11-02,2614,2636,2614,2636,819
2015-11-03,2636,2636,2636,2636,410
2015-11-04,2636,2636,2614,2614,1912
2015-11-05,2636,2636,2614,2614,3141
2015-11-06,2625,2625,2625,2625,4553
2015-11-09,2625,2625,2614,2614,5372
2015-11-10,2625,2625,2625,2625,364
2015-11-11,2625,2689,2614,2614,3824
2015-11-12,2636,2636,2636,2636,137
2015-11-13,2636,2636,2636,2636,364
2015-11-16,2625,2625,2625,2625,455
2015-11-17,2625,2625,2625,2625,455
2015-11-18,2625,2625,2625,2625,228
2015-11-19,2625,2625,2625,2625,1047
2015-11-23,2627,2627,2625,2625,3597
2015-11-24,2625,2625,2625,2625,273
2015-11-25,2625,2625,2625,2625,7876
2015-11-26,2570,2570,2570,2570,501
2015-11-27,2570,2570,2570,2570,364
2015-11-30,2570,2636,2568,2636,9652
2015-12-03,2590,2590,2572,2572,4598
2015-12-04,2570,2570,2570,2570,1002
2015-12-07,2592,2592,2570,2592,865
2015-12-08,2636,2691,2636,2691,1229
2015-12-09,2592,2592,2592,2592,2777
2015-12-10,2570,2570,2570,2570,137
2015-12-11,2570,2570,2570,2570,1138
2015-12-14,2526,2570,2526,2570,2140
2015-12-15,2548,2570,2548,2548,6055
2015-12-16,2570,2570,2548,2548,1320
2015-12-17,2548,2548,2548,2548,14978
2015-12-18,2570,2570,2570,2570,28136
2015-12-21,2526,2526,2526,2526,1184
2015-12-22,2526,2526,2476,2476,9424
2015-12-23,2482,2482,2482,2482,14113
2015-12-28,2537,2537,2537,2537,1730
2015-12-29,2537,2592,2537,2592,2959
2015-12-30,2526,2636,2526,2636,23219
2015-12-31,2746,2746,2746,2746,7284
2016-01-05,2691,2746,2691,2702,5600
2016-01-06,2724,2724,2724,2724,1002
2016-01-07,2724,2724,2724,2724,1776
2016-01-08,2746,2746,2746,2746,46
2016-01-11,2759,2759,2759,2759,546
2016-01-12,2855,2855,2855,2855,592
2016-01-13,2856,2856,2855,2855,728
2016-01-14,2855,2899,2855,2877,2094
2016-01-15,2880,2880,2877,2877,1366
2016-01-18,2877,2880,2855,2855,2094
2016-01-19,2880,2880,2855,2855,865
2016-01-20,2880,2880,2880,2880,91
2016-01-21,2855,2877,2855,2877,1639
2016-01-22,2950,2950,2950,2950,1366
2016-01-25,2950,2950,2950,2950,91
2016-01-26,2944,2965,2943,2943,546
2016-01-27,2976,2976,2943,2944,298155
2016-01-29,2943,2965,2943,2965,2959
2016-02-01,2944,3020,2944,3020,296197
2016-02-02,3020,3022,3020,3022,10744
2016-02-03,3022,3022,3022,3022,228
2016-02-05,3031,3031,3025,3025,19668
2016-02-11,3031,3031,3031,3031,319
2016-02-12,3028,3031,3028,3031,1184
2016-02-15,3031,3119,3031,3119,7193
2016-02-16,3119,3181,3119,3181,18666
2016-02-18,3229,3229,3229,3229,137
2016-02-19,3295,3317,3295,3317,19349
2016-02-22,3317,3317,3185,3185,1867
2016-02-23,3185,3185,3185,3185,1229
2016-02-24,3187,3273,3187,3273,2231
2016-02-25,3295,3317,3295,3306,2367
2016-02-26,3317,3317,3306,3306,683
2016-02-29,3317,3514,3317,3514,4052
2016-03-01,3514,3514,3514,3514,5053
2016-03-02,3585,3778,3585,3756,91873
2016-03-03,3756,3756,3756,3756,319
2016-03-04,4038,4038,4038,4038,91054
2016-03-07,4341,4341,4341,4341,455
2016-03-08,4666,4666,4666,4666,22763
2016-03-09,5016,5016,5016,5016,14386
2016-03-10,5392,5392,5370,5370,45937
2016-03-11,5272,5272,4968,4968,1275
2016-03-14,4595,4595,4595,4595,137
2016-03-15,4251,4251,4251,4251,1411
2016-03-16,3934,4162,3934,4064,1000087
2016-03-17,4064,4086,4064,4064,12201
2016-03-18,4064,4075,4064,4075,1275
2016-03-21,3998,4075,3993,4075,71750
2016-03-22,4064,4065,4064,4065,4006
2016-03-23,4086,4086,4070,4070,956
2016-03-24,4283,4283,4283,4283,32779
2016-03-25,4173,4283,4173,4283,96289
2016-03-29,4371,4371,4283,4283,501
2016-03-31,4088,4261,4088,4261,1138
2016-04-01,4281,4283,4239,4283,38334
2016-04-04,4283,4393,4088,4088,12884
2016-04-05,4173,4173,4173,4173,137
2016-04-06,4173,4173,4173,4173,228
2016-04-07,4107,4173,4107,4173,6966
2016-04-08,4217,4393,4217,4393,17118
2016-04-11,4349,4393,4173,4173,4962
2016-04-12,4173,4173,4173,4173,182
2016-04-13,4173,4283,4173,4283,31823
2016-04-14,4129,4129,4129,4129,4325
2016-04-15,4173,4173,4173,4173,455
2016-04-19,4161,4161,4161,4161,46
2016-04-20,4173,4173,4151,4151,364
2016-04-21,4151,4151,4151,4151,455
2016-04-22,4173,4173,4173,4173,1821
2016-04-26,3954,4107,3954,3954,3005
2016-04-28,3954,4173,3954,4173,1730
2016-05-03,4064,4064,4064,4064,137
2016-05-04,4064,4173,4064,4173,5418
2016-05-06,4173,4173,3998,4064,1867
2016-05-10,4063,4173,3976,4020,2413
2016-05-12,4020,4020,4020,4020,1730
2016-05-13,4020,4064,4020,4064,911
2016-05-17,4064,4173,4064,4173,11791
2016-05-18,4178,4393,4176,4393,21580
2016-05-19,4393,4393,4393,4393,11564
2016-05-20,4393,4393,4283,4349,34054
2016-05-23,4382,4393,4349,4371,3688
2016-05-24,4371,4393,4360,4360,2914
2016-05-25,4371,4371,4371,4371,819
2016-05-26,4393,4393,4371,4393,52356
2016-05-27,4437,4503,4437,4503,8104
2016-05-30,4393,4613,4393,4613,44207
2016-05-31,4613,4657,4613,4657,5736
2016-06-01,4613,4942,4613,4942,10016
2016-06-02,4832,4832,4828,4828,546
2016-06-03,4722,4722,4624,4628,1502
2016-06-06,4628,4942,4628,4942,9105
2016-06-07,4723,4723,4723,4723,137
2016-06-08,4725,4728,4725,4725,240
2016-06-09,4775,4775,4725,4728,2720
2016-06-10,5000,5082,5000,5082,1800
2016-06-13,5079,5079,5000,5079,1800
2016-06-14,5076,5100,5075,5100,1480
2016-06-15,5080,5100,5078,5100,7960
2016-06-16,5150,5150,5100,5100,5280
2016-06-17,5125,5125,5100,5105,1640
2016-06-20,5105,5125,5105,5125,2800
2016-06-21,5125,5128,5125,5125,3120
2016-06-22,5125,5125,5100,5100,3520
2016-06-23,5000,5075,5000,5050,1760
2016-06-24,5050,5075,5050,5075,4480
2016-06-27,5100,5100,5028,5075,2040
2016-06-28,5075,5075,5000,5075,8640
2016-06-29,5075,5075,5075,5075,400
2016-06-30,5000,5000,5000,5000,160
2016-07-01,5000,5075,4900,5050,9120
2016-07-04,5025,5025,4950,4950,2120
2016-07-07,4950,4950,4875,4875,1720
2016-07-12,4510,4510,4510,4510,80
2016-07-13,4500,4500,4500,4500,560
2016-07-14,4475,4475,4250,4250,1000
2016-07-15,4250,4250,4250,4250,1240
2016-07-18,4250,4250,4250,4250,480
2016-07-19,4335,4338,4335,4338,320
2016-07-20,4338,4375,4338,4375,520
2016-07-21,4375,4375,4375,4375,480
2016-07-25,4378,4500,4378,4500,1760
2016-07-26,4500,4500,4500,4500,10720
2016-07-27,4500,4500,4500,4500,960
2016-08-01,4503,4503,4501,4501,240
2016-08-02,4550,4563,4550,4563,520
2016-08-03,4563,4563,4563,4563,720
2016-08-04,4563,4575,4563,4575,920
2016-08-05,4588,4588,4588,4588,520
2016-08-09,4588,4588,4588,4588,920
2016-08-10,4588,4932,4578,4578,800
2016-08-11,4578,4578,4572,4573,1160
2016-08-12,4573,4575,4573,4575,600
2016-08-16,4573,4573,4573,4573,1280
2016-08-17,4575,4575,4575,4575,8680
2016-08-18,4575,4575,4575,4575,2640
2016-08-19,4575,4575,4575,4575,4320
2016-08-23,4575,4575,4568,4568,1120
2016-08-24,4565,4565,4565,4565,8840
2016-08-25,4575,4575,4575,4575,1680
2016-08-26,4575,4575,4500,4500,240
2016-08-29,4500,4500,4500,4500,1080
2016-08-30,4250,4250,4250,4250,3720
2016-08-31,4250,4250,4225,4250,4000
2016-09-01,4250,4500,4250,4500,8200
2016-09-02,4250,4500,4250,4500,200
2016-09-05,4290,4290,4288,4288,560
2016-09-06,4300,4300,4300,4300,240
2016-09-07,4300,4325,4300,4300,3160
2016-09-08,4300,4400,4300,4400,2600
2016-09-09,4350,4350,4350,4350,280
2016-09-13,4400,4500,4400,4500,9440
2016-09-14,4475,4500,4425,4425,440
2016-09-15,4500,4500,4500,4500,40
2016-09-16,4450,4450,4250,4250,8560
2016-09-19,4125,4125,4125,4125,7600
2016-09-20,4250,4250,4123,4123,1480
2016-09-21,4125,4125,3875,3875,7080
2016-09-22,3825,3875,3825,3850,4240
2016-09-23,3750,3875,3750,3750,5520
2016-09-26,3650,3650,3625,3650,2160
2016-09-27,3650,3745,3650,3745,5800
2016-09-28,3745,3750,3745,3750,10400
2016-09-29,3750,3750,3725,3750,5520
2016-09-30,3750,3750,3750,3750,10120
2016-10-03,3750,3750,3750,3750,520
2016-10-04,3703,3703,3703,3703,840
2016-10-05,3750,3750,3625,3625,3520
2016-10-06,3625,3750,3625,3750,280
2016-10-07,3625,3625,3625,3625,1000
2016-10-10,3625,3625,3625,3625,1120
2016-10-11,3650,3650,3650,3650,400
2016-10-12,3613,3613,3613,3613,520
2016-10-13,3613,3625,3613,3625,5000
2016-10-14,3725,3750,3625,3625,22080
2016-10-17,3650,3725,3650,3725,4400
2016-10-18,3723,3725,3700,3700,8160
2016-10-19,3700,3750,3663,3663,1440
2016-10-20,3750,3750,3675,3675,7480
2016-10-21,3675,3675,3675,3675,200
2016-10-24,3750,3750,3675,3675,680
2016-10-25,3675,3675,3675,3675,1160
2016-10-26,3675,3750,3675,3750,17480
2016-10-27,3676,3700,3676,3700,2240
2016-10-28,3676,3700,3676,3700,360
2016-10-31,3700,3700,3650,3650,2000
2016-11-02,3625,3650,3625,3625,1200
2016-11-03,3650,3650,3625,3625,680
2016-11-04,3625,3625,3625,3625,3400
2016-11-07,3575,3625,3575,3625,920
2016-11-08,3625,3650,3625,3625,1440
2016-11-09,3625,3625,3625,3625,560
2016-11-10,3550,3650,3550,3650,2400
2016-11-11,3650,3650,3600,3650,160
2016-11-14,3638,3638,3638,3638,4120
2016-11-16,3640,3650,3625,3625,3120
2016-11-17,3625,3625,3500,3500,20200
2016-11-18,3625,3625,3625,3625,280
2016-11-21,3500,3625,3500,3500,9120
2016-11-22,3500,3500,3475,3475,7400
2016-11-23,3475,3475,3475,3475,880
2016-11-24,3450,3450,3388,3450,4480
2016-11-25,3450,3450,3400,3450,1360
2016-11-28,3450,3475,3450,3450,6680
2016-11-29,3438,3438,3438,3438,240
2016-11-30,3438,3475,3438,3475,2440
2016-12-01,3463,3463,3463,3463,40
2016-12-02,3500,3500,3500,3500,1120
2016-12-05,3500,3500,3500,3500,1440
2016-12-06,3500,3500,3500,3500,3120
2016-12-07,3500,3500,3475,3475,4920
2016-12-08,3475,3475,3450,3450,6560
2016-12-09,3375,3500,3375,3500,2480
2016-12-13,3375,3500,3375,3500,2400
2016-12-14,3498,3498,3375,3375,1160
2016-12-15,3425,3500,3400,3500,88560
2016-12-16,3425,3500,3425,3500,720
2016-12-19,3500,3500,3400,3400,1840
2016-12-20,3400,3400,3400,3400,4880
2016-12-21,3400,3400,3400,3400,5720
2016-12-22,3400,3400,3400,3400,4680
2016-12-23,3413,3625,3381,3625,25480
2016-12-27,3500,3500,3378,3500,57160
2016-12-28,3500,3500,3405,3480,2320
2016-12-29,3475,3475,3475,3475,1000
2016-12-30,3450,3475,3450,3475,1680
2017-01-02,3475,3475,3475,3475,360
2017-01-03,3475,3475,3475,3475,40
2017-01-04,3450,3450,3375,3450,600
2017-01-05,3400,3400,3400,3400,2080
2017-01-06,3400,3438,3398,3438,1440
2017-01-09,3438,3438,3400,3400,600
2017-01-11,3400,3400,3300,3300,560
2017-01-12,3413,3413,3413,3413,240
2017-01-13,3413,3413,3400,3400,1440
2017-01-16,3400,3400,3375,3375,4000
2017-01-17,3375,3388,3375,3388,4120
2017-01-18,3385,3388,3363,3363,2560
2017-01-19,3363,3375,3325,3375,8520
2017-01-20,3375,3375,3375,3375,1360
2017-01-23,3350,3350,3338,3338,440
2017-01-24,3338,3375,3300,3375,1440
2017-01-25,3350,3350,3348,3350,5320
2017-01-26,3375,3375,3300,3300,640
2017-01-27,3375,3375,3375,3375,400
2017-01-30,3375,3375,3325,3375,17080
2017-01-31,3375,3375,3375,3375,400
2017-02-01,3375,3375,3375,3375,29080
2017-02-02,3375,3375,3363,3375,54720
2017-02-03,3400,3400,3375,3400,6440
2017-02-06,3400,3425,3400,3400,5120
2017-02-07,3425,3425,3400,3401,3560
2017-02-08,3400,3425,3400,3425,48560
2017-02-09,3425,3425,3413,3425,10760
2017-02-10,3425,3425,3425,3425,18640
2017-02-13,3416,3475,3416,3425,6440
2017-02-14,3425,3425,3400,3425,11880
2017-02-15,3425,3425,3425,3425,1080
2017-02-16,3425,3425,3425,3425,8720
2017-02-17,3425,3425,3425,3425,11880
2017-02-20,3425,3430,3400,3430,18080
2017-02-21,3430,3450,3425,3425,8720
2017-02-22,3475,3478,3475,3478,200
2017-02-23,3525,3625,3525,3625,2160
2017-02-24,3875,3897,3875,3897,3720
2017-02-27,4189,4189,4187,4189,27960
2017-02-28,4250,4250,3975,3975,6160
2017-03-01,4000,4000,3975,3975,1960
2017-03-02,3750,3875,3750,3875,920
2017-03-03,3750,3750,3750,3750,1600
2017-03-06,3500,3875,3500,3750,4040
2017-03-07,3800,3875,3800,3863,1160
2017-03-08,3800,3800,3750,3750,4280
2017-03-09,3750,3750,3750,3750,2280
2017-03-10,3750,3750,3744,3744,3440
2017-03-13,3745,3745,3744,3745,880
2017-03-14,3745,3875,3725,3875,26760
2017-03-15,3875,3875,3850,3875,23280
2017-03-16,3950,4125,3950,4075,10040
2017-03-17,4125,4125,4105,4105,4960
2017-03-20,4125,4125,4025,4025,6080
2017-03-21,4050,4125,4000,4125,17280
2017-03-22,4434,4434,4434,4434,10760
2017-03-23,4767,4767,4434,4434,54880
2017-03-24,4425,4500,4275,4434,12280
2017-03-27,4425,4425,4125,4125,4680
2017-03-28,4025,4120,4025,4063,2480
2017-03-29,4250,4263,4250,4250,2720
2017-03-30,4250,4425,4250,4425,10160
2017-03-31,4423,4425,4423,4425,3960
2017-04-03,4425,4425,4413,4425,5960
2017-04-04,4425,4438,4400,4438,8040
2017-04-05,4438,4450,4438,4450,4960
2017-04-06,4450,4450,4375,4375,8600
2017-04-07,4400,4400,4375,4375,7680
2017-04-10,4375,4413,4375,4400,3400
2017-04-11,4425,4456,4375,4425,10840
2017-04-12,4428,4475,4428,4475,4960
2017-04-13,4500,4500,4378,4400,34480
2017-04-14,4400,4438,4400,4438,4000
2017-04-18,4400,4425,4400,4403,12640
2017-04-19,4403,4403,4400,4403,4360
2017-04-20,4413,4425,4403,4425,4880
2017-04-21,4425,4425,4413,4413,4080
2017-04-24,4413,4413,4375,4400,13280
2017-04-25,4400,4400,4375,4375,3120
2017-04-26,4300,4388,4300,4388,2400
2017-04-27,4380,4388,4375,4388,7280
2017-04-28,4388,4410,4375,4410,3320
2017-05-02,4400,4438,4400,4438,4840
2017-05-03,4425,4450,4425,4450,1720
2017-05-04,4375,4450,4375,4450,4800
2017-05-05,4410,4450,4400,4450,5360
2017-05-08,4450,4450,4250,4250,3040
2017-05-09,4263,4375,4200,4350,1280
2017-05-10,4350,4375,4350,4375,2120
2017-05-11,4375,4438,4375,4383,1320
2017-05-12,4388,4437,4388,4388,520
2017-05-15,4388,4438,4388,4438,440
2017-05-16,4378,4400,4375,4388,4840
2017-05-17,4390,4413,4390,4400,3720
2017-05-18,4425,4425,4388,4400,3760
2017-05-19,4378,4388,4375,4375,5160
2017-05-22,4375,4375,4325,4375,2120
2017-05-23,4375,4375,4325,4353,1240
2017-05-24,4350,4400,4325,4400,29600
2017-05-26,4375,4375,4350,4375,2600
2017-05-29,4350,4375,4263,4350,3840
2017-05-30,4250,4350,4250,4350,2920
2017-05-31,4325,4350,4325,4350,21600
2017-06-01,4300,4325,4300,4325,2880
2017-06-02,4325,4325,4300,4300,1200
2017-06-06,4300,4300,4250,4300,5720
2017-06-07,4300,4300,4250,4250,4680
2017-06-08,4250,4288,4250,4288,14800
2017-06-09,4350,4350,4300,4300,20640
2017-06-12,4300,4300,4300,4300,10480
2017-06-13,4300,4300,4275,4300,14280
2017-06-14,4300,4300,4298,4300,11920
2017-06-15,4300,4300,4290,4300,16120
2017-06-16,4300,4300,4300,4300,3920
2017-06-19,4375,4450,4288,4450,6360
2017-06-21,4425,4425,4419,4419,680
2017-06-23,4449,4449,4088,4425,240
2017-06-27,4424,4424,4093,4424,340
2017-06-28,4400,4400,4400,4400,20
2017-06-29,4399,4399,4395,4395,1000
2017-07-04,4075,4075,4075,4075,100
2017-07-06,3770,4050,3770,4050,560
2017-07-07,3746,3746,3746,3746,240
2017-07-10,3466,3500,3466,3500,1260
2017-07-11,3238,3250,3238,3240,680
2017-07-12,2997,3200,2997,3125,1880
2017-07-13,2891,3000,2891,3000,7020
2017-07-14,2975,3000,2900,2900,5400
2017-07-17,3000,3000,2900,3000,600
2017-07-18,2900,3000,2900,3000,3600
2017-07-19,2900,2900,2900,2900,1840
2017-07-20,2900,3000,2900,3000,2440
2017-07-21,2900,3000,2893,3000,2040
2017-07-24,2900,3000,2850,3000,1500
2017-07-25,2900,2995,2900,2950,220
2017-07-26,2900,2900,2875,2875,280
2017-07-27,2895,2994,2875,2994,1200
2017-07-28,2995,2995,2900,2945,540
2017-07-31,2900,2950,2888,2950,2340
2017-08-01,2900,2950,2900,2950,1020
2017-08-02,2900,3000,2895,3000,1040
2017-08-03,2950,2950,2925,2925,1280
2017-08-04,2901,3144,2875,3144,1200
2017-08-08,3205,3205,3000,3000,980
2017-08-09,3050,3050,2900,3050,17620
2017-08-10,3000,3000,3000,3000,10460
2017-08-11,3000,3000,2900,2900,1720
2017-08-14,2900,2950,2900,2950,1080
2017-08-16,2900,2925,2900,2900,1220
2017-08-17,2900,2900,2850,2850,560
2017-08-18,2825,2850,2800,2800,2160
2017-08-21,2750,2750,2750,2750,160
2017-08-23,2750,2750,2700,2700,2360
2017-08-24,2749,2750,2550,2722,3060
2017-08-25,2723,2723,2650,2695,10440
2017-08-28,2695,2700,2650,2700,840
2017-08-29,2650,2695,2600,2650,10660
2017-08-30,2650,2700,2600,2700,17900
2017-08-31,2600,2699,2600,2600,2900
2017-09-04,2650,2650,2650,2650,600
2017-09-05,2650,2699,2600,2600,1400
2017-09-06,2600,2650,2600,2650,7740
2017-09-07,2650,2675,2650,2675,1020
2017-09-08,2675,2675,2600,2650,6680
2017-09-11,2650,2670,2600,2600,29060
2017-09-12,2600,2650,2500,2500,3200
2017-09-13,2550,2599,2500,2500,7380
2017-09-14,2550,2600,2550,2550,1600
2017-09-15,2500,2500,2500,2500,420
2017-09-18,2550,2550,2475,2475,340
2017-09-19,2500,2500,2475,2488,600
2017-09-20,2444,2444,2444,2444,100
2017-09-21,2350,2425,2350,2425,900
2017-09-22,2351,2351,2250,2295,3520
2017-09-25,2249,2249,2249,2249,40
2017-09-26,2150,2200,2150,2200,900
2017-09-27,2155,2155,2150,2150,1060
2017-09-28,2150,2150,2100,2100,2800
2017-09-29,2100,2100,2100,2100,500
2017-10-02,2050,2100,2000,2100,1000
2017-10-03,2025,2100,2025,2100,24720
2017-10-04,2100,2149,2100,2100,8520
2017-10-05,2100,2250,2100,2250,3420
2017-10-06,2250,2325,2225,2250,9600
2017-10-09,2250,2400,2250,2400,1460
2017-10-10,2400,2400,2220,2400,460
2017-10-11,2250,2400,2250,2400,1200
2017-10-12,2400,2400,2375,2375,320
2017-10-13,2375,2375,2350,2350,420
2017-10-16,2350,2350,2350,2350,120
2017-10-17,2325,2325,2174,2174,3000
2017-10-18,2050,2150,2050,2050,5520
2017-10-19,2050,2050,1925,2050,2380
2017-10-20,1925,2050,1925,2050,1000
2017-10-23,2025,2025,2000,2025,860
2017-10-24,2000,2000,2000,2000,1660
2017-10-25,2000,2075,2000,2075,1680
2017-10-26,2075,2230,2075,2125,116
2017-10-27,2075,2075,1998,1998,750
2017-10-30,2000,2000,1863,1863,1606
2017-10-31,1828,1850,1725,1850,1946
2017-11-02,1750,1985,1745,1985,1604
2017-11-03,1998,1998,1875,1893,2522
2017-11-06,1985,1985,1850,1875,2850
2017-11-07,1873,1875,1808,1808,2892
2017-11-08,1838,1850,1800,1825,3398
2017-11-09,1803,1875,1750,1875,1810
2017-11-10,1875,1875,1850,1875,978
2017-11-13,1875,1905,1850,1900,1802
2017-11-14,1850,1900,1850,1900,1808
2017-11-16,1903,2000,1900,2000,742
2017-11-17,2003,2100,2000,2100,394
2017-11-20,2100,2153,2100,2153,620
2017-11-21,2250,2250,2150,2153,2326
2017-11-22,2200,2313,2198,2250,20552
2017-11-23,2248,2250,2205,2250,4546
2017-11-24,2250,2250,2200,2250,7122
2017-11-27,2250,2250,2100,2100,8060
2017-11-28,2100,2250,2100,2100,1430
2017-11-29,2140,2250,2000,2250,27664
2017-11-30,2100,2200,2098,2098,7602
2017-12-04,2198,2198,2125,2125,6712
2017-12-05,2125,2125,2000,2098,5184
2017-12-06,2098,2248,2028,2248,6252
2017-12-07,2225,2250,2200,2200,3420
2017-12-08,2100,2150,2100,2100,1128
2017-12-11,2100,2100,2095,2095,1646
2017-12-12,2100,2100,2053,2100,13934
2017-12-13,2100,2100,2050,2100,3326
2017-12-14,2100,2100,2050,2050,844
2017-12-15,2098,2100,2058,2100,18514
2017-12-18,2125,2225,2100,2100,3678
2017-12-19,2105,2223,2105,2223,70
2017-12-20,2100,2198,2100,2198,1610
2017-12-21,2223,2360,2175,2360,3100
2017-12-22,2400,2500,2400,2500,592
2017-12-26,2498,2500,2450,2500,3456
2017-12-27,2500,2500,2498,2500,1452
2017-12-28,2500,2500,2475,2498,5104
2017-12-29,2500,2500,2450,2450,3076
2018-01-02,2500,2500,2425,2450,4662
2018-01-03,2425,2500,2423,2450,6592
2018-01-04,2450,2498,2425,2450,4304
2018-01-05,2450,2495,2410,2495,2792
2018-01-08,2495,2500,2450,2450,1050
2018-01-09,2450,2500,2450,2450,1598
2018-01-10,2425,2450,2410,2410,970
2018-01-11,2445,2445,2403,2425,916
2018-01-12,2425,2425,2400,2425,1806
2018-01-15,2425,2425,2360,2360,958
2018-01-16,2445,2445,2400,2445,898
2018-01-17,2400,2400,2350,2360,3154
2018-01-18,2398,2400,2350,2350,2342
2018-01-19,2398,2398,2350,2395,2608
2018-01-22,2400,2400,2350,2400,816
2018-01-23,2400,2400,2400,2400,1390
2018-01-24,2395,2395,2350,2350,4476
2018-01-25,2353,2395,2353,2395,1374
2018-01-26,2375,2395,2375,2395,3254
2018-01-29,2395,2395,2350,2350,9030
2018-01-30,2350,2350,2328,2350,8872
2018-01-31,2350,2350,2350,2350,2634
2018-02-01,2325,2350,2325,2348,1966
2018-02-02,2350,2350,2348,2350,1602
2018-02-05,2350,2350,2200,2300,4696
2018-02-06,2323,2323,2250,2300,2908
2018-02-07,2275,2275,2250,2275,1852
2018-02-08,2250,2255,2250,2250,2526
2018-02-09,2250,2295,2248,2250,11622
2018-02-12,2300,2300,2208,2250,8052
2018-02-13,2295,2300,2250,2300,1392
2018-02-14,2255,2300,2250,2300,4934
2018-02-15,2300,2325,2300,2300,1638
2018-02-16,2300,2348,2300,2325,5536
2018-02-19,2325,2350,2325,2350,6390
2018-02-20,2345,2350,2325,2350,7252
2018-02-21,2350,2425,2350,2423,6906
2018-02-22,2423,2473,2420,2473,11836
2018-02-23,2475,2500,2450,2478,1834
2018-02-26,2500,2550,2500,2550,2724
2018-02-27,2500,2600,2500,2550,2076
2018-02-28,2525,2525,2430,2475,17654
2018-03-01,2498,2498,2450,2450,1360
2018-03-02,2448,2500,2423,2450,9284
2018-03-05,2498,2498,2425,2498,6386
2018-03-06,2498,2550,2495,2500,3454
2018-03-07,2500,2500,2450,2500,8304
2018-03-08,2450,2498,2450,2490,2260
2018-03-09,2450,2485,2448,2455,700
2018-03-12,2455,2485,2423,2450,1632
2018-03-13,2450,2548,2450,2548,14842
2018-03-14,2500,2700,2475,2700,2982
2018-03-15,2500,2500,2498,2500,3946
2018-03-16,2498,2500,2475,2500,1050
2018-03-19,2498,2500,2450,2500,2482
2018-03-20,2450,2500,2450,2500,3196
2018-03-21,2498,2500,2450,2500,1056
2018-03-22,2500,2500,2450,2493,540
2018-03-23,2403,2493,2403,2450,1800
2018-03-26,2403,2493,2400,2493,1046
2018-03-27,2450,2500,2325,2500,6736
2018-03-28,2498,2498,2450,2498,1418
2018-03-29,2495,2498,2450,2495,1544
2018-03-30,2450,2493,2425,2493,2080
2018-04-03,2450,2495,2350,2350,4392
2018-04-04,2350,2475,2350,2475,4384
2018-04-05,2450,2450,2448,2448,940
2018-04-06,2400,2400,2355,2355,494
2018-04-09,2375,2475,2325,2473,1718
2018-04-10,2425,2473,2300,2473,1674
2018-04-11,2435,2450,2398,2450,2170
2018-04-12,2350,2350,2340,2350,332
2018-04-13,2400,2400,2325,2340,1866
2018-04-16,2328,2348,2250,2340,2164
2018-04-17,2300,2450,2250,2450,952
2018-04-18,2450,2450,2325,2400,478
2018-04-19,2400,2450,2395,2395,190
2018-04-20,2328,2348,2328,2348,200
2018-04-23,2340,2400,2325,2350,6326
2018-04-24,2400,2400,2175,2175,850
2018-04-25,2150,2245,2150,2245,1496
2018-04-26,2175,2250,2150,2250,4656
2018-04-27,2245,2245,2198,2198,1036
2018-04-30,2200,2350,2200,2350,3612
2018-05-02,2198,2198,2175,2175,344
2018-05-03,2175,2200,2150,2200,1560
2018-05-04,2350,2350,2100,2100,1944
2018-05-07,1943,1998,1943,1998,534
2018-05-08,1900,1900,1900,1900,256
2018-05-09,1875,1875,1850,1875,336
2018-05-11,1800,1850,1800,1848,3204
2018-05-14,1875,1875,1825,1848,2884
2018-05-15,1825,1850,1800,1800,4454
2018-05-16,1825,1825,1775,1800,3308
2018-05-17,1775,1845,1775,1845,5584
2018-05-18,1800,1873,1743,1873,5204
2018-05-22,1850,1960,1850,1950,2004
2018-05-23,1873,1950,1873,1950,4758
2018-05-24,1950,2000,1950,1973,11626
2018-05-25,1950,1950,1875,1900,22134
2018-05-28,1900,1900,1853,1900,1336
2018-05-29,1900,2025,1900,2025,1654
2018-05-30,2065,2150,2025,2150,2838
2018-05-31,2150,2295,2108,2295,3094
2018-06-01,2400,2400,2300,2300,446
2018-06-04,2150,2300,2125,2300,1244
2018-06-05,2250,2250,2150,2250,7054
2018-06-06,2150,2248,2100,2248,606
2018-06-07,2100,2100,2100,2100,1322
2018-06-08,2125,2125,2100,2100,492
2018-06-12,2050,2150,2050,2100,882
2018-06-13,2050,2248,2050,2248,8260
2018-06-15,2225,2225,2100,2150,808
2018-06-18,2150,2150,2123,2125,1200
2018-06-19,2103,2145,2063,2145,2774
2018-06-20,2145,2248,2108,2248,3944
2018-06-21,2248,2248,2100,2100,1548
2018-06-22,2100,2248,2090,2248,5190
2018-06-25,2245,2250,2243,2248,6240
2018-06-26,2250,2250,2100,2200,176
2018-06-27,2155,2203,2153,2203,3816
2018-06-28,2200,2245,2200,2245,7396
2018-06-29,2245,2245,2200,2245,3474
2018-07-02,2240,2240,2100,2100,4878
2018-07-03,2100,2213,2100,2213,3496
2018-07-04,2100,2198,2100,2100,480
2018-07-05,2100,2103,2100,2100,1400
2018-07-06,2100,2100,2053,2100,562
2018-07-09,2075,2075,2050,2050,1640
2018-07-10,2093,2100,2093,2100,24
2018-07-11,2100,2100,2050,2050,644
2018-07-12,2075,2100,2075,2100,276
2018-07-13,2150,2150,2098,2125,456
2018-07-16,2100,2148,2050,2050,1128
2018-07-17,2075,2075,2050,2050,284
2018-07-18,2065,2098,2063,2098,1192
2018-07-19,2050,2100,2050,2100,880
2018-07-20,2100,2243,2050,2243,2130
2018-07-23,2225,2225,2075,2150,164
2018-07-24,2150,2150,2148,2150,172
2018-07-25,2100,2143,2100,2143,46
2018-07-26,2140,2143,2100,2120,264
2018-07-27,2120,2120,2100,2120,334
2018-07-30,2115,2243,2100,2243,1728
2018-07-31,2125,2243,2125,2243,1974
2018-08-01,2200,2248,2200,2248,190
2018-08-02,2225,2225,2143,2143,1456
2018-08-03,2150,2150,2143,2143,950
2018-08-08,2150,2245,2120,2245,2852
2018-08-09,2150,2150,2078,2100,4700
2018-08-10,2100,2225,2050,2225,670
2018-08-13,2220,2225,2198,2225,1460
2018-08-14,2200,2200,2198,2198,1002
2018-08-16,2150,2150,2050,2100,1228
2018-08-17,1953,2000,1950,1950,3328
2018-08-20,1950,1950,1950,1950,1954
2018-08-22,1950,1998,1900,1998,2220
2018-08-23,1975,1975,1950,1950,116
2018-08-24,1950,1978,1950,1975,1402
2018-08-27,2000,2000,1975,2000,314
2018-08-28,2000,2025,1998,1998,2228
2018-08-29,1975,1998,1975,1998,40
2018-08-30,1960,2048,1960,2048,2416
2018-08-31,2000,2040,1990,1990,1296
2018-09-03,1990,1990,1950,1950,708
2018-09-04,1948,1948,1885,1898,834
2018-09-05,1905,1925,1905,1925,2436
2018-09-06,1900,1925,1898,1900,582
2018-09-07,1898,1900,1853,1870,414
2018-09-10,1835,1850,1835,1850,18088
2018-09-11,1848,1900,1805,1900,2268
2018-09-12,1850,1850,1775,1800,25916
2018-09-13,1788,1788,1750,1750,2012
2018-09-14,1750,1785,1750,1750,1254
2018-09-17,1750,1800,1718,1718,3140
2018-09-18,1725,1795,1725,1750,3764
2018-09-19,1795,1798,1728,1750,5836
2018-09-20,1750,1750,1725,1725,2416
2018-09-21,1713,1725,1700,1700,1836
2018-09-24,1700,1700,1700,1700,370
2018-09-25,1650,1698,1625,1698,340
2018-09-26,1695,1695,1695,1695,400
2018-09-27,1695,1695,1625,1625,1124
2018-09-28,1625,1700,1625,1700,2440
2018-10-01,1700,1700,1600,1600,946
2018-10-02,1603,1603,1595,1598,776
2018-10-03,1550,1550,1550,1550,3254
2018-10-04,1525,1525,1500,1500,1242
2018-10-05,1550,1550,1500,1500,424
2018-10-08,1500,1513,1500,1500,1888
2018-10-09,1495,1498,1450,1498,40240
2018-10-10,1400,1498,1388,1498,8928
2018-10-11,1470,1495,1388,1400,612
2018-10-12,1425,1425,1388,1400,766
2018-10-15,1398,1398,1350,1350,664
2018-10-16,1350,1365,1300,1300,55822
2018-10-17,1298,1298,1250,1250,2264
2018-10-18,1250,1275,1250,1250,1450
2018-10-19,1250,1300,1250,1300,2302
2018-10-22,1298,1300,1275,1275,6836
2018-10-23,1278,1300,1250,1300,37158
2018-10-24,1300,1325,1298,1325,57454
2018-10-25,1325,1325,1255,1255,4582
2018-10-26,1275,1275,1250,1250,888
2018-10-29,1248,1250,1225,1225,2016
2018-10-30,1248,1248,1225,1225,768
2018-10-31,1223,1248,1223,1243,3510
2018-11-02,1243,1243,1175,1220,1752
2018-11-05,1153,1248,1150,1158,5334
2018-11-06,1200,1200,1178,1198,480
2018-11-07,1198,1200,1175,1200,2602
2018-11-08,1200,1290,1193,1290,7618
2018-11-09,1300,1300,1255,1300,5480
2018-11-12,1258,1300,1250,1275,2808
2018-11-13,1298,1300,1200,1250,2018
2018-11-14,1250,1250,1158,1250,8848
2018-11-16,1225,1300,1225,1298,4178
2018-11-19,1298,1298,1203,1203,1200
2018-11-21,1200,1250,1175,1250,3440
2018-11-22,1248,1248,1160,1198,12634
2018-11-23,1198,1250,1110,1250,35644
2018-11-26,1243,1245,1200,1200,1498
2018-11-27,1200,1225,1160,1225,3176
2018-11-28,1245,1245,1200,1200,168
2018-11-29,1200,1200,1110,1170,1288
2018-11-30,1150,1150,1135,1148,1626
2018-12-03,1125,1233,1125,1233,4888
2018-12-04,1225,1250,1210,1248,58882
2018-12-05,1225,1250,1158,1250,3126
2018-12-06,1225,1225,1158,1158,5994
2018-12-07,1150,1238,1150,1238,2136
2018-12-10,1250,1298,1250,1298,2738
2018-12-11,1275,1275,1228,1250,39720
2018-12-12,1300,1343,1300,1343,400
2018-12-13,1350,1440,1350,1440,3136
2018-12-14,1440,1500,1440,1500,6580
2018-12-17,1498,1498,1453,1493,11588
2018-12-18,1493,1570,1493,1570,8238
2018-12-19,1595,1638,1595,1638,856
2018-12-20,1640,1640,1515,1625,22418
2018-12-21,1640,1658,1625,1658,1986
2018-12-24,1650,1748,1650,1748,22960
2018-12-26,1750,1825,1675,1825,1542
2018-12-27,1788,1825,1750,1825,2874
2018-12-28,1750,1960,1750,1960,20316
2018-12-31,1950,2100,1950,2100,334644
2019-01-02,2075,2075,2075,2075,700
2019-01-03,2073,2075,2050,2075,190
2019-01-04,2000,2025,1950,2000,164
2019-01-07,1900,1993,1900,1950,1410
2019-01-08,1873,1873,1825,1825,192
2019-01-09,1700,1700,1700,1700,204
2019-01-10,1650,1688,1625,1673,974
2019-01-11,1673,1673,1650,1670,4124
2019-01-14,1598,1598,1550,1550,630
2019-01-15,1500,1500,1498,1498,2556
2019-01-16,1500,1550,1500,1525,1790
2019-01-17,1500,1545,1500,1500,2372
2019-01-18,1500,1525,1500,1525,714
2019-01-21,1525,1525,1500,1525,774
2019-01-22,1525,1600,1525,1600,584
2019-01-23,1605,1700,1600,1700,2424
2019-01-24,1680,1720,1650,1700,300
2019-01-25,1650,1650,1603,1603,250
2019-01-28,1653,1700,1500,1695,7582
2019-01-29,1600,1820,1570,1820,2052
2019-01-30,1785,1955,1785,1950,366
2019-01-31,1988,1988,1988,1988,320
2019-02-01,1975,1975,1948,1948,260
2019-02-04,1900,1900,1803,1805,5834
2019-02-05,1800,1800,1700,1700,800
2019-02-06,1600,1600,1600,1600,144
2019-02-07,1600,1600,1518,1518,14260
2019-02-08,1525,1550,1525,1525,6266
2019-02-11,1600,1638,1600,1638,676
2019-02-12,1650,1750,1650,1650,1524
2019-02-13,1773,1773,1645,1650,9012
2019-02-14,1650,1675,1650,1675,132
2019-02-15,1700,1750,1650,1658,17176
2019-02-18,1653,1750,1653,1750,1364
2019-02-19,1750,1750,1750,1750,20
2019-02-20,1680,1700,1675,1700,934
2019-02-21,1698,1698,1675,1675,362
2019-02-22,1700,1700,1658,1700,1244
2019-02-25,1675,1675,1573,1645,8574
2019-02-26,1650,1675,1625,1650,3172
2019-02-27,1625,1650,1625,1650,1384
2019-02-28,1650,1750,1650,1750,830
2019-03-01,1750,1750,1750,1750,996
2019-03-04,1750,1800,1700,1750,1092
2019-03-05,1800,1875,1800,1875,6062
2019-03-06,1875,1875,1853,1853,2090
2019-03-07,1875,1988,1750,1853,2738
2019-03-08,1900,1900,1848,1848,1464
2019-03-11,1748,1750,1743,1750,1172
2019-03-12,1675,1748,1675,1748,2450
2019-03-13,1748,1748,1675,1675,1640
2019-03-14,1708,1745,1708,1745,984
2019-03-15,1748,1765,1700,1765,3822
2019-03-18,1765,1800,1700,1800,1002
2019-03-19,1800,1800,1778,1800,552
2019-03-20,1800,1825,1800,1800,7194
2019-03-21,1765,1800,1765,1798,608
2019-03-22,1798,1798,1725,1798,4908
2019-03-25,1763,1795,1763,1795,386
2019-03-26,1793,1793,1788,1790,92
2019-03-27,1780,1780,1765,1765,146
2019-03-28,1750,1848,1748,1848,5218
2019-03-29,1758,1840,1755,1840,2266
2019-04-01,1840,1840,1825,1840,430
2019-04-02,1838,1840,1838,1838,360
2019-04-03,1843,1845,1838,1838,164
2019-04-04,1800,1848,1800,1848,3200
2019-04-05,1845,1848,1813,1813,600
2019-04-08,1813,1848,1800,1800,3658
2019-04-09,1798,1798,1795,1798,696
2019-04-10,1798,1800,1798,1800,908
2019-04-11,1800,1800,1798,1798,140
2019-04-12,1798,1798,1700,1783,946
2019-04-15,1750,1750,1748,1748,370
2019-04-16,1725,1725,1650,1700,5470
2019-04-17,1725,1725,1675,1725,220
2019-04-18,1725,1750,1700,1700,1582
2019-04-19,1700,1725,1700,1700,2240
2019-04-23,1725,1790,1725,1728,1034
2019-04-24,1728,1775,1728,1750,1236
2019-04-25,1748,1750,1745,1750,1642
2019-04-26,1750,1750,1700,1750,25344
2019-04-29,1750,1793,1748,1778,20748
2019-04-30,1798,1850,1798,1850,3746
2019-05-02,1850,1850,1845,1850,11508
2019-05-03,1850,1850,1845,1850,2916
2019-05-06,1850,1850,1848,1850,570
2019-05-07,1845,1845,1825,1845,1222
2019-05-08,1845,1845,1845,1845,606
2019-05-09,1850,1850,1800,1800,11110
2019-05-10,1850,1850,1800,1848,776
2019-05-13,1845,1845,1800,1800,5278
2019-05-14,1825,1840,1775,1775,1156
2019-05-15,1798,1798,1750,1775,954
2019-05-16,1700,1743,1700,1700,2440
2019-05-17,1698,1698,1690,1690,248
2019-05-20,1650,1678,1600,1600,898
2019-05-21,1600,1625,1600,1623,1724
2019-05-22,1620,1620,1600,1600,90
2019-05-23,1600,1600,1550,1550,408
2019-05-24,1563,1563,1523,1523,870
2019-05-27,1520,1520,1488,1500,1444
2019-05-28,1488,1500,1475,1498,1652
2019-05-29,1500,1500,1495,1495,798
2019-05-31,1493,1493,1490,1490,96
2019-06-03,1453,1453,1450,1450,166
2019-06-05,1428,1428,1350,1350,234
2019-06-06,1325,1325,1250,1300,3946
2019-06-07,1313,1313,1295,1295,2172
2019-06-11,1295,1348,1295,1348,3662
2019-06-12,1375,1398,1375,1398,920
2019-06-13,1398,1400,1348,1400,920
2019-06-14,1425,1425,1350,1350,3004
2019-06-17,1350,1350,1348,1348,674
2019-06-18,1350,1350,1350,1350,1130
2019-06-19,1328,1375,1328,1375,1000
2019-06-20,1375,1425,1375,1375,2278
2019-06-21,1393,1393,1350,1350,6142
2019-06-24,1350,1400,1313,1400,5070
2019-06-25,1400,1400,1400,1400,70
2019-06-26,1350,1400,1350,1400,8382
2019-06-27,1400,1400,1400,1400,1816
2019-06-28,1400,1450,1400,1450,238
2019-07-01,1438,1438,1435,1435,382
2019-07-02,1400,1440,1400,1425,724
2019-07-03,1425,1425,1400,1400,42
2019-07-04,1400,1425,1400,1425,292
2019-07-05,1425,1425,1375,1400,5170
2019-07-08,1400,1450,1400,1450,2858
2019-07-09,1450,1450,1400,1450,344
2019-07-10,1450,1450,1450,1450,270
2019-07-11,1425,1425,1400,1400,1328
2019-07-12,1448,1450,1400,1450,566
2019-07-15,1450,1450,1400,1400,672
2019-07-16,1425,1425,1380,1380,4050
2019-07-17,1375,1375,1350,1350,1292
2019-07-18,1350,1375,1350,1353,1278
2019-07-19,1400,1400,1353,1400,558
2019-07-22,1400,1400,1353,1353,802
2019-07-23,1350,1400,1350,1400,914
2019-07-24,1400,1450,1400,1450,910
2019-07-25,1450,1450,1445,1445,80
2019-07-26,1445,1445,1443,1445,268
2019-07-29,1445,1445,1400,1400,348
2019-07-30,1400,1445,1400,1443,142
2019-07-31,1443,1443,1400,1400,252
2019-08-01,1408,1425,1400,1400,484
2019-08-02,1443,1443,1400,1400,820
2019-08-05,1443,1443,1348,1348,10690
2019-08-06,1345,1350,1328,1328,380
2019-08-08,1330,1350,1330,1350,4462
2019-08-09,1398,1398,1333,1395,534
2019-08-13,1400,1400,1328,1395,1664
2019-08-14,1400,1400,1395,1395,90
2019-08-16,1350,1400,1350,1400,250
2019-08-19,1350,1350,1333,1333,60
2019-08-20,1333,1375,1328,1328,2474
2019-08-21,1325,1325,1325,1325,1166
2019-08-22,1398,1400,1398,1398,396
2019-08-23,1333,1333,1333,1333,1840
2019-08-26,1393,1398,1350,1350,944
2019-08-27,1400,1400,1355,1355,1606
2019-08-28,1400,1400,1398,1400,2630
2019-08-29,1400,1400,1350,1350,10814
2019-08-30,1388,1388,1388,1388,336
2019-09-02,1388,1400,1353,1400,288
2019-09-03,1390,1390,1355,1355,440
2019-09-04,1363,1363,1350,1350,6116
2019-09-05,1363,1363,1355,1363,104
2019-09-06,1360,1363,1355,1355,514
2019-09-09,1355,1363,1333,1350,8948
2019-09-10,1350,1350,1350,1350,854
2019-09-11,1360,1360,1350,1350,2044
2019-09-12,1350,1350,1348,1350,922
2019-09-13,1333,1350,1308,1345,4264
2019-09-16,1308,1345,1305,1345,2084
2019-09-17,1343,1343,1310,1310,496
2019-09-18,1308,1310,1308,1308,992
2019-09-19,1310,1310,1305,1305,602
2019-09-20,1308,1345,1308,1345,516
2019-09-23,1323,1323,1308,1308,422
2019-09-24,1325,1345,1308,1308,176
2019-09-25,1308,1308,1275,1275,6398
2019-09-26,1275,1275,1250,1250,4622
2019-09-27,1343,1343,1255,1343,1510
2019-09-30,1300,1300,1253,1300,656
2019-10-01,1300,1325,1275,1300,1850
2019-10-02,1300,1325,1300,1325,3826
2019-10-03,1323,1325,1323,1325,396
2019-10-04,1325,1325,1325,1325,188
2019-10-07,1305,1305,1263,1300,5084
2019-10-08,1300,1300,1275,1275,1076
2019-10-09,1265,1278,1265,1275,1214
2019-10-10,1273,1278,1263,1265,2014
2019-10-11,1265,1265,1255,1255,1430
2019-10-14,1263,1265,1250,1250,3210
2019-10-15,1255,1265,1253,1265,356
2019-10-16,1265,1278,1265,1275,646
2019-10-17,1275,1275,1250,1250,1932
2019-10-18,1270,1300,1250,1300,8718
2019-10-21,1300,1300,1300,1300,122
2019-10-23,1275,1298,1275,1275,140
2019-10-24,1275,1275,1250,1275,3208
2019-10-25,1273,1280,1235,1280,3362
2019-10-28,1280,1350,1275,1350,7878
2019-10-29,1300,1350,1300,1325,1204
2019-10-30,1325,1325,1300,1300,1140
2019-10-31,1275,1300,1275,1275,142
2019-11-04,1298,1298,1295,1298,252
2019-11-05,1298,1325,1295,1295,3966
2019-11-06,1298,1325,1298,1325,130
2019-11-07,1298,1325,1298,1325,426
2019-11-08,1325,1325,1300,1300,682
2019-11-11,1298,1298,1295,1295,550
2019-11-12,1295,1325,1295,1295,2788
2019-11-13,1293,1293,1255,1268,2212
2019-11-14,1268,1315,1253,1300,3256
2019-11-18,1288,1308,1288,1308,6526
2019-11-19,1305,1318,1288,1288,3920
2019-11-20,1295,1295,1288,1293,884
2019-11-21,1300,1300,1275,1275,6190
2019-11-22,1300,1300,1293,1298,2494
2019-11-25,1280,1300,1255,1300,6410
2019-11-26,1300,1300,1295,1300,1336
2019-11-27,1295,1300,1295,1298,2200
2019-11-28,1298,1320,1283,1320,4652
2019-11-29,1350,1418,1300,1418,23500
2019-12-02,1390,1523,1315,1500,8106
2019-12-03,1498,1600,1498,1600,9326
2019-12-04,1500,1500,1480,1500,3156
2019-12-05,1500,1500,1500,1500,910
2019-12-06,1500,1613,1500,1610,9974
2019-12-09,1490,1600,1490,1600,866
2019-12-10,1598,1650,1500,1650,5592
2019-12-11,1650,1650,1648,1650,1144
2019-12-12,1650,1750,1650,1750,5812
2019-12-13,1748,1800,1725,1800,3480
2019-12-16,1725,1925,1725,1925,11290
2019-12-17,1800,1875,1800,1850,15698
2019-12-18,1820,1820,1750,1800,1410
2019-12-19,1750,1850,1750,1850,8834
2019-12-20,1838,1900,1835,1900,14990
2019-12-23,1888,2043,1888,2043,41250
2019-12-24,2000,2000,1998,1998,11100
2019-12-26,1995,1995,1995,1995,40
2019-12-27,1923,1995,1918,1995,17490
2019-12-30,1848,1995,1848,1995,21956
2019-12-31,1973,1998,1973,1998,10050
2020-01-02,1850,1850,1850,1850,2
2020-01-03,1800,1800,1713,1800,136
2020-01-06,1665,1665,1665,1665,708
2020-01-07,1650,1650,1543,1543,1252
2020-01-08,1543,1545,1515,1545,1932
2020-01-09,1545,1555,1545,1555,76
2020-01-10,1563,1650,1558,1650,182
2020-01-13,1650,1650,1600,1650,406
2020-01-14,1650,1655,1650,1655,224
2020-01-15,1665,1665,1655,1655,150
2020-01-16,1655,1700,1655,1700,3782
2020-01-17,1655,1700,1650,1675,3808
2020-01-20,1675,1675,1675,1675,622
2020-01-21,1675,1700,1675,1675,2298
2020-01-22,1678,1678,1675,1675,80
2020-01-23,1698,1700,1675,1675,510
2020-01-24,1700,1700,1698,1700,1022
2020-01-27,1683,1700,1675,1675,2208
2020-01-28,1670,1670,1670,1670,40
2020-01-29,1675,1700,1675,1700,1164
2020-01-30,1705,1725,1705,1725,592
2020-01-31,1725,1750,1725,1750,1072
2020-02-03,1750,1750,1725,1750,1190
2020-02-04,1750,1753,1750,1750,4972
2020-02-05,1750,1750,1750,1750,4690
2020-02-06,1748,1748,1700,1700,7394
2020-02-07,1725,1725,1650,1650,16344
2020-02-10,1650,1650,1650,1650,16
2020-02-11,1648,1648,1550,1550,3704
2020-02-12,1548,1548,1548,1548,3062
2020-02-13,1500,1500,1500,1500,7552
2020-02-14,1500,1500,1500,1500,1348
2020-02-17,1450,1500,1450,1500,2166
2020-02-18,1500,1525,1483,1500,6840
2020-02-19,1525,1525,1475,1500,5516
2020-02-20,1500,1500,1475,1475,7714
2020-02-21,1500,1500,1500,1500,914
2020-02-24,1500,1500,1500,1500,1404
2020-02-25,1500,1500,1500,1500,2034
2020-02-26,1500,1550,1500,1550,2932
2020-02-27,1650,1650,1550,1550,1352
2020-02-28,1625,1625,1625,1625,100
2020-03-02,1625,1650,1625,1625,1056
2020-03-03,1625,1625,1600,1600,310
2020-03-04,1600,1600,1550,1550,626
2020-03-05,1553,1575,1550,1575,2152
2020-03-06,1598,1600,1598,1600,100
2020-03-09,1600,1625,1600,1625,1776
2020-03-10,1625,1625,1605,1625,350
2020-03-11,1650,1650,1600,1600,260
2020-03-12,1650,1650,1600,1600,670
2020-03-13,1600,1648,1600,1648,324
2020-03-16,1648,1648,1605,1605,400
2020-03-17,1603,1603,1600,1603,3160
2020-03-18,1608,1608,1605,1605,134
2020-03-19,1603,1605,1603,1605,880
2020-03-20,1653,1675,1653,1675,25120
2020-03-23,1650,1650,1603,1603,1556
2020-03-24,1603,1603,1600,1603,570
2020-03-25,1603,1603,1600,1600,1260
2020-03-26,1600,1600,1600,1600,40
2020-03-27,1650,1650,1600,1600,1288
2020-03-30,1598,1598,1593,1593,118
2020-03-31,1550,1550,1525,1550,820
2020-04-01,1525,1525,1525,1525,20
2020-04-02,1500,1500,1480,1480,906
2020-04-03,1480,1480,1453,1475,354
2020-04-06,1450,1450,1450,1450,500
2020-04-07,1453,1455,1453,1453,212
2020-04-08,1450,1453,1450,1453,294
2020-04-10,1458,1458,1458,1458,222
2020-04-14,1525,1525,1500,1500,476
2020-04-15,1475,1475,1475,1475,190
2020-04-16,1455,1475,1455,1475,5838
2020-04-17,1475,1475,1475,1475,240
2020-04-20,1498,1500,1498,1500,1600
2020-04-21,1500,1500,1500,1500,100
2020-04-22,1500,1525,1500,1503,1400
2020-04-23,1503,1503,1500,1503,776
2020-04-24,1503,1550,1500,1500,6266
2020-04-28,1525,1600,1525,1600,12570
2020-04-29,1625,1675,1600,1675,544
2020-04-30,1670,1675,1670,1675,9696
2020-05-04,1673,1675,1670,1673,10774
2020-05-05,1650,1673,1650,1673,264
2020-05-06,1675,1675,1673,1673,10128
2020-05-07,1673,1673,1670,1670,334
2020-05-08,1665,1665,1665,1665,8
2020-05-11,1668,1675,1650,1650,1998
2020-05-12,1675,1675,1650,1650,10188
2020-05-13,1653,1653,1630,1630,1320
2020-05-14,1650,1650,1648,1650,1540
2020-05-15,1645,1650,1625,1650,5100
2020-05-18,1650,1650,1648,1650,214
2020-05-19,1650,1650,1650,1650,2350
2020-05-22,1650,1650,1650,1650,598
2020-05-25,1650,1650,1625,1625,110
2020-05-26,1650,1650,1625,1648,2518
2020-05-27,1650,1673,1650,1673,482
2020-05-28,1673,1675,1673,1675,1242
2020-05-29,1673,1675,1673,1675,1288
2020-06-02,1675,1675,1650,1650,1698
2020-06-03,1675,1675,1653,1653,2104
2020-06-04,1675,1675,1675,1675,10
2020-06-05,1675,1698,1675,1698,100
2020-06-08,1700,1700,1698,1698,850
2020-06-09,1700,1703,1700,1703,1746
2020-06-11,1660,1660,1600,1600,634
2020-06-12,1550,1575,1550,1575,4834
2020-06-15,1573,1575,1550,1550,2680
2020-06-16,1575,1575,1555,1555,4050
2020-06-17,1558,1558,1555,1555,900
2020-06-18,1555,1575,1555,1575,2460
2020-06-19,1575,1575,1555,1573,1060
2020-06-22,1573,1573,1555,1570,182
2020-06-23,1568,1568,1543,1565,1160
2020-06-24,1560,1560,1550,1550,292
2020-06-25,1550,1550,1543,1543,408
2020-06-26,1550,1568,1545,1568,1090
2020-06-29,1570,1570,1568,1568,188
2020-06-30,1550,1575,1550,1568,6380
2020-07-01,1570,1570,1545,1550,482
2020-07-02,1543,1543,1450,1525,5684
2020-07-03,1523,1525,1500,1500,864
2020-07-06,1500,1503,1480,1500,556
2020-07-07,1500,1500,1500,1500,640
2020-07-08,1495,1500,1495,1500,1312
2020-07-09,1475,1475,1400,1428,924
2020-07-10,1500,1500,1428,1430,222
2020-07-13,1450,1450,1450,1450,100
2020-07-14,1450,1450,1430,1450,1164
2020-07-15,1465,1495,1460,1495,206
2020-07-16,1450,1450,1430,1450,564
2020-07-17,1428,1450,1413,1450,2184
2020-07-20,1450,1475,1448,1448,960
2020-07-21,1413,1478,1413,1445,148
2020-07-22,1405,1405,1400,1400,1144
2020-07-23,1400,1400,1350,1350,3604
2020-07-24,1445,1445,1375,1375,996
2020-07-27,1375,1375,1375,1375,7524
2020-07-28,1400,1445,1375,1400,1346
2020-07-29,1400,1450,1400,1450,1064
2020-07-30,1400,1500,1400,1500,532
2020-08-03,1498,1500,1495,1500,90
2020-08-04,1483,1483,1450,1463,754
2020-08-05,1450,1450,1425,1450,1240
2020-08-06,1450,1450,1450,1450,160
2020-08-10,1450,1450,1423,1425,1172
2020-08-11,1425,1450,1423,1425,920
2020-08-12,1425,1440,1405,1405,3114
2020-08-13,1405,1405,1400,1400,348
2020-08-14,1405,1405,1390,1390,170
2020-08-17,1390,1400,1390,1390,328
2020-08-18,1400,1450,1400,1400,2026
2020-08-19,1400,1400,1363,1363,4850
2020-08-20,1390,1450,1390,1450,40
2020-08-24,1448,1448,1418,1418,30490
2020-08-25,1418,1418,1400,1413,20038
2020-08-26,1413,1450,1413,1450,4712
2020-08-27,1425,1498,1418,1498,9282
2020-08-28,1498,1500,1498,1500,110
2020-08-31,1413,1418,1403,1418,3956
2020-09-01,1418,1418,1400,1400,4856
2020-09-02,1425,1425,1398,1398,210
2020-09-03,1375,1375,1375,1375,300
2020-09-04,1375,1400,1375,1400,568
2020-09-07,1420,1420,1400,1408,1010
2020-09-08,1420,1420,1400,1400,2168
2020-09-09,1400,1400,1350,1350,2932
2020-09-10,1375,1400,1358,1360,38138
2020-09-11,1380,1400,1380,1400,108
2020-09-14,1400,1490,1400,1490,656
2020-09-15,1425,1450,1410,1450,48
2020-09-16,1450,1450,1410,1413,868
2020-09-17,1415,1418,1405,1405,9502
2020-09-18,1403,1403,1400,1400,848
2020-09-21,1353,1405,1353,1400,1982
2020-09-22,1353,1405,1353,1405,90
2020-09-23,1423,1423,1423,1423,804
2020-09-24,1405,1405,1363,1363,1220
2020-09-25,1405,1405,1405,1405,718
2020-09-28,1403,1405,1403,1405,248
2020-09-29,1375,1405,1375,1405,340
2020-09-30,1403,1405,1403,1405,402
2020-10-01,1403,1403,1378,1378,290
2020-10-02,1398,1398,1398,1398,4
2020-10-05,1403,1405,1388,1388,1246
2020-10-06,1390,1390,1388,1388,38
2020-10-07,1388,1400,1388,1400,672
2020-10-08,1400,1400,1390,1390,148
2020-10-09,1390,1390,1375,1385,1106
2020-10-12,1388,1400,1388,1400,166
2020-10-13,1398,1398,1375,1375,244
2020-10-14,1385,1385,1385,1385,2
2020-10-15,1385,1398,1385,1398,4292
2020-10-16,1398,1398,1375,1398,3596
2020-10-19,1398,1400,1395,1400,3592
2020-10-20,1405,1405,1400,1400,2916
2020-10-21,1405,1408,1400,1400,21086
2020-10-22,1400,1405,1385,1405,802
2020-10-23,1403,1403,1400,1400,316
2020-10-26,1395,1400,1393,1400,448
2020-10-27,1400,1400,1385,1385,6052
2020-10-28,1400,1400,1400,1400,8770
2020-10-30,1400,1408,1395,1408,9140
2020-11-02,1408,1408,1393,1408,4182
2020-11-03,1408,1490,1400,1410,15344
2020-11-04,1410,1438,1410,1413,1166
2020-11-05,1415,1490,1400,1490,5602
2020-11-06,1488,1575,1488,1575,3400
2020-11-09,1575,1693,1575,1693,2790
2020-11-10,1693,1788,1650,1750,2200
2020-11-11,1715,1725,1650,1698,7244
2020-11-12,1600,1600,1573,1573,5302
2020-11-13,1573,1573,1460,1550,10600
2020-11-16,1550,1550,1488,1500,5970
2020-11-17,1490,1543,1488,1543,1112
2020-11-18,1543,1550,1525,1550,2938
2020-11-19,1545,1600,1545,1600,3966
2020-11-20,1550,1600,1550,1600,4114
2020-11-23,1550,1550,1500,1550,5484
2020-11-24,1550,1550,1548,1548,600
2020-11-25,1530,1600,1500,1600,64102
2020-11-26,1600,1600,1600,1600,300
2020-11-27,1600,1600,1600,1600,2406
2020-11-30,1600,1600,1590,1600,4960
2020-12-01,1625,1625,1550,1550,9342
2020-12-02,1620,1650,1550,1600,41638
2020-12-03,1600,1600,1600,1600,674
2020-12-04,1595,1650,1555,1555,3910
2020-12-07,1530,1650,1503,1650,13500
2020-12-08,1645,1725,1645,1700,20062
2020-12-09,1675,1675,1675,1675,20000
2020-12-10,1675,1700,1650,1650,1148
2020-12-11,1645,1650,1645,1650,20900
2020-12-14,1650,1650,1645,1650,19718
2020-12-15,1645,1650,1605,1650,13524
2020-12-16,1645,1650,1640,1650,16120
2020-12-17,1650,1700,1648,1693,9148
2020-12-18,1648,1698,1648,1698,3606
2020-12-21,1650,1820,1650,1820,21190
2020-12-22,1795,1948,1750,1948,46704
2020-12-23,1803,1898,1803,1898,3628
2020-12-24,1760,1870,1760,1870,9894
2020-12-28,1800,1840,1730,1840,10070
2020-12-29,1790,1825,1790,1825,16002
2020-12-30,1700,1788,1700,1788,900
2020-12-31,1723,1838,1723,1838,62920
2021-01-04,1700,1700,1700,1700,100
2021-01-05,1650,1675,1605,1675,1410
2021-01-06,1573,1748,1573,1748,5076
2021-01-07,1750,1750,1715,1715,12
2021-01-08,1603,1603,1603,1603,360
2021-01-11,1675,1700,1675,1700,3526
2021-01-12,1678,1700,1675,1675,966
2021-01-13,1700,1700,1675,1675,108
2021-01-14,1675,1700,1675,1675,304
2021-01-15,1675,1700,1675,1675,2270
2021-01-18,1675,1675,1675,1675,2240
2021-01-19,1675,1700,1650,1650,5516
2021-01-20,1650,1650,1650,1650,520
2021-01-21,1650,1700,1650,1700,820
2021-01-22,1678,1678,1678,1678,24
2021-01-25,1650,1700,1650,1700,230
2021-01-27,1675,1700,1603,1700,4690
2021-01-28,1700,1700,1700,1700,140
2021-01-29,1680,1750,1680,1750,4116
2021-02-01,1700,1700,1700,1700,84
2021-02-02,1695,1750,1688,1688,166
2021-02-03,1700,1703,1700,1703,404
2021-02-04,1703,1710,1690,1710,580
2021-02-05,1725,1725,1710,1710,92
2021-02-08,1725,1735,1688,1688,74
2021-02-09,1690,1710,1668,1685,636
2021-02-10,1685,1685,1675,1685,246
2021-02-11,1683,1695,1683,1685,4308
2021-02-12,1665,1685,1650,1685,1334
2021-02-15,1688,1700,1688,1700,302
2021-02-16,1698,1700,1698,1700,290
2021-02-17,1700,1700,1698,1698,656
2021-02-18,1700,1700,1700,1700,692
2021-02-19,1700,1725,1700,1725,866
2021-02-22,1713,1713,1600,1700,47584
2021-02-23,1700,1700,1700,1700,28
2021-02-24,1700,1740,1650,1740,16046
2021-02-25,1725,1745,1725,1745,160
2021-02-26,1740,1800,1740,1800,3396
2021-03-01,1800,1800,1800,1800,1000
2021-03-02,1700,1725,1700,1725,266
2021-03-03,1745,1745,1685,1685,1246
2021-03-04,1700,1725,1700,1725,528
2021-03-05,1725,1725,1650,1650,5350
2021-03-08,1725,1725,1725,1725,100
2021-03-09,1725,1725,1695,1725,740
2021-03-10,1705,1725,1703,1725,726
2021-03-11,1725,1800,1723,1800,3456
2021-03-12,1750,1750,1725,1750,2110
2021-03-15,1725,1748,1725,1748,5724
2021-03-16,1740,1740,1728,1728,394
2021-03-17,1725,1743,1725,1725,3796
2021-03-18,1743,1743,1725,1740,7082
2021-03-19,1740,1740,1725,1740,330
2021-03-22,1740,1800,1725,1800,4010
2021-03-23,1750,1795,1750,1795,1360
2021-03-24,1795,1800,1750,1750,2002
2021-03-25,1795,1795,1790,1795,540
2021-03-26,1795,1800,1750,1800,1154
2021-03-29,1775,1775,1750,1750,374
2021-03-30,1750,1800,1750,1800,1280
2021-03-31,1795,1850,1750,1850,3270
2021-04-01,1800,1800,1800,1800,2400
2021-04-02,1750,1848,1750,1848,180
2021-04-06,1800,1825,1800,1825,434
2021-04-07,1800,1850,1800,1825,4296
2021-04-08,1845,1848,1828,1848,1320
2021-04-09,1825,1848,1800,1825,240
2021-04-12,1825,1850,1825,1850,1438
2021-04-13,1850,1988,1850,1850,6968
2021-04-14,1850,1988,1850,1988,2138
2021-04-15,1850,1945,1850,1945,1514
2021-04-16,1850,1875,1850,1875,124
2021-04-19,1850,1850,1850,1850,300
2021-04-20,1875,1920,1875,1920,2310
2021-04-21,1850,1900,1850,1900,6302
2021-04-22,1898,1900,1898,1900,518
2021-04-23,1895,1900,1895,1900,332
2021-04-26,1875,1875,1835,1875,472
2021-04-27,1875,1875,1875,1875,1214
2021-04-28,1875,1875,1753,1850,6482
2021-04-29,1850,1900,1848,1900,3108
2021-04-30,1900,1950,1900,1950,5548
2021-05-03,1950,1950,1945,1945,182
2021-05-04,1945,1945,1920,1920,1066
2021-05-05,1920,1945,1920,1945,984
2021-05-06,1945,1945,1945,1945,604
2021-05-07,1945,1945,1920,1920,424
2021-05-10,1800,1800,1800,1800,300
2021-05-11,1800,1800,1800,1800,112
2021-05-14,1725,1725,1725,1725,256
2021-05-17,1750,1798,1650,1798,328
2021-05-18,1750,1750,1725,1750,680
2021-05-19,1750,1750,1700,1700,806
2021-05-20,1700,1700,1700,1700,392
2021-05-21,1700,1700,1675,1700,542
2021-05-25,1700,1700,1675,1700,1142
2021-05-26,1700,1700,1675,1675,974
2021-05-27,1675,1700,1650,1700,1970
2021-05-28,1700,1828,1650,1828,5116
2021-05-31,1850,1850,1850,1850,1000
2021-06-01,1828,1828,1825,1828,90
2021-06-02,1800,1800,1750,1800,400
2021-06-03,1750,1800,1703,1790,350
2021-06-04,1750,1795,1750,1750,1220
2021-06-07,1750,1750,1750,1750,320
2021-06-08,1750,1750,1705,1705,1490
2021-06-09,1785,1800,1750,1788,4610
2021-06-10,1850,1850,1840,1840,1660
2021-06-11,1825,1825,1810,1810,1258
2021-06-14,1800,1850,1793,1800,2280
2021-06-15,1803,1825,1800,1800,818
2021-06-16,1800,1800,1800,1800,1992
2021-06-17,1800,1810,1800,1800,2498
2021-06-18,1800,1800,1790,1790,1328
2021-06-21,1800,1800,1790,1798,358
2021-06-22,1755,1800,1755,1800,602
2021-06-23,1825,1825,1800,1800,1214
2021-06-24,1795,1800,1763,1800,1820
2021-06-25,1775,1800,1775,1790,890
2021-06-28,1798,1800,1753,1800,1038
2021-06-29,1800,1850,1775,1850,13248
2021-06-30,1815,1900,1815,1900,1650
2021-07-01,1850,1850,1828,1828,218
2021-07-02,1828,1898,1828,1898,280
2021-07-05,1830,1898,1830,1898,244
2021-07-06,1898,1898,1850,1898,700
2021-07-07,1898,1898,1895,1895,136
2021-07-08,1898,1898,1895,1895,200
2021-07-09,1895,1895,1895,1895,110
2021-07-12,1850,1850,1850,1850,380
2021-07-13,1850,1850,1850,1850,656
2021-07-14,1850,1850,1850,1850,726
2021-07-15,1850,1850,1848,1848,456
2021-07-16,1848,1850,1800,1850,676
2021-07-19,1845,1850,1803,1850,230
2021-07-21,1825,1850,1800,1800,426
2021-07-22,1850,1850,1800,1850,648
2021-07-23,1850,1850,1850,1850,20
2021-07-26,1850,1850,1850,1850,434
2021-07-27,1830,1850,1830,1850,2644
2021-07-28,1875,1895,1875,1895,1244
2021-07-29,1895,2000,1895,2000,1312
2021-07-30,2000,2000,1950,1950,532
2021-08-02,1948,1950,1853,1853,11062
2021-08-03,1948,1948,1853,1948,672
2021-08-04,1948,1950,1948,1950,220
2021-08-05,1948,1950,1925,1950,900
2021-08-06,1948,1948,1948,1948,772
2021-08-09,1948,1948,1925,1925,1418
2021-08-10,1945,1948,1900,1903,2828
2021-08-11,1945,1948,1945,1948,314
2021-08-12,1948,1950,1945,1950,6950
2021-08-13,1950,1950,1950,1950,300
2021-08-16,1975,1975,1950,1950,5998
2021-08-17,1950,1950,1948,1948,80
2021-08-18,2000,2093,2000,2075,11562
2021-08-19,2230,2230,2100,2228,2448
2021-08-20,2228,2250,2105,2228,4566
2021-08-23,2245,2393,2100,2393,1520
2021-08-24,2425,2425,2400,2400,332
2021-08-25,2400,2423,2223,2300,772
2021-08-26,2250,2300,2250,2250,2166
2021-08-27,2250,2400,2250,2400,2016
2021-08-30,2300,2395,2300,2395,1876
2021-08-31,2395,2450,2303,2450,978
2021-09-01,2400,2400,2395,2398,508
2021-09-02,2425,2425,2350,2398,344
2021-09-03,2398,2398,2360,2360,52
2021-09-06,2360,2360,2305,2353,290
2021-09-07,2353,2353,2275,2300,1130
2021-09-08,2298,2298,2278,2278,616
2021-09-09,2300,2300,2300,2300,5300
2021-09-10,2300,2300,2295,2300,510
2021-09-13,2300,2300,2278,2300,1488
2021-09-14,2300,2400,2300,2400,1956
2021-09-15,2280,2395,2280,2395,350
2021-09-16,2395,2395,2350,2393,40
2021-09-17,2350,2393,2350,2393,586
2021-09-20,2393,2398,2373,2375,2316
2021-09-21,2350,2375,2348,2350,4618
2021-09-22,2270,2375,2250,2375,1162
2021-09-23,2375,2375,2315,2375,1224
2021-09-24,2375,2430,2320,2430,27738
2021-09-27,2425,2425,2425,2425,114
2021-09-28,2425,2430,2425,2425,2040
2021-09-29,2425,2430,2425,2430,4384
2021-09-30,2425,2600,2425,2600,8428
2021-10-01,2435,2500,2428,2428,1048
2021-10-04,2428,2435,2318,2425,806
2021-10-05,2435,2435,2425,2428,1154
2021-10-06,2435,2450,2425,2450,9332
2021-10-07,2440,2448,2400,2400,1498
2021-10-08,2435,2435,2428,2428,660
2021-10-11,2428,2428,2413,2425,482
2021-10-12,2423,2425,2415,2425,1536
2021-10-13,2423,2450,2423,2450,5976
2021-10-14,2450,2450,2425,2450,924
2021-10-15,2425,2425,2400,2425,1328
2021-10-19,2400,2400,2315,2315,2562
2021-10-20,2423,2450,2423,2450,582
2021-10-21,2450,2450,2315,2425,3710
2021-10-22,2425,2425,2400,2400,434
2021-10-25,2400,2450,2375,2375,4556
2021-10-26,2425,2450,2310,2310,5260
2021-10-27,2310,2450,2310,2450,28610
2021-10-28,2450,2450,2425,2425,7496
2021-10-29,2448,2450,2350,2350,40356
2021-11-03,2408,2450,2408,2413,10680
2021-11-04,2450,2450,2413,2415,1282
2021-11-05,2430,2450,2430,2450,392
2021-11-08,2433,2450,2413,2450,23940
2021-11-09,2450,2450,2450,2450,19994
2021-11-10,2450,2475,2420,2475,1634
2021-11-11,2450,2475,2450,2475,8860
2021-11-12,2473,2600,2473,2475,3164
2021-11-16,2453,2475,2450,2450,11916
2021-11-17,2450,2475,2450,2475,762
2021-11-18,2475,2600,2475,2600,8954
2021-11-19,2600,2793,2600,2793,1510
2021-11-22,2793,2925,2700,2815,1112
2021-11-23,2750,2750,2748,2750,2460
2021-11-24,2748,2750,2650,2750,8118
2021-11-25,2750,2750,2650,2750,9984
2021-11-26,2750,2750,2750,2750,2526
2021-11-29,2750,2750,2675,2725,2166
2021-11-30,2700,2725,2700,2725,1550
2021-12-01,2723,2725,2723,2723,1228
2021-12-02,2723,2723,2675,2720,1378
2021-12-03,2720,2725,2720,2723,17916
2021-12-06,2720,2723,2650,2720,516
2021-12-07,2720,2725,2700,2725,2848
2021-12-08,2700,2700,2698,2698,2530
2021-12-09,2695,2695,2653,2653,2392
2021-12-10,2653,2720,2650,2720,3376
2021-12-13,2725,2725,2650,2650,4376
2021-12-14,2650,2650,2553,2553,974
2021-12-15,2640,2650,2640,2650,1210
2021-12-16,2550,2848,2550,2848,17544
2021-12-17,2848,2848,2655,2750,534
2021-12-20,2750,2950,2650,2950,8280
2021-12-21,2955,2955,2955,2955,6702
2021-12-22,2735,3175,2735,3175,10738
2021-12-23,2955,3350,2938,3350,8530
2021-12-27,3100,3100,3100,3100,12
2021-12-28,3000,3000,2998,3000,134
2021-12-29,2940,2940,2795,2795,672
2021-12-30,2650,2998,2590,2998,16774
2021-12-31,2778,2928,2778,2928,2750
2022-01-03,2985,2998,2985,2998,11164
2022-01-04,2995,2995,2950,2950,636
2022-01-05,2950,2950,2948,2948,44
2022-01-06,2800,2850,2750,2750,634
2022-01-07,2750,2750,2545,2748,1248
2022-01-10,2748,2748,2545,2725,128
2022-01-11,2725,2898,2725,2895,890
2022-01-12,2680,2750,2680,2750,1310
2022-01-13,2723,2723,2680,2723,176
2022-01-14,2723,2723,2723,2723,788
2022-01-17,2720,2720,2715,2715,1024
2022-01-18,2713,2723,2710,2710,2068
2022-01-19,2675,2748,2675,2748,890
2022-01-20,2750,2750,2748,2750,134
2022-01-21,2723,2725,2675,2725,844
2022-01-24,2725,2725,2555,2725,222
2022-01-25,2725,2750,2725,2750,1790
2022-01-26,2715,2750,2715,2748,630
2022-01-27,2715,2748,2715,2748,398
2022-01-28,2725,2725,2715,2715,210
2022-01-31,2715,2800,2715,2800,1652
2022-02-01,2715,2715,2715,2715,98
2022-02-02,2748,2748,2698,2700,1146
2022-02-03,2700,2700,2700,2700,1826
2022-02-04,2715,2715,2700,2700,834
2022-02-07,2713,2713,2675,2700,272
2022-02-08,2700,2700,2700,2700,878
2022-02-09,2675,2675,2600,2650,1470
2022-02-10,2655,2718,2625,2625,3860
2022-02-11,2625,2675,2558,2653,10660
2022-02-14,2630,2650,2600,2600,1720
2022-02-15,2600,2600,2575,2600,2552
2022-02-16,2600,2600,2595,2600,11500
2022-02-17,2600,2748,2598,2748,3742
2022-02-18,2748,2748,2748,2748,100
2022-02-21,2745,2750,2745,2745,6222
2022-02-22,2745,2745,2700,2700,1340
2022-02-23,2700,2700,2700,2700,286
2022-02-24,2700,2700,2678,2700,2556
2022-02-25,2700,2700,2700,2700,636
2022-02-28,2700,2750,2700,2733,28710
2022-03-01,2735,2750,2700,2738,2570
2022-03-02,2735,2750,2735,2750,902
2022-03-03,2750,2850,2740,2850,8272
2022-03-04,2848,2848,2778,2778,628
2022-03-07,2778,2800,2750,2800,872
2022-03-08,2753,2845,2738,2845,718
2022-03-09,2738,2775,2735,2775,8800
2022-03-10,2740,2775,2740,2740,3644
2022-03-11,2750,2898,2700,2898,11344
2022-03-14,2895,2895,2683,2875,5144
2022-03-15,2688,2750,2688,2695,57930
2022-03-16,2600,2700,2600,2695,2670
2022-03-17,2698,2785,2698,2750,1032
2022-03-18,2750,2750,2698,2700,3142
2022-03-21,2725,2725,2700,2725,374
2022-03-22,2725,2815,2700,2800,3184
2022-03-23,2800,2810,2700,2725,2794
2022-03-24,2725,2750,2725,2748,1026
2022-03-25,2748,2750,2730,2730,2490
2022-03-28,2725,2750,2725,2748,6736
2022-03-29,2748,2750,2728,2740,176
2022-03-30,2740,2900,2735,2900,18798
2022-03-31,2875,2890,2698,2698,14516
2022-04-01,2698,2800,2698,2800,172
2022-04-04,2750,2800,2750,2800,1232
2022-04-05,2800,2850,2800,2850,1600
2022-04-06,2800,2800,2800,2800,30
2022-04-07,2800,2800,2800,2800,278
2022-04-08,2798,2798,2798,2798,394
2022-04-11,2750,2798,2750,2750,11508
2022-04-12,2750,2750,2698,2750,692
2022-04-13,2750,2750,2700,2730,1350
2022-04-14,2740,2740,2740,2740,2042
2022-04-15,2703,2740,2700,2740,420
2022-04-19,2698,2740,2698,2740,200
2022-04-20,2740,2740,2698,2700,1808
2022-04-21,2698,2698,2695,2695,1380
2022-04-22,2695,2695,2650,2695,472
2022-04-25,2695,2725,2675,2725,1032
2022-04-26,2530,2693,2530,2688,978
2022-04-27,2525,2648,2525,2648,7192
2022-04-29,2605,2645,2605,2645,262
2022-05-03,2605,2608,2600,2608,1126
2022-05-04,2525,2600,2525,2600,436
2022-05-05,2600,2600,2525,2525,692
2022-05-06,2525,2595,2500,2588,328
2022-05-09,2588,2593,2588,2588,80
2022-05-10,2583,2583,2500,2500,238
2022-05-11,2500,2500,2475,2475,452
2022-05-12,2475,2498,2475,2498,2282
2022-05-13,2498,2598,2498,2598,628
2022-05-16,2598,2598,2478,2500,1180
2022-05-17,2500,2500,2475,2475,446
2022-05-18,2495,2495,2473,2473,1754
2022-05-19,2475,2475,2473,2473,212
2022-05-20,2465,2465,2463,2463,62
2022-05-23,2463,2473,2450,2470,804
2022-05-24,2450,2450,2340,2340,442
2022-05-25,2350,2350,2340,2340,558
2022-05-27,2350,2473,2350,2473,4600
2022-05-30,2475,2600,2475,2600,4890
2022-05-31,2550,2550,2525,2525,866
2022-06-01,2525,2600,2500,2600,15674
2022-06-02,2525,2600,2525,2600,2616
2022-06-03,2600,2600,2550,2550,420
2022-06-07,2550,2600,2550,2600,564
2022-06-08,2550,2550,2525,2525,406
2022-06-09,2525,2525,2513,2525,242
2022-06-10,2525,2525,2525,2525,570
2022-06-13,2525,2600,2500,2600,400
2022-06-14,2600,2600,2600,2600,288
2022-06-15,2595,2600,2505,2600,648
2022-06-16,2550,2600,2500,2600,1160
2022-06-17,2600,2600,2595,2600,106
2022-06-20,2595,2600,2595,2600,1276
2022-06-21,2430,2600,2430,2600,468
2022-06-22,2600,2600,2600,2600,124
2022-06-23,2600,2600,2445,2445,36
2022-06-24,2450,2600,2450,2600,462
2022-06-27,2600,2600,2500,2550,1214
2022-06-28,2550,2550,2550,2550,2016
2022-06-29,2550,2550,2500,2500,3490
2022-06-30,2550,2575,2550,2575,182
2022-07-01,2550,2588,2453,2588,1872
2022-07-04,2450,2588,2425,2500,2166
2022-07-05,2500,2500,2433,2433,416
2022-07-06,2433,2500,2433,2450,546
2022-07-07,2588,2588,2500,2500,406
2022-07-08,2438,2500,2438,2500,142
2022-07-11,2453,2500,2453,2500,158
2022-07-12,2500,2500,2453,2453,294
2022-07-13,2455,2500,2455,2475,2064
2022-07-14,2475,2500,2475,2475,7680
2022-07-15,2478,2478,2475,2478,66
2022-07-18,2478,2478,2475,2478,1028
2022-07-19,2478,2500,2475,2500,182
2022-07-20,2500,2525,2500,2525,514
2022-07-21,2525,2550,2500,2548,570
2022-07-22,2500,2545,2500,2545,420
2022-07-25,2500,2543,2500,2525,446
2022-07-26,2525,2543,2500,2500,7978
2022-07-27,2503,2543,2500,2543,108
2022-07-29,2533,2533,2460,2460,3844
2022-08-01,2463,2463,2425,2460,948
2022-08-02,2460,2460,2403,2460,2316
2022-08-03,2460,2460,2400,2460,2552
2022-08-04,2460,2460,2393,2393,230
2022-08-05,2400,2400,2353,2375,3368
2022-08-09,2375,2375,2345,2353,1942
2022-08-10,2375,2375,2303,2350,4308
2022-08-11,2350,2350,2345,2350,3964
2022-08-12,2350,2350,2303,2350,396
2022-08-16,2348,2350,2303,2350,868
2022-08-17,2350,2350,2300,2300,320
2022-08-18,2300,2350,2235,2350,14094
2022-08-19,2350,2350,2278,2300,682
2022-08-22,2200,2300,2200,2300,3996
2022-08-23,2250,2250,2250,2250,684
2022-08-24,2200,2250,2175,2225,4574
2022-08-25,2225,2295,2150,2295,35702
2022-08-26,2295,2295,2180,2293,4056
2022-08-29,2293,2295,2200,2295,716
2022-08-30,2180,2250,2153,2250,958
2022-08-31,2270,2270,2150,2270,3996
2022-09-01,2225,2225,2175,2200,2050
2022-09-02,2200,2225,2180,2200,1056
2022-09-05,2200,2200,2180,2183,1912
2022-09-06,2183,2183,2180,2183,1228
2022-09-07,2183,2183,2153,2155,1152
2022-09-08,2175,2175,2100,2100,2532
2022-09-09,2108,2150,2000,2150,2258
2022-09-12,2150,2150,2100,2145,890
2022-09-13,2148,2150,2145,2150,1124
2022-09-14,2148,2183,2138,2183,65390
2022-09-15,2100,2185,2100,2173,6810
2022-09-16,2185,2300,2173,2300,23104
2022-09-19,2300,2340,2133,2300,8192
2022-09-20,2340,2348,2300,2300,13248
2022-09-21,2350,2425,2150,2425,73632
2022-09-22,2300,2450,2300,2440,158
2022-09-23,2263,2450,2263,2448,1358
2022-09-26,2448,2448,2275,2438,34182
2022-09-27,2350,2350,2348,2350,6604
2022-09-28,2350,2350,2275,2275,12356
2022-09-29,2275,2275,2250,2250,2888
2022-09-30,2225,2248,2225,2248,1172
2022-10-03,2248,2250,2248,2250,2312
2022-10-04,2250,2250,2225,2250,11250
2022-10-05,2225,2250,2200,2200,958
2022-10-06,2173,2200,2150,2153,4256
2022-10-07,2200,2200,2200,2200,170
2022-10-10,2200,2200,2188,2200,1482
2022-10-11,2200,2200,2153,2200,2206
2022-10-12,2200,2200,2175,2175,1112
2022-10-13,2200,2200,2150,2175,3206
2022-10-14,2175,2175,2173,2173,966
2022-10-17,2170,2173,2115,2150,618
2022-10-18,2150,2150,2100,2150,5060
2022-10-19,2148,2148,2075,2148,31980
2022-10-20,2148,2148,2125,2148,6060
2022-10-21,2148,2148,2148,2148,8024
2022-10-24,2150,2200,2150,2200,2640
2022-10-25,2245,2245,2245,2245,594
2022-10-26,2245,2245,2100,2225,22870
2022-10-27,2200,2200,2100,2200,11724
2022-10-28,2200,2200,2098,2098,16964
2022-10-31,2100,2100,2100,2100,218
2022-11-02,2100,2100,2050,2100,3566
2022-11-03,2100,2100,2095,2098,1588
2022-11-04,2098,2098,2053,2075,19376
2022-11-07,2075,2075,2075,2075,1200
2022-11-08,2053,2073,1920,2048,27928
2022-11-09,2000,2050,2000,2050,2370
2022-11-10,2050,2050,1930,1950,18060
2022-11-11,1950,1950,1945,1950,5996
2022-11-14,1950,1950,1950,1950,466
2022-11-16,1950,1950,1875,1875,14974
2022-11-17,1870,1875,1870,1875,23908
2022-11-18,1870,1870,1750,1850,31186
2022-11-21,1850,1850,1775,1775,3418
2022-11-22,1778,1800,1750,1788,47642
2022-11-23,1788,1788,1775,1788,26938
2022-11-24,1788,1788,1750,1788,39464
2022-11-25,1788,1788,1750,1788,17214
2022-11-28,1775,1788,1700,1788,24574
2022-11-29,1798,1800,1795,1800,4648
2022-11-30,1800,1850,1800,1850,14916
2022-12-01,1850,1850,1850,1850,13208
2022-12-02,1850,1850,1828,1828,17044
2022-12-05,1850,1850,1850,1850,2256
2022-12-06,1798,1850,1798,1850,11650
2022-12-07,1848,1848,1848,1848,3258
2022-12-08,1848,1848,1800,1800,1990
2022-12-09,1845,1845,1753,1823,6996
2022-12-12,1823,1848,1823,1845,12314
2022-12-13,1848,1850,1835,1850,13222
2022-12-14,1850,1850,1800,1850,8330
2022-12-15,1850,1850,1848,1848,2354
2022-12-16,1848,1900,1803,1880,12384
2022-12-19,1880,1900,1880,1883,10036
2022-12-20,1885,1888,1800,1888,10112
2022-12-21,1893,1895,1883,1888,1452
2022-12-22,1888,1888,1750,1870,17034
2022-12-23,1850,1870,1750,1870,6278
2022-12-27,1865,1865,1750,1850,21782
2022-12-28,1863,1888,1860,1888,11462
2022-12-29,1888,1888,1863,1883,1462
2022-12-30,1875,1888,1850,1850,4722
2023-01-02,1850,1850,1840,1850,1590
2023-01-03,1843,1985,1843,1970,7036
2023-01-04,1970,1978,1855,1855,2012
2023-01-05,1948,1948,1858,1875,844
2023-01-06,1900,1948,1865,1938,4412
2023-01-09,1933,1935,1888,1888,2004
2023-01-10,1885,1933,1885,1933,640
2023-01-11,1933,1935,1885,1930,942
2023-01-12,1935,1935,1925,1930,1494
2023-01-13,1930,1933,1925,1928,472
2023-01-16,1928,1930,1900,1930,1268
2023-01-17,1925,1930,1908,1928,1822
2023-01-18,1928,1930,1913,1930,2462
2023-01-19,1930,1948,1925,1948,3122
2023-01-20,1948,2000,1930,2000,9770
2023-01-23,1995,2000,1975,1998,1458
2023-01-24,1950,1950,1945,1950,3040
2023-01-25,1928,1950,1925,1950,3504
2023-01-26,1950,1995,1920,1995,5270
2023-01-27,1995,2000,1940,1998,14018
2023-01-30,1998,1998,1950,1998,390
2023-01-31,1975,1998,1965,1998,1478
2023-02-01,1995,1998,1963,1995,914
2023-02-02,1993,1995,1963,1990,4976
2023-02-03,1993,1993,1990,1993,2054
2023-02-06,1993,2000,1975,1993,3582
2023-02-07,1993,2000,1990,1993,16270
2023-02-08,2000,2000,2000,2000,5458
2023-02-09,2000,2025,2000,2025,1210
2023-02-10,2025,2073,2025,2073,4156
2023-02-13,2073,2123,2073,2118,6612
2023-02-14,2125,2223,2125,2205,5922
2023-02-15,2205,2213,2195,2195,1860
2023-02-16,2195,2250,2150,2250,10358
2023-02-17,2195,2248,2103,2248,15976
2023-02-20,2123,2200,2123,2195,2084
2023-02-21,2195,2195,2185,2193,364
2023-02-22,2185,2195,2100,2195,52034
2023-02-23,2175,2175,2138,2150,1196
2023-02-24,2138,2150,2138,2138,386
2023-02-27,2125,2133,2100,2133,2054
2023-02-28,2138,2138,2100,2125,6646
2023-03-01,2125,2125,2103,2125,368
2023-03-02,2100,2125,2100,2125,444
2023-03-03,2125,2138,2105,2125,2426
2023-03-06,2150,2150,2118,2120,4144
2023-03-07,2133,2278,2125,2278,6406
2023-03-08,2250,2300,2250,2270,5916
2023-03-09,2258,2300,2258,2300,1956
2023-03-10,2473,2473,2473,2473,11490
2023-03-13,2658,2658,2523,2600,29186
2023-03-14,2550,2600,2533,2543,23004
2023-03-15,2558,2593,2548,2558,8750
2023-03-16,2550,2570,2543,2548,9802
2023-03-17,2540,2560,2525,2558,17484
2023-03-20,2550,2558,2530,2543,27354
2023-03-21,2543,2550,2500,2548,11076
2023-03-22,2535,2548,2500,2500,10222
2023-03-23,2535,2535,2500,2525,4660
2023-03-24,2523,2600,2500,2600,11774
2023-03-27,2600,2600,2550,2600,1108
2023-03-28,2598,2600,2550,2550,1498
2023-03-29,2570,2575,2553,2553,2602
2023-03-30,2575,2575,2545,2545,5578
2023-03-31,2575,2575,2550,2575,1660
2023-04-03,2545,2575,2545,2550,3032
2023-04-04,2575,2595,2555,2595,7596
2023-04-05,2593,2595,2553,2595,2720
2023-04-06,2595,2623,2595,2600,3782
2023-04-07,2600,2600,2598,2600,2330
2023-04-11,2600,2623,2598,2600,2408
2023-04-12,2600,2600,2550,2575,28332
2023-04-13,2575,2575,2563,2575,26088
2023-04-14,2575,2575,2575,2575,15356
2023-04-17,2575,2600,2563,2600,20750
2023-04-19,2600,2613,2563,2613,42084
2023-04-20,2588,2600,2563,2575,7500
2023-04-24,2575,2575,2565,2575,6348
2023-04-25,2573,2573,2525,2548,12020
2023-04-26,2130,2425,2130,2295,11980
2023-04-27,2275,2425,2150,2425,28178
2023-04-28,2450,2500,2425,2500,4386
2023-05-02,2495,2498,2400,2420,7690
2023-05-03,2420,2420,2418,2418,8358
2023-05-04,2350,2420,2260,2400,49916
2023-05-05,2393,2400,2300,2398,20824
2023-05-08,2305,2400,2278,2400,22206
2023-05-09,2393,2400,2293,2398,37792
2023-05-10,2395,2400,2375,2395,16634
2023-05-11,2393,2423,2375,2423,7924
2023-05-12,2400,2475,2375,2413,24540
2023-05-15,2400,2423,2400,2423,9432
2023-05-16,2423,2473,2400,2473,19064
2023-05-17,2425,2450,2400,2450,12668
2023-05-19,2450,2450,2398,2450,4508
2023-05-22,2450,2450,2395,2450,18484
2023-05-23,2450,2475,2400,2475,12658
2023-05-24,2450,2498,2400,2498,8920
2023-05-25,2495,2500,2400,2448,5222
2023-05-26,2450,2473,2400,2400,4884
2023-05-30,2400,2470,2353,2470,10918
2023-05-31,2470,2498,2413,2498,1512
2023-06-01,2453,2498,2450,2498,5942
2023-06-02,2498,2523,2430,2523,1874
2023-06-05,2500,2523,2450,2523,6742
2023-06-06,2520,2520,2408,2520,7334
2023-06-07,2518,2525,2518,2525,3518
2023-06-08,2548,2550,2525,2550,9312
2023-06-09,2550,2600,2550,2575,7610
2023-06-12,2525,2598,2525,2575,9110
2023-06-13,2625,2648,2525,2600,33488
2023-06-14,2625,2658,2575,2658,5032
2023-06-15,2650,2658,2550,2658,201514
2023-06-16,2650,2700,2608,2700,6264
2023-06-19,2695,2698,2675,2698,2178
2023-06-20,2700,2700,2675,2675,10338
2023-06-21,2700,2725,2678,2725,4998
2023-06-22,2723,2750,2723,2750,4998
2023-06-23,2745,2750,2680,2750,4606
2023-06-26,2775,2775,2610,2725,7280
2023-06-27,2750,2793,2750,2775,1896
2023-06-29,2725,2850,2725,2850,2818
2023-06-30,2850,2850,2850,2850,3000
2023-07-03,2848,2848,2750,2800,6852
2023-07-04,2775,2828,2750,2750,3176
2023-07-05,2750,2843,2750,2843,3294
2023-07-06,2843,2843,2800,2800,516
2023-07-07,2838,2838,2800,2800,2142
2023-07-10,2795,2800,2775,2800,5830
2023-07-11,2800,2800,2785,2800,8406
2023-07-12,2798,2803,2775,2803,2008
2023-07-13,2803,2825,2775,2800,654
2023-07-14,2800,2800,2775,2798,2352
2023-07-17,2775,2800,2775,2800,8768
2023-07-18,2775,2868,2775,2868,1824
2023-07-19,2803,2865,2803,2850,6620
2023-07-20,2850,2850,2813,2848,678
2023-07-21,2848,2853,2813,2848,1248
2023-07-24,2850,2895,2850,2855,4610
2023-07-25,2898,2995,2898,2990,998
2023-07-26,2950,2950,2885,2948,116
2023-07-27,2950,2963,2900,2963,4306
2023-07-28,2965,2975,2950,2965,5184
2023-07-31,2965,3000,2950,3000,3788
2023-08-01,2998,3225,2998,3225,2734
2023-08-02,3200,3200,3000,3170,2268
2023-08-03,3108,3108,3005,3108,1432
2023-08-04,3103,3148,3075,3108,2536
2023-08-08,3105,3105,3050,3100,13686
2023-08-09,3100,3100,3100,3100,786
2023-08-10,3100,3103,3000,3050,1124
2023-08-11,3050,3075,3050,3075,6080
2023-08-14,3050,3050,3023,3023,394
2023-08-16,3023,3023,3003,3020,1012
2023-08-17,3005,3075,3005,3075,6570
2023-08-18,3075,3075,3075,3075,136
2023-08-21,3050,3075,3023,3075,2850
2023-08-22,3075,3108,3075,3108,8960
2023-08-23,3100,3108,3075,3108,7804
2023-08-24,3075,3108,3070,3100,107340
2023-08-25,3090,3100,3090,3100,160
2023-08-28,3100,3100,3050,3100,4524
2023-08-29,3100,3100,3053,3070,11080
2023-08-30,3070,3070,3055,3070,984
2023-08-31,3095,3108,3075,3100,11632
2023-09-01,3100,3100,3055,3100,2272
2023-09-04,3100,3108,3100,3100,3166
2023-09-05,3105,3105,3100,3100,516
2023-09-06,3100,3105,3060,3105,3192
2023-09-07,3003,3108,3003,3108,18010
2023-09-08,3105,3105,3100,3100,13726
2023-09-11,3098,3100,3075,3100,21822
2023-09-12,3100,3108,3100,3108,15818
2023-09-13,3108,3108,3100,3108,5664
2023-09-14,3105,3105,3100,3100,2930
2023-09-15,3100,3100,3075,3100,19110
2023-09-18,3085,3100,3075,3100,18890
2023-09-19,3100,3100,3050,3098,3980
2023-09-20,3075,3098,3050,3075,22358
2023-09-21,3070,3078,3050,3075,1318
2023-09-22,3075,3075,3053,3075,3062
2023-09-25,3075,3075,3050,3075,12678
2023-09-26,3075,3098,3050,3050,2148
2023-09-28,3075,3100,3050,3100,9220
2023-10-02,3100,3100,3100,3100,574
2023-10-03,3080,3108,3025,3028,35434
2023-10-04,3075,3108,3028,3108,21858
2023-10-05,3108,3108,3100,3108,6566
2023-10-06,3108,3108,3108,3108,530
2023-10-09,3100,3108,3100,3108,1220
2023-10-10,3108,3108,3100,3103,6774
2023-10-11,3335,3335,3335,3335,74762
2023-10-12,3500,3580,3350,3575,7954
2023-10-13,3573,3573,3350,3523,4402
2023-10-16,3500,3500,3448,3448,3692
2023-10-17,3448,3500,3448,3500,15078
2023-10-18,3448,3448,3403,3403,9980
2023-10-19,3443,3498,3353,3493,8918
2023-10-20,3493,3498,3375,3375,3092
2023-10-23,3375,3400,3375,3400,10684
2023-10-24,3400,3400,3398,3398,7756
2023-10-25,3400,3400,3400,3400,1524
2023-10-26,3400,3425,3375,3375,5976
2023-10-27,3400,3400,3375,3400,3288
2023-10-30,3400,3400,3350,3400,7154
2023-10-31,3400,3400,3398,3398,8250
2023-11-02,3400,3400,3350,3350,8786
2023-11-03,3350,3395,3350,3350,9078
2023-11-06,3395,3398,3350,3375,4670
2023-11-07,3375,3400,3370,3375,3576
2023-11-08,3375,3375,3360,3373,2248
2023-11-09,3363,3393,3363,3393,2288
2023-11-10,3393,3393,3390,3390,5324
2023-11-13,3393,3475,3375,3475,23060
2023-11-14,3390,3473,3390,3473,4260
2023-11-16,3475,3475,3440,3440,508
2023-11-17,3448,3465,3440,3465,2808
2023-11-20,3465,3465,3425,3463,5058
2023-11-21,3463,3465,3400,3458,3668
2023-11-22,3450,3455,3400,3400,3512
2023-11-23,3400,3400,3350,3400,9536
2023-11-24,3400,3400,3375,3400,3614
2023-11-27,3385,3400,3365,3365,2872
2023-11-28,3400,3400,3400,3400,928
2023-11-29,3400,3473,3400,3458,7066
2023-11-30,3450,3473,3425,3450,740
2023-12-01,3473,3475,3450,3473,304
2023-12-04,3450,3500,3450,3495,2206
2023-12-05,3495,3500,3400,3400,2642
2023-12-06,3495,3550,3405,3500,7056
2023-12-07,3500,3500,3430,3500,1576
2023-12-08,3500,3500,3463,3500,1140
2023-12-11,3500,3500,3495,3495,5526
2023-12-12,3498,3498,3428,3450,2512
2023-12-13,3425,3450,3400,3425,1602
2023-12-14,3450,3495,3400,3425,1690
2023-12-15,3423,3425,3423,3425,1236
2023-12-18,3425,3450,3413,3448,2164
2023-12-19,3425,3498,3425,3498,5242
2023-12-20,3500,3500,3500,3500,280
2023-12-21,3500,3500,3498,3498,1402
2023-12-22,3500,3500,3450,3500,1792
2023-12-26,3500,3500,3430,3450,6220
2023-12-27,3383,3500,3225,3475,10912
2023-12-28,3475,3498,3403,3493,11534
2023-12-29,3485,3488,3403,3448,7604
2024-01-02,3448,3448,3400,3400,2590
2024-01-03,3400,3413,3393,3413,3914
2024-01-04,3410,3410,3350,3400,4304
2024-01-05,3400,3400,3355,3375,1998
2024-01-08,3375,3375,3355,3375,1962
2024-01-09,3375,3378,3370,3378,4972
2024-01-10,3378,3410,3370,3410,4610
2024-01-11,3378,3410,3378,3400,1508
2024-01-12,3410,3425,3378,3425,828
2024-01-15,3400,3473,3400,3425,3630
2024-01-16,3425,3473,3425,3450,1254
2024-01-17,3450,3473,3430,3473,514
2024-01-18,3450,3473,3430,3470,292
2024-01-19,3425,3470,3425,3470,346
2024-01-22,3450,3473,3403,3473,22378
2024-01-23,3470,3470,3450,3468,1598
2024-01-24,3403,3475,3403,3475,1346
2024-01-25,3475,3475,3405,3475,738
2024-01-26,3475,3475,3470,3475,918
2024-01-29,3475,3475,3453,3475,1506
2024-01-30,3450,3475,3450,3475,1588
2024-01-31,3475,3525,3450,3475,6758
2024-02-01,3475,3495,3475,3475,924
2024-02-02,3475,3550,3475,3550,4302
2024-02-05,3550,3550,3480,3538,3924
2024-02-06,3538,3550,3493,3550,9512
2024-02-07,3500,3550,3485,3550,872
2024-02-08,3548,3550,3548,3550,272
2024-02-09,3550,3600,3550,3600,6994
2024-02-13,3600,3600,3550,3555,6912
2024-02-14,3555,3700,3500,3700,20940
2024-02-15,3723,3723,3695,3700,1346
2024-02-16,3650,3650,3575,3623,2716
2024-02-19,3620,3620,3575,3598,898
2024-02-20,3598,3598,3500,3595,10616
2024-02-21,3550,3595,3498,3595,1656
2024-02-22,3595,3595,3593,3593,1910
2024-02-23,3595,3600,3593,3600,4520
2024-02-26,3595,3600,3453,3453,6974
2024-02-27,3550,3550,3550,3550,2240
2024-02-28,3550,3550,3503,3550,5164
2024-02-29,3550,3600,3528,3600,2584
2024-03-01,3600,3600,3550,3570,1824
2024-03-04,3575,3578,3550,3565,7072
2024-03-05,3570,3595,3550,3595,3294
2024-03-06,3595,3595,3550,3595,2418
2024-03-07,3623,3623,3600,3623,5954
2024-03-08,3625,3625,3610,3625,4148
2024-03-11,3625,3625,3623,3625,3066
2024-03-12,3625,3625,3610,3625,1708
2024-03-13,3628,3650,3628,3650,1718
2024-03-14,3640,3640,3640,3640,40
2024-03-15,3640,3640,3615,3625,1940
2024-03-18,3633,3638,3593,3638,12792
2024-03-19,3625,3645,3593,3645,7916
2024-03-20,3645,3650,3600,3650,3002
2024-03-21,3640,3645,3590,3590,3670
2024-03-22,3650,3650,3625,3650,7474
2024-03-25,3625,3648,3550,3640,8924
2024-03-26,3638,3638,3590,3635,1764
2024-03-27,3625,3625,3575,3625,3194
2024-03-28,3625,3638,3625,3635,1678
2024-03-29,3638,3638,3625,3638,2128
2024-04-02,3638,3638,3600,3625,3850
2024-04-03,3628,3630,3625,3630,3048
2024-04-04,3640,3640,3625,3640,2750
2024-04-05,3625,3625,3620,3625,3978
2024-04-08,3623,3625,3553,3553,4190
2024-04-09,3500,3623,3500,3623,7412
2024-04-11,3623,3623,3600,3600,34236
2024-04-12,3623,3638,3623,3638,4526
2024-04-15,3638,3638,3600,3625,4350
2024-04-16,3638,3638,3600,3623,9570
2024-04-17,3623,3638,3598,3600,9416
2024-04-18,3600,3638,3600,3600,36100
2024-04-19,3625,3638,3600,3600,30848
2024-04-22,3648,3670,3648,3648,4654
2024-04-23,3670,3700,3600,3700,9844
2024-04-24,3650,3700,3625,3625,11648
2024-04-25,3430,3500,3430,3498,7776
2024-04-26,3498,3500,3400,3490,9272
2024-04-29,3490,3490,3375,3420,5368
2024-04-30,3423,3423,3388,3420,26058
2024-05-02,3418,3418,3375,3375,3854
2024-05-03,3373,3375,3350,3375,4310
2024-05-06,3375,3375,3350,3363,3320
2024-05-07,3368,3368,3300,3358,5004
2024-05-08,3345,3350,3300,3300,9814
2024-05-10,3300,3343,3300,3343,13136
2024-05-13,3343,3488,3325,3325,7580
2024-05-14,3343,3443,3315,3435,3276
2024-05-15,3493,3550,3445,3550,30900
2024-05-16,3550,3550,3480,3525,10544
2024-05-17,3500,3500,3455,3498,1468
2024-05-21,3498,3498,3453,3453,1476
2024-05-22,3490,3493,3453,3490,5596
2024-05-23,3488,3500,3488,3488,2232
2024-05-24,3488,3550,3475,3500,13166
2024-05-27,3500,3525,3475,3525,5176
2024-05-28,3548,3548,3490,3490,3620
2024-05-29,3490,3490,3475,3490,3238
2024-05-30,3500,3545,3475,3545,3326
2024-05-31,3540,3540,3493,3535,2698
2024-06-03,3533,3533,3485,3498,3008
2024-06-04,3500,3535,3498,3535,4008
2024-06-05,3498,3525,3498,3503,4130
2024-06-06,3538,3538,3503,3505,4084
2024-06-07,3505,3538,3505,3535,2052
2024-06-10,3550,3550,3533,3535,3300
2024-06-11,3528,3535,3525,3525,640
2024-06-12,3528,3535,3525,3535,2424
2024-06-13,3535,3700,3535,3700,4500
2024-06-14,3600,3750,3600,3750,8724
2024-06-18,3750,3750,3738,3738,4316
2024-06-19,3700,3725,3550,3700,1172
2024-06-20,3700,3700,3673,3673,1344
2024-06-21,3650,3650,3648,3648,992
2024-06-24,3648,3648,3553,3648,2332
2024-06-25,3648,3650,3648,3650,3104
2024-06-26,3650,3700,3645,3698,2944
2024-06-27,3713,3720,3655,3655,1044
2024-06-28,3720,3720,3655,3720,1254
2024-07-01,3718,3720,3658,3720,674
2024-07-02,3678,3750,3660,3748,3728
2024-07-03,3748,3748,3745,3748,2438
2024-07-04,3750,3750,3748,3748,1792
2024-07-05,3748,3748,3725,3748,2166
2024-07-08,3750,3763,3748,3763,6278
2024-07-09,3750,3763,3750,3763,4942
2024-07-10,3850,4000,3803,4000,9816
2024-07-11,4000,4000,4000,4000,1132
2024-07-12,4000,4000,3975,3990,4382
2024-07-15,3850,3998,3850,3990,4326
2024-07-16,3975,3975,3953,3953,990
2024-07-17,3953,3953,3808,3808,1568
2024-07-18,3895,3948,3800,3945,3118
2024-07-19,3945,3945,3875,3875,1652
2024-07-22,3875,3925,3875,3915,2390
2024-07-23,3900,3913,3900,3900,510
2024-07-24,3915,3915,3900,3915,1068
2024-07-25,3915,3915,3900,3910,246
2024-07-26,3900,3900,3900,3900,1062
2024-07-29,3900,3903,3875,3903,4216
2024-07-30,3903,4050,3900,4050,13918
2024-07-31,4050,4125,3950,3950,4350
2024-08-01,3975,4200,3975,4200,3666
2024-08-02,4150,4238,4150,4230,4720
2024-08-05,4230,4245,4203,4230,2808
2024-08-06,4230,4230,4200,4225,1450
2024-08-08,4225,4230,4175,4225,4494
2024-08-09,4225,4373,4225,4373,4172
2024-08-12,4375,4500,4253,4423,5232
2024-08-13,4420,4490,4373,4475,2692
2024-08-14,4475,4475,4423,4423,874
2024-08-16,4423,4450,4250,4450,10712
2024-08-19,4250,4415,4150,4245,4394
2024-08-20,4245,4245,4050,4145,2198
2024-08-21,4140,4150,4090,4150,4974
2024-08-22,4150,4173,4150,4173,2824
2024-08-23,4173,4173,4153,4173,1250
2024-08-26,4173,4173,4150,4168,3068
2024-08-27,4168,4168,4150,4165,2592
2024-08-28,4170,4170,4053,4100,3584
2024-08-29,4100,4150,4058,4150,3744
2024-08-30,4148,4150,4100,4150,2762
2024-09-02,4150,4225,4150,4225,4668
2024-09-03,4225,4225,4200,4225,7346
2024-09-04,4250,4450,4225,4448,10514
2024-09-05,4450,4745,4315,4475,8664
2024-09-06,4480,4500,4450,4450,8536
2024-09-09,4450,4450,4400,4400,3290
2024-09-10,4450,4450,4400,4423,1588
2024-09-11,4400,4423,4350,4400,7216
2024-09-12,4423,4423,4253,4400,2466
2024-09-13,4400,4448,4400,4420,13042
2024-09-16,4420,4450,4350,4400,9058
2024-09-17,4400,4450,4400,4448,2620
2024-09-18,4448,4448,4200,4425,3622
2024-09-19,4425,4425,4375,4425,1726
2024-09-20,4425,4425,4250,4348,2584
2024-09-23,4345,4345,4245,4300,1694
2024-09-24,4253,4253,4240,4250,3242
2024-09-25,4210,4250,4200,4200,9422
2024-09-26,4200,4200,4175,4195,7892
2024-09-27,4200,4200,4125,4195,7648
2024-09-30,4275,4450,4275,4450,15488
2024-10-01,4450,4450,4275,4425,21328
2024-10-02,4425,4475,4425,4475,9794
2024-10-03,4455,4503,4450,4503,4234
2024-10-04,4515,4838,4515,4800,5524
2024-10-07,4800,5098,4800,5098,2336
2024-10-08,5098,5098,5000,5098,3736
2024-10-09,5050,5095,5000,5043,5208
2024-10-10,5150,5150,5000,5000,35368
2024-10-11,5000,5145,4900,5145,7578
2024-10-14,5028,5048,4995,5005,8134
2024-10-15,5010,5050,5005,5050,11132
2024-10-16,5100,5100,5065,5100,8494
2024-10-17,5248,5398,5248,5350,26092
2024-10-18,5350,5350,5250,5250,4812
2024-10-21,5225,5350,5225,5250,8136
2024-10-22,5295,5295,5198,5198,15338
2024-10-23,5225,5225,5100,5198,40992
2024-10-24,5150,5223,5100,5150,21432
2024-10-25,5530,5535,5530,5535,18841
2024-10-28,5895,5895,5800,5820,6225
2024-10-29,5950,5950,5800,5800,12056
2024-10-30,5800,5800,5695,5695,5524
2024-10-31,5700,5700,5585,5700,6873
2024-11-04,5695,5700,5530,5530,3189
2024-11-05,5500,5500,5200,5245,12606
2024-11-06,5100,5200,4900,5100,2038
2024-11-07,5100,5150,5000,5095,3619
2024-11-08,5100,5200,5095,5200,4871
2024-11-11,5175,5175,5000,5000,2922
2024-11-12,5050,5050,4785,4785,2908
2024-11-13,4785,4800,4785,4800,1526
2024-11-14,4800,5050,4760,5050,2934
2024-11-18,5050,5050,5005,5050,4197
2024-11-19,5050,5105,5050,5080,2928
2024-11-20,5100,5240,5100,5240,955
2024-11-21,5055,5225,5000,5000,8294
2024-11-22,5000,5200,5000,5120,2772
2024-11-25,5150,5150,5000,5000,6376
2024-11-26,5100,5100,5000,5080,818
2024-11-27,5080,5095,5000,5000,820
2024-11-28,5050,5050,5005,5010,969
2024-11-29,5010,5010,5000,5000,2525
2024-12-02,4995,4995,4650,4800,3280
2024-12-03,4895,4895,4800,4800,1377
2024-12-04,4750,4750,4695,4695,3087
2024-12-05,4690,4690,4600,4600,1865
2024-12-06,4695,4695,4600,4600,1286
2024-12-09,4550,4640,4500,4640,15293
2024-12-10,4640,4700,4600,4640,1820
2024-12-11,4695,4795,4695,4795,591
2024-12-12,4750,4950,4750,4900,1218
2024-12-13,4950,4990,4900,4970,563
2024-12-16,5000,5000,4790,4995,1263
2024-12-17,4960,4960,4750,4750,1890
2024-12-18,4805,4995,4795,4995,4022
2024-12-19,4990,5000,4990,4990,1200
2024-12-20,4990,5000,4990,4995,1615
2024-12-23,4990,4995,4950,4995,423
2024-12-24,5000,5000,4995,5000,1185
2024-12-26,5000,5045,5000,5000,2530
2024-12-27,5000,5000,4995,5000,2387
2024-12-30,4995,5000,4995,5000,2916
2024-12-31,4995,5000,4975,4995,3962
2025-01-02,4995,4995,4995,4995,2546
2025-01-03,4800,4995,4800,4995,568
2025-01-06,4990,4995,4905,4990,1147
2025-01-07,4990,4990,4855,4990,1755
2025-01-08,4990,4990,4990,4990,518
2025-01-09,4815,4990,4800,4985,3122
2025-01-10,4985,4985,4750,4985,2130
2025-01-13,4980,4985,4960,4960,406
2025-01-14,4960,4985,4850,4850,1469
2025-01-15,4855,4980,4800,4885,3911
2025-01-16,4885,4885,4865,4885,1170
2025-01-17,4885,4885,4855,4855,1276
2025-01-20,4855,4855,4805,4855,1460
2025-01-21,4860,4860,4855,4860,549
2025-01-22,4855,4860,4850,4860,822
2025-01-23,4850,4850,4700,4730,8994
2025-01-24,4660,4730,4505,4725,7627
2025-01-27,4720,4720,4650,4705,721
2025-01-28,4705,4725,4705,4705,2739
2025-01-29,4700,4720,4700,4715,2777
2025-01-30,4720,4725,4600,4600,5746
2025-01-31,4600,4695,4600,4650,1831
2025-02-03,4600,4695,4600,4695,1035
2025-02-04,4695,4700,4560,4600,4635
2025-02-05,4600,4695,4600,4695,883
2025-02-06,4610,4710,4605,4710,5497
2025-02-07,4710,4795,4700,4795,6069
2025-02-10,4795,4795,4750,4755,2601
2025-02-11,4755,4790,4610,4610,6495
2025-02-12,4855,4855,4720,4800,1186
2025-02-13,4840,4885,4800,4845,2248
2025-02-14,4840,4985,4840,4845,5941
2025-02-17,4850,4990,4845,4900,2862
2025-02-18,4990,4990,4910,4985,699
2025-02-19,4995,5100,4800,5100,10234
2025-02-20,5100,5375,5090,5375,3723
2025-02-21,5360,5700,5360,5690,4441
2025-02-24,5680,5950,5375,5950,6120
2025-02-25,5990,6000,5690,5895,6184
2025-02-26,5890,5890,5600,5800,4968
2025-02-27,5800,5800,5790,5790,3754
2025-02-28,5795,5795,5700,5780,8033
2025-03-03,5740,5750,5360,5700,5833
2025-03-04,5750,5780,5500,5700,7378
2025-03-05,5700,5700,5600,5690,1484
2025-03-06,5675,5700,5655,5670,4681
2025-03-07,5670,5685,5665,5685,3947
2025-03-10,5605,5700,5605,5685,1975
2025-03-11,5685,5700,5605,5700,3660
2025-03-12,5700,5800,5505,5700,14553
2025-03-13,5700,5700,5650,5680,3458
2025-03-14,5700,5775,5700,5700,5489
2025-03-17,5800,5800,5700,5775,431
2025-03-18,5775,6125,5700,6125,8069
2025-03-19,5700,6105,5700,6105,15135
2025-03-20,6125,6125,6000,6095,4328
2025-03-21,6105,6125,6095,6125,4955
2025-03-24,6125,6125,6055,6100,6645
2025-03-25,6150,6200,6100,6100,5843
2025-03-26,6100,6195,6100,6110,1297
2025-03-28,6110,6180,6100,6110,15374
2025-04-01,6110,6110,6010,6010,2879
2025-04-02,6100,6100,6015,6090,5276
2025-04-03,6100,6100,6010,6090,8694
2025-04-04,6000,6000,5850,6000,6077
2025-04-07,5850,6000,5750,6000,12654
2025-04-08,6000,6000,5950,5985,2838
2025-04-09,5830,5950,5605,5605,2644
2025-04-10,5890,5890,5700,5800,2032
2025-04-11,5900,5950,5695,5950,2758
2025-04-14,5980,6000,5900,6000,1347
2025-04-15,5950,6000,5950,5995,1172
2025-04-16,5905,6000,5905,6000,3290
2025-04-17,5995,6000,5990,5995,1974
2025-04-18,6000,6000,5955,5990,917
2025-04-22,5990,6000,5990,6000,2903
2025-04-23,6000,6100,6000,6100,25685
2025-04-24,6100,6200,6100,6100,4305
2025-04-25,6095,6095,6060,6095,4187
2025-04-28,6150,6150,6060,6060,10131
2025-04-29,6055,6100,6050,6090,7681
2025-04-30,6060,6100,6060,6100,2632
2025-05-02,6090,6185,6090,6100,5229
2025-05-05,6095,6100,6050,6050,1654
2025-05-06,6095,6100,6050,6050,4294
2025-05-07,6085,6095,6060,6095,3633
2025-05-08,6095,6200,6095,6200,2736
2025-05-09,6200,6250,6200,6245,4349
2025-05-12,6250,6295,6240,6255,23070
2025-05-13,6255,6295,6200,6250,3789
2025-05-14,6245,6245,6095,6200,4005
2025-05-15,6200,6250,6120,6125,3235
2025-05-16,5990,6000,5980,5990,2107
2025-05-19,6200,6250,6000,6105,10647
2025-05-20,6105,6105,5985,5990,2893
2025-05-21,5900,5900,5805,5900,4160
2025-05-22,5840,5970,5720,5800,10999
2025-05-23,5800,5970,5800,5950,2012
2025-05-26,5950,6000,5855,5950,9511
2025-05-27,5995,6000,5900,5990,2447
2025-05-28,5990,5990,5810,5940,4094
2025-05-30,5950,5990,5805,5950,7996
2025-06-02,5950,5970,5850,5950,2852
2025-06-03,5950,6000,5750,5750,7968
2025-06-04,5800,5805,5780,5805,4114
2025-06-05,5860,5900,5800,5800,2980
2025-06-10,5800,6000,5800,6000,26087
2025-06-11,5955,6200,5955,6105,1610
2025-06-12,6050,6190,6000,6190,4344
2025-06-13,6120,6150,6000,6005,14141
2025-06-16,6190,6190,6010,6010,8886
2025-06-17,6010,6200,5955,6100,19680
2025-06-18,6200,6295,6100,6295,4695
2025-06-19,6295,6295,6120,6120,3120
2025-06-20,6285,6300,6190,6300,1652
2025-06-23,6285,6295,6150,6295,1397
2025-06-24,6150,6285,6120,6150,4387
2025-06-25,6150,6295,6120,6120,33170
2025-06-26,6290,6290,6000,6150,6597
2025-06-27,6020,6150,5900,6140,4460
2025-06-30,6140,6150,6020,6120,1974
2025-07-01,6140,6140,6000,6100,953
2025-07-02,6100,6120,5855,6120,22794
2025-07-03,6120,6120,5910,5920,1688
2025-07-04,5990,6000,5990,6000,2151
2025-07-07,5900,6000,5855,6000,7096
2025-07-08,6000,6000,5960,5960,1715
2025-07-09,5955,5995,5955,5990,3226
2025-07-10,5995,5995,5950,5995,2726
2025-07-11,5995,5995,5900,5995,9429
2025-07-14,5995,6000,5805,6000,9257
2025-07-15,6000,6050,5990,6000,3355
2025-07-16,6000,6000,5990,5990,1838
2025-07-17,6000,6050,5800,6000,10263
2025-07-18,6000,6050,5955,6000,1566
2025-07-21,5965,6000,5965,6000,1124
2025-07-22,6000,6050,5965,5995,4748
2025-07-23,6000,6000,5990,5990,2601
2025-07-24,5990,6000,5990,5990,1811
2025-07-25,5990,6000,5980,5995,1709
2025-07-28,5995,5995,5935,5995,4837
2025-07-29,5995,6000,5915,6000,1871
2025-07-30,5995,6000,5950,6000,7076
2025-07-31,5995,5995,5940,5995,2025
2025-08-01,5995,5995,5990,5995,1652
2025-08-04,5990,5990,5950,5990,3665
2025-08-05,5990,5995,5985,5990,2404
2025-08-06,5990,6000,5990,6000,4123
2025-08-08,6000,6000,5995,6000,4327
2025-08-11,6000,6050,6000,6050,6983
2025-08-12,6095,6200,6075,6100,12711
2025-08-13,6100,6200,6100,6200,8977
2025-08-14,6195,6200,6120,6150,928
2025-08-18,6200,6300,6200,6200,4131
2025-08-19,6270,6350,6270,6325,3213
2025-08-20,6400,6400,6320,6395,3008
2025-08-21,6400,6450,6395,6450,1822
2025-08-22,6450,6465,6390,6435,7155
2025-08-25,6435,6485,6390,6390,8380
2025-08-26,6390,6495,6380,6480,6238
2025-08-27,6480,6495,6400,6495,1976
2025-08-28,6495,6500,6480,6490,2709
2025-08-29,6490,6500,6480,6490,2633
2025-09-01,6490,6490,6400,6475,4685
2025-09-02,6475,6490,6390,6450,2185
2025-09-03,6450,6450,6400,6445,3124
2025-09-05,6400,6550,6400,6550,6704
2025-09-08,6585,6850,6550,6830,2973
2025-09-09,6830,7000,6830,6995,2322
2025-09-10,6995,6995,6990,6990,1706
2025-09-11,6995,7000,6850,6995,4517
2025-09-12,6995,6995,6900,6990,2098
2025-09-15,6990,6990,6900,6985,6348
2025-09-16,6985,6990,6950,6990,2055
2025-09-17,6990,7510,6990,7510,4151
2025-09-18,7505,7505,7300,7500,2700
2025-09-19,7500,7500,7000,7500,5207
2025-09-22,7500,7510,7500,7510,3197
2025-09-23,7500,7500,7480,7500,3135
2025-09-24,7500,7500,7490,7495,4347
2025-09-25,7495,7495,7400,7485,3675
2025-09-26,7415,7500,7405,7500,8598
2025-09-29,7500,7500,7350,7400,6276
2025-09-30,7395,7500,7375,7375,2784
2025-10-01,7370,7400,7260,7305,10659
2025-10-02,7300,7400,7300,7400,1637
2025-10-03,7400,7495,7395,7480,6116
2025-10-06,7410,7475,7350,7400,2909
2025-10-07,7400,7400,6995,7390,4330
2025-10-08,7390,7390,7350,7350,1432
2025-10-09,7350,7350,7295,7350,5800
2025-10-10,7300,7350,7285,7310,3681
2025-10-13,7310,7350,7285,7330,2916
2025-10-14,7310,7350,7200,7350,9329
2025-10-15,7350,7365,7295,7300,5443
2025-10-16,7300,7300,7250,7270,5419
2025-10-17,7250,7325,7250,7290,14000
2025-10-20,7290,7290,7280,7285,9220
2025-10-21,7285,7290,7000,7285,9912
2025-10-22,7290,7290,7000,7290,10072
2025-10-23,7290,7290,7280,7290,3217
2025-10-24,7290,7300,7150,7200,12281
2025-10-27,7200,7295,7000,7195,13670
2025-10-28,7195,7250,7120,7150,3066
2025-10-29,7150,7150,7100,7145,4169
2025-10-30,7060,7150,7060,7110,5017
2025-10-31,7110,7150,7110,7150,5180
2025-11-03,7095,7110,6895,6960,9141
2025-11-04,6950,6950,6900,6900,7056
2025-11-05,6800,6900,6395,6900,8748
2025-11-06,6900,7200,6900,7200,16213
2025-11-07,7060,7100,7060,7060,10684
2025-11-10,7190,7190,7050,7050,7783
2025-11-11,7045,7185,7045,7185,3219
2025-11-12,7185,7200,7055,7180,6166
2025-11-13,7180,7300,7180,7250,1642
2025-11-14,7200,7300,7200,7250,1994
2025-11-17,7250,7250,7135,7250,1560
2025-11-18,7140,7300,7105,7105,10599
2025-11-19,7200,7300,7200,7250,220662
2025-11-20,7295,7295,7250,7295,5372
2025-11-21,7300,7300,7295,7300,2582
2025-11-24,7300,7350,7260,7295,1762
2025-11-25,7295,7295,7255,7295,5960
2025-11-26,7290,7300,7060,7290,5343
2025-11-27,7250,7295,7105,7105,2501
2025-11-28,7105,7295,7105,7250,893
2025-12-01,7250,7295,7200,7245,2028
2025-12-02,7295,7295,7200,7245,5054
2025-12-03,7200,7205,7195,7200,2635
2025-12-04,7200,7200,7185,7195,752
2025-12-05,7200,7200,7195,7200,1093
2025-12-08,7000,7190,7000,7140,2989
2025-12-09,7140,7140,7055,7100,1547
2025-12-10,7100,7140,7095,7100,2892
2025-12-11,7090,7195,7090,7185,1469
2025-12-12,7150,7185,7100,7175,2012
2025-12-15,7100,7170,7090,7100,2510
2025-12-16,7090,7195,7090,7175,2168
2025-12-17,7175,7175,7110,7165,2257
2025-12-18,7175,7175,7000,7000,2457
2025-12-19,7140,7175,7100,7150,1709
2025-12-22,7100,7100,7085,7090,6502
2025-12-23,7150,7175,7090,7090,2150
2025-12-24,7100,7175,7100,7100,1027
2025-12-26,7105,7175,7100,7150,541
2025-12-29,7100,7150,7085,7150,3529
2025-12-30,7150,7185,7130,7180,1170
2025-12-31,7180,7185,7180,7180,1637
2026-01-02,7180,7180,7180,7180,728
2026-01-05,7175,7175,7050,7120,1768
2026-01-06,7100,7115,7055,7105,3008
2026-01-07,7105,7190,7100,7190,2842
2026-01-08,7150,7190,7110,7190,801
2026-01-09,7180,7200,7160,7190,1334
2026-01-12,7190,7190,7170,7185,1048
2026-01-13,7180,7185,7100,7185,2063
2026-01-14,7185,7185,7105,7180,1077
2026-01-15,7185,7190,7105,7185,1861
2026-01-16,7185,7190,7180,7185,2967
2026-01-19,7185,7185,7150,7180,3023
2026-01-20,7150,7185,7100,7185,18734
2026-01-21,7180,7180,7150,7180,3952
2026-01-22,7180,7200,7175,7180,15254
2026-01-23,7185,7200,7150,7190,8084
2026-01-26,7185,7190,7150,7175,5298
2026-01-27,7175,7175,7150,7175,5025
2026-01-28,7175,7200,7170,7175,10436
2026-01-29,7170,7295,7170,7200,24989
2026-01-30,7200,7200,7175,7200,8817
2026-02-02,7200,7200,7175,7190,10994
2026-02-03,7185,7185,7175,7180,5028
2026-02-04,7180,7190,7180,7190,8487
2026-02-05,7195,7200,7190,7200,5169
2026-02-06,7340,7340,7200,7250,9464
2026-02-09,7250,7250,7215,7250,5127
2026-02-10,7300,7350,7250,7295,24246
2026-02-11,7295,7660,7190,7500,49396
2026-02-12,7500,7500,7305,7400,2837
2026-02-13,7350,7495,7350,7400,4796
2026-02-16,7400,7600,7400,7600,10989
2026-02-17,7550,7845,7500,7500,15201
2026-02-18,7400,7600,7400,7600,14007
2026-02-19,7500,7595,7500,7500,11121
2026-02-20,7500,7825,7200,7800,60450
2026-02-23,7700,7825,7665,7820,16492
2026-02-24,7820,7850,7700,7825,15585
2026-02-25,7810,7950,7805,7900,30278
2026-02-26,7890,7950,7855,7950,26421
2026-02-27,7900,7950,7870,7900,31361
2026-03-02,7950,8100,7900,7900,9332
2026-03-03,7950,8000,7930,8000,5829
2026-03-04,8050,8200,8000,8010,15632
2026-03-05,8200,8400,8155,8295,8028
2026-03-06,8250,8300,8200,8300,8688
2026-03-09,8300,8650,8225,8650,16460
2026-03-10,8600,8920,8585,8700,7038
2026-03-11,9000,9000,8610,8895,10661
2026-03-12,8900,9000,8750,9000,18556
2026-03-13,8995,9000,8900,8995,3000
2026-03-17,8995,8995,8650,8900,4261
2026-03-18,8900,8950,8900,8940,3767
2026-03-19,8940,9000,8700,8700,6713
2026-03-23,8710,8900,8700,8790,3959
2026-03-24,8790,8790,8690,8700,7514
2026-03-25,8700,8790,8690,8750,5525
2026-03-26,8750,8750,8400,8500,22706
2026-03-27,8500,8790,8500,8700,12345
2026-03-30,8105,8500,8095,8100,90930
2026-03-31,8200,8485,8100,8395,91494
2026-04-01,8500,8900,8450,8500,17590
2026-04-02,8500,8500,8500,8500,6891
2026-04-03,8500,8500,8400,8495,5103
2026-04-07,8500,8500,8100,8395,85824
2026-04-08,8390,8390,8280,8380,26580
2026-04-09,8400,8490,8395,8480,6213
2026-04-10,8485,8500,8480,8485,7493
2026-04-13,8500,8500,8490,8500,13208
2026-04-14,8505,8600,8400,8500,31865
2026-04-15,8500,8500,8390,8400,10078
2026-04-16,8400,8425,8400,8400,28381
2026-04-17,8450,8600,8450,8600,11645
2026-04-20,8600,8700,8450,8695,58194
2026-04-21,8600,8600,8395,8495,24306
2026-04-22,8500,8650,8400,8500,22152
2026-04-23,8500,8500,8400,8500,13975
2026-04-24,8500,8670,8500,8600,2418
2026-04-27,8615,8800,8605,8750,7906
2026-04-28,8800,8965,8750,8965,7090
2026-04-29,8995,9195,8965,9195,12549
2026-04-30,9195,9195,9100,9190,7759
2026-05-04,9190,9485,9100,9435,9437
2026-05-05,8900,9000,8850,8850,23204
2026-05-06,8850,8850,8300,8785,12058
2026-05-07,8780,8780,8615,8650,7105
2026-05-08,8650,8705,8600,8705,8623
2026-05-11,8700,8705,8550,8650,9311
2026-05-12,8655,8655,8550,8585,7396
2026-05-13,8585,8600,8555,8600,11731
2026-05-15,8650,8650,8580,8630,14244
2026-05-18,8630,8710,8625,8655,11322
2026-05-19,8655,8800,8655,8795,3685
2026-05-20,8800,9000,8780,8800,8942
2026-05-21,8850,8895,8800,8880,5467
2026-05-22,8850,8880,8800,8870,4515
2026-05-26,8850,8850,8800,8825,4991
2026-05-28,8840,8870,8825,8845,9075
2026-05-29,8885,8885,8800,8845,19047
2026-06-01,8890,9000,8840,8995,18231
2026-06-02,8840,8880,8750,8800,19062
2026-06-03,8790,8900,8790,8895,7894
2026-06-04,8895,8900,8760,8840,9814
2026-06-05,8840,8895,8800,8880,9964
2026-06-08,8880,8900,8850,8900,7247
2026-06-09,8900,8900,8800,8890,12844
2026-06-10,9000,9000,8800,8805,13171
2026-06-11,8810,9000,8810,8900,7708
2026-06-12,8900,9000,8845,8950,10358
2026-06-15,8950,9000,8910,8915,3258
2026-06-16,8950,9000,8915,8970,7589
2026-06-17,9000,9100,8975,9090,9473
2026-06-18,9090,9200,8985,9055,8989
2026-06-19,9500,9500,9100,9350,5157
2026-06-22,9350,9380,9000,9200,41181
2026-06-23,9200,9300,8980,9250,15167
2026-06-24,9250,9250,9095,9100,4823
2026-06-25,9155,9200,9000,9100,16671
2026-06-26,9200,9250,9000,9100,22017
2026-06-29,9100,9400,9000,9395,37061
2026-06-30,9400,9525,9250,9450,19595
2026-07-01,9500,9500,9000,9395,22017
2026-07-02,9395,9400,9000,9300,25493
2026-07-03,9350,9350,9100,9200,6435
2026-07-06,9195,9200,9150,9200,6366
2026-07-07,9200,9330,9200,9250,5047
2026-07-08,9270,9490,9270,9490,9123
2026-07-09,9490,9495,9395,9425,7878
2026-07-10,9485,9530,9430,9500,10587
2026-07-13,9505,9620,9500,9620,5009
2026-07-14,9735,9800,9505,9750,16287
2026-07-15,9750,9845,9650,9650,10538
2026-07-16,9700,9825,9700,9720,3057
2026-07-17,9720,9800,9720,9745,1647
2026-07-20,9745,9800,9745,9790,3398
2026-07-21,9790,9950,9750,9885,7961
2026-07-22,9885,9900,9800,9875,5471
2026-07-23,9990,10050,9985,10000,8274
2026-07-24,10000,10500,10000,10200,14838
2026-07-27,10200,10900,10200,10795,7319
2026-07-28,10800,10990,10800,10895,4563
2026-07-29,10900,11400,10895,11195,7716
2026-07-30,11150,11195,10800,10800,13384
2026-07-31,10900,11250,10805,10815,5074
2026-08-03,10815,11355,10815,11350,5608
2026-08-04,11350,11625,11350,11600,8263
2026-08-05,11600,11600,11550,11600,7512
2026-08-06,11600,11600,11595,11600,3757
2026-08-10,11600,11695,11510,11600,6227
2026-08-11,11600,12140,11600,11905,7384
2026-08-12,12155,12500,11920,12480,9155
2026-08-13,12300,12500,12200,12500,12379
2026-08-14,12500,12995,12500,12900,4724
2026-08-17,12995,13500,12955,13400,7370
2026-08-18,13400,13755,13300,13450,11767
2026-08-19,13450,13505,13195,13300,10649
2026-08-20,13350,13350,12740,13300,32196
2026-08-21,13200,13300,12900,12985,9474
2026-08-24,13000,13000,12755,12985,10825
2026-08-26,12985,13000,12855,12860,6151
2026-08-27,12850,12850,12000,12700,7034
2026-08-28,12690,12690,12100,12400,7006
2026-08-31,12400,12425,12010,12295,13882
2026-09-01,12290,12775,12100,12495,19191
2026-09-02,12495,12500,12295,12495,8195
2026-09-03,12495,12500,12405,12500,6147
2026-09-04,12500,12500,12460,12500,9941
2026-09-07,12510,12550,12490,12495,11137
2026-09-08,12495,12550,12490,12500,16313
2026-09-09,12500,12550,12300,12495,16695
2026-09-10,12495,12495,12370,12400,13458
2026-09-11,12400,12400,12300,12400,5394
2026-09-14,12400,12500,12300,12400,8619
2026-09-15,12400,12410,12000,12200,13109
2026-09-16,12200,12200,12095,12150,4719
2026-09-17,12150,12150,11700,12000,10436
2026-09-18,12000,12000,11700,11805,5644
2026-09-21,11750,11750,11505,11600,6944
2026-09-22,11600,11750,11000,11400,10707
2026-09-23,11400,11400,10545,10800,16870
2026-09-24,10700,11600,10000,11470,28332
2026-09-25,11470,11605,10750,11595,13468
