Date,Open,High,Low,Close,Volume
1998-09-18,180,180,180,180,100
1998-10-02,185,185,185,185,13700
1998-10-16,185,185,185,185,1000
1998-10-23,185,185,185,185,1500
1998-10-30,185,185,185,185,500
1998-11-04,199,199,199,199,1000
1998-11-27,190,190,190,190,1100
1998-12-28,190,190,190,190,300
1998-12-30,190,190,190,190,100000
1999-01-20,190,190,190,190,1000
1999-01-29,190,190,190,190,100
1999-03-12,180,180,180,180,3000
1999-03-31,175,175,175,175,1700
1999-04-09,175,175,175,175,1400
1999-04-26,162,162,162,162,100
1999-05-12,170,170,170,170,1000
1999-09-13,160,160,160,160,1000
1999-09-27,154,154,154,154,2000
1999-12-17,150,150,150,150,1600
2000-02-02,150,150,150,150,300
2000-04-19,150,150,150,150,4500
2000-04-28,150,150,150,150,100
2000-08-11,150,150,150,150,1000
2000-12-20,150,150,150,150,400
2001-01-19,145,145,145,145,1800
2001-07-11,145,145,145,145,2000
2001-12-10,145,145,145,145,22100
2001-12-13,145,145,145,145,400
2002-03-08,144,144,144,144,2100
2002-04-05,144,144,144,144,100
2002-12-04,140,140,140,140,20000
2003-03-20,130,130,130,130,4000
2003-04-15,130,130,130,130,400
2003-06-26,120,120,120,120,1000
2003-08-01,116,116,116,116,5000
2003-08-04,116,116,116,116,2000
2003-08-06,107,107,107,107,6800
2003-09-08,107,107,107,107,500
2003-09-25,105,105,105,105,3400
2003-12-31,100,100,100,100,5000
2004-02-13,100,100,100,100,100
2004-02-18,100,100,100,100,500
2004-03-15,100,100,100,100,100
2004-05-12,95,95,95,95,2500
2004-06-02,100,100,100,100,174100
2004-06-09,100,100,100,100,100
2004-06-14,99,99,99,99,1000
2004-07-07,99,99,99,99,100
2004-07-08,99,99,99,99,300
2004-07-09,99,99,99,99,6200
2004-07-13,100,100,100,100,1000
2004-08-02,100,100,100,100,1100
2004-08-03,100,100,100,100,600
2004-08-04,100,100,100,100,1000
2004-08-06,100,100,100,100,1000
2004-09-02,100,100,100,100,1100
2004-09-08,100,100,100,100,1000
2004-10-06,100,100,100,100,2000
2004-10-12,100,100,100,100,400
2004-11-25,100,100,100,100,100
2005-02-07,100,100,100,100,1000
2005-03-02,100,100,100,100,100
2005-04-18,99,99,99,99,900
2005-05-18,92,92,92,92,1000
2005-05-24,92,92,92,92,800
2005-05-30,92,92,92,92,3000
2005-06-07,92,92,92,92,15000
2005-06-15,92,92,92,92,100
2005-07-08,90,90,90,90,3300
2005-07-26,85,85,85,85,1900
2005-07-28,85,85,85,85,4600
2005-07-29,85,85,85,85,1100
2005-09-26,85,85,85,85,3400
2005-10-13,80,80,80,80,2600
2005-10-19,80,80,80,80,10500
2005-10-28,80,80,80,80,5000
2005-11-17,80,80,80,80,5000
2005-11-22,79,79,79,79,1000
2005-11-28,79,79,79,79,24100
2005-11-29,77,77,77,77,5000
2005-12-05,72,72,72,72,7000
2005-12-06,72,72,72,72,3000
2005-12-09,67,67,67,67,5000
2005-12-20,70,70,70,70,2000
2006-01-06,70,70,70,70,4500
2006-01-13,69,69,69,69,1000
2006-01-16,69,69,69,69,1000
2006-01-20,69,69,69,69,1000
2006-01-25,68,68,68,68,1000
2006-01-27,68,68,68,68,1100
2006-02-01,67,67,67,67,1500
2006-02-03,67,67,67,67,5000
2006-02-07,67,67,67,67,300
2006-02-08,67,67,67,67,1400
2006-02-10,66,66,66,66,2000
2006-02-14,66,66,66,66,1000
2006-02-15,65,65,65,65,2000
2006-02-21,65,65,65,65,1000
2006-03-01,65,65,65,65,500
2006-03-03,64,64,64,64,5000
2006-03-14,60,60,60,60,5700
2006-03-15,60,60,60,60,600
2006-03-17,60,60,60,60,300
2006-03-31,60,60,60,60,400
2006-04-07,65,65,65,65,1200
2006-04-10,60,60,60,60,7900
2006-06-29,65,65,65,65,2000
2006-07-10,69,69,69,69,3000
2006-07-13,69,69,69,69,1000
2006-08-01,85,85,85,85,15000
2006-09-05,80,80,80,80,20200
2006-09-11,80,80,80,80,2000
2006-09-12,85,85,85,85,800
2006-09-20,86,86,86,86,20000
2006-09-22,86,86,86,86,2000
2006-09-25,86,86,86,86,700
2006-10-20,89,89,89,89,5000
2006-11-29,96,96,96,96,1300
2006-12-13,96,96,96,96,20000
2006-12-18,96,96,96,96,500
2006-12-21,100,100,100,100,1000
2006-12-26,97,97,97,97,2000
2007-01-05,97,97,97,97,5000
2007-01-19,99,99,99,99,11400
2007-02-08,99,99,99,99,1200
2007-03-02,99,99,99,99,5600
2007-03-23,100,100,100,100,1400
2007-04-06,101,101,101,101,1000
2007-05-21,112,112,112,112,5000
2007-05-23,112,112,112,112,5300
2007-05-24,112,112,112,112,1700
2007-06-25,129,129,129,129,1400
2007-07-12,129,129,129,129,28600
2007-07-13,130,130,130,130,2200
2007-09-04,141,141,141,141,1000
2007-09-06,145,145,145,145,5000
2007-09-07,145,145,145,145,2000
2007-09-14,145,145,145,145,1000
2007-09-26,168,168,168,168,2000
2007-10-01,169,169,169,169,800
2007-10-03,169,169,169,169,500
2007-10-16,170,170,170,170,800
2007-10-17,175,175,175,175,1200
2007-10-18,185,185,185,185,800
2007-10-24,185,185,185,185,1000
2007-10-30,195,195,195,195,1100
2007-11-06,195,195,195,195,100
2007-11-09,200,200,200,200,1000
2007-11-12,210,210,210,210,1100
2007-11-13,210,210,210,210,1200
2007-11-14,210,210,210,210,3600
2007-11-20,204,204,204,204,2000
2007-11-21,204,204,204,204,1000
2007-11-22,210,210,210,210,3000
2007-11-23,210,210,210,210,6000
2007-11-29,210,210,210,210,500
2007-12-05,210,210,210,210,500
2007-12-13,200,200,200,200,4000
2007-12-14,200,200,200,200,10000
2007-12-18,200,200,200,200,4000
2007-12-21,200,200,200,200,1300
2007-12-24,200,200,200,200,700
2007-12-26,199,199,199,199,1700
2007-12-27,199,199,199,199,6200
2008-01-02,199,199,199,199,4400
2008-01-04,200,200,200,200,3000
2008-02-12,200,200,200,200,300
2008-02-13,200,200,200,200,2000
2008-02-15,200,200,200,200,2000
2008-02-26,200,200,200,200,10600
2008-03-12,200,200,200,200,500
2008-03-17,200,200,200,200,800
2008-03-28,200,200,200,200,8600
2008-04-24,200,200,200,200,100
2008-04-29,200,200,200,200,800
2008-07-01,200,200,200,200,20000
2008-07-04,208,208,208,208,1000
2008-07-22,215,215,215,215,2000
2008-07-24,230,230,230,230,5000
2008-07-30,240,240,240,240,1000
2008-07-31,240,240,240,240,800
2008-08-01,240,240,240,240,1600
2008-08-06,250,250,250,250,1000
2008-08-13,289,289,289,289,1000
2008-08-18,290,290,290,290,4500
2008-08-20,312,312,312,312,1000
2008-08-21,320,320,320,320,1000
2008-08-22,322,322,322,322,2000
2008-08-25,330,330,330,330,1300
2008-08-27,342,342,342,342,2800
2008-09-01,350,350,350,350,3000
2008-09-02,350,350,350,350,3000
2008-09-04,350,350,350,350,300
2008-09-05,350,350,350,350,1900
2008-09-22,350,350,350,350,1000
2008-09-25,350,350,350,350,1000
2008-09-26,350,350,350,350,1200
2008-10-03,350,350,350,350,500
2008-10-14,350,350,350,350,100
2008-11-03,324,324,324,324,1600
2008-12-31,315,315,315,315,2000
2009-01-02,315,315,315,315,100
2009-01-14,300,300,300,300,800
2009-01-15,300,300,300,300,200
2009-03-13,300,300,300,300,300
2009-03-24,300,300,300,300,200
2009-04-03,300,300,300,300,900
2009-04-09,300,300,300,300,800
2009-05-13,300,300,300,300,2400
2009-06-10,300,300,300,300,300
2009-06-17,300,300,300,300,800
2009-06-25,300,300,300,300,200
2009-06-30,277,277,277,277,1800
2009-07-02,277,277,277,277,3000
2009-07-23,277,277,277,277,800
2009-08-03,277,277,277,277,100
2009-08-04,257,257,257,257,1100
2009-08-24,254,254,254,254,1500
2009-10-02,250,250,250,250,2000
2009-10-06,250,250,250,250,300
2009-10-07,250,250,250,250,2000
2009-10-19,249,249,249,249,800
2010-01-26,213,213,213,213,1100
2010-01-29,197,197,197,197,1000
2010-02-16,182,182,182,182,1100
2010-03-04,144,144,144,144,1100
2010-03-22,123,123,123,123,11800
2010-03-25,120,120,120,120,15000
2010-03-26,111,111,111,111,11000
2010-03-29,111,111,111,111,3500
2010-04-01,111,111,111,111,2500
2010-04-02,111,111,111,111,300
2010-04-06,111,111,111,111,36500
2010-04-07,111,111,111,111,15200
2010-04-08,111,111,111,111,8000
2010-04-09,111,111,111,111,24500
2010-04-12,111,111,111,111,32900
2010-04-20,111,111,111,111,21500
2010-04-21,111,111,111,111,900
2010-04-23,111,111,111,111,1100
2010-04-28,115,115,115,115,1000
2010-04-29,120,120,120,120,2000
2010-05-04,120,120,120,120,500
2010-05-06,126,126,126,126,9000
2010-05-10,126,126,126,126,1500
2010-05-11,128,128,128,128,8000
2010-05-17,159,159,159,159,800
2010-05-20,197,197,197,197,1800
2010-05-21,212,212,212,212,3600
2010-05-25,212,212,212,212,5500
2010-05-26,212,212,212,212,3000
2010-05-27,212,212,212,212,10000
2010-05-28,212,212,212,212,2400
2010-05-31,212,212,212,212,10300
2010-06-01,212,212,212,212,21000
2010-06-04,215,215,215,215,800
2010-06-07,215,215,215,215,2600
2010-06-09,215,215,215,215,200
2010-06-16,173,173,173,173,5000
2010-06-29,155,155,155,155,12200
2010-07-01,150,150,150,150,2800
2010-07-21,150,150,150,150,100
2010-08-12,161,161,161,161,1700
2010-08-13,161,161,161,161,500
2010-08-18,161,161,161,161,200
2010-09-01,161,161,161,161,19500
2010-09-02,170,170,170,170,1000
2010-09-03,180,180,180,180,1500
2010-09-07,185,185,185,185,1700
2010-09-13,199,199,199,199,7700
2010-09-15,200,200,200,200,4000
2010-09-16,200,200,200,200,1400
2010-09-20,200,200,200,200,2100
2010-09-22,205,205,205,205,2000
2010-09-27,205,205,205,205,500
2010-09-28,205,205,205,205,3600
2010-10-01,200,200,200,200,2500
2010-10-04,200,200,200,200,200
2010-10-06,200,200,200,200,500
2010-10-07,200,200,200,200,25000
2010-10-08,200,200,200,200,5400
2010-10-11,200,200,200,200,2200
2010-10-12,200,200,200,200,1500
2010-10-14,200,200,200,200,5000
2010-10-15,200,200,200,200,500
2010-10-20,200,200,200,200,500
2010-10-21,200,200,200,200,800
2010-10-22,185,185,185,185,4700
2010-10-26,198,198,198,198,10000
2010-10-28,183,183,183,183,2000
2010-11-02,183,183,183,183,600
2010-11-05,200,200,200,200,1200
2010-11-09,195,195,195,195,4300
2010-11-10,200,200,200,200,2000
2010-11-12,200,200,200,200,5500
2010-11-17,200,200,200,200,13200
2010-11-18,200,200,200,200,4000
2010-11-19,200,200,200,200,4000
2010-11-22,200,200,200,200,2500
2010-11-23,200,200,200,200,15000
2010-11-24,200,200,200,200,6000
2010-11-26,200,200,200,200,4000
2010-11-29,200,200,200,200,7500
2010-12-01,190,190,190,190,10000
2010-12-02,191,191,191,191,9900
2010-12-06,191,191,191,191,10000
2010-12-07,190,190,190,190,9700
2010-12-08,185,185,185,185,29900
2010-12-09,185,185,185,185,10000
2010-12-10,185,185,185,185,12000
2010-12-13,185,185,185,185,1200
2010-12-15,185,185,185,185,3000
2010-12-16,180,180,180,180,8600
2010-12-20,180,180,180,180,500
2010-12-21,180,180,180,180,7000
2010-12-22,180,180,180,180,1000
2010-12-24,180,180,180,180,6100
2011-01-05,190,190,190,190,5100
2011-01-07,190,190,190,190,200
2011-01-11,191,191,191,191,1000
2011-01-27,191,191,191,191,1200
2011-01-28,191,191,191,191,2200
2011-02-01,185,185,185,185,8000
2011-02-07,185,185,185,185,600
2011-05-05,185,185,185,185,100
2011-05-19,185,185,185,185,500
2011-05-20,171,171,171,171,900
2011-05-31,160,160,160,160,2200
2011-06-06,160,160,160,160,2500
2011-06-09,160,160,160,160,4500
2011-06-22,160,160,160,160,1900
2011-06-23,160,160,160,160,500
2011-06-24,160,160,160,160,1000
2011-06-27,160,160,160,160,100
2011-06-29,160,160,160,160,100
2011-07-11,160,160,160,160,1000
2011-07-12,160,160,160,160,1200
2011-07-18,160,160,160,160,500
2011-07-21,160,160,160,160,1000
2011-07-25,160,160,160,160,2500
2011-07-26,160,160,160,160,1300
2011-07-28,160,160,160,160,100
2011-08-01,160,160,160,160,5100
2011-08-02,160,160,160,160,5000
2011-08-04,160,160,160,160,5000
2011-08-05,160,160,160,160,5000
2011-08-09,160,160,160,160,4300
2011-08-10,160,160,160,160,5700
2011-08-11,160,160,160,160,10000
2011-08-12,160,160,160,160,7400
2011-08-16,160,160,160,160,2700
2011-08-24,160,160,160,160,300
2011-09-06,160,160,160,160,1400
2011-09-08,160,160,160,160,500
2011-09-14,160,160,160,160,1800
2011-09-22,160,160,160,160,400
2011-09-26,160,160,160,160,300
2011-09-29,160,160,160,160,500
2011-10-11,160,160,160,160,300
2011-10-19,160,160,160,160,2200
2011-10-20,160,160,160,160,200
2011-10-21,160,160,160,160,500
2011-10-25,172,172,172,172,1000
2011-11-02,165,165,165,165,800
2011-11-04,162,162,162,162,1000
2011-11-08,162,162,162,162,100
2011-11-09,162,162,162,162,1300
2011-11-29,165,165,165,165,800
2012-01-02,165,165,165,165,100
2012-01-04,160,160,160,160,2000
2012-01-05,160,160,160,160,12600
2012-01-10,165,165,165,165,10000
2012-01-17,160,160,160,160,1300
2012-01-18,160,160,160,160,3500
2012-01-24,158,158,158,158,800
2012-01-30,158,158,158,158,300
2012-01-31,148,148,148,148,5000
2012-02-01,151,151,151,151,4400
2012-02-08,151,151,151,151,200
2012-02-09,148,148,148,148,1100
2012-02-10,148,148,148,148,100
2012-02-14,140,140,140,140,1800
2012-02-22,140,140,140,140,900
2012-02-23,140,140,140,140,500
2012-02-29,150,150,150,150,800
2012-03-02,161,161,161,161,800
2012-03-05,173,173,173,173,18400
2012-03-06,186,186,186,186,5000
2012-03-13,200,200,200,200,2700
2012-03-14,206,206,206,206,3700
2012-03-22,200,200,200,200,3200
2012-03-23,200,200,200,200,2800
2012-03-27,200,200,200,200,800
2012-03-28,200,200,200,200,100
2012-04-05,200,200,200,200,500
2012-04-23,200,200,200,200,4900
2012-04-24,200,200,200,200,8100
2012-04-25,200,200,200,200,8500
2012-05-04,200,200,200,200,300
2012-05-10,190,190,190,190,1600
2012-05-11,200,200,200,200,7500
2012-05-15,200,200,200,200,1800
2012-05-25,200,200,200,200,19800
2012-05-29,200,200,200,200,11400
2012-06-07,200,200,200,200,1000
2012-06-21,210,210,210,210,1500
2012-06-22,210,210,210,210,900
2012-06-29,213,213,213,213,1000
2012-07-03,213,213,213,213,5000
2012-07-06,210,210,210,210,3300
2012-07-10,210,210,210,210,700
2012-07-12,220,220,220,220,6700
2012-07-16,220,220,220,220,21000
2012-07-17,220,220,220,220,4200
2012-07-18,220,220,220,220,3000
2012-07-20,220,220,220,220,9500
2012-07-23,215,215,215,215,2000
2012-07-30,215,215,215,215,5200
2012-08-01,231,231,231,231,40000
2012-08-08,248,248,248,248,2000
2012-08-09,250,250,250,250,3000
2012-08-10,269,269,269,269,3600
2012-08-13,289,289,289,289,1100
2012-08-14,310,310,310,310,15700
2012-08-16,333,333,333,333,3000
2012-08-17,330,330,330,330,4900
2012-08-21,330,330,330,330,1300
2012-08-22,330,330,330,330,25000
2012-08-23,355,355,355,355,15700
2012-08-24,381,381,381,381,1000
2012-08-28,410,410,410,410,2500
2012-08-29,385,385,385,385,20800
2012-08-30,413,413,413,413,21000
2012-08-31,440,440,440,440,5900
2012-09-03,460,460,460,460,3800
2012-09-04,460,460,460,460,3500
2012-09-06,460,460,460,460,4800
2012-09-07,490,490,490,490,1100
2012-09-10,490,490,490,490,26000
2012-09-11,490,490,490,490,29400
2012-09-12,490,490,490,490,300
2012-09-13,490,490,490,490,16300
2012-09-14,500,500,500,500,30000
2012-09-17,500,500,500,500,50000
2012-09-18,500,500,500,500,22700
2012-09-19,500,500,500,500,10800
2012-09-20,500,500,500,500,13500
2012-09-21,495,495,495,495,100500
2012-09-24,490,490,490,490,101000
2012-09-25,490,490,490,490,21300
2012-10-01,489,489,489,489,15300
2012-10-11,452,452,452,452,1600
2012-10-22,450,450,450,450,27500
2012-10-23,450,450,450,450,4500
2012-10-30,450,450,450,450,900
2012-10-31,450,450,450,450,2500
2012-11-05,450,450,450,450,9400
2012-11-06,450,450,450,450,5000
2012-11-07,450,450,450,450,1000
2012-11-08,450,450,450,450,24400
2012-11-09,450,450,450,450,2500
2012-11-12,456,456,456,456,4800
2012-11-13,460,460,460,460,3400
2012-11-14,468,468,468,468,19200
2012-11-16,460,460,460,460,9500
2012-11-19,460,460,460,460,2500
2012-11-20,460,460,460,460,100
2012-11-28,460,460,460,460,1900
2012-11-29,460,460,460,460,4300
2012-11-30,460,460,460,460,800
2012-12-03,460,460,460,460,300
2012-12-06,450,450,450,450,42100
2012-12-12,460,460,460,460,2400
2012-12-14,459,459,459,459,2500
2012-12-18,460,460,460,460,1800
2012-12-20,460,460,460,460,1900
2012-12-24,460,460,460,460,600
2013-01-03,460,460,460,460,5200
2013-01-04,460,460,460,460,2200
2013-01-09,460,460,460,460,14300
2013-01-10,460,460,460,460,7000
2013-01-14,460,460,460,460,1000
2013-01-15,460,460,460,460,1200
2013-01-18,460,460,460,460,2500
2013-01-21,460,460,460,460,11100
2013-01-28,460,460,460,460,13800
2013-01-30,460,460,460,460,1200
2013-01-31,470,470,470,470,3800
2013-02-01,470,470,470,470,3200
2013-02-04,470,470,470,470,3500
2013-02-06,470,470,470,470,1000
2013-02-07,470,470,470,470,9500
2013-02-12,470,470,470,470,5100
2013-02-13,470,470,470,470,10800
2013-02-14,470,470,470,470,3300
2013-02-22,470,470,470,470,2000
2013-02-27,473,473,473,473,11400
2013-02-28,471,471,471,471,2000
2013-03-01,471,471,471,471,1800
2013-03-05,506,506,506,506,1700
2013-03-11,540,540,540,540,3700
2013-03-20,540,540,540,540,7700
2013-03-29,540,540,540,540,1500
2013-04-03,500,500,500,500,3400
2013-04-10,470,470,470,470,4600
2013-04-12,470,470,470,470,900
2013-04-15,470,470,470,470,100
2013-04-17,470,470,470,470,2000
2013-04-18,470,470,470,470,8500
2013-04-23,470,470,470,470,800
2013-05-02,470,470,470,470,1500
2013-05-06,470,470,470,470,200
2013-05-07,470,470,470,470,2000
2013-05-08,440,440,440,440,1200
2013-05-10,440,440,440,440,200
2013-05-17,440,440,440,440,100
2013-05-22,407,407,407,407,10300
2013-05-29,407,407,407,407,1000
2013-05-31,390,390,390,390,13400
2013-06-04,410,410,410,410,1000
2013-06-06,410,410,410,410,2500
2013-06-10,401,401,401,401,800
2013-06-14,401,401,401,401,100
2013-06-18,400,400,400,400,1000
2013-06-27,355,355,355,355,1300
2013-06-28,355,355,355,355,1800
2013-07-03,360,360,360,360,1000
2013-07-09,360,360,360,360,17000
2013-07-12,370,370,370,370,3400
2013-07-15,370,370,370,370,2100
2013-07-18,370,370,370,370,1700
2013-07-23,370,370,370,370,100
2013-07-26,370,370,370,370,100
2013-07-31,370,370,370,370,100
2013-08-12,370,370,370,370,11400
2013-08-26,370,370,370,370,2400
2013-08-27,370,370,370,370,100
2013-09-04,398,398,398,398,1500
2013-09-05,428,428,428,428,1500
2013-09-10,428,428,428,428,400
2013-09-12,428,428,428,428,600
2013-09-13,428,428,428,428,200
2013-09-16,427,430,427,430,2200
2013-09-23,398,398,398,398,500
2013-09-24,390,425,390,425,1100
2013-09-27,425,430,425,430,8500
2013-09-30,430,430,430,430,5700
2013-10-02,398,398,398,398,200
2013-10-03,390,390,390,390,500
2013-10-07,390,390,390,390,600
2013-10-14,390,390,390,390,800
2013-10-21,390,390,390,390,2500
2013-10-25,390,390,390,390,4300
2013-10-28,395,395,390,390,14200
2013-10-29,390,390,390,390,200
2013-10-30,390,390,390,390,400
2013-11-06,419,419,419,419,500
2013-11-07,420,420,420,420,800
2013-11-08,450,450,450,450,400
2013-11-12,450,450,450,450,500
2013-11-18,420,420,420,420,25300
2013-11-25,411,411,411,411,800
2013-12-02,411,411,411,411,100
2013-12-05,390,390,390,390,1000
2013-12-09,390,390,390,390,5700
2013-12-16,390,390,390,390,3000
2013-12-20,392,392,392,392,500
2013-12-26,420,421,420,421,1500
2013-12-27,450,450,450,450,100
2013-12-30,450,450,416,416,1800
2013-12-31,392,392,392,392,1300
2014-01-06,392,392,392,392,2000
2014-01-07,392,392,392,392,100
2014-01-08,393,393,393,393,100
2014-01-10,395,395,393,393,2400
2014-01-16,395,395,394,394,3000
2014-01-22,394,394,394,394,200
2014-01-24,400,400,400,400,1000
2014-01-29,405,405,400,400,5000
2014-02-04,400,400,400,400,2000
2014-02-06,400,400,400,400,4000
2014-02-11,400,400,400,400,3000
2014-02-13,402,402,400,400,1400
2014-02-20,420,420,420,420,100
2014-02-24,420,420,420,420,3200
2014-02-26,412,412,412,412,800
2014-02-28,420,420,410,410,2900
2014-03-03,401,401,401,401,3100
2014-03-05,410,410,410,410,1400
2014-03-07,410,410,410,410,1300
2014-03-12,400,400,400,400,100
2014-03-18,400,400,400,400,100
2014-03-27,400,400,400,400,400
2014-04-08,370,370,370,370,500
2014-04-10,370,370,370,370,300
2014-04-17,390,390,390,390,200
2014-04-28,390,390,390,390,2500
2014-04-30,400,400,400,400,14400
2014-05-02,400,400,400,400,200
2014-05-05,400,400,400,400,4200
2014-05-08,400,400,400,400,800
2014-05-15,400,400,400,400,400
2014-05-19,400,400,400,400,1500
2014-05-20,392,392,392,392,1000
2014-05-21,400,400,400,400,400
2014-05-26,402,402,402,402,2100
2014-05-27,402,402,402,402,1300
2014-05-30,400,400,400,400,2000
2014-06-02,410,410,410,410,2900
2014-06-04,430,430,430,430,300
2014-06-05,430,430,430,430,800
2014-06-06,459,459,459,459,200
2014-06-11,425,425,425,425,100
2014-06-12,433,433,433,433,800
2014-06-13,440,440,440,440,200
2014-06-17,430,430,430,430,600
2014-06-20,430,430,430,430,500
2014-06-23,430,430,430,430,4000
2014-06-24,430,430,430,430,1600
2014-06-26,430,450,430,450,3900
2014-06-30,450,450,450,450,600
2014-07-01,450,450,450,450,700
2014-07-02,450,450,450,450,2000
2014-07-03,440,440,440,440,1200
2014-07-09,440,440,440,440,500
2014-07-10,450,450,450,450,5000
2014-07-11,440,440,440,440,100
2014-07-21,435,435,435,435,2600
2014-07-22,440,440,435,440,14900
2014-07-23,435,440,435,440,11100
2014-07-25,440,440,440,440,100
2014-07-29,440,440,440,440,1500
2014-07-30,441,441,441,441,500
2014-07-31,450,450,450,450,1900
2014-08-04,440,440,440,440,1400
2014-08-05,440,440,440,440,700
2014-08-06,440,450,430,450,4300
2014-08-08,455,470,455,470,14500
2014-08-14,460,460,460,460,1500
2014-08-18,468,470,468,470,7800
2014-08-19,470,470,470,470,10800
2014-08-20,470,470,470,470,100
2014-08-25,490,495,490,495,139300
2014-08-28,494,494,494,494,1000
2014-09-01,492,495,492,495,9900
2014-09-02,495,495,495,495,5200
2014-09-03,490,500,490,500,3500
2014-09-04,500,500,500,500,1000
2014-09-05,500,500,500,500,500
2014-09-12,499,500,499,500,8300
2014-09-17,500,500,500,500,1300
2014-09-19,500,500,500,500,400
2014-09-22,500,500,500,500,100
2014-09-25,485,485,485,485,4500
2014-09-29,500,500,500,500,500
2014-09-30,500,500,500,500,1500
2014-10-02,500,500,500,500,600
2014-10-03,500,500,500,500,900
2014-10-06,500,500,500,500,100
2014-10-07,500,500,500,500,1400
2014-10-09,500,500,500,500,1300
2014-10-16,500,500,500,500,5000
2014-10-17,500,500,500,500,1300
2014-10-20,500,500,500,500,2700
2014-10-21,499,500,499,500,52500
2014-10-27,500,500,500,500,400
2014-10-28,500,500,500,500,10000
2014-10-29,500,500,500,500,300
2014-10-30,500,500,500,500,10300
2014-11-03,500,500,500,500,1500
2014-11-05,500,500,500,500,1000
2014-11-10,500,500,500,500,200
2014-11-11,498,498,498,498,1800
2014-11-12,498,498,498,498,2200
2014-11-13,498,498,498,498,15000
2014-11-17,500,500,500,500,200
2014-11-18,500,500,500,500,100
2014-11-20,500,500,500,500,1900
2014-11-25,500,500,500,500,500
2014-11-26,500,500,500,500,1000
2014-11-28,500,500,500,500,4000
2014-12-04,500,500,500,500,300
2014-12-09,480,480,480,480,5400
2014-12-10,480,480,470,480,9700
2014-12-11,480,480,480,480,800
2014-12-15,480,480,480,480,600
2014-12-16,444,444,444,444,5000
2014-12-17,445,445,445,445,400
2014-12-18,445,445,445,445,300
2014-12-19,445,445,445,445,9700
2014-12-22,440,445,412,412,6400
2014-12-23,412,412,412,412,10000
2014-12-26,403,412,390,390,45900
2014-12-29,390,399,390,399,54600
2014-12-30,399,429,399,429,3100
2014-12-31,461,461,461,461,1500
2015-01-02,496,496,496,496,300
2015-01-05,496,500,496,500,2400
2015-01-06,500,532,500,532,4900
2015-01-07,530,530,530,530,300
2015-01-08,530,530,501,501,2700
2015-01-09,501,501,501,501,2800
2015-01-12,525,525,525,525,100
2015-01-13,525,525,500,525,19200
2015-01-14,500,500,500,500,3500
2015-01-15,500,500,500,500,1500
2015-01-19,500,500,500,500,2100
2015-01-21,500,500,500,500,3800
2015-01-22,500,500,499,499,3700
2015-01-23,499,499,499,499,2500
2015-01-27,499,499,499,499,3000
2015-01-28,490,520,490,520,7500
2015-01-29,500,510,500,510,800
2015-01-30,520,520,520,520,1300
2015-02-02,510,520,510,520,2700
2015-02-03,520,525,520,525,10300
2015-02-06,525,530,525,530,2200
2015-02-11,530,530,530,530,13500
2015-02-12,530,530,530,530,2600
2015-02-13,530,530,501,501,1100
2015-02-16,530,530,530,530,100
2015-02-18,530,530,530,530,1200
2015-02-20,530,530,530,530,400
2015-02-23,560,560,560,560,100
2015-02-25,550,550,530,550,600
2015-02-26,550,550,530,550,4700
2015-02-27,550,550,550,550,400
2015-03-02,550,550,550,550,700
2015-03-03,560,560,560,560,300
2015-03-04,535,535,530,530,20800
2015-03-06,531,531,530,530,22000
2015-03-09,531,531,530,530,1500
2015-03-12,560,560,560,560,2000
2015-03-13,560,560,560,560,4400
2015-03-16,559,559,559,559,300
2015-03-17,560,560,560,560,1000
2015-03-19,570,570,560,560,2400
2015-03-20,600,600,600,600,100
2015-03-23,560,645,560,645,98600
2015-03-24,645,690,645,690,400
2015-03-25,690,740,690,725,70500
2015-03-26,775,775,775,775,12100
2015-03-27,775,833,770,770,3400
2015-03-30,770,820,770,820,6000
2015-03-31,770,770,770,770,3900
2015-04-01,770,820,770,820,13000
2015-04-02,760,810,760,810,85800
2015-04-03,775,775,750,750,27200
2015-04-07,694,694,694,694,500
2015-04-08,700,700,642,642,1300
2015-04-09,594,640,594,640,1000
2015-04-10,592,688,592,688,800
2015-04-13,688,688,688,688,1100
2015-04-15,700,700,700,700,300
2015-04-17,700,700,700,700,4100
2015-04-21,648,648,648,648,5000
2015-04-28,660,660,660,660,700
2015-04-29,690,690,690,690,1200
2015-05-04,742,742,742,742,100
2015-05-05,750,750,687,687,50400
2015-05-06,685,685,685,685,500
2015-05-11,685,685,640,640,51200
2015-05-13,640,640,640,640,1000
2015-05-19,640,640,640,640,27000
2015-05-20,640,640,640,640,400
2015-05-21,640,640,640,640,2400
2015-05-28,653,653,653,653,100
2015-05-29,660,660,660,660,200
2015-06-01,660,660,650,650,104100
2015-06-03,670,670,670,670,500
2015-06-04,670,670,670,670,2500
2015-06-08,675,675,675,675,4800
2015-06-10,720,720,720,720,1800
2015-06-12,675,675,675,675,200
2015-06-23,650,650,650,650,100
2015-06-24,650,650,640,640,400
2015-06-25,645,645,645,645,800
2015-06-26,645,645,645,645,300
2015-06-29,645,645,645,645,49300
2015-06-30,645,645,645,645,100
2015-07-01,650,650,650,650,100
2015-07-16,660,660,660,660,3000
2015-07-20,660,660,660,660,4000
2015-07-27,660,660,660,660,2000
2015-07-31,693,693,693,693,3000
2015-08-03,693,693,693,693,1300
2015-08-10,693,693,693,693,100
2015-08-13,701,701,701,701,20000
2015-08-18,705,705,705,705,1400
2015-08-19,750,750,750,750,300
2015-08-20,725,725,725,725,500
2015-08-21,706,706,700,702,175800
2015-08-24,735,735,735,735,251000
2015-08-25,735,735,735,735,200
2015-08-26,750,750,730,730,100600
2015-08-31,725,725,725,725,200
2015-09-01,730,730,725,725,1200
2015-09-02,730,730,730,730,400
2015-09-08,740,740,740,740,200
2015-09-09,730,730,730,730,2800
2015-09-10,730,750,730,730,1200
2015-09-11,730,730,730,730,2200
2015-09-16,730,730,730,730,200
2015-09-17,720,720,700,700,1000
2015-09-23,720,720,720,720,1000
2015-09-28,730,730,730,730,7000
2015-09-29,730,730,730,730,500
2015-09-30,740,740,730,730,600
2015-10-01,750,750,750,750,500
2015-10-02,740,740,740,740,200
2015-10-06,750,750,750,750,1000
2015-10-08,751,751,751,751,500
2015-10-09,751,751,751,751,800
2015-10-13,807,807,807,807,200
2015-10-14,868,868,868,868,200
2015-10-15,880,880,880,880,400
2015-10-16,880,880,880,880,100
2015-10-19,900,900,900,900,1000
2015-10-22,900,900,900,900,200
2015-10-26,901,901,900,900,13600
2015-10-27,900,900,900,900,2200
2015-10-28,900,900,900,900,600
2015-10-29,900,900,900,900,300
2015-10-30,900,900,900,900,700
2015-11-02,900,900,900,900,100
2015-11-05,905,905,905,905,500
2015-11-09,905,905,905,905,3300
2015-11-10,950,950,906,906,900
2015-11-16,906,910,906,910,2900
2015-11-17,906,906,906,906,100
2015-11-18,906,906,905,905,7800
2015-11-19,905,905,905,905,1000
2015-11-20,900,900,900,900,25500
2015-11-23,851,851,851,851,100
2015-11-25,900,900,900,900,200
2015-11-26,905,905,905,905,600
2015-11-27,905,905,905,905,1100
2015-11-30,905,905,905,905,200
2015-12-01,905,905,905,905,400
2015-12-03,905,905,905,905,400
2015-12-04,905,905,905,905,100
2015-12-07,906,906,906,906,100
2015-12-08,907,910,907,910,1300
2015-12-09,906,906,906,906,300
2015-12-10,906,908,906,908,200
2015-12-11,910,910,910,910,100
2015-12-14,906,910,906,910,500
2015-12-15,907,910,907,910,1200
2015-12-16,905,905,905,905,400
2015-12-18,910,910,910,910,1200
2015-12-21,905,910,905,910,1800
2015-12-23,910,910,910,910,500
2015-12-28,905,905,900,900,200
2015-12-30,850,910,850,910,3800
2016-01-04,910,910,910,910,2200
2016-01-05,910,910,910,910,100
2016-01-06,910,910,910,910,200
2016-01-07,910,910,910,910,100
2016-01-08,900,900,900,900,400
2016-01-11,910,910,910,910,100
2016-01-12,910,910,910,910,100
2016-01-20,910,920,910,920,600
2016-01-21,910,920,910,920,700
2016-01-25,925,925,920,920,300
2016-01-26,925,925,925,925,1000
2016-01-27,930,930,910,910,2500
2016-01-28,910,910,910,910,15000
2016-02-02,910,910,910,910,10500
2016-02-03,910,910,890,890,164000
2016-02-04,910,910,910,910,5000
2016-02-05,910,910,910,910,5000
2016-02-16,910,950,910,950,9700
2016-02-18,950,978,950,978,300
2016-02-19,955,955,955,955,7000
2016-02-23,955,955,955,955,2200
2016-02-24,974,974,974,974,700
2016-02-26,975,975,975,975,5600
2016-02-29,980,980,980,980,19200
2016-03-02,987,987,987,987,1600
2016-03-07,1060,1060,1060,1060,500
2016-03-08,1080,1080,1060,1060,1300
2016-03-09,1060,1140,1060,1140,1100
2016-03-10,1163,1163,1163,1163,200
2016-03-11,1139,1250,1139,1250,2000
2016-03-14,1300,1300,1300,1300,100
2016-03-15,1398,1398,1398,1398,2100
2016-03-16,1502,1502,1502,1502,1700
2016-03-17,1532,1615,1500,1500,39200
2016-03-18,1500,1500,1500,1500,7300
2016-03-21,1500,1500,1500,1500,16800
2016-03-22,1501,1505,1501,1505,1300
2016-03-23,1599,1599,1580,1580,8200
2016-03-24,1580,1600,1580,1600,7300
2016-03-25,1570,1570,1560,1560,1400
2016-03-29,1560,1560,1560,1560,12900
2016-03-31,1560,1560,1560,1560,1000
2016-04-01,1580,1591,1580,1591,12500
2016-04-05,1500,1500,1500,1500,100
2016-04-07,1450,1450,1450,1450,500
2016-04-08,1425,1425,1425,1425,300
2016-04-11,1450,1450,1318,1318,200
2016-04-12,1300,1300,1300,1300,500
2016-04-19,1203,1203,1203,1203,100
2016-04-21,1112,1112,1112,1112,100
2016-04-22,1030,1030,1030,1030,1000
2016-04-25,958,958,958,958,900
2016-04-26,960,1030,960,1020,6100
2016-04-27,1020,1050,1020,1050,500
2016-04-28,1055,1055,1055,1055,500
2016-04-29,1076,1076,1076,1076,4200
2016-05-03,1157,1157,1157,1157,1000
2016-05-04,1110,1110,1110,1110,400
2016-05-06,1110,1120,1110,1120,300
2016-05-09,1150,1150,1150,1150,2500
2016-05-10,1155,1155,1155,1155,2000
2016-05-12,1165,1165,1165,1165,100
2016-05-13,1250,1250,1250,1250,10800
2016-05-17,1344,1344,1344,1344,500
2016-05-18,1440,1445,1440,1445,300
2016-05-19,1450,1450,1450,1450,800
2016-05-20,1430,1430,1430,1430,100
2016-05-23,1390,1390,1350,1350,300
2016-05-25,1350,1350,1350,1350,2000
2016-05-26,1340,1340,1340,1340,500
2016-05-31,1340,1340,1340,1340,500
2016-06-03,1255,1255,1240,1240,1100
2016-06-06,1200,1200,1200,1200,300
2016-06-07,1170,1170,1170,1170,3700
2016-06-08,1170,1170,1170,1170,500
2016-06-09,1150,1150,1150,1150,100
2016-06-10,1130,1150,1130,1150,1200
2016-06-13,1150,1170,1150,1150,10400
2016-06-15,1151,1151,1150,1150,500
2016-06-16,1160,1160,1160,1160,1500
2016-06-17,1170,1170,1170,1170,3500
2016-06-22,1255,1255,1255,1255,100
2016-06-24,1180,1180,1180,1180,200
2016-06-27,1190,1190,1190,1190,200
2016-06-28,1220,1220,1220,1220,1100
2016-06-30,1220,1220,1220,1220,400
2016-07-01,1190,1190,1190,1190,100
2016-07-04,1190,1190,1190,1190,1800
2016-07-05,1190,1190,1190,1190,100
2016-07-07,1180,1180,1151,1152,700
2016-07-08,1152,1152,1152,1152,2600
2016-07-11,1152,1152,1152,1152,1100
2016-07-14,1129,1130,1129,1130,1500
2016-07-15,1130,1130,1130,1130,1000
2016-07-20,1100,1100,1100,1100,1000
2016-07-25,1050,1050,1050,1050,3000
2016-07-26,1050,1050,1050,1050,800
2016-07-27,1050,1050,1050,1050,1000
2016-07-28,1050,1050,1050,1050,1700
2016-08-02,1060,1060,1050,1050,7100
2016-08-03,1050,1050,1050,1050,600
2016-08-09,1100,1100,1050,1050,3500
2016-08-10,1055,1055,1055,1055,100
2016-08-12,1050,1050,1050,1050,100
2016-08-16,1050,1100,1050,1100,1000
2016-08-18,1050,1050,1020,1020,10100
2016-08-22,1005,1005,1000,1000,5000
2016-08-23,1000,1000,1000,1000,200
2016-08-24,1020,1020,1020,1020,3300
2016-08-25,1020,1020,1020,1020,1000
2016-08-30,1030,1030,1030,1030,1700
2016-08-31,1030,1030,1030,1030,1800
2016-09-01,1046,1046,1046,1046,100
2016-09-02,1050,1050,1050,1050,300
2016-09-05,1050,1050,1050,1050,500
2016-09-06,1051,1090,1051,1051,700
2016-09-07,1130,1130,1050,1050,2100
2016-09-08,1051,1051,1051,1051,400
2016-09-09,1060,1060,1060,1060,700
2016-09-13,1060,1060,1050,1050,1000
2016-09-14,1051,1051,1051,1051,100
2016-09-15,1060,1060,1060,1060,500
2016-09-16,1080,1080,1080,1080,400
2016-09-19,1080,1080,1080,1080,100
2016-09-20,1080,1080,1080,1080,2900
2016-09-22,1080,1080,1080,1080,5000
2016-09-23,1080,1080,1060,1060,3400
2016-09-27,1060,1060,1060,1060,1300
2016-09-28,1046,1046,1030,1030,8400
2016-09-29,1000,1000,1000,1000,7900
2016-10-03,1000,1000,1000,1000,11100
2016-10-05,1000,1000,1000,1000,1000
2016-10-06,1000,1000,1000,1000,300
2016-10-10,999,1000,999,1000,1000
2016-10-12,1000,1000,1000,1000,300
2016-10-13,1000,1000,1000,1000,100
2016-10-14,1000,1000,1000,1000,600
2016-10-17,950,950,950,950,300
2016-10-18,925,925,920,920,3200
2016-10-19,900,900,851,851,400
2016-10-21,850,850,850,850,100
2016-10-24,851,851,851,851,300
2016-10-25,851,851,851,851,100
2016-10-26,850,850,787,800,1300
2016-10-31,750,750,750,750,100
2016-11-02,750,750,750,750,700
2016-11-03,749,750,749,750,1100
2016-11-08,740,740,740,740,2000
2016-11-09,694,694,694,694,2100
2016-11-14,690,690,690,690,500
2016-11-16,689,689,676,676,600
2016-11-17,626,626,626,626,4100
2016-11-21,600,600,600,600,300
2016-11-22,600,600,600,600,2800
2016-11-23,610,645,610,645,300
2016-11-24,611,612,597,597,19700
2016-11-25,620,620,620,620,7000
2016-11-28,610,619,610,619,4500
2016-11-29,610,619,610,619,2300
2016-11-30,620,620,620,620,1000
2016-12-01,620,620,619,620,5100
2016-12-02,629,629,629,629,10100
2016-12-05,639,639,639,639,1300
2016-12-07,639,639,639,639,100
2016-12-08,650,650,650,650,200
2016-12-09,650,650,650,650,1800
2016-12-13,650,650,650,650,300
2016-12-14,640,650,640,650,800
2016-12-15,650,650,650,650,100
2016-12-16,650,650,640,640,1000
2016-12-19,650,650,640,640,500
2016-12-20,640,640,640,640,900
2016-12-21,640,640,640,640,200
2016-12-22,650,650,630,630,1300
2016-12-23,630,630,630,630,100
2016-12-27,630,630,625,625,4100
2016-12-29,625,625,620,620,1600
2016-12-30,620,620,620,620,100
2017-01-02,600,600,600,600,100
2017-01-03,600,600,600,600,600
2017-01-04,600,600,600,600,2700
2017-01-10,590,590,590,590,300
2017-01-11,590,590,590,590,1500
2017-01-13,590,590,590,590,400
2017-01-16,590,590,590,590,1700
2017-01-17,590,590,590,590,400
2017-01-19,571,571,570,570,3600
2017-01-20,571,600,571,600,3400
2017-01-23,600,600,590,590,1600
2017-01-24,600,600,580,580,4900
2017-01-25,580,600,570,600,4800
2017-01-26,645,645,645,645,1000
2017-01-27,640,640,640,640,100
2017-01-30,605,605,605,605,700
2017-02-01,605,640,605,640,1000
2017-02-02,640,640,640,640,700
2017-02-03,640,640,640,640,600
2017-02-07,650,650,650,650,1000
2017-02-10,645,645,641,645,2400
2017-02-13,641,641,640,640,4000
2017-02-14,650,650,650,650,1200
2017-02-15,660,660,660,660,800
2017-02-16,660,660,660,660,3000
2017-02-17,660,660,660,660,1200
2017-02-20,650,660,650,660,2200
2017-02-21,690,690,611,611,10500
2017-02-23,610,610,600,600,2400
2017-02-24,617,617,617,617,500
2017-02-27,620,620,617,617,500
2017-02-28,630,663,630,631,1600
2017-03-01,675,675,675,675,500
2017-03-02,631,631,630,630,1800
2017-03-03,635,635,635,635,12900
2017-03-07,640,640,640,640,100
2017-03-08,645,645,645,645,1900
2017-03-09,645,645,635,635,6000
2017-03-10,632,638,632,635,17000
2017-03-15,645,645,640,640,900
2017-03-16,640,640,640,640,300
2017-03-17,635,635,635,635,10000
2017-03-20,635,635,635,635,1300
2017-03-21,635,640,635,640,13600
2017-03-22,635,635,635,635,800
2017-03-23,640,640,640,640,2700
2017-03-24,640,640,640,640,2000
2017-03-27,650,650,640,640,1200
2017-03-28,640,640,640,640,400
2017-03-29,650,650,650,650,1000
2017-03-31,640,650,640,650,600
2017-04-03,650,650,650,650,1500
2017-04-04,650,650,650,650,700
2017-04-06,632,632,632,632,300
2017-04-07,634,634,632,632,3200
2017-04-11,625,625,618,618,2400
2017-04-12,630,630,630,630,4200
2017-04-13,650,650,650,650,2500
2017-04-18,640,640,640,640,2600
2017-04-19,650,650,640,640,6000
2017-04-20,650,650,640,640,700
2017-04-21,640,640,640,640,100
2017-04-24,640,640,640,640,200
2017-04-25,640,640,640,640,10500
2017-04-26,640,675,618,675,8500
2017-04-27,675,675,675,675,300
2017-04-28,675,675,675,675,200
2017-05-02,680,680,680,680,200
2017-05-03,680,680,680,680,900
2017-05-04,680,680,680,680,4000
2017-05-08,680,680,680,680,3600
2017-05-09,680,680,680,680,100
2017-05-10,680,680,680,680,2700
2017-05-12,680,680,680,680,200
2017-05-15,650,650,650,650,600
2017-05-16,650,650,650,650,1400
2017-05-17,650,650,650,650,6000
2017-05-18,650,650,650,650,100
2017-05-19,650,650,650,650,100
2017-05-22,650,650,650,650,800
2017-05-24,650,650,650,650,400
2017-05-26,650,650,613,613,4600
2017-05-29,614,614,614,614,600
2017-05-31,613,614,613,614,2200
2017-06-01,595,595,595,595,4200
2017-06-02,600,600,600,600,2300
2017-06-06,610,610,610,610,500
2017-06-08,564,564,564,564,1600
2017-06-09,565,565,565,565,1100
2017-06-12,570,600,570,570,2600
2017-06-13,570,570,570,570,1400
2017-06-15,580,600,570,600,1400
2017-06-16,570,570,570,570,200
2017-06-20,580,580,580,580,100
2017-06-21,570,570,570,570,6500
2017-06-23,570,570,570,570,1000
2017-06-27,575,575,575,575,300
2017-06-28,575,613,575,613,700
2017-06-29,613,613,613,613,1700
2017-06-30,570,570,570,570,2000
2017-07-04,560,560,560,560,1300
2017-07-05,550,560,550,560,300
2017-07-10,560,560,560,560,200
2017-07-11,560,560,560,560,1600
2017-07-18,550,550,550,550,1800
2017-07-20,530,530,530,530,300
2017-07-21,530,530,530,530,700
2017-07-28,490,490,490,490,500
2017-07-31,478,478,478,478,300
2017-08-02,454,454,454,454,3300
2017-08-03,454,454,454,454,3400
2017-08-09,455,455,455,455,100
2017-08-11,440,440,440,440,500
2017-08-16,407,408,407,408,2500
2017-08-17,400,400,399,399,1200
2017-08-21,400,400,400,400,5000
2017-08-22,399,399,370,370,500
2017-08-23,398,398,398,398,300
2017-08-28,368,368,368,368,400
2017-08-29,348,395,348,395,8900
2017-08-30,400,400,400,400,400
2017-09-05,390,390,380,380,4200
2017-09-06,360,360,360,360,400
2017-09-11,360,360,360,360,300
2017-09-12,350,350,335,350,8400
2017-09-13,350,350,350,350,500
2017-09-14,370,370,370,370,2000
2017-09-15,370,370,360,360,7400
2017-09-18,370,370,370,370,500
2017-09-19,390,390,360,360,4100
2017-09-20,350,350,350,350,300
2017-09-21,350,350,350,350,400
2017-09-25,350,350,350,350,100
2017-09-26,350,350,340,340,10700
2017-09-27,340,340,340,340,4000
2017-09-28,340,360,315,350,8100
2017-09-29,350,350,350,350,200
2017-10-05,350,350,350,350,13800
2017-10-06,340,340,340,340,100
2017-10-09,360,360,360,360,200
2017-10-10,370,370,370,370,200
2017-10-11,370,370,370,370,100
2017-10-13,370,370,350,350,1800
2017-10-17,350,350,350,350,4100
2017-10-18,350,350,350,350,4000
2017-10-20,351,351,351,351,1000
2017-10-24,351,351,350,350,6000
2017-10-27,371,371,371,371,1000
2017-10-31,371,371,371,371,300
2017-11-02,371,371,370,370,12900
2017-11-07,351,351,351,351,600
2017-11-08,351,351,351,351,1800
2017-11-09,351,351,351,351,1400
2017-11-10,355,355,355,355,200
2017-11-16,355,355,355,355,200
2017-11-17,355,355,355,355,200
2017-11-23,382,382,382,382,100
2017-11-24,382,382,382,382,100
2017-11-27,400,400,400,400,200
2017-11-28,370,370,370,370,400
2017-11-30,395,395,395,395,500
2017-12-04,400,400,400,400,400
2017-12-05,395,395,395,395,2300
2017-12-06,395,395,390,390,400
2017-12-07,390,395,390,395,5400
2017-12-08,395,395,395,395,200
2017-12-11,395,395,375,375,1100
2017-12-12,375,375,375,375,3000
2017-12-19,400,400,395,400,4400
2017-12-20,400,400,390,400,2260
2017-12-21,400,430,390,430,94043
2017-12-22,420,420,415,415,3118
2017-12-26,410,410,395,395,1657
2017-12-27,400,415,400,400,307050
2017-12-28,400,400,395,400,2908
2017-12-29,400,400,395,395,6261
2018-01-02,395,400,395,395,2990
2018-01-03,395,395,395,395,343
2018-01-04,420,420,420,420,1377
2018-01-05,420,445,405,445,877
2018-01-08,455,475,450,475,925
2018-01-09,490,505,490,505,1011
2018-01-10,520,540,520,540,1401
2018-01-11,580,580,580,580,1100
2018-01-12,620,620,620,620,3789
2018-01-15,650,665,650,665,1623
2018-01-16,710,710,710,710,5539
2018-01-17,760,760,710,750,13397
2018-01-18,760,760,700,720,10476
2018-01-19,740,740,700,710,1325
2018-01-22,700,700,670,670,1274
2018-01-23,670,670,620,620,793
2018-01-24,605,615,575,600,1446
2018-01-25,605,605,555,555,5195
2018-01-26,595,595,590,590,262
2018-01-29,595,600,550,550,6100
2018-01-30,590,590,540,550,1611
2018-01-31,550,550,510,510,380
2018-02-01,505,545,500,545,181
2018-02-02,545,580,545,580,1358
2018-02-05,600,620,550,580,1993
2018-02-06,595,595,590,590,322
2018-02-07,580,590,550,550,2142
2018-02-08,580,580,580,580,480
2018-02-09,575,580,570,575,7760
2018-02-12,575,575,535,535,951
2018-02-13,570,570,545,570,930
2018-02-14,570,575,565,565,1259
2018-02-15,575,580,550,580,6001
2018-02-16,580,580,575,580,3530
2018-02-19,575,580,550,550,1201
2018-02-20,550,580,535,580,2215
2018-02-21,575,580,570,575,1640
2018-02-22,570,570,565,565,1316
2018-02-23,565,575,565,575,2968
2018-02-26,580,580,580,580,728
2018-02-27,600,600,580,590,721
2018-02-28,600,615,580,615,2919
2018-03-01,615,615,615,615,1756
2018-03-02,610,660,610,660,1733
2018-03-05,650,705,650,660,963
2018-03-06,705,705,615,615,4503
2018-03-07,660,660,660,660,8815
2018-03-08,695,705,660,660,3286
2018-03-09,700,705,660,705,5749
2018-03-12,710,755,710,755,7635
2018-03-13,805,810,805,805,10011
2018-03-14,850,865,780,865,8305
2018-03-15,895,900,810,810,4780
2018-03-16,810,810,795,800,2898
2018-03-19,800,800,770,800,1567
2018-03-20,800,800,785,790,823
2018-03-21,790,790,790,790,190
2018-03-22,780,785,780,780,307
2018-03-23,770,780,735,775,5011
2018-03-26,775,775,720,720,289
2018-03-27,720,720,670,670,1057
2018-03-28,660,720,620,620,2559
2018-03-29,625,625,580,625,20090
2018-03-30,670,670,660,670,4058
2018-04-03,720,720,700,710,2194
2018-04-04,710,720,710,720,4069
2018-04-05,710,750,675,715,6784
2018-04-06,715,750,715,715,8175
2018-04-09,715,745,715,745,2750
2018-04-10,735,745,735,745,2445
2018-04-11,740,745,735,735,838
2018-04-12,700,700,700,700,9491
2018-04-13,700,730,700,700,12034
2018-04-16,740,740,710,740,184
2018-04-17,730,730,700,700,2861
2018-04-18,740,740,650,695,1123
2018-04-19,695,695,650,650,1187
2018-04-20,650,650,650,650,4808
2018-04-23,650,675,650,675,6390
2018-04-24,675,690,675,690,610
2018-04-25,685,690,650,680,223
2018-04-26,680,695,650,685,680
2018-04-27,695,700,695,700,455
2018-04-30,700,700,700,700,437
2018-05-02,700,700,650,650,464
2018-05-03,695,695,695,695,2016
2018-05-04,700,700,695,695,2922
2018-05-07,700,700,700,700,260
2018-05-08,695,695,650,680,1300
2018-05-09,630,680,630,675,1887
2018-05-11,670,670,625,625,165
2018-05-14,670,670,670,670,110
2018-05-15,665,665,620,630,820
2018-05-16,630,665,600,630,3740
2018-05-17,620,630,585,585,605
2018-05-18,600,625,550,555,18869
2018-05-22,555,590,515,590,84
2018-05-23,555,590,555,590,4596
2018-05-24,590,625,550,550,728
2018-05-25,550,590,550,590,2147
2018-05-28,630,630,630,630,10
2018-05-29,590,630,590,625,240
2018-05-30,625,625,590,590,530
2018-05-31,590,590,580,580,622
2018-06-01,590,590,580,580,471
2018-06-04,575,590,575,590,1781
2018-06-05,590,590,550,590,793
2018-06-06,580,580,580,580,180
2018-06-07,580,580,550,550,1449
2018-06-08,550,585,550,585,557
2018-06-12,580,590,580,585,707
2018-06-13,585,590,585,590,1823
2018-06-15,590,590,580,580,1330
2018-06-18,580,580,580,580,438
2018-06-19,580,590,580,590,3388
2018-06-20,600,600,580,590,221
2018-06-21,600,600,600,600,20
2018-06-22,600,600,590,590,985
2018-06-25,600,600,590,590,388
2018-06-26,630,630,630,630,2399
2018-06-27,675,675,675,675,97
2018-06-28,725,725,725,725,4020
2018-06-29,675,750,675,750,26393
2018-07-02,750,795,735,750,2635
2018-07-03,750,770,750,750,5220
2018-07-04,765,765,750,760,2845
2018-07-05,790,790,750,760,652
2018-07-06,755,805,755,785,16504
2018-07-09,790,790,765,765,1985
2018-07-10,765,765,750,750,1645
2018-07-11,740,740,720,720,436
2018-07-12,710,710,700,700,240
2018-07-13,680,680,650,675,1196
2018-07-16,650,705,635,635,3170
2018-07-17,650,675,650,650,78
2018-07-18,695,695,695,695,5
2018-07-19,700,700,700,700,500
2018-07-20,700,705,700,705,577
2018-07-23,705,705,700,700,1025
2018-07-24,700,700,700,700,119
2018-07-25,690,695,690,695,229
2018-07-26,690,695,650,695,1235
2018-07-27,695,710,695,710,2191
2018-07-30,710,710,695,695,529
2018-08-01,700,700,700,700,645
2018-08-02,695,695,695,695,391
2018-08-03,700,700,680,680,623
2018-08-08,680,695,680,690,575
2018-08-09,690,690,680,680,1270
2018-08-10,680,690,630,630,1913
2018-08-13,650,650,620,620,1262
2018-08-14,620,620,620,620,295
2018-08-16,625,625,620,620,555
2018-08-17,630,630,620,620,303
2018-08-20,620,620,610,610,209
2018-08-22,620,620,600,605,1167
2018-08-23,605,605,590,590,153
2018-08-24,590,600,560,560,429
2018-08-27,600,600,565,565,646
2018-08-28,595,600,595,600,7529
2018-08-29,610,630,610,615,921
2018-08-30,620,620,615,615,480
2018-08-31,615,615,610,610,216
2018-09-03,610,610,600,600,1415
2018-09-04,600,600,595,595,1302
2018-09-05,595,600,580,580,2287
2018-09-06,580,580,580,580,368
2018-09-07,565,575,560,575,4795
2018-09-10,575,575,570,570,120
2018-09-11,570,580,570,580,1811
2018-09-12,580,580,575,575,244
2018-09-13,570,580,570,575,791
2018-09-14,575,580,575,580,346
2018-09-17,575,580,570,580,1978
2018-09-18,580,580,580,580,212
2018-09-19,580,585,580,585,59
2018-09-20,590,590,590,590,20
2018-09-21,590,600,590,600,580
2018-09-24,600,600,590,600,2469
2018-09-25,600,600,580,580,1655
2018-09-26,600,600,595,595,2699
2018-09-27,595,600,590,600,1565
2018-09-28,600,600,595,595,3326
2018-10-01,600,600,585,585,2910
2018-10-02,595,600,595,600,875
2018-10-03,600,600,595,600,4284
2018-10-04,590,600,590,600,1043
2018-10-05,595,600,595,600,273
2018-10-08,600,600,580,580,3193
2018-10-09,580,600,575,600,115
2018-10-10,600,600,600,600,100
2018-10-11,600,600,585,600,1701
2018-10-12,600,600,585,600,123
2018-10-16,600,600,585,585,5927
2018-10-17,585,600,585,600,98
2018-10-18,600,600,585,600,7980
2018-10-19,625,625,625,625,10
2018-10-22,615,635,600,600,17274
2018-10-23,605,640,600,640,5506
2018-10-24,600,640,595,640,3300
2018-10-25,640,640,635,635,200
2018-10-26,595,600,595,600,1300
2018-10-29,630,630,630,630,50
2018-10-30,610,630,600,630,2636
2018-10-31,610,630,600,630,3233
2018-11-02,630,630,630,630,464
2018-11-05,630,630,620,620,1031
2018-11-06,605,620,605,620,392
2018-11-07,620,630,620,630,95
2018-11-08,620,620,620,620,110
2018-11-09,620,620,615,620,402
2018-11-12,620,620,610,610,617
2018-11-13,600,600,595,595,779
2018-11-14,590,590,575,575,466
2018-11-16,555,555,545,545,107
2018-11-19,540,545,525,545,1440
2018-11-21,515,515,505,510,1801
2018-11-22,500,500,500,500,3030
2018-11-23,490,500,490,500,402
2018-11-26,500,500,500,500,319
2018-11-27,505,510,475,480,609
2018-11-28,480,480,475,480,305
2018-11-29,480,480,445,445,1400
2018-11-30,445,445,445,445,3443
2018-12-03,445,445,445,445,19
2018-12-06,475,475,475,475,126
2018-12-07,480,510,480,505,900
2018-12-10,505,505,500,500,687
2018-12-11,510,515,500,515,10448
2018-12-12,515,515,500,515,481
2018-12-13,515,550,515,550,1344
2018-12-14,560,590,560,590,2149
2018-12-17,590,610,590,610,2400
2018-12-18,610,610,610,610,655
2018-12-19,605,640,600,640,18200
2018-12-21,635,635,600,635,7009
2018-12-24,635,635,635,635,330
2018-12-26,630,635,625,635,5100
2018-12-27,635,635,600,600,4210
2018-12-28,600,600,600,600,450
2018-12-31,605,640,605,640,1519
2019-01-02,635,635,635,635,470
2019-01-03,595,595,595,595,423
2019-01-04,595,635,595,635,185
2019-01-07,635,635,635,635,20
2019-01-09,610,610,600,600,1599
2019-01-10,600,600,600,600,3
2019-01-11,600,600,600,600,79
2019-01-14,600,600,595,595,818
2019-01-16,590,590,590,590,130
2019-01-17,595,595,550,550,18
2019-01-18,550,550,550,550,35
2019-01-22,550,550,540,540,250
2019-01-23,540,540,500,540,255
2019-01-24,500,500,500,500,743
2019-01-25,500,500,500,500,810
2019-01-28,490,490,490,490,450
2019-01-29,485,485,485,485,50
2019-01-30,450,450,450,450,655
2019-01-31,450,455,445,455,2193
2019-02-01,450,460,450,460,7949
2019-02-04,490,490,490,490,1700
2019-02-05,525,525,525,525,2000
2019-02-06,550,550,550,550,50
2019-02-07,535,580,535,580,2305
2019-02-08,590,615,590,610,8634
2019-02-11,610,610,570,610,1556
2019-02-12,595,595,595,595,15
2019-02-14,590,590,590,590,130
2019-02-15,580,590,580,590,898
2019-02-18,580,580,580,580,900
2019-02-19,580,585,580,580,795
2019-02-20,550,550,550,550,11
2019-02-21,550,550,525,525,257
2019-02-22,525,525,525,525,85
2019-02-25,515,515,515,515,68
2019-02-26,515,530,515,530,30
2019-02-27,540,540,540,540,70
2019-03-01,515,535,515,535,102
2019-03-04,535,535,520,520,376
2019-03-05,520,525,515,515,467
2019-03-06,515,530,515,515,245
2019-03-07,530,530,500,500,2092
2019-03-08,530,530,500,520,305
2019-03-11,520,520,520,520,10
2019-03-12,515,515,515,515,20
2019-03-13,505,520,505,505,392
2019-03-14,505,510,500,500,407
2019-03-15,475,535,470,535,2530
2019-03-18,550,550,510,510,320
2019-03-19,510,510,510,510,200
2019-03-20,510,510,510,510,159
2019-03-21,510,545,510,545,2211
2019-03-22,545,545,545,545,5
2019-03-25,545,545,545,545,150
2019-03-26,545,545,545,545,255
2019-03-27,545,545,545,545,50
2019-03-28,535,535,520,520,850
2019-03-29,540,540,540,540,10
2019-04-01,545,545,530,530,106
2019-04-02,530,530,510,515,924
2019-04-03,510,510,510,510,93
2019-04-04,510,510,510,510,217
2019-04-05,510,530,510,530,535
2019-04-08,530,530,530,530,2900
2019-04-09,530,530,495,510,3609
2019-04-10,510,510,475,510,5440
2019-04-11,510,510,475,500,6006
2019-04-12,470,510,465,510,14065
2019-04-16,510,510,510,510,305
2019-04-17,510,510,505,510,1160
2019-04-18,510,510,510,510,937
2019-04-19,510,510,510,510,850
2019-04-23,520,545,510,545,1006
2019-04-24,545,545,545,545,176
2019-04-25,540,540,540,540,50
2019-04-26,515,540,510,540,3032
2019-04-29,540,545,510,510,1206
2019-04-30,540,540,540,540,5
2019-05-02,510,540,510,540,177
2019-05-03,540,545,540,540,1055
2019-05-06,510,535,510,535,130
2019-05-07,525,525,525,525,816
2019-05-09,520,525,510,510,5096
2019-05-10,525,525,525,525,2
2019-05-13,520,520,515,515,284
2019-05-14,515,525,515,525,567
2019-05-15,545,545,525,525,1152
2019-05-16,525,545,525,545,1658
2019-05-17,550,580,550,580,90
2019-05-20,580,585,580,585,515
2019-05-21,565,575,565,565,40
2019-05-22,545,545,545,545,30
2019-05-23,545,545,540,545,261
2019-05-24,540,545,525,525,462
2019-05-27,525,560,515,560,1766
2019-05-28,575,575,565,565,20
2019-05-29,565,565,560,560,20
2019-05-31,550,550,550,550,3
2019-06-03,540,540,540,540,50
2019-06-06,520,520,520,520,200
2019-06-07,520,520,515,520,626
2019-06-11,530,530,510,520,134
2019-06-12,525,525,520,520,368
2019-06-13,520,520,500,500,2069
2019-06-14,500,500,470,480,2913
2019-06-17,480,485,470,470,5710
2019-06-18,500,500,480,480,3605
2019-06-19,480,485,480,485,105
2019-06-20,490,490,480,480,655
2019-06-21,475,475,475,475,158
2019-06-24,475,475,470,475,992
2019-06-25,475,475,445,445,1601
2019-06-26,445,445,415,415,1360
2019-06-27,445,445,445,445,250
2019-06-28,445,445,445,445,415
2019-07-01,445,445,445,445,272
2019-07-02,445,445,430,430,614
2019-07-03,425,430,415,430,539
2019-07-04,430,430,415,415,1231
2019-07-05,415,415,415,415,429
2019-07-08,415,420,415,420,500
2019-07-09,420,420,400,400,4858
2019-07-10,400,400,400,400,211
2019-07-11,405,430,405,430,1927
2019-07-12,430,430,425,430,1974
2019-07-15,430,430,415,430,590
2019-07-16,430,430,415,415,1000
2019-07-17,430,430,420,420,702
2019-07-18,420,420,420,420,2431
2019-07-19,385,410,385,400,772
2019-07-22,400,400,385,385,876
2019-07-23,385,390,385,390,483
2019-07-24,390,390,390,390,40
2019-07-25,390,395,380,380,1274
2019-07-26,390,390,390,390,35
2019-07-29,390,400,385,400,406
2019-07-30,400,400,400,400,2746
2019-07-31,430,430,430,430,30
2019-08-01,430,460,430,460,90
2019-08-02,475,475,475,475,85
2019-08-05,475,475,475,475,230
2019-08-06,475,505,475,505,534
2019-08-08,500,500,475,475,3664
2019-08-09,475,475,470,470,208
2019-08-13,440,495,440,495,91
2019-08-14,500,500,460,465,30247
2019-08-16,465,495,460,495,987
2019-08-19,490,490,490,490,90
2019-08-20,495,495,455,455,183
2019-08-21,475,475,475,475,2
2019-08-22,475,475,450,470,160
2019-08-23,470,470,470,470,23
2019-08-26,450,455,450,455,74
2019-08-27,430,430,425,430,1148
2019-08-28,460,460,455,455,30
2019-08-29,455,455,455,455,75
2019-08-30,430,435,430,435,445
2019-09-02,445,445,420,420,147
2019-09-03,420,420,410,410,193
2019-09-04,410,410,390,410,1183
2019-09-05,400,400,395,395,606
2019-09-06,400,400,400,400,2229
2019-09-09,420,420,420,420,84
2019-09-10,420,420,420,420,118
2019-09-11,430,445,430,445,300
2019-09-12,420,445,415,445,1370
2019-09-13,445,445,415,445,724
2019-09-16,435,440,435,440,4863
2019-09-17,440,445,410,415,1393
2019-09-18,415,415,415,415,930
2019-09-19,415,415,415,415,2000
2019-09-20,445,445,445,445,40
2019-09-23,415,415,415,415,77
2019-09-24,410,430,400,430,1184
2019-09-26,425,425,400,400,668
2019-09-27,370,400,370,375,320
2019-09-30,400,400,350,395,13254
2019-10-01,395,395,395,395,39
2019-10-02,420,420,420,420,5
2019-10-03,425,425,425,425,67
2019-10-04,420,425,420,425,504
2019-10-07,395,425,395,425,1579
2019-10-08,400,400,400,400,1
2019-10-09,400,400,400,400,40
2019-10-10,400,400,390,390,1016
2019-10-11,390,400,390,400,135
2019-10-14,370,420,370,420,488
2019-10-15,420,420,420,420,75
2019-10-16,425,425,420,420,145
2019-10-18,425,445,425,445,802
2019-10-21,420,420,420,420,108
2019-10-22,415,420,415,420,702
2019-10-23,420,420,420,420,560
2019-10-24,420,420,415,415,200
2019-10-25,420,440,420,440,210
2019-10-28,440,440,440,440,1085
2019-10-29,435,435,435,435,30
2019-10-30,440,440,440,440,5
2019-10-31,440,440,440,440,70
2019-11-04,440,440,425,440,113
2019-11-05,440,440,425,425,16
2019-11-06,430,430,400,400,192
2019-11-08,400,430,400,430,357
2019-11-11,400,400,400,400,135
2019-11-12,400,400,400,400,465
2019-11-13,400,400,400,400,857
2019-11-18,430,430,430,430,23
2019-11-19,430,430,430,430,367
2019-11-21,430,430,430,430,1400
2019-11-22,430,430,430,430,122
2019-11-28,430,430,430,430,2250
2019-12-03,425,425,425,425,1003
2019-12-04,430,430,420,420,499
2019-12-09,420,420,420,420,87
2019-12-10,420,420,415,415,1456
2019-12-11,410,410,410,410,290
2019-12-12,410,410,410,410,1312
2019-12-17,410,410,410,410,30
2019-12-18,410,410,410,410,2175
2019-12-19,410,410,410,410,600
2019-12-24,410,410,405,405,435
2019-12-26,410,410,405,405,2139
2019-12-27,405,410,405,405,776
2019-12-31,405,435,405,435,119895
2020-01-03,435,435,435,435,500
2020-01-06,435,435,415,415,496
2020-01-07,430,430,410,415,1269
2020-01-08,415,415,405,405,750
2020-01-09,400,415,400,415,23343
2020-01-14,430,430,430,430,30148
2020-01-15,435,450,435,450,37
2020-01-16,450,450,450,450,2753
2020-01-17,450,450,450,450,15
2020-01-20,450,480,450,480,440
2020-01-21,480,480,480,480,60
2020-01-22,455,455,455,455,530
2020-01-23,470,470,470,470,2
2020-01-24,470,470,460,460,805
2020-01-27,460,465,460,465,60
2020-01-28,465,465,465,465,15
2020-01-29,465,465,460,460,1010
2020-01-30,460,460,460,460,20
2020-01-31,465,465,465,465,490
2020-02-03,495,495,450,450,1857
2020-02-04,450,450,450,450,1168
2020-02-05,450,450,450,450,500
2020-02-06,450,455,450,455,259
2020-02-07,455,455,450,450,2125
2020-02-10,455,455,450,450,385
2020-02-11,450,480,450,450,38202
2020-02-12,445,445,445,445,400
2020-02-13,445,445,445,445,1000
2020-02-14,450,450,450,450,950
2020-02-17,450,450,450,450,90
2020-02-18,450,450,450,450,2311
2020-02-20,425,450,425,450,3278
2020-02-21,450,450,450,450,3200
2020-02-24,450,450,420,450,2675
2020-02-26,480,480,480,480,1
2020-02-27,480,480,475,475,138
2020-03-02,475,495,475,495,256
2020-03-03,460,485,460,460,7957
2020-03-04,485,485,485,485,505
2020-03-06,485,485,485,485,178
2020-03-09,485,485,450,450,1892
2020-03-10,455,455,455,455,400
2020-03-11,460,460,455,455,700
2020-03-12,460,460,455,455,20000
2020-03-13,465,465,465,465,15
2020-03-16,465,465,465,465,19
2020-03-17,465,465,465,465,76
2020-03-18,465,465,465,465,6
2020-03-19,450,450,450,450,150
2020-03-20,450,450,450,450,53
2020-03-23,460,460,455,455,74
2020-03-24,440,440,435,435,1627
2020-03-25,435,435,435,435,73
2020-03-30,425,425,425,425,285
2020-03-31,425,425,400,400,765
2020-04-01,400,400,400,400,4
2020-04-02,425,425,400,410,5664
2020-04-07,410,410,410,410,4659
2020-04-09,410,410,410,410,32
2020-04-14,405,405,405,405,10
2020-04-17,395,395,395,395,180
2020-04-21,395,395,395,395,170
2020-04-22,400,400,395,395,110
2020-04-23,395,400,395,400,1927
2020-04-24,410,410,400,400,3070
2020-04-27,400,400,400,400,5
2020-04-28,400,400,370,370,1520
2020-04-30,390,390,390,390,1500
2020-05-04,400,400,385,385,206
2020-05-06,385,385,385,385,11
2020-05-07,375,375,375,375,475
2020-05-08,375,375,365,365,2020
2020-05-11,350,350,350,350,300
2020-05-12,350,350,340,340,808
2020-05-14,340,340,340,340,11495
2020-05-15,365,365,365,365,100
2020-05-18,365,375,365,375,1162
2020-05-19,370,370,370,370,8
2020-05-22,375,375,370,370,35
2020-05-25,370,370,370,370,118
2020-05-26,365,365,350,350,1459
2020-05-27,370,370,370,370,230
2020-05-28,380,390,380,390,150
2020-05-29,390,410,390,410,25
2020-06-02,400,400,390,390,672
2020-06-03,375,375,370,370,819
2020-06-04,375,375,375,375,161
2020-06-05,370,390,365,390,218
2020-06-08,365,390,365,390,339
2020-06-10,395,410,395,410,36
2020-06-11,400,400,400,400,100
2020-06-12,395,410,395,410,679
2020-06-15,410,410,410,410,123
2020-06-16,380,430,380,430,201
2020-06-17,425,445,425,440,400
2020-06-18,440,440,430,430,105
2020-06-19,430,430,425,430,280
2020-06-22,430,430,430,430,30
2020-06-23,420,420,415,420,300
2020-06-24,420,425,420,425,2129
2020-06-25,430,430,430,430,186
2020-06-26,430,435,430,435,650
2020-06-29,435,455,435,455,7180
2020-06-30,485,485,450,485,21454
2020-07-01,470,480,470,480,24
2020-07-02,480,480,455,455,145858
2020-07-03,480,480,475,475,55
2020-07-06,470,470,465,465,702
2020-07-07,470,470,470,470,70
2020-07-09,470,470,445,450,673
2020-07-10,440,440,430,430,664
2020-07-13,425,425,425,425,10560
2020-07-14,420,420,420,420,3865
2020-07-15,420,420,390,390,910
2020-07-16,390,390,390,390,244
2020-07-17,395,395,395,395,3
2020-07-20,400,400,390,390,145
2020-07-21,390,390,390,390,12
2020-07-22,390,390,390,390,28
2020-07-24,390,390,390,390,10
2020-07-28,390,390,380,380,65
2020-07-29,385,390,380,390,5441
2020-08-03,390,390,390,390,4
2020-08-04,390,390,390,390,3
2020-08-05,390,390,390,390,10
2020-08-06,390,390,390,390,155
2020-08-10,390,390,370,370,1052
2020-08-11,370,370,370,370,1111
2020-08-12,370,385,370,385,535
2020-08-13,390,390,390,390,9
2020-08-14,395,400,390,400,18
2020-08-17,390,390,370,370,5186
2020-08-20,380,385,380,385,554
2020-08-21,360,360,360,360,1
2020-08-24,365,365,360,360,273320
2020-08-25,365,365,360,365,645
2020-08-26,365,390,365,390,480
2020-08-27,370,370,370,370,134
2020-08-28,370,380,370,380,203
2020-09-01,380,390,380,390,45
2020-09-03,390,390,390,390,137
2020-09-04,365,365,365,365,200
2020-09-07,360,370,360,370,1387
2020-09-08,365,365,360,360,1382
2020-09-09,365,365,365,365,118
2020-09-10,360,360,360,360,2
2020-09-11,365,365,365,365,7
2020-09-14,360,365,360,360,27
2020-09-15,360,360,360,360,27
2020-09-16,365,365,350,350,191
2020-09-17,355,355,355,355,100
2020-09-18,350,350,340,340,400
2020-09-21,340,340,340,340,338
2020-09-22,340,340,340,340,45
2020-09-23,340,340,340,340,857
2020-09-30,365,365,365,365,15
2020-10-01,365,365,350,350,200
2020-10-02,340,340,340,340,2660
2020-10-05,365,365,365,365,5
2020-10-06,350,360,350,360,101
2020-10-07,360,360,360,360,26
2020-10-08,360,360,360,360,1100
2020-10-14,360,360,360,360,105
2020-10-15,360,360,360,360,77
2020-10-16,360,360,360,360,9
2020-10-19,360,365,360,365,83
2020-10-20,365,365,365,365,20
2020-10-21,365,365,365,365,120
2020-10-22,365,365,365,365,33
2020-10-23,365,365,365,365,150
2020-10-27,360,360,360,360,358
2020-10-28,360,360,350,350,500
2020-10-30,350,350,350,350,12
2020-11-02,345,350,345,350,293
2020-11-03,350,350,350,350,69
2020-11-04,350,350,350,350,120
2020-11-06,350,350,340,340,1528
2020-11-09,340,340,330,335,1770
2020-11-10,335,335,335,335,55
2020-11-11,335,350,335,350,470
2020-11-12,350,350,350,350,23216
2020-11-16,350,370,350,370,71
2020-11-17,370,375,370,375,538
2020-11-18,375,380,375,380,200
2020-11-19,380,380,380,380,20
2020-11-20,380,380,380,380,5
2020-11-23,375,400,375,400,152232
2020-11-24,370,370,370,370,10
2020-11-25,370,370,370,370,400
2020-11-26,390,390,390,390,40
2020-11-27,370,370,370,370,20
2020-12-02,370,370,350,350,1652
2020-12-03,370,370,370,370,190
2020-12-04,375,375,350,350,47
2020-12-07,360,360,360,360,50
2020-12-08,360,385,360,385,173
2020-12-09,385,385,385,385,130
2020-12-14,360,385,360,385,9
2020-12-15,360,380,360,380,381
2020-12-16,360,360,360,360,450
2020-12-17,350,385,350,385,1891
2020-12-18,385,385,385,385,17
2020-12-21,385,385,385,385,100
2020-12-22,380,380,380,380,285
2020-12-23,360,380,360,380,20642
2020-12-24,380,380,380,380,14
2020-12-28,380,380,375,375,220
2020-12-29,360,375,360,360,510
2020-12-31,360,360,360,360,799
2021-01-04,360,375,360,375,416
2021-01-05,375,375,360,360,485
2021-01-06,360,360,360,360,150
2021-01-07,365,365,360,360,2354
2021-01-08,360,365,350,360,4928
2021-01-11,360,360,350,350,1283
2021-01-12,360,365,360,365,7570
2021-01-13,375,375,375,375,3061
2021-01-14,390,390,380,390,30960
2021-01-15,390,390,375,375,157
2021-01-18,375,375,375,375,15
2021-01-19,395,395,395,395,360
2021-01-20,400,400,375,375,1145
2021-01-21,395,395,395,395,200
2021-01-22,375,395,370,395,23
2021-01-25,395,400,395,400,2704
2021-01-26,400,400,400,400,150
2021-01-27,370,400,370,400,35137
2021-01-28,400,415,400,415,5663
2021-01-29,400,435,400,435,455
2021-02-01,415,465,415,465,2108
2021-02-02,450,450,445,445,462
2021-02-03,445,475,435,475,3333
2021-02-04,470,475,470,475,5850
2021-02-05,475,475,475,475,1056
2021-02-08,440,500,440,500,73825
2021-02-09,475,475,465,470,778
2021-02-10,470,470,435,435,60
2021-02-11,440,440,435,435,195
2021-02-15,405,405,405,405,181
2021-02-16,400,400,395,395,193
2021-02-17,395,395,395,395,65
2021-02-18,380,380,375,380,5630
2021-02-19,365,375,365,375,170
2021-02-22,370,370,370,370,658
2021-02-23,365,370,360,365,4595
2021-02-24,365,370,365,370,561
2021-02-25,370,370,365,370,943
2021-02-26,370,395,370,395,110
2021-03-02,390,390,390,390,500
2021-03-03,400,405,400,405,324
2021-03-04,405,405,400,400,576
2021-03-08,395,395,395,395,115
2021-03-09,395,395,395,395,20
2021-03-10,400,400,400,400,50
2021-03-11,400,400,400,400,122
2021-03-12,400,400,385,400,2524
2021-03-15,390,390,390,390,4
2021-03-16,405,405,400,400,265
2021-03-17,400,400,390,390,131
2021-03-18,390,390,385,390,692
2021-03-23,390,390,390,390,376
2021-03-24,400,400,385,400,3489
2021-03-25,400,400,400,400,52
2021-03-26,400,430,400,430,273
2021-03-29,420,420,420,420,5
2021-03-30,420,420,420,420,5
2021-03-31,420,420,420,420,50
2021-04-01,410,415,410,415,545
2021-04-02,415,415,415,415,155
2021-04-06,415,415,415,415,305
2021-04-07,410,410,410,410,205
2021-04-08,390,410,390,410,160
2021-04-09,390,410,390,410,87
2021-04-12,415,415,415,415,500
2021-04-13,410,430,410,430,1030
2021-04-14,430,430,430,430,3
2021-04-15,430,430,405,410,1088
2021-04-20,425,430,425,430,1840
2021-04-21,415,415,415,415,100
2021-04-22,430,435,430,435,2265
2021-04-23,435,435,435,435,150
2021-04-26,435,435,435,435,473
2021-04-27,430,435,430,430,497
2021-04-28,435,435,430,430,359
2021-04-29,435,435,435,435,250
2021-05-03,410,435,410,435,91
2021-05-04,415,415,415,415,20
2021-05-06,430,430,430,430,50
2021-05-07,435,440,435,440,2119
2021-05-10,435,440,435,440,291
2021-05-14,440,440,440,440,2
2021-05-17,435,435,435,435,1959
2021-05-18,430,435,430,430,144
2021-05-19,430,430,420,425,118
2021-05-20,435,435,435,435,7
2021-05-21,435,435,425,430,194
2021-05-25,440,440,400,400,2965
2021-05-26,400,430,400,430,2710
2021-05-27,430,430,430,430,20
2021-05-28,430,460,430,460,920
2021-05-31,490,490,460,490,2424
2021-06-01,490,490,485,485,1826
2021-06-02,490,500,490,500,2564
2021-06-03,500,535,465,535,4321
2021-06-04,575,575,575,575,1548
2021-06-07,600,615,600,615,1625
2021-06-08,660,660,660,660,2981
2021-06-09,705,705,705,705,4011
2021-06-10,755,755,755,755,3173
2021-06-11,810,810,810,810,4731
2021-06-14,820,850,750,750,5674
2021-06-15,725,805,705,720,10824
2021-06-16,715,725,700,720,34461
2021-06-17,700,700,680,700,10543
2021-06-18,700,700,660,660,11146
2021-06-21,670,670,650,650,762
2021-06-22,650,650,605,605,6458
2021-06-23,605,605,600,605,4626
2021-06-24,575,650,560,650,2454
2021-06-25,645,645,640,645,221
2021-06-28,640,645,640,640,660
2021-06-29,610,645,610,610,7154
2021-06-30,610,630,605,610,6242
2021-07-01,625,625,610,620,2945
2021-07-02,630,640,625,640,321
2021-07-05,685,685,685,685,48
2021-07-06,650,650,645,645,1832
2021-07-07,650,650,640,650,1518
2021-07-08,650,650,640,645,105
2021-07-09,640,645,640,640,770
2021-07-12,645,650,645,645,1605
2021-07-13,650,650,645,650,2251
2021-07-14,655,680,655,680,7285
2021-07-15,660,670,655,670,726
2021-07-16,670,675,655,675,128
2021-07-19,675,675,655,655,119
2021-07-21,660,665,655,665,238
2021-07-22,655,675,655,660,1118
2021-07-23,660,675,660,675,1029
2021-07-26,660,725,660,725,4442
2021-07-27,725,725,725,725,646
2021-07-28,675,725,675,725,1954
2021-07-29,720,725,720,725,200
2021-07-30,680,720,680,720,1316
2021-08-02,720,725,720,720,326
2021-08-03,700,720,700,720,202
2021-08-04,715,720,700,715,1430
2021-08-05,715,720,705,720,791
2021-08-06,750,770,720,760,2000
2021-08-09,760,760,720,760,971
2021-08-10,755,760,725,760,460
2021-08-11,760,775,760,775,1132
2021-08-12,770,800,720,800,12879
2021-08-13,800,850,800,835,3302
2021-08-16,800,800,775,795,2220
2021-08-17,795,795,795,795,140
2021-08-18,775,825,775,825,1348
2021-08-19,820,820,800,805,382
2021-08-20,800,825,775,800,1656
2021-08-23,825,835,825,825,1832
2021-08-24,810,825,810,820,952
2021-08-25,820,820,800,800,13670
2021-08-26,800,800,780,800,379
2021-08-27,800,800,800,800,285
2021-08-30,800,825,800,825,700
2021-08-31,815,815,805,815,221
2021-09-01,820,820,815,820,1620
2021-09-02,815,835,805,835,3880
2021-09-03,825,825,805,805,600
2021-09-06,810,820,800,800,1520
2021-09-07,805,830,800,830,7181
2021-09-08,800,830,800,830,10302
2021-09-09,830,850,830,830,699
2021-09-10,830,830,810,830,2153
2021-09-13,850,850,835,850,470
2021-09-14,850,850,840,850,375
2021-09-15,820,835,820,820,4556
2021-09-16,850,850,850,850,280
2021-09-17,835,860,835,850,2530
2021-09-20,850,850,820,850,37755
2021-09-21,820,910,820,850,8646
2021-09-22,830,850,830,835,5372
2021-09-23,850,850,835,840,2951
2021-09-24,840,845,835,840,1660
2021-09-27,840,850,840,850,5255
2021-09-28,840,850,840,850,3476
2021-09-29,850,850,840,840,1346
2021-09-30,850,850,840,840,800
2021-10-01,845,850,845,850,186
2021-10-04,850,850,850,850,1521
2021-10-05,850,850,850,850,120
2021-10-06,850,850,850,850,253
2021-10-07,850,850,840,840,1842
2021-10-08,840,850,840,850,385
2021-10-11,850,910,840,910,5312
2021-10-12,910,975,910,970,1413
2021-10-13,950,1040,950,1040,2064
2021-10-14,1005,1030,1005,1030,1225
2021-10-15,1030,1105,1000,1105,3640
2021-10-19,1105,1105,1025,1025,516
2021-10-20,1025,1100,1000,1100,1078
2021-10-21,1100,1100,1090,1090,331
2021-10-22,1090,1090,1050,1050,970
2021-10-25,1050,1050,1000,1045,142
2021-10-26,1045,1050,990,1040,15065
2021-10-27,1030,1030,1025,1025,580
2021-10-28,1025,1040,1015,1040,2121
2021-10-29,1045,1115,1040,1115,4835
2021-11-03,1215,1215,1140,1200,1525
2021-11-04,1250,1290,1120,1200,2842
2021-11-05,1150,1190,1110,1150,15946
2021-11-08,1150,1150,1100,1100,2485
2021-11-09,1115,1115,1020,1020,842
2021-11-10,1000,1095,1000,1095,2883
2021-11-11,1100,1150,1095,1150,4325
2021-11-12,1105,1235,1105,1235,17954
2021-11-16,1240,1320,1240,1305,1520
2021-11-17,1315,1400,1300,1400,3256
2021-11-18,1450,1450,1295,1295,6110
2021-11-19,1295,1350,1205,1300,8853
2021-11-22,1300,1300,1210,1215,503
2021-11-23,1290,1295,1210,1290,491
2021-11-24,1290,1290,1220,1290,1523
2021-11-25,1285,1350,1285,1350,3070
2021-11-26,1340,1340,1300,1300,1017
2021-11-29,1305,1350,1300,1300,1351
2021-11-30,1345,1395,1315,1395,1376
2021-12-01,1310,1390,1300,1300,1524
2021-12-02,1390,1390,1315,1375,24
2021-12-03,1390,1395,1350,1375,33
2021-12-06,1350,1375,1310,1350,639
2021-12-07,1350,1350,1300,1345,30351
2021-12-08,1260,1345,1260,1325,1895
2021-12-09,1325,1325,1325,1325,51
2021-12-10,1325,1325,1250,1325,4415
2021-12-13,1325,1330,1295,1295,625
2021-12-14,1295,1295,1250,1295,120
2021-12-15,1290,1295,1290,1295,892
2021-12-16,1290,1290,1250,1285,3331
2021-12-17,1250,1285,1200,1285,13021
2021-12-20,1250,1255,1205,1255,1465
2021-12-21,1245,1285,1200,1215,711
2021-12-22,1215,1245,1215,1245,370
2021-12-23,1245,1260,1245,1260,2839
2021-12-24,1260,1260,1215,1215,325
2021-12-27,1260,1270,1205,1270,284
2021-12-28,1250,1250,1205,1250,444
2021-12-29,1200,1250,1200,1250,82
2021-12-30,1250,1250,1190,1245,409
2021-12-31,1245,1250,1190,1190,71
2022-01-03,1190,1190,1105,1105,3140
2022-01-04,1115,1185,1115,1185,274
2022-01-05,1190,1190,1130,1190,540
2022-01-06,1190,1250,1190,1250,1160
2022-01-07,1250,1250,1240,1240,709
2022-01-10,1150,1200,1150,1200,369
2022-01-11,1130,1200,1130,1200,31
2022-01-12,1200,1200,1200,1200,15
2022-01-13,1200,1200,1135,1200,261
2022-01-14,1200,1230,1200,1230,1187
2022-01-17,1205,1230,1205,1230,145
2022-01-18,1235,1235,1200,1235,2453
2022-01-19,1235,1235,1235,1235,4
2022-01-20,1235,1235,1235,1235,150
2022-01-21,1200,1230,1200,1230,110
2022-01-24,1200,1200,1140,1140,5181
2022-01-25,1120,1200,1120,1120,2387
2022-01-26,1125,1125,1125,1125,78
2022-01-27,1120,1200,1120,1200,1200
2022-01-28,1130,1250,1130,1250,757
2022-01-31,1245,1250,1245,1250,282
2022-02-01,1220,1220,1200,1200,564
2022-02-02,1200,1220,1200,1205,125
2022-02-03,1200,1200,1165,1165,831
2022-02-04,1150,1165,1150,1150,432
2022-02-07,1155,1165,1155,1165,51
2022-02-08,1155,1200,1155,1200,312
2022-02-09,1160,1195,1145,1155,810
2022-02-10,1160,1160,1120,1155,2072
2022-02-11,1125,1160,1120,1155,1572
2022-02-14,1155,1195,1155,1195,1831
2022-02-15,1195,1195,1160,1195,1118
2022-02-16,1160,1190,1150,1190,852
2022-02-17,1185,1185,1130,1160,2847
2022-02-18,1160,1160,1125,1155,1079
2022-02-21,1150,1160,1150,1160,2336
2022-02-22,1150,1185,1150,1160,3686
2022-02-23,1160,1200,1160,1200,198
2022-02-24,1170,1200,1160,1200,1700
2022-02-25,1200,1265,1200,1215,2189
2022-02-28,1255,1255,1165,1165,4190
2022-03-01,1200,1215,1200,1200,1300
2022-03-02,1165,1200,1165,1200,351
2022-03-03,1175,1200,1175,1200,1126
2022-03-04,1200,1200,1195,1200,283
2022-03-07,1170,1200,1170,1200,748
2022-03-08,1180,1180,1170,1180,970
2022-03-09,1170,1170,1160,1170,380
2022-03-10,1160,1170,1160,1170,1538
2022-03-11,1175,1180,1175,1180,395
2022-03-14,1175,1200,1160,1165,985
2022-03-15,1165,1165,1165,1165,177
2022-03-16,1175,1175,1170,1170,1179
2022-03-17,1165,1175,1165,1175,863
2022-03-18,1170,1170,1160,1160,196
2022-03-21,1160,1175,1160,1175,535
2022-03-22,1175,1200,1175,1195,1095
2022-03-23,1195,1195,1190,1190,12
2022-03-24,1195,1195,1185,1185,462
2022-03-25,1180,1190,1180,1190,1530
2022-03-28,1195,1195,1190,1195,1281
2022-03-29,1195,1195,1190,1190,8
2022-03-30,1190,1190,1150,1150,411
2022-03-31,1150,1155,1150,1150,194
2022-04-01,1120,1150,1120,1145,1265
2022-04-04,1145,1145,1120,1140,1320
2022-04-05,1140,1140,1120,1120,1644
2022-04-06,1140,1140,1120,1140,937
2022-04-07,1135,1135,1135,1135,234
2022-04-08,1135,1135,1135,1135,223
2022-04-11,1135,1140,1110,1140,1007
2022-04-12,1060,1150,1055,1150,1966
2022-04-13,1150,1150,1140,1150,409
2022-04-14,1150,1150,1065,1070,1773
2022-04-15,1075,1080,1070,1080,239
2022-04-19,1070,1080,1060,1060,839
2022-04-20,1070,1070,1060,1060,449
2022-04-21,1060,1060,1060,1060,422
2022-04-22,1060,1060,1060,1060,2188
2022-04-25,1060,1080,1060,1080,14744
2022-04-26,1085,1085,1085,1085,186
2022-04-27,1150,1150,1145,1145,730
2022-04-29,1145,1145,1085,1145,3927
2022-05-03,1145,1145,1100,1145,187
2022-05-04,1080,1120,1080,1100,2331
2022-05-05,1100,1140,1080,1080,37125
2022-05-06,1100,1140,1080,1080,160
2022-05-09,1135,1135,1055,1055,260
2022-05-10,1055,1055,1050,1055,823
2022-05-11,1050,1050,1050,1050,500
2022-05-13,1050,1050,1005,1005,1350
2022-05-16,1005,1045,1005,1005,175
2022-05-17,1000,1000,930,930,435
2022-05-18,930,930,865,865,2998
2022-05-19,860,865,805,860,1640
2022-05-20,860,865,850,865,1553
2022-05-23,865,865,850,865,155
2022-05-24,860,860,850,860,569
2022-05-25,850,850,850,850,257
2022-05-27,790,810,790,800,1117
2022-05-30,805,850,800,850,769
2022-05-31,850,850,845,850,301
2022-06-01,850,850,800,800,3284
2022-06-02,800,800,740,795,2053
2022-06-03,740,800,740,800,2999
2022-06-07,790,800,790,790,2334
2022-06-08,800,800,735,800,53787
2022-06-09,850,850,835,850,2182
2022-06-10,850,910,850,910,5000
2022-06-13,910,965,910,965,677
2022-06-14,980,980,930,955,700
2022-06-15,950,955,900,950,1592
2022-06-16,920,920,905,910,1229
2022-06-17,910,910,910,910,704
2022-06-20,900,900,900,900,1680
2022-06-21,910,910,865,865,1360
2022-06-22,900,900,865,900,22
2022-06-23,895,895,885,885,1374
2022-06-24,890,890,875,875,3294
2022-06-27,870,900,870,890,1616
2022-06-28,895,895,880,880,3008
2022-06-29,900,900,860,870,4004
2022-06-30,870,880,855,880,1130
2022-07-01,870,870,850,865,2868
2022-07-04,850,850,850,850,323
2022-07-05,810,850,805,850,1120
2022-07-06,870,870,850,850,3187
2022-07-07,860,865,850,860,26881
2022-07-08,865,865,850,850,465
2022-07-11,850,865,850,850,342
2022-07-12,865,865,865,865,20
2022-07-13,865,865,850,850,869
2022-07-14,870,870,860,870,2967
2022-07-15,870,870,860,870,1665
2022-07-18,860,870,860,870,1293
2022-07-19,865,865,855,865,2574
2022-07-20,865,870,865,870,697
2022-07-21,870,870,865,870,723
2022-07-22,870,870,865,870,658
2022-07-25,870,870,865,870,7401
2022-07-26,870,870,865,870,4900
2022-07-27,870,870,855,855,957
2022-07-28,855,870,855,870,3164
2022-07-29,865,865,820,850,841
2022-08-01,850,850,845,850,852
2022-08-02,850,850,835,835,324
2022-08-03,835,835,830,830,410
2022-08-04,835,850,830,850,734
2022-08-05,850,850,830,830,1404
2022-08-09,835,845,830,845,37395
2022-08-10,845,845,835,840,1268
2022-08-11,840,860,840,840,3647
2022-08-12,850,850,850,850,54
2022-08-16,840,850,840,845,1576
2022-08-17,845,845,845,845,643
2022-08-18,845,845,845,845,683
2022-08-19,835,845,835,840,286
2022-08-22,850,850,850,850,563
2022-08-23,845,850,845,850,328
2022-08-24,850,850,845,850,234
2022-08-25,840,845,840,840,1774
2022-08-26,830,845,830,845,205
2022-08-29,840,840,840,840,300
2022-08-30,840,850,840,850,1017
2022-08-31,850,850,850,850,2249
2022-09-01,845,850,845,845,320
2022-09-02,840,850,830,850,2935
2022-09-05,850,870,850,870,2200
2022-09-06,855,870,850,870,261
2022-09-07,870,900,860,900,622
2022-09-08,885,900,860,860,77
2022-09-09,900,900,895,895,24
2022-09-12,895,895,855,895,461
2022-09-13,885,895,885,895,720
2022-09-14,900,900,870,870,500
2022-09-15,845,900,845,900,1287
2022-09-16,845,900,845,895,250
2022-09-19,880,880,875,880,95
2022-09-20,880,880,850,860,1178
2022-09-21,855,860,850,860,602
2022-09-22,850,895,850,895,189
2022-09-23,860,860,830,830,1194
2022-09-26,830,875,820,845,833
2022-09-27,845,890,825,890,1443
2022-09-28,890,890,850,850,85
2022-09-29,845,890,845,850,952
2022-09-30,850,850,850,850,68
2022-10-03,850,890,830,830,1127
2022-10-04,830,890,830,830,1740
2022-10-05,830,850,830,850,119
2022-10-06,850,850,825,825,67
2022-10-07,850,850,850,850,2251
2022-10-10,850,850,805,805,1690
2022-10-11,815,855,815,855,4775
2022-10-12,875,900,875,895,1380
2022-10-13,950,960,925,960,622
2022-10-14,985,985,950,950,307
2022-10-17,925,925,925,925,488
2022-10-18,925,925,900,900,1886
2022-10-19,935,945,900,900,936
2022-10-20,920,965,920,965,2430
2022-10-21,965,965,960,960,158
2022-10-24,980,980,890,890,1332
2022-10-25,890,955,890,895,739
2022-10-26,895,900,895,895,130
2022-10-27,925,925,925,925,16
2022-10-28,990,990,925,925,2048
2022-11-02,925,925,915,920,421
2022-11-03,910,920,905,920,421
2022-11-04,905,910,905,910,1325
2022-11-07,905,915,905,905,2013
2022-11-08,905,910,905,910,727
2022-11-10,910,910,910,910,85
2022-11-11,915,915,915,915,2555
2022-11-14,920,920,920,920,25
2022-11-16,920,920,920,920,2238
2022-11-17,920,925,920,920,992
2022-11-18,925,925,925,925,1134
2022-11-21,925,925,925,925,30
2022-11-22,925,925,925,925,2200
2022-11-23,925,925,925,925,50
2022-11-24,930,960,925,960,1540
2022-11-25,925,950,925,950,494
2022-11-28,925,925,925,925,500
2022-11-29,925,925,915,915,8575
2022-11-30,920,920,915,915,300
2022-12-01,945,945,945,945,4199
2022-12-02,925,925,925,925,4900
2022-12-05,945,945,930,930,445
2022-12-06,925,925,915,915,2058
2022-12-07,920,920,920,920,109
2022-12-08,920,925,920,925,200
2022-12-09,945,945,925,925,1757
2022-12-12,925,930,925,930,105
2022-12-13,925,925,915,915,10575
2022-12-14,920,950,915,920,1499
2022-12-15,950,985,950,950,1510
2022-12-16,950,990,915,915,96
2022-12-19,975,980,915,915,1689
2022-12-20,950,950,925,925,230
2022-12-21,930,930,930,930,501
2022-12-22,935,935,930,930,50
2022-12-23,930,950,930,930,80
2022-12-27,930,930,930,930,6
2022-12-28,950,950,930,930,34
2022-12-29,930,930,930,930,1037
2022-12-30,930,940,930,930,506
2023-01-02,925,955,925,925,1273
2023-01-03,955,955,900,900,12578
2023-01-04,900,900,900,900,71
2023-01-05,900,920,900,920,90
2023-01-06,920,920,920,920,75
2023-01-09,915,915,915,915,149
2023-01-10,850,850,850,850,74
2023-01-11,850,900,850,900,5201
2023-01-12,900,900,900,900,327
2023-01-13,885,885,880,880,579
2023-01-16,850,900,850,900,1511
2023-01-17,880,880,850,850,2080
2023-01-18,845,845,845,845,867
2023-01-19,845,845,785,785,1536
2023-01-20,770,785,730,775,2524
2023-01-23,720,750,720,750,2684
2023-01-24,750,750,730,750,1050
2023-01-25,750,785,740,785,4904
2023-01-26,785,785,785,785,110
2023-01-27,785,785,750,785,487
2023-01-30,785,785,780,780,180
2023-01-31,785,785,770,770,1039
2023-02-01,770,780,730,740,1304
2023-02-02,755,770,750,750,500
2023-02-03,800,800,800,800,900
2023-02-06,800,800,800,800,200
2023-02-07,830,850,830,850,120
2023-02-08,895,910,800,910,4162
2023-02-09,910,910,900,900,64
2023-02-13,910,910,850,885,502
2023-02-15,860,865,860,865,170
2023-02-16,865,900,860,900,12362
2023-02-17,900,915,860,900,765
2023-02-20,900,900,900,900,108
2023-02-21,900,900,860,860,340
2023-02-22,860,860,860,860,33
2023-02-23,860,860,860,860,19
2023-02-24,860,860,860,860,311
2023-02-27,850,860,800,825,712
2023-02-28,770,845,770,845,299
2023-03-01,845,845,840,840,251
2023-03-02,845,845,845,845,244
2023-03-03,835,835,835,835,149
2023-03-06,775,845,775,845,614
2023-03-07,845,845,840,840,21
2023-03-08,840,840,840,840,35
2023-03-09,840,840,840,840,2
2023-03-10,845,850,845,850,4813
2023-03-13,855,855,840,850,270
2023-03-14,850,855,850,855,3884
2023-03-15,855,855,845,845,3660
2023-03-16,855,860,855,860,2486
2023-03-17,845,880,845,845,1340
2023-03-20,850,850,845,845,1273
2023-03-21,845,845,845,845,10
2023-03-22,840,840,785,835,200
2023-03-23,840,840,840,840,60
2023-03-24,840,840,840,840,75
2023-03-27,840,840,805,805,232
2023-03-28,835,835,805,805,250
2023-03-29,805,805,805,805,505
2023-03-30,820,820,820,820,117
2023-03-31,820,820,805,805,636
2023-04-03,780,800,780,780,171
2023-04-04,820,820,780,815,2352
2023-04-05,815,815,780,780,331
2023-04-06,780,780,780,780,380
2023-04-11,780,820,750,820,661
2023-04-12,815,815,815,815,282
2023-04-13,815,815,815,815,7
2023-04-14,815,815,815,815,122
2023-04-17,810,810,805,805,130
2023-04-19,805,805,800,800,724
2023-04-20,800,800,740,740,2815
2023-04-24,740,740,740,740,132
2023-04-25,750,750,750,750,2095
2023-04-26,805,805,770,785,630
2023-04-27,780,800,730,800,1698
2023-04-28,800,800,785,785,237
2023-05-02,730,735,730,730,536
2023-05-04,730,730,730,730,381
2023-05-05,730,735,730,735,459
2023-05-08,785,790,785,790,350
2023-05-09,780,790,780,790,960
2023-05-10,785,785,780,785,934
2023-05-11,785,785,780,780,414
2023-05-12,780,780,780,780,46
2023-05-15,785,785,780,780,226
2023-05-16,780,785,780,785,140
2023-05-17,785,785,775,775,337
2023-05-19,775,775,765,765,345
2023-05-22,765,765,760,760,34
2023-05-23,750,750,745,745,322
2023-05-24,745,755,740,740,524
2023-05-25,760,760,760,760,280
2023-05-26,765,765,740,745,1502
2023-05-30,745,785,745,780,684
2023-05-31,785,785,770,770,995
2023-06-01,785,785,770,770,965
2023-06-02,785,785,785,785,622
2023-06-05,780,780,770,780,3558
2023-06-06,785,785,780,780,643
2023-06-07,785,785,785,785,72
2023-06-08,785,785,780,785,750
2023-06-09,785,790,780,790,963
2023-06-12,790,790,790,790,159
2023-06-13,705,750,705,750,1895
2023-06-14,750,750,750,750,25
2023-06-15,790,800,790,800,1182
2023-06-16,800,810,770,770,2691
2023-06-19,785,810,785,810,208
2023-06-20,810,810,805,805,653
2023-06-21,805,805,800,805,422
2023-06-22,805,805,800,805,149
2023-06-23,805,805,800,800,2807
2023-06-26,805,805,805,805,227
2023-06-27,805,805,805,805,1997
2023-06-29,805,810,800,810,1905
2023-07-03,810,820,810,820,7333
2023-07-04,820,820,800,805,24982
2023-07-05,805,805,800,805,288
2023-07-06,805,805,805,805,597
2023-07-07,800,805,800,805,1374
2023-07-10,805,815,800,800,2119
2023-07-11,815,815,815,815,255
2023-07-12,815,845,815,815,159
2023-07-13,815,815,815,815,73
2023-07-14,815,845,815,845,373
2023-07-17,845,845,845,845,100
2023-07-18,845,865,845,860,309
2023-07-19,860,860,850,850,3965
2023-07-20,850,860,850,860,915
2023-07-21,850,860,850,860,65
2023-07-24,860,860,860,860,655
2023-07-25,860,860,850,860,1185
2023-07-26,860,860,850,850,401
2023-07-27,850,860,850,860,583
2023-07-28,855,880,855,860,963
2023-07-31,860,900,860,900,198
2023-08-01,900,910,870,870,1138
2023-08-02,930,930,930,930,224
2023-08-03,930,930,875,875,119
2023-08-04,885,930,875,930,632
2023-08-08,930,945,930,930,904
2023-08-09,930,930,910,910,337
2023-08-10,930,930,900,900,444
2023-08-11,930,930,910,920,7
2023-08-14,930,930,910,930,472
2023-08-16,930,930,900,900,4104
2023-08-17,900,920,900,910,13527
2023-08-18,930,950,930,950,6301
2023-08-21,955,960,945,945,351
2023-08-22,940,950,915,950,933
2023-08-23,950,950,950,950,343
2023-08-24,950,950,915,940,639
2023-08-25,950,950,950,950,1041
2023-08-28,950,965,950,965,3437
2023-08-29,950,950,940,950,1100
2023-08-30,950,950,945,945,71
2023-08-31,900,950,900,920,193
2023-09-01,950,950,900,920,11769
2023-09-04,920,920,900,900,210
2023-09-05,910,910,910,910,100
2023-09-06,910,920,910,920,279
2023-09-07,965,965,950,950,575
2023-09-08,920,925,920,925,796
2023-09-11,920,920,915,920,163
2023-09-12,965,965,965,965,459
2023-09-13,940,940,940,940,24
2023-09-14,920,920,905,905,885
2023-09-15,905,935,900,900,415
2023-09-18,895,895,895,895,202
2023-09-19,840,895,840,895,107
2023-09-20,890,890,890,890,279
2023-09-21,885,895,885,885,342
2023-09-22,880,880,880,880,10
2023-09-25,870,870,850,850,708
2023-09-26,850,850,845,850,294
2023-09-28,850,850,790,795,514
2023-09-29,845,845,845,845,12
2023-10-02,845,845,845,845,345
2023-10-03,845,850,785,785,2190
2023-10-04,775,775,765,765,1414
2023-10-05,775,775,760,760,5733
2023-10-06,765,775,760,760,489
2023-10-09,760,800,760,770,118
2023-10-10,775,775,775,775,20
2023-10-11,775,775,760,760,47775
2023-10-12,765,810,760,760,602
2023-10-13,760,760,760,760,239
2023-10-16,790,815,765,815,795
2023-10-17,820,820,760,815,2697
2023-10-18,820,820,815,820,604
2023-10-19,820,820,820,820,68
2023-10-20,820,820,760,820,1138
2023-10-23,820,820,820,820,252
2023-10-24,820,820,815,815,670
2023-10-25,815,820,815,815,110
2023-10-26,815,815,800,800,214
2023-10-27,800,800,760,790,558
2023-10-30,790,790,765,790,413
2023-10-31,790,790,790,790,5
2023-11-02,790,800,785,785,895
2023-11-03,790,790,765,790,483
2023-11-06,790,825,790,825,605
2023-11-07,825,825,815,820,149
2023-11-08,820,820,790,790,142
2023-11-09,820,820,820,820,12
2023-11-10,800,820,800,820,123
2023-11-13,820,820,815,815,67
2023-11-14,815,815,790,790,145
2023-11-16,845,845,835,845,460
2023-11-17,895,905,860,905,14426
2023-11-20,900,900,875,900,15067
2023-11-21,900,900,870,870,24326
2023-11-22,870,870,860,870,3198
2023-11-23,870,895,860,895,1469
2023-11-24,895,895,850,895,21111
2023-11-27,895,900,860,860,2163
2023-11-28,900,900,860,860,183
2023-11-29,900,900,895,900,908
2023-11-30,860,895,860,895,764
2023-12-01,895,895,845,845,1610
2023-12-04,850,890,845,850,702
2023-12-05,855,855,845,855,116
2023-12-06,850,875,850,875,291
2023-12-07,845,875,845,875,9127
2023-12-08,875,875,875,875,13
2023-12-11,870,870,845,845,106
2023-12-12,850,870,845,870,385
2023-12-13,850,875,850,875,166
2023-12-14,870,870,870,870,25
2023-12-15,875,875,845,860,1670
2023-12-18,860,860,800,800,251
2023-12-19,800,830,800,830,79
2023-12-20,860,860,840,840,298
2023-12-21,840,840,800,830,1506
2023-12-22,840,875,840,875,300
2023-12-26,875,875,875,875,342
2023-12-27,870,870,865,865,20
2023-12-28,870,870,810,850,308
2023-12-29,840,840,790,840,8725
2024-01-02,840,870,840,870,22
2024-01-03,860,860,805,850,1406
2024-01-04,790,845,790,790,892
2024-01-05,760,795,735,795,4287
2024-01-08,785,785,775,775,1151
2024-01-09,785,785,785,785,220
2024-01-10,785,785,785,785,772
2024-01-11,780,785,750,785,1866
2024-01-12,750,750,750,750,2403
2024-01-15,730,735,695,735,5366
2024-01-16,735,790,710,735,307
2024-01-17,735,785,735,740,754
2024-01-18,745,785,745,785,2
2024-01-19,785,785,785,785,577
2024-01-22,780,785,780,785,521
2024-01-24,785,785,735,780,135
2024-01-25,780,780,770,770,293
2024-01-26,750,750,750,750,258
2024-01-29,750,770,700,770,1111
2024-01-30,770,800,770,800,305
2024-01-31,800,800,770,770,411
2024-02-01,795,795,740,780,195
2024-02-02,780,780,765,770,291
2024-02-05,770,770,715,770,3408
2024-02-06,715,765,715,765,63
2024-02-07,740,740,740,740,282
2024-02-08,745,745,740,740,406
2024-02-09,740,740,720,720,345
2024-02-13,745,745,710,745,2667
2024-02-14,745,745,690,745,1448
2024-02-15,740,740,740,740,38
2024-02-16,735,740,705,740,1657
2024-02-19,685,745,685,745,93
2024-02-20,745,765,690,765,4308
2024-02-21,765,765,750,750,326
2024-02-22,765,770,740,770,1447
2024-02-23,765,800,765,800,981
2024-02-26,800,800,750,800,80
2024-02-27,800,800,800,800,130
2024-02-28,790,790,790,790,80
2024-02-29,770,790,770,790,1713
2024-03-04,750,750,750,750,1050
2024-03-05,755,790,755,790,449
2024-03-06,755,790,755,755,2445
2024-03-07,790,790,700,700,849
2024-03-08,725,725,725,725,130
2024-03-11,725,775,725,775,79
2024-03-12,770,770,735,770,6470
2024-03-13,770,775,770,775,93
2024-03-14,770,775,770,775,93
2024-03-15,775,775,735,735,2005
2024-03-18,775,790,750,790,10446
2024-03-19,790,800,735,790,1377
2024-03-20,790,800,790,800,618
2024-03-21,800,800,800,800,47
2024-03-25,850,850,790,790,3946
2024-03-26,790,790,790,790,206
2024-03-27,775,785,775,785,79
2024-03-28,785,790,775,790,1456
2024-03-29,790,795,790,795,2144
2024-04-02,795,795,755,790,3242
2024-04-03,755,790,755,790,573
2024-04-04,785,790,755,785,576
2024-04-05,785,785,760,760,444
2024-04-08,775,780,775,780,2197
2024-04-09,765,780,765,780,322
2024-04-11,780,780,765,780,601
2024-04-12,785,785,785,785,78
2024-04-15,785,785,765,785,137
2024-04-16,765,770,765,770,548
2024-04-17,785,785,775,785,143
2024-04-18,785,785,730,780,7577
2024-04-19,775,775,775,775,28
2024-04-22,760,760,760,760,786
2024-04-23,760,760,725,750,3415
2024-04-24,750,750,750,750,117
2024-04-25,750,750,705,750,660
2024-04-26,745,750,710,750,271
2024-04-29,750,755,750,750,1446
2024-04-30,750,755,750,755,127
2024-05-02,750,750,730,740,4224
2024-05-03,725,755,725,730,6376
2024-05-06,730,730,725,730,2286
2024-05-07,730,755,730,755,174
2024-05-08,720,750,720,750,128
2024-05-10,725,755,725,755,275
2024-05-13,755,755,755,755,999
2024-05-14,755,755,755,755,396
2024-05-15,755,755,755,755,61
2024-05-16,755,755,730,750,2539
2024-05-17,745,745,745,745,424
2024-05-21,745,745,745,745,631
2024-05-22,745,745,730,745,870
2024-05-23,745,745,730,745,96
2024-05-24,740,745,740,745,789
2024-05-27,745,745,720,745,182
2024-05-28,745,745,740,740,171
2024-05-29,740,740,700,700,5012
2024-05-30,720,720,700,700,2944
2024-05-31,700,700,690,700,1154
2024-06-03,700,700,680,685,3945
2024-06-04,680,695,675,685,1933
2024-06-05,685,685,670,685,1316
2024-06-06,685,685,685,685,475
2024-06-07,685,695,685,685,853
2024-06-10,685,685,680,685,172
2024-06-11,685,690,685,690,3111
2024-06-12,690,705,690,705,1827
2024-06-13,705,740,705,740,105
2024-06-14,730,740,685,700,4536
2024-06-18,700,700,700,700,225
2024-06-19,700,700,690,700,690
2024-06-20,700,700,685,700,568
2024-06-21,685,685,685,685,176
2024-06-24,700,700,685,700,153
2024-06-25,700,700,680,700,4821
2024-06-26,650,670,650,670,3566
2024-06-27,670,670,630,670,704
2024-06-28,650,700,650,700,3058
2024-07-01,700,700,660,685,902
2024-07-02,685,685,665,685,432
2024-07-03,685,685,665,685,678
2024-07-04,685,685,685,685,264
2024-07-05,680,685,655,685,1703
2024-07-08,650,685,650,685,239
2024-07-09,685,685,655,685,943
2024-07-10,685,685,655,685,262
2024-07-11,685,685,650,680,1317
2024-07-12,680,680,680,680,287
2024-07-15,680,680,680,680,406
2024-07-16,685,685,655,675,2234
2024-07-17,680,685,655,685,975
2024-07-18,685,695,680,695,2849
2024-07-19,685,700,650,700,1402
2024-07-22,695,695,685,685,503
2024-07-23,685,685,680,685,2119
2024-07-24,685,685,680,685,1757
2024-07-25,685,685,680,680,1100
2024-07-26,680,680,675,680,1197
2024-07-29,675,685,655,685,2075
2024-07-30,680,680,655,680,252
2024-07-31,680,680,680,680,173
2024-08-01,675,675,635,670,3220
2024-08-02,670,680,650,680,2270
2024-08-05,680,680,655,655,3407
2024-08-06,655,665,640,665,1254
2024-08-08,670,670,655,665,1062
2024-08-09,665,670,665,670,201
2024-08-12,670,670,670,670,518
2024-08-13,670,670,665,670,810
2024-08-14,670,670,665,670,556
2024-08-16,670,670,650,665,545
2024-08-19,670,670,650,660,453
2024-08-20,660,660,650,660,979
2024-08-21,660,660,635,635,2211
2024-08-22,640,660,640,660,780
2024-08-23,660,660,650,660,1029
2024-08-26,660,660,660,660,1488
2024-08-27,660,660,655,655,101
2024-08-28,655,680,655,680,1633
2024-08-29,680,685,665,685,2230
2024-08-30,680,685,680,685,4006
2024-09-02,685,685,670,670,162
2024-09-03,665,680,640,640,8365
2024-09-04,640,680,640,680,1449
2024-09-05,680,680,675,680,719
2024-09-06,680,680,675,680,1591
2024-09-09,675,680,675,680,1239
2024-09-10,675,680,675,680,766
2024-09-11,680,680,630,680,2444
2024-09-12,635,675,635,665,582
2024-09-13,665,675,655,675,5024
2024-09-16,675,675,630,675,1176
2024-09-17,675,675,670,675,1571
2024-09-18,680,680,645,645,471
2024-09-19,645,645,640,645,216
2024-09-20,680,680,630,675,5201
2024-09-23,635,675,625,670,12557
2024-09-24,670,670,630,630,592
2024-09-25,630,650,630,650,5260
2024-09-26,660,675,650,665,21276
2024-09-27,680,680,630,670,15221
2024-09-30,670,670,635,670,1177
2024-10-01,665,665,640,650,385
2024-10-02,640,680,635,635,1009
2024-10-03,635,680,635,680,1633
2024-10-04,680,680,635,675,758
2024-10-07,675,675,630,675,30076
2024-10-08,635,675,635,675,1262
2024-10-09,675,675,645,675,1456
2024-10-10,675,675,640,640,1515
2024-10-11,670,670,640,650,1707
2024-10-14,650,665,650,660,1205
2024-10-15,665,670,660,660,1794
2024-10-16,660,660,660,660,135
2024-10-17,660,670,660,670,1644
2024-10-18,670,670,660,670,1062
2024-10-21,670,670,640,645,62
2024-10-22,670,670,650,650,2339
2024-10-23,650,670,650,670,4778
2024-10-24,665,665,660,660,703
2024-10-25,665,665,645,660,3352
2024-10-28,660,660,640,640,1585
2024-10-29,645,645,635,635,46236
2024-10-30,635,650,635,650,1215
2024-10-31,635,650,635,650,4676
2024-11-04,650,650,645,645,1205
2024-11-05,640,645,635,635,5035
2024-11-06,645,650,590,650,28174
2024-11-07,650,650,650,650,10184
2024-11-08,660,660,605,650,2464
2024-11-11,650,665,620,665,248
2024-11-12,665,665,625,625,580
2024-11-13,670,670,625,625,2050
2024-11-14,625,670,625,670,634
2024-11-18,670,670,625,645,1689
2024-11-19,625,665,610,645,2654
2024-11-20,645,645,615,615,381
2024-11-21,640,650,640,650,216
2024-11-22,640,640,625,640,1921
2024-11-25,640,640,630,630,190
2024-11-26,640,640,630,630,176
2024-11-27,630,640,630,630,169
2024-11-28,630,650,630,650,586
2024-11-29,650,650,605,635,2641
2024-12-02,665,665,610,620,1316
2024-12-03,620,620,600,605,1152
2024-12-04,620,620,605,615,436
2024-12-05,615,615,605,605,1856
2024-12-06,615,615,615,615,408
2024-12-09,615,615,600,600,546
2024-12-10,600,615,600,600,668
2024-12-11,615,615,600,600,494
2024-12-12,600,615,600,615,287
2024-12-13,615,615,615,615,575
2024-12-16,615,620,605,620,1237
2024-12-17,620,620,600,620,147
2024-12-18,620,620,610,610,414
2024-12-19,620,620,570,600,3319
2024-12-20,600,600,570,570,270
2024-12-23,600,605,600,605,183
2024-12-24,600,605,600,605,161
2024-12-26,575,605,575,605,1557
2024-12-27,605,605,590,605,31
2024-12-30,605,605,600,600,183
2024-12-31,605,605,600,600,379
2025-01-02,600,600,600,600,81
2025-01-03,610,625,600,625,1223
2025-01-06,630,630,605,615,150
2025-01-07,615,615,580,580,4230
2025-01-08,580,610,580,610,122
2025-01-09,610,610,580,605,833
2025-01-10,605,605,560,600,550
2025-01-13,580,600,580,600,343
2025-01-14,600,600,595,595,1410
2025-01-15,595,595,570,570,470
2025-01-16,580,580,560,560,379
2025-01-17,550,550,550,550,822
2025-01-20,555,590,550,590,614
2025-01-21,550,595,550,590,740
2025-01-22,570,590,570,580,124
2025-01-23,580,580,570,580,864
2025-01-24,560,575,560,560,316
2025-01-27,580,580,580,580,864
2025-01-28,580,580,580,580,68
2025-01-29,580,580,570,580,247
2025-01-30,580,590,570,570,359
2025-01-31,560,570,550,570,5456
2025-02-03,560,595,550,550,2168
2025-02-04,550,550,550,550,1212
2025-02-05,555,555,550,550,1081
2025-02-06,555,590,550,590,1279
2025-02-07,585,585,580,580,317
2025-02-10,580,580,550,580,729
2025-02-11,590,620,560,560,1321
2025-02-12,560,595,560,590,865
2025-02-13,580,585,580,580,1881
2025-02-14,580,580,560,560,2166
2025-02-17,560,580,560,580,650
2025-02-18,580,580,560,580,943
2025-02-19,580,580,575,580,723
2025-02-20,585,605,580,600,802
2025-02-21,605,605,580,605,1388
2025-02-24,605,605,580,605,244
2025-02-25,580,605,580,605,348
2025-02-26,620,620,600,620,827
2025-02-27,580,620,580,615,771
2025-02-28,615,625,615,625,495
2025-03-03,620,625,605,620,423
2025-03-04,615,620,615,615,476
2025-03-05,615,615,585,610,1204
2025-03-06,615,615,610,610,560
2025-03-07,610,610,580,610,869
2025-03-10,610,610,570,605,1850
2025-03-11,605,605,600,605,64
2025-03-12,605,610,605,610,988
2025-03-13,610,610,605,610,223
2025-03-14,610,610,605,610,216
2025-03-17,590,605,590,600,530
2025-03-18,610,615,600,610,3969
2025-03-19,615,615,565,610,1555
2025-03-20,610,610,610,610,89
2025-03-21,610,610,570,570,310
2025-03-24,575,605,575,605,1614
2025-03-25,605,605,605,605,159
2025-03-26,600,600,595,600,242
2025-03-28,605,615,575,615,10375
2025-04-01,615,615,615,615,169
2025-04-02,615,615,610,610,117
2025-04-03,605,605,570,570,390
2025-04-04,600,610,575,575,942
2025-04-07,600,610,600,610,128
2025-04-08,610,610,605,605,625
2025-04-09,600,600,595,600,637
2025-04-10,590,605,565,605,3227
2025-04-11,605,605,570,605,10289
2025-04-14,605,610,605,610,685
2025-04-15,610,610,610,610,127
2025-04-16,610,610,570,570,4025
2025-04-17,570,610,570,610,170
2025-04-18,610,610,610,610,5
2025-04-22,610,610,600,600,29
2025-04-23,600,605,600,600,316
2025-04-24,610,610,600,610,987
2025-04-25,615,615,570,570,363
2025-04-28,610,610,600,600,328
2025-04-29,600,600,565,600,10420
2025-04-30,600,600,600,600,124
2025-05-02,600,600,555,600,7162
2025-05-05,600,600,555,600,350
2025-05-06,600,600,565,565,983
2025-05-07,600,600,600,600,1326
2025-05-08,600,600,555,600,1639
2025-05-09,600,605,600,605,4005
2025-05-12,605,605,585,600,10692
2025-05-13,600,605,600,605,1322
2025-05-14,605,610,560,605,4090
2025-05-15,605,615,605,605,202
2025-05-16,605,605,600,600,149
2025-05-19,645,645,645,645,2848
2025-05-20,690,690,690,690,2893
2025-05-21,740,740,700,700,9288
2025-05-22,740,740,700,700,2533
2025-05-23,700,700,650,690,899
2025-05-26,655,690,655,680,604
2025-05-27,670,670,645,655,3152
2025-05-28,660,670,620,665,991
2025-05-30,665,670,650,660,734
2025-06-02,625,660,625,655,1072
2025-06-03,655,660,645,655,2228
2025-06-04,655,660,655,655,2305
2025-06-05,660,660,650,650,2554
2025-06-10,655,680,650,675,17733
2025-06-11,680,700,660,660,4993
2025-06-12,670,670,635,635,5592
2025-06-13,645,680,635,680,5756
2025-06-16,680,680,660,680,1003
2025-06-17,680,680,660,660,2270
2025-06-18,680,680,650,650,9663
2025-06-19,670,680,650,680,3243
2025-06-20,680,680,650,665,699
2025-06-23,665,680,655,660,9629
2025-06-24,680,680,655,680,1013
2025-06-25,680,680,655,660,477
2025-06-26,675,675,660,660,634
2025-06-27,675,675,660,675,800
2025-06-30,670,680,660,680,6322
2025-07-01,680,680,660,660,142
2025-07-02,665,680,655,680,9041
2025-07-03,700,700,680,680,6012
2025-07-04,685,685,665,665,1236
2025-07-07,665,680,620,675,2497
2025-07-08,675,675,640,650,584
2025-07-09,675,675,665,665,77
2025-07-10,675,680,655,655,5631
2025-07-11,675,680,650,650,5420
2025-07-14,680,685,675,675,1403
2025-07-15,670,685,655,685,636
2025-07-16,685,685,660,680,933
2025-07-17,685,685,660,670,133
2025-07-18,680,680,650,650,1800
2025-07-21,665,685,650,680,401
2025-07-22,680,680,630,680,2531
2025-07-23,675,675,645,670,245
2025-07-24,645,670,645,670,1022
2025-07-25,670,675,670,675,2294
2025-07-28,650,675,650,670,45950
2025-07-29,635,670,635,670,4953
2025-07-30,670,690,650,685,3216
2025-07-31,650,660,650,660,983
2025-08-01,655,660,650,655,2393
2025-08-04,650,650,610,650,1846
2025-08-05,650,650,650,650,675
2025-08-06,645,650,630,650,590
2025-08-08,650,650,640,650,328
2025-08-11,630,640,630,635,584
2025-08-12,635,660,635,650,1763
2025-08-13,650,660,650,660,517
2025-08-14,660,680,660,675,152
2025-08-18,665,680,665,670,1270
2025-08-19,650,680,650,675,2213
2025-08-20,675,680,660,680,5736
2025-08-21,665,675,660,665,9120
2025-08-22,680,680,655,660,13482
2025-08-25,665,675,660,660,34277
2025-08-26,665,680,665,675,1727
2025-08-27,680,690,680,690,8390
2025-08-28,690,740,690,740,18575
2025-08-29,795,795,795,795,13210
2025-09-01,850,850,850,850,12258
2025-09-02,910,910,905,910,26194
2025-09-03,975,975,910,965,24489
2025-09-05,960,960,895,905,14775
2025-09-08,900,960,870,900,14576
2025-09-09,900,910,900,910,6744
2025-09-10,905,910,905,910,8740
2025-09-11,925,925,905,910,14708
2025-09-12,915,925,915,920,2164
2025-09-15,920,945,920,945,2228
2025-09-16,950,970,945,950,5316
2025-09-17,950,950,930,940,810
2025-09-18,940,950,925,940,1059
2025-09-19,940,955,940,955,3479
2025-09-22,960,1025,960,1010,16798
2025-09-23,1050,1085,1050,1085,12946
2025-09-24,1160,1165,1110,1145,16815
2025-09-25,1190,1190,1075,1150,7394
2025-09-26,1150,1150,1065,1140,4488
2025-09-29,1135,1135,1100,1125,670
2025-09-30,1190,1190,1100,1105,16872
2025-10-01,1100,1145,1100,1140,2618
2025-10-02,1225,1225,1225,1225,5899
2025-10-03,1315,1315,1315,1315,42129
2025-10-06,1410,1410,1410,1410,9262
2025-10-07,1515,1515,1415,1415,16989
2025-10-08,1500,1500,1500,1500,3892
2025-10-09,1500,1500,1500,1500,6657
2025-10-10,1500,1600,1495,1585,6212
2025-10-13,1600,1700,1595,1700,7675
2025-10-14,1825,1825,1825,1825,2357
2025-10-15,1690,1690,1690,1690,8491
2025-10-16,1565,1565,1565,1565,10475
2025-10-17,1450,1545,1450,1475,33353
2025-10-20,1490,1585,1490,1585,15218
2025-10-21,1700,1700,1700,1700,3005
2025-10-22,1800,1800,1700,1785,11196
2025-10-23,1780,1800,1700,1750,13965
2025-10-24,1800,1880,1760,1880,20783
2025-10-27,1900,2020,1880,2020,10130
2025-10-28,2150,2170,2150,2170,7372
2025-10-29,2245,2330,2245,2330,16153
2025-10-30,2330,2500,2330,2495,8809
2025-10-31,2310,2310,2310,2310,6118
2025-11-03,2140,2200,2140,2140,1281
2025-11-04,1980,1980,1980,1980,1745
2025-11-05,1845,1845,1835,1835,1278
2025-11-06,1700,1700,1700,1700,1525
2025-11-07,1575,1595,1575,1575,3837
2025-11-10,1460,1460,1460,1460,14232
2025-11-11,1565,1565,1565,1565,30112
2025-11-12,1680,1680,1575,1660,14708
2025-11-13,1690,1690,1540,1610,10196
2025-11-14,1595,1595,1490,1530,3006
2025-11-17,1530,1540,1500,1530,2681
2025-11-18,1530,1530,1495,1515,3124
2025-11-19,1515,1535,1510,1515,1747
2025-11-20,1530,1600,1405,1515,5822
2025-11-21,1500,1500,1475,1480,3416
2025-11-24,1475,1590,1475,1475,4317
2025-11-25,1485,1585,1485,1505,7559
2025-11-26,1550,1580,1505,1580,9749
2025-11-27,1585,1695,1585,1695,4564
2025-11-28,1690,1785,1580,1690,3833
2025-12-01,1700,1780,1690,1700,8806
2025-12-02,1725,1780,1700,1780,5725
2025-12-03,1785,1785,1750,1755,2098
2025-12-04,1755,1765,1700,1735,1463
2025-12-05,1750,1750,1735,1735,713
2025-12-08,1735,1735,1650,1700,736
2025-12-09,1700,1700,1575,1575,7937
2025-12-10,1670,1670,1505,1505,8617
2025-12-11,1600,1610,1510,1515,3478
2025-12-12,1620,1620,1425,1425,15003
2025-12-15,1400,1530,1400,1420,3004
2025-12-16,1430,1515,1430,1440,1472
2025-12-17,1540,1540,1445,1445,4712
2025-12-18,1445,1525,1445,1450,5754
2025-12-19,1520,1520,1455,1455,2268
2025-12-22,1535,1535,1450,1450,2630
2025-12-23,1450,1535,1400,1400,11312
2025-12-24,1300,1450,1300,1445,4047
2025-12-26,1445,1500,1400,1460,2804
2025-12-29,1450,1490,1440,1460,2125
2025-12-30,1450,1460,1415,1450,2481
2025-12-31,1450,1450,1425,1430,1284
2026-01-02,1355,1440,1355,1395,2776
2026-01-05,1370,1395,1295,1305,6653
2026-01-06,1305,1350,1210,1250,9269
2026-01-07,1250,1275,1250,1275,1727
2026-01-08,1290,1340,1290,1335,1265
2026-01-09,1345,1350,1300,1345,4235
2026-01-12,1345,1345,1310,1345,1193
2026-01-13,1345,1370,1305,1340,773
2026-01-14,1345,1395,1340,1390,3501
2026-01-15,1390,1490,1350,1455,5203
2026-01-16,1455,1460,1400,1450,976
2026-01-19,1450,1450,1360,1440,1756
2026-01-20,1450,1450,1365,1400,2199
2026-01-21,1400,1440,1370,1380,2817
2026-01-22,1440,1440,1385,1390,1221
2026-01-23,1395,1490,1395,1490,9058
2026-01-26,1495,1555,1490,1520,9763
2026-01-27,1585,1595,1525,1525,6434
2026-01-28,1575,1580,1520,1520,3379
2026-01-29,1560,1560,1505,1525,2045
2026-01-30,1500,1525,1495,1500,2935
2026-02-02,1500,1510,1495,1495,5816
2026-02-03,1495,1520,1490,1490,2319
2026-02-04,1490,1515,1465,1500,3547
2026-02-05,1500,1510,1480,1500,4125
2026-02-06,1500,1590,1500,1590,2601
2026-02-09,1585,1650,1570,1580,6110
2026-02-10,1645,1645,1560,1635,5991
2026-02-11,1635,1645,1600,1600,5006
2026-02-12,1605,1625,1595,1595,4201
2026-02-13,1590,1595,1555,1570,5273
2026-02-16,1570,1570,1500,1560,16913
2026-02-17,1560,1600,1560,1565,4854
2026-02-18,1590,1600,1570,1595,10269
2026-02-19,1595,1700,1590,1590,22828
2026-02-20,1690,1700,1620,1630,4163
2026-02-23,1560,1680,1560,1675,16133
2026-02-24,1680,1695,1675,1695,12862
2026-02-25,1700,1800,1700,1750,7539
2026-02-26,1755,1790,1750,1790,6785
2026-02-27,1755,1795,1700,1790,21570
2026-03-02,1785,1790,1700,1700,4769
2026-03-03,1720,1785,1720,1780,6741
2026-03-04,1780,1795,1760,1785,12352
2026-03-05,1790,1800,1730,1800,5758
2026-03-06,1800,1800,1700,1750,6586
2026-03-09,1750,1750,1695,1700,8559
2026-03-10,1730,1785,1730,1775,15446
2026-03-11,1775,1780,1750,1775,2003
2026-03-12,1765,1775,1695,1695,7224
2026-03-13,1650,1680,1605,1650,2678
2026-03-17,1650,1745,1600,1745,9897
2026-03-18,1745,1770,1740,1760,3644
2026-03-19,1760,1810,1700,1795,7594
2026-03-23,1795,1795,1740,1750,3368
2026-03-24,1620,1675,1620,1675,2272
2026-03-25,1670,1675,1630,1630,2007
2026-03-26,1630,1660,1630,1640,1685
2026-03-27,1630,1630,1615,1630,2239
2026-03-30,1625,1645,1600,1610,5855
2026-03-31,1600,1645,1600,1620,1727
2026-04-01,1640,1640,1620,1620,1249
2026-04-02,1615,1620,1600,1605,1090
2026-04-03,1605,1620,1605,1620,1032
2026-04-07,1610,1640,1600,1635,7104
2026-04-08,1635,1700,1630,1700,6545
2026-04-09,1700,1705,1620,1695,4907
2026-04-10,1695,1695,1640,1640,491
2026-04-13,1640,1640,1630,1630,1571
2026-04-14,1640,1640,1600,1600,1814
2026-04-15,1600,1600,1480,1500,4917
2026-04-16,1500,1550,1500,1550,2386
2026-04-17,1550,1550,1545,1545,3325
2026-04-20,1545,1550,1545,1550,5813
2026-04-21,1550,1595,1550,1590,1160
2026-04-22,1650,1650,1600,1600,1489
2026-04-23,1600,1600,1525,1550,3364
2026-04-24,1530,1595,1525,1595,1888
2026-04-27,1600,1600,1500,1590,2218
2026-04-28,1600,1600,1475,1580,4479
2026-04-29,1575,1580,1530,1530,1725
2026-04-30,1425,1530,1425,1430,1026
2026-05-04,1430,1430,1380,1430,4899
2026-05-05,1400,1400,1325,1325,10165
2026-05-06,1325,1420,1325,1400,3910
2026-05-07,1380,1405,1360,1400,3848
2026-05-08,1400,1420,1380,1385,2459
2026-05-11,1385,1385,1360,1380,1550
2026-05-12,1380,1385,1360,1380,1999
2026-05-13,1380,1480,1380,1480,5983
2026-05-15,1480,1580,1480,1555,3145
2026-05-18,1575,1580,1440,1500,2975
2026-05-19,1500,1500,1490,1500,1615
2026-05-20,1495,1495,1455,1480,1858
2026-05-21,1480,1495,1455,1485,2089
2026-05-22,1485,1485,1460,1485,3776
2026-05-26,1485,1485,1480,1485,725
2026-05-28,1485,1500,1480,1485,3438
2026-05-29,1500,1515,1455,1510,1483
2026-06-01,1510,1550,1485,1505,3042
2026-06-02,1505,1550,1485,1530,1931
2026-06-03,1540,1545,1520,1545,1629
2026-06-04,1575,1575,1550,1570,1287
2026-06-05,1570,1585,1570,1580,2693
2026-06-08,1580,1580,1510,1570,2137
2026-06-09,1570,1575,1555,1575,2273
2026-06-10,1570,1585,1570,1580,3388
2026-06-11,1580,1605,1575,1600,7616
2026-06-12,1605,1605,1595,1600,3584
2026-06-15,1600,1610,1600,1610,4455
2026-06-16,1610,1645,1590,1645,4017
2026-06-17,1700,1765,1700,1765,2533
2026-06-18,1895,1895,1765,1765,8527
2026-06-19,1795,1840,1795,1825,3458
2026-06-22,1815,1815,1690,1695,7477
2026-06-23,1695,1700,1650,1675,4477
2026-06-24,1550,1675,1550,1550,6154
2026-06-25,1560,1665,1560,1665,1408
2026-06-26,1785,1785,1680,1775,6056
2026-06-29,1775,1775,1645,1750,8797
2026-06-30,1750,1760,1750,1760,2476
2026-07-01,1770,1770,1760,1765,1590
2026-07-02,1770,1800,1760,1780,7824
2026-07-03,1765,1780,1760,1765,1071
2026-07-06,1760,1765,1635,1725,10498
2026-07-07,1725,1725,1600,1600,4303
2026-07-08,1600,1715,1600,1620,5978
2026-07-09,1620,1620,1575,1575,2620
2026-07-10,1575,1595,1575,1575,3819
2026-07-13,1575,1575,1500,1550,6142
2026-07-14,1600,1620,1580,1605,10990
2026-07-15,1600,1600,1550,1560,5912
2026-07-16,1560,1580,1560,1580,2884
2026-07-17,1600,1605,1590,1600,4335
2026-07-20,1605,1710,1605,1700,10079
2026-07-21,1700,1700,1600,1605,5164
2026-07-22,1700,1700,1680,1695,2615
2026-07-23,1695,1695,1650,1695,1038
2026-07-24,1695,1700,1680,1680,2056
2026-07-27,1710,1710,1655,1670,2763
2026-07-28,1670,1670,1655,1660,968
2026-07-29,1660,1670,1605,1610,2941
2026-07-30,1660,1665,1615,1660,947
2026-07-31,1660,1665,1650,1665,2926
2026-08-03,1695,1695,1670,1695,2656
2026-08-04,1695,1695,1625,1690,3139
2026-08-05,1690,1690,1600,1690,3668
2026-08-06,1690,1700,1690,1700,502
2026-08-10,1700,1700,1600,1695,4531
2026-08-11,1705,1705,1690,1695,1920
2026-08-12,1650,1715,1605,1695,2847
2026-08-13,1690,1695,1600,1600,4738
2026-08-14,1680,1690,1650,1665,985
2026-08-17,1665,1670,1600,1665,2855
2026-08-18,1660,1660,1600,1600,4878
2026-08-19,1625,1650,1625,1630,1989
2026-08-20,1640,1680,1630,1680,3629
2026-08-21,1715,1750,1690,1740,4497
2026-08-24,1730,1790,1725,1765,4499
2026-08-26,1765,1765,1745,1750,3349
2026-08-27,1750,1750,1630,1745,2545
2026-08-28,1745,1745,1650,1740,5896
2026-08-31,1740,1745,1740,1740,6778
2026-09-01,1740,1760,1655,1680,5891
2026-09-02,1760,1760,1725,1755,2802
2026-09-03,1760,1760,1705,1755,1063
2026-09-04,1755,1755,1710,1745,4078
2026-09-07,1745,1755,1700,1740,2896
2026-09-08,1725,1740,1700,1725,2889
2026-09-09,1725,1725,1680,1690,4887
2026-09-10,1690,1700,1690,1695,3262
2026-09-11,1695,1705,1690,1705,2090
2026-09-14,1705,1725,1705,1725,3384
2026-09-15,1725,1740,1715,1730,2618
2026-09-16,1725,1730,1690,1690,5007
2026-09-17,1700,1700,1610,1650,6800
2026-09-18,1650,1650,1615,1630,1091
2026-09-21,1625,1625,1600,1600,2115
2026-09-22,1625,1625,1600,1600,1143
2026-09-23,1600,1600,1480,1480,3509
2026-09-24,1470,1540,1470,1540,1594
2026-09-25,1540,1600,1540,1555,2016
