Date,Open,High,Low,Close,Volume
1998-09-16,1325,1325,1325,1325,1440
1998-09-18,1424,1424,1424,1424,2040
1998-09-21,1531,1531,1531,1531,2000
1998-09-23,1645,1645,1645,1645,4440
1998-09-25,1645,1645,1645,1645,1200
1998-09-28,1645,1645,1645,1645,4440
1998-09-30,1645,1645,1645,1645,3160
1998-10-02,1645,1645,1645,1645,3600
1998-10-05,1645,1645,1645,1645,2120
1998-10-07,1768,1768,1768,1768,6480
1998-10-09,1768,1768,1768,1768,12480
1998-10-16,1650,1650,1650,1650,1000
1998-10-19,1650,1650,1650,1650,400
1998-10-21,1538,1538,1538,1538,6000
1998-10-23,1425,1425,1425,1425,2000
1998-10-26,1319,1319,1319,1319,800
1998-10-28,1225,1225,1225,1225,800
1998-11-04,1250,1250,1250,1250,1560
1998-11-09,1250,1250,1250,1250,1480
1998-11-13,1175,1175,1175,1175,2440
1998-11-18,1263,1263,1263,1263,2480
1998-11-25,1344,1344,1344,1344,80
1998-11-30,1263,1263,1263,1263,320
1998-12-04,1358,1358,1358,1358,2840
1998-12-16,1358,1358,1358,1358,13600
1998-12-30,1358,1358,1358,1358,840
1999-01-04,1358,1358,1358,1358,4000
1999-01-08,1358,1358,1358,1358,4000
1999-01-13,1358,1358,1358,1358,400
1999-01-22,1358,1358,1358,1358,3520
1999-01-25,1358,1358,1358,1358,4000
1999-01-27,1358,1358,1358,1358,5040
1999-01-29,1358,1358,1358,1358,2560
1999-02-03,1358,1358,1358,1358,12400
1999-02-05,1358,1358,1358,1358,1360
1999-02-08,1358,1358,1358,1358,1680
1999-02-10,1360,1360,1360,1360,1400
1999-02-12,1360,1360,1360,1360,17280
1999-02-15,1360,1360,1360,1360,1200
1999-02-17,1360,1360,1360,1360,560
1999-02-19,1360,1360,1360,1360,960
1999-02-22,1360,1360,1360,1360,200
1999-03-03,1378,1378,1378,1378,10400
1999-03-05,1378,1378,1378,1378,3600
1999-03-08,1378,1378,1378,1378,160
1999-03-10,1378,1378,1378,1378,200
1999-03-12,1379,1379,1379,1379,600
1999-03-17,1380,1380,1380,1380,440
1999-03-19,1380,1380,1380,1380,1160
1999-03-22,1380,1380,1380,1380,560
1999-03-26,1484,1484,1484,1484,5760
1999-03-31,1400,1400,1400,1400,1040
1999-04-02,1413,1413,1413,1413,5360
1999-04-09,1413,1413,1413,1413,800
1999-04-12,1413,1413,1413,1413,800
1999-04-16,1414,1414,1414,1414,1200
1999-04-19,1426,1426,1426,1426,600
1999-04-28,1414,1414,1414,1414,440
1999-05-10,1414,1414,1414,1414,240
1999-06-14,1308,1308,1308,1308,480
1999-06-18,1224,1224,1224,1224,5040
1999-06-23,1133,1133,1133,1133,3680
1999-07-09,1135,1135,1135,1135,4840
1999-07-12,1150,1150,1150,1150,2560
1999-07-14,1150,1150,1150,1150,400
1999-07-16,1138,1138,1138,1138,2000
1999-07-21,1125,1125,1125,1125,800
1999-07-30,1125,1125,1125,1125,1000
1999-08-02,1125,1125,1125,1125,480
1999-08-13,1125,1125,1125,1125,440
1999-08-18,1125,1125,1125,1125,400
1999-08-23,1125,1125,1125,1125,2000
1999-08-27,1125,1125,1125,1125,440
1999-08-30,1125,1125,1125,1125,400
1999-09-03,1075,1075,1075,1075,1080
1999-09-08,1088,1088,1088,1088,1400
1999-09-10,1088,1088,1088,1088,1360
1999-09-17,1088,1088,1088,1088,320
1999-09-20,1088,1088,1088,1088,480
1999-10-06,1088,1088,1088,1088,1480
1999-10-15,1088,1088,1088,1088,120
1999-10-20,1088,1088,1088,1088,800
1999-10-22,1125,1125,1125,1125,1600
1999-10-27,1113,1113,1113,1113,8160
1999-11-03,1103,1103,1103,1103,5200
1999-11-05,1103,1103,1103,1103,1200
1999-11-10,1103,1103,1103,1103,4000
1999-11-12,1103,1103,1103,1103,920
1999-11-19,1100,1100,1100,1100,1000
1999-11-24,1100,1100,1100,1100,1280
1999-12-01,1100,1100,1100,1100,40
1999-12-03,1100,1100,1100,1100,320
1999-12-06,1025,1025,1025,1025,7280
1999-12-10,1100,1100,1100,1100,400
1999-12-13,1100,1100,1100,1100,1920
1999-12-15,1075,1075,1075,1075,520
1999-12-17,1088,1088,1088,1088,800
1999-12-20,1088,1088,1088,1088,200
1999-12-27,1088,1088,1088,1088,680
1999-12-31,1088,1088,1088,1088,3440
2000-01-07,1088,1088,1088,1088,480
2000-01-14,1088,1088,1088,1088,400
2000-01-21,1088,1088,1088,1088,280
2000-01-24,1088,1088,1088,1088,2960
2000-01-26,1088,1088,1088,1088,760
2000-02-02,1088,1088,1088,1088,400
2000-02-04,1088,1088,1088,1088,920
2000-02-09,1088,1088,1088,1088,200
2000-02-11,1088,1088,1088,1088,640
2000-02-16,1088,1088,1088,1088,920
2000-02-18,1088,1088,1088,1088,2400
2000-02-23,1088,1088,1088,1088,280
2000-02-25,1093,1093,1093,1093,5400
2000-03-01,1090,1090,1090,1090,2080
2000-03-03,1098,1098,1098,1098,1360
2000-03-06,1098,1098,1098,1098,640
2000-03-08,1100,1100,1100,1100,1520
2000-03-10,1101,1101,1101,1101,3160
2000-03-13,1101,1101,1101,1101,400
2000-03-15,1101,1101,1101,1101,840
2000-03-17,1101,1101,1101,1101,680
2000-03-22,1113,1113,1113,1113,720
2000-03-24,1112,1112,1112,1112,800
2000-04-05,1093,1093,1093,1093,5680
2000-04-14,1093,1093,1093,1093,1720
2000-04-21,1088,1088,1088,1088,600
2000-04-28,1088,1088,1088,1088,40
2000-05-03,1075,1075,1075,1075,3520
2000-05-05,1075,1075,1075,1075,400
2000-05-12,1075,1075,1075,1075,2880
2000-05-15,1088,1088,1088,1088,400
2000-05-17,1088,1088,1088,1088,400
2000-06-09,1075,1075,1075,1075,2320
2000-06-16,1075,1075,1075,1075,600
2000-06-26,1075,1075,1075,1075,400
2000-07-21,1050,1050,1050,1050,1000
2000-07-31,1050,1050,1050,1050,200
2000-08-04,1050,1050,1050,1050,40
2000-08-18,1050,1050,1050,1050,400
2000-08-23,1025,1025,1025,1025,2520
2000-08-25,1025,1025,1025,1025,200
2000-08-30,950,950,950,950,800
2000-09-01,950,950,950,950,800
2000-09-06,950,950,950,950,400
2000-09-13,950,950,950,950,200
2000-09-22,950,950,950,950,1400
2000-09-25,950,950,950,950,800
2000-09-29,950,950,950,950,200
2000-10-06,950,950,950,950,680
2000-10-09,950,950,950,950,480
2000-10-13,945,945,945,945,320
2000-10-16,945,945,945,945,80
2000-10-20,942,942,942,942,480
2000-10-27,942,942,942,942,22000
2000-10-30,942,942,942,942,3600
2000-11-03,942,942,942,942,600
2000-11-06,942,942,942,942,600
2000-11-08,942,942,942,942,200
2000-11-13,942,942,942,942,80
2000-11-27,942,942,942,942,320
2000-12-06,942,942,942,942,80
2000-12-15,942,942,942,942,200
2001-01-22,925,925,925,925,480
2001-01-26,925,925,925,925,4200
2001-02-02,925,925,925,925,200
2001-03-16,925,925,925,925,520
2001-03-26,895,895,895,895,440
2001-03-28,828,828,828,828,600
2001-04-11,825,825,825,825,600
2001-05-28,775,775,775,775,2040
2001-06-22,750,750,750,750,880
2001-08-31,750,750,750,750,680
2001-12-06,642,642,642,642,1600
2001-12-28,642,642,642,642,7160
2002-01-28,642,642,642,642,80
2002-02-05,642,642,642,642,200
2002-03-07,642,642,642,642,40
2002-06-10,575,575,575,575,2000
2002-06-24,563,563,563,563,1040
2002-07-02,563,563,563,563,80
2002-08-19,563,563,563,563,800
2002-09-17,563,563,563,563,880
2003-03-07,548,548,548,548,1440
2003-03-24,538,538,538,538,400
2003-03-25,535,535,535,535,400
2003-03-27,535,535,535,535,400
2003-03-31,535,535,535,535,400
2003-04-02,535,535,535,535,400
2003-05-15,495,495,495,495,4600
2003-05-16,493,493,493,493,400
2003-06-03,450,450,450,450,400
2003-07-17,437,437,437,437,800
2003-07-18,437,437,437,437,400
2003-07-31,435,435,435,435,2000
2003-08-11,402,402,402,402,800
2003-08-19,375,375,375,375,4520
2003-10-10,350,350,350,350,1600
2003-10-13,325,325,325,325,600
2003-10-14,325,325,325,325,14960
2003-10-16,325,325,325,325,8080
2003-10-21,325,325,325,325,280
2003-10-22,325,325,325,325,520
2003-10-31,325,325,325,325,200
2003-11-05,325,325,325,325,200
2003-11-12,313,313,313,313,960
2003-11-13,313,313,313,313,1320
2003-11-14,313,313,313,313,7200
2003-11-21,325,325,325,325,1560
2003-11-24,325,325,325,325,960
2003-11-28,313,313,313,313,320
2003-12-18,325,325,325,325,800
2003-12-29,325,325,325,325,400
2004-01-05,325,325,325,325,520
2004-01-12,325,325,325,325,40
2004-01-13,325,325,325,325,800
2004-01-26,325,325,325,325,600
2004-02-11,323,323,323,323,320
2004-02-16,323,323,323,323,160
2004-02-19,323,323,323,323,1200
2004-02-20,323,323,323,323,160
2004-02-23,325,325,325,325,600
2004-02-26,325,325,325,325,2000
2004-03-02,325,325,325,325,600
2004-03-09,325,325,325,325,440
2004-03-16,323,323,323,323,400
2004-04-02,323,323,323,323,200
2004-04-29,313,313,313,313,400
2004-04-30,300,300,300,300,1320
2004-05-10,300,300,300,300,120
2004-06-28,300,300,300,300,200
2004-07-05,300,300,300,300,1000
2004-07-06,300,300,300,300,400
2004-07-12,288,288,288,288,520
2004-07-14,288,288,288,288,1480
2004-07-15,288,288,288,288,480
2004-08-17,288,288,288,288,680
2004-09-29,288,288,288,288,40
2004-10-01,268,268,268,268,800
2004-10-15,268,268,268,268,1160
2004-11-05,256,256,256,256,400
2004-12-08,256,256,256,256,240
2004-12-22,248,248,248,248,320
2004-12-27,256,256,256,256,1200
2004-12-28,256,256,256,256,800
2004-12-31,256,256,256,256,80
2005-01-24,248,248,248,248,10040
2005-01-25,248,248,248,248,2800
2005-02-01,248,248,248,248,80
2005-02-03,229,229,229,229,23640
2005-02-04,229,229,229,229,4000
2005-02-18,229,229,229,229,1200
2005-02-24,212,212,212,212,4120
2005-02-28,213,213,213,213,9880
2005-03-01,213,213,213,213,120
2005-03-03,213,213,213,213,240
2005-03-07,213,213,213,213,40
2005-03-09,213,213,213,213,560
2005-04-25,210,210,210,210,400
2005-04-26,210,210,210,210,1440
2005-04-29,210,210,210,210,2240
2005-05-23,210,210,210,210,200
2005-06-07,210,210,210,210,1960
2005-06-08,210,210,210,210,1800
2005-06-17,210,210,210,210,360
2005-06-20,209,209,209,209,440
2005-07-06,209,209,209,209,40
2005-07-13,209,209,209,209,40
2005-07-21,209,209,209,209,400
2005-08-12,200,200,200,200,560
2005-08-17,200,200,200,200,80
2005-09-09,200,200,200,200,1560
2005-09-14,200,200,200,200,200
2005-10-05,200,200,200,200,200
2005-10-06,200,200,200,200,40
2005-10-07,200,200,200,200,40
2005-10-12,200,200,200,200,2800
2005-10-17,200,200,200,200,480
2005-10-20,200,200,200,200,40
2005-10-21,200,200,200,200,320
2005-10-24,200,200,200,200,640
2005-11-02,193,193,193,193,16200
2005-11-08,193,193,193,193,120
2005-11-10,193,193,193,193,200
2005-11-14,193,193,193,193,400
2005-11-21,193,193,193,193,440
2005-11-24,180,180,180,180,4600
2005-11-29,194,194,194,194,2720
2005-11-30,208,208,208,208,800
2005-12-01,223,223,223,223,1240
2005-12-02,238,238,238,238,560
2005-12-08,238,238,238,238,400
2005-12-13,268,268,268,268,1200
2006-01-09,268,268,268,268,400
2006-01-11,265,265,265,265,400
2006-01-12,265,265,265,265,1400
2006-02-07,265,265,265,265,120
2006-02-14,265,265,265,265,400
2006-11-13,250,250,250,250,26240
2006-12-15,233,233,233,233,3200
2006-12-22,215,215,215,215,960
2006-12-27,215,215,215,215,560
2006-12-28,200,200,200,200,800
2007-01-02,200,200,200,200,400
2007-01-05,200,200,200,200,440
2007-01-09,200,200,200,200,80
2007-01-10,200,200,200,200,720
2007-01-11,200,200,200,200,400
2007-01-12,200,200,200,200,1280
2007-01-15,200,200,200,200,120
2007-01-23,200,200,200,200,120
2007-01-24,200,200,200,200,280
2007-01-25,200,200,200,200,160
2007-02-16,200,200,200,200,760
2007-02-22,200,200,200,200,120
2007-02-26,200,200,200,200,320
2007-02-27,200,200,200,200,240
2007-03-08,200,200,200,200,40
2007-03-12,200,200,200,200,120
2007-03-19,200,200,200,200,600
2007-03-22,200,200,200,200,160
2007-03-23,200,200,200,200,360
2007-03-30,200,200,200,200,400
2007-04-02,200,200,200,200,1160
2007-04-06,200,200,200,200,360
2007-05-08,200,200,200,200,160
2007-05-24,213,213,213,213,840
2007-05-29,213,213,213,213,160
2007-05-31,213,213,213,213,400
2007-06-05,213,213,213,213,680
2007-06-06,213,213,213,213,800
2007-06-07,213,213,213,213,2000
2007-06-14,213,213,213,213,200
2007-06-15,213,213,213,213,240
2007-06-26,213,213,213,213,2000
2007-06-27,213,213,213,213,600
2007-07-18,215,215,215,215,320
2007-07-19,215,215,215,215,320
2007-07-31,215,215,215,215,40
2007-08-09,225,225,225,225,4040
2007-08-29,260,260,260,260,320
2007-09-07,280,280,280,280,1200
2007-09-10,260,260,260,260,40000
2007-09-11,280,280,280,280,440
2007-09-17,280,280,280,280,80
2007-09-21,300,300,300,300,720
2007-09-25,323,323,323,323,600
2007-10-03,324,324,324,324,640
2007-10-05,324,324,324,324,520
2007-10-11,350,350,350,350,1080
2007-10-16,375,375,375,375,1760
2007-10-17,389,389,389,389,360
2007-10-22,418,418,418,418,400
2007-10-23,418,418,418,418,1000
2007-10-25,449,449,449,449,2720
2007-10-29,480,480,480,480,2000
2007-10-31,516,516,516,516,3200
2007-11-02,513,513,513,513,640
2007-11-05,550,550,550,550,360
2007-11-07,591,591,591,591,5080
2007-11-12,625,625,625,625,4560
2007-11-13,625,625,625,625,400
2007-11-14,625,625,625,625,3520
2007-11-16,625,625,625,625,1120
2007-11-20,625,625,625,625,1440
2007-11-21,625,625,625,625,2000
2007-11-22,625,625,625,625,80
2007-11-28,625,625,625,625,200
2007-12-07,611,611,611,611,320
2007-12-13,600,600,600,600,800
2007-12-14,611,611,611,611,16080
2007-12-20,600,600,600,600,800
2007-12-31,600,600,600,600,240
2008-02-12,600,600,600,600,520
2008-02-28,598,598,598,598,320
2008-03-18,598,598,598,598,4000
2008-03-28,575,575,575,575,1440
2008-04-04,550,550,550,550,560
2008-04-07,550,550,550,550,520
2008-04-11,513,513,513,513,1280
2008-04-15,500,500,500,500,320
2008-04-16,500,500,500,500,1080
2008-04-22,500,500,500,500,680
2008-04-25,500,500,500,500,240
2008-05-02,463,463,463,463,400
2008-05-05,450,450,450,450,1080
2008-05-07,418,418,418,418,1800
2008-05-15,418,418,418,418,40
2008-05-20,413,413,413,413,400
2008-05-26,359,359,359,359,720
2008-05-28,388,388,388,388,538600
2008-05-29,415,415,415,415,4400
2008-05-30,415,415,415,415,2000
2008-06-13,415,415,415,415,200
2008-06-17,415,415,415,415,640
2008-06-24,415,415,415,415,1080
2008-06-25,415,415,415,415,200
2008-06-27,415,415,415,415,440
2008-07-03,418,418,418,418,14240
2008-07-04,418,418,418,418,4080
2008-07-11,418,418,418,418,40
2008-07-22,419,419,419,419,360
2008-07-24,450,450,450,450,360
2008-07-28,475,475,475,475,400
2008-07-29,500,500,500,500,4600
2008-08-01,538,538,538,538,520
2008-08-11,550,550,550,550,560
2008-08-13,580,580,580,580,440
2008-08-18,625,625,625,625,2200
2008-08-19,650,650,650,650,400
2008-08-20,699,699,699,699,360
2008-08-21,750,750,750,750,320
2008-08-22,800,800,800,800,1440
2008-08-25,855,855,855,855,3440
2008-08-26,875,875,875,875,960
2008-08-27,900,900,900,900,1240
2008-08-28,900,900,900,900,2600
2008-08-29,900,900,900,900,400
2008-09-01,900,900,900,900,2160
2008-09-02,900,900,900,900,120
2008-09-03,940,940,940,940,1280
2008-09-04,938,938,938,938,520
2008-09-09,875,875,875,875,1160
2008-09-10,825,825,825,825,600
2008-09-11,825,825,825,825,2440
2008-09-12,825,825,825,825,1240
2008-09-15,825,825,825,825,560
2008-09-16,825,825,825,825,400
2008-09-17,825,825,825,825,1960
2008-09-18,825,825,825,825,80
2008-09-19,825,825,825,825,40
2008-09-24,825,825,825,825,40
2008-09-25,825,825,825,825,800
2008-10-01,850,850,850,850,560
2008-10-03,850,850,850,850,80
2008-10-08,850,850,850,850,560
2008-10-23,786,786,786,786,320
2008-10-24,786,786,786,786,320
2008-10-30,786,786,786,786,160
2008-11-07,786,786,786,786,320
2008-11-26,786,786,786,786,120
2008-12-19,525,525,525,525,800
2008-12-22,525,525,525,525,2880
2009-01-05,488,488,488,488,440
2009-01-06,488,488,488,488,840
2009-01-07,488,488,488,488,640
2009-01-09,488,488,488,488,40
2009-02-02,475,475,475,475,400
2009-02-04,475,475,475,475,480
2009-02-05,475,475,475,475,240
2009-02-18,475,475,475,475,1600
2009-02-27,475,475,475,475,80
2009-03-05,473,473,473,473,720
2009-03-06,473,473,473,473,440
2009-03-10,473,473,473,473,400
2009-03-11,463,463,463,463,1600
2009-03-12,463,463,463,463,1440
2009-03-16,463,463,463,463,760
2009-03-17,463,463,463,463,40
2009-03-20,463,463,463,463,400
2009-03-24,463,463,463,463,1200
2009-03-25,463,463,463,463,40
2009-03-26,475,475,475,475,320
2009-04-02,475,475,475,475,400
2009-04-03,475,475,475,475,160
2009-04-07,475,475,475,475,360
2009-05-06,475,475,475,475,200
2009-05-11,475,475,475,475,400
2009-06-24,409,409,409,409,400
2009-07-08,409,409,409,409,1840
2009-07-14,409,409,409,409,40
2009-07-23,435,435,435,435,400
2009-08-11,425,425,425,425,2800
2009-08-12,425,425,425,425,80
2009-08-14,425,425,425,425,1200
2009-08-18,425,425,425,425,1200
2009-08-21,413,413,413,413,320
2009-08-24,413,413,413,413,80
2009-08-26,413,413,413,413,200
2009-09-01,413,413,413,413,440
2009-09-02,385,385,385,385,1800
2009-09-04,385,385,385,385,400
2009-09-08,385,385,385,385,560
2009-09-09,385,385,385,385,4440
2009-09-10,385,385,385,385,120
2009-09-11,386,386,386,386,2000
2009-09-16,386,386,386,386,200
2009-09-24,375,375,375,375,1000
2009-09-25,375,375,375,375,80
2009-09-29,375,375,375,375,280
2009-10-01,375,375,375,375,2560
2009-10-02,375,375,375,375,1600
2009-10-13,375,375,375,375,120
2009-10-15,375,375,375,375,40
2009-10-21,375,375,375,375,80
2009-10-27,376,376,376,376,320
2009-10-30,376,376,376,376,40
2009-11-10,376,376,376,376,40
2009-11-18,376,376,376,376,480
2009-12-02,376,376,376,376,2000
2009-12-17,404,404,404,404,2400
2009-12-18,435,435,435,435,2680
2009-12-21,435,435,435,435,80
2009-12-22,435,435,435,435,200
2010-01-04,372,372,372,372,3200
2010-01-06,350,350,350,350,4800
2010-01-07,350,350,350,350,200
2010-01-15,350,350,350,350,1680
2010-01-19,350,350,350,350,2080
2010-02-04,350,350,350,350,720
2010-02-12,350,350,350,350,1000
2010-02-23,350,350,350,350,2240
2010-03-09,363,363,363,363,10840
2010-03-10,390,390,390,390,40120
2010-03-11,395,395,395,395,11760
2010-03-12,405,405,405,405,8000
2010-03-16,468,468,468,468,400
2010-03-17,500,500,500,500,1720
2010-03-18,500,500,500,500,2960
2010-03-19,463,463,463,463,1080
2010-03-22,450,450,450,450,2440
2010-03-23,450,450,450,450,2040
2010-03-24,463,463,463,463,600
2010-03-30,463,463,463,463,2840
2010-04-01,475,475,475,475,360
2010-04-06,475,475,475,475,80
2010-04-12,463,463,463,463,3120
2010-04-13,463,463,463,463,1920
2010-04-14,450,450,450,450,400
2010-04-16,450,450,450,450,360
2010-04-19,450,450,450,450,1720
2010-04-20,450,450,450,450,1760
2010-04-21,450,450,450,450,80
2010-04-22,450,450,450,450,4080
2010-04-23,450,450,450,450,2240
2010-05-03,461,461,461,461,6240
2010-05-04,461,461,461,461,80
2010-05-05,450,450,450,450,520
2010-05-06,461,461,461,461,400
2010-05-07,461,461,461,461,5200
2010-05-10,461,461,461,461,200
2010-06-15,425,425,425,425,440
2010-07-01,425,425,425,425,320
2010-07-05,393,393,393,393,360
2010-07-06,393,393,393,393,80
2010-07-14,393,393,393,393,200
2010-07-15,393,393,393,393,400
2010-07-16,393,393,393,393,1320
2010-08-03,393,393,393,393,320
2010-08-13,405,405,405,405,1440
2010-08-16,405,405,405,405,160
2010-08-17,425,425,425,425,1120
2010-08-18,425,425,425,425,80
2010-08-19,425,425,425,425,80
2010-08-23,450,450,450,450,440
2010-08-30,425,425,425,425,680
2010-08-31,425,425,425,425,200
2010-09-09,457,457,457,457,320
2010-09-13,491,491,491,491,400
2010-09-14,528,528,528,528,520
2010-09-17,528,528,528,528,320
2010-09-20,567,567,567,567,840
2010-09-21,557,557,557,557,3160
2010-09-22,557,557,557,557,160
2010-09-23,557,557,557,557,360
2010-09-29,550,550,550,550,1120
2010-10-01,545,545,545,545,1000
2010-10-08,545,545,545,545,4000
2010-10-12,565,565,565,565,360
2010-10-15,565,565,565,565,40
2010-10-20,555,555,555,555,1760
2010-10-21,555,555,555,555,40
2010-10-25,555,555,555,555,6760
2010-10-28,555,555,555,555,400
2010-10-29,555,555,555,555,280
2010-11-02,563,563,563,563,3760
2010-11-05,563,563,563,563,4960
2010-11-12,563,563,563,563,1240
2010-11-18,563,563,563,563,1000
2010-11-23,563,563,563,563,4320
2010-11-24,563,563,563,563,3120
2010-11-30,575,575,575,575,1600
2010-12-09,575,575,575,575,40
2010-12-13,575,575,575,575,40
2010-12-15,575,575,575,575,120
2010-12-29,575,575,575,575,40
2011-01-07,575,575,575,575,4200
2011-01-17,575,575,575,575,80
2011-01-24,550,550,550,550,400
2011-01-31,525,525,525,525,1520
2011-02-01,525,525,525,525,280
2011-02-02,525,525,525,525,1240
2011-02-04,525,525,525,525,360
2011-02-08,525,525,525,525,200
2011-02-10,525,525,525,525,680
2011-03-02,525,525,525,525,800
2011-03-09,564,564,564,564,2600
2011-03-24,564,564,564,564,2800
2011-03-29,564,564,564,564,800
2011-04-04,564,564,564,564,1000
2011-05-25,607,607,607,607,8000
2011-06-06,750,750,750,750,3960
2011-06-07,750,750,750,750,640
2011-06-08,750,750,750,750,3520
2011-06-15,750,750,750,750,3280
2011-06-16,750,750,750,750,3440
2011-06-17,750,750,750,750,1080
2011-06-20,750,750,750,750,280
2011-06-23,806,806,806,806,600
2011-06-24,863,863,863,863,2200
2011-06-27,863,863,863,863,800
2011-06-30,863,863,863,863,120
2011-07-04,863,863,863,863,200
2011-07-05,863,863,863,863,80
2011-07-08,863,863,863,863,120
2011-07-13,850,850,850,850,480
2011-07-14,850,850,850,850,240
2011-07-21,750,750,750,750,440
2011-07-25,750,750,750,750,1600
2011-07-26,748,748,748,748,440
2011-07-28,748,748,748,748,120
2011-07-29,748,748,748,748,160
2011-08-03,745,745,745,745,1160
2011-08-05,775,775,775,775,480
2011-08-09,833,833,833,833,760
2011-08-10,850,850,850,850,1640
2011-08-11,833,833,833,833,1600
2011-08-12,863,863,863,863,1080
2011-08-16,863,863,863,863,1240
2011-08-17,863,863,863,863,280
2011-08-19,918,918,918,918,2120
2011-08-23,938,938,938,938,1680
2011-08-24,1000,1000,1000,1000,2760
2011-08-25,834,834,834,834,1120
2011-08-31,775,775,775,775,600
2011-09-07,750,750,750,750,600
2011-09-08,750,750,750,750,40
2011-09-19,763,763,763,763,320
2011-09-23,750,750,750,750,400
2011-09-28,750,750,750,750,40
2011-09-30,750,750,750,750,360
2011-10-03,763,763,763,763,400
2011-10-06,750,750,750,750,400
2011-10-13,750,750,750,750,760
2011-10-17,750,750,750,750,1200
2011-10-24,775,775,775,775,1280
2011-10-25,775,775,775,775,720
2011-10-26,775,775,775,775,840
2011-10-27,775,775,775,775,560
2011-10-31,750,750,750,750,320
2011-11-02,775,775,775,775,20200
2011-11-03,775,775,775,775,360
2011-11-04,750,750,750,750,520
2011-11-09,775,775,775,775,4200
2011-11-16,775,775,775,775,4480
2011-11-18,775,775,775,775,280
2011-11-24,775,775,775,775,200
2011-11-29,775,775,775,775,4000
2011-12-05,775,775,775,775,240
2011-12-13,725,725,725,725,4000
2011-12-15,725,725,725,725,4040
2011-12-21,775,775,775,775,680
2011-12-22,725,725,725,725,400
2012-01-03,775,775,775,775,1200
2012-01-09,775,775,775,775,2400
2012-01-12,775,775,775,775,2840
2012-01-13,775,775,775,775,720
2012-01-16,775,775,775,775,720
2012-01-17,775,775,775,775,240
2012-01-20,775,775,775,775,400
2012-01-24,775,775,775,775,400
2012-01-25,775,775,775,775,280
2012-01-30,750,750,750,750,320
2012-02-01,763,763,763,763,640
2012-02-02,763,763,763,763,920
2012-02-03,763,763,763,763,440
2012-02-06,775,775,775,775,400
2012-02-07,775,775,775,775,2760
2012-02-09,775,775,775,775,11320
2012-02-15,775,775,775,775,120
2012-02-24,775,775,775,775,20520
2012-02-27,788,788,788,788,20000
2012-02-28,800,800,800,800,400
2012-02-29,800,800,800,800,20200
2012-03-02,803,803,803,803,400
2012-03-06,813,813,813,813,13720
2012-03-08,813,813,813,813,600
2012-03-09,813,813,813,813,120
2012-03-15,813,813,813,813,80
2012-03-19,800,800,800,800,600
2012-03-21,800,800,800,800,40
2012-03-22,800,800,800,800,160
2012-03-23,813,813,813,813,1200
2012-03-26,813,813,813,813,4000
2012-03-27,813,813,813,813,16000
2012-03-28,813,813,813,813,4480
2012-03-29,813,813,813,813,16840
2012-03-30,813,813,813,813,20080
2012-04-02,800,800,800,800,2000
2012-04-06,800,800,800,800,600
2012-04-16,800,800,800,800,640
2012-04-17,800,800,800,800,1320
2012-04-20,800,800,800,800,160
2012-04-24,800,800,800,800,920
2012-04-25,800,800,800,800,2960
2012-04-26,800,800,800,800,120
2012-04-30,800,800,800,800,12800
2012-05-04,800,800,800,800,5600
2012-05-07,800,800,800,800,1600
2012-05-08,800,800,800,800,440
2012-05-09,800,800,800,800,360
2012-05-10,800,800,800,800,8000
2012-05-11,800,800,800,800,3200
2012-05-15,775,775,775,775,600
2012-05-16,775,775,775,775,1680
2012-05-21,788,788,788,788,520
2012-05-23,800,800,800,800,6200
2012-05-24,788,788,788,788,880
2012-06-05,786,786,786,786,10320
2012-06-06,786,786,786,786,80
2012-06-08,788,788,788,788,4120
2012-06-12,788,788,788,788,5560
2012-06-14,788,788,788,788,14680
2012-06-18,788,788,788,788,5880
2012-06-19,729,729,729,729,600
2012-06-26,750,750,750,750,60200
2012-06-28,750,750,750,750,200
2012-07-03,750,750,750,750,1200
2012-07-11,750,750,750,750,400
2012-07-17,750,750,750,750,1000
2012-07-20,750,750,750,750,240
2012-07-23,750,750,750,750,80
2012-07-24,750,750,750,750,80
2012-07-27,763,763,763,763,320
2012-08-08,775,775,775,775,2320
2012-08-17,775,775,775,775,3400
2012-08-21,800,800,800,800,440
2012-08-28,860,860,860,860,440
2012-08-31,875,875,875,875,16160
2012-09-04,813,813,813,813,800
2012-09-05,813,813,813,813,1200
2012-09-11,850,850,850,850,320
2012-09-12,875,875,875,875,1480
2012-09-13,900,900,900,900,1600
2012-09-14,900,900,900,900,400
2012-09-18,900,900,900,900,480
2012-09-20,900,900,900,900,480
2012-09-21,900,900,900,900,1000
2012-09-25,938,938,938,938,360
2012-10-01,938,938,938,938,320
2012-10-02,938,938,938,938,120
2012-10-03,950,950,950,950,800
2012-10-09,950,950,950,950,1400
2012-10-12,950,950,950,950,1400
2012-10-16,950,950,950,950,600
2012-10-17,950,950,950,950,1200
2012-10-18,950,950,950,950,6440
2012-10-22,1000,1000,1000,1000,8760
2012-10-23,988,988,988,988,2320
2012-10-24,1062,1062,1062,1062,4320
2012-10-25,1140,1140,1140,1140,7000
2012-10-29,1225,1225,1225,1225,4000
2012-10-30,1300,1300,1300,1300,14080
2012-10-31,1398,1398,1398,1398,14960
2012-11-02,1398,1398,1398,1398,3360
2012-11-06,1400,1400,1400,1400,35480
2012-11-07,1400,1400,1400,1400,640
2012-11-08,1400,1400,1400,1400,320
2012-11-09,1400,1400,1400,1400,2760
2012-11-12,1400,1400,1400,1400,16920
2012-11-13,1400,1400,1400,1400,12600
2012-11-14,1400,1400,1400,1400,4320
2012-11-19,1400,1400,1400,1400,2480
2012-11-20,1400,1400,1400,1400,2800
2012-11-27,1400,1400,1400,1400,440
2012-11-30,1350,1350,1350,1350,360
2012-12-04,1249,1249,1249,1249,720
2012-12-07,1249,1249,1249,1249,400
2012-12-10,1342,1342,1342,1342,3480
2012-12-11,1249,1249,1249,1249,400
2012-12-12,1249,1249,1249,1249,960
2012-12-14,1155,1155,1155,1155,9440
2012-12-17,1155,1155,1155,1155,480
2012-12-19,1155,1155,1155,1155,520
2012-12-21,1155,1155,1155,1155,520
2012-12-24,1188,1188,1188,1188,1480
2012-12-28,1213,1213,1213,1213,800
2012-12-31,1300,1300,1300,1300,600
2013-01-02,1375,1375,1375,1375,320
2013-01-03,1350,1350,1350,1350,1680
2013-01-04,1350,1350,1350,1350,1600
2013-01-08,1350,1350,1350,1350,4120
2013-01-09,1350,1350,1350,1350,2400
2013-01-17,1350,1350,1350,1350,15960
2013-01-21,1350,1350,1350,1350,8040
2013-01-28,1350,1350,1350,1350,200
2013-02-05,1350,1350,1350,1350,160
2013-02-06,1350,1350,1350,1350,40
2013-02-07,1400,1400,1400,1400,440
2013-02-11,1400,1400,1400,1400,160
2013-02-13,1400,1400,1400,1400,1600
2013-02-14,1413,1413,1413,1413,11840
2013-02-18,1400,1400,1400,1400,8000
2013-02-19,1400,1400,1400,1400,8040
2013-02-21,1413,1413,1413,1413,12880
2013-02-26,1390,1390,1390,1390,11560
2013-02-27,1425,1425,1425,1425,440
2013-02-28,1503,1503,1503,1503,32160
2013-03-01,1600,1600,1600,1600,11600
2013-03-04,1720,1720,1720,1720,4600
2013-03-06,1625,1625,1625,1625,4000
2013-03-07,1600,1600,1600,1600,2400
2013-03-11,1550,1550,1550,1550,4160
2013-03-12,1600,1600,1600,1600,4320
2013-03-15,1550,1550,1550,1550,10000
2013-03-21,1550,1550,1550,1550,840
2013-03-22,1550,1550,1550,1550,400
2013-03-29,1650,1650,1650,1650,3080
2013-04-02,1743,1743,1743,1743,1320
2013-04-04,1743,1743,1743,1743,560
2013-04-05,1743,1743,1743,1743,9720
2013-04-08,1650,1650,1650,1650,1080
2013-04-09,1743,1743,1743,1743,21680
2013-04-12,1650,1650,1650,1650,1200
2013-04-15,1635,1635,1635,1635,4000
2013-04-16,1563,1563,1563,1563,18080
2013-04-17,1500,1500,1500,1500,4240
2013-04-19,1500,1500,1500,1500,7000
2013-04-30,1500,1500,1500,1500,840
2013-05-03,1600,1600,1600,1600,400
2013-05-06,1600,1600,1600,1600,200
2013-05-07,1613,1613,1613,1613,8600
2013-05-08,1625,1625,1625,1625,7600
2013-05-15,1640,1640,1640,1640,400
2013-05-16,1650,1650,1650,1650,1000
2013-05-17,1747,1747,1747,1747,520
2013-05-28,1850,1850,1850,1850,1480
2013-05-29,1850,1850,1850,1850,480
2013-05-30,1900,1900,1900,1900,560
2013-06-04,1906,1906,1906,1906,320
2013-06-06,1906,1906,1906,1906,1320
2013-06-11,1907,1907,1907,1907,1000
2013-06-13,1906,1906,1906,1906,1000
2013-06-19,1905,1905,1905,1905,560
2013-06-24,1850,1850,1850,1850,600
2013-06-25,1850,1850,1850,1850,880
2013-06-26,1850,1850,1850,1850,12200
2013-06-27,1850,1850,1850,1850,280
2013-07-01,1850,1850,1850,1850,120
2013-07-02,1711,1711,1711,1711,6680
2013-07-03,1713,1713,1713,1713,3160
2013-07-11,1713,1713,1713,1713,680
2013-07-24,1800,1800,1800,1800,14240
2013-07-30,1750,1750,1750,1750,680
2013-08-01,1763,1763,1763,1763,4040
2013-08-02,1775,1775,1775,1775,640
2013-08-13,1775,1775,1775,1775,400
2013-08-14,1775,1775,1775,1775,40
2013-08-20,1777,1777,1777,1777,680
2013-08-22,1777,1777,1777,1777,40
2013-08-29,1788,1788,1788,1788,440
2013-08-30,1788,1788,1788,1788,8520
2013-09-09,1813,1813,1813,1813,40080
2013-09-10,1788,1788,1788,1788,560
2013-09-11,1788,1788,1788,1788,440
2013-09-13,1788,1788,1788,1788,400
2013-09-16,1775,1775,1775,1775,960
2013-09-18,1750,1750,1750,1750,800
2013-09-19,1788,1788,1788,1788,1720
2013-09-20,1787,1787,1787,1787,24000
2013-09-23,1787,1787,1787,1787,2880
2013-09-25,1813,1813,1813,1813,80
2013-09-26,1925,1925,1925,1925,40
2013-09-30,1800,1925,1800,1925,160
2013-10-03,1813,1813,1813,1813,80
2013-10-07,1825,1925,1825,1925,17760
2013-10-10,1900,1925,1900,1925,1560
2013-10-14,1925,1925,1925,1925,40
2013-10-16,1938,1938,1938,1938,360
2013-10-17,1963,1963,1963,1963,40
2013-10-18,1963,1963,1963,1963,40
2013-10-21,1963,1963,1963,1963,520
2013-10-22,2000,2000,2000,2000,12200
2013-10-24,2000,2150,2000,2000,23840
2013-10-29,2000,2000,2000,2000,2040
2013-10-30,1965,1965,1965,1965,320
2013-10-31,2000,2000,2000,2000,6000
2013-11-04,2000,2000,2000,2000,1440
2013-11-05,2000,2000,2000,2000,1760
2013-11-08,2000,2000,2000,2000,21400
2013-11-11,2063,2063,2063,2063,4000
2013-11-14,2063,2063,2063,2063,8520
2013-11-18,2063,2063,2063,2063,440
2013-11-19,2063,2063,2050,2050,11920
2013-11-20,2050,2050,2050,2050,1320
2013-11-22,2000,2063,2000,2063,17720
2013-11-25,2050,2063,2050,2063,14320
2013-11-27,2063,2063,2050,2050,560
2013-11-28,2038,2038,2038,2038,280
2013-12-02,2050,2050,2038,2038,720
2013-12-04,2036,2050,2036,2050,30760
2013-12-06,2050,2113,2050,2113,8080
2013-12-09,2113,2113,2113,2113,25400
2013-12-10,2200,2200,2200,2200,14120
2013-12-11,2200,2200,2200,2200,2000
2013-12-16,2198,2200,2198,2200,6600
2013-12-17,2200,2200,2200,2200,13600
2013-12-18,2225,2225,2225,2225,40
2013-12-20,2200,2200,2200,2200,400
2013-12-23,2250,2250,2250,2250,600
2013-12-24,2250,2350,2250,2350,7600
2013-12-26,2350,2350,2350,2350,3600
2013-12-27,2400,2400,2400,2400,4800
2013-12-30,2498,2498,2498,2498,20000
2013-12-31,2545,2545,2545,2545,21840
2014-01-02,2354,2354,2354,2354,400
2014-01-06,2485,2485,2485,2485,400
2014-01-08,2485,2485,2485,2485,400
2014-01-16,2485,2485,2485,2485,8000
2014-01-21,2485,2485,2475,2485,6480
2014-01-22,2485,2485,2485,2485,5200
2014-01-24,2550,2550,2550,2550,8000
2014-01-27,2485,2485,2485,2485,80
2014-01-31,2485,2485,2485,2485,1120
2014-02-05,2500,2500,2500,2500,1600
2014-02-06,2488,2663,2488,2663,720
2014-02-12,2550,2550,2550,2550,520
2014-02-13,2500,2550,2500,2550,920
2014-02-14,2550,2550,2550,2550,160
2014-02-17,2550,2550,2550,2550,520
2014-02-19,2550,2662,2550,2662,3600
2014-02-20,2660,2660,2660,2660,40
2014-02-26,2650,2650,2650,2650,80
2014-03-03,2500,2500,2463,2463,8520
2014-03-06,2350,2350,2350,2350,280
2014-03-07,2250,2250,2250,2250,240
2014-03-11,2250,2250,2250,2250,40
2014-03-12,2250,2263,2250,2250,1240
2014-03-13,2081,2081,2081,2081,400
2014-03-19,2081,2081,2081,2081,200
2014-03-21,1925,1925,1925,1925,40
2014-03-27,2070,2070,2070,2070,400
2014-03-28,2225,2225,2225,2225,1160
2014-03-31,2250,2250,2200,2200,20520
2014-04-01,2205,2250,2205,2250,59240
2014-04-02,2238,2238,2238,2238,200
2014-04-03,2238,2250,2238,2250,20200
2014-04-09,2200,2200,2200,2200,160
2014-04-14,2200,2200,2200,2200,2680
2014-04-18,2200,2200,2200,2200,80
2014-04-22,2200,2200,2200,2200,1000
2014-04-25,2000,2000,2000,2000,1360
2014-04-28,2000,2000,2000,2000,640
2014-04-29,2000,2000,2000,2000,1600
2014-05-02,2000,2000,2000,2000,80
2014-05-05,2000,2000,2000,2000,320
2014-05-06,1950,1950,1950,1950,2200
2014-05-08,1950,1950,1950,1950,40
2014-05-15,1813,1813,1813,1813,1440
2014-05-19,1825,1825,1825,1825,360
2014-05-21,1825,1825,1825,1825,200
2014-05-22,1838,1838,1838,1838,3600
2014-05-27,1840,1840,1840,1840,40
2014-05-30,1840,1840,1840,1840,720
2014-06-04,1875,1875,1875,1875,80
2014-06-06,1850,1875,1850,1850,760
2014-06-10,1850,1850,1850,1850,840
2014-06-11,1850,1850,1850,1850,440
2014-06-12,1950,1950,1950,1950,600
2014-06-13,1875,1875,1875,1875,280
2014-06-17,2013,2013,2013,2013,12000
2014-06-23,2095,2095,2095,2095,800
2014-06-24,2095,2095,2095,2095,280
2014-06-30,2093,2093,2093,2093,40
2014-07-01,2050,2050,2050,2050,40
2014-07-03,2075,2075,2075,2075,40
2014-07-04,2075,2075,2075,2075,120
2014-07-07,2095,2095,2095,2095,40
2014-07-08,2163,2163,2163,2163,880
2014-07-14,2150,2150,2150,2150,320
2014-07-15,2150,2150,2100,2100,1200
2014-07-17,2163,2163,2163,2163,14000
2014-07-23,2163,2163,2163,2163,200
2014-07-25,2163,2163,2163,2163,320
2014-07-30,2200,2200,2200,2200,80
2014-08-01,2200,2200,2200,2200,360
2014-08-04,2250,2250,2250,2250,80
2014-08-05,2250,2250,2250,2250,400
2014-08-06,2225,2225,2225,2225,240
2014-08-08,2200,2225,2200,2225,280
2014-08-11,2250,2250,2250,2250,520
2014-08-12,2250,2250,2250,2250,1840
2014-08-14,2225,2250,2225,2250,3040
2014-08-18,2250,2250,2250,2250,680
2014-08-19,2250,2250,2250,2250,2640
2014-08-20,2250,2250,2250,2250,40
2014-08-22,2258,2258,2258,2258,80
2014-08-26,2263,2263,2263,2263,480
2014-08-28,2263,2413,2263,2413,3840
2014-09-05,2413,2413,2413,2413,800
2014-09-11,2438,2438,2438,2438,40
2014-09-15,2438,2500,2438,2500,1640
2014-09-16,2500,2500,2500,2500,6800
2014-09-19,2500,2500,2500,2500,80
2014-09-23,2475,2475,2475,2475,400
2014-09-24,2450,2450,2450,2450,2000
2014-09-26,2475,2500,2475,2500,24280
2014-09-30,2450,2500,2450,2500,440
2014-10-01,2500,2500,2450,2450,6200
2014-10-06,2453,2453,2453,2453,160
2014-10-14,2450,2450,2450,2450,1400
2014-10-15,2450,2450,2450,2450,200
2014-10-17,2450,2450,2450,2450,40
2014-10-20,2269,2269,2269,2269,1200
2014-10-21,2269,2269,2269,2269,80
2014-10-22,2266,2266,2266,2266,240
2014-10-27,2250,2250,2175,2175,480
2014-10-28,2125,2175,2125,2175,160
2014-11-03,2175,2175,2175,2175,280
2014-11-05,2100,2100,2100,2100,800
2014-11-06,2100,2100,2100,2100,120
2014-11-10,2100,2100,2100,2100,7520
2014-11-13,2150,2150,2150,2150,2440
2014-11-21,2150,2150,2150,2150,400
2014-11-24,2200,2200,2200,2200,200
2014-11-27,2200,2200,2200,2200,80
2014-11-28,2250,2250,2250,2250,840
2014-12-01,2311,2311,2311,2311,1560
2014-12-04,2295,2295,2295,2295,2920
2014-12-11,2275,2375,2275,2375,3680
2014-12-12,2375,2375,2375,2375,17880
2014-12-16,2500,2500,2500,2500,400
2014-12-17,2375,2500,2375,2500,13400
2014-12-18,2375,2488,2375,2488,17320
2014-12-19,2450,2488,2450,2488,320
2014-12-22,2375,2488,2375,2488,2200
2014-12-24,2500,2500,2500,2500,4000
2014-12-29,2500,2500,2500,2500,1800
2014-12-31,2500,2550,2500,2550,2880
2015-01-06,2550,2550,2550,2550,40
2015-01-07,2359,2741,2359,2741,9200
2015-01-09,2700,2725,2700,2725,4800
2015-01-14,2700,2700,2700,2700,5400
2015-01-23,2700,2713,2700,2713,400
2015-01-27,2675,2700,2675,2700,800
2015-02-06,2700,2700,2700,2700,40
2015-02-11,2700,2700,2700,2700,80
2015-02-16,2500,2500,2500,2500,8400
2015-02-18,2500,2675,2500,2675,1400
2015-02-23,2625,2650,2625,2650,3000
2015-02-24,2650,2650,2650,2650,4000
2015-02-26,2451,2451,2451,2451,3920
2015-02-27,2451,2451,2451,2451,200
2015-03-02,2268,2268,2268,2268,40
2015-03-04,2098,2098,2098,2098,80
2015-03-05,1940,1940,1940,1940,200
2015-03-06,1940,1940,1795,1795,1360
2015-03-09,1795,1831,1795,1831,560
2015-03-10,1800,1831,1800,1831,280
2015-03-12,1775,1775,1775,1775,40
2015-03-17,1775,1775,1775,1775,160
2015-03-18,1775,1833,1775,1833,2800
2015-03-23,1775,1800,1775,1800,1600
2015-03-24,1833,1833,1750,1750,1000
2015-03-25,1750,1750,1750,1750,1240
2015-03-27,1700,1700,1675,1675,1440
2015-03-30,1638,1638,1638,1638,40
2015-03-31,1575,1575,1575,1575,560
2015-04-01,1458,1458,1458,1458,600
2015-04-02,1458,1458,1458,1458,880
2015-04-03,1458,1458,1458,1458,1240
2015-04-07,1458,1458,1458,1458,800
2015-04-08,1458,1458,1457,1458,5200
2015-04-09,1457,1457,1450,1450,1640
2015-04-10,1450,1450,1450,1450,40
2015-04-13,1450,1450,1450,1450,4160
2015-04-15,1450,1450,1425,1425,480
2015-04-16,1450,1450,1450,1450,2680
2015-04-17,1450,1450,1450,1450,640
2015-04-20,1450,1450,1425,1425,480
2015-04-21,1450,1450,1450,1450,4000
2015-04-22,1450,1450,1450,1450,42720
2015-04-23,1470,1470,1470,1470,800
2015-04-27,1480,1480,1480,1480,14400
2015-04-30,1500,1550,1500,1550,480
2015-05-06,1625,1625,1625,1625,1200
2015-05-07,1745,1745,1745,1745,400
2015-05-08,1875,1875,1875,1875,1600
2015-05-11,1750,1750,1750,1750,160
2015-05-18,1750,1750,1750,1750,800
2015-05-19,1881,1881,1881,1881,1200
2015-05-20,1975,1975,1975,1975,800
2015-05-21,1963,1975,1963,1975,1040
2015-05-27,1975,1975,1975,1975,240
2015-05-28,1975,1975,1975,1975,80
2015-05-29,1975,2113,1975,2113,1960
2015-06-01,2125,2125,2125,2125,200
2015-06-08,2125,2125,2125,2125,1480
2015-06-09,2250,2250,2250,2250,4000
2015-06-10,2375,2375,2375,2375,1400
2015-06-11,2375,2375,2375,2375,40
2015-06-15,2375,2500,2375,2500,640
2015-06-16,2500,2550,2500,2550,2240
2015-06-17,2550,2550,2550,2550,80
2015-06-18,2550,2741,2550,2741,3200
2015-06-19,2688,2947,2625,2625,25280
2015-06-24,2575,2575,2575,2575,720
2015-06-26,2575,2625,2575,2625,4800
2015-06-30,2625,2625,2625,2625,40
2015-07-02,2600,2600,2600,2600,200
2015-07-08,2405,2405,2405,2405,320
2015-07-10,2405,2405,2405,2405,200
2015-07-29,2405,2413,2405,2405,10720
2015-07-30,2405,2405,2405,2405,120
2015-07-31,2405,2405,2405,2405,840
2015-08-03,2405,2405,2405,2405,840
2015-08-04,2450,2450,2450,2450,1000
2015-08-05,2450,2450,2450,2450,160
2015-08-06,2450,2450,2450,2450,40
2015-08-10,2450,2450,2425,2425,3760
2015-08-11,2425,2425,2425,2425,2000
2015-08-12,2425,2425,2425,2425,40
2015-08-13,2413,2413,2413,2413,800
2015-08-17,2405,2405,2400,2400,200
2015-08-24,2400,2400,2400,2400,3880
2015-08-25,2403,2403,2403,2403,360
2015-08-26,2500,2500,2500,2500,40
2015-08-28,2289,2289,2289,2289,600
2015-09-01,2250,2275,2250,2275,320
2015-09-02,2288,2288,2288,2288,240
2015-09-03,2300,2300,2300,2300,80
2015-09-07,2300,2350,2300,2350,120
2015-09-08,2365,2365,2363,2363,20840
2015-09-10,2388,2395,2388,2395,1600
2015-09-11,2400,2400,2388,2388,20000
2015-09-14,2473,2473,2473,2473,40
2015-09-16,2473,2473,2473,2473,360
2015-09-18,2625,2625,2625,2625,200
2015-09-22,2625,2625,2625,2625,40
2015-09-29,2500,2500,2500,2500,2000
2015-10-01,2600,2600,2600,2600,2360
2015-10-08,2550,2550,2550,2550,23560
2015-10-09,2500,2500,2500,2500,12600
2015-10-14,2450,2550,2450,2550,8160
2015-10-16,2550,2550,2550,2550,2640
2015-10-19,2550,2550,2500,2500,1040
2015-10-20,2550,2550,2550,2550,320
2015-10-22,2550,2550,2525,2525,400
2015-10-23,2550,2550,2550,2550,200
2015-10-26,2525,2525,2525,2525,1680
2015-10-27,2525,2525,2525,2525,400
2015-10-30,2563,2563,2563,2563,200
2015-11-04,2500,2500,2500,2500,200
2015-11-12,2500,2500,2500,2500,40
2015-11-13,2500,2500,2500,2500,40
2015-11-18,2500,2500,2500,2500,920
2015-11-20,2500,2500,2500,2500,4000
2015-11-23,2500,2500,2500,2500,3080
2015-11-24,2500,2503,2500,2503,120200
2015-11-25,2503,2503,2503,2503,19880
2015-11-27,2475,2500,2475,2500,520
2015-11-30,2500,2503,2500,2503,200
2015-12-04,2500,2500,2500,2500,6040
2015-12-07,2500,2500,2500,2500,6000
2015-12-09,2500,2625,2500,2625,10680
2015-12-16,2675,2750,2675,2750,60080
2015-12-18,2750,2750,2750,2750,120
2015-12-30,2725,2875,2725,2875,5000
2015-12-31,3088,3088,3088,3088,600
2016-01-05,3088,3088,3000,3000,600
2016-01-06,3000,3000,3000,3000,120
2016-01-07,3000,3088,3000,3088,440
2016-01-12,3025,3025,3025,3025,160
2016-01-14,3075,3075,3075,3075,2960
2016-01-15,3075,3075,3075,3075,120
2016-01-19,3075,3075,3075,3075,1040
2016-01-20,3075,3088,3075,3075,10720
2016-01-25,3075,3088,3075,3088,80
2016-02-05,3013,3013,3013,3013,160
2016-02-10,3000,3000,3000,3000,40
2016-02-16,3000,3088,3000,3088,800
2016-02-19,3075,3075,3075,3075,12000
2016-02-23,3075,3075,3075,3075,120
2016-02-24,3075,3075,3075,3075,40
2016-02-26,2844,2844,2844,2844,80
2016-02-29,2925,2925,2925,2925,40
2016-03-02,2875,2875,2875,2875,400
2016-03-04,2659,2659,2659,2659,120
2016-03-09,2650,2650,2650,2650,40
2016-03-14,2475,2475,2451,2451,240
2016-03-16,2375,2375,2375,2375,1040
2016-03-17,2375,2375,2375,2375,40
2016-03-18,2375,2375,2375,2375,1200
2016-03-30,2250,2250,2250,2250,680
2016-03-31,2250,2250,2250,2250,120
2016-04-04,2250,2250,2250,2250,80
2016-04-05,2250,2250,2250,2250,120
2016-04-06,2200,2200,2200,2200,1200
2016-04-07,2200,2200,2200,2200,40
2016-04-08,2200,2200,2125,2125,3080
2016-04-11,2000,2000,2000,2000,1240
2016-04-12,2075,2075,2075,2075,2440
2016-04-13,2075,2075,2063,2063,1360
2016-04-22,2217,2217,2217,2217,600
2016-04-25,2350,2350,2350,2350,360
2016-04-26,2350,2350,2350,2350,40
2016-04-27,2350,2350,2350,2350,200
2016-04-28,2363,2363,2363,2363,200
2016-05-04,2388,2388,2388,2388,200
2016-05-06,2400,2400,2400,2400,160
2016-05-10,2540,2540,2540,2540,3800
2016-05-13,2678,2678,2678,2678,200
2016-05-17,2675,2675,2675,2675,800
2016-05-18,2875,2875,2875,2875,80
2016-05-25,2875,2875,2875,2875,400
2016-05-26,2818,2875,2818,2875,12760
2016-05-30,2875,2875,2875,2875,160
2016-06-01,2875,2875,2875,2875,520
2016-06-02,2875,2875,2875,2875,12000
2016-06-03,2873,2873,2873,2873,40
2016-06-10,2750,2750,2750,2750,40
2016-06-13,2695,2850,2695,2850,400
2016-06-14,2850,2875,2850,2875,520
2016-06-24,2818,2875,2818,2875,1200
2016-06-30,2675,2675,2675,2675,40
2016-07-01,2675,2675,2675,2675,1000
2016-07-07,2700,2700,2700,2700,80
2016-07-08,2700,2700,2700,2700,1720
2016-07-11,2700,2750,2500,2750,480
2016-07-12,2750,2750,2750,2750,680
2016-07-20,2956,2956,2950,2950,120
2016-07-22,2750,2750,2750,2750,4040
2016-07-25,2750,2750,2750,2750,80
2016-08-01,2750,2750,2750,2750,1760
2016-08-05,2725,2725,2725,2725,160
2016-08-11,2550,2550,2550,2550,3920
2016-08-19,2513,2513,2513,2513,400
2016-08-22,2500,2500,2500,2500,40
2016-08-26,2500,2500,2500,2500,200
2016-08-29,2375,2375,2375,2375,920
2016-09-01,2375,2375,2363,2363,1520
2016-09-02,2363,2363,2200,2200,320
2016-09-05,2250,2250,2250,2250,1480
2016-09-06,2250,2250,2250,2250,520
2016-09-07,2250,2250,2225,2228,4480
2016-09-08,2250,2250,2250,2250,120
2016-09-09,2250,2370,2250,2370,11000
2016-09-13,2370,2370,2238,2250,10400
2016-09-14,2225,2225,2125,2125,116320
2016-09-15,2250,2250,2250,2250,40
2016-09-16,2250,2250,2250,2250,8720
2016-09-21,2275,2275,2275,2275,40
2016-09-22,2250,2275,2225,2275,4600
2016-09-23,2275,2275,2275,2275,520
2016-09-29,2250,2250,2250,2250,40
2016-09-30,2250,2250,2250,2250,40
2016-10-05,2250,2250,2200,2200,200
2016-10-06,2200,2200,2200,2200,200
2016-10-07,2200,2250,2200,2250,1640
2016-10-10,2200,2200,2200,2200,200
2016-10-11,2200,2200,2200,2200,4160
2016-10-14,2180,2200,2180,2200,1000
2016-10-18,2175,2175,2175,2175,80
2016-10-21,2175,2175,2150,2150,3320
2016-10-24,2000,2000,2000,2000,640
2016-10-25,2000,2000,2000,2000,1200
2016-10-26,2000,2000,2000,2000,800
2016-10-28,2000,2000,2000,2000,240
2016-10-31,2000,2125,2000,2125,1280
2016-11-04,2000,2000,2000,2000,640
2016-11-07,2000,2000,2000,2000,4320
2016-11-08,2000,2000,2000,2000,120
2016-11-11,2075,2075,2075,2075,40
2016-11-16,2150,2150,2150,2150,3440
2016-11-22,2123,2150,2123,2150,560
2016-11-23,2150,2200,2150,2200,200
2016-11-24,2125,2125,2125,2125,200
2016-11-25,2125,2200,2125,2200,240
2016-11-30,2198,2198,2198,2198,80
2016-12-06,2198,2198,2198,2198,720
2016-12-09,2195,2195,2195,2195,160
2016-12-14,2175,2198,2175,2198,200
2016-12-20,2185,2185,2185,2185,40
2016-12-21,2185,2188,2185,2188,80
2017-01-17,2125,2125,2125,2125,400
2017-01-18,2125,2125,2125,2125,80
2017-01-23,1978,1978,1978,1978,40
2017-01-26,1979,1979,1979,1979,40
2017-02-01,1963,1965,1963,1963,2440
2017-02-03,1963,1963,1963,1963,17680
2017-02-08,1963,1963,1963,1963,240
2017-02-10,1950,1950,1950,1950,80
2017-02-16,1950,1950,1950,1950,200
2017-02-27,2000,2000,1950,1950,10320
2017-02-28,1950,1950,1950,1950,32800
2017-03-01,1950,1950,1950,1950,2360
2017-03-02,1892,1950,1892,1950,1000
2017-03-03,1925,1925,1925,1925,760
2017-03-06,1900,1948,1900,1948,320
2017-03-07,1892,1950,1892,1950,680
2017-03-08,1950,1950,1950,1950,400
2017-03-09,1875,1875,1875,1875,17800
2017-03-10,1950,1950,1950,1950,200
2017-03-13,1835,1835,1835,1835,6000
2017-03-14,1835,1835,1825,1825,360
2017-03-15,1825,1825,1825,1825,200
2017-03-16,1811,1825,1811,1813,24120
2017-03-17,1825,1850,1825,1850,4280
2017-03-20,1850,1850,1825,1825,2200
2017-03-21,1825,1825,1825,1825,80
2017-03-22,1850,1850,1838,1838,17680
2017-03-23,1838,1838,1838,1838,40
2017-03-27,1838,1838,1838,1838,80
2017-03-28,1700,1700,1700,1700,400
2017-03-29,1575,1575,1575,1575,400
2017-03-30,1575,1575,1575,1575,80
2017-03-31,1575,1575,1575,1575,80
2017-04-05,1625,1625,1600,1600,200
2017-04-12,1500,1500,1500,1500,40
2017-04-25,1400,1400,1400,1400,400
2017-04-27,1400,1475,1400,1475,200
2017-05-03,1475,1475,1450,1450,2200
2017-05-04,1475,1475,1475,1475,1800
2017-05-05,1498,1498,1498,1498,1280
2017-05-08,1500,1500,1500,1500,29280
2017-05-09,1500,1500,1500,1500,4600
2017-05-11,1500,1500,1500,1500,5520
2017-05-12,1500,1500,1499,1499,3480
2017-05-15,1499,1499,1499,1499,200
2017-05-17,1450,1450,1450,1450,120
2017-05-19,1400,1400,1400,1400,400
2017-05-22,1400,1400,1400,1400,7600
2017-05-23,1365,1365,1365,1365,120
2017-05-26,1264,1450,1263,1450,400
2017-06-06,1341,1341,1341,1341,240
2017-06-07,1278,1442,1278,1442,4400
2017-06-14,1425,1500,1425,1500,1160
2017-06-19,1388,1388,1388,1388,480
2017-06-20,1388,1388,1388,1388,200
2017-06-23,1388,1388,1388,1388,2200
2017-06-27,1334,1334,1334,1334,40
2017-06-28,1280,1280,1280,1280,280
2017-07-03,1275,1275,1275,1275,40
2017-07-07,1179,1179,1179,1179,120
2017-07-11,1125,1125,1125,1125,280
2017-07-12,1125,1125,1125,1125,320
2017-07-13,1126,1126,1125,1125,520
2017-07-18,1125,1209,1125,1209,80
2017-07-19,1125,1125,1125,1125,400
2017-07-20,1175,1175,1175,1175,320
2017-07-21,1175,1175,1175,1175,200
2017-07-24,1175,1175,1175,1175,320
2017-07-25,1175,1175,1175,1175,480
2017-07-26,1087,1087,1087,1087,320
2017-07-27,1125,1125,1125,1125,40
2017-07-28,1175,1175,1125,1125,240
2017-07-31,1075,1075,1075,1075,40
2017-08-01,1075,1075,1075,1075,240
2017-08-02,1075,1075,1063,1073,360
2017-08-03,1050,1050,1050,1050,80
2017-08-04,1050,1050,1000,1000,360
2017-08-09,1000,1000,1000,1000,840
2017-08-10,988,988,950,988,160
2017-08-11,975,975,975,975,320
2017-08-17,950,1045,950,1000,323
2017-08-18,1000,1000,1000,1000,788
2017-08-21,1000,1000,925,925,4097
2017-08-22,990,990,990,990,1018
2017-08-23,985,990,925,990,310
2017-08-24,990,990,990,990,100
2017-08-25,990,995,990,990,722
2017-08-28,1000,1000,975,995,6328
2017-08-29,995,1000,990,1000,512
2017-08-30,1000,1000,995,1000,456
2017-08-31,1000,1000,1000,1000,180
2017-09-04,1000,1000,995,1000,1956
2017-09-05,1000,1000,950,1000,1205
2017-09-06,1000,1000,925,925,692
2017-09-07,900,990,900,990,1491
2017-09-08,1000,1000,1000,1000,345
2017-09-11,1000,1000,1000,1000,8665
2017-09-12,1000,1000,1000,1000,3056
2017-09-13,1000,1000,995,995,1975
2017-09-14,1000,1000,1000,1000,2335
2017-09-15,1000,1000,1000,1000,174
2017-09-18,1000,1000,1000,1000,1018
2017-09-19,1000,1000,1000,1000,283
2017-09-20,1000,1000,1000,1000,774
2017-09-21,1000,1000,1000,1000,157
2017-09-22,995,995,950,950,1027
2017-09-25,1000,1000,1000,1000,30121
2017-09-27,1020,1020,1000,1000,206
2017-09-28,1000,1000,1000,1000,365
2017-09-29,1000,1000,1000,1000,1409
2017-10-02,1000,1000,950,1000,7270
2017-10-03,925,1000,925,1000,1567
2017-10-04,1000,1000,925,925,1350
2017-10-06,950,990,950,990,5070
2017-10-09,1000,1000,920,920,12347
2017-10-10,985,985,985,985,130
2017-10-11,1000,1000,935,1000,284
2017-10-12,1000,1000,1000,1000,37
2017-10-13,1000,1000,925,1000,7537
2017-10-16,1000,1000,1000,1000,261
2017-10-17,1000,1000,1000,1000,120
2017-10-18,1000,1000,960,960,1700
2017-10-19,950,1000,950,1000,762
2017-10-20,1000,1000,945,945,455
2017-10-23,1000,1000,1000,1000,525
2017-10-24,925,925,925,925,4921
2017-10-25,925,985,925,985,1947
2017-10-26,985,985,925,985,6806
2017-10-27,985,985,985,985,25
2017-10-30,990,990,985,985,186
2017-10-31,980,980,980,980,30
2017-11-02,975,980,975,980,43
2017-11-03,980,980,980,980,17
2017-11-06,980,980,910,910,3410
2017-11-07,940,940,940,940,700
2017-11-08,940,950,905,950,2191
2017-11-09,950,950,880,925,730
2017-11-10,900,950,870,945,9376
2017-11-13,880,950,880,950,887
2017-11-16,950,1000,920,995,5595
2017-11-17,980,980,980,980,10
2017-11-20,975,985,910,985,5453
2017-11-21,985,985,950,950,2025
2017-11-22,990,990,980,980,8
2017-11-23,980,980,980,980,200
2017-11-24,960,960,950,960,106
2017-11-27,950,970,915,970,5907
2017-11-28,970,970,950,950,1042
2017-11-29,950,950,925,925,335
2017-11-30,970,970,950,950,111
2017-12-04,950,950,925,945,104
2017-12-05,945,980,945,980,251
2017-12-06,970,980,945,980,616
2017-12-07,980,980,930,980,3138
2017-12-08,950,950,930,930,6381
2017-12-11,980,980,940,970,11699
2017-12-12,980,985,970,985,250
2017-12-13,985,985,970,980,4780
2017-12-14,970,980,970,980,145
2017-12-15,980,980,980,980,1
2017-12-18,985,985,960,960,7692
2017-12-19,965,965,930,960,3101
2017-12-20,960,985,960,960,1918
2017-12-21,960,985,960,985,692
2017-12-22,960,1000,960,965,3643
2017-12-26,1000,1010,995,1010,2119
2017-12-27,1080,1085,1000,1085,4060
2017-12-28,1165,1165,1105,1105,4102
2017-12-29,1165,1185,1105,1105,3239
2018-01-02,1150,1150,1135,1150,520
2018-01-03,1150,1200,1150,1200,3006
2018-01-04,1200,1290,1200,1290,7593
2018-01-05,1250,1290,1205,1205,11647
2018-01-08,1250,1250,1225,1245,482
2018-01-09,1225,1250,1225,1245,785
2018-01-10,1200,1245,1200,1240,764
2018-01-11,1220,1240,1200,1240,402
2018-01-12,1200,1200,1150,1190,927
2018-01-15,1190,1265,1190,1265,2400
2018-01-16,1250,1250,1245,1245,35
2018-01-17,1260,1270,1250,1270,486
2018-01-18,1250,1250,1225,1240,1072
2018-01-19,1250,1250,1220,1220,226
2018-01-22,1225,1250,1220,1220,1421
2018-01-23,1230,1260,1230,1250,1639
2018-01-24,1260,1335,1250,1335,6672
2018-01-25,1350,1350,1350,1350,465
2018-01-26,1360,1360,1355,1355,500
2018-01-29,1455,1455,1455,1455,10
2018-01-30,1455,1560,1455,1560,2460
2018-01-31,1560,1600,1500,1600,8430
2018-02-01,1620,1700,1500,1500,1624
2018-02-02,1500,1550,1460,1500,2918
2018-02-05,1550,1550,1505,1530,832
2018-02-06,1530,1540,1460,1500,5405
2018-02-07,1405,1550,1405,1550,5937
2018-02-08,1500,1545,1500,1530,752
2018-02-09,1545,1545,1540,1545,1872
2018-02-12,1550,1600,1550,1600,776
2018-02-13,1605,1605,1575,1600,480
2018-02-14,1600,1700,1540,1700,1935
2018-02-15,1670,1670,1575,1605,600
2018-02-16,1670,1700,1600,1600,905
2018-02-19,1650,1650,1600,1640,594
2018-02-20,1600,1655,1600,1655,1965
2018-02-21,1655,1720,1600,1720,327
2018-02-22,1715,1715,1640,1700,1192
2018-02-23,1715,1800,1640,1800,3536
2018-02-26,1800,1800,1670,1765,990
2018-02-27,1800,1850,1700,1850,2550
2018-02-28,1850,1930,1845,1930,65
2018-03-01,1930,1930,1895,1895,246
2018-03-02,1890,1935,1820,1935,3653
2018-03-05,1880,1880,1820,1820,223
2018-03-06,1820,1910,1685,1910,4409
2018-03-07,1770,1890,1770,1890,464
2018-03-08,1870,1870,1770,1770,370
2018-03-09,1700,1870,1700,1870,1712
2018-03-12,1865,1870,1795,1870,307
2018-03-13,1850,1935,1850,1935,10871
2018-03-14,1900,2000,1900,1960,12572
2018-03-15,1950,1950,1870,1900,3170
2018-03-16,1900,1900,1760,1900,10406
2018-03-19,1850,1850,1760,1800,10013
2018-03-20,1750,1800,1685,1800,19395
2018-03-21,1750,1900,1750,1895,24485
2018-03-22,1800,1825,1800,1825,1027
2018-03-23,1750,1750,1745,1750,460
2018-03-26,1750,1850,1750,1850,10041
2018-03-27,1890,1890,1745,1845,12066
2018-03-28,1850,1980,1800,1980,16440
2018-03-29,1950,1950,1850,1905,2611
2018-03-30,1835,2000,1765,2000,5152
2018-04-03,2000,2000,1855,2000,2950
2018-04-04,2000,2100,1960,2100,1515
2018-04-05,2000,2000,1950,1950,5166
2018-04-06,1945,1945,1945,1945,175
2018-04-09,1900,1900,1850,1890,324
2018-04-10,1820,1820,1750,1750,10228
2018-04-11,1750,1880,1620,1880,17226
2018-04-12,1845,1845,1740,1740,200
2018-04-13,1710,1710,1610,1610,15494
2018-04-16,1580,1730,1500,1730,1274
2018-04-17,1700,1840,1605,1840,1485
2018-04-18,1800,1800,1740,1740,169
2018-04-19,1700,1700,1700,1700,60
2018-04-20,1650,1650,1650,1650,90
2018-04-23,1570,1740,1550,1740,768
2018-04-24,1740,1740,1610,1740,90
2018-04-25,1740,1740,1615,1740,1526
2018-04-26,1720,1720,1720,1720,75
2018-04-27,1650,1700,1595,1700,130697
2018-05-02,1700,1700,1650,1650,43
2018-05-03,1650,1650,1650,1650,40
2018-05-04,1650,1695,1650,1695,55
2018-05-07,1685,1695,1685,1695,146
2018-05-08,1695,1695,1640,1640,666
2018-05-09,1605,1700,1580,1695,552
2018-05-11,1650,1650,1650,1650,105
2018-05-14,1530,1600,1530,1600,308
2018-05-15,1550,1640,1500,1640,1748
2018-05-16,1610,1650,1610,1645,252
2018-05-17,1645,1645,1645,1645,400
2018-05-18,1530,1600,1530,1600,715
2018-05-22,1600,1635,1595,1635,374
2018-05-24,1620,1635,1620,1635,90
2018-05-29,1500,1600,1500,1600,160
2018-05-30,1505,1600,1500,1600,230
2018-05-31,1570,1650,1570,1650,667
2018-06-01,1650,1650,1650,1650,90
2018-06-04,1600,1650,1600,1650,35
2018-06-05,1600,1600,1600,1600,25
2018-06-06,1530,1530,1530,1530,25
2018-06-07,1480,1480,1455,1455,88
2018-06-08,1455,1455,1445,1445,517
2018-06-12,1425,1440,1420,1440,210
2018-06-13,1340,1450,1340,1445,550
2018-06-15,1445,1450,1445,1445,72
2018-06-18,1400,1450,1400,1450,1164
2018-06-19,1445,1445,1380,1400,5761
2018-06-20,1395,1445,1345,1445,3535
2018-06-22,1440,1445,1400,1400,208
2018-06-25,1350,1420,1300,1300,20139
2018-06-26,1300,1395,1300,1395,581
2018-06-27,1305,1400,1300,1400,1667
2018-06-28,1400,1500,1400,1500,772
2018-06-29,1495,1500,1495,1500,8210
2018-07-02,1400,1400,1400,1400,30
2018-07-03,1395,1450,1395,1450,110
2018-07-04,1450,1450,1395,1440,457
2018-07-06,1425,1425,1425,1425,30
2018-07-09,1430,1430,1425,1425,49
2018-07-10,1320,1425,1320,1425,288
2018-07-11,1420,1530,1420,1530,3477
2018-07-12,1500,1500,1500,1500,10
2018-07-13,1445,1445,1445,1445,10
2018-07-16,1350,1530,1350,1530,1486
2018-07-17,1530,1530,1500,1525,51
2018-07-18,1450,1455,1425,1425,249
2018-07-20,1425,1430,1425,1430,115
2018-07-23,1425,1425,1400,1400,84
2018-07-24,1420,1430,1420,1430,14
2018-07-25,1430,1430,1370,1370,208
2018-07-26,1375,1375,1375,1375,90
2018-07-27,1380,1430,1360,1430,1220
2018-07-30,1375,1450,1375,1450,159
2018-07-31,1375,1375,1375,1375,91
2018-08-01,1425,1425,1375,1375,307
2018-08-02,1350,1350,1300,1350,298
2018-08-03,1450,1450,1445,1445,268
2018-08-08,1440,1440,1440,1440,28
2018-08-09,1435,1440,1350,1435,94
2018-08-10,1435,1435,1435,1435,10
2018-08-13,1400,1430,1395,1430,430
2018-08-16,1400,1400,1400,1400,150
2018-08-17,1395,1395,1395,1395,10
2018-08-20,1395,1395,1295,1295,632
2018-08-22,1295,1295,1295,1295,140
2018-08-23,1295,1295,1295,1295,7
2018-08-24,1290,1295,1290,1295,310
2018-08-27,1300,1300,1205,1250,318
2018-08-28,1250,1250,1200,1250,477
2018-08-29,1250,1300,1245,1300,293
2018-08-31,1300,1300,1225,1300,51
2018-09-03,1300,1300,1300,1300,4
2018-09-04,1290,1290,1290,1290,18
2018-09-05,1290,1290,1200,1200,409
2018-09-06,1195,1195,1195,1195,4
2018-09-07,1195,1200,1195,1200,209
2018-09-10,1175,1175,1175,1175,30
2018-09-11,1175,1175,1095,1175,75
2018-09-12,1180,1185,1180,1185,148
2018-09-13,1185,1185,1180,1180,64
2018-09-14,1150,1150,1150,1150,6
2018-09-17,1150,1200,1150,1200,13
2018-09-18,1150,1150,1150,1150,400
2018-09-19,1160,1160,1150,1150,796
2018-09-20,1170,1170,1170,1170,3
2018-09-21,1150,1150,1130,1150,117
2018-09-24,1150,1150,1150,1150,101
2018-09-25,1100,1200,1100,1200,11
2018-09-26,1200,1200,1200,1200,1053
2018-09-27,1200,1200,1200,1200,20
2018-09-28,1200,1200,1200,1200,11
2018-10-01,1200,1200,1200,1200,153
2018-10-02,1245,1245,1205,1205,355
2018-10-03,1205,1205,1200,1200,155
2018-10-04,1205,1205,1200,1200,140
2018-10-05,1200,1200,1200,1200,110
2018-10-08,1200,1230,1200,1205,329
2018-10-09,1205,1205,1205,1205,173
2018-10-10,1200,1200,1200,1200,10
2018-10-11,1195,1200,1195,1200,198
2018-10-12,1200,1200,1200,1200,20
2018-10-15,1150,1150,1150,1150,360
2018-10-16,1100,1100,1100,1100,25
2018-10-17,1025,1025,1025,1025,120
2018-10-18,1020,1020,990,990,328
2018-10-19,1020,1025,990,1025,493
2018-10-22,1025,1025,1025,1025,120
2018-10-23,1000,1000,990,990,100
2018-10-24,990,995,990,995,23
2018-10-25,995,1025,995,1025,1017
2018-10-26,1055,1055,1055,1055,10
2018-10-29,1080,1080,1050,1050,548
2018-10-30,1050,1050,1050,1050,388
2018-10-31,1000,1000,1000,1000,360
2018-11-02,1005,1050,1000,1050,3317
2018-11-05,1000,1000,1000,1000,150
2018-11-06,1000,1000,985,995,317
2018-11-07,995,995,995,995,200
2018-11-08,995,995,990,995,74
2018-11-09,995,995,995,995,15
2018-11-12,950,950,950,950,170
2018-11-13,995,995,995,995,33
2018-11-16,990,995,940,995,113
2018-11-21,950,950,950,950,15
2018-11-22,945,950,945,950,851
2018-11-23,930,990,920,990,135
2018-11-26,950,950,950,950,325
2018-11-27,930,955,900,955,560
2018-11-28,955,995,885,995,930
2018-11-30,995,995,995,995,1055
2018-12-03,995,995,995,995,101
2018-12-04,950,950,950,950,188
2018-12-05,905,905,905,905,30
2018-12-11,950,950,950,950,2
2018-12-12,945,950,940,940,1471
2018-12-14,925,925,925,925,100
2018-12-17,940,940,870,870,778
2018-12-18,900,935,825,935,575
2018-12-19,940,940,900,940,6075
2018-12-20,870,925,870,925,8104
2018-12-21,920,925,860,900,20347
2018-12-24,900,925,900,925,14623
2018-12-26,925,940,900,940,2279
2018-12-27,940,1000,930,1000,1380
2018-12-28,925,925,925,925,321
2018-12-31,865,990,860,990,5029
2019-01-03,1000,1000,950,950,2691
2019-01-04,900,900,900,900,208
2019-01-07,900,900,900,900,1956
2019-01-08,900,900,880,900,847
2019-01-09,900,900,900,900,267
2019-01-10,870,870,870,870,40
2019-01-11,915,915,915,915,7
2019-01-14,950,950,940,940,1362
2019-01-15,940,940,940,940,3650
2019-01-16,940,940,910,940,82
2019-01-17,940,940,940,940,45
2019-01-18,935,940,880,940,14830
2019-01-21,940,940,905,905,5477
2019-01-22,905,930,905,930,1105
2019-01-23,915,915,915,915,320
2019-01-24,915,930,910,930,12010
2019-01-25,930,930,930,930,65
2019-01-28,930,940,930,940,10064
2019-01-29,930,940,930,940,5659
2019-01-31,1000,1000,1000,1000,10
2019-02-01,1050,1050,1050,1050,10
2019-02-04,1070,1070,1070,1070,10
2019-02-05,1150,1150,1150,1150,38
2019-02-06,1160,1160,1160,1160,362
2019-02-07,1150,1155,1150,1155,145
2019-02-08,1155,1155,1155,1155,765
2019-02-11,1140,1150,1135,1140,1864
2019-02-12,1140,1140,1140,1140,100
2019-02-13,1135,1200,1135,1200,3321
2019-02-14,1200,1250,1140,1250,2655
2019-02-15,1340,1340,1335,1335,942
2019-02-18,1300,1330,1300,1330,7028
2019-02-19,1335,1425,1335,1425,2805
2019-02-20,1435,1500,1400,1500,3700
2019-02-21,1500,1610,1500,1610,3155
2019-02-22,1600,1640,1600,1640,1110
2019-02-25,1585,1585,1520,1520,751
2019-02-26,1500,1500,1500,1500,3079
2019-03-01,1450,1490,1445,1490,505
2019-03-05,1450,1450,1400,1400,41
2019-03-06,1300,1300,1300,1300,57
2019-03-07,1300,1300,1300,1300,10
2019-03-12,1205,1205,1205,1205,170
2019-03-13,1205,1205,1205,1205,840
2019-03-14,1205,1205,1140,1140,1249
2019-03-15,1115,1115,1115,1115,200
2019-03-18,1035,1050,1035,1040,681
2019-03-19,1100,1100,965,1100,1171
2019-03-20,1100,1100,1100,1100,45
2019-03-21,1100,1100,1100,1100,35
2019-03-22,1100,1100,1095,1095,41
2019-03-25,1050,1070,1050,1070,7
2019-03-26,1070,1070,1070,1070,10
2019-03-27,1070,1070,1070,1070,194
2019-03-28,1050,1070,1000,1000,465
2019-03-29,1000,1000,1000,1000,10
2019-04-02,1070,1070,1000,1000,23
2019-04-03,1000,1000,1000,1000,10
2019-04-04,985,985,980,980,27
2019-04-05,980,980,970,970,180
2019-04-08,975,1000,950,1000,1184
2019-04-09,1000,1000,1000,1000,3860
2019-04-10,1000,1000,995,995,1587
2019-04-12,995,995,990,995,253
2019-04-15,995,995,995,995,100
2019-04-16,995,995,995,995,60
2019-04-17,995,995,955,955,166
2019-04-18,995,995,995,995,135
2019-04-23,995,995,995,995,30
2019-04-24,990,990,990,990,50
2019-04-25,990,990,980,990,1183
2019-04-26,990,990,990,990,215
2019-04-29,990,990,920,920,8520
2019-04-30,955,955,955,955,150
2019-05-02,900,900,900,900,2385
2019-05-06,900,905,900,905,6570
2019-05-09,955,955,920,920,134
2019-05-10,955,955,955,955,1083
2019-05-13,955,955,955,955,2
2019-05-14,960,990,955,990,2355
2019-05-15,990,990,990,990,19
2019-05-16,960,990,960,960,67
2019-05-17,960,960,960,960,43
2019-05-20,945,960,945,960,734
2019-05-21,990,990,990,990,1
2019-05-22,990,990,980,990,17
2019-05-24,960,960,960,960,80
2019-05-27,965,965,965,965,28
2019-05-28,980,980,980,980,280
2019-05-29,905,905,905,905,798
2019-06-03,970,970,970,970,300
2019-06-05,980,980,950,950,54
2019-06-06,950,960,950,960,40
2019-06-07,960,970,960,970,265
2019-06-11,970,970,960,960,160
2019-06-12,970,970,960,960,13
2019-06-13,960,960,960,960,155
2019-06-14,960,970,950,970,855
2019-06-17,970,970,960,960,164
2019-06-18,965,965,960,965,282
2019-06-19,965,965,960,960,128
2019-06-20,950,950,950,950,79
2019-06-26,950,950,945,945,134
2019-06-27,925,950,925,950,1032
2019-06-28,950,950,950,950,54
2019-07-02,950,950,950,950,20
2019-07-03,945,945,945,945,2
2019-07-05,950,950,945,945,111
2019-07-08,960,960,960,960,10
2019-07-09,960,960,960,960,90
2019-07-10,960,960,950,950,50
2019-07-11,950,950,950,950,10
2019-07-12,950,950,950,950,9
2019-07-15,955,955,955,955,10
2019-07-16,955,960,955,955,80
2019-07-17,945,945,945,945,50
2019-07-19,945,945,945,945,420
2019-07-22,955,980,945,945,26280
2019-07-23,945,950,945,950,349
2019-07-25,950,950,925,950,543
2019-07-26,925,925,925,925,43
2019-07-29,925,925,900,900,109
2019-07-30,925,925,900,900,169
2019-07-31,905,905,905,905,548
2019-08-01,905,905,900,905,525
2019-08-06,900,900,900,900,50
2019-08-08,905,910,900,900,204
2019-08-13,910,910,910,910,5
2019-08-14,940,950,940,950,1146
2019-08-16,1000,1000,950,950,113
2019-08-19,950,950,950,950,16
2019-08-20,955,955,950,950,600
2019-08-21,955,955,955,955,74
2019-08-26,950,950,950,950,339
2019-08-27,950,950,950,950,40
2019-09-02,975,975,950,950,42
2019-09-03,950,950,950,950,105
2019-09-09,950,950,950,950,70
2019-09-10,950,950,900,900,498
2019-09-11,910,910,900,900,133
2019-09-12,905,905,905,905,450
2019-09-13,950,950,950,950,45
2019-09-16,950,950,900,925,244
2019-09-17,950,950,900,900,195
2019-09-18,900,900,900,900,50
2019-09-19,950,950,950,950,1
2019-09-23,900,900,900,900,11
2019-09-24,900,900,870,870,11860
2019-09-25,870,870,850,870,4710
2019-09-26,870,870,870,870,5532
2019-09-27,870,870,870,870,1200
2019-09-30,870,870,850,850,4507
2019-10-01,850,850,850,850,6050
2019-10-02,850,850,850,850,105
2019-10-03,850,850,800,800,4474
2019-10-07,810,810,810,810,12
2019-10-08,810,810,810,810,8
2019-10-09,800,800,800,800,240
2019-10-10,790,790,790,790,111
2019-10-14,825,825,825,825,80
2019-10-15,850,850,800,810,170
2019-10-16,800,800,790,790,360
2019-10-17,790,790,790,790,316
2019-10-18,785,785,785,785,150
2019-10-21,785,785,785,785,72
2019-10-22,785,785,750,750,22
2019-10-23,750,750,700,700,507
2019-10-24,700,700,700,700,5
2019-10-25,700,700,650,650,85
2019-10-28,650,650,650,650,75
2019-10-29,650,650,650,650,40
2019-10-30,650,650,650,650,2
2019-10-31,650,650,650,650,60
2019-11-04,650,650,650,650,59
2019-11-06,640,645,640,645,500
2019-11-07,645,645,645,645,109
2019-11-08,645,685,645,685,32
2019-11-11,685,685,685,685,60
2019-11-12,680,680,680,680,210
2019-11-13,680,680,680,680,30
2019-11-14,680,680,680,680,8
2019-11-19,680,680,650,650,914
2019-11-20,645,645,640,640,436
2019-11-21,640,640,605,605,107
2019-11-25,605,605,600,600,281
2019-11-26,600,600,600,600,445
2019-11-27,600,605,600,605,52
2019-11-28,615,650,615,650,326
2019-12-03,650,650,650,650,85
2019-12-09,670,695,650,650,22523
2019-12-10,695,695,650,650,40200
2019-12-11,650,650,650,650,29210
2019-12-12,650,650,650,650,5050
2019-12-13,630,630,630,630,10400
2019-12-16,630,630,630,630,20020
2019-12-17,630,630,625,625,2530
2019-12-18,630,630,630,630,450
2019-12-19,625,650,625,650,72265
2019-12-20,640,640,630,630,780
2019-12-23,630,630,630,630,2004
2019-12-24,650,650,630,630,115
2019-12-26,630,630,630,630,100
2019-12-27,625,625,625,625,141
2019-12-31,610,630,610,630,3875
2020-01-02,630,630,630,630,180
2020-01-03,630,630,630,630,33
2020-01-06,625,630,625,630,35
2020-01-07,625,625,615,625,1352
2020-01-08,625,625,625,625,10
2020-01-09,630,630,615,615,2897
2020-01-10,630,630,615,615,1434
2020-01-13,615,615,610,610,240
2020-01-14,610,610,600,600,1480
2020-01-15,600,600,600,600,20
2020-01-16,600,600,600,600,14
2020-01-17,600,600,600,600,257
2020-01-20,615,615,615,615,799
2020-01-21,630,630,630,630,8258
2020-01-23,640,640,635,635,6000
2020-01-24,640,650,640,640,2160
2020-01-27,650,650,640,640,2000
2020-01-28,640,640,635,635,3784
2020-01-29,645,645,645,645,7490
2020-01-30,650,650,645,645,960
2020-01-31,645,645,640,640,1222
2020-02-03,650,685,650,685,612
2020-02-04,650,650,640,650,9230
2020-02-05,650,650,650,650,2027
2020-02-06,640,645,640,645,750
2020-02-07,690,690,690,690,155
2020-02-10,680,680,660,660,458
2020-02-11,660,660,645,645,2604
2020-02-12,625,625,625,625,196
2020-02-13,600,600,600,600,1885
2020-02-14,600,600,600,600,755
2020-02-17,600,600,600,600,176
2020-02-19,600,600,600,600,305
2020-02-20,595,600,595,600,653
2020-02-21,600,600,600,600,5004
2020-02-24,600,600,600,600,1174
2020-02-25,600,600,600,600,5446
2020-02-26,600,600,600,600,2500
2020-02-27,600,600,580,580,5906
2020-02-28,600,600,595,595,203
2020-03-02,600,600,600,600,260
2020-03-03,600,600,575,575,1115
2020-03-04,600,600,590,595,855
2020-03-05,600,600,600,600,1254
2020-03-09,570,570,560,560,2870
2020-03-10,560,560,545,550,525
2020-03-11,550,560,550,560,1190
2020-03-12,560,600,520,520,12701
2020-03-13,555,555,555,555,43626
2020-03-16,595,595,595,595,60
2020-03-17,635,635,635,635,12675
2020-03-18,670,680,670,680,1691
2020-03-19,670,670,650,650,571
2020-03-20,640,650,635,635,2101
2020-03-23,635,635,635,635,552
2020-03-24,635,635,625,635,5313
2020-03-25,635,635,635,635,100
2020-03-26,630,630,605,605,1828
2020-03-27,610,610,600,600,4199
2020-03-30,605,605,600,600,777
2020-03-31,600,600,590,590,180
2020-04-01,600,600,580,580,575
2020-04-06,600,600,600,600,2000
2020-04-07,600,600,600,600,210
2020-04-08,630,630,630,630,100
2020-04-09,625,625,600,610,375
2020-04-10,600,630,600,630,986
2020-04-14,630,630,625,625,405
2020-04-16,630,630,630,630,40
2020-04-17,620,620,620,620,500
2020-04-20,630,630,630,630,1382
2020-04-21,640,640,640,640,200
2020-04-22,640,670,640,640,1985
2020-04-23,670,670,660,660,2010
2020-04-24,670,685,670,685,1005
2020-04-27,675,675,675,675,1569
2020-04-30,650,650,650,650,225
2020-05-04,655,660,655,660,1330
2020-05-05,660,670,660,665,5686
2020-05-06,665,665,665,665,705
2020-05-07,670,670,670,670,325
2020-05-08,670,670,665,670,2103
2020-05-11,670,670,665,665,4478
2020-05-12,680,710,680,710,2003
2020-05-13,745,745,710,745,8294
2020-05-14,745,750,745,750,3472
2020-05-15,755,780,750,750,1299
2020-05-18,780,805,780,780,2105
2020-05-19,780,780,755,755,540
2020-05-22,760,770,760,770,2411
2020-05-25,775,775,770,775,6221
2020-05-26,780,800,770,800,591
2020-05-27,800,850,800,850,1967
2020-05-28,800,905,800,905,3103
2020-05-29,880,900,880,895,1725
2020-06-02,895,895,895,895,2001
2020-06-03,855,855,855,855,31
2020-06-04,855,855,845,850,307
2020-06-05,840,850,835,850,21933
2020-06-08,800,810,800,800,2995
2020-06-09,800,850,800,850,1216
2020-06-11,835,835,835,835,61
2020-06-12,835,835,805,835,199
2020-06-15,850,850,850,850,120
2020-06-17,840,840,840,840,245
2020-06-18,850,850,850,850,2000
2020-06-19,835,840,835,840,50
2020-06-22,790,840,790,825,580
2020-06-23,790,840,790,800,1022
2020-06-24,805,815,805,815,1182
2020-06-25,830,830,830,830,2
2020-06-26,810,825,810,825,716
2020-06-29,825,825,820,820,1159
2020-06-30,820,820,820,820,1021
2020-07-01,820,820,820,820,1
2020-07-02,820,820,820,820,1550
2020-07-03,810,810,810,810,520
2020-07-06,805,820,805,820,113
2020-07-07,805,820,805,820,226
2020-07-08,820,820,820,820,216
2020-07-09,800,820,800,820,35
2020-07-10,820,830,800,830,313
2020-07-13,830,830,830,830,80
2020-07-14,820,820,820,820,2000
2020-07-15,815,815,815,815,155
2020-07-16,815,815,805,810,297
2020-07-17,810,810,800,805,806
2020-07-21,820,820,805,805,473
2020-07-22,805,805,800,800,196
2020-07-23,800,800,775,785,15105
2020-07-24,785,785,785,785,6326
2020-07-28,700,760,700,710,1284
2020-07-29,750,750,710,745,790
2020-07-30,745,750,745,750,7633
2020-08-03,750,795,695,795,138
2020-08-10,750,750,750,750,510
2020-08-11,700,740,695,740,583
2020-08-13,735,735,735,735,410
2020-08-14,730,730,730,730,10
2020-08-17,730,730,730,730,50
2020-08-18,700,700,680,680,2055
2020-08-19,730,730,680,680,600
2020-08-20,730,730,680,730,584
2020-08-21,730,730,720,730,487
2020-08-24,740,780,740,780,2465
2020-08-25,750,835,750,835,7140
2020-08-26,850,855,845,845,990
2020-08-27,840,885,840,870,2958
2020-08-28,870,885,870,885,160
2020-08-31,845,885,845,845,1376
2020-09-01,845,880,840,840,3596
2020-09-02,840,880,840,880,3002
2020-09-03,885,900,885,885,2155
2020-09-04,850,890,850,890,98
2020-09-07,900,900,885,890,1396
2020-09-08,890,890,885,885,3011
2020-09-09,880,890,850,885,3100
2020-09-10,885,885,885,885,1000
2020-09-11,850,850,850,850,31
2020-09-15,790,850,790,850,2011
2020-09-16,850,855,850,855,79
2020-09-17,890,890,855,855,103
2020-09-18,850,855,850,855,2004
2020-09-21,855,855,855,855,3
2020-09-22,855,855,855,855,41
2020-09-23,840,840,840,840,997
2020-09-25,835,850,835,850,18200
2020-09-28,850,850,850,850,14000
2020-09-30,850,880,850,880,108
2020-10-01,880,885,880,885,1779
2020-10-02,880,890,880,885,330
2020-10-05,885,885,880,885,32208
2020-10-06,890,890,890,890,5152
2020-10-07,850,890,850,890,185
2020-10-08,900,950,900,950,728
2020-10-12,950,950,945,945,34088
2020-10-13,900,900,900,900,5
2020-10-14,930,945,930,945,3661
2020-10-15,950,970,950,970,20350
2020-10-19,1000,1000,1000,1000,60
2020-10-20,985,1000,985,985,2043
2020-10-21,1000,1000,1000,1000,714
2020-10-22,1000,1000,1000,1000,500
2020-10-23,990,990,990,990,461
2020-10-26,995,1000,995,1000,2358
2020-10-27,1010,1060,1000,1060,2036
2020-10-28,1100,1135,1100,1135,487
2020-10-30,1110,1200,1110,1200,1181
2020-11-02,1200,1200,1200,1200,290
2020-11-03,1180,1180,1140,1140,166
2020-11-04,1180,1180,1110,1110,80
2020-11-05,1110,1110,1110,1110,241
2020-11-06,1110,1145,1110,1145,260
2020-11-09,1110,1110,1110,1110,40
2020-11-10,1090,1110,1090,1110,32092
2020-11-11,1110,1110,1030,1030,4347
2020-11-12,1070,1070,1050,1070,10670
2020-11-13,1070,1070,1020,1050,5867
2020-11-16,1070,1070,1020,1050,125123
2020-11-17,1040,1040,1040,1040,174
2020-11-18,1040,1040,1040,1040,425
2020-11-19,1040,1040,1040,1040,432
2020-11-23,1050,1050,1050,1050,50
2020-11-24,1050,1050,1050,1050,237
2020-11-26,1050,1050,1050,1050,1237
2020-11-30,1050,1050,1025,1025,46
2020-12-01,1025,1025,995,1025,13511
2020-12-02,1040,1040,1025,1025,30
2020-12-03,1025,1040,1025,1025,304
2020-12-04,1005,1005,995,1000,426
2020-12-07,1000,1000,1000,1000,5
2020-12-08,995,995,995,995,106
2020-12-09,995,995,995,995,13
2020-12-10,995,995,995,995,447
2020-12-11,1025,1025,1000,1025,62004
2020-12-14,1000,1000,1000,1000,243
2020-12-15,1000,1000,1000,1000,190
2020-12-16,1000,1000,1000,1000,214
2020-12-17,1000,1000,1000,1000,10
2020-12-18,1025,1025,1025,1025,200
2020-12-21,1005,1005,1005,1005,21
2020-12-22,1020,1025,1005,1025,2000
2020-12-23,1020,1025,1020,1025,1066
2020-12-24,1010,1010,1010,1010,65
2020-12-28,1010,1010,1005,1005,314
2020-12-29,1005,1010,1000,1000,1513
2020-12-30,1010,1010,1000,1000,302
2020-12-31,1000,1010,1000,1010,600
2021-01-04,1010,1010,1010,1010,24
2021-01-05,1000,1060,1000,1010,4981
2021-01-06,1010,1010,1000,1000,421
2021-01-07,1000,1000,995,1000,733
2021-01-08,1000,1000,1000,1000,1234
2021-01-11,1010,1010,1000,1000,4247
2021-01-12,1010,1010,990,1000,16119
2021-01-13,1000,1065,995,1060,898
2021-01-15,1060,1060,1060,1060,232
2021-01-18,1085,1085,1080,1080,189
2021-01-19,1080,1150,1060,1150,457
2021-01-20,1145,1200,1145,1200,2322
2021-01-21,1190,1200,1190,1200,748
2021-01-22,1150,1200,1150,1200,2025
2021-01-25,1160,1195,1150,1195,5819
2021-01-26,1190,1190,1120,1120,597
2021-01-27,1120,1150,1120,1150,204
2021-01-28,1150,1150,1145,1145,1229
2021-01-29,1145,1145,1145,1145,30
2021-02-02,1145,1145,1125,1125,2252
2021-02-03,1125,1145,1125,1145,155
2021-02-04,1125,1145,1125,1145,285
2021-02-05,1145,1145,1105,1105,181
2021-02-08,1100,1100,1090,1100,4600
2021-02-09,1100,1100,1100,1100,10
2021-02-10,1105,1105,1100,1100,1797
2021-02-11,1105,1150,1105,1150,10050
2021-02-12,1150,1150,1150,1150,398
2021-02-15,1150,1150,1150,1150,467
2021-02-16,1155,1155,1130,1130,13
2021-02-17,1135,1145,1135,1145,300
2021-02-18,1155,1155,1145,1145,40
2021-02-22,1150,1155,1145,1150,3080
2021-02-23,1155,1180,1155,1180,201
2021-02-24,1160,1160,1160,1160,200
2021-02-25,1150,1200,1150,1200,1198
2021-02-26,1200,1290,1200,1290,4350
2021-03-01,1300,1300,1300,1300,1017
2021-03-02,1300,1310,1300,1310,937
2021-03-03,1305,1380,1305,1340,667
2021-03-04,1350,1375,1350,1350,186
2021-03-05,1350,1380,1350,1350,1834
2021-03-08,1450,1450,1350,1450,2576
2021-03-09,1495,1500,1450,1495,10371
2021-03-10,1495,1500,1470,1470,5251
2021-03-11,1470,1470,1450,1450,10227
2021-03-12,1450,1465,1445,1445,3314
2021-03-15,1400,1410,1350,1350,10038
2021-03-16,1395,1395,1315,1315,2152
2021-03-17,1340,1340,1265,1275,5644
2021-03-18,1275,1280,1250,1275,1799
2021-03-19,1280,1350,1260,1260,1753
2021-03-22,1275,1300,1250,1300,5142
2021-03-23,1250,1300,1250,1300,562
2021-03-24,1300,1300,1300,1300,99
2021-03-25,1300,1300,1300,1300,210
2021-03-26,1300,1300,1300,1300,18
2021-03-29,1275,1275,1275,1275,1010
2021-03-30,1275,1275,1275,1275,160
2021-03-31,1275,1300,1260,1300,484
2021-04-01,1260,1300,1260,1300,120
2021-04-02,1300,1300,1275,1275,365
2021-04-06,1300,1300,1180,1180,2080
2021-04-07,1180,1265,1180,1265,31
2021-04-08,1190,1300,1185,1300,182
2021-04-09,1265,1270,1205,1270,208
2021-04-12,1265,1265,1265,1265,70
2021-04-13,1250,1265,1250,1265,125
2021-04-14,1265,1265,1265,1265,53
2021-04-15,1265,1265,1250,1265,395
2021-04-16,1265,1265,1260,1260,147
2021-04-19,1260,1260,1250,1250,364
2021-04-20,1250,1270,1250,1270,91
2021-04-21,1270,1270,1250,1260,143
2021-04-22,1260,1265,1250,1265,308
2021-04-23,1240,1240,1200,1240,1891
2021-04-26,1240,1240,1235,1235,302
2021-04-27,1235,1235,1200,1230,685
2021-04-28,1200,1230,1180,1230,1549
2021-04-29,1230,1280,1200,1280,626
2021-04-30,1255,1300,1255,1260,338
2021-05-03,1260,1260,1260,1260,2
2021-05-04,1200,1250,1190,1250,1756
2021-05-05,1250,1250,1245,1245,5763
2021-05-06,1250,1250,1250,1250,197
2021-05-07,1250,1250,1250,1250,255
2021-05-10,1245,1300,1200,1250,3679
2021-05-11,1290,1290,1250,1250,113
2021-05-14,1290,1290,1290,1290,86
2021-05-17,1285,1285,1250,1250,157
2021-05-18,1250,1285,1250,1250,3613
2021-05-19,1245,1285,1245,1250,19
2021-05-20,1285,1285,1250,1250,75
2021-05-21,1285,1285,1285,1285,269
2021-05-25,1285,1285,1285,1285,71
2021-05-26,1280,1285,1250,1250,365
2021-05-27,1250,1275,1250,1275,435
2021-05-28,1250,1275,1250,1270,233
2021-05-31,1250,1275,1250,1270,345
2021-06-01,1265,1270,1265,1270,169
2021-06-02,1270,1270,1265,1265,245
2021-06-03,1240,1250,1240,1250,1320
2021-06-04,1250,1250,1240,1250,2008
2021-06-07,1250,1250,1250,1250,1783
2021-06-08,1250,1250,1250,1250,355
2021-06-09,1250,1250,1245,1250,283
2021-06-10,1250,1250,1245,1250,516
2021-06-11,1240,1250,1225,1240,520
2021-06-14,1240,1275,1220,1250,4256
2021-06-15,1275,1275,1275,1275,1000
2021-06-16,1275,1275,1275,1275,504
2021-06-17,1250,1275,1250,1275,569
2021-06-18,1275,1275,1250,1275,1400
2021-06-21,1255,1275,1245,1275,840
2021-06-23,1300,1315,1300,1315,38
2021-06-24,1315,1315,1315,1315,5
2021-06-25,1315,1315,1315,1315,46
2021-06-28,1280,1280,1280,1280,291
2021-06-29,1245,1280,1245,1245,480
2021-06-30,1255,1255,1255,1255,320
2021-07-01,1255,1255,1255,1255,295
2021-07-02,1255,1255,1250,1255,535
2021-07-05,1255,1255,1255,1255,1700
2021-07-06,1260,1260,1255,1255,653
2021-07-07,1255,1255,1240,1240,388
2021-07-08,1250,1250,1250,1250,362
2021-07-09,1250,1255,1250,1250,419
2021-07-12,1250,1250,1200,1200,77537
2021-07-13,1255,1290,1250,1290,1397
2021-07-14,1305,1345,1225,1345,2022
2021-07-15,1345,1345,1340,1345,1857
2021-07-16,1345,1345,1300,1345,292
2021-07-19,1345,1345,1345,1345,438
2021-07-21,1345,1350,1320,1350,228
2021-07-22,1350,1355,1350,1355,144
2021-07-23,1375,1400,1375,1400,442
2021-07-26,1400,1400,1375,1375,744
2021-07-27,1375,1395,1360,1375,2666
2021-07-28,1380,1445,1380,1445,3304
2021-07-29,1400,1400,1390,1390,1482
2021-07-30,1380,1390,1350,1375,787
2021-08-02,1375,1380,1300,1380,1333
2021-08-03,1380,1380,1370,1370,1337
2021-08-05,1300,1300,1270,1270,176
2021-08-06,1300,1300,1270,1270,285
2021-08-09,1270,1300,1270,1275,400
2021-08-10,1280,1300,1280,1300,71
2021-08-11,1300,1300,1300,1300,443
2021-08-12,1295,1370,1280,1305,1395
2021-08-13,1305,1305,1305,1305,75
2021-08-16,1380,1380,1380,1380,88
2021-08-17,1380,1380,1325,1325,822
2021-08-18,1320,1360,1320,1360,15
2021-08-19,1360,1365,1360,1365,1167
2021-08-20,1360,1360,1355,1355,442
2021-08-23,1355,1355,1355,1355,500
2021-08-24,1365,1370,1350,1350,1818
2021-08-25,1355,1365,1350,1365,880
2021-08-26,1360,1360,1350,1350,151
2021-08-27,1350,1370,1320,1325,1341
2021-08-30,1325,1360,1325,1355,1373
2021-08-31,1350,1350,1350,1350,62
2021-09-01,1325,1360,1325,1360,929
2021-09-02,1360,1360,1350,1360,505
2021-09-03,1360,1360,1360,1360,140
2021-09-06,1360,1400,1360,1400,259
2021-09-07,1380,1380,1380,1380,10
2021-09-08,1350,1375,1350,1350,394
2021-09-09,1375,1375,1375,1375,30
2021-09-10,1360,1360,1350,1350,110
2021-09-13,1350,1350,1350,1350,193
2021-09-14,1345,1350,1345,1345,1811
2021-09-15,1345,1350,1325,1350,4580
2021-09-16,1350,1350,1350,1350,2420
2021-09-17,1350,1350,1340,1340,310
2021-09-20,1305,1325,1305,1325,1105
2021-09-21,1300,1350,1300,1350,12765
2021-09-22,1350,1360,1350,1350,1325
2021-09-23,1350,1350,1340,1340,1820
2021-09-24,1330,1340,1325,1325,1025
2021-09-27,1250,1275,1230,1230,2051
2021-09-28,1190,1230,1140,1140,6642
2021-09-29,1055,1140,1055,1055,1660
2021-09-30,980,1050,980,980,3192
2021-10-01,970,1050,970,1050,2394
2021-10-04,1055,1125,1055,1125,1504
2021-10-05,1125,1150,1100,1135,11585
2021-10-06,1150,1200,1140,1145,14201
2021-10-07,1200,1200,1195,1200,7792
2021-10-08,1155,1195,1140,1140,7325
2021-10-11,1195,1200,1195,1195,2032
2021-10-12,1185,1200,1180,1190,11387
2021-10-13,1140,1200,1140,1190,3125
2021-10-14,1200,1200,1190,1200,5671
2021-10-15,1230,1230,1110,1200,2294
2021-10-19,1150,1190,1150,1150,311
2021-10-21,1150,1200,1065,1185,23887
2021-10-22,1185,1185,1185,1185,1900
2021-10-25,1180,1185,1160,1180,2884
2021-10-26,1185,1185,1160,1160,6452
2021-10-27,1160,1180,1155,1175,4389
2021-10-28,1180,1185,1170,1175,4379
2021-10-29,1175,1200,1175,1200,5180
2021-11-03,1150,1155,1140,1140,888
2021-11-04,1130,1140,1070,1140,3090
2021-11-05,1120,1120,1120,1120,73
2021-11-08,1150,1185,1150,1185,2368
2021-11-09,1185,1185,1180,1180,1035
2021-11-10,1160,1175,1160,1175,266
2021-11-11,1160,1160,1150,1150,3079
2021-11-12,1160,1160,1160,1160,190
2021-11-16,1160,1160,1160,1160,330
2021-11-17,1150,1160,1150,1160,525
2021-11-18,1160,1160,1160,1160,201
2021-11-19,1150,1160,1150,1150,514
2021-11-22,1160,1230,1160,1230,651
2021-11-23,1150,1225,1150,1220,1172
2021-11-24,1150,1150,1150,1150,1200
2021-11-25,1210,1210,1065,1150,153
2021-11-26,1150,1150,1120,1120,513
2021-11-29,1200,1200,1200,1200,2987
2021-11-30,1210,1210,1200,1200,2102
2021-12-01,1200,1200,1200,1200,105
2021-12-02,1200,1200,1165,1200,158
2021-12-03,1200,1200,1200,1200,13
2021-12-06,1200,1200,1160,1160,310
2021-12-07,1180,1180,1160,1180,854
2021-12-08,1165,1180,1165,1180,730
2021-12-09,1180,1200,1165,1180,1358
2021-12-10,1180,1180,1150,1150,200
2021-12-13,1200,1200,1200,1200,10
2021-12-14,1180,1200,1150,1150,5182
2021-12-15,1150,1150,1070,1070,725
2021-12-16,1070,1100,1070,1075,1146
2021-12-17,1070,1075,1065,1075,3240
2021-12-20,1000,1100,1000,1010,2689
2021-12-21,1080,1080,1010,1010,1150
2021-12-22,1010,1085,1000,1050,1319
2021-12-23,1080,1100,1080,1100,206
2021-12-24,1080,1180,1080,1150,96
2021-12-27,1150,1180,1100,1100,251
2021-12-28,1105,1105,1080,1080,948
2021-12-29,1150,1160,1010,1010,1684
2021-12-30,1080,1080,1010,1010,400
2021-12-31,1080,1085,1015,1015,2300
2022-01-03,1090,1090,1020,1020,468
2022-01-04,1025,1095,1025,1035,1946
2022-01-05,1100,1110,1100,1110,402
2022-01-06,1140,1180,1140,1180,2062
2022-01-07,1180,1180,1095,1095,2771
2022-01-10,1150,1150,1070,1075,2120
2022-01-11,1150,1150,1080,1080,139
2022-01-12,1150,1150,1150,1150,200
2022-01-13,1110,1150,1110,1145,660
2022-01-14,1150,1150,1080,1080,751
2022-01-17,1150,1150,1100,1100,56
2022-01-18,1150,1150,1100,1100,802
2022-01-19,1100,1150,1100,1150,260
2022-01-20,1145,1150,1130,1145,419
2022-01-21,1145,1150,1145,1150,570
2022-01-24,1150,1150,1130,1130,1555
2022-01-25,1140,1180,1130,1130,10690
2022-01-26,1180,1190,1180,1190,2215
2022-01-27,1190,1200,1140,1140,5224
2022-01-28,1200,1200,1150,1200,514
2022-01-31,1200,1215,1150,1150,2770
2022-02-01,1200,1200,1150,1175,154
2022-02-02,1200,1215,1200,1200,3772
2022-02-03,1200,1250,1200,1200,1412
2022-02-04,1200,1200,1155,1155,290
2022-02-07,1150,1200,1150,1195,552
2022-02-08,1200,1205,1200,1200,2559
2022-02-09,1200,1200,1190,1190,1830
2022-02-10,1190,1190,1150,1190,230
2022-02-11,1200,1200,1150,1180,2379
2022-02-14,1195,1195,1150,1150,9005
2022-02-15,1200,1200,1200,1200,3868
2022-02-16,1200,1200,1200,1200,259
2022-02-17,1200,1210,1155,1210,122
2022-02-18,1185,1220,1185,1220,1250
2022-02-21,1220,1265,1220,1225,261
2022-02-22,1225,1300,1225,1225,645
2022-02-23,1205,1300,1205,1300,517
2022-02-24,1300,1300,1275,1280,4163
2022-02-25,1280,1280,1200,1200,1280
2022-02-28,1280,1290,1280,1280,2475
2022-03-01,1300,1300,1280,1280,280
2022-03-02,1295,1295,1280,1280,290
2022-03-03,1280,1315,1280,1315,5227
2022-03-04,1300,1300,1280,1280,192
2022-03-07,1280,1300,1280,1300,877
2022-03-08,1300,1300,1280,1280,604
2022-03-09,1280,1280,1200,1280,534
2022-03-10,1200,1200,1185,1185,760
2022-03-11,1200,1200,1185,1200,592
2022-03-14,1200,1200,1185,1195,1062
2022-03-15,1200,1200,1165,1165,675
2022-03-16,1165,1180,1165,1180,160
2022-03-17,1200,1200,1180,1180,626
2022-03-18,1195,1195,1170,1180,474
2022-03-22,1200,1200,1200,1200,627
2022-03-23,1110,1120,1110,1120,3680
2022-03-24,1120,1200,1120,1160,1439
2022-03-25,1200,1200,1120,1120,1106
2022-03-28,1195,1195,1100,1100,721
2022-03-29,1150,1150,1105,1150,507
2022-03-30,1110,1145,1110,1145,6736
2022-03-31,1145,1145,1105,1105,60
2022-04-01,1130,1130,1105,1105,220
2022-04-04,1100,1105,1100,1105,28
2022-04-05,1105,1140,1105,1140,115
2022-04-06,1140,1160,1140,1160,824
2022-04-07,1160,1160,1075,1100,3556
2022-04-08,1150,1160,1150,1160,92
2022-04-11,1150,1160,1150,1160,3709
2022-04-12,1160,1160,1160,1160,168
2022-04-13,1180,1180,1160,1160,325
2022-04-14,1160,1180,1160,1180,4826
2022-04-15,1180,1180,1180,1180,667
2022-04-19,1180,1180,1180,1180,8
2022-04-20,1095,1095,1095,1095,1012
2022-04-21,1080,1080,1080,1080,40
2022-04-22,1090,1100,1090,1100,393
2022-04-25,1100,1180,1100,1150,283
2022-04-26,1150,1150,1150,1150,5
2022-04-27,1100,1100,1100,1100,251
2022-04-29,1180,1180,1105,1105,203
2022-05-03,1120,1120,1120,1120,4
2022-05-04,1110,1120,1110,1120,134
2022-05-05,1120,1165,1120,1165,406
2022-05-06,1170,1170,1165,1165,280
2022-05-09,1180,1180,1180,1180,143
2022-05-10,1180,1180,1165,1165,603
2022-05-11,1165,1170,1165,1165,1367
2022-05-12,1165,1165,1165,1165,110
2022-05-13,1165,1165,1165,1165,353
2022-05-16,1145,1145,1145,1145,674
2022-05-17,1160,1170,1160,1170,89
2022-05-18,1170,1170,1170,1170,50
2022-05-19,1165,1165,1145,1145,22
2022-05-20,1145,1165,1145,1165,11
2022-05-23,1100,1100,1080,1080,71
2022-05-24,1080,1100,1080,1095,71
2022-05-25,1090,1090,1075,1085,355
2022-05-27,1080,1165,1005,1005,258
2022-05-30,1080,1080,1020,1020,41
2022-05-31,1025,1095,1000,1005,875
2022-06-01,1020,1020,1000,1000,7021
2022-06-02,1050,1050,955,955,4664
2022-06-03,1020,1020,1020,1020,50
2022-06-07,1030,1050,1015,1015,6334
2022-06-08,1015,1045,1000,1045,597
2022-06-09,1105,1105,1030,1030,242
2022-06-10,1030,1030,1030,1030,1590
2022-06-13,1030,1100,1020,1020,252
2022-06-15,1030,1080,1030,1030,20
2022-06-16,1030,1080,1005,1080,1146
2022-06-17,1080,1080,1080,1080,51
2022-06-20,1080,1100,1080,1100,680
2022-06-21,1150,1150,1150,1150,10
2022-06-22,1100,1150,1100,1150,31
2022-06-23,1150,1150,1150,1150,10
2022-06-24,1145,1145,1100,1100,293
2022-06-28,1100,1160,1100,1160,337
2022-06-29,1120,1120,1120,1120,35
2022-07-01,1120,1160,1120,1160,134
2022-07-04,1100,1100,1100,1100,297
2022-07-05,1100,1155,1100,1100,358
2022-07-06,1160,1160,1100,1100,67
2022-07-07,1160,1160,1160,1160,4
2022-07-08,1160,1160,1160,1160,121
2022-07-11,1160,1160,1150,1150,12048
2022-07-12,1160,1160,1160,1160,4
2022-07-13,1160,1160,1105,1160,3701
2022-07-14,1170,1170,1105,1105,2304
2022-07-15,1160,1170,1105,1105,630
2022-07-18,1150,1150,1105,1105,8311
2022-07-20,1110,1110,1110,1110,142
2022-07-21,1145,1145,1115,1115,71
2022-07-22,1160,1160,1160,1160,5
2022-07-25,1160,1160,1155,1155,561
2022-07-26,1160,1165,1160,1165,774
2022-07-27,1185,1185,1115,1120,1574
2022-07-28,1195,1195,1195,1195,1240
2022-07-29,1100,1150,1100,1150,152
2022-08-01,1065,1070,1065,1070,298
2022-08-02,1080,1100,1080,1100,190
2022-08-03,1100,1100,1085,1085,40
2022-08-04,1150,1150,1085,1085,73
2022-08-05,1085,1085,1085,1085,10
2022-08-09,1100,1100,1070,1085,501
2022-08-10,1085,1085,1070,1085,528
2022-08-11,1080,1100,1080,1100,105
2022-08-12,1100,1100,1100,1100,3
2022-08-16,1070,1150,1070,1070,632
2022-08-17,1070,1145,1070,1145,160
2022-08-18,1140,1140,1070,1070,457
2022-08-19,1070,1080,1070,1080,1076
2022-08-22,1080,1090,1080,1080,210
2022-08-23,1075,1080,1070,1070,7856
2022-08-24,1015,1070,1015,1070,3060
2022-08-25,1050,1070,1050,1070,969
2022-08-26,1050,1065,1050,1065,42
2022-08-29,1070,1140,1070,1075,886
2022-08-30,1075,1100,1075,1100,728
2022-08-31,1100,1100,1100,1100,445
2022-09-01,1100,1100,1050,1050,558
2022-09-02,1075,1075,1050,1075,392
2022-09-05,1100,1135,1075,1120,273
2022-09-06,1120,1200,1120,1200,98
2022-09-07,1200,1290,1200,1290,154
2022-09-08,1200,1240,1195,1200,1548
2022-09-09,1150,1150,1150,1150,676
2022-09-12,1150,1150,1150,1150,124
2022-09-13,1150,1150,1150,1150,1102
2022-09-14,1130,1130,1080,1080,187
2022-09-15,1070,1100,1070,1100,410
2022-09-16,1100,1100,1100,1100,8000
2022-09-19,1100,1100,1080,1100,4134
2022-09-20,1100,1145,1100,1145,1055
2022-09-21,1100,1100,1100,1100,3957
2022-09-22,1100,1100,1100,1100,3059
2022-09-23,1100,1100,1100,1100,80
2022-09-26,1100,1100,1100,1100,1500
2022-09-27,1100,1100,1100,1100,27
2022-09-28,1100,1100,1100,1100,210
2022-09-29,1085,1085,1085,1085,230
2022-09-30,1085,1085,1085,1085,628
2022-10-03,1085,1085,1070,1070,806
2022-10-04,1070,1100,1050,1050,7666
2022-10-05,1100,1100,1100,1100,1
2022-10-07,1100,1100,1100,1100,519
2022-10-10,1100,1100,1025,1025,358
2022-10-11,1025,1100,1025,1100,4
2022-10-12,1100,1100,1050,1050,3911
2022-10-13,1100,1100,1100,1100,1
2022-10-14,1100,1100,1100,1100,50
2022-10-17,1050,1100,1050,1080,136
2022-10-18,1100,1100,1100,1100,93
2022-10-19,1100,1100,1095,1095,89
2022-10-20,1050,1050,1050,1050,54
2022-10-21,1050,1050,1050,1050,50
2022-10-24,1050,1070,1050,1070,38
2022-10-25,1050,1070,1025,1040,846
2022-10-26,1040,1080,1040,1080,30
2022-10-27,1080,1080,1060,1060,72001
2022-10-28,1070,1100,1070,1100,25
2022-10-31,1150,1180,1150,1180,787
2022-11-02,1155,1245,1155,1245,885
2022-11-03,1160,1160,1160,1160,270
2022-11-04,1155,1225,1155,1155,721
2022-11-07,1155,1200,1150,1200,297
2022-11-08,1200,1200,1200,1200,700
2022-11-09,1150,1150,1150,1150,155
2022-11-10,1150,1150,1150,1150,682
2022-11-11,1160,1160,1160,1160,1
2022-11-14,1160,1160,1160,1160,858
2022-11-16,1160,1180,1160,1160,2525
2022-11-17,1140,1160,1140,1160,199
2022-11-18,1160,1160,1160,1160,20
2022-11-21,1160,1160,1155,1155,101
2022-11-22,1155,1155,1155,1155,781
2022-11-23,1155,1155,1155,1155,55
2022-11-24,1100,1155,1100,1155,2965
2022-11-28,1155,1155,1155,1155,80
2022-11-30,1100,1100,1070,1070,2046
2022-12-01,1100,1100,1000,1000,5180
2022-12-02,1000,1075,1000,1075,18880
2022-12-05,1000,1150,1000,1150,11
2022-12-08,1140,1155,1140,1155,160
2022-12-09,1155,1155,1155,1155,133
2022-12-12,1155,1155,1155,1155,184
2022-12-13,1155,1155,1155,1155,113
2022-12-15,1070,1155,1070,1070,561
2022-12-16,1000,1000,1000,1000,179
2022-12-19,1075,1075,1075,1075,20
2022-12-20,1050,1050,1050,1050,10
2022-12-22,1125,1125,975,1050,3027
2022-12-23,1050,1050,1050,1050,252
2022-12-27,1125,1125,1120,1120,25
2022-12-28,1200,1200,1100,1170,22
2023-01-02,1170,1170,1170,1170,60
2023-01-03,1170,1170,1170,1170,8
2023-01-05,1085,1085,1085,1085,83
2023-01-06,1085,1085,1010,1010,143
2023-01-09,1050,1085,1050,1085,21
2023-01-10,1075,1085,1075,1085,122
2023-01-11,1085,1085,1005,1005,4610
2023-01-12,1010,1075,1005,1005,705
2023-01-13,1080,1080,1075,1075,89
2023-01-16,1085,1085,1085,1085,10
2023-01-18,1075,1075,1005,1005,398
2023-01-19,1010,1010,1010,1010,26
2023-01-23,1085,1085,1085,1085,1
2023-01-25,1085,1085,1065,1065,3467
2023-01-26,1050,1050,1015,1015,220
2023-01-27,1065,1065,1065,1065,145
2023-01-30,1065,1065,1065,1065,15
2023-01-31,1065,1065,1065,1065,2
2023-02-01,1065,1065,1065,1065,30
2023-02-02,1015,1015,1015,1015,39
2023-02-03,1040,1040,1040,1040,117
2023-02-06,1020,1095,1020,1045,2600
2023-02-07,1050,1070,1050,1070,79
2023-02-08,1045,1070,1045,1070,7310
2023-02-09,1070,1075,1055,1070,2485
2023-02-10,1075,1075,1075,1075,50
2023-02-13,1075,1075,1070,1075,863
2023-02-14,1100,1145,1100,1145,5532
2023-02-15,1085,1120,1085,1120,15
2023-02-16,1100,1120,1070,1070,810
2023-02-17,1110,1110,1085,1085,82
2023-02-21,1085,1085,1005,1015,3217
2023-02-23,1030,1045,1025,1045,401
2023-02-24,1045,1065,1045,1065,231
2023-02-27,1065,1065,1065,1065,550
2023-02-28,1075,1075,1065,1065,3060
2023-03-01,1065,1065,1065,1065,4
2023-03-02,1065,1065,1065,1065,456
2023-03-03,1060,1140,1015,1140,126
2023-03-06,1140,1175,1140,1175,1028
2023-03-07,1175,1175,1175,1175,1472
2023-03-08,1175,1175,1175,1175,30
2023-03-09,1175,1195,1175,1195,697
2023-03-10,1195,1215,1175,1175,250
2023-03-13,1175,1195,1175,1195,2650
2023-03-14,1195,1195,1195,1195,359
2023-03-15,1165,1165,1110,1155,176
2023-03-16,1100,1100,1070,1090,238
2023-03-17,1070,1090,1010,1010,1127
2023-03-20,1015,1080,1015,1075,520
2023-03-21,1080,1080,1030,1030,388
2023-03-22,1050,1085,1050,1085,256
2023-03-23,1045,1045,1025,1040,707
2023-03-24,1015,1035,1015,1015,621
2023-03-27,1015,1050,1000,1000,1153
2023-03-28,1000,1000,930,930,861
2023-03-29,940,950,885,950,1052
2023-03-30,1000,1000,1000,1000,115
2023-03-31,1000,1000,995,995,118
2023-04-03,1000,1000,1000,1000,10
2023-04-04,1000,1000,1000,1000,73
2023-04-05,1000,1000,1000,1000,7
2023-04-06,1000,1000,930,995,749
2023-04-11,995,995,995,995,269
2023-04-12,1000,1000,995,995,2372
2023-04-13,995,995,985,985,2927
2023-04-14,995,995,995,995,500
2023-04-17,980,985,980,985,104
2023-04-19,990,990,985,985,20
2023-04-20,935,1050,935,985,301
2023-04-24,985,985,985,985,60
2023-04-25,995,995,985,985,2157
2023-04-26,990,990,990,990,6
2023-04-27,1000,1000,985,1000,1176
2023-04-28,1000,1075,1000,1075,95
2023-05-02,1070,1075,1070,1075,250
2023-05-03,1065,1065,1065,1065,100
2023-05-04,1065,1065,1065,1065,52
2023-05-08,1065,1065,1005,1050,25
2023-05-09,1050,1050,1050,1050,185
2023-05-10,1000,1020,1000,1020,3880
2023-05-11,1050,1050,1010,1010,339
2023-05-12,1010,1010,1010,1010,80
2023-05-15,1010,1010,1000,1010,956
2023-05-17,1010,1015,1010,1015,1517
2023-05-19,1020,1020,1020,1020,10
2023-05-23,1050,1050,1050,1050,96
2023-05-24,1050,1050,1000,1045,93
2023-05-25,1045,1045,1045,1045,82
2023-05-26,1045,1050,1045,1050,2060
2023-05-30,1070,1070,1000,1000,4010
2023-06-01,1060,1060,1005,1005,86
2023-06-02,1060,1060,1005,1005,2070
2023-06-06,1060,1060,1060,1060,100
2023-06-07,1060,1060,1050,1050,180
2023-06-08,1050,1050,1050,1050,97
2023-06-09,1030,1055,1030,1050,1239
2023-06-12,1030,1030,1030,1030,106
2023-06-13,1005,1080,1005,1005,2444
2023-06-15,1050,1050,1050,1050,611
2023-06-16,1080,1080,1080,1080,262
2023-06-19,1080,1080,1080,1080,1182
2023-06-20,1080,1080,1080,1080,17
2023-06-21,1080,1100,1080,1095,1063
2023-06-22,1050,1050,1050,1050,776
2023-06-23,1100,1100,1100,1100,22
2023-06-26,1090,1100,1090,1100,184
2023-06-27,1100,1100,1100,1100,11
2023-06-29,1095,1100,1020,1020,136
2023-07-03,1010,1020,1010,1020,150
2023-07-04,1050,1050,1050,1050,1000
2023-07-05,1050,1095,1050,1095,205
2023-07-06,1090,1090,1090,1090,80
2023-07-10,1085,1085,1085,1085,9
2023-07-11,1085,1090,1085,1090,325
2023-07-12,1090,1095,1090,1095,1500
2023-07-13,1090,1095,1090,1095,341
2023-07-14,1095,1095,1095,1095,118
2023-07-17,1100,1100,1020,1020,3
2023-07-18,1030,1030,1030,1030,4
2023-07-19,1035,1035,1035,1035,40
2023-07-20,1075,1085,1030,1030,5167
2023-07-24,1105,1105,1105,1105,100
2023-07-25,1120,1125,1045,1125,418
2023-07-26,1125,1125,1125,1125,140
2023-07-27,1125,1125,1125,1125,32
2023-07-28,1125,1155,1125,1155,45
2023-07-31,1150,1150,1150,1150,100
2023-08-01,1150,1150,1150,1150,3
2023-08-02,1150,1235,1150,1235,1690
2023-08-03,1235,1320,1235,1320,1443
2023-08-04,1300,1300,1255,1255,1487
2023-08-08,1255,1255,1240,1240,17
2023-08-09,1215,1215,1150,1150,145
2023-08-10,1150,1150,1150,1150,9
2023-08-11,1150,1235,1070,1235,308
2023-08-14,1220,1220,1220,1220,9
2023-08-16,1220,1220,1150,1150,55
2023-08-17,1220,1220,1150,1165,67
2023-08-18,1195,1195,1165,1165,424
2023-08-21,1165,1200,1160,1165,526
2023-08-22,1160,1165,1160,1165,191
2023-08-23,1165,1200,1165,1200,101
2023-08-24,1200,1200,1170,1170,120
2023-08-25,1170,1185,1170,1185,804
2023-08-28,1185,1190,1185,1190,86
2023-08-29,1185,1185,1185,1185,31
2023-08-30,1190,1190,1185,1185,9
2023-08-31,1185,1185,1185,1185,40
2023-09-01,1190,1190,1190,1190,100
2023-09-04,1190,1190,1190,1190,30
2023-09-05,1190,1190,1170,1170,549
2023-09-06,1165,1170,1165,1170,107
2023-09-07,1170,1190,1170,1190,116
2023-09-08,1170,1190,1170,1190,177
2023-09-11,1185,1185,1170,1170,226
2023-09-12,1190,1190,1175,1190,200
2023-09-13,1190,1190,1190,1190,105
2023-09-14,1190,1190,1180,1180,362
2023-09-15,1190,1190,1175,1180,471
2023-09-18,1190,1190,1180,1185,110
2023-09-19,1180,1180,1180,1180,111
2023-09-20,1165,1180,1165,1180,263
2023-09-21,1170,1180,1170,1170,307
2023-09-22,1170,1180,1165,1180,215
2023-09-25,1180,1180,1180,1180,105
2023-09-26,1180,1180,1180,1180,94
2023-09-28,1165,1165,1165,1165,101
2023-10-02,1165,1165,1165,1165,568
2023-10-03,1170,1170,1170,1170,10
2023-10-04,1170,1170,1170,1170,234
2023-10-05,1170,1170,1170,1170,276
2023-10-06,1170,1170,1160,1160,67
2023-10-09,1160,1170,1160,1170,171
2023-10-10,1170,1170,1170,1170,55
2023-10-11,1165,1165,1165,1165,310
2023-10-12,1150,1150,1145,1145,450
2023-10-13,1060,1105,1060,1105,447
2023-10-16,1160,1180,1105,1180,23209
2023-10-17,1185,1185,1185,1185,936
2023-10-18,1185,1185,1175,1185,850
2023-10-19,1185,1200,1185,1200,313
2023-10-20,1200,1240,1185,1185,2060
2023-10-23,1235,1235,1235,1235,25
2023-10-24,1215,1215,1200,1200,1060
2023-10-25,1200,1200,1200,1200,1110
2023-10-26,1200,1200,1200,1200,1
2023-10-27,1200,1200,1200,1200,200
2023-10-30,1180,1200,1180,1200,823
2023-10-31,1200,1200,1170,1170,252
2023-11-02,1170,1170,1170,1170,169
2023-11-03,1170,1170,1170,1170,151
2023-11-06,1085,1085,1085,1085,321
2023-11-07,1100,1100,1055,1055,559
2023-11-08,1055,1055,1055,1055,114
2023-11-10,1100,1100,1100,1100,57
2023-11-13,1090,1090,1060,1060,381
2023-11-14,1090,1095,1090,1095,114
2023-11-16,1040,1040,1040,1040,50
2023-11-17,1100,1105,1100,1105,150
2023-11-20,1150,1150,1150,1150,319
2023-11-21,1150,1150,1150,1150,263
2023-11-22,1150,1160,1150,1160,102
2023-11-23,1155,1155,1155,1155,10
2023-11-24,1155,1155,1150,1155,345
2023-11-27,1155,1155,1150,1155,275
2023-11-28,1155,1155,1100,1100,854
2023-11-29,1100,1100,1100,1100,159
2023-11-30,1100,1100,1100,1100,462
2023-12-01,1100,1100,1080,1080,150
2023-12-04,1050,1075,1050,1075,358
2023-12-05,1075,1075,995,995,554
2023-12-06,1055,1065,1005,1005,611
2023-12-07,1000,1000,1000,1000,255
2023-12-08,1010,1010,990,1010,2563
2023-12-11,1020,1020,1020,1020,65
2023-12-12,1020,1020,1020,1020,450
2023-12-13,1050,1050,1050,1050,10
2023-12-14,1070,1070,1020,1020,203
2023-12-15,1025,1025,1020,1020,748
2023-12-18,1055,1055,1055,1055,10
2023-12-19,1020,1030,1020,1020,1056
2023-12-22,1025,1025,1000,1000,280
2023-12-26,1010,1010,1010,1010,73
2023-12-27,1020,1020,1020,1020,101
2023-12-28,1035,1035,1035,1035,25
2023-12-29,1035,1110,1000,1110,20702
2024-01-02,1115,1115,1075,1075,75
2024-01-03,1075,1075,1000,1000,907
2024-01-04,1000,1075,1000,1000,459
2024-01-05,1050,1050,1000,1000,792
2024-01-08,970,970,970,970,300
2024-01-10,975,1040,975,1040,534
2024-01-11,975,1040,975,1040,288
2024-01-12,1040,1040,1040,1040,31
2024-01-15,1040,1040,1040,1040,54
2024-01-17,1040,1040,1040,1040,29
2024-01-18,985,985,985,985,60
2024-01-19,985,1040,985,1040,13
2024-01-22,990,990,990,990,10
2024-01-23,990,990,990,990,78
2024-01-24,1035,1035,1000,1035,225
2024-01-25,1000,1000,1000,1000,135
2024-01-26,1000,1000,1000,1000,240
2024-01-29,1000,1000,1000,1000,49
2024-01-30,1000,1000,1000,1000,181
2024-01-31,1035,1035,1035,1035,20
2024-02-01,1035,1035,1035,1035,53
2024-02-02,970,970,970,970,800
2024-02-05,980,980,980,980,50
2024-02-06,1050,1050,1050,1050,27
2024-02-07,1050,1050,1050,1050,3
2024-02-08,980,980,980,980,200
2024-02-13,980,1020,960,1020,1159
2024-02-14,1095,1095,1095,1095,220
2024-02-15,1100,1100,1100,1100,1
2024-02-16,1100,1100,1100,1100,20
2024-02-19,1100,1115,1100,1115,801
2024-02-20,1100,1100,1035,1035,340
2024-02-21,1100,1100,1100,1100,365
2024-02-22,1100,1100,1020,1100,353
2024-02-23,1100,1100,1100,1100,5
2024-02-26,1100,1100,1100,1100,144
2024-02-27,1020,1020,1020,1020,335
2024-02-28,1000,1000,990,990,448
2024-02-29,990,990,990,990,3
2024-03-04,990,1060,970,1060,169
2024-03-06,1010,1015,985,1015,783
2024-03-07,1015,1015,1010,1015,123
2024-03-08,1020,1020,1010,1010,55
2024-03-11,1065,1065,1065,1065,403
2024-03-12,1065,1100,1010,1010,1079
2024-03-13,1015,1015,1010,1015,158
2024-03-14,1015,1015,1015,1015,158
2024-03-15,1015,1015,1015,1015,400
2024-03-18,1015,1015,1015,1015,3
2024-03-20,1025,1025,1025,1025,420
2024-03-21,1050,1080,1050,1080,215
2024-03-22,1080,1080,1080,1080,94
2024-03-25,1150,1160,1100,1160,1497
2024-03-26,1160,1160,1140,1140,136
2024-03-27,1140,1140,1140,1140,31
2024-03-28,1140,1140,1055,1120,245
2024-03-29,1140,1140,1140,1140,85
2024-04-02,1140,1140,1065,1065,151
2024-04-03,1100,1130,1100,1130,435
2024-04-04,1130,1200,1130,1130,494
2024-04-05,1130,1130,1100,1100,227
2024-04-08,1130,1150,1100,1100,1548
2024-04-09,1160,1160,1160,1160,2
2024-04-11,1155,1155,1100,1100,394
2024-04-12,1100,1120,1100,1120,558
2024-04-15,1095,1095,1095,1095,14
2024-04-16,1025,1090,1025,1090,161
2024-04-17,1010,1090,1010,1090,1208
2024-04-18,1090,1090,1080,1080,124
2024-04-19,1090,1145,1090,1125,95
2024-04-22,1145,1145,1125,1125,9
2024-04-23,1125,1125,1090,1100,324
2024-04-24,1100,1100,1090,1090,85
2024-04-25,1090,1145,1090,1140,58
2024-04-26,1100,1100,1090,1090,125
2024-04-29,1080,1080,1010,1010,344
2024-04-30,1010,1010,970,995,1553
2024-05-02,995,1010,995,1000,854
2024-05-03,1000,1000,1000,1000,101
2024-05-06,995,1000,990,1000,179
2024-05-07,1000,1000,925,925,513
2024-05-08,950,990,950,990,12
2024-05-10,1060,1060,1060,1060,3273
2024-05-13,985,1050,985,985,3421
2024-05-14,1000,1055,1000,1055,59
2024-05-15,985,985,985,985,1
2024-05-16,1055,1055,1055,1055,205
2024-05-17,1090,1090,1055,1055,32
2024-05-21,1055,1055,1000,1000,191
2024-05-22,1000,1000,990,1000,492
2024-05-23,1050,1050,1050,1050,3
2024-05-24,1000,1055,1000,1000,543
2024-05-27,1055,1055,1010,1055,158
2024-05-28,1055,1055,1000,1000,5
2024-05-29,980,980,980,980,764
2024-05-30,1050,1050,980,980,167
2024-05-31,980,980,980,980,214
2024-06-04,980,1020,980,1020,73
2024-06-05,1015,1020,1015,1020,23
2024-06-06,1020,1020,980,1020,155
2024-06-07,1020,1020,1020,1020,8
2024-06-10,1020,1020,1005,1020,250
2024-06-11,1020,1030,1020,1020,348
2024-06-12,1020,1020,1020,1020,33
2024-06-13,1020,1050,1020,1050,20103
2024-06-14,990,990,990,990,3
2024-06-18,990,1000,990,1000,44
2024-06-19,985,1065,985,1065,334
2024-06-20,990,1065,990,1065,390
2024-06-21,990,990,990,990,95
2024-06-24,1060,1060,1060,1060,110
2024-06-25,1000,1065,1000,1060,268
2024-06-26,1060,1060,990,990,120
2024-06-27,990,990,990,990,277
2024-06-28,1000,1060,1000,1060,130
2024-07-01,1060,1075,1060,1075,2274
2024-07-02,1070,1070,1060,1060,370
2024-07-03,1075,1075,990,1060,216
2024-07-04,1060,1060,1060,1060,351
2024-07-05,990,1055,990,1050,804
2024-07-08,1055,1055,1000,1000,51
2024-07-09,1000,1040,950,1040,6165
2024-07-10,1035,1035,990,990,569
2024-07-11,990,990,980,980,1328
2024-07-12,980,980,950,980,264
2024-07-15,980,980,925,980,13083
2024-07-16,980,980,975,980,220
2024-07-17,975,980,970,970,307
2024-07-18,970,970,950,960,624
2024-07-19,960,970,950,950,1044
2024-07-22,950,975,940,945,1522
2024-07-23,945,960,945,960,1211
2024-07-24,960,960,950,960,2177
2024-07-25,950,960,950,960,2735
2024-07-26,950,960,950,960,444
2024-07-29,950,950,950,950,830
2024-07-30,955,960,935,955,2481
2024-07-31,950,1025,950,1025,2620
2024-08-01,955,955,955,955,1011
2024-08-02,1025,1025,980,980,699
2024-08-05,980,1000,955,980,213
2024-08-06,980,1000,980,1000,205
2024-08-08,1000,1000,1000,1000,1170
2024-08-09,980,995,980,980,435
2024-08-12,980,995,970,980,767
2024-08-13,980,980,980,980,379
2024-08-14,980,980,980,980,497
2024-08-16,980,980,980,980,241
2024-08-19,1000,1000,1000,1000,151
2024-08-20,1020,1020,1000,1000,75
2024-08-21,1000,1000,1000,1000,336
2024-08-22,1000,1000,990,995,211
2024-08-23,995,995,995,995,1066
2024-08-26,995,995,995,995,254
2024-08-27,990,990,985,985,482
2024-08-28,990,990,960,990,13879
2024-08-29,990,990,990,990,20
2024-08-30,1000,1000,980,980,1702
2024-09-02,980,980,980,980,1325
2024-09-03,980,980,950,950,12835
2024-09-04,935,980,935,980,347
2024-09-05,980,995,980,995,4120
2024-09-06,995,995,980,995,224
2024-09-09,995,1050,980,1050,312
2024-09-10,1035,1035,975,975,1897
2024-09-11,980,1035,980,1035,629
2024-09-12,1035,1035,1030,1030,11
2024-09-13,1030,1030,980,980,924
2024-09-16,980,980,975,980,11881
2024-09-17,980,985,980,985,188
2024-09-18,1030,1030,975,975,5276
2024-09-19,990,990,990,990,852
2024-09-20,990,995,990,995,88
2024-09-23,995,1030,950,950,6189
2024-09-24,1010,1010,1010,1010,504
2024-09-25,1030,1030,1010,1020,933
2024-09-26,1020,1025,960,1025,292
2024-09-27,1030,1030,1020,1020,218
2024-09-30,1020,1020,1020,1020,20
2024-10-01,955,955,955,955,203
2024-10-02,970,1025,970,1025,137
2024-10-03,1020,1025,1020,1025,2085
2024-10-04,1025,1030,1025,1030,374
2024-10-07,1030,1030,1030,1030,424
2024-10-08,1030,1050,955,1050,1207
2024-10-09,1050,1050,980,1050,171
2024-10-10,1040,1040,1000,1000,5419
2024-10-11,1000,1000,980,980,85
2024-10-14,985,1000,985,990,316
2024-10-15,1000,1050,955,1050,740
2024-10-16,975,990,975,990,150
2024-10-17,1035,1040,1035,1040,471
2024-10-18,1040,1040,1015,1015,315
2024-10-21,1015,1015,1015,1015,185
2024-10-22,1015,1015,1015,1015,13
2024-10-23,995,1040,995,1040,34
2024-10-24,1020,1020,1015,1015,35093
2024-10-25,1020,1020,1020,1020,3934
2024-10-28,1095,1095,1095,1095,631
2024-10-29,1120,1160,1100,1100,287
2024-10-30,1100,1100,1095,1100,200
2024-10-31,1100,1100,1090,1100,758
2024-11-04,1100,1100,1100,1100,286
2024-11-05,1100,1100,1020,1020,78
2024-11-06,1020,1095,1020,1095,113
2024-11-07,1095,1095,1095,1095,156
2024-11-08,1095,1095,1025,1095,473
2024-11-11,1095,1095,1095,1095,102
2024-11-12,1090,1095,1025,1025,104
2024-11-13,1025,1095,995,1095,250
2024-11-14,1090,1090,1090,1090,6
2024-11-18,1050,1050,1020,1020,1761
2024-11-19,1000,1050,1000,1050,5066
2024-11-20,1050,1100,1050,1080,2523
2024-11-21,1095,1095,1080,1080,24
2024-11-22,1080,1080,1080,1080,50
2024-11-25,1070,1070,1070,1070,8
2024-11-26,1000,1000,1000,1000,114
2024-11-27,1075,1075,1060,1060,81
2024-11-28,1060,1100,1060,1100,1031
2024-11-29,1080,1100,1080,1100,866
2024-12-02,1145,1170,1145,1170,967
2024-12-03,1170,1170,1140,1160,286
2024-12-04,1160,1160,1140,1155,103
2024-12-05,1070,1150,1070,1150,5435
2024-12-06,1150,1150,1150,1150,11
2024-12-09,1070,1100,1070,1100,2838
2024-12-10,1100,1100,1050,1050,166
2024-12-11,1050,1050,1050,1050,105
2024-12-12,1095,1095,1095,1095,134
2024-12-13,1020,1020,1020,1020,1140
2024-12-16,1025,1095,1020,1095,100
2024-12-17,1095,1095,1075,1095,122
2024-12-18,1095,1145,1020,1145,206
2024-12-19,1140,1160,1060,1160,4442
2024-12-20,1160,1160,1145,1155,225
2024-12-23,1150,1160,1145,1155,1696
2024-12-24,1150,1150,1145,1145,886
2024-12-26,1145,1145,1145,1145,704
2024-12-27,1145,1145,1140,1140,4
2024-12-30,1110,1140,1060,1060,522
2024-12-31,1040,1040,1040,1040,1457
2025-01-02,1040,1040,1040,1040,74
2025-01-03,1115,1115,1040,1040,737
2025-01-06,1080,1095,1000,1095,312
2025-01-07,1095,1095,1040,1080,193
2025-01-08,1070,1080,1070,1080,959
2025-01-09,1080,1080,1040,1040,512
2025-01-10,1080,1080,1040,1040,146
2025-01-13,1020,1030,1020,1030,1962
2025-01-14,1000,1040,1000,1035,323
2025-01-15,1035,1040,1035,1040,895
2025-01-16,1040,1040,1030,1030,238
2025-01-17,1040,1040,1040,1040,2032
2025-01-20,1030,1115,1030,1115,2649
2025-01-21,1115,1115,1115,1115,2
2025-01-22,1115,1115,1050,1050,41
2025-01-23,1050,1050,1050,1050,306
2025-01-24,1040,1050,1040,1050,5
2025-01-27,1050,1110,1050,1110,54
2025-01-28,1110,1110,1110,1110,32
2025-01-29,1110,1110,1100,1100,545
2025-01-30,1050,1050,1050,1050,9
2025-01-31,1050,1100,1050,1100,20
2025-02-03,1060,1100,1060,1100,32
2025-02-05,1100,1100,1100,1100,50
2025-02-06,1055,1110,1055,1110,38
2025-02-07,1110,1120,1110,1120,718
2025-02-10,1120,1120,1120,1120,531
2025-02-11,1120,1120,1110,1120,506
2025-02-12,1120,1120,1115,1120,627
2025-02-13,1120,1120,1115,1120,127
2025-02-14,1120,1120,1115,1120,512
2025-02-17,1120,1120,1105,1110,353
2025-02-18,1110,1110,1095,1095,203
2025-02-19,1095,1100,1075,1080,3567
2025-02-20,1100,1100,1080,1080,177
2025-02-21,1080,1120,1080,1120,806
2025-02-24,1085,1120,1085,1120,359
2025-02-25,1120,1120,1090,1115,349
2025-02-26,1150,1160,1150,1150,56
2025-02-27,1120,1170,1095,1170,52
2025-02-28,1100,1170,1100,1170,1012
2025-03-03,1165,1200,1165,1200,52
2025-03-04,1180,1200,1180,1195,788
2025-03-05,1200,1250,1190,1200,8395
2025-03-06,1200,1200,1170,1170,1157
2025-03-07,1100,1170,1100,1170,4452
2025-03-10,1170,1200,1170,1200,58
2025-03-11,1170,1200,1150,1200,58
2025-03-12,1185,1185,1185,1185,170
2025-03-13,1185,1185,1150,1150,2067
2025-03-14,1235,1235,1235,1235,16692
2025-03-17,1325,1325,1325,1325,8390
2025-03-18,1350,1395,1250,1395,15182
2025-03-19,1350,1395,1350,1395,6716
2025-03-20,1400,1420,1375,1375,2558
2025-03-21,1350,1395,1350,1395,574
2025-03-24,1375,1375,1365,1365,556
2025-03-25,1375,1375,1300,1355,618
2025-03-26,1355,1355,1255,1255,1184
2025-03-28,1255,1340,1255,1340,11818
2025-04-01,1340,1340,1340,1340,484
2025-04-02,1340,1340,1240,1240,23343
2025-04-03,1245,1245,1235,1235,950
2025-04-04,1260,1260,1245,1245,93
2025-04-07,1245,1335,1245,1300,3512
2025-04-08,1330,1330,1300,1300,388
2025-04-09,1320,1320,1240,1240,14489
2025-04-10,1240,1300,1240,1300,13671
2025-04-11,1320,1320,1310,1310,629
2025-04-14,1315,1375,1230,1375,25178
2025-04-15,1375,1375,1275,1340,466
2025-04-16,1400,1400,1375,1375,4139
2025-04-17,1350,1350,1350,1350,37
2025-04-18,1350,1350,1350,1350,755
2025-04-22,1350,1350,1255,1350,84
2025-04-23,1390,1390,1380,1380,1015
2025-04-24,1380,1385,1380,1385,321
2025-04-25,1310,1385,1310,1350,2212
2025-04-28,1350,1350,1270,1270,1323
2025-04-29,1300,1325,1300,1325,34
2025-04-30,1350,1400,1350,1380,13491
2025-05-02,1380,1380,1300,1375,1079
2025-05-05,1375,1375,1285,1350,1912
2025-05-06,1340,1340,1275,1330,1178
2025-05-07,1350,1350,1330,1330,1025
2025-05-08,1330,1330,1300,1300,851
2025-05-09,1300,1300,1290,1300,3365
2025-05-12,1275,1330,1275,1330,187
2025-05-13,1330,1330,1330,1330,138
2025-05-14,1330,1390,1330,1350,1003
2025-05-15,1350,1350,1315,1320,269
2025-05-16,1225,1390,1225,1225,3977
2025-05-19,1300,1315,1300,1310,96
2025-05-20,1390,1400,1320,1320,1842
2025-05-21,1325,1400,1325,1360,2854
2025-05-22,1395,1400,1300,1300,34706
2025-05-23,1345,1350,1300,1350,5716
2025-05-26,1350,1400,1300,1400,2816
2025-05-27,1385,1385,1295,1295,10448
2025-05-28,1250,1255,1200,1200,3887
2025-05-30,1200,1285,1200,1200,701
2025-06-02,1205,1285,1190,1190,2523
2025-06-03,1200,1210,1200,1210,268
2025-06-04,1290,1290,1200,1285,494
2025-06-05,1200,1240,1200,1200,1245
2025-06-10,1200,1200,1110,1195,28755
2025-06-11,1195,1200,1195,1195,615
2025-06-12,1195,1200,1195,1195,317
2025-06-13,1195,1195,1190,1190,376
2025-06-16,1190,1195,1190,1190,296
2025-06-17,1170,1195,1170,1195,1627
2025-06-18,1195,1195,1190,1190,2694
2025-06-19,1190,1200,1190,1200,485
2025-06-20,1190,1195,1175,1175,985
2025-06-23,1175,1200,1115,1200,1309
2025-06-24,1200,1200,1175,1175,454
2025-06-25,1190,1190,1175,1180,809
2025-06-26,1180,1190,1175,1190,784
2025-06-27,1190,1190,1185,1185,595
2025-06-30,1185,1185,1180,1185,691
2025-07-01,1185,1185,1180,1185,438
2025-07-02,1185,1195,1120,1195,432
2025-07-03,1190,1195,1190,1190,448
2025-07-04,1190,1190,1130,1190,858
2025-07-07,1130,1190,1130,1130,306
2025-07-08,1165,1190,1165,1190,81
2025-07-09,1190,1190,1170,1180,207
2025-07-10,1190,1190,1180,1190,102
2025-07-11,1190,1190,1190,1190,111
2025-07-14,1190,1190,1170,1170,210
2025-07-15,1170,1170,1150,1170,629
2025-07-16,1185,1190,1170,1180,188
2025-07-17,1180,1180,1170,1170,626
2025-07-18,1180,1180,1170,1170,1135
2025-07-21,1170,1190,1170,1190,924
2025-07-22,1190,1190,1170,1190,319
2025-07-23,1190,1190,1180,1185,163
2025-07-24,1190,1190,1190,1190,438
2025-07-25,1190,1190,1175,1190,2813
2025-07-28,1190,1200,1190,1200,828
2025-07-29,1200,1200,1195,1200,611
2025-07-30,1200,1200,1190,1190,2123
2025-07-31,1195,1200,1190,1200,2435
2025-08-01,1290,1290,1235,1250,880
2025-08-04,1250,1290,1250,1250,281
2025-08-05,1280,1300,1250,1250,2415
2025-08-06,1300,1300,1260,1300,305
2025-08-08,1300,1300,1300,1300,252
2025-08-11,1300,1300,1260,1300,421
2025-08-12,1300,1300,1280,1300,211
2025-08-13,1300,1300,1300,1300,1699
2025-08-14,1305,1335,1300,1335,3187
2025-08-18,1345,1345,1300,1305,1289
2025-08-19,1305,1335,1305,1305,90
2025-08-20,1305,1305,1300,1305,559
2025-08-21,1260,1305,1260,1300,360
2025-08-22,1260,1320,1260,1265,1231
2025-08-25,1300,1305,1300,1305,1041
2025-08-26,1305,1305,1280,1280,322
2025-08-27,1290,1305,1260,1305,6986
2025-08-28,1310,1330,1310,1315,3234
2025-08-29,1320,1330,1320,1330,877
2025-09-01,1330,1330,1315,1315,203
2025-09-02,1320,1330,1315,1330,366
2025-09-03,1330,1330,1320,1320,1275
2025-09-05,1315,1320,1310,1320,569
2025-09-08,1320,1325,1310,1310,1338
2025-09-09,1310,1325,1310,1310,2124
2025-09-10,1330,1400,1330,1330,1609
2025-09-11,1410,1420,1410,1420,962
2025-09-12,1450,1450,1395,1395,197
2025-09-15,1420,1420,1415,1415,239
2025-09-16,1410,1410,1400,1400,1325
2025-09-17,1400,1400,1390,1400,258
2025-09-18,1400,1400,1380,1380,688
2025-09-19,1380,1400,1335,1400,1368
2025-09-22,1405,1405,1400,1405,99
2025-09-23,1405,1405,1405,1405,116
2025-09-24,1400,1405,1400,1405,1996
2025-09-25,1405,1405,1400,1400,507
2025-09-26,1400,1415,1400,1415,1086
2025-09-29,1415,1495,1345,1345,360
2025-09-30,1445,1445,1400,1415,230
2025-10-01,1495,1495,1415,1450,158
2025-10-02,1450,1500,1450,1495,233
2025-10-03,1495,1500,1495,1500,952
2025-10-06,1520,1610,1520,1610,195
2025-10-07,1730,1730,1730,1730,967
2025-10-08,1735,1790,1735,1790,463
2025-10-09,1800,1920,1800,1920,1141
2025-10-10,1950,2060,1930,1960,1779
2025-10-13,2100,2105,2100,2105,1165
2025-10-14,2250,2260,2250,2260,713
2025-10-15,2260,2260,2100,2200,5794
2025-10-16,2100,2200,2035,2170,1025
2025-10-17,2030,2035,2010,2010,1569
2025-10-20,2000,2010,1995,2000,1035
2025-10-21,1950,1950,1850,1935,1607
2025-10-22,1895,1895,1790,1790,1881
2025-10-23,1745,1745,1660,1715,929
2025-10-24,1715,1715,1700,1700,1208
2025-10-27,1700,1710,1695,1695,903
2025-10-28,1700,1715,1570,1715,2022
2025-10-29,1715,1715,1705,1705,749
2025-10-30,1715,1725,1705,1725,2116
2025-10-31,1800,1850,1800,1850,624
2025-11-03,1950,1985,1950,1985,627
2025-11-04,1970,1970,1875,1875,2939
2025-11-05,1850,1850,1745,1840,1567
2025-11-06,1850,1930,1845,1860,1316
2025-11-07,1910,1930,1860,1910,778
2025-11-10,2035,2050,1950,2050,3891
2025-11-11,2200,2200,2200,2200,6641
2025-11-12,2365,2365,2365,2365,858
2025-11-13,2540,2540,2540,2540,1465
2025-11-14,2550,2700,2540,2550,5072
2025-11-17,2365,2365,2360,2360,3630
2025-11-18,2355,2355,2185,2185,1840
2025-11-19,2100,2185,2035,2035,1522
2025-11-20,2025,2185,2025,2185,377
2025-11-21,2345,2345,2240,2240,544
2025-11-24,2400,2400,2260,2400,393
2025-11-25,2400,2400,2220,2230,2444
2025-11-26,2240,2240,2065,2065,711
2025-11-27,2100,2215,2100,2210,759
2025-11-28,2210,2300,2105,2300,779
2025-12-01,2365,2365,2150,2300,589
2025-12-02,2300,2300,2150,2165,451
2025-12-03,2230,2235,2230,2230,3496
2025-12-04,2230,2230,2190,2230,380
2025-12-05,2230,2230,2190,2190,415
2025-12-08,2200,2200,2180,2185,827
2025-12-09,2180,2200,2180,2200,262
2025-12-10,2200,2200,2185,2185,518
2025-12-11,2185,2200,2150,2200,2913
2025-12-12,2200,2300,2200,2300,989
2025-12-15,2300,2450,2225,2445,1382
2025-12-16,2350,2445,2350,2350,582
2025-12-17,2400,2445,2250,2345,727
2025-12-18,2345,2345,2225,2345,546
2025-12-19,2345,2345,2200,2345,556
2025-12-22,2345,2345,2200,2200,1523
2025-12-23,2275,2365,2200,2365,1830
2025-12-24,2365,2395,2365,2365,405
2025-12-26,2390,2395,2360,2365,493
2025-12-29,2365,2365,2300,2300,603
2025-12-30,2320,2320,2300,2320,137
2025-12-31,2355,2360,2355,2360,50
2026-01-02,2360,2360,2300,2350,742
2026-01-05,2350,2360,2350,2360,700
2026-01-06,2350,2360,2350,2355,279
2026-01-07,2300,2355,2300,2300,571
2026-01-08,2310,2355,2310,2355,647
2026-01-09,2355,2530,2355,2445,1811
2026-01-12,2445,2625,2445,2625,695
2026-01-13,2625,2625,2590,2620,600
2026-01-14,2620,2715,2620,2690,1419
2026-01-15,2690,2700,2585,2600,4320
2026-01-16,2685,2685,2510,2600,806
2026-01-19,2600,2725,2600,2605,3452
2026-01-20,2650,2725,2555,2725,702
2026-01-21,2735,2925,2725,2925,1814
2026-01-22,2925,3000,2925,2950,714
2026-01-23,2950,3000,2950,2995,1121
2026-01-26,3000,3045,2995,3045,2997
2026-01-27,3045,3050,2995,3045,700
2026-01-28,3035,3045,2950,3020,1752
2026-01-29,2970,3000,2960,2960,751
2026-01-30,2960,2970,2925,2925,693
2026-02-02,2950,3000,2950,2995,1338
2026-02-03,3000,3020,2995,3000,2475
2026-02-04,3000,3200,3000,3200,2312
2026-02-05,3250,3440,3250,3440,1016
2026-02-06,3500,3675,3480,3675,960
2026-02-09,3675,3950,3675,3810,2302
2026-02-10,4000,4000,3810,3990,1298
2026-02-11,3990,4000,3985,4000,4142
2026-02-12,4000,4000,3700,3700,2382
2026-02-13,3680,3695,3425,3425,2574
2026-02-16,3170,3200,3170,3170,1760
2026-02-17,3060,3160,3050,3160,5491
2026-02-18,3160,3160,3080,3085,2747
2026-02-19,3100,3315,3100,3315,1082
2026-02-20,3400,3560,3400,3560,1763
2026-02-23,3560,3695,3450,3500,2632
2026-02-24,3500,3555,3350,3510,1120
2026-02-25,3510,3770,3510,3770,2572
2026-02-26,3850,3850,3770,3800,801
2026-02-27,3835,3850,3800,3820,825
2026-03-02,3820,4000,3810,4000,1109
2026-03-03,4000,4010,3800,3995,2765
2026-03-04,3995,3995,3700,3990,1540
2026-03-05,3700,3990,3700,3900,1353
2026-03-06,3900,3995,3850,3980,3226
2026-03-09,3715,3900,3715,3900,695
2026-03-10,3715,4000,3715,3850,3085
2026-03-11,3565,3565,3565,3565,2825
2026-03-12,3300,3300,3300,3300,5113
2026-03-13,3105,3450,3105,3290,8602
2026-03-17,3200,3290,3200,3280,2925
2026-03-18,3250,3275,3200,3245,813
2026-03-19,3280,3280,3250,3280,1008
2026-03-23,3280,3280,3270,3275,2365
2026-03-24,3280,3280,3165,3165,2938
2026-03-25,3165,3165,3160,3165,1762
2026-03-26,3165,3250,3165,3200,794
2026-03-27,3250,3280,3200,3280,907
2026-03-30,3280,3280,3250,3250,1503
2026-03-31,3245,3490,3210,3400,10273
2026-04-01,3655,3655,3610,3655,2659
2026-04-02,3655,3920,3655,3885,3788
2026-04-03,3895,3950,3885,3945,2234
2026-04-07,4235,4240,4020,4240,11783
2026-04-08,4395,4500,4350,4425,7481
2026-04-09,4435,4435,4095,4095,4524
2026-04-10,4090,4345,4090,4340,1834
2026-04-13,4450,4450,4150,4190,4324
2026-04-14,4045,4190,3995,3995,1334
2026-04-15,3700,3895,3700,3895,3588
2026-04-16,3895,3895,3855,3880,851
2026-04-17,3880,3880,3805,3805,1473
2026-04-20,3805,3805,3800,3800,928
2026-04-21,3515,3515,3515,3515,3945
2026-04-22,3260,3515,3260,3350,5021
2026-04-23,3500,3600,3500,3600,2071
2026-04-24,3785,3870,3600,3600,5037
2026-04-27,3650,3870,3650,3700,866
2026-04-28,3705,3705,3500,3700,1849
2026-04-29,3700,3750,3500,3750,336
2026-04-30,3600,3600,3600,3600,10
2026-05-04,3600,3700,3600,3655,2445
2026-05-05,3650,3650,3500,3500,1684
2026-05-06,3500,3500,3355,3410,1113
2026-05-07,3550,3550,3360,3400,387
2026-05-08,3400,3570,3380,3500,1096
2026-05-11,3500,3500,3380,3500,2467
2026-05-12,3370,3500,3370,3400,514
2026-05-13,3490,3500,3340,3500,2869
2026-05-15,3500,3500,3490,3495,695
2026-05-18,3495,3500,3415,3470,670
2026-05-19,3470,3470,3375,3400,799
2026-05-20,3400,3500,3400,3405,953
2026-05-21,3405,3500,3405,3500,218
2026-05-22,3500,3585,3500,3585,423
2026-05-26,3845,3845,3700,3700,210
2026-05-28,3750,3750,3740,3750,2585
2026-05-29,3605,3730,3500,3500,3177
2026-06-01,3500,3500,3465,3465,1396
2026-06-02,3500,3500,3400,3400,4386
2026-06-03,3500,3655,3500,3650,2357
2026-06-04,3700,3800,3650,3700,1059
2026-06-05,3850,3975,3800,3975,3480
2026-06-08,3975,4210,3975,4100,1406
2026-06-09,4100,4190,3975,4000,1531
2026-06-10,4100,4100,3975,3975,1441
2026-06-11,3975,4100,3975,4000,1923
2026-06-12,4005,4100,4000,4000,1078
2026-06-15,4005,4005,3990,4005,717
2026-06-16,4100,4100,4025,4025,1167
2026-06-17,4025,4025,4010,4015,596
2026-06-18,4015,4025,3900,3900,1938
2026-06-19,3900,4025,3815,4000,3060
2026-06-22,4000,4025,3810,4020,1354
2026-06-23,4015,4015,3750,4015,522
2026-06-24,4000,4000,3800,4000,1119
2026-06-25,4000,4000,3805,3900,717
2026-06-26,3900,4100,3810,3900,4443
2026-06-29,3900,4190,3900,4190,3626
2026-06-30,4190,4500,4190,4500,1445
2026-07-01,4600,4600,4190,4190,2155
2026-07-02,4190,4500,4190,4500,733
2026-07-03,4500,4500,4495,4495,879
2026-07-06,4500,4500,4190,4490,1227
2026-07-07,4490,4490,4155,4155,3760
2026-07-08,4155,4200,4000,4000,2929
2026-07-09,4050,4155,4000,4000,2647
2026-07-10,4015,4015,3905,3955,764
2026-07-13,3955,4000,3900,3910,1676
2026-07-14,3910,3950,3750,3800,9348
2026-07-15,3800,3800,3650,3710,4152
2026-07-16,3660,3705,3605,3625,3103
2026-07-17,3700,3700,3625,3650,2482
2026-07-20,3650,3695,3650,3695,1148
2026-07-21,3695,3955,3695,3950,810
2026-07-22,3950,3950,3850,3850,602
2026-07-23,3850,3950,3800,3940,443
2026-07-24,3900,3900,3750,3795,1397
2026-07-27,3800,3800,3650,3650,2196
2026-07-28,3650,3795,3650,3700,1184
2026-07-29,3700,3795,3545,3600,2489
2026-07-30,3600,3795,3500,3500,4997
2026-07-31,3510,3750,3500,3500,10266
2026-08-03,3500,3695,3500,3645,6890
2026-08-04,3645,3645,3455,3475,2874
2026-08-05,3475,3500,3475,3500,1139
2026-08-06,3600,3630,3550,3550,782
2026-08-10,3620,3620,3490,3500,4547
2026-08-11,3550,3550,3490,3500,6042
2026-08-12,3500,3500,3490,3500,788
2026-08-13,3500,3525,3455,3490,1551
2026-08-14,3525,3525,3500,3500,242
2026-08-17,3600,3600,3535,3600,1194
2026-08-18,3600,3600,3500,3600,1519
2026-08-19,3595,3700,3595,3690,1063
2026-08-20,3690,3765,3690,3705,1247
2026-08-21,3705,3720,3640,3640,2739
2026-08-24,3695,3695,3610,3620,426
2026-08-26,3620,3620,3490,3500,5689
2026-08-27,3500,3500,3450,3500,4806
2026-08-28,3500,3500,3455,3495,3629
2026-08-31,3600,3600,3490,3495,1588
2026-09-01,3495,3500,3480,3495,2486
2026-09-02,3495,3500,3400,3500,3940
2026-09-03,3600,3600,3500,3550,1062
2026-09-04,3550,3550,3450,3540,4443
2026-09-07,3540,3540,3450,3525,1793
2026-09-08,3525,3535,3465,3490,1384
2026-09-09,3520,3520,3480,3490,844
2026-09-10,3490,3490,3405,3480,1869
2026-09-11,3540,3540,3450,3500,1410
2026-09-14,3505,3520,3455,3490,1161
2026-09-15,3520,3600,3230,3410,3581
2026-09-16,3400,3500,3400,3500,1446
2026-09-17,3500,3500,3425,3430,537
2026-09-18,3430,3430,3405,3405,1959
2026-09-21,3405,3405,3200,3390,1535
2026-09-22,3390,3390,3200,3200,1065
2026-09-23,3300,3300,3190,3190,1160
2026-09-24,3200,3285,3200,3200,2503
2026-09-25,3200,3400,3200,3400,300
