Date,Open,High,Low,Close,Volume
1998-10-02,2200,2200,2200,2200,212490
1998-10-05,2200,2200,2200,2200,1820
1998-10-07,2300,2300,2300,2300,17280
1998-10-09,2200,2200,2200,2200,7070
1998-10-12,2300,2300,2300,2300,13930
1998-10-14,2300,2300,2300,2300,20320
1998-10-16,2200,2200,2200,2200,23920
1998-10-19,2300,2300,2300,2300,4440
1998-10-21,2200,2200,2200,2200,4450
1998-10-23,2200,2200,2200,2200,2720
1998-10-26,2200,2200,2200,2200,3530
1998-10-28,2290,2290,2290,2290,930
1998-10-30,2200,2200,2200,2200,4420
1998-11-02,2200,2200,2200,2200,880
1998-11-04,2290,2290,2290,2290,1100
1998-11-06,2290,2290,2290,2290,6340
1998-11-09,2200,2200,2200,2200,11360
1998-11-11,2200,2200,2200,2200,10170
1998-11-13,2035,2035,2035,2035,5920
1998-11-16,2180,2180,2180,2180,15000
1998-11-18,2200,2200,2200,2200,160000
1998-11-20,2300,2300,2300,2300,100000
1998-11-23,2395,2395,2395,2395,20000
1998-11-25,2395,2395,2395,2395,50700
1998-11-27,2395,2395,2395,2395,10000
1998-11-30,2395,2395,2395,2395,22770
1998-12-02,2395,2395,2395,2395,3050
1998-12-04,2395,2395,2395,2395,50000
1998-12-09,2395,2395,2395,2395,10180
1998-12-11,2395,2395,2395,2395,13480
1998-12-14,2395,2395,2395,2395,2850
1998-12-16,2395,2395,2395,2395,23240
1998-12-18,2395,2395,2395,2395,10370
1998-12-21,2395,2395,2395,2395,174000
1998-12-23,2395,2395,2395,2395,11000
1998-12-28,2395,2395,2395,2395,225900
1998-12-30,2400,2400,2400,2400,210000
1999-01-04,2400,2400,2400,2400,670
1999-01-06,2400,2400,2400,2400,13820
1999-01-08,2400,2400,2400,2400,15970
1999-01-11,2400,2400,2400,2400,5550
1999-01-13,2400,2400,2400,2400,11410
1999-01-18,2400,2400,2400,2400,4050
1999-01-20,2400,2400,2400,2400,940
1999-01-22,2400,2400,2400,2400,7070
1999-01-25,2400,2400,2400,2400,10400
1999-01-27,2400,2400,2400,2400,2800
1999-01-29,2400,2400,2400,2400,12670
1999-02-01,2400,2400,2400,2400,4370
1999-02-03,2400,2400,2400,2400,8650
1999-02-05,2400,2400,2400,2400,6900
1999-02-08,2400,2400,2400,2400,1000
1999-02-10,2400,2400,2400,2400,2500
1999-02-12,2400,2400,2400,2400,4740
1999-02-15,2400,2400,2400,2400,200
1999-02-17,2400,2400,2400,2400,1810
1999-02-19,2400,2400,2400,2400,17440
1999-02-22,2400,2400,2400,2400,9340
1999-02-24,2400,2400,2400,2400,926220
1999-02-26,2400,2400,2400,2400,4420
1999-03-01,2400,2400,2400,2400,2580
1999-03-03,2400,2400,2400,2400,5450
1999-03-05,2400,2400,2400,2400,500
1999-03-08,2400,2400,2400,2400,23380
1999-03-10,2400,2400,2400,2400,1150
1999-03-12,2500,2500,2500,2500,3770
1999-03-15,2500,2500,2500,2500,250
1999-03-17,2500,2500,2500,2500,11260
1999-03-19,2500,2500,2500,2500,10730
1999-03-22,2500,2500,2500,2500,5000
1999-03-24,2500,2500,2500,2500,19270
1999-03-26,2500,2500,2500,2500,3750
1999-03-29,2500,2500,2500,2500,21240
1999-03-31,2500,2500,2500,2500,9150
1999-04-02,2590,2590,2590,2590,5550
1999-04-07,2500,2500,2500,2500,200000
1999-04-09,2688,2688,2688,2688,52700
1999-04-12,2889,2889,2889,2889,1030
1999-04-14,2889,2889,2889,2889,10270
1999-04-16,2890,2890,2890,2890,35850
1999-04-19,3100,3100,3100,3100,1000
1999-04-21,2890,2890,2890,2890,3870
1999-04-23,2900,2900,2900,2900,7460
1999-04-26,2850,2850,2850,2850,3470
1999-04-28,2850,2850,2850,2850,2660
1999-04-30,2800,2800,2800,2800,3360
1999-05-03,2590,2590,2590,2590,110
1999-05-05,2784,2784,2784,2784,220090
1999-05-07,2860,2860,2860,2860,7780
1999-05-10,2860,2860,2860,2860,6050
1999-05-12,2890,2890,2890,2890,3080
1999-05-14,2900,2900,2900,2900,9310
1999-05-17,2900,2900,2900,2900,3020
1999-05-19,2900,2900,2900,2900,10360
1999-05-21,2900,2900,2900,2900,10820
1999-05-26,2901,2901,2901,2901,1840
1999-05-28,2901,2901,2901,2901,1290
1999-05-31,2901,2901,2901,2901,740
1999-06-02,2950,2950,2950,2950,16660
1999-06-04,2950,2950,2950,2950,1740
1999-06-07,2950,2950,2950,2950,2710
1999-06-09,2950,2950,2950,2950,5110
1999-06-11,2950,2950,2950,2950,6000
1999-06-14,2950,2950,2950,2950,510
1999-06-16,2950,2950,2950,2950,8600
1999-06-18,2950,2950,2950,2950,1720
1999-06-21,2950,2950,2950,2950,180
1999-06-23,2950,2950,2950,2950,500
1999-06-25,2950,2950,2950,2950,1800
1999-06-28,2950,2950,2950,2950,1500
1999-06-30,2950,2950,2950,2950,3000
1999-07-02,2950,2950,2950,2950,2340
1999-07-05,2900,2900,2900,2900,250
1999-07-07,2900,2900,2900,2900,700
1999-07-09,2683,2683,2683,2683,150
1999-07-12,2750,2750,2750,2750,200
1999-07-14,2750,2750,2750,2750,1300
1999-07-16,2650,2650,2650,2650,7120
1999-07-19,2650,2650,2650,2650,4850
1999-07-21,2650,2650,2650,2650,600
1999-07-23,2650,2650,2650,2650,3520
1999-07-26,2650,2650,2650,2650,2400
1999-07-28,2600,2600,2600,2600,5240
1999-07-30,2601,2601,2601,2601,3690
1999-08-02,2650,2650,2650,2650,3590
1999-08-04,2650,2650,2650,2650,7450
1999-08-06,2600,2600,2600,2600,14420
1999-08-09,2600,2600,2600,2600,4150
1999-08-11,2600,2600,2600,2600,2650
1999-08-13,2601,2601,2601,2601,64290
1999-08-16,2600,2600,2600,2600,2990
1999-08-18,2600,2600,2600,2600,59990
1999-08-20,2600,2600,2600,2600,3390
1999-08-23,2602,2602,2602,2602,7840
1999-08-25,2610,2610,2610,2610,8110
1999-08-27,2600,2600,2600,2600,102770
1999-08-30,2600,2600,2600,2600,620
1999-09-01,2600,2600,2600,2600,890
1999-09-03,2600,2600,2600,2600,1400
1999-09-06,2600,2600,2600,2600,1500
1999-09-08,2600,2600,2600,2600,1240
1999-09-10,2600,2600,2600,2600,2140
1999-09-13,2600,2600,2600,2600,500
1999-09-15,2600,2600,2600,2600,1330
1999-09-17,2600,2600,2600,2600,2200
1999-09-20,2600,2600,2600,2600,4490
1999-09-22,2600,2600,2600,2600,3270
1999-09-24,2600,2600,2600,2600,1100
1999-09-27,2600,2600,2600,2600,5840
1999-09-29,2600,2600,2600,2600,2890
1999-10-01,2600,2600,2600,2600,50100
1999-10-04,2600,2600,2600,2600,1240
1999-10-06,2600,2600,2600,2600,1800
1999-10-08,2600,2600,2600,2600,3330
1999-10-11,2620,2620,2620,2620,15100
1999-10-13,2620,2620,2620,2620,25150
1999-10-15,2620,2620,2620,2620,200
1999-10-18,2620,2620,2620,2620,3290
1999-10-20,2620,2620,2620,2620,2360
1999-10-22,2620,2620,2620,2620,5660
1999-10-25,2620,2620,2620,2620,26420
1999-10-27,2620,2620,2620,2620,3660
1999-10-29,2620,2620,2620,2620,1360
1999-11-03,2620,2620,2620,2620,5070
1999-11-05,2620,2620,2620,2620,76330
1999-11-08,2620,2620,2620,2620,26300
1999-11-10,2620,2620,2620,2620,52550
1999-11-12,2620,2620,2620,2620,4470
1999-11-17,2620,2620,2620,2620,65810
1999-11-19,2621,2621,2621,2621,7240
1999-11-22,2650,2650,2650,2650,410
1999-11-24,2660,2660,2660,2660,1800
1999-11-26,2650,2650,2650,2650,790
1999-11-29,2650,2650,2650,2650,500
1999-12-01,2650,2650,2650,2650,20200
1999-12-03,2650,2650,2650,2650,1080
1999-12-06,2650,2650,2650,2650,150
1999-12-08,2650,2650,2650,2650,280
1999-12-10,2650,2650,2650,2650,4820
1999-12-13,2650,2650,2650,2650,620
1999-12-15,2650,2650,2650,2650,2790
1999-12-17,2650,2650,2650,2650,1120
1999-12-20,2650,2650,2650,2650,56950
1999-12-22,2650,2650,2650,2650,450
1999-12-27,2650,2650,2650,2650,270
1999-12-29,2650,2650,2650,2650,3610
1999-12-31,2650,2650,2650,2650,300
2000-01-05,2650,2650,2650,2650,2180
2000-01-07,2650,2650,2650,2650,4190
2000-01-10,2650,2650,2650,2650,950
2000-01-12,2650,2650,2650,2650,20080
2000-01-14,2650,2650,2650,2650,1610
2000-01-17,2650,2650,2650,2650,350
2000-01-19,2650,2650,2650,2650,3650
2000-01-21,2650,2650,2650,2650,5120
2000-01-24,2650,2650,2650,2650,70
2000-01-26,2650,2650,2650,2650,469350
2000-01-28,2650,2650,2650,2650,1060
2000-01-31,2650,2650,2650,2650,850
2000-02-02,2650,2650,2650,2650,10040
2000-02-04,2650,2650,2650,2650,1410
2000-02-07,2650,2650,2650,2650,13320
2000-02-09,2650,2650,2650,2650,1780
2000-02-11,2650,2650,2650,2650,5550
2000-02-14,2650,2650,2650,2650,2000
2000-02-16,2650,2650,2650,2650,3500
2000-02-18,2650,2650,2650,2650,730
2000-02-21,2650,2650,2650,2650,1510
2000-02-23,2651,2651,2651,2651,3310
2000-02-25,2650,2650,2650,2650,684000
2000-02-28,2650,2650,2650,2650,1850
2000-03-01,2650,2650,2650,2650,2350
2000-03-03,2660,2660,2660,2660,1340
2000-03-06,2650,2650,2650,2650,950
2000-03-08,2650,2650,2650,2650,3750
2000-03-10,2650,2650,2650,2650,1070
2000-03-13,2650,2650,2650,2650,1660
2000-03-15,2650,2650,2650,2650,740
2000-03-17,2650,2650,2650,2650,50
2000-03-20,2650,2650,2650,2650,70
2000-03-22,2650,2650,2650,2650,650
2000-03-24,2650,2650,2650,2650,100550
2000-03-27,2650,2650,2650,2650,2950
2000-03-29,2650,2650,2650,2650,2750
2000-03-31,2650,2650,2650,2650,3090
2000-04-03,2650,2650,2650,2650,2630
2000-04-05,2650,2650,2650,2650,1400
2000-04-07,2650,2650,2650,2650,1690
2000-04-10,2650,2650,2650,2650,1450
2000-04-12,2650,2650,2650,2650,820
2000-04-14,2650,2650,2650,2650,1220
2000-04-17,2650,2650,2650,2650,500
2000-04-19,2650,2650,2650,2650,100
2000-04-21,2650,2650,2650,2650,1210
2000-04-26,2650,2650,2650,2650,500
2000-04-28,2650,2650,2650,2650,3330
2000-05-03,2650,2650,2650,2650,500
2000-05-05,2650,2650,2650,2650,2610
2000-05-08,2650,2650,2650,2650,800
2000-05-10,2650,2650,2650,2650,3550
2000-05-12,2650,2650,2650,2650,1640
2000-05-15,2650,2650,2650,2650,590
2000-05-17,2650,2650,2650,2650,1250
2000-05-19,2650,2650,2650,2650,5000
2000-05-22,2650,2650,2650,2650,340
2000-05-24,2650,2650,2650,2650,20
2000-05-26,2600,2600,2600,2600,137280
2000-05-29,2600,2600,2600,2600,950
2000-05-31,2599,2599,2599,2599,36040
2000-06-02,2650,2650,2650,2650,41300
2000-06-05,2650,2650,2650,2650,1460
2000-06-07,2600,2600,2600,2600,40890
2000-06-09,2650,2650,2650,2650,2020
2000-06-16,2650,2650,2650,2650,300
2000-06-19,2650,2650,2650,2650,200
2000-06-21,2650,2650,2650,2650,140
2000-06-23,2650,2650,2650,2650,2220
2000-06-26,2600,2600,2600,2600,100
2000-06-28,2600,2600,2600,2600,3140
2000-06-30,2600,2600,2600,2600,190
2000-07-03,2600,2600,2600,2600,80
2000-07-10,2600,2600,2600,2600,20150
2000-07-12,2600,2600,2600,2600,1630
2000-07-14,2600,2600,2600,2600,100
2000-07-17,2600,2600,2600,2600,450
2000-07-19,2599,2599,2599,2599,230
2000-07-21,2550,2550,2550,2550,210
2000-07-26,2500,2500,2500,2500,80
2000-07-28,2500,2500,2500,2500,550
2000-07-31,2500,2500,2500,2500,330
2000-08-02,2400,2400,2400,2400,80
2000-08-04,2400,2400,2400,2400,2530
2000-08-09,2300,2300,2300,2300,2090
2000-08-11,2300,2300,2300,2300,2710
2000-08-14,2300,2300,2300,2300,430
2000-08-16,2200,2200,2200,2200,100
2000-08-18,2200,2200,2200,2200,1000
2000-08-21,2200,2200,2200,2200,30
2000-08-23,2201,2201,2201,2201,6120
2000-08-25,2210,2210,2210,2210,1200
2000-08-28,2211,2211,2211,2211,100
2000-08-30,2200,2200,2200,2200,11560
2000-09-01,2200,2200,2200,2200,340
2000-09-04,2200,2200,2200,2200,15110
2000-09-06,2200,2200,2200,2200,120
2000-09-08,2200,2200,2200,2200,3370
2000-09-11,2200,2200,2200,2200,5870
2000-09-13,2200,2200,2200,2200,150850
2000-09-15,2195,2195,2195,2195,21200
2000-09-20,2200,2200,2200,2200,41220
2000-09-22,2198,2198,2198,2198,100
2000-09-25,2200,2200,2200,2200,650
2000-09-27,2100,2100,2100,2100,50440
2000-09-29,2100,2100,2100,2100,20100
2000-10-02,2125,2125,2125,2125,350
2000-10-04,2125,2125,2125,2125,151070
2000-10-06,2150,2150,2150,2150,166820
2000-10-09,2200,2200,2200,2200,129060
2000-10-11,2151,2151,2151,2151,2410
2000-10-13,2151,2151,2151,2151,7200
2000-10-16,2125,2125,2125,2125,5910
2000-10-18,2101,2101,2101,2101,13570
2000-10-20,2130,2130,2130,2130,97280
2000-10-25,2201,2201,2201,2201,760
2000-10-27,2300,2300,2300,2300,4740
2000-10-30,2200,2200,2200,2200,20280
2000-11-02,2200,2200,2200,2200,26210
2000-11-03,2150,2150,2150,2150,18530
2000-11-06,2200,2200,2200,2200,2600
2000-11-08,2200,2200,2200,2200,3080
2000-11-10,2150,2150,2150,2150,36160
2000-11-13,2150,2150,2150,2150,190
2000-11-16,2100,2100,2100,2100,3010
2000-11-17,2150,2150,2150,2150,25280
2000-11-20,2100,2100,2100,2100,1800
2000-11-22,2100,2100,2100,2100,210
2000-11-24,2150,2150,2150,2150,54150
2000-11-27,2150,2150,2150,2150,33060
2000-11-29,2200,2200,2200,2200,5840
2000-12-01,2150,2150,2150,2150,4550
2000-12-06,2101,2101,2101,2101,1000
2000-12-08,2200,2200,2200,2200,560
2000-12-11,2151,2151,2151,2151,300
2000-12-13,2150,2150,2150,2150,103380
2000-12-15,2200,2200,2200,2200,120
2000-12-18,2100,2100,2100,2100,15000
2000-12-20,2110,2110,2110,2110,5780
2000-12-22,2101,2101,2101,2101,890
2000-12-26,2100,2100,2100,2100,1720
2000-12-28,2101,2101,2101,2101,1290
2000-12-29,2100,2100,2100,2100,6460
2001-01-02,2110,2110,2110,2110,100
2001-01-03,2102,2102,2102,2102,960
2001-01-05,2103,2103,2103,2103,1160
2001-01-08,2100,2100,2100,2100,10100
2001-01-10,2111,2111,2111,2111,1550
2001-01-12,2150,2150,2150,2150,2350
2001-01-15,2150,2150,2150,2150,1750
2001-01-17,2100,2100,2100,2100,2950
2001-01-19,2100,2100,2100,2100,2400
2001-01-22,2100,2100,2100,2100,530
2001-01-24,2100,2100,2100,2100,1400
2001-01-26,2100,2100,2100,2100,960
2001-01-29,2100,2100,2100,2100,200
2001-01-31,2100,2100,2100,2100,2060
2001-02-02,2100,2100,2100,2100,5100
2001-02-05,2100,2100,2100,2100,100
2001-02-07,2100,2100,2100,2100,150
2001-02-09,2050,2050,2050,2050,4030
2001-02-12,2050,2050,2050,2050,6600
2001-02-14,2039,2039,2039,2039,9540
2001-02-16,2030,2030,2030,2030,3860
2001-02-19,2030,2030,2030,2030,1160
2001-02-21,2025,2025,2025,2025,14240
2001-02-23,2000,2000,2000,2000,12520
2001-03-06,1980,1980,1980,1980,10670
2001-03-07,1980,1980,1980,1980,730
2001-03-09,2000,2000,2000,2000,8510
2001-03-12,2001,2001,2001,2001,3530
2001-03-14,2005,2005,2005,2005,13550
2001-03-16,2006,2006,2006,2006,6420
2001-03-19,2006,2006,2006,2006,1470
2001-03-21,2001,2001,2001,2001,3520
2001-03-23,2011,2011,2011,2011,1290
2001-03-26,2010,2010,2010,2010,7050
2001-03-28,2011,2011,2011,2011,6000
2001-03-30,2001,2001,2001,2001,5180
2001-04-02,2025,2025,2025,2025,950
2001-04-04,2000,2000,2000,2000,9160
2001-04-06,2010,2010,2010,2010,330
2001-04-09,2001,2001,2001,2001,1800
2001-04-11,2000,2000,2000,2000,4010
2001-04-13,2000,2000,2000,2000,3600
2001-04-17,2000,2000,2000,2000,90
2001-04-18,2000,2000,2000,2000,1200
2001-04-20,2000,2000,2000,2000,1040
2001-04-23,2000,2000,2000,2000,32560
2001-04-25,2000,2000,2000,2000,1880
2001-04-27,2000,2000,2000,2000,9450
2001-04-30,2000,2000,2000,2000,100
2001-05-02,2000,2000,2000,2000,100
2001-05-04,2001,2001,2001,2001,28680
2001-05-07,2001,2001,2001,2001,2500
2001-05-09,2001,2001,2001,2001,5030
2001-05-11,2001,2001,2001,2001,7080
2001-05-14,2005,2005,2005,2005,6990
2001-05-16,2008,2008,2008,2008,2650
2001-05-18,2040,2040,2040,2040,4060
2001-05-21,2085,2085,2085,2085,500
2001-05-23,2151,2151,2151,2151,3230
2001-05-25,2280,2280,2280,2280,3690
2001-05-28,2450,2450,2450,2450,3310
2001-05-30,2450,2450,2450,2450,6300
2001-06-01,2451,2451,2451,2451,1250
2001-06-05,2451,2451,2451,2451,200
2001-06-06,2501,2501,2501,2501,350
2001-06-08,2501,2501,2501,2501,880
2001-06-11,2500,2500,2500,2500,11670
2001-06-13,2500,2500,2500,2500,1940
2001-06-15,2450,2450,2450,2450,560
2001-06-18,2400,2400,2400,2400,1460
2001-06-20,2301,2301,2301,2301,1350
2001-06-22,2300,2300,2300,2300,9260
2001-06-25,2300,2300,2300,2300,1350
2001-06-27,2301,2301,2301,2301,500
2001-06-29,2410,2410,2410,2410,1590
2001-07-02,2451,2451,2451,2451,1020
2001-07-04,2450,2450,2450,2450,880
2001-07-06,2450,2450,2450,2450,480
2001-07-09,2500,2500,2500,2500,8570
2001-07-11,2400,2400,2400,2400,2590
2001-07-13,2250,2250,2250,2250,200
2001-07-16,2250,2250,2250,2250,1950
2001-07-18,2250,2250,2250,2250,5000
2001-07-23,2050,2050,2050,2050,4650
2001-07-25,2050,2050,2050,2050,4440
2001-07-27,2060,2060,2060,2060,4420
2001-07-30,2050,2050,2050,2050,2560
2001-08-01,2030,2030,2030,2030,1650
2001-08-03,2100,2100,2100,2100,7450
2001-08-08,2100,2100,2100,2100,6690
2001-08-10,2100,2100,2100,2100,7020
2001-08-13,2100,2100,2100,2100,1000
2001-08-16,2000,2000,2000,2000,290
2001-08-17,2000,2000,2000,2000,1540
2001-08-20,2000,2000,2000,2000,350
2001-08-22,2000,2000,2000,2000,9710
2001-08-24,2000,2000,2000,2000,7920
2001-08-27,2001,2001,2001,2001,4600
2001-08-29,2001,2001,2001,2001,11040
2001-08-31,2100,2100,2100,2100,6250
2001-09-03,2200,2200,2200,2200,5240
2001-09-05,2100,2100,2100,2100,2740
2001-09-07,2050,2050,2050,2050,160
2001-09-10,2001,2001,2001,2001,17400
2001-09-12,2005,2005,2005,2005,3310
2001-09-14,2010,2010,2010,2010,8380
2001-09-17,2050,2050,2050,2050,680
2001-09-19,2051,2051,2051,2051,3260
2001-09-21,2050,2050,2050,2050,5300
2001-09-24,2050,2050,2050,2050,5210
2001-09-26,2051,2051,2051,2051,3070
2001-09-28,2055,2055,2055,2055,1570
2001-10-01,2050,2050,2050,2050,4100
2001-10-03,2055,2055,2055,2055,580
2001-10-05,2050,2050,2050,2050,4530
2001-10-08,2050,2050,2050,2050,4010
2001-10-10,2050,2050,2050,2050,400
2001-10-12,2050,2050,2050,2050,2080
2001-10-15,2050,2050,2050,2050,890
2001-10-17,2000,2000,2000,2000,9920
2001-10-19,2001,2001,2001,2001,4470
2001-10-22,2010,2010,2010,2010,650
2001-10-24,2000,2000,2000,2000,4490
2001-10-26,2001,2001,2001,2001,2570
2001-10-29,2020,2020,2020,2020,500
2001-10-31,2010,2010,2010,2010,4260
2001-11-02,2010,2010,2010,2010,500
2001-11-05,2010,2010,2010,2010,390
2001-11-07,2020,2020,2020,2020,750
2001-11-09,2000,2000,2000,2000,9820
2001-11-12,2000,2000,2000,2000,2750
2001-11-13,2000,2000,2000,2000,1150
2001-11-14,2000,2000,2000,2000,21150
2001-11-16,2000,2000,2000,2000,2730
2001-11-19,2025,2025,2025,2025,5650
2001-11-20,2025,2025,2025,2025,3360
2001-11-21,2000,2000,2000,2000,1490
2001-11-22,2000,2000,2000,2000,310
2001-11-23,2000,2000,2000,2000,1050
2001-11-26,2000,2000,2000,2000,750
2001-11-27,2000,2000,2000,2000,400
2001-11-28,2000,2000,2000,2000,1200
2001-11-29,2000,2000,2000,2000,1880
2001-11-30,2000,2000,2000,2000,260
2001-12-03,2000,2000,2000,2000,2000
2001-12-04,2000,2000,2000,2000,2060
2001-12-05,2000,2000,2000,2000,400
2001-12-06,2000,2000,2000,2000,460
2001-12-07,2000,2000,2000,2000,360
2001-12-10,2000,2000,2000,2000,28500
2001-12-11,2000,2000,2000,2000,850
2001-12-13,2000,2000,2000,2000,1890
2001-12-14,2000,2000,2000,2000,2550
2001-12-17,2000,2000,2000,2000,1180
2001-12-18,2000,2000,2000,2000,200
2001-12-19,2000,2000,2000,2000,2240
2001-12-20,2000,2000,2000,2000,8840
2001-12-21,2000,2000,2000,2000,1610
2001-12-24,2000,2000,2000,2000,6210
2001-12-26,2000,2000,2000,2000,20
2001-12-27,2000,2000,2000,2000,2700
2001-12-28,2000,2000,2000,2000,20550
2001-12-31,2000,2000,2000,2000,100
2002-01-02,2000,2000,2000,2000,300
2002-01-03,2000,2000,2000,2000,5470
2002-01-04,2000,2000,2000,2000,270
2002-01-07,2000,2000,2000,2000,1970
2002-01-08,2000,2000,2000,2000,1650
2002-01-09,2000,2000,2000,2000,240
2002-01-10,2000,2000,2000,2000,36360
2002-01-15,2000,2000,2000,2000,1750
2002-01-16,2001,2001,2001,2001,300
2002-01-17,2050,2050,2050,2050,1620
2002-01-18,2000,2000,2000,2000,2610
2002-01-21,2000,2000,2000,2000,5100
2002-01-22,2000,2000,2000,2000,220
2002-01-23,2000,2000,2000,2000,730
2002-01-24,2000,2000,2000,2000,1830
2002-01-25,2001,2001,2001,2001,3270
2002-01-28,2000,2000,2000,2000,900
2002-01-29,2000,2000,2000,2000,6440
2002-01-30,2000,2000,2000,2000,240
2002-01-31,2010,2010,2010,2010,100
2002-02-01,2050,2050,2050,2050,100
2002-02-04,2000,2000,2000,2000,4440
2002-02-05,2000,2000,2000,2000,3040
2002-02-06,2000,2000,2000,2000,250
2002-02-07,2000,2000,2000,2000,1250
2002-02-08,2000,2000,2000,2000,1100
2002-02-11,2150,2150,2150,2150,4000
2002-02-12,2000,2000,2000,2000,400
2002-02-13,2001,2001,2001,2001,600
2002-02-14,2000,2000,2000,2000,620
2002-02-15,2002,2002,2002,2002,2660
2002-02-18,2000,2000,2000,2000,1090
2002-02-19,2010,2010,2010,2010,1700
2002-02-20,2005,2005,2005,2005,5180
2002-02-21,2000,2000,2000,2000,250
2002-02-25,2025,2025,2025,2025,600
2002-02-26,2050,2050,2050,2050,400
2002-02-27,2030,2030,2030,2030,2720
2002-02-28,2025,2025,2025,2025,3230
2002-03-01,2025,2025,2025,2025,170
2002-03-04,2025,2025,2025,2025,520
2002-03-05,2025,2025,2025,2025,730
2002-03-06,2025,2025,2025,2025,800
2002-03-07,2080,2080,2080,2080,1620
2002-03-08,2080,2080,2080,2080,5200
2002-03-11,2100,2100,2100,2100,4730
2002-03-12,2120,2120,2120,2120,540
2002-03-13,2120,2120,2120,2120,1280
2002-03-14,2015,2015,2015,2015,185000
2002-03-15,2060,2060,2060,2060,3230
2002-03-18,2070,2070,2070,2070,16620
2002-03-19,2100,2100,2100,2100,430
2002-03-20,2120,2120,2120,2120,200
2002-03-21,2150,2150,2150,2150,150
2002-03-22,2200,2200,2200,2200,1690
2002-03-25,2100,2100,2100,2100,8490
2002-03-26,2100,2100,2100,2100,3510
2002-03-27,2100,2100,2100,2100,2320
2002-03-28,2002,2002,2002,2002,280
2002-03-29,2001,2001,2001,2001,620
2002-04-02,2010,2010,2010,2010,3560
2002-04-03,2000,2000,2000,2000,1490
2002-04-04,2000,2000,2000,2000,170
2002-04-05,2050,2050,2050,2050,200
2002-04-08,2000,2000,2000,2000,1990
2002-04-09,2000,2000,2000,2000,210
2002-04-10,2100,2100,2100,2100,930
2002-04-11,2100,2100,2100,2100,100
2002-04-12,2000,2000,2000,2000,1280
2002-04-15,2000,2000,2000,2000,740
2002-04-17,2030,2030,2030,2030,320
2002-04-18,2000,2000,2000,2000,3080
2002-04-19,2001,2001,2001,2001,940
2002-04-22,2050,2050,2050,2050,250
2002-04-23,2070,2070,2070,2070,250
2002-04-24,2070,2070,2070,2070,1040
2002-04-26,2050,2050,2050,2050,1180
2002-04-29,2031,2031,2031,2031,260
2002-04-30,2070,2070,2070,2070,500
2002-05-02,2070,2070,2070,2070,860
2002-05-03,2070,2070,2070,2070,1350
2002-05-06,2050,2050,2050,2050,14000
2002-05-07,2065,2065,2065,2065,690
2002-05-08,2071,2071,2071,2071,7790
2002-05-10,2100,2100,2100,2100,380
2002-05-13,2100,2100,2100,2100,2300
2002-05-14,2100,2100,2100,2100,50
2002-05-15,2120,2120,2120,2120,2450
2002-05-16,2151,2151,2151,2151,110
2002-05-21,2150,2150,2150,2150,100
2002-05-22,2249,2249,2249,2249,2500
2002-05-23,2150,2150,2150,2150,790
2002-05-27,2200,2200,2200,2200,290
2002-05-28,2250,2250,2250,2250,6530
2002-05-29,2250,2250,2250,2250,4350
2002-05-30,2250,2250,2250,2250,740
2002-05-31,2250,2250,2250,2250,1450
2002-06-03,2250,2250,2250,2250,520
2002-06-04,2250,2250,2250,2250,3090
2002-06-05,2250,2250,2250,2250,1400
2002-06-07,2250,2250,2250,2250,8150
2002-06-11,2251,2251,2251,2251,830
2002-06-12,2251,2251,2251,2251,1250
2002-06-13,2251,2251,2251,2251,500
2002-06-14,2251,2251,2251,2251,50
2002-06-17,2251,2251,2251,2251,100
2002-06-18,2250,2250,2250,2250,5240
2002-06-19,2251,2251,2251,2251,200
2002-06-20,2150,2150,2150,2150,500
2002-06-21,2299,2299,2299,2299,200
2002-06-24,2300,2300,2300,2300,3150
2002-06-25,2255,2255,2255,2255,250
2002-06-26,2295,2295,2295,2295,510
2002-06-27,2256,2256,2256,2256,250
2002-06-28,2255,2255,2255,2255,10300
2002-07-02,2261,2261,2261,2261,1480
2002-07-03,2300,2300,2300,2300,320
2002-07-04,2260,2260,2260,2260,1570
2002-07-05,2260,2260,2260,2260,410
2002-07-08,2260,2260,2260,2260,1000
2002-07-09,2255,2255,2255,2255,7200
2002-07-10,2100,2100,2100,2100,2100
2002-07-11,2050,2050,2050,2050,4570
2002-07-12,2050,2050,2050,2050,10200
2002-07-15,2100,2100,2100,2100,8020
2002-07-16,2100,2100,2100,2100,6470
2002-07-18,2050,2050,2050,2050,260
2002-07-19,2000,2000,2000,2000,5470
2002-07-22,2000,2000,2000,2000,330
2002-07-23,2000,2000,2000,2000,9240
2002-07-24,2000,2000,2000,2000,4810
2002-07-25,2000,2000,2000,2000,590
2002-07-26,2049,2049,2049,2049,80
2002-07-29,2070,2070,2070,2070,1000
2002-07-30,2070,2070,2070,2070,100
2002-07-31,2070,2070,2070,2070,9550
2002-08-01,2050,2050,2050,2050,520
2002-08-02,2000,2000,2000,2000,5350
2002-08-05,2000,2000,2000,2000,10760
2002-08-06,2050,2050,2050,2050,2730
2002-08-08,2070,2070,2070,2070,1200
2002-08-09,2100,2100,2100,2100,3180
2002-08-12,2050,2050,2050,2050,2730
2002-08-13,2100,2100,2100,2100,1530
2002-08-14,2020,2020,2020,2020,710
2002-08-16,2020,2020,2020,2020,1140
2002-08-19,2020,2020,2020,2020,160
2002-08-20,2000,2000,2000,2000,15110
2002-08-21,2000,2000,2000,2000,720
2002-08-22,2020,2020,2020,2020,100
2002-08-23,2001,2001,2001,2001,180
2002-08-26,2000,2000,2000,2000,2660
2002-08-27,2050,2050,2050,2050,3600
2002-08-28,2000,2000,2000,2000,4650
2002-08-29,2000,2000,2000,2000,3070
2002-08-30,2000,2000,2000,2000,3060
2002-09-02,2000,2000,2000,2000,2120
2002-09-03,2050,2050,2050,2050,4390
2002-09-04,2051,2051,2051,2051,1050
2002-09-05,2000,2000,2000,2000,7730
2002-09-06,2000,2000,2000,2000,14040
2002-09-09,2000,2000,2000,2000,2650
2002-09-10,2000,2000,2000,2000,400
2002-09-12,2000,2000,2000,2000,2020
2002-09-13,2001,2001,2001,2001,360
2002-09-16,2001,2001,2001,2001,890
2002-09-17,2050,2050,2050,2050,220
2002-09-18,2050,2050,2050,2050,1200
2002-09-20,2030,2030,2030,2030,80
2002-09-23,2040,2040,2040,2040,4410
2002-09-24,2040,2040,2040,2040,2250
2002-09-25,2040,2040,2040,2040,2360
2002-09-26,2000,2000,2000,2000,5900
2002-09-27,2000,2000,2000,2000,3500
2002-09-30,2050,2050,2050,2050,430
2002-10-01,2050,2050,2050,2050,220
2002-10-02,2040,2040,2040,2040,4580
2002-10-04,2040,2040,2040,2040,410
2002-10-07,2040,2040,2040,2040,570
2002-10-08,2001,2001,2001,2001,1410
2002-10-09,2000,2000,2000,2000,3550
2002-10-10,2000,2000,2000,2000,570
2002-10-11,2000,2000,2000,2000,3990
2002-10-14,2000,2000,2000,2000,4880
2002-10-15,2000,2000,2000,2000,5070
2002-10-16,2050,2050,2050,2050,9770
2002-10-17,2001,2001,2001,2001,1300
2002-10-18,2000,2000,2000,2000,1300
2002-10-21,2001,2001,2001,2001,3400
2002-10-22,2001,2001,2001,2001,500
2002-10-23,2001,2001,2001,2001,120
2002-10-24,2001,2001,2001,2001,3990
2002-10-28,2001,2001,2001,2001,9630
2002-10-29,2000,2000,2000,2000,110
2002-10-30,2000,2000,2000,2000,1230
2002-10-31,2000,2000,2000,2000,300
2002-11-04,2001,2001,2001,2001,160
2002-11-05,2000,2000,2000,2000,10260
2002-11-06,2000,2000,2000,2000,8620
2002-11-07,2001,2001,2001,2001,410
2002-11-08,2001,2001,2001,2001,950
2002-11-12,2001,2001,2001,2001,1420
2002-11-13,2000,2000,2000,2000,2850
2002-11-14,2001,2001,2001,2001,3200
2002-11-18,2050,2050,2050,2050,4920
2002-11-19,2060,2060,2060,2060,6060
2002-11-20,2011,2011,2011,2011,9120
2002-11-21,2011,2011,2011,2011,5550
2002-11-22,2013,2013,2013,2013,1900
2002-11-25,2011,2011,2011,2011,3100
2002-11-26,2010,2010,2010,2010,14920
2002-11-27,2010,2010,2010,2010,4250
2002-11-28,2011,2011,2011,2011,2350
2002-11-29,2010,2010,2010,2010,1000
2002-12-03,2010,2010,2010,2010,5790
2002-12-04,2010,2010,2010,2010,2300
2002-12-09,2010,2010,2010,2010,200
2002-12-10,2050,2050,2050,2050,940
2002-12-11,2020,2020,2020,2020,1000
2002-12-12,2010,2010,2010,2010,18670
2002-12-13,2010,2010,2010,2010,3270
2002-12-18,2010,2010,2010,2010,2050
2002-12-19,2010,2010,2010,2010,5350
2002-12-20,2010,2010,2010,2010,1020
2002-12-23,2010,2010,2010,2010,10730
2002-12-24,2010,2010,2010,2010,15840
2002-12-26,2010,2010,2010,2010,1900
2002-12-27,2010,2010,2010,2010,5610
2002-12-30,2000,2000,2000,2000,16870
2002-12-31,2000,2000,2000,2000,1150
2003-01-02,2000,2000,2000,2000,2540
2003-01-03,2000,2000,2000,2000,1240
2003-01-06,2000,2000,2000,2000,280
2003-01-07,2000,2000,2000,2000,580
2003-01-08,2000,2000,2000,2000,1590
2003-01-09,2000,2000,2000,2000,12590
2003-01-10,2050,2050,2050,2050,18950
2003-01-13,2010,2010,2010,2010,1200
2003-01-14,2050,2050,2050,2050,1960
2003-01-15,2050,2050,2050,2050,200
2003-01-16,2050,2050,2050,2050,1150
2003-01-17,2050,2050,2050,2050,3880
2003-01-20,2051,2051,2051,2051,100
2003-01-21,2051,2051,2051,2051,2070
2003-01-22,2050,2050,2050,2050,4680
2003-01-23,2060,2060,2060,2060,5710
2003-01-24,2060,2060,2060,2060,2780
2003-01-28,2050,2050,2050,2050,2050
2003-01-29,2060,2060,2060,2060,2500
2003-01-30,2080,2080,2080,2080,100
2003-01-31,2085,2085,2085,2085,1460
2003-02-03,2091,2091,2091,2091,3360
2003-02-04,2090,2090,2090,2090,13710
2003-02-05,2070,2070,2070,2070,5370
2003-02-06,2090,2090,2090,2090,230
2003-02-07,2090,2090,2090,2090,2720
2003-02-10,2101,2101,2101,2101,2750
2003-02-12,2110,2110,2110,2110,1250
2003-02-14,2111,2111,2111,2111,4250
2003-02-19,2115,2115,2115,2115,11640
2003-02-20,2115,2115,2115,2115,1030
2003-02-24,2130,2130,2130,2130,6290
2003-02-25,2130,2130,2130,2130,830
2003-02-26,2150,2150,2150,2150,7600
2003-02-27,2200,2200,2200,2200,3220
2003-02-28,2200,2200,2200,2200,7650
2003-03-03,2200,2200,2200,2200,1770
2003-03-04,2200,2200,2200,2200,710
2003-03-05,2200,2200,2200,2200,1000
2003-03-06,2200,2200,2200,2200,400
2003-03-07,2200,2200,2200,2200,580
2003-03-10,2210,2210,2210,2210,680
2003-03-11,2220,2220,2220,2220,1400
2003-03-12,2220,2220,2220,2220,6720
2003-03-13,2223,2223,2223,2223,320
2003-03-14,2223,2223,2223,2223,720
2003-03-17,2220,2220,2220,2220,500
2003-03-18,2100,2100,2100,2100,117820
2003-03-19,2110,2110,2110,2110,3720
2003-03-20,2150,2150,2150,2150,200
2003-03-24,2150,2150,2150,2150,2760
2003-03-25,2115,2115,2115,2115,500
2003-03-27,2100,2100,2100,2100,4800
2003-04-01,2100,2100,2100,2100,8250
2003-04-02,2115,2115,2115,2115,100
2003-04-03,2115,2115,2115,2115,200
2003-04-04,2100,2100,2100,2100,640
2003-04-08,2100,2100,2100,2100,660
2003-04-09,2120,2120,2120,2120,770
2003-04-10,2120,2120,2120,2120,460
2003-04-11,2120,2120,2120,2120,270
2003-04-14,2100,2100,2100,2100,2630
2003-04-15,2100,2100,2100,2100,1090
2003-04-16,2100,2100,2100,2100,1100
2003-04-17,2100,2100,2100,2100,590
2003-04-18,2120,2120,2120,2120,1310
2003-04-22,2130,2130,2130,2130,1440
2003-04-24,2220,2220,2220,2220,7700
2003-04-28,2150,2150,2150,2150,850
2003-04-29,2150,2150,2150,2150,3830
2003-04-30,2150,2150,2150,2150,1730
2003-05-02,2220,2220,2220,2220,4070
2003-05-05,2210,2210,2210,2210,300
2003-05-07,2150,2150,2150,2150,150
2003-05-08,2220,2220,2220,2220,900
2003-05-09,2220,2220,2220,2220,3050
2003-05-12,2220,2220,2220,2220,2270
2003-05-14,2201,2201,2201,2201,5950
2003-05-20,2215,2215,2215,2215,1770
2003-05-21,2221,2221,2221,2221,2450
2003-05-22,2225,2225,2225,2225,3130
2003-05-26,2210,2210,2210,2210,570
2003-05-27,2210,2210,2210,2210,200
2003-05-28,2200,2200,2200,2200,5610
2003-05-30,2210,2210,2210,2210,1450
2003-06-02,2220,2220,2220,2220,3390
2003-06-03,2210,2210,2210,2210,3840
2003-06-04,2210,2210,2210,2210,6150
2003-06-05,2200,2200,2200,2200,90
2003-06-06,2215,2215,2215,2215,3310
2003-06-10,2250,2250,2250,2250,1150
2003-06-11,2250,2250,2250,2250,550
2003-06-12,2250,2250,2250,2250,1700
2003-06-13,2250,2250,2250,2250,400
2003-06-16,2210,2210,2210,2210,290
2003-06-17,2220,2220,2220,2220,250
2003-06-18,2250,2250,2250,2250,2780
2003-06-19,2250,2250,2250,2250,5600
2003-06-23,2250,2250,2250,2250,600
2003-06-24,2250,2250,2250,2250,700
2003-06-26,2250,2250,2250,2250,2160
2003-07-01,2300,2300,2300,2300,500
2003-07-03,2200,2200,2200,2200,9480
2003-07-04,2160,2160,2160,2160,20000
2003-07-07,2160,2160,2160,2160,3420
2003-07-08,2100,2100,2100,2100,3640
2003-07-10,2050,2050,2050,2050,5840
2003-07-11,2050,2050,2050,2050,2690
2003-07-14,2050,2050,2050,2050,4600
2003-07-15,2050,2050,2050,2050,1500
2003-07-17,2050,2050,2050,2050,3710
2003-07-21,2100,2100,2100,2100,4900
2003-07-22,2050,2050,2050,2050,2140
2003-07-23,2050,2050,2050,2050,1400
2003-07-24,2051,2051,2051,2051,1100
2003-07-25,2051,2051,2051,2051,200
2003-07-28,2050,2050,2050,2050,32450
2003-07-29,2050,2050,2050,2050,920
2003-07-30,2051,2051,2051,2051,250
2003-07-31,2050,2050,2050,2050,1150
2003-08-01,2050,2050,2050,2050,2210
2003-08-04,2050,2050,2050,2050,2150
2003-08-05,2060,2060,2060,2060,300
2003-08-08,2100,2100,2100,2100,50540
2003-08-11,2060,2060,2060,2060,3150
2003-08-12,2060,2060,2060,2060,1200
2003-08-13,2100,2100,2100,2100,5000
2003-08-14,2080,2080,2080,2080,2330
2003-08-19,2080,2080,2080,2080,370
2003-08-20,2080,2080,2080,2080,100
2003-08-21,2100,2100,2100,2100,40000
2003-08-22,2100,2100,2100,2100,78820
2003-08-26,2100,2100,2100,2100,2000
2003-08-27,2100,2100,2100,2100,520
2003-08-28,2100,2100,2100,2100,8960
2003-08-29,2100,2100,2100,2100,2550
2003-09-01,2100,2100,2100,2100,250
2003-09-02,2100,2100,2100,2100,2770
2003-09-03,2100,2100,2100,2100,500
2003-09-04,2100,2100,2100,2100,16260
2003-09-05,2100,2100,2100,2100,4260
2003-09-08,2100,2100,2100,2100,32740
2003-09-09,2100,2100,2100,2100,170
2003-09-10,2100,2100,2100,2100,60
2003-09-11,2100,2100,2100,2100,17920
2003-09-12,2100,2100,2100,2100,3420
2003-09-15,2101,2101,2101,2101,700
2003-09-16,2101,2101,2101,2101,660
2003-09-17,2100,2100,2100,2100,12530
2003-09-18,2101,2101,2101,2101,500
2003-09-19,2100,2100,2100,2100,860
2003-09-22,2100,2100,2100,2100,2550
2003-09-23,2101,2101,2101,2101,9320
2003-09-24,2100,2100,2100,2100,3220
2003-09-25,2100,2100,2100,2100,3800
2003-09-29,2100,2100,2100,2100,250
2003-09-30,2100,2100,2100,2100,120
2003-10-01,2081,2081,2081,2081,3230
2003-10-02,2100,2100,2100,2100,10810
2003-10-03,2100,2100,2100,2100,2970
2003-10-06,2101,2101,2101,2101,4000
2003-10-07,2120,2120,2120,2120,1430
2003-10-08,2101,2101,2101,2101,160
2003-10-09,2101,2101,2101,2101,70
2003-10-13,2102,2102,2102,2102,5100
2003-10-14,2115,2115,2115,2115,300
2003-10-15,2105,2105,2105,2105,8040
2003-10-16,2120,2120,2120,2120,80
2003-10-17,2121,2121,2121,2121,150
2003-10-20,2100,2100,2100,2100,1000
2003-10-21,2050,2050,2050,2050,11400
2003-10-22,2060,2060,2060,2060,2000
2003-10-23,2100,2100,2100,2100,240
2003-10-24,2065,2065,2065,2065,5100
2003-10-27,2100,2100,2100,2100,200
2003-10-28,2100,2100,2100,2100,2450
2003-10-29,2101,2101,2101,2101,12110
2003-10-30,2100,2100,2100,2100,4390
2003-10-31,2100,2100,2100,2100,23610
2003-11-03,2101,2101,2101,2101,3400
2003-11-04,2100,2100,2100,2100,4500
2003-11-05,2101,2101,2101,2101,1000
2003-11-06,2100,2100,2100,2100,2430
2003-11-07,2101,2101,2101,2101,2450
2003-11-10,2101,2101,2101,2101,3220
2003-11-11,2101,2101,2101,2101,10650
2003-11-12,2100,2100,2100,2100,1660
2003-11-17,2100,2100,2100,2100,4140
2003-11-18,2100,2100,2100,2100,11860
2003-11-19,2101,2101,2101,2101,7300
2003-11-20,2102,2102,2102,2102,500
2003-11-24,2102,2102,2102,2102,2630
2003-11-26,2104,2104,2104,2104,210
2003-11-27,2105,2105,2105,2105,1250
2003-11-28,2106,2106,2106,2106,5320
2003-12-02,2104,2104,2104,2104,350
2003-12-03,2112,2112,2112,2112,2920
2003-12-04,2110,2110,2110,2110,8470
2003-12-05,2112,2112,2112,2112,12210
2003-12-08,2110,2110,2110,2110,1530
2003-12-09,2110,2110,2110,2110,11700
2003-12-10,2111,2111,2111,2111,850
2003-12-11,2110,2110,2110,2110,700
2003-12-12,2110,2110,2110,2110,110
2003-12-16,2120,2120,2120,2120,2260
2003-12-17,2150,2150,2150,2150,5930
2003-12-18,2311,2311,2311,2311,1610
2003-12-19,2330,2330,2330,2330,504610
2003-12-22,2300,2300,2300,2300,303000
2003-12-23,2300,2300,2300,2300,220
2003-12-24,2250,2250,2250,2250,5270
2003-12-26,2300,2300,2300,2300,500
2003-12-30,2300,2300,2300,2300,8890
2003-12-31,2250,2250,2250,2250,1610
2004-01-02,2300,2300,2300,2300,7110
2004-01-05,2300,2300,2300,2300,8600
2004-01-06,2300,2300,2300,2300,680
2004-01-07,2300,2300,2300,2300,1000
2004-01-08,2295,2295,2295,2295,2210
2004-01-09,2300,2300,2300,2300,2410
2004-01-12,2300,2300,2300,2300,1460
2004-01-15,2301,2301,2301,2301,420
2004-01-16,2301,2301,2301,2301,2950
2004-01-19,2300,2300,2300,2300,770
2004-01-20,2301,2301,2301,2301,2380
2004-01-22,2410,2410,2410,2410,100
2004-01-23,2410,2410,2410,2410,3600
2004-01-26,2410,2410,2410,2410,650
2004-01-27,2410,2410,2410,2410,3180
2004-01-28,2410,2410,2410,2410,3030
2004-01-29,2410,2410,2410,2410,50
2004-01-30,2410,2410,2410,2410,2300
2004-02-02,2410,2410,2410,2410,700
2004-02-04,2500,2500,2500,2500,1450
2004-02-05,2500,2500,2500,2500,11780
2004-02-06,2500,2500,2500,2500,9250
2004-02-09,2500,2500,2500,2500,9000
2004-02-10,2500,2500,2500,2500,1000
2004-02-11,2500,2500,2500,2500,500
2004-02-12,2500,2500,2500,2500,8500
2004-02-13,2500,2500,2500,2500,7180
2004-02-16,2500,2500,2500,2500,510
2004-02-17,2500,2500,2500,2500,250
2004-02-18,2500,2500,2500,2500,349640
2004-02-19,2600,2600,2600,2600,4000
2004-02-20,2600,2600,2600,2600,451300
2004-02-23,2600,2600,2600,2600,5130
2004-02-24,2600,2600,2600,2600,500
2004-02-25,2650,2650,2650,2650,9160
2004-02-26,2650,2650,2650,2650,9690
2004-02-27,2650,2650,2650,2650,570
2004-03-01,2650,2650,2650,2650,127870
2004-03-02,2650,2650,2650,2650,1200
2004-03-03,2650,2650,2650,2650,300
2004-03-04,2650,2650,2650,2650,14630
2004-03-05,2650,2650,2650,2650,400
2004-03-08,2650,2650,2650,2650,15200
2004-03-09,2650,2650,2650,2650,11600
2004-03-10,2650,2650,2650,2650,18810
2004-03-11,2655,2655,2655,2655,4990
2004-03-12,2655,2655,2655,2655,2500
2004-03-15,2655,2655,2655,2655,700
2004-03-16,2655,2655,2655,2655,1070
2004-03-17,2655,2655,2655,2655,3450
2004-03-18,2655,2655,2655,2655,550
2004-03-19,2655,2655,2655,2655,2560
2004-03-22,2655,2655,2655,2655,2000
2004-03-23,2655,2655,2655,2655,10850
2004-03-24,2656,2656,2656,2656,22070
2004-03-26,2670,2670,2670,2670,10500
2004-03-29,2670,2670,2670,2670,5100
2004-03-30,2700,2700,2700,2700,1350
2004-03-31,2700,2700,2700,2700,790
2004-04-01,2700,2700,2700,2700,120
2004-04-02,2700,2700,2700,2700,70
2004-04-05,2725,2725,2725,2725,14080
2004-04-06,2725,2725,2725,2725,10000
2004-04-07,2725,2725,2725,2725,10000
2004-04-08,2725,2725,2725,2725,5050
2004-04-09,2750,2750,2750,2750,51050
2004-04-13,2750,2750,2750,2750,4790
2004-04-14,2750,2750,2750,2750,1000
2004-04-15,2950,2950,2950,2950,250000
2004-04-16,3000,3000,3000,3000,150000
2004-04-19,3000,3000,3000,3000,500
2004-04-20,3000,3000,3000,3000,1610
2004-04-21,3000,3000,3000,3000,1550
2004-04-22,3000,3000,3000,3000,500
2004-04-23,3000,3000,3000,3000,3000
2004-04-26,3000,3000,3000,3000,6500
2004-04-27,3000,3000,3000,3000,2500
2004-04-28,3000,3000,3000,3000,1700
2004-04-29,3000,3000,3000,3000,25000
2004-04-30,3000,3000,3000,3000,5010
2004-05-03,3000,3000,3000,3000,3060
2004-05-04,3000,3000,3000,3000,5000
2004-05-05,3000,3000,3000,3000,2800
2004-05-06,3000,3000,3000,3000,3150
2004-05-07,3000,3000,3000,3000,17000
2004-05-10,3000,3000,3000,3000,2800
2004-05-11,3000,3000,3000,3000,10000
2004-05-12,3000,3000,3000,3000,6550
2004-05-13,3000,3000,3000,3000,40000
2004-05-14,3000,3000,3000,3000,1400
2004-05-17,3000,3000,3000,3000,120110
2004-05-18,3000,3000,3000,3000,13120
2004-05-19,3000,3000,3000,3000,30000
2004-05-21,3000,3000,3000,3000,25000
2004-05-24,3000,3000,3000,3000,17370
2004-05-25,3000,3000,3000,3000,5000
2004-05-26,3000,3000,3000,3000,1350
2004-05-27,3000,3000,3000,3000,3410
2004-05-28,3000,3000,3000,3000,2900
2004-06-02,3000,3000,3000,3000,10310
2004-06-03,3000,3000,3000,3000,500
2004-06-04,3000,3000,3000,3000,9240
2004-06-07,3000,3000,3000,3000,70
2004-06-10,3025,3025,3025,3025,950
2004-06-11,3025,3025,3025,3025,2950
2004-06-14,3000,3000,3000,3000,2000
2004-06-15,3000,3000,3000,3000,233190
2004-06-16,3025,3025,3025,3025,660
2004-06-17,3026,3026,3026,3026,16610
2004-06-18,3025,3025,3025,3025,8080
2004-06-21,3150,3150,3150,3150,33730
2004-06-22,3150,3150,3150,3150,250
2004-06-23,3150,3150,3150,3150,1560
2004-06-24,3150,3150,3150,3150,100
2004-06-25,3250,3250,3250,3250,150000
2004-06-28,3265,3265,3265,3265,1000
2004-06-29,3500,3500,3500,3500,150780
2004-06-30,3500,3500,3500,3500,510
2004-07-01,3500,3500,3500,3500,250
2004-07-02,3104,3104,3104,3104,4350
2004-07-05,3104,3104,3104,3104,37420
2004-07-06,3104,3104,3104,3104,25000
2004-07-07,3104,3104,3104,3104,7550
2004-07-08,3104,3104,3104,3104,1780
2004-07-09,3104,3104,3104,3104,20940
2004-07-12,3104,3104,3104,3104,220
2004-07-13,3104,3104,3104,3104,14280
2004-07-14,3104,3104,3104,3104,1110
2004-07-15,3104,3104,3104,3104,7340
2004-07-16,3104,3104,3104,3104,5720
2004-07-19,3104,3104,3104,3104,16450
2004-07-20,3104,3104,3104,3104,8100
2004-07-21,3104,3104,3104,3104,1880
2004-07-22,3104,3104,3104,3104,360
2004-07-23,3104,3104,3104,3104,400
2004-07-26,3105,3105,3105,3105,5500
2004-07-27,3104,3104,3104,3104,12450
2004-07-28,3104,3104,3104,3104,12890
2004-07-29,3104,3104,3104,3104,4810
2004-07-30,3104,3104,3104,3104,7120
2004-08-02,3104,3104,3104,3104,25150
2004-08-03,3104,3104,3104,3104,18020
2004-08-04,3104,3104,3104,3104,1790
2004-08-05,3104,3104,3104,3104,320
2004-08-06,3104,3104,3104,3104,240
2004-08-09,3111,3111,3111,3111,140
2004-08-10,3111,3111,3111,3111,1120
2004-08-11,3111,3111,3111,3111,2500
2004-08-12,3111,3111,3111,3111,4880
2004-08-13,3111,3111,3111,3111,1310
2004-08-16,3111,3111,3111,3111,5460
2004-08-17,3111,3111,3111,3111,12320
2004-08-18,3111,3111,3111,3111,4190
2004-08-19,3111,3111,3111,3111,570
2004-08-20,3111,3111,3111,3111,300
2004-08-23,3111,3111,3111,3111,1180
2004-08-24,3111,3111,3111,3111,8810
2004-08-25,3111,3111,3111,3111,19980
2004-08-26,3112,3112,3112,3112,33440
2004-08-27,3112,3112,3112,3112,4120
2004-08-30,3112,3112,3112,3112,37680
2004-08-31,3112,3112,3112,3112,300
2004-09-01,3112,3112,3112,3112,100
2004-09-02,3112,3112,3112,3112,300
2004-09-03,3112,3112,3112,3112,990
2004-09-06,3200,3200,3200,3200,25380
2004-09-07,3200,3200,3200,3200,41230
2004-09-08,3200,3200,3200,3200,18760
2004-09-09,3200,3200,3200,3200,3680
2004-09-10,3210,3210,3210,3210,15470
2004-09-13,3205,3205,3205,3205,17660
2004-09-14,3200,3200,3200,3200,17820
2004-09-15,3200,3200,3200,3200,41150
2004-09-16,3190,3190,3190,3190,8500
2004-09-17,3200,3200,3200,3200,20940
2004-09-20,3200,3200,3200,3200,11620
2004-09-21,3201,3201,3201,3201,6690
2004-09-22,3201,3201,3201,3201,25180
2004-09-23,3200,3200,3200,3200,42530
2004-09-24,3200,3200,3200,3200,25020
2004-09-27,3200,3200,3200,3200,13880
2004-09-28,3200,3200,3200,3200,3070
2004-09-29,3200,3200,3200,3200,2060
2004-09-30,3200,3200,3200,3200,320
2004-10-01,3200,3200,3200,3200,10000
2004-10-04,3200,3200,3200,3200,5720
2004-10-05,3200,3200,3200,3200,2640
2004-10-06,3200,3200,3200,3200,20000
2004-10-07,3200,3200,3200,3200,5200
2004-10-08,3205,3205,3205,3205,51340
2004-10-11,3205,3205,3205,3205,14220
2004-10-12,3200,3200,3200,3200,11760
2004-10-13,3200,3200,3200,3200,3140
2004-10-14,3221,3221,3221,3221,3770
2004-10-15,3210,3210,3210,3210,5900
2004-10-18,3210,3210,3210,3210,7330
2004-10-19,3210,3210,3210,3210,32350
2004-10-20,3220,3220,3220,3220,8900
2004-10-21,3220,3220,3220,3220,11020
2004-10-22,3210,3210,3210,3210,10740
2004-10-25,3235,3235,3235,3235,9780
2004-10-26,3250,3250,3250,3250,8040
2004-10-27,3251,3251,3251,3251,1250
2004-10-28,3261,3261,3261,3261,3680
2004-10-29,3500,3500,3500,3500,71290
2004-11-02,3270,3270,3270,3270,153740
2004-11-03,3300,3300,3300,3300,4870
2004-11-04,3301,3301,3301,3301,26100
2004-11-05,3301,3301,3301,3301,15330
2004-11-08,3301,3301,3301,3301,3200
2004-11-09,3301,3301,3301,3301,2600
2004-11-11,3300,3300,3300,3300,7460
2004-11-12,3301,3301,3301,3301,1050
2004-11-16,3350,3350,3350,3350,7270
2004-11-17,3500,3500,3500,3500,7130
2004-11-18,3500,3500,3500,3500,15400
2004-11-19,3500,3500,3500,3500,16040
2004-11-22,3500,3500,3500,3500,11340
2004-11-23,3501,3501,3501,3501,7420
2004-11-24,3501,3501,3501,3501,3090
2004-11-25,3501,3501,3501,3501,12620
2004-11-26,3510,3510,3510,3510,8270
2004-11-29,3510,3510,3510,3510,5540
2004-11-30,3510,3510,3510,3510,12870
2004-12-01,3510,3510,3510,3510,15040
2004-12-02,3510,3510,3510,3510,24630
2004-12-03,3510,3510,3510,3510,2540
2004-12-06,3510,3510,3510,3510,15090
2004-12-07,3511,3511,3511,3511,1660
2004-12-08,3511,3511,3511,3511,4230
2004-12-10,3565,3565,3565,3565,1230
2004-12-13,3565,3565,3565,3565,8250
2004-12-14,3575,3575,3575,3575,50140
2004-12-15,3580,3580,3580,3580,350
2004-12-16,3590,3590,3590,3590,16840
2004-12-17,3590,3590,3590,3590,2090
2004-12-20,3590,3590,3590,3590,2950
2004-12-21,3600,3600,3600,3600,10360
2004-12-22,3600,3600,3600,3600,5850
2004-12-23,3600,3600,3600,3600,9320
2004-12-24,3600,3600,3600,3600,3470
2004-12-27,3600,3600,3600,3600,5240
2004-12-28,3601,3601,3601,3601,14460
2004-12-29,3601,3601,3601,3601,5420
2004-12-30,3602,3602,3602,3602,1090
2004-12-31,3603,3603,3603,3603,6140
2005-01-03,3604,3604,3604,3604,4680
2005-01-04,3604,3604,3604,3604,3140
2005-01-05,3606,3606,3606,3606,4680
2005-01-06,3606,3606,3606,3606,510
2005-01-07,3606,3606,3606,3606,340
2005-01-10,3610,3610,3610,3610,550
2005-01-11,3611,3611,3611,3611,2700
2005-01-12,3611,3611,3611,3611,1700
2005-01-13,3612,3612,3612,3612,1360
2005-01-14,3620,3620,3620,3620,2280
2005-01-17,3626,3626,3626,3626,2600
2005-01-18,3630,3630,3630,3630,2410
2005-01-19,3631,3631,3631,3631,4410
2005-01-21,3632,3632,3632,3632,7540
2005-01-24,3700,3700,3700,3700,2340
2005-01-25,3700,3700,3700,3700,2130
2005-01-26,3700,3700,3700,3700,1180
2005-01-27,3700,3700,3700,3700,3600
2005-01-28,3700,3700,3700,3700,5430
2005-01-31,3700,3700,3700,3700,2640
2005-02-01,3702,3702,3702,3702,460
2005-02-02,3715,3715,3715,3715,3360
2005-02-03,3750,3750,3750,3750,1130
2005-02-04,3751,3751,3751,3751,1940
2005-02-07,3801,3801,3801,3801,3690
2005-02-08,3800,3800,3800,3800,6760
2005-02-09,3800,3800,3800,3800,5650
2005-02-10,3801,3801,3801,3801,5830
2005-02-11,3802,3802,3802,3802,22920
2005-02-14,3810,3810,3810,3810,4510
2005-02-15,3800,3800,3800,3800,12780
2005-02-16,3800,3800,3800,3800,5860
2005-02-17,3830,3830,3830,3830,3950
2005-02-18,3830,3830,3830,3830,5950
2005-02-21,3850,3850,3850,3850,1650
2005-02-22,3850,3850,3850,3850,1900
2005-02-23,3850,3850,3850,3850,1300
2005-02-24,3850,3850,3850,3850,1360
2005-02-25,3850,3850,3850,3850,12760
2005-02-28,3850,3850,3850,3850,20940
2005-03-01,3851,3851,3851,3851,4060
2005-03-02,4000,4000,4000,4000,280
2005-03-03,4000,4000,4000,4000,4680
2005-03-04,4000,4000,4000,4000,5250
2005-03-07,4000,4000,4000,4000,740
2005-03-08,4001,4001,4001,4001,2890
2005-03-09,4001,4001,4001,4001,3670
2005-03-10,4000,4000,4000,4000,430
2005-03-11,4001,4001,4001,4001,7600
2005-03-14,4000,4000,4000,4000,520
2005-03-15,4000,4000,4000,4000,6900
2005-03-16,4000,4000,4000,4000,5280
2005-03-17,4000,4000,4000,4000,6900
2005-03-18,4000,4000,4000,4000,13810
2005-03-21,4000,4000,4000,4000,7690
2005-03-22,4001,4001,4001,4001,340
2005-03-23,4001,4001,4001,4001,3600
2005-03-24,4010,4010,4010,4010,3060
2005-03-25,4010,4010,4010,4010,4210
2005-03-29,4000,4000,4000,4000,1300
2005-03-30,4011,4011,4011,4011,2150
2005-03-31,4050,4050,4050,4050,530
2005-04-01,4050,4050,4050,4050,3890
2005-04-04,4050,4050,4050,4050,2500
2005-04-05,4050,4050,4050,4050,150
2005-04-06,4050,4050,4050,4050,3660
2005-04-08,4050,4050,4050,4050,2000
2005-04-11,4050,4050,4050,4050,1450
2005-04-12,4050,4050,4050,4050,5620
2005-04-13,4050,4050,4050,4050,1280
2005-04-14,4050,4050,4050,4050,7550
2005-04-15,4050,4050,4050,4050,80
2005-04-18,4051,4051,4051,4051,5620
2005-04-19,4050,4050,4050,4050,80
2005-04-22,4100,4100,4100,4100,330
2005-04-26,4053,4053,4053,4053,8060
2005-04-27,4053,4053,4053,4053,3170
2005-04-28,4053,4053,4053,4053,1140
2005-04-29,4053,4053,4053,4053,100
2005-05-03,4060,4060,4060,4060,4370
2005-05-06,4100,4100,4100,4100,6970
2005-05-09,4211,4211,4211,4211,7030
2005-05-10,4300,4300,4300,4300,1230
2005-05-11,4410,4410,4410,4410,2420
2005-05-12,4560,4560,4560,4560,3400
2005-05-13,4601,4601,4601,4601,14650
2005-05-17,4700,4700,4700,4700,12280
2005-05-18,4850,4850,4850,4850,1720
2005-05-19,5000,5000,5000,5000,7320
2005-05-20,5000,5000,5000,5000,30270
2005-05-23,5000,5000,5000,5000,2300
2005-05-24,5000,5000,5000,5000,2100
2005-05-25,5375,5375,5375,5375,80240
2005-05-26,5510,5510,5510,5510,174700
2005-05-27,5550,5550,5550,5550,61590
2005-05-30,5550,5550,5550,5550,4900
2005-05-31,5550,5550,5550,5550,3200
2005-06-01,5550,5550,5550,5550,50
2005-06-02,5550,5550,5550,5550,2260
2005-06-03,5550,5550,5550,5550,14980
2005-06-06,5530,5530,5530,5530,2070
2005-06-07,5500,5500,5500,5500,13740
2005-06-08,5500,5500,5500,5500,200
2005-06-09,5500,5500,5500,5500,28020
2005-06-10,5500,5500,5500,5500,5350
2005-06-13,5500,5500,5500,5500,3810
2005-06-14,5500,5500,5500,5500,11540
2005-06-15,5500,5500,5500,5500,20400
2005-06-16,5500,5500,5500,5500,12770
2005-06-17,5500,5500,5500,5500,23690
2005-06-20,5500,5500,5500,5500,7300
2005-06-21,5500,5500,5500,5500,4500
2005-06-22,5500,5500,5500,5500,5430
2005-06-23,5500,5500,5500,5500,4950
2005-06-24,5500,5500,5500,5500,8800
2005-06-27,5501,5501,5501,5501,12430
2005-06-28,5501,5501,5501,5501,10270
2005-06-29,5505,5505,5505,5505,2330
2005-07-01,5000,5000,5000,5000,3000
2005-07-04,5001,5001,5001,5001,11170
2005-07-05,5001,5001,5001,5001,2370
2005-07-06,5001,5001,5001,5001,3710
2005-07-07,5001,5001,5001,5001,2930
2005-07-08,4900,4900,4900,4900,1140
2005-07-11,5000,5000,5000,5000,3580
2005-07-12,5000,5000,5000,5000,1910
2005-07-13,5000,5000,5000,5000,1360
2005-07-14,5000,5000,5000,5000,5160
2005-07-15,5000,5000,5000,5000,720
2005-07-18,5000,5000,5000,5000,1800
2005-07-19,5000,5000,5000,5000,3900
2005-07-20,5000,5000,5000,5000,1700
2005-07-21,5000,5000,5000,5000,2400
2005-07-22,5000,5000,5000,5000,6210
2005-07-25,5000,5000,5000,5000,15470
2005-07-26,5000,5000,5000,5000,3600
2005-07-27,5000,5000,5000,5000,8140
2005-07-28,5000,5000,5000,5000,12310
2005-07-29,5000,5000,5000,5000,8440
2005-08-01,5000,5000,5000,5000,10540
2005-08-02,5000,5000,5000,5000,390
2005-08-03,5000,5000,5000,5000,12970
2005-08-04,5000,5000,5000,5000,12000
2005-08-05,5000,5000,5000,5000,1000
2005-08-09,5000,5000,5000,5000,1020
2005-08-10,5000,5000,5000,5000,1140
2005-08-11,5000,5000,5000,5000,2270
2005-08-12,5000,5000,5000,5000,1000
2005-08-16,5000,5000,5000,5000,3100
2005-08-17,5000,5000,5000,5000,300
2005-08-18,5090,5090,5090,5090,49130
2005-08-19,5000,5000,5000,5000,1570
2005-08-22,5000,5000,5000,5000,80
2005-08-23,5000,5000,5000,5000,1050
2005-08-24,5001,5001,5001,5001,10600
2005-08-25,5000,5000,5000,5000,1100
2005-08-26,5001,5001,5001,5001,10000
2005-08-29,5000,5000,5000,5000,1000
2005-08-30,5001,5001,5001,5001,7570
2005-08-31,5000,5000,5000,5000,830
2005-09-01,5000,5000,5000,5000,900
2005-09-02,5000,5000,5000,5000,1200
2005-09-05,5000,5000,5000,5000,10
2005-09-06,5000,5000,5000,5000,15290
2005-09-07,5000,5000,5000,5000,120
2005-09-08,5000,5000,5000,5000,300
2005-09-09,5200,5200,5200,5200,50000
2005-09-12,5000,5000,5000,5000,1150
2005-09-13,5000,5000,5000,5000,1710
2005-09-14,5000,5000,5000,5000,1630
2005-09-15,5000,5000,5000,5000,1810
2005-09-16,5001,5001,5001,5001,6800
2005-09-19,5001,5001,5001,5001,1330
2005-09-20,5000,5000,5000,5000,5310
2005-09-21,5000,5000,5000,5000,4270
2005-09-22,5000,5000,5000,5000,1300
2005-09-23,5000,5000,5000,5000,1280
2005-09-26,5000,5000,5000,5000,1130
2005-09-27,5000,5000,5000,5000,80
2005-09-28,5005,5005,5005,5005,14150
2005-09-29,5200,5200,5200,5200,37150
2005-09-30,5211,5211,5211,5211,1180
2005-10-03,5211,5211,5211,5211,2550
2005-10-04,5220,5220,5220,5220,1600
2005-10-05,5221,5221,5221,5221,2820
2005-10-06,5226,5226,5226,5226,600
2005-10-07,5237,5237,5237,5237,1030
2005-10-10,5300,5300,5300,5300,2650
2005-10-11,5500,5500,5500,5500,6060
2005-10-12,5600,5600,5600,5600,630
2005-10-13,5620,5620,5620,5620,2280
2005-10-14,5620,5620,5620,5620,160
2005-10-17,5650,5650,5650,5650,3240
2005-10-18,5650,5650,5650,5650,5180
2005-10-19,5650,5650,5650,5650,6950
2005-10-20,5651,5651,5651,5651,4410
2005-10-21,5651,5651,5651,5651,6750
2005-10-24,5680,5680,5680,5680,740
2005-10-25,5680,5680,5680,5680,11780
2005-10-26,5750,5750,5750,5750,2600
2005-10-27,5750,5750,5750,5750,1650
2005-10-28,5750,5750,5750,5750,4680
2005-10-31,5851,5851,5851,5851,330
2005-11-02,6000,6000,6000,6000,9240
2005-11-04,6000,6000,6000,6000,1540
2005-11-07,6000,6000,6000,6000,1680
2005-11-08,6000,6000,6000,6000,150
2005-11-09,6000,6000,6000,6000,1920
2005-11-10,6000,6000,6000,6000,3260
2005-11-11,6000,6000,6000,6000,3800
2005-11-14,6000,6000,6000,6000,2230
2005-11-16,6000,6000,6000,6000,2430
2005-11-17,6000,6000,6000,6000,3250
2005-11-18,6000,6000,6000,6000,7520
2005-11-21,6000,6000,6000,6000,1100
2005-11-22,6000,6000,6000,6000,31190
2005-11-23,6000,6000,6000,6000,310
2005-11-24,6000,6000,6000,6000,8080
2005-11-25,6000,6000,6000,6000,660
2005-11-28,6000,6000,6000,6000,15270
2005-11-29,6010,6010,6010,6010,1080
2005-11-30,6001,6001,6001,6001,8000
2005-12-01,6000,6000,6000,6000,1540
2005-12-02,6000,6000,6000,6000,5120
2005-12-05,6000,6000,6000,6000,7410
2005-12-06,6000,6000,6000,6000,14830
2005-12-07,6000,6000,6000,6000,12760
2005-12-08,6000,6000,6000,6000,21880
2005-12-09,6000,6000,6000,6000,15050
2005-12-12,6000,6000,6000,6000,7780
2005-12-13,6001,6001,6001,6001,5020
2005-12-14,6011,6011,6011,6011,1190
2005-12-15,6012,6012,6012,6012,600
2005-12-16,6101,6101,6101,6101,220
2005-12-19,6115,6115,6115,6115,2230
2005-12-20,6121,6121,6121,6121,100
2005-12-21,6152,6152,6152,6152,6550
2005-12-22,6205,6205,6205,6205,120
2005-12-23,6310,6310,6310,6310,300
2005-12-26,6450,6450,6450,6450,5860
2005-12-27,6651,6651,6651,6651,5320
2005-12-28,6701,6701,6701,6701,720
2005-12-29,6701,6701,6701,6701,41910
2005-12-30,6702,6702,6702,6702,590
2006-01-03,6900,6900,6900,6900,8290
2006-01-04,7001,7001,7001,7001,5390
2006-01-05,7500,7500,7500,7500,3640
2006-01-06,7800,7800,7800,7800,3520
2006-01-09,8001,8001,8001,8001,3500
2006-01-11,8001,8001,8001,8001,20720
2006-01-12,8500,8500,8500,8500,300
2006-01-13,8700,8700,8700,8700,3690
2006-01-16,9150,9150,9150,9150,2330
2006-01-17,9150,9150,9150,9150,600
2006-01-19,9150,9150,9150,9150,1320
2006-01-20,9150,9150,9150,9150,4360
2006-01-23,9150,9150,9150,9150,2590
2006-01-24,9150,9150,9150,9150,1440
2006-01-25,9150,9150,9150,9150,2130
2006-01-26,9000,9000,9000,9000,1110
2006-01-27,9150,9150,9150,9150,20000
2006-01-30,9150,9150,9150,9150,102570
2006-01-31,9000,9000,9000,9000,20050
2006-02-01,9000,9000,9000,9000,210000
2006-02-02,9000,9000,9000,9000,5120
2006-02-03,9110,9110,9110,9110,31880
2006-02-06,9150,9150,9150,9150,18880
2006-02-07,9150,9150,9150,9150,6200
2006-02-08,9150,9150,9150,9150,7820
2006-02-09,9300,9300,9300,9300,75040
2006-02-10,9200,9200,9200,9200,980
2006-02-13,9150,9150,9150,9150,49550
2006-02-14,9100,9100,9100,9100,2000
2006-02-15,9150,9150,9150,9150,45110
2006-02-16,9000,9000,9000,9000,940
2006-02-17,9100,9100,9100,9100,3580
2006-02-20,9100,9100,9100,9100,400
2006-02-21,9150,9150,9150,9150,3500
2006-02-22,9100,9100,9100,9100,350
2006-02-23,9000,9000,9000,9000,2890
2006-02-24,9100,9100,9100,9100,32290
2006-02-27,9100,9100,9100,9100,4810
2006-02-28,9150,9150,9150,9150,850
2006-03-01,9100,9100,9100,9100,1300
2006-03-02,9100,9100,9100,9100,16120
2006-03-03,9100,9100,9100,9100,40640
2006-03-06,9100,9100,9100,9100,25370
2006-03-07,9100,9100,9100,9100,14080
2006-03-08,9110,9110,9110,9110,2690
2006-03-09,9000,9000,9000,9000,16100
2006-03-10,9100,9100,9100,9100,22770
2006-03-13,9100,9100,9100,9100,15170
2006-03-14,9100,9100,9100,9100,37970
2006-03-15,9100,9100,9100,9100,59730
2006-03-16,9100,9100,9100,9100,19630
2006-03-17,9100,9100,9100,9100,6280
2006-03-20,9110,9110,9110,9110,6000
2006-03-21,9100,9100,9100,9100,370
2006-03-22,9100,9100,9100,9100,144000
2006-03-23,9090,9090,9090,9090,76930
2006-03-24,9100,9100,9100,9100,10370
2006-03-27,9100,9100,9100,9100,6690
2006-03-28,9000,9000,9000,9000,500
2006-03-29,9100,9100,9100,9100,12530
2006-03-30,9100,9100,9100,9100,5650
2006-03-31,9100,9100,9100,9100,4640
2006-04-03,9100,9100,9100,9100,530
2006-04-04,9100,9100,9100,9100,7580
2006-04-05,9100,9100,9100,9100,4180
2006-04-06,9100,9100,9100,9100,43190
2006-04-07,9100,9100,9100,9100,42240
2006-04-10,9100,9100,9100,9100,3910
2006-04-12,9100,9100,9100,9100,6590
2006-04-18,8990,8990,8990,8990,9250
2006-04-20,8950,8950,8950,8950,13100
2006-04-21,8990,8990,8990,8990,16540
2006-04-24,8990,8990,8990,8990,5000
2006-04-25,8990,8990,8990,8990,5090
2006-04-26,8990,8990,8990,8990,5420
2006-04-27,8990,8990,8990,8990,6000
2006-04-28,8990,8990,8990,8990,9820
2006-05-02,8980,8980,8980,8980,1750
2006-05-03,8980,8980,8980,8980,2810
2006-05-04,8970,8970,8970,8970,2500
2006-05-05,8980,8980,8980,8980,8000
2006-05-08,8980,8980,8980,8980,5080
2006-05-09,8980,8980,8980,8980,9630
2006-05-10,8980,8980,8980,8980,11200
2006-05-11,8980,8980,8980,8980,7010
2006-05-12,9000,9000,9000,9000,17250
2006-05-15,8980,8980,8980,8980,530
2006-05-16,8980,8980,8980,8980,2250
2006-05-17,8980,8980,8980,8980,3090
2006-05-18,8950,8950,8950,8950,9210
2006-05-19,8950,8950,8950,8950,4560
2006-05-22,8990,8990,8990,8990,130000
2006-05-23,8990,8990,8990,8990,3210
2006-05-24,8990,8990,8990,8990,730
2006-05-26,8990,8990,8990,8990,31000
2006-05-29,8950,8950,8950,8950,920
2006-05-30,8950,8950,8950,8950,400
2006-05-31,8950,8950,8950,8950,1340
2006-06-01,8950,8950,8950,8950,55940
2006-06-02,8990,8990,8990,8990,36110
2006-06-06,8950,8950,8950,8950,4480
2006-06-07,8950,8950,8950,8950,1610
2006-06-08,8950,8950,8950,8950,1000
2006-06-09,8940,8940,8940,8940,3120
2006-06-12,8950,8950,8950,8950,1830
2006-06-13,8940,8940,8940,8940,1020
2006-06-14,8940,8940,8940,8940,16720
2006-06-15,8900,8900,8900,8900,5080
2006-06-16,8900,8900,8900,8900,5000
2006-06-19,8900,8900,8900,8900,7050
2006-06-20,8800,8800,8800,8800,10660
2006-06-21,8900,8900,8900,8900,25000
2006-06-22,8900,8900,8900,8900,35110
2006-06-23,8900,8900,8900,8900,5110
2006-06-26,8900,8900,8900,8900,5000
2006-06-27,8900,8900,8900,8900,12270
2006-06-28,8900,8900,8900,8900,7500
2006-06-29,8900,8900,8900,8900,18000
2006-06-30,8900,8900,8900,8900,400
2006-07-03,8900,8900,8900,8900,9800
2006-07-04,8900,8900,8900,8900,8230
2006-07-05,8900,8900,8900,8900,8360
2006-07-06,8500,8500,8500,8500,90
2006-07-07,8500,8500,8500,8500,4000
2006-07-10,8500,8500,8500,8500,13150
2006-07-11,8500,8500,8500,8500,17000
2006-07-12,8000,8000,8000,8000,7710
2006-07-13,8000,8000,8000,8000,14410
2006-07-14,8200,8200,8200,8200,34180
2006-07-17,8500,8500,8500,8500,12440
2006-07-18,8500,8500,8500,8500,23530
2006-07-19,8500,8500,8500,8500,3470
2006-07-20,8500,8500,8500,8500,7140
2006-07-21,8500,8500,8500,8500,13070
2006-07-24,8500,8500,8500,8500,5710
2006-07-25,8500,8500,8500,8500,6390
2006-07-26,8500,8500,8500,8500,4710
2006-07-27,8500,8500,8500,8500,6630
2006-07-28,8500,8500,8500,8500,2940
2006-07-31,8500,8500,8500,8500,2760
2006-08-01,8500,8500,8500,8500,3600
2006-08-02,8500,8500,8500,8500,910
2006-08-03,8500,8500,8500,8500,4550
2006-08-04,8500,8500,8500,8500,83720
2006-08-08,8500,8500,8500,8500,1100
2006-08-09,8500,8500,8500,8500,3310
2006-08-10,8500,8500,8500,8500,7390
2006-08-11,8500,8500,8500,8500,2160
2006-08-14,8500,8500,8500,8500,1230
2006-08-16,8500,8500,8500,8500,12340
2006-08-17,8450,8450,8450,8450,7320
2006-08-18,8500,8500,8500,8500,69900
2006-08-21,8500,8500,8500,8500,21810
2006-08-22,8500,8500,8500,8500,290
2006-08-23,8500,8500,8500,8500,16970
2006-08-24,8500,8500,8500,8500,2740
2006-08-25,9050,9050,9050,9050,1763880
2006-08-28,9050,9050,9050,9050,9610
2006-08-29,9050,9050,9050,9050,6970
2006-08-30,9050,9050,9050,9050,350
2006-08-31,9050,9050,9050,9050,11690
2006-09-01,9000,9000,9000,9000,1690
2006-09-04,9000,9000,9000,9000,170000
2006-09-05,9000,9000,9000,9000,4230
2006-09-06,8900,8900,8900,8900,3940
2006-09-07,8900,8900,8900,8900,1500
2006-09-08,8900,8900,8900,8900,3490
2006-09-11,8900,8900,8900,8900,5090
2006-09-12,8850,8850,8850,8850,5150
2006-09-13,8850,8850,8850,8850,2070
2006-09-14,8850,8850,8850,8850,2600
2006-09-15,8850,8850,8850,8850,9930
2006-09-18,8850,8850,8850,8850,3500
2006-09-19,8800,8800,8800,8800,3070
2006-09-20,8800,8800,8800,8800,1670
2006-09-21,8800,8800,8800,8800,110970
2006-09-22,8800,8800,8800,8800,12120
2006-09-25,8800,8800,8800,8800,2630
2006-09-26,8800,8800,8800,8800,2720
2006-09-27,8800,8800,8800,8800,7940
2006-09-28,8800,8800,8800,8800,5520
2006-09-29,8800,8800,8800,8800,6230
2006-10-02,8800,8800,8800,8800,1650
2006-10-04,8800,8800,8800,8800,7450
2006-10-06,8800,8800,8800,8800,25030
2006-10-09,8800,8800,8800,8800,25300
2006-10-10,8800,8800,8800,8800,12480
2006-10-12,8800,8800,8800,8800,6780
2006-10-13,9000,9000,9000,9000,10770
2006-10-16,9200,9200,9200,9200,44090
2006-10-17,8851,8851,8851,8851,2310
2006-10-18,9000,9000,9000,9000,770
2006-10-20,9000,9000,9000,9000,8980
2006-10-24,9000,9000,9000,9000,110
2006-10-25,9000,9000,9000,9000,1260
2006-10-26,8900,8900,8900,8900,12510
2006-10-27,9000,9000,9000,9000,14260
2006-10-30,9000,9000,9000,9000,3240
2006-10-31,8900,8900,8900,8900,4340
2006-11-02,8900,8900,8900,8900,30
2006-11-03,9000,9000,9000,9000,26550
2006-11-06,9000,9000,9000,9000,3890
2006-11-07,9000,9000,9000,9000,3730
2006-11-08,9050,9050,9050,9050,3080
2006-11-09,8900,8900,8900,8900,8610
2006-11-10,9050,9050,9050,9050,5230
2006-11-13,9000,9000,9000,9000,24990
2006-11-14,9050,9050,9050,9050,4150
2006-11-16,9050,9050,9050,9050,4400
2006-11-17,9200,9200,9200,9200,4950
2006-11-20,9200,9200,9200,9200,3400
2006-11-21,9205,9205,9205,9205,6750
2006-11-22,9205,9205,9205,9205,12740
2006-11-23,9230,9230,9230,9230,9050
2006-11-24,9110,9110,9110,9110,5350
2006-11-27,9150,9150,9150,9150,3910
2006-11-28,9150,9150,9150,9150,9320
2006-11-29,9160,9160,9160,9160,5130
2006-11-30,9210,9210,9210,9210,1180
2006-12-01,9200,9200,9200,9200,2600
2006-12-04,9150,9150,9150,9150,1010
2006-12-05,9210,9210,9210,9210,4200
2006-12-06,9200,9200,9200,9200,1830
2006-12-07,9200,9200,9200,9200,3900
2006-12-08,9200,9200,9200,9200,3130
2006-12-11,9200,9200,9200,9200,1570
2006-12-12,9200,9200,9200,9200,2210
2006-12-13,9200,9200,9200,9200,14020
2006-12-14,9150,9150,9150,9150,3470
2006-12-15,9200,9200,9200,9200,350
2006-12-18,9150,9150,9150,9150,1450
2006-12-19,9150,9150,9150,9150,820
2006-12-20,9150,9150,9150,9150,470
2006-12-21,9150,9150,9150,9150,2290
2006-12-22,9150,9150,9150,9150,6970
2006-12-26,9150,9150,9150,9150,19030
2006-12-27,9300,9300,9300,9300,68970
2006-12-28,9150,9150,9150,9150,1070
2006-12-29,9100,9100,9100,9100,100
2007-01-02,9100,9100,9100,9100,1000
2007-01-03,9100,9100,9100,9100,850
2007-01-04,9100,9100,9100,9100,2940
2007-01-05,9100,9100,9100,9100,140
2007-01-10,9100,9100,9100,9100,11350
2007-01-11,9100,9100,9100,9100,47200
2007-01-12,9101,9101,9101,9101,860
2007-01-16,9100,9100,9100,9100,80
2007-01-17,9150,9150,9150,9150,6690
2007-01-18,9150,9150,9150,9150,4600
2007-01-19,9200,9200,9200,9200,66010
2007-01-22,9150,9150,9150,9150,6880
2007-01-23,9200,9200,9200,9200,13070
2007-01-24,9150,9150,9150,9150,1400
2007-01-25,9150,9150,9150,9150,370
2007-01-26,9050,9050,9050,9050,940
2007-01-29,9200,9200,9200,9200,2130
2007-01-31,9200,9200,9200,9200,2330
2007-02-01,9200,9200,9200,9200,1500
2007-02-02,9200,9200,9200,9200,4170
2007-02-05,9202,9202,9202,9202,7610
2007-02-06,9202,9202,9202,9202,11980
2007-02-07,9211,9211,9211,9211,4490
2007-02-08,9215,9215,9215,9215,600
2007-02-09,9225,9225,9225,9225,2200
2007-02-12,9400,9400,9400,9400,4040
2007-02-13,9430,9430,9430,9430,4550
2007-02-14,9432,9432,9432,9432,3120
2007-02-15,9460,9460,9460,9460,6450
2007-02-16,9800,9800,9800,9800,5700
2007-02-19,9805,9805,9805,9805,8910
2007-02-20,9820,9820,9820,9820,6120
2007-02-21,9820,9820,9820,9820,600
2007-02-22,10000,10000,10000,10000,5310
2007-02-23,10001,10001,10001,10001,7330
2007-02-26,10025,10025,10025,10025,3890
2007-02-27,10040,10040,10040,10040,4310
2007-02-28,10042,10042,10042,10042,2680
2007-03-01,10042,10042,10042,10042,6510
2007-03-02,10040,10040,10040,10040,460
2007-03-07,10000,10000,10000,10000,1160
2007-03-08,10000,10000,10000,10000,2280
2007-03-09,9800,9800,9800,9800,1000
2007-03-12,10000,10000,10000,10000,5700
2007-03-13,9900,9900,9900,9900,5300
2007-03-14,10000,10000,10000,10000,2570
2007-03-15,10000,10000,10000,10000,6090
2007-03-16,10020,10020,10020,10020,1350
2007-03-19,10100,10100,10100,10100,7520
2007-03-20,10100,10100,10100,10100,3150
2007-03-21,10100,10100,10100,10100,2620
2007-03-22,10100,10100,10100,10100,2450
2007-03-23,10500,10500,10500,10500,250
2007-03-26,10100,10100,10100,10100,1720
2007-03-27,10100,10100,10100,10100,1600
2007-03-28,10100,10100,10100,10100,880
2007-03-30,10000,10000,10000,10000,1130
2007-04-02,9900,9900,9900,9900,12830
2007-04-03,10000,10000,10000,10000,15440
2007-04-04,10001,10001,10001,10001,12760
2007-04-05,10100,10100,10100,10100,850
2007-04-06,10100,10100,10100,10100,990
2007-04-10,10100,10100,10100,10100,700
2007-04-11,10000,10000,10000,10000,1920
2007-04-12,10000,10000,10000,10000,17590
2007-04-13,10100,10100,10100,10100,2540
2007-04-16,10101,10101,10101,10101,170
2007-04-17,10140,10140,10140,10140,2080
2007-04-18,10156,10156,10156,10156,1360
2007-04-19,10200,10200,10200,10200,8240
2007-04-20,10200,10200,10200,10200,260
2007-04-23,10200,10200,10200,10200,1150
2007-04-24,10200,10200,10200,10200,188940
2007-04-25,10200,10200,10200,10200,6670
2007-04-26,10111,10111,10111,10111,500
2007-04-30,10000,10000,10000,10000,550
2007-05-02,10000,10000,10000,10000,300
2007-05-03,9900,9900,9900,9900,340
2007-05-04,10000,10000,10000,10000,7000
2007-05-07,10000,10000,10000,10000,5000
2007-05-08,9900,9900,9900,9900,2500
2007-05-09,10000,10000,10000,10000,23170
2007-05-10,10000,10000,10000,10000,22240
2007-05-11,10000,10000,10000,10000,4660
2007-05-14,10000,10000,10000,10000,4770
2007-05-15,10000,10000,10000,10000,940
2007-05-16,10000,10000,10000,10000,10660
2007-05-18,10100,10100,10100,10100,200
2007-05-21,10100,10100,10100,10100,3390
2007-05-22,10101,10101,10101,10101,5520
2007-05-23,10200,10200,10200,10200,4610
2007-05-24,10225,10225,10225,10225,5330
2007-05-25,10500,10500,10500,10500,6220
2007-05-29,10500,10500,10500,10500,30
2007-05-30,10500,10500,10500,10500,8870
2007-05-31,10800,10800,10800,10800,1000
2007-06-01,11500,11500,11500,11500,3730
2007-06-04,11500,11500,11500,11500,350
2007-06-05,11500,11500,11500,11500,6760
2007-06-06,11500,11500,11500,11500,11130
2007-06-07,11500,11500,11500,11500,5680
2007-06-08,11500,11500,11500,11500,40
2007-06-11,11500,11500,11500,11500,7690
2007-06-12,11500,11500,11500,11500,162330
2007-06-13,11500,11500,11500,11500,70970
2007-06-14,11500,11500,11500,11500,28060
2007-06-15,11501,11501,11501,11501,7600
2007-06-18,11510,11510,11510,11510,910
2007-06-19,11511,11511,11511,11511,3910
2007-06-20,11601,11601,11601,11601,2750
2007-06-21,11620,11620,11620,11620,5510
2007-06-22,11621,11621,11621,11621,2620
2007-06-25,11750,11750,11750,11750,4330
2007-06-26,11850,11850,11850,11850,1690
2007-06-27,12000,12000,12000,12000,7620
2007-06-28,12000,12000,12000,12000,315040
2007-06-29,12200,12200,12200,12200,5820
2007-07-02,12000,12000,12000,12000,4200
2007-07-03,12200,12200,12200,12200,3810
2007-07-04,12200,12200,12200,12200,1630
2007-07-05,12200,12200,12200,12200,3090
2007-07-06,12200,12200,12200,12200,11550
2007-07-09,12200,12200,12200,12200,4740
2007-07-10,12200,12200,12200,12200,3360
2007-07-11,12200,12200,12200,12200,1650
2007-07-12,12200,12200,12200,12200,3200
2007-07-13,12200,12200,12200,12200,6370
2007-07-16,12200,12200,12200,12200,1150
2007-07-17,12250,12250,12250,12250,5650
2007-07-18,12251,12251,12251,12251,10420
2007-07-19,12500,12500,12500,12500,7210
2007-07-20,12500,12500,12500,12500,38130
2007-07-23,12600,12600,12600,12600,320
2007-07-24,13000,13000,13000,13000,23720
2007-07-25,13500,13500,13500,13500,880
2007-07-26,13500,13500,13500,13500,1370
2007-07-27,13500,13500,13500,13500,450
2007-07-31,14000,14000,14000,14000,2200
2007-08-01,14000,14000,14000,14000,5740
2007-08-02,14000,14000,14000,14000,2210
2007-08-03,14000,14000,14000,14000,9320
2007-08-08,14000,14000,14000,14000,8190
2007-08-09,14000,14000,14000,14000,1030
2007-08-10,14000,14000,14000,14000,3130
2007-08-13,14000,14000,14000,14000,2850
2007-08-14,15000,15000,15000,15000,3390
2007-08-16,15000,15000,15000,15000,1800
2007-08-17,15000,15000,15000,15000,32200
2007-08-20,15000,15000,15000,15000,51290
2007-08-21,15300,15300,15300,15300,64900
2007-08-22,15400,15400,15400,15400,15320
2007-08-23,15502,15502,15502,15502,4340
2007-08-24,15500,15500,15500,15500,405970
2007-08-27,16125,16125,16125,16125,70000
2007-08-28,16000,16000,16000,16000,9670
2007-08-29,16000,16000,16000,16000,9890
2007-08-30,16000,16000,16000,16000,110
2007-08-31,16500,16500,16500,16500,10050
2007-09-03,16500,16500,16500,16500,2960
2007-09-04,16500,16500,16500,16500,940
2007-09-05,16500,16500,16500,16500,110
2007-09-06,16500,16500,16500,16500,1050
2007-09-07,16500,16500,16500,16500,180
2007-09-10,16500,16500,16500,16500,770
2007-09-11,16400,16400,16400,16400,240
2007-09-12,16400,16400,16400,16400,1240
2007-09-13,16200,16200,16200,16200,1240
2007-09-14,16200,16200,16200,16200,310
2007-09-17,16200,16200,16200,16200,16020
2007-09-18,16150,16150,16150,16150,520
2007-09-19,16150,16150,16150,16150,1830
2007-09-21,16150,16150,16150,16150,620
2007-09-24,16050,16050,16050,16050,1000
2007-09-26,15900,15900,15900,15900,80
2007-09-27,15500,15500,15500,15500,290
2007-09-28,15900,15900,15900,15900,17520
2007-10-01,15900,15900,15900,15900,5410
2007-10-02,15850,15850,15850,15850,140
2007-10-03,15800,15800,15800,15800,20000
2007-10-04,15800,15800,15800,15800,6000
2007-10-05,15800,15800,15800,15800,3320
2007-10-08,15900,15900,15900,15900,24840
2007-10-10,15900,15900,15900,15900,45850
2007-10-11,16000,16000,16000,16000,35080
2007-10-15,16200,16200,16200,16200,40150
2007-10-16,16500,16500,16500,16500,43370
2007-10-17,16600,16600,16600,16600,19210
2007-10-18,17000,17000,17000,17000,28210
2007-10-19,17500,17500,17500,17500,2530
2007-10-22,17200,17200,17200,17200,4340
2007-10-23,17200,17200,17200,17200,11830
2007-10-24,17200,17200,17200,17200,5050
2007-10-25,17200,17200,17200,17200,10140
2007-10-26,17200,17200,17200,17200,4190
2007-10-29,17200,17200,17200,17200,4450
2007-10-30,17200,17200,17200,17200,17680
2007-10-31,17200,17200,17200,17200,10060
2007-11-02,17200,17200,17200,17200,7250
2007-11-05,17200,17200,17200,17200,150
2007-11-06,17199,17199,17199,17199,1150
2007-11-07,17200,17200,17200,17200,10120
2007-11-08,17200,17200,17200,17200,760
2007-11-09,17200,17200,17200,17200,260
2007-11-13,17200,17200,17200,17200,1810
2007-11-14,17200,17200,17200,17200,690
2007-11-16,17200,17200,17200,17200,9950
2007-11-19,17495,17495,17495,17495,46000
2007-11-20,17500,17500,17500,17500,5360
2007-11-21,17200,17200,17200,17200,2060
2007-11-22,17480,17480,17480,17480,100
2007-11-23,17480,17480,17480,17480,100
2007-11-26,17200,17200,17200,17200,11600
2007-11-27,17500,17500,17500,17500,40000
2007-11-29,17201,17201,17201,17201,750
2007-11-30,17200,17200,17200,17200,630
2007-12-03,17500,17500,17500,17500,170
2007-12-04,17500,17500,17500,17500,40000
2007-12-05,17500,17500,17500,17500,100040
2007-12-06,17500,17500,17500,17500,15580
2007-12-07,17500,17500,17500,17500,13220
2007-12-10,17500,17500,17500,17500,390
2007-12-11,17500,17500,17500,17500,3170
2007-12-12,17200,17200,17200,17200,940
2007-12-13,17500,17500,17500,17500,2290
2007-12-14,17500,17500,17500,17500,3090
2007-12-17,17500,17500,17500,17500,150
2007-12-18,17000,17000,17000,17000,100
2007-12-20,17500,17500,17500,17500,500
2007-12-21,17250,17250,17250,17250,99770
2007-12-24,17500,17500,17500,17500,98000
2007-12-26,17500,17500,17500,17500,740
2007-12-27,17500,17500,17500,17500,43000
2007-12-28,17500,17500,17500,17500,9990
2007-12-31,17500,17500,17500,17500,3060
2008-01-02,17600,17600,17600,17600,340
2008-01-03,17600,17600,17600,17600,3370
2008-01-04,17600,17600,17600,17600,6120
2008-01-07,17700,17700,17700,17700,12700
2008-01-08,17700,17700,17700,17700,360
2008-01-09,17700,17700,17700,17700,430
2008-01-10,17700,17700,17700,17700,520
2008-01-11,18000,18000,18000,18000,2200
2008-01-14,18000,18000,18000,18000,160
2008-01-15,18000,18000,18000,18000,10550
2008-01-16,18000,18000,18000,18000,250
2008-01-17,18000,18000,18000,18000,10520
2008-01-18,18500,18500,18500,18500,1050
2008-01-21,18500,18500,18500,18500,150
2008-01-22,18500,18500,18500,18500,480
2008-01-23,18500,18500,18500,18500,160
2008-01-24,19500,19500,19500,19500,4100
2008-01-25,19500,19500,19500,19500,510
2008-01-28,19500,19500,19500,19500,280
2008-01-29,19500,19500,19500,19500,270
2008-01-30,19500,19500,19500,19500,5160
2008-01-31,19500,19500,19500,19500,100
2008-02-01,19490,19490,19490,19490,2310
2008-02-04,19350,19350,19350,19350,2490
2008-02-05,19555,19555,19555,19555,2440
2008-02-06,19901,19901,19901,19901,1020
2008-02-07,19980,19980,19980,19980,700
2008-02-08,19950,19950,19950,19950,220
2008-02-12,18500,18500,18500,18500,150000
2008-02-13,19800,19800,19800,19800,2460
2008-02-14,19500,19500,19500,19500,13420
2008-02-15,18500,18500,18500,18500,235160
2008-02-18,19600,19600,19600,19600,36000
2008-02-20,19500,19500,19500,19500,1070
2008-02-21,19500,19500,19500,19500,220
2008-02-22,19499,19499,19499,19499,10100
2008-02-27,19000,19000,19000,19000,4830
2008-02-28,19400,19400,19400,19400,6520
2008-02-29,19400,19400,19400,19400,90
2008-03-03,19000,19000,19000,19000,4440
2008-03-04,19000,19000,19000,19000,1020
2008-03-05,19000,19000,19000,19000,530
2008-03-06,19000,19000,19000,19000,20
2008-03-07,19000,19000,19000,19000,1450
2008-03-10,19000,19000,19000,19000,950
2008-03-11,19000,19000,19000,19000,420
2008-03-12,19000,19000,19000,19000,1220
2008-03-13,19000,19000,19000,19000,200
2008-03-14,19000,19000,19000,19000,640
2008-03-17,19000,19000,19000,19000,260
2008-03-18,19000,19000,19000,19000,130
2008-03-19,19000,19000,19000,19000,5010
2008-03-21,19000,19000,19000,19000,3890
2008-03-25,19000,19000,19000,19000,4660
2008-03-26,18200,18200,18200,18200,1600
2008-03-28,18200,18200,18200,18200,550
2008-03-31,18200,18200,18200,18200,1250
2008-04-01,18190,18190,18190,18190,1060
2008-04-02,18200,18200,18200,18200,21400
2008-04-03,18100,18100,18100,18100,2270
2008-04-04,18200,18200,18200,18200,6000
2008-04-07,18200,18200,18200,18200,1360
2008-04-08,18200,18200,18200,18200,330
2008-04-09,18200,18200,18200,18200,1610
2008-04-10,18200,18200,18200,18200,24750
2008-04-11,18500,18500,18500,18500,8020
2008-04-14,18900,18900,18900,18900,3800
2008-04-15,18900,18900,18900,18900,1810
2008-04-16,18900,18900,18900,18900,40
2008-04-17,18900,18900,18900,18900,950
2008-04-18,18900,18900,18900,18900,230
2008-04-21,18900,18900,18900,18900,110
2008-04-22,18900,18900,18900,18900,1050
2008-04-23,18900,18900,18900,18900,1810
2008-04-24,18900,18900,18900,18900,2300
2008-04-25,18900,18900,18900,18900,22470
2008-04-28,19000,19000,19000,19000,970
2008-04-29,18900,18900,18900,18900,4930
2008-04-30,18500,18500,18500,18500,2400
2008-05-02,18500,18500,18500,18500,3610
2008-05-05,18500,18500,18500,18500,80
2008-05-06,18500,18500,18500,18500,3730
2008-05-07,18500,18500,18500,18500,400
2008-05-08,18500,18500,18500,18500,40140
2008-05-09,18500,18500,18500,18500,7300
2008-05-13,18400,18400,18400,18400,7480
2008-05-14,18400,18400,18400,18400,1370
2008-05-15,18400,18400,18400,18400,4990
2008-05-16,18400,18400,18400,18400,750
2008-05-19,18400,18400,18400,18400,630
2008-05-20,18100,18100,18100,18100,390
2008-05-21,18200,18200,18200,18200,7000
2008-05-22,18100,18100,18100,18100,3630
2008-05-23,17899,17899,17899,17899,12220
2008-05-27,18000,18000,18000,18000,24500
2008-05-28,18000,18000,18000,18000,23010
2008-05-29,18000,18000,18000,18000,7090
2008-05-30,18000,18000,18000,18000,8060
2008-06-02,18000,18000,18000,18000,6800
2008-06-03,18000,18000,18000,18000,13960
2008-06-04,18000,18000,18000,18000,5920
2008-06-05,18000,18000,18000,18000,750030
2008-06-06,18000,18000,18000,18000,11740
2008-06-10,18000,18000,18000,18000,2770
2008-06-11,18000,18000,18000,18000,43210
2008-06-12,18000,18000,18000,18000,1300
2008-06-13,18000,18000,18000,18000,11550
2008-06-16,18000,18000,18000,18000,5250
2008-06-17,18000,18000,18000,18000,2660
2008-06-18,18000,18000,18000,18000,2240
2008-06-19,18000,18000,18000,18000,135750
2008-06-20,18000,18000,18000,18000,12400
2008-06-23,18000,18000,18000,18000,6560
2008-06-24,18000,18000,18000,18000,800
2008-06-25,18000,18000,18000,18000,57050
2008-06-26,18000,18000,18000,18000,3630
2008-06-27,18000,18000,18000,18000,2300
2008-06-30,18000,18000,18000,18000,2000
2008-07-01,18000,18000,18000,18000,1750
2008-07-02,18000,18000,18000,18000,3430
2008-07-03,18000,18000,18000,18000,5080
2008-07-04,18000,18000,18000,18000,3080
2008-07-07,17900,17900,17900,17900,1400
2008-07-08,17900,17900,17900,17900,140
2008-07-09,18000,18000,18000,18000,9940
2008-07-10,18000,18000,18000,18000,3620
2008-07-11,18000,18000,18000,18000,3530
2008-07-14,18000,18000,18000,18000,7850
2008-07-15,18000,18000,18000,18000,2900
2008-07-17,17800,17800,17800,17800,850
2008-07-18,17800,17800,17800,17800,1030
2008-07-21,17800,17800,17800,17800,5190
2008-07-22,17800,17800,17800,17800,1690
2008-07-23,18500,18500,18500,18500,430000
2008-07-24,18000,18000,18000,18000,5960
2008-07-25,17800,17800,17800,17800,720
2008-07-28,17800,17800,17800,17800,1180
2008-07-30,17800,17800,17800,17800,5080
2008-07-31,17800,17800,17800,17800,1510
2008-08-01,17800,17800,17800,17800,5680
2008-08-04,17800,17800,17800,17800,3390
2008-08-05,17800,17800,17800,17800,700
2008-08-06,17800,17800,17800,17800,35200
2008-08-08,17800,17800,17800,17800,7600
2008-08-11,17800,17800,17800,17800,610
2008-08-12,17800,17800,17800,17800,3130
2008-08-13,17800,17800,17800,17800,2600
2008-08-14,17700,17700,17700,17700,1270
2008-08-18,17700,17700,17700,17700,2200
2008-08-19,17700,17700,17700,17700,3200
2008-08-20,17700,17700,17700,17700,14610
2008-08-21,17600,17600,17600,17600,820
2008-08-22,17600,17600,17600,17600,5420
2008-08-25,17500,17500,17500,17500,5630
2008-08-26,17500,17500,17500,17500,1920
2008-08-27,17500,17500,17500,17500,16100
2008-08-28,17500,17500,17500,17500,11080
2008-08-29,17400,17400,17400,17400,5150
2008-09-04,17000,17000,17000,17000,15020
2008-09-05,16200,16200,16200,16200,45340
2008-09-09,15000,15000,15000,15000,140
2008-09-10,14900,14900,14900,14900,50000
2008-09-11,14000,14000,14000,14000,3790
2008-09-12,14000,14000,14000,14000,39960
2008-09-15,14000,14000,14000,14000,23050
2008-09-16,14000,14000,14000,14000,15070
2008-09-17,14000,14000,14000,14000,18240
2008-09-18,14000,14000,14000,14000,15050
2008-09-19,14000,14000,14000,14000,35690
2008-09-22,14000,14000,14000,14000,30270
2008-09-23,14000,14000,14000,14000,25480
2008-09-24,14000,14000,14000,14000,12860
2008-09-25,14000,14000,14000,14000,530
2008-09-26,14000,14000,14000,14000,3950
2008-09-29,14000,14000,14000,14000,8670
2008-10-01,14000,14000,14000,14000,18130
2008-10-02,14000,14000,14000,14000,5560
2008-10-03,14000,14000,14000,14000,16500
2008-10-06,14000,14000,14000,14000,9320
2008-10-07,14000,14000,14000,14000,26690
2008-10-08,14000,14000,14000,14000,25990
2008-10-09,14000,14000,14000,14000,10560
2008-10-10,14000,14000,14000,14000,25550
2008-10-13,14000,14000,14000,14000,30470
2008-10-14,13995,13995,13995,13995,10000
2008-10-15,13950,13950,13950,13950,1480
2008-10-16,13950,13950,13950,13950,23000
2008-10-21,13900,13900,13900,13900,25000
2008-10-22,13900,13900,13900,13900,30040
2008-10-23,13700,13700,13700,13700,3170
2008-10-24,13481,13481,13481,13481,28280
2008-10-27,13400,13400,13400,13400,30060
2008-10-29,12800,12800,12800,12800,170
2008-10-31,12500,12500,12500,12500,470
2008-11-03,12000,12000,12000,12000,370
2008-11-04,12000,12000,12000,12000,100
2008-11-07,11500,11500,11500,11500,90
2008-11-10,11400,11400,11400,11400,6510
2008-11-11,10545,10545,10545,10545,1530
2008-11-12,10500,10500,10500,10500,2350
2008-11-13,10500,10500,10500,10500,1720
2008-11-14,10300,10300,10300,10300,2750
2008-11-17,10000,10000,10000,10000,3600
2008-11-18,10000,10000,10000,10000,1840
2008-11-19,10000,10000,10000,10000,3990
2008-11-20,10000,10000,10000,10000,12350
2008-11-21,9950,9950,9950,9950,52390
2008-11-24,10000,10000,10000,10000,35690
2008-11-25,10000,10000,10000,10000,1962760
2008-11-26,10000,10000,10000,10000,4500
2008-11-27,10500,10500,10500,10500,6880
2008-11-28,10500,10500,10500,10500,4680
2008-12-01,11288,11288,11288,11288,1250
2008-12-02,12000,12000,12000,12000,26700
2008-12-04,13868,13868,13868,13868,5170
2008-12-05,14000,14000,14000,14000,12490
2008-12-09,13950,13950,13950,13950,220
2008-12-10,14000,14000,14000,14000,2650
2008-12-11,14000,14000,14000,14000,6620
2008-12-12,14000,14000,14000,14000,2370
2008-12-15,13700,13700,13700,13700,90
2008-12-16,13000,13000,13000,13000,10870
2008-12-17,13700,13700,13700,13700,26000
2008-12-18,13000,13000,13000,13000,4330
2008-12-19,13000,13000,13000,13000,1120
2008-12-22,13000,13000,13000,13000,2500
2008-12-23,13000,13000,13000,13000,170
2008-12-24,13000,13000,13000,13000,1260
2008-12-26,13000,13000,13000,13000,1420
2008-12-29,13000,13000,13000,13000,13600
2008-12-30,13000,13000,13000,13000,1800
2008-12-31,13000,13000,13000,13000,7330
2009-01-02,13000,13000,13000,13000,2000
2009-01-05,13000,13000,13000,13000,1150
2009-01-06,13000,13000,13000,13000,3160
2009-01-07,13000,13000,13000,13000,16000
2009-01-08,13000,13000,13000,13000,34000
2009-01-09,12800,12800,12800,12800,470
2009-01-12,12500,12500,12500,12500,1300
2009-01-13,12790,12790,12790,12790,2030
2009-01-14,12790,12790,12790,12790,5000
2009-01-15,12790,12790,12790,12790,1200
2009-01-16,12790,12790,12790,12790,7550
2009-01-19,12790,12790,12790,12790,4100
2009-01-20,12700,12700,12700,12700,3170
2009-01-21,12700,12700,12700,12700,1500
2009-01-22,12700,12700,12700,12700,2120
2009-01-23,12700,12700,12700,12700,4000
2009-01-26,12700,12700,12700,12700,3140
2009-01-27,12700,12700,12700,12700,4200
2009-01-28,12700,12700,12700,12700,8100
2009-01-29,12700,12700,12700,12700,4050
2009-01-30,12700,12700,12700,12700,6910
2009-02-02,12700,12700,12700,12700,8010
2009-02-03,12600,12600,12600,12600,16000
2009-02-04,12500,12500,12500,12500,2370
2009-02-05,12500,12500,12500,12500,10060
2009-02-06,12500,12500,12500,12500,22780
2009-02-09,12500,12500,12500,12500,12070
2009-02-10,12400,12400,12400,12400,7020
2009-02-11,12400,12400,12400,12400,37160
2009-02-12,12400,12400,12400,12400,6860
2009-02-13,12390,12390,12390,12390,1550
2009-02-16,12400,12400,12400,12400,4000
2009-02-17,12400,12400,12400,12400,5360
2009-02-18,12400,12400,12400,12400,12860
2009-02-19,12400,12400,12400,12400,13200
2009-02-20,12400,12400,12400,12400,12850
2009-02-23,12390,12390,12390,12390,10220
2009-02-24,12300,12300,12300,12300,300
2009-02-25,12300,12300,12300,12300,1630
2009-02-26,12300,12300,12300,12300,3970
2009-02-27,12200,12200,12200,12200,18490
2009-03-02,12200,12200,12200,12200,1070
2009-03-03,12300,12300,12300,12300,7310
2009-03-04,12200,12200,12200,12200,500
2009-03-05,12200,12200,12200,12200,6510
2009-03-06,12200,12200,12200,12200,2410
2009-03-10,12200,12200,12200,12200,12530
2009-03-11,12200,12200,12200,12200,14600
2009-03-12,11950,11950,11950,11950,4650
2009-03-13,11950,11950,11950,11950,2720
2009-03-16,11900,11900,11900,11900,3440
2009-03-17,11900,11900,11900,11900,9960
2009-03-18,11950,11950,11950,11950,10520
2009-03-19,11950,11950,11950,11950,5950
2009-03-20,11950,11950,11950,11950,4050
2009-03-23,11950,11950,11950,11950,11690
2009-03-24,11930,11930,11930,11930,13600
2009-03-25,11930,11930,11930,11930,21420
2009-03-26,11930,11930,11930,11930,18350
2009-03-27,11930,11930,11930,11930,31220
2009-03-30,11920,11920,11920,11920,36610
2009-03-31,11900,11900,11900,11900,500
2009-04-01,11950,11950,11950,11950,36850
2009-04-02,11848,11848,11848,11848,3740
2009-04-03,11800,11800,11800,11800,4140
2009-04-06,11800,11800,11800,11800,15210
2009-04-07,11800,11800,11800,11800,68080
2009-04-08,11500,11500,11500,11500,4350
2009-04-09,11000,11000,11000,11000,14170
2009-04-10,11600,11600,11600,11600,12860
2009-04-14,11800,11800,11800,11800,99310
2009-04-15,11800,11800,11800,11800,56350
2009-04-16,11698,11698,11698,11698,2430
2009-04-17,11500,11500,11500,11500,160
2009-04-20,11500,11500,11500,11500,990
2009-04-21,11499,11499,11499,11499,11640
2009-04-22,11500,11500,11500,11500,85350
2009-04-23,11500,11500,11500,11500,8780
2009-04-24,11500,11500,11500,11500,20000
2009-04-27,11800,11800,11800,11800,750
2009-04-28,11200,11200,11200,11200,2620
2009-04-29,11200,11200,11200,11200,7050
2009-05-04,11200,11200,11200,11200,6050
2009-05-05,11200,11200,11200,11200,4740
2009-05-06,11000,11000,11000,11000,42710
2009-05-07,11000,11000,11000,11000,2530
2009-05-08,11000,11000,11000,11000,640
2009-05-11,11000,11000,11000,11000,12770
2009-05-12,10500,10500,10500,10500,5920
2009-05-13,10500,10500,10500,10500,11840
2009-05-14,10500,10500,10500,10500,39900
2009-05-15,10500,10500,10500,10500,8050
2009-05-18,10500,10500,10500,10500,15260
2009-05-19,10500,10500,10500,10500,7500
2009-05-20,10500,10500,10500,10500,22200
2009-05-22,10500,10500,10500,10500,2720
2009-05-25,10500,10500,10500,10500,2500
2009-05-26,10500,10500,10500,10500,3740
2009-05-27,10500,10500,10500,10500,46590
2009-05-28,10500,10500,10500,10500,19460
2009-05-29,10600,10600,10600,10600,5000
2009-06-02,10600,10600,10600,10600,1500
2009-06-03,10600,10600,10600,10600,4680
2009-06-04,10600,10600,10600,10600,4230
2009-06-05,10500,10500,10500,10500,6820
2009-06-08,10500,10500,10500,10500,2440
2009-06-09,10500,10500,10500,10500,1980
2009-06-10,10500,10500,10500,10500,3600
2009-06-11,10500,10500,10500,10500,7300
2009-06-12,10500,10500,10500,10500,2200
2009-06-15,10600,10600,10600,10600,3250
2009-06-16,10500,10500,10500,10500,3090
2009-06-17,10500,10500,10500,10500,2690
2009-06-18,10600,10600,10600,10600,5670
2009-06-19,10600,10600,10600,10600,6840
2009-06-22,10600,10600,10600,10600,1040
2009-06-23,10600,10600,10600,10600,2270
2009-06-24,10600,10600,10600,10600,4270
2009-06-25,11000,11000,11000,11000,37070
2009-06-26,10700,10700,10700,10700,6560
2009-06-29,10600,10600,10600,10600,2500
2009-06-30,10600,10600,10600,10600,830
2009-07-01,10600,10600,10600,10600,1460
2009-07-02,10700,10700,10700,10700,3740
2009-07-03,10612,10612,10612,10612,4380
2009-07-06,10700,10700,10700,10700,1290
2009-07-07,10720,10720,10720,10720,48780
2009-07-08,10790,10790,10790,10790,2500
2009-07-09,10750,10750,10750,10750,4990
2009-07-10,10700,10700,10700,10700,2060
2009-07-13,10700,10700,10700,10700,2660
2009-07-14,10700,10700,10700,10700,5600
2009-07-15,10750,10750,10750,10750,5450
2009-07-16,11000,11000,11000,11000,3400
2009-07-17,11000,11000,11000,11000,4200
2009-07-20,11000,11000,11000,11000,4130
2009-07-21,11000,11000,11000,11000,2490
2009-07-22,11000,11000,11000,11000,7670
2009-07-23,11000,11000,11000,11000,5160
2009-07-24,11000,11000,11000,11000,39840
2009-07-27,11000,11000,11000,11000,90050
2009-07-28,11000,11000,11000,11000,5200
2009-07-29,11500,11500,11500,11500,2950
2009-07-30,11500,11500,11500,11500,2700
2009-07-31,11000,11000,11000,11000,6590
2009-08-03,11000,11000,11000,11000,8440
2009-08-04,11500,11500,11500,11500,2800
2009-08-05,11000,11000,11000,11000,3390
2009-08-06,11001,11001,11001,11001,69720
2009-08-10,11001,11001,11001,11001,7120
2009-08-11,11010,11010,11010,11010,1710
2009-08-12,11010,11010,11010,11010,4880
2009-08-13,11000,11000,11000,11000,99650
2009-08-14,11000,11000,11000,11000,2200
2009-08-17,11000,11000,11000,11000,3650
2009-08-18,11200,11200,11200,11200,52950
2009-08-19,11201,11201,11201,11201,2940
2009-08-20,11305,11305,11305,11305,1290
2009-08-21,11010,11010,11010,11010,1520
2009-08-24,11300,11300,11300,11300,990
2009-08-25,11300,11300,11300,11300,3920
2009-08-26,11500,11500,11500,11500,610230
2009-08-27,11500,11500,11500,11500,169250
2009-08-28,11500,11500,11500,11500,2440
2009-08-31,11500,11500,11500,11500,450
2009-09-01,11510,11510,11510,11510,3240
2009-09-02,12000,12000,12000,12000,6890
2009-09-03,12000,12000,12000,12000,7810
2009-09-04,12000,12000,12000,12000,9770
2009-09-07,12000,12000,12000,12000,27240
2009-09-08,12000,12000,12000,12000,870
2009-09-09,12000,12000,12000,12000,52190
2009-09-10,12000,12000,12000,12000,1350
2009-09-11,12000,12000,12000,12000,8870
2009-09-14,12000,12000,12000,12000,1520
2009-09-15,12000,12000,12000,12000,14740
2009-09-16,12000,12000,12000,12000,660
2009-09-18,12000,12000,12000,12000,6620
2009-09-21,12000,12000,12000,12000,620
2009-09-22,12000,12000,12000,12000,2240
2009-09-23,12000,12000,12000,12000,3220
2009-09-24,12000,12000,12000,12000,2100
2009-09-25,12000,12000,12000,12000,2000
2009-09-29,11950,11950,11950,11950,7600
2009-09-30,12000,12000,12000,12000,4470
2009-10-01,11900,11900,11900,11900,9760
2009-10-02,12000,12000,12000,12000,4000
2009-10-05,12000,12000,12000,12000,72790
2009-10-06,12000,12000,12000,12000,7580
2009-10-07,12000,12000,12000,12000,160
2009-10-08,12000,12000,12000,12000,3380
2009-10-09,12000,12000,12000,12000,5550
2009-10-12,12000,12000,12000,12000,26100
2009-10-13,12000,12000,12000,12000,188260
2009-10-14,12500,12500,12500,12500,2300
2009-10-15,12000,12000,12000,12000,15700
2009-10-16,12000,12000,12000,12000,1770
2009-10-19,12000,12000,12000,12000,65500
2009-10-20,12000,12000,12000,12000,990
2009-10-22,12000,12000,12000,12000,34410
2009-10-23,12000,12000,12000,12000,720
2009-10-26,11990,11990,11990,11990,2100
2009-10-27,12000,12000,12000,12000,2030
2009-10-28,12000,12000,12000,12000,1380
2009-10-29,12000,12000,12000,12000,4550
2009-10-30,12000,12000,12000,12000,1830
2009-11-02,12000,12000,12000,12000,4450
2009-11-03,12000,12000,12000,12000,3230
2009-11-04,11950,11950,11950,11950,10280
2009-11-05,12000,12000,12000,12000,5230
2009-11-06,12000,12000,12000,12000,2750
2009-11-09,12000,12000,12000,12000,2150
2009-11-10,11900,11900,11900,11900,670
2009-11-11,11900,11900,11900,11900,2360
2009-11-12,11900,11900,11900,11900,28220
2009-11-13,11900,11900,11900,11900,8840
2009-11-17,11900,11900,11900,11900,100
2009-11-18,11900,11900,11900,11900,510
2009-11-19,11900,11900,11900,11900,1700
2009-11-20,11900,11900,11900,11900,4350
2009-11-23,11900,11900,11900,11900,4140
2009-11-24,11900,11900,11900,11900,2380
2009-11-25,11900,11900,11900,11900,3390
2009-11-26,11900,11900,11900,11900,800
2009-11-30,11900,11900,11900,11900,540
2009-12-01,11900,11900,11900,11900,1160
2009-12-03,11900,11900,11900,11900,4750
2009-12-04,11900,11900,11900,11900,950
2009-12-07,11900,11900,11900,11900,9400
2009-12-08,11900,11900,11900,11900,23430
2009-12-09,11900,11900,11900,11900,2540
2009-12-11,11900,11900,11900,11900,3010
2009-12-14,11900,11900,11900,11900,2430
2009-12-15,11900,11900,11900,11900,23510
2009-12-16,12000,12000,12000,12000,4600
2009-12-17,12000,12000,12000,12000,1900
2009-12-18,12000,12000,12000,12000,60
2009-12-21,12000,12000,12000,12000,2190
2009-12-22,12000,12000,12000,12000,3550
2009-12-23,12000,12000,12000,12000,3460
2009-12-24,11989,11989,11989,11989,210
2009-12-28,12000,12000,12000,12000,250
2009-12-29,12000,12000,12000,12000,1600
2009-12-30,11900,11900,11900,11900,990
2009-12-31,12000,12000,12000,12000,10250
2010-01-04,12500,12500,12500,12500,1300
2010-01-05,12500,12500,12500,12500,1300
2010-01-06,12500,12500,12500,12500,980
2010-01-07,12000,12000,12000,12000,100
2010-01-08,12400,12400,12400,12400,1230
2010-01-11,12500,12500,12500,12500,4310
2010-01-12,12500,12500,12500,12500,2030
2010-01-13,12500,12500,12500,12500,500
2010-01-14,12500,12500,12500,12500,420
2010-01-15,12500,12500,12500,12500,100
2010-01-18,12500,12500,12500,12500,4180
2010-01-19,12300,12300,12300,12300,690
2010-01-20,12400,12400,12400,12400,1320
2010-01-21,12400,12400,12400,12400,9560
2010-01-22,12400,12400,12400,12400,860
2010-01-25,12400,12400,12400,12400,5190
2010-01-26,12400,12400,12400,12400,850
2010-01-27,12000,12000,12000,12000,102230
2010-01-28,12001,12001,12001,12001,200
2010-01-29,12400,12400,12400,12400,610
2010-02-01,12400,12400,12400,12400,1700
2010-02-03,12400,12400,12400,12400,9030
2010-02-04,12500,12500,12500,12500,1300
2010-02-05,12500,12500,12500,12500,500
2010-02-08,12500,12500,12500,12500,5240
2010-02-09,12500,12500,12500,12500,1270
2010-02-10,12500,12500,12500,12500,1550
2010-02-11,12501,12501,12501,12501,4630
2010-02-12,12502,12502,12502,12502,4310
2010-02-15,13000,13000,13000,13000,700
2010-02-16,12600,12600,12600,12600,5680
2010-02-17,12602,12602,12602,12602,2020
2010-02-18,13000,13000,13000,13000,200
2010-02-19,13000,13000,13000,13000,820
2010-02-22,13200,13200,13200,13200,28250
2010-02-23,13500,13500,13500,13500,87760
2010-02-24,13500,13500,13500,13500,1860
2010-02-25,13500,13500,13500,13500,2420
2010-03-01,13500,13500,13500,13500,201910
2010-03-02,13400,13400,13400,13400,45210
2010-03-03,13500,13500,13500,13500,5000
2010-03-04,13000,13000,13000,13000,270
2010-03-05,13500,13500,13500,13500,2510
2010-03-08,13500,13500,13500,13500,3040
2010-03-09,14000,14000,14000,14000,10800
2010-03-10,14000,14000,14000,14000,750
2010-03-11,14000,14000,14000,14000,5460
2010-03-12,14000,14000,14000,14000,510
2010-03-15,14000,14000,14000,14000,100
2010-03-16,14000,14000,14000,14000,880
2010-03-17,14000,14000,14000,14000,570
2010-03-18,14000,14000,14000,14000,2960
2010-03-19,14000,14000,14000,14000,850
2010-03-22,14000,14000,14000,14000,210
2010-03-23,14000,14000,14000,14000,4650
2010-03-24,14000,14000,14000,14000,1120
2010-03-25,14000,14000,14000,14000,4700
2010-03-26,14000,14000,14000,14000,200
2010-03-29,14000,14000,14000,14000,2070
2010-03-30,14000,14000,14000,14000,3000
2010-03-31,14000,14000,14000,14000,300
2010-04-01,14000,14000,14000,14000,7100
2010-04-02,14000,14000,14000,14000,2300
2010-04-06,14000,14000,14000,14000,9140
2010-04-07,14500,14500,14500,14500,1000
2010-04-08,14500,14500,14500,14500,1910
2010-04-09,14500,14500,14500,14500,400
2010-04-12,14500,14500,14500,14500,102520
2010-04-13,14500,14500,14500,14500,1410
2010-04-14,14500,14500,14500,14500,100
2010-04-15,14500,14500,14500,14500,10350
2010-04-16,14500,14500,14500,14500,6610
2010-04-19,14900,14900,14900,14900,1380
2010-04-20,15000,15000,15000,15000,1870
2010-04-21,15000,15000,15000,15000,2350
2010-04-22,15000,15000,15000,15000,850
2010-04-23,15000,15000,15000,15000,25000
2010-04-26,15000,15000,15000,15000,2920
2010-04-28,14400,14400,14400,14400,250
2010-04-29,14000,14000,14000,14000,450
2010-04-30,13800,13800,13800,13800,2280
2010-05-03,13500,13500,13500,13500,45330
2010-05-04,13500,13500,13500,13500,31010
2010-05-05,13500,13500,13500,13500,25130
2010-05-06,13500,13500,13500,13500,2310
2010-05-07,13500,13500,13500,13500,14400
2010-05-10,13500,13500,13500,13500,1860
2010-05-11,13500,13500,13500,13500,4660
2010-05-12,13500,13500,13500,13500,2640
2010-05-14,13500,13500,13500,13500,1390
2010-05-17,13500,13500,13500,13500,12530
2010-05-18,13500,13500,13500,13500,2730
2010-05-19,13500,13500,13500,13500,980
2010-05-20,13500,13500,13500,13500,73460
2010-05-21,13500,13500,13500,13500,300
2010-05-25,13500,13500,13500,13500,17020
2010-05-26,13500,13500,13500,13500,14120
2010-05-27,13500,13500,13500,13500,5370
2010-05-28,13500,13500,13500,13500,980
2010-05-31,14000,14000,14000,14000,400
2010-06-01,14000,14000,14000,14000,1260
2010-06-02,14000,14000,14000,14000,1600
2010-06-03,14000,14000,14000,14000,1340
2010-06-04,14000,14000,14000,14000,2500
2010-06-07,13800,13800,13800,13800,200
2010-06-08,13800,13800,13800,13800,3250
2010-06-09,13500,13500,13500,13500,3570
2010-06-10,13500,13500,13500,13500,7570
2010-06-11,13500,13500,13500,13500,2060
2010-06-14,13500,13500,13500,13500,7730
2010-06-15,13650,13650,13650,13650,10550
2010-06-16,13650,13650,13650,13650,15050
2010-06-17,13650,13650,13650,13650,10000
2010-06-21,13650,13650,13650,13650,25680
2010-06-22,13400,13400,13400,13400,800
2010-06-23,13400,13400,13400,13400,500
2010-06-24,13400,13400,13400,13400,190
2010-06-25,13500,13500,13500,13500,7020
2010-06-29,13500,13500,13500,13500,2360
2010-06-30,13500,13500,13500,13500,17000
2010-07-01,13500,13500,13500,13500,268550
2010-07-02,13500,13500,13500,13500,11200
2010-07-05,13500,13500,13500,13500,1610
2010-07-06,13500,13500,13500,13500,2300
2010-07-07,13500,13500,13500,13500,2150
2010-07-08,13500,13500,13500,13500,1500
2010-07-09,13500,13500,13500,13500,101500
2010-07-12,13400,13400,13400,13400,320
2010-07-13,13500,13500,13500,13500,3300
2010-07-14,13500,13500,13500,13500,3900
2010-07-15,13500,13500,13500,13500,2500
2010-07-16,13500,13500,13500,13500,4230
2010-07-19,13500,13500,13500,13500,15970
2010-07-20,13500,13500,13500,13500,11000
2010-07-21,13500,13500,13500,13500,3500
2010-07-22,13400,13400,13400,13400,310
2010-07-23,13400,13400,13400,13400,20
2010-07-26,13400,13400,13400,13400,4210
2010-07-27,13400,13400,13400,13400,1220
2010-07-28,13400,13400,13400,13400,3000
2010-07-29,13400,13400,13400,13400,36920
2010-07-30,13400,13400,13400,13400,300
2010-08-02,13400,13400,13400,13400,1300
2010-08-03,13400,13400,13400,13400,17810
2010-08-04,13400,13400,13400,13400,600
2010-08-05,13400,13400,13400,13400,2000
2010-08-06,13400,13400,13400,13400,2000
2010-08-09,13400,13400,13400,13400,1200
2010-08-10,13400,13400,13400,13400,1900
2010-08-11,13400,13400,13400,13400,2530
2010-08-12,13400,13400,13400,13400,1000
2010-08-13,13400,13400,13400,13400,27630
2010-08-16,13500,13500,13500,13500,3100
2010-08-17,13400,13400,13400,13400,3600
2010-08-18,13300,13300,13300,13300,1810
2010-08-19,13400,13400,13400,13400,2940
2010-08-20,13400,13400,13400,13400,1060
2010-08-23,13400,13400,13400,13400,1400
2010-08-24,13400,13400,13400,13400,2760
2010-08-25,13400,13400,13400,13400,3850
2010-08-26,13300,13300,13300,13300,170
2010-08-27,13300,13300,13300,13300,400
2010-08-30,13390,13390,13390,13390,4000
2010-08-31,13300,13300,13300,13300,8500
2010-09-01,13300,13300,13300,13300,5680
2010-09-02,13300,13300,13300,13300,54300
2010-09-03,13300,13300,13300,13300,1350
2010-09-07,13300,13300,13300,13300,5910
2010-09-08,13300,13300,13300,13300,35470
2010-09-09,13400,13400,13400,13400,3220
2010-09-13,13400,13400,13400,13400,3000
2010-09-14,13400,13400,13400,13400,1100
2010-09-15,13300,13300,13300,13300,40310
2010-09-16,13400,13400,13400,13400,4390
2010-09-17,13400,13400,13400,13400,4000
2010-09-20,13400,13400,13400,13400,3300
2010-09-21,13400,13400,13400,13400,6780
2010-09-22,13500,13500,13500,13500,700
2010-09-23,13500,13500,13500,13500,80
2010-09-24,13500,13500,13500,13500,3300
2010-09-27,14000,14000,14000,14000,2200
2010-09-28,13500,13500,13500,13500,10000
2010-09-29,14000,14000,14000,14000,131280
2010-09-30,14000,14000,14000,14000,3310
2010-10-01,14000,14000,14000,14000,2160
2010-10-04,14000,14000,14000,14000,1700
2010-10-05,14000,14000,14000,14000,2300
2010-10-06,13800,13800,13800,13800,31150
2010-10-07,13800,13800,13800,13800,18850
2010-10-08,13800,13800,13800,13800,4620
2010-10-11,13800,13800,13800,13800,1000
2010-10-12,13800,13800,13800,13800,66700
2010-10-13,13800,13800,13800,13800,24640
2010-10-14,14000,14000,14000,14000,3000
2010-10-15,14000,14000,14000,14000,1410
2010-10-18,14000,14000,14000,14000,1600
2010-10-19,13943,13943,13943,13943,2530
2010-10-20,14000,14000,14000,14000,20500
2010-10-21,14000,14000,14000,14000,1140
2010-10-22,14000,14000,14000,14000,10000
2010-10-25,14000,14000,14000,14000,160
2010-10-26,14000,14000,14000,14000,1250
2010-10-27,14000,14000,14000,14000,4130
2010-10-28,14000,14000,14000,14000,1230
2010-10-29,14500,14500,14500,14500,51420
2010-11-02,14500,14500,14500,14500,23340
2010-11-03,14500,14500,14500,14500,23000
2010-11-04,15000,15000,15000,15000,50000
2010-11-05,15000,15000,15000,15000,2000
2010-11-08,15000,15000,15000,15000,1700
2010-11-09,15000,15000,15000,15000,2350
2010-11-10,15000,15000,15000,15000,50100
2010-11-11,15000,15000,15000,15000,50210
2010-11-12,15000,15000,15000,15000,1670
2010-11-17,15000,15000,15000,15000,2300
2010-11-18,15000,15000,15000,15000,100
2010-11-19,15000,15000,15000,15000,560
2010-11-22,15000,15000,15000,15000,1430
2010-11-23,15000,15000,15000,15000,19420
2010-11-24,15000,15000,15000,15000,410
2010-11-25,15000,15000,15000,15000,150
2010-11-26,15000,15000,15000,15000,2770
2010-11-29,15000,15000,15000,15000,2160
2010-11-30,15000,15000,15000,15000,24130
2010-12-01,15000,15000,15000,15000,1100
2010-12-02,15000,15000,15000,15000,4340
2010-12-03,15001,15001,15001,15001,1190
2010-12-06,15003,15003,15003,15003,3200
2010-12-07,15000,15000,15000,15000,12840
2010-12-08,15000,15000,15000,15000,5310
2010-12-09,15003,15003,15003,15003,1860
2010-12-10,15010,15010,15010,15010,1910
2010-12-13,15010,15010,15010,15010,990
2010-12-14,15010,15010,15010,15010,3240
2010-12-15,15030,15030,15030,15030,1370
2010-12-16,15050,15050,15050,15050,18460
2010-12-20,15050,15050,15050,15050,520
2010-12-21,15200,15200,15200,15200,17000
2010-12-22,15200,15200,15200,15200,2590
2010-12-23,15200,15200,15200,15200,18400
2010-12-24,15215,15215,15215,15215,550
2010-12-27,15220,15220,15220,15220,870
2010-12-28,15220,15220,15220,15220,2010
2010-12-29,15300,15300,15300,15300,680
2010-12-30,15400,15400,15400,15400,1000
2010-12-31,15400,15400,15400,15400,2080
2011-01-03,15450,15450,15450,15450,1030
2011-01-04,15500,15500,15500,15500,5660
2011-01-05,15610,15610,15610,15610,1810
2011-01-06,16100,16100,16100,16100,2460
2011-01-07,17308,17308,17308,17308,6770
2011-01-10,18606,18606,18606,18606,35780
2011-01-11,18606,18606,18606,18606,19150
2011-01-14,18000,18000,18000,18000,530
2011-01-17,17720,17720,17720,17720,1110
2011-01-18,17500,17500,17500,17500,2160
2011-01-19,17345,17345,17345,17345,1940
2011-01-20,17000,17000,17000,17000,1970
2011-01-21,16937,16937,16937,16937,4670
2011-01-24,17000,17000,17000,17000,3110
2011-01-25,17000,17000,17000,17000,3500
2011-01-26,17000,17000,17000,17000,3600
2011-01-27,17000,17000,17000,17000,3500
2011-01-28,16500,16500,16500,16500,2140
2011-01-31,16400,16400,16400,16400,5570
2011-02-01,15170,15170,15170,15170,3170
2011-02-02,15000,15000,15000,15000,14230
2011-02-03,15000,15000,15000,15000,4480
2011-02-04,15500,15500,15500,15500,3740
2011-02-07,16000,16000,16000,16000,80000
2011-02-08,16000,16000,16000,16000,670
2011-02-10,16000,16000,16000,16000,310
2011-02-11,16000,16000,16000,16000,3880
2011-03-01,16000,16000,16000,16000,310
2011-03-02,16000,16000,16000,16000,1670
2011-03-03,16000,16000,16000,16000,1920
2011-03-04,16000,16000,16000,16000,4750
2011-03-07,16500,16500,16500,16500,820
2011-03-08,16500,16500,16500,16500,720
2011-03-09,16500,16500,16500,16500,180
2011-03-10,16500,16500,16500,16500,1100
2011-03-11,16500,16500,16500,16500,660
2011-03-14,16500,16500,16500,16500,60
2011-03-15,16500,16500,16500,16500,1420
2011-03-16,16500,16500,16500,16500,1370
2011-03-17,16500,16500,16500,16500,20
2011-03-18,16500,16500,16500,16500,2070
2011-03-21,16500,16500,16500,16500,600
2011-03-22,16500,16500,16500,16500,450
2011-03-23,16500,16500,16500,16500,650
2011-03-25,16500,16500,16500,16500,1040
2011-03-28,16500,16500,16500,16500,110
2011-03-29,16500,16500,16500,16500,650
2011-03-30,16500,16500,16500,16500,800
2011-03-31,16500,16500,16500,16500,7680
2011-04-01,16500,16500,16500,16500,150
2011-04-04,16500,16500,16500,16500,1130
2011-04-06,16500,16500,16500,16500,670
2011-04-07,16500,16500,16500,16500,820
2011-04-08,16500,16500,16500,16500,2520
2011-04-11,16500,16500,16500,16500,750
2011-04-12,16500,16500,16500,16500,520
2011-04-13,16500,16500,16500,16500,1200
2011-04-14,16500,16500,16500,16500,1250
2011-04-15,16500,16500,16500,16500,1000
2011-04-18,16500,16500,16500,16500,800
2011-04-19,16500,16500,16500,16500,1550
2011-04-20,16500,16500,16500,16500,1910
2011-04-21,16500,16500,16500,16500,1260
2011-04-22,16500,16500,16500,16500,1030
2011-04-26,16383,16383,16383,16383,100
2011-04-27,16383,16383,16383,16383,1400
2011-04-28,16383,16383,16383,16383,270
2011-04-29,16300,16300,16300,16300,2300
2011-05-03,16300,16300,16300,16300,6270
2011-05-06,15500,15500,15500,15500,40010
2011-05-09,15500,15500,15500,15500,530
2011-05-10,15400,15400,15400,15400,1930
2011-05-11,15400,15400,15400,15400,3210
2011-05-12,15400,15400,15400,15400,1920
2011-05-16,15400,15400,15400,15400,590
2011-05-17,15400,15400,15400,15400,940
2011-05-18,15400,15400,15400,15400,100
2011-05-19,15400,15400,15400,15400,580
2011-05-20,15400,15400,15400,15400,48500
2011-05-23,14245,14245,14245,14245,820
2011-05-24,15313,15313,15313,15313,8100
2011-05-25,15313,15313,15313,15313,1430
2011-05-26,15313,15313,15313,15313,370
2011-05-27,15313,15313,15313,15313,200
2011-05-30,15313,15313,15313,15313,1750
2011-05-31,15313,15313,15313,15313,9700
2011-06-01,15300,15300,15300,15300,1060
2011-06-06,15300,15300,15300,15300,1700
2011-06-07,15200,15200,15200,15200,10000
2011-06-08,15000,15000,15000,15000,5400
2011-06-09,15000,15000,15000,15000,600
2011-06-10,15000,15000,15000,15000,1500
2011-06-14,14900,14900,14900,14900,600
2011-06-15,14900,14900,14900,14900,2190
2011-06-16,14900,14900,14900,14900,3210
2011-06-17,14900,14900,14900,14900,4000
2011-06-20,14900,14900,14900,14900,2920
2011-06-21,14000,14000,14000,14000,100000
2011-06-22,13900,13900,13900,13900,370
2011-06-23,14000,14000,14000,14000,9930
2011-06-24,14000,14000,14000,14000,1580
2011-06-27,14500,14500,14500,14500,2120
2011-06-28,14000,14000,14000,14000,6750
2011-06-29,13648,13648,13648,13648,2730
2011-06-30,14500,14500,14500,14500,4700
2011-07-01,14500,14500,14500,14500,4410
2011-07-04,14500,14500,14500,14500,2620
2011-07-05,14500,14500,14500,14500,1880
2011-07-06,14500,14500,14500,14500,500
2011-07-07,14500,14500,14500,14500,3970
2011-07-08,14500,14500,14500,14500,1500
2011-07-11,14000,14000,14000,14000,17180
2011-07-12,14500,14500,14500,14500,1350
2011-07-13,14500,14500,14500,14500,1000
2011-07-14,14500,14500,14500,14500,1100
2011-07-15,14500,14500,14500,14500,2370
2011-07-18,14500,14500,14500,14500,40
2011-07-19,14500,14500,14500,14500,850
2011-07-20,14200,14200,14200,14200,4010
2011-07-21,14500,14500,14500,14500,4520
2011-07-22,14450,14450,14450,14450,3830
2011-07-25,14500,14500,14500,14500,4050
2011-07-26,14500,14500,14500,14500,1550
2011-07-27,14500,14500,14500,14500,4510
2011-07-28,14450,14450,14450,14450,1170
2011-07-29,14200,14200,14200,14200,210
2011-08-01,14000,14000,14000,14000,12430
2011-08-02,14000,14000,14000,14000,420
2011-08-03,14000,14000,14000,14000,35550
2011-08-04,14000,14000,14000,14000,270
2011-08-05,14000,14000,14000,14000,1420
2011-08-09,14000,14000,14000,14000,7300
2011-08-10,14000,14000,14000,14000,16210
2011-08-11,14000,14000,14000,14000,370
2011-08-12,14000,14000,14000,14000,6060
2011-08-16,14000,14000,14000,14000,7810
2011-08-17,13950,13950,13950,13950,7920
2011-08-18,13500,13500,13500,13500,620
2011-08-19,13400,13400,13400,13400,1100
2011-08-22,13000,13000,13000,13000,6250
2011-08-23,12500,12500,12500,12500,3450
2011-08-24,13000,13000,13000,13000,2100
2011-08-25,13000,13000,13000,13000,1860
2011-08-26,12900,12900,12900,12900,39500
2011-08-29,12900,12900,12900,12900,1220
2011-08-31,12900,12900,12900,12900,4570
2011-09-01,12900,12900,12900,12900,1950
2011-09-02,12800,12800,12800,12800,12680
2011-09-05,12900,12900,12900,12900,9230
2011-09-06,12200,12200,12200,12200,112910
2011-09-07,12000,12000,12000,12000,107680
2011-09-08,12500,12500,12500,12500,800
2011-09-09,12500,12500,12500,12500,14180
2011-09-12,12200,12200,12200,12200,5820
2011-09-13,12500,12500,12500,12500,5930
2011-09-14,12450,12450,12450,12450,19250
2011-09-15,12500,12500,12500,12500,7450
2011-09-16,12500,12500,12500,12500,28350
2011-09-19,12500,12500,12500,12500,25050
2011-09-20,12300,12300,12300,12300,76630
2011-09-21,12000,12000,12000,12000,17680
2011-09-22,12200,12200,12200,12200,48010
2011-09-23,12200,12200,12200,12200,23130
2011-09-26,12200,12200,12200,12200,2040
2011-09-27,12210,12210,12210,12210,760
2011-09-28,12300,12300,12300,12300,2050
2011-09-29,12300,12300,12300,12300,870
2011-09-30,12200,12200,12200,12200,35190
2011-10-03,12200,12200,12200,12200,1680
2011-10-04,12100,12100,12100,12100,7660
2011-10-05,12200,12200,12200,12200,800
2011-10-06,12400,12400,12400,12400,2600
2011-10-07,12400,12400,12400,12400,310
2011-10-10,12500,12500,12500,12500,1020
2011-10-11,12300,12300,12300,12300,1530
2011-10-12,12500,12500,12500,12500,2520
2011-10-13,12500,12500,12500,12500,11040
2011-10-14,12300,12300,12300,12300,4900
2011-10-17,12300,12300,12300,12300,10970
2011-10-18,12500,12500,12500,12500,5000
2011-10-19,12500,12500,12500,12500,5020
2011-10-20,12500,12500,12500,12500,13000
2011-10-21,12400,12400,12400,12400,9980
2011-10-24,12400,12400,12400,12400,8080
2011-10-25,12300,12300,12300,12300,16870
2011-10-26,12300,12300,12300,12300,2000
2011-10-27,12400,12400,12400,12400,13840
2011-10-28,12400,12400,12400,12400,6750
2011-10-31,12400,12400,12400,12400,5020
2011-11-02,12400,12400,12400,12400,5350
2011-11-03,12400,12400,12400,12400,7130
2011-11-04,12500,12500,12500,12500,9000
2011-11-08,12600,12600,12600,12600,7000
2011-11-09,12600,12600,12600,12600,6500
2011-11-10,13000,13000,13000,13000,5700
2011-11-11,13000,13000,13000,13000,5190
2011-11-14,13000,13000,13000,13000,9500
2011-11-16,12900,12900,12900,12900,6000
2011-11-17,12500,12500,12500,12500,700
2011-11-18,12900,12900,12900,12900,12550
2011-11-21,12900,12900,12900,12900,8850
2011-11-22,12700,12700,12700,12700,10080
2011-11-23,12700,12700,12700,12700,11520
2011-11-24,12700,12700,12700,12700,8210
2011-11-25,12700,12700,12700,12700,20320
2011-11-28,12700,12700,12700,12700,10200
2011-11-29,12600,12600,12600,12600,14390
2011-11-30,12600,12600,12600,12600,12350
2011-12-01,12600,12600,12600,12600,17100
2011-12-02,12540,12540,12540,12540,8000
2011-12-05,12500,12500,12500,12500,11580
2011-12-06,12500,12500,12500,12500,12060
2011-12-07,12300,12300,12300,12300,9670
2011-12-08,12100,12100,12100,12100,8100
2011-12-09,12000,12000,12000,12000,26410
2011-12-12,12001,12001,12001,12001,1490
2011-12-13,12000,12000,12000,12000,22390
2011-12-14,12000,12000,12000,12000,26970
2011-12-15,12000,12000,12000,12000,7110
2011-12-16,12000,12000,12000,12000,34530
2011-12-19,12000,12000,12000,12000,25020
2011-12-20,12000,12000,12000,12000,92320
2011-12-21,11900,11900,11900,11900,570
2011-12-22,12000,12000,12000,12000,20550
2011-12-23,12000,12000,12000,12000,22100
2011-12-27,11100,11100,11100,11100,200230
2011-12-28,11100,11100,11100,11100,157470
2011-12-29,11933,11933,11933,11933,131240
2011-12-30,12000,12000,12000,12000,450080
2012-01-03,12001,12001,12001,12001,16910
2012-01-04,12000,12000,12000,12000,21530
2012-01-05,12000,12000,12000,12000,17910
2012-01-06,12500,12500,12500,12500,10070
2012-01-09,12500,12500,12500,12500,2590
2012-01-10,12500,12500,12500,12500,2580
2012-01-11,12500,12500,12500,12500,3270
2012-01-12,12500,12500,12500,12500,6000
2012-01-13,12500,12500,12500,12500,32000
2012-01-16,12490,12490,12490,12490,130
2012-01-17,12400,12400,12400,12400,50000
2012-01-18,12490,12490,12490,12490,50050
2012-01-19,12480,12480,12480,12480,850
2012-01-20,12400,12400,12400,12400,39840
2012-01-23,12300,12300,12300,12300,2010
2012-01-24,12200,12200,12200,12200,1540
2012-01-25,12000,12000,12000,12000,15670
2012-01-26,12000,12000,12000,12000,5870
2012-01-27,12001,12001,12001,12001,1240
2012-01-30,12000,12000,12000,12000,17190
2012-01-31,12000,12000,12000,12000,4950
2012-02-01,12000,12000,12000,12000,1480
2012-02-02,12000,12000,12000,12000,28530
2012-02-03,12400,12400,12400,12400,1510
2012-02-06,12400,12400,12400,12400,2350
2012-02-07,12400,12400,12400,12400,4000
2012-02-08,12400,12400,12400,12400,2870
2012-02-09,12400,12400,12400,12400,37090
2012-02-10,12405,12405,12405,12405,1770
2012-02-14,12400,12400,12400,12400,1620
2012-02-15,12400,12400,12400,12400,7530
2012-02-16,12400,12400,12400,12400,20860
2012-02-17,12500,12500,12500,12500,3820
2012-02-20,12500,12500,12500,12500,2150
2012-02-21,12500,12500,12500,12500,950
2012-02-22,12500,12500,12500,12500,1540
2012-02-23,12501,12501,12501,12501,1250
2012-02-24,12600,12600,12600,12600,5650
2012-02-27,12600,12600,12600,12600,17080
2012-02-28,12600,12600,12600,12600,3250
2012-02-29,12600,12600,12600,12600,2870
2012-03-01,12600,12600,12600,12600,4930
2012-03-02,12600,12600,12600,12600,5250
2012-03-05,12600,12600,12600,12600,20050
2012-03-06,12600,12600,12600,12600,8810
2012-03-07,12600,12600,12600,12600,7200
2012-03-08,12600,12600,12600,12600,37140
2012-03-09,12595,12595,12595,12595,3460
2012-03-12,12595,12595,12595,12595,1670
2012-03-13,12595,12595,12595,12595,2500
2012-03-14,12590,12590,12590,12590,7130
2012-03-15,12595,12595,12595,12595,3410
2012-03-16,12601,12601,12601,12601,180
2012-03-19,12601,12601,12601,12601,13730
2012-03-20,12610,12610,12610,12610,12190
2012-03-21,12601,12601,12601,12601,14710
2012-03-22,12601,12601,12601,12601,6730
2012-03-23,12601,12601,12601,12601,3110
2012-03-26,12601,12601,12601,12601,12770
2012-03-27,12601,12601,12601,12601,3350
2012-03-28,12650,12650,12650,12650,20290
2012-03-29,12650,12650,12650,12650,240
2012-03-30,12700,12700,12700,12700,3040
2012-04-02,13000,13000,13000,13000,15590
2012-04-03,12800,12800,12800,12800,6760
2012-04-04,12800,12800,12800,12800,7580
2012-04-05,12800,12800,12800,12800,38560
2012-04-06,13001,13001,13001,13001,110
2012-04-10,12900,12900,12900,12900,2540
2012-04-11,12800,12800,12800,12800,2160
2012-04-12,12600,12600,12600,12600,4250
2012-04-13,12600,12600,12600,12600,3140
2012-04-16,12600,12600,12600,12600,16770
2012-04-17,12600,12600,12600,12600,5080
2012-04-18,12600,12600,12600,12600,1960
2012-04-19,12600,12600,12600,12600,16870
2012-04-20,12700,12700,12700,12700,1540
2012-04-23,12600,12600,12600,12600,16790
2012-04-24,12590,12590,12590,12590,6660
2012-04-25,12500,12500,12500,12500,3590
2012-04-26,12500,12500,12500,12500,2040
2012-04-27,12500,12500,12500,12500,4910
2012-05-02,10500,10500,10500,10500,100
2012-05-04,11300,11300,11300,11300,3290
2012-05-07,11200,11200,11200,11200,21120
2012-05-08,11200,11200,11200,11200,11720
2012-05-09,11200,11200,11200,11200,24870
2012-05-10,11300,11300,11300,11300,30680
2012-05-11,11300,11300,11300,11300,47580
2012-05-14,11300,11300,11300,11300,1290
2012-05-15,11300,11300,11300,11300,7130
2012-05-16,11300,11300,11300,11300,40120
2012-05-18,11300,11300,11300,11300,4130
2012-05-21,11300,11300,11300,11300,8860
2012-05-22,11300,11300,11300,11300,8700
2012-05-23,11300,11300,11300,11300,7570
2012-05-24,11300,11300,11300,11300,11240
2012-05-25,11300,11300,11300,11300,3840
2012-05-29,11300,11300,11300,11300,143190
2012-05-30,11400,11400,11400,11400,30700
2012-05-31,11400,11400,11400,11400,13640
2012-06-01,11300,11300,11300,11300,10250
2012-06-04,11400,11400,11400,11400,3050
2012-06-05,11400,11400,11400,11400,10310
2012-06-06,11400,11400,11400,11400,2960
2012-06-07,11400,11400,11400,11400,4780
2012-06-08,11300,11300,11300,11300,8790
2012-06-11,11399,11399,11399,11399,13350
2012-06-12,11350,11350,11350,11350,13480
2012-06-13,11300,11300,11300,11300,3250
2012-06-14,11350,11350,11350,11350,1940
2012-06-15,11300,11300,11300,11300,45480
2012-06-18,11300,11300,11300,11300,2300
2012-06-19,11290,11290,11290,11290,1700
2012-06-20,11300,11300,11300,11300,18260
2012-06-21,11300,11300,11300,11300,16060
2012-06-22,11300,11300,11300,11300,1110
2012-06-25,11400,11400,11400,11400,8000
2012-06-26,11400,11400,11400,11400,13240
2012-06-27,11400,11400,11400,11400,8680
2012-06-28,11300,11300,11300,11300,2760
2012-06-29,11400,11400,11400,11400,6150
2012-07-02,11400,11400,11400,11400,5300
2012-07-03,11400,11400,11400,11400,5010
2012-07-04,11400,11400,11400,11400,2660
2012-07-05,11400,11400,11400,11400,750
2012-07-06,11400,11400,11400,11400,1090
2012-07-09,11400,11400,11400,11400,2420
2012-07-10,11300,11300,11300,11300,17760
2012-07-11,11300,11300,11300,11300,21660
2012-07-12,11300,11300,11300,11300,6440
2012-07-13,11300,11300,11300,11300,3520
2012-07-16,11300,11300,11300,11300,3960
2012-07-17,11300,11300,11300,11300,54380
2012-07-18,11305,11305,11305,11305,930
2012-07-19,11402,11402,11402,11402,680
2012-07-20,11450,11450,11450,11450,30000
2012-07-23,11700,11700,11700,11700,6370
2012-07-24,11400,11400,11400,11400,7630
2012-07-25,11300,11300,11300,11300,18910
2012-07-26,11300,11300,11300,11300,22550
2012-07-27,11350,11350,11350,11350,1000
2012-07-30,11320,11320,11320,11320,6950
2012-07-31,11300,11300,11300,11300,3280
2012-08-01,11301,11301,11301,11301,4900
2012-08-02,11341,11341,11341,11341,1760
2012-08-03,11400,11400,11400,11400,7760
2012-08-08,11400,11400,11400,11400,30390
2012-08-09,11400,11400,11400,11400,19630
2012-08-10,11500,11500,11500,11500,640
2012-08-13,11500,11500,11500,11500,13500
2012-08-14,11500,11500,11500,11500,7550
2012-08-16,11500,11500,11500,11500,5980
2012-08-17,11500,11500,11500,11500,4190
2012-08-21,11500,11500,11500,11500,11170
2012-08-22,11500,11500,11500,11500,1410
2012-08-23,11500,11500,11500,11500,6100
2012-08-24,11500,11500,11500,11500,1550
2012-08-27,11500,11500,11500,11500,25570
2012-08-28,11500,11500,11500,11500,4320
2012-08-29,11500,11500,11500,11500,3920
2012-08-30,11500,11500,11500,11500,9020
2012-08-31,11500,11500,11500,11500,3790
2012-09-03,11501,11501,11501,11501,3670
2012-09-04,11500,11500,11500,11500,14390
2012-09-05,11500,11500,11500,11500,42660
2012-09-06,11500,11500,11500,11500,18710
2012-09-07,11500,11500,11500,11500,15040
2012-09-10,11500,11500,11500,11500,16610
2012-09-11,11500,11500,11500,11500,13470
2012-09-12,11500,11500,11500,11500,4310
2012-09-13,11500,11500,11500,11500,3470
2012-09-14,11500,11500,11500,11500,1790
2012-09-17,11500,11500,11500,11500,21230
2012-09-18,11500,11500,11500,11500,20580
2012-09-19,11500,11500,11500,11500,25220
2012-09-20,11500,11500,11500,11500,8590
2012-09-21,11500,11500,11500,11500,5500
2012-09-24,11500,11500,11500,11500,4740
2012-09-25,11500,11500,11500,11500,1900
2012-09-26,11500,11500,11500,11500,6120
2012-09-27,11500,11500,11500,11500,5920
2012-09-28,11500,11500,11500,11500,4810
2012-10-01,10638,10638,10638,10638,2320
2012-10-02,11435,11435,11435,11435,1840
2012-10-03,11500,11500,11500,11500,20750
2012-10-04,11500,11500,11500,11500,102520
2012-10-05,11500,11500,11500,11500,16420
2012-10-08,11500,11500,11500,11500,20680
2012-10-09,11700,11700,11700,11700,8040
2012-10-10,11590,11590,11590,11590,5120
2012-10-11,11700,11700,11700,11700,6010
2012-10-12,11700,11700,11700,11700,54760
2012-10-15,11700,11700,11700,11700,5720
2012-10-16,11700,11700,11700,11700,6990
2012-10-17,11800,11800,11800,11800,3820
2012-10-18,11800,11800,11800,11800,5170
2012-10-19,11800,11800,11800,11800,8320
2012-10-22,11800,11800,11800,11800,10830
2012-10-23,11800,11800,11800,11800,12990
2012-10-24,11700,11700,11700,11700,30690
2012-10-25,11700,11700,11700,11700,15890
2012-10-29,11700,11700,11700,11700,104280
2012-10-30,12000,12000,12000,12000,1950
2012-10-31,12000,12000,12000,12000,3180
2012-11-02,12000,12000,12000,12000,99520
2012-11-05,12000,12000,12000,12000,13430
2012-11-06,12000,12000,12000,12000,42260
2012-11-07,12110,12110,12110,12110,1130
2012-11-08,12100,12100,12100,12100,3560
2012-11-09,12501,12501,12501,12501,2520
2012-11-12,13439,13439,13439,13439,2870
2012-11-13,14400,14400,14400,14400,6010
2012-11-14,14400,14400,14400,14400,20900
2012-11-16,14000,14000,14000,14000,4880
2012-11-19,14000,14000,14000,14000,6420
2012-11-20,14000,14000,14000,14000,57950
2012-11-21,14000,14000,14000,14000,71200
2012-11-22,14000,14000,14000,14000,5760
2012-11-23,14000,14000,14000,14000,4872
2012-11-26,14000,14000,14000,14000,5906
2012-11-27,14000,14000,14000,14000,3085
2012-11-28,14000,14000,14000,14000,6517
2012-11-29,14020,14020,14020,14020,5023
2012-11-30,14400,14400,14400,14400,8587
2012-12-03,15000,15000,15000,15000,13410
2012-12-04,15000,15000,15000,15000,14696
2012-12-05,15000,15000,15000,15000,81868
2012-12-06,15000,15000,15000,15000,22868
2012-12-07,15000,15000,15000,15000,43838
2012-12-10,15000,15000,15000,15000,87798
2012-12-11,15000,15000,15000,15000,3869
2012-12-12,15000,15000,15000,15000,6454
2012-12-13,15000,15000,15000,15000,28907
2012-12-14,15000,15000,15000,15000,32497
2012-12-17,15000,15000,15000,15000,18496
2012-12-18,15000,15000,15000,15000,5905
2012-12-19,15000,15000,15000,15000,3334
2012-12-20,14800,14800,14800,14800,18475
2012-12-21,14900,14900,14900,14900,3418
2012-12-24,14995,14995,14995,14995,3221
2012-12-26,14800,14800,14800,14800,58860
2012-12-27,14800,14800,14800,14800,6031
2012-12-28,14750,14750,14750,14750,115119
2012-12-31,14500,14500,14500,14500,5291
2013-01-02,14000,14000,14000,14000,4790
2013-01-03,14500,14500,14500,14500,864
2013-01-04,14750,14750,14750,14750,78859
2013-01-07,14850,14850,14850,14850,3209
2013-01-08,14800,14800,14800,14800,12983
2013-01-09,14800,14800,14800,14800,3140
2013-01-10,15000,15000,15000,15000,54233
2013-01-11,15000,15000,15000,15000,36346
2013-01-14,15000,15000,15000,15000,2542
2013-01-15,15500,15500,15500,15500,2161
2013-01-16,15500,15500,15500,15500,37765
2013-01-17,16000,16000,16000,16000,3778
2013-01-18,16000,16000,16000,16000,11371
2013-01-21,15995,15995,15995,15995,1463
2013-01-22,15990,15990,15990,15990,5331
2013-01-23,15990,15990,15990,15990,2637
2013-01-25,16000,16000,16000,16000,18889
2013-01-28,16000,16000,16000,16000,6029
2013-01-29,16000,16000,16000,16000,10282
2013-01-30,16000,16000,16000,16000,2381
2013-01-31,15990,15990,15990,15990,3250
2013-02-01,16000,16000,16000,16000,9780
2013-02-04,16050,16050,16050,16050,642
2013-02-05,16500,16500,16500,16500,3449
2013-02-06,17005,17005,17005,17005,761
2013-02-07,17005,17005,17005,17005,27731
2013-02-08,17005,17005,17005,17005,47647
2013-02-11,17000,17000,17000,17000,1608
2013-02-12,16500,16500,16500,16500,3701
2013-02-13,16500,16500,16500,16500,10186
2013-02-14,16500,16500,16500,16500,13661
2013-02-15,16500,16500,16500,16500,6672
2013-02-18,16500,16500,16500,16500,19786
2013-02-19,16500,16500,16500,16500,5339
2013-02-20,16495,16495,16495,16495,23787
2013-02-21,16300,16300,16300,16300,25071
2013-02-22,16500,16500,16500,16500,19235
2013-02-25,16500,16500,16500,16500,18389
2013-02-26,16500,16500,16500,16500,8268
2013-02-27,16000,16000,16000,16000,1693
2013-02-28,16500,16500,16500,16500,6713
2013-03-01,16495,16495,16495,16495,871
2013-03-04,16000,16000,16000,16000,83258
2013-03-05,16000,16000,16000,16000,24702
2013-03-06,16000,16000,16000,16000,24297
2013-03-07,16000,16000,16000,16000,38815
2013-03-08,16000,16000,16000,16000,31014
2013-03-11,16000,16000,16000,16000,111978
2013-03-12,16000,16000,16000,16000,78100
2013-03-13,16000,16000,16000,16000,7209
2013-03-14,16000,16000,16000,16000,3131
2013-03-15,15995,15995,15995,15995,3234
2013-03-18,16000,16000,16000,16000,810322
2013-03-19,16000,16000,16000,16000,14099
2013-03-20,16000,16000,16000,16000,107778
2013-03-21,16000,16000,16000,16000,55130
2013-03-22,16000,16000,16000,16000,5727
2013-03-25,16000,16000,16000,16000,28523
2013-03-26,16000,16000,16000,16000,127598
2013-03-27,16000,16000,16000,16000,852
2013-03-28,16000,16000,16000,16000,56976
2013-03-29,16000,16000,16000,16000,5577
2013-04-02,16000,16000,16000,16000,49823
2013-04-03,16000,16000,16000,16000,10981
2013-04-04,16000,16000,16000,16000,2834
2013-04-05,16000,16000,16000,16000,24345
2013-04-08,16000,16000,16000,16000,7829
2013-04-09,16050,16050,16050,16050,344
2013-04-10,16000,16000,16000,16000,48812
2013-04-11,16000,16000,16000,16000,135633
2013-04-12,16050,16050,16050,16050,5349
2013-04-15,16100,16100,16100,16100,14691
2013-04-16,16200,16200,16200,16200,7250
2013-04-17,16200,16200,16200,16200,39549
2013-04-18,16200,16200,16200,16200,26224
2013-04-19,16200,16200,16200,16200,27744
2013-04-22,17415,17415,17415,17415,8842
2013-04-23,17500,17500,17500,17500,136817
2013-04-24,17500,17500,17500,17500,65491
2013-04-25,17200,17200,17200,17200,3176
2013-04-26,17000,17000,17000,17000,7434
2013-04-29,15900,15900,15900,15900,1415
2013-04-30,15900,15900,15900,15900,6525
2013-05-02,16000,16000,16000,16000,926
2013-05-03,16500,16500,16500,16500,2255
2013-05-06,16000,16000,16000,16000,1272
2013-05-07,16000,16000,16000,16000,5954
2013-05-08,16000,16000,16000,16000,1449
2013-05-10,16500,16500,16500,16500,4241
2013-05-13,16500,16500,16500,16500,25704
2013-05-14,16500,16500,16500,16500,8262
2013-05-15,16500,16500,16500,16500,7008
2013-05-16,16600,16600,16600,16600,899
2013-05-17,17000,17000,17000,17000,76116
2013-05-21,17000,17000,17000,17000,1950
2013-05-22,17000,17000,17000,17000,9468
2013-05-23,17000,17000,17000,17000,19803
2013-05-24,17155,17155,17155,17155,1212
2013-05-27,17500,17500,17500,17500,3006
2013-05-28,18000,18000,18000,18000,7278
2013-05-29,19000,19000,19000,19000,45724
2013-05-30,19000,19000,19000,19000,9468
2013-05-31,19000,19000,19000,19000,4569
2013-06-03,19000,19000,19000,19000,149351
2013-06-04,19000,19000,19000,19000,22642
2013-06-05,19000,19000,19000,19000,5045
2013-06-06,19000,19000,19000,19000,47521
2013-06-07,19000,19000,19000,19000,4609
2013-06-10,19010,19010,19010,19010,4183
2013-06-11,19100,19100,19100,19100,16954
2013-06-12,19200,19200,19200,19200,5788
2013-06-13,19200,19200,19200,19200,6985
2013-06-14,19100,19100,19100,19100,19216
2013-06-17,19000,19000,19000,19000,23549
2013-06-18,19000,19000,19000,19000,3964
2013-06-19,19200,19200,19200,19200,825
2013-06-20,19005,19005,19005,19005,8225
2013-06-21,19000,19000,19000,19000,9531
2013-06-24,19000,19000,19000,19000,5429
2013-06-25,19000,19000,19000,19000,61962
2013-06-26,19000,19000,19000,19000,94788
2013-06-27,19000,19000,19000,19000,272
2013-06-28,19000,19000,19000,19000,47219
2013-07-01,19000,19000,19000,19000,1477
2013-07-02,19000,19000,19000,19000,952
2013-07-03,19000,19000,19000,19000,825
2013-07-04,19000,19000,19000,19000,14943
2013-07-05,19000,19000,19000,19000,1688
2013-07-08,19000,19000,19000,19000,12586
2013-07-09,18000,18000,18000,18000,2510
2013-07-10,19000,19000,19000,19000,3398
2013-07-11,19000,19000,19000,19000,5738
2013-07-12,19000,19000,19000,19000,1684
2013-07-15,18500,18500,18500,18500,3409
2013-07-16,18025,18025,18025,18025,852
2013-07-17,18200,18200,18200,18200,3675
2013-07-18,18500,18500,18500,18500,3315
2013-07-19,18900,18900,18900,18900,5425
2013-07-22,18900,18900,18900,18900,8234
2013-07-23,18900,18900,18900,18900,26483
2013-07-24,18900,18900,18900,18900,28394
2013-07-25,18900,18900,18900,18900,25714
2013-07-26,18705,18705,18705,18705,1339
2013-07-29,18705,18705,18705,18705,1528
2013-07-30,18900,18900,18900,18900,41358
2013-07-31,18900,18900,18900,18900,40265
2013-08-01,18900,18900,18900,18900,5938
2013-08-02,18700,18700,18700,18700,887
2013-08-05,18550,18550,18550,18550,1024
2013-08-06,18550,18550,18550,18550,15059
2013-08-09,18545,18545,18545,18545,22421
2013-08-12,18500,18500,18500,18500,20490
2013-08-13,18500,18500,18500,18500,37622
2013-08-14,18505,18505,18505,18505,483
2013-08-16,18500,18500,18500,18500,11368
2013-08-19,18600,18600,18600,18600,4108
2013-08-20,18610,18610,18610,18610,828
2013-08-21,18600,18600,18600,18600,8289
2013-08-22,18500,18500,18500,18500,4413
2013-08-23,18500,18500,18500,18500,1866
2013-08-26,18000,18000,18000,18000,654
2013-08-27,18005,18005,18005,18005,2534
2013-08-28,18000,18000,18000,18000,4680
2013-08-29,18000,18000,18000,18000,680
2013-08-30,18000,18000,18000,18000,5473
2013-09-02,18005,18005,18005,18005,755
2013-09-03,18000,18000,18000,18000,10541
2013-09-04,18000,18000,18000,18000,14284
2013-09-05,18000,18000,18000,18000,659
2013-09-06,18000,18000,18000,18000,1548
2013-09-09,18000,18000,18000,18000,1008
2013-09-10,18000,18000,18000,18000,7619
2013-09-11,18500,18500,18500,18500,1283
2013-09-12,18500,18500,18500,18500,1748
2013-09-13,18500,18500,18500,18500,1988
2013-09-16,18100,18500,18100,18500,724
2013-09-17,18500,18500,18000,18000,2587
2013-09-18,18000,18495,18000,18250,7477
2013-09-19,18250,18250,18000,18200,899
2013-09-20,18200,18200,18000,18000,8124
2013-09-23,18000,18150,17600,18000,581
2013-09-24,18000,18500,17655,18500,56041
2013-09-25,18000,18100,17995,18100,1885
2013-09-26,18000,18500,18000,18500,14806
2013-09-27,18105,18500,18100,18500,2528
2013-09-30,18500,18500,18250,18500,2895
2013-10-01,18400,18500,18305,18500,66067
2013-10-02,18500,18500,18245,18500,62159
2013-10-03,18500,18500,18250,18250,693
2013-10-04,18500,18500,18250,18450,7209
2013-10-07,18500,18500,18200,18450,30125
2013-10-08,18100,18500,18100,18450,11290
2013-10-09,18450,18450,18005,18450,192
2013-10-10,18495,18495,18255,18495,2175
2013-10-11,18450,18495,18450,18495,574
2013-10-14,18495,18500,18400,18500,36479
2013-10-16,18500,18500,18300,18355,558
2013-10-17,18500,18500,18250,18255,819
2013-10-18,18895,18895,18305,18350,23898
2013-10-21,18500,18500,18255,18350,300
2013-10-22,18300,18445,18250,18250,878
2013-10-23,18350,18500,18250,18355,5319
2013-10-24,18350,18500,18300,18500,3648
2013-10-25,18500,18505,18400,18500,126168
2013-10-28,18500,19000,18500,18500,527
2013-10-29,18500,18800,18500,18500,4131
2013-10-30,18500,18600,18500,18525,936
2013-10-31,18505,18700,18505,18615,10054
2013-11-04,18800,18800,18510,18800,2423
2013-11-05,18800,19500,18800,19500,2959
2013-11-06,19500,19500,19000,19000,3475
2013-11-07,19300,19300,19005,19100,914
2013-11-08,19495,19495,19100,19400,2354
2013-11-11,19100,19395,19005,19010,837
2013-11-12,19200,19400,19000,19000,1717
2013-11-13,19000,19200,19000,19100,25624
2013-11-14,19200,19400,19200,19200,32
2013-11-18,19200,19400,19010,19180,8979
2013-11-19,19150,19400,19100,19300,27645
2013-11-20,19200,19500,19100,19400,2711
2013-11-21,19305,19500,19305,19400,1587
2013-11-22,19400,19895,19260,19895,20146
2013-11-25,19900,20000,19505,19800,1680
2013-11-26,19800,19800,19620,19700,32225
2013-11-27,19750,19750,19300,19300,2191
2013-11-28,19350,19650,19350,19500,26507
2013-11-29,19350,19695,19350,19500,2126
2013-12-02,19695,19695,19500,19500,5037
2013-12-03,19500,19600,19500,19600,3358
2013-12-04,19500,19600,19500,19600,3538
2013-12-05,19500,19600,19500,19600,3258
2013-12-06,19600,19600,19510,19550,1344
2013-12-09,19510,19700,19510,19600,5481
2013-12-10,19605,19800,19605,19650,22922
2013-12-11,19605,19800,19605,19800,1399
2013-12-12,19615,19800,19615,19620,1457
2013-12-13,19700,19800,19700,19800,1298
2013-12-16,19800,19800,19650,19700,34587
2013-12-17,19700,20000,19700,20000,4009
2013-12-18,20000,20000,19800,19990,6805
2013-12-19,19860,19885,19860,19870,776
2013-12-20,19880,19950,19800,19950,5971
2013-12-23,19950,20000,19800,19800,129777
2013-12-24,19800,20000,19800,19950,3477
2013-12-26,19955,20000,19950,19950,5153
2013-12-27,20000,20395,20000,20005,2714
2013-12-30,20100,20495,20000,20100,320
2013-12-31,20050,20050,20000,20050,1331
2014-01-02,20000,20050,19960,20050,5405
2014-01-03,20000,20100,20000,20100,864
2014-01-06,20050,20100,20000,20100,1516
2014-01-07,20100,20500,20100,20500,4186
2014-01-08,20500,20750,20500,20500,1383
2014-01-09,20500,20500,20200,20300,1708
2014-01-10,20500,21000,20100,20500,20067
2014-01-14,20510,21000,20500,20500,837
2014-01-15,20750,21005,20750,21005,4433
2014-01-16,21100,21895,21000,21500,5667
2014-01-17,21500,22000,21500,22000,8792
2014-01-20,22500,23000,22000,22965,54180
2014-01-21,22950,22965,22950,22965,58782
2014-01-22,22960,23100,22600,23100,82364
2014-01-23,23200,23300,23010,23100,19423
2014-01-24,23200,23600,23100,23500,24939
2014-01-27,23800,24000,23700,23800,42982
2014-01-28,24000,25000,24000,24600,28096
2014-01-29,24600,25000,24600,24600,9760
2014-01-30,24605,25000,24250,24500,5072
2014-01-31,25000,25000,23800,24000,43838
2014-02-03,24000,24000,23800,23900,708
2014-02-04,23895,23895,23200,23600,677
2014-02-05,23200,24000,23200,24000,1873
2014-02-06,23500,23850,23500,23800,11929
2014-02-07,23600,23850,23320,23800,11874
2014-02-10,23500,23795,23200,23450,3479
2014-02-11,23450,23795,23000,23790,11749
2014-02-12,23800,23800,23400,23770,8556
2014-02-13,23500,23650,23200,23400,6079
2014-02-14,23400,23400,23300,23400,338
2014-02-17,23400,23400,23100,23395,2236
2014-02-18,23395,23395,23000,23000,11163
2014-02-19,23395,23395,23300,23350,6160
2014-02-20,23350,23350,22000,23350,937
2014-02-21,23000,23350,22820,23350,5624
2014-02-24,23300,23300,23000,23000,589
2014-02-25,23100,23100,21275,22100,2716
2014-02-26,22000,22100,21315,21600,8308
2014-02-27,21750,22000,21400,22000,4521
2014-02-28,22000,22800,22000,22800,784
2014-03-03,22500,23350,22500,23350,37773
2014-03-04,23000,23000,22505,23000,15130
2014-03-05,23005,23005,22510,22995,3108
2014-03-06,23000,23250,23000,23250,8051
2014-03-07,23010,23500,23010,23500,15864
2014-03-10,23250,23600,23250,23500,64372
2014-03-11,23500,23550,23250,23500,4773
2014-03-12,23495,23500,23300,23495,5400
2014-03-13,23000,23000,22100,22100,385
2014-03-14,22505,23480,22505,23250,913
2014-03-17,23100,23485,23000,23250,1484
2014-03-18,23000,23250,23000,23010,15472
2014-03-19,23000,23500,23000,23005,5189
2014-03-20,23010,23500,22950,23200,363
2014-03-21,22600,23005,22500,23000,2120
2014-03-24,23000,23000,22700,23000,616
2014-03-25,23000,23000,22700,23000,9710
2014-03-26,22995,22995,22800,22800,1757
2014-03-27,23000,23000,22900,23000,5924
2014-03-28,23000,23000,22505,23000,4237
2014-03-31,22510,22915,22300,22900,1437
2014-04-01,22895,22895,22495,22895,355
2014-04-02,22500,23000,22500,22900,4926
2014-04-03,22905,23000,22500,23000,926
2014-04-04,23000,23000,22535,23000,11283
2014-04-07,22605,23000,22605,23000,1277
2014-04-08,23000,23000,22750,23000,18401
2014-04-09,23000,23000,22750,22755,7844
2014-04-10,22750,22995,22500,22500,2719
2014-04-11,22750,22750,22200,22500,13179
2014-04-14,22500,22500,22200,22500,2206
2014-04-15,22400,22500,22275,22275,1830
2014-04-16,22250,22500,22210,22275,1158
2014-04-17,22300,22450,22200,22200,2149
2014-04-18,22300,22300,22205,22300,662
2014-04-22,22305,22350,22200,22300,1257
2014-04-23,22350,22350,22210,22300,1994
2014-04-24,22300,22300,22250,22300,1628
2014-04-25,22300,22500,22300,22500,6899
2014-04-28,22500,22500,22355,22500,2144
2014-04-29,22495,22500,22360,22500,2062
2014-04-30,22450,22495,22355,22490,294
2014-05-02,22300,22300,21000,21000,825
2014-05-05,21000,21000,20105,20105,1293
2014-05-06,19430,19510,19125,19400,817
2014-05-07,19500,20000,19500,19505,1035
2014-05-08,19510,20900,19510,20900,3239
2014-05-09,21000,21100,20900,21000,4695
2014-05-12,21000,21005,20800,21000,74195
2014-05-13,21005,21300,21000,21295,2985
2014-05-14,21500,21500,20800,21000,50259
2014-05-15,21000,21005,20995,21000,14184
2014-05-16,21005,21250,21005,21005,1761
2014-05-19,21000,21100,21000,21100,7548
2014-05-20,21015,21250,21015,21100,1097
2014-05-21,21105,21200,21000,21100,2901
2014-05-22,21250,21300,21105,21300,642
2014-05-23,21270,21500,21270,21310,1187
2014-05-26,21305,21305,21300,21300,2877
2014-05-27,21300,21310,21300,21305,922
2014-05-28,21300,21310,21300,21310,864
2014-05-30,21350,21500,21350,21450,900
2014-06-02,21500,21550,21455,21550,1145
2014-06-03,21550,21550,21310,21320,1855
2014-06-04,21350,21400,21310,21350,10121
2014-06-05,21350,21600,21350,21600,2497
2014-06-06,21555,21990,21555,21620,1250
2014-06-10,21655,21990,21610,21610,2171
2014-06-11,21650,22000,21610,21615,8224
2014-06-12,21700,21705,21610,21615,944
2014-06-13,21700,22000,21620,21645,896
2014-06-16,21650,21700,21645,21700,11994
2014-06-17,21700,21700,21645,21645,736
2014-06-18,21700,21990,21700,21700,2647
2014-06-19,22000,22000,21705,21900,38126
2014-06-20,21705,21900,21705,21900,2139
2014-06-23,21900,21995,21755,21900,3249
2014-06-24,21805,21900,21760,21900,2301
2014-06-25,22000,22000,21800,21900,1935
2014-06-26,21900,21900,21700,21760,3881
2014-06-27,21800,21900,21700,21700,18344
2014-06-30,21895,22000,21700,21995,17186
2014-07-01,21900,21995,21700,21900,2199
2014-07-02,21900,21995,21900,21900,1995
2014-07-03,21900,21905,21700,21700,770
2014-07-04,21700,21995,21700,21995,3406
2014-07-07,21990,21995,21900,21900,1729
2014-07-08,21995,22500,21995,22500,28982
2014-07-09,22500,22500,22390,22395,78075
2014-07-10,22395,22500,22300,22395,12661
2014-07-11,22395,23000,22350,22500,12491
2014-07-14,22500,22800,22500,22600,4028
2014-07-15,22600,22700,22500,22500,16382
2014-07-16,22500,22595,22500,22500,24774
2014-07-17,22495,22595,22495,22500,11957
2014-07-18,22500,22595,22500,22500,61867
2014-07-21,22500,22950,22500,22500,2482
2014-07-22,22500,22900,22500,22500,1157
2014-07-23,22600,22950,22500,22550,5847
2014-07-25,22500,22600,22500,22550,1664
2014-07-29,22505,23000,22500,22510,2753
2014-07-30,23450,23450,22560,22720,1886
2014-07-31,22700,22950,22600,22700,5835
2014-08-01,22710,23000,22700,22800,3623
2014-08-04,22855,23000,22810,23000,976
2014-08-05,22810,23950,22810,23500,1648
2014-08-06,23090,25000,23090,23500,6228
2014-08-08,23550,23700,23500,23500,630
2014-08-11,23700,24000,23700,24000,1637
2014-08-12,24000,24005,24000,24000,36368
2014-08-13,24000,24300,24000,24000,2258
2014-08-14,24300,24300,23705,24000,5782
2014-08-18,23995,24000,23700,23750,7038
2014-08-19,24000,24000,23700,23750,5253
2014-08-20,24000,24000,23500,23700,5861
2014-08-21,24000,24000,23700,23800,3563
2014-08-22,23900,23995,23850,23995,1891
2014-08-25,23990,24000,23865,24000,2775
2014-08-26,23860,24490,23860,24000,18467
2014-08-27,23995,24000,23900,24000,7193
2014-08-28,23990,24000,23805,24000,762
2014-08-29,24000,24000,23900,23905,5870
2014-09-01,23905,24000,23900,23905,4960
2014-09-02,23950,23950,23915,23915,294
2014-09-03,23945,24000,23800,23900,5924
2014-09-04,24000,24000,23800,23800,5392
2014-09-05,23800,23950,23800,23950,1650
2014-09-08,23900,24000,23705,23800,4648
2014-09-09,23840,23900,23800,23800,998
2014-09-10,23800,23800,23700,23800,138
2014-09-11,23750,23800,23600,23600,6229
2014-09-12,23790,23790,23500,23750,2056
2014-09-15,23750,23800,23750,23800,2424
2014-09-16,23800,23800,23600,23700,1904
2014-09-17,23785,23785,23500,23700,17317
2014-09-18,23700,23700,23005,23005,465
2014-09-19,23700,23700,23500,23500,3930
2014-09-22,23500,23695,23500,23690,10927
2014-09-23,23500,23800,23500,23800,3707
2014-09-24,23500,23700,23500,23600,1780
2014-09-25,23600,23700,23450,23450,10244
2014-09-26,23450,23500,23450,23450,1134
2014-09-29,23450,23450,23100,23200,9809
2014-09-30,23205,23205,23000,23005,2526
2014-10-01,23005,23005,22700,22995,2785
2014-10-02,23000,23015,23000,23005,4106
2014-10-03,23005,23200,23005,23200,662
2014-10-06,23300,23550,23300,23500,26128
2014-10-07,23400,23400,23300,23300,681
2014-10-08,23200,23300,23200,23200,835
2014-10-09,23200,23200,23110,23200,14565
2014-10-10,23200,23300,23200,23300,2449
2014-10-13,23200,23300,23200,23200,3274
2014-10-14,23200,23300,23200,23200,12502
2014-10-15,23200,23300,23000,23000,24106
2014-10-16,23000,23195,22600,23000,1698
2014-10-17,23000,23000,22500,22505,800
2014-10-20,22700,22700,22300,22495,2453
2014-10-21,22500,22500,22300,22300,7030
2014-10-22,22300,22300,22100,22300,2206
2014-10-23,22300,22400,22100,22105,2819
2014-10-24,22490,22490,22200,22380,23030
2014-10-27,22200,22400,22200,22385,10636
2014-10-28,22400,22400,22105,22250,30931
2014-10-29,22105,22250,22100,22200,12036
2014-10-30,22200,22250,22000,22200,50535
2014-10-31,22100,22200,22100,22150,898
2014-11-03,22200,22200,22000,22150,21175
2014-11-04,22100,22200,22015,22150,3033
2014-11-05,22300,22300,22000,22000,13364
2014-11-06,22000,22025,22000,22000,6079
2014-11-07,22000,22000,21600,21900,13931
2014-11-10,22000,22100,21900,21905,9197
2014-11-11,22000,22000,21900,21900,5223
2014-11-12,21900,22000,21900,22000,992
2014-11-13,22000,22150,20350,20350,23677
2014-11-14,21875,21875,21875,21875,15
2014-11-17,22150,22150,21500,21880,381628
2014-11-18,22000,22000,21500,21500,74307
2014-11-19,21500,21600,21500,21500,18287
2014-11-20,21505,21890,21505,21750,287
2014-11-21,21880,22000,21800,22000,113715
2014-11-24,21900,22000,21880,22000,3147
2014-11-25,22145,23000,22145,22900,618
2014-11-26,22900,22900,22500,22900,683
2014-11-27,22750,22900,22750,22750,1044
2014-11-28,22900,22900,22605,22700,136
2014-12-01,22700,22800,22605,22610,1655
2014-12-02,22700,22800,22700,22800,2378
2014-12-03,22700,22700,22600,22600,2736
2014-12-04,22500,22705,22500,22700,241
2014-12-05,22700,22700,22550,22600,17253
2014-12-08,22600,22600,22400,22500,6512
2014-12-09,22500,22500,22310,22400,4633
2014-12-10,22000,22400,22000,22400,1625
2014-12-11,22300,22500,22000,22410,873
2014-12-12,22400,22500,22400,22445,12005
2014-12-15,22450,22450,22200,22350,1871
2014-12-16,22350,22350,22000,22000,19144
2014-12-17,22300,22300,22000,22000,18092
2014-12-18,22200,22200,22015,22015,100140
2014-12-19,22050,22100,21995,22000,3771
2014-12-22,22200,22200,21995,22000,22512
2014-12-23,22000,22200,22000,22005,99508
2014-12-24,22100,22600,21995,22000,21725
2014-12-26,22000,22325,22000,22300,2608
2014-12-29,22200,22325,22200,22300,19728
2014-12-30,22325,23500,22325,22800,4226
2014-12-31,22800,23400,22795,22800,14874
2015-01-02,22800,22805,22600,22600,1969
2015-01-05,22600,22700,22550,22700,4186
2015-01-06,22610,22700,22610,22690,1107
2015-01-07,22650,22695,22500,22635,36291
2015-01-08,22690,22800,22500,22800,22599
2015-01-09,22700,23000,22700,22905,8456
2015-01-12,23000,23000,22805,22905,3266
2015-01-13,22800,22900,22800,22800,18605
2015-01-14,22800,22800,22700,22750,1261
2015-01-15,22600,22745,22600,22700,1180
2015-01-16,22000,22750,22000,22750,2299
2015-01-19,22700,22800,22700,22800,1767
2015-01-20,22700,22800,22700,22750,763
2015-01-21,22700,22780,22500,22600,13555
2015-01-22,22700,22700,22600,22700,1740
2015-01-23,22780,22780,22600,22700,923
2015-01-26,22600,22780,22500,22700,6629
2015-01-27,22780,22800,22700,22800,1351
2015-01-28,22800,24000,22750,23995,2299
2015-01-29,23900,23900,22810,22900,10574
2015-01-30,23000,23300,23000,23200,2861
2015-02-02,22910,23005,22910,23000,5380
2015-02-03,23000,23990,22995,23005,11954
2015-02-04,23010,24000,23010,23995,2739
2015-02-05,23500,23990,23500,23500,325
2015-02-06,23500,23900,23200,23500,299
2015-02-10,23695,23700,23500,23700,1141
2015-02-11,23700,23900,23505,23700,3384
2015-02-12,23675,24200,23675,23780,3665
2015-02-13,23995,23995,23700,23750,2330
2015-02-16,23750,23800,23605,23750,33349
2015-02-17,23750,23800,23500,23800,704
2015-02-18,23800,23950,23750,23900,642
2015-02-19,23900,24200,23900,24000,2025
2015-02-20,24200,24500,24000,24500,11438
2015-02-23,24500,24500,24200,24500,30482
2015-02-24,24600,24600,24200,24500,15001
2015-02-25,24500,24600,24500,24600,15102
2015-02-26,24600,25010,24550,25000,56271
2015-02-27,24990,24990,24800,24800,1087
2015-03-02,24900,25000,24800,24900,1330
2015-03-03,24850,24995,24850,24900,6697
2015-03-04,24890,24890,24600,24800,2693
2015-03-05,24845,24895,24800,24800,1212
2015-03-06,24800,24800,24600,24790,16748
2015-03-09,24800,25000,24800,25000,27378
2015-03-10,24800,24900,24800,24900,2014
2015-03-11,24800,24900,24800,24805,9380
2015-03-12,24900,24900,24700,24805,6917
2015-03-13,24805,24995,24800,24900,16928
2015-03-16,24900,24995,24500,24900,4640
2015-03-17,24900,24995,24800,24800,17276
2015-03-18,24600,24995,24600,24995,226
2015-03-19,25000,25000,24700,24900,8493
2015-03-20,24810,24995,24810,24995,735
2015-03-23,24900,25005,24900,25000,11925
2015-03-24,25000,25000,24900,24900,910
2015-03-25,25000,25100,24800,25000,5155
2015-03-26,25000,25000,24800,24800,316
2015-03-27,24800,24800,24600,24760,1254
2015-03-30,24800,24900,24595,24600,1711
2015-03-31,24500,24500,24000,24250,7333
2015-04-01,24300,24300,23055,23055,15048
2015-04-02,24000,24000,23900,23990,897
2015-04-03,23910,24000,23900,24000,1192
2015-04-07,23995,24000,23900,24000,10201
2015-04-08,24000,24450,23500,24000,314
2015-04-09,24005,24300,24005,24025,5378
2015-04-10,24000,24300,24000,24100,572
2015-04-13,24500,24500,24100,24105,983
2015-04-14,24500,24500,24100,24105,1351
2015-04-15,24500,24800,24110,24500,72105
2015-04-16,24310,24500,24300,24500,4995
2015-04-17,24300,24800,24300,24500,7812
2015-04-20,24500,24500,24305,24500,249
2015-04-21,24400,24495,24305,24305,875
2015-04-22,24495,24500,24000,24000,16249
2015-04-23,24300,24300,24000,24205,1179
2015-04-24,24205,24500,24105,24500,60969
2015-04-27,24495,24500,24400,24500,9932
2015-04-28,24310,24400,24300,24315,1311
2015-04-29,24300,24450,24250,24300,3404
2015-04-30,24000,24000,24000,24000,170
2015-05-04,23100,23500,22900,23300,391
2015-05-05,23300,23300,22900,23000,6757
2015-05-06,23000,23800,23000,23800,6994
2015-05-07,23500,23500,22900,23000,1665
2015-05-08,23005,23350,23000,23050,3362
2015-05-11,23050,23500,23050,23500,7472
2015-05-12,23500,23750,23350,23500,18106
2015-05-13,23700,23700,23500,23505,2513
2015-05-15,23500,23700,23500,23600,4608
2015-05-18,23600,23700,23510,23600,3938
2015-05-19,23600,23650,23510,23600,7372
2015-05-20,23515,23750,23515,23650,1705
2015-05-21,23650,23650,23600,23600,586
2015-05-22,23600,23750,23600,23670,1276
2015-05-26,23675,23675,23600,23600,19340
2015-05-27,23700,23700,23600,23600,6220
2015-05-28,23600,23605,23500,23600,14626
2015-05-29,23550,23650,23500,23645,1483
2015-06-01,23600,23700,23600,23700,3572
2015-06-02,23660,24000,23660,24000,14480
2015-06-03,23715,24400,23715,24200,9276
2015-06-04,23955,24200,23955,24200,20900
2015-06-05,24500,24800,24000,24800,4518
2015-06-08,24300,24700,24000,24200,2481
2015-06-09,24000,24200,24000,24200,36546
2015-06-10,24200,24200,24000,24150,1517
2015-06-11,24100,24145,24000,24005,1520
2015-06-12,24005,24010,23950,24000,5564
2015-06-15,24000,24000,23900,24000,1025
2015-06-16,23900,23900,23500,23500,3429
2015-06-17,23500,23760,23500,23760,5396
2015-06-18,23515,24000,23500,23760,3697
2015-06-19,23500,23760,23500,23500,6127
2015-06-22,23500,23600,23400,23500,7271
2015-06-23,23650,23650,23350,23350,1677
2015-06-24,23350,23600,23350,23595,15587
2015-06-25,23550,23700,23500,23700,6797
2015-06-26,23650,23700,23500,23700,1290
2015-06-29,23550,24000,23500,24000,5289
2015-06-30,23700,24000,23700,24000,899
2015-07-01,23750,24000,23700,24000,3444
2015-07-02,24000,24000,23805,24000,18586
2015-07-03,23900,24100,23700,23950,3597
2015-07-06,24000,24300,23700,24300,25296
2015-07-07,24300,24800,24300,24800,6109
2015-07-08,24500,24850,24300,24315,6638
2015-07-09,24400,24795,24300,24795,7847
2015-07-10,24800,24800,24300,24300,8687
2015-07-13,24400,24500,24300,24360,838
2015-07-15,24360,24505,24360,24505,32069
2015-07-16,24550,25005,24550,25005,64655
2015-07-20,25000,25000,24700,25000,2520
2015-07-21,25000,25500,25000,25000,16881
2015-07-22,25000,25500,25000,25100,4505
2015-07-23,25100,25500,25100,25500,4160
2015-07-24,25610,26800,25610,26800,13954
2015-07-27,26500,28810,26000,28810,28238
2015-07-28,27100,29600,27100,28250,86139
2015-07-29,28100,28500,27000,28000,22592
2015-07-30,28100,28100,26005,28000,26830
2015-07-31,27800,28250,27800,28000,13392
2015-08-03,27900,27995,27500,27600,1240
2015-08-04,27600,28000,27000,27605,21933
2015-08-05,27745,27745,27305,27600,2360
2015-08-06,27500,27600,27200,27300,13864
2015-08-10,27000,27500,27000,27500,3716
2015-08-11,27355,27400,27355,27400,1574
2015-08-12,27400,27495,27000,27000,2107
2015-08-13,27000,27200,27000,27000,35986
2015-08-14,27000,27200,27000,27000,17976
2015-08-17,27000,27000,26500,27000,13076
2015-08-18,26500,26500,26000,26500,57380
2015-08-19,26500,26505,26300,26505,1548
2015-08-20,26500,26505,26500,26500,21716
2015-08-21,26100,26505,26000,26000,59887
2015-08-24,26000,26500,25605,25605,56621
2015-08-25,26000,26000,25200,25200,35837
2015-08-26,25600,26000,25100,25200,17642
2015-08-27,25250,25995,25205,25600,11169
2015-08-28,25500,26000,25500,25720,282
2015-08-31,25720,25720,25400,25500,1822
2015-09-01,25350,25495,25200,25200,35844
2015-09-02,25200,25200,24800,25000,46526
2015-09-03,24995,25000,24800,24805,1059
2015-09-04,24990,25000,24500,24995,5619
2015-09-07,24995,25000,24825,24825,4090
2015-09-08,24795,25000,24705,25000,15917
2015-09-09,25000,25000,24900,25000,27109
2015-09-10,24900,25000,24880,24995,3516
2015-09-11,25000,25000,24915,25000,26355
2015-09-14,25000,25000,24900,24995,32795
2015-09-15,24995,25000,24990,25000,21307
2015-09-16,24995,25200,24995,25160,32326
2015-09-17,25400,25400,25200,25400,495
2015-09-18,25450,25550,25450,25550,10919
2015-09-21,25600,25800,25500,25550,2601
2015-09-22,25555,25600,25550,25550,2668
2015-09-23,25600,26000,25600,26000,5541
2015-09-25,26000,27600,25700,25700,49604
2015-09-28,25900,26000,25900,25950,53617
2015-09-29,25950,26000,25800,25800,15116
2015-09-30,25800,25950,25800,25900,2681
2015-10-01,25855,26000,25855,25950,15801
2015-10-02,25950,26400,25810,26400,2512
2015-10-05,26500,26500,26200,26500,4070
2015-10-06,26500,26500,26350,26400,1270
2015-10-07,26400,26900,26400,26400,14665
2015-10-08,26400,26500,26250,26250,11311
2015-10-09,26200,26410,26000,26400,1416
2015-10-12,26250,26400,26000,26060,10933
2015-10-13,26000,26060,26000,26060,2346
2015-10-14,26000,26200,26000,26000,7771
2015-10-15,26100,26500,26000,26400,25568
2015-10-16,26300,27000,26300,26315,32657
2015-10-19,26250,26500,26120,26300,14426
2015-10-20,26300,26400,26100,26150,11227
2015-10-21,26150,26250,26150,26250,4714
2015-10-22,26155,26500,26155,26500,7292
2015-10-23,26400,26500,26010,26010,7652
2015-10-26,26100,26155,26055,26100,1625
2015-10-27,26100,26300,26000,26010,18221
2015-10-28,26050,26400,26020,26150,26166
2015-10-29,26200,26400,26010,26105,3416
2015-10-30,26150,26200,26010,26010,20553
2015-11-02,26050,26150,26000,26000,16821
2015-11-03,26000,26150,26000,26000,15636
2015-11-04,26015,26200,26000,26050,1347
2015-11-05,26000,26285,26000,26000,15746
2015-11-06,26000,26150,26000,26100,17497
2015-11-09,26100,26110,26100,26110,943
2015-11-10,26105,26300,26105,26130,3717
2015-11-11,26130,26450,26130,26200,13321
2015-11-12,26155,26200,26150,26150,24772
2015-11-13,26140,26200,26140,26150,9191
2015-11-16,26150,26250,26150,26155,534
2015-11-17,26150,26155,26150,26155,1216
2015-11-18,26150,26200,26150,26150,1397
2015-11-19,26200,26200,26150,26200,1983
2015-11-20,26160,28000,26150,28000,43692
2015-11-23,27900,27900,27000,27000,832
2015-11-24,26805,27000,26500,26500,69213
2015-11-25,26700,26700,26500,26600,9619
2015-11-26,26505,26600,26500,26500,2092
2015-11-27,26515,26700,26500,26500,17298
2015-11-30,26600,26800,26500,26500,164572
2015-12-01,26500,26550,26500,26550,5239
2015-12-02,26525,26525,26305,26395,10279
2015-12-03,26400,26600,26400,26600,9668
2015-12-04,26500,27000,26300,26600,11117
2015-12-07,26405,26700,26350,26500,25084
2015-12-08,26400,26695,26400,26650,19763
2015-12-09,26600,26600,26200,26300,11286
2015-12-10,26295,26300,26100,26100,22219
2015-12-11,26105,26105,26020,26095,10511
2015-12-14,26095,26100,26000,26000,3736
2015-12-15,26000,26000,25800,25800,4223
2015-12-16,25800,25895,25800,25800,2042
2015-12-17,25600,25900,25000,25500,4867
2015-12-18,25010,25600,25000,25100,12442
2015-12-21,25000,25800,25000,25800,37532
2015-12-22,25700,25700,25000,25400,1404
2015-12-23,25100,25100,24500,25000,44184
2015-12-28,24700,25500,24700,25500,22091
2015-12-29,25520,25520,24700,25100,63745
2015-12-30,25000,26000,24715,26000,3237
2015-12-31,25300,26500,25000,25000,19422
2016-01-04,25200,25800,25050,25600,577
2016-01-05,25600,25600,25300,25600,3056
2016-01-06,25500,25500,25350,25400,59021
2016-01-07,25405,25500,25100,25450,31068
2016-01-08,25450,25450,25000,25000,68927
2016-01-11,25300,25400,25000,25100,2462
2016-01-12,25100,25400,25100,25200,1044
2016-01-13,25350,25350,25100,25100,6638
2016-01-14,25100,25100,24900,24900,34733
2016-01-15,24900,24990,24825,24850,61647
2016-01-18,24850,24900,24750,24845,11899
2016-01-19,24850,24855,24650,24700,1732
2016-01-20,24750,24750,24100,24300,13431
2016-01-21,24150,24300,23720,24000,18951
2016-01-22,24005,24405,24005,24200,6793
2016-01-25,24300,24300,23755,23755,24630
2016-01-26,24055,24055,23945,23995,21217
2016-01-27,24005,24005,23995,23995,5975
2016-01-28,23990,23990,23800,23900,8887
2016-01-29,23800,23890,23650,23695,5563
2016-02-01,23610,23750,23500,23500,20420
2016-02-02,23495,23500,23000,23500,58448
2016-02-03,23200,23995,23200,23800,47321
2016-02-04,23800,24200,23800,23950,24076
2016-02-05,23805,23950,23800,23805,6599
2016-02-08,23900,23900,23500,23600,10241
2016-02-09,23850,23850,23500,23600,16109
2016-02-10,23600,23600,23500,23550,12526
2016-02-11,23400,23650,23400,23550,787
2016-02-12,23570,23600,23400,23500,35741
2016-02-15,23600,23600,23500,23550,39780
2016-02-16,23610,24000,23600,24000,9209
2016-02-17,24000,25000,24000,25000,6136
2016-02-18,25100,26875,25100,25500,1634
2016-02-19,25700,25700,24990,25000,33366
2016-02-22,25000,25300,24500,25300,6427
2016-02-23,25495,26000,25490,25855,6546
2016-02-24,25995,25995,25555,25560,3049
2016-02-25,25800,25800,25300,25800,30405
2016-02-26,25500,25500,25500,25500,14540
2016-02-29,25500,25505,24600,24800,32637
2016-03-01,25000,25400,24900,25000,8186
2016-03-02,24995,25000,24400,24500,35041
2016-03-03,24800,25000,24500,24850,10320
2016-03-04,24600,25000,24555,24615,817
2016-03-07,24900,24950,24650,24700,11580
2016-03-08,24800,24800,24350,24700,16813
2016-03-09,24625,24700,24500,24600,12247
2016-03-10,24600,24600,24350,24395,21550
2016-03-11,24500,24500,23945,24000,28430
2016-03-14,24000,24000,23800,23900,15181
2016-03-15,23905,23995,23500,23515,6419
2016-03-16,23600,23700,23500,23600,30488
2016-03-17,23600,24000,23600,24000,5353
2016-03-18,24000,24000,23605,23605,19987
2016-03-21,24000,24500,23805,24500,16642
2016-03-22,24500,25000,24200,24700,2911
2016-03-23,25000,25000,24900,25000,7235
2016-03-24,25020,25025,24900,24950,5295
2016-03-25,24955,25000,24900,25000,1341
2016-03-29,24995,25000,24810,25000,4858
2016-03-30,24950,24950,24500,24900,23329
2016-03-31,24800,24800,24500,24500,19532
2016-04-01,24795,24795,24400,24700,24421
2016-04-04,24700,24900,24700,24700,4156
2016-04-05,24750,24750,24595,24600,19013
2016-04-06,24700,24700,24505,24675,4987
2016-04-07,24690,24745,24675,24700,6420
2016-04-08,24715,25020,24710,25020,2437
2016-04-11,25000,25000,24860,24995,7003
2016-04-12,25000,25000,24900,25000,9168
2016-04-13,25000,25005,24995,25000,16946
2016-04-14,25000,25200,25000,25200,2842
2016-04-15,25050,25400,25050,25400,2925
2016-04-18,25400,25400,25100,25310,6890
2016-04-19,25450,25450,25105,25205,5432
2016-04-20,25350,25350,25115,25300,11661
2016-04-21,25350,25650,25120,25650,12615
2016-04-22,25500,26000,25500,26000,17567
2016-04-25,25905,25905,25660,25800,7935
2016-04-26,25800,25900,25670,25800,16588
2016-04-27,25750,25850,25655,25655,36969
2016-04-28,25655,25800,25655,25800,3523
2016-04-29,25805,25900,25500,25795,8009
2016-05-03,25800,25900,25100,25700,23207
2016-05-04,25700,25700,25500,25700,1230
2016-05-06,24950,24950,24000,24005,6040
2016-05-09,24600,24600,23600,23600,13406
2016-05-10,23850,23850,23700,23700,14855
2016-05-11,23700,23700,23600,23700,5397
2016-05-12,23750,24000,23650,23800,20016
2016-05-13,23805,24000,23705,23900,7402
2016-05-17,23900,24000,23800,23900,8794
2016-05-18,23900,24000,23900,24000,7777
2016-05-19,24000,24000,23950,24000,2169
2016-05-20,24000,24000,23905,23905,16092
2016-05-23,24000,24000,23790,23790,3726
2016-05-24,23900,23900,23750,23900,7276
2016-05-25,23890,23900,23000,23000,100395
2016-05-26,23200,23500,23000,23500,52585
2016-05-27,23200,23500,23010,23495,677
2016-05-30,23450,23495,23100,23100,667
2016-05-31,23200,23200,23050,23180,12910
2016-06-01,23180,23500,23055,23400,27824
2016-06-02,23400,23400,23000,23000,40126
2016-06-03,23200,23200,23000,23000,95275
2016-06-06,23350,23350,22800,23000,28969
2016-06-07,23000,23000,22450,23000,8835
2016-06-08,23000,23000,22610,22610,1101
2016-06-09,23000,23000,22900,23000,45809
2016-06-10,22875,23000,22875,23000,1623
2016-06-13,23000,23200,22900,22905,22265
2016-06-14,23000,23250,23000,23100,1378
2016-06-15,23200,24000,23100,24000,741
2016-06-16,24000,24000,23600,24000,1320
2016-06-17,23800,23995,23520,23995,13771
2016-06-20,24000,24000,23815,23900,10599
2016-06-21,23900,23900,23500,23700,2958
2016-06-22,23700,23700,23300,23500,2577
2016-06-23,23450,23450,23100,23250,7333
2016-06-24,23100,23100,22905,22995,61466
2016-06-27,23000,23050,22905,23000,7500
2016-06-28,23000,23000,22810,22995,2536
2016-06-29,22995,22995,22800,22955,39838
2016-06-30,22950,22950,22800,22900,14271
2016-07-01,22900,23000,22850,23000,3002
2016-07-04,23000,23000,22650,22850,76585
2016-07-05,22895,22895,22600,22800,34811
2016-07-07,22800,23000,22600,23000,98927
2016-07-08,23000,23000,22600,22600,1553
2016-07-11,22700,22900,22500,22900,3323
2016-07-12,22700,22900,22500,22610,29019
2016-07-13,22600,22900,22600,22610,42976
2016-07-14,22700,23000,22610,22715,25075
2016-07-15,22605,22750,22500,22750,19580
2016-07-18,22715,22715,22000,22000,2254
2016-07-19,22200,22750,21810,22700,6114
2016-07-20,22500,22700,22205,22695,1487
2016-07-21,22605,23000,22600,23000,5872
2016-07-22,22750,23000,22750,23000,3508
2016-07-25,22900,22900,22805,22900,2865
2016-07-26,22900,22995,22800,22800,6759
2016-07-27,22895,22895,22755,22800,12567
2016-07-28,22800,23000,22800,22800,7674
2016-07-29,22800,22995,22800,22805,933
2016-08-01,22995,22995,22755,22850,19171
2016-08-02,22900,22900,22810,22850,1746
2016-08-03,22895,23000,22855,23000,471
2016-08-04,22900,22995,22860,22860,6137
2016-08-05,22850,22850,22800,22800,2729
2016-08-09,22800,22995,22800,22865,5523
2016-08-10,22875,23000,22800,22855,2137
2016-08-11,22995,23000,22875,22900,7879
2016-08-12,22900,22950,22875,22900,867
2016-08-16,22905,22905,22860,22860,6252
2016-08-17,22900,22900,22805,22810,1881
2016-08-18,22855,22950,22810,22815,3139
2016-08-19,22815,22815,22800,22810,1840
2016-08-22,22815,22900,22800,22830,3021
2016-08-23,22810,22850,22800,22850,9396
2016-08-24,22940,22950,22830,22830,28827
2016-08-25,22830,22950,22830,22900,3852
2016-08-26,22830,22900,22805,22850,3865
2016-08-29,22895,22900,22815,22900,3608
2016-08-30,22890,22895,22600,22700,748
2016-08-31,22700,22750,22500,22750,1586
2016-09-01,22750,22810,22600,22810,2848
2016-09-02,22800,22950,22800,22950,23023
2016-09-05,22950,23000,22800,22860,5689
2016-09-06,22900,22900,22800,22865,3105
2016-09-07,22800,24000,22800,24000,2944
2016-09-08,23000,23000,22950,22955,134
2016-09-09,22900,24000,22900,23000,7577
2016-09-13,23000,23000,22900,22900,1572
2016-09-14,22990,22990,22900,22900,2033
2016-09-15,22900,23000,22900,22975,6046
2016-09-16,23000,23010,22900,23000,1814
2016-09-19,23000,23200,22750,22800,17945
2016-09-20,22805,23000,22805,22990,6661
2016-09-21,22900,22990,22800,22800,15350
2016-09-22,22800,22900,22800,22900,2839
2016-09-23,22810,22900,22810,22900,1322
2016-09-26,22815,22900,22810,22870,2486
2016-09-27,22850,22900,22600,22810,14312
2016-09-28,22800,22800,22500,22500,1424
2016-09-29,22600,22800,22300,22800,17171
2016-09-30,22750,22800,22500,22700,1786
2016-10-03,22700,22800,22600,22600,7155
2016-10-04,22500,22800,22500,22800,2629
2016-10-05,22700,23000,22700,22900,4099
2016-10-06,22800,23000,22800,23000,5069
2016-10-07,22855,23500,22855,23200,8727
2016-10-10,22995,23000,22800,23000,25653
2016-10-11,22900,22900,22500,22795,880
2016-10-12,22700,22800,22600,22600,6398
2016-10-13,22600,22610,22500,22500,2419
2016-10-14,22500,22500,22000,22450,2170
2016-10-17,22450,22500,22000,22445,2466
2016-10-18,21150,21605,20765,21500,818
2016-10-19,22000,22450,22000,22390,1367
2016-10-20,22400,22400,21500,22200,1077
2016-10-21,22305,22450,22305,22360,1589
2016-10-24,22400,22620,22400,22620,9536
2016-10-25,22620,23000,22620,23000,98547
2016-10-26,23000,23055,22805,23005,40664
2016-10-27,23005,23005,23000,23000,2582
2016-10-28,23000,23500,23000,23005,2998
2016-10-31,23000,23005,23000,23000,4111
2016-11-02,23005,23100,23005,23100,8671
2016-11-03,23100,23500,23100,23215,3530
2016-11-04,23250,23315,23250,23315,38895
2016-11-07,23350,23995,23350,23600,6486
2016-11-08,23600,25000,23600,24995,22023
2016-11-09,24050,24990,24050,24500,1863
2016-11-10,24500,24600,24500,24560,9533
2016-11-11,24500,24990,24500,24990,7675
2016-11-14,24000,24500,24000,24150,58350
2016-11-16,24150,24500,24150,24500,15975
2016-11-17,24500,24990,24205,24500,37311
2016-11-18,24500,24505,24500,24500,41433
2016-11-21,24500,24500,24495,24500,46210
2016-11-22,24500,24600,24500,24505,2108
2016-11-23,24505,25000,24505,24600,2647
2016-11-24,24600,24600,24450,24450,1366
2016-11-25,24500,24500,24350,24400,6670
2016-11-28,24400,24400,24150,24200,2053
2016-11-29,24295,24295,24050,24050,1942
2016-11-30,24000,24300,23600,24000,19700
2016-12-01,24000,24050,23860,24000,3542
2016-12-02,24000,24300,24000,24005,22818
2016-12-05,24000,24400,23900,24000,49534
2016-12-06,24005,24300,24000,24300,52128
2016-12-07,24200,24400,24000,24400,5204
2016-12-08,24050,24200,24000,24005,24360
2016-12-09,24000,24005,24000,24000,3319
2016-12-13,24200,24350,24100,24350,2364
2016-12-14,24100,24505,24100,24505,7563
2016-12-15,24350,24500,24205,24230,870
2016-12-16,24300,24500,24000,24000,4037
2016-12-19,24100,24100,23510,23510,6657
2016-12-20,23605,23605,23000,23000,2137
2016-12-21,23005,24725,23005,24725,7591
2016-12-22,23510,23900,23020,23900,928
2016-12-23,23160,24000,23150,24000,3834
2016-12-27,24000,24700,23200,24700,750
2016-12-28,24000,24750,24000,24750,3307
2016-12-29,24000,24195,24000,24195,745
2016-12-30,24000,25000,24000,25000,6160
2017-01-02,24000,24495,24000,24495,2390
2017-01-03,24200,24495,24100,24100,20393
2017-01-04,24110,24200,24100,24100,1069
2017-01-05,24100,24400,24000,24300,23579
2017-01-06,24100,24200,24000,24000,539
2017-01-09,24000,24300,24000,24100,2382
2017-01-10,24100,24200,24050,24050,614
2017-01-11,24100,24495,24005,24495,1735
2017-01-12,24495,24495,24200,24495,587
2017-01-13,24495,24495,24300,24300,96
2017-01-16,24250,24495,24100,24200,713
2017-01-17,24200,24500,24000,24500,24933
2017-01-18,24400,24400,24250,24300,481
2017-01-19,24250,24600,24250,24500,11221
2017-01-20,24400,24500,24300,24500,5828
2017-01-23,24500,24500,24000,24300,52379
2017-01-24,24200,24200,23520,24000,1223
2017-01-25,24000,24100,24000,24000,1151
2017-01-26,24000,24100,24000,24000,3884
2017-01-27,24000,24100,24000,24010,703
2017-01-30,24010,24350,24000,24010,13621
2017-01-31,24005,24400,24000,24125,34302
2017-02-01,24200,24200,24100,24105,573
2017-02-02,24150,24700,24105,24500,16204
2017-02-03,24500,24995,24500,24500,19513
2017-02-06,24500,24995,24500,24580,2354
2017-02-07,24800,24990,24585,24900,67345
2017-02-08,24905,25000,24900,25000,7794
2017-02-09,24900,25000,24900,24900,945
2017-02-10,24905,25000,24900,25000,3394
2017-02-13,24905,25005,24900,25000,16069
2017-02-14,25000,25000,25000,25000,962
2017-02-15,25000,25350,25000,25000,4196
2017-02-16,25000,25350,25000,25005,22008
2017-02-17,25005,25250,25005,25100,13880
2017-02-20,25100,25250,25100,25250,1207
2017-02-21,25200,25200,25000,25000,72148
2017-02-22,25000,25190,25000,25160,25940
2017-02-23,25150,25150,24580,25135,4609
2017-02-24,25140,25190,25125,25125,1393
2017-02-27,25125,25190,25125,25155,7836
2017-02-28,25100,25190,25055,25155,42668
2017-03-01,25155,25155,25055,25065,3675
2017-03-02,25055,25200,25000,25150,18041
2017-03-03,25065,25150,25065,25125,8314
2017-03-06,25100,25100,25015,25025,371
2017-03-07,25015,25100,24950,25000,20160
2017-03-08,24600,25050,24600,25005,29402
2017-03-09,25000,25100,24605,25005,1715
2017-03-10,25000,25000,24990,25000,4060
2017-03-13,25000,25000,24855,24950,310
2017-03-14,24990,25000,24710,24950,24205
2017-03-15,25000,25005,24800,25000,1833
2017-03-16,24800,25200,24800,25000,5743
2017-03-17,25000,25200,25000,25200,10566
2017-03-20,25000,25000,24800,25000,1325
2017-03-21,25000,25050,25000,25000,9944
2017-03-22,25000,25150,25000,25000,126623
2017-03-23,25000,25090,25000,25000,906
2017-03-24,25000,25100,25000,25000,4408
2017-03-27,25005,25005,24710,25000,8509
2017-03-28,24710,25000,24200,24200,1143
2017-03-29,24500,25000,24250,25000,874
2017-03-30,25000,25000,24500,25000,15309
2017-03-31,25000,25000,24700,25000,348
2017-04-03,25000,25005,24805,25000,41432
2017-04-04,25000,25000,24800,24800,781
2017-04-05,24995,25000,24800,24800,1434
2017-04-06,24800,25000,24005,24005,66828
2017-04-07,24500,24500,24000,24500,63589
2017-04-10,24500,24500,24450,24500,2350
2017-04-11,24450,24500,24105,24110,337
2017-04-12,24010,24010,23500,23850,37207
2017-04-13,23505,24200,23505,24000,4729
2017-04-14,24200,24500,24200,24300,66
2017-04-18,24000,24500,24000,24450,1710
2017-04-19,23995,24500,23995,24200,2533
2017-04-20,24200,24200,23900,24000,1647
2017-04-21,23900,24200,23525,23525,6122
2017-04-24,24000,24005,23505,23505,51542
2017-04-25,23525,25000,23525,24000,25844
2017-04-26,24005,24005,24000,24000,52280
2017-04-27,24000,24500,24000,24500,17597
2017-04-28,24500,24500,24000,24000,556
2017-05-02,24000,24010,24000,24010,2669
2017-05-03,24010,24015,24010,24010,348
2017-05-04,24010,24500,24000,24000,10728
2017-05-05,24595,24595,24000,24100,468
2017-05-08,24150,24155,23995,24000,172506
2017-05-09,24000,24100,23995,24100,558
2017-05-10,24100,24100,24000,24000,292
2017-05-11,23600,23600,22500,22500,1465
2017-05-12,23000,23500,22500,23500,1544
2017-05-15,23000,23000,22500,22500,2584
2017-05-16,22995,23000,22450,23000,4897
2017-05-17,22895,24000,22895,24000,65550
2017-05-18,23500,23500,23000,23000,20044
2017-05-19,22500,23000,22500,23000,14993
2017-05-22,23000,23000,22800,22800,40537
2017-05-23,22800,23000,22500,23000,3028
2017-05-24,22900,24500,22800,24500,65177
2017-05-26,24000,24000,22700,23000,26198
2017-05-29,23100,23450,23000,23100,1139
2017-05-30,23000,23450,22900,22900,55974
2017-05-31,23000,24500,23000,24500,4274
2017-06-01,24400,24400,23100,24000,183
2017-06-02,23200,23200,23100,23100,669
2017-06-06,23100,23500,23000,23500,1809
2017-06-07,22900,24500,22900,24500,13108
2017-06-08,23985,24245,23010,24245,172201
2017-06-09,24000,24000,23000,23100,1195
2017-06-12,23010,23500,23000,23250,1591
2017-06-13,23250,23800,23250,23800,10407
2017-06-14,23300,24250,23200,23500,13518
2017-06-15,23500,23500,23400,23455,55875
2017-06-16,23455,23500,23100,23500,6154
2017-06-19,23500,24000,23500,23500,138358
2017-06-20,23500,24000,23250,24000,3638
2017-06-21,23500,24000,23100,24000,4364
2017-06-23,23500,23800,23110,23110,528
2017-06-27,23200,23500,23110,23400,1728
2017-06-28,23200,24000,23100,24000,14025
2017-06-29,23400,23400,23100,23200,1597
2017-06-30,23500,24000,23500,24000,33998
2017-07-03,23500,24000,23500,23505,1353
2017-07-04,23505,24000,23505,23505,5712
2017-07-05,23505,24000,23500,24000,1664
2017-07-06,23500,24000,23500,24000,7314
2017-07-07,23600,24000,23500,24000,80983
2017-07-10,23500,24000,23500,23500,2218
2017-07-11,23500,24485,23500,23505,16633
2017-07-12,23505,23510,23500,23505,2558
2017-07-13,23510,23515,23300,23510,1295
2017-07-14,23510,24000,23505,24000,2978
2017-07-17,23600,23800,23500,23505,1500
2017-07-18,23500,23650,23500,23600,2163
2017-07-19,23600,24000,23600,24000,18642
2017-07-20,23550,24500,23550,24500,23772
2017-07-21,24250,24250,23550,24000,353
2017-07-24,24000,24000,23550,23550,1740
2017-07-25,24000,24000,23550,23600,4130
2017-07-26,23600,24500,23505,23605,78922
2017-07-27,23600,24000,23505,23800,5376
2017-07-28,23800,23975,23600,23800,4253
2017-07-31,23600,24000,23500,23505,26472
2017-08-01,23505,24000,23500,24000,25845
2017-08-02,23505,24000,23505,24000,802
2017-08-03,23505,24000,23505,24000,23102
2017-08-04,23800,24100,23800,24100,54200
2017-08-08,23900,24500,23900,24100,24685
2017-08-09,24000,24500,23995,24500,8282
2017-08-10,24000,24500,24000,24000,2734
2017-08-11,24000,24300,24000,24100,9400
2017-08-14,24000,24500,24000,24500,4567
2017-08-16,24000,24995,23800,24000,12075
2017-08-17,24000,24000,23805,23805,13314
2017-08-18,23805,24000,23505,23505,50004
2017-08-21,23600,23900,23505,23505,8830
2017-08-22,23500,24000,23500,23515,6770
2017-08-23,23515,23995,23515,23520,1086
2017-08-24,23520,23990,23520,23600,3220
2017-08-25,23520,23650,23500,23520,21762
2017-08-28,23525,23700,23525,23700,1322
2017-08-29,23795,24200,23540,24000,8168
2017-08-30,23800,24195,23605,24195,342
2017-08-31,23610,24185,23610,23700,21253
2017-09-04,23705,24000,23705,24000,10567
2017-09-05,23800,24150,23800,24000,13681
2017-09-06,23900,24195,23900,24000,22246
2017-09-07,24000,24000,23800,24000,21326
2017-09-08,23995,23995,23820,23820,668
2017-09-11,23995,24000,23850,23900,4193
2017-09-12,23900,24000,23820,23900,8309
2017-09-13,23900,24000,23825,23900,13916
2017-09-14,23900,23900,23600,23800,36425
2017-09-15,23800,23900,23600,23650,33866
2017-09-18,23900,23900,23355,23355,3247
2017-09-19,23450,23500,23300,23450,10050
2017-09-20,23355,23900,23350,23360,3869
2017-09-21,23350,23500,23350,23500,8048
2017-09-22,23350,23450,23350,23450,4766
2017-09-25,23350,23450,23300,23450,1914
2017-09-26,23400,23405,23260,23300,35598
2017-09-27,23350,23350,23150,23350,13788
2017-09-28,23350,23450,23200,23450,25728
2017-09-29,23450,23450,23000,23450,13987
2017-10-02,23395,23395,23295,23295,15703
2017-10-03,23300,23400,23000,23200,5611
2017-10-04,23300,23300,23000,23000,23012
2017-10-05,23000,23200,23000,23100,357
2017-10-06,23100,23400,23100,23400,21760
2017-10-09,23300,23400,23000,23200,583
2017-10-10,23200,23450,23100,23300,1893
2017-10-11,23300,23355,23300,23350,9445
2017-10-12,23355,23495,23350,23350,50951
2017-10-13,23300,23350,23300,23300,511
2017-10-16,23300,23350,23000,23010,9482
2017-10-17,23100,23300,23000,23300,1554
2017-10-18,23295,23295,23055,23100,3430
2017-10-19,23105,23300,23100,23300,1848
2017-10-20,23105,23300,23100,23100,7704
2017-10-23,23300,23300,23000,23100,5160
2017-10-24,23125,23125,22800,23000,3103
2017-10-25,23000,23000,22500,22995,24151
2017-10-26,23000,23000,22600,23000,1350
2017-10-27,23000,23000,21275,23000,8263
2017-10-30,22990,22995,22350,22995,79
2017-10-31,22900,23000,22900,23000,7961
2017-11-02,23000,23000,22875,23000,4955
2017-11-03,23000,23100,23000,23000,10457
2017-11-06,23000,23200,22905,22905,5529
2017-11-07,22900,23000,22900,23000,76818
2017-11-08,23000,23000,22995,23000,10653
2017-11-09,22995,23200,22900,22905,26561
2017-11-10,23000,23000,22900,22900,570
2017-11-13,22915,23000,22800,22900,442
2017-11-14,22895,22900,22800,22800,52524
2017-11-16,22800,22800,22600,22800,4276
2017-11-17,22800,22800,22600,22700,1152
2017-11-20,22800,22800,22100,22100,4290
2017-11-21,22400,22400,20445,22000,3918
2017-11-22,22390,23000,22385,22995,56832
2017-11-23,22990,22990,22500,22500,358
2017-11-24,22500,22900,22300,22300,1267
2017-11-27,22300,22500,22200,22200,2242
2017-11-28,22200,23000,22200,22500,18778
2017-11-29,22600,22600,22500,22505,2626
2017-11-30,22505,23000,22500,22900,32356
2017-12-04,22890,22900,22700,22800,33448
2017-12-05,22800,22905,22800,22800,35988
2017-12-06,22800,22905,22800,22900,1372
2017-12-07,22900,22995,22800,22900,16470
2017-12-08,22900,23000,22800,22900,25968
2017-12-11,22800,22800,22595,22595,1071
2017-12-12,22800,22800,22525,22600,5223
2017-12-13,22800,22800,22125,22500,4557
2017-12-14,22500,22500,20815,21070,4443
2017-12-15,21500,22000,21070,22000,1012
2017-12-18,21900,22000,21500,21950,11245
2017-12-19,22000,22000,21800,22000,2910
2017-12-20,22000,22250,21805,22000,14166
2017-12-21,21995,22000,21950,22000,1522
2017-12-22,22000,22400,22000,22400,3447
2017-12-26,22400,22400,21500,22000,48403
2017-12-27,22000,22005,22000,22000,16699
2017-12-28,22200,22600,22000,22600,886
2017-12-29,22500,23500,22300,23500,27835
2018-01-02,23200,23200,23000,23000,104
2018-01-03,22895,22895,22600,22700,199
2018-01-04,22500,22600,22450,22500,2597
2018-01-05,22450,22500,22400,22400,947
2018-01-08,22300,22400,22250,22250,860
2018-01-09,22250,22500,22005,22500,24805
2018-01-10,22500,22750,22400,22500,5649
2018-01-11,22500,22500,22400,22500,121693
2018-01-12,22500,22700,22500,22505,301
2018-01-15,22500,22500,22430,22500,601
2018-01-16,22490,22495,22300,22350,1024
2018-01-17,22500,22750,22500,22500,1667
2018-01-18,22550,22740,22400,22500,1191
2018-01-19,22500,22740,22350,22510,3462
2018-01-22,22510,22510,22500,22500,2723
2018-01-23,22500,22505,22500,22500,26631
2018-01-24,22500,22600,22500,22500,64439
2018-01-25,22500,22700,22300,22500,65064
2018-01-26,22500,22500,22300,22495,630
2018-01-29,22495,22495,22250,22490,2052
2018-01-30,22400,22505,22355,22505,33898
2018-01-31,22505,22505,22410,22505,21944
2018-02-01,22405,22900,22405,22900,84880
2018-02-02,22890,22890,22500,22600,376
2018-02-05,22500,22595,22300,22400,3014
2018-02-06,22400,22495,22150,22250,8732
2018-02-07,22250,22400,22250,22400,168
2018-02-08,22350,22400,22350,22360,1458
2018-02-09,22395,22400,22360,22360,1342
2018-02-12,22370,22400,22360,22380,1468
2018-02-13,22365,22400,22250,22250,1230
2018-02-14,22260,22400,22260,22400,54883
2018-02-15,22500,22500,22350,22400,1005
2018-02-16,22405,22405,22250,22250,6485
2018-02-19,22300,22400,22250,22250,1537
2018-02-20,22260,22450,22250,22250,3529
2018-02-21,22240,22250,22000,22000,3916
2018-02-22,22190,22190,21900,21900,3174
2018-02-23,22000,22000,21700,21700,2218
2018-02-26,21705,22000,21550,21695,1632
2018-02-27,21700,21800,21500,21500,48577
2018-02-28,21500,21700,21500,21500,1000
2018-03-01,21500,21500,21400,21500,3028
2018-03-02,21500,21550,21500,21500,1638
2018-03-05,21550,21550,21500,21500,28562
2018-03-06,21550,21550,21405,21500,34403
2018-03-07,21500,21605,21500,21605,22196
2018-03-08,21505,21605,21495,21520,25241
2018-03-09,21650,22250,21650,22250,891
2018-03-12,22200,22200,21995,21995,19206
2018-03-13,22000,22100,21655,22010,7666
2018-03-14,22010,22850,22000,22100,3690
2018-03-15,22100,22500,22100,22500,16732
2018-03-16,22400,22800,22300,22505,22570
2018-03-19,22250,22700,22250,22600,1093
2018-03-20,22500,22700,22500,22700,3335
2018-03-21,22700,22800,22650,22800,17588
2018-03-22,22800,22880,22650,22800,2292
2018-03-23,22890,23005,22890,23000,4659
2018-03-26,23000,23200,23000,23200,61875
2018-03-27,23200,23645,23200,23645,13910
2018-03-28,23645,23645,23300,23300,2276
2018-03-29,23255,23255,23005,23050,2224
2018-03-30,23050,23100,23000,23100,1960
2018-04-03,23000,23095,22800,22800,1655
2018-04-04,22800,23000,22510,22800,26012
2018-04-05,22800,23000,22800,22800,8120
2018-04-06,22800,23000,22700,22810,1164
2018-04-09,22995,23000,22995,23000,1932
2018-04-10,23005,23100,23005,23010,469
2018-04-11,23010,23300,23000,23300,17307
2018-04-12,23150,23300,23000,23200,14619
2018-04-13,23295,23300,23000,23200,31920
2018-04-16,23200,23200,23000,23200,1302
2018-04-17,23000,23300,23000,23210,9190
2018-04-18,23205,23215,23200,23200,1534
2018-04-19,23200,23300,23200,23300,203
2018-04-20,23300,23450,23300,23450,1015
2018-04-23,23400,23440,23315,23400,6055
2018-04-24,23300,23450,23200,23250,5145
2018-04-25,23250,23495,23250,23450,3570
2018-04-26,23455,23645,23455,23510,3415
2018-04-27,23510,23520,23510,23520,631
2018-04-30,23520,23520,23520,23520,20
2018-05-02,23450,23520,23450,23500,12115
2018-05-03,23500,23795,23500,23615,12343
2018-05-04,23615,23850,23525,23850,2033
2018-05-07,23620,23995,23620,23900,5047
2018-05-08,23850,23850,23525,23600,1191
2018-05-09,23600,23610,23600,23600,1807
2018-05-11,23600,23900,23600,23750,28651
2018-05-14,23750,23750,23600,23750,2307
2018-05-15,23750,24000,23750,23750,44900
2018-05-16,23500,23995,23500,23995,3365
2018-05-17,23995,23995,23600,23600,1449
2018-05-18,23200,23600,22750,23000,13694
2018-05-22,22540,23000,22500,22500,4971
2018-05-23,22500,22500,22105,22105,2635
2018-05-24,22105,22500,22105,22300,3466
2018-05-25,22200,22500,22115,22295,5900
2018-05-28,22300,22500,22200,22200,3582
2018-05-29,22215,22300,22100,22200,3240
2018-05-30,22245,22300,22200,22275,4189
2018-05-31,22300,22500,22300,22300,1541
2018-06-01,22500,22500,22305,22400,4004
2018-06-04,22500,22505,22495,22500,20834
2018-06-05,22500,22600,22500,22600,4723
2018-06-06,22600,22645,22600,22600,2022
2018-06-07,22600,22900,22600,22900,12373
2018-06-08,22800,22900,22800,22900,4489
2018-06-12,22805,23000,22795,23000,20254
2018-06-13,23000,23050,23000,23000,3555
2018-06-15,23000,23000,23000,23000,44099
2018-06-18,23100,23100,23000,23000,1423
2018-06-19,23000,23185,22900,23000,18051
2018-06-20,23000,23000,22800,23000,940
2018-06-21,23000,23000,22625,22990,321
2018-06-22,22625,22800,22625,22750,2153
2018-06-25,22750,22800,22355,22355,19594
2018-06-26,22395,22505,22350,22505,33185
2018-06-27,22510,22520,22400,22400,574
2018-06-28,22400,22750,22300,22300,27421
2018-06-29,22395,22400,22300,22300,130
2018-07-02,22300,22400,22300,22300,2159
2018-07-03,22300,22505,22300,22450,5077
2018-07-04,22450,22450,22400,22400,5681
2018-07-05,22450,22450,22205,22395,945
2018-07-06,22390,22390,22100,22350,35560
2018-07-09,22350,22395,22110,22300,2136
2018-07-10,22300,22300,22100,22250,25826
2018-07-11,22250,22250,22055,22100,5542
2018-07-12,22100,22100,22050,22100,2977
2018-07-13,22100,22100,22000,22045,255
2018-07-16,22045,22100,22000,22100,6627
2018-07-17,22005,22005,21500,21995,9629
2018-07-18,22000,22100,21700,22100,2770
2018-07-19,21800,22000,21700,21900,4299
2018-07-20,22000,22000,21705,21750,2142
2018-07-23,21800,21800,21510,21510,21154
2018-07-24,21500,21700,21500,21600,4841
2018-07-25,21600,21700,21505,21505,3663
2018-07-26,21600,21645,21515,21550,17562
2018-07-27,21510,21600,21500,21550,3717
2018-07-30,21550,21600,21500,21500,16149
2018-07-31,21500,21510,21350,21500,2923
2018-08-01,21500,21500,21300,21350,49070
2018-08-02,21350,21450,21000,21360,9133
2018-08-03,21400,21450,21365,21365,4224
2018-08-08,21400,21450,21365,21405,3329
2018-08-09,21405,21495,21385,21385,846
2018-08-10,21380,21380,21360,21380,1944
2018-08-13,21380,21385,21365,21380,2257
2018-08-14,21375,21380,21355,21380,3330
2018-08-16,21380,21395,21300,21395,7739
2018-08-17,21395,21395,21100,21395,1754
2018-08-20,21395,21395,21350,21350,25270
2018-08-22,21300,21395,21300,21305,19553
2018-08-23,21380,21380,21280,21290,14631
2018-08-24,21300,21350,21300,21300,4648
2018-08-27,21300,21350,21300,21310,778
2018-08-28,21300,21350,21280,21315,5382
2018-08-29,21315,21315,21120,21300,9156
2018-08-30,21300,21300,21295,21300,3374
2018-08-31,21270,21295,21270,21295,2433
2018-09-03,21290,21295,21150,21250,566
2018-09-04,21250,21300,21185,21255,37158
2018-09-05,21255,21255,21000,21000,3092
2018-09-06,21000,21100,21000,21100,977
2018-09-07,21100,21150,21000,21000,14044
2018-09-10,21000,21000,20900,20995,765
2018-09-11,20885,20885,20700,20700,1471
2018-09-12,20700,20725,20500,20500,6404
2018-09-13,20500,20500,20400,20400,24676
2018-09-14,20400,20495,20000,20495,79894
2018-09-17,20400,20495,20200,20200,1321
2018-09-18,20200,20250,20000,20200,1424
2018-09-19,20145,20145,19950,20000,553
2018-09-20,20000,20000,19600,20000,4371
2018-09-21,20000,20000,19950,20000,20359
2018-09-24,20000,20000,19900,20000,355
2018-09-25,20000,20095,19990,20000,19292
2018-09-26,20000,20100,20000,20000,10982
2018-09-27,20000,20150,20000,20100,1504
2018-09-28,20105,20150,20000,20105,2985
2018-10-01,20100,20450,20100,20100,1439
2018-10-02,20100,20200,20000,20000,2900
2018-10-03,20000,20000,19905,20000,4204
2018-10-04,20000,20000,19850,20000,10894
2018-10-05,20000,20000,19115,20000,10561
2018-10-08,19500,20000,18505,20000,9457
2018-10-09,19500,19990,19400,19990,48609
2018-10-10,19900,19950,19500,19950,9586
2018-10-11,19600,19895,19600,19895,439
2018-10-12,19700,19945,19500,19945,2132
2018-10-15,19895,19950,19500,19950,1342
2018-10-16,19800,19800,19405,19490,5308
2018-10-17,19500,19500,19400,19450,2970
2018-10-18,19450,19500,19000,19500,3660
2018-10-19,19490,19500,19200,19495,951
2018-10-22,19695,19695,19400,19495,823
2018-10-23,19400,19400,19000,19000,21096
2018-10-24,19000,19000,18500,18990,503
2018-10-25,18990,18995,18950,18990,1040
2018-10-26,18985,18990,18650,18990,22920
2018-10-29,18900,18990,18500,18990,13972
2018-10-30,18990,18990,18700,18700,19351
2018-10-31,18750,19000,18700,19000,3487
2018-11-02,18950,19000,18700,19000,14376
2018-11-05,19000,19000,18945,19000,7756
2018-11-06,18900,18950,18500,18950,22049
2018-11-07,18900,18950,18575,18950,76405
2018-11-08,18945,18945,18700,18700,44565
2018-11-09,18700,18700,18455,18700,342
2018-11-12,18650,18650,18500,18500,1654
2018-11-13,18495,18700,18250,18700,8281
2018-11-14,18700,18700,18350,18700,8205
2018-11-16,18690,18700,18330,18500,8956
2018-11-19,18500,18700,18210,18500,1894
2018-11-21,18400,18500,18200,18300,1768
2018-11-22,18300,18500,18000,18500,26769
2018-11-23,18300,18500,18000,18395,1515
2018-11-26,18400,18400,18000,18000,2027
2018-11-27,18000,18000,17750,17950,1067
2018-11-28,17990,18000,17895,18000,1868
2018-11-29,18000,18000,17800,17800,12593
2018-11-30,17795,18000,17750,18000,1165
2018-12-03,17850,17850,17795,17800,9899
2018-12-04,17800,17990,17600,17800,1841
2018-12-05,17795,17795,17700,17790,136195
2018-12-06,17790,17905,17650,17800,2281
2018-12-07,17790,17800,17660,17790,1503
2018-12-10,17800,17800,17700,17700,20539
2018-12-11,17790,17790,17500,17650,10233
2018-12-12,17585,17650,17400,17500,17120
2018-12-13,17400,17400,17300,17390,3236
2018-12-14,17395,17395,17010,17345,35019
2018-12-17,17345,17345,17150,17195,19955
2018-12-18,17195,17200,17000,17000,1786
2018-12-19,17000,17000,16000,16000,5108
2018-12-20,16010,16300,15500,15500,3164
2018-12-21,15505,16000,15500,16000,8601
2018-12-24,16000,16500,16000,16000,5826
2018-12-26,16500,16500,16010,16500,39177
2018-12-27,16505,17000,16445,17000,25844
2018-12-28,16660,17490,16660,17000,54424
2018-12-31,17000,17000,16000,16000,34964
2019-01-02,17000,17000,16000,16000,77923
2019-01-03,16500,17000,16000,17000,2187
2019-01-04,17000,17100,17000,17000,626
2019-01-07,17000,17000,16750,16990,3971
2019-01-08,16800,17000,16800,16990,15603
2019-01-09,17000,17000,16805,17000,3731
2019-01-10,16990,17000,16900,17000,29904
2019-01-11,16995,17000,16900,17000,1260
2019-01-14,17000,17000,16990,16995,34389
2019-01-15,16980,17000,16900,16900,9155
2019-01-16,16995,17000,16980,16980,2131
2019-01-17,16980,17000,16900,16975,13471
2019-01-18,16975,16980,16975,16975,4781
2019-01-21,16995,16995,16900,16975,1702
2019-01-22,16970,17000,16700,16895,51378
2019-01-23,16700,17000,16700,16800,28392
2019-01-24,16800,16800,16700,16800,4342
2019-01-25,17000,17000,16800,17000,853
2019-01-28,17000,17000,16800,16800,1487
2019-01-29,16895,16895,16795,16800,1155
2019-01-30,16900,17000,16800,16800,4469
2019-01-31,16800,16800,16495,16700,49763
2019-02-01,16700,16750,16550,16550,2010
2019-02-04,16695,16695,16400,16495,4329
2019-02-05,16595,16600,16200,16450,1872
2019-02-06,16400,16700,16125,16700,23320
2019-02-07,16800,17490,16700,17490,2427
2019-02-08,17490,17500,16850,16850,21823
2019-02-11,17000,17000,16860,17000,51284
2019-02-12,17000,17000,16850,17000,1920
2019-02-13,16980,17000,16860,17000,28760
2019-02-14,17000,17000,16950,17000,5091
2019-02-15,17000,17100,16950,17000,5049
2019-02-18,17000,17100,17000,17100,13517
2019-02-19,17000,17100,17000,17100,2352
2019-02-20,17095,17100,17095,17100,299
2019-02-21,17105,17200,17100,17100,4506
2019-02-22,17115,17300,17115,17300,912
2019-02-25,17315,17400,17310,17315,1463
2019-02-26,17500,18610,17500,18500,1067
2019-02-27,18510,18950,18495,18950,6469
2019-02-28,19000,20370,19000,20300,22911
2019-03-01,20320,20400,20000,20000,4118
2019-03-04,20000,20000,19990,19990,9407
2019-03-05,19990,19995,19600,19900,3485
2019-03-06,19900,19900,19595,19600,1314
2019-03-07,19600,19600,19485,19500,3512
2019-03-08,19495,19500,19450,19500,20699
2019-03-11,19400,19500,19400,19495,3305
2019-03-12,19495,19600,19450,19550,23894
2019-03-13,19550,19550,19500,19545,1788
2019-03-14,19545,19600,19545,19550,1417
2019-03-15,19565,19600,19550,19600,7439
2019-03-18,19600,19600,19500,19550,20373
2019-03-19,19550,19600,19500,19600,47620
2019-03-20,19600,20000,19600,20000,3192
2019-03-21,20000,20000,19995,19995,449
2019-03-22,19995,20000,19900,19900,731
2019-03-25,19800,19900,19700,19700,2135
2019-03-26,19800,19895,19600,19600,1302
2019-03-27,19610,19795,19555,19750,1311
2019-03-28,19745,19745,19675,19675,557
2019-03-29,19650,19675,19500,19600,9528
2019-04-01,19400,19595,19400,19550,1361
2019-04-02,19500,19550,19500,19500,12953
2019-04-03,19500,19650,19500,19500,1490
2019-04-04,19500,19745,19500,19725,1690
2019-04-05,19725,19725,19700,19700,661
2019-04-08,19720,19850,19650,19700,2057
2019-04-09,19690,19700,19600,19700,1704
2019-04-10,19500,19700,19500,19650,2669
2019-04-11,19600,19700,19450,19450,995
2019-04-12,19450,19450,19295,19295,315
2019-04-15,19400,19400,19000,19000,2789
2019-04-16,19000,19500,19000,19000,7949
2019-04-17,19005,19495,19005,19480,5999
2019-04-18,19020,19400,19020,19300,9887
2019-04-19,19300,19300,19300,19300,34
2019-04-23,19300,19300,19295,19300,1196
2019-04-24,19300,19300,19300,19300,1234
2019-04-25,19300,19500,19200,19350,19385
2019-04-26,19300,19350,19300,19350,845
2019-04-29,19300,19490,19300,19350,2249
2019-04-30,19340,19340,19295,19300,751
2019-05-02,19295,19295,19000,19205,3524
2019-05-03,19000,19100,18995,18995,73985
2019-05-06,18990,18995,18605,18605,1376
2019-05-07,18605,19500,18605,19500,16650
2019-05-08,19400,19400,18950,19000,8135
2019-05-09,19000,19000,18990,18990,605
2019-05-10,17490,17500,17485,17490,7495
2019-05-13,17400,17400,16310,17200,2327
2019-05-14,17200,17200,17200,17200,865
2019-05-15,17100,17300,17000,17100,31480
2019-05-16,17200,17200,17005,17010,4457
2019-05-17,17195,17200,17005,17005,4763
2019-05-20,17005,17095,17000,17000,7273
2019-05-21,17000,17000,16900,17000,5762
2019-05-22,17000,17000,16900,16990,17923
2019-05-23,17000,17000,16995,17000,19292
2019-05-24,17010,17095,16995,17000,28193
2019-05-27,16995,17000,16990,16990,8871
2019-05-28,16990,17000,16950,16950,3177
2019-05-29,16990,17000,16990,17000,3799
2019-05-31,16995,16995,16950,16995,8809
2019-06-03,16990,16995,16800,16990,2674
2019-06-05,16995,16995,16900,16995,13896
2019-06-06,16990,16995,16900,16995,20041
2019-06-07,16990,16995,16990,16995,195
2019-06-11,16990,16995,16985,16985,1279
2019-06-12,16985,16985,16810,16980,2711
2019-06-13,16980,16980,16805,16895,46522
2019-06-14,16895,16895,16800,16865,5191
2019-06-17,16845,16850,16700,16775,7664
2019-06-18,16775,16850,16755,16775,5428
2019-06-19,16775,16775,16700,16775,4203
2019-06-20,16775,16775,16700,16700,627
2019-06-21,16700,16700,16500,16695,4653
2019-06-24,16695,16695,16400,16405,4727
2019-06-25,16405,16500,16405,16500,3519
2019-06-26,16500,16500,16420,16500,18719
2019-06-27,16495,16695,16455,16695,1830
2019-06-28,16500,16695,16500,16500,57494
2019-07-01,16600,16600,16500,16500,48547
2019-07-02,16505,16505,16450,16500,4145
2019-07-03,16500,16520,16500,16500,1451
2019-07-04,16500,16680,16500,16680,4435
2019-07-05,16495,16680,16495,16500,14609
2019-07-08,16460,16500,16450,16450,3151
2019-07-09,16500,16500,16450,16500,2711
2019-07-10,16450,16500,16450,16500,1725
2019-07-11,16500,16500,16450,16455,2007
2019-07-12,16460,16490,16460,16465,27495
2019-07-15,16465,16480,16465,16480,10772
2019-07-16,16480,16505,16480,16490,39651
2019-07-17,16500,16505,16490,16490,1292
2019-07-18,16490,16600,16490,16495,33106
2019-07-19,16495,16690,16495,16690,3322
2019-07-22,16500,16695,16450,16690,11957
2019-07-23,16500,16600,16500,16600,1423
2019-07-24,16600,16600,16595,16600,1017
2019-07-25,16600,16695,16555,16600,9190
2019-07-26,16600,16610,16600,16605,4142
2019-07-29,16600,16605,16550,16605,2802
2019-07-30,16605,16800,16600,16700,20465
2019-07-31,16700,16995,16700,16995,1054
2019-08-01,16995,16995,16905,16995,1390
2019-08-02,16995,17100,16995,17000,8233
2019-08-05,17000,17000,16995,17000,674
2019-08-06,17000,17005,16995,17000,36322
2019-08-08,17000,17500,17000,17000,75249
2019-08-09,17000,17495,17000,17000,622
2019-08-13,17000,17000,16900,16900,40012
2019-08-14,16995,17000,16900,17000,1695
2019-08-16,16995,17000,16900,16950,1988
2019-08-19,16950,16950,16700,16900,616
2019-08-20,16900,16900,16600,16600,5137
2019-08-21,16600,16600,16550,16600,2223
2019-08-22,16600,16600,16590,16595,8673
2019-08-23,16595,16600,16570,16580,1271
2019-08-26,16600,16700,16580,16600,3389
2019-08-27,16695,16695,16500,16500,7519
2019-08-28,16495,16500,16350,16500,8275
2019-08-29,16500,16500,16450,16450,860
2019-08-30,16445,16445,16350,16395,405
2019-09-02,16355,16395,16110,16110,1328
2019-09-03,16100,16200,16000,16200,6487
2019-09-04,16195,16200,16195,16200,1238
2019-09-05,16200,16450,16200,16200,2748
2019-09-06,16200,16450,16100,16100,9172
2019-09-09,16100,16100,16000,16000,25580
2019-09-10,16000,16000,15850,15850,666
2019-09-11,16000,16000,15545,15550,4639
2019-09-12,15550,15550,15495,15500,44566
2019-09-13,15550,15555,15495,15500,6408
2019-09-16,15500,15550,15415,15475,39380
2019-09-17,15495,15495,15400,15440,3140
2019-09-18,15440,15500,15395,15395,1123
2019-09-19,15395,15395,15200,15295,4051
2019-09-20,15150,15250,15150,15200,14943
2019-09-23,15200,15200,15185,15200,105758
2019-09-24,15190,15200,15125,15195,1188
2019-09-25,15190,15195,15185,15185,16700
2019-09-26,15200,15200,15100,15155,3578
2019-09-27,15155,15195,15155,15190,5769
2019-09-30,15155,15190,15000,15005,7566
2019-10-01,15010,15185,15005,15005,25745
2019-10-02,15010,15010,14820,14820,30490
2019-10-03,14820,15000,14800,15000,5395
2019-10-04,15000,15000,14955,14995,606
2019-10-07,14955,14990,14900,14950,662
2019-10-08,14925,14925,14700,14800,14291
2019-10-09,14800,14800,14700,14700,3720
2019-10-10,14700,14750,14700,14705,516
2019-10-11,14710,14710,14700,14705,1936
2019-10-14,14800,14800,14705,14795,2043
2019-10-15,14800,14900,14800,14900,375
2019-10-16,14900,15005,14900,15000,51368
2019-10-17,15000,15100,14910,14910,4843
2019-10-18,15000,15095,15000,15000,24758
2019-10-21,15095,15095,15000,15000,40650
2019-10-22,15000,15025,14950,15000,4177
2019-10-23,15000,15000,15000,15000,113426
2019-10-24,15000,15000,14960,15000,8399
2019-10-25,15000,15000,14960,14960,2188
2019-10-28,15000,15000,14970,14970,2638
2019-10-29,14990,15000,14990,15000,1301
2019-10-30,14970,15000,14960,15000,2829
2019-10-31,14995,14995,14990,14995,64
2019-11-04,15000,15000,14700,14990,8029
2019-11-05,14990,14990,14750,14980,64986
2019-11-06,14980,14980,14755,14980,4787
2019-11-07,14945,14980,14850,14980,683
2019-11-08,14980,14980,14970,14980,12995
2019-11-11,14990,14990,14700,14700,15454
2019-11-12,14700,14805,14700,14805,32848
2019-11-13,14800,14900,14755,14800,1224
2019-11-14,14800,14805,14700,14750,10818
2019-11-18,14900,14900,14750,14800,3399
2019-11-19,14750,14800,14750,14800,22964
2019-11-20,14800,14800,14750,14790,45972
2019-11-21,14790,14800,14750,14795,14452
2019-11-22,14795,14795,14700,14795,5930
2019-11-25,14790,14800,14725,14790,1605
2019-11-26,14790,14790,14745,14750,1349
2019-11-27,14745,14750,14740,14745,979
2019-11-28,14745,14745,14695,14700,23700
2019-11-29,14700,14700,14695,14695,499
2019-12-02,14610,14700,14500,14690,20949
2019-12-03,14605,14700,14605,14680,13885
2019-12-04,14650,14650,14490,14490,1550
2019-12-05,14490,14500,14255,14500,747
2019-12-06,14490,14490,14400,14485,3400
2019-12-09,14485,14485,14350,14390,551
2019-12-10,14370,14390,14000,14000,2575
2019-12-11,14295,14295,14000,14100,13881
2019-12-12,14000,14100,13990,14000,9511
2019-12-13,13900,14000,13800,14000,2696
2019-12-16,14000,14000,14000,14000,1304
2019-12-17,14000,14000,13980,14000,21377
2019-12-18,13995,14000,13950,13995,11037
2019-12-19,13995,14000,13955,14000,8265
2019-12-20,14000,14090,14000,14090,9091
2019-12-23,14010,15000,14010,14990,1927
2019-12-24,14700,16000,14600,16000,7188
2019-12-26,16000,16000,15990,16000,4492
2019-12-27,16000,17000,15990,17000,21458
2019-12-30,16985,17000,16000,16900,25866
2019-12-31,16495,16995,16490,16995,23869
2020-01-02,16500,16900,16500,16900,497
2020-01-03,16500,16800,16500,16800,26
2020-01-06,16695,16695,16500,16500,222
2020-01-07,16005,16495,15995,16000,831
2020-01-08,16000,16000,15000,15000,2846
2020-01-09,15000,15500,14995,15500,24709
2020-01-10,15010,15500,15010,15500,18647
2020-01-13,15020,15550,15020,15500,69461
2020-01-14,15500,15505,15500,15500,34530
2020-01-15,15500,15550,15500,15535,191
2020-01-16,15600,15650,15600,15650,17
2020-01-17,15650,16000,15650,16000,1019
2020-01-20,16000,16050,16000,16000,5973
2020-01-21,16000,16000,16000,16000,1608
2020-01-22,16000,16000,15725,15800,4918
2020-01-23,15800,16000,15710,15800,1151
2020-01-24,15800,15800,15710,15800,5580
2020-01-27,15710,15800,15700,15700,10591
2020-01-28,15650,15700,15550,15600,39444
2020-01-29,15600,15600,15550,15600,27246
2020-01-30,15550,15700,15350,15600,2472
2020-01-31,15550,15600,15350,15550,2672
2020-02-03,15500,15550,15500,15550,3604
2020-02-04,15405,15550,15400,15500,1460
2020-02-05,15500,15500,15300,15405,2990
2020-02-06,15410,15410,15100,15110,4020
2020-02-07,15105,15400,15000,15000,20848
2020-02-10,15000,15000,14500,14500,1153
2020-02-11,14705,15000,14500,15000,4335
2020-02-12,14650,14650,14650,14650,1936
2020-02-13,14600,14600,14600,14600,6320
2020-02-14,14600,14600,14595,14600,1073
2020-02-17,14600,15000,14500,14995,14302
2020-02-18,14975,14995,14900,14995,1413
2020-02-19,14800,14800,14600,14600,3041
2020-02-20,14705,14705,14505,14600,2105
2020-02-21,14605,14605,14595,14600,2227
2020-02-24,14500,14700,14495,14700,1746
2020-02-25,14600,14700,14450,14500,20560
2020-02-26,14700,14700,14500,14600,3306
2020-02-27,15000,15000,14600,15000,52309
2020-02-28,15000,15000,14990,14995,1417
2020-03-02,14800,15500,14800,15500,771
2020-03-03,15000,15050,15000,15000,1767
2020-03-04,15000,15000,14800,14800,4813
2020-03-05,14805,14805,14720,14720,2118
2020-03-06,14920,14920,14700,14720,778
2020-03-09,14720,14720,14600,14600,5257
2020-03-10,14600,14700,14500,14700,2897
2020-03-11,14600,14700,14450,14450,12429
2020-03-12,14500,14500,14320,14500,14319
2020-03-13,14500,14500,14450,14500,1767
2020-03-16,14500,14500,14250,14300,7414
2020-03-17,14285,14285,14000,14090,5346
2020-03-18,14000,14000,13990,13990,3120
2020-03-19,13950,13950,13500,13500,77727
2020-03-20,13895,13900,13500,13500,30545
2020-03-23,13500,13500,13125,13125,63154
2020-03-24,13205,13250,13205,13245,1783
2020-03-25,13215,13245,13205,13225,3225
2020-03-26,13200,13200,13000,13000,4595
2020-03-27,13125,13125,12930,12995,4091
2020-03-30,12995,13000,12990,12995,5695
2020-03-31,12995,13000,12900,12995,7364
2020-04-01,12985,12995,12900,12970,5100
2020-04-02,12970,12970,12800,12970,5419
2020-04-03,13000,13000,12800,13000,34807
2020-04-06,13000,13020,13000,13000,10341
2020-04-07,12995,13000,12970,13000,20061
2020-04-08,12995,13005,12995,13000,86940
2020-04-09,13000,13005,12995,13000,19505
2020-04-10,13050,13050,13000,13000,4300
2020-04-14,13000,13200,13000,13000,28815
2020-04-15,13000,13195,12995,13000,12949
2020-04-16,13000,13000,12950,13000,80165
2020-04-17,13000,13005,13000,13000,62188
2020-04-20,13100,13100,13000,13000,7058
2020-04-21,13005,13100,13000,13100,43492
2020-04-22,13200,14080,13200,13200,3156
2020-04-23,13300,14190,13300,14190,1271
2020-04-24,14500,14500,13895,14400,32575
2020-04-27,14200,14400,13900,14400,19910
2020-04-28,14495,14500,13900,14400,5700
2020-04-29,14395,14400,13895,13895,3535
2020-04-30,14000,14000,13900,13900,2002
2020-05-04,14175,14175,13895,13895,11752
2020-05-05,14000,14000,13900,13900,11117
2020-05-06,13900,13900,13895,13900,4455
2020-05-07,13890,13890,13800,13885,1181
2020-05-08,13885,13900,13700,13900,5969
2020-05-11,13900,13910,13800,13910,5689
2020-05-12,13995,14000,13950,14000,2575
2020-05-13,14100,14225,14100,14225,11558
2020-05-14,14300,14300,14200,14215,17558
2020-05-15,14215,14255,14215,14250,1933
2020-05-18,12995,12995,12500,12500,1410
2020-05-19,12500,12600,12500,12505,1175
2020-05-22,12955,12955,12700,12895,3176
2020-05-25,12900,12900,12895,12900,884
2020-05-26,12750,12895,12750,12895,285
2020-05-27,12895,13395,12805,13395,8329
2020-05-28,13390,13395,13300,13300,1885
2020-05-29,13200,13500,13200,13485,25126
2020-06-02,13500,14000,13500,14000,31471
2020-06-03,13995,13995,13510,13510,1108
2020-06-04,13700,14000,13600,14000,8835
2020-06-05,14000,14000,13900,13995,4748
2020-06-08,13985,13995,13800,13995,5744
2020-06-09,13990,13995,13905,13995,3134
2020-06-10,13995,13995,13950,13980,4797
2020-06-11,13990,13990,13510,13510,5088
2020-06-12,13890,14000,13500,13500,38313
2020-06-15,13500,13500,13000,13000,2956
2020-06-16,13000,13000,12995,13000,2812
2020-06-17,12985,12985,12875,12880,10253
2020-06-18,12880,12900,12750,12880,9220
2020-06-19,12900,12995,12500,12995,94637
2020-06-22,12990,12995,12880,12990,986
2020-06-23,12995,12995,12500,12995,18645
2020-06-24,12985,12985,12950,12985,1774
2020-06-25,12955,12990,12885,12900,3212
2020-06-26,12975,12990,12905,12990,5160
2020-06-29,12985,12985,12905,12985,1285
2020-06-30,12985,12990,12980,12990,1522
2020-07-01,12985,12995,12985,12995,4916
2020-07-02,12990,12995,12700,12900,3499
2020-07-03,13100,13100,12900,12900,4240
2020-07-06,12900,12900,12880,12890,2150
2020-07-07,12885,12885,12800,12800,511
2020-07-08,12845,12845,12500,12500,20246
2020-07-09,12500,12750,12495,12500,7296
2020-07-10,12500,12500,12480,12500,1176
2020-07-13,12500,12500,12480,12500,1331
2020-07-14,12500,12500,12495,12500,3518
2020-07-15,12500,12500,12400,12500,7545
2020-07-16,12400,12495,12400,12400,1755
2020-07-17,12400,12490,12400,12490,4959
2020-07-20,12490,12490,12400,12450,3180
2020-07-21,12405,12450,12345,12345,18009
2020-07-22,12320,12345,12100,12200,29106
2020-07-23,12200,12200,12190,12190,1990
2020-07-24,12190,12190,12100,12190,8031
2020-07-27,12200,12200,12100,12185,2417
2020-07-28,12095,12100,11995,11995,14703
2020-07-29,11500,11990,11500,11950,113948
2020-07-30,11950,12200,11945,12000,3307
2020-08-03,12000,12000,11800,11875,1551
2020-08-04,11850,12500,11750,12500,7849
2020-08-05,12295,12885,11600,12885,17072
2020-08-06,12880,12880,11925,12880,2498
2020-08-10,12500,12500,12450,12495,1736
2020-08-11,12495,12875,12495,12875,4550
2020-08-12,12495,12800,12490,12800,3076
2020-08-13,12790,12790,12485,12790,6468
2020-08-14,12700,12800,12500,12800,2566
2020-08-17,12500,12795,12500,12745,8840
2020-08-18,12745,12745,12600,12745,3477
2020-08-19,12745,12745,12500,12700,2914
2020-08-20,12700,12735,12500,12735,5953
2020-08-21,12700,12735,12500,12650,119
2020-08-24,12500,12595,12300,12595,8140
2020-08-25,12495,12600,12300,12600,9177
2020-08-26,12590,12600,12500,12595,2413
2020-08-27,12590,12590,12400,12450,22566
2020-08-28,12450,12720,12395,12450,13480
2020-08-31,12495,12495,12310,12490,1110
2020-09-01,12490,12490,12310,12440,5114
2020-09-02,12400,12445,12300,12300,2961
2020-09-03,12445,12445,12300,12400,767
2020-09-04,12400,12440,12335,12440,457
2020-09-07,12400,12400,12200,12400,2720
2020-09-08,12395,12400,11880,12200,7108
2020-09-09,12200,12200,12000,12200,529
2020-09-10,12100,12400,11900,12400,1342
2020-09-11,12250,12300,12000,12150,3693
2020-09-14,12200,12390,12000,12390,694
2020-09-15,12000,12000,11800,12000,7891
2020-09-16,12000,12000,11800,11850,15142
2020-09-17,11890,11950,11805,11900,8678
2020-09-18,11900,11900,11890,11895,3092
2020-09-21,11890,11895,11500,11800,5229
2020-09-22,11800,11800,11500,11785,5072
2020-09-23,11745,11745,11745,11745,540
2020-09-24,11710,11710,11700,11700,2983
2020-09-25,11700,11700,11690,11690,18039
2020-09-28,11695,11695,11570,11600,18918
2020-09-29,11600,11700,11500,11600,13934
2020-09-30,11500,11600,11500,11600,3414
2020-10-01,11500,11600,11500,11600,3636
2020-10-02,11600,11600,11500,11500,5756
2020-10-05,11500,11595,11495,11500,1749
2020-10-06,11500,11500,11490,11495,707
2020-10-07,11495,11500,11490,11490,6529
2020-10-08,11495,11500,11450,11490,3841
2020-10-09,11490,11490,11450,11450,517
2020-10-12,11400,11450,11350,11435,4520
2020-10-13,11400,11400,11350,11350,24633
2020-10-14,11350,11350,11250,11300,16611
2020-10-15,11205,11300,11195,11195,7874
2020-10-16,11200,11200,11005,11185,10543
2020-10-19,11180,11195,11100,11150,9418
2020-10-20,11200,11200,10985,10985,13091
2020-10-21,10985,11200,10950,10985,40532
2020-10-22,10995,11000,10800,11000,32582
2020-10-23,10985,10985,10800,10985,2109
2020-10-26,10900,10980,10315,10500,152304
2020-10-27,10900,10900,10500,10850,2333
2020-10-28,10850,10985,10845,10950,1513
2020-10-30,10950,11500,10900,11500,2942
2020-11-02,11495,12000,11400,12000,442
2020-11-03,12000,12000,11495,11500,7103
2020-11-04,11500,11500,11500,11500,54432
2020-11-05,12000,12000,11490,11600,875
2020-11-06,11500,11500,11500,11500,2096
2020-11-09,11500,11600,11200,11400,3791
2020-11-10,11500,11500,11400,11500,49840
2020-11-11,11500,11500,11400,11500,1658
2020-11-12,11300,11500,11300,11450,1111
2020-11-13,11440,11495,11440,11490,1309
2020-11-16,11490,11490,11400,11400,39399
2020-11-17,11490,11490,11380,11400,14454
2020-11-18,11400,11400,11305,11400,2708
2020-11-19,11400,11400,11100,11385,9044
2020-11-20,11300,11450,11090,11450,15087
2020-11-23,11385,11400,11160,11400,4820
2020-11-24,11300,11390,11265,11265,26438
2020-11-25,11300,11300,11250,11275,2311
2020-11-26,11265,11290,11050,11160,2492
2020-11-27,11100,11300,11100,11300,6476
2020-11-30,11250,11300,11160,11200,26422
2020-12-01,11100,11300,11100,11200,3844
2020-12-02,11230,11290,11200,11200,1100
2020-12-03,11200,11300,11100,11200,20007
2020-12-04,11200,11400,11000,11400,37322
2020-12-07,11395,11500,11200,11500,4757
2020-12-08,11500,11650,11395,11650,5920
2020-12-09,11500,11500,11250,11250,86428
2020-12-10,11495,11500,11450,11500,32672
2020-12-11,11400,11500,11395,11500,1467
2020-12-14,11500,11500,11445,11450,139468
2020-12-15,11450,12000,11395,12000,46812
2020-12-16,11995,12900,11995,12900,3205
2020-12-17,13000,13865,12495,13865,423086
2020-12-18,13200,13700,13000,13700,182233
2020-12-21,13300,13845,12900,13845,6702
2020-12-22,13790,13795,13000,13795,16102
2020-12-23,13500,13500,13000,13000,1099
2020-12-24,13190,13190,12900,13000,7417
2020-12-28,13000,13765,12500,13695,10922
2020-12-29,13450,13500,13000,13500,17153
2020-12-30,13100,13500,12850,13500,33409
2020-12-31,13495,13500,12500,13500,65366
2021-01-04,13100,13100,12495,13000,829
2021-01-05,12500,13250,12500,13250,4767
2021-01-06,12995,12995,12400,12500,145
2021-01-07,12495,12700,12400,12700,2340
2021-01-08,12695,12700,12495,12700,3597
2021-01-11,12495,12500,12495,12500,7888
2021-01-12,12500,12500,12015,12500,2095
2021-01-13,12400,12495,12000,12495,12109
2021-01-14,12495,12495,12000,12000,29122
2021-01-15,12000,12000,11800,11895,37267
2021-01-18,11890,11890,11750,11750,20889
2021-01-19,11750,11750,11300,11495,23651
2021-01-20,11495,11500,11495,11500,4781
2021-01-21,11485,11485,11400,11485,33452
2021-01-22,11485,11500,11485,11500,3417
2021-01-25,11500,11505,11495,11495,15372
2021-01-26,11495,11500,11485,11500,766
2021-01-27,11500,11500,11490,11500,13455
2021-01-28,11500,11500,11480,11490,1285
2021-01-29,11490,11490,11000,11000,93927
2021-02-01,11105,11485,11100,11200,51350
2021-02-02,11205,11300,11200,11250,26176
2021-02-03,11300,11500,11300,11500,55212
2021-02-04,11500,11500,11490,11490,857
2021-02-05,11500,11500,11100,11290,163189
2021-02-08,11295,11300,11110,11200,7221
2021-02-09,11200,11200,11150,11195,1563
2021-02-10,11195,11200,11190,11200,2177
2021-02-11,11200,11420,11190,11420,9125
2021-02-12,11200,11200,11195,11200,7028
2021-02-15,11200,11200,11150,11200,8452
2021-02-16,11200,11290,11160,11200,13578
2021-02-17,11300,11300,11200,11300,5787
2021-02-18,11300,11300,11225,11300,45794
2021-02-19,11270,11300,11260,11290,24718
2021-02-22,11500,11500,11290,11305,15850
2021-02-23,11305,11500,11305,11500,973
2021-02-24,11550,11800,11550,11650,3935
2021-02-25,11670,11890,11670,11890,5500
2021-02-26,11905,12775,11905,12775,8285
2021-03-01,12805,13445,12805,13000,5273
2021-03-02,12980,13000,12800,13000,45764
2021-03-03,12950,13000,12950,12995,16063
2021-03-04,12990,12990,12935,12935,4574
2021-03-05,12900,12900,12875,12875,2590
2021-03-08,12875,12875,12600,12600,2362
2021-03-09,12500,12640,12500,12590,2153
2021-03-10,12500,12550,12400,12400,627
2021-03-11,12400,12500,12390,12500,1139
2021-03-12,12350,12495,12200,12200,1285
2021-03-15,12200,12300,12200,12300,1831
2021-03-16,12300,12300,12200,12300,872
2021-03-17,12310,12500,12310,12350,741
2021-03-18,12350,12500,12350,12500,695
2021-03-19,12730,13000,12500,13000,1830
2021-03-22,12995,12995,12500,12985,1188
2021-03-23,12900,12900,12500,12500,119099
2021-03-24,12500,12550,12500,12500,1440
2021-03-25,12500,12900,12350,12355,51958
2021-03-26,12350,12500,12300,12500,1828
2021-03-29,12450,12600,12310,12500,29365
2021-03-30,12500,12900,12500,12505,69
2021-03-31,12520,12900,12520,12900,5792
2021-04-01,12750,12800,12700,12800,1535
2021-04-02,12795,12800,12700,12795,735
2021-04-06,12775,12900,12700,12900,5145
2021-04-07,12905,12940,12800,12900,5705
2021-04-08,12985,12985,12900,12985,5256
2021-04-09,12985,13000,12900,12995,7444
2021-04-12,12710,13000,12710,12900,15584
2021-04-13,12905,13010,12905,13000,8664
2021-04-14,13000,13230,13000,13215,36741
2021-04-15,13400,13500,13220,13500,36506
2021-04-16,13500,13700,13500,13690,69562
2021-04-19,13690,13800,13690,13710,14376
2021-04-20,13715,14000,13715,14000,91836
2021-04-21,13990,14000,13050,13985,14441
2021-04-22,13900,14000,13890,13890,5219
2021-04-23,13890,13890,13100,13795,1916
2021-04-26,13500,13600,13500,13560,1264
2021-04-27,13560,13650,13560,13600,919
2021-04-28,13650,13895,13550,13700,1634
2021-04-29,13700,13890,13690,13845,1268
2021-04-30,13695,13845,13695,13845,8340
2021-05-03,13840,13840,13700,13805,50420
2021-05-04,13805,14005,13750,14000,123426
2021-05-05,14000,14000,13995,14000,36892
2021-05-06,14000,14195,14000,14195,9491
2021-05-07,14195,14500,14195,14500,55666
2021-05-10,14500,14600,14500,14505,6402
2021-05-11,14500,15000,14500,14955,58533
2021-05-14,13500,13550,13500,13500,27339
2021-05-17,13395,13600,13395,13600,18478
2021-05-18,13450,13600,13450,13500,19999
2021-05-19,13500,13500,13400,13500,2478
2021-05-20,13500,13600,13500,13600,18449
2021-05-21,13600,14000,13600,14000,14540
2021-05-25,14030,14450,14030,14150,5717
2021-05-26,14105,14550,14105,14500,52076
2021-05-27,14500,14500,14400,14400,5839
2021-05-28,14350,14350,13780,14300,5386
2021-05-31,14175,14175,13800,13800,1587
2021-06-01,13800,13800,13500,13790,5040
2021-06-02,13520,13600,13520,13575,4395
2021-06-03,13570,13575,13500,13575,3758
2021-06-04,13555,13575,13500,13500,9848
2021-06-07,13495,13545,13200,13545,1405
2021-06-08,13545,13575,13300,13545,2581
2021-06-09,13500,13575,13500,13575,21034
2021-06-10,13580,13700,13580,13580,8506
2021-06-11,13600,13995,13600,13610,1144
2021-06-14,13700,13800,13610,13800,708
2021-06-15,13810,13855,13810,13855,816
2021-06-16,13865,13900,13865,13900,3619
2021-06-17,13905,13905,13865,13865,1928
2021-06-18,13865,14000,13865,13900,633
2021-06-21,13865,13900,13715,13715,4042
2021-06-22,13800,13900,13500,13850,13874
2021-06-23,13850,13850,13500,13575,5961
2021-06-24,13580,13580,13500,13570,2719
2021-06-25,13570,13840,13450,13840,3647
2021-06-28,13840,13840,13500,13840,3483
2021-06-29,13790,13790,13500,13500,9969
2021-06-30,13500,13500,13450,13500,9505
2021-07-01,13400,13495,13400,13400,1296
2021-07-02,13495,13500,13405,13500,33979
2021-07-05,13500,13500,13500,13500,690
2021-07-06,13500,13500,13395,13400,55045
2021-07-07,13405,13500,13100,13300,14796
2021-07-08,13105,13300,13100,13300,21529
2021-07-09,13300,13500,12500,13500,139617
2021-07-12,13500,13500,13300,13305,299
2021-07-13,13500,13500,13305,13305,662
2021-07-14,13305,13500,13300,13400,315
2021-07-15,13400,13495,13400,13400,260
2021-07-16,13495,13495,13000,13400,2632
2021-07-19,13500,14000,13470,14000,5930
2021-07-21,14000,14300,14000,14200,13397
2021-07-22,14205,14290,14200,14290,853
2021-07-23,14210,14285,14005,14275,24074
2021-07-26,14200,14205,14200,14200,776
2021-07-27,14270,14285,14005,14285,3233
2021-07-28,14280,14285,14020,14275,1965
2021-07-29,14275,14285,14040,14275,5096
2021-07-30,14275,14280,14050,14280,751
2021-08-02,14270,14290,14050,14250,3819
2021-08-03,14250,14290,14040,14040,2241
2021-08-04,14040,14200,14040,14060,1265
2021-08-05,14240,14280,14040,14280,1623
2021-08-06,14280,14285,14040,14285,6642
2021-08-09,14275,14275,14035,14250,1741
2021-08-10,14040,14250,13600,14000,3839
2021-08-11,14000,14000,13900,14000,1315
2021-08-12,14000,14000,13995,14000,6212
2021-08-13,14000,14000,13995,14000,602
2021-08-16,14000,14000,13895,13995,903
2021-08-17,13995,14000,13900,14000,10739
2021-08-18,14000,14005,14000,14005,2659
2021-08-19,14010,14240,13995,14240,6497
2021-08-20,14005,14100,14000,14000,2495
2021-08-23,14000,14100,13905,14000,2062
2021-08-24,14000,14000,13900,13900,4403
2021-08-25,13900,13900,13600,13800,12632
2021-08-26,13800,13900,13700,13700,1730
2021-08-27,13700,13800,13515,13795,14805
2021-08-30,13795,13795,13500,13700,6457
2021-08-31,13690,13700,13505,13700,1629
2021-09-01,13620,13700,13620,13680,853
2021-09-02,13685,13800,13620,13700,11522
2021-09-03,13700,13700,13620,13700,833
2021-09-06,13700,13700,13600,13700,1951
2021-09-07,13700,13700,13555,13650,5106
2021-09-08,13700,13790,13660,13695,53166
2021-09-09,13695,13695,13655,13690,2292
2021-09-10,13690,13690,13670,13690,1841
2021-09-13,13670,13685,13650,13650,1559
2021-09-14,13650,13800,13400,13500,63850
2021-09-15,13600,13600,13500,13500,36330
2021-09-16,13500,13600,13500,13500,5528
2021-09-17,13600,13600,13510,13600,1416
2021-09-20,13585,13600,13405,13600,79701
2021-09-21,13505,13600,13500,13600,7886
2021-09-22,13600,13690,13600,13600,2178
2021-09-23,13650,14000,13600,14000,3259
2021-09-24,13900,13900,13500,13500,61888
2021-09-27,13600,13600,13500,13500,29957
2021-09-28,13900,13900,13500,13500,6197
2021-09-29,13500,13500,13500,13500,8041
2021-09-30,13500,13500,13490,13500,8709
2021-10-01,13500,13700,13450,13700,130452
2021-10-04,13695,13700,13500,13500,4156
2021-10-05,13505,13700,13505,13700,3772
2021-10-06,13700,13995,13700,13725,2772
2021-10-07,13800,13985,13700,13700,3745
2021-10-08,13800,13800,13730,13795,1641
2021-10-11,13795,13795,13700,13795,5196
2021-10-12,13795,14000,13700,14000,35958
2021-10-13,14100,14145,14000,14100,11904
2021-10-14,14100,14100,14000,14015,821
2021-10-15,14085,14100,14000,14000,8888
2021-10-19,14010,14015,14000,14000,5506
2021-10-20,14005,14100,14005,14005,3188
2021-10-21,14010,14100,14000,14005,1297
2021-10-22,14005,14005,13900,13995,9408
2021-10-25,14000,14000,13900,13900,7909
2021-10-26,13990,14010,13900,14010,6440
2021-10-27,14000,14050,14000,14005,1473
2021-10-28,14000,14000,13950,13995,3057
2021-10-29,14000,14100,14000,14100,23393
2021-11-03,14100,14190,14005,14005,7024
2021-11-04,14100,14100,14000,14000,8910
2021-11-05,13800,14000,13800,13990,2376
2021-11-08,13950,13950,13800,13805,867
2021-11-09,13900,13975,13800,13975,1725
2021-11-10,13950,14000,13900,14000,1402
2021-11-11,13975,14090,13975,14090,4971
2021-11-12,14000,14000,13810,14000,880
2021-11-16,14000,14000,13900,14000,15411
2021-11-17,14000,14000,13900,13900,33013
2021-11-18,14000,14000,13860,13900,17916
2021-11-19,13885,13885,13500,13875,20528
2021-11-22,13875,13900,13800,13875,35718
2021-11-23,13895,13895,13705,13800,4037
2021-11-24,13900,13900,13650,13700,12947
2021-11-25,13745,13745,13660,13695,2739
2021-11-26,13700,13900,13650,13700,21579
2021-11-29,13700,13995,13650,13705,29978
2021-11-30,13750,13990,13750,13980,12450
2021-12-01,13900,13975,13815,13970,2314
2021-12-02,13970,13980,13900,13980,1923
2021-12-03,13950,14000,13900,13900,22279
2021-12-06,13950,13995,13835,13900,44463
2021-12-07,13900,13900,13755,13900,3898
2021-12-08,13900,13900,13755,13850,2073
2021-12-09,13850,13900,13850,13900,516
2021-12-10,13900,13900,13700,13750,4962
2021-12-13,13660,13750,13525,13550,24150
2021-12-14,13560,13800,13465,13800,27623
2021-12-15,13525,13800,13465,13500,4063
2021-12-16,13500,13500,13485,13500,39707
2021-12-17,13500,13500,13500,13500,47754
2021-12-20,13500,13600,13500,13590,1155
2021-12-21,13595,13700,13515,13700,4959
2021-12-22,13760,14000,13760,13980,26207
2021-12-23,13845,14000,13845,14000,8373
2021-12-24,14000,14000,13980,13980,2013
2021-12-27,13980,13990,13800,13900,16247
2021-12-28,13800,13980,13800,13900,2830
2021-12-29,13900,13990,13800,13990,13438
2021-12-30,13800,13990,13800,13980,1852
2021-12-31,13970,13975,13700,13975,8971
2022-01-03,13975,13975,13950,13950,502
2022-01-04,13945,14000,13700,13945,18708
2022-01-05,13945,13950,13800,13950,18521
2022-01-06,13990,14000,13945,13985,7095
2022-01-07,13985,14000,13900,13950,21964
2022-01-10,14000,14000,13800,13990,3808
2022-01-11,13990,13990,13850,13990,3223
2022-01-12,13990,13990,13860,13900,785
2022-01-13,13900,13995,13900,13900,1020
2022-01-14,13980,13985,13910,13970,354
2022-01-17,13910,13975,13900,13900,4774
2022-01-18,13905,13990,13900,13990,16540
2022-01-19,13950,13990,13910,13990,9335
2022-01-20,13990,13990,13910,13940,12709
2022-01-21,13950,13990,13940,13990,28712
2022-01-24,13985,13985,13900,13900,11354
2022-01-25,13975,13975,13900,13950,4683
2022-01-26,13975,13975,13900,13905,5160
2022-01-27,13950,13975,13905,13975,2706
2022-01-28,13915,13985,13900,13900,17649
2022-01-31,13900,13985,13900,13975,4488
2022-02-01,13910,14000,13910,14000,1687
2022-02-02,14000,14000,13980,13980,851
2022-02-03,14000,14045,13985,14045,29571
2022-02-04,14010,14100,13995,14100,51517
2022-02-07,14100,14100,14005,14100,5633
2022-02-08,14110,14180,14100,14100,5702
2022-02-09,14100,14200,14100,14150,10263
2022-02-10,14150,14250,14150,14250,10596
2022-02-11,14200,14500,14200,14300,1672
2022-02-14,14400,14585,14300,14585,38459
2022-02-15,14585,14585,14500,14585,2027
2022-02-16,14500,14585,14500,14585,3419
2022-02-17,14585,14600,14525,14600,1218
2022-02-18,14500,14675,14500,14675,805
2022-02-21,14675,14675,14605,14650,2206
2022-02-22,14650,14670,14605,14650,7452
2022-02-23,14605,14990,14600,14990,17445
2022-02-24,14990,15000,14990,14990,5145
2022-02-25,15520,16110,15385,16110,9904
2022-02-28,16590,16590,16200,16495,50700
2022-03-01,16500,16505,16400,16400,5859
2022-03-02,16500,16500,16200,16200,10691
2022-03-03,16200,16495,16200,16210,4410
2022-03-04,16300,16490,16000,16000,49777
2022-03-07,16000,16000,15900,15900,6254
2022-03-08,15900,16000,15200,15200,2722
2022-03-09,15800,15800,15500,15740,1023
2022-03-10,15740,15740,15260,15500,961
2022-03-11,15600,15600,15500,15600,280
2022-03-14,15590,15600,15510,15510,2301
2022-03-15,15510,15600,15510,15520,1817
2022-03-16,15540,15595,15540,15595,2347
2022-03-17,15560,15595,15500,15595,1408
2022-03-18,15595,15595,15200,15500,31332
2022-03-21,15500,15500,15300,15500,735
2022-03-22,15500,15600,15500,15590,9986
2022-03-23,15505,15600,15500,15500,2646
2022-03-24,15500,15600,15500,15595,4034
2022-03-25,15595,15900,15500,15900,13128
2022-03-28,15895,15900,15505,15505,2107
2022-03-29,15515,15600,15500,15600,33932
2022-03-30,15600,15895,15600,15895,516
2022-03-31,15700,15900,15600,15800,10671
2022-04-01,15700,15800,15600,15650,5542
2022-04-04,15655,15775,15655,15775,126
2022-04-05,15775,15775,15660,15750,25792
2022-04-06,15800,15895,15750,15800,7436
2022-04-07,15800,15900,15750,15900,1265
2022-04-08,15900,15995,15800,15900,1164
2022-04-11,15895,15900,15800,15800,4252
2022-04-12,15800,15800,15780,15800,6561
2022-04-13,15800,15865,15795,15850,5409
2022-04-14,15855,15900,15850,15900,16957
2022-04-15,15995,15995,15900,15900,791
2022-04-19,15900,15995,15895,15900,31217
2022-04-20,15900,15995,15895,15990,32322
2022-04-21,15995,16000,15900,15995,35859
2022-04-22,16000,16000,15990,15995,9525
2022-04-25,15995,16000,15990,15990,4228
2022-04-26,15990,15990,15950,15990,2520
2022-04-27,15990,15990,15910,15915,5431
2022-04-29,15950,15950,15920,15950,6743
2022-05-03,15985,15985,15915,15945,1429
2022-05-04,15945,15975,15920,15975,8574
2022-05-05,15975,16000,15950,16000,47176
2022-05-06,16000,16300,16000,16000,28383
2022-05-09,16100,16485,16000,16000,10588
2022-05-10,16000,16100,15950,16000,10314
2022-05-11,16000,16000,15975,16000,1835
2022-05-12,15995,15995,15980,15980,7678
2022-05-13,15985,16430,15900,16430,86136
2022-05-16,15995,15995,15565,15565,249
2022-05-17,15500,15500,14400,15000,3211
2022-05-18,15000,15000,14400,14725,610
2022-05-19,14790,14790,14500,14720,1833
2022-05-20,14690,14690,14400,14500,6944
2022-05-23,14500,14595,14500,14500,14784
2022-05-24,14500,14700,14500,14510,36015
2022-05-25,14555,14660,14550,14600,35571
2022-05-27,14595,14600,14550,14600,2856
2022-05-30,14600,14650,14550,14650,5560
2022-05-31,14600,14750,14550,14750,2996
2022-06-01,14895,14895,14650,14650,18668
2022-06-02,14650,14650,14555,14650,6441
2022-06-03,14600,14650,14560,14560,1438
2022-06-07,14650,14685,14600,14600,11887
2022-06-08,14600,14750,14600,14610,14867
2022-06-09,14650,14650,14605,14605,2419
2022-06-10,14600,14850,14570,14750,2281
2022-06-13,14750,14750,14650,14700,2611
2022-06-14,14610,14700,14500,14700,8191
2022-06-15,14700,14700,14600,14605,1844
2022-06-16,14620,14750,14620,14700,1020
2022-06-17,14605,14700,14600,14600,1233
2022-06-20,14650,14650,14350,14500,14771
2022-06-21,14500,14650,14405,14600,6325
2022-06-22,14600,14600,14495,14495,6800
2022-06-23,14500,14600,14500,14600,1805
2022-06-24,14600,14600,14495,14495,2830
2022-06-27,14495,14600,14495,14495,24762
2022-06-28,14500,14500,14460,14500,12500
2022-06-29,14500,14500,14210,14490,13842
2022-06-30,14485,14490,14200,14490,685
2022-07-01,14480,14480,14200,14445,820
2022-07-04,14395,14400,14210,14300,6397
2022-07-05,14200,14490,14200,14485,2324
2022-07-06,14485,14485,14350,14400,2975
2022-07-07,14450,14490,14300,14395,1276
2022-07-08,14400,14485,14395,14485,8434
2022-07-11,14485,14490,14455,14490,671
2022-07-12,14490,14490,14450,14450,721
2022-07-13,14485,14490,14400,14450,5409
2022-07-14,14400,14490,14305,14450,5214
2022-07-15,14450,14490,14450,14490,762
2022-07-18,14490,14650,14450,14650,2629
2022-07-19,14700,14700,14445,14450,11491
2022-07-20,14450,14450,14445,14445,8901
2022-07-21,14450,14500,14450,14500,1068
2022-07-22,14505,14700,14445,14445,35926
2022-07-25,14445,14995,14445,14990,11931
2022-07-26,14990,14990,14455,14900,4517
2022-07-27,14990,14990,14700,14895,1921
2022-07-28,14940,14940,14700,14895,2096
2022-07-29,14895,14895,14500,14890,7626
2022-08-01,14700,14795,14500,14600,4258
2022-08-02,14600,14690,14505,14600,2343
2022-08-03,14690,14700,14505,14700,3585
2022-08-04,14750,14890,14600,14795,33403
2022-08-05,14795,14800,14700,14800,9605
2022-08-09,14800,14885,14800,14800,3692
2022-08-10,14890,14890,14600,14875,1470
2022-08-11,14875,14875,14800,14875,27265
2022-08-12,14800,14875,14800,14800,1911
2022-08-16,14800,14885,14700,14870,12750
2022-08-17,14700,14870,14700,14870,2210
2022-08-18,14870,14870,14705,14800,2513
2022-08-19,14870,14870,14700,14800,6656
2022-08-22,14800,14800,14705,14800,1444
2022-08-23,14800,14800,14600,14700,2935
2022-08-24,14700,14790,14600,14790,6491
2022-08-25,14700,14790,14700,14790,4238
2022-08-26,14700,14785,14610,14785,1368
2022-08-29,14785,14800,14715,14800,2673
2022-08-30,14715,14800,14700,14795,8504
2022-08-31,14750,14800,14700,14795,13441
2022-09-01,14795,14800,14700,14790,2428
2022-09-02,14790,14800,14725,14785,19357
2022-09-05,14795,14795,14700,14750,6125
2022-09-06,14750,14750,14700,14700,40227
2022-09-07,14740,14750,14610,14610,36600
2022-09-08,14715,14750,14600,14700,5204
2022-09-09,14700,14700,14600,14610,2173
2022-09-12,14610,14610,14500,14500,1700
2022-09-13,14550,14600,14500,14500,10112
2022-09-14,14500,14610,14500,14600,3991
2022-09-15,14605,14610,14520,14600,54581
2022-09-16,14610,14750,14600,14620,1285
2022-09-19,14620,14800,14600,14800,8334
2022-09-20,14740,14800,14650,14755,5289
2022-09-21,14750,14755,14650,14755,647
2022-09-22,14750,14750,14605,14750,4871
2022-09-23,14750,14750,14600,14750,2029
2022-09-26,14750,14755,14605,14750,4367
2022-09-27,14740,14740,14500,14600,49723
2022-09-28,14600,14600,14500,14600,23504
2022-09-29,14600,14600,14500,14595,6960
2022-09-30,14595,14595,14500,14500,7873
2022-10-03,14500,14650,14400,14500,6777
2022-10-04,14500,14750,14500,14750,2331
2022-10-05,14750,14750,14505,14510,3433
2022-10-06,14515,14700,14510,14700,2011
2022-10-07,14730,14750,14505,14750,8144
2022-10-10,14515,15000,14515,14700,12384
2022-10-11,14900,14900,14410,14700,17347
2022-10-12,14795,14800,14500,14600,7630
2022-10-13,14600,14600,14450,14500,16867
2022-10-14,14500,14510,14450,14450,6827
2022-10-17,14510,14700,14510,14680,996
2022-10-18,14670,14675,14500,14600,2660
2022-10-19,14600,14600,14450,14500,4256
2022-10-20,14500,14500,14400,14450,5070
2022-10-21,14450,14450,14410,14440,4783
2022-10-24,14435,14445,14400,14440,3182
2022-10-25,14500,14500,14350,14400,38500
2022-10-26,14395,14435,14350,14400,9921
2022-10-27,14400,14400,14360,14400,19992
2022-10-28,14400,14400,14375,14400,31835
2022-10-31,14440,14440,14400,14400,11323
2022-11-02,14425,14985,14400,14985,22987
2022-11-03,14985,14985,14795,14795,218
2022-11-04,14795,14800,14380,14800,31328
2022-11-07,14375,14800,14370,14800,817
2022-11-08,14800,14800,14405,14500,3811
2022-11-09,14450,14450,14350,14400,25340
2022-11-10,14400,14400,14350,14400,15874
2022-11-11,14400,14500,14200,14500,35151
2022-11-14,14500,14500,14400,14500,901
2022-11-16,14500,14500,14300,14500,20500
2022-11-17,14500,14500,14450,14500,3096
2022-11-18,14500,14500,14400,14495,9223
2022-11-21,14480,14480,14350,14400,946
2022-11-22,14395,14400,14350,14400,4797
2022-11-23,14400,14400,14300,14300,2544
2022-11-24,14300,14350,14265,14350,3845
2022-11-25,14400,14790,14350,14790,11989
2022-11-28,14405,14800,14400,14800,11543
2022-11-29,14695,14795,14695,14795,1838
2022-11-30,14415,14700,14415,14700,9619
2022-12-01,14600,14750,14600,14750,10844
2022-12-02,14600,14700,14600,14700,819
2022-12-05,14600,14650,14600,14650,755
2022-12-06,14600,14645,14600,14645,7536
2022-12-07,14600,14650,14600,14650,8876
2022-12-08,14645,14650,14600,14600,13840
2022-12-09,14600,14600,14305,14600,1117
2022-12-12,14600,14600,14495,14500,13854
2022-12-13,14500,14500,14300,14490,45147
2022-12-14,14490,14490,14300,14300,734
2022-12-15,14300,14600,14250,14600,5581
2022-12-16,14595,14600,14500,14600,815
2022-12-19,14590,14600,14500,14600,932
2022-12-20,14500,14600,14500,14600,3466
2022-12-21,14600,14800,14520,14800,1442
2022-12-22,14600,15395,14530,15395,17425
2022-12-23,15000,15600,15000,15600,7626
2022-12-27,15400,15500,14800,15500,15542
2022-12-28,15400,15450,14850,15450,9580
2022-12-29,15395,15450,14855,15450,16423
2022-12-30,15435,15435,14900,15200,27609
2023-01-02,15195,15395,14700,15395,13037
2023-01-03,15390,15395,15375,15375,242
2023-01-04,15295,15295,14520,15280,14371
2023-01-05,15265,15265,14600,15160,3489
2023-01-06,15100,15100,14525,15000,813
2023-01-09,14990,15000,14700,15000,8148
2023-01-10,14600,14995,14600,14800,24572
2023-01-11,15000,15000,14750,14800,769
2023-01-12,14795,15000,14700,15000,2585
2023-01-13,14990,14990,14900,14900,10938
2023-01-16,14895,14900,14690,14900,4032
2023-01-17,14850,14850,14800,14840,2962
2023-01-18,14800,14900,14750,14900,953
2023-01-19,14780,15000,14750,14800,12539
2023-01-20,14900,14900,14780,14850,26471
2023-01-23,14895,15000,14800,15000,11817
2023-01-24,15000,15380,14900,15200,14636
2023-01-25,15100,15200,14900,15200,32697
2023-01-26,15200,15200,15000,15200,805
2023-01-27,15200,15200,15100,15200,1703
2023-01-30,15100,15200,15005,15195,2572
2023-01-31,15195,15200,15010,15195,42237
2023-02-01,15200,15200,15025,15195,6053
2023-02-02,15190,15195,15025,15190,18404
2023-02-03,15100,15195,15055,15190,3465
2023-02-06,15180,15195,15050,15190,3337
2023-02-07,15180,15185,15055,15145,21823
2023-02-08,15145,15145,15055,15125,27679
2023-02-09,15100,15400,15100,15150,40952
2023-02-10,15150,15500,15105,15200,11986
2023-02-13,15200,15500,15200,15250,1767
2023-02-14,15275,15400,15275,15300,10529
2023-02-15,15400,15500,15300,15305,7023
2023-02-16,15350,15365,15250,15300,22423
2023-02-17,15400,15400,15300,15300,18325
2023-02-20,15305,15400,15305,15395,4011
2023-02-21,15395,15400,15350,15400,6237
2023-02-22,15400,15440,15395,15440,4015
2023-02-23,15440,15440,15400,15400,71763
2023-02-24,15500,15705,15500,15690,22593
2023-02-27,15700,15990,15695,15945,47984
2023-02-28,16000,16450,15850,16395,7024
2023-03-01,16395,16395,16005,16300,1104
2023-03-02,16300,16300,16000,16195,3886
2023-03-03,16000,16200,16000,16195,21694
2023-03-06,16190,16250,16050,16200,45310
2023-03-07,16100,16100,16080,16100,24265
2023-03-08,16100,16100,16000,16050,7823
2023-03-09,16050,16090,16000,16000,13533
2023-03-10,16100,16100,16000,16100,2075
2023-03-13,16090,16100,16000,16100,5776
2023-03-14,16095,16095,15800,16095,1790
2023-03-15,16000,16095,15875,16095,5728
2023-03-16,15905,16000,15900,16000,879
2023-03-17,15900,16000,15600,16000,19201
2023-03-20,16000,16000,15800,15895,8098
2023-03-21,15605,15795,15605,15790,369
2023-03-22,15800,16000,15605,15900,15124
2023-03-23,15900,15900,15605,15800,7744
2023-03-24,15745,15850,15625,15700,839
2023-03-27,15700,15700,15550,15700,2876
2023-03-28,15800,15800,15700,15790,7570
2023-03-29,15790,15845,15600,15845,10166
2023-03-30,15800,15800,15790,15800,49149
2023-03-31,15835,15835,15790,15800,6222
2023-04-03,15795,15800,15700,15785,945
2023-04-04,15700,15790,15700,15780,2495
2023-04-05,15780,15780,15550,15775,7191
2023-04-06,15800,15800,15775,15800,8849
2023-04-07,15800,15840,15780,15840,7050
2023-04-11,15800,15840,15700,15800,2854
2023-04-12,15800,15840,15750,15800,12851
2023-04-13,15800,15845,15710,15710,3821
2023-04-14,15710,15800,15710,15800,5889
2023-04-17,15800,15800,15710,15800,2854
2023-04-19,15800,15800,15705,15800,2141
2023-04-20,15800,16000,15800,15900,3868
2023-04-24,15950,16000,15950,15985,16178
2023-04-25,16000,16050,15900,16000,6896
2023-04-26,16000,16000,15900,16000,46115
2023-04-27,15990,15990,15800,15990,2072
2023-04-28,15985,15990,15900,15990,2595
2023-05-02,15990,15990,15895,15985,1147
2023-05-03,15900,16000,15900,16000,12390
2023-05-04,16000,16000,15990,15995,11239
2023-05-05,16000,16000,15960,15980,7868
2023-05-08,16000,16050,15800,15990,10054
2023-05-09,15990,15990,15895,15990,4170
2023-05-10,16000,16000,15995,16000,6798
2023-05-11,16000,16300,15990,16300,67063
2023-05-12,16295,16500,16200,16495,17568
2023-05-15,15985,15985,14500,15000,2067
2023-05-16,14995,15000,14850,15000,710
2023-05-17,14510,15000,14510,15000,1183
2023-05-19,14900,14945,14550,14800,4489
2023-05-22,14800,14950,14800,14900,28170
2023-05-23,14900,14990,14800,14900,18751
2023-05-24,14900,14950,14900,14950,2038
2023-05-25,14900,15000,14900,15000,15323
2023-05-26,15000,15000,14900,15000,1410
2023-05-30,14995,15000,14900,15000,11654
2023-05-31,14975,15000,14850,15000,5277
2023-06-01,14995,14995,14990,14990,855
2023-06-02,14990,14995,14805,14990,1018
2023-06-05,14900,14995,14805,14995,1190
2023-06-06,14805,14995,14750,14995,3599
2023-06-07,14995,14995,14800,14990,1163
2023-06-08,14985,15000,14900,14995,32868
2023-06-09,14990,15400,14950,15400,38607
2023-06-12,15400,15400,15100,15150,3236
2023-06-13,15300,15300,15100,15150,7149
2023-06-14,15100,15150,14990,15000,5411
2023-06-15,15000,15100,14990,15100,1945
2023-06-16,15100,15150,15010,15100,31526
2023-06-19,15100,15200,15100,15150,3383
2023-06-20,15150,15150,15145,15150,7821
2023-06-21,15200,15290,15150,15200,25340
2023-06-22,15200,15295,15200,15285,3493
2023-06-23,15285,15285,15200,15285,584
2023-06-26,15290,15350,15285,15300,10721
2023-06-27,15300,15395,15300,15395,1617
2023-06-29,15390,15390,15300,15300,1161
2023-06-30,15325,15400,15325,15400,9686
2023-07-03,15370,15400,15300,15400,8860
2023-07-04,15395,15400,15325,15400,2119
2023-07-05,15400,15495,15400,15400,1710
2023-07-06,15400,15500,15400,15500,2074
2023-07-07,15500,15600,15450,15600,11433
2023-07-10,15600,15700,15510,15700,14563
2023-07-11,15700,15700,15530,15600,1827
2023-07-12,15530,15700,15530,15700,2702
2023-07-13,15625,15700,15625,15690,3161
2023-07-14,15690,15690,15400,15675,12792
2023-07-17,15675,15690,15630,15680,1867
2023-07-18,15695,15695,15640,15690,864
2023-07-19,15695,15700,15640,15690,6578
2023-07-20,15700,16000,15505,16000,14125
2023-07-21,15995,16500,15800,16200,15246
2023-07-24,16100,16100,16000,16100,4821
2023-07-25,16100,16350,16100,16350,8383
2023-07-26,16345,16500,16300,16500,13019
2023-07-27,16500,16830,16500,16830,4198
2023-07-28,16800,16985,16800,16985,10354
2023-07-31,16950,16985,16600,16985,7105
2023-08-01,16830,16985,16830,16985,1152
2023-08-02,16900,16900,16700,16800,1861
2023-08-03,16730,16730,16450,16450,7961
2023-08-04,16440,16500,16200,16500,9587
2023-08-08,16495,16495,16300,16450,13523
2023-08-09,16305,16700,16005,16700,9733
2023-08-10,16700,16700,16400,16700,5150
2023-08-11,16700,16700,16350,16700,12447
2023-08-14,16700,16700,16495,16600,5850
2023-08-16,16785,16785,16600,16785,2154
2023-08-17,16785,16785,16400,16400,20245
2023-08-18,16440,16500,16005,16400,31888
2023-08-21,16395,16395,16120,16300,4159
2023-08-22,16350,16350,15975,16000,58650
2023-08-23,16000,16400,16000,16395,4966
2023-08-24,16350,16350,16000,16305,5376
2023-08-25,16305,16310,16305,16310,3639
2023-08-28,16300,16300,16300,16300,625
2023-08-29,16000,16300,16000,16300,6581
2023-08-30,16300,16300,16000,16300,1340
2023-08-31,16300,16350,16000,16350,4502
2023-09-01,16350,16675,16000,16675,3511
2023-09-04,16500,16500,16485,16490,1756
2023-09-05,16650,16700,16200,16700,3466
2023-09-06,16700,16700,16400,16700,3628
2023-09-07,16500,16700,16300,16700,8546
2023-09-08,16700,16700,16300,16600,4600
2023-09-11,16500,16645,16300,16645,3207
2023-09-12,16500,16700,16300,16700,3129
2023-09-13,16500,16700,16400,16700,763
2023-09-14,16700,16850,16370,16850,5876
2023-09-15,16700,16700,16500,16700,22496
2023-09-18,16600,16700,16400,16700,1512
2023-09-19,16500,16700,16495,16700,1608
2023-09-20,16700,16700,16400,16700,3162
2023-09-21,16600,16600,16420,16500,5252
2023-09-22,16500,16600,16400,16600,7811
2023-09-25,16590,16600,16350,16500,1548
2023-09-26,16500,16500,16400,16400,10478
2023-09-28,16400,16400,16000,16400,8392
2023-09-29,16300,16400,16290,16400,8543
2023-10-02,16295,16400,16100,16300,6876
2023-10-03,16280,16300,16100,16300,2050
2023-10-04,16295,16295,16190,16200,9464
2023-10-05,16200,16300,16100,16300,36591
2023-10-06,16295,16500,16105,16400,5146
2023-10-09,16400,16400,16200,16300,2582
2023-10-10,16200,16300,16200,16300,4671
2023-10-11,16300,16300,16000,16300,7369
2023-10-12,16300,16300,16200,16300,3307
2023-10-13,16300,16300,16200,16300,3373
2023-10-16,16400,16400,16200,16300,3358
2023-10-17,16300,16390,16200,16300,5369
2023-10-18,16250,16300,16220,16300,3023
2023-10-19,16400,16400,16200,16400,2222
2023-10-20,16400,16400,16295,16300,37719
2023-10-23,16300,16400,16200,16300,3492
2023-10-24,16300,16300,16210,16300,1739
2023-10-25,16300,16300,16295,16300,3085
2023-10-26,16265,16845,16265,16845,13038
2023-10-27,16800,16845,16300,16500,17971
2023-10-30,16300,16500,16220,16300,12415
2023-10-31,16305,16950,16305,16950,1183
2023-11-02,16950,16950,16250,16950,32543
2023-11-03,17000,17000,16705,17000,3981
2023-11-06,16955,16990,16305,16990,7254
2023-11-07,16990,16990,16900,16990,2151
2023-11-08,16980,16990,16700,16990,5447
2023-11-09,16990,17100,16705,17100,4474
2023-11-10,17100,17100,16850,17100,10519
2023-11-13,17100,17100,16900,17000,6984
2023-11-14,17000,17000,17000,17000,5616
2023-11-16,17000,17150,16990,17150,6770
2023-11-17,17095,17150,17000,17150,12984
2023-11-20,17160,17160,16900,17090,2497
2023-11-21,17090,17195,17000,17195,4780
2023-11-22,17000,17245,16990,17245,1327
2023-11-23,17000,17295,16800,17295,5091
2023-11-24,17200,17295,17000,17295,679
2023-11-27,17000,17295,16750,17295,6984
2023-11-28,17295,17295,16900,17200,4133
2023-11-29,17200,17200,16900,17200,2034
2023-11-30,17195,17200,17000,17200,9378
2023-12-01,17000,17200,17000,17200,2890
2023-12-04,17000,17100,17000,17100,6366
2023-12-05,16900,17200,16805,17000,7800
2023-12-06,17000,17000,16800,17000,1393
2023-12-07,17000,17000,16900,17000,16563
2023-12-08,17000,17000,16900,17000,1098
2023-12-11,17000,17000,17000,17000,11125
2023-12-12,17000,17245,16890,17245,4573
2023-12-13,17250,17250,17000,17240,6759
2023-12-14,17240,17240,17000,17200,2038
2023-12-15,17000,17000,17000,17000,2073
2023-12-18,17000,17000,16895,16900,8700
2023-12-19,16900,17000,16800,16900,5166
2023-12-20,16895,16900,16850,16900,23197
2023-12-21,16895,16900,16810,16900,4039
2023-12-22,16900,17490,16815,17490,8937
2023-12-26,17445,17795,16905,17795,35210
2023-12-27,17795,17985,16805,17985,9028
2023-12-28,17900,18000,16815,18000,25725
2023-12-29,17240,17980,17000,17980,22726
2024-01-02,17790,17980,17000,17980,2129
2024-01-03,17940,18000,16855,18000,3358
2024-01-04,17990,17995,17000,17995,5300
2024-01-05,17500,17995,17000,17995,9611
2024-01-08,17995,17995,17000,17995,38594
2024-01-09,17000,17500,16915,17500,10678
2024-01-10,17000,17500,16920,17500,11199
2024-01-11,17400,17400,16955,17000,2576
2024-01-12,17300,17300,16980,17000,10195
2024-01-15,17340,17340,17000,17300,2091
2024-01-16,17295,17350,17000,17350,14652
2024-01-17,17300,17395,17000,17395,19063
2024-01-18,17000,17400,17000,17400,5337
2024-01-19,17395,17395,17000,17000,9212
2024-01-22,17100,17200,16955,17200,5056
2024-01-23,17000,17000,17000,17000,1491
2024-01-24,17000,17000,16800,17000,4757
2024-01-25,17000,17340,16850,17340,2709
2024-01-26,17340,17340,17000,17000,5070
2024-01-29,17000,17395,17000,17000,1962
2024-01-30,17000,17000,16920,17000,6797
2024-01-31,17000,17000,16990,17000,1937
2024-02-01,16950,17000,16950,17000,7295
2024-02-02,17200,17200,16950,17000,17947
2024-02-05,17000,17000,16900,17000,13005
2024-02-06,17190,17190,16920,17000,22019
2024-02-07,17000,17000,17000,17000,8777
2024-02-08,17000,17400,17000,17200,5009
2024-02-09,17400,17400,17005,17200,447
2024-02-13,17000,17000,16950,17000,14043
2024-02-14,17000,17000,16905,17000,6801
2024-02-15,17000,17200,16900,17200,35634
2024-02-16,17200,17200,17005,17200,1017
2024-02-19,17180,17200,17000,17200,10069
2024-02-20,17195,17390,17000,17390,21762
2024-02-21,17390,17390,17100,17390,1238
2024-02-22,17390,17500,17200,17500,7131
2024-02-23,17500,17850,17500,17850,2388
2024-02-26,17890,17900,17850,17900,2270
2024-02-27,17900,17900,17550,17900,7065
2024-02-28,17890,17895,17800,17895,2052
2024-02-29,17890,17890,17605,17890,11883
2024-03-01,17890,17900,17800,17900,21244
2024-03-04,17900,17900,17750,17900,5348
2024-03-05,17900,17900,17605,17890,856
2024-03-06,17880,17895,17700,17895,2212
2024-03-07,17895,17900,17750,17900,5940
2024-03-08,17900,17900,17755,17900,1077
2024-03-11,17900,17900,17765,17895,1494
2024-03-12,17895,17895,17760,17850,24821
2024-03-13,17850,17895,17795,17895,9920
2024-03-14,17895,17895,17895,17895,668
2024-03-15,17895,17895,17800,17810,9023
2024-03-18,17810,17890,17800,17890,2557
2024-03-19,17890,17890,17800,17885,2248
2024-03-20,17850,17885,17850,17885,1834
2024-03-21,17885,17895,17885,17895,2735
2024-03-22,17895,17900,17885,17900,2359
2024-03-25,17900,17900,17865,17900,4031
2024-03-26,17900,17900,17750,17900,97815
2024-03-27,17900,17900,17800,17900,15004
2024-03-28,17900,17900,17870,17900,4177
2024-03-29,17900,17900,17850,17900,2539
2024-04-02,17850,17900,17800,17900,38863
2024-04-03,17900,17900,17855,17900,2322
2024-04-04,17895,17900,17890,17890,15536
2024-04-05,17895,17900,17890,17890,10399
2024-04-08,17895,18000,17885,18000,6703
2024-04-09,19350,19350,18970,19000,629
2024-04-11,19000,19000,18800,19000,2661
2024-04-12,19000,19000,18500,19000,1447
2024-04-15,19000,19000,19000,19000,1269
2024-04-16,19000,19000,18900,19000,394
2024-04-17,19000,19000,18900,19000,1565
2024-04-18,19000,19000,18500,19000,6158
2024-04-19,19000,19000,18900,19000,1567
2024-04-22,18995,19000,18700,19000,12822
2024-04-23,19000,19000,18500,19000,18337
2024-04-24,18995,19000,18550,18550,4365
2024-04-25,18995,19000,18700,19000,582
2024-04-26,19000,19000,18900,19000,22788
2024-04-29,19000,19000,18950,19000,14603
2024-04-30,19000,19200,18995,19200,11932
2024-05-02,19005,19250,19005,19200,1077
2024-05-03,19200,19450,19200,19300,1342
2024-05-06,19300,19350,19300,19300,1807
2024-05-07,19300,19450,19300,19300,3835
2024-05-08,19305,19500,19305,19500,3093
2024-05-10,19500,19540,19450,19500,3257
2024-05-13,19500,19500,19310,19500,11921
2024-05-14,19490,19500,19250,19500,12825
2024-05-15,19250,19250,17800,18995,26890
2024-05-16,18005,18500,18000,18485,4193
2024-05-17,18390,18390,18030,18380,3285
2024-05-21,18050,18350,18050,18350,3764
2024-05-22,18350,18500,18300,18500,31374
2024-05-23,18500,18700,18500,18700,10584
2024-05-24,18700,19000,18700,19000,70155
2024-05-27,19000,19000,18800,19000,7210
2024-05-28,19000,19450,19000,19200,4526
2024-05-29,19200,19200,19000,19195,1949
2024-05-30,19000,19195,19000,19000,5132
2024-05-31,19000,19200,19000,19200,46386
2024-06-03,19200,19250,19195,19200,2520
2024-06-04,19200,19300,19000,19300,3748
2024-06-05,19200,19300,19010,19300,1325
2024-06-06,19200,19300,19050,19100,1361
2024-06-07,19100,19200,19005,19200,3139
2024-06-10,19195,19195,19000,19000,1097
2024-06-11,19010,19100,19000,19100,2191
2024-06-12,19100,19200,19000,19200,61491
2024-06-13,19100,19250,19100,19250,4624
2024-06-14,19250,19330,19100,19330,1694
2024-06-18,19320,19320,19300,19300,887
2024-06-19,19200,19400,19200,19400,7294
2024-06-20,19400,19445,19400,19445,2729
2024-06-21,19500,19700,19500,19500,53023
2024-06-24,19490,19490,19430,19430,1216
2024-06-25,19430,19430,19300,19420,4183
2024-06-26,19400,19420,19300,19305,1953
2024-06-27,19300,19400,19250,19250,4161
2024-06-28,19250,19380,19200,19380,36293
2024-07-01,19300,19380,19205,19205,3817
2024-07-02,19380,19400,19255,19400,17280
2024-07-03,19300,19300,19280,19300,1978
2024-07-04,19300,19500,19300,19400,81794
2024-07-05,19400,19400,19310,19395,1368
2024-07-08,19310,19500,19310,19500,3169
2024-07-09,19410,19700,19410,19695,4653
2024-07-10,19700,20000,19700,19750,3521
2024-07-11,19750,20000,19700,19800,4327
2024-07-12,19800,19800,19700,19700,1168
2024-07-15,19800,19995,19700,19900,726
2024-07-16,19900,20000,19900,19990,1956
2024-07-17,20000,20000,19910,20000,3244
2024-07-18,20000,20700,20000,20200,35605
2024-07-19,20250,20700,20200,20505,28025
2024-07-22,20510,20900,20500,20500,5606
2024-07-23,20500,20500,20310,20310,4199
2024-07-24,20400,20400,20370,20370,2703
2024-07-25,20370,20400,20370,20400,4854
2024-07-26,20370,20500,20305,20500,1229
2024-07-29,20600,20700,20250,20700,4447
2024-07-30,20700,20700,20505,20690,1412
2024-07-31,20695,21000,20695,20700,8267
2024-08-01,20700,20700,20550,20600,11003
2024-08-02,20700,21000,20600,20600,25180
2024-08-05,20615,20805,20615,20700,5427
2024-08-06,20700,21000,20700,20700,2676
2024-08-08,20995,21000,20800,20990,11164
2024-08-09,21045,22000,21010,22000,3269
2024-08-12,22000,22150,21995,22000,29507
2024-08-13,22000,22150,22000,22005,11938
2024-08-14,22000,22100,21900,22000,11772
2024-08-16,22000,22100,22000,22000,9618
2024-08-19,22000,22115,22000,22115,8116
2024-08-20,22000,22120,22000,22115,3850
2024-08-21,22115,22495,22115,22250,15899
2024-08-22,22250,22290,22205,22250,1818
2024-08-23,22250,22495,22250,22495,1579
2024-08-26,22490,22500,22490,22500,1544
2024-08-27,22500,22550,22450,22450,4129
2024-08-28,22500,22500,22450,22450,4499
2024-08-29,22305,24130,22305,22500,9309
2024-08-30,22500,23000,22490,22500,80571
2024-09-02,22600,23500,22600,22680,1317
2024-09-03,22655,23475,22655,23000,771
2024-09-04,23000,23000,22725,22730,9842
2024-09-05,22800,23650,22750,22865,11947
2024-09-06,23000,23460,22900,22950,5098
2024-09-09,22950,23500,22850,22850,6940
2024-09-10,23000,23000,23000,23000,1499
2024-09-11,23000,23480,23000,23005,4115
2024-09-12,23005,23525,23000,23500,25442
2024-09-13,23505,24000,23400,24000,9009
2024-09-16,23835,24125,23830,24000,3518
2024-09-17,24130,24130,24000,24000,364
2024-09-18,24100,24150,23620,24000,18683
2024-09-19,24000,24000,23650,24000,11011
2024-09-20,24000,24000,23705,24000,42433
2024-09-23,24000,24005,23905,24000,2706
2024-09-24,24000,24000,23700,23900,4197
2024-09-25,24000,24000,22650,24000,3337
2024-09-26,23500,23990,22500,23900,1144
2024-09-27,23800,24000,22700,23995,23134
2024-09-30,23990,23990,22900,23200,1662
2024-10-01,23200,23600,22905,23200,43652
2024-10-02,23200,23440,23200,23220,98284
2024-10-03,23220,23600,23220,23500,119112
2024-10-04,23355,23750,23355,23600,50900
2024-10-07,23500,23510,23315,23510,1305
2024-10-08,23500,23850,23400,23845,21099
2024-10-09,23800,23850,23600,23700,3099
2024-10-10,23700,23850,23695,23800,66387
2024-10-11,23700,23800,23600,23600,5953
2024-10-14,23600,23600,23350,23350,5340
2024-10-15,23300,23300,23000,23000,32845
2024-10-16,22900,23000,22800,22900,16699
2024-10-17,23000,23000,22850,23000,16756
2024-10-18,23000,23000,22915,23000,1142
2024-10-21,23000,23000,22915,22955,4047
2024-10-22,23000,23250,23000,23195,943
2024-10-23,23010,23290,23010,23290,107464
2024-10-24,23290,23500,23290,23500,8312
2024-10-25,23500,23500,23450,23500,5275
2024-10-28,23500,23660,23500,23505,2741
2024-10-29,23510,23750,23510,23525,1127
2024-10-30,23530,23755,23530,23560,3864
2024-10-31,23750,23750,23700,23700,29162
2024-11-04,23555,23700,23555,23600,6140
2024-11-05,23750,23750,23565,23600,33486
2024-11-06,23600,23600,23510,23600,6477
2024-11-07,23600,23700,23595,23600,7172
2024-11-08,23690,23995,23600,23705,1937
2024-11-11,23710,24100,23700,23700,15516
2024-11-12,23680,23750,23630,23750,22352
2024-11-13,23700,23850,23700,23850,18996
2024-11-14,23850,23850,23620,23800,1531
2024-11-18,23750,23750,23650,23705,11043
2024-11-19,23700,23800,23600,23705,5450
2024-11-20,23700,23705,23650,23700,6964
2024-11-21,23700,23705,23650,23650,14914
2024-11-22,23700,23800,23610,23800,2792
2024-11-25,23750,23800,23650,23700,10791
2024-11-26,23700,23800,23605,23650,6364
2024-11-27,23700,23700,23650,23650,1398
2024-11-28,23700,23700,23600,23700,3457
2024-11-29,23650,23750,23650,23750,8391
2024-12-02,23750,23800,23655,23680,3873
2024-12-03,23700,23700,23650,23695,11323
2024-12-04,23695,23725,23525,23725,94582
2024-12-05,23700,23850,23700,23850,6306
2024-12-06,23850,23995,23850,23850,2149
2024-12-09,23850,23900,23700,23900,3029
2024-12-10,23900,23900,23800,23900,6631
2024-12-11,23850,24000,23700,24000,37366
2024-12-12,24000,24300,23750,23750,7730
2024-12-13,23900,24000,23750,24000,2341
2024-12-16,23900,23900,23850,23900,4572
2024-12-17,23900,23900,23800,23895,1644
2024-12-18,23895,24000,23800,24000,13496
2024-12-19,24000,24000,23700,23800,10524
2024-12-20,23800,24000,23705,24000,4090
2024-12-23,24000,24000,23800,24000,2338
2024-12-24,23900,24000,23895,24000,1681
2024-12-26,23900,23900,23800,23900,1975
2024-12-27,23900,23900,23730,23850,2130
2024-12-30,23850,23850,23750,23800,7264
2024-12-31,23790,24000,23755,24000,21957
2025-01-02,23850,24000,23800,24000,559
2025-01-03,23810,24000,23800,24000,588
2025-01-06,23900,23900,23805,23900,1067
2025-01-07,23850,23850,23775,23800,4096
2025-01-08,23840,23840,23800,23800,6037
2025-01-09,23800,23850,23800,23850,1708
2025-01-10,23850,23900,23800,23900,860
2025-01-13,23820,23900,23800,23900,2284
2025-01-14,23900,23900,23750,23800,1757
2025-01-15,23800,24300,23800,23850,3071
2025-01-16,23850,24200,23850,24000,4508
2025-01-17,24300,24500,23950,24495,1145
2025-01-20,24100,24100,24000,24000,1279
2025-01-21,24050,24150,23950,24000,3116
2025-01-22,24000,24100,24000,24100,1385
2025-01-23,24100,24100,24100,24100,631
2025-01-24,24100,25000,24100,24205,1940
2025-01-27,24250,25000,24200,24500,4707
2025-01-28,24300,25000,24300,25000,1447
2025-01-29,24550,25000,24550,25000,3030
2025-01-30,24700,24700,24500,24500,4225
2025-01-31,24500,25000,24500,24990,709
2025-02-03,24990,25000,24700,24855,796
2025-02-04,25000,25000,24695,25000,12299
2025-02-05,24900,25000,24850,25000,4302
2025-02-06,26000,26000,25500,25500,670
2025-02-07,25200,27000,25200,25500,4085
2025-02-10,25500,25500,25130,25130,1096
2025-02-11,25200,25500,25200,25400,905
2025-02-12,25495,25500,25350,25500,1786
2025-02-13,25400,25500,25000,25495,5964
2025-02-14,25495,25500,25000,25500,8608
2025-02-17,25300,25500,25000,25000,2440
2025-02-18,25400,25700,25160,25500,4683
2025-02-19,25500,25500,25300,25500,42331
2025-02-20,25990,26000,25500,25950,2076
2025-02-21,26300,26500,25950,26425,22531
2025-02-24,26300,26500,25500,26500,4717
2025-02-25,26400,26400,26000,26000,1735
2025-02-26,26000,26000,25600,25795,2694
2025-02-27,25700,25800,25500,25800,17337
2025-02-28,25800,25800,25500,25760,1272
2025-03-03,25760,25800,25510,25800,2290
2025-03-04,25650,25700,25500,25595,6026
2025-03-05,25595,25800,25515,25600,1078
2025-03-06,25500,25600,25500,25600,35218
2025-03-07,25600,25600,25500,25600,25817
2025-03-10,25500,25500,25300,25500,36568
2025-03-11,25495,25500,23600,25500,3013
2025-03-12,25250,25500,25250,25450,1011
2025-03-13,25500,25600,25000,25000,9552
2025-03-14,25500,25500,25000,25000,2922
2025-03-17,25400,25500,25000,25400,12973
2025-03-18,25400,25400,25250,25400,906
2025-03-19,25395,25400,24000,25300,15720
2025-03-20,25250,25250,24600,25250,3743
2025-03-21,25240,25240,24205,25200,8225
2025-03-24,25100,25400,25000,25400,12948
2025-03-25,25395,25395,24950,24950,5770
2025-03-26,24805,25190,24805,25100,1395
2025-03-28,25000,25190,25000,25000,5826
2025-04-01,25190,25400,25000,25200,1119
2025-04-02,25200,25500,25010,25300,3818
2025-04-03,25300,25400,25000,25100,3064
2025-04-04,25390,25390,25200,25305,195
2025-04-07,25300,25315,25100,25100,1009
2025-04-08,25200,25350,25150,25200,6860
2025-04-09,25150,25200,25000,25150,18375
2025-04-10,25190,25190,25000,25100,1288
2025-04-11,25120,25120,25000,25000,1606
2025-04-14,25000,25000,24700,24990,2956
2025-04-15,24950,24990,24500,24935,3844
2025-04-16,24895,24895,24500,24890,2298
2025-04-17,24890,24895,24000,24895,5381
2025-04-18,24695,24800,24000,24000,8517
2025-04-22,24500,24935,24000,24000,26210
2025-04-23,24935,24935,24500,24900,1803
2025-04-24,24900,24900,24105,24500,1507
2025-04-25,24500,24850,24500,24850,554
2025-04-28,24900,24900,24900,24900,736
2025-04-29,24900,25500,24900,24990,4274
2025-04-30,24990,25100,24990,25100,976
2025-05-02,25500,25900,25200,25895,1237
2025-05-05,25605,26400,25605,26000,1720
2025-05-06,26390,26900,26000,26500,46754
2025-05-07,26110,26795,26110,26500,1335
2025-05-08,26500,26700,26485,26485,6583
2025-05-09,26485,26800,26000,26600,17574
2025-05-12,26600,26780,26600,26700,7446
2025-05-13,26605,26780,26600,26700,5931
2025-05-14,26550,26800,26550,26750,5857
2025-05-15,26750,26750,26700,26750,2233
2025-05-16,26700,26750,26600,26600,2450
2025-05-19,26600,27000,26500,26600,69455
2025-05-20,26450,26500,25970,26495,22722
2025-05-21,26000,26000,25550,25950,6546
2025-05-22,25555,25900,25100,25200,1553
2025-05-23,25200,25200,25010,25095,1466
2025-05-26,25100,25100,24500,24500,6042
2025-05-27,24950,24950,24500,24945,3668
2025-05-28,24945,24945,24605,24900,4484
2025-05-30,24900,25100,24900,25000,27955
2025-06-02,25005,25500,24650,25000,21488
2025-06-03,25600,25990,25000,25000,4662
2025-06-04,25000,25500,25000,25000,73169
2025-06-05,25000,25000,24800,25000,5889
2025-06-10,25000,25495,24955,25000,19045
2025-06-11,25005,25490,24900,25000,35662
2025-06-12,25010,25010,24850,25000,19553
2025-06-13,25000,25000,24865,24900,21005
2025-06-16,25000,25000,24900,24900,4109
2025-06-17,24905,25480,24900,25480,11366
2025-06-18,25450,25500,25000,25500,7392
2025-06-19,25400,26200,24995,25615,7861
2025-06-20,26400,26400,25550,25950,21043
2025-06-23,25505,25950,25000,25500,3791
2025-06-24,25300,25500,25000,25500,6952
2025-06-25,25005,25500,25000,25500,25845
2025-06-26,26000,26000,25510,26000,221
2025-06-27,25500,26000,24900,24900,5736
2025-06-30,25500,25900,24900,25800,5641
2025-07-01,25795,25800,25000,25200,2828
2025-07-02,25010,25100,25000,25080,4814
2025-07-03,25080,25980,24925,25980,22987
2025-07-04,25200,25975,25200,25975,4554
2025-07-07,25000,25500,25000,25500,972
2025-07-08,25050,25100,25000,25100,1653
2025-07-09,25100,25100,25000,25000,2357
2025-07-10,25050,26000,25000,26000,3253
2025-07-11,25100,25600,25100,25500,1518
2025-07-14,25500,25500,25100,25105,1489
2025-07-15,25105,25300,25105,25200,1755
2025-07-16,25200,25500,25000,25500,25217
2025-07-17,25200,25500,25150,25200,11808
2025-07-18,25100,25400,25010,25400,1039
2025-07-21,25100,25350,25050,25350,5275
2025-07-22,25000,25100,24950,25100,6157
2025-07-23,25100,25150,25000,25100,5134
2025-07-24,25100,25100,24700,25000,19407
2025-07-25,25000,26000,24955,25990,7002
2025-07-28,25990,25990,25000,25000,24282
2025-07-29,25000,25500,25000,25350,6987
2025-07-30,25100,25300,24995,25000,3545
2025-07-31,25000,25100,24955,25000,3170
2025-08-01,25000,25020,24950,25000,2095
2025-08-04,25000,25000,24700,25000,4688
2025-08-05,25000,25000,24600,24650,1688
2025-08-06,24650,25000,24650,25000,4579
2025-08-08,24650,25000,24650,24995,43684
2025-08-11,24750,25000,24750,24900,23776
2025-08-12,24850,24900,24850,24900,26863
2025-08-13,24890,25000,24890,24900,1112
2025-08-14,24890,25100,24850,24900,9189
2025-08-18,25000,25000,24850,24850,5123
2025-08-19,25000,25000,24800,24850,6779
2025-08-20,24850,24850,24750,24840,1894
2025-08-21,24800,24800,24750,24795,3883
2025-08-22,24795,24795,24690,24700,11210
2025-08-25,24700,25000,24600,24800,26010
2025-08-26,24900,25020,24800,25020,7389
2025-08-27,25085,25100,24995,25000,4068
2025-08-28,25000,25350,25000,25000,1585
2025-08-29,25000,25100,25000,25000,4308
2025-09-01,25000,25100,24950,24950,2470
2025-09-02,25000,25095,24950,24950,1633
2025-09-03,25000,25100,24800,25100,6577
2025-09-05,25000,25960,25000,25500,6363
2025-09-08,25495,25750,25100,25500,1075
2025-09-09,25500,25500,25115,25410,2558
2025-09-10,25500,25895,25250,25800,2132
2025-09-11,25800,25900,25600,25800,2353
2025-09-12,25800,25900,25300,25895,5909
2025-09-15,25805,25805,25800,25800,3060
2025-09-16,25925,25925,25700,25900,8508
2025-09-17,25800,25900,25505,25900,4958
2025-09-18,25820,25820,25750,25790,1589
2025-09-19,25925,25925,25770,25925,4771
2025-09-22,25800,26000,25800,25915,5125
2025-09-23,25925,25990,25750,25990,5301
2025-09-24,25900,25900,25700,25900,2059
2025-09-25,25900,25900,25700,25900,3795
2025-09-26,25995,25995,25505,25505,2839
2025-09-29,25850,25900,25605,25605,2644
2025-09-30,25700,25900,25605,25605,2007
2025-10-01,25795,25900,25600,25700,1336
2025-10-02,25700,25895,25700,25895,3480
2025-10-03,25890,25900,25855,25895,1664
2025-10-06,25895,26000,25800,26000,11435
2025-10-07,25900,26490,25850,26000,7572
2025-10-08,26000,26495,25800,26100,50564
2025-10-09,26100,26100,26000,26000,8529
2025-10-10,25995,26325,25715,26000,2900
2025-10-13,26000,26155,25800,25950,14821
2025-10-14,26000,26000,25950,25950,3978
2025-10-15,25990,26670,25990,26500,23708
2025-10-16,26300,26345,26000,26000,8209
2025-10-17,26200,26350,26000,26000,3184
2025-10-20,26300,26350,26000,26350,5742
2025-10-21,26150,26350,26150,26200,21759
2025-10-22,26300,26500,26150,26490,7950
2025-10-23,26500,26700,26300,26695,8588
2025-10-24,26695,26900,26300,26700,5885
2025-10-27,26600,26695,26300,26500,4052
2025-10-28,26500,26500,26300,26500,7909
2025-10-29,26500,26690,26300,26350,10883
2025-10-30,26350,26500,26200,26200,2502
2025-10-31,26200,26495,26050,26105,2923
2025-11-03,26105,26300,26100,26100,33115
2025-11-04,26095,26100,25995,26100,43257
2025-11-05,26100,26100,25750,26000,2579
2025-11-06,26000,26000,25800,25990,2598
2025-11-07,26000,26000,25995,26000,3964
2025-11-10,25990,25995,25750,25900,7040
2025-11-11,25900,25995,25500,25600,54748
2025-11-12,25900,25950,25455,25455,10311
2025-11-13,25500,26000,25455,26000,2779
2025-11-14,25600,25980,25500,25500,21842
2025-11-17,25000,25500,25000,25500,3322
2025-11-18,25100,25500,25000,25000,10562
2025-11-19,25500,25500,25000,25400,29111
2025-11-20,25500,25500,25250,25500,2061
2025-11-21,25500,25500,25100,25100,2246
2025-11-24,25000,25400,24800,25150,13475
2025-11-25,25300,25400,25000,25400,11633
2025-11-26,25500,25600,25005,25600,21639
2025-11-27,25450,25600,25350,25425,1062
2025-11-28,25425,25700,25425,25600,1665
2025-12-01,25600,26000,25450,26000,3923
2025-12-02,26000,26000,25505,25950,2138
2025-12-03,25515,25950,25500,25950,3189
2025-12-04,25950,25950,25590,25700,45643
2025-12-05,25800,25800,25600,25800,20922
2025-12-08,25515,25950,25400,25500,6256
2025-12-09,25505,25600,25410,25500,3002
2025-12-10,25500,25700,25500,25500,2812
2025-12-11,25500,25600,25000,25000,8044
2025-12-12,25600,25600,25500,25500,1119
2025-12-15,25600,25600,25105,25105,1747
2025-12-16,25105,25200,25100,25200,5893
2025-12-17,25200,25200,25000,25200,5682
2025-12-18,25200,25200,25000,25005,20321
2025-12-19,25010,25200,25010,25100,119059
2025-12-22,25000,25000,24950,25000,5518
2025-12-23,25090,25100,24950,25000,2653
2025-12-24,25000,25000,24850,24900,3047
2025-12-26,24895,24900,24850,24900,64785
2025-12-29,24800,24800,24405,24800,17598
2025-12-30,24800,24800,24400,24400,8279
2025-12-31,24400,26120,24360,26120,12627
2026-01-02,24600,25995,24600,25995,2383
2026-01-05,25980,25995,24800,24995,3073
2026-01-06,25000,25850,25000,25500,2947
2026-01-07,25500,25500,25000,25500,1387
2026-01-08,25500,25500,25100,25500,1555
2026-01-09,25450,25600,25200,25500,2619
2026-01-12,25995,25995,25205,25500,2574
2026-01-13,25500,25500,25370,25405,1470
2026-01-14,25500,25500,25000,25500,3047
2026-01-15,25500,26000,25000,25500,9957
2026-01-16,25500,25500,25000,25500,10446
2026-01-19,25500,25500,25010,25500,1977
2026-01-20,25495,25600,25400,25500,2011
2026-01-21,25500,25500,25400,25500,3853
2026-01-22,25500,25500,25400,25495,3700
2026-01-23,25500,25500,25350,25500,5530
2026-01-26,25500,25500,25400,25500,4133
2026-01-27,25500,25500,25450,25500,10319
2026-01-28,25500,25700,25500,25505,11352
2026-01-29,26000,26005,25600,26005,1789
2026-01-30,27160,27200,26020,26950,1797
2026-02-02,26900,26900,26100,26900,2297
2026-02-03,26950,26950,26500,26900,1565
2026-02-04,26890,26995,26400,26900,2814
2026-02-05,26900,27000,26505,26950,2442
2026-02-06,26950,27000,26800,27000,2023
2026-02-09,27000,27145,27000,27145,1763
2026-02-10,27150,27150,26955,27140,6192
2026-02-11,27135,27300,27000,27295,2963
2026-02-12,27000,27295,27000,27285,3326
2026-02-13,27295,28000,27285,27985,8995
2026-02-16,27985,27985,27500,27875,2342
2026-02-17,27875,28000,27855,27995,6841
2026-02-18,27950,28100,27900,28100,13795
2026-02-19,28500,28500,28000,28200,11376
2026-02-20,28250,29000,28250,29000,7282
2026-02-23,29000,29200,28500,29200,12142
2026-02-24,29000,29005,28700,28800,3206
2026-02-25,28700,29300,28300,29200,10964
2026-02-26,29150,29200,29000,29200,6915
2026-02-27,29000,29300,29000,29300,16082
2026-03-02,29300,29300,29010,29010,8297
2026-03-03,29200,29300,28950,29250,27046
2026-03-04,29200,29200,28200,28200,10054
2026-03-05,29200,29200,28500,28700,3933
2026-03-06,29000,29000,28700,28950,28571
2026-03-09,28950,29000,28500,29000,12631
2026-03-10,29000,29000,28850,29000,17574
2026-03-11,29100,29150,28500,28800,6979
2026-03-12,29000,29000,28700,29000,12780
2026-03-13,28800,29145,28800,28985,5704
2026-03-17,28900,29005,28500,28995,13330
2026-03-18,29000,29000,28800,28995,2221
2026-03-19,28995,28995,28800,28800,3365
2026-03-23,28550,28900,28200,28200,16961
2026-03-24,28500,28700,28200,28205,4303
2026-03-25,28205,28450,28005,28005,5456
2026-03-26,28005,28425,28005,28425,1233
2026-03-27,28400,28500,28200,28400,7988
2026-03-30,28400,28985,28100,28425,4872
2026-03-31,28425,29000,28000,29000,3397
2026-04-01,28990,29000,28550,29000,1291
2026-04-02,29000,29000,28500,28900,2101
2026-04-03,28900,29000,28900,29000,526
2026-04-07,29000,29000,28900,29000,2263
2026-04-08,29000,29000,28800,28800,8598
2026-04-09,28800,28950,28100,28795,3476
2026-04-10,28800,28800,27685,28800,49298
2026-04-13,28800,28800,28500,28800,2934
2026-04-14,28800,28800,28000,28000,57899
2026-04-15,28495,28500,28000,28500,19792
2026-04-16,28800,28800,27500,27500,6225
2026-04-17,28495,28500,28395,28495,1367
2026-04-20,28500,29000,28000,28400,2611
2026-04-21,28400,29000,28000,28500,8984
2026-04-22,28500,29000,28200,28500,14307
2026-04-23,29000,29000,28310,28500,4421
2026-04-24,28500,28500,28400,28500,2367
2026-04-27,29000,29000,28200,28500,6725
2026-04-28,28500,28700,28400,28400,6428
2026-04-29,28695,28700,28400,28700,12315
2026-04-30,28700,28700,28600,28700,5534
2026-05-04,28700,29400,28700,29000,3627
2026-05-05,29000,29000,28850,28900,11179
2026-05-06,28900,28900,28810,28900,9322
2026-05-07,28900,28900,28800,28900,9737
2026-05-08,28900,28900,28800,28900,3362
2026-05-11,28900,29000,28820,29000,16538
2026-05-12,29000,29000,28900,28910,12483
2026-05-13,28950,28950,28900,28950,5261
2026-05-15,28950,28950,28890,28900,19775
2026-05-18,28850,28900,28800,28800,14844
2026-05-19,28850,28900,28850,28850,6591
2026-05-20,28850,29000,28850,28850,9571
2026-05-21,28850,28900,28760,28900,8016
2026-05-22,28800,28800,27505,28500,2514
2026-05-26,28400,28490,28400,28450,1415
2026-05-28,28450,28490,28200,28200,14603
2026-05-29,28200,28500,28200,28450,7613
2026-06-01,28400,28450,28300,28400,4741
2026-06-02,28400,28450,28005,28300,6603
2026-06-03,28350,30000,28300,30000,12185
2026-06-04,29995,30000,29000,29490,2830
2026-06-05,29485,29490,28500,28500,11752
2026-06-08,28505,29000,28415,28500,4966
2026-06-09,28495,28495,28300,28420,7867
2026-06-10,28400,28400,28200,28250,5058
2026-06-11,28290,28400,28200,28400,4338
2026-06-12,28400,28490,28300,28400,5490
2026-06-15,28400,28500,28300,28400,19827
2026-06-16,28400,28400,28150,28205,7434
2026-06-17,28275,28275,28100,28200,15431
2026-06-18,28150,28175,28000,28000,8608
2026-06-19,28190,28350,28050,28150,21619
2026-06-22,28300,28750,28155,28450,2392
2026-06-23,29000,29000,28300,28505,4703
2026-06-24,28515,28995,28300,28515,6582
2026-06-25,28990,28995,28515,28600,1483
2026-06-26,28600,29075,28600,29000,1441
2026-06-29,29000,29000,28300,28300,7093
2026-06-30,28300,29200,28300,28500,1891
2026-07-01,29495,29500,29000,29300,1736
2026-07-02,29495,29495,29400,29495,2523
2026-07-03,29490,29550,29405,29500,3155
2026-07-06,29400,29500,29400,29500,6452
2026-07-07,29500,29900,29400,29900,2772
2026-07-08,29900,31000,29750,31000,7124
2026-07-09,30995,31000,30550,31000,14206
2026-07-10,31000,31000,30850,30900,1744
2026-07-13,30900,31000,30900,30900,6174
2026-07-14,30905,31900,30900,31505,49192
2026-07-15,31505,33000,31500,32500,35123
2026-07-16,32500,32600,31505,32000,3283
2026-07-17,32000,32500,31965,32000,1944
2026-07-20,32000,32500,31900,32000,3745
2026-07-21,31500,31500,30945,31500,5020
2026-07-22,31500,31500,30900,31500,3044
2026-07-23,31500,32000,31200,31800,1750
2026-07-24,31500,31500,30905,31495,5370
2026-07-27,30900,31995,30900,31010,9508
2026-07-28,31010,31500,31000,31005,4654
2026-07-29,31300,31350,31000,31000,15736
2026-07-30,31350,31350,30900,31000,9126
2026-07-31,31000,31000,30775,31000,3054
2026-08-03,31000,31350,30500,31000,10204
2026-08-04,31010,31500,30000,31400,78663
2026-08-05,31400,31500,30200,30200,4338
2026-08-06,31500,31600,31000,31000,2386
2026-08-10,30500,32000,30500,32000,13529
2026-08-11,31500,32000,31000,32000,4023
2026-08-12,32000,32000,31500,32000,8175
2026-08-13,31500,31995,31500,31995,16026
2026-08-14,32000,32000,31805,31900,4924
2026-08-17,31900,31990,31800,31900,26510
2026-08-18,31990,32500,31915,32500,3006
2026-08-19,32400,34500,32400,34400,4867
2026-08-20,34500,34950,34100,34400,16045
2026-08-21,34400,36980,34400,36980,13615
2026-08-24,36980,37100,35005,36500,7346
2026-08-26,36500,37000,34600,34600,11432
2026-08-27,36500,36900,35000,36000,22423
2026-08-28,36400,36995,36400,36700,3808
2026-08-31,36700,36985,36600,36600,5737
2026-09-01,36750,38000,36710,37000,14706
2026-09-02,37500,38495,37000,37150,8293
2026-09-03,37995,38485,37205,38000,19765
2026-09-04,38000,38500,38000,38500,5866
2026-09-07,38500,39000,38005,38700,22135
2026-09-08,38700,39250,38700,39200,8447
2026-09-09,39200,39250,37895,38800,20855
2026-09-10,38800,39200,38700,39005,14503
2026-09-11,39010,39900,39010,39275,6969
2026-09-14,39500,39500,39000,39240,8229
2026-09-15,39250,39250,39240,39245,16189
2026-09-16,39240,39240,37000,38800,29386
2026-09-17,39200,39250,39000,39250,12506
2026-09-18,42190,42190,39260,42190,65452
2026-09-21,42000,42500,40000,42000,41741
2026-09-22,42000,42000,39000,41985,33525
2026-09-23,42000,42000,41000,41000,16282
2026-09-24,41500,42000,41000,41890,25194
2026-09-25,41890,43500,41800,42500,36964
